id	sha256
hprc4_L100000_0	190481449693cb9f04848efbf528dcbcd2ab3ec3ff45a55af91766b52d817c7b
hprc4_L100000_1	e414e1a6383668ca40b3717a16dd57c35ab85f584c81e6486e9b9e46bc98508b
hprc4_L100000_2	5fdafbe19b3f0802899ec3cd5f6e927cd3b26fd0746aa82e4c89d058299296cb
hprc4_L100000_3	522bf8573ddc89d92634c4207feef14d5cab9c72b4c4fb8ec5caf9cf04304510
hprc4_L100000_4	df1e332bcf04a1c5af786737db6d4dbbf9ee3536bd2a3f167e1dae87813382ed
hprc4_L100000_5	c58897f92c3f7b8dcad172574fe76dc6e029d1d7a88cceb62c4c0e214a26edd4
hprc4_L100000_6	c34e9438356d46a6fef850b852b96610b259069cf05de189193660a341616c9f
hprc4_L100000_7	6539dd81a1d786f57bd62b536472eea289d59833223f9ac6844e04958b50116d
hprc4_L100000_8	07b145c010552b1434a73ce964da6966d07bbb52ebfab18dd73d1808ac70548d
hprc4_L100000_9	8ac4feb70c5b4689e14879d1dd5ebfc52319f3c886269932a29e6bc05809b59f
hprc4_L100000_10	a48c6be5bc30138707fe49912ae881cca97f58ff1c48d8fb704db5093430c506
hprc4_L100000_11	c6e7c55f38e6b67d2b56604416ad44f0262f85ba793e5835964a16e97059ed19
hprc4_L100000_12	484a03fb50466e3cc9862af9d4d37fc21f6b9805f3ec2816cabc21188d4b73ed
hprc4_L100000_13	61e564a8dd9d2b2cf278980b063453d44019a0d501df2a348db98ec36f419889
hprc4_L100000_14	a11ab7d064a5fdd54fae244ec7d908952d9bcd98a4d6be7186fb2d6e4aeefc36
hprc4_L100000_15	5983022ade6fb5a76096e383b2bf086a3085b9fd29af6bb2cd442a4e9cbbc950
hprc4_L100000_16	8bb80a9dba4783c5dceb7db3dc4a4b7761d9c22d322dfb0720b5ee7a2382e110
hprc4_L100000_17	299f1367ca7cf57f55f032360481a3ef26d074e32e121db1d1389ab31172b539
hprc4_L100000_18	3e87228c2b36e08c3c1f5b9e2c4adce4f67751179f7719d89ed8b0a81f063fa1
hprc4_L100000_19	6c56c8179072d792e2fcd4de83e331eef95f17d2e8e1048206f90139f445f225
hprc4_L100000_20	1577d5501107a47c968d9a0b8ac1f1fecc932c7b0ede5690e8cb705dfad60b93
hprc4_L100000_21	0c77563aaccd4c389580261ff0f29b097640215e9c54d1506ba59c781a58b65b
hprc4_L100000_22	641b78a26abf23edd12a84b758d519ff7fec7bc8c1b784bef33406181abf8460
hprc4_L100000_23	805ba4b68348ced37dcbdaca6d7bdafecdcbfb61ac077f810ad9e6d85e533f30
hprc4_L100000_24	c685d0323d5fc1160fefdb738649cb44fb49e593a2d63c4bea886b0fa3c4a5ae
hprc4_L100000_25	0ac8db761a7f29948c6295257ad69955a1d339e9d47bbcb5d26b41cf624ea055
hprc4_L100000_26	32d27ff77a9bb917f27f00931a40088f66feb4ba4ae377f718055fa29338e042
hprc4_L100000_27	48ba7b0b188db5d0911d3dc339576b2b06e4927948ed0e6588a518906ceb54c7
hprc4_L100000_28	cdbd19f5f0bd0cfc28b86ffe5d5523e0882e480af381eec6c291595a2544cc50
hprc4_L100000_29	52d83bf77ecfba7e5775f6d06949fd6c63accb91f2cfcb7ecb8f0ea9b319ec98
hprc4_L100000_30	de52a9e9d99948aa32c4f512ee784ae14658d3fed53ce395eb64b9eb45cf221c
hprc4_L100000_31	e8d8b8d37a68e02db69de899421af37e0f08e13c63c79c8d088543b58035451e
hprc4_L100000_32	db4f27803f43e1a7a35c588f92380317dbd9ba837270e2062d656af196776025
hprc4_L100000_33	c9cc47713939d8ea3f90a3eec2434d4731cbe8cb4f0db5b3e1b697118361f0cd
hprc4_L100000_34	b78627da25825ca40569e5d6083953acd3ddccd0385a1b6b32b22a219ef26fc0
hprc4_L100000_35	bbaad0102e1cd70acb784aebce0a34912343dcbabc2726bded59a4f0ff093ae2
hprc4_L100000_36	dea9fd00d076ce24415f912d02fb549bdf0b058f76c532e42c4b32aef5354b85
hprc4_L100000_37	d60f14e3cb2bc5fef937b42bb1ab9898b7300b81f6a03217348528eff217fdad
hprc4_L100000_38	fd5be2c2d4ad271a00efdaba4cf6445d9d45d98d83dd14e47f7e82fd0faf5bd2
hprc4_L100000_39	0cff285a0400323b5434ceb871f2cefbe151cb48995859af6a0ac11da549f838
hprc4_L100000_40	3a16fa6ae207f1a02a77d72f35dde9adebc5a796ae01c95169e594b03faf4bc9
hprc4_L100000_41	d9c6bea4c074d4ae0206d84a45f6651337bc78246350171fba2b54bea2ee8aee
hprc4_L100000_42	9d965722d18f07b268b3c7ab0c5c7cea9dfc35fcc793f38d9d526583456925bf
hprc4_L100000_43	f10efba4b94d3fd099fc61432c2fd40870c579ec350a6d682f8972777b662d9a
hprc4_L100000_44	dd858500801b797411b98bddf5d36fea69e56ef554b07839cd8a02d79005dd9f
hprc4_L100000_45	7d8b0bc46d5383a32a6fe6a4cd0ffdb36dd10b8ac94954b64bbb479f35e0bfc3
hprc4_L100000_46	05a4826ebaa296277559e63bb70186a8efd1c1177e031e532572878b02e4d522
hprc4_L100000_47	ba614606d532ef07fc8f8ece0f6e6e3a268ee55dd3d023fc48c16986acea5af0
hprc4_L100000_48	63b3b9176de7b3311ff20293fcd2a88c9e73f8033335961d290cd51a8ac10f4a
hprc4_L100000_49	993795be8042b11109cb9667227a21706307d2ac47922b8e11c0b42eeb8a3395
hprc4_L100000_50	59084eee19f4b4ac4b8bf8319f42ec2de01709d25f5bfa87785288f14577e591
hprc4_L100000_51	4464b15f33e2873ed200d410aa2e14c552a767e783b4422fadc89399eb58f51b
hprc4_L100000_52	4c5c10e3b8515c7fa1c6b5d1175c6d3c7dd2bb3b7c8575110d457bde8fb78b49
hprc4_L100000_53	e7e105fe806aa3b811dcf3103ff289e36694d13ab3f48c15cf32282b624bbc63
hprc4_L100000_54	eb157b31f2b21b21a864d68593a9f4ae8fc413a028c93cf9d6de30c8d53ba9a9
hprc4_L100000_55	9f7cba47e4120344091d6d2ace413b17cfb6e0d09199850d3532d1706b05eff1
hprc4_L100000_56	ed857d2f321894534a1fb3467db785d940380d322cf58006925cc341cfbff282
hprc4_L100000_57	b3c9ab8fe6e685a9343bbffc86448fe84c183dac8eeac05afdcd229671202203
hprc4_L100000_58	e344a8ea15a797ead93a13b427d08f2f6b1e39bcde76159369e674e550a84763
hprc4_L100000_59	252a26655d3097d4437bf63542d3aa8c0e0e442883e8ee4b2d09403daff3b308
hprc4_L100000_60	b461389a92fbb9118013939fc33ea8864de7a8f168b98308c1e0a85721d73d0c
hprc4_L100000_61	f6fd86fa540012c6be61fc2c06e6c6a0d3184b37762d2140550def98538ee900
hprc4_L100000_62	193abceb3bc45ec0c565808f01a806130b0b054dd13e71f06ea59c1fba9f6c60
hprc4_L100000_63	88b401edd329bbfc684f06400c2666611a5779b37680ef31165af9c8f5704fa7
hprc4_L100000_64	be8dc281ac14b9efc7ab8b4bfc24f38113cda107be99c8c815d24d648c57ab37
hprc4_L100000_65	32909f2fced725c43406339e59a19290ec880223f3bfa21f592dffa904c255e8
hprc4_L100000_66	a4d947bd269680ea6d65e323395466305852a674763d10fb52cfd27733ba4c85
hprc4_L100000_67	64f8d6a1fe30693d2982aa8886871a920827b72f99f49ead1a7d6d13e7738cfb
hprc4_L100000_68	aadab6793ae0fbba4a699a06886e35a41bd83721d0e261176c74f8deb35f1117
hprc4_L100000_69	0f25760cc6d71ecfdd02c8bec59aa136e5c83c5f3bcf98d1d248c8836fe5bbdb
hprc4_L100000_70	84214e15ee8078e9a9fc87d46bcb572355bb5de2f0f4b190949972e41a33574f
hprc4_L100000_71	6fd5b0d3504c8b75ff5e3e4a6610d4b3c9d65d9bf5f19c7d4c8d8dd334220ccb
hprc4_L100000_72	979ba8026226ae4dd87e2272c92ed1c800d5d261d0c6cdff2311d70bf316123b
hprc4_L100000_73	81d98fcf767cbabb093d89d85842ca3f46fb9cda5b759f24eed90326752e8c70
hprc4_L100000_74	9573ecb32cef1d1b685c1d90317241a46d3aa9200e525c57fe5f3d547e8ba4af
hprc4_L100000_75	9c3b1c3f649b67f0ee017c68b6dbf0d61f40a98b60b90aee4a2b1e4f216f5ab8
hprc4_L100000_76	234a9a87d2d9e59b68f63dfebd8e7a89e0946ed25ea17837a9c923c046cd43ba
hprc4_L100000_77	1088b5ab521160fcf0b7bb611b1df3e5a5905041f7bc854e89e25f9c80582275
hprc4_L100000_78	d9675151764be381e9e31a8899cc177dd45939731f80c49ab265b7de362422e3
hprc4_L100000_79	32004d112f0e6910d6639fc81938bca15567bd8485c9be9c7b8e17950723a658
hprc4_L100000_80	d0108bbe49d2c44e53a4e00432d6f4579d4b39ff7695c80a01bc9a3c93b3f03d
hprc4_L100000_81	a995b9dc146b0b76e82ab4d1389127a0763e94e25a8ab535f71af477c3359188
hprc4_L100000_82	a01f9b8275eaf56cbec460bb8c8b416618f365949d37c24f26098e2da713e01d
hprc4_L100000_83	295533e166a7f761a3a91ff4ba0f145fdeb01cd4688e92475061e5680bb4508e
hprc4_L100000_84	be17df2fc33ceff2124ba558d5d114c3a853e2f759ba92ef2024ffd5ec9c55bc
hprc4_L100000_85	378b615f290c0045327a6e46ec0decfb1c00c52e21ef2c196b2b94f8e01b6dc6
hprc4_L100000_86	88319927489da2bd315ed81c727926913fc098c0b31672e1725bed33fa571284
hprc4_L100000_87	841863f61041958809b3b74347527de4e487b56292b3669067ca789bfce77ede
hprc4_L100000_88	412ac1da0215c062ab576bac9e329e670acc7a3682508dea7ec7da185e83a772
hprc4_L100000_89	4240a806e73ccc53847397fbc0a16ca760522979963ef69dd678aee733600af7
hprc4_L100000_90	994c6c1afb8baebba897a1faa954209c52e5ba9116f71dff2c6a80f8c0676255
hprc4_L100000_91	6f22f4febae3c5755a35662da0523c7a61418a59104661f9850575d5923cc68b
hprc4_L100000_92	e2d46dd5462124cc04b7c4ab13542c13cfdc04a3bc61f7d5bfb08d4df56806fa
hprc4_L100000_93	3f230d94e9349de2bcff0076f7ad73c447bdc4bcf500802876a3a4c447ba1e71
hprc4_L100000_94	099efb0584f7b24b0a87f0d7e8a3416693e83a752691c75000f8adfd805aca5e
hprc4_L100000_95	b682c7bf717794e3ffe00a69faeaaef1f8e7e71dcc4ad837e36c297a8c12d8e5
hprc4_L100000_96	3090071263bdb6ef80e5624b0143034f41d4931b6dc627ca916f2160f3527ccd
hprc4_L100000_97	d04e2a63dc0df65437c1a45eed4ea01a1b0b9ac786c5b0286472f79111fcc803
hprc4_L100000_98	64d48e6c8bfb4c73094772a5ac98343c8bc0aa879c0428c12f8bd3ed4de0c359
hprc4_L100000_99	41491313826298bed2c1ed904e3992cd0ce373bf1f64e62caf758c3a3d228ef9
hprc4_L100000_100	f7c4f66fd28b5a2caa60a2b1939bb3fb27f15e6f4791ff9ca3c856c6e03666a0
hprc4_L100000_101	3938db1563498d8b0b58f9ab530cf2064a702f781f2a335f25a1e97dbe0ec650
hprc4_L100000_102	74df1121859350821d4fded19a8c50530934529697fce4862e4c3e96f85ddf5f
hprc4_L100000_103	29851190b85a0c3fa2cc656e90bacbb1af55111d96c9ab149d8386a87eb055b7
hprc4_L100000_104	7a1d393b489d956290bfdc8d50a752a23ec76bffa6f95b69fafb0db55b34d14c
hprc4_L100000_105	7c5c2f4253d9ec27d16a0fbe0103b8503bc32ba162afa6b2494e287230b8daae
hprc4_L100000_106	6321e7bd37ecc09da90d2b69b8b7d7a056775204c51179912dc95ed6f6b55812
hprc4_L100000_107	22773161e99dcfa5c2856955414d31a00b631a8e71a3d0ec3465be77deca83dc
hprc4_L100000_108	0b03e5e362852178abf2c0d42a4c5866b4edab18368b24ac68bc847fb49289a5
hprc4_L100000_109	0ef61eb7c3620bec588ba3f310572805bb23b3948e985a86f4b4d42126072f57
hprc4_L100000_110	35c8111b757f1f50c632608f647f95f9c1e1d50844e81ea66c58649f1f60ed19
hprc4_L100000_111	8d70b27a701d1d80faa19f898e8ea449c76a16a534e2df04f5327ad4f0949b8a
hprc4_L100000_112	ba3a2222eaf865bfa96434a87bedc33df682db07be59d2bbcb04a4bb2e5188c8
hprc4_L100000_113	8e8d2ce6c86c1f5da8a952384f876e89def085e918d8ee70ec184e1be60baa69
hprc4_L100000_114	d081bb0508a131e93f3a58de419859cca4d38133e84f8aeffde546302fc3d9d4
hprc4_L100000_115	8b25efa9a74add05cc4a35f99121e1e6cb27b09ae7e90572ac691f5aa4c97b15
hprc4_L100000_116	9cea188e7b7ac24d6ecd4435b03e98724afc3721f069cc46a1ff92290ce77f59
hprc4_L100000_117	816bc814ce05d7edcddc4bab81e72bca988525bcf0e6da9eef0b3b6d78abd796
hprc4_L100000_118	740f51b7e2894abd0f5758293057d755dfc7feb1037abe4f8d2bd30c802e95fa
hprc4_L100000_119	cd2d21a2b10542982993090e6d49ccd28c3aec05dbf900927418fe07d8f509d0
hprc4_L100000_120	f34d31438d7c122209a6524eb1b8db9e0d45f4e9d9ea9a6df6e94175be738dcf
hprc4_L100000_121	734d6435334e4475ba1e07ab2e92c4be99fc0c28d358f5553000cae1c3d7b7eb
hprc4_L100000_122	ca1232b40008f55c6df7a3dcdf33c84af3d9a9a6c89e33279334aaf986f1e1b8
hprc4_L100000_123	75a19b7c6fbe2c932a39f13b7e6a6cd93a45b00318e5f1216e305e73d3e90221
hprc4_L100000_124	d4b1ddb0c76cd74560f1a2f0da14841ee58415508b9e1c07228c23c77fcdf68a
hprc4_L100000_125	c8e71fea1ca4fbff3309aba080dfdfe51f75fa97b77ce9cc834e80731d45a01d
hprc4_L100000_126	ea56d0bf753e9414750eb3c7938ea9f37946f3d39773339a1eef697d88fe7cc0
hprc4_L100000_127	34b537a5904261bc9aad7e74450642e20f6caa42fd8eb50157f9b54f9d6985ff
hprc4_L100000_128	8c2522652d586b804f89a0d15a6e62a404e57cb012f60e133a37d3e7cefd23c3
hprc4_L100000_129	b18adb9ff244ff6ce5ba409e21cd708348fdf62e751493f3dbe6e129b512e38b
hprc4_L100000_130	234addf330ae286b12e895b3302c0bb9fadadf31ab8729368edfa2c3735f9fba
hprc4_L100000_131	29b68e42e6dddf3893a55b2b9128012354f174b11ed7cd0ec675339960b6e7a9
hprc4_L100000_132	be8a998d6365f5139885cbd89cf89ce811427afc4764c3736215d99a4c33465b
hprc4_L100000_133	5f7318c08514d82fc0a4f64c91a9c205981ec9d578be03b50227c9bed6c9f2df
hprc4_L100000_134	3e11ba39d7c4c7adc9730c18d52ac19eff4a40fef8b47d9dbf9849443e627439
hprc4_L100000_135	af2d8190653aa076e4556bcb856e2ee41b027b8a58ad03adc2bf833c8a06889d
hprc4_L100000_136	5af616a5fd7d9c70f494728e5c0ff60239a229265077a25e0a47e4aad42a4346
hprc4_L100000_137	a6b4940c6c4b21317859c192db02a86f01333c9710704a9edd378c1f96757627
hprc4_L100000_138	baf9108e4d8b78dae0474931846cab4ac5b23f4c9dbbfe908d2fa1a7f6f0b0d6
hprc4_L100000_139	ffc311f6bfe98bbbf20cc941a7bc00e9466aefa4c396a28fb56fdd637f0d2a4d
hprc4_L100000_140	88774f81e9e04d7bb577ca75601d107576fd46756787bb744ddd5fcb0a77fb03
hprc4_L100000_141	209044ab5c0d24c21d23be893b4b44db76720e226fb3d49907bcf4f1917cbc20
hprc4_L100000_142	3a4feb9a8474cf174f7a64cf2c2234d3e03321ce3ca3a8d189d4bd6fdad31a7a
hprc4_L100000_143	bfb34caa02198bbca95a72aba14ff79ebe672456c60fa9006492e93dce48e0d8
hprc4_L100000_144	79dd9319dd03812372239f7cb3ace010987c8b3ff2411788d74f784dd1d75ed9
hprc4_L100000_145	9503ffe2be0a9ca40d7f068166287c6d1095b74c8e10a866de4e5db12fec2f5c
hprc4_L100000_146	de788a1eaad9af6882458b7b478ebe12e7cac8c85aa42fc917e1ff1dda6f03a1
hprc4_L100000_147	9579559057ab238cb207f36ec20ec006e2977b670cfdd1506d4a6d2caddaabc8
hprc4_L100000_148	7494c7582fa7b351c8dfa9eaa4221ef4f8ce7058ddf0bc8fbdd32e0b20e08304
hprc4_L100000_149	7bab34401b8cf0d255898ffd03d592cfd795a6979840b3a0f43d17b1aaa386b0
hprc4_L100000_150	efc700c9435415288f471c90c618465c7a2f7e96ea6efbfc99df1d3b06237cba
hprc4_L100000_151	e4f734e6d23c894b6bb90941d02fde6caeb747fd95e077f0b8227c4f0c8b7b3a
hprc4_L100000_152	6397ef03d956536d9482ca3f2b54a598af5d119e50e815db5a599706adcb4486
hprc4_L100000_153	c39225d65abe08d0e5adecd2a438e4bd22d3de5db23ae707861f0b338cd9761c
hprc4_L100000_154	953cf5a56b28b91ac0446571f0d453fea8e701e9ad96cf9f6bd6971a9827a2d7
hprc4_L100000_155	76ccbd140057215503e5c8fe0cca35fec02675e7be8e16b14de22296508eda58
hprc4_L100000_156	192e9c5e8357bda5ddf621ac1d440a5ffba6e208b54e9b0821bf5c8f18c334c9
hprc4_L100000_157	f7e52824e701ad4ee79deadbb513c258d1cdf4d94f3fd9d300f2ed5b3fe3d8f4
hprc4_L100000_158	a90259ed28f9a43c06f4704095777e9ea2048b21687f18ed4b384513b7c5fe39
hprc4_L100000_159	41d15b9176d59243199de451edb86a1935f85eacab7f9d645bdc6e4e2b9f8b58
hprc4_L100000_160	1e631be5f5a45884eb80b0eccaf3caad75d5175194c60b714f24f2023404b2aa
hprc4_L100000_161	333e8d81397410e41d62e0f5a1ad3a650a41dbb7843129e35e5342b1d853cea3
hprc4_L100000_162	e0bb67fe76b79a2c422eb439453cb607a5c7c437aab22b8b34544940c7aa965b
hprc4_L100000_163	1029498f8eedf4b0c89957ac9c7f2b2648f408c7f800518db2639511876ba4b0
hprc4_L100000_164	dbab412f5d0fd2ea1a20a0e932d347fd1d57860da9d8b8dd9a7fe1a8da193e40
hprc4_L100000_165	74ecf92b34d19d11ddab717318f59072a7c9998e018efdc4809632c57d47e1ce
hprc4_L100000_166	10fdf62500862b061566844cde88fb90d15aee3e9db6fe4d97f88202fafb59f8
hprc4_L100000_167	b37eb18b1dbd4a90f913b9cb383dd49537e9a73238ec0f92a581f4ec34b3e0d9
hprc4_L100000_168	0206d5cdad2dd851c686cceebfc77638bd300038eeb07cd2b79bf0cde63ed86b
hprc4_L100000_169	6b567013f62a9e73a0bca670c9da4e75aaf58ec01e8d2269157e8373e3692b56
hprc4_L100000_170	0035029b932df2674ba24bd614aa81fef0e9486178ba18e8178cdbc0d4b94e8b
hprc4_L100000_171	22bbd1baa3f37de9c338c9f47c0507572a943cf48fef4cc68df101c74af87023
hprc4_L100000_172	929585acf07fb7d5bb7f1a8270abb12ccd2dd3da09de8ebbaba790f546d31999
hprc4_L100000_173	17ace8ae669421787b4472fa6e26f2f290ed56b7e858568cd885da273836ee39
hprc4_L100000_174	b5690729cd4da38eb92a0cb70567a837658c2e0691d33fa4216089f9fd0fd04e
hprc4_L100000_175	52bfe5207ab58ab4ba3a0fada49be03eabcf759a6c8e7c2c4798f52bd54b7363
hprc4_L100000_176	7c4af1d7deebfcf8eff3693c0711fcd497982207703a6eff6e5d19eb657c7068
hprc4_L100000_177	9f3a31bfc511362f4352d321d91c1e457371fb27530ae779b13eef3e61102f4a
hprc4_L100000_178	03d7cb8c4d05931b93d5716250403ace4c1132c02a4b2c5b014ac46b8e8a9d64
hprc4_L100000_179	86fb302b2c101556d55652060e51c056bce6ef71eccc609f15d4e516c6d632f8
hprc4_L100000_180	55f7d9a966ea8e549754a1334799ddd3fb99ab955fc8600fb2f5f95d5abd3289
hprc4_L100000_181	d415e18ed885d98ce77a6d06d3f9fc2e034ad91b547d9df645046788f641ad1b
hprc4_L100000_182	ad0818f434c6691e42db0b5edfab0a3cad6f90329b55d224143ec44ef22cf98a
hprc4_L100000_183	6957f5f74212203b4f37f41d7b19f87939e77e17c08e637ac06bc64843cb919f
hprc4_L100000_184	282d93a1bdaabb03a77c4dea13fc0015026e145f4f346de4901bd6383e495aba
hprc4_L100000_185	ec7e371ea006ee0a525593f5b79d9eee043e252b44765d53a11d2900b5aab9cf
hprc4_L100000_186	149e39b0251cab1ab458465bc9ecc99c4b7d88b6902553da52a8f5c4b6f81405
hprc4_L100000_187	48190f1c65afbc395a23dd4e6f5621482b7c23fdf43fc588855b306d3b29c322
hprc4_L100000_188	2a42b705d06c90f7a4b6156547502091f6d710af2cf2bab241392bd1ee413382
hprc4_L100000_189	512e98f3d74e3623c5994c05a081dc4e7729343f60d811e02d8ee4c88abbbf05
hprc4_L100000_190	3384224eb49663ebb6ce969c8f33c490b2f3e09a7a85d01e4c73a6c848ce7cf0
hprc4_L100000_191	7c866c309cae1f75ef0f793da088e08f10d8dfd9c6da8f52d6e092c13cb88084
hprc4_L100000_192	7d65a0430851780056d9104822bd5553ecd19393788fed148ba6ba198d70e730
hprc4_L100000_193	59da7062d28bec0431799d4b6f435a1f5a24147904f9e4cc43bad47b5fbf980c
hprc4_L100000_194	8f5606f8c3e06fd85eaf756fc90a2182765e48d6c60c78599d36d326f8cfdcd0
hprc4_L100000_195	fa23e630ea399acabd3aee0af4ade18f01930c058a611144134a284271ba8090
hprc4_L100000_196	bf8f1cdc82fbe68d9a3f45431fe20d9f6ebb5bd253bd10530a6aad2ef07675c3
hprc4_L100000_197	3984df0d97c1c2b4c98ea6790158042cc3ca35d977c7b022fda5a17cdb3b1756
hprc4_L100000_198	b3213132b05d7f590e9f3327b9d1cbdb45806cf3b8ce074aae41a5c95613c106
hprc4_L100000_199	8c5a18cab1749a32a43b67f17b3873b540d5290b4ffb43c5816df0d9a944d69f
hprc4_L100000_200	b0d289fbb3a1c1c256af03904e5bac9721bce5f79752375758e36e37ad45a452
hprc4_L100000_201	72c541dc2c0b6aa3fe5e05c77dae4f20043a22986e3297a50885dba1fb00e1f2
hprc4_L100000_202	ee883a7020415dfc4df51882d2ebdba7b3075fb8dcb172de59890691e74f43b8
hprc4_L100000_203	016dcab29cfb0ae9b6f7d147b5a6f81187f0b43b6bf2f1d60dae133fb36805aa
hprc4_L100000_204	be8fac5b139086c6cdb6d9bf53363de699d9f562373ce82f2576ab550d0a3324
hprc4_L100000_205	d995ba4791b3f5a474d3169bd8f8176870d2df3de7294e36c48e04646c615329
hprc4_L100000_206	ce1d06bda3818038fd46fe942f40a6d1d197f30e574c9a8d96abc813a983d7b6
hprc4_L100000_207	ba7cfd255488a186c4829d50b9d242c231654d3d4a5fb04f0dbfab7ea9609d43
hprc4_L100000_208	9705f759a3081732fb25e763489308a6dff5802d1ae679ba8a36eca767be4e5a
hprc4_L100000_209	da2af2f5bd0fa2f92072a6eea4ebd2b991d8cf09fe0e18033dfeea533619efed
hprc4_L100000_210	34c4a4c8129a2da9a0a43e49628fd3ce19c8ce8351741502af70a18255a402bb
hprc4_L100000_211	78fce4d693a868d4775d450d45e45087567296549bdb9899f7cd074e33edd178
hprc4_L100000_212	a8b3f58955f0f6996c7e3879458d5ab7e87df23171999c676014a6902e63d7ce
hprc4_L100000_213	883b7350bae43b7fbb1ee049421f0597754001e95499859aa346ff3a109e6eac
hprc4_L100000_214	8287736edb817cb87d0bcdd23c49571ba3f73a76d3c552dd9cbdb0a0083ce274
hprc4_L100000_215	c33adca3c10066009ed8f74d43f710c9aad14a57d1767d71047c7912dbce1304
hprc4_L100000_216	7c2a7833198f4b302b16abf55bdf935ee07e89b556bc1f505fa131c9ec1a6fa4
hprc4_L100000_217	8601058706d6b006e1ff5b107f8d85bfa0facacfe0e903ab5ebc4871de9f1f6d
hprc4_L100000_218	50940647f83347c72514858df7e589ce8587ab557779ad298c86210a92c20d97
hprc4_L100000_219	be2280d8760ca947b11ca98ec76946918b56946ac5c4f2bac229b746fa21f2ca
hprc4_L100000_220	35b7e1987325d9a6d8bdbbbbc149e9de48048dc95424c1011b2b8dc24c2e5747
hprc4_L100000_221	7f44a6d7f979db5095101dc17a6172698c3ccd4682b7b613a3fd8a9020d4d8c1
hprc4_L100000_222	684d647a64c496648480fc78d59a1d9e9dbdb2f8785c4dc08e78c442cb93020e
hprc4_L100000_223	0fdbeff9f11f36f8ef55e389319d98f624f063ea1eeadb2d2464eb42f50bc308
hprc4_L100000_224	478d76e4f1a336d133bedf12f42816258d888e95ce2c40efd57ba681a9002708
hprc4_L100000_225	52fe3c908cff57c0d23447e133a6e0e27acee97e27ccd937b285197fc87b9d0c
hprc4_L100000_226	bf827ee5a870927bad0e4e34a19a5cde104451ac128bb4fce879554edaa78b0b
hprc4_L100000_227	f454193fd5baf2c75b7dac6189b8908a32c9c2673828c7bb82ec4cc2b72ff4c5
hprc4_L100000_228	e0090349592ba55eeacf352d522ebccd7542ce6f5d17e3a4bb8f13be570c921f
hprc4_L100000_229	8ea5d2d3afe3b25eb1705fb3aa4bb83af49325260e919901afaeb2242e0a3320
hprc4_L100000_230	09e1d585b83a05a85e92594ed78f0dc8a8247d605fa930480aca86e2fb598f0c
hprc4_L100000_231	c21620b1cb445dec94c4ecf71dc8135cb7a5bcb196d14bca10f161484bcaaea9
hprc4_L100000_232	da7a7e78b85a5de70d5682c78cbc7ccd9a41214f3585eb4a4fad54c259c1ecf7
hprc4_L100000_233	0b904baf6393d421a507d3a889e744c1a1425a91092a0d69ddd673688f6f902c
hprc4_L100000_234	f43c8e5115682b7cdbf9ff13fab3f7c44d33a8ba6929a91a7bb2072d03d30daf
hprc4_L100000_235	83d90a6bb22a3ad8c73730ddc8dd126e8353b9fc0c80ef7df9fcbe0b159ab819
hprc4_L100000_236	46ddf93b1d5f8be1d158582aa92197a9e1f5f7fda6cf5b58ac5d929cfbbf9bb2
hprc4_L100000_237	447b970ab6ad389e7957e547bc777f9f8d4f4b357f0fcaf7292ef41e6194e588
hprc4_L100000_238	33847b6b404ae8029158c7e46fb56c871d84195291c6a0700fddd7ed4adbc5a1
hprc4_L100000_239	9a7a2a31b00efbe92038149d0fd5ba5132c2e8db68e4f1428323e42e69a3644e
hprc4_L100000_240	13aed0222f31954913806f29c4bb142263b4a7360855a453701d5824bf5a8eb4
hprc4_L100000_241	ff5f2419a117964c01f3f24e4976b7be299e4876a8d6095e02e53ca64002b2e4
hprc4_L100000_242	ac39541e324280011422645b884ba63b49c02c14ac9587af1ba163b7c0660eab
hprc4_L100000_243	1df07b8bc72f38c2522d10df9beb0b06fa681f6b16cfee1412938f78d234cc0d
hprc4_L100000_244	f7fe6698d495efb66ae63fb4d4ad839657770414d803a4ff147487292ffe8b07
hprc4_L100000_245	3a2a896c5d55c4a9a2815bf0ca1ced966dee4eafbb2c44a33641556156600163
hprc4_L100000_246	efbf9f4d1acae97c3a612de6ce020e654f532805560ecda85db5d772910d306d
hprc4_L100000_247	221e2e888c3c0e158f15e3c824b447a33a62425220fffad1a3e973834727856f
hprc4_L100000_248	3c5afcf95ff7ab48ec5efddf9afab54a3b1362d6729257432636cfcc947b9f82
hprc4_L100000_249	e7f75e5789055c3b4e40496f8d918044351ec4c45f582426d3ded717fb9e9cf0
hprc4_L100000_250	0b21cfce5be9c762c1e9597a0fefd7391eb54f721e1468e84767edfad6a87b04
hprc4_L100000_251	d3a1825fe1f969e7ea91a224fe2fa5f4fb313d471c6c936ad08a9383a7170139
hprc4_L100000_252	7db65c82ef103ee6cf29a8d821b45fe4082bd566f18b5ac23015e1b355c99543
hprc4_L100000_253	c0fd8fc382223a31dfe7bc74b2676d5bcd3a72dad9fc825e4e9068c3e01f3942
hprc4_L100000_254	69a5e45e8969dc57c6abde890af360d5781f0c462a47f5fa3bb03a0686eb7151
hprc4_L100000_255	466809f9f13521057ff0b49e682c40b7bdb32ddf959599e694ed71d26cfaf782
hprc4_L100000_256	b0805f2ed62683f69eeeb90c5ceae91476c6f82732dd2f8bce1e4d38dd15f61a
hprc4_L100000_257	1cb0a599d617e2d20efcb8ba07be6a454fbe8960537deaac978eb63cd1068744
hprc4_L100000_258	94b476330fcb213999ef234abc450efc27c18702a6c8a66cf9e270b69deb37aa
hprc4_L100000_259	00c29cf74b5231e2ab7ff87a5843edfb725b129ce9b4e56bae2e836e9348a341
hprc4_L100000_260	ee7c9a7748d8a59f766b8524b41e3c8f6645f88a62bf121fb3a9dba6f3985a5a
hprc4_L100000_261	919cf27f8a63e3749f6cb11ada12446b9c2610ede59343ac95a49dc5f0a5f1d2
hprc4_L100000_262	ffd210c7921e04498ee7c24ed1cc4d4d3f51ab8e3a627e959119b9cea47aad5f
hprc4_L100000_263	717cfae19a4bfc85e4a2cde700a162e65c542c17da4159994d3887ae0b4f8a66
hprc4_L100000_264	f2181f53e44404c9bb4d426e96f53e471cd90c2be782e3e084ea4bbd47fe2dc1
hprc4_L100000_265	8095f1752e2fd9c4ab6dd77843f347464466526145efd3b9b493f25a3984bef5
hprc4_L100000_266	1fb50e80c67e616713415313766af8cfae2ea931e94b6655a7ab68b0837cfbf1
hprc4_L100000_267	eb3fe7d2af90ddc86deab4cb2da327cb5569bccbe92f90f8f480e76f4208a558
hprc4_L100000_268	cd90f6d5f4575577698ca6f6dac4e8e5752492cd82826dac23dba6d3216b5ef4
hprc4_L100000_269	b8b4b60b815b04de33e5a0447b47459231039bf35e6eeba9e17f4cd20ae06098
hprc4_L100000_270	9da47e64947a357e0a377f8fbbd7ac405b8b2a795e06b44558dd83917558773f
hprc4_L100000_271	95f8d8880a6f63c9a454a89be3a15583bfb913d0e1d38ce282a5156ae7945f71
hprc4_L100000_272	9be1a14fc0de59b5a127216d14e8ba91d595b0798c600369962bd2167c242673
hprc4_L100000_273	286d25819474f58ffc983c1157b291155dd0844d333e6e89096841d8c904c22b
hprc4_L100000_274	c5bbbbac7e0ead7cef3166e4afdf82cee2fd6519d6442872afdb561f02cc7771
hprc4_L100000_275	21b27e5d2d7621b63dbb8e39905dc83399cb45e99c0f260f438fe49a3a3691a7
hprc4_L100000_276	c12dbd8b21ab2b1eed86eb70f985a878aba9334b22f92d39c874a36640771422
hprc4_L100000_277	95c262a967e0fe84904ffb6db78ca116ecefabea9221cc22c63756da9926e5c9
hprc4_L100000_278	b9636c7533e78c64b63b897a7ec192760bdfff3c4c2dc82bcae2dbd0f0749766
hprc4_L100000_279	a4252eeff5f5a732d4ee6d5e2c8544a18a98583bf630cf9e91628eda3d8f7df4
hprc4_L100000_280	25b24e861c69642e970ce45fbba3c3f68be6550443c234ec2239a6038130674a
hprc4_L100000_281	f2ac445b68f52ba0323137a99c154ded9fd6a2843a9f6e709897535511e722c3
hprc4_L100000_282	a4e21846e855773bc1b7189f262c7b6b65ca87268f318685b96bdfeee57e0bf2
hprc4_L100000_283	b56a08a03e52a0a20d65e731fb2f0f217541799e6c628c030320d45749fdd043
hprc4_L100000_284	8e3539b579b8d80a17b080a19e55664332f76bb3c6bafb6cecd0a53769faa567
hprc4_L100000_285	501635f09669e3cc8c6f7f1cf7c65d8c31577925af8b276f6fcbb9679aceca70
hprc4_L100000_286	32fa23df0c3d2d7411a1e0b0250791a0d33d0bd8515d158b264806d2048176c6
hprc4_L100000_287	30aebab1256e8a2e798b022e7c385a55e5878dfb61f80613d72bcc0dea1883a8
hprc4_L100000_288	9556939b56cf2e695e778aa049292a80547c40263eacb9187b7213067772155f
hprc4_L100000_289	a6baf7f0844e99bbe38053e450d078e4f3ad236226ec7381b7f086e3641244f0
hprc4_L100000_290	44e982a41608591d6658332231a664537285920891b4efa19f2b4eb410cfb9b8
hprc4_L100000_291	177e44c3c98624bad03a56125e5aacec94f7b49478b3b1165b37b88262dec0d1
hprc4_L100000_292	02e47b3e65e8bb1d3f280f7539f6dbaeeba81191bc4a1fb7e65483ad6d6bcf9e
hprc4_L100000_293	765ce89ceae113a9bd96fcc6e1524625acc121d7fe8d40f51cf94ab0a73913d4
hprc4_L100000_294	0b70826872ba3cfbebd18461307daab0b671d5e791e6f286d2e7b761f68ca57d
hprc4_L100000_295	f9e4838c2c5e1548023c58cb326608056501233a2894dfa3ace085009a8a8382
hprc4_L100000_296	cdb037e226eebcb70722d4158297aa2b6c2805c519c0c34954a67a8384ed1fe2
hprc4_L100000_297	86e4636289bb8bf45054cdeaa3df39a82657c67b6f41648a41ac6ef1a71f2475
hprc4_L100000_298	29898515a0b1867081c27fcacbc940e5c2d38be29a1686d19b403a7c968272f3
hprc4_L100000_299	88d4dd30bbe3632e11bf0206d9e5587e2f8c614153e23f16493d57daf9e0f379
hprc4_L100000_300	ccb955562f52d2b8ed1e21b9e6488ba26c033933657c9c7946e3074b2154b91d
hprc4_L100000_301	a96c9763ed0bb76be355f354104777d89857b78b8ea4b6111e0fcd8265578093
hprc4_L100000_302	9fef87369ecdbfb0efffdb158c05ff55e2f0be1d6b1f8b4dd3d8bb9e040e37c8
hprc4_L100000_303	05f833d26946bd15c336dad5319078960efdbb405ba03cadffa22ecb876c9029
hprc4_L100000_304	83a80660473acca655aeee080718fb18f700bab1c10dfd3590f168f9d2194cbb
hprc4_L100000_305	b0fc2f0b7a2a090572e38f02ff86e73e2977ddbc35b5d839fe4032fbb16a5196
hprc4_L100000_306	755a7c374da60f8b333c6ebd0f476a0960064f9961ed8f28e10c062ba7642b9d
hprc4_L100000_307	13de0fb91c9a7a2169396ea192aa257c0711a3b910c5a4c474290b656d98d1a4
hprc4_L100000_308	efac2b10309d68b112c95df7e4a9b47bcf61755f95d0de313e8e120082164ca7
hprc4_L100000_309	f77b4772d7fe801693eaed9f0fcac4f70ce726de4da0d3b6e1654914bf87afea
hprc4_L100000_310	9ea32f3f6ba66af483b83b44b0c1fa1a536e40e861d4b4d59d4c9acfb6718c8f
hprc4_L100000_311	73bc713e214f5e4ff4abeb6f0cb1302390a3d254e1b43506f49c2e44986d7989
hprc4_L100000_312	246d50e6077b5cd2eb03dc5ec5d3e78048a8101dabef02fb33430257e8a5c9fd
hprc4_L100000_313	15d1962a308f145007e22a6a01305e14a33b173b740c125bbb88a6d821460ca0
hprc4_L100000_314	ee41bfac6163fe2d06a3a28dfeaea077bce45fc54f5978f8e02da55059d12e7c
hprc4_L100000_315	39524ac739a11b930ff6c6605d1d8415de256920acd2f7a4df6dba119cd9da0f
hprc4_L100000_316	53329a9a170604c9ef874f1a0beeb444893d69d7dc9705c9e7327618fb4ef5d2
hprc4_L100000_317	257b8bbbe9a2eab9a7517a2977882ac9aaa8ddeca82eb48bd1af079600ae357d
hprc4_L100000_318	ede376396cbb6f99e7cb9348d47e0328961613a0545d7cd1d234c254be0b2b89
hprc4_L100000_319	7f12f6250a4da9b5ccc09c9eea25c20566e5c6044b8588cfced2b1f202fd95ab
hprc4_L100000_320	8e202cd85f57106af6d7933d1fddddf2d766a2b137f4d7afd075c650431f18af
hprc4_L100000_321	d067ddc82f22d0ae78b7c49c0c701199a9a26c2f7b3276b1b4323d4ed0bc2d22
hprc4_L100000_322	7a8daab22d93b16d01ad1f948c5db958741104d137a4ec96119c2b2b7b8f98de
hprc4_L100000_323	11207c57eb0b85392268d2dc53d3373a89bed997cc703fbdd4a7baf648fbaef0
hprc4_L100000_324	3d1cdef1dbe9d0fc6c879a76ab7467221256286245918ff153783f201335a746
hprc4_L100000_325	46f87bc52b3a5ae7bddd6b3cafce24e2d27d141ef794c32f4aef1003139e8e13
hprc4_L100000_326	bd35744545312e5103ccfe40d2ef296cb3033e4dc98b213bf1e2e6c70caaab59
hprc4_L100000_327	ae031885a4d1c5cb80452d3efbe153f1beab92d590ed63a6a6e703a5bb280394
hprc4_L100000_328	d51e54b5c9553bf3ecbbe4a0b7c68f7e62a625da953188b35b23d493ff1077b8
hprc4_L100000_329	70c5ee6bca4ac5602a44978ff0fac25f4782453591fe73184d912182c97d740e
hprc4_L100000_330	90c0f03b38169a012c9e4b7648d5f07a2b505c8f430d4ee5e146375065a74f24
hprc4_L100000_331	9d287635c4455a66e3bf373c85624d2f2f8e0a68f853b69928a4cb43abdf7435
hprc4_L100000_332	254da5f745b2872df6aed1c9c8d23b97a677512ff07ca564d5642d44694a3f49
hprc4_L100000_333	f0c16face0a85300035f9484b1e50ed05bc2fa5abea759f4356cc1c3bf068d1c
hprc4_L100000_334	fece5669022c244bdcbb1a532668ce5fe6277539ddc67ea2f4761508174be249
hprc4_L100000_335	e354ccc548ff9ea88d00d4f178be49cd2a7918f97aae811e09a5d0343b7b7a54
hprc4_L100000_336	78642e76451eb22dc9690a5682b4a6c97e413ff42349fe85262b7d35c93df898
hprc4_L100000_337	e3b4cd25fecf74033599ca720baba83c01df72d3f71bd6ccaf52b89afebe50d9
hprc4_L100000_338	4c1aa900777a1d68213c63c0eacb7712f04dfcb4467e837277de6d4d047b6aa3
hprc4_L100000_339	38bca60203d4efde9fd93c4667cf99e7d5403f47718b5632554d5cdc63434f51
hprc4_L100000_340	b7d5b2e974ec1b61fb91815d7dd9f018bae2f8cd94da69618d33decd23d367c5
hprc4_L100000_341	abcedca3b35abc9699f20f4121e25f1f99f78c2a0da776ee0b02b257e7641d16
hprc4_L100000_342	24570b3ccb7c2d7f25d4eb23dea8971368a207d6715918f490e03aadd257553c
hprc4_L100000_343	0dc052c924cd6ee02411ef910d9f26972b26a3538d06895b211de212405e9fca
hprc4_L100000_344	0c1d556e2fd97fef28c2011d999f261aa12e0b36ba44634e931f55f8a93abed4
hprc4_L100000_345	9fa4dc74208c1f192e6f8059f14419ac54d70bb899a0b2547b532393a36b05fb
hprc4_L100000_346	b1cbabbddc8ef1297774e0c64da6cd5928a8a180219532cb671dbe08cff077c6
hprc4_L100000_347	493d837f81294ff8624879afc3ee781c102e9560583b3a2ed2250159e90e55e5
hprc4_L100000_348	bcb5395c7b05506b9505dd83e34df097f3a6ba644372c0d28967fc88a5b2f520
hprc4_L100000_349	45573d9878119627b64a20dbd763728fb75c90fb4c46cfd70737a709c629ee4c
hprc4_L100000_350	c00daf945502d85c50bcfdc2fa5111eda54de76f3b45c724b364f25ec0dd0e7c
hprc4_L100000_351	ff8cc68945194975d03fe1975dcded037d2153db368b15c128004de1886a610c
hprc4_L100000_352	a767901a1a9f3a3389769971f009f5deab829812e91db4b31f48d7942a631d6e
hprc4_L100000_353	917d08fbfd0389209de82cf4a306561fdda0c4ae84a43898dfea177c1a1b584b
hprc4_L100000_354	b1631ef295a1d07a1dfbc8f8969c0f2d6e117563356a49656d825f0a489198d4
hprc4_L100000_355	496ab061a0db289bd7e48ca5e9161f4b4cf12468351ff6113cf10f8728fe0253
hprc4_L100000_356	19b53d72cacf01b0762d7613b992d75e76c7b0f72a4e61eaf2a73deca9f0ae44
hprc4_L100000_357	2b21e1356291c692b9bcf720b3c45a5e04bb54c02d21641879be91029062fae1
hprc4_L100000_358	b362fb1391abb68cf189fbadf9490c70b7623cb6e05748d0042d8efb02dd8e39
hprc4_L100000_359	91f58e257a2bc0ac3fd3e8761c5b9d847914f961f867c52bb003ca417d808b21
hprc4_L100000_360	627b80530f8959e10214271c14df434280a0d55642484cf91e9fa1a4f8258cd0
hprc4_L100000_361	fe4a3306537740e11c65aedefe72cf9a8f2a9bc27554d0ffc41c1596df2e6a28
hprc4_L100000_362	223532d04136a71f6f70365542d40b640e4c592b61662eb2de2fb27490c49abe
hprc4_L100000_363	9f43b2cbbb1290344eba42862cdbdef39fb8d27dee29270a3e563149ef84acb8
hprc4_L100000_364	6e034f2b4fc602b8ad569664f044908988eee38aea52c462b086797f9a9f544a
hprc4_L100000_365	6c02ce047843a624405889765034493375ae172ca7301dc24829aeb3902a5cf4
hprc4_L100000_366	f6607ca22fcea1bd517c72d7c9ff48c1cf7094543de69178f9e07e3faec0457b
hprc4_L100000_367	6988bd793f32d394e2badccf0b68059d5899788c57dc4e52be68d2438129cd25
hprc4_L100000_368	90b7743e812427ecf53a10784ad5afec3ceea2c72d7f321c787a132f6d4ae475
hprc4_L100000_369	cb386a15753b16a01dbe00876b2b0d04fff8552a6c3ee7937b1a9a8d1aaa0ec1
hprc4_L100000_370	5f90b61bf10d2f2a37c658bcb6f75fd100f22dc0790631823b5a5b6a44d80097
hprc4_L100000_371	b04bd78c821e15c9b26dbd0e11ca01eef8208cff6b8e98102d22b6390f3f8584
hprc4_L100000_372	488ea069eb26bd302a6a95dc892a902d9abce453589a1702152228034785caa0
hprc4_L100000_373	e3d283b6ca612cb809ab76d93e87626a940f86ca49ba410224458642f836bec2
hprc4_L100000_374	035040c715e0d0358865f2e66b64efc12048c6fbf3754ac460a12cc89627fee0
hprc4_L100000_375	84cbe4708d6ec9cd00a02d6ebd766e438ad56fcf7999e894deb87e0a9c69eb5a
hprc4_L100000_376	b91a249b6b1df29b35af000686b5ce6e390b6a45e3335e863d15fb1cc8a7fba9
hprc4_L100000_377	87a8dbfebb2f5ce694466b666d735cbde09c976bb88a55096089915c3171a8f7
hprc4_L100000_378	a77b0753dd12cea89a7816a305068fa1f64f93c07cf7d02ab959b1c79b2e8f8f
hprc4_L100000_379	ebdbc15f5d73f8ea4b7e7a43b6e1b7debf2650689e9a320952abe6e96627681a
hprc4_L100000_380	8a6a3a975a8ac503afe4091e42cf9db310f76cdf2328c89585ecfdc0f88d35c2
hprc4_L100000_381	e08e1d411de71459409f1981d3f9fb698a36111eb7778619ac0d7851f08c8f71
hprc4_L100000_382	27e2f886f52164dd810b59c4c2edcbce5624f0827b7cb6febd19a8db520e9252
hprc4_L100000_383	413132d85df58c5ff759741908879484e3188351f87a097202b3dd7f90e1de19
hprc4_L100000_384	bf280c5c6b5dc23361a8a212a18318fd13618979f761ec787bd037ba2734a6e8
hprc4_L100000_385	2a583ea1fc839eb02f29019c33ca113dc5183995b8c8b705b3d4060c70bc41fc
hprc4_L100000_386	ba77df7e63aa8cd257dae763d151aa3a83c0dff0640314513c6c57596ca1571d
hprc4_L100000_387	9d6c93e2a82d4fe8540beda715921166b6998058670bc40918e3b7dd379bf7ec
hprc4_L100000_388	1050247f16780a0d297cf95070832b4325f3d8b07898f83b38860e72b388520b
hprc4_L100000_389	0b8b5afaf47facdca03ed7ee96d26f8790f669c2ec0ef7c8eb744900077d869d
hprc4_L100000_390	6ee63d61fac62cab59eadfb034ba02e5b3482b6583088ffb7c5d4f7b9402c2db
hprc4_L100000_391	3ce914d9074b6c93c59bd77ce2e31c0d9a2b99fe331a48080497a48e33fe70e9
hprc4_L100000_392	47cbd9e6d91c14a1f2c922a0087247c5bd3a533b202ec0cdeb81f65d2d1e5ef9
hprc4_L100000_393	436ed82d0a6816d4043d631f407789fc63c86672bb52543b6dfb5c2838a8cfd7
hprc4_L100000_394	df28f8a5a82627af69e6f7c702ef257d0ba821bc3f7d8e1a188bd31cb419a6d7
hprc4_L100000_395	9f33ecacb75741ecc0841dfcd6fe0dd9d9faa084de11d533039a386855945d06
hprc4_L100000_396	8224cdc55fa950fe96f9743bc28cc2a4717d4845f09b62af6031dcb04f3e334f
hprc4_L100000_397	b360b69ed47de255f3ca584b6db7256fed71871686dabde96621f39889726bc4
hprc4_L100000_398	c2ace848a2ee60f49fcd130d95fe669ed4affbdf8abf86dc4e840027f112e177
hprc4_L100000_399	70189fff1ff444a04344b4e9c7e4198129ad01ad45da4b6e7da34976f76ba5b2
hprc4_L100000_400	698d701ddba3a34598dab57ac1330897c1ae01a44e508f46a8d145252114accb
hprc4_L100000_401	92013f935b6c3dc781a7de31890ef289a3c7e0dd81c568663e0085440da59881
hprc4_L100000_402	8bca59308ebe6365f3fe2808d05e7bcb0d047c60ff583104652bd8b265f7bb4b
hprc4_L100000_403	f3b32951d5174b315e1c966cc3801ecdeea098c6f7c60ba160fd008a34f224f1
hprc4_L100000_404	38177751ace3088d6a00fad3f7163007a27ef7a92934e7176ac76dfd5a641ac3
hprc4_L100000_405	cf68bf62f6e8634563ce922e107e429e7ac2d8095b4eb1cb127b9715bcfdb688
hprc4_L100000_406	ce2bddb37351e52cc0cc8218ab7d0db1fb7f789c3ac53690e29cc506095e4377
hprc4_L100000_407	f932a8de576b0fb70e070d88c8dd137f49c25d1e833453ee2f7fce3989f85d5d
hprc4_L100000_408	c26d82495be9fe5a8af8317e402be84ec94ba439c78b3e6c7018c61dd70e6cf2
hprc4_L100000_409	42a4da47d9aaa6248aa52cf9d9559cb3a1244ae22dc709e31dedadaa72af3cf4
hprc4_L100000_410	e44b21ead0b9e791a46f660f003040a39c7a837ba9675c7e8c62afb08be177a7
hprc4_L100000_411	f1f3d510f631a94ed2ef7d85d3adb0b9f7b3a79629414cd3f999dc235175359c
hprc4_L100000_412	2cce2905ba9c4fe4765f0ef2fdb4ae4ae083b498edc1bcd6504455f05cc3de51
hprc4_L100000_413	682bd5b051eef8f7aca798fa47be4d24fb4367571a028ac347796085dcf50c83
hprc4_L100000_414	120cf6b02b70fb9496b23991f942f4f443ac112b138776f476636063b20c86e4
hprc4_L100000_415	5931b0cbd8ee650d9cd3028f80614fff9f21e5eae8ce9a9d460b627c4bb72c4a
hprc4_L100000_416	137c3d7f6715a9d8b37fcad4c6c818aba67ec3edb2e0c1b408bdefccd4b36a30
hprc4_L100000_417	192e1499cb8bab98e34bd8e73cd0fb9753fb2eaa63f389fac54aa68426f71e9b
hprc4_L100000_418	ea53d1307ac3c5d218bbaca14bf3280d5e4db12c7ffe681d99178ca4b717804e
hprc4_L100000_419	4d9f7f94c500848c2d4e2c906b38067d290676087e9b624575d65809b92da6f3
hprc4_L100000_420	1d846e579e685d013c01045921d649db3d10e415b0b01da36cc2c22583982b0f
hprc4_L100000_421	62eaa6b9e9d95cad7fe063791c1f430e5bafc7c6d4bfb00e3f799a9342748be6
hprc4_L100000_422	5508f65843955b82bf6e328ddfb1a537c5d98d3b67c09e9598b70ff3567f3c48
hprc4_L100000_423	69459d34fa792dd3583470095bed18d88172cf53a7db793f08322327d0a2dd67
hprc4_L100000_424	c607367c84340bf79143681e683d77c5587db970c5b3532b12392c0654ed382e
hprc4_L100000_425	5837651e044cb8ac14c06b84f4413b4c50fba62a7d0f0e6d877faed4805be437
hprc4_L100000_426	8bdfa4b165945d03ffa65eddded0815776963b95663686c1f9f641d654e4a9b9
hprc4_L100000_427	45dae0da822fa459bb6e22bf5f5c5dd7a27e18676eef87b5fb75ce0f64b8509f
hprc4_L100000_428	47e170e7e4fd36c3af4caa55e47bfd3ab3086a777e091ec325b9a7b1727d2586
hprc4_L100000_429	cfbe8d9c0e86b45b0594d4ea5e484b57c476fb6475ecf46e82b17edfc2a99a69
hprc4_L100000_430	9a4a0ddd3a1a877f717f4478bc3541dadc578179c58389eee487b969f5545224
hprc4_L100000_431	af91d68c2e784921ae57801aa7b2256186a00361042e56261b2b65e1074e76f3
hprc4_L100000_432	4db2650b59e62db60e340fbe0846f027d507e1deb7e50ec230be0b95235ce67e
hprc4_L100000_433	49c626f3496ab69a0405aa4601c074716e338266cd0718cf49125525b5bbad26
hprc4_L100000_434	cd70571e13a5ee9d08ceeb7e0715311cd6ba79fdfd58ab01184afae683f1ba5a
hprc4_L100000_435	f3d7d0094123972397d09f02a57073ad74f141fc2799eee550fa0b824a0979fa
hprc4_L100000_436	5aaa6262983679b8cdcb9d3d3786dabbc3e52506ee2e6a4755f93fa63dafd644
hprc4_L100000_437	35e068d075233753fb9a4a5fee65c54be0dd55a3edff5731b29c7131063be399
hprc4_L100000_438	12f3f5869affbf784d120cb7bb0c59712abfc5e5ab7b590b54905841c95dcfdb
hprc4_L100000_439	bc37b1eb136f2586cb415f6910cc4622884117dc7e5a9732bcdac4602a0176ec
hprc4_L100000_440	a72e3dd02bda8a2f21bb667b806fe18f028dbca688f5531b6abd0486afc45d90
hprc4_L100000_441	6a8b63d9f997a6a8af7382a4229dc062541c65b00e195acf23b949200448aadd
hprc4_L100000_442	fc212e408544a332016e30c4dcf4e4042fe5e4d0a810f93936fc7ffa31761d03
hprc4_L100000_443	6bacbb6601f684cb477c39ee0a264c824da930101dc6a2566a4c2a69fde89a26
hprc4_L100000_444	08b28984faf2ed8fd8c959cf89263e54826f28756cf3e88a97af2365f298c486
hprc4_L100000_445	ba98e9f348e1db5153709c9e63dc186dc04a93d53432c7d7029e02de0046f3bc
hprc4_L100000_446	884a7899ee2aa90c1ec8413dda01da0e56eb9549dc0d6c5da9551838bc2cce54
hprc4_L100000_447	09a081141ef0956d68270c20bcdd8eaa5ded5cedb03012ac9d10e9f41455dd98
hprc4_L100000_448	330bc2969716f0b81886c5a11d780e0b3a1c6d9c5b893ebfa785a3c11344a2ce
hprc4_L100000_449	332d5e9cd531ad1082fe9641eca295d810b62468e4ff7a7b167d0001ec0cf52e
hprc4_L100000_450	4c88e143c2127dfaa3ffd7e2ab7dc38894943877f9084b21460c0ce928623862
hprc4_L100000_451	d993b572dd159ad5e10681c5b9a4d83cd8c633fdb26f71623c651f6df008b25e
hprc4_L100000_452	8c3d50f3e99ac7c0c682eea8f924a1ccce0317f1ef889c178634dc3b805c166b
hprc4_L100000_453	84735d0ad204993ab330dce227abe2fcd728eb9eb09d7e09dbf59318dd3f0bce
hprc4_L100000_454	3f646929659f3a7bc6b4bd9fbf034cc0a71da7e6a16566706f05ea246e067c10
hprc4_L100000_455	cd2755362fe53e53c8244d60299f7d3b827454b7c715907763015802f58e9dac
hprc4_L100000_456	981f576f3457a97d6d0ca85c50e60f306cf9ad6e0996cbe7a65f5b5d18d9b855
hprc4_L100000_457	b1559e974f228d96add7d266cd629221de49b783330ddb66695d8e6e267e6db3
hprc4_L100000_458	e3f2aec64860de6ceb623f966238fe31218cc953480281616952f048924be74a
hprc4_L100000_459	225f15161911f8d72063abbc4f66c40592a4dbc93083e65a5550dabf5eabee6c
hprc4_L100000_460	56c2df6eec61b7f6e31b43fcfb3069225e1ef0f7de46bd94766d1c0c1ab035f6
hprc4_L100000_461	a1c2b0f51952b6095364591120b1c0b0ae0f95267dbee8fc6aec97ef49a8629a
hprc4_L100000_462	36324740207517fb0d1b8e0c97cf127ff7fc1d16e2483232b9716142c809c860
hprc4_L100000_463	4f45b483d55a8ce313dd4cab2828947fe46f0f13d374ff2555d5d96d750b744e
hprc4_L100000_464	81831231e6cf712bc7efcba0266429e8704396c4ad7e7e3c5d3b0f9124175858
hprc4_L100000_465	ffb73c8d1c84112c85a32f142ac5feda8cd16414bc6447a7b460ad9651bb2f4e
hprc4_L100000_466	5fde4ce6b937e1d7a34ab5b691e1277c6d8f02e3f4abadd09d5acc30b425f7cb
hprc4_L100000_467	e7701df268d44930fa5834f785b48673a7431effba8b769013cb11b8f31ad823
hprc4_L100000_468	f59827a3e85d73d06871ca6ba42d0eb50fd3f77df28a1fc8cd2ac1fb82faba35
hprc4_L100000_469	c869ae266d5f29efacbbedf3835890fdb37fabacb4d17764857e0d395a6a5b4e
hprc4_L100000_470	819bdc951f1f6a118650f96a8ad79c881fbd6ee238acdf24a4a1a97a4a3da7c9
hprc4_L100000_471	3c0dbf1d61a15244a95b7033c527d3eb389b9f40119b7cf4081c8e010949ed24
hprc4_L100000_472	a72774f70d727d20ccc5f1fd78aba4f864e4e4ad55fa34bd1f3fabc2659fe82a
hprc4_L100000_473	0d19866ffad7032137abbaadad5eb445f8d8f0a2e65db9589c39bc10ae577e3f
hprc4_L100000_474	12e6f561427fcfb8ceff01b93732121a6e029276378fa8d76328a333bff05184
hprc4_L100000_475	f18dbabf1de46905cc062eb51f6e1f4bdaa397387efaf31362e71cadffeb7576
hprc4_L100000_476	f81ab29a440fabecc64ae6edc166c692cc8f3d87c6b3d64034e50faa93583bf7
hprc4_L100000_477	1583c3e5dd4a6758869f7e4d0aa84caf772f694041831db91e324fbb8fd3166f
hprc4_L100000_478	0a7279c81f110b812a148723427ea53f8def620467ebf1bdba1d6b594e18ef84
hprc4_L100000_479	8781d0b53e70d63b75195e1bf9361a7c5fd689fcd4508d0711f3d748913ba094
hprc4_L100000_480	347e1eb46fe51ec7605c0ab918ee06f5f27a0f2f6b19c32f56e40f8d746f7f82
hprc4_L100000_481	257b0ecf3876db168101d7748cd8ea4e213907c341cfd58206d22ba68f813238
hprc4_L100000_482	48c5314e78f6de62b40f6584fac7cc8088b7973ac42e01e9bde141ccb76b06a2
hprc4_L100000_483	c63c6b503a9cddde03d58fb95223c87a6e71fbe4a502da618ba86f79c609a82c
hprc4_L100000_484	b9b3f513db83cace5de4046386a1015062f42a3755ceba45b3ebff4a3d2e3173
hprc4_L100000_485	c53e5feb9e9461bf9c006806b90b28d61623c0b5853d7471be17b53c5c50ec9d
hprc4_L100000_486	b233e4687f41f461f75440706bba07ea4e382bb762a370a99fa5e04d16048c15
hprc4_L100000_487	c045a7f2124f72c305b25c45d81056f7bc246bb0159764520ee383fc85201704
hprc4_L100000_488	cd9c9c645474c05223c4aa5ab54f5786cd3ec07cd882fcbf9c2b7b2ab1b19944
hprc4_L100000_489	72dc67e4637d030496a440f16ed767db5b846a5e4df9141afd6436def6f05d44
hprc4_L100000_490	2f05f28b59a8072db18a98b771b101a6f3598c4eb6a41365d83c36b87b6d5ff5
hprc4_L100000_491	866c860d669d7d94942d660809a70d1a47bd88f808161ee767e830d9af3d240b
hprc4_L100000_492	63e45215db99f4f9b55398df33a69ebcc3ab2cabf56419bd2098515bf95bcc4f
hprc4_L100000_493	1940821a035dfcc186c114791724c1742ffd00aef411547fbd1fa0d545ea7c2f
hprc4_L100000_494	a3d81c48b9c842032597ff94358292d7992d0faf23ec4664192303ed7bb2ce40
hprc4_L100000_495	7e0d61e0ccca4cf39b4b5c9d3623bd71490b1cea597b790032adabb12f9b11cf
hprc4_L100000_496	afc7829a1cd0e4bc2b0ae366734cdb4ac5ab30a37725b519a43083d93bf05f04
hprc4_L100000_497	8e7748b7ea40d95d409a3b4595274f75c05f763296e9f1773435a75c746931e0
hprc4_L100000_498	ac55a8f166918f4665a0e58b336e43b34480363ea22ba00b5c73fd6c94cd87a7
hprc4_L100000_499	8327949467ba1f223f97a00f9305ca2d18c92416fcb0c5c475d30cd8027b00f9
hprc4_L100000_500	a4ed3cad0897ff14675c33f06002c87f38e23f28c76a8e86fa437e56ed8993f2
hprc4_L100000_501	e58563cc5971d5719817c409693e20ae5f9e7d59d56fabbac2df8bb7601f475c
hprc4_L100000_502	d1b73911e9c5814fd21e7abfbbd6fe92c15f1936e821baa668bacb3d0c0a86f7
hprc4_L100000_503	ed1e4ade13c4da43ad2c56554d778359f9a64c003aeedf40ae143288171245fb
hprc4_L100000_504	ec6a0103d450eab76d6039e8f5981a7b4d6826d5786e4e2f80c11f87c0bfcca2
hprc4_L100000_505	3976da8770426d9b020cfc0c50ec5de10053a42bfd020f42d4ff06e6c4f340cc
hprc4_L100000_506	b2d3413bd37b17fd956dfa969dbd50c3410be28056ebe46dd63dbc9ac34f187c
hprc4_L100000_507	8f6c9f33d61aa5e72125ebc6ac43faae9de5a2ed8be3a3f8b63c6ffabb933cb2
hprc4_L100000_508	081b8dbb723aaab5a43ad5fe3b3c3e5148353114b9157a43dbefe3dc253ab2be
hprc4_L100000_509	25e2b52fe44392a7dd2115853ab93bf83a60eade02d3222f0874b1821877678a
hprc4_L100000_510	471966f5363a215b94dc7f8ca444912871fb6cb68ea65d86371d6afe12def682
hprc4_L100000_511	ea021d99e34464c0cea5d850a58bd0c40cde4e1e2f2b22c420d5fd1a888e9bd4
hprc4_L100000_512	0ab999910d5023a358da313498a8eddfc34b8fe3c398ea7f0f758b6b14b5d592
hprc4_L100000_513	1999dc7f3872e0d9ce19383370b9522b34aae92f7c08aa02f786929c0470b7ce
hprc4_L100000_514	ff95aea98c7494a7cb3479db890b1f99af82424222ed903bf05c685cae58cf15
hprc4_L100000_515	f64580e025e8880aa1d3dd99cfa6d43ac4384d407994524d52032688467386d2
hprc4_L100000_516	7863efb1396dd442de5e0f687eb792341da3f9e4e3f67d7da2e926d8c5a3ee44
hprc4_L100000_517	ad00aa4594d6a1bb67604013d62ef67195b4eb1224d84be90e1c7c6eb547a6b2
hprc4_L100000_518	9d0d9a51eb8677a3ad6d76cd8b9181915065a91484f06f653cf7a8b1cc193ef0
hprc4_L100000_519	1941a08f2594afd8a8f8d5415cfb1255039ce07c1ffe126ee194670d2daf1a8b
hprc4_L100000_520	f1d370b468dd9857835c7ba84ea18662fa808baff6ac31f4c0c19998dbfea4e3
hprc4_L100000_521	0b160ff81db4fdf29d79db33e5dde719c640acf6b1d0c71d5e73007347f6f58b
hprc4_L100000_522	ba8e524586af8e4be2e4348dcc4ed9c3e1200cdfd09b88b2c7c7f70c8472c02f
hprc4_L100000_523	e2e047dde4bd6ad2059889e3c7a59632e7878c68c373d80b139e8ea94b4fe730
hprc4_L100000_524	f49d275e14d0b59a088ecd62e1c06c5ce47a26bebb33bc4722f778830aae446a
hprc4_L100000_525	c7093fea855ccb11018e8cab20774f7db00b4076cf32727e1611fa7bc4ad5184
hprc4_L100000_526	d577c9ebffecddc6e1193992c8f1bbd0598e9e953a60cb020f7f1c7a71cad2f9
hprc4_L100000_527	42b8d909f70e58667074573dc8a4b0bfb48bd0832f84860036bc0fe4045560e4
hprc4_L100000_528	23c91a96c80d8a527c98f536d0dead399e8220713e8fbb0118fcadde4eee0d02
hprc4_L100000_529	2c88eaa24f0612bd6476bdaeb85e5477e4b71d781ca7e2b78c9c8052d7a62f4a
hprc4_L100000_530	7c41af4cba1e412d98baba3eddc38ea89bde487d4e08abc03b82bdd6fdc03750
hprc4_L100000_531	7ff808c8d705c7415847de768031dd1260bddef126697879abcb3e6086f7f509
hprc4_L100000_532	90273396606760e25a2d5bb10f31f24726d8cb88304e2bdfef2e1faf0cf079a0
hprc4_L100000_533	0f4d71d86e86c623bd3eb2fa4fed4c17a33c4b20aafcbec6a52705ab43d13f31
hprc4_L100000_534	b2c1dd945a302f0818f2feea7e332ef89b079da50c97abd4393026e7b964d132
hprc4_L100000_535	446779c6d2bdd0e39ed0861374b2f69f3e4007f449e83fcd0eb2419798f74e11
hprc4_L100000_536	86006a74119b06afd8701bd22108b55c10920636524a9f18371502afe9e7f3b3
hprc4_L100000_537	b524ae540f2ffd0cac77a9f2934b5b5eabba9bce1117b25cf1e52b793d798fe5
hprc4_L100000_538	335143d82e240b9a0a2a0d3a10f7b38018710e29f9d8b9e4e097bddd1c1ff503
hprc4_L100000_539	51a4521d2d675d2f8a34e3a4e7cd6ab8457c406fb87db60fe23012edb1502a07
hprc4_L100000_540	84ade9bd6400f0c447f84775e79b7072403e1d51f2a831b11d3d5478f06b1514
hprc4_L100000_541	30eabf9e3233348e674b78dc1e0206a800f1e82f0354506b17a918770e7ebefb
hprc4_L100000_542	208562514e0e4ca3b87c452b29db2cc8b890c861095233c9f100aa28860fa429
hprc4_L100000_543	ce30de4b77f9c4ba3c3f9e409dae0a382f77168380da7a50467cdb7e3556192d
hprc4_L100000_544	79260ab67e963e62a348109c57374ccfe4dea4740e5e3425e48daca846dfafdc
hprc4_L100000_545	67c438648e44f1f1f764ba3cc93a0d24beadc859f2e7a074a9dcdc3e5d6b96c7
hprc4_L100000_546	9917ea40604d6ff3bfb0c5e65b903a079ca9d71443ebecaeb0b9b27c41c14692
hprc4_L100000_547	0f04b337149b7aace61d5dab18dcad55df5d6daa8630b674d2ba9c0837adbffe
hprc4_L100000_548	eac189008334bfda41d2b0cb58a4a0d1ce7fc08ce347462bf691b7ac6417e308
hprc4_L100000_549	8d973284cda439c030be1199d0070413f5a8428808749dcb47bb3779e7d05a96
hprc4_L100000_550	e816fc52fe32f6892b43a63e5787d3979a38d647644b655557bbae34b1dce889
hprc4_L100000_551	3fd9db2516c7f9961533322d625f63c2d03869a256f6e8ed4bb777ccfb827e04
hprc4_L100000_552	c4dde835f9db2b276f0ec48d3ba85e29554c5fcadda10719461d3b70b6ca5df0
hprc4_L100000_553	2269fe97939607cc225f1c8f184980c047b3ab7cc7412f3ac9a4500977702e03
hprc4_L100000_554	b684d43846619206c380d8b0ebecce9e029e18a7c4d39e149b38ea578d91a6b3
hprc4_L100000_555	e9bac77081330f0c04afe595a8b72eb9cf3292580788c9f33f5dad4513886b84
hprc4_L100000_556	149606d32319913cc1460dcaec04b9ffd446bdd01fb6184b13b591d37488f528
hprc4_L100000_557	744cd7c28837608b9c4e577340b4295ccccc6fc456a5f17033b18b7dab9549ae
hprc4_L100000_558	d38e63eb058cef3fcd11a75080f46aefbac1bafb15d48552935ba47a68c56ea3
hprc4_L100000_559	54d9624122f569b174f847ad614b1cc8751f0ac17bbc8d78b795eb360f89804e
hprc4_L100000_560	d13ecb26b9fa90d1f944b3935bde948ce3388f0259fe7cdc88da8f88010e4b26
hprc4_L100000_561	4c4433777735ee18441fe414240e5ae24b5de8a989494c84e80cacef2ae56200
hprc4_L100000_562	67ca25ba9aa7ca7aff904340ebed0e3649e94aee56ad0d4f53fd5ad567d0ba26
hprc4_L100000_563	cfaa43590804c931612876ac3581ec4c7e1c2b19ffc61f02815c06cdf72fdc9a
hprc4_L100000_564	f3a1ac403737bd97effc2fd420799d73a98fd49486bf3f354692034075a91a51
hprc4_L100000_565	a4acd0512e4fbb872f854917c54955181fd2c2a39e7b6e8ec1f75c7bbbd51f21
hprc4_L100000_566	caf1fe0b7728a326c661587596b1fbe37c9ced4e04ebb8c4740d84248962e898
hprc4_L100000_567	13fe5f9f1eebb03ad221e8dbe5edab0f1eedbc809fc44a6b46dafae6eda80e1a
hprc4_L100000_568	6a1a6950ecc1dcffcea604ddaf9e46467cbcf90a541682cb9e89e7a4a5c553a5
hprc4_L100000_569	8e277c3e4d83b31438e3194d69d1c07e367fa4d6ec238904f83d23120bfb5c7c
hprc4_L100000_570	bb785736a3d211d4b107bd59ef8a7c359a747ec8ead55872d2e4a6e90a415716
hprc4_L100000_571	7cc4961ebf835b287f26363d1b3592785d7f8c35b0eb2583cc8e97c58097deeb
hprc4_L100000_572	854836546857f8bd7c5e7fb39e9d026e1011c9b59638e84ae28d84e6e94cfbbd
hprc4_L100000_573	f95046d61acefa571c5905a6003307b0a8267ee6a1e659ef416b0c8abb1af49a
hprc4_L100000_574	21d1db76102382aebed795ebc393552a5f43e143a806adddba70936a63812973
hprc4_L100000_575	1c6693c039385e25c23e97a48390a00448897a2bfe56892ac511c393911a3bc7
hprc4_L100000_576	aa9983ad5219f7568eb537bc858881c0e2c21a77138558ec86bbb56b4cc28dfd
hprc4_L100000_577	2fe951cbacef1a168dc527ba696f7e51afad94097e092317317d8fa5777ec9c5
hprc4_L100000_578	784b5adecc4235bb4c07852def07905258fe5709c42b17859890d6f7faaaad22
hprc4_L100000_579	c1ea142026811d5cb0b87cb6f2249ce58990574a84058339781b4164f816868e
hprc4_L100000_580	e7835f338d08c35fd19a095101c6d2cfa13f889853e0be772763628c6b0e158e
hprc4_L100000_581	b219828f97282fcecb959afeb3a0cd33ef384ae2488cb327186e182572f1394b
hprc4_L100000_582	94a380944f44dcdb308445b26ceea2437cbf1009839c5e9277d776600b3edf11
hprc4_L100000_583	beae6ed4449acdab16e9261b4b600552683ca73ca647b62dd0c476ebced87094
hprc4_L100000_584	e6d2f7e0c32d657537c4ec1635c356b8a42f8e2e14aebb27dc983ececf41b8ad
hprc4_L100000_585	c263281133a053ea201cb65428f93be32f67fccf42b1f8a4701a5e5a1b54e7db
hprc4_L100000_586	1d4ec211bebef2e43683ab2c77451e3a109efa131f091bb355203fbe92d5289e
hprc4_L100000_587	e02a9391e66b778ecb5cf4e576cac08dd57760bf86767f0d59cc79037eaa0a26
hprc4_L100000_588	94529eb1de527cf51408c2b3952aa0798dfe21e31f468b0c9a3c403d31718567
hprc4_L100000_589	54c4eba1f976f824f8ea91aa212c4e0f6d1a1a7dca71194dd43a650f8ae47f0a
hprc4_L100000_590	e77a634bb6a030531892152989a11b3aa86ab40bf05ad2734e602bfe73765ea0
hprc4_L100000_591	fb83f70c7c5d0dc960cb8f6b08950e1944093328b4ee3190b2fb7b21a71c994a
hprc4_L100000_592	d2f7ed1b7a81fd8c7a9d3ec969ea01e9a092a47819a903aa35907ff40194f3d5
hprc4_L100000_593	cb25485314122f9a50d2dca458e0fd00c6ce9502202f9aa419a2206689cb9e9b
hprc4_L100000_594	30c31666f8606fab67223908d50e0f32bb6f24f0bd599453841420dc770b676d
hprc4_L100000_595	74407bd3d0b63c226047298b00f821d609f0cda701ae6a93a7d31f798165156e
hprc4_L100000_596	ee4c8b08d88565d6a5114b981d5004d9c5e7b0b5b514e8f4482e46bc34c4e715
hprc4_L100000_597	22e05123c52f2db5fd77d5d09f6522fe789f62bf494cf09313c27280611025cc
hprc4_L100000_598	5c9f4ce9a683a63b9326a5e9dbfe8b43099a04552f53b9ea175a7f532d686c5a
hprc4_L100000_599	517609472870d849e8538b8bce76a0f621a2391a66f9e1c4d460533382e86ff7
hprc4_L100000_600	c925b5e51a5228d41348499861fc726c64102cc172c62613f4325a0e40836003
hprc4_L100000_601	766fc24d567758000597492352d445f4bffc618c384e4c59317202b486e5e884
hprc4_L100000_602	18f56f1a8c4b44a70bc791d1881aa4272334db9d68fc070aa9c12cc3f2b26f31
hprc4_L100000_603	f74f0b5645a43c1dd4788d883a0581b335f463e48315fbd923a1aea1e21682fe
hprc4_L100000_604	ff805682e549f5dcc4918121fd0b504af21589836152750c2a7be883cb09a557
hprc4_L100000_605	63665966c6d6a6d15f544d461aa78a70aa4a3c4d6a331eda0406944992348a7b
hprc4_L100000_606	ae0bc9d168d251b627e89cd61444a2bb44a23736b849fc37456c78cf24c940a8
hprc4_L100000_607	790ceca46726cc6f3ac019e2294f3817ede9b9ae2f9560d81937b005743f5833
hprc4_L100000_608	3f70848d38f48cab81b3d4dee39acc0b5fce61e5019b0573c05d912ae9d0ed31
hprc4_L100000_609	ddf353e69528eb21f19875a9a696f699837d3e945344cb93e2469ac294b27d4b
hprc4_L100000_610	dd87544a32b16d86a9d5670905680da69ad51de39cede9d78b742dc96850bf9d
hprc4_L100000_611	9773553e05b3ae705c6c4976c45ea89349537e9b2a9ce88075e2cd39da7ae136
hprc4_L100000_612	a3f514bbb62b63b40262de515aae7977047c2555bb353437dba471c0b8f8d855
hprc4_L100000_613	e2613a24bde68568cabdf54cf03d94aec3ff34dd4a98476e8f2d21bda6b78508
hprc4_L100000_614	2c31de7e0a1a489496d54d75be82330f5da888dc6b699b1773e9c4078e6c6269
hprc4_L100000_615	431f9507e53d35a5cf13439be56192bdfaaa1e88d33948004799144e8faec5a8
hprc4_L100000_616	02915540eca689219bcbf45602ee01340a42fb6c7d807fd3b10c97125b6611a2
hprc4_L100000_617	c11192f78bd3b68990b8795ffec4a1861dacc0f9e63ac31cdacfe6d750bac5f8
hprc4_L100000_618	de9b76f7dd8d5cd9bca074e5896aeb5fbdc8b2299596344fdf9d31c926973451
hprc4_L100000_619	02c1afca992e8cdf2d1cde00f26f4c8f589e101a27131050d807f765a1595472
hprc4_L100000_620	7f4d54e8f1b02e7fcdabc67e62e435c09749d56bab77c1762d15c3bc718cd691
hprc4_L100000_621	5b6f262691bfe8425b6ab3e1945482132baf854ef0033ddb47962e54e7b6860a
hprc4_L100000_622	ee6b93a423ba607593a13327b9d05ac410db1bfd42c46873d4a6805fdb573b02
hprc4_L100000_623	8325f464530d4733298a4136985a38ed58acf641b1d11737d57905d5252ea5fe
hprc4_L100000_624	f4a35533b5851981a009a113488c033e32b367342b960b45138020035290035b
hprc4_L100000_625	8fe68b255994d11e14cd247ac3822e85612259cdfb71df91a6d188c8836a9b78
hprc4_L100000_626	50104d78d32b9aeee1f4fef13580932070114f795864dca9d4abef60b02a8c3e
hprc4_L100000_627	560dae1c4af653865376a8fd9ad416d5b095a8c67dd65ff2b07b4664290301fe
hprc4_L100000_628	ba7e862889b75f216454fc4e0a4af4cbc6e02c183756f7b4c783911d6a2109ee
hprc4_L100000_629	3d81d5a99f800322a2f9d8b96790ff24ea385f00dd2b26076cd062b9cb120f6d
hprc4_L100000_630	f4a215cfca3cc14a52e435c9d66f390a8a1d56e50f360a7c278d16e8241de562
hprc4_L100000_631	67c4274767fe7037430268ff7de74ddbb9bbaa3e6f2b41445972765d68de0963
hprc4_L100000_632	f569fa0c64686b46afe6a9adbdb31ec639cf537061e62793a7586208f53751dc
hprc4_L100000_633	045f72b305714129ce7c5a1ce30c20a0d7aeeae9b487bd2cd4f9b50b5b0062a6
hprc4_L100000_634	220f70c1ad4207ea3da6f20bcbcc83a9daaab55a6a3ae1a0d22390feaa407e02
hprc4_L100000_635	5205f675eddc94cc3e5694d5f504bbc6d2b5ebecad00ccc77215b30bda4496aa
hprc4_L100000_636	9feb6a5e4274866160eda45643ca501f6aefb322f705c8f76fb5dd6232003554
hprc4_L100000_637	2894abee0f4f5a83891961d6b26f9065f592aff5038cf0cab7d01a6c6fe7569f
hprc4_L100000_638	d433bfd088b6ee55895ac22acf322fb793d6fd8c1151edd22c6305cb0505bce4
hprc4_L100000_639	be803f0f0947a9197d7a5daef9c42c11d217be7133ccc8abeb7dbe17e8095f37
hprc4_L100000_640	58ed1f02626fad47262291a75995ceb21439a23f786effa671d0cd936309547d
hprc4_L100000_641	32c7a1529d72e607e6d3c1a20231ac7afccffd0ed657bd845300c6a05d789189
hprc4_L100000_642	e0356fadf7d530b4826dedca8bc59325c4550502d1da3c55e5f4430d35159067
hprc4_L100000_643	9594f0973873ecd2a60cfb44eae922b469be266a3a7f1829f28d8eabcc563be9
hprc4_L100000_644	64931a173b6471880429b3397daba57a748ac0b34fa4e128a7537929f3795c85
hprc4_L100000_645	8884c089a97b257a129d1df1d6d0c1165be1452ba484112ef3b41ff67a01c9eb
hprc4_L100000_646	23db5b05cb40b92e75df0838132a6a89f5315e789d0ca18072b630608999682b
hprc4_L100000_647	e39c44f1f623d9e2ebe27a6fb9bcb860316f0b5bb0443d0912b212520d045a9f
hprc4_L100000_648	fa43b9f51d2103903316b5a4dd22a3b85f2cccf344f453176cadeffcb63acd4a
hprc4_L100000_649	d1093a3fb20a435123d6bbb157b3c45e8b7c91725c87fc05f3cfea663a4be40f
hprc4_L100000_650	fd3900bec8c4e2d3c02aebe96317c0efbca53503c1c700e548303b2a7dd6cfd0
hprc4_L100000_651	1a4990df5f7ec6846797656ac1bb0297f0c47879424c1a6627634433c0715ad3
hprc4_L100000_652	8d00f60622026a47f18db972423e2b2511914acbc09cb742875f8f8a68fa3c04
hprc4_L100000_653	2a4e86a7d1704892fab2905dc514f622d8b36c911753d9bd17ec9632c6fc8c61
hprc4_L100000_654	a5ff8c878b73c3da7bb9faa8bba60021d71573e41efa2d158f842db86cb73534
hprc4_L100000_655	e014a6465c00f0ca42c622a1b3c9a3f9e75243f87e59ec5b9e547c06b743529e
hprc4_L100000_656	eeae0655037ebdee3a5f61997184bea367996dd429f3f72abad372dcd35c1d08
hprc4_L100000_657	f2290a0379ce072691efd2de4ab4f0dfb017c4af4e3d325171c1b011995f61d2
hprc4_L100000_658	0999cf046d9a7e691d0819102831117bf7df318f098954d7b8d0c79fea5af9ec
hprc4_L100000_659	96940d11ebab72cf0c78b40290e18e5195aeb7666bbab1487ad381021cb50860
hprc4_L100000_660	649923d5172f6901c9209f52feee5e8107d62310930f48744069932d7891eaf0
hprc4_L100000_661	ba953dc2ab0ff8940e20920b0061e8f53ac37fd95a66a7e9753d153d944992aa
hprc4_L100000_662	f160f93935e2f9614b19b109c007d449e63a21ab973a2fea00f96c7ee408fefe
hprc4_L100000_663	ae2ce3e105a3c00fd7f0c14b7fb9f7f254a84422c2f13143e1ce682b63402e07
hprc4_L100000_664	0c725903b9af1bc4025b52c4955ecb6546e5cd10fab151977e375c1a9c57a114
hprc4_L100000_665	c88e7e87d47b5c04683e22652141ec83c9dc240a3414f195d84ffc4a84066447
hprc4_L100000_666	ba3b49c648fb79bc3958482e219a40148e0f05b3467c738082be0778146ebc4b
hprc4_L100000_667	f74baba00496440ae781f4b00838e6bb96d615bfdf7ab09a0c24162d1e785bcf
hprc4_L100000_668	fae76fba45f3a0fa429e92c893c5e632a071f00041ab5e5154d6576de002610a
hprc4_L100000_669	c50918db494920cf4786ef13b65932d656b60f48fd241d9cff487e2029fd65f5
hprc4_L100000_670	9a1c1f87de7ae3b4b90707f73b6e55500ad88de42be914a1a5346e279581323f
hprc4_L100000_671	386169a8b4208cab68f7948dee1d048623ab33445df33fb9b1beac99b9acd791
hprc4_L100000_672	a4b082ffb2728d06c039e69f01ed6d5fb07b108d751ebe23a81691b6109a9a33
hprc4_L100000_673	7f7b0960ec66ce1e27cd54bd5f6ed5c7dc2ddea072b02f039672f4fff66e3425
hprc4_L100000_674	baf69ffea3fdd2a7c952e323ed904e0f3b461851ce0cf9d2084d9ad50efce7a9
hprc4_L100000_675	f7a05ff61f4cef23b7171ae47654a04421c1c7f73ef4647e87187469bad6ceef
hprc4_L100000_676	0406a2816e7a65f7fce76f3495059666a946e6a333d31d61434b48c15033bcaf
hprc4_L100000_677	d352c26c285ab0f7728c002a183f1351daa6b5ba519b5984db2ea5e01e965ac1
hprc4_L100000_678	6a4a359011fb7024b77da5bbde961c2c93f2fa3e3a911ed8ffcbdd1fb94bfce2
hprc4_L100000_679	4384d7c1f3a3e19ff520b3ccb096e31352fb5088756833bed1810ab5a9a4f508
hprc4_L100000_680	ee2390a3afd1351ee75b5e1ec1315ec8dd04dad4f11b75ad002f0c000e4b0737
hprc4_L100000_681	80a9390e677b6a36ebb83ef331ab665003ff369fdfee3d34c1fd762637b36890
hprc4_L100000_682	afc2d0914b2657966e7a970114d81f0564f7bebdbeee51493eaa2a35292d21c7
hprc4_L100000_683	43e6ec09609a8ae8cdd0b1b1b438f323db9264f628a987b7dcfc60ca0228983e
hprc4_L100000_684	d73505ba33d31971868d6ff26bc9606fc2db6a50f8405e1712f66ec8b92880b4
hprc4_L100000_685	1967355fa013d0b442c3e5318ae405427b50d69f40c5ba157b999e9fb9a249c2
hprc4_L100000_686	52a80c4ba64b9c5d652ddf850e262a1058f29309ee389359b7103947e27832d2
hprc4_L100000_687	f812e8460741f5f625dc4d52c682be5e56bd8ee3f2c7396bf3aeeab8407c34f2
hprc4_L100000_688	c3cd7108fc70d5a635360c4ed241414b41480e12a59233f33128e822716ac1b1
hprc4_L100000_689	49404a0200420f212dd01e34b529049faba13221a3c463ac4661b912c96b334c
hprc4_L100000_690	e7b5a90ead0c9555bd94c31fcdc7ec8342ae1eb0a36fab1629935a8a578769b4
hprc4_L100000_691	2a5b2d1ba5dd3f295c06aa308d73915530fdb6138ca69d41522334016f624260
hprc4_L100000_692	96825fef26ed6224f6adb19a900a8eb125c16a671e61edeaff71d1f17cb36699
hprc4_L100000_693	7bf4711f206fe843577bdf65957763df8745d8c657412d3f47d7b5cc7cbbcec3
hprc4_L100000_694	15e0c3a1192d2d6a02f2d19860d2259fa767d646c5821330e63e96f4ffeb6f48
hprc4_L100000_695	028df401e739b1499541d8b3317ecb15778c1ae4ceb97e932b1aad7d01223dd2
hprc4_L100000_696	f98eaa7911aaaef2020e0e8f937600b6f2b92c394893259c3211709b9585a81a
hprc4_L100000_697	1628eb68af5be1f65aa2868d9338604250c0745e0c6035e50f46ab0920b097f1
hprc4_L100000_698	b6f92cda18482b8cd135de5fd473da09b80dc374790cda1060d1578988795111
hprc4_L100000_699	6ea9f6703c18281e8416e3fb025131498e291512161c207fb3356087dc01583c
hprc4_L100000_700	d405cc0ca9fa1a7c5d7d6b5dc5daa8f90c8e8168461096d53770070490e9c90d
hprc4_L100000_701	b608e81c44a6ff0d858e31a1458ef10d22d265cee32d327106daa725b186bf40
hprc4_L100000_702	2fd2d2d5ae98a5a12d2cf4f0379d9f35028420562b7670fe6aa6c7c94a432c81
hprc4_L100000_703	c940998d9eeb9657008f6875ae888fd625737aa98b6808305226911750eeda0d
hprc4_L100000_704	e7f049f101ae147fcfc46be929c4d4475fa93068bccc8a51460af59ba9a82898
hprc4_L100000_705	a3dba7b0928ce7a6442d3ffa6caaa96d0eb18ee96b03da4acd5f3e93be6ea915
hprc4_L100000_706	509e0aae4d338b50f44c9f01f39610ccbb9d4a91ace9ba4b965ef1c2b0c2bce5
hprc4_L100000_707	3d4303aeecdb3c868d4d632ee599fb795933de04aedde2f72fe1b5b99b38accd
hprc4_L100000_708	ad19333a2b382d7257c1e71d3f79cebc5ecde4a70162a77bfbca7ad47b01b6ec
hprc4_L100000_709	c9c67c4b2ee4d4bcc4e56058ad0d14fb0fff265db1f8ccf8f178bd140bb4a87c
hprc4_L100000_710	df00c36235cf8f477ba0657340b83da399e607a266da018e71294d2760f622fe
hprc4_L100000_711	632ad088328dab03d8cc33ac3a6b4492f7e3458a52977c66d786870a83217ca5
hprc4_L100000_712	31d60d63d44489dbf48dc76bc90b33408fef083e318d100114251848f546ef13
hprc4_L100000_713	b947d1691730c1fb97dbdf68d18f3112eb3b02fad963732eeab0490212779b92
hprc4_L100000_714	703c13af1b035f0854c6e55387217be24ec467c796f8f3a9f8dc654f31479124
hprc4_L100000_715	fa817652b97f4bbcf7cbc2f156eccb52ef1ace8c43e47f7b5a5bd10684e62e7c
hprc4_L100000_716	13d982248638aa9dc92f6392f38ab8fb6ca9558b45958932df66fb3fdc335ec6
hprc4_L100000_717	ad12056b76a84885914cac415502ea4d039ee2f6b9737a41c4264a1176e082c9
hprc4_L100000_718	f22b03bdbf6fda77c53873007ce3e46ee64aff3fa47ab889876552d194b80e83
hprc4_L100000_719	d05fdcadd93369ea948fe713f1c3ef808b3e0e47d838c247ac1f9ee1f0c92d8d
hprc4_L100000_720	986312ae89c1e80704e0e78199650e688d5296fd247ca3cf6669046c9d922b9a
hprc4_L100000_721	afb304052a92c93041e76c87b8d4bf6cc2d0d5986555fb2b047b1e4e5642280b
hprc4_L100000_722	2cb4191dec51cdc041d7dd7d296950f856a030f2145df8d9b90aec3b7d5c9538
hprc4_L100000_723	c37cc1b9888f7a0411a2cde325a7531edfce4a819d3c72108a226fe43b948403
hprc4_L100000_724	5129667ef831be78a4a3c6a36b21e85ddaf9c53587207322540e4a740b37e541
hprc4_L100000_725	02fe2cc56b6bfce0eb65579f80120ef999c12b70738a6022b0f687c8a477e165
hprc4_L100000_726	0a75530475f2c44b63d96a156289ca8762bb7f58b93442abc27a9eb2a6778bba
hprc4_L100000_727	366dbe4edab2683cfd7ae8c1e4cfd53ac9d170eec925de2083ad067a28d1708d
hprc4_L100000_728	24f10898908ed10297d5719c86d0e74ef41df52eb9d69fdc0de015d92fe9377e
hprc4_L100000_729	1e6b0b730d778137d1c09dfa1ea99eab1278c0a466bcf05c53dc1451740e56e8
hprc4_L100000_730	9560083434692e7a82b5748a8026f124168b86195ef739ecee4315233df4055c
hprc4_L100000_731	5578590467a85f0a9c254e35af6b9309c1c455f81752dd04e34a257f7e07d424
hprc4_L100000_732	4b4b09cdf680e8a89de92a62f328489ec129b0791baa10ce184bea6a853da38f
hprc4_L100000_733	b61789d5eb883a33071e6a31c0e82136835b9e0bd39f9e9faffdee368c47eaaa
hprc4_L100000_734	fa5bb7da800effb42e507b5199c39e95ce4b0f89edea0d3793c8d6b734f9ccd4
hprc4_L100000_735	301e10c64c6055a2ca137908ba6340a4c956b1df032aaad7f1a3afe225a2ed74
hprc4_L100000_736	25fae451b652853dd930e1fea58867f3249e3cbe06df5c40e6031a05136cd70f
hprc4_L100000_737	db57c5cdc493afc0caea46342ba3480a7844c3ac540c412cba326e53992a8567
hprc4_L100000_738	fdf66d4f2a2e2940910dc95986d93dc2fe3193707849be844b2db63c7124ced2
hprc4_L100000_739	7e7dfbac421a142c0aeda8f39d048a73d7da5b11893a2ee4180a5013f73f1092
hprc4_L100000_740	79f9dbf1096cb96c5db2f7f9fe34cd879f813b83d8005016b4d57a04fd8ecc6b
hprc4_L100000_741	b467d1d6976bdad55c734ed9e752b65bbb968ec6972b038337dd2d442e1f3925
hprc4_L100000_742	038b71dbf9008c87d8a91bbf09074a49ff99138745591cd2c1955cdefce8ba12
hprc4_L100000_743	49c36743c7cbffe6cb22be039c0942d1d8132261e5219885a2213f36b95f8a3f
hprc4_L100000_744	346f4bdb721cda0d617753dbac82cf069894eb9f8423aeec31654434bf894284
hprc4_L100000_745	7bce34cc47e436ced589f8ec3b5adabb5d121ca5dfd1ff7ce77ce0aa2942e0fc
hprc4_L100000_746	1b4ef3558d86b08829005f28a7e4fc315f97270b7349076ca90b3741cca31d1b
hprc4_L100000_747	198515e70bb7ca346cec54e0adbc9baf5d7df3a9b9b820279fc51a15d2297b8e
hprc4_L100000_748	d9a7cadc0d5d4b2ec84c335a94083dfd4bb2927d113a842dff289faaa2843b05
hprc4_L100000_749	3d1d9edcf96cd381355ecd466ade77ae87114ad9580501185b4ae2af402c1168
hprc4_L100000_750	a2909584809ec9489862d2583b4841e7cf912c3a1151b0c03e8350702aa26763
hprc4_L100000_751	05d78dcb544f9bb433f2f37e50a665903ef8d4bde2780664c3de6c0d1a969539
hprc4_L100000_752	642cb50bb6e8ef13a2289aa63b73b1e4262996670cb2dda8888afab884655e9e
hprc4_L100000_753	5a02cb8dc7ff107cd08258606db8431f0eeca476a31e3a8fd136a5dab3ff09dd
hprc4_L100000_754	b6037143d5c38cd0d8f9c77cc6ad663c6832fb11ac139c20750cedfb0afaf7c8
hprc4_L100000_755	053c7ee841d0edc1fd3329f695b0e3aa0fe1b66fcb262ab8c96f70ef93f5368f
hprc4_L100000_756	7faab6392f69aa5c8e1dce45d9d5f2f2b2299cf5a0d83d00ba5f911ff9d5734b
hprc4_L100000_757	c20b55b289f13c48d45abd604ebe5c89d8a4c7e31bde48499341f27dd5527432
hprc4_L100000_758	11283f5ef1c642d3e01902cdce5edc5321e323242cdd2ac4c09ac54df3c0684d
hprc4_L100000_759	de919196fe688b442b222124be8d81c295fdf3eae6eb847e627b9b24ddf79b16
hprc4_L100000_760	32e60032ec08fea83ed29d2e3eb8f24e5c3d0eb699ff50ef883a6073d888e82c
hprc4_L100000_761	84c3cac7446ae008e00eebfacce590621cec22c98a3fa715484fa00bc74c7340
hprc4_L100000_762	940401f9ba4b9919fafeab62d0cfb220cfc373b8fcd39be9c0d9d052a4ccfcc1
hprc4_L100000_763	a94bb046e1422260a881bec31d69b17c967b06fb5e6a1f7ce5870431844be4db
hprc4_L100000_764	22ccd6134df101aa09279e185895d8ddcc38746cc40b90557a260481917ba81d
hprc4_L100000_765	9224e2c31b8177306fd04e9cb590bc06d7d4d7b82c07db57adf1cdcd1e0c15ae
hprc4_L100000_766	4aa713eaecf3f3de6ad31ee997937754aa784a92cf5487fb75b52b39666d89cb
hprc4_L100000_767	2e7d1e5ad7042bfc6a3aedd0f5a920bcfcd5d98d0cbe3c05e4b8876d5ce91557
hprc4_L100000_768	17416e3efadbfc7087fe1afafebc3a28c01825023008dcdb386eb47df3ee5987
hprc4_L100000_769	e6df99b7e5486eb0aedb07e09527974850dac149aabe386a2268346c4f3a241e
hprc4_L100000_770	1841a22e0af0143c9b5eae360c141377f54cbc200b51feec6422031d64a12bb0
hprc4_L100000_771	e2bed37da09df96338eedff28923ca87b54cdbcdb6b24caa3549f216d29c9131
hprc4_L100000_772	60e5bce305860592332d8eb70cdcb861e83424680444b8665322ae4c22e9a22f
hprc4_L100000_773	468f12c1d396b4839779f8744a2e3e8014a53807b44c63735e9bad414526eda2
hprc4_L100000_774	046d82e0c14b895f72ae68b4493e7992064eeed1b2dc51f0b0b88e7f5b57fc22
hprc4_L100000_775	3f787bcb4c5538b4c36f048c57b7023252eccbb102b9a90f3a8d952a0fdeacba
hprc4_L100000_776	6c9306f103fe740c3a0712a2968f458766ad374c089310c20f0e97ee35f1445b
hprc4_L100000_777	b0fbae85f9321451bd8587c8314f467d9496e39b1718f8125a477eb7fa381328
hprc4_L100000_778	e906621a429437c9d09411c20cd79bbde7a09ba0b2f25c68a6d7612f90219b4b
hprc4_L100000_779	c3ffc14447efec611a66c52ea00b25763f7e42ea344fb56889b226a62251df7f
hprc4_L100000_780	1e312bb8ca3d71219bc3ae8c4318130904719270a9cc958c31390b7e0537bc40
hprc4_L100000_781	7bbfed599a3e2327d983aeb853735584f9491eda9a53dec8c173a58b545c9999
hprc4_L100000_782	9b3654a4139c1d82cff6664b9f07998b82e8320f883da054ea1a213c7fd756aa
hprc4_L100000_783	a6599338503872de66b48660e73be572e455e80ec10eb4333ce602026b9ab255
hprc4_L100000_784	ce355a983e12c68baa18a5ee776b2d901e7aeb43a64162cbf3d49535ae134731
hprc4_L100000_785	5d541e4e75f2f1a7c272caf1ddd9a09bf0d273c7fc633cadb49c40c1d050b6d9
hprc4_L100000_786	27e7305f3c8725703787d37f0480b37975be30fd38b40b8f0d0fd4128b02bbb3
hprc4_L100000_787	56ec4749e6f0fa6c2b527679ab1b8eae0c888b80f481c38f1ebea3c531280c2b
hprc4_L100000_788	9aa89c4c5b16c542535b2fa3e302d2f69782f5e7b2b411375b7b8c2df3a1eaae
hprc4_L100000_789	4f58f49f1be79d34a187c936d9e62bdfa02a32e4ee0754b37ec1cb18f528a0b6
hprc4_L100000_790	2cc5838a58b30c3e77e0e2a04dc90fb8aa4a76668eb959bf2cd523431e30a5de
hprc4_L100000_791	11b0aab093d36af9220690c497ea9dad566a8a23284bd9c6729dc7738aa17cbf
hprc4_L100000_792	65f959f81372d837baa7a5d6f486b5bbcc17cd29a0a3df057bf7bde066a5a103
hprc4_L100000_793	f06af5a20663fd5c84260ccf703e5a8792a3afbfea1895f0843e5b54a1fefaec
hprc4_L100000_794	cd3540c97288771e41120ecd8d50ab98915ae1886ffb166bd4d2dae231a9bce0
hprc4_L100000_795	2d4e6d0fffdfa9cf84eee00aef1cbafc0a0e0af174ce3fe03b8120c843c36109
hprc4_L100000_796	db5862b1e6fa7a15fc127eb3f8298cd261f4d155ea96f7c9e1a49c0ef3f42e5a
hprc4_L100000_797	647af86089e203b0e3c31fb2591311da7f600870939a34f20d91bc4ae4e3ac5b
hprc4_L100000_798	4a311a5e65c3d0263402f977cd9781e0a02fdeab73420cfc364810d1f8e3d1f8
hprc4_L100000_799	08d773b25ff776fde6dcbf5a6ba824e95d4994af4c91b1cbe3457faeb5f614f2
hprc4_L100000_800	6654472f902301f7e7e9c974e5e57d6261e3e93207c8878fc5fa31226462c6e2
hprc4_L100000_801	8e1911ad0821a34edee82132dd611f750f01517141fee27ad49ff979ccdb8a7f
hprc4_L100000_802	bd5e52bff5cbdf7e6e4cccbff1b040d413c21b32f1f1e6899980053f2d51969f
hprc4_L100000_803	ac858d9862306e262dbf75685bcacb78018093dad560682ae2744156270a09cb
hprc4_L100000_804	d5273c089f1124b09bc795f1b1cada161047600f05300a285ad1dbe355d50b2f
hprc4_L100000_805	6f7007980003b21ea0f62446ed96913fcf13f14d16aceffd1dcabd9d77c855c4
hprc4_L100000_806	7e896116b8364c6b41b59acc193a9a540e7550304a17ae73102ee64f27784bdd
hprc4_L100000_807	934b3ed6edbac6ecec1f1a5eef412d64ae6d045b2d57c30b33107e9695dcb56a
hprc4_L100000_808	f5246e0890165663ed5080ed929090e7bc09afd5bf15d5ac7e7052ceda172ad2
hprc4_L100000_809	71a88173f50f1c060a4e5b550ead30a7b51ac3c22ba2bddd68f56f583ec88ec7
hprc4_L100000_810	9572245bacccc5ed8aa1602f4234f108179bbdbde1b88b091592724668f9ad97
hprc4_L100000_811	d6502e414ea312f177239e22a714418b463263aae82d3f36dcf2240dc0924ef5
hprc4_L100000_812	01523792d125fae4a6a530c4efacf0fb063e332273b6d6d80ddd48d24f797d8b
hprc4_L100000_813	00215713740bf50eade13acfefb00cbadda2b07597dc48a77f7a8a8f30941227
hprc4_L100000_814	5f14ee16bd4a6faaf2c324f335bc086bff840cd221002f803dcafa75bea2672d
hprc4_L100000_815	8a58cd1946293f7f0eb4b86f8d8a55ae2795e3a4654e2c6976b6e498f7179aec
hprc4_L100000_816	d8738207ffbf107efb30e2befd63bbe336b537518be0b79929ecb529932803e8
hprc4_L100000_817	dc153aeeca7c6d5b6b9db70e4d7906693d8a29d94956f71f8afc8c30828979ef
hprc4_L100000_818	cb43b7f9ed0e4daa9424be3bb074930eebedd1f58c77f417c3a04898b8aa1d06
hprc4_L100000_819	b45a756bd4b465af00bbcfca88e3b15d622f2cdaf1f55b87fa175f8c0842adde
hprc4_L100000_820	e79d7b415e518b38ca64c10ec767191ee03df6761bfaa76ff6abdeafbcb20e93
hprc4_L100000_821	02ed0e6053f2898e6948977ae874a3edea2f2922a17b733ab904172f70ab1404
hprc4_L100000_822	e112ac88e5306c99eb624d715dbb991efe1a022feb383e8705c9cab86382d65c
hprc4_L100000_823	df5ea628869c0fc681009bd4ed50cfb7a1fcd7cec6e2bc5eed281f7a96d8d43e
hprc4_L100000_824	d3cb331e64e31e2c593f9587df9310ded1ffc170f77ca4c7e5d8648d08b6a1d3
hprc4_L100000_825	954370fb6ab6048a62dc10872b0c867dbd30b826e1013c0936e5e92e15c490d4
hprc4_L100000_826	9a078786185b875708b38449f5c55b66cb373346f32561e57da5032d22575bee
hprc4_L100000_827	b48212293bae790cfe7c66297aa320d1d1ea3fa566956e3bae826b3ef6a2d496
hprc4_L100000_828	06b1cd67cdeb358b377e815cd803c2b73778d62b7a8694bccd71988ea8016dc1
hprc4_L100000_829	0a5cf62553cd1cda4d15404aac6bcbde583f5c2ab241f56e96eed49a7f05b9ed
hprc4_L100000_830	88a1eb506bd77b38358f55dd7f80909a9fda695b7e29661b534228a7d181d699
hprc4_L100000_831	0d09a8c6e95a02d482912533a78b731513e0a431cbe8929929d0ebef77784a60
hprc4_L100000_832	6fd786e8621fec18996c48a9768166244a6c7c78f6819aa57d0d83133a90ad89
hprc4_L100000_833	e1cc243e54aa68ac9160bee4f83718750556d19d4216766ab1c39a0ee51d4148
hprc4_L100000_834	3e982243f479acfaf06245a796d742e6cb6bba53e2fa9a065c9c996728eaa8ce
hprc4_L100000_835	2c48b9770b13b78b09d19b85dd0d8880c47adb9069396d952c3b7754aba04676
hprc4_L100000_836	f7d83a9aa53ffa488bdde6910ebd5828a3a73290ea59ae3e2b05d144cf7dddf3
hprc4_L100000_837	af6906db8fdeb841104adc149975d1c29da50a360e27467375af3f55b2825000
hprc4_L100000_838	481268f6892f2e06b4c8b075a9d226bff7ff12d271add82d72a369c4501a3a5d
hprc4_L100000_839	81c3fc6a2d0297b41d802c0a7704cc30b2ec14097eebe9d1919ea25f932d43f1
hprc4_L100000_840	c0ede847f25217956dd5c429472afa530aa30a4d25757c7a58bb2715a2cb4dfa
hprc4_L100000_841	ae96476da7e5dbbe9b0a9e3eefbcd90a07ee4ed3c3189c467bdf58b2912728e2
hprc4_L100000_842	33bb90d2ff68b6edd7e0049770080ba5bd61a71ff8c3d6073726f9da73d720d1
hprc4_L100000_843	5fbb6f9695befce182c3dfbe07c4fd1f2fda5bfce2f1942c1e4c09fd3efd0b1a
hprc4_L100000_844	8ca523303724c39308fa09fb47b8599c11d7d9e18afdaae130185bfed50937a6
hprc4_L100000_845	e3f97c4ededa3ebc7dea71e1e30245d702a2f3b09876ab6e291644153cfe21ab
hprc4_L100000_846	92a4e61b7dd4235ce5a2f5b8e13fa192746875fca006717623dee6eecacd2b4a
hprc4_L100000_847	3a1cef2c4c1978d784f7241b8be00f2a52fbdf10dd4dfc9b2b79e136c58c8e89
hprc4_L100000_848	c6d48ed00421b427c5c113579b6749a0373c790ede7bcd1cbb7449c214c87363
hprc4_L100000_849	e6ac3fcd7a6863fc85f58bbc336ad79c9ba3d7a794d99d852759c6559aa59977
hprc4_L100000_850	c883f215917dc4ddbf599a45b97df23f932605cca1d0f8749be04ceec27b9df9
hprc4_L100000_851	0296fd3e865b6f8a7c255541444347b1f91dfa42b7515610a0c766a6236abfef
hprc4_L100000_852	5ae0861d72ae1be24a54722b6dd5c596770a4ba9e68234cdf964940eb875c6a8
hprc4_L100000_853	658a0baaa918e2b9709feeaf25099f5d44c37b60dbc74b9f8cfbc37b75d4496a
hprc4_L100000_854	2e57b43456ce31a5d51080a636b5407fd4722e7d7384262b8c3bd08f6cd1ddad
hprc4_L100000_855	fc1a166938511570fb48292038a33dfaeeba3ff3ae062e3f93177db586f1b523
hprc4_L100000_856	03d46947f9c9c0268136a2728ba563a5be87d6ea07c44bf7545b4f5950040551
hprc4_L100000_857	021ee1d86ae5b584ceb8bb13c1674462de28c9cbaf3e043fec3570c06cd03616
hprc4_L100000_858	ba36b634a92ce32e315c717cf17b54c098d2eee19a5aec801554f5e591da64d0
hprc4_L100000_859	608ca59658d2a478620a042dc421b0d65d1ecf0c91a22f421a4f2b85c50be956
hprc4_L100000_860	297c359d6a86f0faf8864e8157798ddf97a12f13876611d8408fc6e4a2567555
hprc4_L100000_861	c296b6914c2605134c7387b4e4aebbf5b41356ddac149aff2181b698343b1636
hprc4_L100000_862	15d4d03eef6e512463c2edf946371689db84cc0cb8f283f504f2e2c3fb5319f1
hprc4_L100000_863	210f32ce0746d102c2bf8c19354edbaf533bb5eb877c76fc7d84e74f9a6ba375
hprc4_L100000_864	79d0660c925bda18c82652d0ca0ae311116a031654727c11f447c87ce4df0040
hprc4_L100000_865	b6ea4454f58e4064d861440347dd5c4b0c2cdea896b6ff003253f96a7cb891b2
hprc4_L100000_866	ffe4adbdae4a0eb32ab476a3820d48a1b4d4dad16b058528ebd63c9f09a1e21c
hprc4_L100000_867	1e486cc0b7fca06e62cc3b26fa267041d415a5990ae69a663d625feabd9e0398
hprc4_L100000_868	8d57a5c0ee305dd37440e80819468448f29e5b096e0fa9388bad266e02809256
hprc4_L100000_869	89222214a7054c56529b4d530526cf2f801fe81cd72e106028566f0561ef2b7c
hprc4_L100000_870	e7848f2407cddcfb8ab13a80f97a724f5ced5a99c5678ef7aec8bac357625d82
hprc4_L100000_871	a5d5d95b7298bea5abe1490c6a3535187dd0bddb820d26bfb6cfe7dacba4992e
hprc4_L100000_872	7ce7886609cfa3df333fd8b6628ad86eb35c1cd0829da6b6c3edf55274536145
hprc4_L100000_873	059e1ecc3744794ccff704a201685b3508511022b8b376aa49fe0c6cdb6018b9
hprc4_L100000_874	f515379527eb2c3406ce7dd7b41db6351d75219548fa1425eb5d7f985b5b6b2a
hprc4_L100000_875	f509c68ad7fcdbc79386c45f8d09286b613a887016fa3b662cff5d5c8b68a2c1
hprc4_L100000_876	49616b65f83131e38a386bd2032818c501dc3804edabfc82e82fdf7fca304a23
hprc4_L100000_877	a914ddc3d5c93a3df42d6ebbd44fddfe59f0f50e28e8726cc4293c1d8b00ef1b
hprc4_L100000_878	c45c3ac6dc5b631803f92bbbac1f2f3874ee39ec3700a1f185c09865e8047e05
hprc4_L100000_879	aaf254e71c453b2c95c551069b67e4057e8ee1305f388b72e4c1af87ea203cf4
hprc4_L100000_880	4f359be7762af8ceac610bcb9ca457890bfa9cd14be2c80a831cf674e90d9cd8
hprc4_L100000_881	3f83676c0a6274ec90255eb9d62d241d4dccc012ba3e466fbfacc5ccbc80a71c
hprc4_L100000_882	07ad9a3e8eab043749129d6045805d9290c66f464d33961bbf5c022324541536
hprc4_L100000_883	5760c331102079ef2407e4b1b0899be29aa53d966ab298571947131eebb7c13a
hprc4_L100000_884	0ded06b961399e6dce8edaa0fdd4b284df6f601a0c41c90c86d1e0c8aea13789
hprc4_L100000_885	1e47730b04181f33fd852513fd7ec48d703beb9453f3a8a4360a350efd63265c
hprc4_L100000_886	40dbc6762fe241c70760008e17c6b9abafbabb44cd779abff0d96890550d6ba5
hprc4_L100000_887	c23123daef1c6269ae53304a1756fc5e432b4c8c0ee91549d4c84fb38fa90c12
hprc4_L100000_888	04a8ad0cff29ec2569723827ec87c0b6af5613b8f10c67927ed5ff37d9b466bf
hprc4_L100000_889	680df5d9d979a79aa546fe01d56a46b0860e21c4bec304adf75fdbba1e170114
hprc4_L100000_890	d4fea95608e1cedf1057e5a218f1c44d0283942b7bb34b1966957c2d04ec5b1d
hprc4_L100000_891	14e5ffcf81c53a388a87eaec4c8e6a89f515e16a21c1deb5632fb3503ab55823
hprc4_L100000_892	efdf6b14bb422bdf8f436e63caa4743ff2f51b98aea82404d3f1919404bcc81f
hprc4_L100000_893	18b80f166dd80f7e762db177ff1e1e4663fdaebf9a19952cdb5032cd85d3b10c
hprc4_L100000_894	9a85b5675722fb82c7c7c7d9eeebae9e4d2bb504a3486a9fc0a92f534d3cd709
hprc4_L100000_895	71b06d4ff2e38de0f50ac82715083df2b4a385cbd2876884c80ed6bf577196f7
hprc4_L100000_896	23099e3ddfa0fd5405c25d8858b8bdd94d835d0811e8e13049d3de73669574bd
hprc4_L100000_897	62f7168c60378a3e54b9f21c2b72fe40cf909c7eec8d4b45b419b4ffe5f5699d
hprc4_L100000_898	e7618e632ab533d2a2853ab63064e380e45cc7e8aac8a0930cafb85b82cebc6e
hprc4_L100000_899	ca76adc057e27b560746b61580d093b574bc7abf3f21bdda668464134f5cb7a6
hprc4_L100000_900	3b7661062969873917111ab7e0dc4de6f4701d3c1166368a9b734d0b832e9e60
hprc4_L100000_901	99761f1422fe331160b66d236f8082d4e67b6bfe4c4b264b32726e33ffc331f7
hprc4_L100000_902	e25673a29f1a5ec33a7628be2637cb90c89b244d5a54200540a3dd223a44582d
hprc4_L100000_903	541ee45c439747606b3f8d097fafa2802f47ebecfe4e6531c4603539e7d3c674
hprc4_L100000_904	a0dd35c55f2b10653ee6ef778ef821eb40fcb5b523eafb246a13869480fd4938
hprc4_L100000_905	dcdc06b10825c758bc384b9af993163a21a42468a154372122214c61ebc418ec
hprc4_L100000_906	9220e53bb86fc6c6ba9228b0ab4ec04ecbdf142f02b29990b28ef76d4d08df78
hprc4_L100000_907	d2a0e3fce70052c6132e9cb5edaf18dfbd5acb1b9e9b0c0fe4c3df681129d3be
hprc4_L100000_908	42f8737253a9f0e96e371d8d5063f16a42fb44e075a3796d4144aa664e27ebdc
hprc4_L100000_909	93f0b47431178e6312ed7451c09eab1fda8bdf13bacd5dd4e4dda3df86dfe692
hprc4_L100000_910	3af66a954315dc11ce812bc82b28d1158e84abccdd95448ece9a7f5afaf47e11
hprc4_L100000_911	c8641df500abc1ad4963421cfc101f7e0f85a294d6f7f44773663745a1232b4e
hprc4_L100000_912	4f7b39d99e22c31e50d97e56dff0edccd82572f9483911374bf5e1b2fe848cd4
hprc4_L100000_913	082d3084990d27d30eb787e760b248bb3c2303b23529cd83b49c9691dd070dea
hprc4_L100000_914	db3121366ffd6834bdb8145d47cfef3df5bc47ea93d162bef2b5a5a76689c690
hprc4_L100000_915	d05b3ce789730c3400781e1a183ce29f6f4965946e4bb90e88eef6d1089766be
hprc4_L100000_916	4878079de30322cc8ee03e08c8df96b86b18c7fe8ab20354f4be3d752b4287b9
hprc4_L100000_917	5bb927a18281054e904e9af01c6217089d3e93d7080ed25a717d668b4d2604d3
hprc4_L100000_918	395bf1825d5a4872f3b08968f0f90b5cf915071930938f3f92bfc56cb7129457
hprc4_L100000_919	2f59e8f27724cbd1a9e30e4b68dd36630b80d18b6681e3a79e7a08bef50c7ff1
hprc4_L100000_920	d8965a4e1e605c34966d6e8b74719869a939a9a4c1a0bcc0c9a564cfd58298f0
hprc4_L100000_921	9b476eaabe90108b3aaf4f8c1a7241ec5cf396d3eaf10d5cc870a93f971d6940
hprc4_L100000_922	5f6e91a4389c4c945db175c98c82b6faa06705797399a1dc49e2cf5b7ec07fad
hprc4_L100000_923	8d0f3e22866bb7076514851bf96b7981c1469ea99fbdc3311bb0341d681341e3
hprc4_L100000_924	8d4b1ae1a748edb00e2a407e6040971bc272be2143cf0f6e5508941f8298be96
hprc4_L100000_925	6e7d879eda11c7b2bfc515c39ef090de7606e5cb2f9a448b348fe113c82706f6
hprc4_L100000_926	03ac99ea05dc7560a8795afa64b66e034ea3a389c1c99973c5c0361dcedfe84a
hprc4_L100000_927	36ae303a8da037f8e5f46b4e7514e5c1b280aa14caa54808f35b1ceebad9cbff
hprc4_L100000_928	86f44d0dabbb7bad2d7844434344b28b883e7952fc22e36410afe156cf984d3a
hprc4_L100000_929	a6a31643baa63caf277e0bd63a6431d3503998a941a71e36192b86efdcddd6ce
hprc4_L100000_930	c9dc2bb876d84e6db92c167c9df882e10bdf644701b7569c4cdfece506dce29b
hprc4_L100000_931	1a70d2be83b43b08c4597d761658da4672486175f24941cdec0884295dced72b
hprc4_L100000_932	123036d8e685c9c1678e5aa1b8e2bdf880d84c83d5f4da331acfdc776972c6cc
hprc4_L100000_933	bc122034310f9d020282a7b75991d96a9064f66e3af11154451d560919363542
hprc4_L100000_934	702118ab9535b101fc51ccbdf3df247f240ccf652060d3de4a68ed7bf39c4d9f
hprc4_L100000_935	dec76ea11b8d173fa09c147bf4265318c6a1cf4231b58348ad661c13dd46cda4
hprc4_L100000_936	e89d8b314771ebe85ff99b54d90ef3c93a35e6174c6ca818693d5e21c86a0629
hprc4_L100000_937	72b3ac1fca8925a63827851c759277920b6248d9c7872b06b7dbea75c4a343b5
hprc4_L100000_938	58b02d49f458982bd98a827b9c80daae10fd888ca6e2e371edc601778ad31ed5
hprc4_L100000_939	c88d637750ba6813231431a3022eac39f42cd9ea51593511547475d5c2b4ceeb
hprc4_L100000_940	8021c7c57ba0167b0718a3a390261715d1495b46bfc23956c84de53652ae23ad
hprc4_L100000_941	334f2329703b6b313c706e76151742b317fa57b4e67947d304d48c40543f3147
hprc4_L100000_942	66a26c00e45badf133fd7adb96d5a545c19c9388cdf6e6c9686abf6c5519ed9e
hprc4_L100000_943	d898fc5c71c97af5ad1b8b7f7a7c4334a77f00e8fc76f1c2512995c8f08636b2
hprc4_L100000_944	f5c79725e2c371f563929ba0d81cc60e6d3dbf0db5d88964482db1771839e072
hprc4_L100000_945	db3f72b8c09862ef4359a5a28cd70f55faeeeee842b2aa158303226b7c7e74ec
hprc4_L100000_946	b3ad2cf26068208c591b4691db8f289c63d13615445e5e74cce7fbdbec9fe1f0
hprc4_L100000_947	55988802f2f111d6fdfe4cd5304d8673de0e78a10a7d5b21148ebb72c9edda42
hprc4_L100000_948	08d1e7f1008265116b830c94c9302d198b296d6ac23296b4526b9372cb19ff17
hprc4_L100000_949	1414ee3bbb10e072a92253b4289104f74a16ff358b082f183768c17b81fd6ba6
hprc4_L100000_950	f6c2fba4b40f781c2192ae3f3fb11acd4e12c6f585b2de018f8bad8633b63a37
hprc4_L100000_951	334322b212aad86b71f7fad1d9866adcf0653de4db11bc649270f0d8a649fc4a
hprc4_L100000_952	769ff1669623158ae40a90faf8468066c09b3b5796f6e1fe3463ae0936ac9b4b
hprc4_L100000_953	b74cc0b0a24156d6fe6903b7c84c3c2749fba62ca4d864df144d318b41a80daa
hprc4_L100000_954	52a1594e19e410d2e5d0be16789872d109e4ea41e5ed9c14945d86b175669f28
hprc4_L100000_955	8dc6bd07a0f9ae2239752c96453197ef00affcee271706c8a95283d2f6746262
hprc4_L100000_956	66b55f11cf3be5cc748a0d683c2e533e74a8192df84e69ce678e1300611fca1e
hprc4_L100000_957	d9dffadb84be4337a3b119999b16b4be65afb731d76f45d132dd5d213bf4d841
hprc4_L100000_958	d88403e676102256fe938da1369be4fe54f8cddd6e2738d3a5d7f4ca9dd3e49d
hprc4_L100000_959	97c2c3746e89d3461203d0ce3b5bbe4453adc4d015b70f559360b2135ac69868
hprc4_L100000_960	ba420d990f2d204fd7408f37e695949592ddbcc24dfafcdd85100a5fb0b27eb2
hprc4_L100000_961	6aae1b417b11b62d2a0c84c7a2de5d5d70429a2a4fb0374483dd91b94fe93503
hprc4_L100000_962	8ce8d72a585b8fb7827fd62f9abf63060f6c5032bfe9dd1d9fc4544d424fb377
hprc4_L100000_963	29637eca2f5c1d1b4b9630e9b87e838b499c9af13d83fcdc06f1a1637c67b618
hprc4_L100000_964	179b3ae8011e21a95dd824109d843e8a55b5fb3f2998961fe34e608e09302607
hprc4_L100000_965	f9dd9ef922a4d1b303a411531896048f65979e51545658415aa9f8f4eb58053c
hprc4_L100000_966	c11dabc321c933b687d2107e7383eb6f45f7a0083b9f29458d556a32cbffb127
hprc4_L100000_967	e5a93ed349e0696dbf2c978ea8af0e1b1595f3261abac25aea2f74b333f594aa
hprc4_L100000_968	ee9fb08c48113fe59ba5a2e9c1652cd10d65430bac39d9677b2baff856d1039d
hprc4_L100000_969	4dc3f17488dd665c515e660715c6c7525b9b604e109c64c3dd8aa75f1dd2e3f1
hprc4_L100000_970	ab6f6a36043d93fae4d878766599861076426234a816fdcc78fe0866529cd2b5
hprc4_L100000_971	b2d50ee4fe066ed03e67c403b3108df0e6afb81ea113ad786c95c5b085ff7c79
hprc4_L100000_972	a9fd657b97c6618c36e5f6f0210621c73adc4e9b6aff027417ad986445ff00c3
hprc4_L100000_973	8198554ca577680bb839f69d0ee2cfcc586c36c4bcd3fc28715ced0db45706eb
hprc4_L100000_974	201b2eb9c0d84403664d5b6a7c2f491bdbbe423da07969624d09f71cbc4f4513
hprc4_L100000_975	697bdda80098759a8592b14087055d45b4bbebfa78f3dc88120231190bd448df
hprc4_L100000_976	0b46e8c0fbab264b17fe4ff45173c556fd5db2e2dd049a0dbd4ff5fb385ce7f6
hprc4_L100000_977	ae7e7a636983e4d34758aecf9cd5835ac72312ec2d981c5bffe26f3ff4bac799
hprc4_L100000_978	6da9d391fa2aab577a49de4c647b5e216480ae784a85be2b4d8822098467094b
hprc4_L100000_979	a1c7a067eaf6a9f0e32a0b0663647c1937a5bd9dfe13515a1903623322959247
hprc4_L100000_980	382d4664cb0ab82a25dbc7e097d60b50d1a8d111d0452c21c0d93d42a12e603e
hprc4_L100000_981	274e08a3624be9966ffa11d6ea77398bb9cc571c63aab20f78e1a219dbb047aa
hprc4_L100000_982	131e5625da1aaf6a098e863a8e9d7deeb0cbdeed33cb9a3b371e45daa54e2d1b
hprc4_L100000_983	452c04ec2ba8b0ab59415f5754e2987419cdb4300327327359d645925d497d58
hprc4_L100000_984	7a6a9bc4d0245f89f868405ccefbc749e545cf8712ac94d5db92cf9744e3034f
hprc4_L100000_985	d747ea325891fcba1ef63325528ca94c75b85ec68aed1db72892c4d0ac5128ab
hprc4_L100000_986	1b2f817f6bfac74a235f761ed77d43efa12a94d74a08a63f29bee0d04dd9db60
hprc4_L100000_987	6fbd42132b7a02dcfaed827346f37976006baa987a360e26a1678a5fdfcf3a04
hprc4_L100000_988	12cf411a62d3cecdb15d89c4147c20eaa942d657a556346456a7a7c76c1c878f
hprc4_L100000_989	981ae1af5d3155ff87f66aa46d5771ca880becb7e9212d9a66f3d48f016cb2c6
hprc4_L100000_990	8244ddd271590fcdf31516a89d7c90c7bedc4b5e1533e56dcd5fe023e5a525aa
hprc4_L100000_991	bf67270a03afe35f86a1f5a9b766e807bfc5df19d22f360980109c3df0bfc0cc
hprc4_L100000_992	508ed7163c1904f412372584373439f743c07a0121187d4286f2989c7a97388b
hprc4_L100000_993	3c827c9e7d5b367dacb36e1bb15b416cd02ac054300608bd1d93bc205cfcc820
hprc4_L100000_994	b4bff78369474614e3a6021682f92b53a81ff09f48d24fc7d4049fe45ceeab84
hprc4_L100000_995	8b3450fb243642f829f8bb268b4da90090c878afd53c3a87ab6d983967c5130f
hprc4_L100000_996	552869672d204ad4ea81cb5c8c01123ee95a1c42a335276df18a8719954e5945
hprc4_L100000_997	6189bdbd36ba1fefd4aca4b809f7b4645959504571f2e6ee1074f6bf90a75898
hprc4_L100000_998	a05380614f381b413822f95cb2f479b3f8ed5a6c9361289efda3766c5576f336
hprc4_L100000_999	e55eb4b23b28ccd783cf96ef0b705f507cb89a80eb97e971604bec8c93062f45
hprc4_L100000_1000	f6f642233d6af0c26599ef305b4c43cae40e6cdc5bb8e30966a8f45415531807
hprc4_L100000_1001	3e4b67a265f2a4a7d9e69cecef947633bc28d827b9e73c5c9755c3099d3baec5
hprc4_L100000_1002	3f8f85391b4c9e05632de6389a30ecd345a1c5a2a87f7639b69c0a044db0da28
hprc4_L100000_1003	cbfe81403c844ebf1895f2e1fab0e28e3874074e42c1e662020240f21a83150e
hprc4_L100000_1004	2b9068d0455d451db972694576e3f5b04fa4d8eb9f757c30ba1072be077f13b5
hprc4_L100000_1005	98fa7e61ef1c88edbe1a6809a17aec113e1b8347b1f105c330369825216bffa5
hprc4_L100000_1006	049da1672c9b74a4bf6efffd30c83a705dcd52d264078c216dcb6b2a730568ad
hprc4_L100000_1007	8475a0b4b4abcb1fc53930c96426d8e9fda837d375db8876cb51f6aca1eb2c62
hprc4_L100000_1008	b26bbd65af465748a798c1f13a3fbab95c1df943f0f3a7e07236fcab2b1f48d8
hprc4_L100000_1009	0b7aa09f711e9c746484116f9e76dd1d89af3ae90592f8e88456104a91f2bc92
hprc4_L100000_1010	3abc5798ecb1e444a12f2359954b21fb23026e39dc3ff2450a6a36bcb6f8c8e3
hprc4_L100000_1011	f69e6eba2e01e92540ff48a8009c3c873eaf16c77249a4d43af09dfdc11ee8f7
hprc4_L100000_1012	30406094056afd7f3511ca8f3a975dec1aee238f5068cfc582293eb417c1f5d5
hprc4_L100000_1013	7e37da451d862a431b9faa57f13833518b686643edb5d043f1ccdc056cb587c2
hprc4_L100000_1014	f83b98e2519ad17c400838ff228d5f435d0747951aa17e57ad54455fb94c4a03
hprc4_L100000_1015	26747690d3dc8d3f87ffaa29d401e042dc082f59a6a45c5fe9f636771b1dd1a6
hprc4_L100000_1016	9a53e1f3dbbb1ac5bd2893d92842a4785f3ff27f78ba02b59eddfcdcf417069f
hprc4_L100000_1017	31c52e8c86569bfe89a23b1b5298d495789e41e99797f6a4889d19f1110a87c0
hprc4_L100000_1018	0501042e0f0c6b46599eb9b49720c4f5919dc80430e69409e25dc6ef89ccc359
hprc4_L100000_1019	849ccf3ea997e1d40cf9b6339b03bf0221312967702da80e62794d5b55b82346
hprc4_L100000_1020	15f0bf51bf37432f9f2d0055876cac1224a3547f43cff86a67f12a053ec86958
hprc4_L100000_1021	04d4b4abaac2a310feab9d1025adfefe7a8e99deacad22fce37aade8891ceeb2
hprc4_L100000_1022	3f6f8b6409ac6bd5c3751fd44c374b10f32c74137ae8afbe1af786a671543ba0
hprc4_L100000_1023	a9929b5b0583900b73500e178b6769ec49d44fc33c861b430782a94b845c655f
hprc4_L100000_1024	3c369d174e294768f98c32ca6c9b6a3d16ed8fdde005b6c1c191f43e9d90976a
hprc4_L100000_1025	ea710693e175326d4cf37b7b97a62a95e3f1258a97d1338f1d83c1731b084383
hprc4_L100000_1026	fcc46b13bfa6c424891bbb6d2b2aee0eead0ebaa9542a2253278dfa527310ee4
hprc4_L100000_1027	22fc431a437da4060d44baacb0a0b83a4b2556afbafa1061c18e61ad0033519f
hprc4_L100000_1028	af79e00b1c51d2c9aba7a6c07395c9aee775d5398c04b48a77737b6d265302e8
hprc4_L100000_1029	3be47fd94b305efa7b17528e9fc81340f75daf2e06cfcd71c5581aaded628d4e
hprc4_L100000_1030	102350f2493474cf7b83f72d281507e3268b2dd777ac523a9db5523ccd7b82e4
hprc4_L100000_1031	4ae1f7b9100f11a9b6f3344d5de3e620a2f285aefa8345d711d567e25b5a1860
hprc4_L100000_1032	83c6b82ed61f818556a7c248ab3dfc842518e7d9563daf66f2f5fd60d118ef96
hprc4_L100000_1033	08afe98fde93e153661f5551b9daac4f5a679ce90e2cbc3bcd25924975dd9506
hprc4_L100000_1034	e287b779ea187e376381c73305a347646b9dc7e82f4dc8e7dce1bfad560be0c9
hprc4_L100000_1035	903cacd39a7d875c2432caf144b406f9f5120fe9c09bcb971cf21028c64b4ca6
hprc4_L100000_1036	88434353a2632755ee85c19a38ca42d2b5b054b94f6ba70219866205c2f87fd0
hprc4_L100000_1037	44e85ceafe98a12fd6ebe45f8d6546d0a23dc06a7d6974ba0da020cb05b257e8
hprc4_L100000_1038	fca414d7c360d2326c27cf1095d9952b87e9bd3908926bb2ba552ceffa5bcbf1
hprc4_L100000_1039	19a89799149e98780e984bf40a77adef3f2f5d5e2f3e4577394eef46a43ef005
hprc4_L100000_1040	692039b6f569ff83cf406e904276193720c3e795aaa49b466e69646f4065080a
hprc4_L100000_1041	83afb5000e1ea652616f9b6d10ac8d178c7d99e58d5bfb6afbed751a417d1deb
hprc4_L100000_1042	a729945ba57dac5aeac46f1831dec4baefb9004da153d76d587aff76a91693b0
hprc4_L100000_1043	652a38c2dbac18e7aead524dc20654094b4ab894801ee4c8f64c3df5d78b2c67
hprc4_L100000_1044	2e539a6a1e5ef9a004ad5e437936a129644d17b903457e63c26ab50216b1db62
hprc4_L100000_1045	859c85a74778538e7cc52f51c0ddf44981ff7d680d340fb3d9f9869694049606
hprc4_L100000_1046	2a43ac3e74d313ed744fa6bbcddc54b2b8f48ce9697dab5b9c01ce7c74bba5fa
hprc4_L100000_1047	849f60b666a2751ed5aaa2e1712c7aa9938b5ff8550fa86d6cd5e1759451694a
hprc4_L100000_1048	f47b4d44aaf782efe2d9f2742c25123b9676b5924d3c00d4651c7855d21ff447
hprc4_L100000_1049	132b35335992cd823eb9f1e04eb5e5210fb63d5fb109588ee871f9459df020e8
hprc4_L100000_1050	0bfdfb41116afba4d91161f33554e5f73c42263cf42be542cd2b23887c7a520c
hprc4_L100000_1051	d3c368364984e205687417e3647a452180ea6456d37133e25bdbe8d19408fdd9
hprc4_L100000_1052	ffb93cb0b81bdf35110ddf688e1fbcb946d19648f34324d06d247ebbb509fe76
hprc4_L100000_1053	4d8e9a483c548250baddb9aecf873d262a2cc5d4bd1ad3b40298d405f126c7e0
hprc4_L100000_1054	5da49124722adf4969be93116ab6553ee6ff294562cfe8b83eb4ee24b26b4e76
hprc4_L100000_1055	6fc9d7d5d40a407a07f6f72a3f42838ab861de0b28b5f9fd571aad6b4c1c1c22
hprc4_L100000_1056	952e43c35c6bfd9eaf0c9288c3fc56db99966d62e75b4208bb22847ac6df446c
hprc4_L100000_1057	9b9d1c472f0d6be35f8c42f6d9bd9754c2b92396535366445cc15405fe4b0300
hprc4_L100000_1058	c58557ff26e23b7d2abbc52cd45cb39de51915026e0a5da815021661e54c5b1b
hprc4_L100000_1059	f38f18f82370231d472bdc0238cb19d825aa110e99084fc17ba18ac329c161b4
hprc4_L100000_1060	ee7e49ed3889de6523b75c307cd9043b2bc97e81a55daf4b55b4783e3be0d2eb
hprc4_L100000_1061	5c53f7151a6cb8bacec04e6cb61372f5b394238e99704eda537c340108c7a13a
hprc4_L100000_1062	4e58b2ec24dfe6f1774fe6f6cdf64caaaba4ea72903423587a69ac809336f1f2
hprc4_L100000_1063	6bd99a01451eef7328fbce3b67851803601bd173214c6c62d3e68ef2843f25f0
hprc4_L100000_1064	753f9765cea82aa568196e835bf7b228a19e0c50f3a2dd4cf8a51e42aeacd214
hprc4_L100000_1065	3ff5b0ac0b804150fbbc222732b534a69ff223bcfd7d53fc276e13d59428bf98
hprc4_L100000_1066	f6b8bc96ddf9606126a7574f610dba57b9dd46cd7623131d60a99499f7c33e8f
hprc4_L100000_1067	5e0e7b29ad40a353a39fad60015ba9c9511fa28493c4d304663b20c0d0b9c2be
hprc4_L100000_1068	0040bd7b7ef7a88562651d6d3cad4be0727e70a0811d6488bdf2b5eba7c471ab
hprc4_L100000_1069	618bb4bfdce13010d49bf6d8e077eef04de5655cbd12228a81c69f43fdaf1e7a
hprc4_L100000_1070	41fbcdb29a3b7cb7e69de81ee7d68e4735fcf40fb3750e208a1410bfd5b18c30
hprc4_L100000_1071	1a7973eea7402847acff1b87fc262210e8e150b6c627c315211f71700c9055ac
hprc4_L100000_1072	caacc2d0f01e22c71c0104aa31da9520074149d9f0abbc50a8e459b0b8376c71
hprc4_L100000_1073	7b4ccd039a8d18f4a7c5736b5617bc99260a61fb5d8574d8d6f49c1bd982c529
hprc4_L100000_1074	344a6042937648033ea5254bf982789b10e0ee654cfa3d867cf5ba5bc831ef62
hprc4_L100000_1075	676b0344a39e77ad3475ff9ceb5b54781d6515b9928161a00cf0b4bc149226e9
hprc4_L100000_1076	46e123e5e42d1140661858ea81741b3c2245415a566b7c18b9c95956abd0247b
hprc4_L100000_1077	1fe25a1d6ee7d673128578745721319826d9e7466300a3feecce918c6959b33b
hprc4_L100000_1078	3051900640bcc575d555ba4c785024dc316a9a4e6791188d582af50074286cba
hprc4_L100000_1079	7bcc0d6ed7d92d0aeb8c7422273b6b16cfffb1179851ae7addf55edc51a38a63
hprc4_L100000_1080	8260dc1f30e09ba5225daeeccc9197ebf8ddb607e027a66b62568d59f470eb97
hprc4_L100000_1081	e0a86cd1bd5e684d7e31146635b3a95f7c7265591cfa24f03f4726a65f5cb5b1
hprc4_L100000_1082	02ce5d07205312e528f4bef67d0298e02cce0008f045d618ed6950ec704a2192
hprc4_L100000_1083	2f5f35d07a6668bd19d151d87e959154f16811456f11f11b4624a3c5a6fa94d3
hprc4_L100000_1084	2b8d8ce645491fd4cbb517c04e628ab65c2db2d098690fefc3ac8c7071d1bb71
hprc4_L100000_1085	4912e2d290d19b7e3a84d3b6edb488d2fc95d47f88a0967f5020421e274e9875
hprc4_L100000_1086	df75c5402af94cc40bd8d3dc4fae26e7ea042b18e5d3c41c1bf5cb0e01114a23
hprc4_L100000_1087	2d45c4fd6b19d27813b38d941d62faa06f58e582b99f8c8c1f95d4213e107d1a
hprc4_L100000_1088	60fec9f1466188a1ce614040af6dbccdb9170c870d49470e5e1eced542e7aac5
hprc4_L100000_1089	245cf79846a7fade80cf3df565362da4303e553e16ce986b86c12218bd81e4a4
hprc4_L100000_1090	b8d1fc87c53f4e6c1bf5becdc46baed8364b1ddd946423fae8634518f0eaa201
hprc4_L100000_1091	b6861e8930b4c7c4e05ac9acac9203c8f2a93d31b6608dac5d190dfad48fbbb8
hprc4_L100000_1092	96b6fcf6b7776a79f513bee25a02b7a107aa120da80db5f9cd507d77842e2fb0
hprc4_L100000_1093	118803cd3d872b516b1cc4e7fdd2aa77bb28a8695679fb1d3bfa32c897e563ef
hprc4_L100000_1094	23aa0542f110e8787b87a6d7f6e8b689b96d3f088239453a0f067813d3577905
hprc4_L100000_1095	48044d749a9634a127b2620fa11a785efdbd336bb6f8b7e8a8f70edba3e446d1
hprc4_L100000_1096	326a4b36e967d77fdf3237f9fa8d64bf7a5fc6131ea57dad77dacf649dcd4c9d
hprc4_L100000_1097	ba311a581f2265653bbb679ede968bcf92b3d15edeab2ea8fb25bb27ae22b473
hprc4_L100000_1098	f5ad594e21ec66b6b3362f2fa9e061ddf3f8ed015339336038792fb02bc98102
hprc4_L100000_1099	7993ce51b77ce7f5649e5a4774e3e37a3424914aaf18c31d73d8ab2d01473a4c
hprc4_L100000_1100	917662ec5e7627db215d21d46b56c4149ca984e58e9cc28f9a152b783066d350
hprc4_L100000_1101	b7a546c9993567ee71b734fb489b1e0691ac57bd08be98651b181285b1224710
hprc4_L100000_1102	f871c35197e2d62329a080fc47795bf986cc17de53ba2ea2b6144da0891866b1
hprc4_L100000_1103	6dc16c74c6dff89f17dd0e11ba2962758d26345d2fbf6b546984a2656ff3730c
hprc4_L100000_1104	cf27dc4bd4b04d9157bd04dd9c42b60290344c3e6428a2c2df43bd4a1a06a515
hprc4_L100000_1105	bc49ab9e2b3348cbcd44d0bffffb2ee5fe96cf41ef6d9192150dfe605725edf8
hprc4_L100000_1106	7da1318dd0023ee2b28e6b74ebc0b0eee6bb4f4f34037a293a19b2950b4fd89c
hprc4_L100000_1107	ab6792bc3cb736ee7fc8380dae1fdb5db18c0c3e94d74ed092804992d5034b9f
hprc4_L100000_1108	6864da05409ee8696ba2cf6332da60b4f4f40c5354d89ecc57559d67dae0cd03
hprc4_L100000_1109	ccc1882079f651c32c4ea5544b0b3c0efb2cc9878edde2fdcc2514885ec3445e
hprc4_L100000_1110	a7276c71384ba532f035f6755a4609814c92ee2d6502a60c7f538fb1f3a69cb9
hprc4_L100000_1111	a147f7a1ee2d2fb4fe539b47dd755b4ba724a38d44571e0ed169d1a8a64345f5
hprc4_L100000_1112	ff635c5d452dbfff5c890f396fcc148250ede170257410730cde536622ccd6a3
hprc4_L100000_1113	32b87e3f0688d7d69586b064b9908eeb35a4ad48dd6160c41db03d1ccd832acc
hprc4_L100000_1114	9a99580b473dae036dfe7bff615e411cc44829d4356e1163480f565acb12980e
hprc4_L100000_1115	49eedd8e9092cbede4c3ea9b9f07d02bdee8007bd4dda5fd6ac37fbd2906d256
hprc4_L100000_1116	7c93c8e292447c3588bbcf71ffefc4b63fa08f7999bacaa30364d087dd89830f
hprc4_L100000_1117	9aca2a068013793a21566f9640947ed731a92e0d46693b6423e11d0cd74374b9
hprc4_L100000_1118	0e65433ee06ccbf1c046bdd1894b44e21ebabe56e9296d82452078ed5247fd32
hprc4_L100000_1119	537bb82d73cb8d9bd301eff18bb38dcc2518104ac9c9f0bdb7b276348382c9a9
hprc4_L100000_1120	ba275b3f19d199a6054701784e8c5c7dbb81e2daeeaff0bd5b586c9d066cefd3
hprc4_L100000_1121	ff4b9af2aa35d97f945e4d1ea7a209c2bf7afca671cc86a02861ca8a2b6b3e7b
hprc4_L100000_1122	43bdc0862119e208a41db58ae09c5b087e89a6292fee73d34e3a9c05ea58f53b
hprc4_L100000_1123	bf7e0cad3b2fcd79dc3123aeeb1c9edf79be0d48156c30852efedfa4ff527b63
hprc4_L100000_1124	6b58117d86a95e9d0b251e520ae3c36a0387740662aa6a5270d747edfd073d5f
hprc4_L100000_1125	9ce36e3df325341218f01df259b61bcc92bdbb1ea96fbb935dab76ee68b1bcad
hprc4_L100000_1126	f69c4b6e95017a285f78e4ba24582478932475e9f0de5e9d6aea4cca18721f3e
hprc4_L100000_1127	ba8098f7964b93aa98d1912ffd1155611815936310ecba2876329ad85ddeb386
hprc4_L100000_1128	b755d0927f91ac2c6b96d01ee33637fbd2b4528c316647b9b41a5ee0b0154e0c
hprc4_L100000_1129	e56f0f870a5a3ab0cdf2804bb3c7a523629d750942b63137e11e050e8a13ee1d
hprc4_L100000_1130	66d8ce2633997ffa5ed122375f41fc2595135453ccce3712d527c2caacfa0f3a
hprc4_L100000_1131	bab2dee42314c1c6a6c94fe64ec23489b49174ebafe17ff251206a0e204d07ff
hprc4_L100000_1132	4c329a0a2f267d48bbefd57058e47a75a31b798d511c86ec2a8192e138c5c692
hprc4_L100000_1133	8b4535aebaa06c857f961587082a79620dd7f1bcc87c7eb0ac62ffd1ccd4a93d
hprc4_L100000_1134	e635fcdc5ac8d51dcfb8ffef12cf23bbd213c08af42003723c911f33d35abe11
hprc4_L100000_1135	c1b5cf0dcc5b6865879580a9fc4bb2e9e4b0acef1fbd9178ab54714508691378
hprc4_L100000_1136	d440231a316d321e975e9bcc42ce3d5bf23a4136726059684aa02fd418cfce2c
hprc4_L100000_1137	1801992ea07a8bfb3346caa82aaf4842dcd05ff39b818cd6638cbcf57add16c3
hprc4_L100000_1138	6bf9cb868aa709e16e34b7242934a33ef34a74ed922be13961a88b8566f2bbdc
hprc4_L100000_1139	f9df9d80a84860727e9fc72774332d0f6368b2eb110fb67ce3e0759d17a88f45
hprc4_L100000_1140	cdd3cf57c59bd2114292fe2543e1d7062b4ec0ab0fd38d4eea04d438399fca50
hprc4_L100000_1141	98c31a7f15d313b4da09d21c160c33a0e896b32471ba42b632d52a6e3ac9aa01
hprc4_L100000_1142	2f6410283b3ee10f8fedc789990a89f5fefd2aa89443dfc897ac49c610aaa9a6
hprc4_L100000_1143	c93673f10c532efe82d5d108cdd7faa9687f9e8624f315704b4805985759b981
hprc4_L100000_1144	2c2a9534455570b3c91f9fda773c78c0e0c2c8cc10cc0bb1d380c3ee51f096d1
hprc4_L100000_1145	954dac816cfc3acaa6adae6cc40261aacda11d307a6c5ce8a857dc61591ae79b
hprc4_L100000_1146	72d02157fd6116fe0c2e596f015426bc54c665df451fb1c115a8528ed6c41a22
hprc4_L100000_1147	c448bbe3f6e2b9b58296cda6b7f62f38f24db05e521690bdc7c41bd58b1509a9
hprc4_L100000_1148	cbfa26a2bfc174e47345cf522ef07f9f54566de40d910f2f911283906e5873cb
hprc4_L100000_1149	819f7c3dd1bfbab766fac84d7556bf4911977877dfafcd369c9650dce32497c8
hprc4_L100000_1150	0a986ba1f9c423cdff8e1777da7cb09ed1e8778834e7194688ef067b797690f8
hprc4_L100000_1151	5513a96e8428fa7ac7d7cfd21149acffdeafa7b62b3cc0f66e5743928f244b47
hprc4_L100000_1152	9fb6ccb03cc6d62f0f4bbcdf48f823af2cc5be7530762ff82f62d8fb8d10eeef
hprc4_L100000_1153	73b64c8c126654baf20b812c9c1b88896994dd8072061fc770ce61edc0860864
hprc4_L100000_1154	5c0737afaedbbcd817c2591862e5590e92adcdd252df8db298598ecb4070eb66
hprc4_L100000_1155	56a5b0b9139f03f261656d7d639c3844981fca5e89d818b994001918881e3e33
hprc4_L100000_1156	feb1b3016e0b652cf1cd01552e32b6459c11e7334adf72845dfacbbb289a9d7f
hprc4_L100000_1157	c9670bca6574223fbbbff609a06946326cd9b1404826a3386cf64ca8237df34e
hprc4_L100000_1158	c2e531ce281ca4287bd0fdb39af7dc895786e7935e61eaf31237d9329ca087d7
hprc4_L100000_1159	9ce62b21b8a10018b28357e596fd896a48d150edb672ce043b65eb53ff6c564f
hprc4_L100000_1160	a973a84d491a99d93cf1df6c2ef8781c28a1de4ec5b403da58394f776e913720
hprc4_L100000_1161	69796554cca7bb699f091c427f4916b773df83f628ea2cecc2770728d3c75e24
hprc4_L100000_1162	74e6302af6baf38e7e95dcf57ae2d4b3b158fb8a2871e75d93d08c311d7477cc
hprc4_L100000_1163	d1ea1cf79e5ccac028f961567d520a89c1ed970c9fb85e06348ced040372de9b
hprc4_L100000_1164	8cce2a20b5883de187755aaf48496f3d0555616d76300ea3d548ec7045c1c77b
hprc4_L100000_1165	01484800aba676071e19f2ea635212a71c4ccc2c34a8a702f37825fb61fcd634
hprc4_L100000_1166	ff976dc2ef2d7385290bd00391e5a9afd3c73e3cd052d8c2ad2325caaec196f0
hprc4_L100000_1167	4f6e116b10583b01d298626fb3c1f8dbbc17426ce34754c2c881e55858770e27
hprc4_L100000_1168	44f364ca8b84873dc58f2d55b048cfd19c64b90c2941902e1f299ae2fd61dfeb
hprc4_L100000_1169	68cebc6a091912eb250cd1653e16041c4892ef79909bc7cf4e6eb2168c2d608b
hprc4_L100000_1170	33c37314689e3e9dd0b103cb9f71cb5254dcabea2be2ccc98e8f2a9f4994535d
hprc4_L100000_1171	a8b5880d1dfdaf319c9c57f8e9708c66896e9e0e64592497c423caf9d4b6ea46
hprc4_L100000_1172	2a59f695bf532f62e8cf919ea4e9adcfbc0e3f7a98b1ef9d28c6dbb2ae9ba468
hprc4_L100000_1173	ab998ae5a6dfb142b52ee2670cf4609ffe794706922dee65f853db39d2239203
hprc4_L100000_1174	c83c7ff1957862ff46987b0bc955765ea8ef8b038bebc2a0e48186fdf440404b
hprc4_L100000_1175	242318ff672a208fd637169ed81203a9e02b24cb27f88b5ddd7b171e67a963a5
hprc4_L100000_1176	b3d434f0efb7994aa519c63230099eb23b9327b8601f586993830426b90a6c88
hprc4_L100000_1177	3e76350ca8e565a153c62a11ddf0a8b0bf013d9163a9f531a7c72928b0e81e7c
hprc4_L100000_1178	8fd6f867b3692377092767177311b084f64fdb5fe87ade4e17b4d5c68114904b
hprc4_L100000_1179	907e572fab033eab501027f1a9c9ece13accd9886230b7cb0564c49886500b3f
hprc4_L100000_1180	2bbbb0f7d50acef93fe30cf3ae553f39f7ff0e3b35d2a2ca3e53b29262b94c16
hprc4_L100000_1181	0a2e804ecd8bc65344dd215713c20a684bf81507abe23c5064107a511f7a7eaf
hprc4_L100000_1182	9ca2033efab00f3223bf4bef5bf70fe53fac824a6f9f37315130c39f94292b8d
hprc4_L100000_1183	0d67422e677790eb8f1ac21ed63539d5268c01ceed542c62b42606b6fc191384
hprc4_L100000_1184	2b1763246b862777c54259445ba960ee7062ac17b63ccf78810e7f3c1781c768
hprc4_L100000_1185	f000d74a4e1aa4e41ad5f570883251e4a3d5b491a0dfac0875c1416782acba1a
hprc4_L100000_1186	509130bc94559be74c28c84a6d4fa3f54e67fc9189858410c2e9ecb22575a32b
hprc4_L100000_1187	d52b715ef6f95e4507946200edd4a0725a51a36e46b37eeccf33d399c37d20e4
hprc4_L100000_1188	55493ff387c5e0a98867bbbcc115932adbc646a946011d7ce34158739e20971c
hprc4_L100000_1189	1d455a1de68deab1f2c4e4b711d273a5a76a4347e9e7835514961eb438e3e4b6
hprc4_L100000_1190	d85a688782f1dc76426e7601a1e33e9ebe814388a122e3a67f5f26205f31bc2f
hprc4_L100000_1191	cc20c5f6d7d627ef91fbe5f386ddc4d853c4df639f3bc6217a8054493d735958
hprc4_L100000_1192	80ea303793c28d68d01a0592d2955054175f61a2b35dba350b09727eee5a37a1
hprc4_L100000_1193	d94c35b771cb12249c7c1f620db57bd96e5f1e17c846124ab310b2e2559ab3cb
hprc4_L100000_1194	40106fba79b67adb8ed7cc9093d878e33e67572cacdae3d49a7b3b0f2556356c
hprc4_L100000_1195	186fda7890c834ae6ffb27ae2ccec9384077266bbcc1624686e5c4ba7bef979b
hprc4_L100000_1196	ae08b90ae537041bb02d4d3c131018704dfdd6943617786754dee62c2b520f36
hprc4_L100000_1197	e4652677c7e8fce0c18c54aeca1d8d4a21bc579faa36ceeb76195e35555a09fe
hprc4_L100000_1198	39aa272618835eed4ba011a05d6922998eaecb1b176f51ee27595881eef65a96
hprc4_L100000_1199	58a4b34c1315da21519215df50233e8b5a7d4ea1f294dd6a62180852c51a86c6
hprc4_L100000_1200	0d70cf9d6872af03d870a60c989840637c1759d5d3aa86a649ff328f45b6450c
hprc4_L100000_1201	79754c42487eedc14e3ebf2b53ac1162f8dd45fda06b08370f2df45d4ee3f267
hprc4_L100000_1202	acb89d98d48893b2f8b0393ec8f6bf75de3a5e7d6a76e0b565a95de3fa68d717
hprc4_L100000_1203	268cd0d7905b88f02880d8ad2c4a19b18dafd102c806dbf3d7a143f43064beb9
hprc4_L100000_1204	8bfaa066eedcb26925f93fa210c45d9d53fdb9c1ef9e0b177e26ffffcddf5101
hprc4_L100000_1205	329d2c53f7098a31c2789b8ac80b3930a49f67775fc8edfaf1a94d54c4cee339
hprc4_L100000_1206	7530900791fad62ef9c03e797145d742935a2167f40509d8aaab3fcc8450a9e6
hprc4_L100000_1207	582ac4ab078128b5cb2ece6e3c770d9e815951068e1effbf8ccc2019ae2ae682
hprc4_L100000_1208	46d396990c9e761209cd193aaf8246e79080193a01f3d9ee1a0e27d60ce30fdf
hprc4_L100000_1209	e69523a3fcb335340b21ef091c2178e9364660eb9b7d7df3ebac9d361d5ab33d
hprc4_L100000_1210	f3c176490a0072ae0148ff404368e6e70b33894bee21b5733edd3913e718aefd
hprc4_L100000_1211	a0f0f1e9a4581f8e674474b01c8966a9a03f6e6d07a614a062c432bee4bfa460
hprc4_L100000_1212	1b2dfb4169f623ce7700554c8488ee4f7c8c1bdbd83720540393e05103125473
hprc4_L100000_1213	39c5038f01f9a85c292f6223de19daeb75e9652722b8669b1b223d9f4c32bd9e
hprc4_L100000_1214	78ed1ad06efdb0c2aff74fd4b7eef4b918295910f3dc43010661b58ee561d674
hprc4_L100000_1215	3166bb71d847c52cf66736d026abe62b9e2f8d23f0732770bced3fa9ddbed43b
hprc4_L100000_1216	a029e6c37202344ef26a16f07ae72ff9b0556e63c947caa3be87a4526b716643
hprc4_L100000_1217	2da04ff6bfec7ca12470368dba0bdce7f145a4822ed49d2470ac4041f5bc5fe2
hprc4_L100000_1218	a8aee5c26155f8627b6417fb31117808ffd284c1bf157e68697330edc273cc64
hprc4_L100000_1219	0ffb1306d31b18b81e9814442209f8eccbd96abe62c0ba42fc8da1721e7273ad
hprc4_L100000_1220	585ddc1ec815ae89f2523c3c6a9aa5c5735eb6aabdc745383903aa60c9741962
hprc4_L100000_1221	ec12f666156d8ba874f0f54124e3b57399e558307b780a80a3cff462affb9d23
hprc4_L100000_1222	9d457818a62c221589c08820be577ad1c6bae7c015552a09da541dd9af1f18c8
hprc4_L100000_1223	ee6cdbe9ec074a555a3e58af3ec064aaba975deb929c327000cc055c09e1fc24
hprc4_L100000_1224	fd758148c2bf1b2e9513b84aa64a472f046ac34d8b424b1b8ef2087105fa8882
hprc4_L100000_1225	02fc58050e2ab28e12bbfc72080aeb27ad18ba223ada9988267ba492bd9e3e7a
hprc4_L100000_1226	4c615759de5f5852f5a215116c29c8effcf88b1cf17fc3503e59609b069a59b8
hprc4_L100000_1227	cd20b32465096987df38e267f872718f8fb03647cfff6efe5ae17a0da5d2b278
hprc4_L100000_1228	d7248cb59889c683d15a1fb086a957a945ffdb190ca4becf8589c488ec3c08cf
hprc4_L100000_1229	7c4ddad1bc721857725aede861461dd5b571bd7062ac604ecebda1663e899607
hprc4_L100000_1230	4451dca34574d3434926086217b640516ce13ba028c97aee2f73e5aad562559e
hprc4_L100000_1231	eb3489e10f24abff2d40c9f8f646941eadd4ea22f72aa7b9dc9c7c7718bae31d
hprc4_L100000_1232	d45d309e9ac0d333c38ba61ae628d7c4e1fa1d5a7e3d03117b013eb6d11b5344
hprc4_L100000_1233	66465a4b65ac8ee85ce3e4ab5277823ff9684743a8bf0f1243af2f942d82f848
hprc4_L100000_1234	92a51c902c04ece4ccd67e3086fd59d401069f11b21f66302724342a4e9e961d
hprc4_L100000_1235	be792971357c092066478c9e7a6058b7631db9036bc957fc3c8330b5a0ca1918
hprc4_L100000_1236	a786759aa51093bded2783a5176584b4c5fbd9c0a86ede9f5407a4e599fd21e9
hprc4_L100000_1237	44d3cabcccbbb5bd1da18f27a6d0a3482cc850f24b9eca0657b44facb33a51a2
hprc4_L100000_1238	cb94ca5ccdfeac4135eda26173f90fd62d39d040c9cdb4659d4de25cc32672a3
hprc4_L100000_1239	6059e9a46453c00ca9e112e880f34b528b0a391c02d6e9c5673faad538464f83
hprc4_L100000_1240	a12e290f045551cd6ec01243ba0222614ce4a98c10cac690d40b4e80568cf633
hprc4_L100000_1241	3fc2255b36e6d9b5ea38eba960dcadf6b94e7b1a3d6e26a340589d3cc5f62f11
hprc4_L100000_1242	f92c741f868e2b28fa961077c8b5ad9fa64db67481cb0fa247fc8dc2e7b5552b
hprc4_L100000_1243	a990cae4963197497d5d84b4c5f7a45d603a21df9e48113e4d499a0cc7ef45fa
hprc4_L100000_1244	95514c9492aa755818550597b5d0862aed8ec994ba2b2b8fe097a6751b9f3028
hprc4_L100000_1245	3cf68764bd23a677c7d98c48e8eaceb602a794209391aea02eb2406df7647d36
hprc4_L100000_1246	f64e783f72cab06203ecee1165654c8bff716e38418a071eeb3a19fead73224d
hprc4_L100000_1247	d877fa1000babb99e452d213b07d5d7ee444230c8dfcf63223c5d1cc8d073a35
hprc4_L100000_1248	104bfbf2e91f85c1ef0037d31ee23a16a96c14dcdef5d2572855a168f7562aa4
hprc4_L100000_1249	d3a550eaa2f5840a490637708539fe6609120916179616508f6d2322430f54c6
hprc4_L100000_1250	d2ba5b6cbe1c1401ae949a4d3773a3fdb8baed22c7c1cfd0f2b9295e329f9b5d
hprc4_L100000_1251	bd6c71cee9893807981436b383c30832581f3085d41408945df89f1774b27ee1
hprc4_L100000_1252	703271ecf653e87528fb74c6ab85a383a5d6ed279cc9af215d91ea33b79f96e8
hprc4_L100000_1253	1840c100870219dbc93417f3f2e0808e2d5b55c32050b4f8df4c96ee6c5679a0
hprc4_L100000_1254	2c34dd027921774706306066b3ae3f7b364bd022d26d32e35704c1a555986c2e
hprc4_L100000_1255	9f2fda7a7657b8e94f7b7b57cea741be409bb460509255972c9b6464030464c8
hprc4_L100000_1256	443dbcdb5c59732f4ff60aa8e849f2f6d952cca953645ac0dea19b188af4a426
hprc4_L100000_1257	39d6d9ad4bef82a2eaf9c6acdca7021f742a224408e2ac696695b62ec4a93a95
hprc4_L100000_1258	83e25dc7978e06f92b0b308a177283a224fae53c4cbf38a8d3970ff6632e576d
hprc4_L100000_1259	1381a1d90c823f1df6facee4e142a52ca3f0f99e1e15ad1bfaeb6608183bcc66
hprc4_L100000_1260	37ea71a70c7f8ed4b78bad1180d4d7a4699faa3947099b28ab017f3433008708
hprc4_L100000_1261	d59bad16f2365cd6e768b9779ba898a3c40bbd5b6ea535b3274252902c5d14d4
hprc4_L100000_1262	00a61613815fb3c6eab9ba45f22b8ef4a46c4c9a989b8c12dfd6986cb2f78ed4
hprc4_L100000_1263	8d1aa367e274d4d5922806403ac837f65b3968c0dabc5fb2922cd4ff1d0c6051
hprc4_L100000_1264	314696ba35a687b64fd7a4d44a6df8933df558d56634c1e38f967c3429e29715
hprc4_L100000_1265	88428ea526786da068f74c46b64a3c6cb86ec6011e93302f66c117c0dd4156df
hprc4_L100000_1266	f4c9f4fa6db8d2ea8015566e7e762c128bd136f2be06935ea86e52e6146e4d2c
hprc4_L100000_1267	af79867d813676e8bd3e17db4cb5e1c28c0559e1ed4919957229f33b7051ae40
hprc4_L100000_1268	0820fc24353f09670783eee136853232b8ddc9f1fdc2a764c7d172e5e4d1b330
hprc4_L100000_1269	bd48d5e11e999923d1deaa0c0c698ca87882444458f97ffea8370215e318f41f
hprc4_L100000_1270	86803938c42301063c8bb8f1f0902b1b9d72ca1399835c3f4dfc8f8106325415
hprc4_L100000_1271	3f8504c7f6bfb11549ebb0d62859e3f7f53690fd5410561876296eeca8071771
hprc4_L100000_1272	c88f230730f400b819de8a541ae3a5d3a5c0827b4a08ec964602af8ebfe1f7ae
hprc4_L100000_1273	674e7af9c37c12a132f28c18baae1fc2a91ba99c065eb5ee4f7bf41dc4401a2e
hprc4_L100000_1274	77c56132dfad6ed3838931f18da9aca3a5e0648895b87c0ac4b0680339414998
hprc4_L100000_1275	70c3c8f158a410b0ce523c0c59e7db2dcb7bae6bad6315aafd80cdf833eb7027
hprc4_L100000_1276	bbee861bde9b47a799dfb82e7dcf7a7501c52e8daa7db9e317608f2479080f6a
hprc4_L100000_1277	d477c6cb64735670a0bfaf195dfdbea6a3a7595d767fd7c67095648332a27ef1
hprc4_L100000_1278	2ab5532d3a4621c7b241b2def92bc909dff0ddfcc6e8c1e219b60b7ee953924d
hprc4_L100000_1279	3b0e50c6762f1db895a0b360d8916c98e00ad2f655ea1f323fe81d5aa731153e
hprc4_L100000_1280	c7db337dfbd69655857c75071dc44d25dc16ff6435ad7e3beec0703b7cbefef0
hprc4_L100000_1281	870a93e1257de8d5aeb9c4053825946691840334811cb78734b81d2e5710f4d8
hprc4_L100000_1282	12c9fba0f5e706cedadca9b3bb97106d3bc1eb1c382316976d942ef03cea7bf0
hprc4_L100000_1283	68d975c5962bcc5766c4e362d931bcd3904718b5a42c9720f2a3f3f753a77c29
hprc4_L100000_1284	14b13554d54e19473e45e7001fe48cad8dc35bd01d311b252662d3f10b8525fe
hprc4_L100000_1285	0b6fbf046ac61322b130d7c1e33ba76da4cc4f30b245b59857470ad0fd15311f
hprc4_L100000_1286	3e80b77e7131ace5fda5d7fe8960a176e344129317efcf97bdf9b83c8e29bf91
hprc4_L100000_1287	909cf765b57197a255f3f5ceff9422537a07e9b341e7be694bb483dd1c535d2a
hprc4_L100000_1288	77274cff45772a6f1220465e835cf1597668d8953d72bdaa3126d4d84ceaea07
hprc4_L100000_1289	127e72e059d5c3d3d92960f437dfc7f1c883c19669ac9666914a3ac551354bfc
hprc4_L100000_1290	bfb4e097a367190c393ecec4bdc948cad27b86af85833a8b9e3d58aac43cd0f8
hprc4_L100000_1291	ba94362cf9f67f8bd59ad4217f57e85f1ef253731d74e8cef63ac3081fdbad22
hprc4_L100000_1292	6cf1ab5d9468c25f23851b28f1fc54b1b8ffedd711aa74ffc5055dce2fefc8ae
hprc4_L100000_1293	4244d4da7db64af3b9277ace2ffd1ec1b53b238ad6c0ebb803708f5cc8ad30a8
hprc4_L100000_1294	c2504f716d5a8d808ef8741557abed693ee6dec5fab0561564d3c2798457f9ed
hprc4_L100000_1295	82b7f26e6763b9cb39ba1797a58abadb77a7fde33b91dd503e7adddc36461bb1
hprc4_L100000_1296	c9d5aeb035d158bd526b46a7546eb2bc58ae8ba201883d7f01ba5a7026673310
hprc4_L100000_1297	7b2e8f4b7c2c4e12901d68b346379958e86b01ca6086d389abc17afa91774655
hprc4_L100000_1298	e1351c9b655a5c8fb66a000d73c2ef2edba865dac47b80d005ff1126b27cdc8f
hprc4_L100000_1299	8e3b249995eff8504b7976a0dd29b4abcacbaba2a584ef2c94a6a2c7987df507
hprc4_L100000_1300	889d037ca3ce33c059e9f7d247b1f1d35f828f3d8b3b571111c60357f0aa8a36
hprc4_L100000_1301	2ec24bb5e9e276e6628e01ff44972365117d90fb28ba25a7f05b296427be4c7e
hprc4_L100000_1302	d43aa80802e8aa1e35d5031b9405d107cdde97c8e7f0e29ed14f7072979c5603
hprc4_L100000_1303	72e8b57a96f45a6e94e70fb7479e53988b457ef87edc7c9f715dc0d2c9f193e9
hprc4_L100000_1304	b5bcfc71e7a2610fabed46c5b3d56051f43d3821fb5d9e8737a9d35f83e0ff63
hprc4_L100000_1305	5f29b31bb85426a144fa55f1245930e7d7a7776fc4d0afef8fe457490ee4b345
hprc4_L100000_1306	69f427105a0247d78f83a34bad351f1fb7a709e0d5f5da2bfd5639d987c7da6b
hprc4_L100000_1307	c28919a468a79227e8788757db208b683eea9b52757df73aed90e0cca0c7dc2e
hprc4_L100000_1308	3b3ddb97fbc707e528b81b919c2736c98f2764f3d04e7d4674107cfdc07bf3f4
hprc4_L100000_1309	48a88093f529e86031aeb3ba69ec7040f17c67c45c2af22e983f79d06900a59c
hprc4_L100000_1310	381c0ffc74f2352d49e7f3fbfb1f28de5a5f1eb31562035429fa3b34f8fd0053
hprc4_L100000_1311	5994c985a3262ff29a282a8495d652527cd8a3fa36961510102d10797bf34e62
hprc4_L100000_1312	1b96bf280487f05f868a2c170756e580f54dd8d0dd5c7a3186205436fc2b159d
hprc4_L100000_1313	c41c606db0dcd24d7cdd341096b607a6a25a32377bef3d7e5b087694a4d597e8
hprc4_L100000_1314	50e1e7f1f3247de2f9c40b6b4c383a748a8b33c7dd21134169d2a4c519259b88
hprc4_L100000_1315	bd7af4a9efcfdcd61fde298772063b2d2fea04768919685082276cd925cbc574
hprc4_L100000_1316	7bbb37568ecb011e02b39e077081e0b3429cf17c9fbe7ea5f5fadf618c27f1be
hprc4_L100000_1317	b31281f4f58ab0bf4faaa1191f3c9906690599f89147abfc920f2bfbc0a97207
hprc4_L100000_1318	31ebad7534839762f3eb5fbf3b1f56d284dd6b878d9f18f5e807a6c2e04ef272
hprc4_L100000_1319	19622a4502b92cb699da76c2c9c048b33523332aa9e769fa9fff0efd6172dfd7
hprc4_L100000_1320	080810b65129d6d08a4fd8c9501507f9f94269c9d0a9f20e73a32bf738fc4d8c
hprc4_L100000_1321	8923b2cdd279756cc071fb594915f5148fdc9201c4b2abd42471f029bfe551a2
hprc4_L100000_1322	4ea90e73452b05e18e5e0532f5423684893ceec652526e7ff361739525440621
hprc4_L100000_1323	527bc918b6dbe2376d1a96327af79f4e2971e8d8a9266a2b7f6212997ab95964
hprc4_L100000_1324	95d92e120065d0007438da13782051f625ce0ab7246f15528ee2a66728f53c65
hprc4_L100000_1325	385112e60285bd2a8c8467a2a912349708e84a44fd2eb6fed3ff61516fd3c5be
hprc4_L100000_1326	8c9e988e581b8ab04c3e72678795ac864ea9571d220067271afd03dd03f0100b
hprc4_L100000_1327	4e7b5bf1a2984f2ca3a0f33eb586c6cc92b5a785156e9de3772c1889bad14643
hprc4_L100000_1328	ad5cffef8d9183ff8ef99f7ac02055bdcb8c801b91de84b36bd04d50dab4a23e
hprc4_L100000_1329	5c55ba000ba4b4eda8be06bfb3c651419325f0564bc39d5bcab96007a8921b8e
hprc4_L100000_1330	b597273a8603b05aa515943d0040e23d6ba81c79e189a7e763a3c6a005df4a8c
hprc4_L100000_1331	09d9f70bb4429354e77338cd82d4bb86a49f48b876561bc89aae80c3abb75470
hprc4_L100000_1332	45a74e3dda8580cb0a897824ad41fb80e0a837aa7fced625c4ca01179b9b601f
hprc4_L100000_1333	6b4bdcff08084bdb977a2cc0152eb50c06a54c5c58d6357c9cac96f768c4b747
hprc4_L100000_1334	a07b513930516d74e078a44f81f5c34d401ed936148c42b515a38eab0ca973f3
hprc4_L100000_1335	9d4dc2722d98a7cc64299e26c31d843239c30b5e3027a9009410f485c2c13fbb
hprc4_L100000_1336	0d2cbeb9a3f4d6b48884cf7924c163689c17125958636634361474ca34bd3637
hprc4_L100000_1337	2167a7148c84294c541faabe69924d99405697c41bb1da41a3488bf02e5ca0d9
hprc4_L100000_1338	a4dd8496e82c5ef0777d90ba305fe1f1ffe743ea2d1e318e2aaeb1906c87da0f
hprc4_L100000_1339	dd3515c262e4fed2aba9d8b8f5e309bcc42f791b272eb22a7b52798e645b8286
hprc4_L100000_1340	a4254415dd96ac154c6ce7d943e786bb33593e054d18ed8d6360564d2ce61863
hprc4_L100000_1341	3528a1350a76a3c0d509a2b707c12318b471e77d257b61998b93f2cef261898b
hprc4_L100000_1342	6470933f6881361e58bf72b2a27994f8b09719bebca6082ee0a02644bfffade9
hprc4_L100000_1343	dad5696d9902e30fc7b0034904c80f6a37abe736af047e47ba2af6f515bfa03f
hprc4_L100000_1344	b0019cef322066acf619d0c00530d2babb84e22c73459ef79ad8a7e97762ff76
hprc4_L100000_1345	c86688a12697eebba94d81d37ab3966045be5ca552cad391096c6d78200d6160
hprc4_L100000_1346	668d02f822fccf4e53dedd51740cc925039e420c9150f1132e2b4b07bcccf1d8
hprc4_L100000_1347	37062a40baf61c511b46777502dfa0b467e83c1aaec95184b4d6bde297b1af7f
hprc4_L100000_1348	2a0520f13f60b07ec544d37cb9ac7475fd448a0ff1f7bb971567f8fd18eb76cc
hprc4_L100000_1349	9146ae43dc8ce16899110693bf8adf63dd15751cf6a37c1a0bbe395b49a4b954
hprc4_L100000_1350	cb09debd537f421913a7305a75bb7cf9c9d2cb4f98463f8a269ef854023b6f9c
hprc4_L100000_1351	9667dcf520627ed4b8e8e66fdc5bdefed1e6dba04f7d3e813c6ba80fb91535bc
hprc4_L100000_1352	06e67b1afcb98670bb24654b16304c7c6a26cd76ee04a022e3f8ed4a9c24e9bf
hprc4_L100000_1353	f432d74f015f7447ef6c7164cf8c17de6ab4572b072c48b83bd8689f5d3da7b3
hprc4_L100000_1354	8d94d0a0ed9719de80d013146a6656df711af179fbc7b970604ff46adabcec0d
hprc4_L100000_1355	21e0e97d4affe537ccacbf7ffdcbf204dfd1f9d8ec934413d1a8dd4b7bb57fd8
hprc4_L100000_1356	21aab5777c8457cfe7189b033a1273f0d686ca299b7fe5af3d5f58ba958ecd38
hprc4_L100000_1357	90f7e15f60e54c9a147f33bbfe3fb136a0b7d37a6f89d3d06f148319459e9335
hprc4_L100000_1358	a798f733cf1be4f9bbd161af1bd588c5653d1c410843e32c95e247182a0e9403
hprc4_L100000_1359	8b5fd37d3fe276d4e3382d3cbcc0677fc13a02dca9ddfd39cde2674e4c5a065f
hprc4_L100000_1360	6cddf6a5151a28896634b78d6d2fe0a292e3f71a6cd564f5919799c9ad6186db
hprc4_L100000_1361	fe90effe3132cf580198b1c10f69d37fb9c24450ff3359825293075dd43f1421
hprc4_L100000_1362	0f5ec99fe1514e25ed4a7efb6c3469fe61750d5f50905a6aec3585617d1c17a1
hprc4_L100000_1363	e99a225c72d2a466ffdab10c15992c3d6937bc43e5304b07421c3a8922636063
hprc4_L100000_1364	7387976d4745e618ded2caf0d8787473378e429bcc7295669e9983795e12a17d
hprc4_L100000_1365	d8f010b051818c995740243c30ca58ce7d32460e9427988fa8827825c5441db0
hprc4_L100000_1366	45b66dcfe782739080a30a0e972cc45330c19217475f9234415a0a4d7022ceff
hprc4_L100000_1367	a04a6da10b11d78485ade9d767bd8d8a6a0cfcddbf4fd027d0db91c0e37c213c
hprc4_L100000_1368	12222afa17225f5f3878c8f310b21e590db7bebfb90edec9a5b4e2a88b40e844
hprc4_L100000_1369	1edafdb0b44efd9fd1f70e714d9e2e941b2fbd7c8faf0844d2b39ad194cdd637
hprc4_L100000_1370	7c34ad34f9f00132a16a73e6775a7ef9d9556c0f7c462524fc9e2be4b6719eaa
hprc4_L100000_1371	889b9c84aab63d17b8ab4865f0e7dd4aba1c5437f981089ac888459e70c7f9bc
hprc4_L100000_1372	c76d7e3cf4d953d9ec79da745a28ac58acdaf15637aaad7d7921f031518144fb
hprc4_L100000_1373	65edf4511dd297092c122474d6b46809a99ab705049a1a4fb687e502e2b68160
hprc4_L100000_1374	afbf1803e8f49b9a5bcbf9d7b10b053a2ca869084843b399c5ad2cff7002fec3
hprc4_L100000_1375	68e96dc86db202a434781cebb300536e11ddf30f2c8fe4b11e1722d69cac8cf1
hprc4_L100000_1376	9fa2ad6e81fe10b1d1d0651ee7fa310e763ba97d35b2268e0feddd99da1415c0
hprc4_L100000_1377	2c9dfd3222a0facf4a97255140e2bb3912e0e855d67b64a36a788f31d0e48b23
hprc4_L100000_1378	196296671240722053602c1fc59ca2746bd3f83ad76afc2e5bf885f9da9d5755
hprc4_L100000_1379	fcc8dadcd7723ef47b4fdffad8a1056b86c3fa97a7d96eef153a150e0045399b
hprc4_L100000_1380	80fa2d78b2afc676963031c24c26b370d8e86a61695b2452a71a1c7d92b88716
hprc4_L100000_1381	c3d2c42c36d6fca6876e022e9db5a528f89e8ad8058a0b61dad91058e58a2fd3
hprc4_L100000_1382	185db7cfbd0403a27ddc08a0ab60e3e76b064afd92538a4f486d9c6a4c831719
hprc4_L100000_1383	7f35782e6163dc23c475b0a68d741dfffde733ebdc551b483a7ac91ef8fdaea1
hprc4_L100000_1384	9d5257294b9dbc53803fb689de7e7aca4f5121593223153b2c37743f1b9f1b04
hprc4_L100000_1385	0a716937d785d6bb821a5fdd46ec2e9fc5b284c320650559e1649b76d52d45d7
hprc4_L100000_1386	5ae0345a65e32c34ba00c9b815c292d9116a919ecebf8e6af49e0b2b5945c5d4
hprc4_L100000_1387	03e439c77c800602bd6cc6488f4e1b1245a94ba140d7fce24b5de535ef3b62df
hprc4_L100000_1388	a7d4377f1ebd976db7b9e5553fecda6f82afdb8bede754c0305391410751eff1
hprc4_L100000_1389	30d42b70f515b13a055f33b63a1aff40886c44509b787601e6e3c80bee01f777
hprc4_L100000_1390	2f380a8b3b6cfd9a9c114c08fb82d54860e94f67a7d74e695d7b835c7f42dd8b
hprc4_L100000_1391	8e419fc5f235449d9279a6272db9a1ac6c6466ea769914412b35872defdb5eae
hprc4_L100000_1392	99f4d278858198f7aea39ffc66d45ee25ee9e7e578bba3445dc02c0359b79591
hprc4_L100000_1393	1c134eb7f415a2f7d28e50951f033acc974c153a94f76c2e11229f4c65cc91c8
hprc4_L100000_1394	9ac49287bf270e61363da3a94d9684767a4cb61b3568ad9b76f7912aab81f739
hprc4_L100000_1395	8dcac4c14b5b95526fba3bdd347d16d4b6e7a0e8c2349485ece21f324984b2f4
hprc4_L100000_1396	93681fc8a325bf58e37b2058601e7edf911f3a643c774102372ce067d68d5cfe
hprc4_L100000_1397	70b42bb61326d2f575b0222183fb999ca2aa33758fd4e8b0c472c9640078de7c
hprc4_L100000_1398	c226328e42eb202721411641f12623e58db92a0eff812850f2d9c9ae4a370810
hprc4_L100000_1399	5eef42a463bee1e91e4a37d7858581c0f989d524a78eba52d5142185ef2e1c32
hprc4_L100000_1400	672d956a82ff880b3cdacaf8cd3b6bc3d65f58d5796c2095f617fbce735a0d70
hprc4_L100000_1401	6401cf9fbbe129205a9df46551cb32502921081d8eb4da478e6daaae66aeb3ea
hprc4_L100000_1402	b93682ebeecaece64ff1c246e100def1dc4a22297792964742254bbb481d27e0
hprc4_L100000_1403	d11b942545c6712feb5e6f78b17ea5f51da1791796c9518467b55748908c7630
hprc4_L100000_1404	b987534b6d62ca1d01e96adb47b9be09f31154acaf51c7d9175699ec1a17f5bb
hprc4_L100000_1405	70add945d191371795389e78983f0a75d3296bebc5c321f7d9615b3f0dba5e39
hprc4_L100000_1406	b0765787c5e465027fff5b0a38b2c9ae5ab4d864b881541339386fe15ddd8e40
hprc4_L100000_1407	79b8e1a2aa9e55914945531cba0d3a137ec4646bcd8a8b6c502ca008451d4077
hprc4_L100000_1408	3df7405d143a184d235fd7dd0fa8a014f3d74bddf67401630b34514093c05daa
hprc4_L100000_1409	68f3e1e4fa0bc1c86653e4d84a6880ded85c8c90224bc9659c2292ac0ee41239
hprc4_L100000_1410	6098383b62a78ceded7bd6300b6105470821c264f2b9bfc4a254695d1660ae01
hprc4_L100000_1411	7616cc265a7327d5df2f017810e0d7d3d93b14523422234f20ff707d737ef9fd
hprc4_L100000_1412	7fdbacaf6f4a2b07dc7477c243e112b2197f44368f6f813b2cc6a0743423d201
hprc4_L100000_1413	df851e365b3674c64a57129790268600b8145d91624e8b8e511ab51d6239b6ed
hprc4_L100000_1414	29eb89499a7f73462492a35347e562c197ce8bde21896d979aa398a282c70b0f
hprc4_L100000_1415	c1d4523a5a6226ab4aeaaf07a7ee84aacfb621d400b0dc35eff81fd4d6d60f12
hprc4_L100000_1416	79dace51b85e538fa74fb3178b8068c67eb88c156a41a882aacf799f9f0d0458
hprc4_L100000_1417	7add5adcce64eff7e8718cd60f3c4c72f1debe65c00c6649422c76537bd0e21e
hprc4_L100000_1418	1938656d1734768ddbf69105424708e7f040c04e6f81528ca673b33d372d0257
hprc4_L100000_1419	6e8fc52efdb571f5ff4404712c8d2c15b0e80ac173b22e2e530a45f1b8ad9839
hprc4_L100000_1420	ee355270e8c344f2e670e2496686969ec80e085ac45028bb131eb53893423764
hprc4_L100000_1421	fcec1010f141ffff505a95e0c24c43767ea3e139aeac2c8ea2ca8b0bed942a93
hprc4_L100000_1422	d42a4868b997016e3f120edd22fa1332280c850fd06129eb130c8cfe4e07f55d
hprc4_L100000_1423	c1ccd36902a924c3a0d483d86bbc6e4929b4afcdcb696d1d4593212a4c8d3fe7
hprc4_L100000_1424	c5f61eee7dfc27fdf934ff85e883d2fa730da767f5d2b767ee9a641b1accf817
hprc4_L100000_1425	fe6bf208fb071200f203f7c3d15306db9d62429936ca335b3f8fe7bb4e345f6e
hprc4_L100000_1426	332ad5b866cf600f26f2d7dc1e15b4c4f3e12e19b7b766670fe8c8d21472b77a
hprc4_L100000_1427	f9f2b6a10ee37462c96644fd3cb464e38c36636a31f452b052493cd7218f3eeb
hprc4_L100000_1428	5c3d1b7b86b205a88ef1b18c00935d71a8fc58a77c8c3e3725314b34ff852319
hprc4_L100000_1429	dea1d289c0f7991c1364095ca42552b53da2d5c6ad8c4d0de5770fd57cc2bac8
hprc4_L100000_1430	47962d5965dd3b52d006d3f107b5cdd5ac8a7801cf1fcd8cff3d1db31ba38bf3
hprc4_L100000_1431	d118f89ef33145acd70e586eb25faae87962619dd9ddbbe87e6b96d1fdfbb1cf
hprc4_L100000_1432	8074cff490a09061239b25c345047afc66889bf771ebd65c2c90d5ad2cedd956
hprc4_L100000_1433	796f8ef71d8553294207d615f5f7403d0e424859a455c4bc86943163ce1784c1
hprc4_L100000_1434	cd1ce3ce1f25365b454e1f8cc2bb2e6bb72c46195638bb86832aabebf7c89bb7
hprc4_L100000_1435	5fb801b92576a1bd88543b5241505b5896f9cefa51aa7a0b2b8da4741b2dc453
hprc4_L100000_1436	9ef572239ca3f858f3a11ca73fdd9a4f65d32fde49346058b9965423f9050e34
hprc4_L100000_1437	7e0be066c3e17dd468f6338dcd667a1b0e55650cce19d31f06eb79a7942d4ca3
hprc4_L100000_1438	9fc0fc984d851bfc30ef26874b324bafb6dd201a838fbb1154764d614aa924ba
hprc4_L100000_1439	e00490f566e7a8f849edbd26a00488f11312b7ea43a0f202190d76c25f17323b
hprc4_L100000_1440	ea3cd21f35822d6102aaedc16777b395cb16ae02d2456b26f1ebf2e84a73de2d
hprc4_L100000_1441	aecb307bca5848b9395936a39cc394060eeb91a8a39d02a1dd0b16f145a875dd
hprc4_L100000_1442	d291298ed675f0a25f565c87377c8fad3a897e5532ea8546904144b41c75914b
hprc4_L100000_1443	087ba4b3e5abd27c2770aa60139d778c47c3706dca95ceabcb3f80242bdf65eb
hprc4_L100000_1444	d1de42a126e7bdff3ffbba768690e6dc2a901af250d86231cfc338c96e01460d
hprc4_L100000_1445	c7b9933952b51e3c14e55d5b3d92629b5e57b8726e31544d802ce2330f13bc46
hprc4_L100000_1446	be4657d29ddcecee29aef4c323fc8038c60b9be69f79e35e3d881327ec875bc5
hprc4_L100000_1447	df4820f737a8e85937f64ba7de7949fd56bf1e70527db7a9133d9362c8f5e7b2
hprc4_L100000_1448	ecf8d414bf0fbfcd3eb221c1f7e32638b4cb3283c6f2d276e9245591fb1d81c1
hprc4_L100000_1449	27c2c83f461c8d1bf0b8f8679ecbe09ad32c98094dccf5dcff7dfe5364a0c494
hprc4_L100000_1450	630c3acd908224ee574b98e181a787ca5085331be2852a71f30475bff87dbb5e
hprc4_L100000_1451	dec54a60ee51d2e793e45501c8d8e2ccba344e9b8c154fedfcf26e32327c6f97
hprc4_L100000_1452	d575a1e6c4fa1e1e9ce5f405d2bd112f49f72bb58832eb16ff952c8e206d2d99
hprc4_L100000_1453	f717f9b81792cf0f652b081e7a043d39568eb4a206cf14327151d249d65042f8
hprc4_L100000_1454	4927709307c6c857e38a90715c65a6dc4cfb9929acaf491d129e2a14e1953caf
hprc4_L100000_1455	64bfb880067d3aa3115f880be6309d60ebcca42c5fe63d46e51ffaa5edae0683
hprc4_L100000_1456	4160b02e5417932d977521a4d63a711d8d6e2ac6f6e06500242ac23eef6fe523
hprc4_L100000_1457	f9873f8e8b755dc818ae7f65cd1a97f6dd78b09f2b10b4f5d94923cc8f00f24b
hprc4_L100000_1458	b8d2cb5a82d0422eb68730d0c30966186df8e5c8f5b096af5f1f72fa37d516fa
hprc4_L100000_1459	62c6149b249a4a64fe1b5c6d5b624c37fdd73526e06443b70059b9c67428c4c7
hprc4_L100000_1460	806ab74c9076f533363f2c8970b9e212fc94e1bcfbd7af7a90638c61fa18ea2d
hprc4_L100000_1461	80a180f56665e1cc8aae3ba410f9ee57615ab36cba3156386a65e3b75eb86332
hprc4_L100000_1462	3f1c4448f6a64412f7473bb71b9bcc345a4bb63e8942074809a858cfe15fe62f
hprc4_L100000_1463	c273e324725b1efee322b626ec31a7658f1caf232a1b05d7e7dc259d6c659e51
hprc4_L100000_1464	dcf693c9b99889819e2ae1192de69e5d851cd7e426feb28f68a572a999d1cf52
hprc4_L100000_1465	e52db60a8baa0e31ad5ac9f7d0a1b30f495d62c64d18b40e480211ce45086f18
hprc4_L100000_1466	2b1a6307810046fed940465a52d2b3a6ce28338bdfa0c310215d15df4a2309d9
hprc4_L100000_1467	87d77689f73e1e33e2c3588b0e28bf713eedf05b0900373b695c7eca8f08cd16
hprc4_L100000_1468	0f5d4c5cf1a5101c7357db0a9431ab11f5cfb49ce6e118800910ceaf550c1dd9
hprc4_L100000_1469	4a6c5c7d28d0010fd3c42ab4a76570e43b3db08d5ccf06c29dac9a4e0b17474e
hprc4_L100000_1470	18c9d291bf468fa099f79d5715a43285ddd501050fff5873450518741fd7d335
hprc4_L100000_1471	c7e3e1408631e143a93d783f31e49de69935bcf8e15ae4426c06748104220f1d
hprc4_L100000_1472	358d1ce8690244bc5c6cd305ed8876074705366db1ef50cf17534ce25801ee67
hprc4_L100000_1473	c7ea837d17f5f02749d4e8c7067b710b02d1fc40e5b9143fcc3884d308410d06
hprc4_L100000_1474	8fff6097a5e4c07dce8549b40498103d264bff74c0b6ad5e7d17f61dab41be46
hprc4_L100000_1475	33f6e5d62bc1b4b84f388ab7651462783860628ff856ddc44e8932f163075e1d
hprc4_L100000_1476	1d4e9fb609f19b572abecd24fe3b216ee10eaa974cd02142a36745c010056735
hprc4_L100000_1477	1b2e778f82b91871b8639fac1dac9d9a50d22a616eb1e6f09d703aabbc90bb37
hprc4_L100000_1478	c2459ab752611fe6248eac6d3d0aa259157232063cfa89f8e92d7937ee0d9ce0
hprc4_L100000_1479	145a762d8273572e004b9eeaebfcf785487a983b84806571120d05d214cccc4f
hprc4_L100000_1480	94ad94ccafd998aac3baf1e2a82f0caf13810c4f021955f9f975d10ad203e6c0
hprc4_L100000_1481	8dc89bab8845992dee0b4c244abca89aab3b949799828689b70349e66514e05a
hprc4_L100000_1482	08cc9f34c6838b9334bbf0937822904dd2fbb8c548228701a427ca6e046ca476
hprc4_L100000_1483	4eba2230ee18f4cbbc25b06b9b383f85348f9a7a04259e44429bcca33ee9630f
hprc4_L100000_1484	de4dc37af5d22da30e75d5d7f20b83ad2f7a421d240eb1f2afca5c481b008900
hprc4_L100000_1485	51662b603d024b1d6034620696b66505d8d5cde8bc9122680b3c11131591b172
hprc4_L100000_1486	e9069b3e145f0ecdb1f9743e98dda38e9b9ce34cbf9d24cb1887308dc9d8bcc6
hprc4_L100000_1487	cd4017e4967b45268993054ae371d34e9073ec2cbdc3aef1b37ff4dd4d8e3edb
hprc4_L100000_1488	174dfca5cae12bf7e46fd2a61e3fb861e04339e46e479194d107b6464ca0a05d
hprc4_L100000_1489	f648d2c577c82ef54435d2fb49f7daa74d12c56a1b5457a37839938d89546825
hprc4_L100000_1490	eab1b079f2f52152c42ce743fd2784aaed6c1e7b29586306438f1755230fe80e
hprc4_L100000_1491	a6e8c90285dc70b24df4c5eff28194a549fe80df28f39a9e521b08c283c47ab6
hprc4_L100000_1492	556acaf206193c013c13f2184ef9e039525242ffdd4aae115cd38b4ba149ea54
hprc4_L100000_1493	d35eb31e975b18d76dbd0184a50821f410daa30c69fc51b29c7b7dbdff543e0e
hprc4_L100000_1494	4b490faa1e3920c15bcfa6bf0e2951c9ed7bef08e327f8bb6b66a27bfad3eb8b
hprc4_L100000_1495	abbc4975b9e3c99ac4fc9e83910ca7f47e9d709737e359d07d27396774984cb8
hprc4_L100000_1496	583ae0dfa8b796d82b2d6786cf8a86b9a40fa993074f3852ad3c4308df6dd46e
hprc4_L100000_1497	086c2bebb59e8d698a3571449991c5d5cc79c90bc10a6bd8d2f2f30622ceb7fd
hprc4_L100000_1498	7c1680da6854e80f4d4f7691cd136026fe30d76ce39c641267e61ff70e70524e
hprc4_L100000_1499	c1d0906454dc71008a3c0d1db66dbb2da76d9f04ed8d5f4fe4c2dbcd140cf54c
hprc4_L100000_1500	6ed7d1e39cfd99a6cc963e181d2d5adb2f2cbe56aa14714bfdd411c0b52a6a66
hprc4_L100000_1501	4fbb74619db81975d08c3aab5979573ab781cb8a36b07f6b254b5fd20d514d01
hprc4_L100000_1502	f4eb8127e5c545b1d4036890d773fdd2341978875d357f946afae515dc5957dc
hprc4_L100000_1503	b598001dcdb55be3814f57d53c08a60ff34bea88bbfe033b030d8f4e216ab327
hprc4_L100000_1504	1f6194280e377bafbdef90018474cb7e613b00ede59a65d6f35aa031cfc2001f
hprc4_L100000_1505	bde6924cef64ead6710ed635459fa689831d485c0aace78fbf44bb6798489a90
hprc4_L100000_1506	c30fe52ffa59ca42570f1190e7c681ac4e07c512f3885c9e0d45bd9bf71d9e67
hprc4_L100000_1507	38cb2d52df50786040d3a7058b91d643dec3ab05425a3cc2ae50b53ddfcb58ea
hprc4_L100000_1508	fa524c47dbdfb9ef1bfcbc9f17f90bff324d5433312a3fcf92f75d687dbaaf64
hprc4_L100000_1509	142c65980cfe7aac961d67a4992bb81a4d03971c9d59146c2bbc4bcfe408cc23
hprc4_L100000_1510	c24092e9ab67766b6078d9c5ec55212dab10908568f03e45b5f88968571526d6
hprc4_L100000_1511	f6a2d9b372dacd81b428195688e36e543f0b22e7ffa190b0f5558526b6827a9b
hprc4_L100000_1512	fbef07c823e680f6bd3b0191fc76537e323fa21fb036733d0104993318f0cadc
hprc4_L100000_1513	b1fe582439fd4cefd8309df25774f30ab209ce64bc29a7cf30507470eefeb1f0
hprc4_L100000_1514	5f6a66aba16b6ae603327ad70716db46e28b860cdff327c0eeb6f9abe11e28a4
hprc4_L100000_1515	ce0d4ebd538a294c8e225d9cfa4d79d53dff57cbdaa24376e177714de0fc1e54
hprc4_L100000_1516	349abd483c92d671d3c900aa522dd371c55e5ee8ea2e5ad8ba21e551b9ce8f6d
hprc4_L100000_1517	bbd9ac46831d074fa0872d367766bfcdf468de4e629a6f8477cf4426c0449d9e
hprc4_L100000_1518	b4e9196a9d04c63b6e52b86683ac27f99c1ed3c19cbbdcdd822cf3973d00eb7b
hprc4_L100000_1519	b0a65e05e77dab688855c084688df9e6704a01ec52928e37de1646aa005676b4
hprc4_L100000_1520	3470110fad725232cc384cb264d0f96dac88a2a61c6c01fc651c50c6203a4302
hprc4_L100000_1521	1462d32ca16f69a07a055f99732e72839d0ddbc3d50a8d72be434dc374adbddc
hprc4_L100000_1522	0f8ca22ef5bc22ca9f058b42fdea06e9a9af746f7cfe503b411368abc835fb33
hprc4_L100000_1523	e7e77b75e844c7b888ada14c9649b908e17d85089000c90ddd2a709ec3a994e3
hprc4_L100000_1524	f1644cb0ebbb72f60733e1677a3fec125951842b0b57a2d4c4e3760811a51eec
hprc4_L100000_1525	1de3f93fdf7b5a598abc45aeec6d36ce3a5654bfda0edd712f304b2f518e579a
hprc4_L100000_1526	444675a7aeddf120cc3987dad2ed990523e36fc396691557aba7db64bcee1acd
hprc4_L100000_1527	544c4434660bdf19f3153c66f73b47523a38ff930252b5369e9e1d78f2b11f86
hprc4_L100000_1528	5c0d6e33872c2116e744406655f4f7309677d35af8d132a73f3809a6803cb091
hprc4_L100000_1529	ed26b32be9413dc80c620a966afed3e3934f119b0959814f8222e4face48fdbe
hprc4_L100000_1530	2d2d5c70fc1b35ce07a535418a0997e9aa064c22a48925ef476ace40df54e636
hprc4_L100000_1531	3785dcb413646e29b71893a8d6d15fe6463b8685d672825113e628213733f6c2
hprc4_L100000_1532	e18afd74beac841811e8b87a4f02dfd9e0ffd31872b00ada7c547b4175868b06
hprc4_L100000_1533	767951f6c002bf37a7751556c74ae23d50ffd07668abdb0755ba8969dc17d88d
hprc4_L100000_1534	10bc8c6ef3f9b0bb719ccbc9acfad22d8d6f7be134ee5c81e31cb8ce51f874ed
hprc4_L100000_1535	297ad7d011b55773eb4ea55407ea1317d4120df4daa2be4833f271655a8c5f01
hprc4_L100000_1536	4abc3306df2aef17b8331ef0f2f295d6d6f6c7fdabab641f49b0847ef5a67f3e
hprc4_L100000_1537	2037e4369d87b089c64f2c878cdd794240a2b937e0b0dfef7cfd070429ca7f88
hprc4_L100000_1538	8d3eb8661370711196856fcb33b216d0a00d9fbeca76a35fb0e73862f03aec14
hprc4_L100000_1539	009c9426cae1c43bfd6a6d538ba5c8e0788077d01fb28a636641f8940e737cda
hprc4_L100000_1540	304f51ca7c9c66be2269e8aac6e3f028f0661b8fb20d9516737b5775d28df237
hprc4_L100000_1541	95a769d627fc1f3975bd0fc3a5733fc58e3ed9e33660f5ef15a646a571875375
hprc4_L100000_1542	9d26f08ade2dc0e85b7ff953993c2068957ebe6bba38f7d85fdeb46190656dcf
hprc4_L100000_1543	d4d856475830e3747db80fd9cfcbd96d85b543dac6a748a231cf30f55091c58f
hprc4_L100000_1544	21717893680959c73b99d0de5cd52e0dcf4dcb538f699023a875fd90060e3eaf
hprc4_L100000_1545	b03068dbb6d7035fba5b8d5bcad5a0faa942d6071f69737f118acef7012bc854
hprc4_L100000_1546	975693ff7d28dd7600f52fc8a2d25d79929b5be02f7e8d6b7a7410f0eb269cfa
hprc4_L100000_1547	d2756667a979ba576c2278b015e809644d34dd0e6bcea7fa71f847525f6ebed2
hprc4_L100000_1548	857d6b373011fc8b5290764d63eca6a71a11c37351fad2a35270e68f5fdc7525
hprc4_L100000_1549	da1c46b863cd901355af53c1f4a2ef7b9a40b2e779a50f23d06f45299915cc31
hprc4_L100000_1550	4d2faf065e638f0bd3e65fb4a794fc0afbfd4df30de12d47bd3074eb34418531
hprc4_L100000_1551	6b0935964923a376da375f74a66695167356d4389696de8d9ba47645519bd76d
hprc4_L100000_1552	6088085dd3283c843563a3b9bf1e649888992f0a92d193d0f86582eaffbcdac4
hprc4_L100000_1553	a989875dcca3f91a1c37fecbbb6f823b44c9aabedcdcb42195a20952d3f1eb10
hprc4_L100000_1554	4a51b6b854ff2b2f4d6061881ec961cf0ba578f56ae2e66fd972ae0e0f39ca77
hprc4_L100000_1555	a58d231f2270a1e2cfe28850bbd621bd3e76b93c2dc8cb9eb9f061df3095009a
hprc4_L100000_1556	1203769e138da078b40d98ae13129e64890de12aa96774a9ae7cfa72826a30ff
hprc4_L100000_1557	1710a42adb51cae235ea442652948f1cd8ebafa1e9b928c5c91726d73bd32e5f
hprc4_L100000_1558	41f8f11f8bbdaa2ac65bda83546e969455f715af80267006a04deb83487f7562
hprc4_L100000_1559	0008309db0a231f0eb97cc869cb0c1825dab6a9ad4d6517633c7cbc6ad76408c
hprc4_L100000_1560	1db0c76d94ba6616052c929f70caa9d5dec57a459ac66157cdf5df781b7868bf
hprc4_L100000_1561	5a7930cc051588ba4d8827a59eefe35f268066c03debeb420186b52c19ce653c
hprc4_L100000_1562	85d2891bb31fde5186c8b46d354d4fff3775c2de2f2e414613dc78fb8334e2d6
hprc4_L100000_1563	7e34d9d5a8f0b4c716394de8592fbd1293e4e2ce89133427604b385973fa7283
hprc4_L100000_1564	6bb6d4305b5426a4e5aa9b56921f7c7649d60dd339e738c27f54f596fe53a3cc
hprc4_L100000_1565	d18d95460e9752a704203b0dba9c987b6383ddf611bb94aea3b1eb744bc347e9
hprc4_L100000_1566	2d0c03d16373ed57d7353b356feb062109636a8c315c93adf239af828bea8c6d
hprc4_L100000_1567	b644724fdae99e06da06bf1d0d1f6d4edff9f7eefe5c4c60213462de09bbb9f4
hprc4_L100000_1568	daca5c0958a3b3b019bd9c80dd36c8050c474e9fb82e450f4833a21429b3361e
hprc4_L100000_1569	ec7efa3b7d424bc499805f33326050f01489de756a93314995f2a95843bcaea1
hprc4_L100000_1570	c9bc14d958758f3c61ead68f8ce185932db8f85bb10da9ee49bb027f0a8b323f
hprc4_L100000_1571	41d85ef13623c4be334668ab1e719c8bc0720581f0f38af7b7666b1c40693f5d
hprc4_L100000_1572	3a42748f3b12b3888ed3a84ee0f659de8fa3a16c8e6adc349a6bbe3031b2f4de
hprc4_L100000_1573	e08ccac610b2c5332b3b3074a3ac6010dd9656b75aaeba07e78889a0f9bf5171
hprc4_L100000_1574	f23f78c366f95f4f0c5ac1bc29715866c6c66db9b845b619d55b303749984102
hprc4_L100000_1575	15dffddf24eb09817d27ee12d7506ad6092e2b5ba5e9f75a6e69c687338a7301
hprc4_L100000_1576	8ce83f8eea535638d6449f55ac2875ea67b15e2982cc33d01539c683c359cf88
hprc4_L100000_1577	5d973029660246b8fdbd8ff3f51f924e148c920233bef246e0d4ac1cd3fb0bd8
hprc4_L100000_1578	caec38c667e8c85b4b8bb11fb69623e18dda24a91d6622c9da43397dc8af8b65
hprc4_L100000_1579	a0b8f97a76d73c93d3565ad557e800b1884563addb0d151126f1fa292c56b12e
hprc4_L100000_1580	84d4758d286f31e1c8ecf9b3d4b72cd6faf04581b1ed781f41837f802fbe80c9
hprc4_L100000_1581	e15ebaf3ed72b8e057b29526324c8687d7d71283e20cbe799629c3ad989babeb
hprc4_L100000_1582	3d70105d3640cd879aa489e37cf7d0aec96afd0d171c02bc44cbaaa7f1b3dda9
hprc4_L100000_1583	dec1cce9448d12bb726dba2e0374179e3f821a67873e7ffec5d5104f24df355d
hprc4_L100000_1584	dda7739a9a6bf9dbc51ae4d80bc6488ad5562612e992c38caa200b0fdda41ce2
hprc4_L100000_1585	0e0f7112e3bd0b24f02ca97a77a22d6bc3480bde448315e39a463d5dc37482d2
hprc4_L100000_1586	cb70785047d4defd4f49bbe88e5aaaec57ea34179e7d682cd508eed0536f83ac
hprc4_L100000_1587	daa9c10a0cc3f441f2425b8c5e960f32369bc0ff31bc7576ef9401fc09887d7f
hprc4_L100000_1588	7920c6268e91ead9f0e2fe572f3d196ca8ab4165552a0976d748578b2d4c1460
hprc4_L100000_1589	506ae16b90a25b5ebc170a6e5f8f1998d97a14db9260d8bd57eda2ff155b8aba
hprc4_L100000_1590	e41db016693414b44cf74e8c2f768d1c165dd911b9c284f84b4456215d3820a6
hprc4_L100000_1591	ece0be905b1d5093cb14d0acad91a5e1b79a41e18c58663bada6b34c747e4519
hprc4_L100000_1592	badf44c0c114361c77d521ea16f656c951f94280c5ddb50ce17418eb5577f954
hprc4_L100000_1593	4e9f4c509538c447881494bbb81b639330a0abb8d00057b8d6e0f7a8a33014f1
hprc4_L100000_1594	5be179dcc0b31d60a691c3ad26b07bccb86afe4b77e19ea996ce5736c4db7459
hprc4_L100000_1595	33feada036c94a66bb0cf827827ed6a5ee689ee5b1d17cef3f336664866bc76e
hprc4_L100000_1596	bc4185c6bab6d0e7e661c77d2dd7619a246b7b1ad01b3ff1e0fc6246c34f2ab9
hprc4_L100000_1597	81e46f5d81e898f413495164e1feee98638feda1a314e0cdc02ff44106f9bf8d
hprc4_L100000_1598	120b60807dda2c2d01af0451ce830a4bc6ebf4fb5ea42027711ce2f44cfffaef
hprc4_L100000_1599	64b4be047177362b9de6d7198981e1e5dacedaf27b4319d7c4a4b38f81a747b7
hprc4_L100000_1600	882e36ea5c9a9f1b72c4ecfce1560c1397a3d7fe403f7ef87c2495a7aac95399
hprc4_L100000_1601	404ae27bfa297c6ef565b6c079de95de512eb51469c5979ac8d54f42e27da3b0
hprc4_L100000_1602	ce528c410473f3865722ec16069fe18266a032dcd995ca0d539280474a1dc4c2
hprc4_L100000_1603	686a73c6547b138526bac2ea6a41091867b0c2fbc57ae6d6f74dabed5cc2f38c
hprc4_L100000_1604	cb930fa57725abe4ee6a696561761e4d374ae990d45f0e5ab8d8a87e150b44eb
hprc4_L100000_1605	39afd2e99335423c7dc3e7708b409131341d7c2c1fd7e7ece3c7b4ad0a520b95
hprc4_L100000_1606	530de04de0a41add30ffb4dd28e86d0fd1bd5d6b21cd8004b49ebf96ccd2cec1
hprc4_L100000_1607	66c4cc4a3d20d1135fe8257b953cadd5f1ff7374654068aa8ef6e791343cc74c
hprc4_L100000_1608	d39d5899b0cd1ad3cacb241b2d91415254b5a85c40adba256c48415035fa4744
hprc4_L100000_1609	fd74b0ff717ee6bd66ebe66fa56900e6d6950fd00d47d502551e5114d58703f6
hprc4_L100000_1610	b8c0ead6ff185c57b12e6973b567252f663c5f40b70408dfc6402f0866418cf2
hprc4_L100000_1611	19f0dbab6e1feada1686c4822f56764c1087b2e44c39d641e787bceef57ec148
hprc4_L100000_1612	92867f519a91660adf75fa1df9fd8ec4c07979617fc72ca6864dc3f4e4265bc4
hprc4_L100000_1613	3527160c831f22155d51610f814c2a348c05c84c9a71333e356c68fb36da492a
hprc4_L100000_1614	10982f68a0863e1a88598e72e14b4d9332547e853e9071fb4dd268a9f8534db3
hprc4_L100000_1615	b15aa0275f1984d3ede9c3af0f1ac48e241c9dfa5fb66bf14fb48846d077ff06
hprc4_L100000_1616	69f60b2c0ed7cecce7c48fcc162d4d250e2cd4a01c7b8ab7298f57f832cc2470
hprc4_L100000_1617	26f312e5bdaac7995ac204f4d3782f7449dfe754be52f2cbdd14e360b4e2ff83
hprc4_L100000_1618	ee08a4c4b59c4687e565d3b429ac70d3eac192e6e540ae4828a145b95ea7e4b3
hprc4_L100000_1619	d3192bad1ba4ef74dd72e68606da4ce01870a83fd3cc5651cb55da6132784a2a
hprc4_L100000_1620	54e0275b2a2affbaa27692e3037b51a8d859a784155c5a72f0ba17e8c106b6cf
hprc4_L100000_1621	b4d89e8d77db1a2185c60bc9d4dbaa9d19db03ec7e0baf9b02a2c269a3a83e96
hprc4_L100000_1622	9a0eb52761a6b42be26fb8e15916f5f9292cf53bd03a9ce0e0cdf2d7db8cbf48
hprc4_L100000_1623	f7e665df0aad34fd1dc5b410f59413dcab97951ca02cd19ab0907e77f1873ff7
hprc4_L100000_1624	42a2e6022b1ca11f2dc5076aacaf2e0675827907741d50b03e53e721f3152b7e
hprc4_L100000_1625	b6784e539e4f9e002afc4427bf75838351f81e354b2701ea022da2924bf3fb93
hprc4_L100000_1626	c08185d1cc5402480814203d989e4504734f85358df7b8f923a31e9428163757
hprc4_L100000_1627	91ab87bf86fb64918c401b385ba95c4298d893705e6b718cccb3a7857de25ac0
hprc4_L100000_1628	f1b5342312ccde74e87af8ba778f2497ac13d3a1493c8be300ae9cda52681c5f
hprc4_L100000_1629	1c0734874579255d4791ca2d7e0b8a234bde30fa626accbda0144af2401a00f9
hprc4_L100000_1630	f734c458528d7784ee1d47dbf18dcc67a195931c88936373bb76f27c9b539aa6
hprc4_L100000_1631	23748007571a9e4494ae73971eb3a0cb55606c0fe8bad765e37596029353853a
hprc4_L100000_1632	ba76cad4489c2f5e074e1f84bc54e9d563761dc6a216047717f7dca84f506a8f
hprc4_L100000_1633	975e02a5f6c9f5a6c2971ee10e49754d745110dfbc82ec83a82739be07b1406c
hprc4_L100000_1634	3f96874b9c3022bb0411d22d5768010d7a5e60258ab5ed1ae90648f5d721db4a
hprc4_L100000_1635	283236cb01a639dccff457d5ef522308ca9e6ccb39c9f88117ce98a324fc4b9d
hprc4_L100000_1636	296e45440a3a2d929582055e6c4d0ab0c8ca24e7b141467bf9b1e199049c2b91
hprc4_L100000_1637	0d0469a2bc0b9ebc309db7f174755607c8f5fad1e6c9dc1c4f6fda1dc47ce4cc
hprc4_L100000_1638	9b185cb04d3caf8489ae93c9181724a60999778edcb1ee009b6b5d17493faca0
hprc4_L100000_1639	6a5df1a342c065e93618fe53e50237bcac710cf8194977de0c07d711c0a58288
hprc4_L100000_1640	6e103d6a6ef7096dcd872ef905e80819b747310220eb6211e6668f9a4dc5d80d
hprc4_L100000_1641	8b8848c56715b920ddac00f4ed3a4fdbf9cad5987f1563bbca03b45763d7a86c
hprc4_L100000_1642	8130f070f7404ea06f956499efd912f214c1eccfddc7686327e4b0303520f1a0
hprc4_L100000_1643	81a88e55a594448ac9c7f4b6b5f070f11a0d61b2666c824b72add324a99fc07a
hprc4_L100000_1644	8f486faf1a0237a93151fc4711d147e561c498da25e0a75d8d39e857d0f7c441
hprc4_L100000_1645	df5a46dad2593ce5172f7c34fc5eceeb3f64e107d9d5fc1dd547a30caf1b5c9c
hprc4_L100000_1646	abcb38682f4601cc11e78444dd2b0eed6be49038593a1700d3d7c05cf500b7e1
hprc4_L100000_1647	19305656b457e3ad9b04e8b3ab028ccd2811143771b0bb1dc5a8e4eff33e0ee0
hprc4_L100000_1648	2bcbd3fb35d18feeca472d16e959d9cacb561fdd920b2e941545c20d34370dc2
hprc4_L100000_1649	530307b56d5130afef92016d68d2487b6214a16d7d1a71a7bbf34abd35d06e7c
hprc4_L100000_1650	247d04d22a3b1bc774a2b7b333668d06cd619797733e77295b95f3e99c8e025a
hprc4_L100000_1651	1b8e7c9fd0c8c4d710bfe644ea94b26b69a4a4f401699d1c975855f4f681a897
hprc4_L100000_1652	62800995651dd3f2a1c854b7ffff58774e916aeaf1bb95c5628b3e29a6d49b39
hprc4_L100000_1653	aab393e32a15acaec09b7c976b17a0a9923cc21b948ac9ab7ac8b0fa97b5800f
hprc4_L100000_1654	08d4508d938840488079882c9834e317c6a42fc199438f71c88144683f5ab012
hprc4_L100000_1655	35ff3230ccb8989cb8c5cac3b6c212207bdb4bac70394a6e0b4dedce40975f0c
hprc4_L100000_1656	4b8228a56805381df3f585f216833d234e430d1a194f1582478fef7e3e0fb6cb
hprc4_L100000_1657	0fe387a91850095c232f656ffb6ebcd86ddb9128410a6b5864661970a2aeb2d6
hprc4_L100000_1658	54dbf39bd4fb328a0b79d1fc1d7af99f4b3de0bc2d8b16f1798da02a4d10c25c
hprc4_L100000_1659	6f6c01ad9ffe4e3dd04583f7b4a4493fa38a4f2a2feca26da63178ddf9780fe0
hprc4_L100000_1660	2f23b59c68903e434eee79a8a23b5870299308c053f28edfb43ca74ddb0001af
hprc4_L100000_1661	39b06912db174ce09b63846c4653a5c49fade49e62c735266cb2b87524f5a2e4
hprc4_L100000_1662	bbe3763b25c1682639b837d0468f90f8abdb838cb7effef04b90784a9d37f52c
hprc4_L100000_1663	3ec54da64da642c587d35edf29a6f90ead0d3aae23cb70f1e8cce57f2b987a7f
hprc4_L100000_1664	a8bb99b4f97e427990630a791bcc0f4d1144518b97b97cf571ce51405d1339a8
hprc4_L100000_1665	5caad5578a5bad9cd5bca3f6ea243a3e07d3e140200a508ab5bd737c056dddd2
hprc4_L100000_1666	352eaa4a987b43edaabf652158ead351826e3c15515906bc4c045b03fecb0f57
hprc4_L100000_1667	7c7076d3c3b85f7c3eae0a1742f573a9b4cbe58a85846dfb1102d5cb6f57ea6b
hprc4_L100000_1668	90502ad8ed37169d954528bbab071c83defe4b8409c95bf5852a7e30e6d36e49
hprc4_L100000_1669	615708eb9f9cd9c39d17cd3d7e86deeaa641c5b31d07ccd9979bc78241ac9e64
hprc4_L100000_1670	a5b29cd9b7a082b5dca74569018be502e132a192e4a2a674651ca1bcadb1a334
hprc4_L100000_1671	2cd2aaa61e323ffc2f217537457b6532526842de229c6c8aece2bc1bf35a0f3f
hprc4_L100000_1672	a82a4b1266945ef4ddcdc695758896f9c8fb8d245231315e4ee5b386e5fe6326
hprc4_L100000_1673	de4aa50673f447a689e44b85b24dd0e4694c529d0ab77312591328333ccb892e
hprc4_L100000_1674	73657c6f95d224cb40705290265aa7c498f490cfc66b275bbdfcc7527bf78aeb
hprc4_L100000_1675	1f85c28dd3a14467c171958c8b38abfa5fbf1164d2193ee83bb9b6b8530744eb
hprc4_L100000_1676	b02766a6184c1dd1238fb6415a9d88c99918511eb3c770d1dda3c80b8b5f0d3f
hprc4_L100000_1677	f80fd4b67458402de38d5daaff0f9680ee1cb4c1c44a263acfcc0fcaa8d63045
hprc4_L100000_1678	867621aa367d315cdd302d1722a90c2b7cfd813abb4807c88d3f9d6d950c3d72
hprc4_L100000_1679	5081ac67d16097076954e790c84aa53eaeadd66d0c344f1a28a53cd1f398f27e
hprc4_L100000_1680	d966405f6f75baaf5fbf6274efc0d91045d699ca6d37ff8db4a91405094d00aa
hprc4_L100000_1681	5b3b23a2587d9a839e69c077890dcee01fca34bacf3e3d4231068cda21a6bb1e
hprc4_L100000_1682	d8ae8a566de58d703124b74f9522a631bd211a109d1867bf9822ef3bfb70dd94
hprc4_L100000_1683	f22ef179e381214f72144518eae665152b8fce6991afdf116b1f4c7fbb40ca37
hprc4_L100000_1684	e2eba2aad39f1b5c5c87343b0b83b6a532f0ca91d19afd1f08f7b2e1883995d5
hprc4_L100000_1685	b4d366d12e369991a9436f9bc9e797d64b5342f273d6079415122c0845e8bbdf
hprc4_L100000_1686	7b1913944da04aa3cb5b23ba1dc06d6a91352d2bab5a8b1c3540d3745329e1df
hprc4_L100000_1687	8690502920be1fde74496d0bd08bfa95a352a742f56c16e12a66606ab7f2bffd
hprc4_L100000_1688	e496abd49d7bb9a70f7b1d0df4e89af256ebce7d419b68f642b6ad40c2c313ea
hprc4_L100000_1689	aa3b317295b80fcb413646a4fcaa5d7dd23c7b59fe890e19b4b7a5171d4b14ba
hprc4_L100000_1690	a866049dae82c51a985b216fc1ac8c524a1d6ecdd6f3535a56ba34a7e9452036
hprc4_L100000_1691	37e07241c4f4dc4a207e7806d18a68808dab7268872e662c0235657ca91cbbf7
hprc4_L100000_1692	f65b67f0348f581cd4a101d1edebf4dcbac0bbe9607bb3f95261f5fb2fc69491
hprc4_L100000_1693	2cd300dc4f8cf9a3255fcf5c342a9f52ebfd4340608c4c78ef2b51b5b6e046e4
hprc4_L100000_1694	4c123f34190403db9fe18245eefd4635dda46addc04712ac2ccaf083ae9a67d7
hprc4_L100000_1695	fc5cf686fa2f90624261fcbf7ad1c236ff3a0602c24cc83c3c8641493ee68e6c
hprc4_L100000_1696	42f480fccaf504710a67a25b054e26c3277f4912eef8eb4a1969a86ff0970e32
hprc4_L100000_1697	ae2dc0fdf6da8f4710ebe338618ac8cfb04ef61c3d71d2cfc0434d6db6689734
hprc4_L100000_1698	6f544ed95d116ddf5d87043b13f494a3d4d5a751db8c5bf9bcd4feb3b38c5cc7
hprc4_L100000_1699	34115591be63c29b4f927ebb39124aebfc91e1e5892c02ffb24cdb1219d3fede
hprc4_L100000_1700	3793937a253d9270a74bd14070bb1561273cf659ef8048f720c1de4e45fcf7e8
hprc4_L100000_1701	3f5387134d1c9c6d04e45ea8f7a96a38074d2d35dfeba4049c6fd86078afe069
hprc4_L100000_1702	a9db54121f84174b2b4ca740efde368f29cc6afc1db826d9c6f28c2a4ea76a31
hprc4_L100000_1703	149bdae9b36904bbae554378d36c6cdcf19939743d383b9e889052d777172ba6
hprc4_L100000_1704	ba7398128da45901422986bfab4b5c714a99cc936ca9eda9a186768259d107ae
hprc4_L100000_1705	2a90946edbd3e6a64ca50355412cd2a9c6c49d6264880846ba9808fe41bdeeb3
hprc4_L100000_1706	a4121675c899659c783fbb8b68b166677771505c5f84c02075e3b820b96e8a2a
hprc4_L100000_1707	e9213653bd021ee21c0bf0f1b876da1715bcca91e6fc3c7baf52366e9ba0b4f0
hprc4_L100000_1708	208bbb06d3b2784c171c67f6f859be63b6e616a3babd2bd38d8f563f7673c6ad
hprc4_L100000_1709	002632cc0d21c2cd5872c7387dd51ceb34710b2224584c34045eabe122b5966d
hprc4_L100000_1710	d2c132fe99c161c1b34358fd8eca0d7ba86db2357c635a2e320ce139b3f109b8
hprc4_L100000_1711	dfff54d385d9de38074bd00fe21fe2e20c2665d152de9254ecf4d2e7751d960f
hprc4_L100000_1712	4c535ef1f8ceadb729f24d699ebbfbd3350d6cc8d075cd1ef8b7ea2ce36ff00d
hprc4_L100000_1713	c25a6489fcef4664a4e7e113f94f15c663d9938221b07169ad89034b01163aff
hprc4_L100000_1714	409e434975b750399c9605fcb065af4ab4d6e205b94db32831411566c894d068
hprc4_L100000_1715	bddd4afc114691575dc4ac49e637d6bfecdc7395afe3e174f3c162f178809717
hprc4_L100000_1716	429fb0c708750c74d666b9e811719d97f30587accd0f906625b3ef6e11f6dba7
hprc4_L100000_1717	31716ec7d7a81220728f2492b420b9b71cf4d27408a1b550cfbd4cc21a0b7839
hprc4_L100000_1718	eacc4ddaff2a7ba4a81f5a57862233b64572e39d2b8489afa8afa638f7abad19
hprc4_L100000_1719	b90e45315b1728db5ae3d8352c4f687224b6202639534cf1f5354d2747814895
hprc4_L100000_1720	24e7a513c8d3b9bacd1aa931b41b934644309560fb8adb10d0774429497b1907
hprc4_L100000_1721	80fdaae36665c2f587c5792ec68d74760efe55489d86ca25b8b3c84e47729a22
hprc4_L100000_1722	14fdb73e16a5db4ff640db0f4c33c830f08ccada4423e1cdae8d055626bd7322
hprc4_L100000_1723	9df5e2a944f842374e21197ac7b3f56cd164019b525ab5edef748fad12c783d7
hprc4_L100000_1724	79ae30112b9db9c84e7d5826880d8f4ce6b2310edbb003773c57bc9928d9f595
hprc4_L100000_1725	54ff1eb69ffbb1d81cc66d06f712e2ba3ee787b0646630296b82de70d81d9621
hprc4_L100000_1726	e251dfab05c4b3e491985776037260b21396c0ceccb981ba1c356b51dff79217
hprc4_L100000_1727	f2b1438e1364ce28d992ece7e1e9cc5d2435fb5b7a8ae966818691bdad987684
hprc4_L100000_1728	008d22850d7421b29fd131a5f873b5900cfb33b03b98643ce3ad90ac662c43a9
hprc4_L100000_1729	e5d8bca73b1822ad053bd2bc8a9a48713d9d9aefd8f54679b9d2758c60cf15dd
hprc4_L100000_1730	9893550f512e6447a0ed3330f71fa21cb852bf9b5f7c1c2db2176e00b1e00146
hprc4_L100000_1731	73cd9131b6fd67375ca540560f7c00de123b4489fc0372011f9fa7ebfa04b1c3
hprc4_L100000_1732	24acebc7719c63c786debac3c40bf387fdb86716784ddde162023da7388f9ca9
hprc4_L100000_1733	f5612551cd6a2ba901be7b94b9cae808649cf003b94bb7d6536ae2ecf6f026dd
hprc4_L100000_1734	daf523bf133d01b82d087e3f1d26efae66426022dfecd419dbfb1d658c154afe
hprc4_L100000_1735	870a03771d3f6716279d32711f89457556c36b1f6165712c33d45ba94fb03d9c
hprc4_L100000_1736	477953685cc3e3f1be50f1df10944a6f079d8411b5304a88c4f5484abe21d031
hprc4_L100000_1737	79e471eb14f7bf3d28bffe785fdf11150d6919fb016f7fa5a406335ccdc6777f
hprc4_L100000_1738	446959e43bfd31451166effa943617c4014472c697240aec398e1c5babb51ec6
hprc4_L100000_1739	60736527ee31a14634b8525d729f6c21376028f53856a0bf097ab3d7e0c8c4f4
hprc4_L100000_1740	8a81433306e64048b9190526ece1c8691b73f3bf88c9f7f7d75d926e366ae680
hprc4_L100000_1741	81f4a29f005d6ae0301988aa2d7278c1ce86eab1d8c7000571049e682b851b42
hprc4_L100000_1742	f5b895c1dd6740f672448f91b2be578c571878234ad9b47d2e7d03d356753b51
hprc4_L100000_1743	8c908ea1b996cac2907bc265e08e1655304d8d89f70d156a8a0338ad8913fffb
hprc4_L100000_1744	dd00b608980ea90001f7e3c05ee8e802b7dc57a9fcfc5d545f61f193b8392c28
hprc4_L100000_1745	03cd0027ccdb8299081c2da84d34c4b5efd1bd32818fc3fb6654812eeb3e9207
hprc4_L100000_1746	32e7f436310d4e20f50bafa9fe2104ff3d59baa9cabbadf7040ebf5e9afb619f
hprc4_L100000_1747	bf4cd38da900366485ab8e10e6ca36469a84136c567d32ab1ace8a92e542d2d7
hprc4_L100000_1748	79cf69809821a7a5dbf5e5b7218528ec5960d8a523034710abc1ed1a541b7034
hprc4_L100000_1749	8eedca76bf97cae318a869dafe429d383b55407aa5283bf5c5ffbdade4a02e57
hprc4_L100000_1750	3fe7ce51178c607cf12d917685a934eb5f4a904308a402ddec534c2eb1d52816
hprc4_L100000_1751	971d896863b132e9edecbef5818d3a7cee70d034c2e02ab79ca192e262fbf3cb
hprc4_L100000_1752	e1b9e32280d80abe36e026f6d162bd5902444b93da977d7fe876f6f752337444
hprc4_L100000_1753	6b91d1f0c021a12da2c5b039d241d718b5f7282b5067dc571a7ac0a544e99ce5
hprc4_L100000_1754	04e55a7854c408c1728a99fd5f3396b09db335b08a1c3d7843d766a8f615f853
hprc4_L100000_1755	811f9f71792f9ce9c0d9f0abc54c1d2ccba817777962a9e25719868f6cbe0ab6
hprc4_L100000_1756	2119f6810ac2361a99b0458d8802758b2222c41c3b3617d066d0a9640a2948b5
hprc4_L100000_1757	0bd5bb2dc4b6b52c9c4a3926fb755bfc1d10e1a68bc48fe1119fb08a7bc56dd2
hprc4_L100000_1758	7e6b6a8e4e39882661159050328e54cace2757c8ea5f0af471350a0df712afc5
hprc4_L100000_1759	f55e6759fe73349756b09c69ddaed111043c2b7eb2fe71ab5dc906d12be0c334
hprc4_L100000_1760	eaa962d115625271407268fcc12a94da0a98bda9e6d3225ecdec68a2a31e4ca8
hprc4_L100000_1761	94cc13068783ced26bb884c894aa9f508dded3649a14d2ae5a036cfecb01fda8
hprc4_L100000_1762	2742d54c2259edf43dc4e179fbfb769c999586eebabf51f1b75b9ce2ea111bff
hprc4_L100000_1763	7db0b371ab189e291473fa05db33b22210dd69e1bd5bebf5cca97bedc38c4959
hprc4_L100000_1764	62317e4c8205c2374c308bdd992bf909169c857d6eeabf5a080e5d3f231e94e0
hprc4_L100000_1765	1103dedccdc5b819c77f230a89479e9772a338beddb125876a98e1ad5e7afb52
hprc4_L100000_1766	a792669419b7edb5fb71b3e7469d37ca1d423acf8346764e49b3c9d9a73775a5
hprc4_L100000_1767	444710853f0ef9b27a5cfd663cad5ffe8cc13749f2cb1ca89c1c09d7486ad331
hprc4_L100000_1768	e410acf7141ddd4051e13508b43fd8668f8e5369b723133bd0446606027ae4d7
hprc4_L100000_1769	1c2be8ad81c967f7253a22091f0e548b985d2074adb09c2db7f0426288f1377d
hprc4_L100000_1770	0b35fb61d9f7432be439e8dbf650a59481aaf084466711ef765212fe8de4dc51
hprc4_L100000_1771	707b847c10605c42df950bd3ddf30170fc81c628ffef7a421d82a44c6bf3f032
hprc4_L100000_1772	e99ecc97bc5bb66f4fc90199626237442861e8c638cdf2aab06eae5967cbc71f
hprc4_L100000_1773	52e0c15a1e99386fb01d79c2d6b6035331bffa43370831e9d5f473eb0ff96f58
hprc4_L100000_1774	fb6459b18fe8e4cc42c5c491256d6f748b449adebf7e84bb09fd0415c5f8d280
hprc4_L100000_1775	212913543746b6af891bb1ff4a362d326ebb3d525ddb56f99ffb187fc8e5ba22
hprc4_L100000_1776	83cf9636126abf15f89480b6ff28789edf0cdf3b31cb19dd303425cab8d6546d
hprc4_L100000_1777	444115cb8b499dc6388142474b0c5a8e6500ace2576e2ed25c3990b53d529b6e
hprc4_L100000_1778	090eb6b7add4d8943a06598c648c394bceb4e0252abcad17e1e6ece6ee0fec6a
hprc4_L100000_1779	7dfdd68dcc804de3a2a01b3ce3e16d3079473811c07d3ecca5bf03e208d11515
hprc4_L100000_1780	36bc8fd3bb13a64171a42a7c7b9637c4d65af4d32d457cfe0857d042c6f6a9a4
hprc4_L100000_1781	0771a6f4763bc6aff7db911e7d0fe4eee92694522c9c27794100f77dcde636ad
hprc4_L100000_1782	3cdbfc65b90f5d075114836bce17f61f7988d42a6551852babe64ac5ea02f280
hprc4_L100000_1783	a20b99db4d01f4e6c2a4224bbf450d428b74a92e50623e3f127c2dd1c2f82f4a
hprc4_L100000_1784	43fc31b8f6faecdbb50d95ccd0174c70b5e7cd01946ae59b960fea9c9099f1a4
hprc4_L100000_1785	5b9ec8d4160e9670a0b26d64ae626b98a45a1a238d7a46518a56dcfdd9d7d648
hprc4_L100000_1786	3b8559f7fd22319ce5fe63dacb8c75b54acb531085783ff47f9ac1f8a49adaaa
hprc4_L100000_1787	5eb5aa29d8042f7e419ab3ce358676d713e69f36b13c28520cb1dc59858dc544
hprc4_L100000_1788	31149b44dad0d78d7892d3304bc00e1e6a7fc7f38eaaa889a1e5af44313c2d59
hprc4_L100000_1789	2351c637f027389d7597a36378c4c31d4d1cb76a156aede37a2db8143769e75f
hprc4_L100000_1790	878cae0eba2a441fc65855a5bb33cd9b1a7213d515166388ab46cd716ac30bba
hprc4_L100000_1791	e3b05d251a9fab5e5d42871e6888156a20b4184e25ec2fb74422d8b6c6ce5fb9
hprc4_L100000_1792	64a14c670c44c45c52e1b79f12d73b52c028f7d6c4eea7bea253a3e79686948e
hprc4_L100000_1793	87696aa0d8fac4c560f837744876af6681fcafe2a4fdbb5b14085abde133fa48
hprc4_L100000_1794	183ec3b725435388fee807b303a843d223ea3c3be7497bd465b6c02377c8ddf2
hprc4_L100000_1795	f56d399b5b0e507474ac37fd88a0f92443e4b2c8084fb438029e7e870533fb2b
hprc4_L100000_1796	2714bde5d6b731b32641138c7f994a1f73255bee12565c96a8b785bfe2cdddbe
hprc4_L100000_1797	5d2e32dd52c4cfccc289a54022a70b94c63a53040bec3527c546cb8ac2a6b8d3
hprc4_L100000_1798	00e974187c7664195a0c47a1e7f2562d206c06a597a65d33857201a4cfc98715
hprc4_L100000_1799	901830cefff83a7985b2e1c903250b5ae81fffae7f4db606ef79d5e43df22080
hprc4_L100000_1800	153be3639ded16874ec116fb7a12999436d014c191be84921780ccf1172cec6c
hprc4_L100000_1801	6c3f9b1a760f2d6a972371352ed9a5aa9c00a0326b7132372a2d48718a509683
hprc4_L100000_1802	f92157100b6dc797dc187ac0b8902dbd590679adfb64a4f31f51c8daa26aff7c
hprc4_L100000_1803	b2d995e7d18981944a09831c087ab2da48efd7c463a302ef9bf142cb953b483f
hprc4_L100000_1804	b00ea2345a288b7407ed891c9afebdecfc2c8bc40f74dbce2c04b1a866ce6374
hprc4_L100000_1805	e7fa7aae92dae528643294a5581b45463cf02a1ae1d424db6d0fa6eda1ea7dff
hprc4_L100000_1806	6256647efdd6e0a90db3737228fd81e873d60799834c41f9585c78cc4c0becb4
hprc4_L100000_1807	262edb7ebc601a1dcbe047c3d762d09c1662028884ca2abb66b81998cf1259fe
hprc4_L100000_1808	39bf60b6116e6698b95e96ed59b4ed5d7493f1df8ad54fdff855150c0827de0b
hprc4_L100000_1809	525602925f7dd5b96639f446a331ba7ab20554323e5538ee5b9d7ee34c6c6b95
hprc4_L100000_1810	caafc9589e0ececfe97a2ffe8b8e3cf130a0fdb603472735223e38ed762df5b8
hprc4_L100000_1811	588977dfc106d76596522cf166ba8d2240c2d1ab181bc4c1abddba4980bb214d
hprc4_L100000_1812	f872964e3b329a5abd7fa367b0800660a2a306de8eea3708b572e92bdba38d9f
hprc4_L100000_1813	c706a0db6034a9c78600fef43fe55d50914a2982838cb6238ea8530481171315
hprc4_L100000_1814	76d834f4852c4dc03ccc0aecc460d012d6cc68209deba33801c5a04130a2b780
hprc4_L100000_1815	c971b1f7a5ea951e997d23eea82724cafe6bb059cd50e34cf408bd18674343f2
hprc4_L100000_1816	84aa82b335364c5a3bb05403a77e122075a0e93901458fee430c3b32e6b0591e
hprc4_L100000_1817	cc20840eb8a0548cdb8bcacd22fa02c1a7bba917c95447d906216a32666f0fce
hprc4_L100000_1818	975e713ba6dc433ed35a8bb884feeac9f079a3d01e06b20b20962efca7e9a321
hprc4_L100000_1819	fff0d34f87dbcca822c83d627aa11f0e3fd91a4c82dc9089e7ca01f47fd97649
hprc4_L100000_1820	e22343964ae284b06c3c0850e2d42392e47feaa17e3f8b3d00211dc92be6d922
hprc4_L100000_1821	0ea3abee22a1f6781af1a035dfd080a79b121ecea9b7a9c91d1b0e9f881d5dcb
hprc4_L100000_1822	1ba4577ce70ed47ba03bfa71d1cdb674cc36175edffa5a2cee58a1055894a0c9
hprc4_L100000_1823	f0d62ca6c6fddb46224d133a9e158c37ea1c97eb6f29253b0e6c4e2f77bcef9a
hprc4_L100000_1824	ad5ab260eca2adf0d735d83f3e6549c2c2dd49f455c4431c1b7a84d9bded5e50
hprc4_L100000_1825	09b50cad4661f6e729b3aba251da77264ad7f52a61cf4a044aec88562a3f847a
hprc4_L100000_1826	5c4701628676e2c77e647cee674ad598545d4728ccf95e1bcc8a9eadf214e251
hprc4_L100000_1827	ab6498877ad2190ad1dfc87787b4690abdc7a0955bb96744d28c16afe5fb9354
hprc4_L100000_1828	e2fcd37bcf2586c6494d6c38ba1c6260f68dc1f15bed8748fc70259d632cf40e
hprc4_L100000_1829	099fe3b80c87f0d318b455bab5cfc613e3e165043ce363cf729636fa4b5f2600
hprc4_L100000_1830	c49fc5ba289d13471929ebcac9c1088b387733a1061022d2ed5bcc33ee6cda69
hprc4_L100000_1831	f4c65d5ac79ccfcd29793129cd23b173400138a5c65914de43d762e1fd5a90b4
hprc4_L100000_1832	b5ca404a61df3574d9758a45c9a51cd296c31d0f4b1f84e6a224337a1cff3f99
hprc4_L100000_1833	d062450138e411ff9dadd88b79728bf65592a9ccccbd86e077b39ead506ebaf3
hprc4_L100000_1834	db93775403fe05fa0892ec2e2735f81994098834779d616363f048841da61ed2
hprc4_L100000_1835	d4801a3c33b903271fae15fba30272d2f80533e769fb689dfd74b2134e810807
hprc4_L100000_1836	1011d9ba98de09368ba4e02ad2cce93716b2a673c93e59d464ace4a5fafd7361
hprc4_L100000_1837	ec550d309655dbd8ab7da0ce6fe79fd278985977169ed9873fba93e5e9a62c3b
hprc4_L100000_1838	bf25883be292d9cc390679171268cdc735d29d1ca743c3b0b79743c37b1ef430
hprc4_L100000_1839	7001cac3f73befa19bf2b348795c2698c12a9b41c215e5e6c45214e79dc961b2
hprc4_L100000_1840	37689f0dd495b3b68bd4212b002e82028ef54ec884a021ffdaf02fe1fd4cf2cc
hprc4_L100000_1841	d02500f9bc722f669d3c74f13c4115e7e3ddcb762ce71cbd70cdb56ea2a9f424
hprc4_L100000_1842	dffd39262ab19ea1e7a9ea52b8c4d181ee92e35ec5c8371776802e98b164973f
hprc4_L100000_1843	61331e63d0d74ba9eadfc8b9c3cf49ae26223ffb0e29386cdf71b7ec40e93bf3
hprc4_L100000_1844	9c64b0083eede0392dd43e78627efe7c238a85fa4dc3fbf41178a60128516e7e
hprc4_L100000_1845	c80eac5daffad8e7d38bf998de2db1f25d7ed6b3e7f6f307234e7d94b1e623c6
hprc4_L100000_1846	589e798697cb6550a69dc275e8630c6880f340e5679c429496e5a528c4bbd47c
hprc4_L100000_1847	2966ba8b5a4a0b3d289e0e842556995aa82b8e5e32e2e39e20dc473a695b389a
hprc4_L100000_1848	da5318db1bae2e8713bb80760f8d153725fc7ab8273824e3c1adee82ea62ee06
hprc4_L100000_1849	54b3cffde81a51640455a9fcfb654556e2dab592ac3b2c523177ac645e732bbf
hprc4_L100000_1850	c140a5d6ffa0af2772b7e98424e64d7f4aaecc847076e8f9079e056cc9ab351f
hprc4_L100000_1851	326ef2a7f04852c4d758a0021db1f23ce0e7ed39a7a3b790ac82cb54a846257c
hprc4_L100000_1852	b25beffab8e6ac646b1b115f2e504f553d8e2a6272dbca53fefccea96f883b3b
hprc4_L100000_1853	2f8dc2cd9fd7003d3dcba1b82b4d8e149199710dc77cd37b196df18743844372
hprc4_L100000_1854	3fd9f45429d95480de38543261bd5e9d33fad69137e08bceb37cf212a49a9024
hprc4_L100000_1855	1b6215d5b75fbd6ff135e233a0c703ad8e200e22e898d3318213744973c96dc2
hprc4_L100000_1856	fcb6a6567968866b4f497b412ddfd5e438b35b931c3db17fb3e1cdb75de727f5
hprc4_L100000_1857	e80cfff5d86c2c8be81cdfe8407a1fce462a232325a1cb8822b241b5e4340adf
hprc4_L100000_1858	121d05544bc696f437d4b9879a1af04ff7e7325d3c6c5e72f0f35250cde63c99
hprc4_L100000_1859	fac61a776f29755fcf3b5ffaa12bdf9b5585c1c482304addf68eadb6a17c153e
hprc4_L100000_1860	b591a2b7741a168de334e2835d56c3000b60a1c11a3e5e845a0b17e34dc7147a
hprc4_L100000_1861	8d94dabb5620d5f291625f92200e7a2d2bcb4e3734278f25b2c815fc83e5b092
hprc4_L100000_1862	cfb235aa77a6303b869739a2dd4e09a9eb51c118cbe258bedb89437649786a2e
hprc4_L100000_1863	fddbde807d2166ccd6617e1ac40ac3d5bb1575f0819154c5005c1aac0725e765
hprc4_L100000_1864	47acf8835f64a51358a982648e49aca8d33eea9af61d4d258a907efa108602d4
hprc4_L100000_1865	8b5ba87b4f9b411358463a4a8fdda0ffb84103b25c9ec81c7cc93fdb76dfbf83
hprc4_L100000_1866	dd0e542013e64bf24ada6551b6621998c1effdcf33e7eff1523c1abda395bf71
hprc4_L100000_1867	ac91d9ad513bdb44bdbe09fd4f61c38dff8c91cc654157348f502cb60e0e950a
hprc4_L100000_1868	0c22a9ad3b36a2ad0ad3c78169544783f56c7bf31d452a5e16927a5c7c7cd280
hprc4_L100000_1869	107a239849da47615d5621c93926e4f94207731bd775dab2d5054eabba767823
hprc4_L100000_1870	533e853b683c91333fa47a583988f02c9a356f23c9d6e9d921fe0b4bcfae3c4e
hprc4_L100000_1871	93a827d847041670c12919b036dcbf2aa6a9be1d4c9c4921324a220e7881e31c
hprc4_L100000_1872	7c7993332858c4ff5a39dbeaba4fb75d0667b2ea02c3a3a2509e7a25f5ba0d60
hprc4_L100000_1873	1ba0151b5ccc6d895b31dda28472a3f366ace13f5add991adf19f7f600ed80f5
hprc4_L100000_1874	738fa28ecabb403cfe661b4e42ce4c2242fbd6ad31d4e2bfaef508cbf61ecac0
hprc4_L100000_1875	74553f836817b7556dbabcc48c0af141f8eb73606df1985e14f370ee08e44520
hprc4_L100000_1876	4b3ae3550881f22856217c6df77e620e83bd1a710bff6d224f7fa53277b1d9a7
hprc4_L100000_1877	06cec94933b637677c98cf11e07fb6171987a3088c25d09409ec249c146e0fec
hprc4_L100000_1878	beb584fef5e4338a75b740cb1fc9bde6206e75a6bcd2f7b5b53a4a7a0663788d
hprc4_L100000_1879	5649b4b24675c291bbcb77affb4bd12f465ce6d8112f72c9f6a828b0ee91e6b3
hprc4_L100000_1880	fc8c075f14d6a43b80478b91f1e33188c1a5d775f6b154bdb39d876ed2e24276
hprc4_L100000_1881	7810ebf6240f42283360ec2b83e7b32df4e1fa9769129b03b757e37b9c994cf0
hprc4_L100000_1882	23009b3ec86ad276c8f3cc631227d01b2ae791787deb23921d2bf2d68be71b6b
hprc4_L100000_1883	a2eea49e92622ca281183ca70ff4e89735997f73287ac8383817845512225800
hprc4_L100000_1884	5293de15a1171371840058c5067b36abc0f44fbc45340f0370b3bddb278c6a9e
hprc4_L100000_1885	ad8e389828974ee5222b6daf0f81ab29ef92ff1737e7c0c90eb509012bad440b
hprc4_L100000_1886	4a3f7b15e8f5d67a636f4e145c089191caf68e25c88dc161c6c9c16435de7b46
hprc4_L100000_1887	a451a48f5e5980b33d3a32619bf4f34858d6047c477298780557936ac5c5a9b0
hprc4_L100000_1888	8c9bfdad00f72771710973cfc57b7c870924eb7b25bc5f1c628dcde8830a4dac
hprc4_L100000_1889	9da9afeae1e5d04030dddea2d27c788c83f5b373bc9d3b6ff833e4a41390d229
hprc4_L100000_1890	7e455e364d8ac8f7f56ed2b6a7b713267d3eee941b9054ca635146e5024e2647
hprc4_L100000_1891	e3db168c66b4ffe1395fe87af96990df15dc4b0f591d0ca2615f0f6fc9883f8b
hprc4_L100000_1892	47338697896ee06f27d95b1f5d0dbc064733dea3964bc05f5e9bbf1bd1ac875b
hprc4_L100000_1893	4726668d44c6c67bf5cada50b65309d810e8509693ffa9b8b3e9ced101491e79
hprc4_L100000_1894	884be18bbb4322f1ecbc17ed38070645f24e804fb82ac15ab8f607fd3a825113
hprc4_L100000_1895	062718e208e09a7ed2d9e15edef1949883ac19a67003cde669cd2322e47f41ef
hprc4_L100000_1896	e9b9af287dfac2a07afa8baec683fc25b339c388c4e4057f755fa508381b3a56
hprc4_L100000_1897	3b4899c57e7acd2215f3b8527f79eabdc7f8f4d82e988bf88258bcee1771f854
hprc4_L100000_1898	23ec00c15118193f2c5990ecbc51c6c07af53d3c9d35f1432e35e347f34dd20d
hprc4_L100000_1899	85ea13bdd3a63e64c96628fc73539d5ff696f0e75f14b39fc71b1343c30e9f70
hprc4_L100000_1900	41e9778ee233e49dc76a27b09ebbe6ba85948d593b505a63b8c6248e7403aaa7
hprc4_L100000_1901	d38e6e700641dbf6807fe97fb8236954f9d14521526ed718fae1cd8008c2243d
hprc4_L100000_1902	821f633bbe3d7a84c1aafe851884fc155c6a53789e972759582a0b429368c815
hprc4_L100000_1903	8006a3f74da046ba2358101ebe57622852de5d60767bfaee320928a8d22200f8
hprc4_L100000_1904	03b47e1e9b9063cfc26bdbf5721bb3677a6b5cf31a6a244062d959b26242f7f4
hprc4_L100000_1905	283ecf8a5e9b9574fcf996b378c46e351106f83ebff5f9beb9047fb27c9541e1
hprc4_L100000_1906	cc56508af2df3a9d69cebf910925d8cb746f9bb0c52c4bb57f7e04d562b7103f
hprc4_L100000_1907	322f48a1c0f01e659a8e8aed89af95b34fe52ec0aef79c0741b35e0a4fa95342
hprc4_L100000_1908	c083107dd317f6379920cd297311da3cc84f1a2907c39fd4d27506b1fea54989
hprc4_L100000_1909	86940542750dc49e6495316e41d679fbd45dfcc03b8243988277fee20d71201a
hprc4_L100000_1910	afd50382e4b31dea62fdb6a2403808246979fad997f4e91406748c33ceec7903
hprc4_L100000_1911	6d829383bfafd8224cb58b497b7f5ef62d5439d8511f9be9fdea3e00ea2e1c52
hprc4_L100000_1912	1ed9e5d126a75750236450f0bf191d790b26e5ffda4d0d0a1497b93cc84b7b93
hprc4_L100000_1913	67954171fec8d0b3b1b6f62267e26c7c71b40a029533ba8169f3eeb98a87de2a
hprc4_L100000_1914	1ad91b67b64fa774fb3da03c6936226388a4a537a65a89db19d8f37e86c47bab
hprc4_L100000_1915	59f45f5244ae7a7ee6f157a9cec1574d0de74276f44f6255337e684348cca944
hprc4_L100000_1916	09fa6b4216e053ac2108bff15e401b167cdb8429af03f12d28412a04ddf9c672
hprc4_L100000_1917	d1243a1ef2a4b996e4a0c49d1c4d45b1971ffc74b7aad0e6392fc3deb95c6948
hprc4_L100000_1918	8b8e33e22d93458ee11a637a752dc573abc5a13f608b4a2e152fcc3cb48d87f9
hprc4_L100000_1919	f323f42ba81246232fa666e249fe281b93416ecf483a7dd9e2e2812f3fea97f2
hprc4_L100000_1920	5fe5298278aa5aae68c7137bd14c17b8fd1e54f678bbdcba51a56c0664339b9f
hprc4_L100000_1921	3194d57478e341f21f74b7b3b6e52d0a5263b30357a95d9e232f4eacdb0a58e3
hprc4_L100000_1922	e7944f7157860e5794fbf405bce958e4eb54f1484d1684830a9c503d59ac65b9
hprc4_L100000_1923	1527644b87bfb061a782e929a288e81427b7955985627f270b29af2d6f078a30
hprc4_L100000_1924	c4b312fa047160849dc927b21953ece2e9cf456517331afcf4465c2f086b9702
hprc4_L100000_1925	31ca4769c9f87bbf9c8807cff5e4c51433e44e3ad970a2fff355a3eb9070f963
hprc4_L100000_1926	c0d55a0fb59132978729b632539a18567ae8ec0ae487a1b41f0ca4d65e3a9074
hprc4_L100000_1927	e5dad4d3b840d5644ca5b42db26a83d351545d971c5a6fd00a6d67abe3d357d3
hprc4_L100000_1928	637d8773368c55c244c363bd96d8116c2898d0a37c9e9f3bea697b7e57c9982b
hprc4_L100000_1929	c74a9bcda0a8b991e12672e7e0d76ad29df7c8d92eb3cea8d859cb78139b7d53
hprc4_L100000_1930	d3a922e14b7797002b00c59bab3b9ff1a38d3f9e6e5f28558e9b3d4ec04d0346
hprc4_L100000_1931	8bf14c1a3ac78a6e1ae76a1736f336a69d13c09515662c67cface2fd722ec7ce
hprc4_L100000_1932	98965ec5eac2222a07898f1c4b1976272179ebea65b5bfae15dcc231b63f794f
hprc4_L100000_1933	9c4415dbb4d2524af685484c94cb813cf631f3dfd8882f16715bacde041f3caa
hprc4_L100000_1934	b7416e2d4da159567998b2865e18a0c05a742ea83932b74e07478258a4c57126
hprc4_L100000_1935	299aa7e89f69ef3fb43f1082146db77fa1a4527aa0812f03f1c6629ec267ce7e
hprc4_L100000_1936	f7ded6d888113e6e5415b3c61b1621043be2769f114a388f355b64ed350320b7
hprc4_L100000_1937	d4821a20606ad6ec2567044e07af704528653bdeef1971126b554d33d5f05a10
hprc4_L100000_1938	537e9c9987a68f76760d9db8dda6e065189f82c43f690e1bab1c3665a4602497
hprc4_L100000_1939	820c1b906cc22e7ce22f02e6ff31854e465deddef221ae130b59af03a21f250b
hprc4_L100000_1940	5befa2782ca667446b6775b8b8e04f7f135c503990efeef2cfd3078ed4eb9bbf
hprc4_L100000_1941	faaac9ec35fb501033b8d1ce47a7a5be7099dbe50e34400a4ec4c3d0dd774980
hprc4_L100000_1942	376615cf772ff7770375cbea53040eece683f2873b2d81ef7efed66252a1b3cb
hprc4_L100000_1943	c54faae0f77a3f3cd2fc6d00d730128a06a0f657ed32a3320f021bcab48f8cf3
hprc4_L100000_1944	f8ba09b613b820df654f940183e61bb1652dbe056da6ec357ee3d296ed54c847
hprc4_L100000_1945	496f2e0adb7c9391e385bd492499ef4ec704bc02d9cd639f7d3307e80cc201df
hprc4_L100000_1946	87adcf82b907cea0e1e17192a922142cb71f397bd3abbb03ae30c4653c919b21
hprc4_L100000_1947	cf2e8c43117b7244ad03d083436bd2290fbbf9d7f3d7bad8053ac402dc3da854
hprc4_L100000_1948	b8cabe849e47f651d11ef8dcd123953289a53e073ba24aa205246afe64b14239
hprc4_L100000_1949	39e1c918b61bd3f5c8c652f4fb33b8bf95ee720d124d7524b2a23cca50d7dc29
hprc4_L100000_1950	d96095dbffe9dfdabd037ba1fe58bd7e3fcb70311763efe9c5a57068faaefd31
hprc4_L100000_1951	0a94fbb23987608dd84c584471f8ee800118d454b8346c2fe167d735f9a7d33c
hprc4_L100000_1952	2973cc1d6ab88b326d85e952df75980b7330f96e5b0a4705eee9b1ab0f8476b7
hprc4_L100000_1953	9ae6a0753f5c8d570b2a2db0e850a39406c9c4853f19c93df0e96b35d1965b0a
hprc4_L100000_1954	447e88dcc3a26ab5e6451d968471063f6b36778ee8b841913aee23c400d1f3a3
hprc4_L100000_1955	be90635b83d4bde212d7ed56491a6583ee6dff4f4b6e46916016792b3b2fc4f4
hprc4_L100000_1956	c8dddf58bdb2ef3c0aef5a176caf0c632c0d70fa075e3155413a21abd545c2cf
hprc4_L100000_1957	7b7c1b05ab35966149e5b0455bc713ff5ab29a5bd92af588afdeb87720aa358b
hprc4_L100000_1958	dcab384b7e4000dadd0e0cadb1067d32532afb3e6911eea3dc722887e0b3f981
hprc4_L100000_1959	9ac6de47cb024de3c8efe152bb7d8de36c7a57d5371dd135c698e10e819c9ddf
hprc4_L100000_1960	08ebc4972ef9dadfe54dbfdbbec3209ddf38f49c9b7f82ab5bb8a74123af28f4
hprc4_L100000_1961	33b2dbaf39015b496638a5e2c161944842c585cbc027cd3a5adcde7332611dcb
hprc4_L100000_1962	ddda9fdab7d355dd9d281fde3b65279ee1d01c630b4995573cf549cdc2d8afe3
hprc4_L100000_1963	80e80f29f29b858506c02b9f0629d0c4e34da1b7816e6844ce1a9276821ab990
hprc4_L100000_1964	e7d7971ffb34ee8697c28c169d802530157fd070dac7da5696b299418b02aa05
hprc4_L100000_1965	79e3bc54bdffb2a1f28975d51f8c512ae5a1e8c896b3c3bf0845c96d66148224
hprc4_L100000_1966	2d476eaa783fdb8a5eedb78b7181bf1db9e71002535ced0390da4ea2f0187257
hprc4_L100000_1967	23517bf8775b19a55bc4e6094f1ae4eb9d2a2c081ba90f466b433841e388521a
hprc4_L100000_1968	b6bb1399d09ad679c365802d59ad69cea7a20b40d92c20e35b494ce28124b6a6
hprc4_L100000_1969	ac6eebedf84dc21467a74348edf2a2f32846201de77a27a0a1a7c937258e1917
hprc4_L100000_1970	bb91d5eaa985e651ac8ee8a717515e86d82c32a4f7e2a2122ea86534e4ac00f7
hprc4_L100000_1971	290ee27831407f88544f7eee5143b0ef168570ac10218fe6b4b37404f3198c59
hprc4_L100000_1972	60aa38fc8b8099caadd4e2e6c6239f27dc923b3af7171f2b6d2046d5f83b49e8
hprc4_L100000_1973	58a2cbd58883dceea5bea27250e4fbde1885aefe5bc2f8185c20832c20b626f5
hprc4_L100000_1974	b73737e1c50cc0a15c155bae909578ef50701d99cc33f2556207db457e3efaa5
hprc4_L100000_1975	f6968c6ee183a0900cafba57783ac4406e67c2a34bc8bd9c8fb2cee1c257f921
hprc4_L100000_1976	e32a906d9f8d92e802c33efcbf7082f0dff076a982c2778a8eac94fbb001b1c4
hprc4_L100000_1977	f3832bd7503e51da8300cf0d13b55da751d334582ad8fe872a86523b2f86fed2
hprc4_L100000_1978	a0bca44deacf25e4a8ad6a4d0261c5173fc2fd82d2ace133af5079a3a7576447
hprc4_L100000_1979	0cc407b1f8ec683dda2a946a236dcb22dc735b9cfcbbbc9f400dc94bbfac78ae
hprc4_L100000_1980	b8f3c6c82746294c0cba719f8b7d8395761eb80ddd93b9a0eef808259f167777
hprc4_L100000_1981	7db0f26a393e1a29f9010b47507c4a8ec8725f2f5217a596873560ad43949558
hprc4_L100000_1982	df57251b50bf0d926697a2ca450e9062c57b70dcfe5a7dbbde09c48064dbed56
hprc4_L100000_1983	d24885234854cf9c25e4160aa71d2396379b752e7b63ed7310d8ceb5e5d2984b
hprc4_L100000_1984	8138cc0e2bdcede12efec96810cbe8a6dd6bb4697a2c0602e23a7387bf36e63e
hprc4_L100000_1985	a499bf18846742d7d759b7bad3f8754d261901c119ae6d2dbc732d8fab0d27cd
hprc4_L100000_1986	8a9ecd49b0173c1bd57843a260e00b2ee2dfcf643eff13728929960713642f15
hprc4_L100000_1987	f9b1393458c32fd41af619948e0a9275584a24c2c4fa2463b1251fe2fc6a6db5
hprc4_L100000_1988	41c7b2616abbfa704091de92a48a4ad0a2d4453e3c24b789f605037f083eb62a
hprc4_L100000_1989	68350b2aca269ba00411b6d72f928a40211cd91b2d7214fb0b685adc28aee61b
hprc4_L100000_1990	e48c7e0a8895edad5407fd19626759627bdc43b5c4da8bc7b2cac52e0b1f3c69
hprc4_L100000_1991	b4bec233188d582d0926c6802b46e7e2a746a77bd260730901789991a6b2a97b
hprc4_L100000_1992	97d85915bdf8690ef4f54085ba996d116df244065fadf6142a531668cb6305c5
hprc4_L100000_1993	9a5120121915b6c31112bdfb33da138ad66436b10c720db82200c7a7fb59e5cf
hprc4_L100000_1994	95a735293adc4bf11e017f6e43348c6fd39fa7c5f40abae1a6fb570456e74ffa
hprc4_L100000_1995	63c3968ea6b6d3d4d905d08b74ceb32750b82844c4858eb0a99d80b901d76ef4
hprc4_L100000_1996	2a127e3d07d1c4c4957cc0b54948f2c8bb44ddb2b5096eed400d265732182f84
hprc4_L100000_1997	2b8b06e5946b4850d31d4b018c0495cf40bc86b4e562b5b0e85347ccdf5f9472
hprc4_L100000_1998	76966a35cefe6ec8caae908deaeca04379e5b611c9f6129eba916673d1c5f8e7
hprc4_L100000_1999	de5615d91df69a5a21fe6d07ae2b72eb6e44d0b0b0520c732cf113a1007bb327
hprc4_L100000_2000	4a43886e491fcf12126ddedcaee3f10efd641add983a70507e9c2a82969dcc05
hprc4_L100000_2001	e61e8abba754aa09f350c0167913faba4f758298290873c68f4e5d7505055593
hprc4_L100000_2002	31b69b85524963758f482ba4b9582a336901164c49c2cddbb55e7dfdb0d23a54
hprc4_L100000_2003	0c76229de8db6bb043f2b91914d5ae64210eeaf7abbf1a1c481a5b4003f279c5
hprc4_L100000_2004	4f7f267a7d717817bdb0f5f2e892ea6be6e9f4947fecd48d82bc08b6fc4f1196
hprc4_L100000_2005	1a999a88246d3d54892e3bcc17fb2a6ee561973f9c8d1b0eaea6f0857fb1287d
hprc4_L100000_2006	5f13d14fa5cdad8cb368eb6e870c99237df11bf98231340bba01d0a4990cc128
hprc4_L100000_2007	dfeb74bf6dfd05a4e4e9a2bb508513602027acab59672b81649ded717f214a50
hprc4_L100000_2008	a21211ca3ced89be8c39b71c2588090e0ef77075b8075537794d0285deb33060
hprc4_L100000_2009	6a35a1bb01376d24c0671b83f072d648bc514221571970a5839c1d0a8f4a892f
hprc4_L100000_2010	68490048cc52a0f9940d111f46403ab137b620741a5326504c596623423863ab
hprc4_L100000_2011	dfba1f31d69223e9c62e6751b4a8c058f8511656ac03e06989d9007de0fc4cf5
hprc4_L100000_2012	36f7306c182092eebb629eba731a9a8a99aff6d889d76bc0109415014ae25ec5
hprc4_L100000_2013	e92df54a14c6dca0747a90e42507831a75722ac7e82581863ac7ed0ed4eb06ce
hprc4_L100000_2014	d56710a7b1af65206f94a79e38525cb5c6a8e378fa881989029d3b5e3cd83a33
hprc4_L100000_2015	f42e36bd87f14890627ab84035b081189c3fdddbd9a761d706fbe755f1cfd056
hprc4_L100000_2016	14f04e1f874234a24b8c3dfd6dc3635f65fffa0821eb4e49fd80c6bdb0b16911
hprc4_L100000_2017	3ac46abd4f6c696067c2a01f4b5517ac20ec81f723e8ea4202b7f5d7a754c7dc
hprc4_L100000_2018	b2dbfda5962e44dea6184137e3e85f13f86277edf3e7ab85cbebb83a8a0e617d
hprc4_L100000_2019	037543981b1541eb801cd91798932960581f9f8e45d82f141d95a51e70a77eb0
hprc4_L100000_2020	c16420234c809790c766e0298a9a715ccc94b101dd57176ba7d73d4ead5a921d
hprc4_L100000_2021	5b4b3e5b9ea8e9e4d36ee2edbb3642b6399aab29c17117d5ba3957926c2d9079
hprc4_L100000_2022	c57e0156ce51b26685c61fae41874b8b37fe242c7381056421f8ecc3dfefa208
hprc4_L100000_2023	d49b130d1175e2aef3882e3618a224728e5e6dba1c09af89ebc920737751f8fa
hprc4_L100000_2024	5552f72d9d306ee63de2c48ecbe8280bf384deb713dbe6374c495a3ba5abdce6
hprc4_L100000_2025	bf483f9a4d5e7a1b7497ea129524001c22fd051027871fb106ae62b0753ac46e
hprc4_L100000_2026	48a0c617352ad3c93dec57220dae8f3152e7c8f59bf6e9c8218e67bc2e6811e4
hprc4_L100000_2027	e43108f0c8c335ee9f60ba86f96746f21d3f0355bef49dd8a6146a9dce615329
hprc4_L100000_2028	df34743e58b416c51c1140fca0ce7995c05ffe53c0721a3202eedddbfbde059b
hprc4_L100000_2029	94d47aa1acfb76bfb070c7a4b5e4eb7ea4eb34bb00723931facf7285b4abc4dc
hprc4_L100000_2030	145d67a287efbe665d62493d22bb6ae2a83d9b0dc8a38821f565b6e8ed8e1f2d
hprc4_L100000_2031	8aa41b9ddbe3acfc737bdd4bc5ec09668e8460aa8e2437050854989cd764196c
hprc4_L100000_2032	cd2fabc91ac95056ce9a03c682454105f3d4349db0781e43351bd80e58f0370a
hprc4_L100000_2033	4195b3e40d4d176cbb14a2396a817e46c27d61217aa04018f4e8dc47c5bc40f7
hprc4_L100000_2034	6bf645c70c1e56bc91c5eb2bb61a9ba0f59a1c2339406cf186bf2d11af263b67
hprc4_L100000_2035	0c9e8cb2984869d7b14320450746e2ec9727c5cfe64327dd4f97eba4c9d8ff46
hprc4_L100000_2036	2da8cde6c2c90761b1677462722ecebb4ca19fce3e9894f7c5a464e3c5edeec3
hprc4_L100000_2037	6a84f34468a3fddfe2973350ede501d0bb4983475b1082c9b16670e887e1533e
hprc4_L100000_2038	c01a90f60101aee133b6c8777651bf571c9d2d1b325d333b371ca2645068797b
hprc4_L100000_2039	6da17cf1c59511fe417ef4cb9fe6d953f7df7f30e2189592d466f8f5f6d9e13e
hprc4_L100000_2040	e038338c3cb3a5b3da84c897cc3995dd849a602baaec1a2aaa4cdae584f069c6
hprc4_L100000_2041	cfd86a2f1509f891096c44fda746ef1329b1c332a7bd8fd94be0aeb07cad8f1f
hprc4_L100000_2042	df490b213a52f60139f73d1230d6e46cad2e38096aa5a76d29b768e448d2060c
hprc4_L100000_2043	1c41f83f2a6201438f95035c4651a812e76a86ddfb587366dc1d52892bf76860
hprc4_L100000_2044	fb60cec1463ddaefc71f347ca300eb54a4f0b151ec34712c9017b47d9cdcd0ca
hprc4_L100000_2045	d9781ca537a9df3ff9f4c060400ec567543dadc12b4cfd41a5399a6e66a21d12
hprc4_L100000_2046	e9ba6ab22140a629caafeef11a48a3c34dc7d68646aaf5f71499c5fe36f27724
hprc4_L100000_2047	c153dae891c15a97ee3f79d1e67e9e04bfeb7cdac75d5b68f2c1be24739a7b2f
hprc4_L100000_2048	26eb4f4ba0aebccfd32865adff108e117a1cdb2d6a85a14eaff905449dc85110
hprc4_L100000_2049	e35bed50aff1c14c7c59bd086b49ecece9135e9bf98216dc42503471bf71a79f
hprc4_L100000_2050	843187dc809a4b5a9b5fb5f9521db36004955ecbbe2b5b29d0367128cfe628c0
hprc4_L100000_2051	43923bf99f0f4dadc2c4ae8a57dcf20c832f579a024af355e77fc73882b23704
hprc4_L100000_2052	b3359459169c39c09df26fa441c8cf75da2285b57c3af305cdaf6be4f765c047
hprc4_L100000_2053	9fd16a411d1ac1940593fc6396904c7afb776ba0813c9dcd1ece65bb7940cdc8
hprc4_L100000_2054	79fd14947160efc3125f09133be92c135cfa705fa4763f6cee8c4b8cac19867f
hprc4_L100000_2055	463e6623576f4c470b035199f41977ae2ef7eea54b7319744f817d1048387a15
hprc4_L100000_2056	c44cc4e52836f4d273d66c0bb71498a18322fbc7ab671254db627a6360532e98
hprc4_L100000_2057	43d45dcc4ddc37a1f3a5ee720b671453fb82e669ac23113631a25a235e059d8b
hprc4_L100000_2058	330ad9b3d28d9010fc2847f3bd9aadfec08d5e126f27a75e6f2aa5050503fae3
hprc4_L100000_2059	38c6c0d0c92424c71635d0763c7743b6c0ae16416d69a216f6408581d536d539
hprc4_L100000_2060	43c76b13a9b8f979680a1a39e755198467497ca0fbc96fa12a3e665079c56450
hprc4_L100000_2061	5775cf169aacba8d0c218abfa8c7935cf6a358083b0a568d67bb45b47378069e
hprc4_L100000_2062	36c6d214fbca10002f5ad6f973f189d5420f8d1c1e695d3027c2915087c92631
hprc4_L100000_2063	b96e5dde6d58c4eadc0d85e201453f659f1d0f199f61e6dbcfd1625b8df4b6eb
hprc4_L100000_2064	43bf8574e619ab6cd150102d54d59467a575ca990441f902e1b5f9305b97ab49
hprc4_L100000_2065	5a0720f4ccd4e8ba5e2b1ee15dc14f2f791f0e9f2dc029d065306d42f53968ab
hprc4_L100000_2066	b9ce96a93f76850939ce0230f3bbd29295138ac9d23a213a4ceb7b0632bdd3bf
hprc4_L100000_2067	6b7b534240f25745e6436709b1d085ed6c3fab988ad6ca72bb9e37d909eff074
hprc4_L100000_2068	e47e8c8ccdb4dbedb8a8ed8091f6e559b0a81872d963958b0bd258f3248fc181
hprc4_L100000_2069	e8497c176535db0c72e3091c199fd0c0bc583c05d9c2e92d67e7dd8730ad82b8
hprc4_L100000_2070	cc3448a4ca28fcd2e45ab807c1a284598c0119fb228523c5f017b6e39b2c6eb7
hprc4_L100000_2071	2de6c3509664b2a1f40f39b71e1d81b69747107c388a05dd61b4e5e7ac71bceb
hprc4_L100000_2072	b0fc01d74e61425ee41b338fd815bcae0823118879094779f6869df294d3d24d
hprc4_L100000_2073	d1e6f6692a96da363229b8570fa7af8d806eba3fcacc3059dd26bbd9fa0c0d38
hprc4_L100000_2074	4191bdad154f5ecea50441bc80c7789ea4da655145f28620de226f4538222c91
hprc4_L100000_2075	f87e9f395ade55dcb706d09f1c09300b38210176b45ba126724a6782fce97aa6
hprc4_L100000_2076	732d95e9e30de6c341f9e346a6d2ee2b4a8c233dd0d5a4376934838f5482cfca
hprc4_L100000_2077	a353b5eba0ae288d56df672f3fb9eed07eccfc50a83a04caa112952ceb47fe31
hprc4_L100000_2078	0eb183fe85d4c68b56f3426843e6d4ca31c953742817551e84840d341fc6617c
hprc4_L100000_2079	e83a23bcf94a90285b4ceecb8a74323d5e0c9e9e7a84abc1dca5d8ef85ec35df
hprc4_L100000_2080	459b306bad1730d0c0aaf2fc46f858c651a64ac6d9a2dee8c0aca76abad87502
hprc4_L100000_2081	b949a1b239b0e5c0754f33225d1e6a145d96a878d6f5b147f00510e6ad460736
hprc4_L100000_2082	25c62fbc7dc55b331064abcf86c5fa00c5ac408b917fa56ea87a6118cade3770
hprc4_L100000_2083	4d63c16f2280c182266a7781ac9dea8e5b7d33a4a8dea99cbbb6b15d533ccec7
hprc4_L100000_2084	49bef04e172703d6125ac2c7ca1339876a41c323f10ec371ac16208130975cdc
hprc4_L100000_2085	30547362ae709a42735215d163d80e78507b6c970e2257a932de0295f032a0fb
hprc4_L100000_2086	7c756cd88ad04442ade983055dfeb2f2b11682f483e9a1b0a4a46ad77ef59ebf
hprc4_L100000_2087	c3d69394d0dcaf16c84ee69bd4ed6f7a86cf575f9e2bad5020680d52c386eed0
hprc4_L100000_2088	1d5d615876ca628a6bb6c27a0de1189a2816452f5f9ceb64edd07b1a7e13e198
hprc4_L100000_2089	f8f9576498ed1314bd68e5bb0a2fa60e93ec4a1349e11155d12e0993fcbf6577
hprc4_L100000_2090	bec562272d861e537568f335b25f45226c826df0c99311d3d3631fd4fc525bfb
hprc4_L100000_2091	be685f35f960f9d6a13a218176625bf72855e633a039f62d60dad74e92211a17
hprc4_L100000_2092	542812c74e29271d5236b88d48122814c320c6a6471de16ef22be04df042c26b
hprc4_L100000_2093	b145a23e474ba4d823ec4b5058e42b5cecb53e69e29b110db75f2f3f0b6bd0a1
hprc4_L100000_2094	de8fdbdc676f649354b84656ae8bc8b45a59adbbd8fbffd58264160029e294ca
hprc4_L100000_2095	26f5689ac0ce246eaadfff0df5551ba7ec0e4f537558041b5d8df72847721df4
hprc4_L100000_2096	bcbcbf05f23a6bcb756ae63e5f0208d5a0a4fc97ac3464d345c92c22c5d6500a
hprc4_L100000_2097	f7f1527d1e808808a66a2a2c1cb5ccb0b9a41f8a75dfedeec47fe2b6da52926a
hprc4_L100000_2098	ff9d8ee86cf35d1d2e4c109f1cae95bef1c9d7d0059d1f165a01d9cda129dbb8
hprc4_L100000_2099	3331d1e5e586382f95a36127a17767fd864a2a3adb81aeb7449701a03f4c534b
hprc4_L100000_2100	7f572a29ee4b063ed077747a4f77e6f4ad370f8fb37aaa6d06e4b284cc7464d5
hprc4_L100000_2101	64f212a48e4bacb55d51e06cac228746ce0e2cafcd7d27e4c207ea150fdd969b
hprc4_L100000_2102	dc84849796eb34e61c9d70f2e3a0105b30a2b2cf4701a60dd2e324bfe2eb05d5
hprc4_L100000_2103	bb3b312f97bae284c9f659003d1f24f20053d45c962a2728fd56d2c924bd38f2
hprc4_L100000_2104	07ddd214b7925222894528b9a631af7e4f26d60f11adf63d3e4ae7e9cf23db77
hprc4_L100000_2105	e3e7a686b5a29cc5c05528c7dee0fc4fbf1a5597b7a35ef22c94c7dce7d41953
hprc4_L100000_2106	34682ec3c60af5c9a5eee0b3682fc8c95d06cfa5287d39944deeff5c12493d65
hprc4_L100000_2107	c53bfa56d751913d136f1e4aa9653c93cf7d4593d680970450b91a688db3be3d
hprc4_L100000_2108	dccfccd341c197c680cde9f47632d971e7880dfb0678faf446fba6ff8fb97d39
hprc4_L100000_2109	3f2e55ff54ba18e3abb6726ebde384e84dd630ab91b8ba7260c5ca3f0c004a2f
hprc4_L100000_2110	af22fbab6905e1f2af334acbe69828388681687eb077973991b85b8158de126a
hprc4_L100000_2111	296165dca3dbdb3f00a7a3cf21d4b2a7129d389c5e88714c30ddaf8c15918804
hprc4_L100000_2112	299ff82b0ba881e63cef82c28064a94310a5f3f1ea5d056c4121447436c95385
hprc4_L100000_2113	bf0f8f677c7d3e01f42f3ba72a24c634d33535a4f32efaa2dcd6ee8b830eec92
hprc4_L100000_2114	ecbf7abe5396f7dd1c5a48f0abf2344d6d5d21fe01967877c9d93ea75b51c45c
hprc4_L100000_2115	8654a53306227aa0f1949ef97f414d712625925b437caf7529ec4463c502ebba
hprc4_L100000_2116	8cc20a6c1d5ec1ece6e4f868e7f6cf646c16c1b8b43168c75e0257994e0ccbe2
hprc4_L100000_2117	1486830f04122c61bf8f797513c486f08364d844dccdbffecd8d195bf3478b2f
hprc4_L100000_2118	43a2eb64bb084480f8d56ddd24714b7ff37faaeebe6858f7df3eb9a1570891d3
hprc4_L100000_2119	bf246ec6b5b2b6458334caccd7a9db5fec6343c61270c9de1405f70449736053
hprc4_L100000_2120	dcbd23e2b46b8a6e83515f567d14f685c949ff811b51175a6682bd9f0f480233
hprc4_L100000_2121	62f01b937e657388b4f1c18e0b229169adf3316f49a8f30279b3abe197412d89
hprc4_L100000_2122	d7a68886ab3904a19bc581532801c06f634bf14107c4dfb434ac5b5b8d165c6f
hprc4_L100000_2123	83ea337f2520551d96435bdd64029ef1fc319054982f8758f326a32b76923602
hprc4_L100000_2124	429b624ae205b4068291624bc506cf19fd3af25bf7a86d0fbb850799c14b0d7d
hprc4_L100000_2125	2a861660f6f227e2639da5c301058b71eb966d44851924df5957893aa7cffba7
hprc4_L100000_2126	5f1d8310acb8af591939e41be5e1b6cce046f6ff0b4f67bd6026e9fa493f3f52
hprc4_L100000_2127	fef373eb8cb25bc9144bf2af2afb895040f43105c4906562f1a1e35721109f5e
hprc4_L100000_2128	1e0a78859d0a104255794ef61fd15cb850535d8c91534484e651ce713b2ec436
hprc4_L100000_2129	08904c2c5feb46a319c009c8f5ec9ae17ab5b892f91be4d4e71adf9637b734d8
hprc4_L100000_2130	a3359592f12be7ccedbe00045777dcbe3bacf4601c7bfffbc823d55152d615a5
hprc4_L100000_2131	e20dcb933084eccbf1050da2937f624152f30c5cc91df0ea1919690a641c11e7
hprc4_L100000_2132	cf271971f2681bc7b2d24c5e3b086db533f0fa8f23621884a4101b029a921278
hprc4_L100000_2133	8a303b4eea43bfc9841df8b0e3df5c2feb9e48878f6099085892b99fa7a4ac50
hprc4_L100000_2134	800d9d2f3853ac098941eb1cd7fbcadc9d9fd2c6db5ae6585788cdee3b61034c
hprc4_L100000_2135	81b640687fcf8100fc6f623900bf5239f01d87a046a0a7a42a4961fd288de3dd
hprc4_L100000_2136	2e6762753b3815797e1cfb078e102b65b4f95669ef1e33df1b1ad8166af2cbb5
hprc4_L100000_2137	97bd16d215b660f8f7b5c6d2b950a5022a369a3df724d84015225dae632cdb06
hprc4_L100000_2138	43585ad89f7ad86041a5d68a83431094dc0114b89d6334e8aa003dbb50ca04ec
hprc4_L100000_2139	0a59fb500f0cd7abf63f9f766085d322f0776c00424d9d67016973113089f333
hprc4_L100000_2140	a3dadda657071cee92b7a819389a30dc21c237d08fb7cef18a43630e5fde6f51
hprc4_L100000_2141	87bc21af744002b440c0b2cdd5add2a42ecf894111f1690eb8b729e1d7a9fb53
hprc4_L100000_2142	2f103049c56cabbbe5df2da4422de6ce48c50d4401b1dc6c17c6d570ce8fca17
hprc4_L100000_2143	5b892e54a0af22ad46ba175a014f2cc7d4d63402d1204d05ce45871fb309dc8d
hprc4_L100000_2144	e70caff148cb05fce4e51a19ca29859091ecd334f63ebaad2f472b92e56717a7
hprc4_L100000_2145	d82953401e75fc49789701b8a41a67494fe007eda59748f4437ed854f8f48fc2
hprc4_L100000_2146	601b8660b45a033dd88702ecdf7187466b45bf74dbcd2695419c83386c691f6f
hprc4_L100000_2147	4de1e3eb73ad27fce3c4729aa3339cd1631e888588a5714a5808fe024e68bf5b
hprc4_L100000_2148	e48fa176a0952e58145edcda9edfbccf67eaff526d321b486ef05e716e545d80
hprc4_L100000_2149	2a370a4506ca5c33822e0d91c658c03c1ce0eb891eff49923d243471644afdf3
hprc4_L100000_2150	3f25f99776cc53e5addbb4e4204119b49b8aaa9ce31e880ad330e4482e1c986b
hprc4_L100000_2151	851c039f1c380e4566dc9db1580b9f75da251c1168da32559d50dddab83006a1
hprc4_L100000_2152	3f9d1bffb10e623bc26e9dfb8d56000b0463dc6f72b199516b6973fe18e18304
hprc4_L100000_2153	d17279f5419a1caa6faa3aeee3bd89aa433a001ba958435d4cebbd1f20db975f
hprc4_L100000_2154	d3bcf082d324b567621c7f725076503cedde58cb052d90781b8c99ee54edc8e4
hprc4_L100000_2155	c1149fb70bbf2d4932e0d5038ab53af0291c9d8bba15e1b11ac2a8db7bf342e7
hprc4_L100000_2156	88ba0331cf31309fa9a6c9e997e0a8529f695bda9da7d0045ca6c44df3cfb783
hprc4_L100000_2157	86598f4513c3ca396799759ed370357b519b1d3bc1a60fbb03be7f5c7f978e9c
hprc4_L100000_2158	fade163de607b8bd8a9c78511d010d3f53c7274c13e02b228f3cffecab8d3d2e
hprc4_L100000_2159	d558b4bb1b34972f02e090451e0fd148588a94c233ec1fac75a20dfa2ee76879
hprc4_L100000_2160	69e6b902b6a723edcc2bb5edaff32f89ae45477fe210aa00ea5e17dacc5d6dc0
hprc4_L100000_2161	7c2def551e8f9b77d4e5a5c290784eeeab8083aa746100902fe7bd117db2067c
hprc4_L100000_2162	ac3a570b7b1f7dfd4da2d4b315011dfaa5161c7a3edad45166660f937c7d4cf1
hprc4_L100000_2163	c57eae109f12c99ea66ecd3e308b02c306623472b27332823de9a12ef62a6158
hprc4_L100000_2164	776ae4a0451d9e81c88d22d55ec386464ba65a535106f60c46ef9b7d8113d633
hprc4_L100000_2165	a3e8498d3942cf43720a239e0317b0efd6449447370905c67d520a28bbd89818
hprc4_L100000_2166	7d190facd83a789059a965b2d14901b12218225990b6a491617ad4f2498a1e94
hprc4_L100000_2167	6599f8521765355860b4a20b3043e7ccc6a03bc2e10616840a7098bb24320895
hprc4_L100000_2168	0f5332bec7d6ae54c0ea8797ba707bcedb5a17d30bba8c162009d9c29d6dbc81
hprc4_L100000_2169	3a954934c798fcabca393188b5bd2ccdd1705de7ab2a7ac93f9cda1591d45b36
hprc4_L100000_2170	38c6c1c6551d919d7f23e2c5da926e45bfe5c36c6d493f1625d08956a22f7281
hprc4_L100000_2171	1ce2f836e813695da891cf86bfefa5b74849f3ffbaccb1eadf8b8b821af072cc
hprc4_L100000_2172	e816d4978b9f6d5dc06181141f1dd90f1e6866268740d40c8a8a549fa1e2bf78
hprc4_L100000_2173	d27bf4db0bf410abee3563529542560661173a41bbef0dd310140affcb6c2808
hprc4_L100000_2174	82514f74c53d803dbced9c1ddc284329d55669f67aa1369e37d341b1bdc023c4
hprc4_L100000_2175	29715fa65f1ebddd890f39554350da64af3a794a3f984daf3b2c97d2bdfadadf
hprc4_L100000_2176	d934f1b472be7c58fbafa18cc2a92a6b732f54499f0fe8ac1a53a7b3ad353fc8
hprc4_L100000_2177	d846470f94d9a659556d6f3deb17136eaa312a3c9f099341fa85e8db0d4fa338
hprc4_L100000_2178	6932613bbd7470cab78a2bd58bb94415764e7bfdca662151821a5e2ffb77e1f5
hprc4_L100000_2179	4b9a3e6df0d03323a48e1a0ed53ebe49d614debeea5bf47970e701b42ce80018
hprc4_L100000_2180	75803e683360e4d9273020d62cd2e2f390a4a9050ca8d013ac729039a4b8b93f
hprc4_L100000_2181	1d0ae27890c4b1833d09e60d578081a391e18aac93b5fdf9410ad69e276d5b18
hprc4_L100000_2182	73317f83f546ffccfbd1f8313fbc0775568e028379525858644a1fca92dac7f3
hprc4_L100000_2183	1c05b187b5ab4743e89955250da2f1068c14db2f7a4a5863772c7b3a4012cc4f
hprc4_L100000_2184	7a009ab427533538fd5665e71f4bc425e1fe3c223e663f04d94a2ee8e61137d1
hprc4_L100000_2185	e24c7346e2e8661a028fd9b864169cef1d855d76e5f37f767d546729f79b9290
hprc4_L100000_2186	2856dec0c840a447dfc4ef71b5e8fd1058bf76354e57995363cf2dbcbed3bd99
hprc4_L100000_2187	a5bf8d9379d8fb849903909cc6852cf22c6c0ba55447cbb6f998c99a31557123
hprc4_L100000_2188	9f78fa0e7b27ac85c1bb169c49684e066f514664954066b9b88709cface0e524
hprc4_L100000_2189	a200bde558e3972b6570b29b8904c4fd8c73ffb58b8719309434f7843ba97c90
hprc4_L100000_2190	e9d0461947c79828290be085420cb7052688ceb96fe8ab52303f1d80bfa716d7
hprc4_L100000_2191	5a290d39d607dd0118977dfbc9ceee7d80533f39fbedfaa8870fcef1237c056b
hprc4_L100000_2192	a29e740e3c65b8d4d1b9ebf0b4bc3a3302cecc4e0c29373db61c8e8104627d7c
hprc4_L100000_2193	f65c4e6507a5130ceda16041d9a62b6567a60a5727090bcae72e789f8c4f5e38
hprc4_L100000_2194	34a8abe259b223ab5a244c028dc2363fe02d01e147ccf9f0914396c20d7f3a02
hprc4_L100000_2195	cc6f956fccd2de348c6018f89ce3499b9e1d4385bb08ce2dbf45d5ed22ebe975
hprc4_L100000_2196	02f216220bead93b58f320162fc9f46e67225dbc813781ef17384a04e56c15e7
hprc4_L100000_2197	4cd655850c7b778f2f4ba46a2975039919dfc5f5f311bbfd9784b851e331415b
hprc4_L100000_2198	73b58810af2b28e2d23b87683dd0ce075a34a79dd87ffa39d86d5ab30020d4bb
hprc4_L100000_2199	525b2b3a872100d040a55341921534c76836270b981baa5597abb62b22ac584c
hprc4_L100000_2200	14af79a470eb1483e8d0bae98d4e0ffc4be8d11315c0eb9fe60b8cd5b81e690a
hprc4_L100000_2201	4a893369d30c908212baf6f53198d4384e812660fc8fa539809d912b2e27d5d8
hprc4_L100000_2202	2ffdeb03acdc191ebe2a313267eeca734cb42b580346c496798c76390fb34ca9
hprc4_L100000_2203	d6be5fbb3f434e852650051adb6ed2529072531d336a5a31e9eef89a00c0da78
hprc4_L100000_2204	40f05352873f731ff11f32fa831a47a7182a2a6326ba441cf729386ad1b7c6c2
hprc4_L100000_2205	6714304d71607d0435686ece337f02d36e2ade2c6134c4a515d6399b425e25b2
hprc4_L100000_2206	f4b223ad8de25ad320480b05a88632010cca0a2e13f08a4f97c8f059c4d2e7bb
hprc4_L100000_2207	09ffaf3eafcf8c3b3c7abd44b8db1a941f18134342f99868197a2ced5964b29a
hprc4_L100000_2208	c35f91fbfd4904c33905e396afff3133f9c047bf01c45697b496851aef2fec79
hprc4_L100000_2209	939833a7bc6fd78a25e749366c5b3a270a4c7387e0af8a27033b55213903448c
hprc4_L100000_2210	11c3bacb9b234e26937fe2c5445e8fc5801d57e896c62e772515573c51d7d8cd
hprc4_L100000_2211	952a01f410803cde10c0009cfa5e01033ff0f196ab7f125f29fd9dbacba2b8da
hprc4_L100000_2212	561e6606ddc0fe9bed5c59ee339cc66303e19caa0d729b0b3ac29e4a71aef80c
hprc4_L100000_2213	87feb01db9cf4df800c1ec6c7cfeabe87d474aa287a9013767602026879ab88b
hprc4_L100000_2214	109a1f9ab9b4a7f52fa034d4366d47062cfc94cd00b758e056754866e88bba72
hprc4_L100000_2215	50cc366b1f6d02406ff773dbcb533c697878203a0356e5c3a7f4b1ea4cc77174
hprc4_L100000_2216	b6a0556f4493dc183bca73b3e85b6933af363075969f88dfdbef602947f7d2ed
hprc4_L100000_2217	6b075a0212f2b442a8b61a7e456861bb9c35d0f4cfb8ed5db1668840db252cc2
hprc4_L100000_2218	7ed9763f8935102bcbda55ee6f2b7fbca6435328b7c6f2c0f4d9f5455dba2bf4
hprc4_L100000_2219	f7e1a68db27192bbc387776f13bd026bba9f3cfa544a4400028a2a5e76e5b488
hprc4_L100000_2220	31e6daae8cdfe5d2f19afcfb5a8f5bdf30d126e58ecb62c0bb0d1fc637226a6f
hprc4_L100000_2221	d5f3bb96a844fd310fc63b362fe1a80e8c9bdf78c7a3f47538878127f1a6b2ed
hprc4_L100000_2222	9794f9a73fe8b9dbef3c0c27524c4d64badf7d68cc3c94f02b962c2c7e8ea99e
hprc4_L100000_2223	3de2308c3cf0dcdddf3fe8280436c0daa08f72f9c1b056959af09b3f520d2a8c
hprc4_L100000_2224	36669310d38c27a5efe7fb9ac280bdae9694ca727d193cd244cfbc015886c19d
hprc4_L100000_2225	c636cd2e725dcacf125a7e68994c945763255dbc4aa965de3c05ca3383b33c2e
hprc4_L100000_2226	a4cc92a9094e7cda7b40d7784f724e7d45e400267e99808a517b3e0d665cb457
hprc4_L100000_2227	0079ec6110e3596ea125eb8a3fd0cb1400c28b630bc753eb4ba2ba8ea79378ad
hprc4_L100000_2228	481e2d9f7119b8e59f2ed1b69ad983f8511115713e812e637a2b5b2d446c005b
hprc4_L100000_2229	2035022ffc4aa6a001e85fb869602ae7b6fd7432f4a0e9d855edc0367bfb4bed
hprc4_L100000_2230	58f5de47faa0bb7f19782f2740ff8e65a12ac6517616c9d785ecdd04872ffc9d
hprc4_L100000_2231	9ebbe7fc363aace0fcc3306708666ed401307b84e8bf174cb9a4d886575facad
hprc4_L100000_2232	908bb7dd79f35085e7d389f36ed8682145e72ed21a8baadd9df07978be0b8a27
hprc4_L100000_2233	8367c1957df259e405a1722cd9f433cd29afea4fd41a5eef8434d547b56d5fcc
hprc4_L100000_2234	faffbe60879cec44ef01616d9e3074737d098b483c39412a11ae8bb2f235395e
hprc4_L100000_2235	a3764c700b3df8f96f45e746c42a98782d454892a781644a2710cc2393f01d44
hprc4_L100000_2236	dfc8f09b38f63547beef9a1c79ebee958eba76867dc66c58dcc04332829de629
hprc4_L100000_2237	65cc37daae4a9a068104510c00deb52c129dbc2481ddb7e7b87a0e4c2454ac2d
hprc4_L100000_2238	15c70871b7f606ff8bd8378422aaff9eb2b9e56726a02ff54e9f539bec3502bd
hprc4_L100000_2239	abce41e10ebecf62314ad093b6804a5806f6d39125cec3dcb47c062b8e062e7c
hprc4_L100000_2240	57bdfcbec2f481ae07419aa4ab2391a1156770139ca6cf726f157579e05d8ab2
hprc4_L100000_2241	6fa32b3916522d9f815854d45c1f339e65a7fb0f8491a5a3693ee43284d781c6
hprc4_L100000_2242	c6eb9c250a8e124c6500d6c4a6396f746421b066d579f1fc73599777154d0b31
hprc4_L100000_2243	49647a125a04e2b8d4632c35dbffd8b5ff853a320e7f32a88c33c0f18f511899
hprc4_L100000_2244	3455219eda75c19967ac709254eaf4605739d97715f105bc29d603edbe1054f7
hprc4_L100000_2245	3bc6c2a7350500eb7c15d16dd3c42843a9b72ac85ec7f91f6cc27aada8e519bd
hprc4_L100000_2246	8e95921d704cf76c934684a4a4c3474b5a36c9736ea24299ba5dc8a37e4a293c
hprc4_L100000_2247	3e85977287de557f938f2bb06782b20a36ff6538b8eb5e6525cd50176065906d
hprc4_L100000_2248	8ac720b41a0de25b38f18ede05b1bd05e0f07b51888588ac44f9578ff5af75c1
hprc4_L100000_2249	e7d898ae609035f0e0796421ba5abfd129bcaa46a1b15de83db77f1c4a988258
hprc4_L100000_2250	8794e5a701fe6424918b11be957975919e3d65d7cc4a068074ae7983b5125d76
hprc4_L100000_2251	e8e5be1038352d15dfbe5396b01d3b98e2951cf2dde2e3aabca78cc681e62b94
hprc4_L100000_2252	1eedaf4288734a6af4a0438f2e92c278e77e31ebb8e523922cd735ae50b27acb
hprc4_L100000_2253	a5c6cadb917af8600e89f81bb64acd4b9c7f5c607cf8e9eb97705e0ae176fadf
hprc4_L100000_2254	632ab015d5acb53494993b24b8928cb53980c3fd2a35086318cdd64262ca5438
hprc4_L100000_2255	19c1509cf8671abd153b61bf0ddee373a01c99e86bf95d81f559c5e073489300
hprc4_L100000_2256	b1db2e43c32be68c4efdf1ea3c2cf883d669149a7cdd5040d839351c2fb70ddc
hprc4_L100000_2257	3a26cfb38c5cef75680a998aee5abd0255a63e702c63449604e736e7fbcaca56
hprc4_L100000_2258	7d0296e0902a7cff4fed24ccff49c4634f09ca8c29ffdce680bdf22b329003eb
hprc4_L100000_2259	2ceb48dc6bd70a76dbf5661803e41c8cbd080544714cc9a064d09eb995ba6874
hprc4_L100000_2260	f201b3511b3cd0d8066d1bde3eb46f05c603d23b617ad097eea31ed67f702d68
hprc4_L100000_2261	9d8c5b3f19157ed46e82686051b3cd888b5be65bd60cd582d1de1ff551d22ea8
hprc4_L100000_2262	0450d2de1ea3010b25185faa04719fdc67c93966d581ed8d85ea78d934363590
hprc4_L100000_2263	9b82d5c03ae3b9beff594b5acc5882d823576668499954851b810b889e8ecc09
hprc4_L100000_2264	3565184261a80b3bbcc6d0698b0faadb5e533e98980b0055f7018f45731e6715
hprc4_L100000_2265	d3ee551f8fb1690111dc1d7de03deae6820d05f617cc765dfb415f52edf006f0
hprc4_L100000_2266	c8c09c97110670fb43f98623aea19b0eca946f9145bbd60f19f5848b2a48d590
hprc4_L100000_2267	b7bcbd32bc71a0cb5afcc56ea1a12a698bf5756bc14409569a91f97bcafea82f
hprc4_L100000_2268	c3305f1f46f1791b037b553c9e6e87696c6b931229e57f14bb3e111556d513bc
hprc4_L100000_2269	f762e014aa5a4727f9b50422c125ad2d998e5a83168822f42491d5a2377b646a
hprc4_L100000_2270	c02a7d1526f3eacf87e7e6b41499d4f392339922a179b5785ed25bad417a4c67
hprc4_L100000_2271	e66fb0498c8e04abb60a3bca74572b91098f644e0b4b8ee2155fd7d1c29de88f
hprc4_L100000_2272	a2fefbc113dfb80f12e411156f06b3a921bb626ca6b91c4133400d10ac7a62fb
hprc4_L100000_2273	f032237e8fdd722a78bc5a2ee99fab2ffaad1a3666ddea1e10ff23c90f1b0ce6
hprc4_L100000_2274	199fe968c9a893d083958669edd43eb97222e1bd6420d4163e14837f96ec0cc7
hprc4_L100000_2275	8db64df9ac4ef43c474b5056e2ada7d221ea6d1e6a357f5ad868b29d0daee3bb
hprc4_L100000_2276	2353e635f5354219079b291382f5e24c3c2422cc434f395c42dab91d04a932e1
hprc4_L100000_2277	31e4ab36b97748d8958dd494d696a8ec4442dcff104a99264c69f350b03ab80a
hprc4_L100000_2278	cab3f15a35c2a318106866c15e1734dbb4cee8194635f9166fd4c6f35b763b40
hprc4_L100000_2279	d9da61e03592cdc14dff6d28da27570e146f79a73f67ddb3b50627bf67121ef3
hprc4_L100000_2280	0ca10c465ec03408ab465e349b05901c16277d7079052c9a2bb310865540f886
hprc4_L100000_2281	d3ae0c903fb10549096625e74cd57987b3318a0d65fb93585f88c9d43cfc6772
hprc4_L100000_2282	785ea47eba6a7c703190768ccb796cfacd3553f67b54619e747854d19421611d
hprc4_L100000_2283	1c9db4c78f9fa7c4eedc093b87ee233419076dfca2d18e87abc8da2fb3a8c484
hprc4_L100000_2284	89034f9359bee89b0f3e15ed4002eab9f4c8838100490b1ff98d04b26514867a
hprc4_L100000_2285	b6a937955d65ddcd693926bcb0578d8be72e97e28ba69b27458199b2ac96e668
hprc4_L100000_2286	e46f77705f0dfa71b3c128bd248160c112825b669349074338d2f522f5e9f759
hprc4_L100000_2287	d566feb3086969e74dd0aa414bd6b1e5873b1474a6c08e9e6cc6091919c5c7c7
hprc4_L100000_2288	403c0b2365470d6ecf2b376a5f38c51e8ffc6f0bf1b1974ebaa1f9d88ce260a4
hprc4_L100000_2289	c9101b609857a629ccb7e5055feaee1936aa59f31d14e953cdde6c34ce3b7137
hprc4_L100000_2290	308fcd9b85dfef21193c21d1a54238dc0a158a482707b887b7edfc044597ac06
hprc4_L100000_2291	b2584946588b5dd72d06e4e236b3bdcc556e86761a951d34d34bc8f944cc1d7c
hprc4_L100000_2292	5add38d12e3b08eed0550f83f08af55409ba898587d88a9b38b8a5c3c56ef6e6
hprc4_L100000_2293	67bd17d028e5c9bb83eb336273a73037006b29ac2aacad0e3b40b62faea384c5
hprc4_L100000_2294	ea2ef6f25081d9a62b9044f5bf9a6648451dc51b3688712372841c2718dfffb0
hprc4_L100000_2295	ec9d844263cd88153465dd3478a9e57d451e0855891c1d3e933fc2dd7798d14c
hprc4_L100000_2296	7963777e0338d80a9fce65f12979d88e3942345f89f71ea9d31ab6e7a471d9c7
hprc4_L100000_2297	a83a5e5a732320d7f2edc5430bb475de75415f464751a12a0036f2f668fc1bf9
hprc4_L100000_2298	e7b99dfed8de57a204d2314c27d91eed50de5ed3d0c70c697bbdb02a8b81f00c
hprc4_L100000_2299	25e2c5212a9793d84d65b3612bf3b3924e9afb2df5b1cc3a4668235e556e715e
hprc4_L100000_2300	abdd1a8f59c4131bebac3aa0336dcdb7ae3303ba476959c54d13d19349e0bff9
hprc4_L100000_2301	59ab1cdc025f4869c3d89bc47b32c1eb35bc8543db25d32b748d81c5964362de
hprc4_L100000_2302	79b0c1649ad49c1eebf116631759bdcee6fb7bf69e1143355ff94ea4f219d74b
hprc4_L100000_2303	9fae430db30fbde93597f2ce7b619c31876f505af0dfee3da5d81682361bca66
hprc4_L100000_2304	492bcdc0ae0ac2d6415441e29c79206eb2b0e38b88b9ef3ae7b080ca50660e21
hprc4_L100000_2305	75b3d5cac80f6d32ef97b1128a3a8eb59189fa04527be73949c0dc530f93ad8b
hprc4_L100000_2306	c073868aa807825724c03ac15505771c784be63efedb27fcff6f6f1f49266ded
hprc4_L100000_2307	187167ea9d371c636c351e29925cca576b9ea303916475465ef39884cc6839b5
hprc4_L100000_2308	d135cafe57a9cbf37f83e14fbd729544689fd64311d0e7fa69d368a71d67b3ae
hprc4_L100000_2309	1caab1b630281ff211b22227621f408b87eb26790166811c90aef06b5e4a0277
hprc4_L100000_2310	1513971993feb1789efc03c7817e0a21c198d2077caec085234e3f4928f65b36
hprc4_L100000_2311	214e88dc3fd6b970decf4e89101f983e3837741d717692e35361918227dce4bf
hprc4_L100000_2312	f2a49cd04956788b4dfe418b7e9615a64d38c0a19288ba78b2766bae1ca9ee93
hprc4_L100000_2313	a01c31c7d051483b69aefc3ac3469bb46180412821008e0c2e5f77c287d59b21
hprc4_L100000_2314	2fb50541e281bb7245da554e79063b8a18c2a73be004bba1dc39d853e1e535e9
hprc4_L100000_2315	bc179e627fa6a3031716627106d2903a41e31def4c717b6d9e0ca0715896c1e8
hprc4_L100000_2316	14cae57e049d2a29e02c516752b758bd1202c8eb3ba014f537346cf860de8e5c
hprc4_L100000_2317	facce1adf286c875e53ef966f3d6b13943663f0a45b08c393dd8638ea98370f7
hprc4_L100000_2318	3f73cf5a7be9ef2811b4285c9e8a5757e68d36b23b25721b3a88b2ae9c6c9473
hprc4_L100000_2319	5141b29e33e785ac2b175c09b802a41ccdfe5475c91c394a35438b78dd9e1aac
hprc4_L100000_2320	685b3ee3c7a0a0f4af27d42da66632b6302cfc13f052c199eb11ff9076f56a8c
hprc4_L100000_2321	fee02591a1ffc8b721c1231629ad4b859d62db457014a72f5a7a1d88215821c5
hprc4_L100000_2322	efb20aade10b3970873bce6627d9283ec4c626b17da9ba0516dff02422b255ed
hprc4_L100000_2323	80cdb9a5f34968dbf3fb8fb012cdd5ea064cccc78712404118a6ed94887e1845
hprc4_L100000_2324	66e7af1d4308a45a403a153e844503427926a7725d13d99bb17f671b0f9bed1b
hprc4_L100000_2325	0c2a9e4c31adfcd683c5dd458fe8531bae1060bb45548ad5a8d6f5fe1ee43c51
hprc4_L100000_2326	bc2e0140ad224bc5085be54e42c41c4b1f9c802246d64171a6c86a3d0134954c
hprc4_L100000_2327	a05cb6d7b6e563aae348cf5792bd2ad517811d11aedfd4fb0b65ce19cdeec050
hprc4_L100000_2328	4e12595eeb2fbef20c141f3317f90cb0799d3dc4f556e3b6fc61f3da867927f2
hprc4_L100000_2329	debde94b680d55c7d7ebfcab6b46a8ef037503f2f22d32e434da71f1448346ff
hprc4_L100000_2330	74a968356f302c3185a7f220c747bebeeca11daed60ec795b89efc5b1ff47c80
hprc4_L100000_2331	be9eec4c21cb0ffc4d0fa7a7568d1defe89e1a389b72344fbbc217d28a3b406a
hprc4_L100000_2332	b057be89c2da13d07b8a3066f0b7b5c57da4ddd292300aa4f59dfead1d54ba5d
hprc4_L100000_2333	1accd02dc9fe19413a73221024635601a90f8924b51c7f1c1e13f6705851d202
hprc4_L100000_2334	2338ce71b324bc67d9134e01cc79060e0659138de00720ff098e6c3d4b7a16a2
hprc4_L100000_2335	5d8bf2df2e60a6937ee417e6789f7ef444894c052e8b285bb9c9ce5226e3a33c
hprc4_L100000_2336	2cd8073b5420d8b875a3d65ba8261c5be1a31194bd0ed9990969458a9163cb94
hprc4_L100000_2337	945cc1628663e8e85910d085c26d0d015ca2cf3871204e4d00bdadae581eeb39
hprc4_L100000_2338	67c85d0f85da4a3c34596517a4871a0a292cf627dea6eaf7f26f377d4453d61c
hprc4_L100000_2339	b60451fa6930643402f18465bbdd9681977885ac917417746ce23849ed8625bf
hprc4_L100000_2340	e520323740fdc9005a9f05fe62e01319156cf3950606bb5183d73ab89fb23d0e
hprc4_L100000_2341	a195a08841a235b32752e43406a249d745ba356bdc83383ce1c758aa00f76abe
hprc4_L100000_2342	5ab317e1ef9da5015d4eb1ae1311e4abd5e6f7e5aff581671130e9f9e77fc9f6
hprc4_L100000_2343	721e5f05a6e937d48913015492d1f54be169dd088127b18335681c547841c9c3
hprc4_L100000_2344	cb755a376606f72f73fc15696ba1a68dfe6aac21d2655b13e21c03614d6a3d8e
hprc4_L100000_2345	3698d34ae480d90f16a56a4e89cf97d45d802950b0723eb3349153836f4a28ba
hprc4_L100000_2346	f1c3dc11962d464d9f2b1087dbaf588859b19d288449b9dad97b17e8427e02f1
hprc4_L100000_2347	8aeabf5bfc1b08e66475112106661a00b464d28910595db63bd77f433a80a958
hprc4_L100000_2348	ebd80bdea8d8c7d9d9111f2457c319fe6830a44d8e845309957bf3b006ae82d1
hprc4_L100000_2349	00a2e7437aeec7d3f2d09e63b6e7b58bbc8b0f01d0c59df4f0ddfe5569505908
hprc4_L100000_2350	4137aabb7ad96fab46f0cccc554c8c27b02a17843e6995a54988ee19ad02bb6b
hprc4_L100000_2351	46afbdd9e7d85fc37c81c5667036dc03de1cf913238c89b343de204cdfc7eaf2
hprc4_L100000_2352	4d24987ec7e77f9c319f0a9a6f8cc754862d2ce5ca0b6b4bf52c1ab0770d3e2c
hprc4_L100000_2353	e706903068a67510b0f4bf2b708f9301f9ca1ac7339702996e0528688a9cc46a
hprc4_L100000_2354	817d94002d3e656f57780f6b509fde4d11e73ab3706b65311312925751da00e8
hprc4_L100000_2355	02e640f7aef34f0f4a8b879260ba81483c01894cd6f8bf1a63e4400779db3a9a
hprc4_L100000_2356	f80f2453f7bf6009639e2fa1a2e96730a1f88c128234fefa5e007f3954eae5e3
hprc4_L100000_2357	dae237748e0847df1008b89d1f4bf05a47299fff280db98509477d767f649403
hprc4_L100000_2358	a05998875112f9a703d0769decb815c77e3c73333f6b5c9cdc24b608c50062e1
hprc4_L100000_2359	3a26cd133bd1c761118140ac34446fbdcffb8afb4ac31baaade404bb8752339c
hprc4_L100000_2360	d68bd5f5b7f3f6b71edceabda7844057fe4f9a507533061c4d4eb3a06e821adc
hprc4_L100000_2361	f03e67ee462ea166e89256b032b549b376ebcddc31e25f6228bc086183b47101
hprc4_L100000_2362	1a9aed85fae8be4ba2293f7d986f86907d4009a0521b535d72660af89d59c57c
hprc4_L100000_2363	78f60c608110b3d9f4d8df5b7f1f430bdeea125a87b8bd6b6653d0c30c43ef94
hprc4_L100000_2364	f84bbd2b6007852e47797ca86992ecc21f7609c3dcb5e817582a504d26e744ce
hprc4_L100000_2365	3494c3a984bf46c579fc3c0c7d276fc0620f234cf297a4c06ae0d6c98d163b0d
hprc4_L100000_2366	33b9e279fc5a0753edcfc401b19c92c4052a31f3966397af292b2d5ccdec84c0
hprc4_L100000_2367	3b8054c5d56b7c98c8333813004aa4a35c71d2615d0e34d16335b614e5a9dda9
hprc4_L100000_2368	567739caa8ef130c181db1f353176b3af9760fc62a5ae57d8a0faa2b24e49437
hprc4_L100000_2369	e792b4300fa16093558fbae5f384055508eb237a702f5afb9408e814c9e746f4
hprc4_L100000_2370	9f9286232970eeb05b6704bc74da05287281b981c55debb89989e7af72387e80
hprc4_L100000_2371	22d45c1c724cc8013ac476310ae1b382c74df309cce2abeea3f976a5729d0674
hprc4_L100000_2372	6eb3d5d1f56685858138e05f6ed829220dc1498e1e254e8881449b88e7b64b1e
hprc4_L100000_2373	360c75c08315403a29756e066156b4bf352c7281a3ae3c2523801c7f68372e0f
hprc4_L100000_2374	48678eb31f4c6effe219c524f79b099816175fd4ec1916061c2a0053a2bf944f
hprc4_L100000_2375	77ee690380a3bd9baa1b0bd46924934ffc3575a5f705d0a23f4095d5c981c4ac
hprc4_L100000_2376	f5f523817417587293f92287fd1c953e68f18bd9607289394b92948c66945cc8
hprc4_L100000_2377	d2e3f3688cb1240db682ec9921b54354e8df701fa9b9168356f24415892f9db2
hprc4_L100000_2378	5ae0482b4c2ee7bd2ace5b7e2642856f102d6069734a7c8c15d26ac7d00edf77
hprc4_L100000_2379	bd175887ecc75f4b4ebf8036f92fb22e9ec15e6cf4c315aafe2c34fe9bf6c519
hprc4_L100000_2380	a2979b604534d4ae7288f40349eb922fbd81096dd5e0249ed7f7cd3e7c97d59d
hprc4_L100000_2381	36b87d2e94016a6c849eb09ede58f4645f0f9cf1225e27f979af01bd2a134eb6
hprc4_L100000_2382	1e25f680087b3696f4066cf7486ec0890ef6f632dee13bd3c2244ef2427b815f
hprc4_L100000_2383	96ff1443b0d9db0f8a37dd44f0a1ae2b4c171982a4cd80710e7044d5a10e05c3
hprc4_L100000_2384	0a049d2659c223a7da4b1dc325177a70abfc030cd2cc95211c76cfc15a5d045c
hprc4_L100000_2385	5e2467849e3512da0f3f09d7840284ed99db34fbf7605ad85808fa65e5fffe2d
hprc4_L100000_2386	d6c78c453d22a24555eff388ae6f33048b603c638b404d02f37218271fff8f87
hprc4_L100000_2387	32507ee90bc851de92b2df760d0228a4b9db4766787c60f7da8def9e4ffcf73d
hprc4_L100000_2388	4e3e1a079a34433187d01b7824438104e975398ec118ee856ea86e92b431e67a
hprc4_L100000_2389	00ef7aca57d0fdeaf6f1d742f912d9722de2cfd71d8eaf120fe0c3a7a8b4f445
hprc4_L100000_2390	3c44e4c1787edbe2c424acf535328d16f055130e37acde3ad9d1097abbe9f549
hprc4_L100000_2391	96ffeba5480db0bd864201a116a57e0252537f48ac14bc60e3516ed8b6ecd7f1
hprc4_L100000_2392	04e3030e3a4ea150e4d40c2e5fe11cec1aa5a03b7ee3037e0434ccc185020b77
hprc4_L100000_2393	aab6f7ef1cf9bfcb5e2af91ae1521664ab818fbf7da94d64614dc720366b8591
hprc4_L100000_2394	e6053471e05b91538dc33e287c6f8dc418140c3beb96330470bdc85eba20c8e0
hprc4_L100000_2395	00b555205097975aca42213f0b544a0cdd0f5fc15a9dd04b5b4194226e88b9c9
hprc4_L100000_2396	064a0c501bbc2e1cc1a52fc864900fc4a375b59c4a5ada23b1b972f6e0930c84
hprc4_L100000_2397	c5546a2b7c226870a312848c90496d1d4f5b73080a46607cef8bc4ce03dbde9b
hprc4_L100000_2398	39ebc2b5448482e90b9339e42623e3afa75a4d2fdf3ee718dd8371fe26ed3a90
hprc4_L100000_2399	146fc2fa8e8627f433dd3055d315cfca4297a46c2a7c41d1c198fc13c45b009c
hprc4_L100000_2400	ba1fa7812ab87bd6c4a444a41dad52b9eb2854df5f4e94760e6400b5d12a85d6
hprc4_L100000_2401	179e00937f8c11642527f6e377850b87b25f5e90bb15c5dda9e44bfa4fd468d7
hprc4_L100000_2402	518702e33e2ea198508dd621ec45e3ab0425c977bc8e759533fea7e048475560
hprc4_L100000_2403	f3bb4fd438d18b2852715555449cae8f4719b19021fb099cf30caa5c3a940463
hprc4_L100000_2404	de609288e24a369f466793ac0c52f6859dc7ccc7c170f587b8bf68470454704f
hprc4_L100000_2405	a31d58b98789a1529fa16caa3ead844a80d832b76b76d53ad1732d595c7d44c4
hprc4_L100000_2406	513d7a6cd79deff26ccdfc47ac9d9082193a069e3c489015976977323d3b6900
hprc4_L100000_2407	0b34e2ab5aac1e211e27568030cf0bfa0150c77c8988c5d85f7e247acd98bc44
hprc4_L100000_2408	2a5d41f01453a1da0aea45e05bb78ca88eb8750d6f61dd059bbfe04912d07858
hprc4_L100000_2409	daa8ce9e5a07b6d176a5d3c997cef27a6596f842f8ee9f60504fb8cda8ae9dc8
hprc4_L100000_2410	aa8e941c65e69e31d8337cc79b151815cfd0db38da08debeb779d98909698a6b
hprc4_L100000_2411	1f73b5b906b2211f403215c1121be5757e6a7f03d04b61a31680026acdee2c02
hprc4_L100000_2412	461f9ea9e671f69f8fde2e11156b270364f6a6dd367ed11b71f5453e4bf73c02
hprc4_L100000_2413	0e9dc502a0e258463fc772fd62a2fccdd425bb028f39d3f35929cf4169201c8c
hprc4_L100000_2414	0139d74a74a49ec591d6d424c482abab5ee57b267618ad8f8b218f186def2439
hprc4_L100000_2415	1ed5eb0871b1e5fba7d111babd7c806e4cc5a2172f5ac8f524536e8dc348e69b
hprc4_L100000_2416	2632f37d7de8b4ca0c83cfa8ad31f4ec8402fcd316d1d0113c9ccb3161145e20
hprc4_L100000_2417	32ae55b4002e8ac4dba81bd7b47448f4fc9e06ffcd60aef80a537f033e90fb69
hprc4_L100000_2418	d70631255136b9068b3055d5f72a18f6b1a2920f196f21ae187894d759ca38f5
hprc4_L100000_2419	e52aef3f18a35ea6a89df60005a576b7169d763ee1f00d2495b35b0e9f86d20d
hprc4_L100000_2420	5205eb2686fe06b8d4f5c927ab34fbf790a6231b57813454c0a56f29b84662b6
hprc4_L100000_2421	35767bd9a5e76f5a2805755f7f48e3101ba902369b7148cada418df6a0f5e710
hprc4_L100000_2422	535d03e210fde01a85d2587afdfbf57180945e7e239a320273115ab289e53396
hprc4_L100000_2423	19de5756c218b56da73cdfd3d344d8291eb66b9445f87cabf1f18d4a650b4617
hprc4_L100000_2424	d96193ac66754436ca9ea0e941a07b38682ce5f62722c65437b4c4543e843656
hprc4_L100000_2425	3b68a2746cf4dfb256706966e3d0e6659cd748f49dbbc282ed87f44c0ba39bf6
hprc4_L100000_2426	55609b40bb374980b476fdcca0c7f6e1a09be53b08bd8454db139db213fc227a
hprc4_L100000_2427	8f6d0cd7dff9eebc76a308842ea158ad6a7171b9234c19278401b6a165e1d465
hprc4_L100000_2428	392f7274041c9c9460895af374cf0194206d6f28bab94991253d5bad4a907f3f
hprc4_L100000_2429	479ef4a747a01f567648f86ad958f5ec3a9b4d27d0fdb95b8e8319c1d873eced
hprc4_L100000_2430	30df6db0f8da2dcaedfe44b31058296ae11269ab569340cd62e4ba4811ff66a4
hprc4_L100000_2431	95ea57265616a1885a991d7e1e1f61e4aa3290dff3f8a86d452e41520e6aebe9
hprc4_L100000_2432	f566cc3528253debd7d56844e04e7545b57eef7a7ad52dac71a3c7934f47fea4
hprc4_L100000_2433	8ddd7abbc70cdcfe5ce11894102c439faac7d2ff038de4d2e606a5ca8f370d30
hprc4_L100000_2434	6dd8d54a034901636df9096f12aa6ada4fedc85e76b4279c3ca6034eafe3a0c1
hprc4_L100000_2435	9e4fce0da45bd8348e2812f346d31b4f845330200a2789d5e85a388e2043b9ee
hprc4_L100000_2436	35abf74e7506a52b427e9892c9978b8c77446c85d13bf8ad5964957bc8a9a037
hprc4_L100000_2437	2c6a23ff6b726005402b93a94ced4a27c6f18e3cba1f3f7b5d0b6ce91e43082d
hprc4_L100000_2438	b1d95efde77f8920a5661cd4fd933e4c85b0405c8d739d90419c4d7694daada4
hprc4_L100000_2439	02f55226dadfab34ea03c2161fb1c0544d851d3c167a0ccd5a89499ebc2290de
hprc4_L100000_2440	708392e8a5322014577ce1cbbff64ea971e478afaee60c6768ee1acd0f132c32
hprc4_L100000_2441	a6748ba546c97ec0be0ac4b8fc40dceaeed6684f45d211b2f15c55c4d962ce8e
hprc4_L100000_2442	96a15b5ab6d9a8ef025f1c583bae3d7e3c9c40100826d8e28d4946af8dc9fa0c
hprc4_L100000_2443	0f78f88227a6ebe4e6dc0bc5c554c02b3c663d9df7898dfcc7bc66285f4b51d2
hprc4_L100000_2444	f78394372130903390d59bf051440274769625a4880bce21a3b4ef251ed75b77
hprc4_L100000_2445	050c53c6228e3a700d23f138d94353c9d454608b7fd494bab6232c1323a0d1fa
hprc4_L100000_2446	ba8f563e2eb2391abefb7f1134bfb91bcd0d4811610b021a2b0c819bc71dd3d5
hprc4_L100000_2447	7549c21db967e0e798bed7fa2b1b717e197c141c2b19f2c73883e99cea8684ff
hprc4_L100000_2448	a5ecc6d93e2f696b3c5f82ea75530de0da6973b324d65e091a3ed08034282082
hprc4_L100000_2449	b873add9eb14c741ccdff94a4ea51abd5b3680ba60329c2e1bffcc614f5cf5e6
hprc4_L100000_2450	054453ddbce1e48bbd3a37790cf55ebc687df09d29c8ab0b43b116a12189d3cf
hprc4_L100000_2451	2ce5e76e181552d41911fb2f6001281f4d54108e1c49c21888958ba7bd4a9f8f
hprc4_L100000_2452	0a077040e3991604fdfd3d0e6f2d1f462bad1a3c2746f791af5942dbda0941f9
hprc4_L100000_2453	ef7e502446e3e89d8fbe7404e1c6cd670badb4488c78bcf578fd3aae2275b37e
hprc4_L100000_2454	a07df842ce4965da7e129950ac05d47bcbd0e325e24782bf0b5b84579f28de94
hprc4_L100000_2455	788b7e9c6f02c2d4886db8af81d9a92ff4e88331805993e193fd392cd13b30ab
hprc4_L100000_2456	cb9ef7cd4ef4953f53aabd1fb23e1fb8c6ad5b1d0b50753326b889a0e1dddce3
hprc4_L100000_2457	0f862d913f7601bf4692bb380ae0fd4380621956ad7361982b80fb2f0fc116c7
hprc4_L100000_2458	7825b235d21ae79b19f7ae00fbcea652bb3e16b674adeec8ba2231614d5be3ab
hprc4_L100000_2459	423c7bfaa610cb579107a764f77a737e215e684638c7dca7e73aa8af68e19d00
hprc4_L100000_2460	45a26aff311eb45330996b799bf10aae9063cf22091e23c879cf2373790bdcae
hprc4_L100000_2461	1e42659798c4cf2d00772e84e6b0c7eec10f3b898499f977e8317a6292d095be
hprc4_L100000_2462	490669c21578506e4fcda08aded3e193c3555d02f04228698affea323a87a858
hprc4_L100000_2463	5b8a5494d4144d60a15b02df1c92b3971d7d00c3bc2ee59569e1cf7a4aa39336
hprc4_L100000_2464	4ac2d1db07d8e7e205e145c7d168c2dace04162ecf52cf3e180882b9e2db5f0f
hprc4_L100000_2465	d7ea353ee92cf977eeb57a83e814dee2488d24177bfd2b04c5e9974ed135fd3c
hprc4_L100000_2466	ce75d1ee60dd1fcae20776b232812e0ad2b9c7b1ee28e728e79d092b68910e22
hprc4_L100000_2467	2da8c6d3987fef03ae7e5c60d99acdd8372533dae13df6b6dc583dd66d800f61
hprc4_L100000_2468	edaabede953b944d875e4362e473d68ea2270d87685f007c868181e1bb8404c2
hprc4_L100000_2469	e3dab329b94df50fb37d5a1208431edd4ac122501c1ec40b52d67eea08ce485d
hprc4_L100000_2470	cfe889f48aa1c34a688140755648f4e0c9016f8c1b12231755260313c50346b9
hprc4_L100000_2471	f65f8abc572d7002969155b291f4ccd42cb61e5181d4c24508d9a3a65313edc3
hprc4_L100000_2472	6de26f97fb522f40d96fbee63ff044c1cc137a1ad3f4a38533fc96c3a2c771f7
hprc4_L100000_2473	cd14e7572d458009977e9a6eac618798fbd9e1f6743b85c5d8df6c2cf935f11e
hprc4_L100000_2474	0fbf2bdc8383b2027651451c0dc119ddbcc2846ca8f394eda847eebfe8e58868
hprc4_L100000_2475	0a4d9b8627c8f3e486c0ba072ad799cdfe1dbfb89058ef4b18882378dcba0b6e
hprc4_L100000_2476	34c7e3717cf32c70c8be4f3c461b46432ff2c3c51fc385192977443fdf123e06
hprc4_L100000_2477	f113a5e4ffd974dca68a4074ed3058911858205212710c2c63b7978e180b3794
hprc4_L100000_2478	83fe603db00d14b7a1cfdd5f1a5107fa3361a6e50e2f5c4909bd9f481277a2bc
hprc4_L100000_2479	f6ca019fa83cfafa19bd11c16ff4cd035e7d63b71e1333e7538dac7d84264402
hprc4_L100000_2480	0a7a4090d48cc077646f0704dd3b4f248d9ca11dc330195df5abbeac7e996926
hprc4_L100000_2481	e6ca7856b3317c3a98d1b5e1f0d1775ff69ff67e1710852af3e450655064bb17
hprc4_L100000_2482	409272aec38262494f7e63c5ed4712c55101c17ca9f3ea3a8dd9a4a8259ee62c
hprc4_L100000_2483	b449d66bf0b48a3344f726fe67d6a53807925f3b95576109ab778abe83c5d39d
hprc4_L100000_2484	69400e05c0b255fc6c213309472115d109afd08618ee0b3d40210cf0220806be
hprc4_L100000_2485	16a7eeb7082e0022d962cf2afad1b5475996855d616454d39a8994e3d61a5a9c
hprc4_L100000_2486	014eda9f2b92d5d75d6c29639bc24ecfdb3d51febf2a6fcc3ebc695b7ae2b799
hprc4_L100000_2487	c217f045eb887635940ca14fddc0655a6c64f12b8a1df7a50eaf91aed817d1a4
hprc4_L100000_2488	e4375dc6930ba8ee6dc1000a07cff200f88ddd33c77615a575cdd9f96566e22a
hprc4_L100000_2489	341d575bded65364c979d048b4ce957a26692d8ac26b46f3a9d41bf05d60d7e0
hprc4_L100000_2490	4adbcd1d3fff12b22a8259c75a0da8658fd093490fb7c3be6bc82296f2b28964
hprc4_L100000_2491	21a0084458d135dc3dbb05bede2c051102e3f826ddf2622d780130899ff49fd1
hprc4_L100000_2492	4cc1720dd2365b126a93c87f816e1db5496022baa3a2a3dca535ea45b04d8aad
hprc4_L100000_2493	eb211441708da59e356063007400e5023fb6d7b429f494e5acb63201c4021d46
hprc4_L100000_2494	c34699d661b3639813a940e2e64b758d741a043af6decad7976b6c3511e7ffeb
hprc4_L100000_2495	02639c2138ac4d1bf9a618b84357ef341a34db1c07e1a7c370755f50da3d67b8
hprc4_L100000_2496	9becf433820f065e1b28b8f0a094a81f0fb36e325f30c41b4e0427033f51e388
hprc4_L100000_2497	6a9867ea1b2450d06bd3d9d15802dbfd70604f91fbe801ed87d9f6e28959faa1
hprc4_L100000_2498	80b8f805fbe617c843d058f9d96fb5d375233bdb21ee936ecdd03c5505f847a1
hprc4_L100000_2499	2fe193233968eaeaed08e0a541a40140bfa12448a5e6e861744530c10e6292ad
hprc4_L100000_2500	2ba43e3639754b2901894f066c6990732861bbc7c3cb414a23a8e818086b30b2
hprc4_L100000_2501	2074743994eeadfe6ecaa20c9d749d3435ec65becfff54dcf2065ed1aca21bbf
hprc4_L100000_2502	50193a17ab46332d257202525b77915ee3ab80707d24556383d75dd9ebb048c7
hprc4_L100000_2503	f0281ef7040d79de0d28b799ae89987a46103def8db22299776208baeb486ba1
hprc4_L100000_2504	a4eb3773efe9453c43e21542b4995b703076ab55d1d630ab5936917652fd654b
hprc4_L100000_2505	f4d232c26ae4c07657ea23384e90e57a97bcf02a2a93e0d38a255e3d0fcaf796
hprc4_L100000_2506	419ffc66861c52053ebf82856da4611e0a91a8aecbee4d3be13dbae311aac3f3
hprc4_L100000_2507	910b47b1ac674d588d60c325ee1e534bd4ec8b1c55cedbfe2cdf32f90d5476f1
hprc4_L100000_2508	b831a256bb7f898de3953b2d660fa50ac923b213710cb3c0884331b557487de9
hprc4_L100000_2509	14aa53c59f676c8596547c0b1b3f9e51fd97abe7f297d9b6627467df8f8e1a08
hprc4_L100000_2510	4591ddda1ae52c8302d688abdbc797ca68028b6ea2e35bb3e008feb0605f841c
hprc4_L100000_2511	837a4a9f685454eec70f936d31801fc502489d6568292c56e221f57bc0d9e7a9
hprc4_L100000_2512	c14bc6e7381e3b8a6cb96242f5d012c8d287c51c1c8a45023ef42d8dfb2e472d
hprc4_L100000_2513	a4389275038440bb5a4b152a0e7c2fb09afcfcde4651997379aca728ddfe6ef9
hprc4_L100000_2514	2d7f2b12f928947f9cecd193c979aae60677e9759efd6d775e31dd4b3313ba95
hprc4_L100000_2515	6c6e87df435708508cb300c3289d7a03b9475a43615b115e2a1c3ccd2cef9611
hprc4_L100000_2516	df8fef3eb5c24751d3c7cac7cc176d08e2a9f2d76481cecac173d9a6f4e0799f
hprc4_L100000_2517	a5e2ed6b5b690f02ca775de317a2388cc75524278ab69aef45f38d33cfa3656a
hprc4_L100000_2518	361a436e37d358b241e74066f96177c9e6d3d7709a365c9445e1f1bf71c42867
hprc4_L100000_2519	552d231f2ad1a4ad3c4b9be92ef6bc36d895aca888d5c3d19457627b1b116768
hprc4_L100000_2520	8ad3378b29c05522bff4925c0eb42132fe29263addb70cd79a6f2c286ac37010
hprc4_L100000_2521	3a30c4644be89e4b5cebcbfa70a935ec09b8a41ed603a6d1947d69948ac46d09
hprc4_L100000_2522	3664a28fa9f0765528722b887354d079c2530ccf7bf618fe6d73044a620f9307
hprc4_L100000_2523	81d3f0f52408349fceed705e66d8dd54b9f0b80a528319c174cb3d99e02e3ccd
hprc4_L100000_2524	ba819be2d17aab2fb9b06dbf888f9af74d96ef21af26aab7cbd9feb3918b7a11
hprc4_L100000_2525	1e731300b28e6e0b5a53489dbf4da92bd358c02f7ad5e52a18fc464d4236aed9
hprc4_L100000_2526	572448b8d5735076e4eb4689dbc60ea0d7981828b62e5287403b3cd20911044c
hprc4_L100000_2527	8e310ba92bea03cf025e39b2b8f8414322cb8874b4ad427b93899a1de5dab776
hprc4_L100000_2528	401b1a856ee5d043d2f5ccb998ab7eb079e159a4b7346c866232e09ece39dc38
hprc4_L100000_2529	eb7b951c496140904bdb4b90aece51385132a2692b67ffe812c606fb7daece6b
hprc4_L100000_2530	1170ef59affce5f50418d7f3593b32325cc651523fa433a9b2a9d47d6ddd935b
hprc4_L100000_2531	bdeff8516287f039ae83e2699df6c5f808d676255124c2cabc63307662d82f0b
hprc4_L100000_2532	1648819c7eed70ce65c8ca6b26dce7c6fd351365ff500f33faf42a562d36b841
hprc4_L100000_2533	91e50cc99932680dce417d641612fdb965f674c28ccf8c2062ad5447abd6dc0f
hprc4_L100000_2534	1e74b35924206cdee41138850425b0da8d01cfec97f0618e76c0cd1e2fa348b7
hprc4_L100000_2535	3caf7997a77b6af60de9c406e97bb45b52ecc7372effd4583892b39ee4c8fbdd
hprc4_L100000_2536	6d80992d26cd4ff66e429d6f68eaac18beebdfa997f54a910d53d664758c873a
hprc4_L100000_2537	75bb43041702f2a614ffdb1533b97ed660d8d39a83d091e5ed23f301808be4c9
hprc4_L100000_2538	0d4dc60d87246f719046648e2296fa86a732a5d608f512a013a7cb9c59e93482
hprc4_L100000_2539	30d405380d2bb984c17402c05fc6780d3077183761641b9c19e9e2d7ec6e2fcb
hprc4_L100000_2540	870364a7e72a7b674328da8608aabae3038227d64de0b93b5c18d7f73fff3ef9
hprc4_L100000_2541	372cb4fcf12eed5660e41c7bc933f7a3b72a272d6731834ef43835520c9f18f8
hprc4_L100000_2542	0a7681f5bed7b1cadb4f1d16e4fe70378111b6dcba3e3554e05621d1951757fe
hprc4_L100000_2543	6623a140476145c0f4c3d7faa6101243378aeb52ddbc7bfef80db629bcc86fcb
hprc4_L100000_2544	9620248eeb5d4ff6d681f212cb72f7b022be8af512c4714b6ab0431033836fc3
hprc4_L100000_2545	db6d4eb36cedd4b2a85127935ee8794a9409332706fab3e95f4c901d0f36d82f
hprc4_L100000_2546	63f4930d695fa4b29533799181f8358429e7249d4d4ea757b313b5e35e2f30ed
hprc4_L100000_2547	44e8cc3bd86ea5ab8f2fe4fb816f8bdc3320e5deee2dd1f1adf13d72203b1433
hprc4_L100000_2548	7f649e7a5ddb4c4529def898cdd935f162450727933b0a39d69f5d5828547394
hprc4_L100000_2549	e620a8e23f37f4e9d0c10302e4537c5fb5b415cae13ef9438428cd25a9a870bb
hprc4_L100000_2550	d63e1cfc459563f5aa7eae030c541ada202a086df2813b810ea0bb5d900da45f
hprc4_L100000_2551	19c9ffa225188635ff5f0ec2237b27b38d40af49a895fed1e0a5f656061484a0
hprc4_L100000_2552	ccfc96ff581b0c14707390e688d9db7764729faf8de8634de946f4c18e3bb686
hprc4_L100000_2553	4b08fd50db9f0c49f2b6185ac45895b2f50f884128437b45786a7cbca71df435
hprc4_L100000_2554	14f52e0045130e949930c720de78a6e81cf2b50d92aac096359c554eb158718b
hprc4_L100000_2555	957654256aaece3db2e38eb377bc6d54d90fb097a5f428282efb41756bd6cc9f
hprc4_L100000_2556	0f7c5b607494632eaddbf07fd8d9bac4d66234a2714816efda18763ee383b3a2
hprc4_L100000_2557	2710539be4ed694d2563b530fb355a0d1d7720cc3e298aa3d7ee38ef2fb74294
hprc4_L100000_2558	6f29d03fadc754a7f8c30cb7f140593e55ea4273c4377ee3e443753b312943d6
hprc4_L100000_2559	40432c49d2099e30c30654ee3fff77cbb9666962005a18c6e1bfd5e7ea4a3107
hprc4_L100000_2560	71457a0bdf290fc2145bc9723b7d825fc495d60b8b8a4dfca725ebe7b47ada4d
hprc4_L100000_2561	ed0a1ca5e7a5c8b3fed5036b3d88e8a64ca8b0be4f708e8fe956c9a096614360
hprc4_L100000_2562	fca45b723543fc60cde8d8c59f6ea55eaa02ff65848a1557e74218e60915e8bb
hprc4_L100000_2563	cad209a3928f0b5126dd00052a160e1a4ccd9993027f211fe860050dba9d6cb4
hprc4_L100000_2564	1e2bbe48a03d05fa8f53b9f1220deab0cb994f7a5d76506e45290823218081c0
hprc4_L100000_2565	45a21e04a2b22ed54fbf024a8689fe10edd96ad41c388e327b15ec847a895284
hprc4_L100000_2566	bcbd1fed51eae32d5298db9d432f6c246b2fc9e1862f76f505815bf55a373e5c
hprc4_L100000_2567	773620c8a977f9b0ffc0a7e801ef6d8c8be2de8e15d92ec2bea8d97dd7ad4730
hprc4_L100000_2568	49cb3adc907617f0fcb9ad7377721010f49798dca865f0ff7be03a2f3e01d628
hprc4_L100000_2569	57fca81b950e0972353f1a29736c50bd5187cf683e26f3740bc130e23e7d113b
hprc4_L100000_2570	fb7235611b58a99d90e36c4726c4a27b946084adba6a89498fd94a7567a443c4
hprc4_L100000_2571	2dbae3309df2edb8d721d1b7aabd311118b090fb2c30edf779ea045c72fb55f9
hprc4_L100000_2572	0d0e8a65f9464e481f2272bd5bf03d5705f071d505256353f8c20a979149872c
hprc4_L100000_2573	04e2b34291331b13b73250091cafc51885ce3ea8cee3b8842965f6692f642568
hprc4_L100000_2574	29a7dcdfbe9f6f679a3ddfdd1d8871c5d1baba36cde2b46f262d2bac238dfe60
hprc4_L100000_2575	a057d68771aa7003cb7ca9e0fa7e493c15c20bdb51733d9ad46ac073bd548e43
hprc4_L100000_2576	c49b69ab25a9c2d6c289f7a623ff2cfef9815981ebe8583edd359a217efca694
hprc4_L100000_2577	784f0790d6eded84d03c3f59b20cbbb7759dbab15273f35e9696396effc68e7d
hprc4_L100000_2578	f9d0c9605ad1185d3c012196591c8c5ff71956545a53c38627713ffbcc5e3afc
hprc4_L100000_2579	6549ee886006ef54a6d322dd57e8b0ef02f1d4ce3a22727f290957ab614fc5c8
hprc4_L100000_2580	1e64639ab25cc81263416d2731c9c39dafe23dc470796431b348fd7f184351fd
hprc4_L100000_2581	84bafe328ae822e583752f4b5daccd6507e19c95c5026db2b05bda4e2bb67035
hprc4_L100000_2582	5cdab38ca69e226641e385e855a5990de8ab9450520fe4b6d4aeab92ad23f510
hprc4_L100000_2583	886e33cd93592c65118c32441274ee721c941c15bf382e35e923a36116649da4
hprc4_L100000_2584	c89553958467cca963c8c7fa84880efe59fdd7bb1b388fc3ca5edae56ca54bf4
hprc4_L100000_2585	b5f3419893ecbe396be94ece381d03dd5454378f69445cbc5b8983ad6fb4e868
hprc4_L100000_2586	3a1d675f42b61cd23a21277f7d13a58b08f36cb2f8d1746c47a5f5e76f6c1288
hprc4_L100000_2587	02bc92afe13c5aa45d699569f12be2cf84875e489fc41b6b8193513d3c93b6b1
hprc4_L100000_2588	70101dd47d76990be2d0b09b144b0d732cde198ac49a9e075026c88d2af69877
hprc4_L100000_2589	6eee631c3c1e7ad581f29e1c6f5b0ceb9cb6002ef1ba226a07742cc8ebcbc28a
hprc4_L100000_2590	3b513535b21fc998e7397b177930fc8e3804ffe1c4aa753f5aca9f7c947b1f5b
hprc4_L100000_2591	ba6977e1a0e37fae368a6781ba9ba2965a04c754c92e0234d9eeb90793f3e709
hprc4_L100000_2592	8525ac0843c69061ea1391e807b44af325c9ccec9a30eac4d46df6ed4eedc085
hprc4_L100000_2593	db237095790d815deeb5a7efca96f03bd3cf810017ab42b926bedaf2c29dce25
hprc4_L100000_2594	125ac4a17358a86c02e741ca7e890f1a21a60d0aeb5b624aff7582b74441d2e6
hprc4_L100000_2595	133ff1990320bc4117b3641e19af9630a41c251a078ddc30697719b008d6da9b
hprc4_L100000_2596	59112dceb90401130dae33ec7c02d889c648a3f20a02a9ec14cff235a56cc0b2
hprc4_L100000_2597	5fabe168118aece3ae921bf5b71e487372d759f78a409112afb77efe8efe2e6e
hprc4_L100000_2598	98b83b5ba33b89571a670dd369d59a9d8c7460fd5c9dc84076c8b0407677f1ea
hprc4_L100000_2599	371f14c147f39cbc7c52650fb9ab07b5599d448a234d9bf98f23843e3d8e5ab8
hprc4_L100000_2600	860685a8587f0c7c2ef59e0dcd53d4d00aabb4f9bccf0ce973317bd983f4a624
hprc4_L100000_2601	6d5fbe38f8d0f8e649e238f215bd6ff7b5fcc8a5dfa364d5d6ff41a22dc95af4
hprc4_L100000_2602	ef47635e34bc3f2868cf37c36fd2a5f6b41e81834f63311c305f8198a9a629b2
hprc4_L100000_2603	80f84d890d5f2e47d7eee9fead9037cf491f582a9dc09eff140a9a19cafb102a
hprc4_L100000_2604	87ad693325efa4752317c1e96862fbc524f82568b57845e50f99d9f62b2392a0
hprc4_L100000_2605	78e2b80f095ac84a16d01487992ef677b0e1dd1c388f779e49c4ebbc9714f3ad
hprc4_L100000_2606	3aa4678b4cc30e99b3f2ca5291d0bf3a460ed5243186af0d69d843fbd8b8e7af
hprc4_L100000_2607	c0427a54108fc767e20ff169d219c976d4efc5b374e641403572e106110dc2ab
hprc4_L100000_2608	2c063da1337b934ac24718800cba5ba6b43ba5a3b6cf1111d7b4f1ad4ff5018f
hprc4_L100000_2609	1c6bf04e464627e9d5671224329070a9c8d2b0be163e56258f3843ff53c75925
hprc4_L100000_2610	3a58122c8727c857c6f1f300693ab60d7c39961bbcad1dce1d0f1cba76de12eb
hprc4_L100000_2611	29566975cadf922f4d8c36a7bb35ecec10f362250a951b8a0a2ea78e6c35f5a2
hprc4_L100000_2612	8e7502096e6dcedce4315b73e106323e4d5f548a8bbb648a759b3499bcf1d055
hprc4_L100000_2613	9c4b40e49afc56d2ace0fea5e16b210416acc9efac0bf909620026a8bf64ca84
hprc4_L100000_2614	757a418ef55a47edc507767ba2715d614919503840db85d6c032f40c540de1d6
hprc4_L100000_2615	2b06563eb4bbd2d4f0f35ff7d289db60db0860161f2176d3df1c8c568e68fe64
hprc4_L100000_2616	870e9b05ab8e7173092a88cac22ebbfc53fd871740d6a5be0e00988fd8df59de
hprc4_L100000_2617	9794c373566a3c16832e9a6a9b72507423b512c2a185c81fb3489537b58515dd
hprc4_L100000_2618	ffd9003a2022c4baf925e5ee672a380a38e07aae3f09c1adba299aa6782126f7
hprc4_L100000_2619	2eef4357e5fabaf1e0a9b6bc9a8b57067369310ef2849377ca8edce88d28753b
hprc4_L100000_2620	d016f960200cdbff00b5dbe232806200f51a642afbb030dc4cbd063a1a3cf95f
hprc4_L100000_2621	a8406db26ce2a64a6645ab455fb2776ea2bf9111850ff5e011405524eba016ec
hprc4_L100000_2622	10fa9d37d75d8a884d923885644551eb17b663a2076be4945d91f55a65414f09
hprc4_L100000_2623	e11b844c4383be91f3270b82e6c0e80d783db0d7294e341c1c9d544dd9ea7f3a
hprc4_L100000_2624	dc7168bdf24520be277249103c063069550e9fc22be87d514ef23fc2270e7082
hprc4_L100000_2625	e4714e08e2cb4e9c80ffb69da34b4fb619dd4094db1eab519a86b202ebd4265e
hprc4_L100000_2626	624e3474df5b09f97b32dd31c60542e5361ff11fd99a251b572f342162a993c5
hprc4_L100000_2627	fba1c8944a2c6172affcc421613dc38be09d40a61394aa40794e805c1ef9890a
hprc4_L100000_2628	a8404eae8783cdc736f6127c4c1c5ef79c38f9694c731b405c780ad1ea3d0047
hprc4_L100000_2629	b935a1fb89f5a4e069eb62ce57108faece5e73a64c32e05785e21e794bd5d06d
hprc4_L100000_2630	464bfdc1e67b499c553ee31429c972de1e98088298ff697fb6d8197739db6fb1
hprc4_L100000_2631	57fb435b5961c82c25c1cf2eaaa3902c711c9bbda58296a4a458e9dc8ff34018
hprc4_L100000_2632	f340a787cb7d9066d8619526320598ed9e670365934cfaba98aeee1297c8614d
hprc4_L100000_2633	1d6beec4c40244614c043e08df97548e87861c7b6d29688de71e4b03e48ad8d0
hprc4_L100000_2634	6c516ffd58c13516efde6292f3cf0ad0eb56e2ff40097e8fb97b32492f03753a
hprc4_L100000_2635	d01d900f27ced1dc4230a3a211d4e988ad854365f5e53dd9cfafb16931e9aa61
hprc4_L100000_2636	4135c528d524e78e03ab3a0478efaa7a47099b63ccbad0308b1e56f2ef1b4372
hprc4_L100000_2637	1c4a9030393fb44ca8b08f12906637318a72d8a01cfecf87348180d46dafc63c
hprc4_L100000_2638	a528db8c4df82de3e72f183875133ad380a71d9f64a5080a7fc280af141a5277
hprc4_L100000_2639	1fe3b4fa230bda3c8bb432beb6f210e5eb72f5de150151b69cf145aa831c79a6
hprc4_L100000_2640	d5b9400243fc88866aa5205023b201a565a43607120c9a5c55f88e59d420d5f0
hprc4_L100000_2641	1a613a3a298cb87e25dd9772e0ae7e7030adc9b7b5d619729a0eeb2137f6cf13
hprc4_L100000_2642	c6ff5eb86efbeb23a9063407f1ed16a4608c14e6cc36fa14a933364f1f7007c7
hprc4_L100000_2643	d50a17b2cb755459288c880d10d90ba17f4cff997e8eb68629f3e5887692042c
hprc4_L100000_2644	02a1c8a9c3ed808f50b8bab7535f047dd75658f2e88df5c47fdb949c377de969
hprc4_L100000_2645	69ac41e146b289f5a487ae3190e10a4e595947df6cdf8e6f16564885c6d155f1
hprc4_L100000_2646	d2d6653c8823f11c0c8ccbc61e1ef1e19d2b2b5ca001c1741785a658367e1edf
hprc4_L100000_2647	7ff806e6bfc3f8467eea1eee5c6eb35563fa0ee4442e4d5466b85d65e3ebb33f
hprc4_L100000_2648	16366c75d89f9508a871604faa3967214b9c17a0dc54be3ee4f4830afda4bf6e
hprc4_L100000_2649	ff7e91dc711575e2d9a8c8e0d210ab64e81b7cad7fc89cece72c0cc23178a4ac
hprc4_L100000_2650	bc9060640ea45851ff2e2208b3036190ae2faacb988015670de5a70f47652fec
hprc4_L100000_2651	fc48c3b0208f61f934ce46f9940e3f76a4c0cd999cff0d929ade7ff08255def8
hprc4_L100000_2652	2f9565e549ddc88fb885f3e7b46460ccbdb2909267b6085c3ef283447b9b93f9
hprc4_L100000_2653	1b6c68b6a7e3e8c4ee1a1c012069315e5a8694182b78cc390584cc8481e87284
hprc4_L100000_2654	8d6e06e446b6c999c1f1501ed10ec64973817bdcf61f81c6d9fdd599897090c4
hprc4_L100000_2655	587a7b527397ed2e5c82184135add3c65313b7bd6ae0248fc8c46ae74d81b375
hprc4_L100000_2656	3f15cd86e40cd95386b87048b2f9eff6244454406ba7ed18bdc5fbfde63714d3
hprc4_L100000_2657	f9ae015ef8cf126d542640978f9e737338fba5cc5acfc65a61bb8ad05b53a488
hprc4_L100000_2658	d1b22404db67c08f61604390246427bb5dbb414b83fe43c6a1de38e78ec53457
hprc4_L100000_2659	aedcfb24f606b0b8144cd49c79bb23113be384ea56e50426f58470d98c4e2609
hprc4_L100000_2660	7e35f0e9b4593582588626731cbd83e5959f89fef2a90e1fb8aef5ee43dd6337
hprc4_L100000_2661	c33f72dca087ae9411def05670a1c676a0202566fef9182c7d5c381c68f6c9e7
hprc4_L100000_2662	aa5645a41d349259554b21a60b24bfc9977fb5e88c83cdc475435a2e2246dbbb
hprc4_L100000_2663	92d345b09625f3d3cea519d1189f608e6f65370e48fb31cbda46da55841baed7
hprc4_L100000_2664	4a8c5f6a809fed57ef880dce34bee9d9ede794ef9afa38359e2a2bf3c7d07963
hprc4_L100000_2665	bb6dc118ee50328361aa3d0c04300cd54573b1985da5a5f34a662acd4c3d406f
hprc4_L100000_2666	1636f3bd37c1ec8a1af54257b1602c3e6c76b89b2e4ea3354949055dac88786b
hprc4_L100000_2667	b58bfd29b1a4aab06ac8bb37b633afb8bd7e8d864d350a22b17c8555a3faaa6c
hprc4_L100000_2668	ee1e72afe926aa2e87913af93511faecbb0a908463b0068662a19937a3bc507d
hprc4_L100000_2669	4cdae5da3620ee8922e80393248c57e970f09a6a6ecf2daf9a6bdf9fa1b178e8
hprc4_L100000_2670	2b69a1a1cbd1c4bfa66c47351a163276f9c4fcadf91fdba6e9060a008966669d
hprc4_L100000_2671	a89a0536340f69aa1c7f5a9c00001474a0e032d5a841d4bdc5d0abb4d36d360c
hprc4_L100000_2672	c9f107b93df8ebc8f912f24ad4dafbfbb70de0871b0522263947e29505bcbbb4
hprc4_L100000_2673	725e6ba7f0cb14edf8e75eb2dc012879a768c52e5d48b8ecf6fa664dbb3ba3f6
hprc4_L100000_2674	7fdbd868c0ce35f26304475cc5b4e62792dc5ea89b78c8f247d81fec0c1db485
hprc4_L100000_2675	b3c5b678f9e78936a50266e0e1fcf40dd798b2ff602617f252b4fe8e32367f69
hprc4_L100000_2676	662c1482b025983b89ba07842e58b6b6585f9a5079eb1cfdc058b634504019c5
hprc4_L100000_2677	c22fe55745447688f3af5bfbc5297f0278d89b5bbc73964072a50225ebe6530d
hprc4_L100000_2678	2abaae692d64df86d6b3b326212049747eddb6e28c2050b6a5a3d08d9d428c24
hprc4_L100000_2679	8018450619f58b765953882607e42de551dfab9945e6b836e7c1f8d71e3a07ea
hprc4_L100000_2680	5e99a13cc1f4f9eac1f5ae76ab17b529a5f464449d028fecc5d813180add559a
hprc4_L100000_2681	755b20799eee0e1aead6ecaeb5fba5bbd71e4f5620dad28b2390de0c22a4b57e
hprc4_L100000_2682	198d0b9c28e0575ad888fa1be8f15811d984c774615225d9c17273fd70664704
hprc4_L100000_2683	edac92d80786e9a84960eff60a267da155da687acd761d70cc57087820fb352b
hprc4_L100000_2684	4144550a83c2940aa301c544ad2064da78ad4df966dc156682ca2c0e907c2b67
hprc4_L100000_2685	0383fc273f8d66b4ebc6015216f150658f1fffa80ce09a29cba87e99bfef3ed7
hprc4_L100000_2686	adf46fa5a679482f4dcec90c4ef648c08b4108d46f372847708506e54774ec84
hprc4_L100000_2687	d8e799fb276aa25ac25db5b5a7ea9cda117eb5195005bd109aeffc7578bf6f55
hprc4_L100000_2688	81d55f823c4601b3a7c76afef0134453c544efa68c67eae61d463031ac45634e
hprc4_L100000_2689	943b1763a07f18bc3572c4ee4d49d40017ddca74634346aba6ceca8ee8cf778a
hprc4_L100000_2690	a86d636c6d7a81a7b72a942175f3d4289361dbc8072affc571fbddcfb243dcdc
hprc4_L100000_2691	14e156dfd03a06fdfcd2979822cee294852cc602dd79f04bf1026f46f90f8a65
hprc4_L100000_2692	ff5afc58ee167f98577bec0f277b081fb3bad89396bb7fc2df1bfae582991ed7
hprc4_L100000_2693	f35627461f66f3a3da3a1a397dd70a3acbdac3e1a25f0a1d3e8954213fc6db60
hprc4_L100000_2694	3037563d51ff88f135fe33669b00c051ef997309d685ffd440e5d4e2798681c9
hprc4_L100000_2695	1cc294bef0df8aa1bed8d8e1fcd9aae5ac9fddaf76c08e2d7695bfb3460c55ff
hprc4_L100000_2696	6847098cb6b6523cd809155f716d0c77cac5a7dd921a40cd209c098c950d6550
hprc4_L100000_2697	9a438a786a691ea1cf9aa101c5c7e6a50b677b49655ab2434881d67c41884cc7
hprc4_L100000_2698	30cc582150a1c84f46f913f6f4d68b2fd631e0a64ebdf4a2123573f4a9c88e52
hprc4_L100000_2699	4454206d7e70a500c03910729c80328bb1e1bae4598b14252ac03768bde6853a
hprc4_L100000_2700	d9c355bfabc626146ec8496514f73ffdc47d53d54f4898e9898939caf69a6155
hprc4_L100000_2701	d1a3b2779f0972505adb39c228f13733d6f93b463670a05816d142ce84031d46
hprc4_L100000_2702	b3d285f72b7e424c867f8cb5ad14fc0326a67fc17ebb86f5fb0bfaa9b505330b
hprc4_L100000_2703	c6b3dee28df6d7ee7a2fe73d3f955619d5687b2e4dc0c610d470fff01a660fff
hprc4_L100000_2704	c7fa242762f5f52e9bbb9075645637c59535e0a0b2565f398edfece35028a5a2
hprc4_L100000_2705	ca3ceeb0a0365e555aa60a23bc5a84d750d30ef88772e0a66fcf68eee52957cc
hprc4_L100000_2706	5dc1717147d492b4d436c91a9261fa2fd5a94dc1521ba33cb17486f4ce434185
hprc4_L100000_2707	9f3fcc780d2dd5de2af77c59820e89682be83efab21b0f78803c3c340db4e622
hprc4_L100000_2708	fe772d7f08af14915a8d15af4abf6fb8c794ff1a8f747d7ecc859e5eddcb1311
hprc4_L100000_2709	d501a12ac927131c522b9456213ce9129bfd7ffc10e2b21366604900e2c5450c
hprc4_L100000_2710	f11b266ac1bf5c20f0d2f73975c638649122b68519a26bac1f21deedc76f48b8
hprc4_L100000_2711	05ca1d9f1edda4bdc1d2767d96572b4ac8699bf5462b3c8f0243177b9c1b85a4
hprc4_L100000_2712	73c5b5e1db75500f1bc37b6be850813f4dd5a9d63c92c0f34094c0c377d3fe93
hprc4_L100000_2713	a3f8bf7512ac1fed92c1fd9bd475fc2cc62ed003f6d1c5a6f3232feee729f22c
hprc4_L100000_2714	90165fe56e7e0667b24d67411a15c728c5450415256195b1555258a50371074e
hprc4_L100000_2715	f667807d194f97b47680d35b44f578935bac118294933d78ebc4fbfad00d5089
hprc4_L100000_2716	c100c999a0262faff7e31bcec7380aa23bf0ec4966fc7031317f60d97ec65334
hprc4_L100000_2717	5c27abc6de65165837339ba71ec3adc37f53da73fc920d12ea7f9c6247a7b1d9
hprc4_L100000_2718	b195336693f4eba0d45f8609fe400bb1ed12046e8cc39b481f40f2ce2685ce69
hprc4_L100000_2719	198fedc60c712a1cbb70d48ddb5b3c66b7eb8df7bb2b0d6ef4648d9584bd0fe5
hprc4_L100000_2720	4af768ecf8c6960de23743dc4e0ffe0583d390ff6ccc629a4d3af3e5f977953f
hprc4_L100000_2721	6dabc6c838b0757afa96360e9d1860a39ca65182cc29b10da86f9a0779c88b23
hprc4_L100000_2722	3df00220c0b5a0a1f25a71bf4e962b9b2d6f59084efeba529993a14850335d1b
hprc4_L100000_2723	6ee789c34796269eeab8cb51c5f6fadb3f73e74de2af8f5821fda5bb54588874
hprc4_L100000_2724	3e048f9a985194cf4e88511512a7c7e17ba58dabcaa61e173e120032373dc485
hprc4_L100000_2725	25af2fc50b00e4853abde27085f1c59ac0a67bd0e70312a87683c6e01c5bc6f5
hprc4_L100000_2726	b19126fdfb8ea829ca6f69b7368b8da5917157592600c84da99907b3d29ad98e
hprc4_L100000_2727	fa2fdccfe67c36197b5241f0a2eb4198b00730ab9110466df09803071dca66f3
hprc4_L100000_2728	c01e85926f0f89cf87f780f79df0b44e6001f8adaf087abae2e567cede56409a
hprc4_L100000_2729	cd633a8a69a90a788076222f600578d8ee8359950b235adb277fb785cca93b63
hprc4_L100000_2730	159268ef05a8b33e1ff674b17675cbd3d287c8f4ef372037b0028324b6e9432f
hprc4_L100000_2731	1ee733c8b4bfcea9f76604b42d7c8fab78ee8a9d682362adfde88bef42c9c11b
hprc4_L100000_2732	c46dc7524de4fdc0c954be6d8485c9fba564541b8eec2bfa6b25970d2cf08024
hprc4_L100000_2733	748827bd8734bb509a509581e69e62197daddd1020c6e4d5372ae355c181dad5
hprc4_L100000_2734	1519e18510a5988f09dd0ffd9bd992c18123c2c9ae68b308712d20e9de99668e
hprc4_L100000_2735	3f93937d9abc7b983e941bb778b656ed84fced477a72d91c08e72b974e394a61
hprc4_L100000_2736	db9f4a46ca4d67792c4e9d23125c5da4da4731ee798c351c48d87f0851ae4ab3
hprc4_L100000_2737	16c723e3041e0ba41780791a31d796697f9202d2de60fd085b0c9d61df92130c
hprc4_L100000_2738	c0244a4e0f13441ec58c7b0c57682f6130a133a0d9242a86ea4f82dc8a523c1d
hprc4_L100000_2739	d9468cbab3eff1cb8f014b3104973f7028bfe41ff8dc6f5931f40e9139aed339
hprc4_L100000_2740	dab03c5634f5daaa14750af1e74be07b363cf074aa82df20706b6561e487a4be
hprc4_L100000_2741	e58122f10afb0a1bad50d92e9aca135b34969bd75de73ad43a9f6d7f54c70800
hprc4_L100000_2742	a6263e44555f033f1a7e0ffed74dba71f1de01742011645f4354da31c6b12b52
hprc4_L100000_2743	bb0a01044878722f2b6f6513b0404bf4e0d13d82f322a6666cd533d51d033bb7
hprc4_L100000_2744	0c8f51e672718a30628d27429bb79fe4d7fa8598e117449eb4495c9df436dfb1
hprc4_L100000_2745	3ffa28ebcc8a682aee8a60da681c855c7cb65f9c6313b22f844cc86e7cb1f718
hprc4_L100000_2746	dc2e9ec511beaa46f175d304f068116ed99d6c8a742b61e6f1e40c369d0b6c4a
hprc4_L100000_2747	227ab2cf057b8a32942b992ef8bed8a6bf2d158955e9f9ff12ce4cbed1961dd0
hprc4_L100000_2748	c4dba669a2a48ecf2efda60186795f9be0514caca446c4fe8293ef6dae1eb0c3
hprc4_L100000_2749	4b1b94ae2bddd1f7a0358e0bbf867c50e137ba33b66b1c26aac2bb69d0ff45ae
hprc4_L100000_2750	176738972889b47158bba7d0b960c8718cbfbaa9bd1d1d6d1f2dff2b47d59ff1
hprc4_L100000_2751	838dba988a8f9cdb41a3e3c236b8d759b684413dac39150e64a748a08ba0946a
hprc4_L100000_2752	07c52268dac532c6cdc6c131079f63a3ff2ff00142d50c2a8c1f56819d84b1f3
hprc4_L100000_2753	e616208488e2681d177410763ae20a8e66f8585a7f2c4c7867ffd79ad378cfda
hprc4_L100000_2754	4b35c439b0cf93e65c4e66fd78f9aa2a930f8b37c7bb9446481a7368652fa402
hprc4_L100000_2755	213260e38c04ab13dd427bd0208e27cb4dd7320321304aeda21eb6ceb2f1567e
hprc4_L100000_2756	5b45df4e33cbd2da6ac9fd2dab7fbce8869aa033143534b1f64bf97541587d5d
hprc4_L100000_2757	5602c0f1750e0512c67571bea187cc499986bd776eaf14ff309cf1463070e346
hprc4_L100000_2758	fe16b7984b8b1c1c48ee4a5c440edc55a44f1b8a3939bba4f184935b9df9138a
hprc4_L100000_2759	2fff27ca667412c021bc4a195df4d154222e8be88e43729c03acb0c77c54049e
hprc4_L100000_2760	8e69076633e9a5c5c319f92ec16016a0c867ff38cefbaf346afd9f2ce53e3c52
hprc4_L100000_2761	17b46bec78b1ccf036da05abea03c624503b73476a57eb51ecb1b86a562a2120
hprc4_L100000_2762	c80cd48b3a214d836a51895daa3866efccb31e74d5f5d316b0cb3dec15ffb664
hprc4_L100000_2763	3dc48f81d3dccafe95caec5ed5be898f9d2a5ef2855da78defee0dd6831f46c9
hprc4_L100000_2764	34e981011a0e379acc855614172314dd66d74288ec4c2dde29d9ca306743a9eb
hprc4_L100000_2765	90eb8844ca2c05c22b39875e7b56c413fe955e2ebc73d1c474990381e8d4231e
hprc4_L100000_2766	6111f71d1dd762f867810790b21533b631fca672476d7e881fd0fe5acc9acd78
hprc4_L100000_2767	c681cc60b46ab6c1d85a0266dad2406bf408c0089999f597c6a5ff00ccb16285
hprc4_L100000_2768	81d8f4f6eb126157c590736d25f33040d03bf76db902abb1f049d2b445e8e91d
hprc4_L100000_2769	7e26bc4c2b9189ac41f1848cce6004febbc0f24f90062b0509a873c60ff6b722
hprc4_L100000_2770	8573e682402f8619bb83c2585341922ae2796526a77ef0d3084c236e0cabb5ec
hprc4_L100000_2771	05ec01f8e350f7d104ee90fe801e33547f83adef9a4593fc32eb4049c81e89c9
hprc4_L100000_2772	d6151c6b20283cfd702f4387489b7510daff4a56df83ef4c2752b94032af49bc
hprc4_L100000_2773	aa8ac31c585f08d1d02c4b2175180c32eb3c13ab6bcab17bc7caec42e6473f6a
hprc4_L100000_2774	299ef12b991680fe7349f69260d2bcf9415580ef4e756a9455acaa726dceb28a
hprc4_L100000_2775	be0e786110acd87619619f44d18b61d871e569af974f91a5a13278407883ab7a
hprc4_L100000_2776	ded1e2f2760110f671f9f1a52279846d53cd8faecd1d618d39eeb44370adcd20
hprc4_L100000_2777	334b3a32d8bfa91c6038a63045acea6519042bb06618aa35d1fef39612b1db19
hprc4_L100000_2778	cb5c5f9b857549212ca22f86661fb8cdf4f3d3bdb0b459b787e751508e09a2e5
hprc4_L100000_2779	bca94776fd08826cdf82de42f380ec146c039b2cba32654a44cc7890f70ef4da
hprc4_L100000_2780	cbe36c1077c8492ddcd4c4c173468c8b22604c121c08b2d2ab8be84d5203cf0a
hprc4_L100000_2781	e4feb2f3ae4b5beec653240cddd0683b758bfb880c43eee1abd4d024cd56069e
hprc4_L100000_2782	6d7d14b0a4560c425b338adc7c06ddcf8aa76b27bd2beff816af547a106b2c9c
hprc4_L100000_2783	68377e0ce6dd7af75dc1698d76181fd7c0509ccdb32bc809642b33b99bef3251
hprc4_L100000_2784	78b8440ac3e492c85f3d4c7b92eac38da1c6be6d8b9e27fee274d796dd8f8611
hprc4_L100000_2785	6018e5abfe336358ae0816405bf1405be6185f4da3fcbce25cf1ffd98cf91de7
hprc4_L100000_2786	d5ab553b9a1fad5838c9d17efb27ea40cd0e733efb5f4e26631e4fb0c5509c4d
hprc4_L100000_2787	ea85553e2565d6e2608abb7148169bf06ca7099c7e294822f8c73acddb6fdc80
hprc4_L100000_2788	7d94febb7b91c62b6c67f3a01dc58c9e10a0ba5ac2023fc36aea125ddc1effab
hprc4_L100000_2789	ab053e91d967234f2e195ee0dd7f0d0966d2bdf65f6b57ff3ad20d6604597e72
hprc4_L100000_2790	3d97be4574cdc4acc7aad147597307671bd3510cdc91d665ca89898cbef35b95
hprc4_L100000_2791	d5adb3791bdb0c118f75e33b2fb63b109dfd6e2bee485b9d38bab0039d370374
hprc4_L100000_2792	4075b29d084f79fee0b0d04480fa93e971ef7c2b6f8b8da36e0c4027150d65ce
hprc4_L100000_2793	54b3ffd6814ab5747e206feb09c593ad80206aacc34233d5ed0b5eb4d64491d6
hprc4_L100000_2794	a5eaa51d316ddfc366101965b2004454f092274d30f43a914abdf0c8d16558e4
hprc4_L100000_2795	6ff71cb31fdd6ed22202c95975baf4ffba54e298eaf3049b2e29ae6a6ac9500a
hprc4_L100000_2796	2fa339fc3117e84db10bbea961989b16abbe5ee1c10fc999f5d6c7e405a672a5
hprc4_L100000_2797	f52a7af5d3f6dee3f080461d93ec857635e929d2c23e71a4b5e1f08b7ee4b879
hprc4_L100000_2798	599d05eaacd587f026eca5288d5ad8b09992e77e4cb9611f59b9690b8f46a233
hprc4_L100000_2799	354969b16f50539250faeb5bf8f4106ce6e0db13826674dfa0b3f068b6b11848
hprc4_L100000_2800	bcf3b66309b1d4e193e72a2340a8ea2f166fa3b3766379d729d035161a2ff558
hprc4_L100000_2801	ee683c6376d4a69f967c01bf56bc1c471a9bee3f5b3f06703166e0c019cb7b50
hprc4_L100000_2802	cfcf8599d692658401c62b34e92ab58d5731b7704fa4efe07d70314deb149201
hprc4_L100000_2803	54dc2fe22ee66b61bceffd63aab09ca9cfdc13bea530a4934789b3c5652c48dd
hprc4_L100000_2804	2e13c24cdebe17ef2024b06cfe5a128b4efbfba3feda1584f916b280c5c52170
hprc4_L100000_2805	b6f1335039373dc0210ebf4e72bbc96425427ffa98ebd1005239f9e02882db4c
hprc4_L100000_2806	d41b4033dbd681ba4c87c3a35c43a9f40449521498701482cc9268a89c6e6b07
hprc4_L100000_2807	5ffa690ca600a5b13faa1a248f0c0648abe3313aa4f9e2fa9b56c9bf7369cdbd
hprc4_L100000_2808	c144bc0f252c03d428c1ccfbfa7170437bfb6adf0990819aac3fe21ba487ec91
hprc4_L100000_2809	8928e124d2949a1817266ada446cceaedaeaf5a7da58ce41e7dcaf8454bfa4b5
hprc4_L100000_2810	291736868aa548ecdc6aa2270c31d41dce31550cbf08a3a71111ac26fd023ef2
hprc4_L100000_2811	a12a20608c44ab2b11a905c99a8d34c04eb2359c7342b1f250d52fd6abdc76b8
hprc4_L100000_2812	8244810e0450572f022cb4b0c6094e8ce5008b1cbcdd16ca5bc6852b0e73135b
hprc4_L100000_2813	c338e42d946f4f9968ab78930564e775c6cd129e79bd8e924fd9cb45ff5fb362
hprc4_L100000_2814	743df78347fd39b4e696f225d8093299feb4f4ecb493031382db15d2f75b5229
hprc4_L100000_2815	8826786470d237238b88bb79d94c5747f75d117f9428d1d09a1dd9856f5b7679
hprc4_L100000_2816	2a7d70c5bc92021603af9616e08efa7291263c163b63565a5c275470c582274f
hprc4_L100000_2817	93951761889dbc7e276db28cf8f131c1a5f6ae55c8aa689c97153da856b20d8a
hprc4_L100000_2818	ac6a0e9700898850cd8674428c832fc80b414bd8de4bfb684dfc4a200ae00b8f
hprc4_L100000_2819	3010749aa1c78556940332c3c0e3da716989619fb1e565b60c42eae5fd0bcbb2
hprc4_L100000_2820	9c4d90b2f7fc07fa06c35a10a97dbb8d65c147754de9f68a84548fb1753801fa
hprc4_L100000_2821	c04ff49a12f1ab61873a902189fca034ae5426e984732aaf6060e0d046d4978b
hprc4_L100000_2822	5235972b331e7faf41e1f4471077393b5b20a2b8dbfb3ffbd4cf9aa448c9a64c
hprc4_L100000_2823	695ea093baa10454f199bb1e3fef01ca194f2fe2019a42ef64f0bf5d3989c6af
hprc4_L100000_2824	d389c65af38e7fa8a15996a755a5d94dd956f192e309a58a97fb7664232d5805
hprc4_L100000_2825	3db51690d5905fa644b209e3a38e7fe6e23723f12922ea46334c28a4b38e6751
hprc4_L100000_2826	6ed8cddd8ee452b0777ede5c1fe6463d398b0f2b7e624b3547d2bab4b097ee4a
hprc4_L100000_2827	80af8b75ac29bd814739a3cca71dbfda3b5f4b571b4897829f45997031d9494a
hprc4_L100000_2828	3ef536dcb0d8e3d7d8ae05754d58df0abe8475c3f3f2485eefeb566c041de435
hprc4_L100000_2829	a88e85c0ffcd84247fc3cb27235d984ab836ccccf4a5156b10faed36450d54e1
hprc4_L100000_2830	18da334c3e46b79730a36ba2a43fcee6c9cbf5193dcaa00bfbbf169bbae4992a
hprc4_L100000_2831	dcee25e1848df8343c63af39de0c83d5f96796917adfdc039533cd249562594c
hprc4_L100000_2832	e99b9fcffb589ec47a239d0fdb129eda5cf04c4f96b5b497822c494c2e944f3c
hprc4_L100000_2833	c4e0d65896583aad2c0ef19b90c3777f5c40e2a499676cda885c8eb796574152
hprc4_L100000_2834	b6d2e2a042d2fb89b2ba6748fa0b735b73ae1ce30cf1fc98979ba4e2b02191d5
hprc4_L100000_2835	7a9eebc33d2f306684e58f81274ea049e310ae6df5621d9e5b1b656b344a42e4
hprc4_L100000_2836	178f16225a2ca79b87f2a656e258defa20ff29e4aeecded76e53756b72a5e6c8
hprc4_L100000_2837	68a72a09b4d01b7a74295d5de98988959b30826a4ddfee4dddd6ea2442b65ed2
hprc4_L100000_2838	163ec76265075c6e1c1b60be70b3d4fccbc855c16c8feb63cf4c40f06a5f5677
hprc4_L100000_2839	35d29b59190589d468cdf33bbc0005758a00fc099e0c8494880e5ad85ce017ed
hprc4_L100000_2840	72644a4ac13af36833139c5a410a38bfc12d0a5b7fff694a648de0adfb233a1c
hprc4_L100000_2841	538f2275cb638984d7a76d781e92df00e5761b3f98e2275945fb17c383a790b8
hprc4_L100000_2842	fff21515b52b8ee369f387c6e5b6bf58795d578bad45c22cb3fe896e18efcbad
hprc4_L100000_2843	db0874aaf88bf89715447c3e908dcfef3cabd1717b8880e22bcd0e7100e3764d
hprc4_L100000_2844	fadbd35c6330be6566bc2c0a3fb17122347638fcc85822afe39354482df09677
hprc4_L100000_2845	cb1f72cc6c42a3ca3046c26a57c12696f5dc7e4d8d381768f048e79d7125307c
hprc4_L100000_2846	1e801997691b33b2d934428a55610a68f99f73b0be7f903ad4a4719eff4811c7
hprc4_L100000_2847	fdcd17fcbf04037d30a19ef8e148793fa9fd0e815b814b6eee388724048ba58e
hprc4_L100000_2848	7629b6bb14fa242bb10ce5929281d6b7c7eb3bb3cfbbf33b80ef77ca0db65d82
hprc4_L100000_2849	2755b63e2e47e39aa4a38263a5390a77fa1554bc7d28344a3042e4e989c43be0
hprc4_L100000_2850	e9f3a5de9e480489b307cbe4c5d7305f275bf85cf579d6b32910dc6af259d1fa
hprc4_L100000_2851	7c814d4295b41cdeef2ddfa4b8f8b8920a39d35045fdf238e1a2c9d038db97cc
hprc4_L100000_2852	40f3129177f0bf9915f5621d83486f5c8d24dc56ed9a469837132fde36c5d448
hprc4_L100000_2853	e5255dc061baa3d243fab68afc029b8dfe84612ca211a951b2a932dc3b0e1ec7
hprc4_L100000_2854	1a47d67bcfbeca00b99f7089d60348ec9f5cf07a1f9c4ef315abe883b9d57c3f
hprc4_L100000_2855	c95a01fb86e3b506dd803e97ce76c69b7b484f10c06b7d299bb4d36784b73e91
hprc4_L100000_2856	8a219f6269a3cc4634da68c677ce5896c5d3a3d3cc0f5fd9ca0d1598b088ca74
hprc4_L100000_2857	da7fbdd4537cf8cdbc3dfac48678caecdbc547948fcafa94a24a2936ddd50f8f
hprc4_L100000_2858	54af4c659d4e148b183fb9aa314e191acd9b18f21a492bee07860b744abe7448
hprc4_L100000_2859	08a60773c04b4dccc195d65c37d470ab88e9a12afddbadbede36a41c95f97fe4
hprc4_L100000_2860	41398b0321214ade7d2e07fe26dea3300f6b8a13e32b9ff4ac3b59d0c67ab7a9
hprc4_L100000_2861	01356699a33db979e5a23d2baaa7f3531d70d68a44c4ce6690dbb0b60c281505
hprc4_L100000_2862	7d7cc01fe199e75892a449dcc61d96e8d7e33ad82b62897ed9cc3f6cc2e22de1
hprc4_L100000_2863	f13ba330796d06ec09199aa397a6fb7abfa7bbd266da534eb95f036b8a41c2f6
hprc4_L100000_2864	5c7735a646168aeed8814d265239c60f680b13395e5f1c16c451981a3fd242c0
hprc4_L100000_2865	05009d6caef3f2728504b4b8e994f3710ec01668d09d848bb65d8c7de4adb1d4
hprc4_L100000_2866	4c8f82cd64c8958a9abc70bbdf83a034921dbb577f347b02ca06e83b25a4bab0
hprc4_L100000_2867	b35ea7bebcdfdb492d92acc50425dcd60f705d4faa1aefbad8f45eed20612535
hprc4_L100000_2868	a31e22aaf27cb2267bb7f2f2661804a6b0d3383d3c42bafeb3359fa003fc4efa
hprc4_L100000_2869	e61a10bdbba3a15d4d2e2c8c6ceb57196aeac85ff6f68005b1532b85c48befd7
hprc4_L100000_2870	d0b22ef8ed3b8562ecb9882343319bbd8ae468d09e3c63285de91299b3df1b96
hprc4_L100000_2871	66e44de78fe391aa9239d74529095fd6e8c6d217371b031e36a7ce3fe1a9033f
hprc4_L100000_2872	3464eb558c4c1dac05bb67dbaaa2e80fd26aa0740cdcc7d898d0527d628c2255
hprc4_L100000_2873	c4f163696c2691e0976bed29f1addc4e8820f66f50cfe28e0639a5aba97a3004
hprc4_L100000_2874	2a08812a2db9e0ae98ed50669baade7bbd4d210080250e823c5fc866674b8ad2
hprc4_L100000_2875	a94c03c5b4e2ce01f9b8a0b978b4cc948c9266d4d5135d9d54bd3c89d3c6a832
hprc4_L100000_2876	398082f6d234373c8488348751fa997f18a7bceca2a492a198502ba7c4c96414
hprc4_L100000_2877	ba9cf96d98aa75b473bdebed9f2948a06cd5b4c3ce50dc9d3268e9268c0d2036
hprc4_L100000_2878	832da1fe7e5f173993e9422ba3255b72fe3c09cb8b9890d12d1150ad57732bcc
hprc4_L100000_2879	f833ae8b3d4208306f484d35ed76d0d88372f53e52fadcdf4f5db48ae9cc3320
hprc4_L100000_2880	982e9f085efbad548d73f3c214255ffcbdeb735c4f3a56535f3a14ba19c16d89
hprc4_L100000_2881	126c38a2fb06bff263241f9293fdfa8f7d033b6ee9c427b03fe3880fbd6720e1
hprc4_L100000_2882	735c0313b838bc4a6f9c1be94ea0db38b393340e6cbd1ed1932df7712600e010
hprc4_L100000_2883	820d4e2311ae61b282eec44ae57bef84c927412ff6dca6342fa7f63dcc285e16
hprc4_L100000_2884	853287890e7899ff68064e415aed71509178513c5a4bbec10d3b8cf0484c819e
hprc4_L100000_2885	d8e1fbda5476308cc41e0158de1df9dde574d8dc15b2aa48746e41a042082628
hprc4_L100000_2886	d7e250f89035850b50ffa3e6c1246404207cdd09af6d040c3ccf226233955d66
hprc4_L100000_2887	77235337153618390e4574a7d5ab0df7890ea68f567b5d8733d765ffda4ef585
hprc4_L100000_2888	83fee6efd0c9fded4966a43feffb9fc17d0aa8bdf6129aa5a1c6a069b64e3bfd
hprc4_L100000_2889	52c6029f49ecb7858e964f5e921a0e57fdcb8c64f3cc41a1939d5d7912fc8e56
hprc4_L100000_2890	0ae139484e45517d4bd795fb0e747da66160f13424638e9ddea391a866f42bb4
hprc4_L100000_2891	282149deb9d7b622e373bfb9390541ab9a4ea86ee7d9ef065553619c7749dd46
hprc4_L100000_2892	18f6726ea2f14a666ab27221c7ab25a81fcf7ffb36a28043d9cd7b04fe79649b
hprc4_L100000_2893	ba5bcbe3d8629d27642bc79518b497e81de75c1b00d354b764885cafdadec770
hprc4_L100000_2894	92d23f24635d6f7b872a52b0644049ac58ebeb0be4e1b6e6233bfac2f0acabc1
hprc4_L100000_2895	6218294f274192e4648c6d3f44e94dedfbad2e9b229ecde604c3112ee19bcf6d
hprc4_L100000_2896	a8de11dec18141e1da548207b0c979444630c2cbefb78e8f6b38ecdb011618ca
hprc4_L100000_2897	6bba7e6d8274c529e295ba362f83dc4d5378e624a8b88f032896a636b04d4084
hprc4_L100000_2898	3122b648fbdbe64d8c462a7a43ab9d0fa279d3c05fe4ccce2212f98681f0c23b
hprc4_L100000_2899	c08965b7cffbefcd0b133059f5af21d72ce1a4a56d37eb234f90ce70d75c37e1
hprc4_L100000_2900	24ee2ffd4f9379e9dcc21bf212cb998611a1492c7bf532ad99986f4077fdf23b
hprc4_L100000_2901	cc702906c13af728143f9f4ff6477f106858434e4197bee009ac98045cfdf7f0
hprc4_L100000_2902	a1f9fa8d937c9bbcfc02b15499d0da039014721dda66b161e60c13a9181a9f4f
hprc4_L100000_2903	da01e1c74eb251a017e56f79fcfa224d22a135f0aa3cbc6a67ad47cf2f6dcf3a
hprc4_L100000_2904	cdff6f6cb1c4df0ae8b7d3d85dd25c40e82a14befb0ec96ed885acbced508345
hprc4_L100000_2905	b59de624514baa0efed25e8e05baafc96ad53a64286145b5ea8c0d7849b25a9a
hprc4_L100000_2906	e93fa6adb82c918c5e25346af207b9c89ccee1c3fd7c2f992c450fe0c056d28e
hprc4_L100000_2907	64ce7401ccc28b23dc8dbba708526ea5d52ec91d6a971a47f494bdad4e295346
hprc4_L100000_2908	4e678d1b028de0c3940b9fcfe57b5a6ef378c1d7995aa99472781f7de92e2664
hprc4_L100000_2909	5d1b677b75d90532935f9152a432582ab3a121ce0ae0496fcad68ce100ecb6c1
hprc4_L100000_2910	10419eff8b61693431f09867792cb627849883976714965cbd48fdb945416f69
hprc4_L100000_2911	c5f969006273125359ea6227bdffdf5e2111eda3b4053b2f52fa9a761bca0eef
hprc4_L100000_2912	0ed66ceaf51479d792e161c34f77feba9bdfefd6f4f642fd8ca949322409e0b8
hprc4_L100000_2913	87adfa869efc0f041f9920d319dc74ab24241bbf50edc048c81726908b0c27c2
hprc4_L100000_2914	cbfc564c0341675fab1103db799a9d73a5affd9762e19f6a2bb7ecac2a5d58ce
hprc4_L100000_2915	3bbcaa5c52284f32850eba259b8d88999146ec92eaf3c70a8be72b9fb28d2a84
hprc4_L100000_2916	d65dc6542281a3149b481c4dfb48440d0ee60f9e5b86a6a2d9ccfd205e36ab2b
hprc4_L100000_2917	5b0dde2d996a398ceba64554b66b112a77b8000a55f6f685d87c54bd4c40e19b
hprc4_L100000_2918	766153662f92d9e18fd06445e4e68bf411b9144566b8da33571867c506d3c6f5
hprc4_L100000_2919	8d3092290658fa5a1f3e1e5867824052a23e71934668a2eb0c64a096a9285d94
hprc4_L100000_2920	735b529b4d4cdc0e59526669b2a3d8d0b88984798f14b19cf09344aa26ebb15c
hprc4_L100000_2921	9d162b9425ef403da88bca094025b3a6d0fb2ed2fc3edaba662cb7127d64b762
hprc4_L100000_2922	36ff66eef5b396e184363f907ff83dcbbc5ff9b0de135f146ebc0d53c54de59c
hprc4_L100000_2923	0328a8f012b0fa6ded277513f546384acedf4e8e50cfae6dd848ce29f08fc090
hprc4_L100000_2924	625f5b194466987192014595ae86cc3667dd7114aa68563ca1ce01f0844e3d58
hprc4_L100000_2925	7dd58f2176345cfd84cbec6a88c5b74bb48be1beb537c8d207ef8ddfeb160ccf
hprc4_L100000_2926	928cdb8707617328da7be9cf62af4d4405afe7f713dd29592e264974702208c8
hprc4_L100000_2927	821820646a6605d073ff1ac8650f1ef45d5126f99c662478280c8915f566243c
hprc4_L100000_2928	3af5021f55e6c5d4f238534c225a19d142eb607c84a7dbb94060e4b16d60cec4
hprc4_L100000_2929	d2a6307372241f7f756e57cfbc1b332110add1be071eeae9c9ee4e695f50dad6
hprc4_L100000_2930	765ecd35b69aba60cda9a2b1bb4645c398f477c33caa2bbe1c31df868247d559
hprc4_L100000_2931	282fd401fadb023a6dfe63756cb196c8ecfa636b92cd9f593699612f4e98de03
hprc4_L100000_2932	272fb66a0e78ca0f47e935dab211c069be44a9fd68971086a3b9c2a1d6ff8bfe
hprc4_L100000_2933	8110ff38dc6917497ceb35da0b0f301958c970071cdb643d473a4280d05ffa70
hprc4_L100000_2934	76e579868ceed8d1b88da03789f09274528d5e94d2e9e815bdb292deafa9064b
hprc4_L100000_2935	0e6feb82df42cac8e6955fe32f19f8dcaaf8ab25d9eaf39fc86808e1d981b4c6
hprc4_L100000_2936	ba11212c8798fd6f123ed1f006d092c749d319a9e229f37a446d9a241bc025d2
hprc4_L100000_2937	289315aea3323ba592fc0145a2ad2e415db746909c4007ff664937f2b607b37a
hprc4_L100000_2938	7a86922a24a8cc5e84762e6a2e737d8ed90a14a1c874f591dada2055f61b4292
hprc4_L100000_2939	b054c7d3851e5bd83b27a78c503da4b6332fae069ccd1f128ab2e72f6be42ad7
hprc4_L100000_2940	47f49ec88b7695ffb331660aa4b0307b1394c2ba3d9899b839904ac4b4c0595a
hprc4_L100000_2941	c2b8cc4b5a2ad3fda8370cbbfb3d2cb67de9c9381bd1a9a1e7c332ac59acb935
hprc4_L100000_2942	2ffb13cd806b92c72df16ce57bb69be0165eb1af8396ebdfa4b6ba3b80266fff
hprc4_L100000_2943	779da60370afd4a8b96c84ff7387fcb6c3c4671c3d9b62ce755045ee1c49b385
hprc4_L100000_2944	35db1e29af188a43b5a4eef82483e1ae2866b7f2cce75237a32668781ef9dcc6
hprc4_L100000_2945	9cd1d6d2e90efaf132cc2cc7f8c38ff1d69864dcf7dcff68801957ccbae39af1
hprc4_L100000_2946	25692b4cdb70639a45b2c9c0f4e31d2e51bfa28123a4c188c32a26095d6ff8f9
hprc4_L100000_2947	da0abf1dfa6c97f54db0de99e10b7defd2b8637c63dc321ee525c0d65d41b4a4
hprc4_L100000_2948	3cd7511bb5e80f43cd3651efbaf9a182edc9e6b6bdee1712c4237478a31aaf66
hprc4_L100000_2949	5c14c2cb92486600bd78ad1e83c7beb3323738ff441218ea52017ccc267bdc63
hprc4_L100000_2950	707e5887084efc2ad7a7e2d436996c85f2c6884804183e3223bfc04116508b64
hprc4_L100000_2951	3fe416273d61e96bab723e2973455389e14110bc4a0a7d5c7fbb13aa1f770866
hprc4_L100000_2952	60d57c501820f2e955dca89740ea449aec854af7e9adc10fdc62079aa172e261
hprc4_L100000_2953	4fbee4d74a47a994a4288fe0f8cbebef5747f6c664829e4f84e59f0089c54d14
hprc4_L100000_2954	d0580642ac4b7bd436258b7d15392f1642eee046c3248d3bbf65af87b7c2964e
hprc4_L100000_2955	574b6ddfb5f801cceb09f30eb88e184d1e6838230d00fc9d8f76b7212414862b
hprc4_L100000_2956	42d9a34d491db8837877cfd213cc8b3093db82dc1b5603e1e3a745b5a11eb46a
hprc4_L100000_2957	659f3012641a55866fe5139728a6650086eef8dfa6991aeb39aa8edffaaa6b08
hprc4_L100000_2958	d0ed40c5b112696b5016ec627216d287777315761acad7bc0e98a5d858f3be4e
hprc4_L100000_2959	36c211d43218ba58632b9fa5d58194074d464bc0b1eb02ff0e3ce70d8a0feab4
hprc4_L100000_2960	4f0df8e413cb3110f166ddd0285ffb7a174d5c2cb0021c4fde9fac2157984729
hprc4_L100000_2961	c639948e7317ec66ed05c952387ba2eebd2d175aad5325c829eeeb952c3a4ea2
hprc4_L100000_2962	997f40bb558abec056931d4c00aa399ee55668f7601269f7489d294f2308da02
hprc4_L100000_2963	edb6038da3e9004117a6608ea91e38ec3c5ca001e8aa7aa5c1da4c0c6a95ea64
hprc4_L100000_2964	bb4026ab58bdd42b6e51b3bc74460ce0c4331ea8f7835811ffcbc25732dbfb3d
hprc4_L100000_2965	491e82c564e5bf67818bc7506c9e3ba198970a35dc567cfd1375ad31e16cd34a
hprc4_L100000_2966	35f432162114d0019dd7e4d0df847bcc6e87cb43d7c8d7f68e2d333e8f913444
hprc4_L100000_2967	7d39f95b8673665280cc7e1a86c00d8484272c9c534c75ae371e4b89b7961cd4
hprc4_L100000_2968	e4696280388cd4482e30961d086079b4ad419b32fdb9e4d8c6215618fb519a92
hprc4_L100000_2969	5e8b04dea4d1d6da4888e8774870aceb7a8fa89084831277a94a6157338fb71d
hprc4_L100000_2970	2bcd20fd877873adb28deecdec04b043d37c447310054dc663202eb03f66b366
hprc4_L100000_2971	411449a11c8e5bb82902e2e87bb63c62948fe484cc42dd8a91d3ca8c9f2257f0
hprc4_L100000_2972	02d807a9ad74cc55acfd02ea0e3822fcd432b5582108bd4afd0375d9c2aba1ad
hprc4_L100000_2973	028143bb00eb7f3b359310f2fafd199f398ad5d6915ccd1075b33249070f5de8
hprc4_L100000_2974	ce63d224ddcb35e1ef3052961a9389faec5cf80e0b75661f84c867099354c129
hprc4_L100000_2975	5b3c52a3af76c22ebf4b6c52ef87129ff22605dc6e8de10930dff6e3cbb649a2
hprc4_L100000_2976	7195eca465278764b424a148fa0a26c43f97444781a41e2af09d26a3732e5bc3
hprc4_L100000_2977	1a7422049f7aa8db75c3c8be3ef7a77226a861b512e88975e504095de955f392
hprc4_L100000_2978	1fb0bdc4233c7f971967fa14c93f143c7b488fe637fb4e25a870b73e2d77ff36
hprc4_L100000_2979	9ba6910c1f8be5b2ce02e9cec1052be95b972771593d834f69ca1f9178d9f50b
hprc4_L100000_2980	27279890970bcad8cbed5e69a81e7c9e02fa351232ea43df5fce1b1961359fcb
hprc4_L100000_2981	81ef1381a8a6fcc6d8893ae76ed1a0035041eba3dcbbf98acefaaf92019e4089
hprc4_L100000_2982	3e65b1918846011ce6cbdea0e1b2c9e4b9fcbd03df0513112b440d38aec374e1
hprc4_L100000_2983	702833576e1d070f4b4fc07f5725bdd1b19944f5661128b1350807b1a71e63f8
hprc4_L100000_2984	821e7e9700f99520ddfa6de1750b3c6a44936ad73f862b4a39dbec79b6761a95
hprc4_L100000_2985	359f9ec0298f082b64639bfa2aee8bd95166f92d44152d7d623565862a5bc2ed
hprc4_L100000_2986	5885fc59bdb30c31461b6a51de9ea20d98e473860cc43c89e73ff8e0a1e0841f
hprc4_L100000_2987	3d1b9f825eee076aa4a2ca07f64e19fd3c41288fbc5baf0445340a60f004a42e
hprc4_L100000_2988	a3252e54842cf36fb272b7daaf8f8f016df25485e53935fc889d89f2a4cc33c7
hprc4_L100000_2989	207da077e2f3549b82420309ba54f1e4b7bd4ee33e540a54ccd161cddaf20e9b
hprc4_L100000_2990	4a72d23d328b418599ddee1fcaa6a0d3eaeb6c70aa5f8e761662637a60c6918b
hprc4_L100000_2991	2fa02564e250de90958544a05e4deb222472f4e592b8c48b5155b9ce6a1403e0
hprc4_L100000_2992	df1d34406c558d2bff5fb8e4cfd83b497c26d8f070c1551b2904b4b891cb0fc2
hprc4_L100000_2993	61f4dc2600e32d85a56cdce4e0e2b53beb7b6a0d57699cf7acfd98726c19b22f
hprc4_L100000_2994	d927aa322d9ce1657095f79fcf38dc19e6d81ec1b9161cf3d1282db4878898ef
hprc4_L100000_2995	43975755c2f6d2ef45dedf7d2334a3249b52fd6bea43c9c8597713c4fa610f77
hprc4_L100000_2996	4c27876c15bcb6e0060a9be0984dcea8f3a1719a9c527aded5dedc621fc8f2aa
hprc4_L100000_2997	abd3da14e638eee4052ab3ff38be5a93dab6f3e91f5d11af7801122f7cf57683
hprc4_L100000_2998	eb063c328167da512089ca1084736a9bad0a696e90d513cf8773f3da0065ed5d
hprc4_L100000_2999	56d23daf970045aef807c20a43a591ab20dc178afe0df2cd6c63b7577600181b
hprc4_L100000_3000	e5e2e5dd3f6b5ea2b368098d0b7e0bae08ad3ace0bed59b57b03d85d0202b1d4
hprc4_L100000_3001	51a6540c935c811a385882d6d81706be60e0361c1d702e52b569468cbe306052
hprc4_L100000_3002	1825f318341592093b33c17d6e5e1d1ce966cc0b9ed190cc7f7bb1d2e6e579b5
hprc4_L100000_3003	dcfa71776628d34902b503c8ea100f99360ebb9b657eed5414e96dba3d149de5
hprc4_L100000_3004	db85f284a9fc87aa4d312c8ebfde9378e52bb4c7bd994de21fefc318cc6ad6ab
hprc4_L100000_3005	50bff4075eca9c1f8763802a84692ea3b81a13609bf6c100250fdbf03c98e0a5
hprc4_L100000_3006	c08b94e7dbd6bc9bea54fa24e2b68dae73c06a20efeda2f91a1209254313b156
hprc4_L100000_3007	f5a74cc5a8df3c85c51c494c7765462a5ca259871436b7afdb812f1ab4bf89fb
hprc4_L100000_3008	b145bc89e21147c77c0cba9fdc3b5c286622759f599a314d81c012c905c1a44b
hprc4_L100000_3009	388fa82f740c50fdcc28aa6adad7290e692b6974f145790d67c23d7954a68146
hprc4_L100000_3010	29c6f0721885bbc140bf3a9b135990ce40f1094ca4c3257bc07783dac978cd41
hprc4_L100000_3011	169dbf9706366176ffdd0bd4b506bad0c2a208ef832cc97016020208c31958b6
hprc4_L100000_3012	8263a5ed4e9d5d8ace9630adab11da8c213359ad6fef826fcf12a997533e221b
hprc4_L100000_3013	074bde70a890fbc4c29a6318283a57ea5a34b4cc1c081c36cb2846cff60d771d
hprc4_L100000_3014	262ffde73d74400c58b2c130d7837269dfd876888ea66f1641ed3381380d93c9
hprc4_L100000_3015	1117ca46aaf7fa910e92c73fb3458c78e10290e37181d4dc156079d9874362b5
hprc4_L100000_3016	ccf3dc7283db9faa913693fab5486ca997a22d82b773b3dedad10791b08390ce
hprc4_L100000_3017	142be63ae1ee48659c3c1e412d6280c573eef2f016f225a47d8e32a93fe0c3e3
hprc4_L100000_3018	3fffd161fa55b0e68c00a58131646f7480a83284224e635f37081e36acb5317d
hprc4_L100000_3019	0763bc1a43f720ad69f1e05dee8387c9b0780160a502e7de7873afef23e037a0
hprc4_L100000_3020	801dd1f93a69279c4a8e88ae54c0b4020758abd0d6181d5da2b603ad996e8077
hprc4_L100000_3021	617370f5d557cfbed95438ebdb267664bfcb132956c1f1a413ea1dc590ce1020
hprc4_L100000_3022	457e83495089294e3c30b94f32eaed58d4bf0ace275f5eaecf096ad7b01506a4
hprc4_L100000_3023	7a380a976f70343af612ff2f94798c36ac3dd3441cdc6900a894bd863f155c02
hprc4_L100000_3024	792e68191fc37c0feb4c08b0c1fc16e91975068ecdfbe615e11bf15af9433140
hprc4_L100000_3025	7efb8fdd0339da333e897d7861e6777fa4c3742c40ab740926a3c64668fedaff
hprc4_L100000_3026	4129893356cce185ac49a35bb9d9382ad21f665c3b91ec7428dd20e48261f7fd
hprc4_L100000_3027	91e95df95aff8ed9fe2939cec8249f7c6584a328c950ce1755eceb5fdb192fb0
hprc4_L100000_3028	dcf85516434bf0d5bc12f24f3aab79a39ed5aec5151eaec3624f3af8c55f4096
hprc4_L100000_3029	20202cb4e96c58e65192e55c86259685be4d5067fa534b19bd403606cfbe0d25
hprc4_L100000_3030	30f8e910dc956c6e789673d8eae66bc48da8f954d8922d67a5ea2b83bf8b4c0b
hprc4_L100000_3031	5c39c1657b3e86b9ecabc2999b54e9259fc4d7c7ebcf16a9bab348a51a3d9078
hprc4_L100000_3032	4f80239431a0ddcd2eb1351377896786e1e3f370153e496468eef90745266e77
hprc4_L100000_3033	47d2a201f5e743efe0773504bbaa05eadd5caf87cdb8982210fed1abf63356a8
hprc4_L100000_3034	e8f007bae034f6b94e22fadb44c08d85e40e66dd8bc232df1ba1fc64491b268d
hprc4_L100000_3035	b5b66e5c5bb0f6844c99bdb9aae0db297c9ff31f3a2a63ee34468eb81c2be0ab
hprc4_L100000_3036	cba51a2fa4fadec5dbe1d44b64be9a4d744c9d3f6d1befee5eec3073279e1337
hprc4_L100000_3037	87131d1d9d153898fbd3bd202a5c3861a0249fa3018125cfff8280ea78a3e7a4
hprc4_L100000_3038	02c4eef5db4e501295164f10f3623d568622f721ca9ef1ead73bba42f1bf1866
hprc4_L100000_3039	f7cb7c1f501aff1ad35da726cef6b8333b9ab78a3ce13bad8f85897509ab4619
hprc4_L100000_3040	c8cdadf22d369692e9a9712317577812575d8d3d951d7b4575043a9c6315d5b6
hprc4_L100000_3041	d28abef696ee1a14a95d1805b8beeb94a9be9dbc240025d0cb4c89984378a6e1
hprc4_L100000_3042	6666474456c0cb2e66a8a4593e82023696d87163c4c18c9cb3786e8171efbfcf
hprc4_L100000_3043	4fbd9c0fd5ab26cd3a9f29ba4e764fc488780e0799547d4da3dece4d71492a5a
hprc4_L100000_3044	f768f42ba980d9d8a1d716288a79b20c6bcfb9bcefd487c7e826b08c9592f3f3
hprc4_L100000_3045	fdfe0084d8e5483dd7fdbd3c596878fb2124ce383cc092a7d6830edca74f5466
hprc4_L100000_3046	eba993931ba7135c148e9ca1a4e885ebf1d89ab7d3cc4d33f844e5ee954fe9fc
hprc4_L100000_3047	550a77c73e40728a75c77c4a1170fb9273cd09e06be7ce633a46ddcc4860db39
hprc4_L100000_3048	37dc743ccd93a47fd0be9f75cbbdb893fd731122df8852f721c3ba1605d0d067
hprc4_L100000_3049	4d5880154425917561069414481bd07dcc6e9f3cc3984140e7f003ef0b094ce7
hprc4_L100000_3050	861f536efee3189078dba215aa4bef22004bb5daef674283c6009fcf1613c32d
hprc4_L100000_3051	1151cf3e61e8d01df12763b8395836c20f9660a13e3e09721d1cf0f6b5b41600
hprc4_L100000_3052	0be1cb3f1ec2b7ece6eed7e26e2760d11f5cc3f4587d43103c4c9ca0e82c92d3
hprc4_L100000_3053	3db40ad9d748a0fdedf498274253e577ff27871944b16a6c5b565a5b8a63a385
hprc4_L100000_3054	ceddddbe35b1eb639e0c2c76064247b3f5e834ac14f459c3db30676328486200
hprc4_L100000_3055	55bb82a15fe04a985125424dc7cb5b2054e758a83be9fe0615c7f960990126cd
hprc4_L100000_3056	add13b339310b5ec70d57ca4b85c2dbf1f7a98971ad9b2407f6ab59c98471d14
hprc4_L100000_3057	ed37c524f5618f109310a55c8d03c995819798bfe2a4dec316af2695a0def71a
hprc4_L100000_3058	b0586115435db1ef67e91f9b5699ee03af87e8310df5bbaa0c32008e7bebbc88
hprc4_L100000_3059	e0c7e4cb90056666ed42fd8745234989b03f12e486bcff7e12b3ed7b4a19307d
hprc4_L100000_3060	63f4bbed7afa79a8e6fe610ff1299d2323e4c1a881e8c1d5ec85cae880d442b8
hprc4_L100000_3061	8911e07b8111bf88ca67c9ddffd9888265028b6be778eb2ed5274f5694f2a79a
hprc4_L100000_3062	4ef5ad43770c823cae4cdd0eecde4cf7f851b1cf866a0a78654120b4545c9546
hprc4_L100000_3063	de2e39c811ae8466537a59f95e3344576e1b4ed0fb561c61649bc8e8abb25ed5
hprc4_L100000_3064	ec2a0d70e3715ea6abca514354fb17a4c61a5dc3de72e7fd2868960319810e8c
hprc4_L100000_3065	372d64f81456fdcec9dc327544932d752d2320741f35d5ea7cd2c1f35b78d050
hprc4_L100000_3066	2b9f57f7a8623edac7e5feaf65af292a3d65f04dfe0a8c181f4610f4bbfb5c01
hprc4_L100000_3067	9822c1dd3ceeba2c4450aed37fb136669aad834f773aeea306da6e75f73fdb5a
hprc4_L100000_3068	d5d315037431e4e78f12772e7e3a36c74e6226d688a8f06bbf8af50520dcdc99
hprc4_L100000_3069	9d0d8ac513c836e6217d8bd19016c76b7a8632eb61d02bb701c132868c5e8da0
hprc4_L100000_3070	258d53baaca7177dd0f0afb5c4b52a16cb401b48ba3b4bee9dab6c055ff7a9d0
hprc4_L100000_3071	4194b21e9e089e69f7d5f4e7a066e4d200fba23d4875e906f2f5a8e0190718d5
hprc4_L100000_3072	c575dbf6c5d8d9d9b4496a5aec68bee15719cd9138a822ff2cedef31b14ae7c9
hprc4_L100000_3073	2e4adbece5e98307115441aa18afdc33c8ff27d3b8401353ebd355d5b4264383
hprc4_L100000_3074	8640f6f89acd3d22cd2872561f16e3c125c09bb11f03b44abdd229d840077dd3
hprc4_L100000_3075	24bd45cf9c757e5c383ac80c7ca039a5576803d5f724e83a5a931af487a55431
hprc4_L100000_3076	f77c376beef584f1bd9ed24244329f054712df322c1d515f16ca9c14f3967db5
hprc4_L100000_3077	6ed8350017535af5a2170e323767afb569ed981708428c23f5526515b4ac6397
hprc4_L100000_3078	d19536e23f4dff5d8020d7cfbec4412b66f8241dbca9786bf47e6c02826cc812
hprc4_L100000_3079	8bf12538d1b9ba26726ceba6677c646d7fdb6faaa5b39ae465d7fa67f809d545
hprc4_L100000_3080	0b1eb942c83128b81ff8d3306b338f5943c327a9008ffe60251749ddbd4448ed
hprc4_L100000_3081	0ebdf20c987bb19ee453d3f5d07cfd0dfb51bc0f0bbac6f0795df9551e1bca62
hprc4_L100000_3082	76cca482561441330c5cf9b84296cc30ffd90cdf7a478e728019bd61fc71bb0a
hprc4_L100000_3083	392a74e98054313c29df1b29d354f6cb76466f263099824d6a9e3485ad16df23
hprc4_L100000_3084	6087326391baced46530e248c136957c8ee597d0361fa3501ac51e12710d8acf
hprc4_L100000_3085	ee41b6c985d748d74487fb91925e1b3c300e0113a050433eb2269713a01c822e
hprc4_L100000_3086	13e574c21f34fe8c431f064bc04467fd73609236e698c9794545351ce4b88408
hprc4_L100000_3087	b57e1f5abc6ad952705c22a41992760cd9ce459a90c6835ca3d35af24786d064
hprc4_L100000_3088	23fb00de1abecd32a9eaf61828c2547c1cd912b50bfb1124a322976c16cfb326
hprc4_L100000_3089	265a44ea970e6cb9fbf414b838526a64f41255205336ff8696b52013d7c22d4f
hprc4_L100000_3090	ad4408bd452dbc5abf2d724b653b7aae4dfee65e59726af289e060da1cf066fa
hprc4_L100000_3091	06c715d3228e8bb041e2978d6b9da8d11e91c5527d56ebcd48a0139bbcecaa64
hprc4_L100000_3092	cade151c17becf73bc332be465b83bd55c0afd8c08d9e4e51239ca8d45becf32
hprc4_L100000_3093	b94aca1911cf7feb69b6e31087a97165fc6935de54b80821d84bd254921807df
hprc4_L100000_3094	35eaf9410391af5d7fcbc46966ac30d750c145964994591ac07925d40f4d17c3
hprc4_L100000_3095	ba657a5188810381ecf6767a930f38a6a02c06d555deb6263cc61d900c6acc5b
hprc4_L100000_3096	8e35d11e3659cc05cfb29b715985ad14a96d3f42c3bf176bde9d2bb17adbeb75
hprc4_L100000_3097	4815c73d45704986fb70c8d81d178fa134b55c98f497342b1b56c768547499a6
hprc4_L100000_3098	7603d93e55f5d9d69cd26c19e0c344bff958b658b2b5499b3bb38e607be405d9
hprc4_L100000_3099	2bea7d9f5f8bb5e6f68af7d36e3f3089a123833ed38753fd529585d04a0f4327
hprc4_L100000_3100	0825b70e225f61376adc98fc1df4ac33bd7b2765f640d2d2fa8325590b2fa197
hprc4_L100000_3101	a00680d8f093801445d7bda3442f67f56f13ef8fde87b31dba46f683fa8a3b86
hprc4_L100000_3102	aba4f235178559da324ee133672f977cd79459d076ad47d2e1fc8890bba7230f
hprc4_L100000_3103	b66c035192e97136f0831f2ecdc262dd67f06d7114996fed6514e692f4da03ab
hprc4_L100000_3104	02fbdfa2bd7a801b70218b2f935dbd51ab434be2334c0a1e3b5b9bddcdb05b6f
hprc4_L100000_3105	37b9010874c98fe87d6ad96aba985095c02b3120614ef28acc476c13ef93b96c
hprc4_L100000_3106	c76dd1918f93363fd905771dd45aec0e6ab0d9192c955a6296b97034dded1bc3
hprc4_L100000_3107	7c080f4d086a5acd553b57e8b7da915c5fbebf2edb611979261efb9a667d7748
hprc4_L100000_3108	6a090b7f511d6df94b26db3db484ecdee78b496edd7e37a077d9822d80e943b1
hprc4_L100000_3109	3c5421287e3fa328c96d7be9245d678634f353ba5f9e65bc73cc9f4ba918505f
hprc4_L100000_3110	3e239d274edc3745dcfd69758d18392caa720acc43c966d9230b9f710b04895c
hprc4_L100000_3111	188140ac3348a82fc3beaffe6392f87eac3e0aff31e59a07f08bf5682164e4b8
hprc4_L100000_3112	a3c479bd67eab84b17a2454d9b9274549a864c76f5817fd055d1cdf799dacc30
hprc4_L100000_3113	ad6afe32a51cb75aefa1c352923f430e633a4921a58c2f39f2dfcceed6dcf1c1
hprc4_L100000_3114	d4ce26fedb824167743ecc448fccc24d763df1d4b56fc7f9d5366d74e89994a0
hprc4_L100000_3115	6cc776b7062e20d20a594d735dd1b8c8cd01f0e15c96bcd9466c5ca00492ae96
hprc4_L100000_3116	326aba3b6901334d19105c5a42cb616a7c811b77bbfe59186a7e2ff306e2c22a
hprc4_L100000_3117	d33d7537cac2754aabb748d920e9ce50ec724286d8bfd771edc834eadcb6324f
hprc4_L100000_3118	4b52c5bb39bad40d8f75e152a4f5e54dceeb1209729b97828c40c21b7e9da27c
hprc4_L100000_3119	73618eb503a22c58abef279d48e47039725dced6d42d45372561437c811ffc73
hprc4_L100000_3120	fd927205189dd6724b9061ed247293638ce8285ba225cf4db2207fecdbf633fb
hprc4_L100000_3121	931ae3b98c66d0f9c9eb2882c282dcd7d505dff65633897a4cadcf27a3571d28
hprc4_L100000_3122	bfc0e0b111d6bf685b76fbd1a66e393189c23b6879ecd56c3e249a9c66a844e5
hprc4_L100000_3123	0b62ab21cb5c36843a545ade4d65eb5eb1ace9c7c7f324524b7221045210ed3a
hprc4_L100000_3124	6bbf004e499dcae2748cce743be470ecb09efdfd144b81127a475742c64da327
hprc4_L100000_3125	37c975321632d9cb5e1b6f96edc58c9b11c96779e5f307e3b5e9999e93e5a184
hprc4_L100000_3126	c9f77a65fcda8441f31d4f4f334e92eb00f8fd7fa48c62b678e9546dac6cc1a5
hprc4_L100000_3127	d56622f9560f2a9b721e8b93bc1f9440c77cc0ee5554ee081df8ba7ebf5d6372
hprc4_L100000_3128	589e15b63ac3e8c2488ca3d653114704361a0efd72cf32161325f8bf65e92fdd
hprc4_L100000_3129	b5e4bd81735ac261b382ec327dd5c9ea0ddefa496eacf18301e0ad8a0b23b1ed
hprc4_L100000_3130	48fb2367b58924d0cab4359e508aa8e843537c650923caad1e7d08bc6ffdb05d
hprc4_L100000_3131	bae688efe22008c6d3cb4b4ca53c08692123f7685e994bb18ca3f48b4c157889
hprc4_L100000_3132	30a15e93c13e35407442c26dbc3bad459efee5bcc9d6e1cd9ea2256cdc15eef8
hprc4_L100000_3133	ceea22cc9d21f302a8884cf58dbd56ffe395d3d6e3ba342d12bf4ff36ff8b956
hprc4_L100000_3134	9909f28b5d3f5739fd42ca95fde68d9b9de23e967ea1bb1a4954de9cbcbd449a
hprc4_L100000_3135	331262006d420e2b5648ef5b2f75eef2d6a4c0734039a9378dc3477da3a7eda8
hprc4_L100000_3136	744bb49b932f9e1073397400846d838f40b1442f0d133333503f1bc08a666bbc
hprc4_L100000_3137	240814f18aaf2b132e11a94b956c48ee9633b59488959a9e3d9d862b0f0f8176
hprc4_L100000_3138	1650d419aa3fd007ff56962ed2a970d1ec9976970ea1c3f7fc1c015a36f08c9c
hprc4_L100000_3139	b54282f37c3b2e346bca8a4f24fcb6921270d1f15854fc33bd95becd0e15a69f
hprc4_L100000_3140	4a507d3e00b3a0c933536968fe9aa0ef8219cf4a01127f36517b7156d98d229c
hprc4_L100000_3141	107e6faed245750529ff1e15a0d5d1c2358a00f35c830683a02fdd6ab5c03618
hprc4_L100000_3142	24b6c0bdfc135500c932a52792c95bd59206501aba157021931029b6e2b2cf86
hprc4_L100000_3143	2dfad8546b2cb6332d81e45e640c7ad67a53785a3c716455c34d679e72f13b75
hprc4_L100000_3144	3206f73a93abecbd283475ee93e0d40a99b37d192e8468541d9392523a154c21
hprc4_L100000_3145	fe555df4d4ecf62b7b47a145db9458619872f89f1f0a3f413ca8521c40388d7e
hprc4_L100000_3146	e87addd35b61a1eee2e3a5f8823ca6229874ec15def77edf3c41161aa34e675b
hprc4_L100000_3147	ce5ac498999486f9cd3dce494618f4110f4f8203f4d885c00ea09c670defe9ce
hprc4_L100000_3148	b9ed1617801b60593394c5aa673a7fbbdf8b8d4edfabc57de08180c1623f5434
hprc4_L100000_3149	dfaa5fa1a3df8103e6e41e3973186e311189c430ac0cd0b142fc6079625face2
hprc4_L100000_3150	da9f28849542955dc62f1f6816479fc62766275dac6980b058d2e3e83849c628
hprc4_L100000_3151	ba230526c8c6d6eab536ec18f04e58e1f74ae0baac2334a308207b469fbc0c9b
hprc4_L100000_3152	892109b430d1c183f7b1cc9d796d4096ba7f2f077bf2273a82abe34f3fd03484
hprc4_L100000_3153	e115701045c74390faf29fe1212ab172a73734c0ba475c56b1f3ec09f5763b2d
hprc4_L100000_3154	f76de867074e7e85098276e85a3ac504f174d523b82e714b83bba59bc89216fa
hprc4_L100000_3155	ac83678a1123883b3a77c0b8d849f2c92e4bca6ed71a2fb3f9c72a902b7004b0
hprc4_L100000_3156	1d0c6f592d65d3d72aa8c664547d37b82e15c2c486cae0e7988681b8181a6c14
hprc4_L100000_3157	765e24092d8a87d87aa6ad743ecce29ab7ad2d9db7435b877a7332a73584dd29
hprc4_L100000_3158	639516fe6cfd8889ce106b96e1078ac82cad9ff05bf8d4cd8708523eedd65d4d
hprc4_L100000_3159	86bf1151f3151dc64f56fb39cd1bd5db072c39fef3a8b978bec7c969a7857430
hprc4_L100000_3160	a06ff5d55648edcdbdb1d5fbb153fcf49fc21edefa30def62b1a5253444dbde9
hprc4_L100000_3161	05ecf126886f14d4533a5c96ac091973f28b8f57f06912ea26266e90b56f3398
hprc4_L100000_3162	74634217efccc2b5203165a2a9f437ea6e4158515eb2d680dca9ba71ae8c8f68
hprc4_L100000_3163	3811bc4be0e85442d5e81af158eee4dc035e534fee4fcd43c8b36b45b698f215
hprc4_L100000_3164	9ba90333fc696ce6d714c2fbe875a8a9ef56f9cb144041a7086461b229e68f10
hprc4_L100000_3165	0a4b7903d08c14873820cd77263f05d0d43cd2b53d46427834fa529ce092715e
hprc4_L100000_3166	a92fe49afb6a1befa6ae51a7da5d4edd3f20114735ddfe1ce269b34833670581
hprc4_L100000_3167	52fd8fef5c497e6b2d0301409028b5bf85d6afd985bcb3b3fe1833b301b41e3e
hprc4_L100000_3168	22179085eceebe36091211366fbbed3d38296f73c157e3c4e3088333e8025d10
hprc4_L100000_3169	7acdd2e6fa0141e04a78d60c14b74e98c373352fff3af2f08f8723beaaa77aa1
hprc4_L100000_3170	7e6ecc56d9d3ca999d7df2b0360aa83986426c3f1539392563ab001fc9b09dce
hprc4_L100000_3171	06bf58c46291af7dd9159188435ee8bf602d4229593835bc6fc567d2fe9a519c
hprc4_L100000_3172	d6291176e2224abba453f88fe37742bc12604dfa3ac657a8c481326b5163c4e0
hprc4_L100000_3173	da35e46dd03cc618b84b399a5f2f6c8e5ffe3ac68edaf68be8428d173c557952
hprc4_L100000_3174	3664ca3930373a6f5a331112c538ad41ef81a3a35cef453f7a4ef239a923d045
hprc4_L100000_3175	d69de11e0c90cf37c24d5b4a62d5c46e5630b5e0356f1d4db47b2716b6e3914a
hprc4_L100000_3176	96a506d941ee72ec1eec02f47bb2aa4b3b92ea7a48f30f56c696583c999b242b
hprc4_L100000_3177	c92e887859ab5f935e8a261c748c3047f0545604d3a35db21159061487628399
hprc4_L100000_3178	a3d615a1b33860ebad6ceb6be29c918166a4fc6d6c9fe6e112cd34a31d7354ea
hprc4_L100000_3179	dfb4ec29f1961e6efff5cfa8dc67133b02d17edcfcb50ae133a8195248658b79
hprc4_L100000_3180	55070eef6b49e08a77287ac79b3d392a12822e35c15a2c8d589a25a076993337
hprc4_L100000_3181	25e90a484dba5defb6b2ef049f022fdee4c320c0008904e7e3b9fefc6854aae8
hprc4_L100000_3182	5255e647f0a2c1d5bc999b6b4d4897390d2f756d2de3076958d5a7017f56887a
hprc4_L100000_3183	e8c5ebd6f6e2563b48014f3f331a233eb32d667eda0c090df049abec17b04fbf
hprc4_L100000_3184	af6b1c5b928cf805234fe277cb1d59f2eff7e134b94262e84a3db550bc866c6a
hprc4_L100000_3185	7a2def15eaba41867874e9883ab2e4c8765c83f9b8246bd186887ed1bcc5ecd9
hprc4_L100000_3186	56b74ae6c8c81312f054c8dd69539910942bffdb2aafa9bf395ca09289deca76
hprc4_L100000_3187	4b61a4287b9f3848af32bd23ea6becae129b5bc99dc333302b74ae97a9b7c2c1
hprc4_L100000_3188	b0c69511324d633303f704203f7b2156aed1438ca826ae576e97ebd6d125e869
hprc4_L100000_3189	df809c4006fac25b233222c5f7bdcfa7fc8c0e06b2f7e401ecacb17b27dd1498
hprc4_L100000_3190	4bd23f62cd5c435aa596a93f306f29aa9026680814c3929ae22118b6591827f2
hprc4_L100000_3191	cf5524037f1b2987ba9af35bdaf9199ebb097dd7871e8e7f00b166c8b7307fb5
hprc4_L100000_3192	00e3985f9cd259e042b7ed0e6ac3a94591e37561604054422afa299d65803b27
hprc4_L100000_3193	3090fc5b27a2c5d26a5c761ed1161a0809918540fa3a7ee751528eaadb93021c
hprc4_L100000_3194	bd595e09cd7b7f67b0e81f99bc3b8112601bcd7aefacf15db48e57cd095fa77b
hprc4_L100000_3195	1b821268c9b4be23b7c36c27b81ecf6d6caddcfb04b9349340fa45b9ca6cf3b0
hprc4_L100000_3196	fd3734024826ba56a6003932917338cf616380671db71700564a16ebae62654d
hprc4_L100000_3197	699ed3b85a05e74a1b2475c43658509ad45d16787d29fcc73dbb5889da24e65f
hprc4_L100000_3198	58263908111d8540f0dbd400f03c593799df353dc41585bfccf4d31af00a8fcd
hprc4_L100000_3199	890a6531a48150274837168ee56f2c94a86268937aaf5b6e7724b00b509559fb
hprc4_L100000_3200	019bdc1ba544de44c5c354a4fcb9678ab871ff74cd7b22d9701d5f25b394be7f
hprc4_L100000_3201	feb98550c4f4a84e6ebbe148ba1daa07600945e5513cbb0f1826d1b4135932ab
hprc4_L100000_3202	a5ae0f4ef739f31eb9a21dc776b43baa3a0ec7bb1678c580c25b7e45221d17bc
hprc4_L100000_3203	ad5a98dfb7bad17f235c2d6c47a1d4b3029825a198d0610bcec59c1b01d5954f
hprc4_L100000_3204	fa6988f93ffa55acb339bcc3345bd73f0076fd3a15e1b89ff38e537bbf39f1f6
hprc4_L100000_3205	e3e08d67e7a6abed284164c6c19445d258883343bf49069315b0259015f696ff
hprc4_L100000_3206	dc3c6d6c1f9405dc8c57b9643e9b3800e0105820c05e0b8b6f1749beb9e99499
hprc4_L100000_3207	b9166b58cd91ba568b35efcba65f69be51add66149f4c4006dc5a014f4f23f7d
hprc4_L100000_3208	adbb5d02a12661fed6b7b829095480695587e81d7101d5c6a4dff8ac832f7dd1
hprc4_L100000_3209	f233f4f4869f5ee9e21fe986a6902709353f0571e3dcaa46de44c168995f5278
hprc4_L100000_3210	e92780eaa3ba95c78948cea1a33ff775eb77a284524fde07ee29d0f8311f8158
hprc4_L100000_3211	b921434e7bd83732ac0997897f5f2a1ed696cab9bc749a681ae73e22e51eb3ce
hprc4_L100000_3212	d2cb39ec18ec77c6b83f367813148a0ad06ebbeac08b6f57f17504bf5a731019
hprc4_L100000_3213	6cbb5c1accb1ce4ed1891634850050a54e8fdad2f1b6d2294bd7201911fbfd62
hprc4_L100000_3214	12888850cbc91dc81d45f34fee5da2852bc65c5bf0ce650edeca18cb4e16eb63
hprc4_L100000_3215	684fdd813067ae6e9ab7af21399382e4c187b00db2108d79c09cf724151f8eb1
hprc4_L100000_3216	d404ac77c1c9d20475daccefe7446448565e700d8c2921b53459511160cc934e
hprc4_L100000_3217	43f9dde589f084343b097b2c44ae4b7a1a20d583f0dc627379decdf07b7c386f
hprc4_L100000_3218	88468a3755a469ba80e1077049825ab630b2e4aeeb6eb69aa4f23b7dbe668464
hprc4_L100000_3219	54c600ab7791a171a6668df2da6a9643d033370fe933a17d4f41070cabbee06b
hprc4_L100000_3220	da5a5d1a069b4baa955efddfe4908582383ebde444a9677a9a91ed7c0d4b40d8
hprc4_L100000_3221	e913c0d9267cda27fe7f9c2271081578ec2f0e8a143d646f59016842f3229091
hprc4_L100000_3222	c39de0f24be54f9c6b4a05bf0d3932cddcdf1c82f468470799e2e0d35ae34c29
hprc4_L100000_3223	f8a2cd0230fd6a38acf0bed4117ce3e598b3c15f9d85383e4a6d3eb3c4c3246f
hprc4_L100000_3224	d9de0a471820de319d6b7fce110ae165790b932dc11311b6918ef06434a9670a
hprc4_L100000_3225	e1e8f8611333d60bcab3cfdd75b246357da30f39cbe9e69018b91839b1b0a406
hprc4_L100000_3226	760157122cf193bb78c5063d68873a372d34360b6f71059f80434e471b70d5c7
hprc4_L100000_3227	7d63dbbffd2c01a1af733d1449571184f6c0ef11805b5cc376e036c7136cb6ea
hprc4_L100000_3228	73f47de0c3319468454927785778c89a7d66867609c4107d690c3585d201a505
hprc4_L100000_3229	bbfd9ad47ebb042d18f65637a108d175cd0c21a13ad9e9dfd71b2f6cad92c985
hprc4_L100000_3230	f5ff248cf840a675fa7ab3c80d40f315d4889731f884479a44c474208692cc80
hprc4_L100000_3231	a4b0d7b13cea47f90a78b93d53e22345bc5d3c5db8e9abf8aa69f96a03f69880
hprc4_L100000_3232	a311527447828e4dc27bf8f1abcc05a22868851a8ad7611d25a00702682c3380
hprc4_L100000_3233	01cadf9b3945160cfdf209f0efade85e979fca87b2867555b1ad7354b4aa3f2f
hprc4_L100000_3234	516bff697f8460854dc26681d62fa176278b5c8d06c61da499805f352eaeffe4
hprc4_L100000_3235	5f0312fc485abf8a8d5599c41684c1abcc9e06db4e8db82a8c8c2993e9e36f94
hprc4_L100000_3236	b5fb81a6ae97f7129b5d262e455524f1154f61414a3c0d1258496972daa42c41
hprc4_L100000_3237	8cd3fdd19095f3526361bbe1d7af2139f232512e27b8e930c1b6856ccef59f4a
hprc4_L100000_3238	36670a7e5b750752c7ff6dc64cd577b127aa6691c58cfcf82a84c95337966804
hprc4_L100000_3239	6003107ee3b310f7210cd63e715f84a1dd1f6b63961b0047d61a010af26bce46
hprc4_L100000_3240	8736454cc807a6cd1e4adb732216050b2d33a806d34ba3b2e98367dc17c92580
hprc4_L100000_3241	73d5c5e7a9dab7d2b9039688e4307df479c920938123a3f81688f3673ed74c53
hprc4_L100000_3242	5a40603c6db903949a110f9bc70612083d99c3094261a9826e2ff193c16cf1c2
hprc4_L100000_3243	0a1016f403f08afc6251e3982485c6b2beab97edd2de673d21d9c3e29396c83b
hprc4_L100000_3244	51d4f0cc9e21f1d8600d6fcfbac6f826d963f168c3495f33a9a6e8d911ae1008
hprc4_L100000_3245	f778ae73421b1ccbc2f90387eda1426968f30af06f621824a57342a634eb9b7e
hprc4_L100000_3246	8b079f9cf34c7eb3b1d97812e8b9f0ab33ca0558d11f0d0e53eda16651137c20
hprc4_L100000_3247	e581ddfa18cdcf94e561e60dc640cded22cf2d64ad27d6546fbd5fe08bcad676
hprc4_L100000_3248	f4f2815b0b18e41022b4a4ef62fbc9e298b55d3fdba5d68e7b4e59de2da5bb96
hprc4_L100000_3249	cc0a77b02580e7fb0ffc776beb6d600317113dddaaf13408fc766a22ad6d55d4
hprc4_L100000_3250	9f68ff8fb35a5dd040ec7f403bee8ae26b78c77a16563b327c2ce276edbc4aca
hprc4_L100000_3251	3cdeab85df814c733884b5d9a6cb54c005936c54a9605ac22869046ffe78f1a2
hprc4_L100000_3252	9aecb9fe2435e717814d7423f0b60569f3c9b66b413890e26dc8f1efff1295a9
hprc4_L100000_3253	977ad33f2fe5a44a41c3886d01efb0d3501b3860ddba90958f1e5d5b07d9a50a
hprc4_L100000_3254	bf540b5d6eb49f05bdc5d43adc8ea93cc81b2a36a2d3c63ab74ff0f7c203d9ae
hprc4_L100000_3255	2dbf2bba7ee184266bf637eaf90e10d8458f21b09d7812b3cfb76860875b175e
hprc4_L100000_3256	80fc08093245ed96bcef7be67d309e421dee194f3295c54e26ee0d7f5bfd532b
hprc4_L100000_3257	2a85654666756c4a1439a8b73140705def46b820b7053aa82491cf0645a8b02e
hprc4_L100000_3258	47fff45d1e88b89a7657b460d55ebaf7b734e7236f2f8528d2ede7c5b40e029b
hprc4_L100000_3259	79c3546e22a13b9d17eff9563a987e6192e08d954ecdc5bb19e42ffe5f53ba44
hprc4_L100000_3260	cbe39787983f8ffa506af4dbbeff3e9f3bfc630cd2dd647b35fe3263066760f2
hprc4_L100000_3261	3ab8ad8e1035165069b366b85fc9c8b43c7f6014872c65bcb7c058671619523d
hprc4_L100000_3262	0ed70f5ad62a19d01df7092379681b8deadbb61a1999f2a9e4398622c78b7345
hprc4_L100000_3263	4ceef5a1d821bb9ece0ae9521764a96c2d3980ec3ac24733bfea27dee9b73ca1
hprc4_L100000_3264	e9180511de8aad1c8b106ec7d83ba3da7d13141f82c50fa24b2f58a8b4b9a59f
hprc4_L100000_3265	e56f38ec5eac7e34b30b7250d76e342d1d456d15f4cbe3241d847a2241a17559
hprc4_L100000_3266	a44666c93713c2226e49c1b4cc069a70588156fd45ee525b42f703abb8116aa1
hprc4_L100000_3267	3215a6a1e4309e1551ac81d16881ca8bafe3fc43c47e908e18bef2fd76fea617
hprc4_L100000_3268	beb7bf25aff98fa841f57c4adaa063744998a9403ecd8192bb80d7a9d1385925
hprc4_L100000_3269	3c043fd36cc0ef04d451a5fe4f03e5fc879bd74cc3a3036f03d98de2fd0980e9
hprc4_L100000_3270	df3410795daa81202b41b5a1e0b7779406747b86a4690bcab2564d13a52dc8f2
hprc4_L100000_3271	f08ce5724afb3da0a859fbf5dfd40f57d387e8464b0829d5796a39274e8d61c6
hprc4_L100000_3272	6405e781f73a7462a5a44d252ca3ff0e7d72f02c662715355b65dc2f5b889597
hprc4_L100000_3273	bd20a6590125ef72cb30b2559aeb00b456d63f4a7b21d95db3d514811961106b
hprc4_L100000_3274	e497f18ac0013a3bafb1de8de038b594b65d1741108a6c7da654060b06d021fe
hprc4_L100000_3275	d228b0acdde410e97152f5c3d6fa5d1a9324ccefddc2b2d7850075f6802c0b9f
hprc4_L100000_3276	373d1814ddb08f72f0d6385761344989411e756542dc57b070ae73674e5c200d
hprc4_L100000_3277	5f59d14ec923e4cb6e20c0deabfaf78382408cecc1532751ebefb9310b596653
hprc4_L100000_3278	1753a7fbe178b103bf320b0fc38ed6b23e7ad8d645b06098ffa3e75a99031483
hprc4_L100000_3279	39aced4d1f219d56b41c721eafe2468ac4a07b48a8c787f73c4580320360e6e6
hprc4_L100000_3280	85deee023e461a2bc71c2efe3f544fe9be28a9c0ed677424600a03fc55b682af
hprc4_L100000_3281	7bb0817d89e27702d14687935d974146ad8b668083fa9e69ba4f7f596afa54f3
hprc4_L100000_3282	195834a76792721fdcfa75cded5bdca183acc2f2333799536929e7dc1eb2fb51
hprc4_L100000_3283	cf2542739c676ecb979bb8f3a91d990cfede56fb3af01692f7e4ea7162bb0271
hprc4_L100000_3284	57fcc3957f148d0ba66b49cf2212e3981c216af1f762ac13e3018f61eafebe52
hprc4_L100000_3285	0ad701b085e7570da407dc66822b7a55511d729a6a03516fb2156c194026f338
hprc4_L100000_3286	df2b5bf103eaebe420ef13691cbf7e2454ef93f207ad27d87a868505b27f68a3
hprc4_L100000_3287	d2b996f27c58ebcd6c2647f468c8b5f47bf11eea007a00459d00d1ef04099ec6
hprc4_L100000_3288	a150a6f891ccaa917b99e661b8d6cb118aa8cebcd9ef7f4643eb1e9473776031
hprc4_L100000_3289	b909fc41df9f493f61d6a0adeb963a0fd26591f08c00beb84d85c4012d79345f
hprc4_L100000_3290	eedc9ffa89a7cb7ec6f435b98f09f688e56d6420a1e46381c85e7c2733be2fef
hprc4_L100000_3291	8ac5bf05eee853479fe48ca8a66d6c764801415def86fecf3e7b8696595a8c32
hprc4_L100000_3292	524d0f54c571f61c6d9efbd5f1e8a9edf0c20304b3a13b60b39ba60d1fc19b0d
hprc4_L100000_3293	ef92c1a274af6438943e6d1bfc3f9a1a94f015285748bd0295339738f2721e58
hprc4_L100000_3294	0a606ec711cd6ac41905d7c3c73271282e20e93f844b9c3290d9931ca6317ced
hprc4_L100000_3295	951470254e8e473454418053d95b4dfe52a85f29bbf54b8aeb91a9ecc761e73d
hprc4_L100000_3296	a0e2d27cdc6a56c5d15c6c1326f1418f1ea99f1a3a2eab4339b477fb0f2321c1
hprc4_L100000_3297	4c454cacae3f02c2e7307b2da61cda54a760a22d38ce4456a9ad04446553760b
hprc4_L100000_3298	3c7ee5e30dd23f84a20d7aa37895d4c100af020359dc44139cde8beb9da64fe6
hprc4_L100000_3299	61e41a07ebe93f2f3f3c46f635676fbb437d8bc1373ad248420cd4c9f6f039e5
hprc4_L100000_3300	716cd902174404cc7cae46c0a33afaa210abf0726624332095ab35182e0357e3
hprc4_L100000_3301	c8292826011c5410b0776b68d6c2b1f3745d5d357f03c14b98ebfa28366a294c
hprc4_L100000_3302	d7e63b4791e9677068ae1f70dfc801289771ab4cabd6b0fca5289ccd88643114
hprc4_L100000_3303	96f31bbba0a31b6d06c28b9f1212acf4b1836cd1623e0976052ea17577d61906
hprc4_L100000_3304	eecbf29f6e66f89b250a43cf2ce602184c7511a0ee7f790ae7f57a4ed7ed9ee2
hprc4_L100000_3305	064b8bc170e0329d6f8e3e51437e78e25c09bd00beef935fe6526d41b9eff340
hprc4_L100000_3306	a67a517339151b8133e480b6051f47a355b67055588701f336b23877c3233b41
hprc4_L100000_3307	b0dff3cb30f3b052169807e414c4e1a9a2da84f875fca5ae957cd706e1e2975f
hprc4_L100000_3308	3f8ba438465b6f6d5bc0e751c3336bd63045dbb6505d15746f8b15d78fafa2b3
hprc4_L100000_3309	9936c7062fe6742e14ca659d43d20a62e647b70cf38db791181f25938a152700
hprc4_L100000_3310	9642d18f62d7229b827720fc4aa5e60e469d686f350ff2bde4ba15e5451310a4
hprc4_L100000_3311	29d42671b06c99ad2b3c4e5455458f300ac675a15e9a0b1e6b8f0b4f365f0e6c
hprc4_L100000_3312	faa159b3eb80d425472128398d45c2a14e4aadffa043aaf89370a0b0e7a11866
hprc4_L100000_3313	072e577549af18dc4f9d797878fda119bf9b2388a01d5041e6f5fe5112c27581
hprc4_L100000_3314	2dcbcedad1f55c65a4d651fd938e755350dcf676b06c551a03365f27540563fe
hprc4_L100000_3315	1fdd7b07fa98b754dc098f3430920fdadccdb31d9e07d5bd1ccb6a7479df2dae
hprc4_L100000_3316	b43454852f4493275a4cc1f55afee87681575cdd60bbcc5e46a577b136216df8
hprc4_L100000_3317	2fe89bb8d35c56b887faddb49eb5776c2fd3fc841ad865995c9619e6ec73e0da
hprc4_L100000_3318	caa9f68bdd8ffcc68f150394605406eaf65169f2167910ec436819f5598aba18
hprc4_L100000_3319	be74eb54f5b88ed6d04740c6791d5a4fb58fd76d4459044c3c927aad1649c4b5
hprc4_L100000_3320	d081952fad0c7d38028ab26fdb1bf92e3612dd5175dcbd28bd8a4aaf1c05f6ae
hprc4_L100000_3321	2cbc5f778d7940fe1b00f9631b3a6239f36fb75f36a7e0b7973206001a6c5560
hprc4_L100000_3322	b1fcb8b31e07fd761759753f666b803f2c3cd2d283c1845d15aa93e10335602b
hprc4_L100000_3323	35c1bfd9eeac9f6b77097114264307799271c0d4bc6c55bf88fac4615c88d401
hprc4_L100000_3324	199198efc26bdfd8e529e0dd5409327040f1989aa6f71de53cad13388cfcc573
hprc4_L100000_3325	54f71398f36b99ecd8b89feb4e4f2f283b5e7b82172110a3b56157356314691b
hprc4_L100000_3326	feaeeb612ecea4b27006dd2d03845b9f948448e2b556525611677efffd7a293f
hprc4_L100000_3327	f16174c5dc33f1a63a50f2842324de613035fc84e2623a21c02f10d6b1484c55
hprc4_L100000_3328	a579588f51552637b2c8f95d47996714540b5bd1d00ade1a854ba570e99fc0af
hprc4_L100000_3329	12bfb0d3203ae1a58bb013bfa0838972f4a98a9d7bb4f9c91fad013fef9fb02a
hprc4_L100000_3330	a3a1902db9064dd796aa85513a9d60f2dd42799a97d39e2c13016963a8b21e68
hprc4_L100000_3331	7100775e52af64107c6123e89054db87aa51556385ee3e8f8d415406752a5308
hprc4_L100000_3332	4ae5dcc5427499238d1ea9a6ef137708cbf57292a6dfced89288112febcbdd94
hprc4_L100000_3333	cd9f02c4fed19f14b92832b676e5973ce140e8a3c42e0ea247b40efb7b67f11b
hprc4_L100000_3334	d5132ca5840710e779181e9e14009eb231a14a45ba6b4c49e1ffe5f613074073
hprc4_L100000_3335	01910ac0f0e692ba8377d493b3ea68cdc6a9ae50bac85bd851c83722401682ce
hprc4_L100000_3336	59f85afdfcd480f361dd24aab775dce4074f226e3af445f032f61b5d7f07f6cb
hprc4_L100000_3337	72857b1d773e2fc35e110c6999fd323c22b711cd5a34559612088bd12ee313a0
hprc4_L100000_3338	2fcdd4e7e2e25e5db317930662830b646b2d873bbe64617d9aef85c29cc67621
hprc4_L100000_3339	af9412ff4a718d01b111be09fc5c3571ef2e817cb976dc3fe9f2e33341ac4dee
hprc4_L100000_3340	348f44ce381b5d89eb6dc99ee5ea3efe1993763c9ea5af87fc13e190395d58ee
hprc4_L100000_3341	98d336eb1862ab079d9e7efa36244a260743f9971ce9da7ca09babf9288eb167
hprc4_L100000_3342	3c58ec64fc238560dc81e3cda69ac912d03b2cbc146d1c5e2f47e7029b11662c
hprc4_L100000_3343	cd9e91e51157150a94f5132e518c727688aff0abf6ff062c8270204748734cfd
hprc4_L100000_3344	790a8b90d9942f848538b08bc02c502507069909947e9095cd295ef102b1a5bc
hprc4_L100000_3345	25c51dfb5b76ccaed832e98f3861326e052e6e8c75117fb5021ae21099e8141e
hprc4_L100000_3346	2509770bc3c6ee5805876b3fc964d22d9d2258307c88169aeeaed334920f10c5
hprc4_L100000_3347	d48ba00b1a5e9edeebbe55d097945d6a635813824ad2ec82620c66e598eaad8e
hprc4_L100000_3348	3da3bde9a94eef2c9c46038cde953e547827572f2e689ff28214d8010b6e12fa
hprc4_L100000_3349	06ff2b240e838ebdb641c4f3dd78e1c80209ca661619cd74a8eb780bc48af637
hprc4_L100000_3350	bd12ca71d799283e10e8ea474084df7ddd9a10692cf43c4d7ad16e6bad2c2064
hprc4_L100000_3351	6b0bb17693b17d72fed884829fc7eb98242d814ded7ce91604699ba28af91485
hprc4_L100000_3352	1f6b3d246a93bb78aca5d128474e7ae8234c4ab0c0071d396fd6b7a2d16fd2ec
hprc4_L100000_3353	e98275da72a40b92ab8efa4a45dd1f816ae3620f31e2df3d6c46873ff005b31c
hprc4_L100000_3354	d7a1b1e44e4e07412dfdd3d3a56dadce2d15c4e12a9e319131e1fae3592af8e9
hprc4_L100000_3355	4cb09142bf19ebc10ad711c8d6b419044bbc8ae1e1f0426f717e3dab6888e9c3
hprc4_L100000_3356	565526ca54ed7474868016ff655ea6061b1d35f35126eff5ccd8215396d2177b
hprc4_L100000_3357	feb39cfb132af2701c9a91599dfcca340dd1edcbba246e0ac306516fd3bc7951
hprc4_L100000_3358	926d92598b5260e1ed0d004def4f283c053e17ed3968df949729e4e9a5758dad
hprc4_L100000_3359	e4fe63d21ca3e14c2784f123541694a5bf15232a8087d89d01c1693fce0411f2
hprc4_L100000_3360	90a09415f2c28db6ae77e67af4d095f9bceff87ab07304f853dcbdb936b394d7
hprc4_L100000_3361	9f72178016f3985a7de3b408f710ac78d60f0e8cea66b0ce05bd8a51e136b6bd
hprc4_L100000_3362	f72fa82476d27c909fb95bdaa3ea28de069017c35a90d59103f94339bac0756d
hprc4_L100000_3363	f1bcc510605deb60f7380ffcb0b1daa85be66075d44eafa95fc544fc704fd165
hprc4_L100000_3364	cad8012f8a4f7c69ea0bd18ece6a80e9cd25cf871b2740657fe6ce43e417599c
hprc4_L100000_3365	749c08bade4f83e88c1965d77e2fc7a29af5fe3632e306d9549690485a7ebdb2
hprc4_L100000_3366	406320a35ee070b31bdcacb71d304cb24ff08ea8504037ca315b563a28f04b5f
hprc4_L100000_3367	17f12d45557e38d570c6c1ca5f78128482cf6bf188a98863a1246bb833f9e9ec
hprc4_L100000_3368	2bee0c9a40c2fafeede1a8e423c23e0c6b7ec2040b6729a0cbb842d4716fd209
hprc4_L100000_3369	cd5b5bc7bbb0a5bf4516bf6596af91b19db772e68c3faccb1666439474e1d106
hprc4_L100000_3370	c2119043a1c2041e2bf9cb7d37a6d7ceb4970b91d0a834c8ab794e648e664931
hprc4_L100000_3371	dbe88354551f0f7e8e0ebd39785685f3d588a833fc874f32375294c22bd8dceb
hprc4_L100000_3372	4e25b229cd2a8a0b3ea262fabe536c6e8fe619c0a2fa961c1e0e35c518fd1d62
hprc4_L100000_3373	a6e31a58d81ea251808f31c75032e8a261401a43162a8ec97c4357232e71251e
hprc4_L100000_3374	462094ebc17a09127041c62626c81e4163644c2a340d7811094a9cb348d2f940
hprc4_L100000_3375	fcd23308583f91d48f4a11760651f471f028316d311e47eff323ea35990ae6e9
hprc4_L100000_3376	9684ce91f943304a80c7fa4ba9bfc4ea75fa18e35aface0ca260dd28ec501642
hprc4_L100000_3377	0ab371e1d78a0b2047272bc53245ec228b5a2519bc592d3ba35a22ee57730a15
hprc4_L100000_3378	94a38340d5e2e883f0715f31ca6095ab4cc0003934723d065b5e8ee1f770db76
hprc4_L100000_3379	1806a6dcb621587157c05dcc8791343d766c30c2da3e369ca06cdbd3e910776a
hprc4_L100000_3380	f736e6c9de290bf32244216230e25ff82d69dd67e044520dbada47cc0fdf9576
hprc4_L100000_3381	1652746bef0e6e1a85586efaec2d43fae5e82bfa259ba69494b0cd8e04c056e6
hprc4_L100000_3382	f33a2383ffe3e4053baa818bef6204512376e0ba58f98c1a6c759b9ea4396dd8
hprc4_L100000_3383	96373f47419b117da49bc6d068c1c64a68d368bf0b3ffc81dce76e7fdb201cef
hprc4_L100000_3384	048ee1c6048679877a0b17b99d0b721b012369c17e8f831b9c0d8ff670615028
hprc4_L100000_3385	b84a32df99ff90d6ea5a024c3d7dcff2a08a2e169cb2ba88c7359ba41fedc2ba
hprc4_L100000_3386	5d5dc25a2acde8a79cfa83825d349d9bbe043ef04c5151383dc16bf6a4d585ca
hprc4_L100000_3387	56d665b5f68ee661256a3af85f3589bd207d16e64157cd27466fdf09a59573dc
hprc4_L100000_3388	70e4da3efb7205368aa9e43131abe84e00563af9a671edbc25da2e1d5beae87b
hprc4_L100000_3389	dbae7d1cfa48ffb45f92e9334645ef58b0127fa501bfee44ac0a3191f7cc8a20
hprc4_L100000_3390	bf3c544527e715fc1b5b71ffbb131218dd45b67d62f830aaa131235c00189a65
hprc4_L100000_3391	36f6b60e613f2282b0a4a53a32421bfad0fb3182b12abb8f7346522da151e407
hprc4_L100000_3392	10e5880619f56a9342ba1972bd6df234f4960d9dc7e80e09342fd4a92ffceb0f
hprc4_L100000_3393	f2cb5870d243c3dcfbca9cdb4dcc08840695f478d6bbb4f82aeaf06b6fc2d4c0
hprc4_L100000_3394	f415023e99f43b770aad470553ca0757c3c1518cee4354a7e8b51ac0fea70630
hprc4_L100000_3395	40cabb29c3f9d6a1fc39c2cfe62998ade4aff9b9fde18ecb4bf32fd006fee274
hprc4_L100000_3396	b0d04b119f732a7dbae4952a6a052e1d2e54fe80a6f82841f613cb96d5547f4f
hprc4_L100000_3397	f3e39c069923fbdeffc898caa149218ef07549860f39e385a39399b217a88eba
hprc4_L100000_3398	184f9f467ce7d8af0aff4f1a6957c1d8c52fd5a148ecf263d1a5eda8018c4e8b
hprc4_L100000_3399	5d9c422fe0d63f2b8939bb6e7e3d48252707ab02058f3057cabd425b89785c6d
hprc4_L100000_3400	06925c1b5e9b9d27f559f41b7a95883b8ceff0ca339e736aa5309035faf43c74
hprc4_L100000_3401	9297dd8b8ef09d780b00fc347b28f2ff4d5b5874df87bc942a0032b752197e01
hprc4_L100000_3402	590bfb7168a09ff546897eb41065989ee9d23c8517fa5f44b8f962cf57fda138
hprc4_L100000_3403	1dfebeb76f9f12b87bd6fd0d4766d3ea99e8e1326ad082cf1181f2b684ab62f0
hprc4_L100000_3404	691d5e4b7ff94f44fa1e923acde9329273a9c41f1c9ed15821c2c58e303647e9
hprc4_L100000_3405	3142621e536c92206c7379bb044056ec7924ade142e0fc5025077576b4a80347
hprc4_L100000_3406	0d208efe0fa8a9891f246655ec7fab589e3b8ba633f7929af20ea1e6e25e1dc1
hprc4_L100000_3407	cbbb472444f44fa607d55b097faa826fa946a2b6752f251e6945bb1e328b3c00
hprc4_L100000_3408	45ce3ccf20767de7c36534011b7c977783bbeea13c3cfe97e60113792ff56544
hprc4_L100000_3409	d4e5229fde397e19b1d9a1f05ac2fee761f1aa0cb42c09e8f3e5c063ee51e77e
hprc4_L100000_3410	0eee4e3b13bdedd6f95efda3f7e387fdde1ab71dac64c8f441562dffe677fb4c
hprc4_L100000_3411	29211df94d0be167c0614ec2118275d6f33aabffbd97a42f6d1827cd934af730
hprc4_L100000_3412	d5ceab0000082c20c7317423c1fc0143418d5fd66e9a6e91fa37a7717d27a0f5
hprc4_L100000_3413	3239853766cbf2a84da9522db02b7638deb6beccf51dc2917cc4925d8140e839
hprc4_L100000_3414	ce0e7440824bbdef970740a66e19706b276c1b513b1e07133927a19bb1a38f3c
hprc4_L100000_3415	21c59320adb4d8e94a47978a694e82cf9a1e519a20d04ae001f70e4dc28f07b4
hprc4_L100000_3416	59963a4588c5b956b68d25df19804558decdbb09a6dcbd4991d75e784682358a
hprc4_L100000_3417	297094956699d53d8299c5e6fe0cc02f0f649f690986671d05859d646370ae62
hprc4_L100000_3418	26e0c7ac2b30ffd370e2af1159f2763efcbee02d444b0b20cc783535a083dbe3
hprc4_L100000_3419	e429457803d51b6debe50d5559820ca15ed9a581b673e3d9f83df8ab9ba691dc
hprc4_L100000_3420	521e29a57c45e139d06364ab575065ffdeb3eed1a1334426daf5c6d6ac509568
hprc4_L100000_3421	ad68f1e62e86235a7d36eeeeabbd2d1a210789d417e68816702c6f27f7d17814
hprc4_L100000_3422	5e7dfdb6570950bac95bb25b832fd0ee500f4af153329212f468b8ac21a7fdab
hprc4_L100000_3423	db827263c4525af4aa5925d95796eaff9b4348960373890bdedba2606fc71c65
hprc4_L100000_3424	955c788936a61ee85dd2b2fa4a0df09f1164a4c901cc26ce953776e26dd6857d
hprc4_L100000_3425	0a5501708240f684d7f875ab422c50fbdd03382b65a04c8de54047df7c22e228
hprc4_L100000_3426	cfbbb1adc62bfdcc296117ced9344f2be396575d8d310e45e15b38319e5f6597
hprc4_L100000_3427	9cce20e4f034a0691ee4725c75430a32e3147b1364755610fc099b4d6e512987
hprc4_L100000_3428	8a1df3277aec78b874455fe14f28947c25f029688cd9558365f2552f1b4171ad
hprc4_L100000_3429	0a998e20558e0f39948cb9769f5de04f47cf5d3aaa9591af57281a076527a274
hprc4_L100000_3430	3191e53908f9d91379ca6da88b328669661f0d3dce9cae0ee433abf09fbcb84c
hprc4_L100000_3431	90fcc850628efaa5c70deb93f6e807b2da7825db6570198f668004a368417643
hprc4_L100000_3432	550b22f3f507c344b271a207632963eb3421826059efe1a01b13b73cd4369e79
hprc4_L100000_3433	b25f9a36132ca9081c4ee0a4775293905b82b13fe4df8166a20171633ba12ba3
hprc4_L100000_3434	2f7a4811dc5f7f504fdfc684d7fed5df4547a822eab59d99d60dafe77d58d979
hprc4_L100000_3435	e0efc1973130b91117060b5cc5cf7ebb7c80adabd2091645c299d8be9593f665
hprc4_L100000_3436	83ecb849fdfd3456c989505a8b292dc0c8ad74eeacbf83613be9a15101cf64ea
hprc4_L100000_3437	4eed166f13d3c1e891fd2e7082bf1fe719e5bf3555e91276b46abaf129658727
hprc4_L100000_3438	b5ae711be5647c155fea19423740baf1e21c981d8710e946b512910f0f000e03
hprc4_L100000_3439	4a190ffee81581e399dad5ca366afd28e548d6592e3360322268a799ed80f210
hprc4_L100000_3440	0793e97fbc27bd228fd534324e10425067285fc4fee97a88c0ad071c36e7f8dd
hprc4_L100000_3441	7a75d25763998dfdfc248072a72fb865088dba3f7cf1e91b9f2a705f01cf50a5
hprc4_L100000_3442	4c91e8d76bbfd8b6b422108eef842deb691cd7711f847ebdc7bde69f22548215
hprc4_L100000_3443	c2e612c6a0ea16a6359bffdc1fc3300e15761c349d1785247e158f8ecc8a7500
hprc4_L100000_3444	34861791ea43d33197ffe34e916b19d27b81d016df0c0cb55d00902f57d99c6f
hprc4_L100000_3445	299e80cb178194618712f9abe2576427b9d7ceb5c0a1c7e6784933e8952b372d
hprc4_L100000_3446	ce1b8ba976f70b346888fe7a049e09481519669f4d712d10d1e4ea186001e0f0
hprc4_L100000_3447	e34c98aa39bce25358dba2966a4dbd26d01c9d953ba45d01cf8e0d5cef6f619b
hprc4_L100000_3448	86c8294571f5390c9180cb303ae0df2de8b3502d77e89d571cd4a8fd34243c7b
hprc4_L100000_3449	2291711498762f1a49d3cc77865600e325dcb3e1f802de154bd830abaae181b2
hprc4_L100000_3450	94026090fe9a9436866454b100b0accbed180a903a8719579665678e5600b6e1
hprc4_L100000_3451	8452249145ba1ab77c622bcf9226c7e59556caa03694eef16565162a22dc2562
hprc4_L100000_3452	4026cecad556330bd31cd0106f95d0176de467753fefe05c7ecffa250cb38312
hprc4_L100000_3453	36ad94fcf0d35b889338f51d1306d42a457dc7bc2b4a7223d14e9420e9a9c8a9
hprc4_L100000_3454	135cebb713a5bf4621a9f2fa1c0c1ccbecd22769437e9ce6aad47df24d59b3d5
hprc4_L100000_3455	1f4b239a4658fa52160fc3179b8932d2d820c1c58c42e29b4326279ed671566e
hprc4_L100000_3456	436d8a57686a0ba1bcda4338126dda0a9e872568e9e4cb8c0c9e0e9b3df32688
hprc4_L100000_3457	df387211fad03e0e44e52a7b1c49805a994c13da6322a3c6d73d5891c0992965
hprc4_L100000_3458	7d38c1f234e4e4ae888f32629bfaa4a95319e2cecb169a795d9087cc0906a0b5
hprc4_L100000_3459	c7add7300e004b82a5b92e6b738d63931292758c9834e5ff966caf27810f9a56
hprc4_L100000_3460	9d3f403685cac7b1cf7d9c67859826765c92893fee7860af63ae5e273ceb5339
hprc4_L100000_3461	78f9d0ed56f78e6446f6dcd4f165aafaafe71c87f8d62d7acc5c1ca5202962db
hprc4_L100000_3462	2d1e85da10fa9e6c2176681da1e8d8f2822351b5bf752a233027a35dded7055b
hprc4_L100000_3463	58c67985245d22d82eca2eea9132fe1bb596f5a95febee97b98fcd79759c2930
hprc4_L100000_3464	66c3a4955f4c181dbd1d95c3d77521ef7f886a247146495dc84dd53083af2cd5
hprc4_L100000_3465	e48f3c6e606f0a767058a8eef64e518424e4494236510820cab68c01b10b6a10
hprc4_L100000_3466	4caee3f56ff91f543d946d8ed3b0c70a372e6427069c3243bab869bf3069205a
hprc4_L100000_3467	ad9a35a2e4aafd8b063bf6298835f51cd9fb6225deb762286d1487cb76ac290e
hprc4_L100000_3468	5441d0c56d5f98f6418941e74683dc3614e22e5dc50828fe817d2eda49f41228
hprc4_L100000_3469	2faa627760f0b02d1d3fda065670ce25dbb49ace94efba1b90114abb8a1f4c4a
hprc4_L100000_3470	8c2532cbc2f17c4ef18a271b181677c3ae0d750faa031c4905ed3e4318f7f000
hprc4_L100000_3471	0cd4d28cd739402e466d429f7dd8965116d6ae8d6eca4c3575ab98bbd68eb7e2
hprc4_L100000_3472	f04b2e94d380dd1500cd86820e1658c0234025679a10ac9eaa179778a6960653
hprc4_L100000_3473	1fcc7607574770664742bb79cd9fd90cfc34c8730c9dc087fd9e53e0483e3369
hprc4_L100000_3474	30800b39270805f8206d283e89a0efd560b9ea1084c62710a5c54e1438b02431
hprc4_L100000_3475	26737f0805f6320f846468968e95d3531439e213b1979f06e8b5206647ba3f2b
hprc4_L100000_3476	36164cb5a7fc439f2f474c441e5ac08df234f490e0aa6de12da61a1e7a49e298
hprc4_L100000_3477	44c4a269b73a737d2a26fcd7d7898e762d4ca56c818e46cdb47b79490a9839c3
hprc4_L100000_3478	835cd18712c297de4641db04b0fd5601c7fe09e01f465a9a014d76e54771d6a2
hprc4_L100000_3479	6324dd72abc03b77e58eb9fbbdbd0305fa5b636e7f1ab5a1901a62f846129126
hprc4_L100000_3480	cfbeb2642fc8ef450018e5bc1e42f83d607daf3d4596f29a94ed5849b53e4121
hprc4_L100000_3481	c934c5e37cc9153e06548753f126e576214929b2bd46595accb9d1e130020096
hprc4_L100000_3482	8ce2b9518445e6c71fb1cda1e649f84584992a972324d0139ef2851258f8f1dd
hprc4_L100000_3483	9eb8fcdb37abd0f1ca8571bf05ba8ff0234b786fbc54b7a434aacb6cff5fde97
hprc4_L100000_3484	42f8b1ef1a6dd9584a760beb1148abc6aa846a141fc4369c1dbb4e5c1022a76b
hprc4_L100000_3485	849da2b8f5535e8af982e4d2c5b88aeddd806d9d13941ccb025686f1bb1ffdda
hprc4_L100000_3486	894d76049d635de4032c0d95512b544ddbc64e1e69a62b4a1c6158b45f604e19
hprc4_L100000_3487	52f20715129b2c3d81ef6b980d67fb4b6c6e8f689142dc631d648fac4b7b3ad0
hprc4_L100000_3488	caa41e9a5fd63bd92ebb975cbd3f70897654ce4d132424e8ad2671ce3391d8f8
hprc4_L100000_3489	4213acfd2eaeaba41ef188f1a70863da7ec49fc9294a80bc84c29f92b350b876
hprc4_L100000_3490	2f1e060c95b49f639983e29be69e1139c36c297533682aba56d1414050c63ba6
hprc4_L100000_3491	ab129a911e9eaa2528c868e3f1af2d4b237b337fa491d7b59fb283e110387d2e
hprc4_L100000_3492	4ee45e1c8c48c22e16f0a8f91fa9da15ba7be78a773090f9d59621cee51dcc8f
hprc4_L100000_3493	07529e01042cf327ade0952654fc704c6a5539782afc870a40bbc5c7c9cbd93d
hprc4_L100000_3494	4a6b142e1a1ba91b9c01f53e0ffa5d9384ecf63fc169ffb93205d62ae655ab9f
hprc4_L100000_3495	55e2039bed542d4afa221cb1a197547b912283426918067dfa1e6c9a16dfd004
hprc4_L100000_3496	17eaa37aaa34f59d0933b30571e10bbe5fc3649ae9a00ef55f7694e001529fc2
hprc4_L100000_3497	1dc4464e9518b0668fe37cae9d5d56ff166ce5c17eae7d60a669942787d4715c
hprc4_L100000_3498	eb0562942a0a4167a896c9fa1dbc9f61773b08a94a3911ab528babdcb4e1494c
hprc4_L100000_3499	edbeaeecd8c5a163f4f7956cb12b40d3c66f872f5a8b5e75cf721741c89e02d4
hprc4_L100000_3500	5d33a0df8822acd3c4e3ee949a9d986eaf2bbd1c0a8bc67b406506e6a364aeec
hprc4_L100000_3501	c89b063d9840360d7e280292736a9c32c35a0b7be45634a2e139e553e0581c50
hprc4_L100000_3502	0ae6d04a1a9bc82ebd2cb100d098e44f08a00fdbea35d188cf06d5123d71aa83
hprc4_L100000_3503	37ab4540cd62f16dc2055a6d8f2625d3fa069fb22e8cefae5bc49700e1cd1ad8
hprc4_L100000_3504	5a30e04d4dbea04825520f8311e8e97d5cc7d83b53f4f38283c6565bc993616f
hprc4_L100000_3505	5f7920be88c36aa2328064ede9aa42ebcb43a141e2f5f4a04ea73dcbce4bd255
hprc4_L100000_3506	9e06dea103cd32a292f70162b9e3f46245946de8b45b69a24db7963725811d7f
hprc4_L100000_3507	610e6f638d41d731d7ae0616728b1d5e04d36418902bc968e4267db954a60449
hprc4_L100000_3508	d5371ab3d7d7e1d3997db172cf1beacddbf999da5cf78fe89aa71e5517f6c6c7
hprc4_L100000_3509	28406b522f873b449033a2c9fb88023c7248f000d2bb1d823bca1833746cde34
hprc4_L100000_3510	686f746f0e37405fde53b9c0be0263fa8252bc732653b6fcffad562614a8612a
hprc4_L100000_3511	92dc58289dde0993d68c5ecce522f7fcd7263b7bec894dfd54c50d3502930112
hprc4_L100000_3512	3f64d28b1b681b7a6644c3da11bfff328311721fc861f81f66fcf003215cb318
hprc4_L100000_3513	15a40190a0bc7d291d601b4791e99829bdef199fd6332c4afad4e3f5414ac7e6
hprc4_L100000_3514	ee9c4c6a5f5d702e69cf6a6b9d45597cc15d5c2983fa6b4e7c64e1261d3ddbbe
hprc4_L100000_3515	51cf5aed7f1fb2969e81c23ff5ef48d97ab9f4d217e6befb401687d7024dd289
hprc4_L100000_3516	da9c56503a90d17d48e35190a73a2db25250f38c74ad74e1e47b607ce1be892e
hprc4_L100000_3517	003458eac69d92f9eb88c8527d0842b83677c1dbf6e16a867e0c5297dbc6a438
hprc4_L100000_3518	34b9721dbef37a3a719ee77c9c3fc7eb373a74a3c2746d74d5967bc32477e5a8
hprc4_L100000_3519	a37f8f2331967af377cc53a17cf201c0505e48db16b1a40f76f72f4def188872
hprc4_L100000_3520	9159814bbbd8bcdae1eb9f1c8ac4108b26a4c9af82b82bce5404786ef4222270
hprc4_L100000_3521	77226cf64cf222937023164ceac73c20cd7d8b9a3bb6e737c544e82d6682eb3c
hprc4_L100000_3522	cba44e4ec727558ad6aaa6679d885068270b37665fb6077849f22bbab65d862c
hprc4_L100000_3523	2cd8f06fd4136da797a78b3e676486679b9235358ce86616628c6c09e0f231f8
hprc4_L100000_3524	8e694bf39d824eb48427763101f8ea2e15b1073a192e0491ef52cc4138d98df4
hprc4_L100000_3525	6c27ec70463a45e7f97be98262c96f0bf97226afd14550aedfd0d2a37284862f
hprc4_L100000_3526	4fe3c155de85e2fc4cb8c0a6fb86658150436558236ad094c6e5f73c8bd844f8
hprc4_L100000_3527	466ad963f5adc913c914009fe535e52e9053c71388e6d394bb927929182f8314
hprc4_L100000_3528	b6583c74d7d095d57cbe60d42ad5ef4d5365e162fef37db3d0a3aa1a77d18ba8
hprc4_L100000_3529	d924d4282a7445c62257b3a1860eed290c4222076eb26ffc05f5352e5a9cd4f2
hprc4_L100000_3530	5b50f8d9209cd8163a9c0403a19da133c679f860ae20b480f1644a5915373fc1
hprc4_L100000_3531	c8ccbd7c871eb6745a0fc8a9356a25d4d2be0eab3e6ac105ce139fae1b1dd870
hprc4_L100000_3532	8ce594cc457781fdf40b1ab75c7fc0bb8867b4d7d540b03cef874c211db28d65
hprc4_L100000_3533	92be215efbf515e82b27f6ff03ce40d51f1aefe347d05d0169055bc147fa1cb4
hprc4_L100000_3534	1874af283a8a69d0ec86fe5012e078244103719028d2f6765bb71b8ef155be1e
hprc4_L100000_3535	ef599dcd8fbaad4b291be4dca9ac853863e31043991722dac4aa6d9d153b548b
hprc4_L100000_3536	87d345a11f10f78308b23216e28e03b898b8ea6299c0c2c653b3969db1545428
hprc4_L100000_3537	abf3966cb79c1cbc58f71d2562aa8facb124b90d61eeee8690a3e505584aa172
hprc4_L100000_3538	9d742d848a4c12bf40975408f4343c705508c9d3add5f6c3315edccc0b647fd8
hprc4_L100000_3539	c8c390763d112fcfa739f243f7365f4f4322c1884d2e8338ec5662719a300a07
hprc4_L100000_3540	e72c36285bf59b443eec6296ef89bfdbf560226f18e74325b76f06868bf80e27
hprc4_L100000_3541	a1c2627682def040def85de5fb3b340787f07b6391c178d4f4790c6c648fc170
hprc4_L100000_3542	42d413c149c3b5bf8b4204dfd86d6f61a6e8ca40797d2f4cba23893745d0931d
hprc4_L100000_3543	7bfd307dae26416b6b4b4a0db7feef4fe3d38a2cff28eb17a2f46d5caa411390
hprc4_L100000_3544	426e9bfaf7faf5091d39524b6ed54bbf81590c879dfdf9f29c21417a8d0ecc7d
hprc4_L100000_3545	9fbcfbbd7f9ab337a277172a150ec5a4a49408d4b921128f3a43d6660360cf8d
hprc4_L100000_3546	165423188e97c048fb91a9f1b4868f4fb09244d9f8ed968914a6486f9d40118f
hprc4_L100000_3547	99f54073c907957b5a066f2207fcbcef94bcecb4b8d66ce144822cf309f8de5c
hprc4_L100000_3548	6b5803cc2d1b50138ad021d53b9b6a27dac5879db1463946cffe3618f7d2111b
hprc4_L100000_3549	6fe0d627387f0f30946dcfff02d3e1618b9454a4db44e507233762309b82b683
hprc4_L100000_3550	2fa9aba2f10ad779bce43e0784b95b0f3a03fba59df0eb9ad9727fb933ae8cdf
hprc4_L100000_3551	922feb48aa066b1e8744ea938a3d7582b58a9ceb7c030747e1d8c43cf28530b4
hprc4_L100000_3552	f4c37e89b2dcbccce3961bd5151ce449abdb4b92f07f7a5c70981a9d558821f7
hprc4_L100000_3553	bf06e54fba959e44eef927011faaf2f2e48a6fe7072b716f85af1527c9b2df1d
hprc4_L100000_3554	57d8ff77d01cb28f267498a8ffdedaa8bb97f628e69ea2be213b8ec73041661f
hprc4_L100000_3555	a0da5f35e8b9633bb1120c36e06a0e7cf789650ffb50de48d1b4ec917cfce639
hprc4_L100000_3556	5ed0a47eab0a27578dc7507cf5f7f1f36dab1578abbd733f34b8b78902814fff
hprc4_L100000_3557	eb04d8b197182cff897d99a4e8b1896d620c5c4a3017b1dc3054a96dc0a372c5
hprc4_L100000_3558	5962952c4a6aa109c9a351a8f2ad8ff9b8b742be8a5a2e584987690a461346e3
hprc4_L100000_3559	d9c0abdb5b1aefa6f45c24c747de40153f18ca2fa5ba1cef744057fbb16a0097
hprc4_L100000_3560	4f28629e28efa050ad57bdd7d9afa06b34494e2ed2ca3d67efe65f688444f6b8
hprc4_L100000_3561	7c7401b229ebd1584d674f3fc04f7f1f02472902807cdfadc5285c7eb36681c5
hprc4_L100000_3562	297cc4ca32d878fcc66bcc62e111a4c6fa053575e6a8e63c4170f4f3f27c62b8
hprc4_L100000_3563	99c23deeff891362274c1d7ea10a94f5556a72e08b722468acff626210f611f3
hprc4_L100000_3564	9026bd6137bbdef71ca19e251f23303766be37b28caf02307fc0768c97b47039
hprc4_L100000_3565	330ac99da62aab7da43d59055c8a251907ea2b1ef119b057bd257434c5d0b923
hprc4_L100000_3566	d156fd4cc80b818751995a3c032f78bbc42759a6e1fc9afeedf95290bb967fa4
hprc4_L100000_3567	91811da647f107dc1858e8d15c692e0c6e867281ee258fbe2d04786a3556d975
hprc4_L100000_3568	8b9499e11bb9d71a57169ac0576752241ac0822164f4d2a157fc86b3ebde309b
hprc4_L100000_3569	c0c87b37700d71c763a5bb71bc426b29bac343d19b131965345f554aafd2a6e8
hprc4_L100000_3570	825147dcf345e5ef847c2c9cf505dc0692624b6c90893e13897b7a1debe703c0
hprc4_L100000_3571	b923ad44c87dbbe3f8c91a8438ce6048abddced3f1549f9be349ce0b3fa83b66
hprc4_L100000_3572	0a6bab96a4073d31beb3a271a5e14c0851e8afadc811563a5be4bf5aa1793da9
hprc4_L100000_3573	ac7011fc51a722499b1224123fc366b54a896e5e625cdb1212041ed913b767c4
hprc4_L100000_3574	cf63758645b19b29deeed884e1c88b4809fe0ee0b6e92031d0d10e46fb8329e5
hprc4_L100000_3575	e836e31a8505dd2579a7918fa58a5c1bf3b66d156831ff4b9764805eab546b0e
hprc4_L100000_3576	6fd4ba736a4c1395c83bb6a33951867273ab50a9a27ba7b9cfec54b593377e64
hprc4_L100000_3577	573f239d5600cdec21ee130ee119256ee0a614a8858159dca3bcb06a3abe4a28
hprc4_L100000_3578	07cf9813afd08c524ecfba988c7bed1c461597b3c5b88d3f61906cd0729ecb0f
hprc4_L100000_3579	c8cb0277e7c99339b31c90c4b0918641b90035bc04bc876b9b524107c7cd572d
hprc4_L100000_3580	de8441ad24cbec7120dd07e916ddf686cbd9ed5f9b51b3f0698c39a9d0857b1e
hprc4_L100000_3581	cbc295bae385ba99ae7a41ad6027af7b6b529a2aefaafc78bbab926cbf5b2840
hprc4_L100000_3582	48166b66f71f8e15b23366766755caaf0487953cd7cd126ac1725ff6ac9e3c26
hprc4_L100000_3583	3e9df7680424b5550dc6676a874468f4f23b7fd8554da1f891b62f1f3f29dbf3
hprc4_L100000_3584	0a5590289d045e348c624303c888e1048dcbf96de2347800e225c24f9694d1b8
hprc4_L100000_3585	58ee277a3060cee34ce2d271b04f6fb95c2b56ed8571dbfb9e793e098eb601ac
hprc4_L100000_3586	7469e242ef7ecbffa34b28bf6551922a735ba69761df2a54139dbbb73ca85f70
hprc4_L100000_3587	34ea149935593a88387e2f05a1664b5d97473725d0ca78c569bb7639a3efae97
hprc4_L100000_3588	d61756e44dc1755af4a2f883b64a30495e0e43a1d0a7a8136e318847be33cef1
hprc4_L100000_3589	51a5f64f0e25a31680bda9c415a01cb47a69a837d4ffbae32c9d4b6be4a0bb6a
hprc4_L100000_3590	b3857c2ed0286e0339d0d44afcaa5d82308fdcc89ce8f593e075067d240d1b66
hprc4_L100000_3591	0c165f6035020d14204962c76874fb595580de4087db03e4aa3c175bc328798c
hprc4_L100000_3592	20dce73fbe501e518f47df7b194d6af61ea690ebc9a800b6b4dc050557d88450
hprc4_L100000_3593	a48d8f0e179f3be92720aa784ed0aba90ac6c992641ddfff963e4c9b40b3caa8
hprc4_L100000_3594	5202a27061688235d07c50b56cf372ea77dc2132ce7c91748a5834c34b5c5462
hprc4_L100000_3595	9cf5f4f4ee19bd6067fcec958d63889ee9a84c029f7a614ab5bbc35383d85830
hprc4_L100000_3596	b4c2aaa2c7ea1712fd62a9c916955042cf2e30e9a4ebe12716dddae801e2fdd6
hprc4_L100000_3597	6be54a83c8bc087fb8d43003ac512ac92037efdd7f91b6928318f43b9f16db8d
hprc4_L100000_3598	d45cfcae0d35d23ae8dbeea62272cad97f92119eeae4a66db9e42ea6ea4d409a
hprc4_L100000_3599	95346550f273c01a86d80e163a717ae43bc145b5f2f4d29ca1ea55b44a6ae9b3
hprc4_L100000_3600	3f4b722e1d270a459d65d685ac88d645865cb6eb12fd5da75e69ae807635fa4d
hprc4_L100000_3601	92a419ddf9cb2059328a1beb66cb3d895220386f7e1cb1e846900261348755ac
hprc4_L100000_3602	8de01dea4e0b90c84971b7cee9402f0db5537434fe1daa469985ef65b855582c
hprc4_L100000_3603	5553b959b2bbfb8a62af594286ad38a7089ba0320812ffa6509953c5ac35b69b
hprc4_L100000_3604	2ce06aa25e573c38e5594b43601dfc1b68a422436d19ce0ea5da0facbd3ba486
hprc4_L100000_3605	1a8c65a51e7f1c0db26236612ad5c497d7956613548f366df4d0ba201e8ab189
hprc4_L100000_3606	e74e1a558680d5bc32bf065cd27cd41a2798efbf304857ba53e7b01797c76e8f
hprc4_L100000_3607	e54fbfdd75475b2d190d164b974c632def7d8ae2861f79fea480bcdc8e9bd0ff
hprc4_L100000_3608	0f0bd5de156e3a076aefe2cc983451d82b3f647922d1c03da4495ea581561240
hprc4_L100000_3609	c06df71c92ad1851b60b4c568e1356a641acabb38de5c93615780230735b94b6
hprc4_L100000_3610	5f48355414dfa6fe193782b4e7b95c3a40e7115e37d3aff825515643a5b58d89
hprc4_L100000_3611	3fd9cc6e2218e66e3d100f0f2b491e858bc30874c8f3488707444684a8acd316
hprc4_L100000_3612	370383b85bfb3038d6ae5ea61ca07dd848b367182aedc99e4aee14a0784ee5ce
hprc4_L100000_3613	d60cd567d4f4319f830900830589c34d41262322f6eecf012bc374fedc3b455b
hprc4_L100000_3614	645bb7164a98f46dac42a86a9c96b6d423c24d486dfe0fb7c318c8904465cbda
hprc4_L100000_3615	2f37c919e21283ef2c0b152fb6e7eaef7846ddc8e9cd21181630ca897439ac43
hprc4_L100000_3616	ed6b23a45215f229b922ba2486dc95f285e25a66c505bb1feb8ccee3f3db725f
hprc4_L100000_3617	4255c3839b254a518fdde4d072a42d16c32822cf51bc7a97b5a0dce2fde1e2a4
hprc4_L100000_3618	87b50aa56332d50476ec42ee073391b489d4a61c355dd548275375701b7b7f2d
hprc4_L100000_3619	1aa362bbe7d451736d98a6f16b6d4db66f7315d88679594cc49f11c0a625e807
hprc4_L100000_3620	978351d750e3364a6c42f290be2bc9486d8053a695555706b6b727f09ffab3fa
hprc4_L100000_3621	d5ae526175cc56f0797276cb782a5610705663681353baae53c36974de25d9cc
hprc4_L100000_3622	4a73d6d441358611456777defa687e6e6d9f94fa087890cc7307e901814d8c28
hprc4_L100000_3623	be3a82b52b9140794ee49c9aecc01ff64ac25f960f0418b03fb67049ecdd8d60
hprc4_L100000_3624	ea6c49bc82c5b6965288dc8a45182d61fad610605b45eff004b6c8e3e26141d3
hprc4_L100000_3625	2d25af5d7420a5527a1148e69942c2bba64fb4deb6e2d90d25d173a1468a3890
hprc4_L100000_3626	eb27ec00d140c15ae9c6cde593305dd3073a7cb5afdf6b9d7f25d2d0bf2086d0
hprc4_L100000_3627	f2b75293808d23b473041b1b63e688b2e943d803decdf3629fa966a4a6f64422
hprc4_L100000_3628	27ebb32057e92303c6308fd5d2a36dfa79c618e93e9f818c0dfb4115ca004fca
hprc4_L100000_3629	fb904ac855d11c125ccf15674943f5b184cacbcee68a28df37f3baa9e171fae9
hprc4_L100000_3630	b753a499238a34e14b92b3de644024a8bdad66c2785c997a619a52d6f57026a6
hprc4_L100000_3631	75b97e04583e9707b088f65bb4826cb5f1fd88cccfe8bb7bbd28664881a3da41
hprc4_L100000_3632	7d01bcd99e0f3d6fa82e9ec6ef6b0c5a54d9ecee799126ffbf624ecf068dc436
hprc4_L100000_3633	ed682efa9a49bb5e47e4d53791a72630da288d58c96b7659b497ad76a35d48e7
hprc4_L100000_3634	78edddf6881fd9d64212c2cda6a73eea1ea834673e9dbf4937bafc63cea2f9d8
hprc4_L100000_3635	65e7cdcdbd8b813c5e604754756a63a0a6e5f4cde51c0566436531cf196f3872
hprc4_L100000_3636	0c6c6a9e0a1fcff0cd86b7aa857ecda02d116b97d1b7c9e6880c65c0e7b5f47c
hprc4_L100000_3637	a70513d7c3a6752b4041e9842f67566c41461195764af0794c9cf171697b6723
hprc4_L100000_3638	968fe54ec3f86795478b7a0613d26ad19e2037ae2d07f793a662bbbbc47398c0
hprc4_L100000_3639	26d329672fe05058ae4aea97affd3cd50c87bc3e819d272ffc0975be793082d3
hprc4_L100000_3640	51c7414f66b483e3f322e2d1f550a2076115950b1231da2abdb9e8717a1968da
hprc4_L100000_3641	f8affb268741a7f9c68f749bbb2ee55181d33875f96672c2c4c698c9467292fb
hprc4_L100000_3642	8c2eb5dc7def23a7f1e0928edb09b3ad4ce96a1976f131ea1c43e9a8aeb95adc
hprc4_L100000_3643	e0949144aeb65c56914add1cf1bc2bbfd9f4d2e1f2f223701570dd072ca9d616
hprc4_L100000_3644	99f6c0c8beff035d90c2ffc4e6105605996c08c56faa53256c731590998c1503
hprc4_L100000_3645	06e304557e8a53e1f42c6dc1c8165b65c28d973d293490c9be777701dfae1776
hprc4_L100000_3646	83ffb47719b96a85828bf041d5b7677885249b1d11cb20c25bfe00ceb2ab1189
hprc4_L100000_3647	e89106439ff3f0c0cad3155c713361b821d73e00fcdf7731e88a81188256d1d2
hprc4_L100000_3648	5802791eceee668efa5628b06cb64b410103ad9aab86f6eac1a1860f871b2829
hprc4_L100000_3649	2abdc1a4453db0fd84cc63620678637167ebc6c80066e11c35dd33066fc7f3bc
hprc4_L100000_3650	f0aa43506f34cd18936d4cc6439ee370b862cae857259a8f71b0ae2727f64b50
hprc4_L100000_3651	c8336b9a6790e012a228a468818efda1a48c751baec0783aabd70ef0d20b33a7
hprc4_L100000_3652	df3c2f4a8d74056d25161df7e5803074fc7964dfbde70f7b55ea09739581a0f8
hprc4_L100000_3653	96556913193da105fe8e91fadb692ccf5626326da493827e968657b0b2160034
hprc4_L100000_3654	a80671266d9937e5203aff757d71961ce240bc1ce86b3bbbbab32b3e17b5efcb
hprc4_L100000_3655	068bcf594557b6943c45fb77c7cea689d2b217f55993c17c6ff187d438ef684b
hprc4_L100000_3656	9413b54e92b0148b518976d86ba7fd42a789c4d16fd691bf74a42fd156fd8fb0
hprc4_L100000_3657	dc87bf8307cfd7cd1f07e9a5ffdd45ef544cb653c31b8f7888bed55920d593a8
hprc4_L100000_3658	6e0d094b585c85b3cee7908e3b9e08716d00bd688ad63c54983b1cbc505ffce2
hprc4_L100000_3659	aff830ddd919f928b8e2717dd570e04d9e8410cfa2603b7c37b122f13dec26fc
hprc4_L100000_3660	7aa6144be499b33076ab04f86af35529c5176cbc719ace7cc642f7a584fea1e0
hprc4_L100000_3661	90019c1ded0b62363787842eac38f8eb0cafd1405a0eab6c4eb8d6e564236ba4
hprc4_L100000_3662	944b97607c821db6d85bf51613d4b2e4eafa606b55ff40ab0407e00b7ac7a744
hprc4_L100000_3663	6fcf7d16b68a730eb4c6844953faff3df3e3d98cdb4ec8c367c3eed8fb004415
hprc4_L100000_3664	e6bd6ddfef721b6b00f79ead66c93355693e594c394393a4e89898db8da88185
hprc4_L100000_3665	051f6b46d27b9f3d621f30022b86eb6cfbd73853fc6295f08bc16119d596085e
hprc4_L100000_3666	8a452df67e3f59d4ed58093d4a51ba77f698b7d928c7efffff89efd2d9a4b478
hprc4_L100000_3667	40f73240b1a458e97141f424b54cf52654269df43497654001820336928f4de6
hprc4_L100000_3668	2c3812f2fddd9b787e323dc285ec8cd7b74ecb74dab97864356ae9ad3eb35cd9
hprc4_L100000_3669	31cda663f28569cf2c1c1c10d38a3dd2ebac51d2d451f6a977944443ab9e8c8f
hprc4_L100000_3670	54ab831ea20bf6ae7a9935c3380dc9f51791afcede58c11c80b8b08837d7c23e
hprc4_L100000_3671	2a4a8d89603ba469fbaa7ec75dd09675473c067eef013b473cf4058f100ab47f
hprc4_L100000_3672	ce012d6a2b1b7cfab2e5738898c3a6005761fc681e93952ea810dc3039d57149
hprc4_L100000_3673	0d228c389d3e7a649f139ccb5ce923a31ec97c7d13d3865cf3dbb74f305549ea
hprc4_L100000_3674	1b9235ce58b902e217abe2f13b444f704a668f76d1f4b11c086e2be758ca8b47
hprc4_L100000_3675	69a1b22b76872c125a36b3f429b83b1a14d4af7242c08665e9b5ba7ddcc5b251
hprc4_L100000_3676	3204ea0c6bb60a947685bed14c99a8d2209473ad3ebdafdb721261995be12de9
hprc4_L100000_3677	ce698a2017e7fb139e6723b656937b52796eaf9ee4e47dc9b5972b86e6296e9f
hprc4_L100000_3678	aa4a37a83c4251e58ddd16a77c6d25ce1c0ea6cc2b925ac99c76f3bbe05b38e0
hprc4_L100000_3679	27c2debf3eb4fa270822ed99408dbfea3bcdc0a7bfd220e50194532c1af22963
hprc4_L100000_3680	3019644b34124b4fcaeb03dd608cdd400f0166f81592206539d7741704c4f2ad
hprc4_L100000_3681	85538c50fbdbb2dcbae823eed5d84a63bfd7d2486fea86732cbc66ae7d28258f
hprc4_L100000_3682	e381591b9369c3642e33935d474198b518ad52f55243df7f53f6f664a45d242c
hprc4_L100000_3683	1c0dc2edbf852355bf98591b0f879bb4a80b681069f898aa0dcc33073aaaeef3
hprc4_L100000_3684	9b2dbb96054f9c782877e70bbf5188e4cea531d36264741436cb507c2ff85cfa
hprc4_L100000_3685	b2578d5da4b6fdc3c72fa3f7c38c469d613bb38fb6790c2f22074109d9b616d4
hprc4_L100000_3686	5df2350fa2a2c628d0bdd7964d12489c3a58ffd6bd049214c2cd64ee377da694
hprc4_L100000_3687	439ef3f836d30b4ed6c6f7fd27342b088c8f9617868328b2e6617cb1b5da557f
hprc4_L100000_3688	3defe19dcee018299cd82f45c31d110d20ce8a583b24c367a1085e58d896441f
hprc4_L100000_3689	1cb77ec090bd619a5a702eb4a2f2652306dfa6bfc20f6a97dc469eefe97c781a
hprc4_L100000_3690	56f289770c540c6a0e79217242424a09c4c8a3345f30edc4acf423a87e071259
hprc4_L100000_3691	6a31b922e328bbccd11086e271433a9c445f42cd172a62f6ad0d070ad530f018
hprc4_L100000_3692	7202d676af04047dfbdc5b6be7f51f4b30479f8ab2a3dc9d4ed192168dbfd2dc
hprc4_L100000_3693	f5c0bb64b1b74c96b0a120832767b154419c5d376a179023253650252ab25787
hprc4_L100000_3694	8fd1d4e6abb7a7e89cff2df198833d88cb54e2ad65b27104282691704bbfd7b2
hprc4_L100000_3695	12b2e6a9e060d56efba0142ffbdea87237609a26401f6513e618c5d1be218948
hprc4_L100000_3696	7ac4f2c49ac8c4d70fadc39ba130381c83449c50379d8743e51483bf146d0911
hprc4_L100000_3697	4748dd05c0f719028621f4521eeec116e26a16d615a4a0aa896e44f0a36f9c1f
hprc4_L100000_3698	137616453aa6dcaa55cd468bcbcc06ade270ea6bfb9972a9ced8fa92b6b67a70
hprc4_L100000_3699	8be96bfdc0391b91e7820daef839932f75527ebd42a928cf90ea5a27e952382b
hprc4_L100000_3700	35fe4a4453184a97c244f55650814e0bef9f6e873ac791078490d08af09ec249
hprc4_L100000_3701	92b7126bf735984cdfb70985286b7af5165540e9ef071905822ef18b55ff3e80
hprc4_L100000_3702	bea4051370f00d82a7df10335548c2110d2f280fb1b08bd3753673f858bf1e91
hprc4_L100000_3703	ed79e0c72a706d95f6408d65561d374b027182f48a1a21d24c66d7db377b14da
hprc4_L100000_3704	3ab3f40fe7bb82a38f34684257e2ce624762c5b8bc114a3b2ce1a853196213b1
hprc4_L100000_3705	132c593e162e916c1d68d74682f8a00cd75ff2f63ed9eaef56ead538dd85bae9
hprc4_L100000_3706	5a534893a46cb332d8160625a9b4f56b0d389bc807737ff19ff6c863587207c7
hprc4_L100000_3707	864f8eed11f7b4e2f36216bec1f50ccb710a454ea809b38e665dede79a8c0b15
hprc4_L100000_3708	ba050fe979479c449623d90312754a2d32da77e0583af38f5b7395adf1aa6cc3
hprc4_L100000_3709	965912fd8df8b59173b22f3ecc1d61d35e4fbde532d94cb7f724e3f53a4ce723
hprc4_L100000_3710	9ee8b9e2dcdce7c56d2d2959bb2d028f56403ebe52526ed1de3fb8ccd02597e0
hprc4_L100000_3711	972dcb0eb7ea0bcbf0208e62068def0fef70776880db7efbf85627dc21ba6184
hprc4_L100000_3712	4b28ebda8a9da58189b40cf3fec3b5fe2bed2b10010474dd2dcf7ccfb5940f49
hprc4_L100000_3713	a8c9f19ea4e022b2c99efe98fd102925ba83b2086fb9bf8032f49771f96846be
hprc4_L100000_3714	27526d4632c1079a9686f295edb39daecb575ea9039b3b269ed48e95d423c8f8
hprc4_L100000_3715	60c578500576eda7da4627fa866f38bf66bb36a4aee137c1c9ae630afd75c6f7
hprc4_L100000_3716	36fe2d905fb3f83eb053071312a10288d0505edda70fd5e01f47cf37ae20b465
hprc4_L100000_3717	b4f1e1431a28cb4deb390dc0adf0738ef0b3f3f3b739879d15376100d6798fe8
hprc4_L100000_3718	e6757782ee40b389f273361ab0690e907c0e749ee9456817ebd2663c43c3c6a3
hprc4_L100000_3719	a30251cfa7c8f329594abf3adde4bfe53fb7eab43874bd25006d08e74c677951
hprc4_L100000_3720	7fe6606706d4682a38e9e8c89c7019cbd4f23f6c7e68716e1eba128db5d50e86
hprc4_L100000_3721	804a1f025651e44df41d100379146953b90de5dd415b5c19f6c3546a57e1d985
hprc4_L100000_3722	391528944d179c3b6f344eff6660066ec2d71afe0cf5cdf308e12e9cbc096341
hprc4_L100000_3723	ccebeaa8169c5f650ce85e2d144292b82ffd92c5f179ae0d09b8e5ca53e32e1a
hprc4_L100000_3724	c5587e39a88f0cf8cf6ad16d431a8fcb7322c68750c12b5d7ebdfbd01ba58af6
hprc4_L100000_3725	7f17a59fb8bdcc562ebdf06e21cd8b86ea3e35087bbc7330e056d7e64e6366d7
hprc4_L100000_3726	d9eec06a391ff78ce47e3e9c4483d242ca009d72c07631f72092298d9371f496
hprc4_L100000_3727	e80471b1ed2462530364f817874746e8530e8a64352e3d8ecd58d8e51888d67a
hprc4_L100000_3728	8f6e3d1bdfe133dcf6daac8b08da33f1d86d8ef84cd81d7b48e7dcdf51061a91
hprc4_L100000_3729	e8123cfb3fcc145aa92b805a04608ea075e4cc5d32147523b7837e16526718cf
hprc4_L100000_3730	e8e0a731c476ac7e0ffbe46990117829cc21896e923ac230e7d6974692c448ce
hprc4_L100000_3731	51d5ce073a2763f607ecda28558e3da4285815296186eed7c3c9c8b9f6f1390b
hprc4_L100000_3732	7de4cb3274b237a02b262e15136397b37292bd3d6f3e5ac89dadb005573a2cd4
hprc4_L100000_3733	08dec61df1e93d145d69adf6365e11f0d06ca630d6902117de3956f59e4dd92c
hprc4_L100000_3734	d8559f1839c25afcf0300dc2cb37d4c3acc53204eb9dd9d24d219753cc8533a1
hprc4_L100000_3735	a8aa2392b629d2bc0b266dc7da29704ca0615fcb00bc70e747764e7d5f05abc7
hprc4_L100000_3736	6a995fb65699d046b18eda8a012820ebd2b8476b7f523c338c83f3ccd25ad75b
hprc4_L100000_3737	f53435ac311a45e6a7c1cd9e8d4ac88a0b64e8870a8250981a6732db0c1ac7bf
hprc4_L100000_3738	7a4219ccecf43b01567aa59b43657b0652b213ea054bcb5363f3130748c1d187
hprc4_L100000_3739	715b2c7f9316a432fe9f87293550b697fe6992d5c6779f9b9b042aa6c8b8c7b8
hprc4_L100000_3740	6e22a05631631b8633c5d1e27c1f51700c3129a1d1e0f989e9bb1eaae81b395c
hprc4_L100000_3741	e84dc6be76fbb501f65fcafa6b678fa531c0cbc010bb9fdcfb01ff75fb6c81b7
hprc4_L100000_3742	e36b580006ea784ee4514b5f37e13eaeea1ecbc439264580f855a3cd0372b33e
hprc4_L100000_3743	9c0467e6bb324330860c2ea99c598f21373ee0adc48a39d93267a8b32d23d48d
hprc4_L100000_3744	73fdccffb233da7b77b4afdef9b95706e009c375c28ae630552fd1f6beea6678
hprc4_L100000_3745	394cf2db395c4d1d1dbe3bd9e32cfb65f129c02e03353939d44bbbc0da088289
hprc4_L100000_3746	249ab4f9713a12e77d8b720372704f0c99bc5a37b11115b19dbb30489ba4b269
hprc4_L100000_3747	eae328c528dff1f6213ec3ddc338c6a1e4fd91da2cf1abad3598eb0adff9f106
hprc4_L100000_3748	ded5bc59d7f79b7340bfa03cf21e2728116bdb9360593a0a03b7b47953aca3c1
hprc4_L100000_3749	d1a47713968015af579eaefa44a83a5d02263c7426170fefd5ba957ae82ee5e1
hprc4_L100000_3750	9564afbe8d6a264a3c2f0289851bfb86c9329509cd7af06c6fe1cfe87e290158
hprc4_L100000_3751	1d0fc806bbff5cbaa9386a0b58a90889824d6f2aa13d7529b139f771ae0ac491
hprc4_L100000_3752	512ed6a0a37cfde71ebb3658352a580729d7d4319bfeec3634c4a026afb3a245
hprc4_L100000_3753	e6381ebf4b9833da3958eb2314e63dd2e88dfbf2b1c4f35fc00c4d50cab3f0bf
hprc4_L100000_3754	f8161635962cca77e7f4a11511fc952ace7f4bd33a65d00130bda14941934790
hprc4_L100000_3755	95e93da5bc007a5ebc1cae6fc5dc18e5f463dfc1b357d9811260ddf746f74e6f
hprc4_L100000_3756	f84f668ef01033a39cf8a9604ff5bab0f7a6a575a9bd52b9190fc15aa54c8147
hprc4_L100000_3757	d5a762b9cb4c3dab0208c298a4d55b699ee0747e9428be3483a47d292d56a009
hprc4_L100000_3758	df60399169b5d2991f6c16e12219aea7b4c13f70ed0a2793617e02f3e06456d5
hprc4_L100000_3759	217c3e5589aef67b673a7a4c799fa8dd8dad497729ce79fb49f7bde0f43eba35
hprc4_L100000_3760	1ec2684660080eba4099679035d75b3d09981a610a50f64a44d0dc47a8e0341f
hprc4_L100000_3761	9208a1cc3ae2c0293c1e74635e0c975db12358ef3ec01b1b90353ce35eebf891
hprc4_L100000_3762	e464b90c473e1fdab892f72668175f80ee365cde5b5c0b26c55cbb781dfb6621
hprc4_L100000_3763	51910ba872323dd4b9ca33d65edf3ec1fcd6dd8caf6472c442e55ef504f608c4
hprc4_L100000_3764	28e7230903e4cd53f2ae793dbcc20a10c10b6cf56cfbd5220f610ab5406b775c
hprc4_L100000_3765	2a5f059ca21ecbfd41f55621795140232f65e754a18010c7491a2ca6e7b8f494
hprc4_L100000_3766	26c68927c4478d97451f2136e14af0403e5d32cde01be6c62d28f170e9984d56
hprc4_L100000_3767	ed0d05d7a2f9d081f81ecc11d2e880e6e33837221bebfab750be86562a54e16c
hprc4_L100000_3768	eb2efef30790156d9d3dbdcdf9900a756581576c1fd379bd00175ef6c50da1df
hprc4_L100000_3769	f21111c8cb5f00eb920faa1e1ff1c839f78101a170a1cde927561c33f425fb70
hprc4_L100000_3770	208628a4a0cf60f783e99b72a0516317bfc8ccb3527d3ab42a2d9b9a66e3982b
hprc4_L100000_3771	aff7970fb9d03356b91daf48ac8a38a28dc6a1159cd25914bea61f4902c1587c
hprc4_L100000_3772	77f4f8048c87d88390f775a56398f8f0869c75c2e9afd90ec1adbed0f4b80cc7
hprc4_L100000_3773	656a26ec95ca11b2c7e36247f85ed45dd226c275bbe53bcdde6f5f14f1dd4802
hprc4_L100000_3774	44a92e6dbbc73c21bbc61fd546d3364d11f0e76a721a4c37c28a4d6e501b1af6
hprc4_L100000_3775	79300b64bdfc21fe13dde15ee90336d5668c2a9e1e250886773d884b0d786ea5
hprc4_L100000_3776	4c6236b96ef1cb2395ffcc7168987c554e6572c7e2144a60288f8736107bd68e
hprc4_L100000_3777	e8a5315269bc71445f0540f70fc673e6f53c9b11bc46689180b1e197c98b3202
hprc4_L100000_3778	b5a82ec6b9434d25e69313aeb5102788381ca91e8e6dacf37b59292527c26c60
hprc4_L100000_3779	3bfb2250ea9fff1e6b18bd075003229c2eebdf400d8598d6737689ff4cded4c8
hprc4_L100000_3780	99b1521b465800a33b391c2eba0b0a266082cebb41b4c4d955acd5a5f9f40503
hprc4_L100000_3781	1407e4c1b531fda1d2d06f72c6b96b46719187eb3202144d7823039232a17641
hprc4_L100000_3782	5cf0f2043cf500db57564449a10522b35dab88a883b25bea59168ce11f6a7734
hprc4_L100000_3783	9fe040fa6b41ee998478f5563b6dbe64a136a7b7e3166e1e3ff7858404f62af8
hprc4_L100000_3784	343cd5d6e77db8aee67081aa11dd32c1550825605fbc2b359fc5b74fc3bf5cac
hprc4_L100000_3785	41c8e1d0cdd01e9f031274f769240cce3f6b1efb4f5ffc490ddb2891703f964f
hprc4_L100000_3786	6ad1ee84818b74e95bbb97cf657bf01a52ebfd990118a8081dcc156656a63c12
hprc4_L100000_3787	b13402eeecd18236340a7d0778a8505b626fbbaf28c988c4ee82e375f6ce2af8
hprc4_L100000_3788	4f143158a94ff268e77a75e0adcc359c026790f4aea9dc79bccb19438e15df90
hprc4_L100000_3789	8e6a110ef0ecc3bf6d69244bcaa0c55f0c8e113e37bb7b6291296a2a003131d2
hprc4_L100000_3790	e2a9f52fc6c473b931e04736487edc124b65cf7947ea15ac4244935b3beba3f9
hprc4_L100000_3791	b5e6dc2d87d7402ce9cb6506d7694e587c84245ac1da3405c309e35dd1ef5958
hprc4_L100000_3792	8563f0cf8a394fec242726487d552081e8be9e2375cf1708c2d071cc083b16b9
hprc4_L100000_3793	b2a58660141df824a63038ca52dc1b3c0e1cf2fe54aa29b9698421607c54835f
hprc4_L100000_3794	09e410e855d49e590f968633acbf8d9f13f85d3b4d9201eadc70d3ca6cd6e6cd
hprc4_L100000_3795	6021e3482700aec840234694c7175df65a8de50902a869e3c78ce49703208042
hprc4_L100000_3796	c19e975c57536f691d2188a7770c5e934b10397b9b0e2c2ce4dffd86a2cee599
hprc4_L100000_3797	6cc4e76df9d2e6fc59320e094fa73b083bfe1454e54881a4910be34d3d42d21b
hprc4_L100000_3798	245dabda8ff9e5f06bac73621387a052e865442e81b4f9f4c019f6eae86b7f35
hprc4_L100000_3799	18d319ddd24eaa00ef9f21167947b95abd26ad2ae670ee72f8bd4fc20bd26b01
hprc4_L100000_3800	e3ad1ad13a2c4b08d9a33da1049fd5ea5057d9452abb6197efca9b088c83454d
hprc4_L100000_3801	9957a3308806bda4d82748117a5a6b46b63c3ffb0ecfae68ba2d214c826c1b29
hprc4_L100000_3802	bb197230577d679a982fa2d4ca7bc7fc3bc32ef3470f7a808e2e370d1ccfb4c9
hprc4_L100000_3803	313d6eda1dc2ccc5abe3e66d004b276f12e8e229ada1628a3e578dd1213a1525
hprc4_L100000_3804	eac07f9724879c6077928a905055c44b24e812745b3c2d4c59934f43520e4f09
hprc4_L100000_3805	ecfbc4082116736ec7f238db2faccd4d8530126c720050a48a06b4716d98efac
hprc4_L100000_3806	c49ea65873c67ef128bb1c1e8b36f9be36b017e10b50ed3796e0159f9695aac3
hprc4_L100000_3807	9ec2a899a7e2023f0d5078a95e35d91f692f70b03bf4d659a5ed58c83fbf4d0c
hprc4_L100000_3808	0d2d026123e874610a2e1d65ae86de37744e0d531d45da7632b68dfdee2b8eca
hprc4_L100000_3809	d99e496dbc877ceb6b7eccb5a5330b6399964363e28ea153401b7bf79ea7ba4c
hprc4_L100000_3810	95a8d2a0529c2463023078c4a677d6b959b73ac16630692df30cfca31a5eed1e
hprc4_L100000_3811	fea955be4c05acbbd4a807fde2bd6e1aa7f50d3e746c19406c982264c4190754
hprc4_L100000_3812	9125f50dbf7c3331d1dc54c520fdc52ce4008994af1a734bd754a7447ded94a2
hprc4_L100000_3813	57db6ba8342a9e1ce31cf405083917bcb63fdf7a079425cbe132c6c90018b6dc
hprc4_L100000_3814	e871ad88dc1983d384be0f9d76154824d114a34e56d669118fc9073369c0c7a3
hprc4_L100000_3815	ee90ed6a6356d491e0710712701120d06db55fd45a1ae8b2fdf91f3c07a8b461
hprc4_L100000_3816	2a38ff8927eb072a2fc8734a2d42fc80d635c4b70009a3acf685dca69f3fd0ef
hprc4_L100000_3817	5da7c6000daa4dee7d605efc9937f4ae5ee6534b54ae3063b4d29d8e746038cf
hprc4_L100000_3818	ef33e653b677625f523fd1ef2d9f926ae04d8a1da9c265972e77bdb8ce1d9c2d
hprc4_L100000_3819	8bb9713d2e2647488d513b386e21bba001cc9782666217a02c9820e6e962d147
hprc4_L100000_3820	75eff2a88612d61d04736feffafe6ed58b8f7f86022bf6cc85633ba742ead158
hprc4_L100000_3821	4e2c759ac1aa58573c525c630251ac6036cefb55549ce21ef2f89ae19788e845
hprc4_L100000_3822	e57d5e2b4fbb5b3a9b1a546d645b9bb0c40bdcd7f92a06a058370985386aab0b
hprc4_L100000_3823	8772b956aa656ac1f9df2fbdae650ffa8317cd99f8edff679fff759c3c9da9b7
hprc4_L100000_3824	a15a80c52a82d8d11afab42cd5df0eed81a8f0e1f1f800977595bf811b6e49e6
hprc4_L100000_3825	8fa84fdfd5cd3a73a92011899e271e3632422d832312ccdd59e7809ef471fd90
hprc4_L100000_3826	b2837a181304699a98796a83f8c242661330347ca9ec47185d10b6b45b8301d6
hprc4_L100000_3827	efc2cdbc2ce635eab19b5fcdc5f90955e2a36890225cb77a7731a04bbbb57aab
hprc4_L100000_3828	46522693806af08e7fb062caac52c55675ac901703233bac9e89c1aaf06b9b59
hprc4_L100000_3829	bb3572129088de4dd46b68ba28bbd77702437f3d0a3f8ec82e8de40fee1f5b20
hprc4_L100000_3830	f40da3b092f609da4119b9ae95f532ca00e882add3971b85778382fd5502a46f
hprc4_L100000_3831	248ae47cc6237d515b70a611f95166502b97c2598d7dc76ce61931c4092012f0
hprc4_L100000_3832	60f38a4209c79928f3b861eb62befbb729e875c349d77345d3089cdc530fe828
hprc4_L100000_3833	52cd31d5daee032bdf7476e336bd36c57fbe5d5739bb967aad312d3bb789bbf4
hprc4_L100000_3834	7faa2634346834675def12e404e603ceec71b032267f8f34059f2fdf89c9be4d
hprc4_L100000_3835	8f479a9ec0c4a7025a65e8379e65f502d08a03d8aa8e5929e66826c02145e2f7
hprc4_L100000_3836	d364f736404a9f37232681fa054293c3cbaf62b4f4697247165185e4f3da2d15
hprc4_L100000_3837	1e5ee95f603cead5b116ed88e2d14d02aa7234cd7365e76ca477d410ad37919e
hprc4_L100000_3838	03a7d386dd8eef1215ffbb2b9850df7ed4a585f579c42840314829f4ccd23c99
hprc4_L100000_3839	2fe0e2e222152929d0b9e0f8527ee344d99fff5a79696f4d54a8394b102b64c9
hprc4_L100000_3840	e85fda32b006b1e89c1320fdd686b7b769ed335027601511adeafa6aa305ca53
hprc4_L100000_3841	0924150decceef6190140dd155afcb6aaf391c2354755648e249adbb8ec82c86
hprc4_L100000_3842	7c8d8bdef7e34bba5dc1ee1c06683b6ae53721cc9156a099338d6873844eeb29
hprc4_L100000_3843	e4009e1fa081997b2e0785093132cd005c55d35b3d99e0018334f62d66b1d016
hprc4_L100000_3844	3e2a70cfec5ee3e5a958130dfc6ab7194ab0005d7e1663de55aa4d65980bf2a4
hprc4_L100000_3845	b1c72aeccc89322cf30313212a6650da1a10a24a6aee6f3457634082f8c2779e
hprc4_L100000_3846	8e64f83c48a0ec41535a19effcf5222d3af26f305d3b738267c291ed1079b7fa
hprc4_L100000_3847	6d4e3117309b50460b340515aacb66f1255bfb1dbab07842c9de7f79e0cc2240
hprc4_L100000_3848	701976ce3126fecafc981652f20bf1b80487c08d8aed2e1c34060f46db4545bd
hprc4_L100000_3849	b960d7483b634fee3ddfff30a558059a1aee1ff1c327015721a6faf0c201ff86
hprc4_L100000_3850	78636c4009c663f8d13056602e9a7782c8d876705594f3de40d318a955ecba8a
hprc4_L100000_3851	ddc9e4b9a393d217d31afa30c60e72e8c7158b2e08f7c9eda8b930d60676fe62
hprc4_L100000_3852	4ccc9c312083bb9e7b4538f7d72ba9473ef566b54fe332e917a841d543ce7c86
hprc4_L100000_3853	81991e8c0ffe110403cc1af9741e838ecd33d37951f18ce692b1e77deef67e84
hprc4_L100000_3854	a17ebae31fc06a4d8e2f206e1ea28dedecfc3bc0c388a7e042d4dcacaa0229b9
hprc4_L100000_3855	44344768efb3e9126e97abc55075d496b0af401d020710dea6727e2cb625a0e0
hprc4_L100000_3856	a90b6d188c0cdd1c37e3198af4cb747aa927c2d83c469500dc272526775cc2bd
hprc4_L100000_3857	c4136726852a485cd64ffec3bc1123f3a95fd7cf99fe866004867cded4687224
hprc4_L100000_3858	d3b9672b6febbfa7b1b790d1d6f5ba7b58fa3a5e44313fb21aa499e215585e8c
hprc4_L100000_3859	994db3f2a8f22a0eee605094e24cf26090cdd1dc2cab1b5fc5f287b5f554ced8
hprc4_L100000_3860	eb42dcd830f7bf74ac0974c79f0f30743563c6c9545080abfa50869ff9cc25de
hprc4_L100000_3861	c2492b95f93161938ef0ec65e1d93543a5f1b38f54e591164c06b511ea271b06
hprc4_L100000_3862	02441d8858be467419eb31369ab024307c7ddf2e3b02f5a2440178d0689eaadb
hprc4_L100000_3863	f066a5f56c18d25caf7eb75f4e476de35d0ad9404ec3214a4e5378a39db4d92b
hprc4_L100000_3864	19ad5820afae61ed8138294bedae2e84200478031db3c3d5e0247a98187f8f92
hprc4_L100000_3865	93f9880522b4dee602fc7d741caa01fc2f496d730e1b00f7b428e4d48950b806
hprc4_L100000_3866	5f587d4289944f96c3de8cd1343ce162584fb53f91ddbd5aee1857ccc5e9f701
hprc4_L100000_3867	46dd623459e0a3d4767ce0178ae6549bf9078f1c1be7c495f65fafea3e8687df
hprc4_L100000_3868	61b9b5143abd6d0b4ea3790ab923ae0aa7fa571fc20c5105cbc3c43b26112dfb
hprc4_L100000_3869	2cf8f6146aa3d1bbd5f410c19d1dd2e58d8aa8fb7b3bf99d632436f30dfe0269
hprc4_L100000_3870	4792de1dc7ed6bd51b0871bf2d752cc0f58fd9b641c95f069cfec3ab30118d0e
hprc4_L100000_3871	7e2278d95ad3f3c8e3478f0e1dbad88498e01fc3556ceffcefd6fe3c8a94f565
hprc4_L100000_3872	520c7168c943659efcce6237cba85f0982b5ba408946cc9a08b9c96ebe02f4f9
hprc4_L100000_3873	e3c3369e19b815604328c88aeecbbed25c47b4811a569979118e795b83012f5a
hprc4_L100000_3874	fce94dfccb43e31a4abcb2e12d31375cc631d511dbfee8207d7ebc6a1f9d8b9a
hprc4_L100000_3875	66d8fc5dfcae4d3975ff27dc4dba33e4a0de7882bb297a7c9410e0843cb41dd5
hprc4_L100000_3876	0daed4a4aa232eb0088f9bb3f421ca957a07a0171f11fa70f60d27c5472624da
hprc4_L100000_3877	060e8cfe8088cf6b42d51d5dc86288de6f25a4372203d81378eec9d83a552cbc
hprc4_L100000_3878	798bac1225fb91735cf297db6040c690448600910bdb8a549cd49df90c915482
hprc4_L100000_3879	c48fac99e33fac0608113bf1b0cec82f50cac2b79c55e9cfb604047c52ea3bee
hprc4_L100000_3880	2f68e334a923fee5eec202d68230748ab4f1d203bace0e515874acef909d5e3e
hprc4_L100000_3881	a3825956f166c0be81159990d1f61956052199638a1f11adcf3e56cba7ba2b4f
hprc4_L100000_3882	3a393ef571ee0584a3a38b435666ae75cd820afab9408cc9288d34e52c3b9ea0
hprc4_L100000_3883	99e2c04b90ab296eacbe5b7bfaae6c513ac8ff04bd5c9296d2f889734c63906e
hprc4_L100000_3884	f4383c1306c4818f4047ee077608a383ddd71a437f1381ba1e973888576e7850
hprc4_L100000_3885	0d8d13d9af9aff9c9e52f91d4261de9e72b7d6791cff3ee35f405fc51b05f092
hprc4_L100000_3886	7b345c85627b36d16f797a23c3dcf7a4229db7e123487b917410b56cab24887f
hprc4_L100000_3887	543dcc0ca91dedadabb2a07b61822aa02edef75edb8a696fcbd57f9735f50d31
hprc4_L100000_3888	4d62271f8c74738406b43d403819b662427530eae14a002c18665baef3b14ded
hprc4_L100000_3889	e6e341f4727680ab208943ee774127f59b8ffe759e461d9c706e73c17650ad88
hprc4_L100000_3890	acabb6660caab8379fd7dd83509257463891bce0a7acfeae9864e23fd91452d3
hprc4_L100000_3891	88cb979b2bf7090dbfebde104239cf6947b8e102dca83881174055c183cab208
hprc4_L100000_3892	e098145b9a4a89cb6f94f9e019ad978d3b2ddb5db7079301bc4849ed1d9c9780
hprc4_L100000_3893	d264ba02b8381ae51548c8f815d5dc3f3dcf0ee9c90fcc06e301a53e04e89c98
hprc4_L100000_3894	4aa9f83665ef868502fcd16f7bf5639ac3553e6bbd3d7a2a4f52f61bc00cf080
hprc4_L100000_3895	e3609f9c1a8d70a29c4273e583da2b4d1c1725227fb18aa2d65de7c58830ec49
hprc4_L100000_3896	9b7f5d991dad2da138668b3fe2e66232baf698822f82db79b1b3e4ea90aeeee0
hprc4_L100000_3897	1a10e973911188a2b97b09c8d80efb6d8d8ef5f083227ba78d77b0701657c122
hprc4_L100000_3898	cf7ee7e5035548ee7b6443b9ed65811b585452402a6438280c3a435b2b8f81fa
hprc4_L100000_3899	646e25f55de224a37c793a4a318f02a5766bdafc0830c1f25d2e59fea4e5a897
hprc4_L100000_3900	e66ec19c70210d6e16aa922c3fac5f67728cf4c42eb6c15675a3a02a5ea2a05f
hprc4_L100000_3901	093141b3407e2299eb67e98d792b23df616174aec7333f2d12784b22f8d34074
hprc4_L100000_3902	ed1e05291cfe68919c0af42df5f4210214d6113e1f98c480072f9ad03dda0d69
hprc4_L100000_3903	75c306e9b34b87664443af46dfa0b8076a301e4696c709d523534be1bb65c84d
hprc4_L100000_3904	fdecff9fdeb48f36275037979bbb406e03ad0a94f813956dc5ecffcdea088cf0
hprc4_L100000_3905	e7d6cb04d6fdd6c8bed439ce1b0f00a5ee6cf8d0bd15f7c8b2b7385262975a7a
hprc4_L100000_3906	48eeeb4790968678dc7c59fafaa992acddc5e9d25e4979860cbb03433138ac3e
hprc4_L100000_3907	99a987bdaa36d1fcf1a54739b8dd89a717fbd34f30f92d5387a65e6a5b84964f
hprc4_L100000_3908	77b9cd655caac2211db948aaeb5c5ebacb98bb6f8bf46d338086d5819263712e
hprc4_L100000_3909	3369ed27f5b13786bb8a7b3bd5606d7893020c1c6f347a47849bc97a0335a74a
hprc4_L100000_3910	f06b9dece3d4ff896cd15ab90ce12e4749ea800547a0876622e5f37470457748
hprc4_L100000_3911	4b6136525b83d4223c6df8cede70246d716f6b7cd8f820297ed3e57799be308f
hprc4_L100000_3912	a5990f490c9a9e99f28b20b9e3ede676e0a7e807cee9a26d5b6e113e4b9f9e4d
hprc4_L100000_3913	2e5866706bde64b931feb61796d62b67489a56dc26b5adbb490bc36b7cab35b4
hprc4_L100000_3914	32a65d3a5b50281919ed65ec5d454463c5f0a9630856b08f836cfc5883f9e1c3
hprc4_L100000_3915	ee9976598e7517810ac0a0f6ba7ce1f611108212dc3fb12c7721aa863d5b65e9
hprc4_L100000_3916	a34f80bf7e8886c969572b01f64b841bd241526dd920dc48315032bef8f60e83
hprc4_L100000_3917	98241d8b0c6c40e7695269358cee30a7f85ba1cabbdfb2ceb70235873e350c7a
hprc4_L100000_3918	a67cec6f2588d2eaca61e5c3aa412c6421b4e9a203a423183f8fd60ae43acab8
hprc4_L100000_3919	d7c85fe3db09bb461f1da32675d20de72404139b4cc5ee5ebb661468484539d8
hprc4_L100000_3920	b728ee617cdf68adc4d18cd2160f4161b7c67e656b0a9324cad1ed826a5f5c0a
hprc4_L100000_3921	c97c4a3ee030b6b851d848645b15ee71045da7e6a198b41902ae278e318fc264
hprc4_L100000_3922	5ea4e2c9c110bb1ffb06dc67bb3845af6fefa72e06490e055cf386bc4f903ea1
hprc4_L100000_3923	c4719f3dde8678e6606993d01fa299b95b7318b11f6c4b672d140ccd37723dca
hprc4_L100000_3924	1a0533d86e5ec3019cd70ebb416485f93b6d88db517d703780a3bba2db8c96fb
hprc4_L100000_3925	0068b4d1a1d3b678fe91b5fd6d002fb9188576065cd9757122c0a6ed1510dc93
hprc4_L100000_3926	fbac7f52290b19bc2397811b09737f6101ed9252f9480696f7bc4d428624025b
hprc4_L100000_3927	e489c58f245ded464cff7cacea1f4a388e1eee95ab449498f68670990441d964
hprc4_L100000_3928	9d849729ce4afb891675702a5bc2a207c15b08adfa84adb60a5fee5eb5f37c83
hprc4_L100000_3929	2b78ddd7bb5f0aab34f4910f54efdfe69afe011aafc272113a23e66c4650236d
hprc4_L100000_3930	871ca7e6abc7d09bbfdac4768cdf320fd30fbcb5166424832506d6725d38fe07
hprc4_L100000_3931	9269d5f40b6d10d1977583a0a722ab07a4fc1467b3b28d09165a058afdbb7ca9
hprc4_L100000_3932	3d1574cd9eb59306389f55e1442498cb148ab276b6850a97b2e9886630b38115
hprc4_L100000_3933	6ca1e08ef67841fc384b3347890ac67ee4c82b0a7f4113aacc6b79d1c15b4a12
hprc4_L100000_3934	109c6d36e9f90f445b52a43830a482d5e59e4062c00668c72dbdc220a8a2841d
hprc4_L100000_3935	282f4ca52099716fde47a1bf6fed4c0d26c47e6452b23862f5f1923edb54cc88
hprc4_L100000_3936	65ce5e61745dba17fae391df754f189406a9588f1b3634348a5484719eb07a0e
hprc4_L100000_3937	5b9cb07ca72a40c675ac0945bcd73d0d13cf0a20c5d4ab32b07fcaca3df747ce
hprc4_L100000_3938	49762ad383fb27b65c54e601b69f6f1d05721bca4425d7dbebd1823ddfb75c4f
hprc4_L100000_3939	cc159efb17e7287c88ee583ff711ab7c1cefdbe95d77b674ea5e80c79d416053
hprc4_L100000_3940	4de7fe8b8f2cb2c845d7ae2225be63c44ba1d9cb16d496013b0655d369835bf3
hprc4_L100000_3941	a8a3578b4479203900adbac7028a1c36093b561d8ab4e07e531528b9c5fb50db
hprc4_L100000_3942	86135793a43d5c0989b955a37e0b685e90258fc1f2d62953409e13ef9bf107e3
hprc4_L100000_3943	2482370152f6890caddc08735aa7087e17ff9430a4c5559dc57d883033dca5dc
hprc4_L100000_3944	49f0cbb73de5776131bb77ac6f68afa24b0f42c80f2ad0a4338da079f3d76889
hprc4_L100000_3945	677fbdde83e4e2f28528f4dcfbd9361e0efb7662b7be29994c1375f2761adf9b
hprc4_L100000_3946	f8fa6d54ab5bb4763231d85054cc88d703244899410e19b7fcdbf92409ec5231
hprc4_L100000_3947	82f4aeb511f951d9949909311333930d470abbdaa3ae70a0a05f19c596510e6d
hprc4_L100000_3948	fa3c27a869c4815c15054cfa60bbf6b908da45529b15475ece3876ed8affd3ab
hprc4_L100000_3949	d7673e1550ea57bde6cce164047d9db883ea2f42989ac12c6a04c86111476ff2
hprc4_L100000_3950	c75562202ebaf0c9651f1d517f746a251357ef26ae87495c241fbe7c30875a31
hprc4_L100000_3951	e782c7a3c471008a96b81a8f13cd78a566d5c5d659f5bbfcdb25253b2470679e
hprc4_L100000_3952	6b7d1c2fe49364337a74ecdbd91e545ce91c829d8c1a2761464bdf6da1a83a2b
hprc4_L100000_3953	bac655722be113028f3b5a6a8088adb87c5df14f4d771cece88d2b4769287893
hprc4_L100000_3954	00b77dfef4f4183da26044757c55efabafbc737aa8f29453c0adc39eee2180a9
hprc4_L100000_3955	b69803183abc45a3c47d50768243f5223070a6001adb9cc52131288555b0b5dc
hprc4_L100000_3956	048968292756cc2da900bf00bfe05d67bd43810c0f3e44be0b1a55988900ff9e
hprc4_L100000_3957	aed73961f33f42042dc7cd60854d3c1cee9dd18280e4ecfbc8b073719dd471ab
hprc4_L100000_3958	842c6ff85f6d1b1c84ec44f8c14665950d1125e598b5ba21eaf46f67db9b6e2c
hprc4_L100000_3959	e05b7fae8f005d53c082ade441074b7e6084e63069676b2b914e95a3575ec22f
hprc4_L100000_3960	189b45ff7007d4b50f2aea617dbefdba46ed9765c9fff8b8cf6a4d8a4601fc07
hprc4_L100000_3961	6149df58dc8b8b9934ee782d473806f6295661e5cccfd05ac699837813c0c947
hprc4_L100000_3962	dd5d7681e9a3e95c786a97b51fec4ded84042f0e72360c3355dd5f05f660be5d
hprc4_L100000_3963	0926b5d513e8d4abe180c73391903806007a666533c5492157d87f7764e8c7e6
hprc4_L100000_3964	e67e144a9c9cdb78876e2cc96627c9ec3bad6410a144c2c7cae92dd5d6825604
hprc4_L100000_3965	abf7f0169a50d6362eb13a6887371c05d261bd726f40f675811e68f9043afcb2
hprc4_L100000_3966	b320128b6159d39b3411de37a563ef06e19094db2d120d1ca822faf8c1cd380b
hprc4_L100000_3967	39be7ecab9c134ec21537f2bff3496d5665332ca14d4d8f9af619107729197e2
hprc4_L100000_3968	5910bd0e1eab334ace760ff6d35bfd669980ea52cdb1b095d3df8ebd5684d677
hprc4_L100000_3969	dac807174806f269e6bfef11a15155ec89a937f54d1dda0ad1a65111593082d7
hprc4_L100000_3970	a395aa554f6ecf9e56de4b2f3424db0f069aeb532c7e52e50446830c8e0d8220
hprc4_L100000_3971	df4fe348a74c04037cf27bc3cea76dea9ebdd2dbe817eeb0c0f8143f5376b14c
hprc4_L100000_3972	cf4c6b828519497a8e647e2c71f51237ab0479f22777780b88f48633d2aa752c
hprc4_L100000_3973	354921a62ce0ad7818ead556519b593c7292e776d5ed6e8bf81c967cfa2d6a38
hprc4_L100000_3974	ed168121beb50de450433c57a631348a3c8db87be924891c73f1c7db777e1b06
hprc4_L100000_3975	d48348adb07834062b3dae45287634e6c131362202ff47fc7dbd876f98427639
hprc4_L100000_3976	c5308b82785ddaea277df9138a61f9906c15434b43afbd47c15d9d702606dab9
hprc4_L100000_3977	3b6517cf7987da31abc220ad433dab3b0489877007b8f15f701aad0195a58828
hprc4_L100000_3978	4eaa6a0a8d6012a4bd930003de58c9fa38ccccd22a8ccebd635fb8bff5a3055b
hprc4_L100000_3979	a46b78b21269e8957b7ae8620ac07f457fbf13be8c483cf2737ea93a4a0b5678
hprc4_L100000_3980	6e3a34897711502ed9f4341fc0a12312255b47403300e0a4ca894572291d8150
hprc4_L100000_3981	b2f27caad0d21acab427637d0a3c0bced00831be4021cd2ec4bdb78bf46b82d9
hprc4_L100000_3982	b1625e63ba8a75bed6a2e02e571fdd8f14fae4f94f35797c71135ebffb76a201
hprc4_L100000_3983	e15a31c23429b2cd80080149373b5f2c8996a5d9843dc68c6d0a53be5b99e277
hprc4_L100000_3984	5fcd0869784f6efd6b8d0333f67bd053c0142721f3e719c4d135fd1e85a7b47f
hprc4_L100000_3985	0b81433752945912a0f80f89326b5b708d9dd37ea644ea922d8f73ec033ad019
hprc4_L100000_3986	c876fbaa7979e97d753b4880f317a67b2e405ac6ae8e6b2db2f51a49bd6e3171
hprc4_L100000_3987	96f6a813eaed9c9a4e04ae1ac4288240971cfcb68154a4e2b899669d519ef56c
hprc4_L100000_3988	c5f74c4f3d0059d3a70917b1e44852c5996ce448f43b9bc9142db904a38ea67e
hprc4_L100000_3989	a6e23c3b26e554ef032f1aa80fea348cbc008fcd8f32d50cba7e63ecad464b5d
hprc4_L100000_3990	d7bbe0ed585a913756a4ffbfef267396bb9c203c3a6f142dee45cd101abb909e
hprc4_L100000_3991	3097d203fafba2c9fd958dbac246c34f20c7d0e271d5e1e7b8ff834340e38a48
hprc4_L100000_3992	1e6d32ab30744a68169950fc744b46c22b693e3a1d82ec7b350ba480926044a0
hprc4_L100000_3993	456a26c943c280addffa7e4d348fc52d760e883eb215fe649a477297a1ccb3a4
hprc4_L100000_3994	87ebc3c9190688ce1022ac486ecbd7e1d067adad5be13ba45f555438be92dc30
hprc4_L100000_3995	f3760c6e6a1fc48bd9cdd16296b902f853bfcd4f07d76ec2ba634955a73086dc
hprc4_L100000_3996	62dd99426ce7d3cdd8dbc7cb3eefeed4e11465645c361fdb039c60f6b3b1aa1c
hprc4_L100000_3997	d1c5fc5fe59f7bd6ef1c051076578cc2fb666da1cb18199b46f57853afccef4e
hprc4_L100000_3998	361549aa852abd68ec357662d69e0512d19fa0ccca0dcc9b68ebf6debf16606d
hprc4_L100000_3999	a9f7932ba06ae44dfd714bb2b2220ef7a7f03385fa6146d86818a87d108ddf6d
hprc4_L100000_4000	5abf1400728593236027e27f2fb104ba5257a4a4c66e13601766e26a811fda74
hprc4_L100000_4001	15ff80da283300a52f25b1d0cd0d66074a6534a2f8c8ed473d561deac44a2761
hprc4_L100000_4002	492b93f35467e14dee8b0c9f9e70b5502d607d6b0f5c6c226bd0a6dd42c10a42
hprc4_L100000_4003	3efcee9d594ea189f99fed95a7087147aa484cbc08a4090a36dfe1661f41c689
hprc4_L100000_4004	c5bdece9bee57ab53202f9e9301932d4cfb2f38650636deefb92d7ead8371d27
hprc4_L100000_4005	ccbc9e8ee64c50035d6b651efd3d3fc8a10fe589a9b3ef39bbc5794b9ff9958c
hprc4_L100000_4006	fee8f860e819bd59d3e5210471c4c268d768802af5219ecb305924b32aad0d1d
hprc4_L100000_4007	cbb47fa0d7d269d47c82c8f620dbd40ef4d5552e884726dc39e6f4c2b8494751
hprc4_L100000_4008	8910a6245ddc52a317ba90af3ffede7650e03534c668062991d0c6edb7c0c660
hprc4_L100000_4009	d7f68ba3fe9a2bd2c3b8dd6f0c7564cb04cfa416bcab21ad478e029f331e4506
hprc4_L100000_4010	8b8e5001019f6e49700e8910515f2a94b5a24fba4b8aa702fdb22a12ca8ef1ce
hprc4_L100000_4011	305160d47507565a4732a5779bed5ee4e00ff5a4c36bc9c91152442827365298
hprc4_L100000_4012	dfb93a883e7ec6197c24372d01521ca2e8e0e95422f546df23cde7432633c11a
hprc4_L100000_4013	a7c0b9d312ac34ff30de28d45ad85f279a961c06506223fd46b77df2f2fdae1c
hprc4_L100000_4014	21b45e20043811d8b6522d69acd2700cd017ba8800d4813ac4bf62cc67f4b50a
hprc4_L100000_4015	e1880d2045c4a31ece71ec0ee5375e58b6d67d5a7c21f99f4ab1a7695a1e6b4b
hprc4_L100000_4016	44196fa6a56cfe2a02ddc2ccf3c2c6e7a8c9ef3878d0b95a95f69068c9c6c14b
hprc4_L100000_4017	f1936380580432d7d8b5af138245081b1d22920e87c4f5ee37fc55814f67dbfe
hprc4_L100000_4018	a4f4afc0272f6b2c69ddcebd492281c59ccbbb1edf3670d99d0b97c0856f034a
hprc4_L100000_4019	51d10c19a2f09ec9a1b661cc99316172692c9bf0e8810cf1d2ab22e1ce4619c9
hprc4_L100000_4020	4e29d6f24089d157a7ed68486714cb7393624c6c9dba67c1053d8c80aa1cfa28
hprc4_L100000_4021	536872629c77b0b36a93dc11168d9aac8f0ac65ff596eee39f201d134b2978fe
hprc4_L100000_4022	a13354b2ed1669609029eb483f704d035f2467330273330b301649d4c8c1db0c
hprc4_L100000_4023	b7377c3f9ca03f2ea8e2db7e1ab3d221c61372ee7be6a616887d7cfdcb786a2e
hprc4_L100000_4024	8399a7ea194be501406477ec3a11d8a1af811c271a715e34afbf6f2734b2a9f6
hprc4_L100000_4025	c9369fbf949d31e253c50cec63aecce0ca2067aa527ac810789dfd96bd477c1b
hprc4_L100000_4026	1dcf416d326fbf6f9d245627c49c74363e4dbfd30c6813fd414e72cce0b9774a
hprc4_L100000_4027	59ceb3cb449cf54ef38c75331003f2968f88ca382139432f59b65b15325e3c7c
hprc4_L100000_4028	52894e7fe38e972b632060fed04dbb4392891e52a24d4f9af32ad7f89ed0fe47
hprc4_L100000_4029	b025e0d0517b2380cb1ce2f927cb54e19a062865990edbceff306a029d87c42b
hprc4_L100000_4030	dade319df3e633cd1119b7019b46c6ec0b011150107aa656b40cb5b3ecb60ef6
hprc4_L100000_4031	79bed8bfeed23838b4872b072593314fba3e2fd9c400449999047ff9471c57f1
hprc4_L100000_4032	618639eb94288c3866e3e9a493c096c1e18a15cc579dbd508ba58f4ed55a5932
hprc4_L100000_4033	6a2a24b1bd4d328f265c33ed762a8e5e836e3c0b9fef60a2ca57ec46d9986676
hprc4_L100000_4034	b912826b4f7b03a4ad8414141723f868b1e5ad0a91e66241f68126444710336a
hprc4_L100000_4035	e415c0e5f2b2d8d4e5d5baffcfdcdd6bee97d3504f74cfb144e6cb0547615450
hprc4_L100000_4036	1650e66c6f3a0ee9e8676d7b4ad534d50d1709a76a13b0566e5a18196261811a
hprc4_L100000_4037	2ad7291417312f1227c88726eec0a421f86f5795da99fa5879afd4ea6b61e1db
hprc4_L100000_4038	9031addade3ae8297309d859368d1d5862b480dc69b7cc03bda728998bb640be
hprc4_L100000_4039	b95b1a1093994fcc2790d0cb8be3b5bc679ee5498317847c4268f914a222a66a
hprc4_L100000_4040	a0829b97f97c02d30f52afbbc3c26722037922b6f1b0c878f2ea74fb10761e37
hprc4_L100000_4041	b1faef8c671a63a462279bd0d3a7f39b5d1f1462556d19331c143b2b252b2665
hprc4_L100000_4042	05abb1588c940402404da9bf4ca53dca3f0b0b997bc4fad5715bb240488918e7
hprc4_L100000_4043	f46ced4af883f97e78e67def30b147c8d3b872c28ca7d6f83e367814b2b77589
hprc4_L100000_4044	f9697140a067fd532aba98093d2d61186fc10ecb29b60c49420755284eb659c9
hprc4_L100000_4045	99c43709f94f7b4c35647d8d6f9520fa06ee4f57c8b2450cebff7eec172e376f
hprc4_L100000_4046	a883e6e9f266c63187a12afbeb6942995bc98d2976911e3571e5f2c62ca9c119
hprc4_L100000_4047	61fcbb72c4ca06955a9a2f936c87dfd503f6fe50f80199e8cdc1ca7b090151f1
hprc4_L100000_4048	d6c5c00f62b72dcf7917c640f538d594b9cb9aaeace09981e75cd6af2400ec2a
hprc4_L100000_4049	f5545af9b6ab018ef5342f576e17ccd7ebcd18d88d89c5cbb65a06ba85304ce8
hprc4_L100000_4050	02182d0b3721b6c450fd4c1aac276ddfa082d64cae6323d08367d1399be419fb
hprc4_L100000_4051	46fb29b5706b8404f7263caa32515c4a9d7f670efd0133a40202503496b42f04
hprc4_L100000_4052	513042111bbed64f3fb6a1213dece0b7a23278918ce07af5ccaf779e9b102cc8
hprc4_L100000_4053	da6193279994cf6f22c71e62cf2e29c5c0d10bcd4d95a9d67b312fc8afccacb5
hprc4_L100000_4054	41cabb887066fed49405090ce50897294bd55684045a6e00f4c0dd03536ae873
hprc4_L100000_4055	46ceeac6dbbdd373858c1c629dda83eea945d179aee79e43f38fc5848eb085e0
hprc4_L100000_4056	99576e66c6f17dd21a8ad02f5b8a0a397d5515fc7f6e39382f3f5192069b4519
hprc4_L100000_4057	96d1d2bdd1c4a0f89e0e2c3ca5bf12cfda71b9866ae8d9ac761e316d7dd185e1
hprc4_L100000_4058	3855f99642088864669ff5313f781bdabf6b65977f8f760daa290e7470a529d7
hprc4_L100000_4059	687f6954b6c2f6e68178108e2ebe9f4ed91f1ebda0a1ea06c0089e52a0d12c49
hprc4_L100000_4060	49ff94f2759ebcf83b85f04aca6cedf8775cdabf7eca9319b20456bfa3012eb5
hprc4_L100000_4061	561394839fa598ad530f6d5ce52e9cc2b95811eb4ccc5ed7c17844f32fbec5dc
hprc4_L100000_4062	dec0b3dcdf1a2e90386125304ed02c20a69cc579005661120a5733babbbaa986
hprc4_L100000_4063	a151b190475a9c9178f6e73a00e86eb45109c7b56f221f45ddd746b751b57c2a
hprc4_L100000_4064	2d190efac5b2d0c90ba37b4ab7b44b6c8c9048bc8ed55617d7661536b14d67e7
hprc4_L100000_4065	29ae9dc1df7bc9a07fca921520fc27ba31c333f52569e617d7a7e9563c36d139
hprc4_L100000_4066	c51f137c642eeeb767b58194bd4d5003118e45ed537e6e65f51d4f0f054d4f1b
hprc4_L100000_4067	33c6e0e443adf68f40ee03f31a0ce2f0e514dffc1a38545f7c21cc510fa9d609
hprc4_L100000_4068	5ce75a1c1463f753146372fc7ebfd61350b01b3bffc6ec50bec0cce47273ab6d
hprc4_L100000_4069	1f2c3d75e14b7dd0bc77a6351c5018a67d5010250a019b3495250a639a4a9118
hprc4_L100000_4070	6baf25cd9bea366e77adbb94372c81527f709adb88242cf8d42e14786782eae2
hprc4_L100000_4071	757e81d85beb7774eddc0c92a69234bbe4b2077803c3142870330bc36328a53e
hprc4_L100000_4072	c0c99552f9a840b94c6ade70cc0a49540187d3afe4cde7a245f8bfdf763c91bd
hprc4_L100000_4073	bf56b513d385931421258298f1a44f9e91973906d902ac9b8116690ba334b145
hprc4_L100000_4074	2121a5a820ba5b3f0c277f3b02b8eafe0d5b0285f0e11d26687bab06862e953f
hprc4_L100000_4075	02e8b58b5b9dfaa6303890080a6f9fce626f9c0f78cfd4ceb3e6e3c12f0af3d9
hprc4_L100000_4076	19a9a11404391c8981b0594019eb61359c0f763f901ca09700ab2bec12e6bbdb
hprc4_L100000_4077	6238f335ba1687ac52a1e52079d22cc20b0869a0cd1b37107ae15d85a09febce
hprc4_L100000_4078	8748e75578770c999b73fcfc08700dbfe44789d5995318ae3862c01e3f126ef1
hprc4_L100000_4079	20a0504c82f6412b57120bcaecd8849a05299cf6f089b9dd853cd5f686e98d60
hprc4_L100000_4080	68b4c29fe8d36142acec61cab27d2ca9dccbe41b07264c79db693fbcffe5e7ae
hprc4_L100000_4081	4e61c93e9e6b3a34024426ebda304ce3067dc72f0e5421748733a3c9249a441d
hprc4_L100000_4082	d0b52a1ab8f65569770d09028270175f988d246f4e0d3a7551c6319562ab9ff0
hprc4_L100000_4083	c8bab23b065fa7dfd5704ad5b331f5151af6987485cc6aaa88c17f097d122677
hprc4_L100000_4084	810356f8709bfa29f14b50027a484867854776795e62509cb1003c759529e753
hprc4_L100000_4085	8ae967f03dd19a749c3c10f12bcc912b56ec09a66e01208f670368e5f4067cdd
hprc4_L100000_4086	f2f3084911865d52122692bc4c52239a5154b6354d073583d6474d77da62b573
hprc4_L100000_4087	eebc8d5b6e40ff7e17b714cf7d7d76e78f86a95ed6bb3243dd7459e9f32c4d98
hprc4_L100000_4088	28e7c24e061a0b41ab1ce12a4393df8472aa25d0122429f2f02470caa9ceb41b
hprc4_L100000_4089	443de652b4bc837c9568eafe912c9435f2b8a18cb943b3009600dc015289b6ca
hprc4_L100000_4090	a11df0dc22a27dd71842e307986d8fa3756b1aa485f7f84517caf2da62e429e5
hprc4_L100000_4091	01b9ed4f6c408ff931a16408209ae7053be7226b88e32f54ec09c03804721f11
hprc4_L100000_4092	e8697b054b485857377329547a66552b9d3e6fab7c34ab8dc5e292ef7fbdbab7
hprc4_L100000_4093	797f80d421cae9c59981a628ae88f21a202624d5eac27c74336a773564b9b862
hprc4_L100000_4094	8e97b206825f88723e8c407ffa34b0dfdbededeee9531a31d91ee48e67264cdc
hprc4_L100000_4095	8f98f0e9932d052ca157ca56691c42a042b44f925ea65319299e5bdabe3b4706
hprc4_L100000_4096	1972b69f1b88ba686acc1f2de05e3ef867e460900471d8c4ecda399f79688d58
hprc4_L100000_4097	ec9d954715992a83fb28f8ca1db8f22a8a5380731065cb7042490210ccc73e28
hprc4_L100000_4098	20999702ac75b35919cb2f99fbe931d1f7d2f33656ded3df004962aee34d208e
hprc4_L100000_4099	18d0bc8383155a8fd7992c13c3d03650159c7a32632373792e9f9f72353b9eb1
hprc4_L100000_4100	0fe4bc33224b3c70c7249a2180131c7ff5d25e3979894e5eed64e16e01be8d99
hprc4_L100000_4101	023228c450cc604a08469c6e25e5d793c78aa8e8f9e3b92d6cd58ffa801a1359
hprc4_L100000_4102	7b589f2d97910afb714eb88ce8cf3c9d82fa9106e8c7507972fdc62b6a0a9ae5
hprc4_L100000_4103	c7cb48182df7c7f1a8fc8be7da95a5eb5e0c80e09cde778db850e31a4ed41c3e
hprc4_L100000_4104	44ad3487d6ab36ca937f914242a7be41533e20913f2df04a08767bca172facc8
hprc4_L100000_4105	511595a543c0097a12ea4a19bb5aaf43b262ac287828a81bff2053f543d2808b
hprc4_L100000_4106	a054e783d495ef4a190b9e10979fa23413663db72c5adce0c14984e8b5bd773a
hprc4_L100000_4107	7d3e7525d3889891124e6b99ae63f9c291020f18685f1c90f684ecdc0065f528
hprc4_L100000_4108	a0e55d2da76087c37406bd86cd5770376eae558f522d907d65a285e07057ddd3
hprc4_L100000_4109	b9247afc951f9e32ec19029b16de8695b378f4100012b5fbe00402518b63b7df
hprc4_L100000_4110	7ff5c3be502aae6c5df3681bacee23682361b76b9a4a2af540ac71d64b72cbc4
hprc4_L100000_4111	c96825abc51181dc8e9dbbfcd8aa0840d59edb7a9b5e93acbeccad6c687a43b6
hprc4_L100000_4112	289f2c98ddd759156b10c02f1a5fc476edddd54e8a334c8676fbe6194a8247d0
hprc4_L100000_4113	bc879f69204a1ca6ce82579aaf45909a1c4695fba9d613b4da0c1d351b66afb0
hprc4_L100000_4114	58fd31a834ac27aca683cd6ad779666987924660e0944af55562dd37d6bd56fa
hprc4_L100000_4115	2eba141ec2ff76fe3231379b8ad01c84b538e96226aa75cf17fd687061b59e97
hprc4_L100000_4116	72af8c2712cb3de16391be2a421157d7173d30f980446b547eb8e194c1d68ddd
hprc4_L100000_4117	20dd8243208c6d11a7e88ddf98e94b0c7a7c6712ca531b0f4a432af1a04cc1e8
hprc4_L100000_4118	10c0e6124833b97fbc9be630f885680f9564de38170baf99b258f3953a65f35d
hprc4_L100000_4119	7740378351b7bf636bf3eeebe07095310c400a8018938c4e683d6b592aa9336e
hprc4_L100000_4120	738545fde8d9fc93abdbd1ae04da75a5c009ced9496343a6b7b34fcfc4d7a2e0
hprc4_L100000_4121	4b3da77a76eba74d6a63e6d06cd51fad62d95047d08e9f792c5f49e1168d6bf5
hprc4_L100000_4122	68fe99f9bc58c95894a01da16f383ed84e528382c94779667447f7dbb33cd8ba
hprc4_L100000_4123	1b889df4bc5a27e644c656fd09583169ff6d4f2dca9ffee58e0a33e644dcf2ff
hprc4_L100000_4124	818f70be9b7c6d75cbab7f0770839d5d34fadf0a2d2400712a9fccf328b49e86
hprc4_L100000_4125	1c9d6f18ef7205f18050264f82274571e874ded5eb5779d6c175c3bb11f54ef0
hprc4_L100000_4126	9046bbf9a96415230d2c17193bdb3a8cc34ff6a714e433f48bf4902aae6e10a3
hprc4_L100000_4127	7b45bb2e188a7e5ca1705607371144afdc54cd57bee3bdf31a3631f7f910794d
hprc4_L100000_4128	73d3db25dc9cb31a8e321befc3bd81f28903ae82bd1865496b23dbae6d69e3b6
hprc4_L100000_4129	11d71095b5c93c3beca97446025307a69af18fc414a7a95038fcbad034257d18
hprc4_L100000_4130	2a30084d819baafa9b7f517ffd31eac29e7d127b60d91c0c29e564cc603c1f92
hprc4_L100000_4131	a6d0fd5df040b5f5dad89dacd38305274f1df7659fe0928af31ca2c6ecb0e8e1
hprc4_L100000_4132	df404516e14002853a8d88957e80969db8ba8266df43b96e757ec65ebae6e576
hprc4_L100000_4133	0583503ec1eedba117a3e5fd0181bc90730e56aee0954c15333a606770349629
hprc4_L100000_4134	434b8dadbe4fb5df8ad0af24f4f37961e5e9ddfad35ee8bb90c3df902fcfc0c2
hprc4_L100000_4135	79f3d5e915299a279c163f177d161672ed8cefaea8fb29f136b5b15fe51da9a9
hprc4_L100000_4136	523405f08133305edc222c210f1e63216190d5b0f2a94bd22980e0e913c70fbf
hprc4_L100000_4137	c6133876466c7f41437f2c90af5ba5e6fd807420d6af1d05c11dad8aac956b79
hprc4_L100000_4138	69d2cc220567f51bd1e8ac2f224b9481f240232a6562e830d216ca4587af6839
hprc4_L100000_4139	118af0ebefeafdbd4cdaf1cb5d2409217ab79072ebe63722cb4d9ae91358cd47
hprc4_L100000_4140	4278075232c285979f37f8ae26145eb05db495d6c3dc1bf86744195bfcfc179c
hprc4_L100000_4141	a779480082f992a3b3862bca5e5ca1c220911295caae3fd8876a8de6bb22f50b
hprc4_L100000_4142	906d4819e670e2b495f824c0d9742b54c1841023cda0ccae602f71f3b9333993
hprc4_L100000_4143	0dd1441e074cc6d60137fd831dcd7ed1f9c694d786e3c6216dd51bbfe5295fd1
hprc4_L100000_4144	2a1ce639201a4ca2fc980a3df7fe1a327d13425c4304a87bb3baa9a719777ac6
hprc4_L100000_4145	f6cb051ed84f37013f663c88c814c458478a157ddf3d8815f8fe370c6f3e629e
hprc4_L100000_4146	7d11443e8adb13dd53ceb89c5edbe96aecf87a1cddeb986e9bcb30a30e1b431e
hprc4_L100000_4147	c85cb94c3a0e331bfaa071bddb8474d82489991fe40a85433ce74fa57576473e
hprc4_L100000_4148	7315d5980856554a1dccbc7275d302eaec7c6cf961a0ed3d42532329012a2a90
hprc4_L100000_4149	50deacc1966241e0e94f4ae501425b4436df70512018b126532c2e233a50ddbb
hprc4_L100000_4150	48a9c2f2cfde4783dae3e7f01fe391c7133f081b6c45ae44c5c89f930484cc51
hprc4_L100000_4151	d2625470e84b5778ff6aef060adb5749db7168e006db4be037ff9cf03a7b48d6
hprc4_L100000_4152	1423981b927c5c1efa4cc92b8c0be8819f0aeac07a05240c3f9a51cf6d85d5cf
hprc4_L100000_4153	4b84042c156177df430a40310958f61b074adb460df631ba0055d530ec78b216
hprc4_L100000_4154	9d0412db48eef1ef00234781ee07fb7c1d85da74147c5c3375fc094d966e53ed
hprc4_L100000_4155	b9ca6da39c34437d8a331def8f1944dce4539899852e266282390d3bc35a7a0b
hprc4_L100000_4156	60c8ac65679965a04371b33c0ece100faeb8d3c63b0a6ca57dd70805c882bb65
hprc4_L100000_4157	8a585afd028066dc6ff3b99d99fa31307e610c05dc067a93c84091050ccd578f
hprc4_L100000_4158	546b1af960bf32d2c04f26c72518c0cde08d31f071cb82bb1833b86a645aa9dd
hprc4_L100000_4159	1efec339d51fc14364c54c287aa65cfea6d83c8a5c2b038bd0a08aff32a79b5d
hprc4_L100000_4160	4d3cca59ed6b3b2a19d9f003dba5fa7cccb0ff52931ccf92e2013b05c0c8b150
hprc4_L100000_4161	eefd16721652f83eed7c46196311294e1a9e035f33c5a84e5c7617614019160f
hprc4_L100000_4162	b31efd91ce70f80abb4c8b8796a4b4abb52e22e51864b689ad031122ba7529ca
hprc4_L100000_4163	6fa7cc050ff21d935113a0a2ceaf18cbcd070d9e0d4458ad29a6115079da5238
hprc4_L100000_4164	04806865b3398ab7d7553e7f815186b51ff1fd9173284d58bcfb342e3d6d87a7
hprc4_L100000_4165	2136023cbda7c8fc74536c29cc46b3998c913456c1520d5601e2930d7532dc48
hprc4_L100000_4166	446222025b692f7ab7daa7767bb2abaf5d41de8f605c10bafc2429e26396e483
hprc4_L100000_4167	c36745ec5ffa7d9cd8fb82a04ec2942e560e8b814072d9182f621c223a34754c
hprc4_L100000_4168	e0e401a115aa52590b069bdc9694e8a266e9f39ca4bb6b051f374861e828ac88
hprc4_L100000_4169	15878b2167075e1b059603a90fb7751e771355ca55f1b384eff80f3aa91e3380
hprc4_L100000_4170	239162d2bb16540a80efcbe4bb46062b48096544a56344cfda61fc7916076bb2
hprc4_L100000_4171	0d921d9857c74dc5fc5f27f74f70077a92d8d5f345b6eaad800412c8f61a9068
hprc4_L100000_4172	41d1bde58c9969cc44f78e91ae2210bcda082acdc666181d723d2973229424cf
hprc4_L100000_4173	321a6cccef3c707648575356b70a34bdcbf2ef4e22d21138b429e035340d5950
hprc4_L100000_4174	dccd872cfa7e4fbc6e34a31565a5d77c1065f0452cf5c42db386fc1186e98a63
hprc4_L100000_4175	bb89ce2bf877765202cfdc8c6998e22d3f6b3af902ee7446864a6e0004ca6834
hprc4_L100000_4176	def948cdb0f42d73c4ae257bc85a356c56ed805dddb09f3da52003c215dc49ec
hprc4_L100000_4177	009b5e0e05521be60ad955b049dbbc27c7c6a43821b4361ebea0a89a671c64df
hprc4_L100000_4178	3a71cce372d1671df1600ca57104ff06369579aca4a6c1b994a36a7829ddf0be
hprc4_L100000_4179	45470ed39eaf10645cf3ffdfe746736a7c8edeaae147e4c1b3f197cd1959a75b
hprc4_L100000_4180	003a7f4a6da84f1f6098c78fb7e9208499e3f4db4d8341f7b7439e41ab05b8e5
hprc4_L100000_4181	995dd3b930f782f54b219266553aaa1ba4a00440875b9120d9ab13cc43e72827
hprc4_L100000_4182	476fe2c109e44ef45b2abdaeedcedaed8b20e9d0cc60728bbc733b8ac027c986
hprc4_L100000_4183	1445a593deefa2c95d10b372388e37d06d9ee2c7e5951dfe57bd27d2201ec10f
hprc4_L100000_4184	8a7b6b012bc04629f9f8f4222a09f0824a519b0f910dea5aa79911616f80ac7b
hprc4_L100000_4185	abbaf601b0a58aafc2a349285a7bdd1085740562e2f1ed884f2e9371f540925d
hprc4_L100000_4186	81ddd2a35cacb90d2b8c711717fb828884798258f20e22a1a12b10b37d07f1fb
hprc4_L100000_4187	7f813d3f7b99a05ff47aec8b998f604a6373492da156d9bc90c6c8e03c605824
hprc4_L100000_4188	49d69ebf73cac4c22b6afc8f0539a71611b96aa0406297afee093b61c978d523
hprc4_L100000_4189	918ab5a0db86453feb8f7b4169017bf54e85e6c5e366706f8db838be819d7b00
hprc4_L100000_4190	cb60b8d40eb37f7ec196b2f2abacfc0250663be9d7b42e11fcf1d55909f9f8ee
hprc4_L100000_4191	af1d4c4332f10ff893b5de81e6a11dcb4bc1b96809b123255fe7b89fc455ffeb
hprc4_L100000_4192	63fc960c5081780c1952e5bf0ff3992c11d0068b45ba9587846c95d80aae10a5
hprc4_L100000_4193	d128642d9f221eef39ed7b4d4ec4a93e6404fe8c0952104aff5a6320d3baa75d
hprc4_L100000_4194	ad8a89fd43d55458928c8898fe3776e9b4fe959ac078df469e52fc710fa5eb15
hprc4_L100000_4195	2e184ee299ce0ed73c4d8bcae4e53c026663312784ffe5a0bc321931cc0106af
hprc4_L100000_4196	dbdf4be7300d44fe2da54ad49ea7534338b343547cb6814b0fd210f57de845b2
hprc4_L100000_4197	b7d5ebd277e3b0d39c6445d7756fa1ceed8f55b82bbd436605d9ade7ed9ab43e
hprc4_L100000_4198	bb9f2dfc0527c0f245d17803e1c82a556f7e90d8e553dd705e56c2fbd89e33db
hprc4_L100000_4199	b3d69dae41ec6db793a88cbe2ced0f16aaee718998004a594a99a49d56754f35
hprc4_L100000_4200	70b0f736dbaf619e8f71c1b2df03e1b8db72596c0285943b251820d65e8a6fc1
hprc4_L100000_4201	89f5d3bc0643f1fe589dbe5656d50e7346decc64213ca84bc02d2ea08462334c
hprc4_L100000_4202	88873f5c2206bd5d5c6320bd48d1c8c87a5855683d8aebfd65fd2d4a84221f2d
hprc4_L100000_4203	da1ba5f4d29e8ea3f78f5927c438d6ffe2a8ae2c135405291e99afb9c93c602d
hprc4_L100000_4204	52f5f4646b0821b8b7d0f84245884dae7a6946dae0a08c8cbb4f79851bac9438
hprc4_L100000_4205	96b8d3ea19223a442118439288f68809efb82efba1c758db44689378627b6930
hprc4_L100000_4206	be31f70d700fd8c1d65e7a98dce6bbfde400d157a7554d6e169cefcc4f101cb8
hprc4_L100000_4207	5b8a5d098003c1faf265df6cfc293ef0bc03178f90377a9f0b33ed5e1ad5ab42
hprc4_L100000_4208	da2042c465682905e0874253c14b5bc0843a8d281643823810d6474a47ef8d2a
hprc4_L100000_4209	fea75209c0eedadd08cde8efdcd52ceba9b54ec1353856c53d055343c55610c6
hprc4_L100000_4210	a4c9f6e6e97ad9a2b3c2ea0c2efd4f7959e6c11225f1533db4b6186f932dbcc3
hprc4_L100000_4211	8233410ce1250127dd14b2b28b7fd63d9dd5724975c2f0c793214c96010e8ca2
hprc4_L100000_4212	4e644d2b714f7b3da528f48f55ebe3af825ab572ad5523e6f03530dc52d9174b
hprc4_L100000_4213	2cbe0ea379a1176074c91201584f680f55dd3bcaa0e152441bda7be38cb061bb
hprc4_L100000_4214	27c09c8dcf490bb3c85ded320806af9cd9e0e005629e05b936b070a2197057d0
hprc4_L100000_4215	ea077660c6503b63e5e7fdeb6cdad9b8bc2a8ba80b86f964d0ab091bad9f6bc2
hprc4_L100000_4216	f448a7b390030b1ab4d7c44196f61e693246654f99732f7c562f742a3bf5465d
hprc4_L100000_4217	c38a8bfc1de5958739934c069ad498e3c00decae716e371799dad2e461a37a97
hprc4_L100000_4218	6495b2e1b1db163d9bc1d468612038e1c19212a811f2964fc95564229afb065e
hprc4_L100000_4219	0ac8df753f172ae0cbb7e6203648df3a313b3d42683a77f2ddb783cc47d3244f
hprc4_L100000_4220	efc67995b94730278ee70fa0c9e604d0e7f738b9b8f1c481f33f2e7b7d883ca8
hprc4_L100000_4221	a2f909d76faaa88951b6c10120cce4d943a6d08801c75d0ee880d8e7d43aa024
hprc4_L100000_4222	2190f55af8f9ae4752cdbfcd3416da453a6641c11a01af6ae3ac18c02ce46108
hprc4_L100000_4223	aa3cda11faf23b07ae30df81d64f3cecfffe5b90521ce74ea6ce45710c1586aa
hprc4_L100000_4224	4a14e58c093c2f027217217a975ed49c461223f45a5a675facf8bae354853f36
hprc4_L100000_4225	c52396d266def14a640f65fb680cfc51c778dc6d896c5756731598f2c5733bdb
hprc4_L100000_4226	79d8582b0f892351ecfd6783034d6b3fc5dcf967096095d8f64f3111b30df6a5
hprc4_L100000_4227	bdb3ab767152737da15bc76a77a28f9c72dddb7f85ff109a3e59b684507a292c
hprc4_L100000_4228	d38e80ffac20f981e143b65455a492c930d4f40894c6f7446ce1f8187552d588
hprc4_L100000_4229	d76727a7882a016e9b6a45aac132913710e6a53be1125e9b21b8ba788387524e
hprc4_L100000_4230	5d030028486b2be3664272150fb119c1cc757b2d5c0fe9b99e51c986159216d5
hprc4_L100000_4231	f3d9b4666e9a285c04534ce512cfa6d95dc69743b2870fc233b3ad526a85f4da
hprc4_L100000_4232	4107e6bc7f58bd832b298ed22bc55d15c2ed003008a1fbfc9b021e4b4642f9b6
hprc4_L100000_4233	6a87cdef6f68a027000dfb35786a333e1cf7f43933ef75648e29e4248adc1d4a
hprc4_L100000_4234	72b6dbd45e1d4b1b9996b3a689e289d09f0a99eb36fe5bc6fff059ed5679e348
hprc4_L100000_4235	a670c50316920f83fa6f913ba372f6fa1ed090af5572670aba7f8d7359aca61c
hprc4_L100000_4236	65422f4a8e30f9b3279d59f6e90269dc7ed198d482f99b5f96f4a4922cdf742f
hprc4_L100000_4237	7a46794d39f87319f9faebcc140fa2abeacc7b9390e5f5deaa09884747fcd432
hprc4_L100000_4238	e95d6d1aaa05e829a66368cf971b98fe6fedd1c6e4dcff1833c713aa03531e45
hprc4_L100000_4239	1d79236b8712537990d223a59503fadad9c1c4d69e50ea7de2f0d44c02e0bd16
hprc4_L100000_4240	19539fd0a2bad70edf7e20e0514ad72ff5d43de31fee51a9e90af9359ca35767
hprc4_L100000_4241	5fc215d904c0e246c9e1f8f2a4ae1f82f946b4df9f7510a8f548ffe0ff28b41e
hprc4_L100000_4242	70e8ce356f2d601df4635aa0c61adf6d5b1d39a700b936280f7006304b6144aa
hprc4_L100000_4243	3cf7b728fcb54d81ce92e6c0ff0dc7d7da5edbf836f543543554148b4f8b0476
hprc4_L100000_4244	1f983d3b5d654144afb4d7e4acfe7a4f38942ee3b0880164bc96df87397a5c57
hprc4_L100000_4245	b63799b228edad04440028260ed225908a84af28ee82b07bfc78c8343d31d77e
hprc4_L100000_4246	386a27fc504506d75f7cd814ce01ba6bf7182fb9f0ee1154e9520914663cc048
hprc4_L100000_4247	b92d574201a3ddf7438f19169dec5cf8e4df6601fb3e76fbf0db5c6332e57c2a
hprc4_L100000_4248	21e12b4ce21808d5fb2c995e6133a9992df313e35d453a09526952fc195ac60e
hprc4_L100000_4249	a4d321d560a483d863431d52249bd4acb67c915728ecfb29bd2865b6d801f244
hprc4_L100000_4250	ee5c762a215f0fa10a26f474bfb5e9c95b98d3f8be17a950d2203b23b5428a5c
hprc4_L100000_4251	d6fbee0a0b21d36df41ed4d687fdd4c3be58acd7100ce61fb0e77e2e35d98d48
hprc4_L100000_4252	b2b097bbfc5e56fb608363a5907e85b7cc6a78dcbb2429eca7436027dd329adc
hprc4_L100000_4253	e15351481ac057aabf6a0945144fb517f1da99d45a6fd3af3a0f8d42d0c4725e
hprc4_L100000_4254	5ee587eb4c2f2a9ff7df8976d034e8e6e88560edad3daced41a890a275bb1f85
hprc4_L100000_4255	cd12e04524742f83cadb6a397815b07cf180babde4feb6a3e5f0f3a14a7bf298
hprc4_L100000_4256	34d4673a905d34a5f8b3ec62eb5a53e15fe24375ceff9271cfe165ac8758bebc
hprc4_L100000_4257	e4360f54e77b731824a07487440ea88c7d9097abeda4c3d90372073b3ee41662
hprc4_L100000_4258	543e300f271172f7de5290f9614699a06b3132f46c4d5540eb2680b7705417d0
hprc4_L100000_4259	79d2d14f205169b0bea061ba5b4899880fb085c7a2112ae6f74ac9cc8b5f1905
hprc4_L100000_4260	fb3640598cffed79e155bcd31832771b102889312ebade7f2cc59ecfa8c3e8ab
hprc4_L100000_4261	33978ed966d2c2ca9d73c1d35676e3eebb5ad36ea13f123369f391c9b2ddd01e
hprc4_L100000_4262	a8c1e455909b59a94be4d96d0b30f92be4f7d6599e322841e0fbc6feb942aaa1
hprc4_L100000_4263	357cfb2ac49a4a751670a3f5af160a7676b3221b1229459594982efa1522ae10
hprc4_L100000_4264	ef0539addb24112969939a89e69932bfdbee3948050cbe7a1822f7db54186a55
hprc4_L100000_4265	ea6f46d62e7ac6e94294af79f350de2537bcd24b6e2cdd49e94953f1d2b8a36f
hprc4_L100000_4266	fae5343d4ce1084437b00fbee6b2343f0590baa9f53dd084a96597a5138aee89
hprc4_L100000_4267	90c3df79e4c75745eb4fcf3135f13b932b2d8d811b79915564add573ae9e4d38
hprc4_L100000_4268	62f468d92223deef6d1cdf88a1691c6b606c0e2584af37eeb2e5cc440f69c24c
hprc4_L100000_4269	733acda290e8cf37bad613b19d64b719247b48c46d6a513e05aacd6412ff055a
hprc4_L100000_4270	5f217e2dd95e2465ed40796fa8c7e151639eaf53f17ac7ab9935c89d85b6c2c8
hprc4_L100000_4271	552a22620c51682e2c3325d1deacdba55909f83049e9d7c36ade86dab20d6281
hprc4_L100000_4272	44bc4020c70ecc218b97ed879419386f7e1c30630d17dd463014ccd86f566c1e
hprc4_L100000_4273	34398d31791f40b31e0b61d35549d4c703d32f988516c13dff0dfc542152cef0
hprc4_L100000_4274	453253a0ced72d4edd0572d209b44d0023b4275b90d63f09c60faeb4b1c3edc2
hprc4_L100000_4275	57fa9f2d89668dbf41ac20145273214206d44889239c1192f3637a9656c6e193
hprc4_L100000_4276	c887b39aa921b560a9e6dcc1cbf53becc9f3ae9802ee337ce83bb545d7d70a4f
hprc4_L100000_4277	107fec08ea57cc6eaafb2d5828d6c2e6585e944c8696cc9453d99d525087c0b5
hprc4_L100000_4278	7db000c9b8c57457038582dfcd6d0e6eef17201327c239ea42e69ec9f2c7459a
hprc4_L100000_4279	ca024a8d24f589820d0b546d00810305031c541c24f8797c7d8ff20afd59ffa6
hprc4_L100000_4280	5dbb5a85d0ccfa3ca0f5d783f3849013b0a7f36294f607604ee135ada27046fd
hprc4_L100000_4281	01ae6d8204d88ff43b6b9e62447abbba3f63bc7ef21cb876568b8d70600a358c
hprc4_L100000_4282	fa7b7a43007ef544a130979f08117d11acf4b0a26531be837ea1743b5f04d376
hprc4_L100000_4283	234d273339f252363f141c11cfb0667bea33500f9f6070e4338f76a2ac4cf8d0
hprc4_L100000_4284	1c63eb9a0acab5e54b04d72dcdd9a80ea1a35f6a704006b3f21cffea507634cb
hprc4_L100000_4285	dc4dc47ec34e62fcd087718788ab728d9aa0fafa57430a2cbd876d3e7aeccded
hprc4_L100000_4286	15659bd4639cc9154e6f1d0da46fafd014bef58301d3bcf1b8da0065ff967034
hprc4_L100000_4287	acd542e5066b8779763b11b6a8d8e3b35260e14b4031cc8e9db3127623c9d22f
hprc4_L100000_4288	311188b92e535074054135351b21c129238cd63783e4496e84abe55426b5f605
hprc4_L100000_4289	d07cc7bcd3020292c1662361986c84fe20f4dc3570e5b2500c73d484e2c79a52
hprc4_L100000_4290	5f29c91905ab6b2c435e80df63d1c97fd70d5d4c457a8551ab8cedefac18ee0d
hprc4_L100000_4291	e8c0bcf6d389345ec22d424a619c0d13f8787cded0a84d139e344bda5b0138e7
hprc4_L100000_4292	d8b4c4d70b1d20231e09260b6e219f03c68bfb354bc398d5405dcf2fcfcc3951
hprc4_L100000_4293	1a81bedb82c5ffb001db2c9c6a7a1cfdb4c4edf9e1babc4fa9f6aa52b58c26f4
hprc4_L100000_4294	c7c51e4c02a5ae95e9666d3ebfff135ba4e684500721188bc4807d8854166cc5
hprc4_L100000_4295	0220a074f7521c1bd1709da7bf7e8bea5f2cf4399a62c13f974c687be0cd27cd
hprc4_L100000_4296	227d44e68d978c49e8156694719f6c9c798dd178e1d148cb974c37f033951fbf
hprc4_L100000_4297	7b3749c862c941c216ef6140c6a4b55f54a334c9d244426fff67f399d35d9d6f
hprc4_L100000_4298	a522621fb3a8176efa7ecfaf42228a6ed6d43b9aefc18ba282cd52aebb5f0d7b
hprc4_L100000_4299	e1c7722d477909068157c2b60b61f6a6738443d0132ae986146120c43eb71b5c
hprc4_L100000_4300	b8c9c5d2f701f27e4166c2cdc7c4a8751a6433ff5d3a932d385ceeda636f80bd
hprc4_L100000_4301	c35704ec995fe9b5fac11cb96273fbeaede85abde3bdefe08cca0d7ff9948c49
hprc4_L100000_4302	b4f94fce4bf12f3b53bf01832ae4cee878f47c848d3e2cddf5a1d15fbafec080
hprc4_L100000_4303	5fd6a5c9fa3b137b3246d78e080fe170727c37d5081f33b19692e7662f3179ef
hprc4_L100000_4304	7b57a07dfce30c25ce3a131cf1701385be1a361d60c6ae8319f0304b3f9b5234
hprc4_L100000_4305	f2cd387d5a4cbd37a04fe2cbd2a711a50f92d71b4d471fc46a92e39e103dbeaa
hprc4_L100000_4306	398e4ea1e24d689e53012228a33b720bde754ed79c3a351561b97e55c90fd39c
hprc4_L100000_4307	257fcfcf8c556647da50348620f53efc1a57dd1dfc2edca264044d051bdc36c5
hprc4_L100000_4308	626798a3120e7072b63f1bcc084866ae84cefb74192605bc45255553dc2db68f
hprc4_L100000_4309	38bc6a6715d98a122cf6f914d6ede95ee57cc10b4c73c4328265b6fa415a24dc
hprc4_L100000_4310	3f79a9870a86c66735c46bf7f3a57f561b42031566412734032d11ec0310bebf
hprc4_L100000_4311	b14292f165ceef56c08a4b04e88766ea64050c2ccd583823a37f35bbb6937bb1
hprc4_L100000_4312	d744ce28bdb4ce8b08246f0a286cafe780d96fd4d9084e53d4b2c755b0862890
hprc4_L100000_4313	24469cee44d167c094bb3b12f8fc2412f61a2a3d5cf33ff44a85094e8b8858fe
hprc4_L100000_4314	101f5c6846a7ecd07ac769a8fedee839211844f7055feca522e448dc84074565
hprc4_L100000_4315	405d8af670f08fbb75a579350411f83b9384645424c55fb5327b69a26aa39402
hprc4_L100000_4316	9069939e7a52e2f9ae90ab42f39d2788440b9db7ece89ef653cf10e7fc51505c
hprc4_L100000_4317	39ed7f6aa15e3dc99dd2bda169a6502f0a9fd0047f6fc4b920accc97a78d2e54
hprc4_L100000_4318	a6c09a06d6b28fe1a23996e8a825ad805ea6cb0d9397df07d8faf5da371a39ee
hprc4_L100000_4319	4a4cdddee88b2ee21cef92333d8bd7d7982d260ee898f1bdb250b4e7413c484d
hprc4_L100000_4320	19cbfaa5a7bdeebd705bd514c668aef97d3fc79e6701c4f4ed1f91e8b582a29d
hprc4_L100000_4321	a9255de931a72a9d7c2deaec913ecbdd7776a3e9f64445b4364511fa97718ee8
hprc4_L100000_4322	61c106470130c67d5903500b85c28c956e6fa2a6cd3728904f05e8578fb2d058
hprc4_L100000_4323	5f30fc10846df31aa21894a7ff31c94ebb7cda419e7e24bc47768eaa5cd4a01d
hprc4_L100000_4324	4e4c013ff9404a159d54f79908ab315f60056917a73a35e09cfdd6fecd68ab9a
hprc4_L100000_4325	ca71679a141c9e58ea4b1d6ee18b3c1e78d11286d2931edff6eebbff8b8730ff
hprc4_L100000_4326	743d210b20a6047f1413cac4b507794e795d66d159d069cfdd1f81123bd6ff4a
hprc4_L100000_4327	8303a7af4f74c7bcfb14d34a3a6f6ec6349d884c1e6c1e02fe99dc2a50d79701
hprc4_L100000_4328	924235b75fd3d47cf3be6b07bfc8a3e97bb9c37dc89516165fe6a865fef974d7
hprc4_L100000_4329	d580ad9c2cb6dcfb0b011ca36986ec0b1364a9b661a7a9ca01f494689eb1a2e5
hprc4_L100000_4330	88368a5f136a79a2146b9836b5153d4ceb0590d20c3392b53d7ee40b64ce47b6
hprc4_L100000_4331	4bf8ba3759772c061ff7923c6e8320a52b7adee2360221a64379d2839c37e020
hprc4_L100000_4332	bacefe17f376c2d75220507313eeef7845c433289dd5a111b9fddf9c674aedd6
hprc4_L100000_4333	3b9681fd592cbc3e4157f0ac6a38e78198b52d8d474736e6768401f8dd990cbd
hprc4_L100000_4334	b440276847cc1fe95ab80857899263fa07e6ffeac0a58010df79bfedd061827e
hprc4_L100000_4335	2265deba4aaf6c3c583da12b646db1ccec748dc3a8cd7025142b185240c16906
hprc4_L100000_4336	8ccdaa32c88ff803b68e363af57203a5d71304f5a88192db0ba35f65e0086874
hprc4_L100000_4337	891415f51f2437d0a993f29742119088f34e45d1d1001adfa1c6f910708bcaf1
hprc4_L100000_4338	baf1118464a7d89ce4fdde5855e15688227ae96cbb20d9288f2001fe3dbc449e
hprc4_L100000_4339	00e040070369b797410404de6a8cf10ce40a01183628ace31857140da378ee2e
hprc4_L100000_4340	eaebc1b8ed084c74267c27bd503f2d51c3ab291a351185bfc042743505b030d3
hprc4_L100000_4341	9716a1e9564b3600b37d02fd320fc1c872500a35515ad6f98809cff7c4a29974
hprc4_L100000_4342	092b914282031f4ba470277583bc8fb8f2e56d6246a2440cfed258c97be09e45
hprc4_L100000_4343	d9edbe5121deb9fbaa1291f011132992e3e90abdb3685d8feaeacd931e646252
hprc4_L100000_4344	d5f5c1276899dfc101b6e8ebf1d2caa0dc6744c715eb5d7911fdd805d0c8aeee
hprc4_L100000_4345	d3c972bccd5f5c90eedd30552ea5a234da546db600dcec1d06340062eb7e6e6a
hprc4_L100000_4346	f3952cecc4bbb34b55c7017c3cae1abd1f34a5ac41d960eaec54dcd2ab1c61f7
hprc4_L100000_4347	1a3b48ff21e4beb59bc6cadf5a8c2649415c0b045f15cbd095b643ac53295947
hprc4_L100000_4348	403a475cdb301e3fb8cbfeb99232a7bf6188023f83da61a529d1173940e26df7
hprc4_L100000_4349	c29365bd3b4deb701f70720c30a0d3dacfbb716071f50b722e68fedd32efda86
hprc4_L100000_4350	dd1f26593471f4ae11ca6b328191adf3b256f5a0dfcb6ae95090453e46eba90b
hprc4_L100000_4351	4a993b400fc175f50fccaf8cbcbf599107de120f3e314b54c726dc03c318fc51
hprc4_L100000_4352	6150be6dfecde4f09acdacd05dc8f2acdf263039a5d406a58e0b5c7cf8f91d01
hprc4_L100000_4353	58680a9d5dd12659a5350ddf21369a62b10c67567877e63c1bf8407f7575829f
hprc4_L100000_4354	77fd5d38fc33021a45c498416272acf7f3ba906a9597cbd8e7efccb061e04b8b
hprc4_L100000_4355	ef325c2581d39cb20edfc573c9977ab7a1ec73c68e4bb54de22b674b9f97f75f
hprc4_L100000_4356	42fb1a1def62be1b6c08a64a6ed8307f7a6012084d87026c73c702e8841941e2
hprc4_L100000_4357	96fb4d9c46a2c764e3475781b8886c34215ac10ea9442e7947d03e0244dc4a7f
hprc4_L100000_4358	aae7adacb41e0e491edfdb29c896b0ac7560de8723e7beb588161bf475bfbc63
hprc4_L100000_4359	a7eda951dc60597e91c2fbc65547810b4386e585429f094460e747bd75d440dc
hprc4_L100000_4360	3746ecb9c29cc64321606d58eb5d249eca3a2f8e519b74f5cb2b7b14f7341ea1
hprc4_L100000_4361	1611a047879f4eb7ce59d55609b9ac8989006551704f5ce5c557309dea6f03f3
hprc4_L100000_4362	f1b56f29fb20d29d78bfcbeebbd09c6f58ff10f632aa4cfae5524d313d00fd87
hprc4_L100000_4363	a7ad012a8f6a3829bc9c01f80f8c0145be6c45d2989ac65b4108afcaf277d1e4
hprc4_L100000_4364	1c0dc9c8bfa42d2223aaf033b75aa6b9f4b5bab25a76370061aebc4a17347c73
hprc4_L100000_4365	433b5c435531adcc92f078c13cd5455ebe83a7641a038aaa5d41e5cfcee197bf
hprc4_L100000_4366	4dc5aaf3dde250f7326bf925dfe755f003ac9fbfc8ef559ff51154e201c41485
hprc4_L100000_4367	70e6b6efd63f109099b26ffe941d099cc70bf5e828d3d3ba8b48ce1b06616848
hprc4_L100000_4368	82f53b585f00ec8182e7655a36600fea0d363254ed132f4b5c386b177aee88e8
hprc4_L100000_4369	9eace89a5e87c2038bf8e2f815fcdf8dc5b8ec313a1f0ded2d2e694daf6cb06d
hprc4_L100000_4370	329622602923372832d8e6199f94b57ce48e3714ac2d3a66a116ec3a3253f33e
hprc4_L100000_4371	a712fdc58f367ab616e9f74fe26c7ba068694d0ee89dc85eaa51b760e0c8f198
hprc4_L100000_4372	8e3127e88d9e1f5b7c688115e6bbbf8edd428cb6599a57f5a6350e13950f32ae
hprc4_L100000_4373	a0e397e5454175346c23541d380a89add99768e3a369a41cfda74db9635696a8
hprc4_L100000_4374	3965b1f53a165283cf0e355d57a19d3500d23a2b55d894ce8709907db7712509
hprc4_L100000_4375	e50e5da62c65fb7ba78fb2d3791ff7b562f2c6d503a83b696e610e53f1da2e54
hprc4_L100000_4376	4edfa0d749b13d5291a495f73bef897c89b5c55a804820449505fc70d99b9ff2
hprc4_L100000_4377	3e8572790eb8c1436ed702e10d40cf0626fa7073ed22c1eae2a3d83bcbc58c47
hprc4_L100000_4378	3c16e2c85c9a95d9a1aece6d10346e3b2e55baa6bf18049506703289028b3539
hprc4_L100000_4379	0586a5174451e00e33b774d406ef7619d5d77b0d08ca6a01871a71e35e233299
hprc4_L100000_4380	52283efabbbb9e5257eb9c28dbc3e286d14e9d0300413965f62a80b4d23543ef
hprc4_L100000_4381	927d66f3e1f6d26e21da07071896bca94b41adc0c7cb7df82005bb792fc15028
hprc4_L100000_4382	f4783497961c1acf027992cdd3eece0dce162385f4ba3e086b3a092451cdecd9
hprc4_L100000_4383	22ba941097da0720c013bf33a0cd5715dee6a1f88b0111c74d4a7bb3f83e01b3
hprc4_L100000_4384	e4a583c7b99418e4a7df1a4a3ec710bccbe4a5024deff400b3556dd066e8c4b0
hprc4_L100000_4385	dd056d1ae6b7fa59b7cea947b985f16676e559b2fea471bf2bbacc4c77cfc4db
hprc4_L100000_4386	e676e5676652f4329fd6cdc611afa0f9ee33d03d400b1e567a497605dff5a4b8
hprc4_L100000_4387	8d22529b34c17df9cebf7df0bd74f172fe2863b9b49de5a6274e300d527402e3
hprc4_L100000_4388	c7679f69d19d6b73c388b0870c580430ad8cb51b69d35585ebead12d29a2d5b8
hprc4_L100000_4389	76d735560477c453c3974d06d12fe3b25f50ab3a83201bf636303f5c5be095f7
hprc4_L100000_4390	7b27056ba17fafa6817efe5eda6e934e911445a7f286ee294d26fb36cd95cf39
hprc4_L100000_4391	8ed4078a0729890da1089ce8778afa2670232ec087a336454156f228b1acf5b3
hprc4_L100000_4392	388d25371e470c90d9a369f079e185a0bdff51c2b2e0d703cdeb1a3b2ccb553f
hprc4_L100000_4393	a62b8204b47e5f709ec94402ad48c2948e88f420332451dd5160ecc525bba9e0
hprc4_L100000_4394	43062333f67bc5a668808a197d522e6183c22d38e9868d62257baffed482ad60
hprc4_L100000_4395	d418f6bd517ca115a8fcd8b6e86dd28a2de7aa629c02347005cfab6aac850ad7
hprc4_L100000_4396	9a5916fb2c35fd7067a9c1789a2265f5608369f1422b9d159108f96bf151c3e6
hprc4_L100000_4397	58fa45fd8401ce9d006791c03fb0d9a5a783f9bb2f42a17e7db2d53f33a54ac6
hprc4_L100000_4398	d2ffd17582920ea5038b0f3b93f4964d84b32f565ec17a48f7c86fb8433c54a1
hprc4_L100000_4399	8d8fdce7fda1de5aa3ccfec2be1bed8ccbf6624d2b25319797fda6b156e51f31
hprc4_L100000_4400	063a126e43ea33f18ac8761683fd0a3983821e6356c17173b1ffe59f35a2cf12
hprc4_L100000_4401	a41ef4c8d5cdfaa0d5aa2487c401c1b04a594b379bb8b5dbe9b26bee2cb4d065
hprc4_L100000_4402	8f97f60afa2af80b3315fb975692398a23d9b7a48e1d37a4c9912cd122cd272f
hprc4_L100000_4403	6a6a8fb34ccbf8af9976c40084b1681ad97c8fca4d73cf6af849be8a73236784
hprc4_L100000_4404	8916178b3d0f0ef6ed33f3a14585af243d7121e7f3c634cebeb5e9434bbad765
hprc4_L100000_4405	7a90dcd107a410f592c903a3ae32063d2e362768edc6c7f301099f3fe0d013e6
hprc4_L100000_4406	fe206f3bf7d963aeba37305ff8e15301c3b94a69e4349c98946680f6bb44313c
hprc4_L100000_4407	a4e70caf081753781952f8b9051c08518509e9811e18f00448e18e767d7393c4
hprc4_L100000_4408	eec5ce0c6149dd08af8fcac37007e9d93c6f303bc34f8176ad11c19780004761
hprc4_L100000_4409	0adbabea1aa04fcb51407188a389d60c6a21160ad24557d85fa4f161e0ace31a
hprc4_L100000_4410	6720858f71601b4bea7d1fad8e99551fbfa21623b5ccca84a771c45702454292
hprc4_L100000_4411	912b4417e0a114eef72fb1b2772860f2b8372b2fc83a2c157bbb3f01359fb4cb
hprc4_L100000_4412	25f9c55bd9b40997b5162764b0ca47e834c6504e30a1df52e689efcc5b6290a8
hprc4_L100000_4413	1189611cfe0f9b597843ddcf5addb2316a7fc3313cbaf9d5d01e3bebb87f0cb8
hprc4_L100000_4414	2217e50b7c395ebbbdc0093a90a55825f986b8c112d8a85f694e594ec33c9fc7
hprc4_L100000_4415	5c1d68f005d180910e052ee31a750c4512c5a0d23e8a6f666bc576400ff4871f
hprc4_L100000_4416	2a2d7f2014b7baf1c0d220ca11b900fc1d429464e8f5d8cfa73a50abc9d707b4
hprc4_L100000_4417	589bbd536dd60ba02662459332acc18edca15a51adf76a8c258f591660eedf0c
hprc4_L100000_4418	d16b02e3cf0be01f650b449e280c17acce7cba60f303f3e313c541440a976e60
hprc4_L100000_4419	97279df7fc6c6ad5db495f08abd9502583fa9c666b5458c4d5a8808654d71ea2
hprc4_L100000_4420	ed2e84b79f7cc1738828265127d6902532bb14b75c1362a2fe7f9031ec586cf5
hprc4_L100000_4421	f6654ef42332fb952c264e57005561758cfcdf2165309f875209991bc8a57c08
hprc4_L100000_4422	0ff2bef135e524a8df4c55aafd9deaae71b66bcbb9a58355d334503fad4a22a3
hprc4_L100000_4423	9e66f543daee200ac618d86fee49862bc322cfcff43160c011de16e806cc797b
hprc4_L100000_4424	5e783ec17e1c05e0e89cdbb23e086ed7fdc7b6e012556c79a98a0f727f2ba404
hprc4_L100000_4425	a483a964b325ee8194f0cfbad58426b1d1b65ce85351badc24c418f52c2ea63b
hprc4_L100000_4426	2874ed85a376bc95579b6d4b6585f024ed49786c8f8ad362366855ae1a3bc91d
hprc4_L100000_4427	bc77fbe1fcbe08eb932d4ac5a0cd58dadfcc90429ab1ba841da75d74076eed11
hprc4_L100000_4428	7b8da582d80233e87105d3d2d8758ed242a5e90e6451415ae15e86b7af4255b0
hprc4_L100000_4429	dd7668fc35039db0e32f8e371ec41d1a436d8ea463fd09a090408a3c4eae431d
hprc4_L100000_4430	888c5f485f232ba6ce21ae637fb5fe9c8b3a8767de6f9f80934345de7537a0eb
hprc4_L100000_4431	843ca3ea52ad4c2a17ee783c90e1b05f10bb14af7276053ce2c2893202715b18
hprc4_L100000_4432	edf6c1b08541e99a1cfb14a12cee215e814cc78bf2b3bf06f0d9de03a588aec6
hprc4_L100000_4433	30b0c55ee198762bb57716acfd779005c2ecdfe42e7564cf400443fadbcf1f3a
hprc4_L100000_4434	6fe98a428f82750abdd6739b535ee6a159adb2c3e71f1156de43aaacb79ea208
hprc4_L100000_4435	4f4c6d6978b445ce3a1c8604be9dfb04ffdd5d21cdc1e3352e6193a782e85e1e
hprc4_L100000_4436	2b485923c5948be990e48ffc1be07bbf752c65e0c937f45ee159a8b10f8934f9
hprc4_L100000_4437	2a558f8ec1ca3f30466218b7889ceea68c227d12c2d5ad7ab5ac2a2c4ac803b4
hprc4_L100000_4438	eed90066aac8f51cf007e1be5291d95ff1a809ccad5d62ae07699d817fc5c0ab
hprc4_L100000_4439	b705bbde80c77492ccaa0b483d63a4c450e3a5875208f7c2670f857ea57b9bfd
hprc4_L100000_4440	215160c4e04b0eb661db4d20ecb985ed299f51b5a868eb8412c2fa86c47ecfed
hprc4_L100000_4441	3d64ab2bbb41547c6e413a41c8594e6e2ee762ac65a518c584ea7525c683814a
hprc4_L100000_4442	b1064fad9700eeee81d58c64c6f7d27bbdb9fe695af2f85e2ef38925372ee5a1
hprc4_L100000_4443	ddfe683eb71acddb89432d6b2e1d60c87dcaec63793312ec41b93d96702d729f
hprc4_L100000_4444	53eba52c54a32895c7c08b795128d14e2d0b2ecb87ee23d2d7446aa2a85934fa
hprc4_L100000_4445	1be77359341ea4da3be97c4c021e18f4d402c914466d6d69a44403868daeaa96
hprc4_L100000_4446	2a66b8a0be6bf1222e0e9e0d1213be111732901026e159d90268856c09167d93
hprc4_L100000_4447	1ad6ea1c8c98d9108a17dcab923af8f2dc5eb6eb02c1f5c02ab0cae424a05f17
hprc4_L100000_4448	85c1746d95bd4c5539d5e1d022fc90a9cf41afd48a4b002b6afa3497b39a788c
hprc4_L100000_4449	33d0ba3a736555b9b651ec17c4e8ffeaa137e3d2d8286b4331d45ee14a341416
hprc4_L100000_4450	fc070b3de0aee1450b82117559f4b15c81d4ede07f5d0c6b738e6d1fa6476cc6
hprc4_L100000_4451	3167445943e70a994a6e645538e236adb1c04f571f0733a874af46535899daf5
hprc4_L100000_4452	3fdd3f4d7ac126c241bfa1729a8e8298fa025ae637db889b4aef76c3803adf3a
hprc4_L100000_4453	2c4d26d88b111e8cb5cb52eab375d49e6ee7554575607f442258583625849531
hprc4_L100000_4454	a8fea77467be4b5315c9972e2ff57f519bedaec3e1370fd807a0cb9625d1b095
hprc4_L100000_4455	83396c22dc381951d647467fd33d4840d475f36f677a8ecde72bfd07ddfd24d1
hprc4_L100000_4456	8d366d307d5ef29f1a6cb07f68c2763b81ea572050299bd882f9785e025e6870
hprc4_L100000_4457	79d8f988d5d3a5d1bac142f382a72cef3e23d0e332b92cb5775370d2ec705d24
hprc4_L100000_4458	39d136f162350c65f67a7d697e8e578e007e45e44854502274c2849736836faa
hprc4_L100000_4459	0de6ebf9a2ac2c9fc2d449078bd86ae4e59ff987007b04fd8b20fff298322987
hprc4_L100000_4460	d370ed20acc2fb51e62ac3d905711f401fae0104a4de99650ee5ef09a2353a6b
hprc4_L100000_4461	0d1a3e5bbbf8ed81208551a1e8168baaf78cc9074490f4df88a77c86475607fb
hprc4_L100000_4462	3c181a6f53c853581d4bee614060730ec16ae2f8946ff19e782e769d1b61f10f
hprc4_L100000_4463	99ee88b7d1a06242e24e0981a94eb2c7325554274d4a10452edf92029402d878
hprc4_L100000_4464	0e04565940d5365bd1fec1a95087be4af78e009bad5c2c2198fc121484275020
hprc4_L100000_4465	24d4ab60f7c13ab40e95edaab8d90e72f8a923690dc3754e25359bc7ad640e41
hprc4_L100000_4466	2965f1b75380eaaf980c1369fb6422d5a3e98b779d2efefe909219b8c5553426
hprc4_L100000_4467	091dd72f7b5325e7d5fec23654567f417fa59f6f6f04704793fbfc0c290b2d54
hprc4_L100000_4468	272761ca062a9aa53aea6070f3f177960f7a69c8ef912b3ecc77d2eeacffb26d
hprc4_L100000_4469	cead1342bbd6c1fba3e256b14633f6654e0fa878a83e71b1e8d1adc2c7cd3e9a
hprc4_L100000_4470	e4c323c84240ceb074f25f885ef613642036577fcd02832fa019fe200d39ee40
hprc4_L100000_4471	c6e88a093e7828bbb59bdddceaea97f7a9410934f792220c2a2ec6c779a4b4dc
hprc4_L100000_4472	ab84870a35c2a6be28c55e3cf75c43f6a09935a96c80145c3f3928f38e51998d
hprc4_L100000_4473	4fdae443d9acafa90a648de8243ec07afaecd92a3ff514aa6bb93aa734f789b5
hprc4_L100000_4474	9c497b84812125bbbd8ab90523726b34b092867f924e35c6f790c0206b95ecab
hprc4_L100000_4475	aef111899f6871a283bab4ccb59f392b1d553edf4f59494870b095a2c41e8055
hprc4_L100000_4476	033effe69c634f0a03e05f2cd3147db93501ef29963e2c2b241bee2d603b3f24
hprc4_L100000_4477	7fa5eb36469bf7d8526c176c3851e4ca315734ec1f040eff8074b0652706c560
hprc4_L100000_4478	13f6024d60072dedacbceb432ea06da2ed30b7af271b3bc097ee925b347f24bd
hprc4_L100000_4479	acfaf6e84b325860b184fd4eaa3c88c617033be373eb3a551b6c60381a607b4f
hprc4_L100000_4480	f9d159d1785f717ddacc2b39f034604380812f06323a1daf12acf4faa0f02213
hprc4_L100000_4481	ae49fbd072035039da9dc74beb92913c41072b814ba2e09af20fc0fc5b9573c8
hprc4_L100000_4482	c030f3e4a1799c1c81a36d98e97503333037481bac1595e79ab5fe111f03e048
hprc4_L100000_4483	0c695155965fcffc2d27e671f8e039fb02bc39c262ba2742d9e712572b6ab432
hprc4_L100000_4484	ddee856a4ca4067bd5fab9197cad8695dc554de31da590feb9d4758066fcb2ad
hprc4_L100000_4485	744a6e1e452906e6b5b5ad2712c9ebc8f8a2b896b181d7cfd3051b212e279d9d
hprc4_L100000_4486	638bcfe09baa05495573057e92365f1fc365f1b7ea73b44b176ac5ac4e128311
hprc4_L100000_4487	f07804fd436c2cc601ba3e012e6926f3aa436f5336a551c672bd23b4de5c71bf
hprc4_L100000_4488	08e44b56df21c73d8c573621316654a4551708b6ff1d650747722221175bfa78
hprc4_L100000_4489	91f1064fbbf13db888a0f88f4ae3a270b7b95636ff6c625acae2f4cee2771d08
hprc4_L100000_4490	5a4b7c83c2f92bf515c065f8435466fb71cf850a7f7486ca7cad92602a70acda
hprc4_L100000_4491	907c5c56f4ee7ecc0906a643e97e2479839d6a09658b931f74799cf14a68162d
hprc4_L100000_4492	66be006936a5449b74cb021c0f50bc2633d750dac056c0e52649a12ca3df144b
hprc4_L100000_4493	63644f0b31d607fdb539e026a0cbd8b96235addb1ae3655ce2d6849174c0a047
hprc4_L100000_4494	a1d1502eca63648213424335e24590ccf3f3bd7fdd087e7ecfa4b3c20df34dcb
hprc4_L100000_4495	37caee03b8643b7d1c06d3046547b7e2af161e6d960560013b6255d3d1f42cbb
hprc4_L100000_4496	0fd80c21ac71efb597ecd1e5b66df1835186360f7ba595c6e40bc7c9f55ca32b
hprc4_L100000_4497	18ffc0224c9019dd5d3e7ad321ac84a9bfdf05bd65be49fd2051457a5874b71d
hprc4_L100000_4498	2769628d5411a9c2c7b2bb9941cf127c68e1ad69135ce31afac8a0d61057b3ff
hprc4_L100000_4499	085429ea4b23077aca498e106733f803966635abb2383aae4cfae43b27bfbb23
hprc4_L100000_4500	b700b451a0f0d9b489d7395a0adb46759da99e4bbf10f6c0ff41b0d5cf62ed20
hprc4_L100000_4501	4d01eb3a3299659c838b3f609f9fb4f14808c394457acd53e7c5361498c68850
hprc4_L100000_4502	108c0a674b22ec46952b0c6a66863cabcd21ce62bf40e419fd4aff2e2ed5be88
hprc4_L100000_4503	c48021a4959106e158869b7da216147bc94fe6e213d3c9e5732e4b22123c066c
hprc4_L100000_4504	e265c33d4f5c8caa5f2df88081690fe089b2ee9c4f7aff37f786fb43643db009
hprc4_L100000_4505	538999141b50a7beb23ec36ef07648cd6a68a616b8dbc6128fa7f09c5309cbcd
hprc4_L100000_4506	2be5183090008bc1866b9fb59a6f2f757776b1c039b86bb8f7d0bb83a519eb56
hprc4_L100000_4507	d6608decdd1bea9368d0a42d17fc61948a04bc5989cb98109b526743e7bae9db
hprc4_L100000_4508	7f6be2bf2bc00391c8440ae673294ab4c375e648973f4ba638c9d76b8d838d15
hprc4_L100000_4509	3976ba94a94a72c725b25cfb25a01c4683936e5c04d94ab639b1884c48c89783
hprc4_L100000_4510	5ec79c204bc036e3ef9a7472cab7fb8ada017a827f3fa6d10e941b98de0193d5
hprc4_L100000_4511	ebe4d4c58fd7164f078be2e631c47d3634f314a88ab1cf625065d7be4f941d5f
hprc4_L100000_4512	7d94b6aaec332283dd514bc87980080bb3bcfff085bab21c1140b506b9e24ef2
hprc4_L100000_4513	000dfdadc4b78552d2cb649e4ac1e85f6b06bcb4b5bbbf8b6f050e9e4c784eb1
hprc4_L100000_4514	4915372e3fe00cd5b0cc8ad6652adf6e078a4eb003bc5e7fb21236ec1bd4b89f
hprc4_L100000_4515	02a459483f60508cb8f343bbbc94860140c4743871a474043875193feb6d0a42
hprc4_L100000_4516	317546a7cfc9d201558b99868930c6ae2a7a95d440362cf11f57671dfe6c725b
hprc4_L100000_4517	606e190b3ecb3760509bbf24f94ae7e012bfa5cb07181d465abaa514e5a168f4
hprc4_L100000_4518	7cd93dedebd9667d61f965090c8976acb9337e8a44dc56a20f85a6720cf186c3
hprc4_L100000_4519	04603fae3e276e88ef63ead71ae955d0cfa12f47add7cd1a397be5ef50d3028b
hprc4_L100000_4520	155fb119b0b54e6fc9768acc92f9ff75d40d99ef5a1995ac836c72f2884aebdc
hprc4_L100000_4521	d822b3cc1bb834bd4f8d579c68f98ba62d1eb25f30be9d12887ed5e4bcb9074e
hprc4_L100000_4522	018287ff28a3902db7f62fe2b7a0c08b5c21dc17e73d19ed044536463bca3cf8
hprc4_L100000_4523	3a80e9e70951a1a4faa5892914f9bb2231607b0cf5feffe044b63c857f6bf4c8
hprc4_L100000_4524	d41c46ea1c09b9f4f7aed3a3923f408a6156d8b18357904736fabcbee5971ce1
hprc4_L100000_4525	27e62922d51648952608067b423e6177e0b73a6cc42d9bf3edaec5468b8f5679
hprc4_L100000_4526	abe22c78f08450cd81dcab360468acae74cb2053f4cebb8f36b717d04f1619cd
hprc4_L100000_4527	559a3fc52c7475abf99d8030706472acba27145a6c0f4492d2b5736cc35a55a8
hprc4_L100000_4528	2013120fd39a17256d5fece99cea7d0d0580c23541cf461817d6985093d329a9
hprc4_L100000_4529	948a75a3e3358d5c11e108343c216147664412add540b0d98a72892d1c0c8772
hprc4_L100000_4530	c0d7ab6c01d4988cd7f7ec1aec8ad7277cca0c9f9d7e55ac1e43974cdf3aa445
hprc4_L100000_4531	70d47d2b33012eb43134124637c7656c0bda3148833cfac1514e60fb333d346c
hprc4_L100000_4532	bb4c3b39ebd1b5b5d308181847e34253cf2d09ea47af9ad054aa9b6f39ef88b3
hprc4_L100000_4533	65331f1583d20aa8698b0f83a55e1f0270c6f401c67a1bf3d93bfc86b344ccab
hprc4_L100000_4534	31e3ca9462b8618d194d671c33327971ea2f2217770f8225e7d46a26a89bdd76
hprc4_L100000_4535	fd132e444f383c24285e17c069738cac972c5ca6554d347439f367ab06467253
hprc4_L100000_4536	7ed0d24cc12a94800ce76915c32b9c81077e7df00cf16a4e5c5114fdad9a4252
hprc4_L100000_4537	955b3b623da70f09ec2d68927d19ccccfa7b6d39eea37c46528ea1994e6e467f
hprc4_L100000_4538	fce7f010332c158b7c52abfacbb84d94dc0464b2419eb01a0628e0d76290a3ee
hprc4_L100000_4539	ba213a416db2dd5b006fffcc19dedf5174a24c463d909fbf9083b82a8fdfe0ee
hprc4_L100000_4540	49233cd0b88ca9df575f1264fe9f340315a9f6b1816a2fb37a3c1d3214c94679
hprc4_L100000_4541	ba077cae00cfd2460e85330315cd57c131e0361f38046dc66c5f0a10d3cfe750
hprc4_L100000_4542	d43c2f3b9d409970cce54ef9dec086cffe78026d3a5440a77339c661c3b378ef
hprc4_L100000_4543	904d703a81f971fa3a0c307f33b5ac2b9df3a0f499725f159119f7a782228c94
hprc4_L100000_4544	9856186c76e3dd849f1f176fc024b07379bd213ba1d509544a444c2edd3d4462
hprc4_L100000_4545	1ba1f23b2346d47152bd120d4341b626aa3e49356ca5cf0949b70ebfb908be4b
hprc4_L100000_4546	faf5a80d469f84fc0647828f754d0d1fe20dbe7d0a774144edaac7cec5dfe997
hprc4_L100000_4547	579f64deb5d78ffb740398e529e1fcfaa1f9fec77c1ba60d3d552658e9d0b9f5
hprc4_L100000_4548	764243ef51e9c00919255d59835b35297dc69120349c5cae6ee1fed384b66bd5
hprc4_L100000_4549	d9fc5623eccba83cd91d059de133625eeddf12ef01834b29dfbfc86ba8b44e68
hprc4_L100000_4550	df320cc5d0a52125d3c1e289238b051e30f97bf0ee57f30885791b92f7fb5f00
hprc4_L100000_4551	87dff557955024552bf576efa91ce6b8f871ab3bea2ec6101dd4ee472174fc0f
hprc4_L100000_4552	e22a0896517f6dabf9150fe12445f6093daff05c7e741812fdb4ce1fc2b7f0f7
hprc4_L100000_4553	6058add2bb911d6d9904b6793c131b0e3101643ac7e669d1b190e507d8f39cf0
hprc4_L100000_4554	e42695e76fe9627904cea5e4ca0b378f119059bcfb62f6e8e26620bad332f9ba
hprc4_L100000_4555	ba39139088be2d2d0b39969b6b86803d40203a32f92d1a74991302267b2d2487
hprc4_L100000_4556	b2f9c2266e889e95eac4f23d235e91f73e012cadf67843045892b706aa976533
hprc4_L100000_4557	97d15c264d17aef5f190b4d960767429d65e76286b7f9eb45621c14fc1767ace
hprc4_L100000_4558	7e1fa22a878f954fabb2fef9d5c490e9707969256079f6f8438517668fa647dc
hprc4_L100000_4559	e224783ec8c0d4ea8374f09b5b5d61dada9cfb0340c606344c1374632fe72a75
hprc4_L100000_4560	1fc934d75e593c47a9408b2452f8c29cfc906d6a3305d7762b1d032f9cb77a5c
hprc4_L100000_4561	7604cbe4aadd75f7e3523b6ff651fddcbf895855d2ec270cfb9ab349a29b3a01
hprc4_L100000_4562	7306cb3b8044953592d2d7e514981018e620e254112a6dfee4936179bf7f1269
hprc4_L100000_4563	af7fdccda975a741009d2618af894292f82a6872cf548fb930ef19246d9dc68f
hprc4_L100000_4564	9ba0f0b93c0d86d42d9d7c1730bf5fece49b6f4e45c8302347104d6120c5e1dc
hprc4_L100000_4565	48bd7a20f99aface3601805799360da5fd91c8d615492421a241fa1aa4700d14
hprc4_L100000_4566	56bb762c4f81529702815ccdf201a988b7941e4ffb58fabbe71328d88adbfb81
hprc4_L100000_4567	fc2952b43410254b73ca0a5bea482917fc05a92a2da7f816138ba014e53e0b04
hprc4_L100000_4568	b649824c8b7858a1564397cecf006d01160ec19348105eba57133c538a5a2460
hprc4_L100000_4569	4b367e2d26b28db3c80bc6cb5fcf8c8a7c0883d95545d8b089d5c222fbe77a08
hprc4_L100000_4570	3f3bec6c6cf3cfdf7b1c49586e92540cb829a2b7ec795b15247b2b148a3d2065
hprc4_L100000_4571	1fdf3a370b1c6e02cf340c1c86c33aff5138812410639115e33f70353690dfc6
hprc4_L100000_4572	a6fe15451da3c4e316fc10884754254086d01b586558e99b5b55189fb46c6750
hprc4_L100000_4573	d2d5c911de7dc71d0804451b5c98dffee178a50e9f1d30be78822fa226d7ad1d
hprc4_L100000_4574	b1a40e14f58d460cdccd0f3a654461accc3fea5e126a1fdac2a4fbb2d11175cf
hprc4_L100000_4575	db7d279f3dbc246355a480b46afee44c7c786b514222806f39f72899f7ea197c
hprc4_L100000_4576	179ade95cf9b8cdeec016909dd8f63562f07c6c527ed8e52887edbed6feeaaed
hprc4_L100000_4577	80b421ec76c826be3e0e6faeb1b2a98dd870453f6b59e2f843984d648ff32d25
hprc4_L100000_4578	f9af4c5fa79580fac1faf6a1b6bcb87083f08f9ee029b6ac8160b0aa94a54da1
hprc4_L100000_4579	391d9b6315101b62c16a62eb48c1d14aa3caecce1f62c5160890d3780d697715
hprc4_L100000_4580	85c1fb91e8ce376f94ff35cf8d53341586e8791894a68a7a2be75e7bb4934724
hprc4_L100000_4581	a5415352e43572a5797aa9f2648b2ffa9650f19a019a577129d94be965397343
hprc4_L100000_4582	65f91d41551791d697bd763484b850f67c94edf7beae6312641f51048ec217e8
hprc4_L100000_4583	8813a8f9749ff2e09a466cceba9fd05f53c9c0890f2622010c1a26342a969dba
hprc4_L100000_4584	0b90ef89f6da4fe21a7787e0741d0aedd5c4b7ff66319e748e89119e10dde951
hprc4_L100000_4585	15d44282d0adbc407b2a1cbbcbed7037309cb9426837143d6ce627e3436bc530
hprc4_L100000_4586	999eaa8b057581484186fccc46732bde2911072294c8251177ec77db8813911d
hprc4_L100000_4587	a26d15a6989c22687e65c2d8b3b6032c6893d148271bed348fbabef8f386e410
hprc4_L100000_4588	d992e8d0932cba4cf4cb52e5409e4d04be33b602f35f8ee2d9509ccc84cc3a5f
hprc4_L100000_4589	804f55d12d30cbc83c6c3de0402fe24bea1c7563dbb6226dbb36051b63d61e78
hprc4_L100000_4590	11b497ee6513ec5f5aeba7cd80fa2e138246145b48962bae46de061bfed25426
hprc4_L100000_4591	41500485d15e3ef1cf4995a7f4968526e7f565e70902f7eefc7880c2047b030f
hprc4_L100000_4592	3d59cd01599a0a144df558f1b13ad393b3fd3b2debb2620267f1e47e67d2141e
hprc4_L100000_4593	a5edfebf3fef485a024b234fe729ee6034c4cf85840e0a62d6cd4b9670743b52
hprc4_L100000_4594	5165de71d3b6aaae270ea8759db1eb385d2665393a22f45b8fa5716babdce27b
hprc4_L100000_4595	6d14adf02e3f8e9f6768d11722342fc0a699534d6566be78b5e2a3888578bae0
hprc4_L100000_4596	12e034048d1abf9a8b1215e5eff3c92f398a43455ac903efe33cc88aa2f95e57
hprc4_L100000_4597	cd263da4c018c01cf407096954f27d3f5c3a274cf4fa1e62c9fb5bdc7a057b04
hprc4_L100000_4598	95c07c9703c90ce6335232a85845560ade5fffa1b7a088af0e0d8995a3017193
hprc4_L100000_4599	fb08fb1009aca9eb20a7fd2f1853413d093423676e2acffebe83e5c8625242af
hprc4_L100000_4600	5fdf07f89e555324fe1eca63b9a16900dec11ed98890e1fd97f29b50f776716d
hprc4_L100000_4601	f3a1e16af3f5a1c6f731db66eee9dfed77714f70cbb28b1cb74c20efbd0a3c72
hprc4_L100000_4602	eb63357243164b4f5fea0331259d70517b0bfff35857c5598bf2e5dbccc9752d
hprc4_L100000_4603	27451ea1e97036879a25de97b76c2f2429b4fd830cf6ec1ae6cee4d923cd7799
hprc4_L100000_4604	3646a4c86755036de6defb9c1c1fed1166c0fc23e974c9d37af6ce8c8f9aedb2
hprc4_L100000_4605	fe07a09a22ccbc7700ba2d9c6e5edec01e4d258382a3505f454eaa6dc48feae6
hprc4_L100000_4606	6585c9f123b38de85e89f1560da0290fc2ad0a347678dbcdc9187c5ff820db72
hprc4_L100000_4607	7c7530d166009eec23a78ddd7ea9756d2f8aa00162f9688a20032289e55d2df3
hprc4_L100000_4608	5b8eab4c29c3402017ec2968b2c784ee585421f716c888f8488d20df274fd08e
hprc4_L100000_4609	ea613edfd1af61b67f2bfd6803058f6794b0dbb855872023e94d524c638a5e2a
hprc4_L100000_4610	351bc039f52467c3cf3a4b6d074ce8a3144802bc4ccd12f0eda85b4e878227b3
hprc4_L100000_4611	ddf77a33af5c2feea527f36893b69ed0c002d875e4f6263b9d4482816f664f20
hprc4_L100000_4612	8831d772789f33993e106c501e9ab63eca27afe92c5976339cdcde49c56b8024
hprc4_L100000_4613	bcb786d5e1370c60e231f070c7c4d2166af0688e2f0b3a4c92546a26dd1b87df
hprc4_L100000_4614	390fa269c06b50dde968adf26c7b90f2e5e423f55f5351db21e9d5921a179c8d
hprc4_L100000_4615	e9262de39658309e987707af0666ea32678602c269fe7413a2bc9d67111ba1a4
hprc4_L100000_4616	11af5dfadcebb5fa615585dde67f0ac5ff1195a5a37b954598a368407f7e9a51
hprc4_L100000_4617	cd9375e2eb403fb9e023b3c34eccc1550c68073dee21700834f504087d17f710
hprc4_L100000_4618	c8a609f4d92773ffcf5d95414273fd5ae5d711aef9476b98043d30c2650127b4
hprc4_L100000_4619	45bc89a013ca606ed5b727baf3a0325a1be9ae8d153a52b5ff8f55c6aea233be
hprc4_L100000_4620	1d03160ba0bed6396ee0ef892d64b255b443d061b00dabb4c32033be3e167f42
hprc4_L100000_4621	2eb5d3806c2fad224a18e8af1f8922e38fe63bbf79693c64e4a19c286be3f4e1
hprc4_L100000_4622	208bc2b1a87f900a96e4f769bb9a352cb06469d5ac7b2ce4571c3d8ac9fc9c59
hprc4_L100000_4623	90aaae730748fb6341dd9732a13c40f3f56827494bf7e5c9ef89cd26d83aa692
hprc4_L100000_4624	a532ef64d27199e788273f583d6a08e60bdeee24ffab38dc6b4557c9065a0a85
hprc4_L100000_4625	0e1523093c3d5143f17d685e07a0b4143ba3f09912c55248b78862c3296da00f
hprc4_L100000_4626	e46b3eecf96ef5adbfdb3aaeedf6c84598903dc3e094699a7bef58569cbb4bc4
hprc4_L100000_4627	5a259978ff4b683b643464be76d841da0899edd0ee27150eb2762778f4dda95e
hprc4_L100000_4628	196e88bfd17b33f1069ece479b1d88a448fc300cfdb74e719a5398a33bfecddb
hprc4_L100000_4629	a430453f75df91eb3b7cd31bfc26c3785dbd1346e050dfc191745eeb6bc4bce8
hprc4_L100000_4630	1d458a8f423d37e6d8b771c9804c93499d5d5a07e289cc03b93f9626d5ef8eae
hprc4_L100000_4631	939656e388c56228cc0ced0b8c1d0adafd126cf7f6e1baaf95542e4802c436d6
hprc4_L100000_4632	36250844a81a8aeec2981905a1665fa04376e87c3559738ae591b529e9b1a294
hprc4_L100000_4633	6ac960da824371f6c9e3de0de99014e0db0c0b77d477cf957383f1f8a85e83fb
hprc4_L100000_4634	7b2a9188e01fd647a719f07be1fdf9b406ffe30ce116bf12cb0a75a62f0c49b6
hprc4_L100000_4635	93b997d7c5c5c5d189764385ff6a05ef6a94bbaadf31fbaa63fb5daa45214083
hprc4_L100000_4636	7d1ad4f9ee59f6a24a92b95d2a8e83c0b7e9fe97c30bc324be7baf6b4f3faea2
hprc4_L100000_4637	64e6b9f14a2f1854ccd366cb7867f8ef183bfb0eff6bb23776d270abd501cd17
hprc4_L100000_4638	69434e9bab786d163aab9e3b744d83be03154b440413f398d4e4bd9e927b5517
hprc4_L100000_4639	bd24c493bb25d2d2cefe450cd8bc58d519d1a046180e34c89cad9a39582e0cc5
hprc4_L100000_4640	d97cf3c34fecabac3d4c1051db41ffc1c196204dd05a91a064509af9c9a50f1e
hprc4_L100000_4641	ef5b429d909b61ca96e425c3ff557d5db03413f4aab4bfbf4d765a901888e97d
hprc4_L100000_4642	8678ee01bf03bc9336d7bf89227c2fd2e0a104fa907ec3ad09fd21571a24d6f0
hprc4_L100000_4643	50d276af8e14b8978235d980d9ad6a82588730a691e1b5b6c58eb8561d7fb28b
hprc4_L100000_4644	ffbfc599a729c3c8e299d97483e6514b5e1079934e676396bdbe1f442029fb6c
hprc4_L100000_4645	a99722961dc1d945c7df8ecc0fd94beaa57b7041a1c1ab3f89a62f15fb74feb5
hprc4_L100000_4646	536922f6489000b5d6633f6692947bc403d6c5224e5422c4cfe75c0cf409d6b9
hprc4_L100000_4647	2071cc2775e63e8c7301b4054c1660eacebeaf860faa67a01d9f20823799c5e3
hprc4_L100000_4648	68fe12ccc1a43659a5bb6b9f3b552431ef5352faa991ec5bda196c88808d58cd
hprc4_L100000_4649	6110ea16efdb2d3ba93f89a77861120dd75718f7a50738a729198a5413703fde
hprc4_L100000_4650	5bddbf7fe9ac0ccf5d60dd279d2ed4f4afc96333104fdf33bb6699dbc252aa10
hprc4_L100000_4651	463eb2acb8fdeb5c2b1600a35c3e02d806a97ec7288ac82b358f66c3f6baeac6
hprc4_L100000_4652	df691abdada3be11d5d94b8114d53f91d1dad910b270480563bfbc9c8fe4b045
hprc4_L100000_4653	8ebccbe8e7ea6e135f5e91c6dd3ac221f5af8f0ae53194bdb49da948390f9aac
hprc4_L100000_4654	25adbf206f55dfff277b8f4edfe36e6def50a2444957321f4a8cec6656e8bbf4
hprc4_L100000_4655	a72ae7593e578d6c95bb0287abf2e6e73326db629a7adf0d7bb0755847182155
hprc4_L100000_4656	2be15a0ba81d89d44ec43ee9c271f462a6ce0b21c1fc968bffea7685ef844cf1
hprc4_L100000_4657	ab4c8d49b1642f527d9eccad50ea5fe36e10a00364577c6c1b21e0660571b079
hprc4_L100000_4658	651c85b4a2c17cfb12cc7a29b7cd5abc4572c35d2ce07493ad714dfde92869c2
hprc4_L100000_4659	a9711c34c83eb6be47eb828bcd533269ef75f577670ce90793e9c60e83e896e3
hprc4_L100000_4660	5f8cb294f903cad35fe788bfce5c4064900a9a72b2f2892c408259921d16d837
hprc4_L100000_4661	adaac10b7821e5ec1847da483c4155266d7f763f4555f89144edd175d60abd9b
hprc4_L100000_4662	ad08de0fa7ee07b793c3a2c6804ee417ead61a3c78a4499421205e5121b33e1e
hprc4_L100000_4663	b99b5f930f32c5fd729c21703ec94da1cdb70546c6c477028a82700ab47232e8
hprc4_L100000_4664	c4c9f7740301ebaeefd3c2f6fa63cb56bbb65acdfa4942a90615a398421e8362
hprc4_L100000_4665	fa3277417bba0a83e1aa280b43f09bd78865f198f5621552791b8af42c889a51
hprc4_L100000_4666	503d5753de28f1589897381abc727b332e14166ae74f494c74f03e2a7828f752
hprc4_L100000_4667	a3e63591441868389f3d5be09b873b479c9a30af1c4e3e3b151372e1cf166e4c
hprc4_L100000_4668	99e66b8a2f266a13291bb11c5e3a95d28d013aae06e250fef9128570123c297e
hprc4_L100000_4669	053f3558c2f6bf8399d0c1c67f3c2fab1299f4b4f4d7ec45ecdb85c3e4510eaf
hprc4_L100000_4670	e22e41c665ba117404169dc40d87eb581ea52b49423276491a499f458f8fc6f7
hprc4_L100000_4671	40f4248a1f51a3483bdec1996ceae3a2fb7b4dbea106dd3fa1269ce1d45060ac
hprc4_L100000_4672	741276c9cc6477788a1def14153c39d974ef7d473f5e691d895a923b53038203
hprc4_L100000_4673	ec96f2356fc4010103934365d80af6f3c01ae1af0725b4858de9b7df555fa423
hprc4_L100000_4674	9fc3f0ccba14ac66d6df90653b277f58a6cce88178cb9bb0b3d29bea7438fa05
hprc4_L100000_4675	ac39bde852287e992b19466fc397d555aebdbf058b0d406b089b453b6d5a818f
hprc4_L100000_4676	627e730bf67da0958c2adadd62fd2f27088c6cb9f660605f2d3796eb4befd1ae
hprc4_L100000_4677	e7f099bc520a057c0c43cd8d1cdafa66c9ee6ba1a6f77582a6fcf6c7b5414c57
hprc4_L100000_4678	b7ca37d9a04fd4dd634da2ae0cdd8f3b77c23a29e5da597931431f2a8351b5ea
hprc4_L100000_4679	f284c4a64b93037b5fc33bebdca0e629df3bf091a220bffd06dd8e3c7421c096
hprc4_L100000_4680	aa532872be57dc6fe4e7f497cf533fd3e06258c432c064f417cbcbdb6094fc49
hprc4_L100000_4681	4b88745dc96fbf81ba6261bbf9d9caa7b09ebc1258d2d0d09eda9dbfec798569
hprc4_L100000_4682	962417b15d2dcb59ce4ac521d1294374aa027c798270b30fee836548d26ae71c
hprc4_L100000_4683	ac463f6cf59c8959db24068128da38a1c805b2e4834fc41d22b09d005ddbf520
hprc4_L100000_4684	46d2e4760bd0284ca419731d218707b87aa6773a884f82b88539be653e7b7797
hprc4_L100000_4685	83469ba07283b5c0432820953da50b81a076cab96906ca60139fb8c43ec3eb3e
hprc4_L100000_4686	614cf997abed6ec8e249241acfb45264cae7a7e90a2b20eb2040bd0aa4331224
hprc4_L100000_4687	8bc3602427e74590cdfd637a6f1758362d54840730ba783bffcb8872e2308644
hprc4_L100000_4688	7b1e5891a038dc5f73d7bbc800b7a3e422d1d9cc44afe61a3a752c2fb5f9f8fa
hprc4_L100000_4689	b37d683a9a1b43631a03056062db44ffcd637c86965b7c95500173c99704598c
hprc4_L100000_4690	4120f2a4833e0a25c2d4f58080758906245e804ae5df7d097093cd7fdc10b489
hprc4_L100000_4691	12b8e8142d962611d8e86c32d32985e772910479e3c752c7b43834cc951876a5
hprc4_L100000_4692	2cff762d4af4a23f55dea4033cfd86d6baae7df8791c71abf0280e6503ddb5e9
hprc4_L100000_4693	f8bf457e3a34479561792325db3f837e616cee21312fb05d78770c6cd24d0d8e
hprc4_L100000_4694	e0477ca2a2b79f2ca100590cc5073afe2ab98f2ab79db3d6d24e5156add5c295
hprc4_L100000_4695	34f92456421a4b379fdf5cafd2063fa92c737d1cb7ffea4e3027988082a4804e
hprc4_L100000_4696	da40bde2015f981a5128f019cd6cc90157dafe9ccb4d8603a1b3ece749993f21
hprc4_L100000_4697	0edc78d4d10d74d6930c25d1f858f0eb823db02555793dbbdcf74ff2a91fa1db
hprc4_L100000_4698	5abbb4c646abd48feb47c7693564f31c06d21f79794cae2fe62014f115c42d0b
hprc4_L100000_4699	70282b8742bbda9ef717125337965cdc37e64d3bbac7f362b826fcb570808611
hprc4_L100000_4700	88f6e37defa1eeb6f026572c3613ee3d0240731c878b1af4c8559f92df9d1b33
hprc4_L100000_4701	d0d7c9819192eb05ab25bf8386d765ac1ce87a41682bf83e6b41ad52f9612cec
hprc4_L100000_4702	d0e5f13f583e8a007d8300f12db6ef119290c4dbe658f8c53a076edc899a4510
hprc4_L100000_4703	177df9e78187cb9ca1ddf8f37d9df79c23833618ebd1345d675aed2668ad9989
hprc4_L100000_4704	4626c18f2bd35592b73545092062ca96207220a8254a4869fe24742994c7477a
hprc4_L100000_4705	8c28bfc490ba862a54d08e434b652ac555c1404d58744d81fa5e8ca3d5628623
hprc4_L100000_4706	b9f1bf950dcb0c7770179510d777d426ac0b565ddf532306d17dfae3e137551a
hprc4_L100000_4707	29c9362306dab74375af6d5f8a014a2db2d1e9f21765a682e377190dfb15359b
hprc4_L100000_4708	5fac3d89a846bd1351796aa7ba13c1b1ee7ea4b1727e178d3604ba2493285863
hprc4_L100000_4709	d9c3b9337a9204c590e5deca4e77e3bf3ec8f7d6e33ffe8df4242ec6f2367691
hprc4_L100000_4710	158b437f5e873a0bfa8c301475fcc09cbc7ae019c12f6a6a14854c903b6bfa48
hprc4_L100000_4711	9f13de442a2e0e5bfbe83c47e2f33b0dc7846859f9c17948406d9b7515c01ee7
hprc4_L100000_4712	a0c471a03d95b04372341b8103de4e3bb5cc24a6d28f3be3784133e1ae8be695
hprc4_L100000_4713	65524a2c0be22770770782aadd968bbfb6005ae35e19d7aa628431ec5484499e
hprc4_L100000_4714	837df60474959df08f77750deef1780340260bf8187e19b40fe5a9e5e84ac32e
hprc4_L100000_4715	1ad92e0685db5adad2ec0c89353c45131209dc3ee692a2140a72a1693dfdf8a2
hprc4_L100000_4716	add75b6f2ed0e511b9c859d29a1cd635966a48e689cbfae94df54a115ba809bb
hprc4_L100000_4717	a46b449b28765a1077377601104c3c889492c437cb12089fba6f0e750258af46
hprc4_L100000_4718	191e03359ee07a354f145e25baa00e975e842f10a2791d809678e461db9d7d72
hprc4_L100000_4719	86afbd6fddbb0a0fdf1b19a5d7bcb5a71cef27f4a14c185620befb81d80a25ad
hprc4_L100000_4720	174bbf5f920047353bfadb3d7048e16aff8552afc528edbea3217396032cb8c5
hprc4_L100000_4721	a5479a5c296f9eacefa6e344596b24ccfc542b98e0f008a4e4380fc7a2b4868c
hprc4_L100000_4722	64b70229f7a12002eea59eeef9900316796d671c15cb12124ad37950b5933ced
hprc4_L100000_4723	1aba5aeacb54614400c053a12f1e7cc98f64a494e6131b25686383a61dd7ab8c
hprc4_L100000_4724	cf8f97833db3b613f58a19d0eb0548117c26187326b82f351bae5c0e97883ebc
hprc4_L100000_4725	dda31154b4426d34d0a2fb2a157694774b84ca9d42f8a0e11be9a60b33eec598
hprc4_L100000_4726	dfdd79cc72bbbcdc05c6d93ee90a07803399fb72c0c1a6d332dc6c20e50e200d
hprc4_L100000_4727	5dcc51107b774b94ea4f1e492e7ae1eb51b90384512910b5fcb0fa68058bbee1
hprc4_L100000_4728	89c0295aff9db8b7cfeba1614313d84b0f74cb586351a35e3d278a97b13bb151
hprc4_L100000_4729	1c28779b6193ce141e9ede1b5bfb7b229f7ebc2d080214d0472185d78fe6a09b
hprc4_L100000_4730	33b2e1ff2462504b745c3129d0c3199c1bf34984c1a8bb753ac12e76283b3111
hprc4_L100000_4731	bfdaf99e75f9c7c63add4a098f8eff1287920a1096f3328796398996dde2f6a9
hprc4_L100000_4732	fd542f9a0aa6e951c64747d37bee15025f955e022c71a6b367d46de8ec1479b5
hprc4_L100000_4733	c2d117c57c6397ff8110bf766390c1beb80703ca4689303ffa47da00d1d157e4
hprc4_L100000_4734	5b77dee59d87b4e888b738e8354ba23c2f225e41753268ca8dff8a6d9ca6d7f7
hprc4_L100000_4735	9e5c856420c298bbf36c8d7dce77ce688ed3af69ad812c10d045bf3ee8172274
hprc4_L100000_4736	64ce6dc7dbdc050b92295673692ebe6fd565198ef49b602cd41dfb9463d7fc82
hprc4_L100000_4737	a4c9887c55a04e46249dc1b6d3fd373efed454ec84cd89d5456e282d494a8645
hprc4_L100000_4738	bdb748f7b6e1b9bc69446759de962c25be85bd7e1493f6c995cd3abf3d481186
hprc4_L100000_4739	a654a0cec0a72c5f599dcbc9c111b742547a988322d6cacc14741e820a7ce120
hprc4_L100000_4740	9ea7efae5bc115b1d54d2211678f69964a39f109b0bd48f6bf1b8b5b04a4c0da
hprc4_L100000_4741	0e7aa810970f2fc131242958c2358991b37a243875defead965ff98e91e22eec
hprc4_L100000_4742	8eac1d3604b9eae089f34b91a0108f25039d08d2371468c09309d2d27126bf2d
hprc4_L100000_4743	057ae0bd6d35168d09fbdd7426aa0179c5823e7d5deb5968dc3858af1e6b031f
hprc4_L100000_4744	1e1fe6609bcf2b832d04e0bacbdaab9ae669512b2de784ddffa97de028f67860
hprc4_L100000_4745	263880eca1a065b9febeeaa54a85d47b17a5b1ecc7b71d6b033a475f011ae56e
hprc4_L100000_4746	771434a5f619b68568c1ba9c36a2f1837463f802ac9fa2406701e203ab025cc1
hprc4_L100000_4747	92915c96d626c89b2722f7a5056c14cef901158f5834a697bc6d41e494a285f7
hprc4_L100000_4748	b321a9c3ee44a2d0bec9ec9a09a43e43ce45a064039872ceec61b2d5148729de
hprc4_L100000_4749	a7f0d91c882f2e6c68e6cbb61a66e68f5a398a2b146167bae04b08dfccb2d853
hprc4_L100000_4750	647e78e2c03db35413190d1a45aa60e79da3dd6003b38e4c6855561be6c5ab89
hprc4_L100000_4751	4774175ab348da1402421da70d0fa2720e027d88ef5b0e053aa85b7ad379e3a7
hprc4_L100000_4752	96aa8169a03bffaf7c5fe41777615863d2b7c0ce46075d186def68b30060faf0
hprc4_L100000_4753	a4009c64f7aff94cc12079b8816bedd119086d52920b7663e0920e348d37115a
hprc4_L100000_4754	deb02ef33f080fd6dd203d889fccfd8e4cf430de35acbfe3460f5dbdcbedde35
hprc4_L100000_4755	f4634b5d842860d4a00a88df4b2c8573675811f4b6b161087713a2b12800190a
hprc4_L100000_4756	0aa845570537c0d9926051977d959152af85a2eaab2e48b27ccc13a28f87e34e
hprc4_L100000_4757	932ea772130295376014de86e7dac3e480cae60f6c6e57bdfbea75ae5c132e76
hprc4_L100000_4758	494e5371b479a2f8d890b8a19d7d0e9ffaa8ad2c0541ffab53ca9402729a359e
hprc4_L100000_4759	ca136ef20c6f267d35f5ec6c7c5f773531f7651887bb0cd32fbfe3df90dde163
hprc4_L100000_4760	054e88ed9087b5194f9d9e43c72ce1f9acd4ec4cafacb54f54b0c21c65789a3c
hprc4_L100000_4761	8fc8f3ced5c625a6b28ed52bb28074fd5c4ff2f78eda0131e75b670ed9a8596e
hprc4_L100000_4762	b0a1eb728b5e28fc4b30d7bd66cf32450e97eedab4646c9334bd9a3ae4f2f6e5
hprc4_L100000_4763	e4f7cb91f015d465b0d1874d280229903be7e583dbca32cd767dc3bdc8047b17
hprc4_L100000_4764	2718c15e51a134f3e434eff11989a4a8d008f99cb929252e678bd41d0789c3ee
hprc4_L100000_4765	15a4db96865fbf6e28db94ff25491a96b9664f0d4695d227330c6189d55e097e
hprc4_L100000_4766	c4165802564e7dc802dde77a6f134c4c193a32cec547e135c53a4ee58205bae1
hprc4_L100000_4767	26f7e15b7e4630b10b81f7662160e8e29de4833c1c95f3f3c9ce3f2c648f28ce
hprc4_L100000_4768	6e62032abd9d55457d835fde253f90b77d39bb4f42b8d678518e7ee9e067dbec
hprc4_L100000_4769	ec4437f725c2cffca8db1a2907737ae8d14d3b14314b5c3c4e15afd79fcfb2af
hprc4_L100000_4770	f4911cde8a15f0dbbe3bf7ae0a94ab5a7f74144893c1e80ca33d8c050b2d9e99
hprc4_L100000_4771	67816c6446349bbb71b804d13150e8891137d367604550646cd634c62961d453
hprc4_L100000_4772	b4e4c5eb37586e17472d4339fe949c7bf91b953f0bce2c2f4831ebe93b874c58
hprc4_L100000_4773	eab1ec262acf4fe90bb0e5b29789c0b127af23d22a43d6a5d7887af58591c834
hprc4_L100000_4774	fd7b96d9d54a511ebbca1d5e1c39817c1b68887c1badf3c236b967e0288a01df
hprc4_L100000_4775	099fc37019dbc374d3e5b0e20a926c0a1dea63ec338d749666b8fde794bf7052
hprc4_L100000_4776	e620f3156b2976d38f79f9bbe77ea5dac2d1608037eced9e3aaf92550f5d20e0
hprc4_L100000_4777	931b94a1e9faa3343875d8b164aebb15c40a3106a2551fa20b4f67ed702fe557
hprc4_L100000_4778	961c29d249a6c8b94687af05f92bf9c996a33d1084af3575c4bf15de79882f86
hprc4_L100000_4779	a6a19c26c94ded80fc0ff52c01b5a07b889cd89bc772f3ba706448c40ae298a3
hprc4_L100000_4780	431f5b8b18fa45d9ce8d115f73969e0ee4708a54e350ff2479fdc60093c5d6bc
hprc4_L100000_4781	3a35d8213729ac5fdd44c42601754c388c55d43de6cb373db3d574bbc6931285
hprc4_L100000_4782	5b69dd6cfa06bafa834009e94757163822892f0370e4557f9610b662e266b5fb
hprc4_L100000_4783	0f6c4a5b50a49cab17106675f01ea966a8472f5c182943218d210c340292a8d6
hprc4_L100000_4784	0c7ce3713ea3e3528a5f3e5e5cf4443309b4ee7310a03b5fe06e8de2dae1938f
hprc4_L100000_4785	a36a51040ff641fbdd493e7861e20385d2b2e83e81e2b61ebae9fb08b62b0d0a
hprc4_L100000_4786	567cd19bf4ed84b8fdb1d2c7e394412d3b923b8de4531d39ee71a50f90f4c979
hprc4_L100000_4787	9ede3e4e34bef9f98d2366d3ceaf278c4ba9ed7cd46783461b8561846430e14e
hprc4_L100000_4788	05257e6ce2d40e6d9835014a38aaaaa0cef2299cc0fe58d2d0d63e7815fa2c8a
hprc4_L100000_4789	c040387e776b22b53962aa657538ebf382edc692ed113d4a824445e42d4b2e0c
hprc4_L100000_4790	084bd07de76cb78e3a006cfc446066b3b15e4e3c16382c612570bb9804a8b551
hprc4_L100000_4791	467d7ab1f3bae060fd599d836fac3b26155e9c5e2c9beb4467ae4ac5a064baa3
hprc4_L100000_4792	6765942e50f62558f9731ec11c4ea01e253e20dac397a9edcf176eb8702ad069
hprc4_L100000_4793	b68feb00e03f2835732955391c510c37bb3db4f79706be2bf231a6821e3f0eb5
hprc4_L100000_4794	f366c8fb5144981887f9a09bbaa4cb01218f8f509c40ff4b0a8eeae13e13222e
hprc4_L100000_4795	3894d174d0700d8697e27c71c77f477dfc3217a7d3181550d846a7e62ab137ba
hprc4_L100000_4796	1d1af48b75cda9a81c35f6b34f99df3884b585025d059b3dc654d41cbf59b259
hprc4_L100000_4797	777b158ea98f4c39ea2edc8e7bd305b8c31b5f266725a9ddfd919f3050667d99
hprc4_L100000_4798	1b5444997d4bf48fc966e2d8fc5c08b584e82396e33d756cdf141fbb22be7231
hprc4_L100000_4799	504ce88e45203fefd10432823432f6422eae138c56788a08c75ef1cc00adc4e3
hprc4_L100000_4800	4921a8402ca3f9d665e8a1d5784c7bbc7785ab9f24232d389cbce91f9ea4f522
hprc4_L100000_4801	ed8818285434c4b36fcf6d61784fb073870cc5308c6bec0a553bdfeffaa9adcc
hprc4_L100000_4802	04b9acb1f22cc58c76c02fead255ac0d51d878c91bc88ee5ff25addaeb535d03
hprc4_L100000_4803	148333cd00afcf5f2e507ae1d9168d12353d7c7ee758d6745e0f835d7ec1a609
hprc4_L100000_4804	75667b2d660db53aa3b7eac2c8b35b75fdc14d0bbc7208935b2b1d0b9fcc35b2
hprc4_L100000_4805	191ddaec2010bfc608ec057463641a530865d6f11afd79efecd434ba1d02bee2
hprc4_L100000_4806	b52d0f93b57f2540a31ead73b5dccb6f13afcf89aedfb8c192b547c57630cd50
hprc4_L100000_4807	4553989830cb213bf06917ad1cd610f5354f5d036166ca387c81c3621965378c
hprc4_L100000_4808	e638404f007870b54e4d2d1bc40cb6f24376ebc96db77c82e5e2265182b05242
hprc4_L100000_4809	515d5d5c4eb3fde5ff6d5bdd6a1ed4e279d4e271dd45356ceba56811e0404513
hprc4_L100000_4810	bb3ade1257e7ca717806d5f0332f51c7e861eca3b342c548e74fc2f33f4e059d
hprc4_L100000_4811	463091894a49ed2498ead3b792dc6320036967e92691c5c5994f7770a9b0705c
hprc4_L100000_4812	f286c67a7d28c7a638a58c61692190571560204f903023d6be6cd2fce18c4811
hprc4_L100000_4813	f8f923dcacf5817fccac472485a6d174e27d5252add4c8acfff5d9021b320a14
hprc4_L100000_4814	d85c082d68c4c9a7de084f52f1f298a0a96c9474c37609338e48ae1fdefadfb0
hprc4_L100000_4815	61e95b0304e70e7b2c9f5de71e7965619656117064a44e4372a3e8dadc50344f
hprc4_L100000_4816	7d73439d29c300a7e0beb9c1648e9e513a12bf53cddf9b6a4eb8f6f742e9b10b
hprc4_L100000_4817	8043692534eb48861e9a6999a52a6921467a5fc13b3239a090551e6dc06deecb
hprc4_L100000_4818	51405efd7685c3f6a9731009712a75333a98a0a5af5ea19642725b89c9e10e0a
hprc4_L100000_4819	5042cb2598a163ffb5798c4b831c3bf97c111a08db63a6d9e42ba8138462fcf8
hprc4_L100000_4820	4ec3b4d198c286e621c0ee6ebd7a00421b6880681de9b61420d74d0a771837d4
hprc4_L100000_4821	cd12876a45aa6a46b522ef69862a0759e2ce22172a5de858a3e75e7c2a5e8f4a
hprc4_L100000_4822	fb465dfefb35ad70181803a830756d9dcc35dadaf368224462ac44203177796a
hprc4_L100000_4823	97146e3cd7320a5a7f7e26a890812e59a6e7b1646ea5c8d04ba195de62719d63
hprc4_L100000_4824	21c5b1c3f13d97c6c79732b8e1f26bbfeac0dea742a642e23437b867c4a1dfde
hprc4_L100000_4825	55b0d8083ff8195778f533f3d6252bc59bbca831c4c3ebc2b8361e76055028c4
hprc4_L100000_4826	c59299beddd563c9ec2d10f28c82084b0a3274388a84a7884163d14578021db3
hprc4_L100000_4827	c0aa3e197d55cf25403097c7c10cf31e514db7231b09cc2b47005d2dfa315919
hprc4_L100000_4828	69cb2cae0b36fae043beeb2ec44c1a7f5b754a543cde8beae19305011b972255
hprc4_L100000_4829	c6c9fdae58a9050b1e47d53637da2ab11f293c7569fb2568ee43167cba1cb4d4
hprc4_L100000_4830	44069103cc9d030490ebb60cbc85a0c590aacbdb4a757c60f0127867b3e3808c
hprc4_L100000_4831	05cd28cd36f0695964e2e9e8e18436ee0d6fef2be8252759b462917e4a67e149
hprc4_L100000_4832	030abc6fc8bd837743fc6fe27ae754d3a3cd7bdd89003fa398ee5e25dca240b8
hprc4_L100000_4833	4892288fa2b277b1d28d5a95c06d1511f9609c9401be9ce65c09a783f2f200ce
hprc4_L100000_4834	49f1fa4ef4f1fb48b7a2043d27466aa43200dd28c6d1d73d8b4435eeb56f7237
hprc4_L100000_4835	d6aa0a5f29193c155eaa9e76800523eed54fcc5a7fdd9df3b2475bc4e941ca44
hprc4_L100000_4836	b596ccc3bb063c25b626d929947305919e3b69d49462420f1def56a86c93429e
hprc4_L100000_4837	1489a20cdc88705c331c32e0d1ade9b4227b9055d33ffb3e7fbe5183f5927c4f
hprc4_L100000_4838	db3e1d7d44f4acc767f95caf67e955aeb6a7cf58ef520b76e1dc300502ff8b5a
hprc4_L100000_4839	6046e391a238d14fd321c90f80bfa251c21bdb4d3849d164528b05ec6ed6d851
hprc4_L100000_4840	ef02aea3517d07fe13d99755d2b33f1537ca38e29d1de8f0a3eaf9d6862954fd
hprc4_L100000_4841	3811b5de7b9e9152c3c08ffcf33ce475d2feebee4d916c8bbe0d31fe86ce8875
hprc4_L100000_4842	46306105aec1a4accb47b067fc8714aa9e502cb3b0697fe4c04537075e5fc6a9
hprc4_L100000_4843	d001f2150aa37f60075bf326e920c6dc51896d866e23cdb1a92b7061e285973d
hprc4_L100000_4844	ba9aa8c153877f7c0161c14fe3067856151485cbe1f61bdc9513519b717650a5
hprc4_L100000_4845	f67374f17192b53522a477cc81694583114808b1fd590d973474333dcf3fd787
hprc4_L100000_4846	889d463e9c3d8f37f9092489ce018d54e8b1d6ac2cfdf0a3092c54bb62bde363
hprc4_L100000_4847	48457603c4cf8b6bea37324e0f25cd41a9a66a338f0ae10c21a01710059d4d93
hprc4_L100000_4848	bb57390c5c6a0bb73a22aec230c4916f5f0eb279635d3d53a312e656606c2470
hprc4_L100000_4849	289bc7b2c130a79f83245fabee419234dbc441d362e970cd40974b58ee0c9ef8
hprc4_L100000_4850	008ce27c362a46a392a928fef3026ecaef1b769f2b4e52d7eb7c6cb685f415df
hprc4_L100000_4851	274aee3e9f7902306b69f0b04b7b73c438ea0dbdf04e6f915a5127e7931f3bfc
hprc4_L100000_4852	06aa8ba2e7903612bc2d917807484c64e46b45e1c5bcdc9625c1a857d267f36f
hprc4_L100000_4853	e8cf99a06416cf00a8b254afdde939b83fe068121f742a1be8081e5b043f1f01
hprc4_L100000_4854	ffb363d25d086852f35bf4c651fdd307a3de0726c87238834396ff52b554eb05
hprc4_L100000_4855	ae390f57a6b562d633fe9bab22a4e8c801975bc791c7dc151188b16bd4c2ce94
hprc4_L100000_4856	0f280bd45baa12fff89e6db949d8c8c841a6f762d8942c83c0b58a9d2ccf3216
hprc4_L100000_4857	a7551d30df850aea8ef1da7e4e92a8001dcd05a7d168b0b38180182d7eed2932
hprc4_L100000_4858	a662f5bea56d5f2095815a36fbc6dd244c882023cbd74e2ca8fcb4277e8afdad
hprc4_L100000_4859	2546154f9f09fd02861b2338ae5944c5c42abca6f942a198235a46e933c69c48
hprc4_L100000_4860	95b6bcc7d95a30a48535f506ba237da7052ee7394e038e3291025d6c657260c7
hprc4_L100000_4861	13f8faf0643559e1f152bc6df9d112a31d40301a5025e542bef44f9c36c27d04
hprc4_L100000_4862	f16d8756b7c6939ace57058374e7b6d33f97fff7efa15f1bcf967e68b6c94028
hprc4_L100000_4863	9af4caeb2c9c1733f481e3467a0f5a4a14e63713e3ef96ddd54b36ea62c7040a
hprc4_L100000_4864	d3a29b5e9b17d51d544ce32164f6e35f3848a8a3be9613666f8026860a878a0f
hprc4_L100000_4865	463a76bf050cf4e23769a4e5d282ef36e5e11d2150efbeb63a8cf4842fcb0b0b
hprc4_L100000_4866	713bc22cb8c38e6900f5be48a8a74be85b399abc08dba3f81ac122d4a92d0384
hprc4_L100000_4867	6de0a78fcb43a725ae92b779b5cd414f6d28b8ac99800266d3d0321011cbcbf6
hprc4_L100000_4868	017ebc50bdd237c5c22e6ddfdf0ce6feb68c99c9eb85bf103e3dc7564fc8574b
hprc4_L100000_4869	f1801f2c834503b3a6583bced9d6c3930832819838d7af512e8d736e840e08c3
hprc4_L100000_4870	e2c25db693aa8feda0d4eb5395afa65247dcd688de953c937d8ecc942cbdb90f
hprc4_L100000_4871	5dc80ff396901dc0131419ece210eda3f26982b8732d32afa2ece636f80fdc83
hprc4_L100000_4872	09e828f1233e8a9d2ec039c3d4a2aa8213147ad06dfa5292da3a2bce68979899
hprc4_L100000_4873	6303e8da4401cf8c60c57d47e02c96961d29934c4bb9aa0b564a708bcf36afb5
hprc4_L100000_4874	911f8b194203904df2352df3470eb22e070e3331860da6d4edbf36b44ca9d7c5
hprc4_L100000_4875	1e858092f94d5506716245099122e65627106526134b2c2cd191002852b8011a
hprc4_L100000_4876	8c629bf4f2f9e6e3bcbb839ae97f41f49b41c2ac411d5a446e6ff47b2602c9a3
hprc4_L100000_4877	5aaeed0ccfb29dfed9be0425a4e958366357fd590a4deb5be2b74521f7ed78af
hprc4_L100000_4878	55265f1710122a08d3bb9b348ede2f638bcb06da9905ba24eb25b9a75be6e28f
hprc4_L100000_4879	cfb277f5b6e628ae8b640fdf6fdf8e89bec0b365a9fc36f258afe99813faf30a
hprc4_L100000_4880	ab23205ec14f084521908071d96d166db9b189812e400ffb12770ed417c46823
hprc4_L100000_4881	f89c8217fd50ab33cb798f428326eaf706a9a9dce829b8ebe3adcd2bfd93f93c
hprc4_L100000_4882	4c0060ef5e32d0812957937505a7d9a3770ae64ff1c55bc5c4513a997f278fd4
hprc4_L100000_4883	3ff4d46f9c120aa519e066d8bb02138f03fd470ac9f0778e63e62036aab1a621
hprc4_L100000_4884	d0aeba0c6f1830c08e108a74fd177ba7349caefba01640c55f522b7ae28b679b
hprc4_L100000_4885	becf8481358a8df298895666009944bfaad8db0b69b4107461b6dc71d0349062
hprc4_L100000_4886	4e5cbe91cb856a426fa56afac571ee56f2d6904cfaa3dc327843885f2ebade36
hprc4_L100000_4887	8e1dede11d7205866976836b6b8c0ea1df047e9e1ead73f211b8f7cd5cddd936
hprc4_L100000_4888	827558fe01df7bf14c7ab6cea438bcd4e0eff5f2611a9d8dc8a4daadb93921ae
hprc4_L100000_4889	88fe130733aca46a0de5ebbc14e99d804d482b2f4433e398a4070a19acf2e43e
hprc4_L100000_4890	9166b5484cb20dc34506ca7dda436e7c41eeb87963e4538a926e1ef1fe71a357
hprc4_L100000_4891	72eeee70c90bb8addd0169f300c8240f058f22a6303af2dfbf725578be2e2d52
hprc4_L100000_4892	5838a9f02e434e10df5caff08a12a41caab892f802f745f354495bcf1a201d3f
hprc4_L100000_4893	2fb0a2e4c86adcc6927277f3bba62a5e85d105b0ceb7999a8027856ac87b27ea
hprc4_L100000_4894	110e3f197bc606438f3765acc8809e684b456cff15feebec79bb2f9030d4683a
hprc4_L100000_4895	becb779a5b42b18bfb47dba11b44d3aea9239a6dbaf41d2aa3ba0946707a46ef
hprc4_L100000_4896	8f3bb36a7f3899aedb9a2db147431576d47906695b680ebe0ba2376a0303a618
hprc4_L100000_4897	d818cc5c008c4296d0e071bee3c0bdeea5c99c9210951632649102ed08e4ae55
hprc4_L100000_4898	ff4e42a6cd5e7349d317afb8bd7d39efac542c975a403f46210f3d47a54dcb4c
hprc4_L100000_4899	96ec6146924b6921a13b5010edd9e2e5781f3c4be4955376412dff39a737d5cd
hprc4_L100000_4900	78557cb7face18bc7e281c7d25354c52b1b188eafd97a342ee6b358851cf74a6
hprc4_L100000_4901	b20e0a267f16556bd5532e03cb9b94649958fa1310083e4134c7e2ca06862eee
hprc4_L100000_4902	4c672bbcdc86249dc0dde00e5fa586dd247507a95d4a4d18947153212ded65f0
hprc4_L100000_4903	8a0f8f3dd3e94585d48d6ae803d7a4e734bf1237ab7986d5cf130334eba3122f
hprc4_L100000_4904	df9cee0973d4bba56f2185d5b97b230689073de147aa6fb5b268bde3a53ebe7e
hprc4_L100000_4905	8df553ca04bd213a8b34261b17529b3d20f178bbe628f36a8c4da9cef645f4e1
hprc4_L100000_4906	e87160c55f93efd258af714662ec31435945a3e2c017edfecad773d712049736
hprc4_L100000_4907	64cd0acacfc0f6bfabfa0d641fa8c69d4a8ec1055dd250db1d920b71dc8d5fe1
hprc4_L100000_4908	007772d674daa2334197ee2ef5c6e7c964e8b6b267b58efe0f126aa0a7e051b1
hprc4_L100000_4909	895d1a69e726dd64c03c5a25ab7605d8a90964cb55246c0ee48bcfa000f0ed67
hprc4_L100000_4910	5db19bd993b685eeeb1e4f0cc016ee64350a3f8d54afb5cd55f070753c82b4e0
hprc4_L100000_4911	299a4cb149fca52bca2e03059556b8a254c069e51860f0b779f534a19344b570
hprc4_L100000_4912	77bd3533c4f91e41a840b884a7f7829304a25da75e5c2751c373ebc1ea4bd63b
hprc4_L100000_4913	ebd12e13617c5d134caab163b6715211d6520be04485400ef38a8d9cabb2d230
hprc4_L100000_4914	f8d91df55fff223fda6cfae66a0e955c6ec5c8f22b9ca1bfc355936f07a85ef8
hprc4_L100000_4915	627b2ab6665d4524954ed3f418cd9d1826eaf267ff1aa6ab175f4597baaae488
hprc4_L100000_4916	6d491bbeb61a67424ce63401d919367cdeb8c182f7fd22f1933cb961d34ab1c6
hprc4_L100000_4917	c76f654db2c5bf8081e196cc3bf3c79fe0ef871d05732e9bfc05d1099a81cb95
hprc4_L100000_4918	d2c269565eeb67ee806228fd88b4110c19cb70f27cb0f7a46cd618d94cfa014c
hprc4_L100000_4919	9a0d6b4175bce9bbe9ba57aecaccbd3c23bd22ebd21d38e37cc6a61ef49b64a0
hprc4_L100000_4920	c29f6bf0e2db25cf62c93dac8ae2b3161c0e00f711159edec69c2ac06001704f
hprc4_L100000_4921	d3abd8ca0f3975d5ccd8ad8df2de451f30bd42e93714d13bb680b851a87c3719
hprc4_L100000_4922	331def69c426b60436bb04646e4dc693a3cb32155fad12a7edbf4d5c621c8eab
hprc4_L100000_4923	15d688f8bfe231b7ede502c2409064d5d67a16d4d84f5de870fa6cf974d77085
hprc4_L100000_4924	62711af2dabcdf0dcd7bc7462d3859e09f5ada48a39e2a91f50281794baaa696
hprc4_L100000_4925	2dcc8c10a455107e7821ad0fba5be5e45426b26c7ab9fcd13139601e4f809f41
hprc4_L100000_4926	3ef89e86a0a260a46f9ce80069da466f9bb3ca11d9663992cff3b3a426de89f0
hprc4_L100000_4927	554f1dbbe169363fc36a7d89decb76611d8a45fa7b71d609ddaeda15e23f7d2f
hprc4_L100000_4928	99f7913ef72c8617f414c7ed8f8ee08a714488a57ba3d8d40c1ab78559987a34
hprc4_L100000_4929	bb68afb5a916018abe99ab023fb9783545e77eab302676c96169dacad99a2817
hprc4_L100000_4930	f5e2f77b034ac0402d42ef1b253c312c2c36b994f56151af24466ed779d2e4f3
hprc4_L100000_4931	296dbd82cfa7161c825e4af3c8ba25d28808d29d7e6a01bba374978e73d7a116
hprc4_L100000_4932	d7f2e85e6e3945d392aee3bdf6e15415affeb6e658b1253cc2667a346f83f8e3
hprc4_L100000_4933	e6a15144c11b62451de18d770f3c1e87c8147d4bd25a7b668ab1982e7569513a
hprc4_L100000_4934	1ace2293facc1860616addbfa70c62f85e0bc490fe6def7e71fba8b645619a59
hprc4_L100000_4935	d7058cfb6a68aa6b989ba22fce6be85326c00fdb74c65880ac9af04acd32a4b1
hprc4_L100000_4936	81686a11d4422adffedbf27773f4ac253eced266c7258ba93cd8c0dd18c72f1e
hprc4_L100000_4937	f2e5957a1d4b6493fcca39650083182789e6f63f66e0cfd7f861af4c5e7615b2
hprc4_L100000_4938	662b1bc1bbf1d7b19aac7272daa63b8240af91fe5948792cf19652a4cf922632
hprc4_L100000_4939	9fffadcf37df0d06e6c8034e01f7b5cecacce22f78b2a98a17b01ef702a7abaf
hprc4_L100000_4940	6c3ebc3fa715da090108a104767a6bed0c09d9226742a2271436ebb411f49490
hprc4_L100000_4941	ca57f5187bcba4acfd71a57603c0db8d36b2c619f679709ca4ec3bbdb2bd3ea0
hprc4_L100000_4942	776ffa5e4dfa1a78afa8499d495ad523eebc89a0166e4b56fee5f9bbf9004c60
hprc4_L100000_4943	18e205b252deebffb56c3e4e2fc5a702245228f897d8efbecdf29678ada4d056
hprc4_L100000_4944	b184b0235269db070e11a448800381b2db5de5d57bc547af592b9b2ecf1e4c15
hprc4_L100000_4945	0ea40d91b6b30706000ddc909a7f95fa796854e6508e7f088bdddcbbc6aa498b
hprc4_L100000_4946	6b8a981a4f861c475ea7dae15dc68901291be8f780cb7566b4e3daeb9616152f
hprc4_L100000_4947	9bc33f2dd7ac46b682e326b03755c950aaf9b6c189d876682c3f1088306bd848
hprc4_L100000_4948	449d19463fd0da51c1fecce69e475aa5b229c23dacffde86fdf61a208cfc3ed1
hprc4_L100000_4949	41eea7feabd7bcfb92ab44f1e0ef74e1436ebb1badff2dbb5f12e03e7ad45ffc
hprc4_L100000_4950	60562d1282794008cac867ac5d9c03999ca82772a972b5850c2e479eef306fcb
hprc4_L100000_4951	a96ec5f9320bcbf0f31414d38592a230e65af173f2d987e1d2d2bdecf169f57b
hprc4_L100000_4952	075837e6f9ea971f4293fbc5f0b6dc3484faba6152d59b057896541ebe6fa297
hprc4_L100000_4953	533324c416456d2592fd5067f021188df1a0668c74d6f762a73c179d0802d2c7
hprc4_L100000_4954	184aa4bbd7e5751d80dfcc17a45537d6cb0034e380dec7213309bc767acbc6b4
hprc4_L100000_4955	9b7551d9ad0e98e2f67f014ce13c93e4aafd540ff91e3c4ee7b0f420c3480de7
hprc4_L100000_4956	f1e59c907dea51549cf2a3ddfa10191c72ba63fa96581deb539057fd018be24e
hprc4_L100000_4957	099e3b4a83d8818d75374ca3a93c8d1d94afa9162efb6b54444bf6dc36497ec6
hprc4_L100000_4958	822ce2588a1f84dd3d6ffd57dd844674aaf16dbb838cbbd60893658e07a89638
hprc4_L100000_4959	7ce7eb84c02548b786dc3feba2d2cf8715a6d8b9d7039e132cb4286c71d8d542
hprc4_L100000_4960	97526b1e6d8bfd77acf00bbff7778f465054779ab3e1097d7d7709f27dfcda74
hprc4_L100000_4961	454b54e2a7dc46c0eb921c3385b878aa5b56a486077a7891b615a6173b4a157c
hprc4_L100000_4962	307e60207c04b4a35ad440396898928b03e465e28e067d6a4c2962c2beb6069a
hprc4_L100000_4963	582a195d44d049b4d9383b661beb5871546bf13d25bb4df274dbf32fdc50bdef
hprc4_L100000_4964	2b7b5b9c13e4e059dd387d7bf6012551e45e6b2c63a5706d0729c78c92913597
hprc4_L100000_4965	6d9ec81d2aeb073bd94b19023eeb9bee5880944ddb7331641a1538c28c5e24d9
hprc4_L100000_4966	2fcf87b4b17775ad4956ce859a2e7459b326ee4713f202c363102c0c50c81a07
hprc4_L100000_4967	a746b4d7cac3ae4f2d596d168449401016812dfa92e0d06a239948f7408866fe
hprc4_L100000_4968	05d43cd18dde8a26549dde2811d568a3dc180d74483a2f17b62eb56a62457911
hprc4_L100000_4969	401f2e0a3b8555da0a44dd0f973cf82578833e671b91d352d4dae1313c5846db
hprc4_L100000_4970	7bb37110af9d2f0e7cd49c0fcd5b77939e870fb94de47344c1bcf42f272c6f0c
hprc4_L100000_4971	5f966bb2ff1c53e196e76ee83cd2d08fc268c5343ba69f312556376608454107
hprc4_L100000_4972	29f16394818be0338be20b6fb01fa50fc166cdab1b6b95612279ac9d22c9e5f0
hprc4_L100000_4973	655fe8d63279f2f305cf5eef4dec1837dd2f6e61a6489b6184e3d43746aa0b0b
hprc4_L100000_4974	715412d425c5885155c284a0648911da2bf03cb44ea640aac3a3242f39e7ea3f
hprc4_L100000_4975	9f034898c1b9572a62e0de783057fea78f674592d5ce0275c8452eafe84563bd
hprc4_L100000_4976	9d456bb17d63f0c44e766ccc07a44228ff0fb1897e8e13f57ac1360748ccbca6
hprc4_L100000_4977	23350d42b34a1e8edfa7cf056b7b65e9e08aff40b3e3b1c10bfd89d142e10719
hprc4_L100000_4978	e7b49d53a09563dece7d52cde5ff271d8fb05d6cf0a2cf95c196150cab8e212c
hprc4_L100000_4979	ff72cc7de6eb8b82d1f86088d9c0ca3c8d1cd3266f190855e68c1d1ed86f3506
hprc4_L100000_4980	2cb20376ff765383181672377d7e8749644b8a1b663cf96ee22f87fd2310e60a
hprc4_L100000_4981	0e7fdfb898e4b18ee55323c26cd94b0bf3cf708951bbc7674725ff3e04f72357
hprc4_L100000_4982	646273e1811b55e7ca6f85c013e14e39fbe9202db3e32e364cc70c85f9d8bdab
hprc4_L100000_4983	87ca6ad9fb93a4f77104d45c8ebcc1a5eb9d01f7bcfc82dc7f7dced2579aed25
hprc4_L100000_4984	c26b38b6ebfb2fc08224fe37b64b7b9f994bc63c29df4e8b6b194918f6048d8e
hprc4_L100000_4985	89f2c49ae42547bc29d77004441b00500deb0b5e4e20514042e08777a513ecb7
hprc4_L100000_4986	a7e28ff86cb1620278ef95c5f3933a481c6a269b1a519f71cbcddb02632c2e27
hprc4_L100000_4987	28185dd67066da7fab402ce837693aba5f820a9b663fafad0f6b0b41778732c6
hprc4_L100000_4988	67d19180bda399005fcf271b81dcdeda553748ba0b80b785f469a5f89ee5f995
hprc4_L100000_4989	e21318cceda0ad49949ee846298320a632f7795eca616693b73be99550aadc38
hprc4_L100000_4990	77b2eea33f3f8962f38446a807584e1852f0e9287c5de4b3df6abb8b55329814
hprc4_L100000_4991	edd0e6bc8da74425ecd6fcbb44aabdf65d2d981b96a2b8795600a709306a541c
hprc4_L100000_4992	86d25dcbd5e8f172bc84783238f7eb1dc3250101404f8aa03eb44edf871fec1c
hprc4_L100000_4993	39637cd99908622431b7e0306a732e83626b797c80c7c30650b8069f22521ae6
hprc4_L100000_4994	7ba44efe4c195398ac926681be2a6abaac5aeb19791ab5680c8bfec6524c8637
hprc4_L100000_4995	b116171b79fc586b7e13b640ae72c2be26c2802a231c01482139c89780695eb6
hprc4_L100000_4996	b1ee8ead5a958d9b1f688dc2b0adaa2d2ebe388769999d4b367575e372045f52
hprc4_L100000_4997	1dfcf66e1c4bfb0a9cd3a1e3c1563d34fd07c822a52b8634f590e3a6e9b4a68c
hprc4_L100000_4998	2f49086bb52d701f420d91d23a7adf99836459c4f053da825a813ccacebce2a8
hprc4_L100000_4999	a12b392447ef4982b392ca49b5f63528048a186ea12839732db76dc918874c78
hprc4_L100000_5000	b63e1da3ca2c37b807ad4525b201a174974f403e2dff52e4303cb499daf25439
hprc4_L100000_5001	60e67464671fcc859538781d4dd4106ccdb5d2d43ec64c3a1b905fe6bc1ba59d
hprc4_L100000_5002	80544670ca26075d59af7b89fb5af2e1e1f33f23cc2c1ffbd73ac8d3ef4727fd
hprc4_L100000_5003	ca4b30db61693f0fe1d3063b8b7934fcdb9a4b4cce7534e5b25d100ab70f650b
hprc4_L100000_5004	5030e89b2e7d7da39810a6def0cc4d65ca78bb19bd220a6ee93c978f6ce00a2d
hprc4_L100000_5005	43b811de31c19a98a71957225f4028d2c023ed62d981c2f71be52e32fca8049f
hprc4_L100000_5006	0ab4069de3535946d57453f6778f6840b253bad2e72626bbc6f42009c84e144c
hprc4_L100000_5007	c07e62ab82e69e7f85b9fed8d4d2315d56ea8878f5ba4c41750fc3dc7c56481b
hprc4_L100000_5008	5a76ac76de81aff143351b41fd99548cd649eb576dd3f1298004254bb0c96f45
hprc4_L100000_5009	4ab40b1b133ec4ad3b21de001edbda5141b3d44740ee6878661d29fd2f37f43e
hprc4_L100000_5010	ebb6906ecf3147ecc296d5daeea86ee6640d2f0f73a51869527c9139cb4736d0
hprc4_L100000_5011	ecfa5ffc93df572d2ae3bbe1ee47d7a7e612dd1e9ea09529c81f014c747e5852
hprc4_L100000_5012	1ac5cb1d6442c952ac7694f7798dab89d8df545d8c3f448f86797ea92dbcaf1f
hprc4_L100000_5013	a020601a5f3fbaffa44296f0c00eda22f7ead12437b8be842be0e8620eb57aed
hprc4_L100000_5014	1dcd951076c03a93a9e8774fb6b8a55d71acc5b54c2ecbc352149c2c0c188992
hprc4_L100000_5015	ae634ce53486f3a8d54f9f3fb433bc6ada981d6758895c83df5d6f9361a25f25
hprc4_L100000_5016	d5c9a9dc448f930c590deff4871edb64d5c063af644828265c6c6e404f398d84
hprc4_L100000_5017	7c0d53041aa8e12518915f28d1806094b9f7b3c4c2f08339dc8e477a24c5c12d
hprc4_L100000_5018	7af771736167a4d1e89911e71f37fd0a3543e4de1a15e2e43978b54b79fd903e
hprc4_L100000_5019	6b65514cf78f1f66bbc2bf5e3a51873b756b104850da77f696e60312117ec14e
hprc4_L100000_5020	0b19ab73e6ec8759fa2cb64f19202c10321966a8e49bdc9f911cdd115f0de437
hprc4_L100000_5021	04f60bc90841ff445dc94b6dc7f8334376bddeeadf24846e8d945bf88c8a59a0
hprc4_L100000_5022	082deaf98142f72261e7f113cf159b731a32171171b9b9942ca7681d221d10d6
hprc4_L100000_5023	981bdeb79a4eb30039c82fc298310c40787ef3084e1cb1fb4401bc14a3798ebe
hprc4_L100000_5024	02fbdb8fc6accb8196804b44a7444e18b8cef00b8732a97065bb7222638031d2
hprc4_L100000_5025	1593d9e0d101b13162d4e1a68b3fddb7f96a7af672d336cbe904fcf18610924e
hprc4_L100000_5026	38d082a4724bf6084fb060365ccccf7cdbf83794a3c1361d3dcb558670922377
hprc4_L100000_5027	91c058f424747498cae9b0363ca51b065c320bf97bfb1e43fbd80d13862295b0
hprc4_L100000_5028	72ab2f710e5889b45ecd9f99f1f7af7018da984211f37948ebe6ad7ede4bccc9
hprc4_L100000_5029	b20742b013ec4c3a4afdd8305451282b3cb9e99933ff722c564a67b6cf9a1e09
hprc4_L100000_5030	ea3cdb6557b3e56f1054489ece5f2b52bcdcbea2a960eb1caa53f9e92e271926
hprc4_L100000_5031	0213f3633f38e68454a9717510f8a4b3905f851cfe778a3a27c7353466eab41d
hprc4_L100000_5032	98bab1388cc661ee29d58e3f9fbcafcd1bcabdeef470c6423d33a95945da1452
hprc4_L100000_5033	71003bb3662c27ff6eec61aca23be410a46eddc7630f384c5b434bfaca6160e0
hprc4_L100000_5034	706af746fdaf60ef2df88a4f51b0ad00745527362233e9a39181da837a5b65d7
hprc4_L100000_5035	4eab9113e2d17568437e91510ec1a258f0e70e7ff6e492c803919516005fb5ac
hprc4_L100000_5036	736593dea813bbdead10ed724bc9aa01ddb57c39af1487d7241f75d562653afa
hprc4_L100000_5037	1ab054dbf41a3e5ee0e3b1c7c4f1310dd71f2bd107851c45e9995ef95d246300
hprc4_L100000_5038	42dfeaf0a8e1187b50e6696a737364c7cda2f7385607345501bf05624123ccbe
hprc4_L100000_5039	c5d8a07a90e429c9c7190819d982906de015aac0606daeb46c22c1fe6f073e98
hprc4_L100000_5040	bd54b5096bd19e23fe37eb2123f7aeddf82063bbd3b1b771080cd0c6cc0a7c0c
hprc4_L100000_5041	7c029e477d635dc6350ffcb32619b54eb659ad160e815219facd4d6101edc73f
hprc4_L100000_5042	3fe2efff9b77d4907bc66d6e872e961254e0bd9147e3f1e31d5913faa8e10edc
hprc4_L100000_5043	e2d4faac345a350f7c31cafcc56bf12361fb1bf3b34e1ab3dfda4d8a104bd469
hprc4_L100000_5044	e0774bfd563a9ac51493515548c7b357857912f96451a42d9931fd3818e161e0
hprc4_L100000_5045	7dec426c52464e302744c167a387f695054c32da350bf5c0d238de728cedbea9
hprc4_L100000_5046	26adaea2fe0ada914082398884d603e791f98ced3a7f532ef5f9f18823cac154
hprc4_L100000_5047	68ffc49ae08e70015a1975b4f169efcc3c4741a3b6db695fc8d317819a50a6f7
hprc4_L100000_5048	9e359ae366460fb87aadcfb872a580fe73c08d029dbf86d707f6b4d7185ee138
hprc4_L100000_5049	24de7d6010d7d3d77be0383fbe98ea99460d70d359c15f676ce520b6ecac4bea
hprc4_L100000_5050	b00047ed145fb7de64f9a8ab70e7ced04c3ba71242f2896cf8c1330b244fed11
hprc4_L100000_5051	ea17570df12b7b4900df8fb56a0fe4b8500fb590dd627a3c59fbd2d354a23390
hprc4_L100000_5052	a13efb31236096987aed75f16313296fb083cd99473a942135357adb87bf7ee3
hprc4_L100000_5053	4f0b341ff9efe364c1e588f6e17f1bf464044716f5a06fe5679fe6fc6e70bc76
hprc4_L100000_5054	9f8ff1da03232ffeef6d4b777601e8a1f61415217724d15f96421146f9dc0995
hprc4_L100000_5055	31006077b2e669630993c6aebccf058460ab2ae5b929e730a1c385186a58f05c
hprc4_L100000_5056	991d4a6ac1c484c6cca3fa3db5bafc3ac2eee3c884b7e5bd5412ffce9628c544
hprc4_L100000_5057	be08820a62be7e3fa96ddac0b8cee8b362d299666b64891dd62cc4383570a9e9
hprc4_L100000_5058	0aacd47f49f209f3bf7ac2638805b0ed6e2f80f38d832f00d0890ee35b6e52ec
hprc4_L100000_5059	cf2087c0a3d86a1f40d65520150a1afcf766b245266e697cc040d5be7aa4c5e8
hprc4_L100000_5060	3cfea32f5a539c6b2aca20c78221d6d97370e8041bafc5369116909683589579
hprc4_L100000_5061	1221ec0d2dc789a2c0029b17eb736f25a275583f71a4778cf5cf5abc93942241
hprc4_L100000_5062	16bc036c8b277389e25accb79425c1be3aa4847ad8d65aa276cd8203ae0d8ea5
hprc4_L100000_5063	e39263b400bc869d94c5892a1c28b9e9337f10da616734794a16ea6ffc67c69d
hprc4_L100000_5064	f5d0ae8bcdcad34bc7e337e4cfe3db4e24e17eec67e3a75d9e80e3e78e4551a8
hprc4_L100000_5065	07b8408c0229c9c1c51b1de3c8dff4cfef53129464305716da96e6fef964bdfe
hprc4_L100000_5066	bc218450fdcc6e18e0d1a21a5bbbde30a583304a3b4234b71bfdf8d915f774be
hprc4_L100000_5067	797816a115908e25a8f97838348405fac5a5b16ae173bb5a58a596cb424e2853
hprc4_L100000_5068	790872593d71ad1b0900be1d2ec6de9326342f8fefa00c712c7e4afe06a5cd1e
hprc4_L100000_5069	e70affcbba07d9aa159b61ab1b48724a6eb6219ceb3665dd2c5c6d65cd1dfb62
hprc4_L100000_5070	db19ec5d87fed88822d0bfc384d53d2437943af4c3b454f12ecde5e3849987d8
hprc4_L100000_5071	5a4a9a8409f26fb0b2747e6414c6da9857137db1898faad9b4e0e77d78d9e415
hprc4_L100000_5072	5c4148da5293c0dc0d1d2b8c027438a86d8e6718a5a7a0c33313a7744f2f6d1a
hprc4_L100000_5073	f522176e14df3f59e97228bed91a807ea8225edb47b995e719ed4ccd4e7bfee7
hprc4_L100000_5074	3a6d3f5e81f12f1b7647665829a56e031ec3960bec0f2efbb8d60cabd43b9d52
hprc4_L100000_5075	9076251dcb892ee53f24a142bf818f36e52490e445edcc95162ef2ef6578517b
hprc4_L100000_5076	a68ea97b2dfc6002b4067f6eed5189222f115129000c871ce5ed30e41477cd09
hprc4_L100000_5077	ccde47646f998cded7e54bd44b693a8fa7fa7d8a944ba72bb90e6d2e53837870
hprc4_L100000_5078	6496d79b58bc6bfe95a295dfc22c602bf0bf794dbc38e2e22e1d298e8e453e78
hprc4_L100000_5079	6013296baa22d0919fe95f5b71761c6025eada8206757a5c534cc4e77a324042
hprc4_L100000_5080	49a0351e3dadf31549d760e6f94c9a7f07a5152075d58dc107567e8a5497e75a
hprc4_L100000_5081	88a4c8c5ab47d92c5c216ca2d70ba5157e864e847ce89e8913ba28acbc91d1ff
hprc4_L100000_5082	b6a45ef89691f4916ef162b3fa16dc789ce2afa90ca3305026aa3b050ce24221
hprc4_L100000_5083	0f19c594bbef84c74666e806e787e7ff45788ddd714dd3d6b43ce6a2795e53f8
hprc4_L100000_5084	b7be26cb599820b583e391a559e32289e6be82eec5f85afbca0d43a3633966f7
hprc4_L100000_5085	31aa05907830fc0400ee63fc497c125b68cddcb4045531837f0545c2cf6ccbbf
hprc4_L100000_5086	fa37fbed044f2b50ea5ad30d0d3fa33d7b4562a8c1df6379cf8d090979d3ec99
hprc4_L100000_5087	276f1498adfecc67c289ddf49fdd73515b0ac2d562cb42b439e7f0afde9d8b3f
hprc4_L100000_5088	71c17d02ba710883de30a18c5c6ea91579280abe56fb1f85517601bfd1df8aa7
hprc4_L100000_5089	6062ad956dcd0ee056931959166410b0eba4b314be31d94c706d4f29ad53bf1c
hprc4_L100000_5090	17f46f41c8cec74ea7f386ee1b49243c902c8c60fd5f70ce54b12a45f6a54e77
hprc4_L100000_5091	fbb8dd45cfd27ad8806f6d0a2e436bc19553b219ff345727c004a8b56fbef539
hprc4_L100000_5092	6647db6c8b8b24a52dc21119073348f568b5d9e76b337c2a3cd215078e242b3a
hprc4_L100000_5093	fbe2fce728d3f61e7b7775b8bd39e939160e8c4aa9fd8de3f977184a2e707077
hprc4_L100000_5094	22750f54013503ac096eca33174bf3bb09f1962efb1ebcf905464b8b4af0baf2
hprc4_L100000_5095	2394b6805bdd0af5676822f4af7f65b3a2b5044c3a78799c11b3c79b67368c97
hprc4_L100000_5096	8a3ff743b8258ba26a66224a8433b3b5cf1bfd916f83b919be605559eced8f86
hprc4_L100000_5097	40881cc0df59e25d245bb6ca55ebce6941edac08fada89b0bb5b1a1c30539a6c
hprc4_L100000_5098	c4099a4c7f07d67b08388541523bf543286b90c9812ae163bc46fc3d6452b199
hprc4_L100000_5099	d39bab9733c82faa3c8ad49b653ff11963168a37cf42cb55d0f50e110b34d821
hprc4_L100000_5100	612e9f7e73ce227b8c04e698f9117782d60f114eeab731dc10e8efc0e88a36d1
hprc4_L100000_5101	15c7c709bf61db8823882c1317ebe9901a0d9ea3c7e348eff5a70530482bfcdd
hprc4_L100000_5102	58fa485d86c10262850f1140c075f30c0b99faf6c1d62381c764a76d6f822a4a
hprc4_L100000_5103	6b50199ac66c68f0964137aee5643f75d446e49ee2b97a4f8155d0b3de33bdf6
hprc4_L100000_5104	453dd4a00a663866324a482757e1d50931d9cf9c939923c680a0514b17f9d907
hprc4_L100000_5105	d2cb146b0eb0f019ce96b5b62f66bdb4e392132d088f2b70022f8ea09c665c96
hprc4_L100000_5106	318fd00d8b0ca89adf89bf4638b04ef481c3fde4b72f973be77f67287b66ad03
hprc4_L100000_5107	5f4219e61b5642f91b56df8841e78b225f0755aaf41773623e8117136f8ad752
hprc4_L100000_5108	fa78470e1d0dbfc72a1e21ab87d843467c04f892b4ce22801b34def6bb06f929
hprc4_L100000_5109	48a40f183f95e2cf5d317a93de83ffcbcbc1e322ac6658b8f9a80eeda74a4b26
hprc4_L100000_5110	da1619e0b82a282315e6f1ee6109e486c68254f3b41bc5ebef695c2b8ee9c226
hprc4_L100000_5111	b8cee0f8205474955d57b5bbd74c14eb9c64c836a90686777abfdc429c584a2c
hprc4_L100000_5112	733f496701ef2e9bd0d2e2f62660e6e4bc5a50d20a21a3dbf7ef53d6397d6b25
hprc4_L100000_5113	4e68c622bd309581e994d2c5b76dd3c7e85b28f1309709130ef924a8798f2a88
hprc4_L100000_5114	ac67234dc9db90745e7210633997567343651c37dff56c61ecd39b503b7c090b
hprc4_L100000_5115	5a2b35d1b3044b42aebec1ca00d0b3b4ef5a8a231ebd098c82d17a6ea1a8e57f
hprc4_L100000_5116	258e059e98bc1f5814665852cd8ce0f0c4c86d6aeb14e6e9eac21feb51152a6f
hprc4_L100000_5117	52b3fedca000c2d9178e3d8d916d367549fe292fd0036d1fc7977ea1d07c4494
hprc4_L100000_5118	f8a07247c7a6e48c8ba7f81962bdeeb771ad3060f045c9859bfab5d0881a9f19
hprc4_L100000_5119	1daa2dc5f63aeaf870764ad9f2670c8db9f7699b2a0d302d338d616514a39f55
hprc4_L100000_5120	1bfe684ed17f48c6a4dcdd2523e521fd43b05e9ad7b1b6b4b476e524734fcf36
hprc4_L100000_5121	37f06f1674ce38d1a1a5cb974e955f7a96eb947e55e6d6f4bf9d1d49199369f5
hprc4_L100000_5122	69705d408d9c0ee8a24b7ea4efa07fd6d699ee8dc71f765884eb00b1d363a01a
hprc4_L100000_5123	8a26538e547724372276c3df71451c4f07aa9a10f7712a2460cc4e9ac51c7e6b
hprc4_L100000_5124	0bc2479f207079b19f5cbddce58bee3f3cbc43eadf761fd97e04c310c2d0ce2f
hprc4_L100000_5125	27cdd5afa2a8dee4ff57811b35216e47a934596b1fd5b9c6db46a5e3a04ae2b8
hprc4_L100000_5126	a0ee3f209a8820f75f63b19f1141628509fb6bc1c1af419b5bc1bb22c415a9b4
hprc4_L100000_5127	9f47b6a4b1265176242c865df86d8b5639f323edcd88f9982df207f4a46293b3
hprc4_L100000_5128	55bb17a9129ef760b3ed117c01d82edffb6c82b62b7163f61aaeb3623541ac89
hprc4_L100000_5129	090089b8a4fe0e72ce85fd946f999b945327c35855fafe3118c3cebab025c4ec
hprc4_L100000_5130	b0946101dedf12902d08d622d4a018b9670af330de2c26d9d1cb0089d77ecc06
hprc4_L100000_5131	406d45fc5f35a1042fde4e6793579d4704ea8b3f41163680647a4d7ee987b026
hprc4_L100000_5132	7a14bc91bd14bea4b7a0cdeed12ea94ae852c36d23fb0bfa839cd73fc5f696e3
hprc4_L100000_5133	41bff5f0903ed7140fd248bbdbd396a0d4acebe8af5935abeb4a806d4300ed30
hprc4_L100000_5134	458952b34d17607a66a07a9991da11ec65607fb0c4e84d7db12c3adfa6638bdd
hprc4_L100000_5135	b4c24b4d7c8ff61b20608722589548567de4564ff28325700d8d22faec583c6c
hprc4_L100000_5136	8dace4fae1fcffb700668c0aefc5d25588da8176413141f38b28ad6c557b88b9
hprc4_L100000_5137	8c0c8d1c7ea9f2c034eb3f2ba16a3a1276cd062f0f327ed1b4e781018f509e48
hprc4_L100000_5138	b20003ee1d99da455a3a8fb35a9b3066130be05640a7de0f2a0bbb5e2f44e845
hprc4_L100000_5139	3387127f9b9dbeda9a664fd2d2920f141a1fc5282fad5df2e632bd5e844ab8b6
hprc4_L100000_5140	e9ac42f7033ca856688e2b422200c87c831c967bc047efd98119fd825a0e52f5
hprc4_L100000_5141	b0dd2d9e6987472feaffe25f94f96a5b693ec04fc8686a1fc92e53d143969f24
hprc4_L100000_5142	a183579578117ad8f5619c2850aac037785ca99b74431822a95c0bc53b8eff57
hprc4_L100000_5143	c4535c534ed2c9d83c2e7699db3338098ba27d7bc072b3015ac9392abab84042
hprc4_L100000_5144	d27c38b0d792d10f6fc293a60b71a2d74a289af58566a2b4b84f552e2471a6de
hprc4_L100000_5145	7af836408c24bbfc09e04584b2b040d36aab3cef40638fa0da9aeeb846a296f9
hprc4_L100000_5146	64ca084fddae6f7db028ee543d520f6083106c013441000a34bf24bde273f401
hprc4_L100000_5147	b05e25a22b5f223e55bba03e7c378ac4a726d0755c0ebef2102b57b03ee3d423
hprc4_L100000_5148	488f44b919d514bb033612eb9366f2a211b765df00e63b708dae49926dbe2624
hprc4_L100000_5149	45d6fcc724025d321043c4f6d8d7dc6b8398889672453853b192d332063fdaa3
hprc4_L100000_5150	0242f40a2a558aa5d9e16c916968f3734411c27e07223fc8c7f14187b530703f
hprc4_L100000_5151	050331a47218de9c4013e2cdecabda7db1729f4a5c410b87337df1c6361464f3
hprc4_L100000_5152	9e6eeac73fb6d29483352afaa86bbaf706a22778f7d91ebcb652d21b521144b4
hprc4_L100000_5153	9cdf17d4e062c7737105375fc0ecd7ac36c5001c888bf6767431db9fb0e372d7
hprc4_L100000_5154	87cec20303a4a87e2358ff27b38cf6a985cd9eb1c7da3457a77b111c324d4fc0
hprc4_L100000_5155	5749033cfe9a3b13ea4f14b6d33f08513953226846efa607f6cc580fe7a64dd9
hprc4_L100000_5156	0e3ac220eed42768bbc10b973146805633456c3c03a44add05416f5d0dd21cc5
hprc4_L100000_5157	47000613b7367878278376bcb5b0928f103666951867239221a3a677989f7295
hprc4_L100000_5158	bfec4ee5453b1549d63c6e5e500b9eeb94738e8cf357a6fd4de23cd769dc848f
hprc4_L100000_5159	a6fc4e2aea4a821b6b80f4c6b5bd2d4a51c7b2139222756c2a9ae66452e4ef44
hprc4_L100000_5160	bc426a42b5f6220b74b639c6822a640c903c700b65954a4bf18ee7c3e6372ec7
hprc4_L100000_5161	a1429f5cd2416e6f893811bd686c19c7799aa471ee8d3c44d0f4d8886788de0f
hprc4_L100000_5162	f0055472d18b5415c47a907d5664d37c9b73875ae0c744bb7978dab5f8f8c4f3
hprc4_L100000_5163	98ac1ec50daa29565bdb2dcc8e2bf9bfe63b10714bbcf6d560ddecb2ecb48d89
hprc4_L100000_5164	5388a994bc1ecbfd7fe80b26cfe8e0ac9388baa0cd3d8fff51d6e8601cf79b7e
hprc4_L100000_5165	791a740ddb6d14a0a0a43e7df1dd96e5c3c81dc89041d621a8bfc4b4a67d9de4
hprc4_L100000_5166	51faec84c11d02b25e61cce9d46d56cd45d3b60b8b332a9484ff410befd34e8a
hprc4_L100000_5167	27072a647e5cf78ba8852ac8c488d4b91840b6fcda335eed42a0e31205a49764
hprc4_L100000_5168	ec8241578a459d42f255bb1db462b5782517f47402d58530e83fc92f1390dd9f
hprc4_L100000_5169	4a3a6bbd93f509f18ee5a032f49144c285bad25c868cc5f042828b147994ae63
hprc4_L100000_5170	f31afa162186c90f4b8f14b6c20743d1132c6f0994da97ad35c6cf74fbf18431
hprc4_L100000_5171	03ba9563e4216ff18efe6a3aaa3f6ff1c34dd97856888dca991cea57fa327cbf
hprc4_L100000_5172	463ee4fa7e9b604c3e0395e7583cc4b7d2391f2f64c900965e983b80fe242880
hprc4_L100000_5173	6a54fab083cc61dff8eea4a7ae7e3526783b052f32ad734aef3720ae0bc4a348
hprc4_L100000_5174	523286dfeae70fb7ae1e612d923fb2d362128063f6e41b5ccbfdf7f4e29c02a8
hprc4_L100000_5175	0a2e495b051a700ee25a9cf0b2eb5cf7e24db9b01a23aba3ad300882e6c33c92
hprc4_L100000_5176	a76141a378fcd7128a8859101d9c4ef73271b76e44d3631454cec16bebe00a7a
hprc4_L100000_5177	a8227a0c106027ea0251438887ad77212450d80b7d79f87bc621bc9715acc63d
hprc4_L100000_5178	74d59b70bfad8711c0f818a5e4d4273bc674ac260417c799f93f444bb8372678
hprc4_L100000_5179	1eecd6a29a77d0e8c9a25a227b4e0f6be8e6feea250535b3b392ff4dbf0c0177
hprc4_L100000_5180	247c612f5d4943ac3cc1fa06a8455f20f85120f02d5a13f6de998c1507c50814
hprc4_L100000_5181	93cd2a9c2c7563c9aa92fdbc888c5672b1bb58d4f262d141d7d61dff2d849558
hprc4_L100000_5182	826cfcdab9e582b1f07268654ce3c1ddc5af92dd54979a1f07699411da2704a7
hprc4_L100000_5183	94dc9d8b7fe850cbc7c2f6ace7da9b84ac3b58c604b0a840bbb6c2fc2836eca9
hprc4_L100000_5184	cf0a496cf2269368ac0ac3f662a19c7746c0449ae8206458ee0b10d473c8af83
hprc4_L100000_5185	636d96ce552e50cf3ec73d8cd6507400c4dad223391af61c68a286064957700a
hprc4_L100000_5186	14a4b6ff841237878aea31a7f4989f7883896454327430429e573302c6a1078a
hprc4_L100000_5187	f6c3aef27aa3be6d2e4e767033e7d8ee1460c27d07f4e7d39a4d2c94ff1a82de
hprc4_L100000_5188	f068a07057527832babd2a20e155f0cb58463f3e6369914b42f9622f4a550293
hprc4_L100000_5189	a8c4fb5c0ffacbce747aebcfbf8b76b052e4c90fcdacb5bf2c1748e20a3a0f09
hprc4_L100000_5190	7f647ec7272101fabbcca682bf87bd4d4a88373feb6a9e796a0c0c4e87ad06cf
hprc4_L100000_5191	a3a2d376e76584f4291bc6cdc22e8c0311659ca46dbf108433e4053ca9288690
hprc4_L100000_5192	562812acc6f167fa64ba950e9d217160390dd1b3dd34507ecaa288c2aff47074
hprc4_L100000_5193	aae84101a343413ba05430857d3cd8663639bbc299f2a684073be0a1d312c5fd
hprc4_L100000_5194	0b48648506a2c009632877cf53bb0f698a1d9ee70eb1bb99972bfc30857165b3
hprc4_L100000_5195	9f5b86729dd7f2cb5d62c66d58c096c8be2f011173232b14126ade4e50c8c328
hprc4_L100000_5196	86db28b265980192ec4d7c4da98afb30e0279af8ca33ff4ddc67e32c030eb8c0
hprc4_L100000_5197	9a1c00f0cd475bfcfa81b965c82b429c814fd15e79c7ace7649afbbafd3d9bc3
hprc4_L100000_5198	1e496ce5db4da82c8f863208eb9c5dd0253d7dfaf73a68ec48a1ca9845706ca5
hprc4_L100000_5199	8294bddc419280f8d5d0e7870811e27d8adaaffeed758b9651dabf1f7315552e
hprc4_L100000_5200	c85f8fbcf242a76c5d5e7481fb59b0b5129b1fd745e0887be761dc90d8689ed5
hprc4_L100000_5201	67eb164411b4364cf6781f5c8078d3dc2e6ff02c32b86e5e4e46bef28b7b13cc
hprc4_L100000_5202	8c0e31fb6e3925b577d4dca2c160b8983f5acd91ec79f1cca63863570c2ede0a
hprc4_L100000_5203	81a5a03f75975b31e3696a621f68c142d3f3ca9842e954846a4b7047fbda63b1
hprc4_L100000_5204	4f91ac10f99aeb1810db8a9e3b52930303d4a03fa38bc28e7bae8a7f99f7f53f
hprc4_L100000_5205	507605d570e009bf984bcc4de4b6aa1ebd4023c5dea29551b406b3f0ae9902e2
hprc4_L100000_5206	d12820146efe8838e66aec69456a01d315f8630bb026e58c6b3c3a9007d04944
hprc4_L100000_5207	d5d688e494802923971fc4521a06d3638da7f8745464061ce36415621577e9d2
hprc4_L100000_5208	4da5c889e800ad554990a4357ee9fdbde90ac090b2b2e6247fc42aeb1eac4b35
hprc4_L100000_5209	2f0d7ab3aa2ab2809de117bb2ff6bc01da795725a974282a709772bf75dce6fe
hprc4_L100000_5210	6b8c28aa7a79a1160795f084c947c04fa2adc8f2fc529db6d304e1f6012949c0
hprc4_L100000_5211	712900178cb191be53b679b2a3adc0f43954f966020e16452a9f903bdb4db4e9
hprc4_L100000_5212	73a5cb47be7d7a5f0984d23e01ffa28eacc231d1b262a6c903cde339b371b1e3
hprc4_L100000_5213	c78c0dec66621f3b5a03fe54b43259b7fb46c4b69bb707d0a2020059863a0e1b
hprc4_L100000_5214	500beacc05464dd4f8f6f9781f43799d3d403b191d4b60b7e6532ac5a841ae04
hprc4_L100000_5215	a9cb37f4e9eebcff859705c66241784ada2b3f5aa8e624711a3fe3b129e80be5
hprc4_L100000_5216	54bd7499e2ec5a57a32fbee81db051a00e462831dbb95fb78295825074e256c4
hprc4_L100000_5217	a7f70f3c9c6cb697a06ae0e733e3e3a2f50bacf5e33d27b0177f0f046417b9fd
hprc4_L100000_5218	14660a621f11537800066b30d18f74b19e0e2c885d77c84e4fa56477528c0b83
hprc4_L100000_5219	e4cd92e3a81d13da7cf900082ffe4e333c5cea4620927c9e5c6218d894aced1c
hprc4_L100000_5220	950557671e89af7a449c0a373e2a1b3b2b03d84d74463a72acbb0235d1c5bfce
hprc4_L100000_5221	3d4e350ffeae22d346bc8dc3d247f1080fabe7fd945c9c288b16f519d6499b2d
hprc4_L100000_5222	73e7b40433b6b44051f7e472e591c216864efa114bec91d84c4cfc81623eea8c
hprc4_L100000_5223	a5367b380b032d1c1633a0493a1ec7f0e25cedc400a77b81543d5695dceeb6fc
hprc4_L100000_5224	a3dec799226f530f2feebda61d04eab4fe10b057db8dfc8528b33df8a3c71d59
hprc4_L100000_5225	76f3f7c012b76ab24921f8a3241db35dec965f70777cac62a6bc87391edc6bdc
hprc4_L100000_5226	167dbf826df5fa67daa3174bb2fa43e3b5c138a3b4334d20a9913a233094e129
hprc4_L100000_5227	25370e698ef49759dcd8fed8e3705f81f7496db5cfddf42bcf8da14ce33f3fa2
hprc4_L100000_5228	5ac968fcd3c648c24f2cd02a2d2f2d2a35abd73ff4c62108dc91f447d338de77
hprc4_L100000_5229	477537c97947f40c7a16e0689b1af3432a718ba49fc41c1c35823b5c779c3799
hprc4_L100000_5230	bc119a5554f2a8999f27fd4f5ccb35bc047f3c6daa33d753b9b01d938e70f058
hprc4_L100000_5231	099bcbb8865813e282314b26b490b9286253458cab4ff0908876c497b9466b9d
hprc4_L100000_5232	d65079162819d3348507cac5097fd830a42416a6711d5604bf1fd98e777501f2
hprc4_L100000_5233	7ea5a5da6b9f40ebe70a03350422f449b69b731e41352872b91f784934993e77
hprc4_L100000_5234	8e1c907c91935957e891a5873387935ced4eb225d8a0af996ca83bf33a2bb13d
hprc4_L100000_5235	db61af55c78e6b32d6786c6e1de3cce5706a3723d0e5859abf95a3759de092b4
hprc4_L100000_5236	a2877d90d0bcc56b40d8a3909eea9ab87489c3c77ead3ad4584cb5a8d5f1fa87
hprc4_L100000_5237	2c9d29f4176f97ead382ee530e97233a466a28891e197a685d7054362f19ed02
hprc4_L100000_5238	6e90d88ac3fdddba223290d11c89bffe0c22850741fc8ec13b381f6e6051daa4
hprc4_L100000_5239	33c40bde0905dad76813bea9d7e23f4a683780eb834d516dc5545c36b4dfb243
hprc4_L100000_5240	de82be8a15bc2b1b0552cc2e619950f753f961468e97ad3eeac75c34bc30b1c6
hprc4_L100000_5241	d140db7645a4979b7024d269d64ca315b6636eca370d017260534ed30d46508e
hprc4_L100000_5242	86b5ce042c42e81fa545c5c50456f2872b8a36d3f273b660702050e21527dee2
hprc4_L100000_5243	34233a20c94f7248bf1dad4861d56f8675bfaedd8201f627f56bf6a799d2c42e
hprc4_L100000_5244	6791d5c4b3c54a91ab8a2fdd8925b698029916ef780b9c0f4a55e44785ccaa91
hprc4_L100000_5245	3be5a4d6d5594b2aec1a50abac9ab84386fb4c37bb0d596e39739dc632f5b73f
hprc4_L100000_5246	91751771fe7c56ec71be0a6c8e63e47813d7d13332827739758962f343ebf403
hprc4_L100000_5247	1988a1d6440b5d48b0c3b5968e342ed0c752740a4853ff3396a2446dfb6b9f32
hprc4_L100000_5248	5b55dc8eb02e8685ef28538468892bebf8eea9869554ae2ea1433f18be64010d
hprc4_L100000_5249	400fff84bb6b11ad28809958617e459d5c04590b2974784f8ba8efe55da7cfbb
hprc4_L100000_5250	481c2d13f20fa424bf63489f2fe3a0d648cc1239032c7a56ba16d2d2c6fd0fb4
hprc4_L100000_5251	ca4ccbef321c71e476765637efaec87e39b28e44738fe731e30f7b7eca11cadb
hprc4_L100000_5252	9610dca9d1f4feda0aa9e21c1841621b8f6b548a803331dbba57becfaa8d6578
hprc4_L100000_5253	384e854ee552640edae8bbebc6e71c2ffec971a8915d8fbf99aca45879eca39e
hprc4_L100000_5254	25aef40c972b00157d2d18433a837bbce3a8232a6866ea3cce9df91fb3c66783
hprc4_L100000_5255	aa7a4e68ab73c02fb3300736e2f65b2f45226f44a463e421e58ddf6e70c08091
hprc4_L100000_5256	3ecdc3e82b0c78d54b410ef0e519e87ec4e7d7b85e30604abbca1b24374bec0c
hprc4_L100000_5257	13abab3775a39cd6328705d5b287413296f23973402cedf7c5d6682e1dea96b3
hprc4_L100000_5258	41e74b6a8fddfae34d19fc5f6c7979183fe3bc9d4f561982305ec39d2d41f242
hprc4_L100000_5259	e2e8f12ef43da6dc71ed9819fd50dab19f3a9a81b6831309220c6fa6317648db
hprc4_L100000_5260	6a82fc5fcac1716b2318b1592582a104320fee47b6f7f3a18e79b5e97fd384bd
hprc4_L100000_5261	bba3fdf1cf568374c1a8e8dbe1939780551062461f4e5511eb41b3d8932a4463
hprc4_L100000_5262	0829537b676103743f7a916ba2fee4f6c98775e1b66c7d9a75cc9d884d2106c5
hprc4_L100000_5263	569125bb62d39337b40b33eadb8b721a8ea8c363e99409682a3fbd53bead493f
hprc4_L100000_5264	508b47c32edac1aad90e0170f0be86be7cafa51ff9d541b71ab8febe6a05634b
hprc4_L100000_5265	92f8e5d1dd7cdece93ab992763aafd4e9a1e5e500edd7855977d81af88845da9
hprc4_L100000_5266	76afe213af2576645ddece73497a7236c4c107a5fea2f8763830bc7dff22d111
hprc4_L100000_5267	5a3bd63fea7c560ec0121db852e0fac1acf1cccccbfbdb76ef1916bfe8bb89da
hprc4_L100000_5268	c5e5a41f383c4058a226fc8df61dfb8bc6218867a48cde3984f13978f157c6c7
hprc4_L100000_5269	0a568373a2fbedb816c6154b5f5ff1dc4913130312837bde5ec406e0f98e30b3
hprc4_L100000_5270	93b969a04bcb24a947d5476369bf6b553e490a0aec480a3a11d339110dcce2e1
hprc4_L100000_5271	ddd6c0021efa7ff96a804475df25cb2e7e31004bdd13bd0c48a9c580d39be6b7
hprc4_L100000_5272	f8a1acb1f7b93a63cc671c41f30bf39c0cda5e617d15f1ebcacdc81f69573b45
hprc4_L100000_5273	e31974dfc5820d736b2dd7b996e61fbb1fd1dee44434e730519c8bbc08eae488
hprc4_L100000_5274	9146413c721b6013e52133b38dc9e8a32f4234a5515072c8b1bbdbf0df928226
hprc4_L100000_5275	20d36cc887d16dc10d40e8e2fe01da54fa6449b045d384183c20459f6f695da1
hprc4_L100000_5276	74cd6f73906bb2cb9c907931411b7230871ace19ce2e92168c9953b3296dfdb4
hprc4_L100000_5277	42703531c6a23bdd0a68035b1b9b8aa61765eccfc946a4ba1c0488bcb8e9cfe3
hprc4_L100000_5278	5b6cb04779ad8b346b53affef30b4505c548649105c9101fdf49351c8c73818e
hprc4_L100000_5279	7b841c8efe677f5c2a6dfa531f9a0239e7f974d73cc3126002f0ffa5bfd35f41
hprc4_L100000_5280	53dde226a13ac5867b02c123fb52c64431b0f9776888ce719b1cbbd56142f6d8
hprc4_L100000_5281	6def22c0a63ebb14fa2828dbb3c1fa813bbca0de29d9b0f8574a4377d81c58fa
hprc4_L100000_5282	1396a8c2dda484eeb55a44897d5442e957c49384982ae38d82fb2c5584b45b20
hprc4_L100000_5283	c7b4f4da62363d44cce97eed266447bedc1ebc5a75dab6b8afbb10f08f642c01
hprc4_L100000_5284	cf98e529183a192ad360e4c0a31d3de84be3b4d357341efb41f2b51e24fe0c95
hprc4_L100000_5285	8082d867040c47dcc3a9832990afbf27a57381fb22fc3e39086a13645ed31303
hprc4_L100000_5286	5760e61068de47a6152ff3b7b9df5c56f96a95d6047fb550797270cc98e5d02f
hprc4_L100000_5287	43135d71a654b114b7436f3a87e5eac550cd8be90e7f3fe31308fd4e352db750
hprc4_L100000_5288	49d6cbec1406d09522f701c6848eb4a76504ad3bbbe4b783414bd3f3904d535e
hprc4_L100000_5289	69dd49ab2b1de023aee771cd8a2deb9ef6db2b12549e1532f3264848635113a9
hprc4_L100000_5290	f9abad5440b5615204086995e7caf7b3924076743d90aaf1528cfc4d6af9c7c8
hprc4_L100000_5291	073ed5442405a4112c909878d442ae7dd2c2447fe7cd1f68f656a58985c9ca42
hprc4_L100000_5292	134ed3e94e12560551e3a93f9a8255a50d335f2feff487991e16dbc678579908
hprc4_L100000_5293	2b6695447b445cbf11c1884cf273100da9acc9e8980d697e70be8a1a7ea83044
hprc4_L100000_5294	a97ec265bcf5e5efa186ebb660a7d0bce7c5bc90dae50f53ed3ae680cbf3eb0f
hprc4_L100000_5295	498426f204ffacb80e607d5848a0c82fa67d40ad57acf1406325ad4e77923151
hprc4_L100000_5296	35ffb550f3adaf155df75350f70e391c47791c9b3494c5fd56df9274075f88af
hprc4_L100000_5297	bbc75b9bfc668106ca2ac2e556f4f8bd8bef58d5a8788d6f8b672b4495f6b9bb
hprc4_L100000_5298	4850a0dd65a353c6eebfa85bdf6bf6b31bc04076cc03c46be7091b93c3f1913d
hprc4_L100000_5299	436af85a181d173ce3e6074a9f3d073f46759b2b4a1cfc3baeefed089534eefe
hprc4_L100000_5300	7ef7aba0b612458d76013b8fe885fe1439f5f0968a12f72ec52d08b64f754ce2
hprc4_L100000_5301	d415c064c0745afb3445288221e731495a05351654a7acb7e0d3ee4d05538a1b
hprc4_L100000_5302	86ecc25a9d8de229f66f5cdba2160250aab350c884c165b1b480efef2c24dc49
hprc4_L100000_5303	06b634f75156a43f59d4d2baad212df8102fb5927d6a16633f121377869f3e7c
hprc4_L100000_5304	7000efcaa06e44a51aab69b045763bc8316d37019705adbb3b3123445c3c34f9
hprc4_L100000_5305	0dcedb5b42a8d0a2075547e43d6427fc7ab267b8ac41afd97755d94d9eaf7aea
hprc4_L100000_5306	f81f7d209ad7194e3b9fbb6bc307ff80af9464f3e5e76f079627a7322b6869a0
hprc4_L100000_5307	588749bf797250f4a1c0e6af00e42d7821e777447871228559d01f35342bb4b4
hprc4_L100000_5308	0cdb2f73c393a57c065241022f7071216a09ae406b54e9c2e277d1aca71cd14f
hprc4_L100000_5309	a24b7ce5f4fd828bea41bb361cd187203b86146242595b495016d6d0b2d0543c
hprc4_L100000_5310	8bff99865390695b442df2c47711eaf1ab351acafa640a5d15e54b826c53ac4f
hprc4_L100000_5311	ffa0db89dc3111f2ac6a591fec620845b2bb2b4825003764dfb82f9f3ec0a0dc
hprc4_L100000_5312	7c895f307aec2b3a711b1227d36cc0c2388e4f79c37ba12841202c535f4fa5da
hprc4_L100000_5313	85d92c70650a81156c4dec08dd098cd3c22b9140fa3405c95c8fb6e2c3b4a49d
hprc4_L100000_5314	ac9eed224d9ebc58068f3ac49c9d0283e5af79b5d5d4f4779aa86f1490e32c1d
hprc4_L100000_5315	fa5f57905b44e2f536c47427242e4a60b4750a54da881145d9ffe1859b21573f
hprc4_L100000_5316	3cd75f61cb76b1f82cacd2b9a822d5293a4fc19f97bff1f5327492802ddb7510
hprc4_L100000_5317	474dad3a01aad0bcdccfee0a8a0117991b47f11b0ca15f7cf26ca237f78b6454
hprc4_L100000_5318	591ed738d06be28e117497660663de67c61c554841cf369a891074790b604717
hprc4_L100000_5319	dfea58c008370076eb673d3fca623940d93d089c3c382a81a04b3d52353e704c
hprc4_L100000_5320	176d738986c529c13d43a3c127598f56f2c0076b525bdbdf379b4c51c80bdf27
hprc4_L100000_5321	26053e76a7710ad59828bb40af89675d2b3d590b7e5b8f97f34c16dfbfb58b2d
hprc4_L100000_5322	f6bf725a7dd4d81c6995423f99b4ae208b1f0dc81888db5209bb1552dda3ed3c
hprc4_L100000_5323	b9bce4f4cf7be9a33f99a71ecd0a633bf2a842688ab34b412ba44865c20db626
hprc4_L100000_5324	90844781ab515e4e9eeb05270b2ce76058787b836ea055600e83f178977f81a5
hprc4_L100000_5325	ae30ce3e8eeb11c0bd16ce99fc8d6bfa233983f8c41866457a737c9618d21f8f
hprc4_L100000_5326	eafe0303f7dbb331e3e53b0a93cf2a51e04fb7906d723291cc50a13ff236b332
hprc4_L100000_5327	38cb88827726b8afe2539f6d417fb6426af8d6cbc2e954cda24b340d51d6e9c5
hprc4_L100000_5328	9bf0789366d1613e9a6a15b278e9cfd43a2962392cdbae4f2d26ca545ef91b01
hprc4_L100000_5329	bbd2484b482d1e37d20b49de5c4e2f8c9bd25834cd181002b2c35351d13b3014
hprc4_L100000_5330	9c3da6ae957632e1f5168de1099157e4bc3e852c5bf250973e59214e8ff6b233
hprc4_L100000_5331	afe669a1b2f599fadd3b4b845aea5e946e8897e4d3a91b384dd95c54968115d7
hprc4_L100000_5332	6d2880bed82d470db19515ba9357f678b9187bd50f7f4656a4e1195ff8d89fc6
hprc4_L100000_5333	8275efc93bd65cae8de208972d432d52e0c61990fe5bc6fda9c28f042e344e31
hprc4_L100000_5334	ae3c5c3d329878a2bef66b553118b46fbdcd7782020b9e96ef37bee344c0c689
hprc4_L100000_5335	a9dc68c211adbe9060b36fd7dbbb47f14d53120d4ba0a5dfe5b659e0dc636e9a
hprc4_L100000_5336	79471b72e412112da8d4fc116b1b5ec5f18ce88ab73cf860e5825a2878ff2a59
hprc4_L100000_5337	5f4f6d1f528a5219b1ebc61d5ae3b470010a664033de105a9572b6bca8f3b7a2
hprc4_L100000_5338	be4bbed6b9cbaee5e79c59273b9ee89f06c84e16e06d53b81fb03f7701c0e463
hprc4_L100000_5339	822a1f967196743be9bbf6683181b59070e3448ca9ed66e61c4b199257cdfa74
hprc4_L100000_5340	b27c4bda152ec030a481f86c7d930e2f44335d8c4a1151c3275d458aea63f9c2
hprc4_L100000_5341	91363d8ee9409eeecb40fb2db586a44620980de73f967814b09470616153c44b
hprc4_L100000_5342	d3ad7977facb873d3396b76a6f35ac82fbb6be66afee134a26258cca7a1f4c92
hprc4_L100000_5343	3f666e73ed836b02120cb0703ca9e5f249705eae194960250a1c01992bacbd91
hprc4_L100000_5344	2390b8fd08b7181bb3eac0a02d3fdd5c054b317da241ea03489375d8008e7156
hprc4_L100000_5345	2d76a1c233345161282eb92f54def9d3830455951e70f406f1e4f9a80fbb11a3
hprc4_L100000_5346	a489cd0012cfd91e5e97640763e3e8a6591e26b49e281859b32dcc25ffd95c33
hprc4_L100000_5347	15dc2608627238689d5aab3db571e5c899da3c12a7ea1062e77b25e92df4ca61
hprc4_L100000_5348	a166349670e3cabf19efc592f5e822befebd6213ae4617f83a33e7af68a35417
hprc4_L100000_5349	23a409be959c41395cc3202e72075477c835a4110237e1a503f544e0db1995c7
hprc4_L100000_5350	2861711b6439e9f0ba0f57925582589cc97b58a9e06e8105627b9e24e2bc755b
hprc4_L100000_5351	008105c2867b486c8f0a607994cc2446d7e934d9bb20c6ab008e6b9dcdb91820
hprc4_L100000_5352	acb9c42c11d504ec53ea48bcfc50cf84b911b2b9fa7b73ee60088a99e4d23315
hprc4_L100000_5353	1152f2d3522c5c37cc3fecf5084ef146d98deb5ceec901f15a42827de223f189
hprc4_L100000_5354	4ca075f476fc55d4883d8ef4a0d55198fdf1b09919654f11acdf4e11137a1677
hprc4_L100000_5355	5b78b3d1f59e0f56a7d83a700c51e2b88f7b7382550ca02e8db56775f640d8c6
hprc4_L100000_5356	b1bbdf6676fbe962b45c1bc9137d7b2494bc877f4bdb270f9b75e25004735f91
hprc4_L100000_5357	637926aefddcc59a37aabc15996d80bcb2e13a3a90235339687739c7cdcb0c4c
hprc4_L100000_5358	98e0e4e9f53d3812a2b2e52567aa91f6c6e60beb7fd87070010ea7e40441e346
hprc4_L100000_5359	e28ea9baebe23d9098a9240d885868cba365c36894d92c1806aa5e5d114577f3
hprc4_L100000_5360	bd530b6b01aba8c2d13105d9f2d2d3725123447e62db7d2f1226effa769bb39c
hprc4_L100000_5361	afaa49e05055e9741655e6e4742ef5e19ccc4e5d8d16d13ff49af676b1a7ba3b
hprc4_L100000_5362	4f51f28c17bef3353887e5aec310bb97f3d2cefab6b1cde722e4e5d668b7f0b2
hprc4_L100000_5363	9f9178b644926a46475b56afdbf4b0ebd2f54eb6659b23b92997aa0aa0fa3371
hprc4_L100000_5364	0ad2e5adb364fc6f7057e41b3100bc016628625d9c242cc8e9432c0f22edb9ff
hprc4_L100000_5365	31da2e92eb3608cd3218072c2323adcce43154a3383d8cedd7be7789e47f5af4
hprc4_L100000_5366	7e167a8b761364b24405231b399e8393c3a289d657f87a96ab4afa93ab0c5e88
hprc4_L100000_5367	6f5e325f14cba39e413545bcc6cb8f1df9d082bde2c1f331ec3cbc2e97100857
hprc4_L100000_5368	3cf686b0d8371c24629c935c799f58d0666bf19578b565ee1d160c177d06b58a
hprc4_L100000_5369	0e22b4b6aa4be9d5b2c248d532f55e70833a1278b4c66ed0f79b9e5a5eff7c56
hprc4_L100000_5370	8145a067226dc79cf428abfd2988d143729accbc86c611b82e21ca3177bd20f4
hprc4_L100000_5371	cdc30f45e2867da51fa90060fcdad523b9ee74c652153d23dc56cb17c0d7415a
hprc4_L100000_5372	6a607ec3cf8c4a58bf1fb913af469c20acfbb745ccb33a62a7860321a7ef3ba3
hprc4_L100000_5373	225f27f5ce07f219aad29e1ba50f672d349774e924bdf6892f05c37c2a1587bf
hprc4_L100000_5374	452fbd7eacc18e25bc301bae4d7b415cfa221a5aa26560a048cc1c58739a09c4
hprc4_L100000_5375	3735d400ca0d0f6037a9330570fe9b11a3bdc2d2ade672844fcad1d3c1569dfb
hprc4_L100000_5376	47adc5cf8d998416d4861683321f1c075167692d5e14338a6984413e2008c062
hprc4_L100000_5377	f0ff7b94c393d00fbe93f1af1601c8948252e20e79df1c4828574b50d5c5bba0
hprc4_L100000_5378	4c7e330882ea6118fd5283b03e2349df5011f993310ec595104b521637c2f2a6
hprc4_L100000_5379	ea14f2a1b71c07e1acfba74fcd8346b4efeb882cb94e29b01bc369449e740a65
hprc4_L100000_5380	e32b0fff7b3820f3b51a0039352c99e161f639bcb8074bf950ab7ed3b8074d89
hprc4_L100000_5381	952f68c30652b8f7b89c3bf562d4dfdf3a7bcbc0fd4c2c7d5dea5c6d20742ba3
hprc4_L100000_5382	b069016b9fcc4743fb4db92bded9288f6251233a89acd3c9564bf82c34b2f670
hprc4_L100000_5383	78160c5e2c0640df1fb24ad491f8a9e7fe821d7da0c97a891e3d0d033de0691e
hprc4_L100000_5384	b43246f3dbf9d890b1eae29cfdcf7c1017993187564c0e2bb10217d45486ab58
hprc4_L100000_5385	cb6b7045e4e52ad8e6e973a355bcccf271d20893ee15184b356f2b80c3394a8b
hprc4_L100000_5386	262c4ee14e6e44f550a46d2fa4a0bef63c80726360447e6f15a010ec90b9e197
hprc4_L100000_5387	d9675778710262921040fabd09467ca2fb5d2580b177ffc92c57450b6b364edf
hprc4_L100000_5388	94c05ff8cbf911b5da490df49345703147541a909d2401b0e593d93dc8a7339f
hprc4_L100000_5389	af4e5d5da524d246e4dce10dab0a98a650c6a7c20c7ef06263e7566adbfabf12
hprc4_L100000_5390	c100231126c8a933a496ab94ae51f6ea100a39e37fb7fb1637369c10899402e5
hprc4_L100000_5391	22581bc00cff5b15841957c6b872ee5a4e083efa42038cee9c1f99e96b2ea332
hprc4_L100000_5392	c63b8ac21d96c93bc6aea74ec4dceefe4459fd437e14e1ad23145a45e4e75ed9
hprc4_L100000_5393	369de306033138bcace8aaceee5ddd61811e57757e2433db59735b8b6f2c65b9
hprc4_L100000_5394	72f585ebd439ebab000eb9e6525dcb195324bf80048f6252369be8180033dca6
hprc4_L100000_5395	e82e462da6daa9f2d4f8c5078150beaeed18029c719b375a19d208ef5c333850
hprc4_L100000_5396	8c1b845f833d7e9b2a042f8092773a964d4e007a06127e36c4b64c22fca952dd
hprc4_L100000_5397	066908fbd6e0a0ecb7676937e881b9cc37d8fff9c609122edc88d4aa4e7d5788
hprc4_L100000_5398	5ef777563402c173b86db95a250fa9a391a5e08918c73429ea1675e31ca9b1af
hprc4_L100000_5399	d80f486d7470ce16159d28781edd922981cfd4d2b27bb159131836901da53dc4
hprc4_L100000_5400	402c8b07979688089258299d1341fcb666dcc1cd3055eecae03832aab42d3b2c
hprc4_L100000_5401	78ad70cdef2d0896d57bec53c31dcfba91fafc4712cfeff368c03f61b9058b7f
hprc4_L100000_5402	84cd5f1cce1d291257ac0aabe336e87011e05d12e3e50f12cbe72b2012d7c189
hprc4_L100000_5403	2f273a873247b58ba3216090909edd39ad1c6629908547344bfd0a09a3363e37
hprc4_L100000_5404	c5cb782384ac22c95d5d56b6baf5d5e9be0157fca36e96a82205783f521e9e08
hprc4_L100000_5405	0721e8cb185e9c704e9595cd286350a16877bcec9c89c32a30818f095872fbbd
hprc4_L100000_5406	c9c0811dd32cce14e542fcda7ed547f5cf30055862e2f78b52a7daf5846c7468
hprc4_L100000_5407	1bb5fc2c943ca1258300370efe93f61e5b34f8053a76b357e55d54ac40aa351d
hprc4_L100000_5408	29640499f68d7b2f8a5e6fb7d94a1a4422c3805dd827a524e34ccea1f02deab5
hprc4_L100000_5409	605de01963b72580736ab653ab22e3e8001a417a89bec7138c16ddc0c429a1f7
hprc4_L100000_5410	677c1c88cc02bbf489bc0d5f20ae9a21722f20534b686eabb0245e60b53573c5
hprc4_L100000_5411	f4baa96520a038be7d47f94c853345961116bc68e950fa95e56330e1a8eb7b5c
hprc4_L100000_5412	d8ceb2d05f55d980d3ff056f4ee86a2a5d6178a81e399a1084769f31aa33b285
hprc4_L100000_5413	fd61b2a79aec900339eb438d3f1ffab46fa02347d69942e6e6fbf4e2f45807db
hprc4_L100000_5414	14f2b9b214b4753c8c9e6982418a619b46ad67c969764af73f95239abee3d199
hprc4_L100000_5415	4eda9c6e6fbabe1a5f377379ebbdcc2ca3dcd58fce2c10e3e089469721217161
hprc4_L100000_5416	b758bdacccce4dcaa04a0caa33414c87ba1b44703e619d5da386fa5337697e93
hprc4_L100000_5417	e4d940351fcb3d31dad96cad8ee38d5dd007326513948f53af1bddb0ca75811d
hprc4_L100000_5418	c6bd74c6c1fc21b3d73dcb606f6eeac3a11abf74a737f20088d10cecce369b74
hprc4_L100000_5419	719ecadf733de56775d5d8d747caf32be72090e7fa5c6f1ecffcf6a61df915c6
hprc4_L100000_5420	80c966c661c8482e79679c07ad229794927f2a246ef1686cc85f1fa9b08a1b69
hprc4_L100000_5421	e4e2c5b61d6106810d79162577b87eb7a5d529a2bbd47ed9ac7a0531732fa499
hprc4_L100000_5422	987cd1dc5804e951ecd5a7acaf1dcae9a9697bb476c969ca99e9f2bb7eb6907b
hprc4_L100000_5423	498c3e63374a2dc6eb93aec559afeb21ebb0c681e2ef3233a42fe161a9a36cca
hprc4_L100000_5424	8dd4e52fb64d297c24cd0682f46b9ce2bd5f2ce3b817d5f7ea6f155b862536e3
hprc4_L100000_5425	05fcdb13c7c442976e6fee26eaf4739025d581aed6c93a2167d31b66b92c364b
hprc4_L100000_5426	55cc74850e8aca375d59ef60f3b6529bc9938ad9b1ed247e3dfa081c55f03735
hprc4_L100000_5427	24562129111c6238b836eec805d8fdc76af35cfb28e8d223ccac5160df3bc230
hprc4_L100000_5428	e0b66f7e7f0aa0b330c66b9742e4e186b7ed53ec56a4f9ef7f9694b12c0ebe2f
hprc4_L100000_5429	084edb4afa2e77bd9fe6f81142b9856b91becd06e6d03088ff4f193f8ac6b589
hprc4_L100000_5430	beaf071786ac2f08ccf864cbd608b4f09aeb4d383dee086ef795d6af493ee436
hprc4_L100000_5431	44c7ba4db6096d4f12dbf3ea0b548d3c0e1b381e300624b7e5aaa42f0ec98df8
hprc4_L100000_5432	cfc938e1461e2d2328b4286c19cf00607926edd1c4730563bf663ee2bdfb053c
hprc4_L100000_5433	84cde53e2e8522d9200df212f2d2b886b73cdc3d08e4af7305152903d2523302
hprc4_L100000_5434	361cf7c533b0c3dbdd4678eb1397a2fbabe8f5be21918bab2f834e961f677e3b
hprc4_L100000_5435	ea69c9d92dd1285b2ccac77983ca83487c50ebba123bac1ff99f54f206328c0c
hprc4_L100000_5436	c0c50f7ccf76a5218e3d3cef53bf5423fa4706f70a9ce901b5548bce67e9a07c
hprc4_L100000_5437	0ac31d88a363bc7a3b9223d11b9c1f283a9b7e387bd376d1d314672bfa85d3cc
hprc4_L100000_5438	9cc1dd5b080a3c99c27f3ba12ecba5f8192a0f5efe7b97e887a2edbeda2dadee
hprc4_L100000_5439	894074c9c590ea142ef630fe6a9dd5a6ad70e107d6c308b456361d1bb7fb18cc
hprc4_L100000_5440	fe5a55b3168c0a7cdcfcb31f10ba0b9a9d50cf21d8e79852e3d22d36f5d9d06c
hprc4_L100000_5441	a16bf79910ce7ba70b4ea0df13a5c68cb5c4a9593fee6e06a439bde3490f2837
hprc4_L100000_5442	433d67a1336156de2a10c2ccc2b1f25c3886ac87624115b369d319ae92da6c04
hprc4_L100000_5443	ee0793ae6aaef8c5fd05479162d94e0ddb404bd83cbec3b1107c9a2771e07fd5
hprc4_L100000_5444	01cbf8927401b467e178ff20cc51e28140be3d2d300a03b27b05bc7dae08a409
hprc4_L100000_5445	081a41196dc7e851fb089e1d18b8bc25fd6eb606ad8e9db0d237bbf26837b6da
hprc4_L100000_5446	4740b7bdc2c007db33ac32f41fe6124d1d1f138a630df87d2ca0dae2a83cecc1
hprc4_L100000_5447	d2c418f5f81de976c42794412b4ddc48da94d4af99da65d63ed5b6dc03888aac
hprc4_L100000_5448	fce0f7b6175b5172e0e3f91a5ad1ae28867488a34580ab8bcf8fd2cb32361df4
hprc4_L100000_5449	5d632a9e9191c4e5ff8fef8d69fb76bdd8b19eec84414fdc838f447140ff364e
hprc4_L100000_5450	b5fa43055a247e53341bf75dce768ea9bda91aa5f3611e4f91c982e012e93ddb
hprc4_L100000_5451	7ad7e6483f182dafd376de5201974c9906d0a82c96a5234a5e42b937f4b67a85
hprc4_L100000_5452	d19d18f020fd1dbb9ad54f17b013589f93097fb337ecd5a79554127ecaa8d8b5
hprc4_L100000_5453	71c168fc33ca14a0eda31009ff68aaf07f8bc67a83b7ff7f720803a30746637d
hprc4_L100000_5454	1af13ff15ec27bdea8f6dea0b9a12cbd6921e372afae5c804345515bae5723fa
hprc4_L100000_5455	f4566f063da96116e3dfdf8ac4c6c616c92904670f4a42d4b25fc568c9e937bb
hprc4_L100000_5456	b5efca85f517030e15f231426044ca3e70e4423f86c983e3fc9d588678822b24
hprc4_L100000_5457	a03b39c132130de3587bcdc916f4b390943232cca625b70fbda6cf7a34b7dab3
hprc4_L100000_5458	5cb192ffe6a13e05da3d35a43636bceb894ff58b10b0e430f419fc1b430a64f8
hprc4_L100000_5459	7a879cdd5250e35f3064dbe6c03b5aca58dcc2098a9504c44e54db82d7c4af7c
hprc4_L100000_5460	62b75ef253dc69a85e6b1f1909b51fd6e06e4a9810480fd88c214487ff441e74
hprc4_L100000_5461	d01950c0f86b610014a64319d8f356d82f463bfd7c19eb01bfe81e7ff810aeeb
hprc4_L100000_5462	f68bbedfa63be0e58e8aa8eab989ee0cbe4ceb7b6126d3652425112b6a67014a
hprc4_L100000_5463	e8dd11fff2f4ff6e96d1184c8b64b13e346e09ef8414287048405c9aacb15031
hprc4_L100000_5464	f1194b2fc0a763821a1e363150928eabce56f9339aac95257d639d19e679e258
hprc4_L100000_5465	3cb2fcc040a1a853a5a58415440811781daf013f40085ea1abe6a013a258e9c1
hprc4_L100000_5466	259d77cb715fd660ef88121de2bd70e78c42759f39cb7f7c16a4117a7460b605
hprc4_L100000_5467	c29969a3895cc2aba530c72ab22b998a0b0f8691fe73df88025581c251444c00
hprc4_L100000_5468	380baff70f1383fa34be720a2b4e0d818dab0d3dcd7d49a56eb9f2bf47e1835c
hprc4_L100000_5469	70ff070bcf48bb89d2b350c8e6845235341b7b16e52f0cef8ab9b9087bee1fba
hprc4_L100000_5470	c451fec570cc04a68e586b519a3ace0557a05578253f4d59cc84cbc24099bd6d
hprc4_L100000_5471	2fe37326bbcf157547b94816f015a054ca4754945c51a14c8fa4bbd4422d7a2f
hprc4_L100000_5472	8b56d8364c0229105f39a11c3544415fec45242c1c9efafc843d3ce2e8b2a0a2
hprc4_L100000_5473	3ce93c165a58716077c535a977341b664736542624bec93d4a694e85a71cdf01
hprc4_L100000_5474	833d9811cc3b9bed2bac13ae53f6b9268bc7b44b73dfcf6e305755cdbc82f15f
hprc4_L100000_5475	e1bf5549048d44355e3dc4963855dba87b129237dd74a9542f49421289cf3279
hprc4_L100000_5476	796710921cb20af813d58e32e2738a0140828f25f8b3e011c2f5f3833bf30165
hprc4_L100000_5477	9cff163bcbde5190077c18c0c75172eca942a39837272c03379e3061319c6279
hprc4_L100000_5478	22ba91d943ef4c28ac49728231608f72b0704200cc677225a1c1d085e8f4e751
hprc4_L100000_5479	0b1abe4aa42aaefd54037c5e0a980b62f486b93cbc0069ace8990a36040e1265
hprc4_L100000_5480	dba40154bfa48056163675dcb8142d8a24e206bba2b489db0c5dee00f44ec81f
hprc4_L100000_5481	e06f440c7e2a6ba01c2dbcdc5e4ee60b0fe3f399e2839a5546dbfdece58cc265
hprc4_L100000_5482	8d48bfc1f00ceac124ceae08194cc43c1427e3495d73a3f589b33ea37bbac7fc
hprc4_L100000_5483	00c8da3d0143b6254b5db4d798390a88e880941d6d88e92104a1775acb39be7b
hprc4_L100000_5484	5405cafd99f5e0aa045e25ab9b39595df8ee846dec7e0e30bf1fbb5dd6fca71d
hprc4_L100000_5485	ce3535c89ba343347c46cad22f51fd32572994d72d23cfa02033527e529efad8
hprc4_L100000_5486	60322c4fe09c0b80d30d820d0a40806826d0e5dabd8865d9e3e4b9b47d1d5da2
hprc4_L100000_5487	7e738b45d8416646efb9f7ba8a8c80f16cf90422d078b0bfeadeef91b64bcd9f
hprc4_L100000_5488	a85080ce09319804fd8bbae98d0e6ff4dfbff701c6eb318917499d628668a9d1
hprc4_L100000_5489	58a327beec8baacdf6b52b02fe8a752511a0cc81e983eff5ffcdc0803c55c2a9
hprc4_L100000_5490	1992261ece09f37549c08b885c4cdffb7838e069f8af9175430c677c798d14a1
hprc4_L100000_5491	4f16abaa7a3ef3b07b4a2627a0d557f0d9f14f1a8b97253a2f16b1b849cf1478
hprc4_L100000_5492	2187ffdbfc47d86ec3c42ba338d1b0df182b48ffe60ea2d261baae20853b06e8
hprc4_L100000_5493	44b7ff7546594114feafe4d1ca2344488f001f770ac53bea16333a455f661407
hprc4_L100000_5494	d229cb59741c73dfe9e191e05a44ca9172652e0f5208581bc63fca773d0ac5bb
hprc4_L100000_5495	93b4a1fc28de934141777e3c5fc5aeec152b03220ff60aa965ff4caf70ad3f81
hprc4_L100000_5496	ab2371dd2be98ce4a5133d731942cdba8e854f76f8cf02ccba44519cd0e2e53e
hprc4_L100000_5497	528a67738e094a0acb7d4f3b515870d4a89aaf6a4e1f8c3a9bd0a8a916dce4a2
hprc4_L100000_5498	a88b482ee180a3a6a15ceec119e06d860ab9c48d1aca2e6eccbcba6645a511f6
hprc4_L100000_5499	b8ebcaba579ed72e5941c2099037bae5d4e071a0c759006920798eb9648eb1cb
hprc4_L100000_5500	270dc45fd9382c2b2208dd1a11eda0008c3be58dd6ceba8f016ca33e423411c5
hprc4_L100000_5501	80339d43dcf6b9d90ede148653b307883da36ce2a1084624c63ae9a1e00b39ba
hprc4_L100000_5502	7f04b248170f8963f2bb6112b5535636f25bffb7277e58988d3d9cef166174bb
hprc4_L100000_5503	d873081921b85a07401d01ec164eb1f69b1bec04b2651691251cc364fd5e4c0e
hprc4_L100000_5504	c2ec1ec23215cbefb23791993ab41af54be60326b334307cd42aee69b4d29ed1
hprc4_L100000_5505	2de7edb012ed0cce862589d0f333e4e720c2f957a6d86e12c4ccf283513b8f95
hprc4_L100000_5506	e9d9f9a587dd4785fef9b7654592147258868832a5c5f01c58601a33cf3ce1d6
hprc4_L100000_5507	62ba888ebf159f5d5a9f33c5b979bbfd94a96310548bfaadff22d1e8187b7943
hprc4_L100000_5508	d25accb0b3599623ea8a257e31fdc491d6b0b76178acc017642ac1b0c3d0de8a
hprc4_L100000_5509	a06b37babbb799923abd1ade04859131576cc354303c6a581b617d8aaf7fd4b6
hprc4_L100000_5510	48aa8c2744f5fa96d92ba59d325dbe0cd51b49e4c0af8eb03ac8476418196a27
hprc4_L100000_5511	6319d401a3d215807bf669eb61ec7f71f811bf7fa8aafcb894c192bbcdfb5a59
hprc4_L100000_5512	8537d46c05345d32e33aa88f94387596b34263709bf81307d733ee43704adc1e
hprc4_L100000_5513	9caadecceebcf2df756f4476e7aa9c9c7897b0275e440858ec1f94cbcb2edfc5
hprc4_L100000_5514	65993fe223a0fb9c0f6158f0b1df826f295372217a06b70ba56b23e9b1e67df3
hprc4_L100000_5515	ff07db35b0d861cd878a377c9a328587f0515f5e2ffc431be086f26b63cbde2e
hprc4_L100000_5516	936ab70965ad35b4f57c1b08156df745fb4cfec615d7486946f2032ef2e8445a
hprc4_L100000_5517	afbcd939d497e5532310fcaad79aa0f8d986c4c9806e121e49d06300e93864ad
hprc4_L100000_5518	8f861a5ea4ddfbd9b25cf401544787265ac2acb709578abb76d2a364d49ac626
hprc4_L100000_5519	b95320800e6d3e7982c9c4b6c6cc2635d6dec072294a4e7245999e6113ab8865
hprc4_L100000_5520	02fd015f59625530c22d3d7494071a8f7e0976df93497523d8ae8a8dc18e16a9
hprc4_L100000_5521	b9a9f302fc6742d2e8879117843f48b5feea6f756e9ca850b0c9beba77d8eb51
hprc4_L100000_5522	56526d314fabc571149895ad774a7f75266c2aac7813a01e898091a8adaa5ba0
hprc4_L100000_5523	ceeea7ab9eeab17f3548761ef421fae0e66b97301273129fe5ef46e1fe4516d9
hprc4_L100000_5524	82717859844d69ecdf56ed1e9db1237f1e101e7973cc6b28cdf3cff843d38fee
hprc4_L100000_5525	c7d199fbcc307b70dac9a67150d0bbe194141464a15e36cbab86bff358638078
hprc4_L100000_5526	4c3c6e1a2ca8f7b7e5ddf5d17966ea6ce39c3b417fabd97d55cbb72f03999fb6
hprc4_L100000_5527	1dc58da0695388464c5cca7ccfb6c9c8e1b1311f4951a7445837ddb68e0d0775
hprc4_L100000_5528	81743d0f6c5a5fe7036122e998186910b140864d7ef209518b645287b475a28b
hprc4_L100000_5529	13625ef7ba5168d2e690645292a52d91176992a2e9c96ea62ad8ea557d0ec2eb
hprc4_L100000_5530	64d2ad3bf53085ca3e69f009985ea4ffd16825c24613ac2401392a9002f814de
hprc4_L100000_5531	1429bb98caca745bdc055022837029a7170c30aade45662b0b08f2fcb97728e6
hprc4_L100000_5532	160e74eddd58c95e93cf174ee247e950b6efce2c578b559e7b1554e7d8c7e909
hprc4_L100000_5533	b4075bd150f7a3639b42f6b17eba8cd76ef4e4047446a8fe830c659d81f03f7d
hprc4_L100000_5534	f06d17236645f9c441dd0406dd6ed04ce6b8c8b2b29800813920ad57ff62baf2
hprc4_L100000_5535	8c57d7137a23214d8f34400579d5d427ed9c47cab920f84d3ebf342f5cba82e7
hprc4_L100000_5536	5d809cce6c942951fd722f646d3980345711cfceb98cdd25277ce4850cf3117e
hprc4_L100000_5537	3cda7c56ef363cb9fc217f164744932832d5418e5af3d45a772b42667396ee85
hprc4_L100000_5538	23a1f93133377c6d4233e7da0343dedfc98320aa664cf174c32d5add41b303ed
hprc4_L100000_5539	bea33f1523512a621faa1f1a7097d8d26b14b9e47ca77f64e79d25fbad7e9cd0
hprc4_L100000_5540	73a35d6d75583caea4e6db4c11c7b31be0246e208d8b692fbebfcee0960dcb28
hprc4_L100000_5541	2cae91175416cb602a4fd39ed51fee9c80d26f218f14561939fbc6ec6b53ce73
hprc4_L100000_5542	0d949ad905c31773c42e948ab08af1d120de81d0e3ba5461e7e415932bf920f0
hprc4_L100000_5543	0f8f80e0774012af243af7f0be5b7b663e061237de56c9f73de8c9f3a40e0462
hprc4_L100000_5544	cbb6b050cc17544838d20284599774f410d6f450d7c3aa303c0c9134335f7523
hprc4_L100000_5545	96e16c3e4773d2401af05e855ea1b52a29f8e6b121330fb1d254aeaa9124e1b6
hprc4_L100000_5546	37c76101613a9f4e31083361ed113f9789af3d9d9105273239ac4fb09715675c
hprc4_L100000_5547	6121f144d0f120edb016f5a13f17f5aa284630926a4db27ffccbf376ad2337d0
hprc4_L100000_5548	35fcd498fb3706494a984fc0a240e51b8d44da82643f1788f82749003b53e8d0
hprc4_L100000_5549	5da62645baa8172b901c1fc2cd47556d917dc05f5050e348a1fa8f97b4d80b55
hprc4_L100000_5550	f12ff76ec93b885196566083d95f1b3d3e609de5b4af6261a2bee552a6ae26f8
hprc4_L100000_5551	307c75825b800603ade78d3fc8f9e6e0f8258fc5e2758992c73d1d2482169214
hprc4_L100000_5552	d13caffc966a96954d5cebf37077be2d813373f3c40617cecb6ebefe3e8ed343
hprc4_L100000_5553	08c159954b404c10b75d0a64e22f9dd5ab06775ef4e53eaab8e58f865244c1ec
hprc4_L100000_5554	3b4ba24717a67adbf6305ec09f9cf37dc2d23df1156594859b2381f05902c908
hprc4_L100000_5555	5fa6f772383ebd25ff08eda5ae2fb70067618bc063baa34cf7c3893f703e83d9
hprc4_L100000_5556	e6e4f2efd053dc785c6d9c5b00e27bcd09fd9ca56bfe5c4859ff893d5bb834bd
hprc4_L100000_5557	e8d02a2bfe9be0515637e56aaba92b059eaaabb36090c7b5f2ed0a67ebd2c213
hprc4_L100000_5558	009d1afb9e3832e73102fa9a9b6b172e5319cfae95596e908088db0887599a09
hprc4_L100000_5559	17c4903636aa6de69f6a25ec4a8f89f03ce4ca3eb8a95516573a158232d0ec36
hprc4_L100000_5560	d929511b4deb31326c906003bb0a05678ff64334d77abe8a0f33719a89e0e495
hprc4_L100000_5561	e71f3333e51c384ce55570356833688d83a93c883344e2d2f405b522619e08a7
hprc4_L100000_5562	f90e26017512c8d43b61daf2ed8cd5b1ed493737a4b0299f00deaed1d483064f
hprc4_L100000_5563	74cccbd8ea65464afa19a7ede32b6d8492426c1efd91ba732d30b06442aea87a
hprc4_L100000_5564	eacbf96cf292f9aa2e64091d82852676927d4f93272552086a3a4263145fb1ec
hprc4_L100000_5565	ada69670569b8af4774fbdf7c94d0f86732b44e0ba92a94130ac36f1cbe6644a
hprc4_L100000_5566	d4f41474c05b59eb217140d0a99cd4651b977e89a9661032dd3dad353d8f785a
hprc4_L100000_5567	2d0d34c30805f8290bee99dd3e170d6ca67fdcd840cb249a211b7cab3a7c7360
hprc4_L100000_5568	1353a10f73c7bbcd3e47ac3d8e0902b5ac49680d7e68dd2bc2c53f5cda2ded41
hprc4_L100000_5569	57a2bba1c94d70b49cbfbdaf18720edef508383fb1e1b0a337859999995efe46
hprc4_L100000_5570	5a23087846a2f6d5f6d20cdde30c5c4361540f321555d43d0c20a7afabdc992d
hprc4_L100000_5571	df39403e3291cf6e4e2c0b310d30bd943e4a06a49e264738da1eaede331ad921
hprc4_L100000_5572	ce95e26c563ca9c117f759021150b4caae9181581b09341f29a5b82e2f9df94a
hprc4_L100000_5573	0ff120274bb0c90ebf1e9f49312e6d91e36125e51b46eb5fa4ceef6a484f3de7
hprc4_L100000_5574	0bddb8309eb748028e12e52340dde4e9e767184d0aec9c3f5348fc02c2cd331f
hprc4_L100000_5575	c9f1f2c4335f7e0b46e4a96f39488ce3c02e1fe84d3adb73d9fa5b0b01dc0d24
hprc4_L100000_5576	85257297de52d0d808cb3fda0971d9c3ba87e57d7d17ebbc2781ec8be90478cf
hprc4_L100000_5577	9a503fa59c3d5eb2e621ceeb68000d7c17e5509c90344a889b14ed8caaf147b6
hprc4_L100000_5578	2d04f335df8bf3f47919c12c782b9628349ae6683fea31cd01ced6e6723d9c53
hprc4_L100000_5579	c2300249946543d97cf29d7c87b33793a500b6a0cc18d9f5e91917c346c17906
hprc4_L100000_5580	ae0ab0bc2e4e64d3a877447a63b33cb77f08eebf9041c5400dca5be4ab39cc0d
hprc4_L100000_5581	ff05fb25d5f0164da2c3b25618a6f2f668e950be6d9df6e7d20b3ebcd7f1daad
hprc4_L100000_5582	fc897ec4769d689744544e33a9fb3c7beb393437c0381963aa659984653f7b8e
hprc4_L100000_5583	53a18a9b9c2b78bf15ab702ad9e88a02a9847b15284d766b9a5dd5adbe2299fc
hprc4_L100000_5584	4d7ff6af1a515185806c5b39a2a29ce63b86e760edc1351032301b686d4843c5
hprc4_L100000_5585	e0f7c999e1105281e7de925da95404135f5dcbe22b8bfad20099bbfb17be886b
hprc4_L100000_5586	61c1a9323c56969201257936c3ef56ab683cafe60ef8bb5c9f82c442cccc0268
hprc4_L100000_5587	12e0e231ad7848a810b0d6bbfc2bb64c893d218099fc57a6a1c14a4567f5c08b
hprc4_L100000_5588	a6afd6471c28e74002203e28077e95c2dfdd6ca641e2acc3a7f07e8137ff275b
hprc4_L100000_5589	59ad670a9fd4dec783475a6a24cfda150cb470bc5c3ae08114990fb506c8f2fb
hprc4_L100000_5590	97cc31525d75b972de8389b56a301d586b432f078cce4e1dc27bd05ba66b7b95
hprc4_L100000_5591	cfa901649a01bd3bfb35a61bc304d50b36a7450254aafba2d7f892a0c105880c
hprc4_L100000_5592	885c76ecca143df410eb11a3afa41e5b06f625f8cfe46d6b53bfbe2d9e79ac4b
hprc4_L100000_5593	990b1bd7b6fc8237a2b1c6ad895bc1da31d7147b9d055d6c3e5a1535edda14e0
hprc4_L100000_5594	77d430cf2f1df14d161a5fb3a4f5422c21d14241c21c05f3f96261c1de50f245
hprc4_L100000_5595	a32a6349956278b5dc5b06d9abd8b29f17cd08962369fe312dce4446f8e78db5
hprc4_L100000_5596	eac829648442b3054610ce0656e148a780d7645b2700ac2d4749723c58b4a3d2
hprc4_L100000_5597	f6f2f828c7bf1411f4bd38bf90cd8baa9882a37113b5cb3d8965be5abd5f9015
hprc4_L100000_5598	b0f4aeb6c1d1e8cf47f5cfab09344599978e97396e27febafdd2f0ce0e0c0a78
hprc4_L100000_5599	d133eb32cc4cb56527857f182536817f77db70ad7670cf7bc54f2ca2092cf2f6
hprc4_L100000_5600	c1e7aedeba8a80751b9693b1ea2de328654cadfa405c6dbf33a457b80404218a
hprc4_L100000_5601	f96db700de81148ad808a2357915bca0fa96487a5d42ae4640ae736c554b709f
hprc4_L100000_5602	e5c09dd38b6cf678a03c53bc5d6ac85f81014b32f4e2e96ec4598118de7c1c7f
hprc4_L100000_5603	97e41d8906abc877926ecf5139276e4ad185fc5a3491c9b468c33f2915f54afd
hprc4_L100000_5604	3bec9784173674d02a8ed6762cf99d952783bea6052c98a54bc02ee73c6d0ed7
hprc4_L100000_5605	20862a2c4f05b232c7e1efa90be39145732ea3d6b138b3ad77137160de1a57ac
hprc4_L100000_5606	dfd8977a2175e78ca880f37af793411a579bb7c0137f403c7b2cb4878f736364
hprc4_L100000_5607	66b00d259b98d9671b7eb4a04c44cc6d8797adc6eb49e87e8061af6b66a78ba1
hprc4_L100000_5608	0766ac7953266d4cb5350de952ab3798e96341d592bf6f1d9f8b9a87f035f02b
hprc4_L100000_5609	d0dae98c2b5465345c66f637bf021cd940341fad93fde63c1e21947de24d2d5f
hprc4_L100000_5610	4369ecdba2a57ade9b04e82a5098071b5cc33570ebcc86bde1e4a01608c32554
hprc4_L100000_5611	6298dfae1a7b2ca5f57bfccbc8c482e7206c84d067b673ef9b39af1006fc486d
hprc4_L100000_5612	1eddfff4e9889d47152eeab9d7b826461982589ca102a8a8ac40adb477a46f65
hprc4_L100000_5613	dde320055e2a9b1dd1c010ccc52d0edfa2edd9a7e8d6bf78898ede8a997fe9c9
hprc4_L100000_5614	ace8f3e6b5711ac45b9fdbd4bce26c872881b38460eedf4a0ccaae222ad1b02d
hprc4_L100000_5615	516bf8f5fb41f92236da1e7e481f398a4bd72cff8d13cb1d4e61970ef944d249
hprc4_L100000_5616	c5281364d48bc65d71debe4d388358551ec815ceb624221296be0a6f9938c7e6
hprc4_L100000_5617	7522ac9fa980a6ecd822bd3d8c74eff7495d0addf02f0242c8c52c27ae8b1af8
hprc4_L100000_5618	f1ef39c704519aac81b8ecba12a289ef1b579c959a9bf670ddf905f770293ad4
hprc4_L100000_5619	88414fbcab250ad63b0bea3a8ffbe9cadb535a1da900e44ebbd6065162b18be2
hprc4_L100000_5620	562abf857b6ddcbdd4df6304b816a9174bc575cf0ed377d6f4fc903a582c95a2
hprc4_L100000_5621	432a226d0e02ad8701a98bf349622858b8bf2ad4b9689272df28e94b3d88754f
hprc4_L100000_5622	cf232c18dfa8041136947e5cd982cd60a76bfd4ccf9b11e1d6fcd76e32cdefd8
hprc4_L100000_5623	5816b04a6ab156ed98f9ddf32dec91ecb275e992b4bbba77a976fc4888aef0d4
hprc4_L100000_5624	dd8e20c4c74f973ff66311385205c4d554328e16f3185129f05dea2bf6f72b86
hprc4_L100000_5625	570af717832da06fb7a00140bec0e494c9652ecb305821eea2a7f0d67964d674
hprc4_L100000_5626	80e604f7bbff983e533fc295a942d79956e34b1467d69ef343a9b0a4ac252e44
hprc4_L100000_5627	1a6b50e352f74dd1664182de67b24fb1ff11b40b533c5293dcb485941a15369b
hprc4_L100000_5628	27d3613152ab1d69dcd2135e5e612a520ae291a7aa534abf7b6603804b74060a
hprc4_L100000_5629	d748b944389ee1ba8afe3dae0bcaf5fd298ee6105f454bfb2e458a13ebb84ec8
hprc4_L100000_5630	96a35f729676161b0cd4b0488662c8d21ff4b58bcaf6062cacfd6feffec9139b
hprc4_L100000_5631	7dc539d71e181edbc70033883e32e0a6ccc8cbd98025f9578b7b43840d0d0ea7
hprc4_L100000_5632	2bb2082fd2a8a7e5cfeebf7a1df87a544d25062df86f52b3b50b9998be87b5d7
hprc4_L100000_5633	b0e5f303e67768edaee88f1d7ea30c02194709d44b1594dbef44c33a191a9764
hprc4_L100000_5634	d88fac9825483eced704abe753ca34bca7409de6bba60a45533a5d5dd00f0256
hprc4_L100000_5635	46b67c91f1318316a9b971ac02805a4e015f750a7adea1810a809afd7065b694
hprc4_L100000_5636	a72d98e1db1d34d71f3611a253786f94c168e7eb9274a49ffb1c63efce11b3ff
hprc4_L100000_5637	226ecadbdb614bf6592db3020f9f217f54afaf3a65bca2e0208c59d91dbb1b8d
hprc4_L100000_5638	24203153bfbc145fcec39bf2ab1d791cc8f602973a5ea386060f03bfc66d6faa
hprc4_L100000_5639	9caee8276bb607266f492c83a8461cc4780a26346395c37488c4e8b7f12d2953
hprc4_L100000_5640	7115f68dbfa2657b24f64e69401f5dca3ba2e4630162549786f9143a7891fe08
hprc4_L100000_5641	39d7d24d6959971bdbaadeb0fe4ddf18e08942bf9069d284067bb2ad7b0e04b1
hprc4_L100000_5642	7f49352fbac674a733ca1848b50d0837da3e544353ae66813c056553ef7a7f6a
hprc4_L100000_5643	e131acab9840f20a3f99b3c2404e28a5ca2182f79a12d257850759f37965badb
hprc4_L100000_5644	47a669b18e775fb10a0168665e248ccfb36a443631abc6ace80277cb650ffbbf
hprc4_L100000_5645	2593fd064f0255d201ffa03f9e43141fa52c5d742af13b4bfdf702f770ed6d37
hprc4_L100000_5646	04baf924c89a5428431ade9b9223ee48ae78c027a4ebb27d5aa75f0b2faf7841
hprc4_L100000_5647	5af77f68013a1e169baabce5724a168745009835b267e24760283eaad1750705
hprc4_L100000_5648	1fc5f091f3781e4d5e76b040bd90bf826e89f7ec364b3a5fce54231edf678c9c
hprc4_L100000_5649	8cb858d60b85f4e2d62344da2ca07d29349a1dfb06a366fb1f40408c05dba0e1
hprc4_L100000_5650	47300e11a5505789ab04dcd31f7861d5e9334f1a724f800931c947ccf198072f
hprc4_L100000_5651	06500bc3c3521863cc9a4349f44ba1e80472c0dcdf04d106dfe55363fd393200
hprc4_L100000_5652	ff9f883641c7ea15154d19b511858aeac33d7c692286bed3f7d11eff3b3a474f
hprc4_L100000_5653	b8964330ac70e0a68161e4ba2916fbd4826c8e4387de875319f6b6c4ffd380f1
hprc4_L100000_5654	e9c5940ac62b240f95a1557ee90130c0e8ee173e9e68f687a2c773bfeaebdced
hprc4_L100000_5655	2d37aeef92d01e9379b3f84fbc6a3a16b702f566e76b5fd94694787eb20ccd2a
hprc4_L100000_5656	6d89f39e3a886bd9d26361076c8eedc1692939d8414d00106dd4e9162a8ce355
hprc4_L100000_5657	4b9cb6578a7ec0cf72ea0ab35133b5f3543d7a0091fef0a71e70552b430de031
hprc4_L100000_5658	6da7532cbe093490350f0adc909415db314d4e14c4258e3334bddfc101d74c58
hprc4_L100000_5659	9aa0192e4968e997ca243fa4183c9a56797d002d101cbd2f97d370b84ac34565
hprc4_L100000_5660	62d95182431676cab4b1a2464fd99422489b5a3d21afd83ccf0f6e677eef3586
hprc4_L100000_5661	5cc1f0b2550606cb967c6288e2118db6259d6954c95834660c5abe8949d4f618
hprc4_L100000_5662	6f0877e5d3ec9e7629df4883bdfc5d60dda5be927757d85686d17d762fe420be
hprc4_L100000_5663	73333d55d8240e21b8492793c1e69e60a11d58363fe4bbe2ba049a917140e125
hprc4_L100000_5664	17f7eba3dceb39adabe1f4ae51ca7c14326a0a8f9f98ba74ede3d2b434dc490b
hprc4_L100000_5665	a3a834e70808ee2275e41185bcd5600134c8bd6f71c54b3f407b8978bc6d8a86
hprc4_L100000_5666	9947bfa1b33ac74044cd10bcaada957c9cd3630e898529b7b5ecc6bd7e1ea5d7
hprc4_L100000_5667	afc178611b76403e5e9a318f35f273639426e11272755bdd2ef206b0c9b1dc19
hprc4_L100000_5668	cc5f433a4ee8f0df3d1512f4dbe3b2687106174da11d8cd3d3f43459f062fdad
hprc4_L100000_5669	ab52e3290f838b9d05e822e8088aa9a87357cb5b207266099b7e5fed0dc81291
hprc4_L100000_5670	9faee5be3792a814c7aef7d53520169e4147b89318f87c9c0675192a438a890f
hprc4_L100000_5671	48b0700f6f6f8cfce3fe7188dccb08f07a5e1cb002317ccb57a87481b1b68efb
hprc4_L100000_5672	01897d62abbca9a08627dc024ce1695229ae2ac4ec0cef8a6783f44f3e06ba58
hprc4_L100000_5673	45d84bf4e26e711101593fc6ab4449024fa636c82115d52fe094850f5737f809
hprc4_L100000_5674	030e1c4534cb08a56e7e9938cc7c70cba7076f9184c80e41530c1b119e1f130a
hprc4_L100000_5675	5281b1e63da6696ca1c46948759408b79a4a1265589e11b4cd6d70a18ddd0b5a
hprc4_L100000_5676	c54e5a3da9de1d4d6e8fc5e5973853baf469e8ba0ae7abe5f8f45eb48b96b503
hprc4_L100000_5677	8a21d037fec851e51adcc8176ec43cdd8430cf39b24d1803457e198d6c52c449
hprc4_L100000_5678	1d54b6d96d21b50173c6935de8687feb047194f1a1fcb73418c1ee7fccab3482
hprc4_L100000_5679	a4ce96148a36cac79afc35339110a4cfbcb8c0b8f017ab5f6e739c31933fa305
hprc4_L100000_5680	ebd418792e7361e03dc2c962fbdf39c0a2df09fa55cea7b070d402a1bf57ff4f
hprc4_L100000_5681	c970e28620481d389ac031102c67667d3a23939c4da69538b6300278b76171ab
hprc4_L100000_5682	bd87ed1d6257e9f9abb4f53976b955f753021c3b20f0f0879a0bf445fb8069e3
hprc4_L100000_5683	04ae8313cf7dabddc2a874e6dd4138817c64728be12329696a5b30770ceac592
hprc4_L100000_5684	0dcf3b260ec85c5ba9fb56a05b4108652bbf188107edb2ad999d34d673dbe5ad
hprc4_L100000_5685	8e0fa6dd4f290d77cd8bfbd49f35200af02dc1d10879fef45f7045a22a763ebd
hprc4_L100000_5686	a747859c3f7206d193be982d3fe1d30b09d624d03cf4abe3df84421c70a5c53c
hprc4_L100000_5687	a07e17883b9a93af6fd5362e52d52067ae765a8094b71ffdb10e4678d98f188c
hprc4_L100000_5688	335e9a0c6792d2e78da71ff572626a89fdccdbfaba46a1cbdda0baf029905f4c
hprc4_L100000_5689	da2ed5332a5050fc38b7b89619f7004a5ae0bbab185e5f87385d8feddd9210a8
hprc4_L100000_5690	ffaf0e5272bec61bd463a60f4739f683932a5df215944dd0b8eedc2ee061cd10
hprc4_L100000_5691	00264039b72ec498eacc0e7787174a781ae5d558ff85dccc2f7e3ef944dacd99
hprc4_L100000_5692	7428b3291fe6083187cf52e9929075ff348d7a844a685cd901aefb12d63b99de
hprc4_L100000_5693	dca203b16d87aad88dc81b0c16ee8203d41e7fe67a5688eb6be6e4dc0f36c129
hprc4_L100000_5694	5b94cea67ee0932e63341df37bd28ce5f980ad473e7ceed105e43bc995c98de8
hprc4_L100000_5695	70ed2753220adcf5ca5f5fde1207f71473943ce285eaf9692b0d4122372fa371
hprc4_L100000_5696	b209d4fb46e9b9c84dec1fb1e7c9cebfe6d3e43ac0622a5b2e084dcaf57bbbe7
hprc4_L100000_5697	5248da7d6b3ac25872e3bb761e8b43f4b5444aadb1ae8b7b46a5f4172729fde4
hprc4_L100000_5698	dd32d994f6daf20ab42d3d79fe5975d9cf0f8ebf15f1d202b048aed7fcc78c5c
hprc4_L100000_5699	46b6de937e077908a7d1d8db149ab9fb2f7c5ab9feb825e0b33e76dc5d67dde6
hprc4_L100000_5700	723e84e10443b69346060c9d83b10a903408789b68bd8a69d2ac1304a325ce49
hprc4_L100000_5701	2ab8540d80032607944e16645b7fb5989587c7e49114d7e8fdfcece733b3ab83
hprc4_L100000_5702	44699d9abf8aa6b9989ae8f5c9dcb7861852c5d85ea69f5ebc76aa11db9ecbf1
hprc4_L100000_5703	ccb566f5dd4141250f7556d17f1e1f44b1fb6bfe56098f5ece0130398cecddc5
hprc4_L100000_5704	8d7d866e01f3ae2803f63564a37232965bee4c27558efec43523401f8b341f70
hprc4_L100000_5705	28d18e858a8987bc33d79b8cf0621dfe872c5077f5105af762c2480bdfd554e6
hprc4_L100000_5706	0cfc9dc3fb83e159685df56534ea32ce66872957cabb1db8341d945234747d4b
hprc4_L100000_5707	b1638f87d39933d00ee429b11b283163ddb218fbf932ffecbf66948cb2fe0a83
hprc4_L100000_5708	a0d1e7a7ac8a81d11307daa890d008046848d702fd6a73cc271e405834ed3f78
hprc4_L100000_5709	a5e6a9bdf6e56e805aaf50bdc0c153f2b0272af8517ac62c44a346d7113b50c9
hprc4_L100000_5710	ed74c5a7daa327fd5e63de5ea195dc64a5875de3b37abed3a5d2925f808cda1d
hprc4_L100000_5711	4a18465f0cd161be24b644cd09dec06d51319e7a6e74ca11288d59a716b496c3
hprc4_L100000_5712	a2c8da05946f229c675554aa6325e061ba86f8471d24e1559eb6443db7705735
hprc4_L100000_5713	b33560a3550b2907a0b1572241179be729030f72255552615d74ea51934c90f6
hprc4_L100000_5714	47d863c4f6dde6fffea246bab413df1b5075b5288671bf3fec16dc96505b5a16
hprc4_L100000_5715	1831933617b8e0391e0a3b5d27adb6e02d93c566e84c3acf990675d63147bc22
hprc4_L100000_5716	cd187fa1d53be279871eba376086081e8076c73e3ca801bcc6de2372eaf4cdd3
hprc4_L100000_5717	d14b4201b232cc9a3cae4c00def8c647015700b9b6e1a789a32d968fce75e217
hprc4_L100000_5718	b25e55d2ff9e74d739050e00e8882d2e6d4ac2a22d3cba23888b09329d443213
hprc4_L100000_5719	efa1c034180f5356a26999876444a4863176189a895531d8f1e7f9935d33682f
hprc4_L100000_5720	ed4c8452605e50af68ed0a34f31a7dfdf2ee6fb7d962c2f2ac7f154a29bd8abe
hprc4_L100000_5721	739dc2c643cd9c2645a065c74e3424e9070409f3508f4145e197d078c90aa892
hprc4_L100000_5722	34ba76f27df00721c5f13a17cc42d9c9aa7e5aa9a39d6464afb1ca9b5cfde1df
hprc4_L100000_5723	f37d3aa743a899b981b82b519588647012e8cf896dd52945dcf064bdf9a56554
hprc4_L100000_5724	178aff8846c6d772b120f4d3d03d6ca9a9c2435b1f623e992f315b6257f15b48
hprc4_L100000_5725	ecae860c570a1c69279e68db7a535969589813ce1bcdac1ec4296722a9dd81be
hprc4_L100000_5726	915572faf181a957b5c7566502f3a4fb64ea4279d8f22edde4de54a2f58cc9cd
hprc4_L100000_5727	69bf555de9cc22d720c003dc659a572a372be944a210b60458d844809cbe4071
hprc4_L100000_5728	0cdbc95bbf6dd244e093cd526303a29ade90e0879586d703ca735facfb0cfe27
hprc4_L100000_5729	e52630c9c594ae5241f652be5ca8e0969f3d6bd14ece0d7dcc7ef8809b00b209
hprc4_L100000_5730	ce302a501c00aab1d9f31c06eef11a8666f97452ce74a6aae2bbb47c963e245a
hprc4_L100000_5731	d501cede429d8d627174ca5fc0ff6c4f6f5e540d2e24f1b4f6671b43171bcded
hprc4_L100000_5732	f4581b67fb4883f01b166057984c3aa2634303727901a3f0c3f42868193fced8
hprc4_L100000_5733	32e355cb21e922b35389e89ab9c82f61cb382a7ca049da3811104d5558b986a4
hprc4_L100000_5734	2b35cc6432a85af7d74a784a9c599a63adb5954b1e6cde70a09ac04989f30d2b
hprc4_L100000_5735	0de31eaf072695dfafe51dd82253895f63745cca7c55e3067f71e668d4a7727e
hprc4_L100000_5736	0d9c25e0968c595b1d17fef3a169ef0658369effdfc0b1f8a0cc22499791ce62
hprc4_L100000_5737	5435f40de8760074c42f9cb9d9f67f4ab9a3c052097a6c51ed6be590b7145f84
hprc4_L100000_5738	e43213d3b8bdd649e1a0d876bb68790ca91bbf71b50f8133b569a39332136c49
hprc4_L100000_5739	41ee9b4c8090768ddedacee418a7bb96b177a9a91886af8e84294f4824d16fed
hprc4_L100000_5740	4e66e0b1dce5c2e63b242dcc24b0576235a1485d18de8f8a2cb17ddf7362a8f3
hprc4_L100000_5741	417c10d43e4e62643fb329c8a65ff0e9f518221421e59dd8c8c102e7556f9fb8
hprc4_L100000_5742	f949414cf7df422bca76bc14681f1a8ad83a3aa3c6fdfb65a2e53ca89867cb3f
hprc4_L100000_5743	df4ffb1a1a0a63f13d0c931751b5eec3a7922ac0393f03d151f0e734df4a4cea
hprc4_L100000_5744	7d3fe814671501f41c5021b4becbf776dec707f61504501864c54ac6034edc96
hprc4_L100000_5745	dc85fa57dba6e5a436370d3d6cdf15464bea2023cb2f3e5c0eeb9ac4f6f6815c
hprc4_L100000_5746	df42e6ef02360a2f5c2e14f44098c401e14ef067bb366b3e7c4f8f4848346442
hprc4_L100000_5747	2c47fa4784a7e89ecb335a513f3ee05cdf70eab0cf051fa56b60d64ead61ab92
hprc4_L100000_5748	193f2e1e689bb14df6215f0c032dfb6b4e476f22777ef4e167a896a21b6e74db
hprc4_L100000_5749	1fb2d1128243adfad6d3c84a303bdc5d63e6e65ecd62f8a3c33936e8324b7297
hprc4_L100000_5750	fa87f86fa2f93d861e66eb5fe0363ae18f26ba6c6d333edd3fe9c412dc30da2e
hprc4_L100000_5751	3b37b203b70ba87e7b08485824d1d012db37f48fe95f489d733c7588891f4f3d
hprc4_L100000_5752	24b8e02e1e6fe25b09cd0f2ce8fdff703f1c112018d275839d0f037ce7999cb6
hprc4_L100000_5753	745b1bc8593d67df94695fc37f861037790628ed9fdd5ca520efed3f102ee7bd
hprc4_L100000_5754	91b1f5a92c405f8630be6a71c561dc5c84b3206902f49b93081f94ca9a23afbb
hprc4_L100000_5755	12e7f752ffe98f3d623abc610002efc5baabd44484cbace773f7b5a6e0b63364
hprc4_L100000_5756	688fd0e168b4be68287befc6913e0f7ad27e079c0ac839f7b360ba4b765349a5
hprc4_L100000_5757	4ced9f65c073737e0689ec6ee2bd21565a5d1ff2b08fc45c54de23f89c6fb4f6
hprc4_L100000_5758	5dcdb35a7f4eb2bfc085e5bbc5e0cb306644c3bdeb74133b7c95608b35960985
hprc4_L100000_5759	66c74f1bd553a9d2e5490974d5f81195bbc8b2b3a17d9241aecb6387ee9ab217
hprc4_L100000_5760	bc85c9640b189ca3b1ae21fe877b1bcf31b3074faca067b2c5093a19fa9d9227
hprc4_L100000_5761	9eaa9eb57fa377664ae27c9c3589f22ed50af8836d0ea7d051095ef83b8e5a92
hprc4_L100000_5762	34a558a8e14de5ee2e03628165d0ed59621e03d9e5b47ab3aa6f0814768a9ab8
hprc4_L100000_5763	639cc395c76a24255c960b4fdc9663bba8d2d89924c2dc74bbc6f439921a17c9
hprc4_L100000_5764	5f2120cba5d7d23e14e00dbe6a565fb90abdce82b6d9b3bd2efcd427594a5ce4
hprc4_L100000_5765	063d262feec6ba543ddac41b78d40a8cff47e5a8afd1bc86b3338249734edd31
hprc4_L100000_5766	a1b026a7f260e6f97c2cc61aae6746461c71142007fd7bc602b1dc2257c10d82
hprc4_L100000_5767	ec325f65803ac393f0b94795e091ee6c605ebbe73e48373e6aaf09ee9bd88e0f
hprc4_L100000_5768	427878935af5d47d5094283bd5ecbb8fdfcc2129d7f971df3bcbe4509a577daf
hprc4_L100000_5769	dd867cfef3306f2844974e70c22189f50d657018f2cf35176cabb3a1f20e37f4
hprc4_L100000_5770	ed5d50b36c75944aabdd457251506351c5502f326acc586ee2dd65591b4eb887
hprc4_L100000_5771	272df67758b66b5cac87f53a888f6046064de62675c42e7bc5dfaf94bca71ddd
hprc4_L100000_5772	0f9ac4f32a91d300ea6264ee5671d46143038723f940882b6cac8bd054e3da3b
hprc4_L100000_5773	81623e7b84234d60f4d385f07526ce80706838d8025e782d41c50b7f4329a097
hprc4_L100000_5774	3214687459e786a0fb886adaf35084d89bc4a882ee02ab67bbd9d58e59b22b65
hprc4_L100000_5775	3ea4eebfaac039f569fc40344c24a562f4ae5c6189cd0048ffe04ba42f63cb03
hprc4_L100000_5776	78b648fea0bbee3a08be853c071e21f2a71a912ed8a38b30c99cd259fe878b9e
hprc4_L100000_5777	b2bce6a2fe21f97fb0782157503d5f116c9259814a1530235d6faf2d626ecd92
hprc4_L100000_5778	e5069a024010fc66cbf159a4ab2ef95fb0440845c094dc83d9376d8145c834f4
hprc4_L100000_5779	cbaddf0bd7687029503f672942fc6a32baa6a003be047b127dfa7118478d131b
hprc4_L100000_5780	8b2abecd894410ef97cb67aa47d81e41b551e28079efca3758cf0c38b9603bf8
hprc4_L100000_5781	fe23ed0e14bdf5bd5f027753af339f994c60f02657ef4c71082cb5dc7a66dc23
hprc4_L100000_5782	3576ab32454468418a1f097e790e5114b211ee2175d2dd3b7757112b75da47c4
hprc4_L100000_5783	37a79968d2812200260b1ff8b1e2ffbf048b2c2a6da79752ba0ee57cbf8a8d23
hprc4_L100000_5784	de9cce260ec8cb59699c07679d053a082ba7ec532531eb604ea863c5a0644ad9
hprc4_L100000_5785	6d7640149f73a90c843372ad724ab63f52d88f4fdbdf864fceb653926e9b5430
hprc4_L100000_5786	f059a652261edda36872417d8f66739760ab706d390ea653ff0ff57552e00793
hprc4_L100000_5787	b92c056e381a1ccca99731a88e772f7b702c26f202f7808cd51a5269e76a1093
hprc4_L100000_5788	c5eb7244764b3b92a80828fb33bd9c040aeaf72687b7b4b702e4124d4291d60b
hprc4_L100000_5789	2cab32fad28b1bca4495d13c7b6be167bfa4aac082eab34502786cf224d78400
hprc4_L100000_5790	c70ff1293c26d8cfb06dc5c25f55fc929b057c3caa5635ce775222827844ee31
hprc4_L100000_5791	1b8add3745673c33dbff8d9c7443abd5c34b8ae79e864439682291839f7184b7
hprc4_L100000_5792	5005d0db137891b29161e846ec8da469c732132ea83c7322f587e9aab5f04587
hprc4_L100000_5793	5b9e96093db183fa5222946517d1ae7ff15b3e966a3c6fe90573f679b4bc475b
hprc4_L100000_5794	ad5cbce0001fbcff24406b79dc545e0d20fea80df4b68240550482c793893f70
hprc4_L100000_5795	981003efef2a3360edef9b62f7156867d6135614378cda2faea680895285a980
hprc4_L100000_5796	049a8c24e00604b738aaa1cecd6bdc6c544b548ee41a25e7b947f88ddfd77c07
hprc4_L100000_5797	eaa73b322bdb9b7dceca3cbaafa36a59bc9968b1d4015775cc52f0e645474c80
hprc4_L100000_5798	3cfbdbf1793b6119da76a6acfd34a425fbf5cd70e58f1acdfbc4f98de8931a9c
hprc4_L100000_5799	035e7a017494159d2211ee4cc31cce8c2a6ba70693e74b953f209e679a3574fe
hprc4_L100000_5800	9dbae1b89559e5769e1225a806785a0c481b18b39d7bff3218cd8526a96ed4af
hprc4_L100000_5801	84900a1dc5c45aa972b5aedd8e49bd33514a2a8918b33c09c2a4f8d106d45bd2
hprc4_L100000_5802	309198149d5d4c6706992f5f4f43355b1df204f1ad1c7b7c4a0439822b4af498
hprc4_L100000_5803	683592682b8796e81902d9a3f135453c1c4d0eb76f16b73dbb0fdd4d4b809e32
hprc4_L100000_5804	4d375e6f74766db371f655d0c9aa0a71f986899b238664ec9a688d515a6ec0d8
hprc4_L100000_5805	7e6f16fc113e0a1b4ac9b837ef5c4a03ed0f147bc6e9760a8fdcac1c0bb0c6cf
hprc4_L100000_5806	cb25ad785cb4909b6527d7c598cb0df9ba1be65f5576258c04200190a7354f77
hprc4_L100000_5807	09a0b90d8707da3d5bb42fb6ec9ef15fb7e80464be44d53d68d10776e378c109
hprc4_L100000_5808	e3aac2ecfa8537143cd1b0c03edaffd1ea9e7cde3eafc463c8055bb2fc1ff28d
hprc4_L100000_5809	5144a7b3007ad2ce1446ea0001766214e7ce415af556697f0ace1502c8ae02f5
hprc4_L100000_5810	189186fc4103690db1122f6596652530b1fec212464675842b26363d5069a65d
hprc4_L100000_5811	e1cca262875b4f330c73a32751beefaeecf6f9615e9f801527dde2ff6d1faa2b
hprc4_L100000_5812	2ef16194033dc44f7660e53289bc994ce1062805e2e7474731abe2fd81cfd159
hprc4_L100000_5813	3fdbc8ba277fac73d782e1e578f64d43a1eaffd3f9b2df5023f022e7a454cf10
hprc4_L100000_5814	75a81bc4705d634592e702ccf70b4588f61adb6c58602e46f2ea49ce977f9c6c
hprc4_L100000_5815	d40b04ffea167c353f5ca5fd345f38381e65b7aa76ee4b2ad2093fddefa01001
hprc4_L100000_5816	c0fa14fd2ad0b1371514006bc83cae40d1eba104d92d388922493b5fbb8d3064
hprc4_L100000_5817	1b3c9279c5f2a9edcec18cfc49be74cbed2d603583f369baf1da2146092294d3
hprc4_L100000_5818	5b673a235991d81271db62485f0d9c6323e0ed3b13643f053a28e47c44b9f325
hprc4_L100000_5819	5379560e09815fc434b082ac8cd44f0efd508c5eb1e98a840c8e4c6b32462546
hprc4_L100000_5820	b76576dc6a6092f697187144f841d2b7f9998b649efcf297b5a299110a0d00e8
hprc4_L100000_5821	fdf453569ba3b5d8c072ba44801c6d0634babd0a532961b635036f89ec4615df
hprc4_L100000_5822	7e7861dcc3687ad3def38f9fcd2cba5f9a8c98ea1fb23f1840471d948011421b
hprc4_L100000_5823	82d9fdafdfc5deeb791625b24c047cc3d2743592430593854b93286c0b0c141e
hprc4_L100000_5824	5c90bfed682e3dbd86a30ea167e7e2b8ba2d3dd8a99a4bb108c4f4e41098b674
hprc4_L100000_5825	b8d43b51d1a281f2c7c7e07fd7fcff42e00f97f4ea65a8b0adf5d6dd67e8d053
hprc4_L100000_5826	732b3605ee9fccc3bce6a564cd425ea935cac67d90937d26156f9a6485fe28c9
hprc4_L100000_5827	ef830cfd3062234a1fa6992727b593f0505417321252c9224a6544488af4c3dd
hprc4_L100000_5828	36deda81d898772a2297855f8c00cb7d046665fc422e94a877b4182fc80e93bf
hprc4_L100000_5829	f1a474836bb1a1c2a2d9e19e9c7c8a3208df8adc75bd9b159658e34cebbc337e
hprc4_L100000_5830	388e112cfc2620fc04206d781895a9f018034da86d2d5ef155cd9383bc8f9017
hprc4_L100000_5831	5d8dc0f18e7a490935a8bd4ad1664a65fdce8bb428242efd3fc1d81508b13dd8
hprc4_L100000_5832	395c4e28322bb3cfff73ff7774d845d2053b9cad5954f27ac360c23b608c8943
hprc4_L100000_5833	f4e5a0a42483142d203d735343cbbe50d05f441b1b125a926c310915bc81d0fa
hprc4_L100000_5834	f011084d81017e8b1c013fd7e0261f26f83694989b02b3a90cac1db428ce56b0
hprc4_L100000_5835	18e008d232c14613dc6b0c5cee182b7d003f2ee31ec6c9c271cc65e677974e7b
hprc4_L100000_5836	7ff307973333681f86d0461b526818b14e6cc79e4e906553ca2bff6ee47347fd
hprc4_L100000_5837	46e5149a6fca8d669160d0e0bec6aa71641c696b20f85d3ed63e7e6bed185fe3
hprc4_L100000_5838	5717b1e126165b89689bee83351e7f6635cee0f60465724b7a8cea597d7b86b4
hprc4_L100000_5839	b34e40c6cef57119cbc72d87fa3c23bd5e3d07d3e183f6312aeeb1fbffcbd7bb
hprc4_L100000_5840	f61f3c9813da98f6cd9f30cc3a5da82f5a5899717b1108c6d7da35d083ede28d
hprc4_L100000_5841	8c4b4147200b8eeca2aba25858bd0533f3c52452726aed7102f03562ff05f2dc
hprc4_L100000_5842	8bf410648578740ef6393515a3a1335e168709f58cf9419788aa04db68bf02b4
hprc4_L100000_5843	5ef8d673ffcadee517bbbf9bb6e9e88dce93c725e367b1036a77b6aa097c4b6c
hprc4_L100000_5844	28afa071de830bd3d7e06ec41bbec876b35dd45e23d8c010ea74beb3c82da96d
hprc4_L100000_5845	7a81975956d0380c77ea10e1be327ef9dea58f72b04d269ed4c9e44b575ec445
hprc4_L100000_5846	3aecfc9134da035c94d9a1b0887f4b4a56b6b23b3f83524ff29101f66f8688f9
hprc4_L100000_5847	dd377b8615e7e1386bc11cca876044dc8f7e5329f89f1ac18c2a2c086dba9832
hprc4_L100000_5848	939fc05fec2692e3092d3cda1e46e8845058762fc2c653ebc4f3870c64b236ca
hprc4_L100000_5849	df3713610a3f684a9477f9256d0c307a24fca8b019a73a7b71dea7e30069e2fe
hprc4_L100000_5850	dcc092a1ba65593edae3afbbe285d0ce4533977d0f9d2289a37380530f746c0d
hprc4_L100000_5851	bb52ebc9281ce8772358fc95a05e5399ce82c70bc78c84f8cdbdf8a89174b164
hprc4_L100000_5852	daaf3a0ce578bfeaaa0904809db845ea0196390954c5129d71640eb116ad180f
hprc4_L100000_5853	ee5d443fdc1d7394fa279c0c7a4ec0d9cb0bb98979acfb5192b5cf6e0baa71d4
hprc4_L100000_5854	8004da59adcdf9a5ba5b4d6a8c1b93650ea6574aff80c42228a0eb040c54f8b9
hprc4_L100000_5855	a59869e3677b7a32404b331a6cd9419103c1392224cf14d006efdfd40be91b5d
hprc4_L100000_5856	c3c8c7ee3450b5e440f18d6fb7d9121469c47b5ca42653e576da7ddcbe3824a2
hprc4_L100000_5857	4d927b5ca021770e0f6413c0fa5adfdd913d600ac4dcc5d8a471a79f45c01d14
hprc4_L100000_5858	e624e6f5841f173bf24af8f68766cbd5f0e21223c41174adf2c5c332cde260ef
hprc4_L100000_5859	774d684e4882a59c2ab6af60a51b04d85050218ff36650f2bee7b36755b31f86
hprc4_L100000_5860	9c43ef8f9fb2b432a0d972c423461a4ad77db61f89e706fb7e7ac16bdae9d92c
hprc4_L100000_5861	b40205e697a1842c9ec389971d61001004331d81c91e33dc69a8256f0b707bd9
hprc4_L100000_5862	407bcb39c1aa452535b5571a4da5c1c44d36c7182237dbfd9c4ed765d9a0de1c
hprc4_L100000_5863	2fc88c39fe2b1e132413eaf9b2b3c219d8a235db41247795f6315f0ad255650e
hprc4_L100000_5864	363cb93ec5319ebe71ad182e6f702858f42e76a39429774ecc2fba40b5dc36ea
hprc4_L100000_5865	86983ad329a95e8ff0a36813f4fc8fee7eb4b070265082c349f668d16cb6a2cb
hprc4_L100000_5866	2bb55523739a1f7a3b952f71b7bcfa35b6129e4bef9a1485ecab041b5b2bf422
hprc4_L100000_5867	519c0842350414ad1d1c9424957b8a92e73d5a814e960ef5375a8137ae92e917
hprc4_L100000_5868	1a91577def300df2e69a8e80b652919f3da16f524ed709df06f6c0dd37948ab9
hprc4_L100000_5869	1b2f69a76303c98383f4c3415cbf94cc64e661f416975ccbdf78c9666f0d29df
hprc4_L100000_5870	bd86454a2156762c1ad0519f3706a7c4a3fb935d99c2f5b67a0afb0b5317435b
hprc4_L100000_5871	d78b049e98e9ba2586485f24061ee657cadd99db4741454327ca9a44d79ac391
hprc4_L100000_5872	234da3ad3ab229ab875d37d9dfd17babbfaf4d7b32d6f13d8058700c365fa895
hprc4_L100000_5873	b77592915582b9c656090f7b10b72ff4acb7fe6c22d124b3852779e3a212b8c5
hprc4_L100000_5874	0aae3ce2af679a8755272871d63fe923dcc72ab1fc0705e67d1a8104e13ab039
hprc4_L100000_5875	0ceafb1a723860248bbec6b1c7db351658ec25404b940e57f60d5cf0635251b0
hprc4_L100000_5876	c0b51fd4fdf2d29ec0fad1d4323d54c6d3566d3c622b151f764398f93f5c6f2b
hprc4_L100000_5877	240f634d2b25c117b38604544531e5c336961e8daab531b67a22c0f729593d46
hprc4_L100000_5878	6677fd5dce2bf8d40d776334a29779fb5b6af35e0e4829b905e9b7c276d1f0b7
hprc4_L100000_5879	4ec952ac30f07ab184e0bff17e74471483ed25232a026b484f1fcd32f91c5106
hprc4_L100000_5880	52accd89a2e5ebbbef3457187e765873add9cbf04a295deaab7498cfaf4e0a6c
hprc4_L100000_5881	621fbc4a771c39bdfa54996aa749824d0b801f6ac1e70578bda0d74687f961a0
hprc4_L100000_5882	24475fa0d437153eccc3eaa5625badc6cd8fa95243d2c6d9c72b69adde6ca1f9
hprc4_L100000_5883	c3b7e6a729acfe8bb1051b1f0e391b14092395f368737ead5a5d1cfcf0ea80c7
hprc4_L100000_5884	89fa2d8c342b6eb532052da88ef555e33123c61233f10b0040ea09fe3e117b90
hprc4_L100000_5885	36dce5df63e4e8e7eff5373bcb8de2598a655721b885f78254836dd6b7b159c4
hprc4_L100000_5886	4b6dd0e10192820a9ec69dc7f34901d3853a940b29ed9b03ae34122606b00ccf
hprc4_L100000_5887	3200ec5b2c4eefc834f4b1ae2897b9746aeb2affdc0a90b20f51cb8f210596c5
hprc4_L100000_5888	a9087c5b138054742c73d6d2fa1d35d3bd9d642059e27c524535457c599cf1d0
hprc4_L100000_5889	6c221e60316c8840af507d5e2de16caf7fe3a14d46192a9c425cf7814ca30f31
hprc4_L100000_5890	1b3517a05edb7b4a2213da6918b024ce94c827d5f913370dae80d3c1e9088956
hprc4_L100000_5891	19a62cbb3b33816e87be00544fff079cdac234e2a9c5226477569ce36b738eb3
hprc4_L100000_5892	c5036debe45398b9836fc8458ee6d14785d973e24b3b86139c054c7f5aa4334e
hprc4_L100000_5893	d0abcb856a24711628e5afbb09c75727ca8f39146a961f152265c2ada635485c
hprc4_L100000_5894	b1795878284a051d6dc6aa9cc59450ab42d7997319ff1a46c7490e0020a8cb85
hprc4_L100000_5895	d10d3524cb70c4c845d99ea0642d75ec428fd16093c2565dddd88add856482ec
hprc4_L100000_5896	e4c25fcd99a77acb1f32f6d9eb6e7238a82b9748e6c44143cc734b980ee14ef8
hprc4_L100000_5897	c7a7a29ffd9f1793c6cbf1b03422561200235eed1260d67dc957aba391ee1444
hprc4_L100000_5898	e50d95f7a7d3677040f50e1c2e17e996692b1893b099c69cd0bf6503af32d1b8
hprc4_L100000_5899	9674dd62e50234b475dea8fa7f0f71004eba1b9afe44e1d175136b0e5fd2d52e
hprc4_L100000_5900	6cbb0c6751de03591958560b1129dc86dbdcb050fe17cd56ddbf04f8639788d1
hprc4_L100000_5901	b8183bbf67ba261980c2668507c2e717d9ef4a4a24a0b7e46d00ab884f034b65
hprc4_L100000_5902	2cc2e058def24ddef046f5bf1a44029eddee16fb731dc217cc229d0e347d0a55
hprc4_L100000_5903	c78c3e651c2b416d352344762f55feb3494dfb9f9b5dca74b8c1932038fe9ae2
hprc4_L100000_5904	c5bc0df0ef1989ecff813e2c94efc5b4c0ec03ba03c20c405459e60cb3dcd3b2
hprc4_L100000_5905	d0e663c20bfa5aa60900e9600df2bf916cde9ddbb094f55f0fa8206e8c84ba0b
hprc4_L100000_5906	ab8ed0f05101a45cfcd23d52397919e0e0f0c5a59e05468ff635921ed85d6db5
hprc4_L100000_5907	e7f2c5f54f9ae99962b7aecb8325692a03d9c3d2bea84e3e8838d06f4ead54e1
hprc4_L100000_5908	b5bbfb4b5a7525ff68487deb31aa288dffbaad79cfdc8ceb3c15327553e0fddf
hprc4_L100000_5909	8369197d549abe117da879b8c273d7705e2b18a1f02a76511127504431044bf8
hprc4_L100000_5910	867ec4a0bd9d92f6201f56ce97fafc5a9f52c4b8e846a6e925cff94fa293fb46
hprc4_L100000_5911	501558e0fd6c29f1221df8755739c429da79a953e1a5e26f6c2050d49060e6a8
hprc4_L100000_5912	c27aaed04adadbaf8dd48e1e2dc50338ce0b2470d110ac88f7fde6ce894a0843
hprc4_L100000_5913	3e7ce736dba3bd1572a3cdd80b289a8d64d876a9423cae06dcdd016c2ce84abf
hprc4_L100000_5914	211e1edd7ea63bf9d8e2e8e50e6976068f6384b1a2481e96ee659d2f94795a15
hprc4_L100000_5915	a07ef6be36246ffb43bfa2916c2c447f2e8de95a421bfa7294e0dace37d7f14a
hprc4_L100000_5916	0f589355c4dc7282d2df45b96c789a47e6d16a8a652dbc8297371c36bfa28de6
hprc4_L100000_5917	ba72d9e69ecfbcd1b683aee40a00529c3b257172d6c01a715ed2140a56f2fa42
hprc4_L100000_5918	5f01098249b9520709f03256410e9f441dc39fd5d4d7121183f3acddacb4b222
hprc4_L100000_5919	237d245b56acff79f5fef506cb66a53786f37436f265525292bd034af51e5b3f
hprc4_L100000_5920	7de9184e85b2554bc1613058316b508cec644794bdc59bf5c90aaf7e2fc5b2ad
hprc4_L100000_5921	8b2f6da3169e7f4e655a825da41cdc48af5327d50363f940c96494d429e0176b
hprc4_L100000_5922	13c10639b741d5fc504ca2c90e887f8d080a7797a9ccc85557b7a3f9b31347fb
hprc4_L100000_5923	32a87259d2fff3485d95128d9c2fc2b3ce276cc8c91cd376f217d637448f6fd6
hprc4_L100000_5924	391994ed3a3afcd1baafcda7d81e5149fa8401cdb4f6e322894a0644b726b723
hprc4_L100000_5925	3cf7e3e9c798ed1e849be625c152249d3c5fb396492e2aeb9634b78bf92a1cf1
hprc4_L100000_5926	924639a5a31382c9a0e8007e0601e7666aadcdea3bec00c3522c56e6f3d2acd9
hprc4_L100000_5927	6e7e874d3952732a515004b1e6922bfbfc6e9496dcbacfb7e37d552243fffea4
hprc4_L100000_5928	aa146386ba8190232a051cbb7b2c84f18ad08784c29ccc6901a62709673b0e66
hprc4_L100000_5929	e6da6a81751bfd5ac455da4ad3273f3849208320bfe736cf60f12cecfe5b2160
hprc4_L100000_5930	22e68d83960b3ba0ef159bf02aca8e9b9dcae1b712e4fc4b2f45dcc875091a88
hprc4_L100000_5931	ba402e48504044cd544682a811b20bd312674c4b3f3e3d50d8db69817e4f0188
hprc4_L100000_5932	1f2c1654f364ea9fe7e343bd886589ba93eff010c407c66fa7b8521461899452
hprc4_L100000_5933	313b098693215437c5e2f5264067b8fb11da9a7188c2ed82febe55d45e0910e6
hprc4_L100000_5934	203a897a13464ecf814512a22b0845d0ab798232ec1de98b78ece711625bfdeb
hprc4_L100000_5935	fc12e88c531daa9af45f1341ca08afe42d3fed89433846854a748e19883f5ef9
hprc4_L100000_5936	5a3db2dbf8dbaa0b3eccde92df22d109413dd23e33305960d924c1ab43037d12
hprc4_L100000_5937	7e35f9e4cdfabe2678cf3e96b1e58bc2e5461f0815d8eccb670f09d38c01667f
hprc4_L100000_5938	6e6e3a646e536ecd2566a2bf82498efeb58be48108108e8c78548bae66f89f20
hprc4_L100000_5939	c29bc75725d33c872620660dca071b9b7b8615810292e7eef640cce40af18615
hprc4_L100000_5940	1b472953cef98a2ac67dc501f2d8319cf983eb844bdeca5bc6faf4044f4427f9
hprc4_L100000_5941	b6a91a89763e71a2445d04247d5344060d86545433474b594896600dae48b7bc
hprc4_L100000_5942	f867cdf032b95496e834bc33fbd59644282c7338dd7ebd3626aae9564186a544
hprc4_L100000_5943	5f7a70878468c9a4b67d5233160d95cdc8389152562a02d0ced8e81814a9e679
hprc4_L100000_5944	484ee02f731f48629642a2e150878706bd991a6c594ab0f95aedaba7a1f884c7
hprc4_L100000_5945	64897ad89811442c1006a0082feaad0a523cff0b294433735f7ed7b78d7a19a1
hprc4_L100000_5946	a7f54f462b92aa575be62c5c1bda204054b7a8bdd4b8cbd6cd650bc9af81829a
hprc4_L100000_5947	f5c8aca6d34e7014745c588d0450e9266484f50ff77fb1ebacbba7affe5c25f4
hprc4_L100000_5948	e6e082437f0aa0747711e1b38b68672402b59eed1a52c981cb1bc4155f4c4cd1
hprc4_L100000_5949	aa71a94b9d53a03fa88f201a9662f5803037e6fe28a99e832c9ac8dc1250624d
hprc4_L100000_5950	278fd36cb80ba22ee72012d55e6013e3a03095093c0668e8d22befd2d5136a4d
hprc4_L100000_5951	940350917481db62cb13736ec0f06724f746bd9b36add4b1ba22e7ecbd8ebfbd
hprc4_L100000_5952	eb1edcf82d44c3936033196e876cad38a511ff4a031031b439b649dbc2e9d765
hprc4_L100000_5953	6116787b6ccd9c75c5822fae0fa9ce7a7feceea72c4a1352bfc6384c1129b9da
hprc4_L100000_5954	a29bcf386f0ee20cc6409c0b0c7a71f6a9a872f398020c7320e134c18c002790
hprc4_L100000_5955	1bec72d5316e397c2bfbde3513505b1eb510864e92c49e0925b1c47dc88f3152
hprc4_L100000_5956	2bad7162d8a0e80ee6b0213280ccea8c0fb1919e0454e4cf609ec3337965de07
hprc4_L100000_5957	0bb639569ec7c5db26371880417a6dfd7640b687373b70c7cd157276d90fc246
hprc4_L100000_5958	6fe35ec9421631194bd1eea692c3d9141a9a376bac83c2e94430d2bd11e25e5e
hprc4_L100000_5959	7abda593f9987f39079b1a5d0746bf39c89629dad0ddaf09f3f142b8c886ffb4
hprc4_L100000_5960	cbba1c28df7cfee36a79ea6c0744270d77c9e45eeaf2e422e2420ddafb5ccb05
hprc4_L100000_5961	5f925938ff95cbde463beee4b0261541ee8ea73b351533614bd93a00137d0179
hprc4_L100000_5962	95553a947b7d99343e489a565f02eb7ac651cafb3dc830ff8aa456a650480d4b
hprc4_L100000_5963	4fffff0179b6f82f3bdd2034329fdcc72a90a6ffe1d63e6ca8b85cd647955b55
hprc4_L100000_5964	311ee4d6a55005020753875de0449830303cf7c401ec45f4344317b1ddcd1915
hprc4_L100000_5965	de10b8c071d5815973b412592f78281b95702c60aa5ba647a580e3fd83bee760
hprc4_L100000_5966	f225afc84b3f9a0087a75fffd458787cf45b2a277f866f68a19b7a199dd9c5ba
hprc4_L100000_5967	e156947dd91343c12d64b0c440cd5d0aa65c6b829b3faaf62a35a2ca4428e3ea
hprc4_L100000_5968	eddfbd842a1ba26c845735b8ba47c565847dc85a0909d1aa457ffa36a08dc844
hprc4_L100000_5969	d9b7d94d9177294d0517226c189c15b5a96503760532245da5bad74d8779d601
hprc4_L100000_5970	e22258ef4992c6f7b78311ff63b5a915a3ebff65e6b29cc2e71660ffc97d9baf
hprc4_L100000_5971	2b2c15aca33fbeb228c1199ef1f8d4cac8025c019239dc3963306c0563477b83
hprc4_L100000_5972	9ade5aebb05d1950e59c15511979ddb30ccfa63795028fa0b83c30a68fb94d3f
hprc4_L100000_5973	90752a9ed692145ae952b77227e97acead01eaa4b7d5fc2933c2c06a572b375f
hprc4_L100000_5974	d9a6165a502637c6f48e9cdedb45340c62c9d31b5790b2846a37a1aebf608e70
hprc4_L100000_5975	cf231a63c98739c4dca7c2c02479708e14fae180bcd4e2bebad4a624d5de782b
hprc4_L100000_5976	38b5f6195bed6bb0865e2e1f21a2b101ec8dbb137e4bbd16b6ad125abed9bc65
hprc4_L100000_5977	da636bd4d6a1928097bdba2545ea0400f0faaed520b7656c0b4a469e6f9d8c07
hprc4_L100000_5978	07b219483d8a897cd5ab6aa65dc04d886b30b371815f92417e42c727f5e2d4b3
hprc4_L100000_5979	2a6953ec13e33b2b4122793e12850bcebbeb2cb1cc7424e2b6ee2eaaf1974055
hprc4_L100000_5980	7767aadbf0a09869fcf1c22d552d31b54eb7981ec9b362be03a9fbfffd9d862c
hprc4_L100000_5981	ef64f0fecf1215028f1680cbcd960e67febfea9b3f4e31a1a2bef017b4199e98
hprc4_L100000_5982	bbc4e82ae9c3eb366b579bf553a049d2fd3a97b15fb8f13c0782092d8f2bd48b
hprc4_L100000_5983	d65171e5b0b149a11a25e675210e0c1db89fcd8f38e558e78643de3e95f88594
hprc4_L100000_5984	0761bbf33ec1136b12f2444b3c69e462be720268f07ad2bcd9ebf0e4a1a06bfc
hprc4_L100000_5985	45c8238e378b23dbc537d4fb8afd146d4c6dfcf6d6706821fa233563e0a77211
hprc4_L100000_5986	d2c960f504a308aa7e5082e3221ba0413310f38d48b71342a6da772dc1304196
hprc4_L100000_5987	bdef16b14b8aa3808999c567dbf9999460e7a8b320e1ea52f5990cf7537b16de
hprc4_L100000_5988	95a7eefad77a298bb8a88270e2027c3d0400d2b0abe290315eefce966487cc45
hprc4_L100000_5989	07a4bcb29119d2fc2f2c50e0330d0925c5454de4cbd1f65730d00a158a3702c0
hprc4_L100000_5990	c95c6ae66e3fcff89c5c8237c399a9ddcc2fcc15748b43cb12f1d692f3634d01
hprc4_L100000_5991	803caf0df1de874a03e442ab630608debffdf7f277f1777feddb7474f2e5abff
hprc4_L100000_5992	7457a1f84f827a082493e94f99eb1d8d7c6d1eac748fb12ee4a12c3823fa036a
hprc4_L100000_5993	affd722465dc96e5bcee4468ce20d2b48c4cbc0151c6db8450a729f28672daa6
hprc4_L100000_5994	33732e87de4fbb7d2528c0ef15e5dadce6275f53d95cbcbcc934c67c36619c1b
hprc4_L100000_5995	e1af61118a958bccfb23d8f30d0d05e86f070ab0cc15c120e244ba8cf1b0a724
hprc4_L100000_5996	99027c8441ecfc058563ea68aeb8489815880b8dd516de6401a0e5efeec3023c
hprc4_L100000_5997	342bc9c346f4ffd2a7de8948fc5497be4405a0bba59729e58c77ff9e0cfd3fa8
hprc4_L100000_5998	9c1035a0d7eb03a9882515636260b31145725ee8980242310fbd6a21f3d1b9c9
hprc4_L100000_5999	f26f831611fa46655aabb2cf245827450f9c17534fea2ceaa7452052c0352d9e
hprc4_L100000_6000	b8a7b2e9b690573e38c2302da02946f9b2e0c0016c7f9214608e8084a40f3419
hprc4_L100000_6001	44865175f1ee5efa8e7d2c35ad9f2dd5f8dabd72c9058ff312cc46c1fbc70223
hprc4_L100000_6002	7d7478c24ee07fe91961800934cd7d7e261d68e7f3db5d8a87b52fbfab60b9d6
hprc4_L100000_6003	99cc916ece4a57d8bb26c5e12e838bb59c9c72802aed681875288e2b4a96c8ea
hprc4_L100000_6004	47f67138c9163b3d0db1949f556b37795e387280f4c4389e313894c7fc33f410
hprc4_L100000_6005	ca8e4058c5507d75d15824a1083a975d8c6661b5ea8c8dbb7031f30c2621c08e
hprc4_L100000_6006	9e64749f04775bc8b1880a3760c0847734b97f658cdc48b668174e27f5bc038b
hprc4_L100000_6007	2cbbdcd2d3edc3019f14b6816d3ec8f61e0cd80a0df6acc5563c7437a51034d9
hprc4_L100000_6008	3040be21dbcdd4f361fca3bbe72cd590004d205812cb95f8e1ba50e8c4f07b9e
hprc4_L100000_6009	23004b89af868447510c2905ee55986a84a9a4113e42d3281bb5b8b6320d21f0
hprc4_L100000_6010	dbfde19bd336e2c187317138ba5cdec084f44c3c7f609b3316b8f4f12b8e2e77
hprc4_L100000_6011	d39bfa7f684cca6abafc1ba45ef1e0f9af29406c059d5cd01583f48dbdc4c734
hprc4_L100000_6012	b209b0f2fd6349e29bfd418b788bf5a794f3cf7fd5cee0730a5e8d92b76d515e
hprc4_L100000_6013	a0a44199415de98c6ab5a2d58a90f0c076b0614d19dd913aeb5239b997604bb4
hprc4_L100000_6014	94e767340603a84b66499e0b47ffb361dd52f0bb9d30df898928b6c85e5e9aed
hprc4_L100000_6015	e106bc3c3bd21751064e9454b0b508ed5ffe4ac90ce5a120c2cc17f544a447c3
hprc4_L100000_6016	776e2713dba376003aa8c121b0200312197ef82caaa7acca5be61140565fc427
hprc4_L100000_6017	26fb1e81231d84940c2f9d4913533a48bad06d849fbefacd96b4c79db55fdc20
hprc4_L100000_6018	38d413b6e0100e38c155da139941477a88f085b4fc0dc92544e7befe78c27c0b
hprc4_L100000_6019	2ead30756765d7915ebf8d9dad18154f7b2b822babbc2c108e1bb7c449d6425f
hprc4_L100000_6020	51963d26dec867265e0c858d226e7c9c4f96caa06770c0442b2a770f30d9fb4d
hprc4_L100000_6021	91dd942b83d4e26fc7b91a4bb3b353b05e5d0146f54e778ef6da228fef87c6fc
hprc4_L100000_6022	05c4d7f5ea3c25416ea86a6da641476df348d29cbbf1246b866b50813f532b46
hprc4_L100000_6023	871480bf2701169baf8ad8c241c7adf381b543c576c293152296b91c7ebf1127
hprc4_L100000_6024	0c45b2f82cd8c3b9398f3ce6d13fb24d01518e08c9312062a6c4085a266b79ec
hprc4_L100000_6025	e8a173b7fbe09615794d573ffc6d1878f35e7ae447adf6bf517450e897868830
hprc4_L100000_6026	f4ce30bc46f53235a3151a57b20c18d4461ca4bf89b59b9ef1c04628a175a5dc
hprc4_L100000_6027	f8df193d8b19081e8df407a95fb2dd65f013325f9b4963a28dc5a52303c61bd1
hprc4_L100000_6028	a3139896074b213be234b2b6c81d49ffa5e6910713925be9572db43860b266c1
hprc4_L100000_6029	49b0e2278cf47dd712441309440e4342d99e842dd59a8160e281abcd304dbbe9
hprc4_L100000_6030	f7154c1bf362a9984a7803bc849a396dc7a690248852666492a96fbdb0df2468
hprc4_L100000_6031	863783bea3c95f6d9a650b2ede69ea440e721f3cabd985511556acaad56b739f
hprc4_L100000_6032	7bd98cdc490af17675b339aa27ea31e4e7e8845837bbc0a5d8c9fc0d5064bbd2
hprc4_L100000_6033	97aabaa7160ff9727ff58dc40b92eb006e4d87475d3b028f9267de59f611f43f
hprc4_L100000_6034	21a9ff081f8e6da2e1d96035c880b96717eaa6bce9c77eaf5278a042e61072e5
hprc4_L100000_6035	101927fc37efae27ca227ad7c7590c30ca9d990eb7f248a11b366a9fa29808d3
hprc4_L100000_6036	1783e233ecf86158fb4b3d6a12990047aebd2df653699f262d444a1988567893
hprc4_L100000_6037	854a846980c36651a526d167443f2614903faf8dc9ba899b23832a95e9620992
hprc4_L100000_6038	d9f6cadb72a6e544a9e9508e2127273725a009ac6cabcd5d6c50121bb9e014ab
hprc4_L100000_6039	a37ebec58d9c9086cab71284ce3bd16472549b374154748280ec52d6972e38ef
hprc4_L100000_6040	764d767ab44d6a8d5bc2828e7e6f142a2febcdc946d11ee58b02ee080040fd2b
hprc4_L100000_6041	ed17820cf9151cb5f539f6b31075a05b67a31b4da63c6f2f6c714bf9ba1d2d31
hprc4_L100000_6042	e54e09a01b56090fa611aaa648b6cfff0765fe34a131c55692d8fa6384fd7c1b
hprc4_L100000_6043	321b2c823fe7bbd0dfcf32addbedcb01cb270748e6ef5521165c2710a7325559
hprc4_L100000_6044	785f54740c868c3f6886ac3fc1e674a2a049beef15d17204ed72924f504437d7
hprc4_L100000_6045	d60d28365c3aba8a70d2eccd0e5f0d0d31fd5f3a5beb4f6fd1951c0f75208101
hprc4_L100000_6046	84e60238adf1a280ae7e5e79cba7fdfb15fb6526b0236fce8cea1039c0e8b5f6
hprc4_L100000_6047	960b62de81fea795d36d4848b8203c074a4316cfa9f7f9e98e0447482b8e11d3
hprc4_L100000_6048	96dc09bb73c048335eb874e5ed42ac3682d5e5f853f42455f37660514845a1a6
hprc4_L100000_6049	fad8eec515e529a7caf9f58842a9b239d548322d87a914e065e030e3462e99fb
hprc4_L100000_6050	df6bdb2a4c09616dbf0500c7a4538c40042185d2c770084c7185872a0f214475
hprc4_L100000_6051	2a7c9d9907bea2d4beb4723df423b604ca015c58b1e45578ce06e74819bdb238
hprc4_L100000_6052	8d29075f06016fd114c2604697032bb07c6c46cde4ee7c4224f3c7b947a446fd
hprc4_L100000_6053	b4f3e1c46e2388c1e37f3f3b26974d28d3dbced77560c0390b81c05e95ace0dc
hprc4_L100000_6054	fa663bc5d86df4d7a99b7ebdeabd03d1cb5ebb8094eff061e47d5ab4ae38f770
hprc4_L100000_6055	a47f8ede2a4270139034244507c7faaecce2e60ab61f9ad2884143bb9b872cf7
hprc4_L100000_6056	a54be9097e8c5ac6100878a810bbb06c6ef56fd5df45426fed0b840fe2ecb257
hprc4_L100000_6057	9938c8f17c0add4e30e444f00e5ff91697fa3d1272c552eee3d4cc2bd3253185
hprc4_L100000_6058	8d03992e23b6a7bd038e1d4050a47b6e7858728ef1945e13f1f543fc2c3192c2
hprc4_L100000_6059	20f078d1c6defeb0d13cd02b93010ea32e32ab4df2a256d7e5a13aca225182d3
hprc4_L100000_6060	92bc1c822e149ba31d8d1590a074857cf58a91c4995c1a1175f3579f9362f324
hprc4_L100000_6061	ccdfdfda72fce61497a8184c4fc4a61252e01ec8616dd9589f138ded9e0c7a0e
hprc4_L100000_6062	950647cbc1751a491f49b51205c451f74e15bbdafdc48c9a4bcac198dfbe8f26
hprc4_L100000_6063	fd10056566def5a3c0e6d8f3abe14f064668a1455aec9d471862604c8cadca31
hprc4_L100000_6064	ebddcfebd4fa1b4c80251618aac697c9b775f646d7ab3aaf43dd1031905123c8
hprc4_L100000_6065	36e8e02eed4fa5d87817ab9c48263b6ffa61c60bd589fb478216d430ea63dbcc
hprc4_L100000_6066	fb52c99be70c315a0f7fd28b6bbf67de1733c1a7bb2fcd8064caa76f327edf3c
hprc4_L100000_6067	31dd6c4cbc3766906281e137dc890edb6c040625b228966ed0c036f22fde947c
hprc4_L100000_6068	07a9d53de9b47de223beeeef288387fcf13f5fb32579aab856cfdcdb2ea8dbd5
hprc4_L100000_6069	f39632b127d28966fcf3fa56482e38de335cf8c22f5186f6a53c7ce5d7bcc424
hprc4_L100000_6070	0e2b97949d46b1736df9bb88b4ca867c00baf89fb894a9a3abc8d4864c15361d
hprc4_L100000_6071	40b1989d99094007105dc0a4fc6224c4072b6561dc739cf28208d6d599fbf181
hprc4_L100000_6072	3ae03330a5a6e64bcc7d2eae11bd5e0105316add825d71289f0d2410dc424bed
hprc4_L100000_6073	81b8f329fc6628d529345a35536728640d444d4824d313d9a5978c8cbabc9e6c
hprc4_L100000_6074	20e2c8385c93c6e21cdb16ecbeadb4342ce0c58346224ddb6bc551f1af69f915
hprc4_L100000_6075	c57e128a04c9e966045af379fb48debf2ad6eed91b47a1ea5015c380b56c9897
hprc4_L100000_6076	5a792526da882157e0a74cf0227104de282d60eab9493e2a419a481d9f22a654
hprc4_L100000_6077	bb77d8202189f437bbda61ac7d4cbaa852066eb55edeba283789fd3498e6a4e2
hprc4_L100000_6078	cee7344b4461dc2b03626374f90c3a18410cdc55c4f4fcf28f961b6272f2e26a
hprc4_L100000_6079	8d292370d9a908a5d1777aea5a36aa8bd501f063991ed8de4a9e59d4cee87bf5
hprc4_L100000_6080	fa1ca4d31547d63fe4eda26fdc06e44851aa18c05357c7e8a54b45cb711cb993
hprc4_L100000_6081	51720d8253982b701e67c88f28502445d51014829f7b4f9198da9e78e4acf41b
hprc4_L100000_6082	fbf8b4114334fbb0970e3886374386cc947d00d8edf55e7641cfa6938b507b54
hprc4_L100000_6083	0ec7af4b8a1eaeb78f9a1d38e837ff80af76d137ee14352b81f1d43baf050d14
hprc4_L100000_6084	d7739565075a39c7baa5166dae511f2e97e6b31589ad044563e68ca1e97ba16f
hprc4_L100000_6085	4705998d7e5dd88377525026b966f9ac55e7e1a07b9a58524f0470c6546fcc82
hprc4_L100000_6086	4745e682b5392758b94844e041750a28ff0fe5b5b7dc7e35d5b258cf8002a86e
hprc4_L100000_6087	d13f5e9bb097b4be394c45f52b57d8c1b95f8cc4d73ef40b8bdcf30452ee1c5f
hprc4_L100000_6088	d7de049a3d9d247b8d2e26b5e3ca2da24edbb5ddb799217f5468079e9630d2ec
hprc4_L100000_6089	57d3ca4cbca15975a51bfeda0492db6f06a707c9a994e77936772c0d5f7f2509
hprc4_L100000_6090	8c350c8104a6b61574a587a87ebaa2522bc67ce8cf32a8129249de1fe4dba201
hprc4_L100000_6091	700914fff5d9b17bc4044788b06a6c9811012c11d732b39625c3a85ba1bfe63d
hprc4_L100000_6092	27d140bba9c61e67e44883ebe99cb42bdcc0036a1f80fd19c5c06c39cea592c3
hprc4_L100000_6093	d7f94dc1a13d7724f34659a5cdc0a9746ef5eb40ec84d4b8f2852a7732538af1
hprc4_L100000_6094	b2391a0993e1b6d9e5a6bd216e81d237a03a22e08c565d088ca145af47d0c747
hprc4_L100000_6095	25cba74f4abb3caf5b55d642c0db75abe20b05a963e487a0e0730f6075071dc5
hprc4_L100000_6096	2aa11cd4fedcfe874685a3ea933886f16a5f3b76ecbad65a999d945e1e50e3f2
hprc4_L100000_6097	ff8d9803f0346a34222c90b1cddb3f6278611231024adbe4bb97983a74e88ff2
hprc4_L100000_6098	5ed8d3d10545ce3a8cde8e85e15db27a9f25d1cbc019031d852339c5beefd061
hprc4_L100000_6099	4a76b91dcec8aba7e7caba01674921ddef9d04f2c3ffc5066feff79b1d3e05d1
hprc4_L100000_6100	2a25a0c7aabe20002fcbdb73865c43b599643d10e8bada199dc6fe98cb8e2555
hprc4_L100000_6101	9b0fdf38b65e2f52b157be74973abc9f23863ec000ba6cdfc0d22505fc93ee8a
hprc4_L100000_6102	4ec9910777f9c1a4ac25b932d09d30815671a7cd25e06e42c97dc158bbbed587
hprc4_L100000_6103	a7db4ba50a7b1a66b4dd78d09b0de79fbbeaadadbdc8cf0982445a2273007a5e
hprc4_L100000_6104	ca3f22e5f57f5e941ed43f174c7f998d8ab1d7d856e034dddd64a324d12713de
hprc4_L100000_6105	d4efb023c11f1d9c548e8aa1df4cf46aee9f64c7cf3c2eeb03fbe64130e7a29a
hprc4_L100000_6106	1d113f816629d65d20f44f3042d919b27e145abc84e5fbf1e710727f017c289e
hprc4_L100000_6107	277944e516ec5413b334bf34d2f80301c4fa98d0943cbac2a85ce7d1269b06f3
hprc4_L100000_6108	34a5c04c9249d512af16479c94482348eb09f8ae5f7a6a9bf685093d3a78003c
hprc4_L100000_6109	993bfdbeff7d6507538ba8c0ed3b817097e3f3d47491500d659f230c72711358
hprc4_L100000_6110	b1dc23a5a8f1d7b533282bff9d1c18ea002b5c9145d42d8433ea2ff22d3929c7
hprc4_L100000_6111	a20d5a11fe91c9ca04ed302cce5d9471e6f7c6401402bf51198a8630b7545081
hprc4_L100000_6112	4d650031f16d10551838b70b3fc0f5aa3d12a2e3fb49bf231e8d16ef92b5ef63
hprc4_L100000_6113	4659e91ddb3c689d6df4f850050d3e596ec581091d7f2dad9865a85b15752241
hprc4_L100000_6114	c11d346e372b2aa8b6a2b1b822db3e91688f4e295fe688f22e688f7623f81670
hprc4_L100000_6115	3028919262c215ce57ec63d545632b9cbe0ab030379df2b88504691be6c22ddf
hprc4_L100000_6116	5d373d4a2401f7d2b08106aa418755bb5fcc28f7e7f04c9721e48715d94dee8a
hprc4_L100000_6117	0f21ef04e60d489963de02437b28d896832ccce699df797734466e587ba866e5
hprc4_L100000_6118	b5849c6b82ca615ccc831554f2a4896fe5c6727ab07f7234ab35bbf40d0f2362
hprc4_L100000_6119	5d5f37bc4f0c2740b4a6ffc2b978c0be7ef0576180e7264e89db01db5d410aec
hprc4_L100000_6120	33d02ec112eea3d32e2b35b27dd87082d1e39b10bbfca97d404bc6b5cafffc33
hprc4_L100000_6121	9b843ff946b0430c09954851bb63e38dbe8e7f196cbbe3aa6b5b73cebe31e14a
hprc4_L100000_6122	5592165f5387bf08d73a66c434eaab4cfe49742d8fbb5d936ef7d35780ef7ecb
hprc4_L100000_6123	7ab6ed4d7d10f3d4d0a0da71c0a03739155f06f5fc88beb8f01f5cd1f501733f
hprc4_L100000_6124	faae972fa04652a09fe3254b73e650c1f0114af2d3141cfbf14148cd244d3613
hprc4_L100000_6125	b0aed521486171966a7d7a4c4c5053ac5d345feffe05d02bb8551ee85e7c9c53
hprc4_L100000_6126	af633e088b8b5f3d2af9cb9b53e26111f27ab3f83f45ba657818703ee882def7
hprc4_L100000_6127	4fa68bd3c3afe2b454004d60eb451e539082d1d6153438d65b99acd94e339d24
hprc4_L100000_6128	6229b3e794f61cb7383136120283576ee51d3e083d93f713d355bebd708b0f52
hprc4_L100000_6129	8dee55988736dd081f8c6e27326bd8cb79aa9cd4188788755819cec6642efc2f
hprc4_L100000_6130	1b6f7b4a70904f850a3cb46b56fa7fa7fc84a5a6b5d6cb4b3c8cf350b995eed9
hprc4_L100000_6131	3fd1c3cf447f789977cf337d8c792bc5deed877e85245341c788c05fa9131d19
hprc4_L100000_6132	05a9d507795d39994e8cc58ae4593502c6f7b0dee7f6a62eaf2443732f49c2c2
hprc4_L100000_6133	e42f6ce5cbeb2fe9fd4dd4cc6ccaa29936b1deb19d782c46961e3bd7794cd60e
hprc4_L100000_6134	c16b91a6c41a69d7a76966aac0a38e15b570902554b8447241200b619ef27f52
hprc4_L100000_6135	7aa5ea932d4e3a601f00a757a6e70b6cc98e5da436b37ac9f312d6588bf58ef7
hprc4_L100000_6136	5b51dd0d84f932c6e6cd80a31b7876090b05c269ce87d536ebe32ac3a9cdac04
hprc4_L100000_6137	b3bbb36b4661d8f8d9d5c7dac394505c589c544b6cc770c03528ff6b376ef929
hprc4_L100000_6138	dbca30a6ca5d4e261294ecf760d89fb550f5b7338914e017b3d29845255b0303
hprc4_L100000_6139	ab1516672dc807fea3dfe1969c07cc7e6a1d740ab6fef6fcca43916e41144ccd
hprc4_L100000_6140	32278c25d9c9eed4b930fe17d4cac48478ecd6720a98a142c795bd17a4f4fe2e
hprc4_L100000_6141	612d3f4e1948fe132ebb30a42d49eab814aec864954fbb5629736fa61ce02c71
hprc4_L100000_6142	fc126d3c4b70851b6a9789cd2e290db3d4d33beb0cbabe9e14c5278e34ea3547
hprc4_L100000_6143	a8bc56c28f4aaee535f894396870fd89f33e244fbeaef6423c1b8ac377ea9145
hprc4_L100000_6144	eb0201aacd917a4f9273392252ed30edad2257e09830ba6d7fb03d45c91f6c5e
hprc4_L100000_6145	5271878a91c8c7f1b56df014c6f66ce388070b7bfadcb98bc4c642affee03cde
hprc4_L100000_6146	2e7676c34d556322b80033df0d95510c51475e1309a166b722aec328e6236c3c
hprc4_L100000_6147	cafc7bde6f8ba11b869904b75d8270c8c2c593d69f95df421370dd9f6d1d51a4
hprc4_L100000_6148	1bbd3cb408fda88bcdfea37021adc7d3949861fa10bb04e97032c726fe3795f6
hprc4_L100000_6149	eb91b0a63cb7f71312f5bec3025281f1b41486e5b4abb7afe0ab30dcb7d1a0e5
hprc4_L100000_6150	be3afeed74418ed7b08ccb3ba60f46342f691af349dbd6afa9c75bd2d26f50a3
hprc4_L100000_6151	e4fc1aef47cd81870e234996f6197857778661ab56c2bc9332b911dab9a129e3
hprc4_L100000_6152	450bee6367678fab91c24e43efddb165327eb725407c3321daa3ac0ab97c4e60
hprc4_L100000_6153	53ca655f0d6f4c6bc0fe1f41a9f75ff6c5e97cfcdef18c0b4e46596509c39178
hprc4_L100000_6154	82b1628ffcbb54aa6fa32c2cfa9ee58d0065bf41acf2fcd41bf4a8c83c5ab1fb
hprc4_L100000_6155	3f22cb08d80013ad3e0fa7346577d93e96305a6d23a53fda8dc2111f9a445445
hprc4_L100000_6156	826566bc84a09d08e68eddc0846b89c5a9d8d38f495c440b654dca3cb440d1af
hprc4_L100000_6157	264a01adf2e9628ad74bfc231b9eff59fb4346b34d9f0d27a82e3616c19e4878
hprc4_L100000_6158	f47b277ed60dff91e107f044d9e7ab6b87bc6c1f0fb9db4a6cc11a8e34acaa48
hprc4_L100000_6159	2c758aca5ba46f8d0be0c67bbbd2ba16b2e5a4c6bd35ba853c6850b2f627b8aa
hprc4_L100000_6160	35413946bcbb4b7620232a599ca519b41fbfe076478c5c29c23763f17c186df0
hprc4_L100000_6161	4d8076b72a146e9608ac97a6cfabc7f7d40f7ecf33314586a95d66c0ba870655
hprc4_L100000_6162	84a328f595e9f8103d06e57fe9a2010c7683933dc7d20f2c0b41f90a9845b300
hprc4_L100000_6163	1178a0e20c6521318b9047f9c64f32660d44ed7e845d080b9448aeae3cab3e25
hprc4_L100000_6164	499a8b142b79f83c47cb5824aa96e103df8d9aa6e0445144f980ebfdb6dfff4d
hprc4_L100000_6165	a64174aac2663d34b11c627bdcea23f5af397d9696d9cf495af542de319e09d1
hprc4_L100000_6166	24f25b93c33e5bce55359c345f8efd19e953b5ca0b4116e7b6575616f6bbb1ec
hprc4_L100000_6167	6e06616026b8707879784d4d687022e93cd5b5024bcd39cada66a9409d383815
hprc4_L100000_6168	d4157bf6aae7d851db30d0b15ee7c4e586236a7253562dea9e98a2ecce83d5f2
hprc4_L100000_6169	310fbf2eb7c6ca50d5befad702ec44df785497ec8768c830af7d676c7ea2429c
hprc4_L100000_6170	d795ea8a04b723714eb4e996e91da981142eb4dbed1fd5f83b84f506d85fc482
hprc4_L100000_6171	6cdc4a4bac32072401a5df4945a537a04cee011f39e4c42ed897af37881468bd
hprc4_L100000_6172	7e28d9537d5b5a5f66d7dabae992b03a6460854a6d9ae2fbe75121dd84bff957
hprc4_L100000_6173	3966064ab2d1acaf46ab3752e88868d49ef7ebb1ba0155ffaa5c1c0eae8349e0
hprc4_L100000_6174	2eab09e8940b0b28c497bd34988d9288116950d63bded054652728d6095740fd
hprc4_L100000_6175	efdbd973c3318838a1b0fb9519ab864724db772c3116057b2b723ba7fc7c200e
hprc4_L100000_6176	e2e9cbc3860c5ff20caf01999cbe041550051ed80b4f48ec1060ede5e830354f
hprc4_L100000_6177	3ad4fc39a8ec09d93149e33d004b7dc7ca3b626d268e90bdfd634c57c1938107
hprc4_L100000_6178	b71dbc13f9e83bbc026bb61c5b995d7408f07e281df84c6e731c45f9e51c903a
hprc4_L100000_6179	ca71ce733f1d360d13c1edac48768c90c4c7f1c26de3de0c586744669d2a05eb
hprc4_L100000_6180	5848869f759ddfa1472452f936aa3becbfaa61638d83dda00d2ca1fd5a125144
hprc4_L100000_6181	1a4b8b5ef586cd856a140f32c7e0324ff1e4cd36eca971e3da7bf0562e608fd7
hprc4_L100000_6182	90b0a9ab49da24fbc8b29646f2b696e3427095d711950255833ae8b1e65cd9c5
hprc4_L100000_6183	b1c31ee15644bca0389fa47c3c3e483c2b5effa8868fb56ea3cf9f5536f898cc
hprc4_L100000_6184	3eb7d23e9481aef2585935902e9e43806aa4adf49f0f496c4c9ece1e94b310c5
hprc4_L100000_6185	440962d449600c65aa936857498434dc61177825d6192c75d6f14d2c82bf59a6
hprc4_L100000_6186	05a67c94a3a05757596c23767ee99bad68d6e2d5903055d4c58e4a78135f549f
hprc4_L100000_6187	4ff34ec23bfa5b2fa41033b5e1406481a376df931743e754fa30fe09d0532eb7
hprc4_L100000_6188	a523c050b6114c17d89ba5c3cc342ce02c98ea349c37ebbb7fc2579821f21bc8
hprc4_L100000_6189	bd0ca39ed95055aee34d578e1e8418767579f88e55106cb256e5a698d6283df8
hprc4_L100000_6190	084e79fc916f672a72ed2d4bc5770ca74a286148819f54d67bb215f0e44451f5
hprc4_L100000_6191	42147c5eb96eca66ee5e3d722922b7c1e1b970e8af0f5fc192507c175e856a3c
hprc4_L100000_6192	1d5670b2af09fe6e828402a1bbc7cd52d8e6841216b3370f36c78dc81b11d95c
hprc4_L100000_6193	2415544001d1d78df163e94ed8d4356a492ae68d98d53eef8cc960dea70ff886
hprc4_L100000_6194	be852605d63a50e8cb2b0e49ac479b752371ced8a10cdc8c81798631d276490e
hprc4_L100000_6195	63ae881f208bc430d6cc75ba931f9c287e7cef271a7345a0f014153588e2c9a6
hprc4_L100000_6196	60d77ba255fb550e4a237e488d0b89b4e8e84ce6b01703acdb4f446e286fb051
hprc4_L100000_6197	2b4f3ee9f8d90d2967b4c0e5890fd67c5d664e80b282919626375b0edfd60fad
hprc4_L100000_6198	b82c8c0039303681a0af6fc917f525fc2329a7e52f5b383d4581004115a3ce36
hprc4_L100000_6199	bbc17a2e5abda62be91c9541791c8786587b0ad44a1555290ba09dc5ce1aaf3a
hprc4_L100000_6200	0be575a4fcd9752865966d750803a9c1523d722ebf1b1f697775598f7f86d5c3
hprc4_L100000_6201	778e3bb17e26e797362488510164322c25e320f52d2a2b18ad76ec63d5e77c84
hprc4_L100000_6202	eafca16fdb0e1d7393736cd98eaf584279f292d5a6cd68664d75c0fe061fc166
hprc4_L100000_6203	a138c333d4320fc2e2e9cc3e7ec568bbfb3c3896b72e16efe40980f77083348a
hprc4_L100000_6204	5e08d1a9f6dc7ec8eae54f2089a64ca51c0f9e50e73b4210aaec2a32709a3b44
hprc4_L100000_6205	b0845f62927f15521a4e66050cea1e508303329998191b1a323abedbeb9b60c4
hprc4_L100000_6206	ec3b4138b38833cbf1b7a5357ea3a3ebaf71f5b4bb5970b67a4cb3cb148b013e
hprc4_L100000_6207	8c791d7ea25b4d51f8439ec8d00b7c64d6d096e132c8643082011e171d0a8dd3
hprc4_L100000_6208	9e3fc4dc2d3550c26023e80d2ce0005d27233393577706a80a6106eff5ec5ff7
hprc4_L100000_6209	b9eb810d22ba7dd581ea318b50a62996a208c7e5be71f5c33faa1617c887916a
hprc4_L100000_6210	31aa8e113bae8b1491817cceea168de4fa36271bafec2cf1b341abefc82664a9
hprc4_L100000_6211	48c66e1f41b325f661a5e8e52d65325c66ab3baff91f80b92585a70e02073c02
hprc4_L100000_6212	4268fd386b7d258bdc31ab4f317de979d5b978840a1a1435314a3a8e5a58d944
hprc4_L100000_6213	c3eee8d7dd4b5e933a7f4d2c8f764234e50f7035bb5fdf105ed38a110ea2047a
hprc4_L100000_6214	faf49f4acf6d8acb58fc01c2cbbfa51d758ab1ece9b3edaa21d5b17c9e0598bb
hprc4_L100000_6215	babd26128a44d02e50af27a19770f464d924512e8d9a9351d743daf26279b6f9
hprc4_L100000_6216	b491a5f33c4e8f3079c9c57086ea5f2b634a0076ff6df00b96a316b0e36777ba
hprc4_L100000_6217	fd0db2908773b489e2379c0119d111dbca1e5c577cc3da6c17d7ba394e7d929c
hprc4_L100000_6218	16980e461b28f432322c6f3fce7a01c256f720e4fe6c1143cf64bb3bd8942155
hprc4_L100000_6219	ce60a688158fd2c46cc871bf7a6b8cdb998bddab173cc832b427b64fc6fbc36f
hprc4_L100000_6220	90ad297ada64ceee991e4d4c851289f3120766027220c65e8a89afce9e73f051
hprc4_L100000_6221	970c2a46dcbb09950db005bf905aa20e79b027dea021e473aeedcc0addb7e69a
hprc4_L100000_6222	b298f18e7a79deb7ff36b449e2ab4c0fa258da9146dad02bf0247e6b8f95d543
hprc4_L100000_6223	4050b04de744c8a3d69ebeda7503325d049ab15266e86a8c40acb7298a45c221
hprc4_L100000_6224	a52b5b69fe78078247ef9bf58b9a0b736e4efa618bcd300a8d3c00b3bd1f4869
hprc4_L100000_6225	03863a62b4a4c363737ecb83e5dfee0407e15654cced3ddd19f9cb556d83b25b
hprc4_L100000_6226	2aad44d15d27c97851543cfedfbf84669165827ae3cfe5f89245d65a29c3fe42
hprc4_L100000_6227	47155243f2f4c3781cd1d3dfc666fb3a14b4486ed282371ff2bdea666949f4a9
hprc4_L100000_6228	021f381e3f304f2c246cedfbcfb8ac7331ef2e119a147057a533c6494cc15246
hprc4_L100000_6229	be4be3d6f710dfec2839d2a7ed06651fe2b0d2ca47c27f089765b798b56c609c
hprc4_L100000_6230	abd2b095f20851cc38f53d81ae3a1ace666ea415ca8a969e583aec5c2a046450
hprc4_L100000_6231	680819ab2b27c92c15261039fcccef18c9a5b0870699daacccd626fc1c76e5ab
hprc4_L100000_6232	097a5743aca1c5e1e2c131c188846956527469c674681a8dbe8fc67cafb2591a
hprc4_L100000_6233	19e6e9a49839bc80a5e46451099e8272c6d6ad4a01e54d8ddfc5a497296e8148
hprc4_L100000_6234	d5afa3faa6c999eae71ce1494bc8f2baf9b0cdd1eb5e4fd34a85b8c360d69431
hprc4_L100000_6235	2916bd81409ff3943aef0da5409bcecfa2e206182eba77a049e1f69329726883
hprc4_L100000_6236	ee087c3f80f671ba3c2a3eb2973b1c9a623304338d6509c9ac1115266f643c93
hprc4_L100000_6237	4fa0ac347c68f800805795564ee7b1fb2a18bb83565afeeb7ef636b6c6506054
hprc4_L100000_6238	fea4e690347eedd8c909e6775a16377f1bd702172a9ce6fb1cc3ee465b1066f4
hprc4_L100000_6239	62db94c6c7185b0ccd7b8f89fdc37bc158360eb598ccee553796637ea2aa3829
hprc4_L100000_6240	75e35128c05a035dbc4e594a6445d4fc67fe8c5f28b234882f739056094db670
hprc4_L100000_6241	ad9583ec456354a65d7b845d34bf5e41caab384f85d7a11f79567baec9974e5c
hprc4_L100000_6242	40a042641c6e5f7887ced38d450fd7150666a997dfe4ce6e84e8fedbff7f7c18
hprc4_L100000_6243	19ddd5c9820607fe289a3b87ae244971144f82d88f958268a7175dab027c5336
hprc4_L100000_6244	d8238922ff74b29f3d929b14550a40db2c625e6019e495bbbd727707b0dc3190
hprc4_L100000_6245	b42779b646d8f21e6d79f05cbff2ed4b357ceaa02ab9926b3f5ccab2e4624e6b
hprc4_L100000_6246	42317230d44a2d5715bb33048896220d1b2e33aa02bee5cd40021ca4034d190a
hprc4_L100000_6247	b6627eabdc525bd22db7fd5ee9ee1f37a95465150302a855bf3a228c8777709a
hprc4_L100000_6248	0eb800a3f3ee0b384a8002a8ef2e0519d7545aba0cae5f3f1631a786e495e5d6
hprc4_L100000_6249	c32106eb69f81aa5acb65c76c3c3d3001245dcde26e8b2614afe1b4d034bbb28
hprc4_L100000_6250	59acb740fbb4f5a882fe1a5b84369bf77ef86160d31d15f635e5e70902ffe281
hprc4_L100000_6251	9f07bcee24876af853e9f22a9e994d04b0433297bb09dcb7ef4ed736b4391fa1
hprc4_L100000_6252	ff582f9d80152c0b2828b87f43ffad1d457bd84ae26a8efe71a339262fd7a049
hprc4_L100000_6253	13c1de40c9e7f2f6e614180445e9e24b97a108e6bcf23732b28ef2d59b422a69
hprc4_L100000_6254	da9e5b2b137312d9cd6d71fec33c1b015c4c8e6af4d906119de111eb39a11b23
hprc4_L100000_6255	e473f623b2c77e6bb49047398fe1017ab93df99d50749f9199cef28d011e2c44
hprc4_L100000_6256	9b0610bc9dfccbbfed3ef7776a82ad828b0b8169bc9c0eb6880da33ecdf926eb
hprc4_L100000_6257	361838d4e29699737decbdc672573f5855844fbe3cfd268e5aa09fd9f59953b2
hprc4_L100000_6258	9b7372ddcd8bb2e11bbc17ffb059001146757a47c4eb65bd73d042533ca279fd
hprc4_L100000_6259	ecf93defc6ce33f444078dcc814cd90678e849f31c6952fd93c09ca65b749f26
hprc4_L100000_6260	f1c7fbacb6ee3a1a66499512b592de7a7b6a8ce07eb2fafd2241ed9879bca65e
hprc4_L100000_6261	9f5d04c488d3501227f05ab996eb5ade1221d8c322563d5f01fe2222f2c563f5
hprc4_L100000_6262	610d261ce058aeeb5ad377edf465fd13be78fcaba66ff0167f557b3dba431085
hprc4_L100000_6263	e57f309420c18ef9158494453b65fea8d15769b3a5844a2a5bf0605c1c7e6b8c
hprc4_L100000_6264	5e88f9ac5029503fb0348125b9f0e8350a13ff1ccfe8e40cf15e09f7e1476adb
hprc4_L100000_6265	30a574e7eb9f5a46ea47652b284f757cbf105e6414b5cb7b401bfcbec8bebbd8
hprc4_L100000_6266	146efffb5279a73b669e2e017594219e2a487c4f99e4c0c626002023f2a93b41
hprc4_L100000_6267	0b3731088d0a3087a4e392f8b7bebea5c073a7bf477be610ae1337d0aaf3e2a4
hprc4_L100000_6268	2f3683eccc544b6a7e30de4f6df4e8f5f425963fbc1143e090616a8553a58860
hprc4_L100000_6269	eea0bbc9c08d3bc4e7f9ff333358fbeebc4f0c3a8365c83838e5af30af65c75d
hprc4_L100000_6270	62774da1a6833f4fc19f27a8dd4a890aec130e62dc9ff6e2ded338afe25b67df
hprc4_L100000_6271	597e5e5734918e437c239607758670c4d95f0baa7768738af5a31a6a9014acbf
hprc4_L100000_6272	eb2e353a3f784adcd0162ea8747837c119d9fcad6c5fb78b1c642628053d614b
hprc4_L100000_6273	da4eb11fb300fd816f643a951d480b18bbc80b0ea3b70625a808d6b56e20ae55
hprc4_L100000_6274	5f9ac53be0bc5b6283cfcd0fe3ba56c0d2a0af099eb1bdbb78c2fbf8e2e68203
hprc4_L100000_6275	89236a2e796c4a3d035200b507ac0e7f80495e5303decda5fe53e2abe79ea45d
hprc4_L100000_6276	081d78947f526a93a6209edd657d61b9a6704fe74147146989646ccc5fa7b96f
hprc4_L100000_6277	e219c124effa2d52cb764afd6072debf59320fe7e14ecb223c453ca7879331d9
hprc4_L100000_6278	64504b7a032cc54e124391eda24961ebe22c8ed102683d0b75014e33b088a1b4
hprc4_L100000_6279	977f592081623688d886c9775bcfab761f2fba9330eae862195173a20fcaaff3
hprc4_L100000_6280	9c59c9e4987bcc7c26722eeaffb3500a8f15d3cc806ef35b9799b22efb6fa306
hprc4_L100000_6281	1a90744c38fb586f7b0e60fb110b189a3d5aee2920b58e49c93066e56cbef527
hprc4_L100000_6282	d2b748aa7bbadd42990758b6cc5b5359dfe9a3d71a679500f840fab897030e39
hprc4_L100000_6283	a7d7e26627519cb426298df39406221edb6e18121eb1e938b07f7ad9089a13a3
hprc4_L100000_6284	5cb7924335cf9d0a3da8fc57abeeff8660279e18ec89e4b90e84b3d31ca68977
hprc4_L100000_6285	2c8f3d4fa646ef34fe6a0f6d35656385da8936c0258efbd7ef506e342612c1d1
hprc4_L100000_6286	7fc4226f9e22fe83a339366c5f5389334334aa706b01c2f28723eb4ef8e6f149
hprc4_L100000_6287	54d7d5ebd53539714091de16c1d9c70ce43de6cbce85134ed2f8aa621823579d
hprc4_L100000_6288	6b105f389655b2e7fa5d6940209b84a12c8cbbfd16d72abf1f8f005f37d85d96
hprc4_L100000_6289	466b81abdfecaf6fdbe1e9933051ad7ce59579c6f60ce3b3ffd2fa7573ffb195
hprc4_L100000_6290	c1ab80c63f1028a9e71b0879b660770ddb985904597ae0f83a767ba4454c4b1b
hprc4_L100000_6291	f1ff3ad52e4123e8f00aeba55760cb943ddc8a536d553342f1552d0132922e3e
hprc4_L100000_6292	3fe041a11b8ff3d91f2d4594de4a137a7a8a928ff43dddcaea78f6e2ffd8a9a3
hprc4_L100000_6293	f9144b8585e8747cb8a295fc4e46a6a21bc263a17bf5c69b4360ce7b8ecc53ce
hprc4_L100000_6294	e14a46a5157e54ece762f79a15270c403e607209f90fc808bf05b52088f26665
hprc4_L100000_6295	0d03870c14f2bae66c39ff63db03d2127b85ce97f37c19770176a9f00be4dcaa
hprc4_L100000_6296	b7a5007f2adc9bb3761a3e109074d9f012c2660c2282323bf1c55e6819ecc14b
hprc4_L100000_6297	b3a234368706b9b8800d32e5ac5e994e584d2b2acc25ae04af63098257a2f88a
hprc4_L100000_6298	32efd7df09fdb4a81482c29b9ed4274f2db8f76c4b0f59a8f2f984649fbc9ad3
hprc4_L100000_6299	5b19eae65ccc6f9a04f2744297f78d93cb8a114e1150b4e4c388f3608954186c
hprc4_L100000_6300	76586046af6ce825ac480e594886fbdab4f67cd9debfc67c2a0057cab73e8da6
hprc4_L100000_6301	f735a8d2b7acb1598aae273366398c7359f304fc381e19b12d0265f74b978f13
hprc4_L100000_6302	c9e27f0942a9491d0d84d2220ab74477841d27fc6c5610c247f41b8aa06fe723
hprc4_L100000_6303	9f1e7f544bca367b711de9630cfcc78c28138277b6804f21e53ff0a313753cf5
hprc4_L100000_6304	b4efb4c421db485ff9b923debeda55d49e1bcf15a2cfce2d4e1f12fcb380e7ee
hprc4_L100000_6305	b43d6b75760c3948af4b7f6427ddf6c5c75523688517ef62a59d46097de3f1d7
hprc4_L100000_6306	9df5492619e1f42d35cd867e5e8242bcf1335707e733c088377b2e11bbd7ed06
hprc4_L100000_6307	8034696e9d0c1416f988efd96728dcb51515cf38bd84032c9a7c01dcead98239
hprc4_L100000_6308	e0c332bcc8cc12b3c031f157898cac1f79836e89463370e49a3cd7dc751eaa48
hprc4_L100000_6309	41ecf761fbd9b2bedd6b2c1a3b5dd792113724529a887556ce92837a91f31d60
hprc4_L100000_6310	2da151fd28d053c42c596e1d9c076a511860c2ddbabc53e5bb4f29c67fa11749
hprc4_L100000_6311	0d90b62e7d366cbe896e56a3f57c69e921b44edefca4be4376a858d463630d0b
hprc4_L100000_6312	fec05839c00271abc30398d56782464fd8f86195ccd5deca9eb91b4c2d8ccb08
hprc4_L100000_6313	38f1a7b33001a76c8ea6c2015bc50cdf9f2440b7f1ad68c37f2eede89dc57655
hprc4_L100000_6314	4ee15dbf317176d262e4883d910674b5043ec44effed5c6c60c8fae87e5e2280
hprc4_L100000_6315	3255334b67081199cf207d6e6fb73d810f64f29077b5379f00208cd5efeaefbd
hprc4_L100000_6316	54cea8d721251f3094bbfc3f0256d5b3c23df6949db2f7466248ec3306d508f7
hprc4_L100000_6317	b7aae779641fef2b1eefd4ccef1e37f39c4dc7b1545d12a27cc2567c348ce289
hprc4_L100000_6318	2bb2f027099a16b4dcbe9f021f96af0a687b09452ca7fddbd541eeb546fea14e
hprc4_L100000_6319	34068909f7e01dfbdd8581671bd7a63550c46c7f1951aa0ce96ea6545a659e56
hprc4_L100000_6320	c133656e9fe6f54c5bdf468559b3efac0b24003ff9c353b62d42138ef2cf9b39
hprc4_L100000_6321	a932f781dc3e22f5b0767ef3dc47f0c9fba72c17a229e515d101053bdb29319e
hprc4_L100000_6322	ec59b7533ec37b6c7ac250083389d9fdd0087c5fc2d62e8e10a146a28f4cf1d3
hprc4_L100000_6323	a07b372f4dfa70393a4efc96ca38f7ede4b0911a6ba24aec68a95305b39104fb
hprc4_L100000_6324	dfe4a3a7a18b2be2fdf23ff9c37085fce9dfa00b401c8c9973c0c25521212349
hprc4_L100000_6325	510cad4a78c8ccd07abd83572c4d83570039a9b97ec78df1dd50f085323f36fd
hprc4_L100000_6326	a7d8783f282c372c2894d34e70d4e94b1ca2a36ef9c9bf9e9f57ac169f468eb4
hprc4_L100000_6327	3e1cd03ee2bf3e9f5ee87bc77a6504b00a48ae25674264a47f9f169288ed83ba
hprc4_L100000_6328	7d2d4960ad44b2d75dbddee901375be9ea36bd7b564dd1efa496b99ea497ec21
hprc4_L100000_6329	35b07f928f3b895b3ee01c7820631134c7b041108cdfe49b8619e7820640281f
hprc4_L100000_6330	d2c52dff282f95bcb9bb25d18b6e0b1bc7c8a9b0d03b2d8b08a8a1f04ab7edba
hprc4_L100000_6331	168490f0c0c8156587523872a95f5f5ede5e3b7dd443e68e6921711d26af32eb
hprc4_L100000_6332	59b8f3f015f64f60dc65147a7b0bc731c9e1c4dec96d3c6c8cc7c4576ae4ad9d
hprc4_L100000_6333	b745a82466b031f9b71abfb592a2a6fe27237f69d6e97d7c2d146f60bc1df297
hprc4_L100000_6334	eac005e054cb5c8c4dea319d6edcff438dc9c9d918aa2fa48c3f9a4620aae98e
hprc4_L100000_6335	3049f799bc13ae6699d8ef0736f47fbeeacbcce33fb407249cc5e41262728c74
hprc4_L100000_6336	80994ec08034de57e5c6a42cd1cfa0752db38e0a7a046ddfdcf4407b2aa920e5
hprc4_L100000_6337	fe922b0aa4656bb8f643004e9de42326f8092496e5eadb8d848cb65826ee24b8
hprc4_L100000_6338	4e7c71cbe1c70ec9191aad441f58bdc6fa9bad1d9d7ca969645d0d503fb04f25
hprc4_L100000_6339	cf29684c53ac8d5a6c5dccbda56933f9ea422cc10f2234b6a4cbde5c5160a822
hprc4_L100000_6340	b8afbef15039d0ca20be92529b8d5c9b56c680e4cb68b9ec054c1612d0114565
hprc4_L100000_6341	101129801a2db970aa19994bb9ae8011985fdf005f39bee60652853b277941a3
hprc4_L100000_6342	514311cc4d8b25373c5dbe50215dc0d0080e02f963a1a1fae3635d90d07cab97
hprc4_L100000_6343	d8918161738acf76e170518fdfa27f2164d18376ff08c79a68c4d5c75757897c
hprc4_L100000_6344	cc20aa7e08da0e447283bb402b9b05c048aa890f61f756a93bd135d65c6ce8d9
hprc4_L100000_6345	4ba2f592137a65740fb1ce5ab5df9ad03dd3818100454a4037ca3ea9104ae1c4
hprc4_L100000_6346	f86ee78861fb7fc72072ca8dd5dea52f3491fcc85d7ae612c5407dbc4f1d47d6
hprc4_L100000_6347	47ba435ebecc199c78b822173420ae506520fbe2af94202f7c629ede31e4dc31
hprc4_L100000_6348	eb926beb057dd4be79955443b55460a0d62f9cf15540a60e868ecfda4d2b51fd
hprc4_L100000_6349	7a823a610e9df8903f499f1ea8bd2189dcccb606296dc971ba351ec83a784a79
hprc4_L100000_6350	44861ffd0686e5da48e9860c918aced6e2645e84d394ea6d3465ffdc212c1cb3
hprc4_L100000_6351	0640ea957d0508460d58b1893a1bc9f459c8a92e42379bed076a23c151e1ddf3
hprc4_L100000_6352	f976ae5856b4a93d2436447e4eb420fef5432e91125af924a39f1b460638abfb
hprc4_L100000_6353	ac673f8dfecd1ed8772331d17511acf1b266d30ae9691a10e0868dc10bf3b319
hprc4_L100000_6354	2e32cfbc8660492553de76f7d597621d97dcd438b5b00bce0c2454e23366bb55
hprc4_L100000_6355	91d0bd6dd492e70224256cceec816969fb0dab2b225c18a632a5350d628aba17
hprc4_L100000_6356	57347212a9358c6debab48b72294439df39ce62e0abb472885a8601344e4e754
hprc4_L100000_6357	39e1d369d32fad82e7423ae16e45e482be4dfd9432b3ec5036aae854149941ae
hprc4_L100000_6358	3e390fd980812b56b3bd1441e18e8f0c63a79498aac2f1805c3a5d93feef947f
hprc4_L100000_6359	8edacd540027d18432f692c2e331a5f2ba5613c5f6ca76dba9ceedc83dd7c394
hprc4_L100000_6360	9de9d2bd88fbd27993c5f0bfb1be5877a99cf61e20afa59aac8304a1c74399f0
hprc4_L100000_6361	f8514111c7fcdd1320a6fdcea0acbecfbdbe9435d958c78db6a9302c80b0f835
hprc4_L100000_6362	712134d2b1f419b8c4332e90e3fc25eb8bd2e1358962691bf505514ecc549e15
hprc4_L100000_6363	78922172a1cda5180a156a963641275849284c1673d52823508367ccc045f1bd
hprc4_L100000_6364	889a88eb998c2ab0bc3d837f442246505767ad329898a9ce30c1fb82dbf51d3d
hprc4_L100000_6365	166f2246bd429c47e396f598d04887c3a98d2875e4e6b492b45adcb5b129ba6c
hprc4_L100000_6366	3ba1cae178db069c6421ea4ca8b7ef5ffe44418cd046731a90f1109d78a8fc56
hprc4_L100000_6367	24cd8cdcbf122dca9b20a138f5bc4dfc9422339e6a164998a310d5f732e83a63
hprc4_L100000_6368	67da4b710b7c5bc2f2a1b8f68bf974140937028adf8a022e9d08a45db73a94fb
hprc4_L100000_6369	4113c256de4dd35634395438a327e758779249cea3e3953fc10732d1fce11ce1
hprc4_L100000_6370	d76d4ab450fa6dc917f234e3c4fbec2254200c8fb087f3ec56681fdd958e3b10
hprc4_L100000_6371	3cd3f63a0252e9c4446ce80595867628f06c38f007124276dee9e1fe8bdd0ec2
hprc4_L100000_6372	f65cdf07380769f9630cdf89b96b6180a2a4b6f49c8a2f3f3025f7ace7c694ae
hprc4_L100000_6373	bc0d7fb187a7e887abbddbe42ab0031e4418489841aa56d5574dfc5ad8f03442
hprc4_L100000_6374	d842d95a14d45b6e24644d60baa7f2ac497c08ea9e2fc591f2ee03d06166bd10
hprc4_L100000_6375	26b94467ce42d5bc91795bbf77b1885974232cb8401861d60a91b3c5623dd5e8
hprc4_L100000_6376	eba06dcefe7d897f20972bd0e70331ba0ed48514773fbf46a11c96e7d31579bb
hprc4_L100000_6377	f18be822d5065cc9d57072fa06042afaf891b0895d00f36b0cbbb48fbb070fcf
hprc4_L100000_6378	6cc7e73ac87e1b810fc318ee40f1b5d49e6994fb3c6dced271c0d4546a7ddb04
hprc4_L100000_6379	b6125f1a6e38518cc6b9957f50f855d34eff2d777b399c2e93839bedf5738a20
hprc4_L100000_6380	ee1c61346a88cfb2cbeb63eb051c4ba5f5723573b36a1fdd6f6cc71e1c5b141a
hprc4_L100000_6381	4fea775f8fb325f9d9aa7142da06f4c95ea92917a350d57a0eb1725cd6e25b98
hprc4_L100000_6382	f8fc761787dd5f2304251f9f855410224be237b9f7cbd35df23a492863079a54
hprc4_L100000_6383	db788189a23094572be2712eecba491c40b0c253c6a86ba5a4930e8ed44952ce
hprc4_L100000_6384	3396bb7c2e7b6ff9c4f66bdf1f6592dfcbb29dcf4dcd6b9d86cdb1317bb00634
hprc4_L100000_6385	a8fb00f3b6e839a0f760dc26065145921b826459521fa6bbda654f1239851b9e
hprc4_L100000_6386	94da2f5c4f20d1e4a4312695a9de9a56aeb02b44533c4fc49ce04f72602ceebc
hprc4_L100000_6387	ae33ab5251760851e0f43829eee57b1877c838ba31f9f5d67321c18331fbbe7a
hprc4_L100000_6388	216391bda3041d961a705ca2dc00ac65b45683eb63a62a0857d44916b35cc35a
hprc4_L100000_6389	e9c4761d2a95ce3423a0a525bb65c385f75a893f6f2c0bfdbd2c2f97152b0a75
hprc4_L100000_6390	c177f1e13b407ee193ef236bbcb4632ffa5989954f06528483e4169b06fce09a
hprc4_L100000_6391	b4379efe3b620087f0b5eecbe415d20c1a431af46a4bd955cd6a05ba0c731232
hprc4_L100000_6392	a4dc9f949b306fcbf0dfe19adddff25eaca6e71d38870f7f0297589dbd877ff4
hprc4_L100000_6393	55f003867f657ddba56609d1e4aa67d491c36fb2f986936eb9ecfe1ad1861189
hprc4_L100000_6394	8cd1b9e64018684ddb139689453829a857ebc674c2616c35a5dfbde53a77db3b
hprc4_L100000_6395	e4e0c918bd07393662f50c6ff9b3a53db0c518f516275f408990b75e62955fbb
hprc4_L100000_6396	75a5bf3695d60bebe09a3daed315a25bfef1034ff5331004202fc5dcae901b51
hprc4_L100000_6397	9fca03dc3c4931130fe73a2753fbbcd53422e296cbaca5234043fdbeb9e640fb
hprc4_L100000_6398	6782528e52112b5aadbef23a165ab6976253c782c305169e4c47eff7d353197d
hprc4_L100000_6399	f78ac293ab4da86e1a3ea2e8ed498afa48e820b2a236265d2f3c8e8d50c5d09a
hprc4_L100000_6400	8247f8f19204bfffbd970a2e8ca9aa7affc8eb5d578b9305844cdcc888013452
hprc4_L100000_6401	c60d619fe92eb6670e579fa623b07197d0b19e58878461bbc9b863206f21da22
hprc4_L100000_6402	e4057e4cbd30105e205f235f31d0b837bde6bc53597414711edceb1c5b521165
hprc4_L100000_6403	945fac98298fb0a82eee7c377bee04572c2fc31703b197c0acdcaf82f6477832
hprc4_L100000_6404	9d495e2823e296ff180b185b219b07f6d7b347afc37982a7cb6205008b561e28
hprc4_L100000_6405	78076ac3e1d1ba38c93af29068e40409e82a8ba203c0772e773335f45af86f92
hprc4_L100000_6406	129d70b902a6f0bb5694addbbd3e305e9a91ec8a460d4150b4d2ee04542fdf64
hprc4_L100000_6407	50da2c877a6088de04031bde8e3e795b5586fbc8c971c05240b1b0f38ae92acf
hprc4_L100000_6408	808c3af340dd816180fcbae1aea5e0838291b78a70133965bb7c0753b4881439
hprc4_L100000_6409	bd6d63eaf2bde3e48216396c0cfe451f3ee600df054bc961749f7ac9d1a4beac
hprc4_L100000_6410	a2890ccf9b928b958f636b3444941109fa25b959561d0712896fec54d13a59dd
hprc4_L100000_6411	dbae02d98c0296fe5a96d02c3c519a189d10139503734fbae52576ed9a7a9ed5
hprc4_L100000_6412	39c47486199d2c886f046e9e4e32d0646653a66bd057e04732aa9985d94139eb
hprc4_L100000_6413	1c36ce08d879276324d72092ad2363246abb8af4070af217b1c93614642e7685
hprc4_L100000_6414	f8570149253df941d89acadf4fdf55fe5f24990d3e38ff9339ab1ac6d01b592b
hprc4_L100000_6415	65f2d782e5c327418eb8f1e7ce108bf74db3f130b669c7541291d2200f5128e7
hprc4_L100000_6416	7def558ac3d7641bb369e970ba0dc73fcf36e30eb7e8de10281112b3d0caace3
hprc4_L100000_6417	61024a8e083706204179ac7b348c504818ece8d48b1a371e0ae24c638d71c028
hprc4_L100000_6418	8f1a1ea53b80fc6f1d2bda7aa8e1a0bd88bcbebd83df2971ad3993cfd27a046e
hprc4_L100000_6419	405d3e624f5e3ad77256d27e308a4a7e775e7c9e5c1d8f063f8efdb77cf0cfc2
hprc4_L100000_6420	70262f7cfc9043f4d72edf1c9dd9337be39d6d022ab9127e009a5ae27994d3ba
hprc4_L100000_6421	cc536c5529a28fad7810691f67e8f6a5c3d49c09bdf4c854d80391f107a10012
hprc4_L100000_6422	e9965524eaeceea2b27d30f8822c6013775a10ac9146f3cafebd398d8434d308
hprc4_L100000_6423	a88a3087225efce47c2f57a5577945da05542599e1984337693bfa6c4d178e50
hprc4_L100000_6424	cb24b6eff6c3cf7a6a0b75e95164c37ebef322743cf7ab13af239b47e44ea9e9
hprc4_L100000_6425	9ad85d0629c3b338ec6b42c5c9f5e558cb263920094fef45ab3cb9f8feab5385
hprc4_L100000_6426	419be53400d96994e3227ed9b17b846c1115083d03433945f464e6f41c69e624
hprc4_L100000_6427	e2b112d15187a4a1eaf76e88658d1529d43506128eff1eaac3fb47b2c28b8ef2
hprc4_L100000_6428	e9365522fdb681af924a41a8b63f4f40aeea9e8718065dd701318659e21d14a4
hprc4_L100000_6429	f1c9a443d857a5d5cd1992d4431675fbc3fe2befeb6f4f7e0e6c83b1e13dcf80
hprc4_L100000_6430	6c43a0a71bd556b54dc26873624af5813ee9ad8eab7ee678841de538286f41e9
hprc4_L100000_6431	ede19a3b691f907c091569af29033c017e97c9147af6317d0dc884169aa5b4b0
hprc4_L100000_6432	03c718b09dfd33fd071f4e863089278ff5dcaff7ba4a2f6708596d33de1b2cbc
hprc4_L100000_6433	237e2f28743446f0aa3e28ca4b81af72440bd7bfc7af9f7335eaca9820325e42
hprc4_L100000_6434	2d4caa81b1a08f26b6e56e637c80e37f6db58cf8a8019444ad4e26c3460da034
hprc4_L100000_6435	d866da31ed99dec0d4e14b274b9c9ca4473144c1e5efaa4c639bb1df682228dd
hprc4_L100000_6436	e3e94b9a46e2f11496c4c526fb9cb8aa7a7a38d18ab6d646733d541a8546937e
hprc4_L100000_6437	f732e71a77bbec40b479bfa3e8a9171e08ed422e06f2582906dbbe6b103ffa76
hprc4_L100000_6438	7cc65148582c5eaaeb8e2cef5263e0af4a55fdfe8d435e61e3124faee16f5469
hprc4_L100000_6439	8e38bde6cd2306490c6dbaa6564ac987f53f47704991676d5f1533cd37ba54b1
hprc4_L100000_6440	6ec221963b62dba6e46fe00ef08aee9dcdc181d76234cd66f5a134d435013eda
hprc4_L100000_6441	873bb620df54cc44e41928cad58e5c93a7a8a05ebe545876482869e5a9f61373
hprc4_L100000_6442	fcd671113799db019d006acbc780c939ddf851d7d71391b67aee4c12ce1efe45
hprc4_L100000_6443	0f4a45100984cc9edcbb5f43f374fa0897f54e96380bec2b51120af3c1fa7fb1
hprc4_L100000_6444	63ca314278011b1fdd5cfe868114a0bb9ce82be6acf84ac3c5bd4438b1e9c4ce
hprc4_L100000_6445	dfb021028cef1ec8fb33b934296180639413e3ea4eed25219102ee30031c36d5
hprc4_L100000_6446	122fad746f7247a1611a2549c4f00841c72a67f8de18a4ff2932f47ad54e07af
hprc4_L100000_6447	d329d71a58f8e106aff8a53679137e82ad172c26881253b354aca582301a2ac7
hprc4_L100000_6448	2300d8c5174755c85c7d55727b2b849936f733315c3161503cd9a88d789bf62e
hprc4_L100000_6449	cce69f4ec4ef38f0d7e3bb55880f3b23565808eb3b33d2cbfab9885bb7a9e8c5
hprc4_L100000_6450	fc9a237898cdd025eb989851c7ddfea59f7c01f7c68016d4db090b99476bfd6e
hprc4_L100000_6451	81cb479d64e0948c2183829d4c3c8ef9d581bbb16ff7663f828eae0b1f141315
hprc4_L100000_6452	662ac3120e8dad318916fe9ea8d445c598d6e18a374da53dcec643f5f8e4941f
hprc4_L100000_6453	e6ddc94e5f1d5f295bef23c5641f46ce4b823f5c3d3b01478f9757835e8f420d
hprc4_L100000_6454	650307a2d7e5c8cdcc631fdde59c871bdce2104270c6d1652e09da161ed63aca
hprc4_L100000_6455	2132093555dbc0c7141cb3dbd4c43e01a12d31c78cf96f924bd6e3c7668ceb95
hprc4_L100000_6456	9b10824a9f79bedce98d7863c6b49295937135ea8ed5661ce0026524bcb37037
hprc4_L100000_6457	770bd860245212ac1a4ca0b831558dbfbda7f055c7fadec523c9c68bc6776672
hprc4_L100000_6458	7e1edb4db04c4aa59358d6f65fabbd71b05dfb9543538b20db462207556de291
hprc4_L100000_6459	ab885465febb0b2c5c59e4658bfebe18f4f6156ce79bd77eda30c4990d30d3b0
hprc4_L100000_6460	a189b411305d993f63b0e2567b146e60da4f78d97cc21be356063928f23f3fc3
hprc4_L100000_6461	c630a8a7c4796afa570937a915143ee583f1dbd430cdf908041dda0e9836af32
hprc4_L100000_6462	be88a076da2f679604e2e2c35a61b479d9a8613c7122c5b6ab6bdfa9adff9048
hprc4_L100000_6463	8b64a9b9ff55f2bc10b19e62b443be95001f30330f9ee8e3fd7e90fd62506c3c
hprc4_L100000_6464	d25c14596af875fe363866db13322944aac1da593c9936f5779adb3217398656
hprc4_L100000_6465	596a62b8bed099f97eec26e673cd5f4bd9438caa28e3222caf77c3249ab49afa
hprc4_L100000_6466	e00d40eefcf4c4fed6b641ab9043b10bf73d5e963cbab1d75f6252cd8c5f12b7
hprc4_L100000_6467	2fa228a384028927a4f0c3f4151620ea8afcbf5ab52c93ce5b1d112ed382ca25
hprc4_L100000_6468	849711d6287f124655a7d850d5e39779797c1626c4fe637728695592318db27b
hprc4_L100000_6469	feb658d46b1c30e2d729dbcb5bcc009bfd12eb1240a72b21eb81fa0a6985ca4e
hprc4_L100000_6470	03cf82a4f1200ba2aca4b3411d7046fefa8a392a672a52209337c5ccf330c683
hprc4_L100000_6471	8bb00a05554f4f6c9ce942ab57e3f9416a731d6ba3656e2f0fe26c659063fd4f
hprc4_L100000_6472	d5985bcc1eb837b7b9b9e83f5d8056e0d900c1dad5ec6a4b3808b1cd8707d5fc
hprc4_L100000_6473	ca258a42d6cca2946e38fe14c5d30e0a4e2c570a9b4f76a1885d4dcdd55982df
hprc4_L100000_6474	1f2855d9df1bf10fb132a4cdf5797d0cffe4772ed2c65577b9f7a64a03ce1325
hprc4_L100000_6475	9d4bf68a8c280f15ccc113377f7ac7bf8190554ba99ea25d64d6bef6f58f24ca
hprc4_L100000_6476	9a5c85f5afa1a75b368e38c9d1f565dd4d99fd58f34a9496ce22311816d0da0d
hprc4_L100000_6477	0859f288615c3fde8c33afe526ee39f0119386a64832ff3befab79e3e6cd3f75
hprc4_L100000_6478	a4f2db587a1a6530bbc27fdf42e459cd9e6bd15371f6ff419fd80bab70a7b137
hprc4_L100000_6479	c79159d39507d0b27b449fcf07b8d3e6f514dc732c822cd8213f850fd71a2568
hprc4_L100000_6480	cbf6b8581c2ecc759872054e9280197ff22e95c5449bd073cf340a46644952bc
hprc4_L100000_6481	954861363f10dd5bf6bb245619109b873ec604bed0226986302d318955077d1c
hprc4_L100000_6482	d081a7addc9a4e11aa42600cac5a38681aeb14401012e8a556b7f8fb2082e5c6
hprc4_L100000_6483	4dd3563c6e8acc0c1af6775ca3607f97f444897850a5643f06625872f5dc3b10
hprc4_L100000_6484	9ca8f391bc67cee11d32e7dc1732e854ba24475ca77ff960fe0777f309291bca
hprc4_L100000_6485	a50f9dd58b1e98af47c2403a4794570dee99efc46a4dbd766395fa753cc2b404
hprc4_L100000_6486	05e5092719419f0eecae2373bf5998b7d0b35b19526c7c8a88640f8fb6ce18a5
hprc4_L100000_6487	36d0b8de881428c17df334628cf109aa7728b55a0add80c891db39a771f42b71
hprc4_L100000_6488	d4b948ceec89c93778c32fdef7940b634f2b101fc391330d6a9387a644f488b9
hprc4_L100000_6489	a38ec3846b6ae10e4f46b0c01b63399d865ac0628f1b003ab42a1fa51deb6fa2
hprc4_L100000_6490	7ad1e598b72b67c70a5d36107c75ba079280b8435879817c89edd3cb743537f1
hprc4_L100000_6491	8b8ede8eb7308fefc7de1996f86e844c68141b6f6b7cd22dbb106df0041ebaa7
hprc4_L100000_6492	3748dea2910ec0387a46de38e065a3c160d8e8e80d7f227d9e43cafdf35af792
hprc4_L100000_6493	3ca2d970b43d05d87d6ed7863f75524f9677efa3d3a85a0783d605d7e8cbbae4
hprc4_L100000_6494	11830e263516c0c842144ebcb0b13d6bc98c11bc61ef56855b8c818183263c4a
hprc4_L100000_6495	008908e470ae107124500b6ac907f12f389ce6387d72f564ade28c0564d27c86
hprc4_L100000_6496	93c53a49c5e04b1638f32f8327f6c063303050e83495961e54be3d10fcaf0b5e
hprc4_L100000_6497	5c44fd5de80a249d7040fc52a83d6abf1d460c47fa4c7bcc4ff37cfad754d0b8
hprc4_L100000_6498	6061101b7912c037b57cbd6c46962136a10238be0778131da016c5f771856f27
hprc4_L100000_6499	8e0ef7bd9b1e1fc68c410ea16de1691e6469d0a913ca26833bf2c5e91e7e7f01
hprc4_L100000_6500	3c3c2f8670f08a0910038232d180e80760aff0edf4fa9430b7bf6aa5ffa7247b
hprc4_L100000_6501	17a9ffd4b50eb1d2ed60f0f43a64574e89431ef0624a24cb68be051b132f2fff
hprc4_L100000_6502	3fdf0ba37e379d6e85237e1bd7876510bba83ab96c4f910c0063ef4527bcdf68
hprc4_L100000_6503	52a1829531ad1f2384c509ca8302ce67771e6c8c8947a5af37ef8785f5b89bad
hprc4_L100000_6504	5737044ddbc9fe879620248acf8d0df947f8caaef4d4b9a9c2935598862a9fb6
hprc4_L100000_6505	6357d3bb423249fc8d797133f7623eef3dd13f6d672a887ae47e35f891347136
hprc4_L100000_6506	82e658898bc212aa8281ef6b71d6ed55ff3a6b3cf56ba0f9a8efc8ca8c3a850b
hprc4_L100000_6507	5e2fbe0b3bac16ba290ddfcf680a2579f9ba9054eff277fd9b29f63965869ac0
hprc4_L100000_6508	87c8a7a8096a8c7a1c0719df28c6ca5385731fa742691d119a1adb9e9b1fcf92
hprc4_L100000_6509	bced0b8b976c5a3751812eebd89d54d7e39552dbedaa41e9cc9a0fcc387b1c13
hprc4_L100000_6510	a2d6b22cf0e49891e6b36ac49e74fd4c5e05244cad8ea45182da2cf521a6a31b
hprc4_L100000_6511	73a21fa8e69987bd2e8aee535746c6ecf3b1d2bca4142d211011230c9d3f3141
hprc4_L100000_6512	cf60b616b848c6b78a708e5046da0b4adf1a7c528fd6158a4e4d8a4fcd50bde9
hprc4_L100000_6513	8acc6f304d6b9396ea9ea155b96c6fd902a52a103d15bdaf1f3aad77a5ebb84c
hprc4_L100000_6514	6db0f4719f9cbf42be101d72b6d6bc36cccb8c8776d89e598c93e6570d139bad
hprc4_L100000_6515	14351ee3afafa4425344cbbc803b599cad475ee59b83ec835dad33f3ab0e9867
hprc4_L100000_6516	f521072ba84c0fc7b13114423dd996137f9116f79d1a5f9f490af6c67bd7d9c4
hprc4_L100000_6517	c0d006131b80e4be45fb152c3210846ec609859746a1c233926e59e1f6881204
hprc4_L100000_6518	de431e8550217b035b75ca53f12cc6b5482bfa57216597afce458075afaadd99
hprc4_L100000_6519	e1f88c8201ba8f2598e71bc63ace3b815888044b58e9770a3d20df59808df38a
hprc4_L100000_6520	74a22353b5fada20d3ff5a2edc6d4bdaa16a8ae94491096f717e93936819ca4c
hprc4_L100000_6521	610b52aba4a833948c76982422625b53a933d563a13a593028a891a9cdbff3d7
hprc4_L100000_6522	c40c0db7b06ed5bc99241d8d513809c31f327791559facde5e0959ae62bc99cb
hprc4_L100000_6523	516b187734367866adf29a7e82f23b878514c44a6ad44bd1fe95b05528117c9d
hprc4_L100000_6524	d18d2ea1144190e80280d08660f4379b7aadda1ffb99d3e2c949ee149d68a9e1
hprc4_L100000_6525	275399ed970292aa78c665b9532cc74a8ddbac4b6b92489e3dadd20cc9143f64
hprc4_L100000_6526	1fe475da032ad3cafed35704411fd0902bb5ee7743dbc901e0744796603fc4fd
hprc4_L100000_6527	d5c21a9b35868988d078f8760b96b1b835b6c70ce5ced570ed619721361a3930
hprc4_L100000_6528	809c45ede296e78fc72c25e1c68667a1a9d2ceb4d5ef84c1191eebd0a1d313a0
hprc4_L100000_6529	f99c574810f0719b32062474ff29e94ff0e9bba8dcc050cda49034b00069bd25
hprc4_L100000_6530	815a00113d5820d711e2ee1116ed56b406d5b487714e2d3cfd0b151fddd6f856
hprc4_L100000_6531	f4a6f3c2ccaa36f589815877f6a060d505943828884875a68a493a9cb6512886
hprc4_L100000_6532	735ff9092d74ecde2848ad6e604b05ebe64245139e0692575e321bd9c9b26a97
hprc4_L100000_6533	3e1e17435bfc67ccdba1e5a910a22dace1910ffa93afbb7c029ecbb808b08d2e
hprc4_L100000_6534	5aea7c7f4ebb4ca07c0351f22c70004cde805a3a2b270287837ee1b1dc7a2b13
hprc4_L100000_6535	74016efb3b84e61ea78e48be6c2c8d8d378435ac6ee8854443e1016f3d01ca75
hprc4_L100000_6536	95667e0f53860c4df91a7fe34e0fb7e900b06d7ea6e70db5624ca67bd645a768
hprc4_L100000_6537	65d5c9a2b0a2038a5f672a43e7c9feda554a6be6364f6a5c627f163da826ea57
hprc4_L100000_6538	274fed9de9bbe6ea50a6e90ece7b461e1c7177cc8d7c89bc66c0ea18479e3a9b
hprc4_L100000_6539	7ec9bdf9e95200a2fef777eccd7b34bbd54159795f61a1060b34e438879b42d4
hprc4_L100000_6540	4f85dea403dc4e146733fb139bb2b753825437c96b71376dbe1c7e1ea8364f5b
hprc4_L100000_6541	c91f28aef84370844c42723df162d6c60efc8a57554cf1e6ff47fcf9d43972b4
hprc4_L100000_6542	0ec1126ba52e204b8dafe2995c3f0aebf5d56ceb607bbd79adeab182e9db452a
hprc4_L100000_6543	f336487528cf323834c4fa45c9ec1e092a76dade020f033e85d5d7f1b856b469
hprc4_L100000_6544	66debac2fecdb59eb366c0ece08c1a191c9f669aa647761ce09f975c611cc767
hprc4_L100000_6545	65579d90795d7fc733fabd69d8601415b281ab5452fc30cc796fa783bec900a6
hprc4_L100000_6546	10a17f19837165301df3a6d5402db43aa52d320c31767cc2b1291036ecc898be
hprc4_L100000_6547	9ef4250684b1d1ff62faaa3a95dd1d47d6af9167969b40fd785f22edd5804b97
hprc4_L100000_6548	2a484406996b388e7925630fcba3ad8e6b954f87ff293d3bf4c5acfc5af98c3b
hprc4_L100000_6549	b02c3f0759800911eae08532984c521981e5a5e9838cc0b8b6b4e10f60dd4e4a
hprc4_L100000_6550	21c80f8192aad532f122ed1c01b1bb1978bedfddf7df4f96a14ddd61aa26abfa
hprc4_L100000_6551	a49911fb996652c2c4c742bbb21016b82075b4fb52f5bd563241024fa9a18acc
hprc4_L100000_6552	0edc527c1b0d45453dc8a739e478f5ae916c80e91fc3241627a9e5ef2c8d39c4
hprc4_L100000_6553	79af0ddae14e96454db77cdc3ed404e02c579c8b11fef4c2df839a2fd3849198
hprc4_L100000_6554	ccc7d4f9756cb474622814e47986eccac7849611bd5df4ba87ce631ae389d71d
hprc4_L100000_6555	e80f98cb88ea696195cb190e15f83d9ba36bfca2f28193dd38f5605735578a55
hprc4_L100000_6556	c8e129578c8d8f3c13f2a6927df6beb7465b439ec34fac44e1bd5093d9902da4
hprc4_L100000_6557	471f7bab3af84fc411eec918dca04c2152d7a6835ae8e8cef7fae44a2b22cb23
hprc4_L100000_6558	d29b80f8ed66d8c14e1f1f9eb74e99ff0ea329f7461db4626d84c3907cad816b
hprc4_L100000_6559	b2ce4b38c3b122fdf3bc92abbf544d184a99f254f741700ce85fabe5e8a96807
hprc4_L100000_6560	298dde587fbcd3f02c8d0abcf5e107f617653b28beca5121d61e957e75e5d228
hprc4_L100000_6561	7d840b48f4c6f2751bbcbd18137e148afe049597d4c48923545c2ba3f60e42d9
hprc4_L100000_6562	24e912f8f6731faf342ebe0cb9f038d5b14054cdc841a88f825412194c12fab5
hprc4_L100000_6563	6ef7f9be70cefa3ded3a7abedac2ca77befb11debbf747cb57a39c8b4fb54de5
hprc4_L100000_6564	427877b7ce211bd5a3bead8643741fce8d3512c0d114c11ee7f3af578ef96ad1
hprc4_L100000_6565	feac4f6d7ecf359f3e3b29a5a8d6445d2936984c9d3601974eb17f30cfd595ab
hprc4_L100000_6566	5fa542758aace537793a8091c6323f5049f663a302d69bb510d54d61da3ce6f7
hprc4_L100000_6567	90380ba36c7ec82601900e3258197ad6f9ee5a553b4ead13573556a504bf9404
hprc4_L100000_6568	a809047ed0f941899496aa81cef34178a663d1ec768ae61c73b0fe38d5fec329
hprc4_L100000_6569	f14410562335ef45602bf6190f18e56a8f046cd48a76ee85cc61b2690f14c624
hprc4_L100000_6570	3746c63b345341a521059d5d90f76bad8f9524fa42537c1fe7d81d328872ef84
hprc4_L100000_6571	315d1e1891741cc40417399f44485849b021b18b9f3002db52e3f5e328cd7657
hprc4_L100000_6572	e1ab22fd6c6dd3ebe09868642ddfedf54634247c36f939ea8872f500ec557433
hprc4_L100000_6573	0958a8b9717ea9ecf222999019eb8334a921913694e521baf6982e0fe46b0b44
hprc4_L100000_6574	5a0688736f74b566f2e5e10145a5aaeffa71cc27675e5b2c3d96f331880c50cf
hprc4_L100000_6575	a2fc1374958691fd0c7831df54b6849acd3837bd5abf368aeb6f59602c78c3d7
hprc4_L100000_6576	5f8f5902f7ec80f3f693a7dcc1b535d0dfb4b5026b57578cdbe345fe4966fa33
hprc4_L100000_6577	bd6dcae89ccc67732fba1f60d47293f93949cd65baa111e590ba8e175a2e3fd7
hprc4_L100000_6578	9914d6e3b1a4a999130a3dedf356595cf63072c01b192f66d4a812e6ca85ec0a
hprc4_L100000_6579	12c2d9fc1b7311815d9401b4d9018fd2b95d54735982923722af4429f2e99bed
hprc4_L100000_6580	692057656cd695d0df1fb4e61e233c2183b0aa4fb427ea11c554b9a141a6e33b
hprc4_L100000_6581	b5b39b5e3ac0e52c6e6f26714c952100e72bcc23f8b462e48144f4da6ee35310
hprc4_L100000_6582	f15f1c778fb2bd45bcec6ca3949ff5d502430ce4093129fbed1e9ebc6204d41a
hprc4_L100000_6583	14859d1f14dc17b2ca3eb819b3a5da5036b8e4b5e55377c7ee723cde1f79be55
hprc4_L100000_6584	750bba58d52684df7917ca7f83dc77f5cc41eac46430d7b29cf402a81cc1ad88
hprc4_L100000_6585	1d58a02d559b165e878383d13e49d3d99fe702bb4c72fed70fc1cccbcea155b3
hprc4_L100000_6586	4a267083d6f8fc61d24f0b5a397af2b8d63af5e9fb853f1507e819e081b69e07
hprc4_L100000_6587	27ca9f55c60de73fbc0fac490f3e509085886341e32929981c211a87ed46bf8b
hprc4_L100000_6588	f2a1bdc384a8a8037d482a1f22d370615a689fcc5222676caa9869d63359d514
hprc4_L100000_6589	be11ab725774400a0d9b83a57f4b07cdbf161d08fff58d0877d953cc44297532
hprc4_L100000_6590	fabea6b791032053814521ddfc131e0607e03529c1a8b58dafc70fad3366c990
hprc4_L100000_6591	cefb8395f6010f8d263fab53a7b9b4019877403cf4cca59aa6791177bb3fa9fa
hprc4_L100000_6592	e94cfad499f82e081383647fda2139ec5379f551bed63c6beaf30c0555110eaf
hprc4_L100000_6593	b78fb03819ffa2dcaa01b40af477bcd5fce027ed2b5a41e21f939df907e98e26
hprc4_L100000_6594	af3716f3344a6c9e2bd391b2b8f688d859d22e47741a1d10e753e307a11f3ae0
hprc4_L100000_6595	4cc67ea5c388302a3e986a85a4945072ce1ab2c8503cf73093754a0fa05c5d2d
hprc4_L100000_6596	6525c1077f90f0a07e3716d91bfe503c807fd95c2a9147e6c88c49fccd3efd11
hprc4_L100000_6597	bb869a067be1bb7e1194db5fa8397a374b23abb909ac7bb04eaa2f0346c41d19
hprc4_L100000_6598	3f430c05b1fb9d7f63969ae5af1f0b7e08d8a9fb5076a416feabe9eaaf96e0eb
hprc4_L100000_6599	ccfb439f9c3f97256e52f4b97a763b68df7f6adf2ff92c5607ad93695317e282
hprc4_L100000_6600	7310a8220558f0165f55ae37a32a9e9e6f24615328b34b3e983379e3680cae2a
hprc4_L100000_6601	1934a970d268b5ee848aa075cca71a8ad4d87e9625ebc1121bb2593607e1166b
hprc4_L100000_6602	b61b1baf3885142886750965f4f9131e72266f26f8e897327a21f601ce270f08
hprc4_L100000_6603	f369038044edb742648861867d43c06986c43556c72562695f8a1a5cc16a0c40
hprc4_L100000_6604	bff5c83a64025e8b4e60d0d97f4dc0123feeac1db3459f0c3df5e3998e9b8ee9
hprc4_L100000_6605	46375e4640a38fe08994db84ca7e5be136fdeb7d744f5b23d14d6ecb78db1997
hprc4_L100000_6606	d3519f9f5f4b94c8cd709d876036caee0a20f56a16b3909b8c7dcb7a82e76b03
hprc4_L100000_6607	4d83409f002e43fa0161cdd84dd5d61193ebb2fb0ef2e2d871d7d39c14f5aaed
hprc4_L100000_6608	154b08d86554da16e507ee80b0dbcc79820addbb14c2f04e8807ce7c5e50c5d9
hprc4_L100000_6609	c6d32096195de249c0863b5c822b65a329587289fc93c8653f6409a6ef90e2bb
hprc4_L100000_6610	2750aa939bba2ff3e068cd2e2890161407b9ab56830ad7094be5ff27f993ee0b
hprc4_L100000_6611	dc6c609633c012e6b6c105efbe0dcd0c197fccc22e1be795555006d346f961f1
hprc4_L100000_6612	052784bb2e4a5963234b96312697c8a1ca22f40a3b8f46675bfcd11a798c41fd
hprc4_L100000_6613	b57fb25d61d69bfbf9555bed304cc152933e0436f991631b17d70d43657adc96
hprc4_L100000_6614	b03826ec706eedb74a6ff344ed0bcbcab3ccb6a4ef3e650166391a3bc0c9ce5f
hprc4_L100000_6615	bb6480cc5ab52e59da019378afea87c9f51a1a06d93333da858e613808050013
hprc4_L100000_6616	9ae5afd59a731673e994678acb2e216ee3e640ab3cdc2534134b6195e0ce47dc
hprc4_L100000_6617	5f047a2e159bebbfcc5f9e52f2d85b3875ca0947dc69f3f1eca963727dbc5155
hprc4_L100000_6618	ae8dd081a4ddd22d57e5681c0db0c8c50c21de1e950ec7553fd77331621856e1
hprc4_L100000_6619	410cc486ab39435cc4b9ac22415a27d2c698821e911ce6d636880c8f5daf1bdb
hprc4_L100000_6620	4ea4f0d7e9328c94b8a1277c7414f1e2306f5c66c7096b3442187d686cb8102b
hprc4_L100000_6621	bbcabe1804f44544736ee7c871a54f512d985f6f3f15257d814f934a639ed56d
hprc4_L100000_6622	5f755e08388ef7f1d083a5d3934c83a5bc3d2bf7a2d72b5475907aa2442b7aba
hprc4_L100000_6623	ef67a61ad03cf82cb9c62c3561e62db819d01f0d96621fd273fb82ffb1f6df4d
hprc4_L100000_6624	da286d683a86c603faf643b744a1e32463017a85c4edb2dbfde910f3b9870846
hprc4_L100000_6625	6fbe7a522104d8daac0dd22324545fc12b47f8bfaca96fb71a330b526b4a7c94
hprc4_L100000_6626	1aa641934173defaae6d8aa204bd886c19ad749f3f32b5b334faf54317781166
hprc4_L100000_6627	4c3c2ce72b3740cc772e68374c233d30ac30d956ea1c515b3b1b6dc5e747dc60
hprc4_L100000_6628	6dbd66d2792fab896258451335204798f4c755163196464f0c019e25e582ad20
hprc4_L100000_6629	251da650cb60df1da2d43266a6edb02bc168d6c5c169327d123f9c8378ac2226
hprc4_L100000_6630	8c9490ba9bac7bf1e3a3a9e8fadeb50547c520a5ffde36c1d76690cf848c2790
hprc4_L100000_6631	34e6a87f9e686a80c801c2d2f52832c48aa289b2b3890d0870e13e2d4a63b1e4
hprc4_L100000_6632	a7d35999c96b45aed8f280031afefbe67046fdebe5ccee7d4bc95117bf7c9ca2
hprc4_L100000_6633	04d25ddc48f701d439663d5f56fad6a09c753881b83ad8c0b89e38cb5445b5d2
hprc4_L100000_6634	e2bf657e30cf99e1e4e6ea7efbdd08c8ddf60763266ab52617229dd7949f8858
hprc4_L100000_6635	0b58d0f871507c77fdb73f85972ee889d5edb86c481a3e6ca375ad79f37b5970
hprc4_L100000_6636	d4f174ad2f28ee49869ed1bb7e7a6cb76564630652e10581dddef1bfd85c0a68
hprc4_L100000_6637	234be084009e1c02e04704cfb32c0ad1afb4894c9ae82c17c1b3e36d386a905e
hprc4_L100000_6638	f5bdbfabd457a340a4c108cf295e4730d69eee93e5bda9cebdd61e56ef9dfb6e
hprc4_L100000_6639	2b322dc47df6f5440b6469d74ce84e7e80dfcf7dfc789565a8e6f944fb1fb69a
hprc4_L100000_6640	bff0023fa4c95a4871a5a4d92633641ca98fe731fa40e46f16394de9b3b5a3be
hprc4_L100000_6641	5f5583c2263d714c932780cfb6e713dc391f723081998f851905a94aec149f7c
hprc4_L100000_6642	72d5b5ee7e1b25d85070f0841a7e2c73cbf7eea3f22a7133d225b780cac52d67
hprc4_L100000_6643	9b8129918ad06cade0479502514c00fddc81a0aa8f047a9f7ec674336cdcb36e
hprc4_L100000_6644	19899f51bde216a0dea739bf2aa0ad0dae796a5dbd120ee9dafae3a07fac33b4
hprc4_L100000_6645	fb59f14781147af2322db86528088c875a4464690908cd6c4d39a6c9d53237fb
hprc4_L100000_6646	6f8ef8441046a8b97f0328f89abf9c61e9a84ce3abf9eca0ada6dd9c70af0f88
hprc4_L100000_6647	4dd562514f2338c14c9a7b71d89df5ddb8c0f068bba77991ea497a4530f6d5f0
hprc4_L100000_6648	1cfe98a1f32cd451bb68179dedd4ac8ac95b29af63376318a66fbe626eb93fa3
hprc4_L100000_6649	c4a79f593912af846c71242435da5513272bacc5dc4e9d7bca4e542caac2a2b0
hprc4_L100000_6650	38aaafba9f30748362f8e91824a72347d2d87044e6d79f62fc732fd9ad12a574
hprc4_L100000_6651	8b645641263053d85d4a9055d771b26d293561b5f0f1e290c2196dabac2e4e90
hprc4_L100000_6652	da134a88fa007235fc520032adba44d32d5a408ab1ea7b3567556966e932d058
hprc4_L100000_6653	0198c446276fa8282b35726a4fa92edecb3e856beaa3ea5cf7c740d0420642d0
hprc4_L100000_6654	4f045041853d24f95d66c75707da6d68c91eaff2a144b5652d78c4fd5d1771a0
hprc4_L100000_6655	1142720eb465735dc3b0e6ba967c16797f379481bbc2f0253d15670cefea9cae
hprc4_L100000_6656	e6f2115f3a1bcc6a46aeff6f1f5823a9933e00e59fb2c3349f5767257d909c1f
hprc4_L100000_6657	5359c9988bad6a233d6295111b5c8ffecbb8195185aa85f4c6e618682f0fe732
hprc4_L100000_6658	b816f6facf469f4ba65e0ebdb934afe9e8ed17f689932f8fdcde89cdb193bdb8
hprc4_L100000_6659	29428af3b46c15a34468d991a45b1f1a05d2ca47b38c9d99cd8cba32b2e74cb6
hprc4_L100000_6660	e1d9270aaa850a376d957335b5266c6b41915b981fbeaf2d1a2afa7926a6400b
hprc4_L100000_6661	25e52b58de4034e1ceec9c75f935bd5165e8ffaf396227983a6b928d584b7e86
hprc4_L100000_6662	e56d69c9ff143c616c34544df130f756c7d9419a6bbad622c966d28f57a31ff0
hprc4_L100000_6663	46c62c282e7951f0f20b1109e9b2ec77d67c942366ecc954b270fdfb36ceb71d
hprc4_L100000_6664	4c2177b2e166a18420cff99f2c32628917a595eced8aeb265e411216b32645de
hprc4_L100000_6665	68b1841c85b069dcc540203e3afe67aa99ca44689ced8f7f92de8a9b8fd91981
hprc4_L100000_6666	d57a1da3cde6eabeb60d303d678b1b68d187339e5df0ce9a4f1f265629d6aaa6
hprc4_L100000_6667	d1fdb09543db3e5913b0c1b49a61aab59b8c38c3f79acfcf86b435710dc016ca
hprc4_L100000_6668	43bf486b3045a1a0e1d21525dfa62397f062f373b9d1ca7aed4cca8a87d7934f
hprc4_L100000_6669	1496b1f8efc76cc30b3fac1aac44d955d0c3e1df65dc779c5982330dcd2e8880
hprc4_L100000_6670	0665750e4c0d8c3eb63a6cdc3154de875e3136cb570226558ceb424d6a339d56
hprc4_L100000_6671	2015e6097987e9d12976350c4c11c9fbd37ee33f3902575efd28753e6ec4b274
hprc4_L100000_6672	c1d4cfe6da2c8a033ef8116270ad253cd72ec26da43894b159392d68203a3d92
hprc4_L100000_6673	6b2d9dbbe0c729aafe0e78bffab162b0112464c20193bdb6201bbb9e3d95e8a4
hprc4_L100000_6674	dd1eef2d6d8653f405628f4780cd926d266bc59238119441d141851833ae8532
hprc4_L100000_6675	f63da4683ab026a85d18ee06bafbdd046c484b4366cba79c301485f75e25b7e1
hprc4_L100000_6676	18b34c3b7447572d27a7b8b9faf8f8ca8c9dc1c00320f24234e1b3d2a5cda2fb
hprc4_L100000_6677	bb346bc3af1f06c64e41089f1bfac352545193449188663930d94560fd708c9f
hprc4_L100000_6678	5508bea867fbec55bb7a344028642f5091f85e131f2276d483bcb97095f328dc
hprc4_L100000_6679	29f2227280accb553b7da008bae79b54b299d9aa6b7b440ebb0437465b84aee0
hprc4_L100000_6680	66c77921e710fe50cd8163810054221bf3393ebdf8809961aac0b9e4bfd9b0f9
hprc4_L100000_6681	daf2be9efe9482945639446fb7836c620c88421359a3941a395d666e55336cb8
hprc4_L100000_6682	1501c66ccf84eac58dddc2afa3e95b03e21c9e00e2a3684bf10633ced55fbf6d
hprc4_L100000_6683	ad7474feaeb0413aebd206414c6611e36ff908bbc5cdf1768fab72a8cd56a2cb
hprc4_L100000_6684	9cfa0f7b4106eb08b68848bf67e7241bc10c79b5e5d7d6d1ccd7a48de3bef41d
hprc4_L100000_6685	a7cbdd4ac1b334cec7e6d7795de61edfe1b9fc204cb6b686de8a43b685c1ec6d
hprc4_L100000_6686	fce70a308892b851ed9a4ad78d3af3b071cf0c3252e88bb2aad8283dc3f9525f
hprc4_L100000_6687	2225cc25be794fac192a41c4618a9b2d16c12fdbea4feff2f2f4576d163e76fa
hprc4_L100000_6688	36afa898bcd8fdabe896e70c22b6acfd0432811e372071e76b87003963b8f566
hprc4_L100000_6689	9bf7e39b5d9b745f9d69c41bfc214248842334f966ff5a419ab8c7c6e041fd86
hprc4_L100000_6690	4d630dd8ea53c48ad79a0d9ac0759cda5ce1f17167924c73b19164016d63fce9
hprc4_L100000_6691	d6045acaea550da1a993fb2abe2a46b9277c74900eea89328c5da3ed847163fd
hprc4_L100000_6692	017724ff08cc04d3cc641c71682f2963e9c35ba2e6d9abe3811cfc39fdcc7c11
hprc4_L100000_6693	12451484b215c5eef1f7f94fe548cd5a38586e4b6c2666d1dbc462aff5087fe1
hprc4_L100000_6694	16bff0ca83caaaab3550cf755c1c3371774a81b5b4154aa498b09d593f2ce7e3
hprc4_L100000_6695	4c9a1285d14ec388f93e45d37d900f0dcc6acea8197c7b7d63ce512c84042ed7
hprc4_L100000_6696	0efc5253cc5316a243ad00fe602490fd7656c73014d894898460e1088dfc1e22
hprc4_L100000_6697	b659287a645c698ae3b130f14c2ea5bb774eff7013b37df8dc02d7e031baced2
hprc4_L100000_6698	6b3747e0cbb8a8cf23ebf8d0d16aa8d7e945c339e8abbdd148b86c3be3a2301c
hprc4_L100000_6699	a3863659da61ad6a4f11cdc555a201a106f5ba8e0c8a5b62e78e2b96b1dd758a
hprc4_L100000_6700	c5d7c938b971379a9aa88c74fee75786aa5bd7f2e8482cd54026a082f4793089
hprc4_L100000_6701	7e558507b093a7bec1d7f746bc0c344f9eeaa992210dec23c8692e281a40507f
hprc4_L100000_6702	95fdb4001b0227affb89a1cd98f41d34ad046428829e2039788a8aabe2c83926
hprc4_L100000_6703	665abb23062b7a31c8fdd992182d667554e42c8b637973742ad08d778461cfd3
hprc4_L100000_6704	1c7956e3e8036947c4e4ae73fd96d396361c93ad10867b24493b111b522ed4b3
hprc4_L100000_6705	b2abf9daf9baeb127832b5bbb7bd67813731db44c23e37c05ffe37c0ce730cc4
hprc4_L100000_6706	6d2b15e6a31aac93a1a061a6522673ae248c0afa3f663968b794780f889f5a48
hprc4_L100000_6707	cdc0aab1e07e3034415c60d90fe022012e30592c470374c4d9af466c3ffff35c
hprc4_L100000_6708	5815d92236cedfa17c85071c5f5bd855471f01b28a798547381af3a8456433a2
hprc4_L100000_6709	cdc9b0803444fd32003c3c3a44a937e9a94e12f63c07b7e64573aa08b833a515
hprc4_L100000_6710	8ae93980125617aaec7fb6076efba6acd7c9566e29029cb87883961cd9013f7c
hprc4_L100000_6711	c42129494091127e56740390a8a2a9935e038b05fb98fcdc9e4a58b3483eaf51
hprc4_L100000_6712	9f6f135a54bc2408ec4bba5d5c6f82a479f5229946e9a8f44c854a3720e6ab35
hprc4_L100000_6713	c61727f23b4c30befc9cb290c2d8cc8d97c2b75044c290dfa1444cb596088fa6
hprc4_L100000_6714	2178b2e160372e7b6441aae4648cb00f12b3fa9c760c2113360c9039681051c1
hprc4_L100000_6715	54def70b5b5338e030b00ee5965aca80ff36c30f9db80e14d96a032f8e752dec
hprc4_L100000_6716	39b9609556454ef7bec77961d318cf92fc5f1ea421dba9ffc643ff559ef3d690
hprc4_L100000_6717	57f9a9ba0cbdda9ca845c4d41952d101e8e14ef539e0d9b0f2e3e039623e5907
hprc4_L100000_6718	3ee67245f012fff00049b7dea616369bb98f80f1415d3e65b1db0c537f4e12ea
hprc4_L100000_6719	ff3fb835ce4ddcb3aee978511e0781b5a88f896ddd20de1e57eba7cfb56b1dba
hprc4_L100000_6720	5de71ecfb7282a2c762ae633a646c3c2dda8a358fc5d2a5acf5e690a816f3324
hprc4_L100000_6721	aac499849db2d6a8ea833f49240fb1dd71b9296d8649d7086b6c76d41bf0a2df
hprc4_L100000_6722	48b883d0fbd6603c327ce15ce76887602fc9f3e9c05ad6fd80cb033450e547c5
hprc4_L100000_6723	7061be4a0a11a12c5c5b99fd007b0d7a52fbfa4db87f28a49a60998dedea1098
hprc4_L100000_6724	a7d533f28f066f51726c982abf6d04e34368f152296af9acb4c562c634dd7117
hprc4_L100000_6725	855a865e00670d55d598b786f3d2d59fb50f43ee90eac67307f453da3b4fd6dc
hprc4_L100000_6726	7f4858e7a8635d0a41b75390b2d77d9c77e64bd5a0eeaac605ff3c53f5f9cea3
hprc4_L100000_6727	f97d00eb725a549fd626eb1d6d8efc3d757a97581e7eb7cdb02883f4f99e2ab5
hprc4_L100000_6728	1441e12f9010a04b1322295915de8aa135ca5bc4af17e6c8484d5d6f464b62ba
hprc4_L100000_6729	b0447d4c417a731b7db06cfa6f90c3358f23131b53e36cd7684fe819e389b062
hprc4_L100000_6730	e4aab1da498c5dafe8ca7c01666390342962a6bd6c97df5c2507760a26e225b4
hprc4_L100000_6731	dcd269b650b9dfb82e3eb6a5074d53b25b59c7d2ef7bc33e36ee52d07696f5e1
hprc4_L100000_6732	cbcc400f7da1762dec428393af9737675f70f0bbb160f9ef9618f202580e5599
hprc4_L100000_6733	9def5b9500552328ab7afa4dacd74b28080223fb9aab88ef9044575bb5249e0e
hprc4_L100000_6734	321aec2e9fb7b052ffa38f8990183c5d38b70feb421532b09989979485d2b2a6
hprc4_L100000_6735	940b218f3bfa3cbc8c5fce40a064b249acc9f433dd6c5fd844a7ed34c6740dd5
hprc4_L100000_6736	a3993a31830d7c3f3599f6c2634a0705f84d4cf3804822cdb44ca77c3d6a59a6
hprc4_L100000_6737	ccc1745589fc025bdd7db7245446e7755d08d923c906a7318b4ccc872d7ab64a
hprc4_L100000_6738	b8a7f850005d9bd288016598b901f0cbdf55d2d8f14c3c19c0462fea5d03a7ed
hprc4_L100000_6739	f0e451c8921bca75ee247b48e77181bbf1be6a998d87c9410b76a12435927a17
hprc4_L100000_6740	74fd87ba4b972442a04630d007388804fd65264e0632216e477a20a6cf1f8f1a
hprc4_L100000_6741	48fefb77a4e237db580aa60a084d3bcfde40a008b0c0fe29b4ff277d436d232a
hprc4_L100000_6742	51e9122b0d02ff98ebe67eb22f5fc711a96073aecf12dd2ce97fecdeadbe2103
hprc4_L100000_6743	7814fb16ccd11c84cb2f5732510ea09675c34b730205a32f3535e2c94bffeaa7
hprc4_L100000_6744	c5127278e7d23f3a8fb335c27846bcd7e8b8d01a0d567b77dc08072b25474931
hprc4_L100000_6745	3c9ab85f784d2d56afcf3a9c106f72414e7bbc774e4dc8c887d1885069f2e7dc
hprc4_L100000_6746	2616aa70faab74acc8c88fcd4c60477e7004d0b988275811d02b2ff8851abfd4
hprc4_L100000_6747	6f6e26163e0bd9ddf614433f15ae29c19d916fb9a52b9239f000b3ca509dadfa
hprc4_L100000_6748	a2c6d2e8e7a343a6babb9f5d67d710bf4ad9216725ddcacf19ec6e1cbabb862d
hprc4_L100000_6749	2a7fe8a3aa3fade48588605b3d9264ff9be13ae6238afc4e2a4d44a56ea84e44
hprc4_L100000_6750	d8d85de16fa6629df2db5129b8862f118dae6ff0f976db9b863b95597102054a
hprc4_L100000_6751	802cba3f38caa60e5fa0c5c8d10b3153c074309d6df64ca51c66c42774459995
hprc4_L100000_6752	b369438a667e0b157048ba6be282979f303441b3f424805c033d31d8de4a1b55
hprc4_L100000_6753	3783e1f2e7816de4a3ebb70933a07dcee27f997db54f742eeb5ee59d10ba4ba0
hprc4_L100000_6754	40e4f0bd794430c20de3ac5687781f9e67f26bb239b20d991cdb30615955e5da
hprc4_L100000_6755	5f0e74ca3eeac9756e011cc2ee2facfc4c9ad6757405f1a7195a3b9ff924f0b6
hprc4_L100000_6756	8102263fecd863d81a1ac7e9458af0b3204eab6f28fd735f463aabac10f5e8f3
hprc4_L100000_6757	da250497c826604a8a152d81db8a234271cbea1f6db4853d99b35901b0e7c742
hprc4_L100000_6758	01dbd2c7cd92afd8bafd8af5a1d1f31c01c0dc7e09924919e4776e99035f75cc
hprc4_L100000_6759	f49db45845af9e63f9cbe8056980374e7dba282fbae3ffcf2ab265c424be9260
hprc4_L100000_6760	e289d6179fc9d35110f82ed186d2076719e17b286745e9d2c0fccfb9bbb9c907
hprc4_L100000_6761	2bcf05c33ff0af7662403eaec5270692fc1ee2870fa58a284c7a641658c72ccd
hprc4_L100000_6762	08a450b7b574c6807671b2939c48374f19b980d87c3bde7e8b56c0f2df8852ef
hprc4_L100000_6763	066c70ceff1c3ef5325dfc1ddaa68e6647294b952eb6ae325715d5ad1e645484
hprc4_L100000_6764	3dd4beb8d08da1637a56ccc102a8af612119f9cfdf298e44f72d982560c21950
hprc4_L100000_6765	fc9bc9026d42b876c4222e2326e27a7820a88f7017f1d84ed96d9d45788c02ec
hprc4_L100000_6766	814e2c8c78665cd77d3a79b943c619b33780bfbb69cd9b769a80404b85605393
hprc4_L100000_6767	ba49b65b45f196f8143d36a405114e6d615645f569b8b3b052886f4c4ee87b25
hprc4_L100000_6768	2791ae4a58980350ae58bda3d2404ec0d2e1ba8c07b0d8b928dc97c41f66bd19
hprc4_L100000_6769	79851d33f4937c7b4f1b8caac0b1b06ce450c78130c462395de1576525fc0a33
hprc4_L100000_6770	88f59cb0b9324c26769aa77eb3a6e2de4277ecf41f72dabcebf8bc27e9d22deb
hprc4_L100000_6771	06ea726f861e1570e741c5e2eee2c5094c65a4f2663c4b7f3fe5c953ca175914
hprc4_L100000_6772	b25c972d23bac168fe2903a8ca25ae11285a814685d0189d4ed94d7fe85622e1
hprc4_L100000_6773	278ad970ca306d6a1ac649f3854f553d5ae694ca6536ae17d933a59ceec647bb
hprc4_L100000_6774	401accb3d894c563b61012cacee7cf48cbde4f2dfe52fd35d52f65424cd95e65
hprc4_L100000_6775	56de53cc2f6b69fa7108fe076c383df254f773aca87c6e5c982abdc8ba73f880
hprc4_L100000_6776	e84a0a1d61ea42e443f24228aca11e0a9e1eee29ef90eaa223ee3cc207a9e280
hprc4_L100000_6777	4871ef7917629fa3dec04580c78949475896b3885c727a6fa6f2c41fb09b894d
hprc4_L100000_6778	edaeeac60f0667e92d2f9290c6dae32c1c738bf68a78b85641f67d5443e3ef37
hprc4_L100000_6779	ec509ddd60272009c24e03f3403e5e1b90d245c48ee806b54cf59090c2a45cf6
hprc4_L100000_6780	d080838cb552e1575c8924caf809fd0675945d61d494a4219c20f1f49dbadfea
hprc4_L100000_6781	627b5c34ce9451da92fd51c5145386b69f798abd5eb9c78707ff558745f67934
hprc4_L100000_6782	95e5521c86bbee4982b538d162cd444da36f65caaffde9f4250b42cd15f34df3
hprc4_L100000_6783	c5502a6e7da19548aee70f41b1a6fa5d954f578366a45242c031a689eaeeaa4a
hprc4_L100000_6784	e7fd2611bf11ed7b7ed122665036f363af1d93380df818dc94e49188d5c2a80c
hprc4_L100000_6785	93b47fa88e86f07a79e8ff787626f155bf0a1d29e96a700d5ccceeb007ee9bae
hprc4_L100000_6786	39b2c10e59e510008965263652702e50c580cbab53c95fe71a20ad5d8c0d4c6d
hprc4_L100000_6787	7f7a0e89b8ec5b5c073c054335871760cd86150295a2ca2c11c0030bcfdc3f77
hprc4_L100000_6788	3b14d0a21e0fd7b8b140d50eb25acfb60400f99ae2920f6cefbf480c84679471
hprc4_L100000_6789	6447f0fe89d4618a4f4d1752d49aafdda4062340442cc3117710f21d48667139
hprc4_L100000_6790	8fd978737fbc3b1df6eccde3aabde0216df479d0c23d0132b5f67877a4656fa3
hprc4_L100000_6791	654d143be36af1b203e7e56b67ed99b0088c7080da815fb8dbef60bf56b8feb0
hprc4_L100000_6792	45661388ef82f4ff0e908e80237dae4f343c2b0f33c9a2bf717f22b2612cb98c
hprc4_L100000_6793	9f2e622358751f71afaf0ffedab188974afcdcdcbe74abbd825e5f4ffad00a25
hprc4_L100000_6794	ee9f6ad156cafc2d8c36754170e2c8131e5bb6a09c9b09cef66ad81813c02a17
hprc4_L100000_6795	26ed53346f103b78e2e7d3de776eb544e7dfae62da70de99875a8fc7c112a983
hprc4_L100000_6796	c7117b29b40ce30367edc7e25f00ddc174507df890b50b633d99c25dc79c32c6
hprc4_L100000_6797	355e517fc1ea35c93947a6149d78d588a00e5084dec7a60cc22a838e3c7f55e9
hprc4_L100000_6798	76473beb71cf1058ecf998a7135ccf2ef3e6b88df65059d93c472b586f9e3248
hprc4_L100000_6799	127a7ed2bede5e7d7ff2bd7a10649c6b89222b4c6decfd2c466c276349673b2c
hprc4_L100000_6800	93085580c1e89f31c7e41a72f5692905838b3cea4fab1f2554a3a7645ffb67e5
hprc4_L100000_6801	08984ecd6c68f06bb2a1c2179918b9ab893defbbf7b147b14027ebb7108fc570
hprc4_L100000_6802	fa090d82b05b071bf317106df81cb200e3a193af6d58ab05ae8d88bda0dc19b7
hprc4_L100000_6803	0b535b5ddffe26d1e9e624801dee311c74c0ee0c925a1832da033041fc83cde1
hprc4_L100000_6804	48374c9bcc06f0cf0a24b61bc83065c85101badc044fd0d65bf1c40381184e92
hprc4_L100000_6805	da608792032325904ba471cafb0d34dbc8089f224b48da5a37292c810a534af9
hprc4_L100000_6806	b1aa72d2e21a95e6f31cc2fa98db441136cd88afce3a40e75e8e0dd8e1e90b59
hprc4_L100000_6807	cb9c73dbc63c99628282ecc625d8f60c6b736db5b0f5f5a7c802396e864ede34
hprc4_L100000_6808	afc6702fa3ed4bc20c90ef7a4695d53848fb1bed9eaef1d0e7b769136a49e24e
hprc4_L100000_6809	40836f86b2e74ea363201758f7cdd204300c74a5bf26b5822ff28e6e2e413f6c
hprc4_L100000_6810	d15ffd6be7275e52b83993bf953b178a29c396e2b28041545b3666b4d4da86ad
hprc4_L100000_6811	24a04813e10a3df0a8ae166dc2405d5d315b9a48b9d67e5f61e3aeae595979ec
hprc4_L100000_6812	b3520dbc3d69bdf426f44d98003c7ba17638184157cc9f173b11628e1cce3ec5
hprc4_L100000_6813	b5a86091b7869e8cfdbfb71f57c973e9d7c4a8506586bb3b46d67a42dd168fb9
hprc4_L100000_6814	65c767e47147ba7637064346b693662eed138c83356c4f7e1a65cb4538d2c4a7
hprc4_L100000_6815	d18bf2c7b361ee79020aa76459878d49f9ef16b383941bb640a52860a651bb3a
hprc4_L100000_6816	ee03b5c7c36fbe8183684981cb8eb9d74570145b241f61d2161dda2e98dff701
hprc4_L100000_6817	702eb3c353c35d74551b72566e876d3d1a8dc1257a810a91edfe24e42613d4ea
hprc4_L100000_6818	5271ee872c9f8c8ddf384661cd0f430d43e3b5f938a2120fa4d5bdf610da2633
hprc4_L100000_6819	e94ddae4a6e06564268e3f8c5f6f9b8b61b813ac71cc1a8b45d817505851de08
hprc4_L100000_6820	ee56b254d697fad78b32e88475e0e22a7762f38252bdb288af23cdd3b69919fd
hprc4_L100000_6821	f19384057de299796443bb671fde57f460f05e52d6ec9e7813ad0a6ee94c2697
hprc4_L100000_6822	ba48f1cb98eb178872aa1e5f917bca75979591280cb1ddb97ffa8bf60f070cd1
hprc4_L100000_6823	8db6dad80dce48d2d29ed1569e3669428d115f9b0c92dccf9b925cac9a8816bb
hprc4_L100000_6824	728243785f73b957e099c995ee75af52e568268a96aa3e0e21c90282460e15e5
hprc4_L100000_6825	8eb1b921b3f51855e6e04eee4c7dbf27e2fc26853d01469a980fe943c3d9fbf5
hprc4_L100000_6826	aaf461f43a12f9c7d07b8cd7fafcd7a43cf45dee60bd9aeae95d4c8142d9eb93
hprc4_L100000_6827	01b0071297feee2089e09a25b59cfa29eec3e20cb029817b499d6448ff8d3bb5
hprc4_L100000_6828	8d4cee38fb998aad64b1086bf840fe96666d0eca1ee070ae6391fef5b5d74e34
hprc4_L100000_6829	2420f07c82926729e671be5a120598ac74ed7ac5602f33bacef3225eaa81676c
hprc4_L100000_6830	9ae556fad7c6f8ca66090ff3c1f5e9cac4a288cd9d82c9b734b5d31771c08ee0
hprc4_L100000_6831	0c90ee76bb02bf167692e43b8547d3b0139babc26393d5a4ba3bdbbc73796179
hprc4_L100000_6832	8faccc6697a5f32fee2511239c59448c8225cc067807bac44e11d6d64f1367bd
hprc4_L100000_6833	006b5b3b8dba306514c865f3b7a75bb32d3bb4604b596dd3a65ab2a4833f2cf2
hprc4_L100000_6834	90cb3262fc11dadb060c83c94abf59ca15935329a663bf52cf7fa10fa3deba75
hprc4_L100000_6835	5936a51ef991bd2345a88912bdee0b92cc25e64ce7654a3785c8ec944d2503ab
hprc4_L100000_6836	3ed123340caa343f70e4d27917d0fc850c7b73aa72befa5f322cd7012e3f18d4
hprc4_L100000_6837	94df592bdfe40de17ca76dffab95c8e9ddd7132fb0b748f5668cd4cc6335fde8
hprc4_L100000_6838	9ac5b04dee7806de89090704dfe97ae9ad37ab23329300fc3f33597fd0e84402
hprc4_L100000_6839	30fd01ffc93b3e2e30252636763e083bbfe5e0f287ae56e3f257b8b313d0394e
hprc4_L100000_6840	bfa5e4b2d6fe4f594e0cfd86d8295504839606133663a33b3a96e419372f1207
hprc4_L100000_6841	5347203dbb79e2d3239db79a62fe0fb51bb51f96493e5e79a4e2a46ac673e3bc
hprc4_L100000_6842	c7129ed1ab11ed9b75a46328dfbcd0a1c9767bbcbbb7be881b7431273c886f11
hprc4_L100000_6843	ddec26d0c44a786cbe9bb77c7031fb70abc5a915d97ad8c882d16b3e7d27a91c
hprc4_L100000_6844	21e5521558f1e103e29c45216c2034fb3beb03653fb20dd1e196b63924828652
hprc4_L100000_6845	951186f5ccd4b1d0202985ae6543e5e3fd864d8621d0a50af3bb34b9ec108278
hprc4_L100000_6846	f095613c982163070744ea2807bd6eda2609411a841da93a41432f277c1cecf3
hprc4_L100000_6847	e811ccdf70f08381372bfb1298ebf77a79621458a70cb07db7c99a9fce29b2c3
hprc4_L100000_6848	2378f1b882412c67eb63c02e7fa1cbc82ee3a96fecd8c7bfecd13da41ce7d326
hprc4_L100000_6849	3c12cf5dada7dc52a23bbfcb8d8ec9dda5e1d88ef5e034efcb9cca54af82fd7b
hprc4_L100000_6850	b6bdc360b00d669874d096205304db7384e083f940eb5f75dd97f7d5e988a538
hprc4_L100000_6851	bb6fc6a77a015c986c1ded549feac0f52c5e8c0d78d55c9e433679f745181dba
hprc4_L100000_6852	c9339dbd9bf2ed572078c14f9822c399c97be3d9d8a769e76eadf3cecb2a4c28
hprc4_L100000_6853	9736e75f2b7beea972c73aaa67fb427e68f82fd323cdc056fc38317354186205
hprc4_L100000_6854	1c242c0c41a42d5bf48bd751e87e98d7978d2cf7e64fb5a08ddb008f9203bc50
hprc4_L100000_6855	c0e232a3d08ef0832b1fd56dbbade51334ca421a507459e66a57e5685ff1c707
hprc4_L100000_6856	726ae36b66a08d8c01e7508ddfedcefe9b9f37146cb7e64cabac6e5f196f0344
hprc4_L100000_6857	6de96894775cffd1fa7304cfd49fb7414c9eef23cff681320dad0aea97b55bad
hprc4_L100000_6858	0e3d2ca173b36e757cd7dc3f5dfcb6aaca74a2048ca7d64c7e74424f34163230
hprc4_L100000_6859	4a323809bb7332a676131c8af4dcb5b0251daf23e3f9122612370442c4b75398
hprc4_L100000_6860	c5fcf7e974cc010c6920e18b3f4637b663436c8f2ec126b3c7503b6785ae6f91
hprc4_L100000_6861	0ccae1be8a0214cae5d352ebe1d1d9f63fc3161ef2a6c6ea9c4d8ae4032200ee
hprc4_L100000_6862	1be78bff3f5ab4dcce696615e0458db1b82e97a9b6acd6fedd33d5478b6a157c
hprc4_L100000_6863	a050e6495180f84cfc9d340b2efd69592243cfe26c524ddf1045658306b3d519
hprc4_L100000_6864	79b24223d53e30eab12fc9d608e399ab679764989120511c37a509d1923788ef
hprc4_L100000_6865	bfe2826fc8e58dfc3a6bfda94e37ad76b634fb1d6fa101eeed4f4eafb0ecea80
hprc4_L100000_6866	ef2c63fceac38556b050930a7aff7daf93d0751e509fdaeb920a55dfaf113c27
hprc4_L100000_6867	a99d9cfd5f1a91fa50e92ad210d8917604985ece5ce42be65e43cbbbe9f17fcb
hprc4_L100000_6868	b943a01a3a56bbcf5eb1a01deaad74104b0a2ae95d8c2160f6edbce1552381ae
hprc4_L100000_6869	c70fd516cf7dc5d332a384c9979f31cb4761dab215093357fe777422f990ec5b
hprc4_L100000_6870	d01b4f67a0238ab40dad5d6a240472a2e9915231ca917baba2d5a3b3136a325e
hprc4_L100000_6871	52ee4c817384b76117545642aced98a4479cf257bc1cccf505c5944e7bb46190
hprc4_L100000_6872	e6db4c86bb2fe6befc077c92efce75bd3ac0825873c37620f270b3a49af88412
hprc4_L100000_6873	a9df5f205efcf457c76fa20b2f6c1c6d8ba2567de6e1ce837e40cc15b9a9cfa1
hprc4_L100000_6874	94d87e3ed2d9450928d5ca4058e4d7a6b02c8fce23d23995f1d3f9a1281744cb
hprc4_L100000_6875	553b968af67e34c5083cfdb7490fe661ef7713fa3c4e036312403d7fa51c2676
hprc4_L100000_6876	aed47925140f19e0b3b0aae1902307ded997affb75f7ff682cd0cda6134cdf10
hprc4_L100000_6877	3e466873461ded0a032d7b28100b1af3c21668a9a93b3ac5e7f41fbeefb8eb9e
hprc4_L100000_6878	934083659332dd9e378ff7c243ad7c26dc501b88e615896adae7049c23424ee9
hprc4_L100000_6879	3277eee5334971307cf438dd0240c21efe4be2c503a1b88af7fa7c968db12a1e
hprc4_L100000_6880	43f8d48fdeea029adaedbc21e085106f8870b077926e5425ab0cae3867428da3
hprc4_L100000_6881	63501b21bfae13901d7da3c45fa71edd23831add878c0405ee3110e5f0b5c9ab
hprc4_L100000_6882	2f9db2510c0aaec48ae26de3bc8e18dba8f969e138c32378d0d25dcef8990bd6
hprc4_L100000_6883	8d3f3dde6cc1618baa9a4251e9ef0fa5441399d3d263ebfb792189a14adf23bb
hprc4_L100000_6884	77ab50938cc4493f41611c45dc8bad287c44fb8d8f64a58a4240e99a0e9a4d80
hprc4_L100000_6885	ab7ed1d2d007527e575687dec750c42347132c31f94d10e13ff6ddaf7ca2a387
hprc4_L100000_6886	cad443704d7f4d8458ff952f79700eac9f32eff03800e49372faab2550342f5e
hprc4_L100000_6887	ac044811b9662abeca07b2b75aeb98f6b8db01b7052900a6ff5d50e148683303
hprc4_L100000_6888	9d7c7908f3fb4b8ac7edbc0f50e452718a13989cec98abfe324d225fa2d41609
hprc4_L100000_6889	7b202798c0324ddf4c5354b0cbccd6ebb06a9e5de10995126e72e7df0f6b81f7
hprc4_L100000_6890	7a15863d773ae13984557032d6aa5964a64a5967000b93bac0a2332bf0cdaa5f
hprc4_L100000_6891	224d12e7e8a1e708e9d51037d00bdbb3811b265f9f06d505d5fcc7d028559e08
hprc4_L100000_6892	efc34ea1cf669d72ce94f2771913a172cc6fdb2871cc84b73064d83dabfe15f9
hprc4_L100000_6893	1fac03ebfdeef606b3329736722740dfadefe14e7280f3ef52e6bc7072ce42ad
hprc4_L100000_6894	a6eceba07ff578d365f45f0b3570274f59eb05cd6aa78020b72480e2c7e1c532
hprc4_L100000_6895	54c4639d48b883f7934e55093dd81db512714280d74120f60e4024ab38384b30
hprc4_L100000_6896	44d547ce65750046fdb099339830ff672a62eb21099bfecd8d2724a72b6743f4
hprc4_L100000_6897	457cfd7680db3b817f2cfd685f274530d649b3b4decd830d7e4cadfde0936c34
hprc4_L100000_6898	eb25bd6aeb5ca16e5627836cf5e978068ac78780a4402b139a6823e5fae3ce23
hprc4_L100000_6899	f25ebb23e693ade7d2dca7e35bca9702137e3fd4757d4a7776ad9ed099098e92
hprc4_L100000_6900	dc492d474c012c7fa4fd1416eec2f81c27bc5d04e8e9ffe0c4b857f0fa2419cc
hprc4_L100000_6901	4052f394f270796f205a04b712a6c3ecb86dcb2b262e71cbaf0844df188aa223
hprc4_L100000_6902	309ae7c1a500cc140cfc9bad68f36f3bbebbc1ae0f03d4ef1369b5b432251e7f
hprc4_L100000_6903	34ba105dc0d3e4d5e9c54e7fa4c4b24c9b24d70727854cc140efe2a59600db80
hprc4_L100000_6904	461d22b1a6b87a8216271f79c9b8ee683d096dc1626b57ab73073eddbff750c0
hprc4_L100000_6905	b6d7c1117f48a9c990c3e55aefaaf4a8c706ce444b24258124ecbef51cfc9de0
hprc4_L100000_6906	1af80d027a753d45434142a2e3d86f98ea935ca9fd16186e895fb8fe0db6c596
hprc4_L100000_6907	3ecec588d7494c3ba7f71698138c2d8fab5cf6d0db20ca7f6d920879b27d5e0d
hprc4_L100000_6908	9ff952da30c8b734e2288cb6ec52c22ac442324e40740b952f6fbb3163f4ffae
hprc4_L100000_6909	e791d19bcd44c01b4bf18a508707926d02fc454925cbba71ba9272eae9ae4ce1
hprc4_L100000_6910	9dde3f942e834c27ee7dd23a71366e9e31797284198ee61581edd142203816f2
hprc4_L100000_6911	60eaa3d32dab9c2e47c120ab69785b75189ee52f29af35082eb82d55739e11f8
hprc4_L100000_6912	8c38bad786313d03197b684dce5718565284a2d122d2dbef2bd294f39f5eabdc
hprc4_L100000_6913	219dfe175ddfae428155ccab4dea79e70aa55488b395058dc13056f11ae88d0e
hprc4_L100000_6914	5edc66d395e88f18e3c23b03ddf0485f7fe3597fbe1d1f73af33b09e28817114
hprc4_L100000_6915	f0103b3ca93c3809e8c6919abe4c511646c55f01255155040e1b52a71f5787c5
hprc4_L100000_6916	8b379cfeb94f34e40b4c4c4f05214fac47447e6fec4c4bcfcd954d383f74f7eb
hprc4_L100000_6917	3228f8011fad8e7b9a95859aa35d9a09922f434652a68016ce9003a6e88ba22b
hprc4_L100000_6918	48baeb05f807bb9c5dad08dc84932a780f395e3a98e06c504a06183252605099
hprc4_L100000_6919	981c915c33c91a8b0e3f783e720909bd910b5f1941f65f605cd2fc71bf045397
hprc4_L100000_6920	665e0392cb169f5d2f3a54817cee73806a091984be811019b9e397f42d8d3883
hprc4_L100000_6921	c44b502999704c72b1d00845e6b9fe131332659ffd3396c7ce1b668bf9c10c30
hprc4_L100000_6922	1a7b636dae62d7dabe8be29b355536fedddae89f79470d27e2025b3ef5ebcb25
hprc4_L100000_6923	82229c085888ef734e44b4d4524b257de7a797ff2217791c7a6ad3d8ccb0f0c5
hprc4_L100000_6924	575b7af16aa2168e77f9b5bb2ffa94dffa0d0ea2a3bbb3d5247a78fee360a153
hprc4_L100000_6925	74242a611ae11459a841ef60d6c6420d8e5e15b210aa5e52b4f41c0eb7198fbc
hprc4_L100000_6926	8a9abc0526421b42a893f081e97cac28ec63b77f71a2855f506f730477f17033
hprc4_L100000_6927	3e4433e083db9da786b3b2a820f5c3e1518a372d2946995e1152cc21e0c45573
hprc4_L100000_6928	070d744e2539b0e44753725c31fb3792fcc9001be2b430310ad7fcd8b14faf16
hprc4_L100000_6929	f58b3897aa1c6c6b448466e9d9461bb618f72a6bb1953b7167f8a0aae6f307d7
hprc4_L100000_6930	cc2adfb46382b13da78d374adb3ee53136d1442c2acceba3f02ec91215b41c9e
hprc4_L100000_6931	9923c7f1f3a011b04c1b50efe5b85fc63f73454d8e14eb837802fce6d8c4e4ce
hprc4_L100000_6932	1e5204307f3a428eaf7e5f4ceb3f898f1c817daf6a86a67118f81af2f2d0b29a
hprc4_L100000_6933	954041776e3f9f33b9b2ead1664444826fef5cc0d5976e346a58aee5007d5da9
hprc4_L100000_6934	5f5e86c2036555c2b6496174d0aae488fc0bf257f9fea5784c62902db494f778
hprc4_L100000_6935	274ec9376f8ec339a2d890671b2fb0b250b9b5be9c25a7b4841a75fa9a9f5b48
hprc4_L100000_6936	ab69f69b29d30ab37b095f63e020e7b2c124e150e2ffaf26cb618d765398c868
hprc4_L100000_6937	70df8a2892ad8dd8ab563ff0fe55bd902c6e2731cd7e575b87819cd9f254b11c
hprc4_L100000_6938	bb914b0513cd487c545dbc3c9bb1845ea79554ad1ed3c1bede9050aaacad53f4
hprc4_L100000_6939	6cdd1b4207b7b9cba79be5813744ed19364a859f4f14118c8a99cede7700d63f
hprc4_L100000_6940	fed40119f6a73f965254229eaa183cd1fc2aa6f044eb79db8ef766f4b70b912e
hprc4_L100000_6941	23d353d34c1673c1ba972035e3f4e7edd628c9f8b82b8766bbfa1c8df8b2fe0d
hprc4_L100000_6942	b472bc2c72ea41f4fca486e95f685f8bbf1d03a9ac71c2061e0b730454cd7a28
hprc4_L100000_6943	39bcd8df92ce0ed9e7bb172864cab589da4847421fac5c75eb0bd82c0870652b
hprc4_L100000_6944	d01121be8da32384e3ba9ef9825803386139f3f7d4d561b70e53462da3e898ab
hprc4_L100000_6945	1e0b9079ee8efb452a2785e19ee4f35f51e5c7a25d768dc25a85f22737d91f7b
hprc4_L100000_6946	9d14eefc2fa477436d2e0e7b9b277216d7c0006a51bf373ffb098f16f1e80d2b
hprc4_L100000_6947	96f0ea966dfb3f63a3f0a1a156b2dce7dad3f12a4e0169c5e5bcc3551f7af3a2
hprc4_L100000_6948	9993811d7992ed4c32e48eca38462fab29ecc17c84263861d7fa82d6692bd1e3
hprc4_L100000_6949	51e6c9903f55d94536d80e91f4898092390fbbb34872caeadeccc6c2063951f5
hprc4_L100000_6950	b8ff1135c3d65a9aff9eff9d60f58e07af46edc994f5a386d0b0d854f06ea2a3
hprc4_L100000_6951	ef469ff4e2b5561f5230979eee7aa4d1428fb8b90f5f42ca2fe54583830ceb5c
hprc4_L100000_6952	b80e1c30eb5329b1cdc2e81a7e69023927bb3a6dfed2033cd3ea68f15281cac8
hprc4_L100000_6953	660a8a219e2c07ebcc05b401cc90baae02368b459d571a21d10c388a578de178
hprc4_L100000_6954	275bb7a9af75b9fc51bd8401faffd34ab4183abf88d1c3cb2b7e0f87cb492400
hprc4_L100000_6955	af5e221a5551c4aa621c7bf6c2d4ad60fa0887fc1d3148672c7a2de6569073a9
hprc4_L100000_6956	41c4a8e74a4effc68f6e5cd77a71309a01c4f679674c7a3fadf601e49029f459
hprc4_L100000_6957	200a4e4d7162e5dcdd8223b7e1b802230cbd97f35ea62aaee5ba8ed9f2cec054
hprc4_L100000_6958	06625c157bb889bebc93dfa0f6ce630dc3c1d6fdf70421973ec21598ede8f14a
hprc4_L100000_6959	814f726555b89b3c1d87bb534f677be7f8be142dd6b96b806958045b850fe7f2
hprc4_L100000_6960	18571d87ef8f69d268e8c2cb6af87e6327e0ad2af8d5d921f6ce98fbbffd83ba
hprc4_L100000_6961	8a5694eca3a6dad2e266fc2b62f397e4b8cb329aeca0c1f8a344c819acedfe7b
hprc4_L100000_6962	81d8b47586e212991367fd2da6a8b1e87a2d0cc6b63bc6759f398a6b83fd8d9b
hprc4_L100000_6963	269b6751f43f38cb52cc54090d63289497ee2f0100a2434c5ac368b78779c3e6
hprc4_L100000_6964	5ca3afd2a6e988a541041f18d4c7d1f3fefcb13f8242262650671f03df2aad13
hprc4_L100000_6965	1f32fa21ee3a4e80eb274c72dc3fbec381262f71dd7c56b4f65583a95e435ff8
hprc4_L100000_6966	7fa3fdfdbb047cb9de2ab8b30e709f9eb7b8286ed2d83c6dfa9b6329d4f76a47
hprc4_L100000_6967	ae5ac312cb95a826735d69849708f5851cf6d0be9e0ee68aa934c5bc99436d70
hprc4_L100000_6968	5720690d8bfa606434a89cec9fb56e439bc060104e4ebb2a14997906b206cd7a
hprc4_L100000_6969	8b9e14f0a8caddcba4a05511a1b89db591bb836a34990c9ef3d53e61d4c4a84c
hprc4_L100000_6970	6ecbda06f3c0b18be232a60e76cb4e1b9e8d0edfd92fa03593012b7e8968c24c
hprc4_L100000_6971	e3ac7616496cc72150f97ea4fda08d523617fcacbb6257571415932657665be0
hprc4_L100000_6972	e5dd4719cc14e516842157cf31f57c42b20d8246a11390db2a9fa8e1cbbea86a
hprc4_L100000_6973	01d2d6f91f0503908fa315e69acf9bb5df7b60dd29c9ff0455d6ce4ff4e8e368
hprc4_L100000_6974	be35141df584ad2911a6bc56e59f3711d5479345837e41467fabac9fd56aff92
hprc4_L100000_6975	4f46f8df01085fa8f16f20eb48e98523dda91be3820efc66af64670e83a0741e
hprc4_L100000_6976	99372cade7d58e8c069cb31eacfa94464d88cbde550a8a11d992aee3c914cc63
hprc4_L100000_6977	2a2413dc7309e317ed76d5b5204ef6db1730123ccd3675bfcaf3d8549671fb0f
hprc4_L100000_6978	caa9bbaeedd2eabffe4c7dee43741fc400eb021805883ac82835e6a8ec49d9ed
hprc4_L100000_6979	9909a61dc28f0052202fdd73b06bac2257cbea84b179bf9da04a113341f05994
hprc4_L100000_6980	ffa67ec8e1eef50e56e917216882c95e8f335431747d79edcd312f91c18ee4c3
hprc4_L100000_6981	76ff9ca30998ff2b0cf5367cefdc54ea0c7df8b6d713d0e09f80ba4aa5b36d96
hprc4_L100000_6982	ec1f070db6c78c8edb2ae03781982595746439b85ff3d2414048ff9eb3e40cc1
hprc4_L100000_6983	a76129c38f8c24b209369db2706c72e652f6866804cefd32e33bd1f75381c255
hprc4_L100000_6984	20f01750b110b8a573cadbe78f53a51384d130cc694ace9286382255458ae7fc
hprc4_L100000_6985	78a45e35ca27cdedf029afc74116388ec277115985bc53b35676f152051761d3
hprc4_L100000_6986	96303e9849b482b8956408861445d628e762c4f8a8fd6a1f4b1c8f309f430fd8
hprc4_L100000_6987	4f293674b56d2d464eb56734fa8f824f52d9641eb49c3d6e3c7220e48cdfd9ae
hprc4_L100000_6988	c917c4616f337967fe6b2e08dbf6adf72c0054a5c2aaf3c053ee9dc4efebbfb3
hprc4_L100000_6989	f928a54c55ad0de090c1eae7be78290f54f2902b43e9428fd59d2cf70fb9ebeb
hprc4_L100000_6990	fca325ed7698ce7b9eb6d5091e60b9b9114a7e159138aca13d2315eda2052e4c
hprc4_L100000_6991	243120203c430b40159215c0f4760f3b79e8dff53397993d1edb36c505558145
hprc4_L100000_6992	0c765cf974ac288e21610c28b865adc802bdeff2979523231e92b45dcc6c67d7
hprc4_L100000_6993	6bb6a4009500bef553a57774bbfe5a3762d4128a30db9c28e5213b2d6f47ad9c
hprc4_L100000_6994	c0daa8d1808f872e605767ff9abc91b5721012ae29ffd13aeeb3b251ed3b152b
hprc4_L100000_6995	287a0393e6b52eac9b8d85b50c20c2c33f6ffed68ccee98f1f546c69f32069c7
hprc4_L100000_6996	abd8ad786e7124d37435b616dda7f6e860921d7beb4b960ad863a24a45d0cce2
hprc4_L100000_6997	ad61bdf5688b3997862986fa62acfbbb7ee3cfcb99b9b9de987e932a29af9d7a
hprc4_L100000_6998	1be7dfaeb05e6c106db3c40be0360d0453b195b3d74ac1a2eb9fd88624243b73
hprc4_L100000_6999	2aef8267cbc2447ddbc2accbe6cd93a77c7bb4eb995673882aa98e2e5b290e62
hprc4_L100000_7000	89f632fd6e57fc0398a565956efa06fa6258542f6f32c75cc1bbfcf533417351
hprc4_L100000_7001	757d4c6977d25df66ad9fa4c5c737c21b1be2ee14e2e45c653806a16555b2a16
hprc4_L100000_7002	2ae799593ca1e0caf014b3055c119359f53173254fc6fca2e19e6826b601266f
hprc4_L100000_7003	2e90e4f3ebd5e87bdbc4676d4545ba55b9c1ef0a2e1187bc08cced5add09d1c1
hprc4_L100000_7004	522956d76f9b06428fa4cb9c9e725dfa26a7bf54932f878dd6be0e50122581e6
hprc4_L100000_7005	de9b3b12d7ae9b381d5fec2683728fa5c73ed75163e05a71f44116354d6b0a85
hprc4_L100000_7006	1fba0c4ce395475102f2224c586a933457ebcbd37cc33780bb47836bfd90efa9
hprc4_L100000_7007	9ff88df03b08c3ec186e9371dc8e591920e0e7762e679307bc31cfc928647b09
hprc4_L100000_7008	6a4243fca935f35bc9b20574626777643babb6df01bcd2239a70de6b68ca1406
hprc4_L100000_7009	d40be20946a7647fcc2af51f13199c7bd7a914fb79270fb9dd6deaef3e8d4441
hprc4_L100000_7010	4defa230a6f462a6bbcf02748162a2b7ccdced96f43e430a01782584af0715c4
hprc4_L100000_7011	b89c6bea7144a094989b8fd429d032af34afe2797a596b9ce4ce80fec07acbc9
hprc4_L100000_7012	a9333003940dde9b0de78583c0530542ff5a53252d62857ae0843942e020ffd7
hprc4_L100000_7013	812f5da230d11974f243690138eb4d3a65614ad62bb7c0171a226f6897af3612
hprc4_L100000_7014	a6b44310a2347b8d3f118facdc6c0d759a877d76d81a7899e22487f6a4820a0c
hprc4_L100000_7015	07330023816ddf5bbef1da944bab8d0bec89e1379bb244679024c4d819768819
hprc4_L100000_7016	80cbd17da5b52508066f7a7f0d919663cd3c5b0854ca224ba9681dc6f201c443
hprc4_L100000_7017	7687130fc0c6615ef0c7a09fc77bf55b926aeae0b8e24f68e6220e81cbd02d04
hprc4_L100000_7018	d24cddf21c1c3cf076d9a71e1000099d5385e7fd494fcab72d334a34ee3d8412
hprc4_L100000_7019	f8f65efa45267d2f59c612435e1a2e4e09714d60f5ecc88e2aa1e34cb5308b2f
hprc4_L100000_7020	9a5b48287ffa5de1ee9becf6b30e6d12d6c1470e189c4ea718c8dd6c99ec0e38
hprc4_L100000_7021	bd68d59ed21ca8ebb92a999859d22014bea819546dcaeede5c3292a97da1ae8b
hprc4_L100000_7022	9f7ddf9be40d4b86db055565cb0d4ec6a01061b016f4a87128d7c4fd036acffa
hprc4_L100000_7023	78b0784557879d9d42e270fce7b7206247db9d39505af3775ac28e12c7403b6a
hprc4_L100000_7024	bdcd4403347fe269aee64bf85da361ee63dff3961064fa57836a74ecf5bdf2a5
hprc4_L100000_7025	0039a39067c980810dfba87657ae5d344d2d942613c2a361633c573129878225
hprc4_L100000_7026	05f508367531ec5b1033885f46560439e85f54be913a5ac3556891e3638593e7
hprc4_L100000_7027	af131eed7a3c82f6fd0ab9903edf400dc18dc2410c4ba98ff73436144c75b03f
hprc4_L100000_7028	556edb7f15ae20ce27bc6b3e7ad8e8555b3bb25e54b6d8dd89f6a6b983161cc5
hprc4_L100000_7029	5880be277fdd87133148ae331dd4965ad53bf87a8aa719c414bf0cff243bd41f
hprc4_L100000_7030	0a31c9c3080ae2d8c80c45195d4fc0b73ac86ec30464e4980409e30b808c5712
hprc4_L100000_7031	5bfbfe748fe9e0e0c606c4e0a0337dfa91beefb7560df19ce322df268bd2e64b
hprc4_L100000_7032	1fdec20da35259ad989953f40919b1e162c8b3e417b8551713f7021c42781799
hprc4_L100000_7033	61e53522b3204da06d89fc3b2fc078b9a28e77c6e01393c563012cc168c2fa31
hprc4_L100000_7034	d33b46df59a4df50fd23f779d7d35aba41ecadd65b015f345f5cbe6b1ecdfc7e
hprc4_L100000_7035	5e5ead3ddee54f8b2151e8f10dd5112a874f205979a3ab268acf0069304e6b60
hprc4_L100000_7036	3597d101a8e348f577725161915755025c5a21de9e3a2a449dc6c2debbfe2901
hprc4_L100000_7037	cbae4435b48937ff04e66a2a57632650cc0c58982d36d88f3869d9e3d96c59ad
hprc4_L100000_7038	787a38ab5dbec33362995a68c7ee7f866241925a1dfab6c07493d9ceaa3c1cf2
hprc4_L100000_7039	d10505bf6c1fdc431223b4ca958974a119bbdb176bd35a9c399420b735f503ab
hprc4_L100000_7040	958c253deb838eafed40e699179463a5e5ec6c7b2a683a24b10f4db99f11d471
hprc4_L100000_7041	834b4df3eddabbb09c4457571adf968903d59258a50cd76512b9d471c288b91f
hprc4_L100000_7042	0cc852d5610df4fa54fd06089eb3ce929452c80d8cf57063f322225e83bfc2f0
hprc4_L100000_7043	cdebd7870e53075a9e789a53e90d3b90101edf9c96538088efe2f08f4486f198
hprc4_L100000_7044	98b6fbaa500b572d9d77ea20ec9a388203a6451a97160fc90bf3bfdcfb658a70
hprc4_L100000_7045	4953b18d365974ff583de918576cd169521cd78e3dc7894ad8b0a79be6f580af
hprc4_L100000_7046	5f0765b7f388a2fd913c73d27a47679236dfdc95cccd010d005a5262183b1453
hprc4_L100000_7047	5981650775141a8f00ab71f1a0b3ccf166af6365b6db683efcc96166c4b11b90
hprc4_L100000_7048	6d3b7fee7245e3441fd87d977427fc8a0028e72c40dce8ba22b7868a991d88de
hprc4_L100000_7049	361f3e8c34d0a35c293917191a086fb99e9abc0556359e02b81ae178c3221cdf
hprc4_L100000_7050	7cf0f852a6a20a5168db8b2d138c6cd34d763a4107a62f82253fc53444fe0d78
hprc4_L100000_7051	f05108af16885980722cd9f79ebcd498a259d42905d7683b40050870db4d50b4
hprc4_L100000_7052	8f5b4ab430e213862c7b04ed3be87a025383697dadcbb482c4da52c900ed96f3
hprc4_L100000_7053	bad047be3d6ddeb6f141e89e3926593d59f94204eb956afdc118353eb554bc41
hprc4_L100000_7054	53f277e216edc09a136f4b17ab3a77eed38ce1457d7ce2c96c7813cd5b6c1a52
hprc4_L100000_7055	c3ad45eda9ee9e821ac197a10f22c5e971a408d973fb14f687ae4cf70fa987b9
hprc4_L100000_7056	bfb39486db2cd94c4cdd3f1ccc35c7050455ba694517c5720ae4e0b7a51f52e4
hprc4_L100000_7057	a7ab8c0c67a5eba55a1017e9ae17e2657da741ef5a0b9117ef2588e96433b46d
hprc4_L100000_7058	0ed3c172c57ac9b7401c913da203612f41f567f2b348fec880709c54e8dafbd1
hprc4_L100000_7059	39075bc6fb9a0dbdba19aeb949add520d4ca2c977aada60000f0a0f90c53c486
hprc4_L100000_7060	7adcdca8ac4de847ce72bc66dea8176c86241b384fabb0ea56b38c6ff47a6c16
hprc4_L100000_7061	48040e935b5663110159e0ba05726f4a82e05c62541527266fc9e09229cff854
hprc4_L100000_7062	9e70679a4ef4e412f345cb24b400b4e095124512908156cd72538cfa56bedfc9
hprc4_L100000_7063	94b3ff7b129a445684e525a1ab07c642d4a5cdd8fcc22ad71c8d917a8b4e20a8
hprc4_L100000_7064	df3b52121059f3e73eb2b380fbc13abc60a32b4a8e46440b17c8af2755519b63
hprc4_L100000_7065	6be5623765e732d1290475a870d5f1f0914391f43c72af8f051552f61240ca23
hprc4_L100000_7066	1160076ee937eec7b762346f769ec159866537f1fd7d8816f73e1334b5872dee
hprc4_L100000_7067	553824c8be6f11e3935131a88d70078b574d6e6f908edbffab560501c58dee1e
hprc4_L100000_7068	6feff1dafe2962d62ba96c20d22f3fa910f2831d9ed376a871ea47df0f323433
hprc4_L100000_7069	1a82a228ea538efaec153510af673f463b4b4e79bd2d57b7f2cdeb5a36f386fc
hprc4_L100000_7070	d67943515ed6632fe113de510e417bdd3d2a0bac94aa89c2fd632b2816b2ea8c
hprc4_L100000_7071	90577f537b137c31119f10005d22bb25043f3f2578711755633430aba1dbe795
hprc4_L100000_7072	80adfc9906eb4f076a906a0f46f2e6a72d20f77999fba023fbfcff4662ebf4e0
hprc4_L100000_7073	140c805b5b8408331d425858863ae540cf3b89960f5ff220b889ea364aaf9fda
hprc4_L100000_7074	eff1f1ea2832c2362efa9261861220195865abb93c08e7fada252f9a429e0b8a
hprc4_L100000_7075	9ae1dec993530181d7ce011e4b68ff66cafc346f8af23ab7384fb9d1f737ebfa
hprc4_L100000_7076	e17b77fa7329ce89dc662a6bb800e6a1400b125c71986bcef255b36dc53b64a9
hprc4_L100000_7077	5291831fb981fc0b48365e96aefce7a865f5155845f3199bd881acdf6bdb52ff
hprc4_L100000_7078	8679406f6fcef69689c3aa55dcde6ba10ea474f7ed9f8d3e433aeba7f4955204
hprc4_L100000_7079	42b614606f4fed18126b76f97a22fc3baf001190bb2435a6faa7cc2bcbf3a441
hprc4_L100000_7080	2dd9892f2e677117a5f212e8868ed9fa38afe1d89c36edc01520200b0edf6ce2
hprc4_L100000_7081	3825285df9f3a421b18d0fd752ed7de92f16d28f3570fb98e52ed275faad6782
hprc4_L100000_7082	b94ad94aecdeb5a42afdd6936cac577ac9ab5f2bb762033f9bc216dec914f049
hprc4_L100000_7083	bfce032e78a0b39264981bbe0ac0732e1d39d3674b6cff731d82ec88f7a5d9e4
hprc4_L100000_7084	d02287810b80c0e757f9fcba9f502b769768177cc9f3e1e4f01e14fb9cb1cb97
hprc4_L100000_7085	2ea9ae72e23bad898be89347e0b4abd2a63a745b6dd68a4b673275b278ec3fc0
hprc4_L100000_7086	e8835a5399028487909ed1ff88bd0814c8e857f8e6391a75aa3d92428187f58f
hprc4_L100000_7087	f848f94fc39ce2068889233cffb4c2f2c107eebf110cb533f1cdb9fb507f9e27
hprc4_L100000_7088	dd10dcffca563a178c4178f78d36ec0c32e384c93934bbb19bbfbf14eae77850
hprc4_L100000_7089	0fab29ce2656427ab1bba3418b1224ab918587dc92286a5c771a18cbebf7d677
hprc4_L100000_7090	1d2b22d37283ed32b9c59cc66a8058bc75dda1ba25b125a8d627bddd462d8dcd
hprc4_L100000_7091	1097a25d5815a49fadd5d73459df622c58dd607504298a4a6518a57a23598c11
hprc4_L100000_7092	043b75cc928538fa9fc339c29c10e3ba2fb0bdc201e1f50f30726cefa719acff
hprc4_L100000_7093	c23b67bf8ed6a42c80bfaa549d93f21453c8b38535bee3017187e254d6ba1564
hprc4_L100000_7094	cdba6c91d6ca3f0b5b25856b1a732f9bb9c600a6f13ea21c306b02d8ceca8847
hprc4_L100000_7095	4934c0841f9e75e6d31297a67adc092e09cb630564c434fcd7cf3e180e8e6367
hprc4_L100000_7096	271a03f2fa3cf7fc50b8b7a77b9015795784a653668beca0dc73a203523771a5
hprc4_L100000_7097	dd362ffcd4aa92f50400d3bc598bb9a047dc35a610dc8ef61b35263fbadc1dea
hprc4_L100000_7098	9d942a9cb618f2aa23b47c1957c67109209dfcfaaf98b93dc12059262e1eb12d
hprc4_L100000_7099	9eda5885b2416dd434547e9ebed1a0ac426b9c8528464c3dbacb61911eaed6f4
hprc4_L100000_7100	aabe7d8b74d0a4ba35c5a80e6262f17e0bc2363b6c6d5187ca1f11528ed167b2
hprc4_L100000_7101	ac6faee515fbe969622547f4233084648902b17dc6ee9561b78c916e58970bff
hprc4_L100000_7102	8002ba31144b098443f4677e618dc9ed886af3aa4c56e04a2f322b9a476d943c
hprc4_L100000_7103	741b15ee51a9acf61688fc8060746c7cca70b5500ebc4d568d0988d75b6d5b5c
hprc4_L100000_7104	d933b32dadb2ecb218686fa253a86f3b5eb104748b0f028983b2cf030596f0cb
hprc4_L100000_7105	fdd5c8607782d02982439a5aec6d8b537135299d6932021641c0e08f311fda77
hprc4_L100000_7106	84e371008ee23e04ab27f8fe520395dbff8b776e9cebcf8caeb82330c9c64d69
hprc4_L100000_7107	64a1b8633670790564ddccc7b25b37da5267be7ef8f1ec07faf07c1b87155f34
hprc4_L100000_7108	d3067479a8467eac71623bc542e17c226935516f9aced0f84b35bab31776f39b
hprc4_L100000_7109	b63b49d4c6f71ab0318ae14cde82525aed3f32ba904bde32891f2a9d5b1a2b89
hprc4_L100000_7110	ebc83508ddf89eef89634ccc359166f3a9ceee44df47429a62e0c2d708aada63
hprc4_L100000_7111	097492bbaef72dbc8148c66775dd095edabfb20d59e330c3e02fae26079e5c40
hprc4_L100000_7112	d07593d9a472431a758ded799f5909b125401f16d79a76b7dc6ded7b5c584196
hprc4_L100000_7113	08953e1dabd44ffc159c423d0fb3dfc2f814897ec655081ba9b4f5207ebf00fb
hprc4_L100000_7114	6fd5daa9c2a43948eb87e90b0737f85617565835b45f81adb38d938c46c887a4
hprc4_L100000_7115	71193d8a35a4782ee9ff7762fbd38276b97c85d3791f4847479c5d58477a61a1
hprc4_L100000_7116	fb06fce763dd50b65e43230684d9b674ac9af6914e7fa3087647dee6f942fd21
hprc4_L100000_7117	9849f38bb2b62096bceda4bc282391bfe60c4def8fe41fc79de72d88353e5d36
hprc4_L100000_7118	68f061519c436cf0e3d99518822a26da7d9cad94f0e5480c1242da0047d91862
hprc4_L100000_7119	98e948b131ee199f4ed9ddfd7e5759119ec699cab0321dcd3a03465c8122c020
hprc4_L100000_7120	53e02337e15a51da5f482f51251b31c0615686421495399422ee49d187725400
hprc4_L100000_7121	bd097ae1881d2393a70f6ecdc69bd5517cb69693c36a114fe6260d8e07a2ace4
hprc4_L100000_7122	9025938e62ab6b5f7d837296a9a9395c5e99692864763a93fd493b1dddd3520a
hprc4_L100000_7123	08c177ac87b1b062b5af8ec220e25067899cff4a017230d1c57e1372bf175ecc
hprc4_L100000_7124	ec0fb4d3b994f385f8669afba5712a56d485adb4bb544dcb7365224092bb3f08
hprc4_L100000_7125	ff9ca7007a03898319c7943c11db72f959eafb96d4bcbe6dea6656bd5735e7a0
hprc4_L100000_7126	cf0a572efc815d807514567b7b87dbb9401a037467da5437820ba42ac6dd1627
hprc4_L100000_7127	5a5864b070b6c83f4b5288f882c1d229f6cf42291a33561094f2e70c49dd60cb
hprc4_L100000_7128	96d7fe2537aa7d7abcf198d249cd500e7cc9dec25a82a063d23e5f64b16926d6
hprc4_L100000_7129	043b78e02afeb1bf714d126cfb9591e19f5d8d709da297e0d003a17bbcdc9aef
hprc4_L100000_7130	79901dfaac13d7ed9175b4a67618d45e004b23167f785ef35483478b4091feb8
hprc4_L100000_7131	9d774d121609be3a489d374b6650e4e343bb4cd6ccde15373e9c1d00d34fbd25
hprc4_L100000_7132	6a1cb7148d1a7e4385d11684e67b7d751efca77c3aadaed6741868478f99940b
hprc4_L100000_7133	29ffafc1f3dec6c60901cb30b23283e4543bd79e8d8414b315fa37370dbcaa95
hprc4_L100000_7134	fa71d741b2048c3f2a59a5d2c01204a8bd6fd5786e90101f0f1401817c9f9b77
hprc4_L100000_7135	0c780c9e3ffdb34b34876e579e54a14cfdb6dedc3e5b6843d79a0f111c1e7a21
hprc4_L100000_7136	e04aa5f803dca6eac795fced9ac96180c0dc8d1b4e17cee868ca556b96a3eb2c
hprc4_L100000_7137	248c64f4d63519848c916d0e4552d380c433707e0e1cd4a5592770b6f3526ec9
hprc4_L100000_7138	3b84a76eb2cf9ec9ee2327e00eb9b6e75db30318dec24a567d73854624ffc049
hprc4_L100000_7139	c08dfd1bdf8349bbecce832eb39088db7e5d26a27ceca0f2e6c7d8ea9b9a54c3
hprc4_L100000_7140	e62fa8a8e374b025f67a8975506aad2b77df34dceb10fca025ccad1c1c6c7e96
hprc4_L100000_7141	d8a2a78ddcad0088e5f6cf139a19d15c5e40ec25e758af272b7d5fd7dcca88c9
hprc4_L100000_7142	b1faf331c9427fa41273b40c4aa3d7c13d0b50b444fae505042a348a892c0bc7
hprc4_L100000_7143	042aa13a6618a5bfdc622dfa711c5aca282acd5e43f9b079df0ff16309b4cc1a
hprc4_L100000_7144	8d668bd53925f251f2157ca5c60fe15e095bba1a7593235d681a18b45376a579
hprc4_L100000_7145	c3ff99a22f1160541626d61e20d3c8f85030838453207abfebdde29fe0757824
hprc4_L100000_7146	da641d470a53fde125dcd49f1405e341cf286da3eb8469a138eb94e706f1d4af
hprc4_L100000_7147	adf1d971b485888a789961c5a60b7ec850a8d5e5eade7381c37eb7b7aaffd8cb
hprc4_L100000_7148	afb9cd248fbe22bfedad09bb3262551a54e6ec064861f81068d6241e1f5c2c0a
hprc4_L100000_7149	bb401e96be5e3c6e0e156d4bd6427f409fd710d30e5964ad9127c2903f905075
hprc4_L100000_7150	11f9c723288a074fda96076617a0e678da27cf861c0ff303896500344c6ac195
hprc4_L100000_7151	d53c4b721a3e99dd058102b246ee6cc215d76c4d022f8a673e9f6abc8b11a867
hprc4_L100000_7152	48db1199f6b05fa2eacab1e1afb0dac2acbf3b9e6d27d7d96729d5fab35a80e0
hprc4_L100000_7153	1a5ff3d393e7f2f6549ecb079e05b157da06e73a5eacc534aa43a7fed98c665f
hprc4_L100000_7154	f23bfc0fbb2447167d1f05777b580ac503638c18d53d883c678469dedb0baac3
hprc4_L100000_7155	1ec2abd427e17e67c73e458fa3960ed3deb5c96ebf7adfb5def7c8a505d6ae4b
hprc4_L100000_7156	cc2069543d2929dc8340470ea4fea9cded1da019b7d20eaa64f4f780c0bff058
hprc4_L100000_7157	16d1e746436a7923e939f046a374cf77352b2635069f7baa2f84ad58f9f0551f
hprc4_L100000_7158	a5a39cf60d9be0547568c88c8892f72df319bde2f97f541f076c7acb015f40f9
hprc4_L100000_7159	f8c4b47be3fc57c01fd958f5e0d3d3ba0b964c3b41c861fe240695875a48aa97
hprc4_L100000_7160	e8acaabae8e910ba5f629975fd02eb90cb127435199a75bfa97aa13d8e5aa2f6
hprc4_L100000_7161	467edcba096ea532e60df914fa43d088247a3c9fa8d0bf35edc1008720c1e690
hprc4_L100000_7162	fda9d07853bdba780d44bbf2b1a11fdffdfe66b1cb723305b984f5f228863242
hprc4_L100000_7163	381e785a6d2bbc7dc88c6785a8f616482d82df9205fd5eb7204a4052be279a4f
hprc4_L100000_7164	4302b41710f7eeec371ad4ce078c6cc5905d04628b0e590ac812252488af7619
hprc4_L100000_7165	b512b527d585547bf91ca1004ad6c3846bbb6a66237230c7d6435ac684d0e983
hprc4_L100000_7166	5c460fba00dbe82398c8c5ae256a2914667982f27ef2e6f3010247c724e21ca5
hprc4_L100000_7167	5830636da72139c8d28545625c91be9d43a96744469f6c07dfae1002b74d8466
hprc4_L100000_7168	d316522fd399b2f6fcb0cf3847bc208980144552b7767ec03bc7c4504db34be8
hprc4_L100000_7169	7f07a8cdbbe78a9f0d0ab2ebe5ba854896ab9b32ce7f453f6b8291869cdc38f7
hprc4_L100000_7170	6df8aa138a8e8dcd57182a64b6764711683077de06f7cdb634afda49a21049ce
hprc4_L100000_7171	3964ef84dd903789b4e3d5c4909702a329c8278ee5c53f54615f46abafdf9dcb
hprc4_L100000_7172	c99d59dc11974b96579b5db90648b8efd43ca5045b77ab2d4ed4e7690c33a3a2
hprc4_L100000_7173	3d810f676636eb0ba0e70a856e2eaa6389507e0eaaa999a4fdd12555ed5081ea
hprc4_L100000_7174	d7720c762f85c863d837bc1f2d8a6fd20a2f689997f53a2809a56fde512cf045
hprc4_L100000_7175	950cabb669e91e6afb22bcfba8ba84015fbf736f8838c98b9603bca32bdf4a05
hprc4_L100000_7176	46c34927938ddbe3dadeaf3bdd73b194d8c1c2933dd3f356be673eec7ddfa487
hprc4_L100000_7177	9e4da3b58a0c7a7eb90f90350b70412784459a0180198573336cfa299a4a9f13
hprc4_L100000_7178	2d19dc5ee218f3e7ecdad030008a1ce98cba56f43fb84bb89c54a2f45638b581
hprc4_L100000_7179	7e0a487eaec2dc88b49926dd4497c255b82d011ec451cd05b98ce268e230a456
hprc4_L100000_7180	70ed6db7e02ab1445760281e4fe3c573c95534f4c2a11f6c040120e8b9b792fc
hprc4_L100000_7181	58c4facdc5ca558cdf72785f50711f2a922ece8e1eb70092708d99da0cf63f76
hprc4_L100000_7182	5f998bee15be38f8ca4cb7852a62790f71f6e5b4ed1fbdcd89d074ab33b6e3a0
hprc4_L100000_7183	680b0a780d38e67ee9020304f5cb89fc83e8a35769ac4d116874d9b5777592a8
hprc4_L100000_7184	27fcc5963144ec8406c54e9101e644f5e80f135117856bf6be3e9b1137de7d4f
hprc4_L100000_7185	0de8ec695b9845cb9fe1bd89baf1addcc625fa30dff398688884da98eef8742c
hprc4_L100000_7186	14894b9e23412ea917bc1002505850ddece20d3324c273e201c26d35722770ff
hprc4_L100000_7187	514207f6b214726b9a95eaad403ea6f7241e569fe568cbcded66b2c4432e4e38
hprc4_L100000_7188	14a0c9e2a7b7a260320a742530e960617899cec56a680b85bbbbaa035a1e91cd
hprc4_L100000_7189	d343882b0d1ff7a9dd72bbe0a8be62c2985fd2484c4a815e85f395085f2730ef
hprc4_L100000_7190	c67e78778611ddb8ad3cf62fe3c0391a7ecbef63fb93c8171c6193031f083fe7
hprc4_L100000_7191	7abadb4843c7e82b390d10726e1365226a18d2635ad328cc88641f642f732737
hprc4_L100000_7192	9b8967c0ba41fc43fa22c364ee9251442342d0c548119734f28fd3864b6c0a0c
hprc4_L100000_7193	15d1e134243a9130c48d361c104969c7e2492d716a2ffd8f30f66d4ec9a47310
hprc4_L100000_7194	9bf6f2308e83bfc3900149870b2b14f5841b4a5d8da4a73b5d62964bde27715a
hprc4_L100000_7195	510caa552184b90e7c5d0e90b9384c9d6bd41d98c2b355cbc1cf268252b76f4d
hprc4_L100000_7196	265681e731f76accd26f2b6b5c72d535ae6e7d90da1be47dd764e5ff8f46a626
hprc4_L100000_7197	df092a53cbfbf53c599dc9f15cf5c7861952c4f19d0592a59d3843de352ee4e7
hprc4_L100000_7198	8f57c364f7d7b39b086a08b5033c8b5ec326fbfda57b9ac00769cbc8e1313f3b
hprc4_L100000_7199	46b89781d5b00457c51d1761a698eb0776547fea2dc6e5974cd9248fd91d4e05
hprc4_L100000_7200	3757652d8df1cbe2eaea6843f32c013172a4b136f0d7536e9a1089f95be0c514
hprc4_L100000_7201	3694304daf74d3a3d1614c421ada22995218f8fb4861e91d27c2b643cfc39a69
hprc4_L100000_7202	bc7d89c0ca9efb11abe19f203b639c9739f4b617e3f719ab66d85ba6be94b43a
hprc4_L100000_7203	f6ec526c8bd57aeec459a27d8501cda25adb9af0bd1f6a28b349a48809a7567c
hprc4_L100000_7204	ed555869a10f4ce848a8dd5a31a4bb45d444b51dd26f05dab7c79dd0ba007ab6
hprc4_L100000_7205	7bf04b60a13c48d9a2afc7663de5d089ea6283765e6d6996294a0ce7b6021bbf
hprc4_L100000_7206	c806a4f7bf53b9090a55b7e341cebf8ba35b467bcd749485e787abfcce7ac1e8
hprc4_L100000_7207	d32e9eade4b6315c4114884f49b1dca232c0566dab59bda68ac2e40a75543925
hprc4_L100000_7208	6580373b05d7881a908045a58cdcec37d0df5e810a178d06e5eb0e2901f8f1bb
hprc4_L100000_7209	afa353a4f9de455a13705118585cf955366ae5b8d629e387e2a704b31d9dcf58
hprc4_L100000_7210	8723d579501d9f614695dbec2fa842f4fe75b52459103215fbb725b191c28de3
hprc4_L100000_7211	d1d3286ec7b4873a4c6deaa8e43301e1cd6e5d5bc40e2fe8c51f162baaed6ba2
hprc4_L100000_7212	14e833652bfe0e3a1d42aeeef65a90020434fcb2ef0f36c4ecdb47a1e525c9e7
hprc4_L100000_7213	fb1d53e4f4e85f11d1ae68d4d045fa69d3b99abb9057a03c4ca69beef05aea97
hprc4_L100000_7214	a88dd65cca3bf2247030c1bd3faf8c747180193161feebf3024bb4b287fbc75d
hprc4_L100000_7215	f4bb87f856d3ed1e2c7b4213102a0fc7785f5c4a96a0fb4fd1bd0e4b8c098fbc
hprc4_L100000_7216	a60630be826d9c36f2862e8b38c0d4777949855778d7a94f7d7df5ead3892fad
hprc4_L100000_7217	2f6d247ccf791200cf6339ea7add0b2227e39676aa2a8eb1dbf55c963e951c16
hprc4_L100000_7218	0455c890899882d651c7a07e366c737b6a965424d5e85b00cc9647aa731c4151
hprc4_L100000_7219	560d2a7dc0040e31fff05d02582d1c4932a1e3848006d3e4455309dae9e5ab49
hprc4_L100000_7220	eb7d1f2dcf6f2428ca5b1a5c74d2a4d07ef7c2ad527c66404b87d14e6afb0c89
hprc4_L100000_7221	0933258dc4b1779d606a50ab99fab3c326d416ac236493ac550456bc9edd2531
hprc4_L100000_7222	ce83b7f3db88e0d33aa31f9c9bc01695f5cb7ca8b35159630b1f3d9e3307f1a0
hprc4_L100000_7223	e5c13feea7db08ad7b7aad4b241857d6ab093cccf32c2e4350fe70cac5689e16
hprc4_L100000_7224	687b167f835039bc0b0b72b9cbb3ae47ff6dc63fe02d6665dd44ebe2a453afd3
hprc4_L100000_7225	212f0b88413e1011e03bf34cfc3bca9d269da0d9a7f9b3509a6bf5b0c2df03c3
hprc4_L100000_7226	faef7260e97b618341c01f61a2d3753daac959060a70a652938b73209de37fb7
hprc4_L100000_7227	e8db2ef3c4fa283151b6a88912df4d7cb3dea6253f4d95649c745444df1d52d2
hprc4_L100000_7228	98b854ae2cd2745cfc01c1657ff0e46909baa00ef3b0cfbaff8feaabe622d91c
hprc4_L100000_7229	90963a4b6bf69257b7d53cef93292a9678312effe3e94764808abc96a05be6a8
hprc4_L100000_7230	139335e44adc2a48466e8ce955e1a199b48326b02350d2ba2eb965ec70a00a50
hprc4_L100000_7231	65c68d29584d3ed4ba004ab12f101ddbc25e19f3ac835c771e02d1975bf0bb0e
hprc4_L100000_7232	236bc878a8dd5f3414f76af1b0a3be126a59fb4126a685913c0a88e3c474ee79
hprc4_L100000_7233	3a52f7b8b978b8863c8c368c4a9f451ec62ddbdfe31fb30c6ade51c694ed9ee1
hprc4_L100000_7234	30d93ce8b89c1913c983bbeba9fc45e11d5848ab9e0c0ce1bd9369b60ab13a23
hprc4_L100000_7235	ce2c280ee048031772870e0df888d2d86346ceb0121d6733b6544968425f5404
hprc4_L100000_7236	08b4391c4b7dd8afff4b7b610852929d792555a22773b6a13ecd6bd4320f6ba3
hprc4_L100000_7237	c66de7de6142570624248b0dd1ef3e08fc16a53610623ee725995f70b72f1a30
hprc4_L100000_7238	b3429b2e91d87eaf7afc0645e3e4f492f8428468fa94fb07d48a65227a5b6eaf
hprc4_L100000_7239	aba4e736378478565717c0ab4b9533beff4798d46de971326af4ec8920fda95a
hprc4_L100000_7240	ab7ddefa3dc1a0bbd7d0430dc1e53061330723715b1717dea24a22d59103614c
hprc4_L100000_7241	9f3118ce32ca84749f54f51036dc131367422150e01733cbae22abac0328e153
hprc4_L100000_7242	2c76c0f5bec1556910ccf1c14341fd55252009a82a787d6c140cd7529a233e96
hprc4_L100000_7243	14e2888b175cd3fef9451f4be1dae389f81bee6fcb906c8466b6065abb12fc39
hprc4_L100000_7244	1fdaa9f98fb04bbbfce786bdfeeb6a960925a37c3b862cb2a36d6336a43fbbd5
hprc4_L100000_7245	3684f6d155f09a609dc11725bb3a2e86ba635d7cee1e829e9e50e94045ab945c
hprc4_L100000_7246	ce3449fc2e3901c9e12d73d6f4e920432e3634831de52a4b571ac16741667125
hprc4_L100000_7247	98e4c61c230ecf7f336fffa1b08bdc0b3788c870b3b931fafd385691ab7acc24
hprc4_L100000_7248	cf99d5efd8c740593ea646b40ad34ae64585a61f188ba741f8490b99175234f7
hprc4_L100000_7249	a2b2834549083150511bdcf5d54dee43d6557a3c3fb48a217f4d0811187e34d4
hprc4_L100000_7250	86029733ffd542d925ec3a5ee3f7921c2d9e738c19dcb10f0474578ffb0b06e2
hprc4_L100000_7251	6eaad228f3b34142b0f8d1c5c36ed293230624af31267ffbdb50cb530ec06f7f
hprc4_L100000_7252	9b8a4888a1001b11226ed98fcfbc4c1cccb9fe7223b2323ec9e02cce3f3a5e40
hprc4_L100000_7253	6a88dd0e8cb878c01d64b0e5d048400f0ed66d4d4d9acf21b8750b4b17384634
hprc4_L100000_7254	564a0a68ec9d087e24f6d0b1aa84674b939e0f3f6f6df1557d462c7a02914579
hprc4_L100000_7255	bccd6ff4d08590ae11815832b85a944d0446547dc17d9090750aaf8d922627c0
hprc4_L100000_7256	d75a975993891ee30f2facd0d706cc2506f8f60d2c713d113b0dd28a91f4fff6
hprc4_L100000_7257	345981beaa26f3c3bba78829d334051e7f61af9acf4e683c8ced275f30a06301
hprc4_L100000_7258	8ac2b5383b17ce092220f66d59c4e5f78ac0d1494c65b9bba6da950993ad565d
hprc4_L100000_7259	af47437813eed0de271857e166e784f0f3100c0d3560a7fd3c4859cee6c8da41
hprc4_L100000_7260	8d3c8a6adfbfc8a0e74c88d23c7f8ba97d4401fe70a40945f835b4b597140bf3
hprc4_L100000_7261	2b7d8e724ca7771cbad9a67f44daf82d8dd2f851d5eca02a6b74cdb84766dab6
hprc4_L100000_7262	17b3016c6c9be2b80ea4fdf11b3cdde08fdfe5cf1cb47c66128d00b0a4e4c06c
hprc4_L100000_7263	dd56faa13606046eff6de6624ee8e5ff91a01ba0dbb79e76673d78557564ab67
hprc4_L100000_7264	f6a9fcd55d317172082befcf95c32aa0827ae179ce3e5237864926380d0df404
hprc4_L100000_7265	97fcdf58bfde73d1115709a5f9cf328c73f07b4e172cf3ceb9f8a6d4fb63d554
hprc4_L100000_7266	7bffe645557e8b7abff414cdc164ea6047793058ce8401a5cadc78efb7e4cfac
hprc4_L100000_7267	f66b8781cc4a21aa846025f7de3d093653edd60ffe5a78c37eaa2b149ac3e3e8
hprc4_L100000_7268	41cd1ea17ab3e8415a6b72d0359a3268661e1c296b8f68d633b23439137ca52a
hprc4_L100000_7269	8d8e5fcfd02b7499f2378d7bb5bbb65448f3963a720254a74eee66b45348583c
hprc4_L100000_7270	cf1af1a8bafc1911dadd6f5df3cdad85d30e139b977cd235093112b1a47f7fe8
hprc4_L100000_7271	298af9e4d8e688c77d807b02c3389a5bfc414d9c35a9baf3f7499d13f3a12446
hprc4_L100000_7272	da5f8d66fbe0ba7f936998e2f91404386d7a42d3012e92382d642f65cd478727
hprc4_L100000_7273	03a18ed6f2a9ff796198f9b7f0f65634ca25e0ab88511e999271d0ebae85192f
hprc4_L100000_7274	fb5531599a2f42f597ddaf3541fe2a06f0a61a88f8b07260ac784eb90039e117
hprc4_L100000_7275	bb98e1785e8802c9a5982813f738bca105ba8d0ccff98bde054a6f5854bd8db6
hprc4_L100000_7276	bbb20d5d377ce92131fc9c8dac0123442f33a9b2011a836f75df65cc83b60038
hprc4_L100000_7277	fb0976c1a8e547a73d6e7020bf66c0778b359dbb87c7defa6835bb9c004c24eb
hprc4_L100000_7278	c979bbbe1ab22d6012518542f69e65a54e01faa485de2bd64ed32f3e0bdb9b70
hprc4_L100000_7279	f1606ad92685f99fa07bd813950c0da0a54d6b87f1aba448a1e37dca09b5d60c
hprc4_L100000_7280	7d6b6869ae28b487b4e29ef7315949ccc2d2daf57918f3fa1a0e0fddf1337e84
hprc4_L100000_7281	c393d0502448d4e74963f4c6494fdffba584610e9da4a42a577d39b5a65889da
hprc4_L100000_7282	6c8fed1f6ce1c996b72459134a443ba2ccf68b136d2bd306f8ca7476e3d8979d
hprc4_L100000_7283	6b9b53b03944547634c83cd38063fb166154e1b92d84838066fa92a092eb88d0
hprc4_L100000_7284	cad40672daff667ecba720be0603314698a4a1571b5aff66eadedac582905035
hprc4_L100000_7285	abe0f6184b8bea78192ce0945dea73196669b4b8604244855210a89b3cc7cd53
hprc4_L100000_7286	3bae81f2b9a3208a9e592f125f815f3d6f5623f388ac10928a82f4f7d453eea0
hprc4_L100000_7287	92665536914c2a5ce22b7587a92352a8732f7b08cbb8b4e06f427ea70de9b3c7
hprc4_L100000_7288	c7b25ebd6eb8d86adc3fc7c005fec0142d06b57d3dcf370d4b3f3e0bb8787554
hprc4_L100000_7289	4530787ff735e501876bf390a94bdff5efe9640dfb644e62469ec9bde33403e7
hprc4_L100000_7290	a315abbd8a77ccaf3558aa36e2eae8141e783aed00d1a29028b99d95417da792
hprc4_L100000_7291	97dc611f498d3e1adaac907398acdec79f445fc30df7eaca330edea90a4e2518
hprc4_L100000_7292	dd4d90e779fe824addbb64b268f05cb36064d33d213c67e601e881396ea809e2
hprc4_L100000_7293	eaaf9f0e6cc9417aeac2a7c75aaadc42c6a29231366e8bf672701d7a08f73847
hprc4_L100000_7294	e21beff04ab71f7fde8793be92f33440c4b317d5c0a0fd95ec712e7221f9d8b8
hprc4_L100000_7295	a25a82b814568d8baccd58ea3e746cc985fd8d0b2396c34f7c095e295319d612
hprc4_L100000_7296	6d9cca54bf1dcc63aa8ed3b23e1dd560e42a0c33fb8e8e7df0b9ef87b12efb61
hprc4_L100000_7297	485d80b0d290c025f7a3fa01b8e51166ca64cfb821cf8fe2ee5e831c07f24b78
hprc4_L100000_7298	be5d39af9579c2110c17400559da59d1f2170b6bf044050d1c86104441909609
hprc4_L100000_7299	59021f325f304f85ecb12c8635f65a1094ff155c4b99cbb09509b0fdba6bd16d
hprc4_L100000_7300	ec60d40ed24756f4287ca703fe4a585c2ee1fb577b5d899bd2a74325e3f8cbd9
hprc4_L100000_7301	b25f5cc27b20df4ff4f7c1aec376edda21a34002259a98fa0584430a673dcded
hprc4_L100000_7302	add427363d9342f8482d46f75576db43cceefc532f5d31da2ab3552201f3a11a
hprc4_L100000_7303	16c9f3a9f2e7ac11e2af1dc9590bcb1b53491c77ff3daa155b0dca5d1ecbf3b4
hprc4_L100000_7304	150ef76fbca2a095a9fa656adb0549d490f305072e7200d9786a0af6731927b4
hprc4_L100000_7305	14c57d3200d760b24511d866c137e455325dae43f2738cabe8858c2b12897491
hprc4_L100000_7306	c448b2dfa6e8296d000caba70969b060682db2f5f1fdcc6b5d4ca64307da7068
hprc4_L100000_7307	81ec3cb62450d0d68cd9fb9002fcd0ee91f8565e2c6281d9a148436e5f8a4b1c
hprc4_L100000_7308	b1e59db761ca676afd589e35a210116ebd6d9fe199fc0477b7ce833ff6e2d5ba
hprc4_L100000_7309	28ccba6a016fb32e2dded9331e5502c18920704c3e530e1ba8c2273031693da3
hprc4_L100000_7310	b4edd9b9054a820c4e259a312bc09b0b1a25b4f8c52602c68361ac5edd297932
hprc4_L100000_7311	4a56a30e53799afc058906d1f0661e03e9672043f176a857b90942d09a9b33aa
hprc4_L100000_7312	ce382ccb94d930b24896871add530750cdeca886bdb2f2e1f764533be3d73323
hprc4_L100000_7313	85cc05b958344a1a0917a6abe4d4d2ec6419b7033b21bb63dcaf315da5c1c6c5
hprc4_L100000_7314	5fa19437608c7e54aa4e6e9d3bba76e98bcdba0a1fe0eaccdd566fb020237383
hprc4_L100000_7315	21bb96773954bf5a80d20fb8bfdc72a35fc0a5a0b33fa70827128798b9c1d4b0
hprc4_L100000_7316	eaed25651137331b3c5d4368f7a6984fd5dccf39e53261ed5c4cc36ec8d88067
hprc4_L100000_7317	c2f9319c2c736769a865fac2437034854e257e4bf860c3cd229c4d98c644e8ec
hprc4_L100000_7318	700c8ef4685ce54a8af0ba614190579a3ef65d4e60c7dde65e50ddeb23d10ab5
hprc4_L100000_7319	88eef751a34d3a860d337192a0b07b50d475a29a7e238e6ec6d637ba76fff62f
hprc4_L100000_7320	387dcd628fc1444808607da7fcef962b04bdf6ec273c256a8aebd51d6538e00e
hprc4_L100000_7321	0b80ea4ea17a6b05b3bc02434e0f6885d10cdf4ec2a81dfec3cf5941e01cadf4
hprc4_L100000_7322	235e3308ec062b52a0cbcf39165d816393a02031872bedd694fd2b119a97e681
hprc4_L100000_7323	65843db93e92bff563092cb54e7a0aeef3a152c87ea66bf91275ff94f5a9335d
hprc4_L100000_7324	485b4a34159503bddfd904d99429b18b9cffac01da1cbeb69170b91f7bc25a52
hprc4_L100000_7325	afb3237341201a4fbdb82d2a8ccf3a7c058472cfc6ed8b4dc64f472509f2061b
hprc4_L100000_7326	ccb63289fcd1660c24236edb5006a64e5c70a4f512f0eb655c222e7179bddf2f
hprc4_L100000_7327	686a2b48ede8f5691c79ad67b434f3a714e38bb433d776a8bad3b31f0f1ce386
hprc4_L100000_7328	694621ec985f4ac7f56b225b01f4f434c328358dc996a3af1831e6864b6aab15
hprc4_L100000_7329	0d2896f68ae6f7f33973bc38521f2f424c1467b6fd51dc715a7ac0c216682a0d
hprc4_L100000_7330	58aef8d4be73aaa4821bc859ff44d8b82d38520c47fd3cfc04d0412fadb56f3a
hprc4_L100000_7331	9d48a75c3885483a4c0dabe256dd0ee78319e078f067f702b2d0e909579b408b
hprc4_L100000_7332	849651d77cd00b3ddaf79fefa91cac3f711b062b7aa450970468f3401082aaf3
hprc4_L100000_7333	482a4387a83a4650db34b1e581ab3e78ba8e273b5a5306418a654deb767ae291
hprc4_L100000_7334	a202c7bb736d13217b49834632552a32083b22ee6812357c008662d534d41d73
hprc4_L100000_7335	224796e036cd50609ee5079395951839d580202018e456cc7032c38073f4a416
hprc4_L100000_7336	3283f5bcb36b37fbeda3d4271c09b9cdf900d21bf7d1a43d0f945a7788de4883
hprc4_L100000_7337	3b85786a563aceb6ff185ac0fcb4f8c877afd17080e9e7420f702a421fd59e09
hprc4_L100000_7338	b1576ab97779097e944f6217791443c93b57bf28fa6696e8b867d3d152a221e7
hprc4_L100000_7339	a28af2ca42c70fa0de64ff5f2618998a1f746af000c319a6dc9207b5fb60d0a8
hprc4_L100000_7340	8b1d3add3185b4b9a30f0d5f0722939935337a12dc07485d252a06aa76bef5d6
hprc4_L100000_7341	521aac7e2fe25af5381e4ef89e5f38ec8783f59925d2996b0ab57fa64377f3af
hprc4_L100000_7342	6905132bb01aa44cc279abe5c1daa240c275abdcdb9a5c071d8c3fa65bf100de
hprc4_L100000_7343	f6fa7e3ae3d7286a8f5723c9227abcd6f81e14ca5f1daf59d3fd4ebbcbaab14f
hprc4_L100000_7344	c6d0ba09f9e635d4b77229e77284e88713a9df40d0dc5ed103c5f7173a8777e1
hprc4_L100000_7345	fed87219ae7668b43307b0e43b298a41bb99c4f3f54ef1a85867175035d3000f
hprc4_L100000_7346	0dac634a7c023f02004485c14a95961d0c08749fcfda6b354026ef0a69d6a83e
hprc4_L100000_7347	7964be0c07004c8725a881eacf1dbc383088529cbe14d97dd483ef1dbf697f62
hprc4_L100000_7348	11732da3a281e8b0534698876bab8f1bb45e13ae2db4cea4b6f288575fe7492b
hprc4_L100000_7349	688c60ea51ff3710b2af0f5d77c20fad6de8ce8f1e0e4a0ab2bca4398cdea28e
hprc4_L100000_7350	fc4f8115a63f4aabf405291f96d42cdcda25af6d2b4528b0d2c99117041bee6e
hprc4_L100000_7351	af0e1bdf6faf0a860359ea34cea99cb45871d837c3acd5e47337191c878b858b
hprc4_L100000_7352	af93002b0eb5bc953e30817dcfc897f60d8b05ace60c5e0104cb008c4aab829f
hprc4_L100000_7353	81f6b5df808a733de9cbbdd770baf9a50eebff0e5e4e8cb11f65755ea73792c9
hprc4_L100000_7354	702255529a495a1738d8e2004086ac8a5825bf96997139ac8a0529c11ba43df9
hprc4_L100000_7355	a61c0c1436dd1ca588399927d3e3cf8728472c90b73231a3412e3f7e4b1cc8b5
hprc4_L100000_7356	180bac63bc20b3a95f37d16e4cb63a9fd090b7f6bc1abd770c32bc098c12c179
hprc4_L100000_7357	5a223fd7d03e4738a8d1f4de1dda846ff0ba85aa208c3a823784a64817538805
hprc4_L100000_7358	66d09198c4eb3c66a20c65daa071e8979c92b1a5067b9a457bea356cca2fd487
hprc4_L100000_7359	c9c7128713f7781ce2fccaa192e512ba3432e7f7c6707862b99eb5a88f174a1e
hprc4_L100000_7360	c44984911a8db263fd7d7a6e54e19fdaa9f44513a0b7a84c0b81a329e84f1245
hprc4_L100000_7361	18345b1b61515a269125e18d076aedaa88bb628ab2f6e9134fae58fa15df15b9
hprc4_L100000_7362	6bcec0d9a3cd1f28cdfd2e908928fc1266cacfbd70e9ad5e485781ffa221343e
hprc4_L100000_7363	6e99135d161ad8c9645bd374e94c469a0c8e5fac4221c77f8b62ad91034bb32a
hprc4_L100000_7364	0cf454452088a0bb9b13e7bcf0bd403de13b4e094fc7e9c2f79155ae37cf75be
hprc4_L100000_7365	c024d1423532109c6342f23748db7fb0b36e74d0552f2ba3d77fd8a68b3ddf80
hprc4_L100000_7366	0612129f6be77904f26b9fb10a25876c401d542c8d0833d5564808b6f9634919
hprc4_L100000_7367	f61cd157948b7c970ad435eff649d2c2ff412e25062d7045affd7f2ba65e1af6
hprc4_L100000_7368	0c2a9e983c7dd530a215484971f470e0d2a0602d2a9aa694da459ad5eed5efe8
hprc4_L100000_7369	34e1149e470241f3f6cbf4cd8ddbaa1584bbd7e4ddb60f5d8e35a8f838664b25
hprc4_L100000_7370	ea20b889d3e5d682eede1e971012d844e6f9b04f9a4278b1cae2c4434289d3cb
hprc4_L100000_7371	59b78b49df89b00fb99943ff7efef037289051b7cc6bfcf71244bcbc61791313
hprc4_L100000_7372	c9f0aa4903bf62a0b9531d328b8e260e5ebc65f1c915f15cf344141d4ba49a6c
hprc4_L100000_7373	5efe51335b43365f86aa9a35b231ea0ddfd75bb64cf80c81285f18a7556e3a2e
hprc4_L100000_7374	19d3c1671ff5d12201feea438c251a23322d5e9343308c62232b4599506cec94
hprc4_L100000_7375	c467e2d1ae816b80f35d8123420c3aa0bd114b21a8a10baf933a10b507a63323
hprc4_L100000_7376	eb22c86f978014db61988d250cfecf464b477a9769eb76fa7f21b0d7768c926d
hprc4_L100000_7377	3dd50f8bdbbbd99a2dd9d6a745bbb5355b151091384ce07ec5337584212fb902
hprc4_L100000_7378	837c3c8fdc2c50cdada26a42556b550c373ec1766a09ca35093ca902bdb8c30e
hprc4_L100000_7379	7e053a5662d8bc3003f1774ebced8a5d45fc5ecd1ba1e88b593a00a67b2f9ab5
hprc4_L100000_7380	7ecf86e77043f7ce57563851a2c9d0165f5b1d81bfdac03cfd217b686f57738f
hprc4_L100000_7381	a7ed7d79e510e6169f15fd03eab581fa05bf9ec1a958e4412008daad865ab375
hprc4_L100000_7382	966d45627c16a7ff36454b51344ff0e211d63686ec5653234db53514370e0d96
hprc4_L100000_7383	0169b774371d9fb2da00ace8b2b4d67fff01102993b15ee17d252b5608d20fc4
hprc4_L100000_7384	80caec092d4334c4e3cb168e1cfcd269e693fddfe41d61591ff9ce8971e4bf53
hprc4_L100000_7385	8de6ee6f86685dc68bdc5edc42693c9585e2acb86da6a9e3e69679b2144d96f5
hprc4_L100000_7386	087bb1ae684300c21aa787953ee7cd95b6442dd4c8c37292c2c2ec1f06effcc9
hprc4_L100000_7387	a5b6faa544e751a007b4d353af479e4e1851da1b626cb8a327d6570a31c4b170
hprc4_L100000_7388	65aad8d6377c095cdfb4b037858a17d4a9cf44b3d44e0515a26a2e68bbb256a0
hprc4_L100000_7389	3909b3892cb172b896dbd30e360d6ffb47f021f84c24865b10b573d979232eac
hprc4_L100000_7390	d0836563bc837e2cf20277335c47f695a40baebf00fe88973e47e9d0e00afc4e
hprc4_L100000_7391	037291b21d725079e854ab5b8edec1baeabb6cd347590b70c1a69dfbc0411d3b
hprc4_L100000_7392	433e59d5e2ba2a8e8658170a4c78ddd37769aace58acb387020a41e5f489eba5
hprc4_L100000_7393	497709f349f800ae67ed15ad86493c414a30dfd9f9f30f532799b43d9782ae2e
hprc4_L100000_7394	4e96403db811d76c79d85ee904a33dff69b2c0c03a5f00e9f865537b3980a6dc
hprc4_L100000_7395	43fb2aec3484b503660a898817521ba4ba97a8ba38b564d12231ebd2e12d0bca
hprc4_L100000_7396	16f42e6e47824906b60a4a527aea06450e198cb73352ce3c11c26f3fe64307a3
hprc4_L100000_7397	7208895d847e5ac87cd914fcb2963b57fc93e8d1786f7d6cefa09533e5e681c8
hprc4_L100000_7398	1f3614c935a407a6f4a5b9b1c69c69c31d3e466e8c89fdbc1a8fa2c2d4dc4a87
hprc4_L100000_7399	6add8689aad8cb0c3df86c588b28e4bfc6722740125eecdf0870462b4c63aedb
hprc4_L100000_7400	6d85ce5aa0e8b80fde03d1109f6407ece401234f3024075d910ce3d4dcc0c6ca
hprc4_L100000_7401	ad54fb521651f6dfc72bc90200be1c2a1b60d1b8ff820545052dde708962161e
hprc4_L100000_7402	a2ef257b3394a814d73c93617df77e8c5396961e4a9925fa903ee44b67366525
hprc4_L100000_7403	ced9317c07b82d2d449692982ce74da226fbd76c033a5d65ce5ce71106de2e99
hprc4_L100000_7404	7fb214624b580955af8dd1ffa0e3f856052d151f9f0af755ab39ac39a2784e43
hprc4_L100000_7405	33bb3e4b1033da18c5fd9d85434a24270887e3af2c22dc1ded5025b3efd8a774
hprc4_L100000_7406	a8e0534ffdcf3d6eec5eda6c9436305c3a0851aabe2a51c0cd0c522a4ba022e0
hprc4_L100000_7407	7a4aaf7faeab869331ea946d7f57d679c21fd46566dc5c9229b3fe5031b94515
hprc4_L100000_7408	22a4cf398d825b943c96b198b82f6c213e781a4c65de1c79341832c0a02e09ef
hprc4_L100000_7409	09aa86e3a0c5e2e58a11f6fbf57d9090988c53492426a800577de9d496a222d1
hprc4_L100000_7410	ff758b1eccc6753b6e3aba8f55543d50ec1615ed567e16d811e5590b8b912b5d
hprc4_L100000_7411	d3481c04914c9196ba06ab1652be1db973c1b0a92287322e6d72bfbdb6c9a3b3
hprc4_L100000_7412	5abeb55e22ba24d92b67c7d5636f0ea06cfa51f6f1cb09ffdd1cfa364d0e2744
hprc4_L100000_7413	a9ff3672736ea1e28dbb8872c38a1702b7e7b31b9f841e2b38de1736beb06e66
hprc4_L100000_7414	f1b67db33d3d6297824a48e2071ea9d3754a4d59d86ef77f42a64ad646b81cae
hprc4_L100000_7415	17ce5fe83c0f3c8e0fcd816886898400af015c00176e80a36b0ec23ff498c8db
hprc4_L100000_7416	18b94e721eac13fb1dbc9ea46b67c539d9269439cb755cd2ea3f1f0cbf7a7772
hprc4_L100000_7417	92bca87562026b7761195456fd0a982e5a22f9c0ddcd5305421d66caf876689c
hprc4_L100000_7418	098468cbf9c7682fe2e43cc21fb9ea2dca3c746d4ffbe594e4735af84f00b8c2
hprc4_L100000_7419	641aeaa3749338a0f020eb4cdce5e79d27a46f4dd1e41ef69fe76c4a79702ce0
hprc4_L100000_7420	a00db73a90166bbe3b8ba647dd77d54a6579f30be28f3c08babd90f194f1bc33
hprc4_L100000_7421	398474f1c0674eaf26b36b36b2725ea6d69c63cc01111f120edd35565c8aa661
hprc4_L100000_7422	74447d5ad76f2f6ad3354014da55ca29fcdf0d9fdda1ad16bfc7244daacf9a06
hprc4_L100000_7423	243a69b9d5cadc72ec2202d9003ad82db8a7382a933c5e69887e21523ad02d5c
hprc4_L100000_7424	b5b0e9d273dacdf55158beb0361b5727855118d66838d31891c8c9621acc9df8
hprc4_L100000_7425	820af1f0059366a927f9bdc0bfe9045cefaf74a1bea91834bf584fac79f36891
hprc4_L100000_7426	8881608eef6dcccb650935ecf5729b8aab17c59ed3e1bf2db8dedfd45bea3810
hprc4_L100000_7427	9e2988c99990450122964e76665c22ed272ecc65a96a6348510123bcf20f6cc6
hprc4_L100000_7428	3f8178022ebc277e6c3fc2ede506f8d8261a389cb2d3bcbe0ca0df0801848a7d
hprc4_L100000_7429	3a967f06d03b98c0f818d2380f3e4ec461bb51ce65ac8ed75fd2e6afd59edb0b
hprc4_L100000_7430	def8092635cd3055ef14589fe5d53e37f85f6abb4ce8780801dba30c2dd5bf35
hprc4_L100000_7431	e4c1396ecbbee6673da1163b9866df0d799c896c9919c067b94235e67d156b25
hprc4_L100000_7432	2a3954c41ac64494088d680ae67125ac7c6b5bb281a0696e3915ac37f25f6359
hprc4_L100000_7433	1202337928913719e8267d53e2744696f33bcce8deddd6e7a688c8ba9509faf5
hprc4_L100000_7434	86ec577c484bc002dfb7190bbd7afef9e9e5c9f2c7cb558475f6cf5d3ebdc1cd
hprc4_L100000_7435	1e58f7bfc878f991124129d4f6fc0d7b0ac4fd47d2f768123306428d078f32b1
hprc4_L100000_7436	f764a265407aace239105370048e901dcd80de17b25dc5c714151411570086e4
hprc4_L100000_7437	6a26a067b7f7ae85d9b814d106d2f5f3224b4f44629fd0a5d67f471e106ec048
hprc4_L100000_7438	7e754136237e73a188051c0933662844b604086405c53e8c68f40da9a05deb3a
hprc4_L100000_7439	f78679a45708c0889275a31438e3fe39287c2d5ea097c3bd60bb4d5f4e5d8640
hprc4_L100000_7440	268f57dd7acc5eeb58d2c5fa9b1c597dd7be82a88e29f20e5b13251abb732323
hprc4_L100000_7441	4b9882c096ee8e2f650bba8ec808659dabddf6501c526d2d1364a0d0da64d9e8
hprc4_L100000_7442	daec07357ded53b2497e6663550f39695625ead8ef7cc22e0d5399c217721015
hprc4_L100000_7443	437532feddb21ba174c6daefd8ba38b878bcce3650704d62b893b95987733af3
hprc4_L100000_7444	95c072cef8a122f3a5f750407317d5b0f7dd0ccadd45462af66ee7f40b51c939
hprc4_L100000_7445	e26a258928ecaebe0e57e4fa66743100f590df6f8d05c213d38935d971dc7771
hprc4_L100000_7446	f82f5ad942e2df342746e87c72c8bf09bac271d184362061fe2e5d27958e0010
hprc4_L100000_7447	78d989f75adced0a757ebc3b4e0d937b26ae749c3efec9501c6597bde3db8bfd
hprc4_L100000_7448	2da7cbee686ffc6a82a124ee74d72d23ba554400881eb1c3e3b5d6744a09e1fc
hprc4_L100000_7449	672260346736c1035c1b85918cdf50c0aa3e3df4f10db9580cdc75320602890f
hprc4_L100000_7450	1ca644708241b9d72c7d833d963b033b75d2833a8f5e046b3bf64fa621b71096
hprc4_L100000_7451	068f87fb3a915f5980fca992ac310c2ccca32fd9a9e571469a30a031ea77dda2
hprc4_L100000_7452	e7cec958660dd928d9706b51f1f87ee28c870a5bb89bb0d4f98a0d52542bb207
hprc4_L100000_7453	6f48ffea1b9d39a100a8c5403f7d7ee8a9ce4cac45a9b7b8cd74dc849c28b6f5
hprc4_L100000_7454	b1fa4d7cbead5e5f3b161b9b083fa029d8d083e861d31c823e96837177e63c64
hprc4_L100000_7455	8e5e48db124627dec6afc97f0a8474baa1e174757155ea97cd6c8b24739c6bba
hprc4_L100000_7456	4a51999c31c6c927e89e8e46c55e4f547b38d889aa428f4929cedf5053ec8cdd
hprc4_L100000_7457	1269768fed43acd41654dbc5fde8ffa68ba5563f87a74e49214b475128c834be
hprc4_L100000_7458	51efe1b4cc47059630bcf0a183b38de510fd03c5e8e845d59548a81f8f9bfb05
hprc4_L100000_7459	bb021b7466a08a4be05685899b6d18b62834900b425e52475ddd5e464f18b710
hprc4_L100000_7460	e17048e75f14669302791c4883138b895ca7a227937db4e73830e58e5afe6ae9
hprc4_L100000_7461	89578fc5a6626af427cb2c87c82684a171b7e58cfa84abfd2663fbe58bc8d61c
hprc4_L100000_7462	938aab071fa15bbc96a0d27674fdce21120de4a229c597f480671edcb2c2147e
hprc4_L100000_7463	34a2ee54c3c6d00e895a99010210641e13cb8dea99ad2b39467aaa1fbeee3472
hprc4_L100000_7464	d6745559dcf76a893304f5dc51e4b279ac89e0f3c85bcbadbd699cd5e8adb76c
hprc4_L100000_7465	6223bf2a62eb6859b64c0723d3a044b2c4ecf1e76a8ba999533aa9b889921c14
hprc4_L100000_7466	8b563b504daed8c4a8a9db0c358f799dfb6fa566daaa95bdf1146abf7cd697c1
hprc4_L100000_7467	20a2fe50ce114f8e69fb90c160b4faf089d6d674d66d9b5ca12b1dd2c3cd94ef
hprc4_L100000_7468	7cc3181fdbb13549793439cc3697fb4c2105528e18f2028023e434409c9ddf7e
hprc4_L100000_7469	161b6ff40219ab8e835c65c54f9cab0319cf3b57723cc2dcd366655d020983bd
hprc4_L100000_7470	357ef0e44d5103d356a8ba163d2b69cda972a0c8ba4f73ac85b206a9b7b754ac
hprc4_L100000_7471	2adc1258bb98371934b165e966617950eecb18d1fdddeb62ca7c64c8afd6dd62
hprc4_L100000_7472	6e262bf1d1bb63f016b960554b3ad620b667ebb27ee70fde69d81355555a497a
hprc4_L100000_7473	e8e4f6aa880ade9bbdf21e07f82d669a9b8bc9884df10a4db16ae375abd9dedc
hprc4_L100000_7474	9e33435967a918c2349b11e34d5d6d62045e2b2a22f12eefa9639ef5e1264f2c
hprc4_L100000_7475	ef704fab0428558aaa87633d704c5b549d53636294d814f0f5048bd2aed2dd6f
hprc4_L100000_7476	63fbc3861b6a3e1c3374ada59e2c007beefafb9dabf8767d8f173e336bed733e
hprc4_L100000_7477	fe5ba8b64f93f401acd04d26e7ab687ee49fd485f0088d3be6f2a9044254a487
hprc4_L100000_7478	ec50c838d108d7b9d3351c34c2ede33d141ac39806e01995e3066a2b9bf422a7
hprc4_L100000_7479	64035a343f9c10b3143551cf8c4a3ae5f3981aaecafce52ccee504c5c68f0a33
hprc4_L100000_7480	c5bdeb86f4553878ceb8e15901c3744e0df40dd214305c3f3722b2a3912f4919
hprc4_L100000_7481	60e7e7fb2f76bfc7c4014b1a0fc605b0b9e4e50e624ae5fa9da6dbd440c035f3
hprc4_L100000_7482	a9c42bbf0729c0b079cffe37d0506732ff2943d76ed88d4f408338637ed6b444
hprc4_L100000_7483	131e74f1ae15a77d90f27ed44fbf37cfe65fc9a2f3e1be31dc6f7c94b80b41ac
hprc4_L100000_7484	483e90e99bd9d6e72f4a8d45b455893ce15c09cc3dc7348fe601885d1e1357a7
hprc4_L100000_7485	ebe3f280650d6b7d1b3aaab215a972862663bf463364a7ce7c96162c76a378db
hprc4_L100000_7486	1ac63b5c4b094a05107af03b3adf98964fbd6dcd78fc2f6c69f6f46143e74c60
hprc4_L100000_7487	c15cd8250d907a8e9a0851184fa52bbfa0b24ea9aa36242b619f519d4eefc0f8
hprc4_L100000_7488	3ecc1b5d47fe7a11c728519c8f2e0df2f8e89af36ce8bd64b440b62c3f29b68d
hprc4_L100000_7489	64282c9a1ef51fd4c37954991c3fbb81068a3d826d392854bac3cff7b1d874de
hprc4_L100000_7490	86e2db97b26d868b6265a12b8182b363fecea17ea511570ef003fc2eeb7b9e88
hprc4_L100000_7491	9896abd67365884b06372aed2b5053baf50374a4ce1e83789d70a90069aea966
hprc4_L100000_7492	dfd3bf7c1c428453506b34b4c0fc972b3341f5b2358d429a0c9e8a0930fc0ca9
hprc4_L100000_7493	ab0ce59c530e6604b598e924199e1c0cd6a7a382f6f19701203967ae176d6ac6
hprc4_L100000_7494	c3774ad42019028454c8ad6b109c986290eea010cb5a0d30c1497ad28bfdbdb7
hprc4_L100000_7495	8becbd34a78632833b24ed311b1d6e9ffa31372d02696485c4b350022caec6eb
hprc4_L100000_7496	8dde790f593b251f1131ead99a30749c1002b508dc95827c9ce0df377aa37e1f
hprc4_L100000_7497	5c0c6f523589b8f0f860bfa2b80eb28369d40789e8c62359a2b02c618dd53e70
hprc4_L100000_7498	6dca67388f6337d74d77f719b8ee35066ad76e3a540bfdfafa27d549cfe8217f
hprc4_L100000_7499	724a05a4da56cf1ec5cec6eda92256d59e28d5e215ab6253ab3313dcdd47d458
hprc4_L100000_7500	f3cf9b5abc0060e608842535a5716ba8797aae1232dda3eea18fe1ea382c6622
hprc4_L100000_7501	f65df6dc67446423566cbb331f0ed8d672d23b1c048bdb43d4269429bafdbf6a
hprc4_L100000_7502	78326df5cdfb20db77325b09553ef7b2650d23433427371dd99b7ff824f8dce6
hprc4_L100000_7503	61877955ca681611ceb0b106bc67c908eedc75cca010bad9bdb85eb40a1877ba
hprc4_L100000_7504	73b221cdb457061eb74fb086a6cd643a507b3f902c38570221310eb1cd6358db
hprc4_L100000_7505	70fc198025a2202762e1ee9b3bd5811c56a0fd426a763aa19a81dc34f3a8e94a
hprc4_L100000_7506	83829470f69b7181209f35d6d1d613413d44f37ca7f02937cad0afc70bf9b2b3
hprc4_L100000_7507	df8e3a3544d0e5d5aa97a2d910f64d147c4048df87e95e50138e00440dc0199b
hprc4_L100000_7508	574788135f2b10aa8faf9b689a40195c2bf866ee518355fcf8b04876c8596296
hprc4_L100000_7509	8decf22e316fd0a9a7e9ab4bcff6e3135d02d22ec75e23530ba9cb777c8ceb07
hprc4_L100000_7510	df15c3bae7c9f854abbff6cf6e579fe208f5cf14c176332db446c570484869ac
hprc4_L100000_7511	0ecff804af94db0e7aec242173e0024513ac84cb87d7534b487da98981aa7424
hprc4_L100000_7512	675ff248590fe4da8e4769d4ac3ac79c81de212cbdeed0ca0a49067b53340020
hprc4_L100000_7513	798080529ab2aae8e7d9af8bdfcc4487cfdca8e4dd09e972562583f87a2f1738
hprc4_L100000_7514	f485bce35566c0d90121bd325d878f313b1214eda8c15ed42108135aba246c13
hprc4_L100000_7515	60288187482d81bc2f9a9c6f89cc6de1aaba121b07d1fb809a37b8b9a6843ada
hprc4_L100000_7516	d8f5c671531941b5a126d7cb4d14123ac0d983208e833814673bc441b0f9c091
hprc4_L100000_7517	89bc88176f91f24dc8ddcb4bf7faac2033c845287183737314417fa231331b92
hprc4_L100000_7518	625478d7dba3a811efb1142a10f76654d0e4bb91aeee8f97b959b915ecb68087
hprc4_L100000_7519	7ecfba39234c2e72c0aad59691a920a34d54169864247e2edd91f8b8b57603a9
hprc4_L100000_7520	5e02715127207ad6349beb41d8ad593c6d1c1a92028b08425d8078008cf292a6
hprc4_L100000_7521	52c31466f325a6af08005ce5d5b38f8a788b9f7e1f1223d92bc69d29806ca570
hprc4_L100000_7522	255be7ee926dd824be6d62feb384bbd099cfefa8d74fc75f369953e94a201f39
hprc4_L100000_7523	766c4960b619e99ccca308d8f0b7fa69a06e1ac63e6190f2abd092db5149270b
hprc4_L100000_7524	1f71f5b481cf3468e4bb1b4969a734c55298128eee8f453f9ca5e0981e12cef6
hprc4_L100000_7525	64d0b782b00cea2dc23e5717b172442486a1798d519308b11ce133b8574d19c4
hprc4_L100000_7526	eee2904e56859eb709bea82d9291902622565f3f3c3595e19131e33cb93c26ba
hprc4_L100000_7527	900dbd9a0c755a53a4649794bebc1e6d136ac3c696215c056a7222f0864614bc
hprc4_L100000_7528	dd73572372b8cf3bdb3e0be01897ddc3a9675f5316cf0fc2e5aca8e95c3d899e
hprc4_L100000_7529	cf660cab74fa4fcf9547cbb0423b27dc7ae058d349e8e96b82a5f4155c4051e5
hprc4_L100000_7530	d58bbd48a3413f24d804cea9a70d07af343a852af0b30b5bac3cf2a666da44b0
hprc4_L100000_7531	19ddbe3865997b1ae12dae975fb211def18105647c3886e613a44c2d6c0a743a
hprc4_L100000_7532	91de4562a18781d31d094d892274b243614f4578cf934b500d5b89b0a3af934a
hprc4_L100000_7533	1cf30fb815d961669d6052f4c44be694aa96a8434b37cc24c87da70e457989c4
hprc4_L100000_7534	a840388b11a47140ab6529b9dc3aaa90541bc64c0ec3e2897a7db227c92fc21a
hprc4_L100000_7535	a31a93931f78b44d09eb70465346a4f981b2b0fa7e6d0014c4b15f4b462ee3c8
hprc4_L100000_7536	582e5a2fe6e5b872a4b9c04b6fa7ac925fb107d7ec164a131cfa82c12bbd8d0a
hprc4_L100000_7537	b921c95cf015f449d7cca0ef77108a87fb75453c093f450d7595a6a282bb57cf
hprc4_L100000_7538	4ee8fba0691abd2843eec465b9fcd8de7ea8db470d715e51aaff42f7bf75749d
hprc4_L100000_7539	4760d26f0b47be20c3a5259719e1858b12653cbd9f533810cb7385f51059b79d
hprc4_L100000_7540	4f5036c4f14e64dd83b6e05d7205560cafa6e83dfc1b3187a7908867ce7ed754
hprc4_L100000_7541	5c730d9465c4f79b14493338b5dd7466fad86a86cac0bcf700475600aea2e38d
hprc4_L100000_7542	7c682c0fa9f900d3809d360a4328f9900c91863d9914af690ec17e6f806b0d7e
hprc4_L100000_7543	4533b39f795070f3044f60b1ff93f65370dce4b3d575a6649fc13dba350439d9
hprc4_L100000_7544	cf35b94f3b5929114c039aa860aaae94fe6436ffeeea3249a98511ec2d798f53
hprc4_L100000_7545	0e959bd0e676defdc2e9a3317bc3bd830dfa0fc0b638474a932cc9320e715716
hprc4_L100000_7546	3e0e6b6aad92bf347b5f6d57edd9f0014fd3a515ba3d8b5e83393afe1d6ba720
hprc4_L100000_7547	d46ab94d2868519b5f75d1e124626ba8b99b1df89ebe55526ad73d24847f76d8
hprc4_L100000_7548	1e079fcdeca5db598d7aa3aa01a3dcc937e62eb5c842f9ada19690546fc24e81
hprc4_L100000_7549	7f4123bb731f2349ddf84bc6ce74f7716bde79f918f55589172db3fb3e3263bd
hprc4_L100000_7550	7f9020ca5aafc3afa3a6010ec495faf786dfc9010067d9131f165a8cc9ed329c
hprc4_L100000_7551	22bbbedd595aa359033eb663d7aa046e88413fc0d35a32c2372cdb7f25686c32
hprc4_L100000_7552	f714b4ece14bbecd9ca9030887cbc7c4f10555bbe2cd38d4f191fb0bf28e756a
hprc4_L100000_7553	efd80ee1af9d34ebb7ec89d8bee5f1c0b673a7550c852ad330b66326c6c24516
hprc4_L100000_7554	dc7c9bf6b40bd462d1332ad75864aee537bad68235c02a0948428a8951c8601c
hprc4_L100000_7555	98b2c335f60523503608b226d8dd52079bccfb27a55cc4ef7770bb9a7734430f
hprc4_L100000_7556	6302d23db018c88581626858302a894c78b3955d5689e18de9e5b0571906534b
hprc4_L100000_7557	e8a9b63bdcffff2fd8836d192812bc965b5f6fb9e1c78d0856a7df11d44d7d27
hprc4_L100000_7558	debd1c160256f88d66438f7b309a4b038df3de9ccb48636625b0619def8f1c0c
hprc4_L100000_7559	9a2aa718985a767849949235fe77e68b792334e17155c3ecbba85ea007f4e753
hprc4_L100000_7560	c9365a51e4287830dba8ed50206fc08f8a7fa0415f139363d2284e5b4ef4a449
hprc4_L100000_7561	76c35a42c93d15855918e60fa386cbd50b78e7daa770a83bc5b8f7418d1259d8
hprc4_L100000_7562	101fdbc75cca2406cdbd1f7d2129b2c385732fdd82e097b0a9e98664a60383cd
hprc4_L100000_7563	dadfa88f99a425809d52a18cc9e6d732687c4e4cdb471c96385cc74e23cec759
hprc4_L100000_7564	1fb0596a14f12bb031cd04aa56001a734d82dccf9bb6c7fc3b56442bddd62010
hprc4_L100000_7565	a5cf3352b894fc4a7ed020a22bed7e1514416c1267f684067cacf87155a1b426
hprc4_L100000_7566	f22b08a89eeff7896456f31dc263331b099292438ce23c403c6c31a01c8b0183
hprc4_L100000_7567	a117ed8ce41c4993b47fe18d107bbf00726ec73a7b62a360aca1919c5da8cd80
hprc4_L100000_7568	d8740aeb30c57696e2e08d4d7c5cc14327df926da76076e52e8c81a4d0611c77
hprc4_L100000_7569	bd2428ed626d661bbae3696c9231b165ab0765913a3d41d010a1764ee734e3b9
hprc4_L100000_7570	5f0dbde94bd38ec56a53ec1d9782aed1501b47c35ff035e3658a61d5ae681ece
hprc4_L100000_7571	384c4f0eb2ea88e08b22b2a16df0a416fba61a99a6b82dce8d76e68a5df8a8e2
hprc4_L100000_7572	13df35e3eaba226ccf9d9384a6d7b339af28365de8fc5ce3aa1fc765ff6a3b79
hprc4_L100000_7573	b657edc2484710cf65bb3a8f51e45bcb32b9cf8979e9b49198071005e5ada263
hprc4_L100000_7574	796d306b4bdc556bc343548e0ab4894d05ac15e7d2ba6f9d8ceed7f5b54e3b70
hprc4_L100000_7575	2e31d1a6ef4becfdd11177ca81bbfd0d0de01975529f58ff1b1397bc9f3b4b7d
hprc4_L100000_7576	5c6987dc2e1159aa9e6e1851370cefe589a89b4614734ae381109d8d6b1a0acf
hprc4_L100000_7577	46f41126ca2e0e0bd0133409b7fe487c3e490dbe86b1f4f531be4fed03cc3206
hprc4_L100000_7578	0a27c34d003b016ce552915524981a35330c1af51855a1abd351f77fc0f45a07
hprc4_L100000_7579	fa367fbd453830ecb8f8dc97c4ac3e34e181bbe4d8b2f6cde884636583fc48de
hprc4_L100000_7580	12e1469a3c29e3ccb7c8c7ae5133a67f550293211017c61102ec84fbf727d86b
hprc4_L100000_7581	156ec9ed1063c590a2758f7b1047b5377bc5b329d3723212d93d2345133f11ad
hprc4_L100000_7582	0413e440abc4d4dd62ddb6b21ca234779f4e5692f440ee098017a1680f30a5e1
hprc4_L100000_7583	8f2ca7a2e8446478b6a50364d29c466b17331ce2ce219e491d3276c771970898
hprc4_L100000_7584	3a7dff5e8bab4f4478cb6a182d5b3ddd85d7b78c0c0a148bc9a7908e807d311c
hprc4_L100000_7585	d05752c31bf60b2f524500e7b9d45be964246d4e36d6183d119cfad38a597b1d
hprc4_L100000_7586	3751ce518b69c434e335768d24801db4684f09b66d48c483dd8a6e8c44509da8
hprc4_L100000_7587	e56ca7fcc73c6bb933587027cf1e2651fad89654e61a4a67e0335e3a4312cb20
hprc4_L100000_7588	90e4861def1a9549dd4103bee07aba9f860b8e8fe27cd195d9988a5b0489be50
hprc4_L100000_7589	6b8edb27bf13a470376d125b784129e1990f88b9edc2f6805be0f3e3f2510fa4
hprc4_L100000_7590	efc9cff16f2808482ea50ad26ca3eccf9fab3c396ee33acc4cd6d982c4b42933
hprc4_L100000_7591	af9e29da8633bd9dd0db207056d9d84244de5d33d05319557eb188d67cd16329
hprc4_L100000_7592	f31ca783b2197d58fd27f994033779beed9fe0fe247836ec0458faac794d5647
hprc4_L100000_7593	85a5de7cefa2f75d9dc8457a51e9c1e77ad078dca8f21234a7508403ad444e19
hprc4_L100000_7594	3585e958ae22853739d20cd3bd4a0cdd2014688617b4abbed7fecc74b19b8a23
hprc4_L100000_7595	62fdcbcfec4d0c18993d0c03a1eb826d43c8cc4e97a4908b1fcf37fabf5a610a
hprc4_L100000_7596	76f90d8dbbc1f002cd8fb9d0e1cf55c02120d10bbc0048db79039b795442974c
hprc4_L100000_7597	e0dc06018ed0e7ba94ec7d34cc3af729a11c9d919f5e6f14323df1b076d1268d
hprc4_L100000_7598	75de8e9e76d18f9278856ba81818347143d78348226e3d6baa63083933a97e40
hprc4_L100000_7599	b6c375ae778181d30c632071cc2809a599d8e529a5dd09a378cfb18c1e0376a9
hprc4_L100000_7600	7c8a1dc5308efe63ef0136ce709c6e0a5ce210b75387a3546b08d2b542f4835e
hprc4_L100000_7601	7771309e8ee0f8ca9183a8f27f1c07d2c6246775dedbba83dced9b2fe6651083
hprc4_L100000_7602	7ec730f69b4a0b09507abe33753b36f38226f605579a188894304c95d09e14ce
hprc4_L100000_7603	8b67524b3702f77b98c42fb8e6396992229272ea0ba4c7bb23661251c921c962
hprc4_L100000_7604	46125be15ec1eaaa046c4af2ff415fdc8aca288c537271d6e14bea4123acb719
hprc4_L100000_7605	ccb3727c3444f1232f6d9e1e855e297bdc89068025cb8b401242c2ce4604f738
hprc4_L100000_7606	7f560e6d2d0468fee588b13f79e48e1f2871e389a45509dfd060d67808b21bf2
hprc4_L100000_7607	81a908283878de2d2769b94aa7779f8d55d65b95e75a9e69f5762c40109c51b1
hprc4_L100000_7608	706f949d65948039bf0930ef6332f7c70f6502924f8dc666ce6c77babc12676f
hprc4_L100000_7609	d90573663aa529d3ebeffa07938558381879a5a64a15eb51706370f28f29fa21
hprc4_L100000_7610	29ebfdb191d5ef3ef3daf35744fd0cb19e13ddb2a6e44202a2028d6f18502944
hprc4_L100000_7611	c4e3e6ff70dbd3494f54542336c440607c3c5b81ec46dc05b434218605daf0ec
hprc4_L100000_7612	62388b37c9afeb6a9d0f3667bf027b052118a1fe006186380db50e6c7c13a179
hprc4_L100000_7613	609b207173d697809f1ac098c21cf987e88cbc4e6599ee2e251e51d87f3bfa35
hprc4_L100000_7614	e1a82f9ac25cd58940f76ca37cac5bc39c5b62ec15ef9408319d38443d66f926
hprc4_L100000_7615	0244c28bece0cf91cdce6de33ed8b15ae32fdb09bcdf324fce87ed88319a9b2d
hprc4_L100000_7616	9f552634f3bd26439d53dbebe589c1661b73260ea24d792acf6a6417e728c7ce
hprc4_L100000_7617	c1aa683af82d3cd4aa4f0acae610fdf66c0a2595b942eeb00f26d6cfb6db0443
hprc4_L100000_7618	a87927bfeb12931452de8ce8f71d3eccf4883ee2d5a17eb5ca96951df97c9cbf
hprc4_L100000_7619	a70c392eef04b221871929613d360ecac02e459918deb5e15df6ae535db8e3d2
hprc4_L100000_7620	b38788a8240e0dd5336ac3a95fd27b2e6a88c6d0be8b9a194e6bbfc0aa0ef1cf
hprc4_L100000_7621	6ffc340c9e589dbf59485fa328b272edfeb284ed30141f9b568890e0b11ba434
hprc4_L100000_7622	4f374eea14c704678f9d8b834bbdc6e5cd4a2dc19dbff9993978c4cd3fc68f44
hprc4_L100000_7623	710a2b8d86c7d333f6577fa4a8394c65f72f53f38a0a2187f096b4d2edb3f3a7
hprc4_L100000_7624	937e45512094dd2c9ab1871327d9e9716826a9a811fe848293ddb045338350fd
hprc4_L100000_7625	521ca24c4faf9acb651549c483fdb6e80c7e0a51478c15c296372b33fdb8576b
hprc4_L100000_7626	574e5a4d0348e6064ef15c3066675e8f8580899e2e959e7b56f79325e5d4c99b
hprc4_L100000_7627	6eaa4ffaccfa330d010b49d7694c3ccc6004be1f898606ea8ccdd0e98f799953
hprc4_L100000_7628	363a057a02d8faeff05a13e1a02f0e45847c83da1631af58ed7cf1c95ffb64e2
hprc4_L100000_7629	e3a516b303eebc3ff0889bb9a6d4b6b6adc6ce1859dc2db9560b926816b8f0fc
hprc4_L100000_7630	0605136e2d9ee8911d3ce6ee59c0ddaa1496367e58ab18004e02d8538b862a01
hprc4_L100000_7631	f4b189684fcf60629bad4bbd4f0317638dddb2a1f62667627857e7d942e8ec87
hprc4_L100000_7632	fe8dd53e008866bb9c6e5bf2e0863c2aadb3568a2bf097a8ae30d859ccb9735f
hprc4_L100000_7633	f45ec0012272f20d7584e91420d1f99f164504069c5cb94342240cb5cae1f8f2
hprc4_L100000_7634	0354fdf93269ed3f64fc5aa0eb9307f1f9ff6448ac0b4f8dd9e07693cd43924d
hprc4_L100000_7635	50bd02284c0fe91314fcac1b732aee660626ad080c1e64be7199d554833299d0
hprc4_L100000_7636	a6cd3de0858bf4e4b0cb6f2365f0fc3d3be1a35ee5e9713dabadff4e795a571a
hprc4_L100000_7637	90eb8867bcd6833358a9fff3a1b486c33eb573876bd42077645c12c34e506d2f
hprc4_L100000_7638	797bd4ecb18fdb9b28c3a6de087e544726c7c9777de3ed36de118a3c0df43e62
hprc4_L100000_7639	dc990cc38983f2972172d3a69834aa50e0293746cef56323f3f88a72b42b49dc
hprc4_L100000_7640	b06ca6efff0534312a5ba990bc8aece458b5f59d61e91298ccc37295e6d7e540
hprc4_L100000_7641	35f8f894c95f12b0498396aa6720e8f37bcf9b9dcb18af0237a31b2ca2b49500
hprc4_L100000_7642	3efa58dd6b04b08b0900e8bbeb487241e53e8eba6d5af8cca80e16d143e7e7c3
hprc4_L100000_7643	469fdd6ce24a64c1fa330d5db484bc4bcb93e8c4ce072074c554178ef4a52e46
hprc4_L100000_7644	2768fe43822db8a944e84fde2866fabf2f833b49a9354db908c66f6e8197d15a
hprc4_L100000_7645	321e1252b6fbe3ac9931bfb4e00566861c87460495a573808d85003cbf0b76fb
hprc4_L100000_7646	ca3ae748f5ddb63030b07fd3fccd55ed6d18ba699ba9438d0fd1bd2b100894a8
hprc4_L100000_7647	de1cafd9a11e6424c3b6e8b44947995f64ab0389b0f67b16bae92d0890113033
hprc4_L100000_7648	e6f0cfdba897b57c995c4eff2364daea67db46db0d0a03803feee7758bf9efa9
hprc4_L100000_7649	80847458ab63e5a15309cffce675b23629253f6b367ff0f1753bf3c654641887
hprc4_L100000_7650	178925de932cf90e53a4d92cfb7a49bb9e1c866c0f1c0e4d590e0011e8a39631
hprc4_L100000_7651	ce6c027fa4aa37c4a7ac452ffd61e8ea5fa56177ba5248c63c17e3e320e53a62
hprc4_L100000_7652	046e5441a54dbff83593fbba92a99dd59c77a4f06d225232825910e5f3ac37a9
hprc4_L100000_7653	ee97e73878f2cc31d6322cbb011e52442ef771ed5e40ba1c76970870bd63d7bd
hprc4_L100000_7654	8a67d1638100260a93f2a76fe716123d8f212e27a3501b5d04ce77f943ed51b2
hprc4_L100000_7655	1d76af47f667c122d072f29d9a866b4840f204184eddc5144dd438aa7c468e46
hprc4_L100000_7656	7a6228f7e72750964add15884725ace92aca06690602b6c4e39a53a70d39d176
hprc4_L100000_7657	ef300b8fdb50fb9a77fb2f94565e72a77588fd029d7055a2d04f90a46ab00072
hprc4_L100000_7658	5d576ddc2f6e1d3cece2bccd73f109497bd65423030689e32dd191395b3d679f
hprc4_L100000_7659	e23ce98f590f8d0001dc2f2a1a13491ec44e6e0c824ab6637a1741006cb5341b
hprc4_L100000_7660	98566177a96422e23175feb61a9eca6d53bf20ec5144f16086a681385bc1c2d9
hprc4_L100000_7661	58a1773d86eb58257cdda3f600d9257c52082a59e5e38cdc01dc600936ecd114
hprc4_L100000_7662	30ce0e708fff79c5cb400f002852aeeaff022b36d6521b937253a759628e996f
hprc4_L100000_7663	53b093995cae825717d1b37b9701366627e60393c3798ad3951f14cd39ff9986
hprc4_L100000_7664	58ee99602ea2ca058ad8007333b137c3967d7eebf62f495c8d5bbe983ad4179f
hprc4_L100000_7665	3235145e9e0a4544576913c1332c9347b184bba942481bdb6f1d453909342c92
hprc4_L100000_7666	52b33a5885ce27be18694c094ae9a61efc73d6fcc3ce992ecf00de9e4dc0a35a
hprc4_L100000_7667	279901b638191d93ab4295753b102b38e4330261a334a2375decbaf471d68036
hprc4_L100000_7668	2ee1dc793fd33514c0793afa68aa4fbf304f6964664e951cfdb6d9c89c94650f
hprc4_L100000_7669	ea8a679d37b2fd110a70dda00d71e74b1a160c0814dc65f3c8e73def929ba4f0
hprc4_L100000_7670	41715c8315681bf1b5ed761ca0038d1772eacf34c17496ee2535f9a53b876e93
hprc4_L100000_7671	d8ac9a4bb70c04b6f12dd852607de9aa648eca1d8920571ba84969efe44bfd34
hprc4_L100000_7672	15e4252394f9ff86ac1d543f2b7aff58e1e598a8def8141dcc2425b55c854e8b
hprc4_L100000_7673	b563236cc09994bbbc0bef61e5c571d22859015e57f34bf692cf606b0f091f87
hprc4_L100000_7674	9172613413cc6b7a458b41ae2435104be70bb3ff0727532962fabe79b5417886
hprc4_L100000_7675	8ec254a4ce1ad275765d08755c9b653df11996930d82f36875d6a203fe1eb719
hprc4_L100000_7676	876b8cb053d3adae50486bab4546d48d5e74a2f11a6452941360e28a711869e4
hprc4_L100000_7677	26f0e5720c8ff5a18dc98e15761a66ff85843375240ef011c92a0cbb0f6624f5
hprc4_L100000_7678	b1ae20b2ba7e1ff62700a51c15b5da0db0f1e6e5e616459cee0bb0539689c6b4
hprc4_L100000_7679	8ca4a4a3d92d46b5a48b92b642e02bd364bd64441697135b9b03cb169f3b29dd
hprc4_L100000_7680	343f363c114933c7fe64e5bb37994ef221a722c7fa9b70d9ccfee33a0da4444f
hprc4_L100000_7681	7eeae4e91e9babd3ed123094fba1656cd63960d4dfc4bc67f939b1d2fb833edc
hprc4_L100000_7682	42455092bd84fcfd3e9d848f7bcf9b4338b639f98d12bbf6c0c8656bfd397597
hprc4_L100000_7683	3bd5c71c9280f2da2e74f16bf06cbfed228771719f7724b75950ecc91a4a390b
hprc4_L100000_7684	f72c09b0bb49ba82f20558b418610f4586d31a2b4b53cd67f447c30666ebd4af
hprc4_L100000_7685	67a0471b0f3ed9d51ec1128d78d95937e5850e278b4a209e6a803338a9117931
hprc4_L100000_7686	a13314750f00553db8af4e4b94c1e715c3bca6632fdd807b42aaf1ec0025e3ca
hprc4_L100000_7687	08091aba1bd792615a93a98ea1a0b901e2cf2c32e75097be440acdd6de0d3b91
hprc4_L100000_7688	917f2ec9c47c71234a1619d0a5bca14a01808e607d452e57daf23e5e74b00ae3
hprc4_L100000_7689	944f034fa0b399fdf077ffa4fdd6242ba017f5eb6bd473ae6433f832349a3f69
hprc4_L100000_7690	07f3728bc5081f9feb18722b8e36aba80bb3110ec308cd71bd616042b10aec88
hprc4_L100000_7691	f0423851ac4e128808d4e29fc5cfc8b0d17e91c9ebe9a4a52ab5a5e8f472044d
hprc4_L100000_7692	7ef4ca6fef51b2e7858c0d685179c6726eaf6c6f882e231d9a679d70a7704cdb
hprc4_L100000_7693	79175d61d4068442fb6fd356485636528112912d991edc3639d36ef8cb47d3d9
hprc4_L100000_7694	c9c75c3fd334202d64b8467cf31b1532821559c8793881a020e1bceb205f3b51
hprc4_L100000_7695	4c34faca67ce13fd53aa32cdbaa3ae1d9dc571eb4163c5ac4c02ca4976c32e6e
hprc4_L100000_7696	e4002f1816b87963f474c76523ee14df101d8a95083e6023cf60ca7fd25733e1
hprc4_L100000_7697	cb1995a6b0f932c439cf2202f3f9bdde7355114ac26b4684c346e231eb59cc0c
hprc4_L100000_7698	d80c01549acd052c850e99036144a34c68e129b3928efa4070378b1afaeb9ee9
hprc4_L100000_7699	bb79099f3c2e173d3df937ff7dbecc797cdce5e2dac6d2b075f240c7d43b0529
hprc4_L100000_7700	6274a76fc9c217aa7ff3c4fa12105764ef35e703a707aa9a5b80fca749d49066
hprc4_L100000_7701	e854ff3531117e0d03a49a77479dba7257dc8a74ac10fc2071ce1006126e48fb
hprc4_L100000_7702	1cf19e2075939351c3a5542e3db852e789f0c218f416f10708b80af67edb4c9a
hprc4_L100000_7703	6eeb5f138910d0b214b581698752425886e2104142ec7cb0545fac7aea83f2f5
hprc4_L100000_7704	755b614af31ca9325a1f5e32773f2dfe4e348683cf9496a3b402f2bcbe4d7aad
hprc4_L100000_7705	a75e6336f2110558ea7a4bf5c8d7baa17f776237d9662d04bbc43e8584303ee7
hprc4_L100000_7706	b153ed085124e456b5ac27b1901e16bce396166e9db7cf24e8148d098442c184
hprc4_L100000_7707	718c439bbe84f27287dcfb97a1472112ed421748c9ff7b0e814bccb5f8ec0a32
hprc4_L100000_7708	347dc5d123cb3d710a4d13deb2e1182ecdafa00924b369e5d591d8b7d80e3932
hprc4_L100000_7709	80dac98a6902ba3bc2e8621e26270879ff8eb5efc6275f2cc6ffdf7be5a3d356
hprc4_L100000_7710	8c8d5901822db3ee6a53bb4eac49169f7d00dda1dea01a958cdd1a2eb5f1795f
hprc4_L100000_7711	ee7ce5a546690704b3dd4115de6b18d416a17f0414ae5196a41da39d27abd414
hprc4_L100000_7712	55530c9705c3d013dfb7c163c401fcd64e8f5325442f4174f86e771fd613b01c
hprc4_L100000_7713	e274556ccfa7f425b1eeb625d71bf2976eec88947e1bc0d1013630db457b788b
hprc4_L100000_7714	a62fd8d26b05c95e50715bc601aa4ebf956d752ee3b329daffdd9f5340a9ea59
hprc4_L100000_7715	3e835cd95ba9fc614f310a7c9885f2aa50fd334c34979b269424d7593cfcc0ea
hprc4_L100000_7716	907dd8603db582d80060fd6453811b0334b4146c91352f0f3211e3c22733b30b
hprc4_L100000_7717	4af987197c608293828272863a8ce8057543f0b2f4fe1688a339cbc276388bbd
hprc4_L100000_7718	b50861974e2cb0e4e63767e5138cbc7772ab31bca0a94c8cb22a8034f2e4f267
hprc4_L100000_7719	60624cba51fb92228681efc09620dddf5d27cc2623b945f6c1cbe0091accee5e
hprc4_L100000_7720	e9dae877bdb6323937576c303d210d3d843a8e4a510aaa9a46970b1493e27c26
hprc4_L100000_7721	c6ab8e5ea4269140864bae23a5ca5f8b772e969f1a75c896df6d33406da439d6
hprc4_L100000_7722	9d176604a1ca9592152fa36d32f06300cb420d673cdc7c725a99a8b3dce96c35
hprc4_L100000_7723	fe9c0290eebaeb85b7e4b750af96bf1f28e6a0630bd7c7dc54517856dcbac97e
hprc4_L100000_7724	9c759376e26a8ecd3bdbc1984119374beecb0988e8425cc764b86d9a79d864a0
hprc4_L100000_7725	36642275287bd7c874d4161a9ae3e65c76fd1e7b7097134e04b17087889902dd
hprc4_L100000_7726	e61f31d78082c74d184efbfe38dab9ec65e6a4ec8c8b19b91f0e4d09bc257ecd
hprc4_L100000_7727	a6e2dd6a1d270dd090aa642c16ce887362e7ca18c21ee2eac6010c26bf86ffde
hprc4_L100000_7728	03682211b89301b878d2d81a281320b9389faad932f1024b60d9d84455bd64f2
hprc4_L100000_7729	eda84671e81a2835fe2808d4265471231be1d72349a2342b8498c3771e679413
hprc4_L100000_7730	3b0ea1a9decf4eeee7fa7b20e8f3b77827b5b5b5486686235c452b9466d6a526
hprc4_L100000_7731	8d8b71224f7ae0f33e43a0f4d7f9cd35386d566581c24216dfd910e510ef3f28
hprc4_L100000_7732	e1f993db563870d45260ad2e114fc15dd720241721e154f498735f4349af8934
hprc4_L100000_7733	71a481b4f47432e3a5cda05c341b5380f267529f1bcb7c78fee3983593b36eed
hprc4_L100000_7734	2c3262b4bfa2b32b0017ed2d235b3f829e932af30c69e1f3b262dd1c2391a434
hprc4_L100000_7735	0445ba13fda3c0f7eebc1a4aef0468a0d77ac1f8073ab2171369b53718e23284
hprc4_L100000_7736	e39e655b97f9b606825e85c8e6528f88a8a2629b4eebd820d82f73efb612bb7f
hprc4_L100000_7737	23ddaf1c2d0c186054a7fc59719fd9ba2811832578499d4af5d7f488cb0d2168
hprc4_L100000_7738	eef77038be997ef334303bd463033119f98e32c176854e99a36256447a20d224
hprc4_L100000_7739	c32ba2bd7ce4c72213d24f677f145733e60f88241388b926c3cb19cee6e3bc95
hprc4_L100000_7740	f9e1af147f8c6edcb328630062a1087674be86d0e17712a770263540b62f9979
hprc4_L100000_7741	854c4186ebc2e13929ca1d3bc79e6f2a3a3b1438b7526ae3720120f05d7d71ec
hprc4_L100000_7742	cbe99b0f260352e6955a3ef38b600857aec740ea446cd1ffb6d15a2a98836fa2
hprc4_L100000_7743	8a65d70e13bd2963b56421dfabbd7e94d20dce53280a717ff489df665b2e0eb4
hprc4_L100000_7744	e6bc2f670ee017f53c035945d9f2df3254f81c2289f2e5923cbef1d7a160067c
hprc4_L100000_7745	e05758235a637106bce10b9828f782deede41813157c0aa1f9ac6ea65b582ce5
hprc4_L100000_7746	d9571e07cb7ff737ebee8a60fcaa08a60e60ffbfb5c0b920852af4b25fc2b974
hprc4_L100000_7747	b54c15a11a0ce5de1e0daceee26cb45d7cff2534a4a74004e0cba08730c3959c
hprc4_L100000_7748	8514ebc5f48ced7f2641f2fd4f3a7b902ca494aae712889ee3db8cb1065fe76a
hprc4_L100000_7749	65792995296ce47efd0b0b8569daf12bfc94787ef75cc78867dae61208e943ae
hprc4_L100000_7750	8002b28805a411caf8ce53d3461a9e08280e45852f2248fdf33cade50796ace8
hprc4_L100000_7751	8ce2dd8c1c10e75b021ad5a6e37d45550d07e4aba7bece1a67876197071bc50e
hprc4_L100000_7752	feabf71487f834c6012ad066b49f25df28cee6bf141fd0bf2dd1c5ae15adc134
hprc4_L100000_7753	e163a5f7f0e45821e22393430ce49a8eb4812be9d6c1a85a2c93ce02e745fb5e
hprc4_L100000_7754	c8f3e68d60df1d1f7878a911562073fe0bff6c9c9714f6c5fc5faf7e76c57d38
hprc4_L100000_7755	080437891a68b2db9ea24fbb883835a84483f9d42a8369d17c58feaf9d46758f
hprc4_L100000_7756	9545a1f07e95143ea0bd65f63aa02240f14bc7e0700580d5ac4485c85e30f8e6
hprc4_L100000_7757	0243206fc5f973c25b10ef7e4217823e9b3ae3211b162ac17aaf5494bd8438e8
hprc4_L100000_7758	f03ac77dae98559dbb28abfd1ce1a86d6eb74c9bc4ebf31decc81dbde378eced
hprc4_L100000_7759	bda19f032ff3e595a4505dc2d49083be70d7a59a4ec929f11078d4ccba7077bd
hprc4_L100000_7760	91f46f380272ca16a7bb5099b94fe2aa19f5f7b8c927f1cac5b1b6e6b5376aa8
hprc4_L100000_7761	dbc35dabb9c648511c0aa8d48208ac5131738a53c8619694605c1267f4818700
hprc4_L100000_7762	483ea851ed23bce330d1138957a1aca02462828513bdc0253d7031621c5482df
hprc4_L100000_7763	9d2ea1e7b3ce1fd9ff46fbbbb003169ce62f08ed659867333eb90385cdb4a496
hprc4_L100000_7764	1603638a237e0dd68e80d0a54377d7ff62ec4371908a8750e5d682e18b3508c8
hprc4_L100000_7765	f318b0881dd65bf92c5ce214cccbcc314fe85b1f9ed7ea292fa116a698d2f076
hprc4_L100000_7766	c4ba13850fc32c7815b9581407c884933fb3337807462bbce7619c2b1b577bab
hprc4_L100000_7767	87acdc99a62e391e8f5d29fb7a2a7b33412c52279c44efb008d0832d9e075e28
hprc4_L100000_7768	0f747e5c7e6494a500d371e46234677b0ec5ead4402049a08599ebb11795589f
hprc4_L100000_7769	43540e493398d1fff4fec4b7d94c59aadf801634d8bb3b57d57e1a46bf798381
hprc4_L100000_7770	f9d71d28d23503db7ae3d763bddeb48f76430567e9982dd8e123c6151e4e35e7
hprc4_L100000_7771	c5fd72a353df4bbc21592be74c48bc99c6c2b87480c1197989fb954e6f6c9e8a
hprc4_L100000_7772	c226b46d6aa3ee942aa9f1fbe020856b5f28e757082ac403f0ae830f60b8f48c
hprc4_L100000_7773	464a8e9c4a20fc15441e043fbe1b169ff037e23262a16925c7572d8ade113b96
hprc4_L100000_7774	c4da97ca192853e3801733bd5da4c33675e6910ee59a06978a0c74459cfbfb19
hprc4_L100000_7775	9c1c46fbdfd999ef4f5171f31df37272de3cb69424e5b5caffab9bda726fa20b
hprc4_L100000_7776	4904195ba1cdbe54f1629891851d5705c37a6b2781b5868de4a618cbfb483814
hprc4_L100000_7777	94f3a14c3b157a620b95e671116254037acc5f88cd7032bd893ba7315122af1f
hprc4_L100000_7778	3a84cac3fc0ddde3028ff713a4fcb73854dfadf9bff1b0e96963808c2d0f8b4d
hprc4_L100000_7779	aca46d056420653210e98fd7fb0d1e65c48ed9777fb82f1c57cb5722d820ec56
hprc4_L100000_7780	481394bb03531ca693840e97f8a44ea4c1eb1f5d530b598639e11ef27197e998
hprc4_L100000_7781	28c8f1614a260795609759a2db85b1182f915a351fd22c4ced473cb5b81068e4
hprc4_L100000_7782	595742e9a08076af25c7f648de1784b77991b028365e653f8331157d4c8b2dbf
hprc4_L100000_7783	1483c6d1a55c730237601ca3c877c1d5512a1399b91e63666a403ff8c94d909c
hprc4_L100000_7784	8d1091b58b7245202ff2d985486f32dd30caaedaffbae27beec21ce7f10c3ee6
hprc4_L100000_7785	bb1eaf1d6a1f151445be9bc5279d5eaa12238724af66fc75df6c9a302d0d96dc
hprc4_L100000_7786	3b90835a119b6eddc3843155a13021203c706939f60d08907a72ae0ada3bd0af
hprc4_L100000_7787	00739d162e9d7760843ced0c61cb9983dd4452a00d09a0dfb5cba5e92b8b21a8
hprc4_L100000_7788	8714257ca4f9a8283a114328da34aa5b62f617d9e8b5c1f82a54f6a2d306900e
hprc4_L100000_7789	dc7a7fb64f74be27aa07891bfd44b3148ff42b84f3d9b053d86d1c6438bab044
hprc4_L100000_7790	c7b91d16ca8ed14d144356cb4b0150a0e7a2c952b315e2b9299abb9cc2f1d734
hprc4_L100000_7791	18ef6ee447d12465818b72c8c4c56fb55ff7ab45de138a2ee1c2dd0fed605d2b
hprc4_L100000_7792	87defa0ef69d945f0bd68b9fb7b2b60d049ab0a98e3bd17401e6da8ed5b05276
hprc4_L100000_7793	8c6ee01b83154a0e42e1576d801db1faf24883e6be1b0de6c2e44491dccfc599
hprc4_L100000_7794	061c1f3a2a14d455f114ca8634c78f02fd344f2e7162b32effc52b5402c6f94d
hprc4_L100000_7795	5882fd233a9c9114f0ab519f1b37864d5366f5633fb45a8e510f6a8ac4add139
hprc4_L100000_7796	59c9bd6fa5b5ed955e9a98a29aec55d2a27604c6732fcec3747ad5ca16382bca
hprc4_L100000_7797	dbc76d93d9993b4a75fb9a5c14f9ec688527cebf1cc54125c0a2981f70c4b039
hprc4_L100000_7798	b9b1c2dc8a8a29cfbf15e3073615722aca4bafea0428b6f20745fca3ce015650
hprc4_L100000_7799	93780b9e3138c4f1268f9eba3ff0fdc6a6c3bd0b6925eaed4d19180f10b45270
hprc4_L100000_7800	63b6eee0eb3b165e2a79897131ec332e34c88d13e82719c9e694dd8f0b3c8e24
hprc4_L100000_7801	00a59548cfcf2075c5c8a994b040edcc7540f80a3689092a85881129e67cf134
hprc4_L100000_7802	d42d416420d3170f5b78de58881498a596626858e45a871d4838ae7cb91ae156
hprc4_L100000_7803	9dfd5e6b2f40cd0c83c05124bf86e0e4f5799384e37351d21d45f7bd6cfa2ef0
hprc4_L100000_7804	2fead657a391ab5c1bdd8bf6ff1916837ebc18254e63bd18855cd48c124a3045
hprc4_L100000_7805	a0212b48b0470e13c519af5c6ca19810ef580572b44f9f54dbe0b51af40095ac
hprc4_L100000_7806	da403846aad3083237f36b00e70ce373c9232dff6e896d34b091debe15fb3f6f
hprc4_L100000_7807	5bf2e1b0f6e0e59e97109da30cd807b3f372ee14f12bf977262dd7d3d0397f7f
hprc4_L100000_7808	5479e88e598e84c5a51540897c30a547fed5675a15d1fdcff41a53c7cdae7960
hprc4_L100000_7809	316972f5ea5c208887d4224cfad6311a34986e00da44dc907f754c9bc15f8b5e
hprc4_L100000_7810	06720c6da18aea6801ce4e29bb7a66830e51e0c1dfe214562867febce57f5fed
hprc4_L100000_7811	93ea0c8705d88dc66fbc3e7169f4f1040661379d87b2768fccd7339df527ae00
hprc4_L100000_7812	f62d877fd5b86c7fdfa8be01cf844afc9f31e0808343d30503d7fa40c6a7a41c
hprc4_L100000_7813	a480f24cff3c01b791b200f89d30799de7e150fe644448a9a040cefb39a18b85
hprc4_L100000_7814	fc21e0ead2f4bec6f952af12c9e53bba750001a06e9a8d45c7698b201f004852
hprc4_L100000_7815	6190dea30155f85f3727ee5451549a502405f072bd25a0178bdb47e0ed52ca78
hprc4_L100000_7816	5686701399ca4b90e8f60d0db20a5b5693af8cd08db27ee9d0e3f2c9a59fe4a1
hprc4_L100000_7817	7cae95c186059201bf71cba2e57b617fe8312336d1cac0c8a0e42a77560957fa
hprc4_L100000_7818	e2c66fd7cf2edfa6e376b43bf70a50b3f30f0a79a2ea7d23e63846e795a7aa52
hprc4_L100000_7819	4bdf201b188d36e48ebb1a2fd56aa82eced40e1100aaea978ba19a14a3921189
hprc4_L100000_7820	d952eacc9603267a7714c514d60f7442f8b970d98e4f2ba8aa8200aa0da403a9
hprc4_L100000_7821	aef35fb8f049c11f376bfe4061cf829c48ce679592abf8eaa13079762633ea63
hprc4_L100000_7822	d7ac0f3a56fc7e552d2417472ae6ae3fff0ffdeea98ad09c62328fb8cd8cfd9f
hprc4_L100000_7823	ed699cf9e90ae35b52d9d2b428664b613e13b03f78a743ed6bf8292faa70ce8f
hprc4_L100000_7824	a66952df524a745c2b518534afc3e66568d52f6ccae9486d4c1e5e8cae8f55ba
hprc4_L100000_7825	794fd6bfba6a12633c45c1d69e35b493328c6148900d1d6693b8b6daa50484c1
hprc4_L100000_7826	b9ebd01d66d81f1f7818f89d94f439b3189473aa955c478cd3d86fcf60391ece
hprc4_L100000_7827	4f56dea209cedb2520d668f9b6e9794f93e13e208894f0789e84ed7118ec3579
hprc4_L100000_7828	c557fa0f1070c45eb5443f129b1abcf19cee48468790e0ceef3fb3c4fc3ab80f
hprc4_L100000_7829	057034b8f3dad38a17e4942b7cee44f5d02e70e371f9f4596ca9d2b1a0612b1d
hprc4_L100000_7830	d1845fb29792cae54cbd2fc3a166092ab2880ca81d2e3ba21152def8a242329f
hprc4_L100000_7831	8f55e234639043a73327e1efa53ae82c0c26cd975d2f76d49fb6db2dfb36a322
hprc4_L100000_7832	96be45ead2a5a536d0cf8ce85f582a5aea71b532d8413cc8248968dc81222aa6
hprc4_L100000_7833	05a13387b860d9af3a3e0912dca94fbf493db968ebd3f754529b241506cca5ae
hprc4_L100000_7834	82a89e0a7b6065d8c933b646ac767730cc3f457a2f381b40be3048f6698baab3
hprc4_L100000_7835	9a2d24d2386b2cf46b002c55246d9d248b5945474a515aba0fea992155415c88
hprc4_L100000_7836	1dd43886ed5a2145affec694736196ed72f70a18f6022a74c15ecd358bb41340
hprc4_L100000_7837	52cc7c24a888066b9e130c5407914fa1f0ffd0487956f5f49dba5c41615eb4bf
hprc4_L100000_7838	8e69dbdb283f7f04a56e491b7cdb5ccf8581f0076f0364cdce67ea008845f23d
hprc4_L100000_7839	b003dffc3309c9d3482cb9e01a6eb4cf8fa724f72e012a3fcf0cab5af86c1d3c
hprc4_L100000_7840	36a4e242527e41d279ebb7bf668d9c28dfc48b0f656cca13920e9fd9f587b475
hprc4_L100000_7841	31f23f7cf78bb73ebf0bff031c96f1cb0fc2d698351da9fc33c2d2b8e0598a94
hprc4_L100000_7842	547a5dcc4c1bc76cc3ff7fa00d5bfa2208947ea4cd676bda44744473e1152cf8
hprc4_L100000_7843	30fe25fbb056d08156cc608cc55954a78481a41a767c3cdcb5507e221763f531
hprc4_L100000_7844	5d3fc99365c3fbaec220742cd1a04eb41d9c687bf5fd4b0e8521a4ed12aa05c1
hprc4_L100000_7845	3c4b5cfa64d3ab0488cfe7b08fd595f541bf9bad20e202c6cf1cc4136d0872c6
hprc4_L100000_7846	bfee167ac07dcdd68b94ee5646f664384b569d0347879ec01d7876a36ff51451
hprc4_L100000_7847	a546877bad1639122dcf491fa7eeea85a6600d942df28abb98248a59e65dec10
hprc4_L100000_7848	43ef6d54643aa008fdbfc813846d5dff8148300f1ccbd5d4270cc35ff18a22a5
hprc4_L100000_7849	fb1c5abb9747e68b0638fd56fd61aaf9026bdf59d275b813ac53ecea3703d082
hprc4_L100000_7850	874ec7f708e9b5cea02d32810fb8936d667aa8ffdbcb874e3a4a63d0caa4ab2d
hprc4_L100000_7851	d31aa98aff833be89b5a174fae0caa0be5731055c3589ee9b675f3c30d4e8ba7
hprc4_L100000_7852	3a4b29258f84575412c5fd1b662f81f148db5c72214cacbcb445cfddace11418
hprc4_L100000_7853	8e358748ef59aa8e2070436c89520eeed8846af483fdbeeff487b36854c58310
hprc4_L100000_7854	77943d5b695186dc6bbf6f0eb95930b6ebcabe3efc9f9dea4d027417afbd4764
hprc4_L100000_7855	0c23b452503c3c5ae3cace213b7c1e769b8de69289320a27194e1e5494e0f386
hprc4_L100000_7856	5147cd7d13a60443051065e2344039d5e85bf44bb97f0099e9766f8709d5b4ca
hprc4_L100000_7857	8991b6aa5ff1e8bb3bc0c5745ec2de4e84d9f550153ab81f7277155100164ae7
hprc4_L100000_7858	c3cf819eb4a3f9f19d898ab8b193004f4d99179b67fc01466e3fdea450b9b2c6
hprc4_L100000_7859	654357ef2b216e10a1f0730e16d3f0c975a251935f8d80004287b27cc9ad4605
hprc4_L100000_7860	02bb6eb59fed55ccf1463f05af54e0965370a283909a5c04d1ca96e279034807
hprc4_L100000_7861	9f585971c597553d2e95677813887204e411b64c17f71e63bd2ce46c291dd001
hprc4_L100000_7862	669ad6cd162645d3811dac965fa0ec2da58b684e969f9574c2ab97867613b805
hprc4_L100000_7863	7e295ea4c1eaf1c4f566a4354d7658e157836ddf23923f9ff80c8e89a17abc9a
hprc4_L100000_7864	2ab8986a29b804812fa14680a292a77ab72b3a6fba16a70dc71c9e6add688fe7
hprc4_L100000_7865	d5349ec3f48aa5991d6b052f9bbcda573f57e79e33a09da86f21f80714914e06
hprc4_L100000_7866	8452efb480c7aa5b8d354a92e6b68033483c3fba22a22d48230b1bede2e7000e
hprc4_L100000_7867	ce1211e1b0dd5a167d79f067540bd97d02d87e72c5547063ae82a54c476b8da9
hprc4_L100000_7868	a7282f32effc5c53e712eb9b01b252caaf12130d4db588f8d2399a2c6af42913
hprc4_L100000_7869	eea9111c23b157511d0cd070d98f3865e1475be82bb2c5728a30b14dcff51e2d
hprc4_L100000_7870	05aad615cce9423526e5b44231310166265336b4e86b9e5ec58d6a7a5da7ac7f
hprc4_L100000_7871	ddb83a680ca06ec61ec21fc9f6c11b62132c13dce9afb5ddc8f16a83d7b2f252
hprc4_L100000_7872	b6d16cc9cdf6d9505c4221f8bb65b8959846c33c2a73adf9175225b66022e670
hprc4_L100000_7873	9af0f2f1ede17bd7aae999527f16f47aa95342d3ebdeeedc5650b8a832d6777e
hprc4_L100000_7874	7b37377faaf39ba79ae0b9b867feb7204c8a245bdf90626e1d51b3f808552cc5
hprc4_L100000_7875	1ccc3bf953c32440678755fa02846dd03187858bffb4367eb88a6ca62f71887d
hprc4_L100000_7876	fd7aa24ab4f48521f4e7790460732b7444fc15784ba1b210901894713cfe7f95
hprc4_L100000_7877	fdba6e731c26cf133c5136d3b60ea93182a5e207a725c1cef819072fc4eb46e7
hprc4_L100000_7878	3eb9ea1412bf78b7926a3913c9190aa78f386414a15d8384d95d288cd94bab7f
hprc4_L100000_7879	ebc6147122772543b92c21ffc3150aa95d6bf567306af6429a09ed5197b11673
hprc4_L100000_7880	55512b950fd69e6c0fd281bc581b32f0c2e2f3a39323e6b259ae8373f5164820
hprc4_L100000_7881	8211e2289f66687831bf66c183f95e458641df6fc21cef01a2cedaeeb6344644
hprc4_L100000_7882	1a6e9a5ea027ae0e271da661f00eeef92cd1d5a2b30eff8e26ebe99702b5d7a1
hprc4_L100000_7883	1b04e0c1fa4e0576a28b7bb7d2e06c555b318440495930354a4fccd756ef7531
hprc4_L100000_7884	d696d9e05160eadd3420358dedbb65a24030def1c9747975a2b1980c040565f1
hprc4_L100000_7885	22c36f00ecdfa42536177706bd39f85f0bf03774ad551fc5fe03b55a7bb4d1ff
hprc4_L100000_7886	86f42ae04fd92e588c0f0ecd97a3723b5fc15613c35197e0b3bac6f535cedc6c
hprc4_L100000_7887	a0ec8be3f546ace74de9150c8556977817dee2f1f4674c89d7cfcc13c0384490
hprc4_L100000_7888	290ef553f61862ddef8883809fe0b49eeacc14d7488441d0fe7c19aca4bd0ba1
hprc4_L100000_7889	4730fb7d40d021d2b18c40f2eb1cdaf0b9d36a0a570e2b19a9fe4b4ae8661fd7
hprc4_L100000_7890	22ecc173ed13400e80860e27467a2cfb6c1f4366803c401604c2cff278410aef
hprc4_L100000_7891	c7b0ee2e474383b19eba637d86b42a2472934c598e9834c4d2705f2de11d09a1
hprc4_L100000_7892	308f5a902d9de36904f0b9fd4f6ad9e8503c82535731694778399d65000905df
hprc4_L100000_7893	f98b33b712daca4e11c18bc94defec9aaea3186b55f2fbd5573068872da3e8e8
hprc4_L100000_7894	c04432c282ee00a63969364731069e4cad3582a679733a8e6a2999cfb659065a
hprc4_L100000_7895	cdf2a978ed0c34bc0e80ef0d9fa6c0b1d14dc7c7fd2a311c762079c834e30746
hprc4_L100000_7896	5b646f1dfa56a234e47af77bf6e135dea4d3cea0cd24d993719189a8c68aa5a1
hprc4_L100000_7897	7f78a40662a749a1b77a86189ea9a9b412570691b5c70bfee260fca1be4a8379
hprc4_L100000_7898	cbfabe37fbd40ee4272a5d3868e6a7193562d2dc6da3fa47d4fb88bc57d5fcf5
hprc4_L100000_7899	16f1ff81858e572b2d9680593c79bbeb618b8eedd06abbe73e2f9480c56acc5e
hprc4_L100000_7900	9a4739226bac16b40b390193aa062a6000b93ede39f5cc8d84159cd72210c40c
hprc4_L100000_7901	78cf2e00dd49c9200158610b31562968f639fe706f7a1b1bd4ffd5ae4318c31e
hprc4_L100000_7902	35b298e75caf585406397ceb23779e7c6876df3c4272206f5b7006a0ef4d6a2f
hprc4_L100000_7903	73d2b465b88013f9a0538e668890ed88d00963747b7a0009c55076532a515691
hprc4_L100000_7904	f6fd1b7ec865e853bec860c5243baa4869f6f3083bf11d73f014ea3d6f2c5bf0
hprc4_L100000_7905	ce5720a7df4abfe1e88a7b65e6dc2811040be74cb3e0b38847c12e98cf8fe8fa
hprc4_L100000_7906	527f799dc3c48d1c6fb66d1e7ba52e8af0ec3c98a8caf333bf68c80f86bf974c
hprc4_L100000_7907	00c67f9a47cc4afe6fa48f5ea69da118bb6f60c2b31ad1a75da22f4e3c1cd1df
hprc4_L100000_7908	81d2219175f6edfe5e36621fe6fa75041f5fac3de7c1d449ad596a22880bde28
hprc4_L100000_7909	298c62b8f1a9e70347c84c00229d678641abd7d3a8b5ab11883d62afc61655e0
hprc4_L100000_7910	0fe8baaaa6ccda69a63d5e03217dce8952c7fe8fb9e8d1990fef69262164814a
hprc4_L100000_7911	1928c8a6a965b77dbd14006cf830b6e4a87c02733c1b3d2d258ccd2bc885ea43
hprc4_L100000_7912	c9f67484377112cda55a36424a4cfaf921896b18e2268e0845005f07b0371667
hprc4_L100000_7913	7ea0dc86f9a6695cb3732778adb60e0e13982a04f773adedc0673b0c8a8d47bf
hprc4_L100000_7914	cd360398b13dc75d898f6b73edc8cede2e398eb1bc4000e57a17da9525d8753e
hprc4_L100000_7915	c28d2405e2553b35552cc26f16d3eb97bb35b9ac8a08af857382dfc346c44479
hprc4_L100000_7916	fd73b5c6059728837636a64e64831253c19b213c426bf295e2e3def702d285e8
hprc4_L100000_7917	e7d520bd2793a18e69ba759c123f7d2a0a5961911e02da82f41c9ddbd2647450
hprc4_L100000_7918	83d017f99fee98e76e6a3e2b5bc6b4b55e44bdfd6954a2d20239b7f20f796915
hprc4_L100000_7919	5cd13ed54e87c3d6408f159d6b578ae8919c945c338ebf57d969583cfc1cfcd1
hprc4_L100000_7920	293de7490a06e213d00a7254fd09b8a3a35710b28441a4a3c7d02338c7e1b767
hprc4_L100000_7921	3551013f7a0324aa97e7c2721e4e75860829961fe672651468c95c61403b092b
hprc4_L100000_7922	0212561b3e7150fc6775402d6537ca1b98489bc7fcec0843947c3424739ae6a7
hprc4_L100000_7923	acec4545d15a26e96ffb3d4f6f0750cd62b304a76df59698b0ff84bce6b0b512
hprc4_L100000_7924	8d6e1f93d96b5d4d3ec22214aff8bb1aba1c82ec1182ad00668b791f9f258fbc
hprc4_L100000_7925	77c545be985b3514b1aef8fb33f83ba4fd4a520c9c760b270f63c8254ba56e41
hprc4_L100000_7926	afa10616032e788d594c62e118b5354a3c165c4134f222634f82a0b417182285
hprc4_L100000_7927	76d372b07613c90c6d4737b894d3f8c59562642d59aec0ee0fe4102b5c593994
hprc4_L100000_7928	ff0ef407b9afc89da6e3d9055c5c5ecf6583b663416b45f12e5d6bbac5889594
hprc4_L100000_7929	873fee1ce887607f1e55baca8648aac3af1f69042e66bb35bb7d970f386f1ac9
hprc4_L100000_7930	02226d6d1afb70ea376a6a9f37cf597e6c56dcc544977f540a8b57c19607f8d2
hprc4_L100000_7931	f98878f5da5d8d88a9cac2bb1649891eda9bbb0bd4dc9ef491532346930e480a
hprc4_L100000_7932	a35902d304eac29b46cdfdc641ad0ee6173a6f65378e5224f553f45f997885ee
hprc4_L100000_7933	d9c896daec5d3eb116f7b14b55b38f68d25a548cff883a9d4e4463e9f0d0fed8
hprc4_L100000_7934	ad548e65998d514de75878da672274adde3e919d9b7cac9d2212a1c5088129c7
hprc4_L100000_7935	13bc20663bbebf008ae0d7bd98abb770dec29bb14d7323e7582a373d915c546d
hprc4_L100000_7936	1a4eaba7282b7d43d7cde9fd4c1e89f7322337e21ba6c83930c9eb0398ddd6cf
hprc4_L100000_7937	1cf1a3992a4bb70a38a25b3b136d88e82bc16cc4b6700ebba0ca5288b532dc16
hprc4_L100000_7938	a7ce1ea5b7cc8a3d9ee1c123a3696031a1127bc439c47117fd49ffb805c1af0e
hprc4_L100000_7939	ca23195677a1f04e019c2e34293ca0b24e1b7cfbe989d2ea4efbdc1042c91452
hprc4_L100000_7940	219a9f6ac4fc223e12a7b3d14a286ab8023799fb8b40e452484f39675688ef87
hprc4_L100000_7941	c1d78a300d31d342a2b52701ff35256c41bda1b474efe92bf4e74c92eddd0996
hprc4_L100000_7942	d464238e142c8d1c0248f02903238dd8d0751b65a65d740a47acef73d5fb7973
hprc4_L100000_7943	24672dbba6ca9c2688b4a31c1d61919bfe213f78dafe634b38b6799d730fe7ae
hprc4_L100000_7944	3a7334edfe4c715f63d3c90315977d7b5680ab692b09c87bf7be1e3c1cb399f3
hprc4_L100000_7945	587b8f476af13fbb08fae56fa2fde308e2d6cbd654401fce65e72bc393b7cfac
hprc4_L100000_7946	21dd21ed0ba60f845a1c62071d2efb12e7d815baae848876973c3a1b55452299
hprc4_L100000_7947	50007310ba52b00c727e7c77bf4641c6d4f83dca70303438acefe06665a566e1
hprc4_L100000_7948	cede5851768c15f9f6aa3061311af35e4d932d299acb30ab2d918e9e04cafd11
hprc4_L100000_7949	9d1b842e7c845525e19b4ea9e2be81cc052e2a9dab06165418d15e78368299bc
hprc4_L100000_7950	dc2419b499525a3b60bbe24e9b25963c369ca83e78b434a819d66ca9fd475f61
hprc4_L100000_7951	57933bb0504565d7a9994f372c62afc3d09cee1e8893aaac57f98ec6d7cf8b25
hprc4_L100000_7952	6bda72f0cf10eb675ef9132e75442dc0d4bd1e1ee1ac00687a16d47a0ca84572
hprc4_L100000_7953	03dcebda521f133ca42bb3efc636358bc2f2ea56fd0ef00d4215655eb29ec694
hprc4_L100000_7954	c72aafc31764c7aaec927c4186247bdf6ee8a040dd1f6817cee6048120e5b585
hprc4_L100000_7955	dfda11159f2ab40d795d15cdfec2b9150d4b52f1b917321c2e9d9e29e3e7c14f
hprc4_L100000_7956	d3545e5db86c981dd8d5706d8e348215e293155dbf651283fb0a7c958017de77
hprc4_L100000_7957	879595f93c03be93fe75307110bae08a338669afd16a7ce73a7b958a06b25abb
hprc4_L100000_7958	1ea5eef04e195ae9b0af4e07f40e017cbd75bf247eacdd9fae95f1ea2166c966
hprc4_L100000_7959	599d804d67083433b4d7b317cd6ebdaa645fa22ef05b00097d1a5ad6dfde9115
hprc4_L100000_7960	1ba823dd9a0eec83e123aba09570da2789f7c9e339547eab612203007d6a90f5
hprc4_L100000_7961	7249d3ec8528b900cb074315666c55f08d6bd4e7ba80de14401bf0c3a4e4f5e2
hprc4_L100000_7962	15913082435847c15cdbacf3549d7bf9fa5b1a0dba0d61b3ff509e996289a4a4
hprc4_L100000_7963	bf1a5ede9e24ce3ebf08d0d4f326e3e29c212afbbaabed877a220884b7f2798a
hprc4_L100000_7964	b7f8dacb0b004897086c39462bbbee5d489f6ab04799542bb13848e681638a9a
hprc4_L100000_7965	ff67c40b4d694b78890248faa21438a5ab68c6b6457759d1d345c3ee7fd262da
hprc4_L100000_7966	5ce98607b86b9c5e5390e055d11a25d42c9580bd6f761143df55028173bb255c
hprc4_L100000_7967	800a03b0f7bdb7fce0b13fa4883eeef34e313370077ea4e750174f7a4175fc60
hprc4_L100000_7968	1abb84fd593ed9a9432d3a205b8676bfc3da9ef29e9657809f3222fba95836ed
hprc4_L100000_7969	258445ea2ee92bc8ffbea1854f3284efd6c6929003cd9d67832cac20ca542eb2
hprc4_L100000_7970	9b40d94495ceb634fe88da2329066dee392fba40d6891be8eeac895e893934ad
hprc4_L100000_7971	854847b6f371dade842b0ce4d51abf17f1889b19c98dd58b664c2385eb564885
hprc4_L100000_7972	31a14f9fb511a7c7f5d9c9bcb1263478056b2f1359a47d34e5f0c77d00dfd303
hprc4_L100000_7973	a2d2dd121aa53282234f2df3cbc04581619b152fe230691da29a6aed5834d3df
hprc4_L100000_7974	38d2de3035e0498626747820866f7f933fb39cf28836197d1f89580512dd0622
hprc4_L100000_7975	4dd2d9b5efa7d8ba401831acbfd322df2ac4505bfadb79b04d105f48f4d037e0
hprc4_L100000_7976	7473303eba5ef5295f78842c47516c8449abf7eb1f0b2bfef405fc58e7d9f77d
hprc4_L100000_7977	0646fca876aa46ff71f9ce412f07d0c47fdb53806cec854ea54c0c6f1bee83e9
hprc4_L100000_7978	18cfffbe214c36c0195e0bb0d2d93c43bde1c32b1133d538049600ce77751edf
hprc4_L100000_7979	58cad3d7873d22e88e7093a1a41f25b0572bb88febfe522651ab004c418be39b
hprc4_L100000_7980	6ac452f4c8234a686304d4a112c85a16be6f58abff3d6d3e27a1c78e3d3990d8
hprc4_L100000_7981	97cf6a224c0ef368c5a74ab08d55956bd206d87324ef2cbb244468d03ba32cff
hprc4_L100000_7982	364f83832efaff291ad4979b43985ea36964eca021bf12f2e2742ad166088816
hprc4_L100000_7983	2880cdfcdccd714576d5932229607474d0929621daa6855435e63a263669809f
hprc4_L100000_7984	cc96159ad39146000266d5039ba455fe3b22b195131fdd740bf0854fbab3b02c
hprc4_L100000_7985	0814752287ab35546d710d00f56f230c80d6284d7d21f8be2e0a5c0403f129b5
hprc4_L100000_7986	065e42dd6d2f16e6e0b17808eb8a699e4bc84a533cce32f9ff41fccc084b13e8
hprc4_L100000_7987	a7381b4fb9996fdc4ff5b96f31e7fb4ccb0bb0f076958f28fb6cb36faa01d645
hprc4_L100000_7988	473f19e50527bafc5309a9a4aa8a85388d1a57305628e1109fd54dc77cc09ab7
hprc4_L100000_7989	e7264934084e3925f4cb8d2d79d232ec3b2738b9bb7cfd678cb3f900a316420a
hprc4_L100000_7990	a78bd03e96f615c69b59ef5660ec5021e620471b5fadc497b1742584c11dd984
hprc4_L100000_7991	3901719a009f56c494ded646b9f23a65fd53491ad8c1973ccc60b89213c86b6b
hprc4_L100000_7992	1e428a7b03d59488c4b8ec731e90b00a51be58bfc1966c28b920192fdcdd0cba
hprc4_L100000_7993	7c8cb1d5093a8c7dd15c25ee38f28dfcc87679471997e929140dad94f8423263
hprc4_L100000_7994	ba29fbe2ec2a1896d447fafb5aa2445246c91612da61e6a85c217794ee9c17a3
hprc4_L100000_7995	933efb7e9351dd99a95bf8588560f17097f5e3aee8a4457363af9fa9b0e68c9c
hprc4_L100000_7996	34ffd983e394c11125c7a17272f8749bf5d46e70891ab7767a4160d34906dbf6
hprc4_L100000_7997	987d3390285f738db180c45868baac8e550e965238901d3391fc25b34c9333ee
hprc4_L100000_7998	c28be4001fddb835625021125d425ee526ec9e12d11ca035ec8a0d441547401c
hprc4_L100000_7999	dac66047c1fd3e2012e5fd6d44770572a2790d4c4215a56910a540ea979dd5a0
hprc4_L100000_8000	c43a227ddb08d533e0d90b2aed46d2780182605704b7a04971628b9517b35650
hprc4_L100000_8001	67c4f9b06f0cab338363066d513ade7eadeaf0ce971d825d42dc55971e5afa12
hprc4_L100000_8002	c20efc670ac14fada1322d1e5d284d49d7d18b410d78205876c43c9248fddc88
hprc4_L100000_8003	79bd0a4bf639ce157f93efee1c945ef4a04b257f739a5023d4fe73bf54d00e2f
hprc4_L100000_8004	19936d41cb8d6a0b4254d9ce778aeaa57dd7d4fcebb9e98d6adebe5bdf7c7804
hprc4_L100000_8005	a27784ceb876229d9a799f79234a5e562e683396968e988817056da2857f0ece
hprc4_L100000_8006	5913a00355de583fedc0e6c3fc2d9d45cdb8d78a8f3845db1daa731d7ac48a01
hprc4_L100000_8007	6f6b4399aeb4d1131d6a3108abe96e23c4b682fe8446948b73ae4ecc83505ade
hprc4_L100000_8008	489c9a43c481f29f9b243afe2f2a8738d12afd38f181042b630eb5a881dd4f45
hprc4_L100000_8009	bd5ad412a3bcb27cb67b3e33d65a09378bd884b6d53699d58dd06402baf9f315
hprc4_L100000_8010	3a32f7cc58caeb0290ba972c1f5dd6e28e73ee314a7b3690b6cee8dc706e15ff
hprc4_L100000_8011	34d7c6c20582c4d64287a200e0fc2185877ad83663db478c0f2a34d72fc5b80b
hprc4_L100000_8012	ae2ef797b108b310b2efee4b4f1654b89d7b03c20e6af706bbbbb3bc99cb1d92
hprc4_L100000_8013	3980602c48eb2ac64ef36d2838b67c1f81f0e90f75783b1298f6a2a342ad352d
hprc4_L100000_8014	0d0ea61842ea6abd47e0d00a69697c785efa30f4f9d6beb1008b103e8c519323
hprc4_L100000_8015	1fc5da0b8ef9a46bc9f5331e3ee807c23a1a595a75c1931b53c4f0e2017f9c3b
hprc4_L100000_8016	cd8b3c91ac2eeb76b66c1c8cfcb5c33ebf7ae6b19c099fbb557746df3d698f81
hprc4_L100000_8017	3ee7387022d8547c7c8272773ac847ecb2fbea84ae8af1fc00a4e9394f834920
hprc4_L100000_8018	74baf0dd245714999029cf4f3758b31092d6d1f65870479d91bc9379ab6f52c5
hprc4_L100000_8019	c1b7102293484063243f84f644a90d9120aa8c34f003029290744159f96ade0a
hprc4_L100000_8020	f336a7201d573f40a859988c111adc3701916a365082fcf7ace110b834b1c899
hprc4_L100000_8021	3f20bc05f6028c13d5e09a3f71aa6173aac206c6d750714527d8b183e22e4930
hprc4_L100000_8022	469b55aab26c239b33220d08850b09c7191fb9d3a72963f7e92bbeedf9d5cbc6
hprc4_L100000_8023	5a7b5a0bb86ab001746be01a7cc60cefce2a17bf42f6d2a735ad8f0cd5bfecb4
hprc4_L100000_8024	79c5fe1066682577d5a2653e37ef72ffc89caf7645e94a42ca489cc4b5dff97c
hprc4_L100000_8025	a81554515bd30f8bff87044f2a5c374d4a9afd7bd3a5a7d9e6b3598270c6f2b8
hprc4_L100000_8026	eb7b1de8e20aa313de3a7702cdbff29a642402beedb037c206fe746abd8a5e8a
hprc4_L100000_8027	f9855eb56d7f10771a8f97467a53f1faad125f2a6114ecc7ae67f4cbda284674
hprc4_L100000_8028	12483ce09865a149e1d8f4074a176ff2ac4d79908f5d67a47bd2a2568668f09b
hprc4_L100000_8029	02b0cd194a9c0829f42aee552f44e4e10146fc3a07e00c8e3627fae90ce6e7ec
hprc4_L100000_8030	f317942825aea27919fec756e1810201a2057d504a4d2a31e7d2fe9c3f99b251
hprc4_L100000_8031	2cecf4981e75f27de8aecf631db41e95818994d4150ef6a98b8fb10b2f17c682
hprc4_L100000_8032	3db94d1df7ff755ae4627a4d56b03a71de1bf5508c34f95210b3cb7c39378064
hprc4_L100000_8033	bbf7ad1dbf5551479b6613ba15c6c6cea569d8b28624670ea15638fe49c5a8f4
hprc4_L100000_8034	8613dffcdb266d84d5c6fc2151fa7786eedf05663dc4a9ff67b905f670257970
hprc4_L100000_8035	f4bbf13a4c2cce17ec417ef00cc763adb1e88397fdb9b32a866775292f9d762e
hprc4_L100000_8036	51c02bf9adb1c6f9616c38d33e3b5467653082266d7b18bd8e2b291b980b997e
hprc4_L100000_8037	fe72403efa2f94d1ce3e9329329e6958da26e478ffe81bf98b81eb7da33c8f43
hprc4_L100000_8038	6c3b2fcb86b7f2638f16d27bed0e89698272c164be3399ecaecc30efb4d5ffcf
hprc4_L100000_8039	83c38791fef17995255433edfad919c00a1a5322f1c5ef324d89fd2687beae70
hprc4_L100000_8040	f74556121c65961d565490d224a0365572e4ec209b170d2ab0f278671f1e1746
hprc4_L100000_8041	84767632e4a42197fc9e4808b2faf7c25545f8de5202d60767a9ed4ebe7c9268
hprc4_L100000_8042	f77dfedb7aa3c08e612d70c64a25ac9dac96ada01b9d29669c89c834477aa175
hprc4_L100000_8043	dab30e7772207625538a2ed0decffd97de0d66dc4d044d7f44b0dedd4c783177
hprc4_L100000_8044	5c0229735db4d5e916b2cd7950e3314ac49654e21509ba9c0ab7f8b9af48c151
hprc4_L100000_8045	4ca9d23fd5fed6d9d8a87d439ba2cadab074a004c52a0ac0eb48a346b7ff487f
hprc4_L100000_8046	a7044f16200f0c7143970e894f28e6dafa045725ba1a130dbddee9526bab8f49
hprc4_L100000_8047	32ed87b95143ad65a15525ff1cb01aab0b951c900518b409dcf4614b2f2090f6
hprc4_L100000_8048	54c06974b052471642ebe3e9bcbfce5170f5cae1edefbb003148ff15e71b3d33
hprc4_L100000_8049	ec9eb388b8c5a1952b098012fed3bb37752d4379a2573c63cac3d22e984444d2
hprc4_L100000_8050	a5fd373a426cb0f85e87c004f6e20c4b4a2f4593a09912072da5aa43fe2c414c
hprc4_L100000_8051	3025762139944feeabfb55c47b4baaa2fe406beb00222e2f4883f2f3229486f9
hprc4_L100000_8052	94b1dfe771ec14a486cc0f2d19e07f5e147c8686b057146737231c8ff6d76364
hprc4_L100000_8053	2ed6024474e280d86a4dfd87ea5d7e02bd19fd0798757cb140fee95d52fcd45d
hprc4_L100000_8054	ea2a6b0422cc7e870809f7b6b2383e8addb993f1175df5a09edd2d01415bdfb2
hprc4_L100000_8055	6cb59ce84ff38b1517b90d167f5392ecde27f0bb0c56526dc68ce9df0db5e09e
hprc4_L100000_8056	2c4cde7d1e9dd251ccb6fc61b16fe8a059f5fdcd3acb6907c21d6e6966e3c72d
hprc4_L100000_8057	1af0873628f6ba219ef01761b57aec28cab8cc67b2b2f92eea18faf8e3825732
hprc4_L100000_8058	5ca057606040d267b69e998ca77c65ec232aadf32ed9d7678b782a11c44c33e0
hprc4_L100000_8059	6d901e0382bdd1c6de0c33d55839914676a8293c8533505d78f38e8b7b2c52eb
hprc4_L100000_8060	a2fb18de42ed687559cde01451940caf9949d18847c7eb2bbcce90e8b20daa95
hprc4_L100000_8061	e072d2d9694f281008d0fd7c46adcad6db410bb9de14df26b0333c0d31f75b49
hprc4_L100000_8062	94999a97c1c27b57123d4d26e4efcd465ea7fa69d3eb75230a0d1500f4f7e665
hprc4_L100000_8063	c949978e60dc5cfbdcbc6a7eaa9811cb8afc0e909a17d414498f958415bc397f
hprc4_L100000_8064	5dd0eeeb46c219069c13d5e49f159815b7ce01901a876a9080481d8ca3a1e12a
hprc4_L100000_8065	67154029f78f3c007b6e36c3bf26c4e1d8a0e786ab4225198c15de71a812f620
hprc4_L100000_8066	458384f464810cae41ff9c6d05a4845c5ba8c3bed0b60a90edc07e1cfe932224
hprc4_L100000_8067	3ba98216e39a7ebf904dd0bb95670652d59defa3cfc7dfef785b00214322139b
hprc4_L100000_8068	6dffddbfd4bcda209acdb2305089c858c91b55b1240fb452189ac2a4f6937c76
hprc4_L100000_8069	aa7bbfa0655f2f013fd1ebc1534686175cf5043cd53ad70932f6b6e0d041f789
hprc4_L100000_8070	da13d69d704b9f60432784b1e590738c267700b2de6ca333af03ffdd44bd06e2
hprc4_L100000_8071	4068990b03bf7f7bcb1a8ea16845e23087c034acd6094f0ead6a38be3385f74a
hprc4_L100000_8072	0a42fa49f30ff2d6aea946ece3728411a59ebd36247a22f9758bbb22828aafd9
hprc4_L100000_8073	d1167fe60b2bce71beca26ea3bcde8f4741070ba014ad1ee7c2ac8bbd110ba5c
hprc4_L100000_8074	510bd52d33f2281abe4405be7799a9c17fc46c4a0c66ef6c788265d1e9a9e934
hprc4_L100000_8075	1af5a33554e926c20df590092b56fd2441bd432d738e96cfb456991268f17706
hprc4_L100000_8076	4797c9d2702e9f3d3ce44f6a97f38cf6828388af99fdf78a26142a459e9db674
hprc4_L100000_8077	073936f80f11c3bbfd53dd1b434fd3c791b122a2877f393b536daa6387031618
hprc4_L100000_8078	d8e0bb8297376ec3d1feed26f4bef26055df3b7bec2e2e159f0d43f26d2fa812
hprc4_L100000_8079	8f6f90012e990480b801e2cf91f7a7251e64e73795cba4fe121d972b2950a90e
hprc4_L100000_8080	5577710307f4900c0f3ebb095d53577295b2f4650874d3eb8afbb60aeb512bbc
hprc4_L100000_8081	5160a1b088fa403318b4fe8d0c041e9cbdd4575e6b33e5309a31e2af2537cddc
hprc4_L100000_8082	fe0e19619926e8ca47115cd50950e15718394e8c6950c6e6a596a43b403d52e6
hprc4_L100000_8083	f4734a4345672a46a346d8818bdbd9f8e751b18018a5d4fb5b05db8f9eb254d5
hprc4_L100000_8084	284d122b69b5e1179d1e0e15ce89888b12d2eaa4a292568dc96a150c62defe99
hprc4_L100000_8085	d9f7330a860f4ec7d6f575fe31ef4fe986d820a6af1404de38ae47f41fb1c467
hprc4_L100000_8086	8093dd908093b1ec20e6c138739eb9b151a8dbdf70b5544e745364eb2f63b8af
hprc4_L100000_8087	84966c983db8b2ee15ad6150e90c156cd9fc216b50073fd729194d70fb63ae2f
hprc4_L100000_8088	ac7824d9a4e124af45482bf019a3f7baf771c8b1e4719e89eb1bfff751f008e4
hprc4_L100000_8089	8f2eb3b2a9c47e6c7531a4ebcd59ac06d9845c00c6f12304a6c980549667a0fc
hprc4_L100000_8090	7943c8f80338aef35b3c5d638405859f20392562d6e11f8bb73ee6d8a6794dae
hprc4_L100000_8091	a98f17ce12b3902c2ae37d283195b46b794cf2c41589ca0a5d140b08f7a06f69
hprc4_L100000_8092	ab7c577677576736434350d60188550a661668e4906e8886744b47cf5d50bc5f
hprc4_L100000_8093	723ba3ffecd3466813c5315c7c151882dced6cb486c4fd3bc73966300f7c3daa
hprc4_L100000_8094	fed91f6a54e64c4272148644466da92a8819d986e903a6dc4667b21db68c798d
hprc4_L100000_8095	ef471ba0e0be20455ddaf0efdf5a723ace5723ae2455b596425eb3b77650d788
hprc4_L100000_8096	0a2d0a095f17b2f73f8b8773b56f1866186f323743fa6d9da37ad9c5cf269e1f
hprc4_L100000_8097	dcd5ca12e2e1631a825dff5612ac964181b4e847f4954e81f0882ebf57b9da22
hprc4_L100000_8098	ee4051d0ccf4c471708b0044950dca632a6c6c79f8d7ae45f4cac27d774c5828
hprc4_L100000_8099	1f1703b280ebf1db6b09821acd9485bc96fe5ed4901ab2bedb7d2c551600022f
hprc4_L100000_8100	93df61a46f02027f76957f8cdc1e87508745cee1a077c944996295e0f9b9e06a
hprc4_L100000_8101	975f5572b813730eb470217ed22352cf86a4d93c88d4ddbdb1dcbfd722c6f21e
hprc4_L100000_8102	385e06454fa192537a4cbc82127112c6636ada1136380deaead9455bc3d0427f
hprc4_L100000_8103	4edca414e42773eecff0af175811404bc6a2e89a64f3046ca8921f9c21b0212c
hprc4_L100000_8104	b76c960faab08c7f03f07a1e82620baac6408465dd0f0f83a3129c9722cca121
hprc4_L100000_8105	a18fb5d6d1fd9dec32d9817da12cd3bb7c816baf62b74b36e2044bb0c2b1c064
hprc4_L100000_8106	c6b69c0083c9d6ceb6e2aa1653802527e08a50ecde9573b64aacf8cd1a8c76dc
hprc4_L100000_8107	242b77c08e6f060d1a65879a86fb28bc68be474d014495cc7849fe3823c629dc
hprc4_L100000_8108	cd880b81d761caca5b970bd945f2a43ac752d802d283a804c4997eb0d48b74e7
hprc4_L100000_8109	c38a71e035c7c63bf569b8e70aa1c873c7e4d4cf049a190cc8dd39c54387a175
hprc4_L100000_8110	cb9964c40fd86b04852a7ad0ae9b543fc67c99eee49cdb04256b50a53a7d2b0c
hprc4_L100000_8111	59908911c5fbe30b97ea73ce31556965ab6cb5c320503f2194b1e835254f10d1
hprc4_L100000_8112	7fa697e333d2da50dfe624bc609bba28886c13b4af370f5ae9ed5a203b37e47d
hprc4_L100000_8113	ccd7ea87ce02bc14c07764606e9edc25c595411aac8713595d9df0d2d3caaf9b
hprc4_L100000_8114	6a532fc90160e7388a44eafc5dc6ea68372af1eca58a9cfb3756898a8f868eb9
hprc4_L100000_8115	bf4c73de0f9420473a60134027c4075d671abf48a32a4e1e2f8dd28c1f728ab6
hprc4_L100000_8116	bddaa161c94d55ba0d509490f83bed94763d8497d682098a4b632c5c26a28eb1
hprc4_L100000_8117	c11fcac51cb613a997f1a7048c464dc5820ae63d4008cf3bcc30a42be6f6c256
hprc4_L100000_8118	fb542263babbbaefb996fd6ad98c9e45346bb939ac010ef93099878a2b53e15d
hprc4_L100000_8119	195366a82333d75503c219e3c417480d7114952f3575d359232dd54205aa31fa
hprc4_L100000_8120	285ce028bf739f88ed413de7498e384fb523397fde3b1d32b84f927463a548fb
hprc4_L100000_8121	fad73ac3ccdd7f81311a0a5883b09e6137b5825ee92fe4c1d5c3767e24b74a12
hprc4_L100000_8122	b6a921a5dec6da6f5108d0bc2704b3eb3fcb7caecb8d64822c43292e01681e58
hprc4_L100000_8123	5016454e0726e96395c276bf4ecef83626a906857a2092abb1d78b70a3a6700e
hprc4_L100000_8124	7cab56bb17d971470488a014e2e035bd50cd5fdb35097f6162bd0bb436309eea
hprc4_L100000_8125	fbcf1066db0ce35fcd145ab6016c093caa788c2b3ebf12aefd2f2231d0211090
hprc4_L100000_8126	53ff312b020c713d2215c1aa5564deb561c478ceb45d9ace7f7dad4c8a3b10c4
hprc4_L100000_8127	3cb64f3fcc33183163f1ec42839795633c035a8e3961714d6de207871420830f
hprc4_L100000_8128	dbbcf3966b38233f549ce88165d1283e49e0d215b3ac35719b2f3eed04f2ea1d
hprc4_L100000_8129	a38fd0d81613f1d257ec8b26b3d6c95c9cdc1cfa68554045b71e7cff4b5eddde
hprc4_L100000_8130	4f740c8b649c2a7467835b561018132aa0a8f39c08a63628d16540840920182f
hprc4_L100000_8131	5b70b942268f39553c5bfeb2f2c4adb8616318bc135c04d13870e22a374b7457
hprc4_L100000_8132	335072478a2f8ba8893302fe665091abc3e96c64c2cd70a0e8e6827e7f16ec30
hprc4_L100000_8133	81378af4123e19b3fdd4af68912298c6e2a118819682147875b27b0913584848
hprc4_L100000_8134	9adf64a1ac864abbc77a9850924d586a9cb1e2f7e54c3c7ba1bbd6a544b0b677
hprc4_L100000_8135	abc8237f0fb9c3c8f30866ab67595450de0f02b6291b7024cae501d9ce07bf63
hprc4_L100000_8136	24a17029f67b4f1115e318f52eb89a6e1a96957dc3f8a8dda39211b416ffa23c
hprc4_L100000_8137	d157630c7f037caf8fe5151f2cb7d4457f09cd091f59603fc758d08cddedfc8c
hprc4_L100000_8138	e74213f970d8d4dabb2fc04ffeb7c1ef688cd7afdb8ce75720e922422514ee14
hprc4_L100000_8139	842d9187fdce904deda6c35eaea6c8bf1b0ce72f4311c035e501b5d9b76504ac
hprc4_L100000_8140	9f399de22e27adc53de21ab9e812eb364000b4ad5002cef1e3ab652dc694b102
hprc4_L100000_8141	608d212953d61b2f01856c69fe7f90501b2f43a524f16f1227cd8ae0c31d4baf
hprc4_L100000_8142	039cf85044040f2e244ece76fbb2ff08eb32d72b1be58b6b35c1c60acfe59876
hprc4_L100000_8143	98aeb26b5d1010bc3834278bedc43e5d2f97b25b4871800cc46546eb2bae21f7
hprc4_L100000_8144	25b0d253a4779c685aa18f2b94a3d436c440e2653896f3420eb8a0b96f7dc50d
hprc4_L100000_8145	d856b725ef6f60da354d114803798bf69a8c02adacdf35efa086ef375a516187
hprc4_L100000_8146	e72b0da548a5f79ca75d10b06088b7795f1c8fdda26dcefa0529999d881ffd1e
hprc4_L100000_8147	88cf67347ea54bf348f0c7752044bacaab57308e6596a0ac081fbf3639748728
hprc4_L100000_8148	c6a486d90f3653fa72db8d18d028b803eccb3b2f3b352f29ab01474ae20b9947
hprc4_L100000_8149	408157954b31a6eb2718cb1c08f09f344757d144240a0a4f7b5a5725036b6bae
hprc4_L100000_8150	bfa23f1a6076c2874596b7325cda863c8f0360a8adf752d74193518710278bbf
hprc4_L100000_8151	30391500aa4173f7e55ca5d9073da6a437bf6ebefc8162fdd1cd5843a39ca84b
hprc4_L100000_8152	578b75467b1bab10f2ad3b9f1483dcfaac103a6580371d434845af68a2a526dd
hprc4_L100000_8153	9390f1cafc25fdaca0c0272d5d65778d4427ca5debf12b484abf56c7ebbc8506
hprc4_L100000_8154	92536c90ba969dcce23db6a1a1893f66a5ee3e9ff7e917dcdf5325efc7b2cb64
hprc4_L100000_8155	ab7e037b12088f8b82ec0403b8a104a2b6faa54b3d895fc41bffdf1896861814
hprc4_L100000_8156	7f914674a097d2458d1008df55f57014102535e6c11e158268c14d3a29bd9fc8
hprc4_L100000_8157	83f807ccb01cfe7128a5d330acfe8d46fc2d10e99c5451a9e01e926a1d4c2303
hprc4_L100000_8158	14db4c5b78b155252fd259e12bc4136ce44bace0176d2d01c23ad3c843e1f0cc
hprc4_L100000_8159	88ca656e368be7e17652f15405984d9d702df2b9a587de17215bd637953e7b62
hprc4_L100000_8160	707cdd894179f694c217935c82c8414863af98579216b17ade1d279e08a2302c
hprc4_L100000_8161	32c966db77df54e6294ea49c7245d8c93544c0c8214c99d88aeb2c8d5efd8d76
hprc4_L100000_8162	5f788bd9fba69afd0c1f1f3c278e7e99ec97aaa8669c8cb775ddf9aa86983508
hprc4_L100000_8163	73cab5cd8da631e65a8a8d17df3d11df57a214725659a32e19178976854e0b12
hprc4_L100000_8164	e1e7cc5cc454475d1be4f14f7dd6dc9ceab5d390399ae5cc1811aac7fdc5168b
hprc4_L100000_8165	4f104abf69dd89a2892e9859b89d06fc6af5092160eb75ce64befca60f5ba53a
hprc4_L100000_8166	820cff8559699d2ace2d3c51083d303c4b5c3d0c1cbd51ce8d3e13d721d79087
hprc4_L100000_8167	fbce501418184920f411573e90a74fde3322548f1a6a74623401279bdf2cbeba
hprc4_L100000_8168	ef550325edb438d5d0a643b7ce62deb0abeded86322438c87b52c921476c5284
hprc4_L100000_8169	1685afe1757675286c12d5b6623dda4ae526ef6ba5356b07d41a1c224a15174b
hprc4_L100000_8170	4153ee05e8bf695ce1e4c0803a84b7ee305300baa90caca2de1a1f21f2b6f1f4
hprc4_L100000_8171	4d9ba474b6c3fb93ca4cb353822b505e0c1ee5fdd749d4468bd2123842bfe302
hprc4_L100000_8172	2b53fd4f0074a69c1987948358ca2d1dc0e562f450950469a001e4a9d6a7fd65
hprc4_L100000_8173	70ddc758551e6e3ed1d4a34fdf0d933d922e7638632eca385abc91415bcac08d
hprc4_L100000_8174	d8f556cec75cd72fda135603d179307e4fb5ac46a0c70a0627edf10f180c72e7
hprc4_L100000_8175	0a237995868b97696a463ae1ad8d17edb2304a2197664a05664803e359b96f02
hprc4_L100000_8176	eb8036d852d9dcaf47a63b32ffb57eeca5216b4ed51f94b2fb6b00db1340bdd5
hprc4_L100000_8177	ef9260a612497f8bf7b5ef2d6df1494e4c5d7f37c695c6a344ff5579417aa422
hprc4_L100000_8178	15596a4076850830377fdddf7eef783113f6063d9e98dc1e22f1560522fd829a
hprc4_L100000_8179	346843bfea523d7b0a69c7f3047c5806e869a29d6766739bf978265e07284bea
hprc4_L100000_8180	b0273050551fdd2ce6da27130653ad24977fcf20cda5c253b5f5cfcb9d82760a
hprc4_L100000_8181	32fb0c81cfd8acb38f604bacc2fd465b78c3d6823d6fd70ba95cd7e0f98adac1
hprc4_L100000_8182	14e865f17429d577a8e180eddcabc0118f38496741f40c788d1c0f1c530388b6
hprc4_L100000_8183	61da7be4582ae82ce2f37d02b8b001ae05b771cd9ab881a4829ae7d6b09d1d00
hprc4_L100000_8184	fc5154c43a20caac7ac0047d6301e2cb05ca7c974cff8c252fcedc899d21ba3b
hprc4_L100000_8185	57dab28658e4fe4e93680e9929c6163e80faf842b77d75583234ed8141d18857
hprc4_L100000_8186	20ba543624c007559595c13e49b892532b2bd967807d56292f008ca93dd458d6
hprc4_L100000_8187	eac38a38be5d8d4c3a6b46ef0137a46bd03eed57a2c6ccdf10d3b9c17da52618
hprc4_L100000_8188	e5c18c15776c002f5f45064407913f989cbdcb24b37bacf83b1b92f5709fc19f
hprc4_L100000_8189	8c48eeec2db451e56812a98a4d927f755e4752f98f329d66504f19ea01f08ea8
hprc4_L100000_8190	5d539b4f8ea727048ba76bc28f40dc0ff990c3bd86314dfc3685a5bdb8cc5f7d
hprc4_L100000_8191	3bf38531971ea316f0018e6ecda407a328742641307360680a05770559c59e05
hprc4_L100000_8192	2b673ae566dbfea18f215a0848b68c267cfc8ce94d4dde2f1c256508484959d3
hprc4_L100000_8193	cb457f5a5b0fcd188565aa7a97da8a9f6e588828e406ec2673dc253c82b471aa
hprc4_L100000_8194	91edef9b6730c3d5a470b1b38c1df9871c73865c6c7de9267a841fc83e563a07
hprc4_L100000_8195	12dab5ed93889c2497470106eae6b264a579a7fe63a257a8e924c4bbf5b394d7
hprc4_L100000_8196	c951dfbd857a32d43c9fcea8c9e3af2479b979960dd126a90a9cf701b6c24618
hprc4_L100000_8197	e358bd471e6766f73d399ef76e16b279f4902ebdc9b930b2d0bf2a7868f765fc
hprc4_L100000_8198	f3f2dbac59c0d3375fcfe13f5770e26dc60ee59845fc84c4fd17e2d868a224c3
hprc4_L100000_8199	3508619c580f7e3e7725ef11ddc0974495caea2c2719a46abcb575620eea7c82
hprc4_L100000_8200	9ae1808def641044031b0824ca8b87f0f43310b0afa8a126f7fa790b6156f406
hprc4_L100000_8201	6846636b3366c1f65c1596ecb7ad6fed9ba85e52e08abacdf8c88d89c709fc4b
hprc4_L100000_8202	0057261ec3895870d0f7d09bc2c5c430806cc5ffaf79b617d4be541317c551ed
hprc4_L100000_8203	75f34225e70d16de3b5d50c31a22bc41da2dbd6604aa7579b38858c027543243
hprc4_L100000_8204	479262cb066f4e43587a9c406fa5fe113203a89d75e81a2766588306f23d854a
hprc4_L100000_8205	206d2aa5044a28ad5a331cf8fd08033650cdc7936cb23a72441a0d0dc5be0c30
hprc4_L100000_8206	00f2a6667fee9b2e2b35ffe4637d14be3d5f97c8851ef5eca3ee3007d516df44
hprc4_L100000_8207	34059ef5eb3961d97c8b9fb2ffa37dc9bde155b248e27f24e6e60d601c480e65
hprc4_L100000_8208	65d9ccc4b78da7bcbf31a058b83db73922cd44f4297a30c84abf885180264e99
hprc4_L100000_8209	aae6b2f05093b2c42e49ec1be94d076a1515de8bbdad353ad774b75794fc4b07
hprc4_L100000_8210	c9d73637f161492d3cce45cb8bb6374cdb878391b91e96c57b509d1861149938
hprc4_L100000_8211	ca3f29ced4f65d61c3a0e886d6ef32053a99ae3babdd24e26ed0de380c0503e2
hprc4_L100000_8212	433c5663e79f6168e4e12ead32f3e057e0980a22caf9244a8c8ab8e47c955f83
hprc4_L100000_8213	afc166509b1f10e4e12af209adbdd1d13ba86928f0d6ce9a138fa040058e611a
hprc4_L100000_8214	070bb0ba166eeeefc78a5bf66928f4e9cca883e8dabecd78597f632d2cba5174
hprc4_L100000_8215	92f4598929e0dfeb08dd853e86f50f48286d33282e9e3ea7f67660ee54f94588
hprc4_L100000_8216	3288d4e748a769b873c84f035ab480ac01267d221679662051097e23e884967b
hprc4_L100000_8217	d773124955f7dce1dc6b550162b0da17db272e35c2a7c74619d664b06600fba3
hprc4_L100000_8218	6a910a7599daeaea30b7c27601d85b164e2405b3fc357e2f64853119acce26ad
hprc4_L100000_8219	c5f22b86274adcc877c80a4702d8a66bfc58586d364c4f605357bd1beb7ba13e
hprc4_L100000_8220	6a05537123e8be2aaae9c200afa91de10a012055efbf578e213b434f5fce1365
hprc4_L100000_8221	3a918c8b7cc1d12baaacecba1560f2bfd0ede3fdd9d6e02093427bf60dfc3518
hprc4_L100000_8222	64a3e2c4c4f25bd48cfc7ec842e81a23b1730d40450ef6cec9c4c2d09d25a164
hprc4_L100000_8223	92178bb1a4b8266f0c7d3a80d000aab39b3fd34acd090cea65896fefc7c6b427
hprc4_L100000_8224	3d9bc1bfb85c1d2a4363bee7070597dca5b8c83f89a612d4ac81477569500986
hprc4_L100000_8225	bf3ae934ee1566615768b7b5e4abeeec74da5e74b6d3ad9734ea41d5e25fb7f6
hprc4_L100000_8226	f8f3afc67e66dc20b417ae7985911fa077053daed9da046658d3aad8a00307de
hprc4_L100000_8227	43767bf86b1591396b0df9f6ab2b9e08a56612041c3d14f47135124322de119f
hprc4_L100000_8228	c640579f72a9e6f7168dc2eae8da6096dfd63430ab9c606ed27471566a58e6e7
hprc4_L100000_8229	5598a299bf7df88021ba051b14bf49bcbf20085bebc55831d0703b1a4571d35b
hprc4_L100000_8230	026c4d927e04d617a4f7c7baaed54d6576a1f8c25d4ca2e6999d88a997318697
hprc4_L100000_8231	3e52962f8d797f0587ac3b0bbe866076167078f9b52713035d532d8a093d4782
hprc4_L100000_8232	f9f57013fb7d0ad178942dfdc0cc7a0bae15f79778422e0c9198d6f078b9ec1f
hprc4_L100000_8233	cecde962b78a19436060625997ebeb199386da342cefd6ee3c40a18f25737b7f
hprc4_L100000_8234	ce4afd8e4f6349acd04198d806842d8f46cbd30a2657cf4dbbd2df607936bbf5
hprc4_L100000_8235	d609898401b56804eae3ce5de92e542d40d444b2caa7184b427033398a59029d
hprc4_L100000_8236	c994c158034ea465f3c9c78cb3cc3df99a7f1a013d37f760edfa8a1cf6544f88
hprc4_L100000_8237	882c8727d66a512e1356c83717e7a96afc2d0e052b3548a198b28b011c4dbad4
hprc4_L100000_8238	c743e41693e65796cac711096ea8ea3f9c1a2295510d7809deff003fc21016a0
hprc4_L100000_8239	3040b429b92b81d7dbdf0442347d8d331293b1593b95ef67750070bcba279cf4
hprc4_L100000_8240	5173cc1892068aa28ed8721a5494984c6eb4329495a729b59a2922f2fb165671
hprc4_L100000_8241	dddc8cac67bafcd5d8ea8921cce540075de465eeab15a95e2982d8d78f01736a
hprc4_L100000_8242	ebf9413fcc8d5f4c0394ab3958587f092a74489cbef6532c127287cd9d458190
hprc4_L100000_8243	b76e902dfea964489e622092585cdaa90708ba205d8b5c809be67cb4e38ab2aa
hprc4_L100000_8244	ec8004ae2fb6307333b510c919569f5c8d0ca300e822096f8832d49324b4fd15
hprc4_L100000_8245	6fb11272c461a476df6b7da0aa8e6379402c81827a82004b2acfd351666ee80d
hprc4_L100000_8246	5e76068b293bd74260b1d047966ad92cc7694fceed76806a1d0c73c16a9c85c3
hprc4_L100000_8247	b73981b1523ce5cabdcb4718158e3976d9394e0872253ed6ea3ed6b43f396881
hprc4_L100000_8248	086b88efe8cb7a8d5e978845eaf0112cdd079cb465effc5f5787dd67ec8d2f91
hprc4_L100000_8249	519ceb5e4b51a3e1b95a77452e2cb93e6206799069cf41c2bb2bfcb29208949d
hprc4_L100000_8250	8ef22bec675e5791759577acfe7cd9f0db01d4db5d293493013fa7328ce06d43
hprc4_L100000_8251	92324985cc7d0b0c656d4522d3a2b72225aad2b8d68ca70be54623e0571d68b9
hprc4_L100000_8252	eede245a059ac5b96ced29253fc1bd46c25de5bd22a9c0cdd7236097db2e4309
hprc4_L100000_8253	b8a065178c58ae37345cddca3314dbe6b1e51701c0e39f5851bdb9a4c9eabf5f
hprc4_L100000_8254	8d0e1fdff9f1c32d42ec35a88fcdc995a6faebd5f4fe6c10fbddf746186d8ba0
hprc4_L100000_8255	6f247bf43b6971e6d8d9159461785b324275a607c3dec808efcd1b0cba2688eb
hprc4_L100000_8256	4c6238a1cd023ad946f7a1e1d9ae3497c31e52ac478cf7abfd268fa402a292dd
hprc4_L100000_8257	b91eadf8bb7ad38805e10ef766227c8abb503e9d70050580cda00bed86fd1b4c
hprc4_L100000_8258	d7fa5b3859b19e17ebef4b3ac9cbf85b139b8447d1b6958223d7ba3adc530618
hprc4_L100000_8259	fc6ff80110769a4995d936c23be97a6c514328a08e52644434c142f460aed87e
hprc4_L100000_8260	787a95549fa02b8e09f8ac53278296959bf841bd9a3cff4d082436f9b6750ff8
hprc4_L100000_8261	e6a41b6c53487fc5fe60f17f49370132a90519eec401dc9b4ad6b744cd78232a
hprc4_L100000_8262	3f0180aa8c70f4355f5a83c0c73c40033513ae990401f25d0b54dee8e43f6322
hprc4_L100000_8263	840deeb5282fbe4f9592536920e8fad5367c9afd15baac70d803feb8a76147c0
hprc4_L100000_8264	76fd9d480abed3df0cec2c92fb31d03ff14622907b40e34dc4dda404e800c5ea
hprc4_L100000_8265	5c87565ee15ce4ba2ea503fe81f38edda74770955e533c7ecdf2800947284d31
hprc4_L100000_8266	c54a1f043e686c0743d997db4e69250d7ebd4750191e787beaa3bc5472d25086
hprc4_L100000_8267	11ca07d50f08d98a43ad213bce3b4e130f82e07fc79cab7eb172d936c6cdbacc
hprc4_L100000_8268	95b8290b3cd034d63c7ff0d40967ec38da1f2f53b357fa6f36e6689f688b5541
hprc4_L100000_8269	d04a6e40a74c9afabe1c2d4d224e5d5ae98061be0d46ee8fef5ee9bd9e36eead
hprc4_L100000_8270	030c85c912dba6083578c100a02f142c2e5045344427bad4b83abc769ed39c66
hprc4_L100000_8271	9a64bb271dfcd1e3a63c353b62201f00d2fbe59348d858d4e97f0268b4d4f669
hprc4_L100000_8272	294f7e3b0849c97bbbd04436fa94feacd3fb42083d81810c0e7f64fbf5f4a5fc
hprc4_L100000_8273	c5f86a7d9a42c69f60b5b270be8cf6ec97a2856f81900f2616be0ee23e96ebb7
hprc4_L100000_8274	133ce550c68fc744495faf780eb64e8175b05bbffaaefd78070877b53d40d734
hprc4_L100000_8275	7ff7b5455516029ef5438f072257df3ee8d0551331cc2290c88d904bccd1fa10
hprc4_L100000_8276	7a4f223915caf5e4a47c3beb6914b768c60de93f100e72f9b067ea47d6836181
hprc4_L100000_8277	2542b23dafa414be63801de5b185c524c98a54a98204af835f42322482ef76ee
hprc4_L100000_8278	ae808d212626fb7cf6c5e8919571d3a09c08b98d96463a1b49e5533c7f52a818
hprc4_L100000_8279	e7ec8fda49c3b754ab88a800ebde2c542c8974e3896006431fee530f21f767fb
hprc4_L100000_8280	dd16107a2b2b46b968cb2f0ff558ceacc9728a969fd7418fea17e0743bc2df1e
hprc4_L100000_8281	f0e492dd6cf4020fb25c4561dfc3825bd150df63174dc94bf8db1d0de6074b12
hprc4_L100000_8282	36ef52ceace13bf460c3a8a359a52f81874c806a3e9654b99379605c1f0b79bb
hprc4_L100000_8283	7964d1d25bd31e4307e1e2832bc1cf03bbe924e3a85e4a35f739f01de4f2a824
hprc4_L100000_8284	7245c8cdfbf46c17c9a743b1084de9ddb374efa0547553c61aeaefb1fc0f9677
hprc4_L100000_8285	3c08311c252f1e05f689d55ee7f9bf2f025ba82babf1ff0107c4af438e55e297
hprc4_L100000_8286	0e5932219dfe2f53a902b9f5b7f47b564391b133d27e347e484fa12a8dd3b6e4
hprc4_L100000_8287	13e2da7be9a12661ce50282f26a3d7650ea2bf0a3fbf5370975a08561f0da045
hprc4_L100000_8288	a568327466a0a2c714dd70c8a408ebfb7c366b4943f16c06a6fa150fe0e4c668
hprc4_L100000_8289	d4a3e5e03c924b9d939cbdeade8b9cbeafd248e7342b81c255f99301aa0f67e7
hprc4_L100000_8290	4bfe0d9c8a775014b853357856d8837c43aa29e5630155c7172daca1974122c4
hprc4_L100000_8291	8210b48f3f00c39bc98ecfb84712db3cc51a51e59717bdeccabbf463cfc8bdd2
hprc4_L100000_8292	cdba11ead4cb7a119b062922b38a6a58dcf8c95175d4a10c39344f2d7067a55c
hprc4_L100000_8293	eafaf6e7b6844b913d1244b58edcdbc5627bc5c99079dbb15bc1ebc8108a9916
hprc4_L100000_8294	9d6b1095b8cf16898e98ec0f6dd64649acbe89a7e75afff43f9d073c232f2418
hprc4_L100000_8295	1caa5a0359061ba5a306435e8f58fb62c44b86ed2f9e9782bc0b388f27dbcb85
hprc4_L100000_8296	f0a18fcebce0a5a3d66ae36587807606db8128a039f046d64f38bbbfc8d8bfd7
hprc4_L100000_8297	1fbd92975687a74a0101a7402840ea3d2e88f2d24f41ff78763df1263921573f
hprc4_L100000_8298	fffdf8b9effa5c4a5cf44bdd6700acb95e6b7ef0cb0503190c62ddf42542e536
hprc4_L100000_8299	89d1108b80af507a4463b516a6859e01056020ed624dc1723b2bbaf90b10d546
hprc4_L100000_8300	0a28d4e66817e5f361fbfbd2aafa32b538544bd4a396780b9911e2d3a0a14895
hprc4_L100000_8301	11cba68aedafb4663d877f3ed7d2a71b4503d8efc1a8538fd74c2be142d5973f
hprc4_L100000_8302	c8e8339fb05c8d4e7ba8175db0353ce4a2b181f844be8b952f95ac78e6da347a
hprc4_L100000_8303	46157c52ac5382f1d0afcc4f99e838c40949d2741522cdb63f9c1f3b79fd8c89
hprc4_L100000_8304	8c2fb466c782b15c4501a28d347d75da827358bf5ed7002c2a43942602358afb
hprc4_L100000_8305	523fd7c1bb67c1742bd6edb07d95302b1e3ba6c8eba2a8d4fd39e244b15434de
hprc4_L100000_8306	e90cb75bcf9fa83c0c44cce93324123423eb80fc95b0743ad80f0c61a6859b25
hprc4_L100000_8307	b21edbcdc131b0604b0e5dba4264355f13c973361bdba596fa1f03b8e04e4235
hprc4_L100000_8308	c4565096136009d564a501bf9259d3c9087cc42ae9ea22e596b941eeb44b96f7
hprc4_L100000_8309	dded55ce8f097029d46f16517349e6191fbbd192de4e435794cac1ed1626af49
hprc4_L100000_8310	37dcb4f126d90f1b61a8b69a18c8b078b0041a49bf829c511a6fcb2b2223f47e
hprc4_L100000_8311	c367ec98835f7412bb43e0e84195059e62f6c63d005a0d25e968567c2f6e9ef3
hprc4_L100000_8312	9ad5818d571b6cd80ab4790ffc1807e8e630be9b016a2c2b2134e8a60d005116
hprc4_L100000_8313	151f968a782d918b70d090ec3fd9992792f351a04b7011b4e7f95dc17c9b67e7
hprc4_L100000_8314	df49116f4011df5c27cc986db2ceb9ef3484b71dbb70abc9774049e42153e8fa
hprc4_L100000_8315	e5644b0e068e52d8f6d0ef3f31fe76571d529c62f1e44c1669d30cf628d5d593
hprc4_L100000_8316	26ba077ce901d764a4f2b9ca817cd7ee982c602729a274affc359c48b5168b47
hprc4_L100000_8317	987ade3c19836b1bad98438c74320c9432db632fa93380a6a208c6c3517e7e93
hprc4_L100000_8318	7c8bf6615b043e44cb834deb8fbd885815529a1b1a205101ade5d1d9274aa606
hprc4_L100000_8319	5cf11c60e06e9456590ea3fe02c4423bbd998a95ebb5b9c5c33a053bc1deb681
hprc4_L100000_8320	e4775cdf743288f3be1ab23d6731d11d62760867b69037bcbd04b24149ab6de1
hprc4_L100000_8321	82db1b0502ecfb088ff8c84fe6b236c6b45e8267522be5f75f297c2670edfad0
hprc4_L100000_8322	6f6dd24aa95a50441bbbb5566fbaf9c70f1d23e5439acb7c36979af163cb536e
hprc4_L100000_8323	165a597960c2fe71ca496c78d1d977a39dfb8ee3d10472882d6699c20a27e7f2
hprc4_L100000_8324	a41800fdc9f0a0d294415a8f9ca053184948851beff192b23a0368ce74e8e5d8
hprc4_L100000_8325	642c830e2eebd4b7265375866f8d681f56e7d8d31c7ccdb11e89746fb409ced0
hprc4_L100000_8326	0b067ba7d824145b994691b5097cf06f3b8aa61d73f56ce32978d91784d7535d
hprc4_L100000_8327	e9e606d0fb52bace542fc9d9050cf1325c78c08563e5a3b61ba4bce1c599fb79
hprc4_L100000_8328	924e8e9759a1d0a8501ec414494ddc77f0a35323130cee9a52a4429b1e84e090
hprc4_L100000_8329	33cfd15eff2199077a87f75ec0712fb353faa5d42732fe370a54140abb488b09
hprc4_L100000_8330	7d1111f9ece0b1bb7c53aa60f6f51a2614ee7307244b97ba173f2171da71c664
hprc4_L100000_8331	3614a601f2d1976ce2a6447a5d8176a936041e686755f9e4ee65522f57d77a10
hprc4_L100000_8332	eff98edd05dd560441026fe93b822338644d0836712bd48725887376c0c8c717
hprc4_L100000_8333	308d49d6fe00fefc239ed7929dceb173c7770ca985aba3b26bf5d3b7f4309670
hprc4_L100000_8334	eafb844877e4f77178d52b0b643438f97aa9f2cf3ecaccc8705e14f7beae01be
hprc4_L100000_8335	1b35cebc106e17624f9b8c7d5c1a4d37a8afdffd5e428cec640ac13372107c3d
hprc4_L100000_8336	174fb9e81d9d99a28fe069ce2bd86deef63303c79bca54d2d00b2a72fcb0b452
hprc4_L100000_8337	a785e4a365e77186224ad5aace4bfaa4c5be03b212d39245e4b84ce3ac278731
hprc4_L100000_8338	65918fb123213ab8b5e667fd89dcdd5a13e46a519526b83ea1e33c87eafc58ea
hprc4_L100000_8339	f5d9d7f6eedf770d733bf0b0ba6306649d680eafae06b3e48785227c1e5d71ed
hprc4_L100000_8340	71ea087b38d180b5b99d456d7f021029a2c52cb239a2c030318986af5b8916ff
hprc4_L100000_8341	b7b9c938a7dc01f6772c031c090b310632ef8fcbdb4822bdc952e36f0b0f0df0
hprc4_L100000_8342	e3cd73be700fd5d59cafdf577e439b45674a7c478b75d4ecbbf59d19afdc71b5
hprc4_L100000_8343	11366a8fced7b72618f67ca9bf66cfce03f55949f639944cc76ca3f7b8825e0d
hprc4_L100000_8344	9f0e332cc1f7232e400910b3cd09e3f2ffc829e45a7ce27d27dc5dda8a761cfd
hprc4_L100000_8345	c78963edbcc22456f4f783f107efde943fb4eb6ce076cc5e0492f779120971f7
hprc4_L100000_8346	329b53af861bcfd0c0f99d63107992ba7fa5da0fe5bb34c0ff2c91e6d9565ede
hprc4_L100000_8347	ebe3ff0d29e3d1d3604b71c876eb9b4a0b559104295c8507e72ddb45d6cc3eb4
hprc4_L100000_8348	a3af9c23b53036c36757d7124f531c10bb5d6e24ec9b2304230aa4c6664fb877
hprc4_L100000_8349	a66c6a2a0a43bae47c840c050fb9fc2d20eb6bbb1d25ec18fe9a3d967f0120d9
hprc4_L100000_8350	03dd4426ad26536966b921ef78633726992af41bc5c820e323c3f24110637521
hprc4_L100000_8351	b6cfdab1feff0b0c0c5d8a3a160a4d377f770dadfeb7f39b888dd7e05925677f
hprc4_L100000_8352	47699058e6c15a2ce20a1ff58ba0aba288015931f9fc90d70d0a2baaa63f0de8
hprc4_L100000_8353	6fd53d85f71151120037752df19eb0b6664b7ff02dd26e9e60bc4f45e2492327
hprc4_L100000_8354	d014bea3748cf9695a13a545265d19680bc9bf7f8849dfebcd2d7929ada26c22
hprc4_L100000_8355	b82b86580f28b3662eac52a871369d378b90457e4e3ea6748700a6b2642949c5
hprc4_L100000_8356	afbad585ae7466419e240a92b86c2c260a0dbd01c6a5c38d5e222492a7e22b69
hprc4_L100000_8357	b00adae4e8b60c10c52da575c0fc5c0a390c45cc6d8f50ed9e34f08d45554ccd
hprc4_L100000_8358	f13e2c555d42906bc11ce2040d6345a85b596ecee84121572391ab7373d8a0d7
hprc4_L100000_8359	1dbf6522803edf8e00d8a2842494b3fc2eaffe5970672f58835c099c0752c0bd
hprc4_L100000_8360	22d550d408c4b738aff429d06d7469a5459ecc8db650094a02e6a62a659320b5
hprc4_L100000_8361	4db59f811ef4b739358cd96e9b14788319d5f4d4807d482b594445a4cec33f83
hprc4_L100000_8362	378c629ae6da3e21630f8722f1e11da617219e4843bc8e754a3fd5a295418c1f
hprc4_L100000_8363	576ceda525c03468c316672fce689c9af9f1fb5010de134d9c866491782955de
hprc4_L100000_8364	ccbdd2e6d279f04eba04ae29f178e05e9c98b2d9c525b8f245f2e0d428eabbed
hprc4_L100000_8365	eb8ab00311fc55e42d7aba4ec1a64fa634147d8cc5eb622b1111ece775b79809
hprc4_L100000_8366	ba5527fad153e5389efe74b7cca60a99a756f47306b328ceb2c768164b5f182e
hprc4_L100000_8367	9566967a2a5da207f05a82f81b42177cdd753d8c7b860bf7856cd29b3b86f7b2
hprc4_L100000_8368	f05ec67502e0d9e0893ee91f3141a0f5966c85f806aac784c45ac033885516d0
hprc4_L100000_8369	43471106d52b32961106c6a7781aa393de2b65e18b92c8e4d3266e31df1e1f4c
hprc4_L100000_8370	932539f4e4c44becaa9ed8173ed022dc4788937dee0d2b7aa0f23e7653ca8198
hprc4_L100000_8371	c4253948b76c47ded7c23fdac96563265159f6cfe18895f52708ba83ac9f6ac9
hprc4_L100000_8372	ecd1f9064fdf0768763d5bb33eb86e300f8e85d4472ca1c7abd4e9e885358731
hprc4_L100000_8373	c25575d2fcc00e8db158fd4bf46e5fa29b3b71bc31c2666fab59e2eb8332c853
hprc4_L100000_8374	161588909b82ffbedadfc538f7ee21bb86d7b215b1f639729c29eea29cb2f8db
hprc4_L100000_8375	368d7b29a87f72a666d388cede42f9c214bf79ce0fa3fd8c4cf19ce82e004e46
hprc4_L100000_8376	f422a2b668ae2a030c098ae7e1b32acae67455aac3044e4199d4566981e0ac1a
hprc4_L100000_8377	f9eb54ed1565ee3d02f939992ca92f574950147524101318659b81c9870050a3
hprc4_L100000_8378	9bc52d114350102368fbd73c7d88c324179b645aca626f38f9f26bbdd052e23e
hprc4_L100000_8379	87f00386d8b4e1289eda851c006ef5005a6783167168bc53617c532a0809c68c
hprc4_L100000_8380	c8d2f208921c98b9cea21478d6d3b8a8c62a5ee0aff962acdf13d624bc2bee69
hprc4_L100000_8381	5175fcbbc138406240f6e612ba89f7761c5d935ffd4f617902baa161e3ee4f3f
hprc4_L100000_8382	9f28817b93f197eaa74101a9e11fcd830e6e2b1bca64cd5281ec934061fd94e1
hprc4_L100000_8383	2ed1f9ae02d4361268151aab2030009156a314df454ff15f1cdee0c755deab9b
hprc4_L100000_8384	85ca03a061638a013d72b62a62bc019cb4a4ad29eb846946952e6e66a1b0aa67
hprc4_L100000_8385	f2282c22c8611ed05e5c99339659ab0164fd6aa44178ec8062f159d71564cfc4
hprc4_L100000_8386	896d79efc98e4064d10e6d3bb6d93d371b2075b35f6095f2bcc857939bfbc4be
hprc4_L100000_8387	97c1b73f159602a62d4e81c15586b3dd97fb2ad57d9fa228b9390a51750fd1be
hprc4_L100000_8388	fb9bc368e1bb2c2b5649f35bbe86692b11e952739b175b1d2f111d5563528444
hprc4_L100000_8389	c830aca6514084461ade1bcb795630a199f625623210c34b9e1ed461a3f75686
hprc4_L100000_8390	061436a09693e23eff49c58694c37c4a49d67dd0a23496ecf82ca61c307d65b0
hprc4_L100000_8391	b830589c48df50549e41d46ed6bc9f06b8e731b41e984d91e8d8e82eb82e67ce
hprc4_L100000_8392	3aeb012c73f173cec403f1a5ce254a0823562d04f73606448557a86c9cbf2f47
hprc4_L100000_8393	0b4a29df74fb3f8b6ec96fc6f3b8ad1fd47d3d58a6dda5c943ffd86367d434cf
hprc4_L100000_8394	35d5ec36c7ff7f087036aa84d4ccd5b5c1583f57592486237f0fa97f4c5f9f3b
hprc4_L100000_8395	eb66171b546d0fe55660b09923a0bd9d4e9dee0b5f228af35f112eff3ec524fd
hprc4_L100000_8396	8db216da9da0d52731946fff93d45a3887de5b83640f53144f807c049958734a
hprc4_L100000_8397	c46e2de5f545975d6cc488e61a9e784892bf4e8924459517079f47eda353ef62
hprc4_L100000_8398	b9f807aa293e545fffdd51d69f27c768fe28376b52420322138b8556ae5866f0
hprc4_L100000_8399	8a126ab71c92d0af27a27f3a2db224be4c870c81df3a30ea2e38ac5210b57fbf
hprc4_L100000_8400	201078a66da5c6e04ec409d2a44e0e46ec37f82a3365ec42102901a9b60b75ca
hprc4_L100000_8401	149e3af1c8ccb7ea4aef959ce183b2e91ac232812f1439b2fee0ce9b41508255
hprc4_L100000_8402	27441fb785a05787dcb80a26a79c100735c8a86f32053ccbf3ba655e16c4edf9
hprc4_L100000_8403	d672a96d5e8186e325042d1bb0ed3662fe325b891d26a5011d8d4a1ebe8275b8
hprc4_L100000_8404	0bb5786375af4c625deb1cef0df630091025fce89f441c7f02a2f559746fbdc0
hprc4_L100000_8405	c1a9b5de2fd76c09a774060b64911ebcdd4c2c33e3a7a555f197c4284174f1b8
hprc4_L100000_8406	03c3a375ec333cecc65cb0114acdda1114738b21c58bb07678e0a00f34df40e1
hprc4_L100000_8407	80c8f3bd68e3534e5c562586190f6fe9b1db22cb103769207f233845fb8f7bbc
hprc4_L100000_8408	6622869800c608416a37acd4557fc7b7d56616edccfcd5437b7b008e01a1203a
hprc4_L100000_8409	152c632695e748e98bb925c2037ec816f57484e11c65da25ef9f694d7f9f15b3
hprc4_L100000_8410	1f33a8da244a66bb3dbad4acdad723df5fac73bc771759daf8ecaf54496a9e50
hprc4_L100000_8411	cb5d904f96516521b40e6d869ddb5487f8969fa7c9438eba32074ae629b222fd
hprc4_L100000_8412	27287e730b5f9b5ea19eb277ec5627d9bfbd51200038526a824669f984363938
hprc4_L100000_8413	9af591b0c85994d5f9b4711bf097d25159514ee9301e8992e0c562e2b9970702
hprc4_L100000_8414	625da1c7022a1df722bdaccfec88ee3e4878192b1a5271436f80da4b97d21dd7
hprc4_L100000_8415	8e82866253ba2474019a0753c866d4e7e99acaa90f29a1dc934c58d41f31720d
hprc4_L100000_8416	2e231c1bc0826f0cecde3b65ef1dbffa435b983f28885acdf04fe29623688636
hprc4_L100000_8417	381370311100b39390411b068e88e805932d84246a7c07baa59bd54489e08675
hprc4_L100000_8418	001322dbae77819fd223a7788b46a5e5d5fc00cf3a65529f90a8606427b91640
hprc4_L100000_8419	e0cb4cb4c46638da2ac60902b297fb5df14c34ea26edfdc96cfb4efcdf86ea04
hprc4_L100000_8420	5f62b9ea23b372f3231e2ac7c90dbf6eed4310a5a109897376d2d9204d7047d0
hprc4_L100000_8421	7328d4f28985d9f3032b401a68ab693af98473946b929be92e1656ff136f1673
hprc4_L100000_8422	0c78e0ee615236c691d8ddeed4059825c42f0269e31176fc4b9f4a6f6b82c3c5
hprc4_L100000_8423	352b4079f0491336699a9f21142523a03121125dd98c5f3300b203b091644e3f
hprc4_L100000_8424	1743865f1f28b46481c699321df745f68787abcd05c88b00eddbae19676c7e8d
hprc4_L100000_8425	68371c72e5f45dd385ab9fe616ea929bf293d5075f2e6225610d0cc1c2db08e8
hprc4_L100000_8426	876e48667ad60be08d3d19fb9ecefbb755fbfa9df581000a006534ab724347f5
hprc4_L100000_8427	fe42cd45f0840c6279a1bd420ff70135abc578978ac19623de7ee5a507523dc2
hprc4_L100000_8428	34cdad89ca896557e5bc48811af792324d0cc06deb3ecdc176ada9075450281a
hprc4_L100000_8429	92d99b6e3aed4ac123f2ab71a54a77832f210ab6261028680fb2604962f02b46
hprc4_L100000_8430	f2bc27f45b96f96fe2761c31dc8213c3296e3b90c982a8ff5067365ec709d66c
hprc4_L100000_8431	653382109d8f48371f7b07d16f09b8ba4d26fb183ecddd90ed12a2fcfe74852c
hprc4_L100000_8432	f86efeabf10737f8c326b5d455747404159c04f7ea0d2731fce85eed9c21272b
hprc4_L100000_8433	8cd80b5b356f3b8901732e1dff34a91d1a2b52c86969e39976af69f2d466fa5e
hprc4_L100000_8434	4269d053645d570ca69e6e987a95341ab26feeb76c6b1410ce04c2936b5e510b
hprc4_L100000_8435	bfd65b22358c6b4b310be015e77650601cf3ae33eaba32dcd0ff01b3cf879963
hprc4_L100000_8436	035dc2f66323c7c3269468565f6702fe914227586abc5c96516a795d20abc255
hprc4_L100000_8437	af27a6e65d29213da0b1a03dfd62ae7cd93b840bec1ffef1790e9974d72a3d86
hprc4_L100000_8438	5cd12ec90277e5b5e73dd0fe29e127807d4647d8a4ec3b7723c35137bae82be7
hprc4_L100000_8439	1a11c801e1e6621f65d6facfaddf03d7a99c8675449f74a93b95c7ab04b36cb7
hprc4_L100000_8440	7e69546074e2aa32f2f3fda17bf1db64da4adee8c5dd12d22220c585dafa05d2
hprc4_L100000_8441	df89cc648d6f8effc77e52119a0edf6a46fe0704848ef9d43ecd59aa08122b11
hprc4_L100000_8442	43c53e3be50026019da32ec5e32a0d5b7aa10ca30db691d4461e0489a9a5c695
hprc4_L100000_8443	b420a7eb676030ec601d1ba86ec955707402622f5ca5cb45920e29e7fd2c2253
hprc4_L100000_8444	73e2ab4e40904344cc2625557ff88413c7ce2858e2262e4013eb96a5b6004af0
hprc4_L100000_8445	6cd88537237737a4f53238346ab5f7f08ebb0e7b05ffcaebd6766c613ece53f9
hprc4_L100000_8446	b7d1dece2f9cd54634e284d1192dfcb448a5818c149c0e9106bc551b6c35b36e
hprc4_L100000_8447	3f513590140808d929b794cae847d7eb5a2cb6b51a40745b8a89a87e7b45b049
hprc4_L100000_8448	fc5e0c198a5ca2578e06316be18cedc0cd0c319220a645e346a37d753d26226a
hprc4_L100000_8449	e272ceeb4d05664823671f8a7a4928131509de576f45251eb367b154a23647c1
hprc4_L100000_8450	bfc669305d9d2a9737f4439d6fc153abe707efa3b0b3f3b0fc4b752f2dcec468
hprc4_L100000_8451	2e72c962b3d14c05327e493e4daf5ea196b2feccf096d3a8328157f9031eba15
hprc4_L100000_8452	992ea7cde952e4b4bf4fdb389086b72ba68756748614dc8ae792664dd5b4dd39
hprc4_L100000_8453	922f5eac832a396e4cf8257d3dbb6b82e6fd667164ea84ad3f9de868c5ce5454
hprc4_L100000_8454	e4daa6a35454db174f36126ef0b3fbcb0ce1b608d0b211b7d84a2f04a6ca2aee
hprc4_L100000_8455	a1655edec08862fe1c96b49edbf67f99fc2af4654ae51c1b941cad8aad3eaef5
hprc4_L100000_8456	39bcee2f40fa45dcb33849636c1ac3c9e264bab941ed348a93b56a62a3b365ac
hprc4_L100000_8457	8074369c39a5c3d22b6777a8c719014b64c5fd93a0d6bb6fada2ce4eb3a6f6da
hprc4_L100000_8458	05989da0f7ee26282155bc18c297947f20be3921ccb6ddedf4e5dbf747319298
hprc4_L100000_8459	e50f7e8e06d95ead1b4680ca208444e8233769464d9ec5bcf148dd886431ffcb
hprc4_L100000_8460	07a18421a68f83c0237fcbbd285cb010610188de4d29d20d80e2a1990a4c0293
hprc4_L100000_8461	92511130332b785634bb17729847b598449c6abdecf2731aba4fdb7ca05c05f8
hprc4_L100000_8462	0cd665d9178d9c742f7017a6de27e61af3069b0831e6c54db9b7a53799d4951f
hprc4_L100000_8463	70e0aef7cbed8af03cefaf08288b1216cd61cc77ccc809e9950b686ec22846a3
hprc4_L100000_8464	f0a523344cd63bd28282e73411b311247515dbacb7d5a1a6de12f476ad2ed288
hprc4_L100000_8465	849f806ba8aaaaf08c73cbeabd577c884ba99fee854fdada99dc3916aac92525
hprc4_L100000_8466	7ca4c4d58a5f154c316e7d15fa7aa254132e015ff608869f0180960c7572486f
hprc4_L100000_8467	ef54aa1db25219adeacfdab32b3c5459314661f5456913434943e107c4014d90
hprc4_L100000_8468	efa7ce105813e5b21c035df39a14a1c5f42a885016092e4c18e26d60551ed96c
hprc4_L100000_8469	e4b12ced427429ec1a8a5b03d1ba21a1d4806ffaed397aff5946d9446ba5afad
hprc4_L100000_8470	88d06bd6d2f9f68055f99b174d4d6dc8ced3a573a07a657aae1858e68d9609a7
hprc4_L100000_8471	66e7ba4ea1420add679a9ebc9a29aabd46490f63b7114782e7a716b071469e8e
hprc4_L100000_8472	eb3a2f5093804747dd2e010e7e2db91ee2f74b3c2af6b1108bbfe4cf0520f0de
hprc4_L100000_8473	f1b89f392877bf83fe1f0cfec097685c6627347ec3247e5ddf9d677e5d7d08e0
hprc4_L100000_8474	3bef376f2874ad8cc02207cb02d2d2ec08847f0e43750b979aca18198ac728e6
hprc4_L100000_8475	30def261a64e07a5b238efc9a843d373f8f5fc0869ce5d5872a7a76aa73e2a2e
hprc4_L100000_8476	4d8ab424b5ab331351cf095bd055330723af479c4718b047515dc6e35a75c91c
hprc4_L100000_8477	a73f978a4e9df551d74f139175b1409243c46e346334c815e14ab09a5cd9049b
hprc4_L100000_8478	54e60288b51e41fe7ad506eceaeb8545b475975bd138d64e9fadd43f3599ddd8
hprc4_L100000_8479	52288e66e3eed3802ff29ba9edbd76d42e712175a45156a88172bc6aa974fc72
hprc4_L100000_8480	fcb0f8e8e8fa3a93cde3a3748cd333a54089dc8b8d51d6113f81cec032f8544a
hprc4_L100000_8481	237e064033d58d02eccbd4a883c19551b3c13fa2bb3ca3fa6a21d605a3168a7c
hprc4_L100000_8482	b99b8a414be536038b1a16d00048147dba953c831c0a32508820d5213d3b3a8d
hprc4_L100000_8483	8e195f6de1d54928890c9f912d057a33976317646141bd46e3d2f3189bec52fd
hprc4_L100000_8484	a2cbe16929995c26f75369052a7b8bd461e7757a9c21c3de9787f0ddd12acbf0
hprc4_L100000_8485	1af08e002d4855be77a99bf0c177f9361224e8d4981ea9968b9a8ca385fdaf45
hprc4_L100000_8486	fbbd0732c71584cb1b413be2669b62d1f4a0c10fbcedb6a4667a113fa34f2323
hprc4_L100000_8487	1dbb42d7f6f934f735aa0e44a61cccffb4ad1c32ce4e3c983b00ec06c414ff6a
hprc4_L100000_8488	0d7e7bd5f79d2da2a5ffca65b4f363fc13218c4a7d790f0f412057e7ec99f39a
hprc4_L100000_8489	03e4b50dd282c67a75caf1943c95b68e45ba59e5d1cff7c7ebedd124e1b901be
hprc4_L100000_8490	39cc47d199fceb223e26f05d8d455b97d1d1e18b79e4b2687a141ecdba60a4fd
hprc4_L100000_8491	4473c035aad116b6eae51c46f199ae030e460883a1cef5a9df93662537ffead7
hprc4_L100000_8492	352b61a41dd0e8b2f3e222095d5e4a801ad32c4b38f77eefa267fa7f4252197d
hprc4_L100000_8493	58e2f23d478fc4b85a4dd8e76a381832d3657542a6ca3597d952cb7c41571652
hprc4_L100000_8494	4bbf47646b6fad4bf37474e4ec8dbbbbc0e6440d6e33b443d23c68cc7d9404b3
hprc4_L100000_8495	9597bb90cdd75c89ea5048eb81bbefaf01fbbbdb72e29dc63128c48ad4b773b4
hprc4_L100000_8496	2e48abd9ec04e8c02327aee8c28b254961d68bb369b41a2d8d61d9e81abcbd82
hprc4_L100000_8497	61cf6b8150669faf2ae4e78b752aec79d24027fcda33fb66e9a1ce73d3acbad4
hprc4_L100000_8498	60d2de1b4d770222ee6d0946cd9ca65eb7040486248ee30af3073635a2d3fa82
hprc4_L100000_8499	c9ef9e81c4c2d8b051042980e02414d7b023b684f408fb725675ca49a648203f
hprc4_L100000_8500	03a8af67fb8f882d33991b8daa2b6d41e55fc6847123f28f7a6e34151d747b96
hprc4_L100000_8501	9b04a108fde7fc52b0b6aec02194d52ebfa27055b9f8dc76256f837ba1a841d6
hprc4_L100000_8502	d0e457559d859792f9a57148b0f09d185a5aa0a88447a2b77fadcd0fbbc67243
hprc4_L100000_8503	0b149d8c096821dd00722aea9978d2f15bb98ef209b5c3ff16ddf9d8dd6b94c1
hprc4_L100000_8504	76510eb03b146551f87b18fc8c48c22dcccae094023f028e6b1623f3af7ef8ae
hprc4_L100000_8505	76c5e7d8ef7bbbccdcef1463b64436c2b451f94482a17d27278eef00fbc3618b
hprc4_L100000_8506	acde4e60f7fc76d9b27829597190cf6b003da231ae2c69871e4389f0f32ae466
hprc4_L100000_8507	37a94e78594b3bff01ed11c9958592450ddbbb454dc192aa7b3d870035b2079b
hprc4_L100000_8508	c9c9bd20ce12e80b3e974a16e2f0a9dbbc5c552d2494b254d9680bc8b16049b6
hprc4_L100000_8509	e63f7b39e826c60b58c68f50fa9b5657d3a3d49a3db23922c3f4fdd952aa3357
hprc4_L100000_8510	c8535b43081e2ab3a9c2dfd298c236aa0a769ea676282bae0ac2571a24708cd2
hprc4_L100000_8511	3867e9e827e90b47ff536a1abdaac97516e947b58aa24ab806d1b204814d41fc
hprc4_L100000_8512	9e210279aa33d7eb32f36ee3d42db46420102f0fc2a1b8c43429c2f2e27176dd
hprc4_L100000_8513	aaae85ab71924729f8e963f1811678d28f897362694a5892c59346b6fb96657f
hprc4_L100000_8514	4a045ed910a4e3aba7026a41c222481e0ea8e5104991932fd0195ef3a67670ed
hprc4_L100000_8515	3dfc2fd12cf2aa04539f503d3b340e359f5686505332b142d8939484a2cb13fd
hprc4_L100000_8516	379f5bd919f1d620fd6d1bf00d5ecd006bdf2e4c2f23866b1fcab872622f6d9f
hprc4_L100000_8517	938d3b66c8de5557cba7c344dadf1aa791632e3987b83186554d04121122f68c
hprc4_L100000_8518	b86aeaafeddbb84f95351cf6a4496ae03c48b16e84e5493e29810bd0c6ab67be
hprc4_L100000_8519	bc8ae35786361649284f4f1a2d23dc2261c975ae702e096bc7ce560bc27a6d43
hprc4_L100000_8520	a67ec92ce954b51a2503001d2baffc40507e8f2c426a7ba19caf35d62c034379
hprc4_L100000_8521	6ac181acd07b5f44c11cbeeaee221df7975cd19e7a27c4eaf0514640c68a54b6
hprc4_L100000_8522	8f9db6d1b5423cebd05c50c1841f7d5108b6a507e40465927767c92632ebd814
hprc4_L100000_8523	01324f57e563ebcf3338239b3a23c1ec4034d4da1ed870f52ec61e2ef70a6516
hprc4_L100000_8524	2198deaebcdc8805c45a048337728a8cd950ce82b2312c59e544c9f00db203dd
hprc4_L100000_8525	a66ae4f6d127ea7eccfdd9c5d7939ba59adb9609f7ff9d8a2c2f30b836062cfc
hprc4_L100000_8526	fadbff0acdd125d8815846f4d091e930db9f71032f2117595789ee3f28176310
hprc4_L100000_8527	fe3f5dfbdd9dcfee48941c03cd934e49434473afbbc0d400e287ba076258ad63
hprc4_L100000_8528	e53f67aa8a9ef261376cd51b66abe3bbb6f74766f27c0cb57c6eecf1b518586b
hprc4_L100000_8529	28b2971fd55e8faa696ec697a53869f9a008060e1410fe8755857e6b85ff1136
hprc4_L100000_8530	0fdc4f7defed455cced314d0c6ffb62938b1183646cccc67f13ec92414c4ebdd
hprc4_L100000_8531	af963f334116fb1cb0d9c655d42513cef66569b12b78ecffd76957ae1c560eb8
hprc4_L100000_8532	4283ccddac551e6e9be4ee9cd28d6ffe6ccd2aa0ee66980815e616067e3fd6ed
hprc4_L100000_8533	7564666d6ea94a06a8de3a2abb92de7a2a7bbf75ed353e8592c5bb8fda8f2b47
hprc4_L100000_8534	58dd660a6cc0a373e6aeec7a7f6a529748a5223cb613ccb2eeeab8e976cff702
hprc4_L100000_8535	47479adb89122e589ff8a58d5b213d4fd9684a1bef3b071c0525956850342e5d
hprc4_L100000_8536	1173d37d610d949c9784007ee664645d68c21f8d9dc3a149af77a0817e9ac42a
hprc4_L100000_8537	cf25202df0714d5af7794a6d9fd83680bb28fbe31f44704491033415645baf7e
hprc4_L100000_8538	c0c03c5d6c07745273a7ac1465dabefeb8dd3059b5e700fe838e716cb294cf41
hprc4_L100000_8539	41ba2792b071b491d4dc34076fe11939be462117ca45e07aae4a5c98b98440ce
hprc4_L100000_8540	151eb27386dc7e483b3d544ee89db427731ff22eead943edc8266277fc613a7a
hprc4_L100000_8541	eb4a882d8749a128c378ffefe30a0825387836fb0199fb2c335ec7a6d0d4b6be
hprc4_L100000_8542	380db32648d7f0443f82949a312ec81b626944215db510ee787856ab64823675
hprc4_L100000_8543	b741ba264a07aaa480cc6a7ec90404be01d49138acc47facabfdbc9639ef0d4f
hprc4_L100000_8544	74f9f0f314dd12c6eb22a827ce179d5abff31c5330b2148489b7f337a9926685
hprc4_L100000_8545	54ee0d9e68dee62fb3f783ebc23b097cc05fb07d26b60f57c7019c8730c41310
hprc4_L100000_8546	db25716da367990acd7caebf10392b30aa7100d1eda188b98f5b4520e1604561
hprc4_L100000_8547	6af223480ad57ce48c125f9bd34252ccf68d0dc64671411ae8f413aaf058a7ef
hprc4_L100000_8548	a404aca5147ce16ea40732655146c2f65f00ddcea37d035ccb17f4e6dbed0e57
hprc4_L100000_8549	b832af2cff12668eaaf611ddd7ab977c06850c8fd9a4f42f987dc08ba591797a
hprc4_L100000_8550	7718bcf68bec849742745e3243492e708e27e07a7fc3fd9d050ecf4e9e3c875c
hprc4_L100000_8551	f63eebcab71ed5b9b1f09f929aa2e9575b996bd264fe20cfd2ad185352d1b7fe
hprc4_L100000_8552	d5caaec3ed13f927c0ecf1b751417b12aa238936f4d81fce054707de6f48b710
hprc4_L100000_8553	93e3bd6a205993b57822d5c8146b78c6b341022509b1acb3defb5c43c49ad8f8
hprc4_L100000_8554	2d10b93e2f9d4fd7add18f4daa724acecffd265e9fc9db8e3b1df132a0d10b5f
hprc4_L100000_8555	d6c9145ea955e1c15edb40e46e93a7c558e23e1140ef908af2998776aa826ad9
hprc4_L100000_8556	851a5e0ccc8bcdd8f1d902c3e7117a1f52b39aedcd1a25cb91dba7edca57ec93
hprc4_L100000_8557	03d493c42c8a5945a3bf25bb4c592c8bb69d0749cf09f6bd29ac7b108b42d06d
hprc4_L100000_8558	7d443c73d4e83f6681c957a21a2aaec0008acf98c3dec5bf43d905cfd1b83071
hprc4_L100000_8559	a19ff5871b3e9f996b64a06ab7541d2d636beb31e3ab2c44b2b8b3d170186911
hprc4_L100000_8560	8e39b836c6b0e011b731e65209694be5899337abe5a4bde7c9e4f8115c992ebc
hprc4_L100000_8561	28edc2558602ae207ba40184062ff07a73c0cd371140fb752191e39b3549e7f3
hprc4_L100000_8562	bc112b72215471182c000008868b43c96d7263366312344217d1befbdbff1c2b
hprc4_L100000_8563	03a2bfef51d9c8651de98cf44b5b4fc1999c0713a3482bfb308fbf7e7ba2d102
hprc4_L100000_8564	c9fa25f33f298825780e900cb3f6482dc119229e6cf4981ac226c8ce23dea593
hprc4_L100000_8565	bd82e661c5b2cd9ef2532c125a73b520ded410cc9d0be4956431a186068b22e0
hprc4_L100000_8566	ad4a7dd9bfba1de76c4f6221d55484b6ebf2cee4fc76892721b1ce36b81aa6a0
hprc4_L100000_8567	af1e7b2661071dad345731d840add742a8154e10f03cf264a00d04275cb81b70
hprc4_L100000_8568	9fae5de8feef66149a3e3e08f5dff7c0a571a0250873a180150ad82de014471a
hprc4_L100000_8569	21db9924c9cec4fb4f1e16a96621aa28f63b78c0e84fe26fe66a5fcaf475889a
hprc4_L100000_8570	525b753542457e8b8c2a97653ae63648c2385c340a3fba729953dea4cdbdac95
hprc4_L100000_8571	792759640ad777b81c9fea519c1f51006f2014f84534d94f200b53669d184ef6
hprc4_L100000_8572	0b58549421ad12e694bd2ba6ddb30e26d1f5cfa3e6e349a7beef9ce51d7de2a1
hprc4_L100000_8573	4fb28c9766ab2069998a1e8c4c0ed290a2e3a7fa39bf216f40f7d31498d2de13
hprc4_L100000_8574	77f43c578beb1ba097459b8f641d208400142700ae928605da8f88ba5c779847
hprc4_L100000_8575	b3ef4cf30b84f43a6da4810bf880e7584f61c20ffbeefcba8f98ce45cb5d23a0
hprc4_L100000_8576	4dd7e171ab5220945e46d3f6b2ccc147eb3c84fea9f7988110a58d6e84b06f89
hprc4_L100000_8577	b748361d2f786e37ac7588bef95c2e4bee21901a5f4a98dfb59c689e1a3d2d14
hprc4_L100000_8578	551f0039e0c03d21053b069e930ae6791dfc3f82261f769c981c64762f7e3962
hprc4_L100000_8579	11c08d2c53ad2fba59f9db0f783001525b507d1413b6a774a88a01afa214df4d
hprc4_L100000_8580	322f2f6b580dcb0ff12e348cc5f2be9bb0035789237dee28c69f8f9bcdec2d15
hprc4_L100000_8581	efad707f069a3e70e6da643db7eff6423f1797aaa057497eed2c15c3a8e15f3d
hprc4_L100000_8582	2258d3cdcfc4fd358f940f65a9ea98d02b0e76e1847d858d33ff992a8441bc72
hprc4_L100000_8583	8016fc48c344c6f3ca9b7aaea19521ba6f49506129dd0fc15e89b06a5fb61208
hprc4_L100000_8584	7af433ea0bc85376c135af503993d86e13ff5245729e825d37acd2e7b4674a9e
hprc4_L100000_8585	f7e2e858437f4ea50dbb16e3ab3d035e35201a8e84946bb531455e339c95187a
hprc4_L100000_8586	3bc93f54122af628267b77a86f98ba6bbfc394a412537c63a746d94cc85d17d9
hprc4_L100000_8587	27bc2db1bbdbfc0261c544e97ceb6755776888fe207e343f35b3216cfa17a5b5
hprc4_L100000_8588	5b50b24840280b065917114004a7ad34987e25878f6097b7531f9625da6cecc6
hprc4_L100000_8589	fe64eaa9525b2d3575414a0fadb3ebb1b992f4bf83845b05e89a0a8d40ca6667
hprc4_L100000_8590	e75b27a523bf21cbe73f9bc20b302ad573a2138c1522b809b0e0156c39503218
hprc4_L100000_8591	151923fe7eadb11f315e9c25e170a6afb1180f7948da17cd15b0c9cf96e501e8
hprc4_L100000_8592	4345f209f9be613759680048f7e25fd7fde4e915019cd51915c53cd811629c5d
hprc4_L100000_8593	cb9d952da39db87cf81c716910f89fc8f05b4107e327fce33bae136c8e0e633e
hprc4_L100000_8594	a45ff060d2f454778dd09c720db95fefa08a3037f6a8d0a89b6d5dfc8684ba18
hprc4_L100000_8595	816908e298c53db7e96c536b0b8e84c7d1b037fedad252385ea0217894ec5aa5
hprc4_L100000_8596	8a4c352a8cf390b369b7cbd7f220145b170bf679551aa6394285c0d8f94bac20
hprc4_L100000_8597	308f0bc699e05966a1f609b8238a252042026cedbb63994f844f06245e8c7691
hprc4_L100000_8598	534bf3ec195b01dbaceb4701e8908b116550eb232378824e671b5d999ff9475c
hprc4_L100000_8599	a2a08b4730710dbee9608bc485c95dc752d67bd92d9620c431a10cfee8a10caa
hprc4_L100000_8600	5ae793437acc155c304fdc2366072a6a1a029d06b3585e5e0cdb3aa089b8ed65
hprc4_L100000_8601	502a8f194bf8bc17aef9b7b783b4a864281a61ab0d3e828243339eb34f77bce8
hprc4_L100000_8602	d719734e499e337ce59e8947199237902a133dd0515ece74c49600c3fdd8c42c
hprc4_L100000_8603	63755b18b7662d2c55b24e1f2f5bb0b036f76f95bc596344ab9021e10a59093a
hprc4_L100000_8604	1d824db848839169429a680d1fa569d54d6e3b1e4393e94908e63b1beb429458
hprc4_L100000_8605	74bc999a9b9e37b34865978881d0849ff91f188d7a2f76e3bcb7ef0bcadf137d
hprc4_L100000_8606	7ea67b15b5761937c421e43e14d19a6035e4262c3541d18af0d1f2ac86c1297c
hprc4_L100000_8607	a2b8d532a9e1c8efa502df49a038edd33ad48955e7f54b262c1ce4d89083d09b
hprc4_L100000_8608	471df44f4794271e9781174c95b2b7a5b239fdee9c2e84599f70f51c803ef2db
hprc4_L100000_8609	25cb303606bc70db9b0f119fdfb756ca6ee2ecaa8d05ef2fbdc9dc120c67e01d
hprc4_L100000_8610	dc40f018156111a6d498f1777dcff52bcb5de0d6626fe4d1cea3d60501083313
hprc4_L100000_8611	9c21d164242413e27362e17bd4223157c14731642f7deec7b2ac14f8e44327bd
hprc4_L100000_8612	19bbd3f639e93ef4bba1ced8df1099550adc48093b87f79a252ed222079ae128
hprc4_L100000_8613	ad1c1abd4849957a8f463c15d435985a96bac44a18ed0993bc75b7ab655b6b08
hprc4_L100000_8614	277826eea4506e920e09108a89b57df650014af93f72a0def0b1ad916b8f3ddc
hprc4_L100000_8615	255a95d86b308625b39c5f23e2fbf3ee9e53e1a423307a73c6715c9105c5a67d
hprc4_L100000_8616	a8088bf29a7c2e20adb2c43528cd3a8e2ebcba33d761008af989f0a6ac3f9357
hprc4_L100000_8617	c708f42c5852be0017fe3400fd03c2344f72c6dcd56d70f7b3048a58e23c22c6
hprc4_L100000_8618	2a77b29ea53b5d2f316a6cf1a92becc45104ecb3c4578ba363d9077449378f1d
hprc4_L100000_8619	8092ed0ad30fcc68babb15782f34d080425ced9227b1f95ae6ccf14bb0a3ba97
hprc4_L100000_8620	0880bce429bc903f9901448bed4ed3166c081e170d4126e489ed39e079cbe722
hprc4_L100000_8621	cbdce4ccfdc0ec2b6ff92bfb28b6d761b175eb708fe4f84d538e41bd5e69cf5c
hprc4_L100000_8622	3526d43872437ae6693ab62844002616d77b0ecaf1f9a0d76d57cc42900fb8e5
hprc4_L100000_8623	1fc58f2b29e9cd7345b7b08c9457b89d73ed0fcf501df6fdf1dfdce0f6ebf7b0
hprc4_L100000_8624	701a3de706e28d3ce7a17f90d7dfefdcced4471baf4b99cc913eb69a0b8f2fd1
hprc4_L100000_8625	9d842fef1a59687ea4e780ca9526e42feffff1193f6266cbe1a08a2417082908
hprc4_L100000_8626	670d2884baf55dc573395e12dd96f1777997b3fcaef00e1a952f06fb0080413a
hprc4_L100000_8627	78eb5ace43def767b44ece64785dfac6b6b2d903e4fb600fe34584f0183ec63f
hprc4_L100000_8628	cd09a046eb749f00917ad673e76e5f367b49cb72c915dcc649bdce01ddc09c4b
hprc4_L100000_8629	18af9c652ffd9d4fbe5b671dab0b439e2a66a7211572bc6ca51e8f882280c785
hprc4_L100000_8630	7614aaa6e5f6318ef52035e98caa60cddebea10681523eed0eaa336913de551a
hprc4_L100000_8631	85e472db9e812f06b558864e615924d8c4fb58371c7645fec8b983cad319d49e
hprc4_L100000_8632	f1b69697c757fd38bc20b18e59d2ac6a0d366e0f73571760bd0ac104ca39df0c
hprc4_L100000_8633	735b59c95735b49ad2464c0de6a58d791bf49a30640890ca1ba2f7f3b99991c1
hprc4_L100000_8634	4a4976415b250fffe8fee03683686c1262ee881855ba0befd13bee1cb3dcbcc3
hprc4_L100000_8635	85414ae79681a9cd25a04d8d353ad78ae293228acf3db3c7acb7025630f569b2
hprc4_L100000_8636	b14f8a734170a86841fade31ac1be9a8eeaa2b94faeefb867e3aa371d5b410db
hprc4_L100000_8637	6eec1138c1321a6a98cb5705aff6087fc8e9f6a9a93a71f3ea437d958bd4283e
hprc4_L100000_8638	66b78dc859c9ac3db32ea8d5468863d05a6b387884545dd7a608c705fd391805
hprc4_L100000_8639	3befa505f3d02bf687152678b8caf44d18eb13200c19874898fce98902043036
hprc4_L100000_8640	78f2eb9172cb36d1db6658c91c72add6e4954877f8bcf64e9c69a2fdcbfb271a
hprc4_L100000_8641	9e71570ec34587df0af37bd49bba7a42044fc43a0a7802c28a0c80d9d024b784
hprc4_L100000_8642	9a1bf9ba4be8b260a5f5a2ff363a12cf028ff98f692d3570ad8dc35dec69de58
hprc4_L100000_8643	c1bc59ac2dd614e490b081a328b4e5323c78f659b70ba1427df1b49fa7b9a2d8
hprc4_L100000_8644	2cfbeff13260b30abee76f133aa7175c526ebae371ade3a4cbe630c263374c14
hprc4_L100000_8645	aa7842dcb28a48982f48674f9be8aca1058dbb3d0cf55590899db6550289cf08
hprc4_L100000_8646	f88f02d3d222ad5241f9095a0843b45e19655324932da93b61cc52ee2b353bec
hprc4_L100000_8647	9dba111d592da2a34533764cd967766b467fe57924883471ecbea13d99db1cf2
hprc4_L100000_8648	b1c6d0cbc64b8aa8c8f907e66c1d970153b030298341fc58c87d66ead68af2d2
hprc4_L100000_8649	4ce42165204cbd49c6b63ecb44d20c5224d509dc49995c798fbb8f9487d2439f
hprc4_L100000_8650	4b6bee1509cbb85ab134a34a21873a6de4e6f1eb8929dd8f8f5690cb2c1df59f
hprc4_L100000_8651	a47892e7e5787c45b3f6c5de7124a16c86834a9d81f2004f81a8a285fb7d6082
hprc4_L100000_8652	674a1d41ad7f489664f5ab4d94283ced71ecb7d7c93eb4e29f3f0d28fa9c3cef
hprc4_L100000_8653	087c2e43c8b6a4642645cf073173c650c15c1e255706c659842eef96eae2f113
hprc4_L100000_8654	569ec5dc740b815314dfa367fcc481cfcb687e1031e4a013d40dda86c3102ff2
hprc4_L100000_8655	b4924a1d9ed4de715786eced472e3a04ab624606f4b75b1287f83670c00f7b1b
hprc4_L100000_8656	aad6a45a3a3d9c28c05e39dc331e0e311c262e662235812c85992649f26d58a5
hprc4_L100000_8657	55c93ab79eafb0f5d45e7da26d65f819bd2db74ea3e6b30dd93ad35780693c68
hprc4_L100000_8658	432d2371d6bed971e1a41d260e89b7117844cd6a5973f6e40bcfc7b9ec10204d
hprc4_L100000_8659	a74a053b1e9d0d1f2e8aeb277cc5e7d70df318dbe746e3dc162b14b0e07de29a
hprc4_L100000_8660	954e14d114dd30935a29ac17defae62b3914505405f92e2ea2e82a396fe659dc
hprc4_L100000_8661	97a19dfce367c10333081b6a2240ac567f8f420b645e02f37906100e999504fa
hprc4_L100000_8662	035f0094684eb08dc96feac534e51a6db297037592100254e1c6042624d1f2d4
hprc4_L100000_8663	575328dd55dbf863d726756d9b42dbe8f742a3d36ecee2b832444ad8e813a085
hprc4_L100000_8664	f93b0008a6e1dadc2ba3e8824acf195de07b633b29512889c48e3e92d0a4bc53
hprc4_L100000_8665	ef1704c5b33be77d0c79979c82036ee4d0ab462613a8d0f58088f2bf7388fd74
hprc4_L100000_8666	97d4b818f114647e8238412f84e1f2e87d06fa2631c8719918122ba522f6490e
hprc4_L100000_8667	370ba558644a23b5085838dc3cafeb6d5b46577e2e26bbbc63ea358ab7db710c
hprc4_L100000_8668	3ba0f3b9523df840aa5e4daf7b55e9c1a0ddc64b594f0fe3aaa7540080024e81
hprc4_L100000_8669	de0547777e9b36d3eff5ce876e1bea40979677f83bb41fb064f919d729294d67
hprc4_L100000_8670	7977647c18522ecac31023d991a6e78385552e90886f487383b52f9c297bc906
hprc4_L100000_8671	209679ba13169baacb16d8b933da03d1b5c9c009b7dfe28f7da6668e9ec75b39
hprc4_L100000_8672	5163f884f8e0005348147d62f7df2152b921ec6b210e312f5b3fcc59e0d155c9
hprc4_L100000_8673	9192078d133c7088542be533b704fa7f70286e1c82c313e2b25d0dce4ce374db
hprc4_L100000_8674	a0da2b9166b1a359c7453935367881eaa8e138b6a72a7a93c87cc80664df616a
hprc4_L100000_8675	d9d3580af6872e9478a60c7cd723b11c58395fafc24608cb63891b1ba328fa82
hprc4_L100000_8676	a9a8341430fa615802347f12833a1a7fc11ffa86a57189a3b409aa82b1d8c6e1
hprc4_L100000_8677	e36d311a20c0c5726c5f2c00cbb8047972b9a3dfe09727411424df9f6b34d54a
hprc4_L100000_8678	4b26cd66aa88141c91dddcc17bd3e7e4321ffd90b737069a476730cc8c69a615
hprc4_L100000_8679	6bec44f636e847ab8ecb2d2d043b8ccea3716e96cb9dff6426ff6e13353fac60
hprc4_L100000_8680	33b0bcbae22994d72571d84064216a0850c33bd2af6866b4a82ecf82da6a04d7
hprc4_L100000_8681	cd4d2634a0153cd944dd6d087de03ffeaa550c91caf9fb82c0a5ddf4a5292e3a
hprc4_L100000_8682	1bfe644a0e497a7efcef9e8f61fb09f7d0941ff5660bc7ad20f7120a19bcd6ac
hprc4_L100000_8683	80c1ddc18ba27fce7117529a36d57ab21069bbe780cdb0501f0b55d817fd0015
hprc4_L100000_8684	30cb3da96d6f1da3148f1ee985e838136986123da8702c893b33f419bc525f54
hprc4_L100000_8685	90e1f97188a4a1abb3007c6d7cdf170e261be9752d218e847a48201637b412dc
hprc4_L100000_8686	894360864afcec7feb5d2d6f03098cad9908277d087c5b42593971339319bb57
hprc4_L100000_8687	f09a9457de6020c83ae62506068dc5b1e7f783564fa8b571ad3c9ddf98563cbb
hprc4_L100000_8688	ad73b025c41a6ed61db7bb838b300d244b6559f545cfb5009c5058351692113a
hprc4_L100000_8689	94eafe3e8f348479eb7a831dd9924753ac73e3f95ab8eb2a108c7862dae47966
hprc4_L100000_8690	284c856137b30eb5ace2896a9bbac29bf6785e4aae6c528042cc1613d64a2caa
hprc4_L100000_8691	3bd78e4d21505dc805fc185ea68cb98c8b52c59146480172414d1f7d092b44da
hprc4_L100000_8692	4b1c2022a140b1e0a5be1be6223bf9d60a790f9b18a773cc0c8a61428869c406
hprc4_L100000_8693	72c90355a1a47b797ac01b47eab58422948de3fccdedb92373cd310ea851255d
hprc4_L100000_8694	d5f1dec7ec417ed538600f4e5ad4af03bef57a3b9f480d9952ea3fa1499088b2
hprc4_L100000_8695	178cdccf90cc50657a812e085a759f6d9df347ad866a75e328d5fd63345cceda
hprc4_L100000_8696	e88b6153cfd0d87812503ccd2deaa221b6a318d781a60987ad77fb1b25b741fc
hprc4_L100000_8697	b45b3070cbf67ebbcd8b9a1c62944c77371093a35807634e365877cbe9027534
hprc4_L100000_8698	2f21302338737f4fb72f8717ce625ce127320b9c7be8ac4a72af58c204458b8d
hprc4_L100000_8699	6e43a05c97ee00933e518913b86a2b86d8a57d8d21bca29f997d924d825d62d4
hprc4_L100000_8700	ce1a67513f1e33f6176e6ca85375705349c2fd565ec931a44cb7b05cf64b94a6
hprc4_L100000_8701	b9fe0c604df94f0c22b0cd2e9514efe0e9c48b1d2514d860423f14805c7e3848
hprc4_L100000_8702	540a64bcf31628d990b352dc8493d641d4098584d8d27adc5de4a4146bf7d304
hprc4_L100000_8703	faa7f9225fb2c3e1eee0641283fb368df0f950884cf378a372fc24208a88fac9
hprc4_L100000_8704	13f8413ce36a728957a764eddb99e1b344d246bd0dad801c3e5723878433afbc
hprc4_L100000_8705	4a3bb37a14c9d440c9e977ddb61d7f0e1920e17cbfd6dd332bcd5982b116a446
hprc4_L100000_8706	802a4c9071acdf23308e37827afbdf5b59ba460c4e901f72275649ae66fe541c
hprc4_L100000_8707	1f706c21496665d79629f81194ab481aaf2eb68fec16e1bdd7c4baefe1f39ad3
hprc4_L100000_8708	d59c58c65497e4091766e2c878a2774cda7b98871552b77926962d956f63cd42
hprc4_L100000_8709	a3dcf89da640556ceec44fd4c3656f703f49536a1a1204ef1c642bc927725679
hprc4_L100000_8710	3a607ee90a2ac029ecc760528f857bde0fc0281c881477fbb48ca5d61a6931c1
hprc4_L100000_8711	baece4346139da5791888e8b4a11e92b7b437d88bc150b584238c602215419f3
hprc4_L100000_8712	38451ecce01628692e4b4f74afb048dcf20321401fb04b0390b32ee861685448
hprc4_L100000_8713	46dc830eb3c159497b6080139a04e7468e2b8351392d4e71dabf9df8b8356877
hprc4_L100000_8714	6eada60ec6744700b82e803065dbfc131d0220114a3303b2053da754d14b690f
hprc4_L100000_8715	d84f39e49dec92869ce9758c2284b0df138c6a1f13098ce0cd6d4687502a3c98
hprc4_L100000_8716	27323c8e8db64a0b129290230f0d4951feab4615464511bc3f6c5da8fe52e271
hprc4_L100000_8717	7aae9d2ecfddef9d803e5f407899f682bf5ce395c601d4160048b9942cbde186
hprc4_L100000_8718	1aa97857fa784d4e70cd8e60d4d01a36aa4c6d69ec30878f68b85baefd0430eb
hprc4_L100000_8719	69e2ca5e31e9674fb3e70af3cd764e451b805fe6eacd0105baae62ad104398e8
hprc4_L100000_8720	03f8c921cdd49fe88ba5bf4e3bbc5b9550b426ca9090ba925b7dfc7b987fabe7
hprc4_L100000_8721	9e84b2e569808fecf961c23b69f5a60ae2cbb7392348ac6a9246d6c939e0cd2b
hprc4_L100000_8722	a6a1dca99d40240978a93785e3a271e6136df94c0372718a2175b54a85b5bacd
hprc4_L100000_8723	65a3df61b7a997820f640c3e3307ccb4132e194da9abcdcb1e1385f29b269619
hprc4_L100000_8724	7de1cdb1c6b5a7c09a91974e36e42200e85c8d1c575cb4cad710c7d482f61132
hprc4_L100000_8725	c17ab2e510b082f08fb261dc4860fb9dbad6bdf08e19d3d96bf0dd6521975463
hprc4_L100000_8726	9ea6c2b1e9e902746fa9fef3d53f0a11c4eb5619642236a3227938af2172fb9e
hprc4_L100000_8727	0f75b6fe63038294da1e97c3ae06db7bac61e3c635545458b828b4ccf4545fef
hprc4_L100000_8728	edf1a97ca71cadbd17c0171fe2f5289ba8789d4ac74e623e3d73b7b97ef640aa
hprc4_L100000_8729	e44f2700721e1caf9c0d2a347356cf64f12181982d04765b916b7dcd81713c2e
hprc4_L100000_8730	1d675f741d2940aa9148e2266ef06099e5ef82d5021deca29c9a6a7070a775a3
hprc4_L100000_8731	a959733feb5eface45dfde8a05120b60dfca24c92918dbf60f0024823148e970
hprc4_L100000_8732	f88fc7dd267b332be8ad612f13fae01d331ac52d688f53a793672bf2b06417ea
hprc4_L100000_8733	3083463f1f6c5ccc66793910254c876c4e65494c511b0a911b056190e163198e
hprc4_L100000_8734	5f45933f72f5dc020ae839df3774de0a703118f13fde8aa4047b85e544c16ea2
hprc4_L100000_8735	f6e1f3ba0ce5e387abc32d9afb1a8e5b3fc87498164a26e25f3ac8c2aa33ff2e
hprc4_L100000_8736	65b1218d223fde16afae83c18c4b66d209cf82f28c93595c469bed7177d49711
hprc4_L100000_8737	1b0b9db713d97c3fe5cd36585c5e49a0742edbd31624fe46fb540bac2310cce6
hprc4_L100000_8738	f1209898338727d5f0aa060328d01385dbf7d25570aab38f5d26f01435e870a7
hprc4_L100000_8739	d83b849ee538a111b9ea84474266754226d7120afc10d1625f3c95885c6a9076
hprc4_L100000_8740	c594d01ebfec05762285d6893b12f1aaffc1d7fab892a27fe7f8f24e0a92c883
hprc4_L100000_8741	89bd9055b0268b8fde07e383916e4d11eb73b5b3a082302416f591f95fc0c180
hprc4_L100000_8742	49a9b31104d2ae81f25043b8721df55bd35835ae19f298c8e52db888d0820e94
hprc4_L100000_8743	b47b638ccbff3083b7a38ea9ad57f7596c30084bb6433db5e9ec82961d24bd43
hprc4_L100000_8744	9517919b5c76dc6d7c2a095d6184f015b4389f8d6ace3d18a59c949b93384069
hprc4_L100000_8745	dab149de2a54c1c3a25648006804a2017624b362552ef45c87a501abef063aef
hprc4_L100000_8746	8c3f812829f374c37b71445a10900d4ce0fdc6e388e396dc1d73a104bb2f8643
hprc4_L100000_8747	046b1c799c46ad6951a24c51c6ea43a88939664344b5cf14f017e6e41e7738d3
hprc4_L100000_8748	9c406d4aca92c1b4b35bedfcc9837a177601f13564fcba55f47afd3db771a6a4
hprc4_L100000_8749	4f7f4d69581d6315b0e288c6cea856e7eba5923e166e92eec92cc5f05fa24376
hprc4_L100000_8750	a38bc635e777ac061f3c53ee35b682691b0380d0c4dbe014cd025812a9bdae65
hprc4_L100000_8751	d0967b5cd485ba947647f2e34c71a1e1dfb12646a84c2c99e04cce4542bfcdf7
hprc4_L100000_8752	f74c48df37c2956b74b4c83d55ffd887d40aac8df52bf3ebc8fe5268e8f14cea
hprc4_L100000_8753	9633c6a5a4f4f674f7455564750918835475ef7be31ace5f0e924fa6a7058f65
hprc4_L100000_8754	2c9e6c2a6fe543c979a803100ef9b1c99f83023ac2f9333d62233afd02e12ea7
hprc4_L100000_8755	f740611ec6140c4302b32cd35728fe7277df0ad20475adf49f979606f8b7e60e
hprc4_L100000_8756	b9a419eca08af88beafb95e14b49b1de2d584a90d22a3abb4ca4088a70efefca
hprc4_L100000_8757	b2dc7140f5fdf2f5fd82132714de0c3376a5c8672581d59d1ff284eeb9936613
hprc4_L100000_8758	12b9eaa5cf1b72feff879a248160e94818003ef959023c36ddf2b89048764391
hprc4_L100000_8759	4e759a2a77209ef36bb442fac78caf5f4bd28fc437830c25e6ac2e1704f6e38f
hprc4_L100000_8760	1851d23ce128dfc4a70121bf42abda6c933053471ec48d3ec69943c200a4e143
hprc4_L100000_8761	263bf0af4ba3dc129cb8279dfcbdc95345b3ace102eaa0f1bb36f2165b990c05
hprc4_L100000_8762	d5eedfc3197c816a3c607f00533a332049dba2471675093fbaf6b2e7e6d68b72
hprc4_L100000_8763	640369f7cac89a8a0139570392d277c8a5e646e90f7af071b9274e0e3b2433ff
hprc4_L100000_8764	73a1ef100418ad392c56d60ad42a07bf9f0847f879ba65c1a256de09bbedcc17
hprc4_L100000_8765	bc8bb2ff759a613ced5c4b915f5654c8e162087be2c7853a9772e36700588cf1
hprc4_L100000_8766	e9c12d1f45a6fb4704df3826f2000470f28ca9cb575feb1ae16cb77b2673b606
hprc4_L100000_8767	24fb00fbf5dea6c50f105f8fceec30433814487445032d236538ed6ad0ac4a41
hprc4_L100000_8768	ddf7fc56dbd940815cb18255231665b3f6bce63de8030e8004e828d135fd50b9
hprc4_L100000_8769	314e74ea7e2ad64e015fa37341c616808b1ec4df7f1b3b41241921fa1b739029
hprc4_L100000_8770	79a8a35f36773347e252d9cb1b9f37fa094028b86b6cac3698702d14b0c34e8b
hprc4_L100000_8771	be1225f627bdaa3ec2f009e9b9b1bcd3fbd552e4e34953630a79081d9546fdba
hprc4_L100000_8772	28e422ac7df2dd5d197bb4586dff6bef8ffbdd39c3e6ed0ca0bc67cc1ac5654b
hprc4_L100000_8773	15364d81bd7962fbc75da6b65170d7658d23d47739aa5d871dd7a0856ca588bb
hprc4_L100000_8774	f3c880abb4622fb8ecb88883b818fc88941663b2e7c80af766e3d02914f8cb7f
hprc4_L100000_8775	f95182b80c5370195674c33c33eaf8e726d3538cb649a40f6500f649c5f16bf8
hprc4_L100000_8776	e389de56e1a6418a3dfa8ce33cdcbcff280b95bcafd09468f78d694808920f28
hprc4_L100000_8777	b13a2cf0e09d57787be018f192e1713a8090323a6f3926e01fa8c76d2c1658f0
hprc4_L100000_8778	bb21a749d0596ce4b55467818ccca227e9712385f20a48b36002613ff7cc3728
hprc4_L100000_8779	6a0c58ecd72de64497f04770868df620287ace53081be3f120aaf5399c96ad8e
hprc4_L100000_8780	9147baf9012a055160ea6809ac9cb99319040d0eac369c71a6f3556270687bc1
hprc4_L100000_8781	7522c7affa5947be02150e1490d9d7dd0fbf32bbbcabd6876aab3223c07e6914
hprc4_L100000_8782	5c520a29db26240729054863640185de72661f74156a432762784e10c5f57786
hprc4_L100000_8783	6e7e77c8a73dfa822b9d1f442b4118f1dd8bdfb662d2b174605a66a226e53620
hprc4_L100000_8784	5947492d537289c6d6fa4707efd2d88ba9a2580a59d1e8df864e58466ad03100
hprc4_L100000_8785	e8e9fb8805036f78749d2bda753ea21e1119887dbf23be69248ed0aff11b4f80
hprc4_L100000_8786	6bf206eb46d3b1537a12ee461e24c8399ebde6ac536269e177afe57d9b29ea52
hprc4_L100000_8787	a48c8966a9fc046454b7fab8781058b650924e0170726faea1cb91f975b7f103
hprc4_L100000_8788	78f1c82d5a81944cca0fc6e16c15e7b54207d6eeaea5a2442613e8b9095b59c5
hprc4_L100000_8789	c5a38738568766359193421ee5287b5f7f8d377f6576b32987e175da806fb729
hprc4_L100000_8790	71dfffe7b3669fcc0005f44d718942813ebe694632744451a16f28e41dd1143c
hprc4_L100000_8791	db8853eb7e7f43df0fb4275f168608b7d84bbf2a0de87879ac5df52f76f1b7fb
hprc4_L100000_8792	df5a9f42fa2c83ff13465e01e066c45527ef9630f612c04fd3605b1e09e82bff
hprc4_L100000_8793	9a022f6bd9e74dbfdca62efaa78c8146dd47b64a032ecd748b11d1cb599a7b5c
hprc4_L100000_8794	d52778d255e06920bcec581d1af9000e48a40480a0bdcba30e0e4bf449150c84
hprc4_L100000_8795	99ea66cd687c7fba9b1796fc734e7b2f7b66ebc8a8973455c8d9dd2d9e68bcea
hprc4_L100000_8796	a3f54813580cb3b60f4b59c3eee97d8fa3b6cafb800a40c834852e53b40ddadd
hprc4_L100000_8797	37c4394762f468bc2526eea69cbe2178ae52268dbf97b0e4b477228cbd0d0f81
hprc4_L100000_8798	4143861680c5cca4227acc1a183c271b0cee962d5a6825b566c37f66654c66b6
hprc4_L100000_8799	c230a65ceef277892d148ae34a389ea2062d48b017e521310547ebe29e7df445
hprc4_L100000_8800	699d90c1b9507bb38a12d68f57dd4ccb93f32b8f41b8504235335d4d9d2c59eb
hprc4_L100000_8801	355839d12116488c93e84cab682bf1dad15632b8c044bbc1b352670eaa4fe935
hprc4_L100000_8802	dffeaa46a658fd7ee65fb3802924911149c32ab9b9ee39bf907c2bd825043b6d
hprc4_L100000_8803	9afcdee7dd33954a807699cee731ff7e8027fbe31f92910bdcbe90974457ccd6
hprc4_L100000_8804	7f7c90027e9d49e34bd1730288849d9755e4ce9ebc21a568fee2eb7e8b30d5f9
hprc4_L100000_8805	87ae81cd279feed5af63f37aba97a90dda5731e841aff059fd7b3f747fc9e57f
hprc4_L100000_8806	40b3f80c7880f0d0b988a07ac1279158e1752a0e920e3d9c04cf0140121436ea
hprc4_L100000_8807	031ea87d9e764919a5f48b64bcbde042bc4c106918359d5e20dd261ceebdd83f
hprc4_L100000_8808	5dd5cdb495aa89ca4f0f95399b3a61a5cdcb294cc20df00e233d66b815eea597
hprc4_L100000_8809	428e1af4c1741e09b196fbcca096678cb566621f5703b8369a2452161ce275e2
hprc4_L100000_8810	5b7e8b49b08fcea4e70bd5741f3d8144e0ccc6b1977d6b545306045c3b42c65a
hprc4_L100000_8811	a42bac25c63d88ef9506d163ec4ffc187735bb8ac0ccb2ffabd1ef2481917e7f
hprc4_L100000_8812	a206658704b75b66d5d7272dd5eee1f921c4676061c83efe4644783834f5ba2e
hprc4_L100000_8813	b95a69eab6ef457fe1f3672aa1d7fce4dbf88b48e19b5dd2f6c2a1a8a7e61b6f
hprc4_L100000_8814	7293e53c04035dcfcb8b6c8debdf62bf56c876dd944d13ed5a215b465511316e
hprc4_L100000_8815	29fc7ebad78047c08b90946c0c6ebe69eb218a10c4dcaa3da617b3a2c165a8f4
hprc4_L100000_8816	ec61f32e496fa6252e05abbccf73bbf50e1619594f91248ba533c7dacb25b5f6
hprc4_L100000_8817	60e36e3a4d48c43eefd542bb362d17614d0393206c9c3adbb1f64ac9f01918b6
hprc4_L100000_8818	793304c72d4e6c2b17ff39c226df223021833a5cdac2afedcd2a841b4f7e6dff
hprc4_L100000_8819	f414d0608bb8fb07698ee2e140f090a248b4b1ed00a6deedff10c669fbed7c62
hprc4_L100000_8820	b77b6381d75de5709e33ba80d2866660bd18d0f1a681e23c95460622f3c7cd6f
hprc4_L100000_8821	e98cf9f03a61087a34ca76317c29a12859b3d25e806484cbd2951814fd3cca5d
hprc4_L100000_8822	7f55c5763954e80c475205bf4642e793d24a959861f98b102e4bc855398fb137
hprc4_L100000_8823	3eeb1c97877dc50303fc43c857371c674d2209c943471da09f871b61e97ef8b0
hprc4_L100000_8824	202964b4d4d79a2469726513cc830dba216c111d6b63c82ea73f3c6b67ad54ff
hprc4_L100000_8825	7f501b18ca6f3d05bc6541e73068a23e562eebfa07516353acfbb4f071724527
hprc4_L100000_8826	b3a6a285741df27fdbac0f0bcd15af8ea953a62e404fa0a2249de8c97b355980
hprc4_L100000_8827	67e1e31dd79458db382441161487b39b9c8b6939082d75ce5e1bad6af7049ca1
hprc4_L100000_8828	aba06f738dfdf96b4b6836be35e0e2f57aa44a826057c830a94d369f879632bf
hprc4_L100000_8829	0bbeba9a591e1ba68b1ec1ddfc1705730d8fa05d054ebf8def00348869cbb077
hprc4_L100000_8830	ac630b0a6dd8430965937b7745e334608fa98e2073c86c9bc051cda97c3b3d46
hprc4_L100000_8831	a23d5d820633b4ee47b8f016408ff80fda9068fbb360b6e52b8b42285fd583dd
hprc4_L100000_8832	87a057b370d24174459e9c3c0a321c43cef3eb14cfc364aa0bb68b8abb9c09c5
hprc4_L100000_8833	f09c49a1a70340546a9a729dcb65e1090753cadb8cb750ba4e2edbe697de7183
hprc4_L100000_8834	b2931a21d70bbb30632403fdf820d72d28e538d6f84e8ebfc4c3fbb3275570c3
hprc4_L100000_8835	ca1fc906b80b2600281b2aa87c49ceecc22e7b0162429ee4fed3e5e11b4b6cfc
hprc4_L100000_8836	57d356fd4ea7e8cec33981452070f526ac9ee5ece75adaaea6ff2c7ba499c375
hprc4_L100000_8837	abfaaab2e814298b702a2f158ff8bee3078e47ca7d6b77eba73cb887501ccf0f
hprc4_L100000_8838	8f85ce48d4d82a427da86c8a656d1ab2e7a74718abce5465ac633176fe0eaf6e
hprc4_L100000_8839	124f65dc6d2067e44a2b3658fe5c94d16f1ed4732dde2bb92811c0df8149dd7b
hprc4_L100000_8840	d305e3d9560fbd0d19924731d2cb4752e6cee5330bd31528e9dec81feb51dde1
hprc4_L100000_8841	4adf8a5a56f4113eaffa3d7e3a5d6c3f91c8789008d4dd7c0756c568c0c7d044
hprc4_L100000_8842	ed8c8c4eafe4c97df720068678a5e5653fe8d5e2e45cfbe90faf04083291f642
hprc4_L100000_8843	028a0786ce777182ad16190f589643b2af64acbf12652fbc57a89161a080d779
hprc4_L100000_8844	47c7dc7f6ab1d11f31a3fc63df06c7aff9b2a138b9dd751ebad868986ca06428
hprc4_L100000_8845	85e6e477f7daa3937844dad5eca5b5d3cb16415795fc948ec8fb9cb42b806b52
hprc4_L100000_8846	79494b6d15c009a9984ecc36dd520715c5230d784decd25057ee180a69a45555
hprc4_L100000_8847	398248c91a7af14611599bf7edd772b03016d46935615ee49895e0a402f1d239
hprc4_L100000_8848	eb7f7e841cc0e727bc60d8c11909bc665a3bcb4dba9b16454814bcaac7cc9372
hprc4_L100000_8849	997f9c82e4977e66141d91bcb805002a37b314cbdc9c7a70c57afe875ec1082a
hprc4_L100000_8850	9178c27021aae38ba01d7f6985a11f62404a9159d9cc5ee815e1590451708fe1
hprc4_L100000_8851	4d99e811cc7871ceb7586ab5dd1a14dfc20226b457aaea5fb5a585ae337cedb8
hprc4_L100000_8852	6e7f0079fc411127ae742bf637672ebc015aa20ed5efebfef2882b507d01a786
hprc4_L100000_8853	8b4bc4703d134c4929c546614eae31362e0b8cc38fda47672f5ef6b60ea19580
hprc4_L100000_8854	d8a45a3b2aa9d0ab4b6ec14ec4009f3cd687be947ab7af9652cf3c8d35c5860f
hprc4_L100000_8855	36559968bed451711cec02b9487e40dfcff5b596ab8f1e52b04f635f5daa737b
hprc4_L100000_8856	5ee6d3d9c0cf7c29dcc0044635e9d7a10bf128889c573934aa089c9eabdf11bf
hprc4_L100000_8857	8a35131f56b9d60e2e1719518e008dcb20b723b4166b3b2c4b36cb7b0dcc407c
hprc4_L100000_8858	af5380d0019372624a4d5dcc9d7a08f8c79f4839194fcb91641334555390b3e9
hprc4_L100000_8859	8128965e277ba8d48e75842b795805065bcee101e0facee1b10ca0d3d804d976
hprc4_L100000_8860	690bcd141647a842a13775bf94d800668ac73f6044388b7bf5837092c4cb16ae
hprc4_L100000_8861	2baeec1d64c454d672467746941d1adf7ee8352c2f9ffada500a2129df673ef4
hprc4_L100000_8862	5645896ec6367fbb41386163df7704f2e736f327172693deeb9dee3d5c0e36cb
hprc4_L100000_8863	8cb6ee0f74033e5d60385964a5493a92df587f118e1b21574b0a2874a261442d
hprc4_L100000_8864	c849c773a99f38a2cce93973093cb2a5656fa49926897c2d1e32d8e3b4685536
hprc4_L100000_8865	e492b31d78d383ad7d4cf01ff702582d36148bd2eadbbbedc00ce4ba922c0d31
hprc4_L100000_8866	04111fc1aa0a161a4e66e585e72445ab7384cca5bfe726ee8a1a2442de518227
hprc4_L100000_8867	801ca741d4daf1a09581d0030b8c37b3ffbcb80ea29525d46224264043e8e6e7
hprc4_L100000_8868	e248c2a5bb5aaae2e5f276e01efb44ee4f55b596cd4adbb0fe7ae02a3d9b854b
hprc4_L100000_8869	9221736370e32c87a8f5b4bb1bf93f0b0325a04461a4e93a2473cc52e1eab029
hprc4_L100000_8870	2e10ce3b1190348773fa5e42267824aab2ef5e87336f81ff4e1771fb4dc95bf3
hprc4_L100000_8871	952bea4ed37cf4651528b88df41b57191268fa425018d3591d1e855f522c77ac
hprc4_L100000_8872	323fb699197290ac900d193e82ae70a100bb8c3d21fe99f811dad7530e0772a4
hprc4_L100000_8873	b091967ea53ea4b0a93a1ce3afae30d8c2545201c9db159065b0a8896cc91a77
hprc4_L100000_8874	69db0f823e97a9955a72964e73028642a3e65a5886e9495af9e6d8541fe3ae08
hprc4_L100000_8875	6a5514f9b7aa75506b638e9326624141dfdf51d39c77390286ddb09b6188f613
hprc4_L100000_8876	58241b51f8f2c0a87fc8698cc03091efbde11f47657c13d3ca46087b501dc432
hprc4_L100000_8877	42820af005e43e360b1a1fe56395abad6e2efe2c90bed52b6ac041bdb63479eb
hprc4_L100000_8878	34bc742c3d1d148658cdde81f0d427a4bac610bd03d2e7db45b41c90f594bc18
hprc4_L100000_8879	6de789e585cbff9c6716347a2f6e60e8b050e80f3fce38276d09a3dd42914763
hprc4_L100000_8880	98526e13a1f461f7b9715b836682880b451a3ee80e3b33e53679bb7f9b04e6fc
hprc4_L100000_8881	e0395f55c8a65514ea8691960411cd18327a016b8b9e6a86fc9953c19041b1d1
hprc4_L100000_8882	724e8c4e463f003e5b59e11056da1fb4e5017144ed2a8224dc80410d3e11903c
hprc4_L100000_8883	1b005c216fb9c0c48df043aae6433b93307398f06987b56a72c211ea2685cffa
hprc4_L100000_8884	9af92e7a789efad84fdcff80518e60f2844c22f5a4e025bce7559bc467747d91
hprc4_L100000_8885	2f880ad6ca2be2af7ba99442cb479a2f82c3803e5daa1c29545fd0196ff74ab3
hprc4_L100000_8886	bf70a5c83434be94eea5810eb517f3db41904dcb77c020db3741e8e9614508d7
hprc4_L100000_8887	cfcde442649c9285066305c5b6b0c34f985687f2ed18a5c32b4f3e2ade2db46b
hprc4_L100000_8888	dd66b16103d3c4e7bda3ea81d8c1219004a116256d03cf4195039b140bf87e60
hprc4_L100000_8889	71084c0fd70740f8dc5a8257dd30fbcab592166927aa725efdcec829fd2e4cd7
hprc4_L100000_8890	e5adecd7d6533f154c4f1d2da7c64a180f7a145d00fe0e68d4ed36889768cc42
hprc4_L100000_8891	9ef880dce13e505d7d7f1a1c1cf486d985416127a6a08e4c4870a5d78f3a62bd
hprc4_L100000_8892	e53e4a3178da62fdfa15170316419d8068eb99f7372ad2b2f88c99e1f4c4e409
hprc4_L100000_8893	4dd23c5a75a18a0f93cbada8dd7f4e0152140b30765338aac18bcd6a8776c8b6
hprc4_L100000_8894	0d3e2b87af9f4f5830564d7edfb6000b8e2a934694d725412b3837f51de4740d
hprc4_L100000_8895	9d45f12508f0b5abdcf0a5f5c9869272847fcb8530292e78e71cefdf0996759e
hprc4_L100000_8896	6fbdb6181fbd50dce9896f172c151dc6b7f2ede0915d94e23530ef0ba25d42f5
hprc4_L100000_8897	6235d59b7cde5dd8de94477418c6415b557ebe0b4ad35396731c1f9925ad2ea3
hprc4_L100000_8898	31812396cf7dbdbde2f6cdf5198a2bfeec7617f4b1171710c60dde9949d766ca
hprc4_L100000_8899	d5283b55c1be313601075ef0cbac15bcd4cef3233d3af2e649ab4d5a0ef13560
hprc4_L100000_8900	f47a2f30a391fc48419ca244fbf3ea9bb79136e67c559f133acec24f9be8665e
hprc4_L100000_8901	585ddf7f49ec763bcf1a6929e47da2091a4c593a2e57c0f837d1deb28e1c373c
hprc4_L100000_8902	2fab867f8cc1ce758c190d732617ab4f86db07f67cc3b7b71f63e868426a95df
hprc4_L100000_8903	24f699e8ce19973e30ee98bd03e5854764da7112c069454f1eb21f8282efe542
hprc4_L100000_8904	7cdc8b912a08a7a64dbbafe375d4678a207a40b43e5b516027bd724285ef0f32
hprc4_L100000_8905	733ac52c5b05661699bbf84292638422c7ff7675bcf9e4f25bf7c4cf4c886e33
hprc4_L100000_8906	c34ac1c6bc4465aaa16c198f6980f05524f874e6ba60fab821ec4c5b0e4e68be
hprc4_L100000_8907	25297005484bf2f6dfcc1f1d48622d1a51e35e43c3b0d6e717719837288030bd
hprc4_L100000_8908	305a9270a92ec31ad0f5dff8a8e12b772d18dfab72e4e0e979379a64423f91b8
hprc4_L100000_8909	f3cc996674fd1106c72172a202a2315ad527e561c01403a84a2418e989b7d052
hprc4_L100000_8910	3aead157db3a6c78fbd963a41b0669dedc6b9445d8e59f9a499ea9868b89f8bb
hprc4_L100000_8911	9cb2250711cc878d54ad8ae6bf45896ad6b19870c99783d304c18a61f71089aa
hprc4_L100000_8912	ab33b4fff534f1fd30c6e66d56ac3f73d39064b3a1f26340dd3a3bd264c8d108
hprc4_L100000_8913	0dd9553ee3f49d1fc9266cd39859806999932d87af98ab290a5bbb5ed900b470
hprc4_L100000_8914	bbe85aa6b1a5c3251e4a72a19843043ac23866735657af7053bf48e73b2456e2
hprc4_L100000_8915	2de489e65d36844a4b764dc52f31e1b8b0ccfc10d0a818eb47e59548b9277be1
hprc4_L100000_8916	c0332f01c6a314d22e8c4c2b069bfd705ca1c2500d4b3aea7aab8d2b49d915a6
hprc4_L100000_8917	e93318a1444fd9fc1f7f201dfe68080426f6331b0f61e53f88ba2ee182c3ef09
hprc4_L100000_8918	f842c74ba7d5b0c8b6770b4ee77b494e257f726ef48bdd56eba8da074907bacd
hprc4_L100000_8919	4b47ebcc85df34254aa45de43b3149fa5d407a1150b1bcfcaaddce00e672b649
hprc4_L100000_8920	04b640d43a6ef295c81916875916ea0a8b3651c0d4fdc9af15cc3a4f73c20790
hprc4_L100000_8921	3dd58745bf14fabd501e6c55eb6c17947cd92ffe28eb87eaabf1fcca5640c75e
hprc4_L100000_8922	1308e62c32bdf951dab7ccda785a380d41efbee8df495488bc4471a3366aa6da
hprc4_L100000_8923	3ff921a3dddf250bcb11b14c416ca69ad5b733dd946c98fb788c4017d5f167df
hprc4_L100000_8924	bf84b56ccb6fd2507e43fb58b0848e60fa0106e2fb1953b75991a46117fdacda
hprc4_L100000_8925	e7da8dd3ef7b65c0346e1e5453a79b670b692949bb6d269443d54aa7ead93fb3
hprc4_L100000_8926	b0f46f78b72f6643d476ca967c73b8041af0de06704751e5dc0fc3360b6d5c7a
hprc4_L100000_8927	2e3e950cbfe6007fc16fe6954614685415a6bab1f043e285b173e0927c3b3b13
hprc4_L100000_8928	17865ccf077542cda7b7bf331c83a1ffe702af31f0481ce62117c2eafbc06c34
hprc4_L100000_8929	9e3e8f15e9928e195f41200a4527988296a4f43c39f167f26921625fd9e5c2af
hprc4_L100000_8930	0d4df7786abcc88ff05f0a5f50133dde864a433a3f6ad5db7da411333128ba7c
hprc4_L100000_8931	2fdf18594a1d632c099ddc95892a2193e09f5b8b816f049ffb740157f7ef6adb
hprc4_L100000_8932	a5bf73e5afdfeb05054ea5af1485c14ffd216d9a19abf81d1c7ba8b14439cd87
hprc4_L100000_8933	7c364b453c380771ad01b04bb25f52b335628bc4ff53e95d5498a9875551c837
hprc4_L100000_8934	ac1bd49d6be1df348ceed6efd09db0d39bdf6f61ec9f9b1070d5950773eedc0c
hprc4_L100000_8935	fd3b6be5db0dd87eba0c1adf7a40d470b58ab886a33973c66a205ee84caf04fe
hprc4_L100000_8936	40d053942651295feb4b620caeeae2d16a599e87ca9147fd4f32c3f471c017da
hprc4_L100000_8937	8030661966558d9f9e7fb48bdb9fc5960e785b3f6fd9196a12183f0d5942601e
hprc4_L100000_8938	e5d1dc6bfad3348b84da19dce9ee33491f8813c1c5921cf0a1865932e740311d
hprc4_L100000_8939	e5477d20cfe2c22c3b7c1acdc193ec5261a85404eb87b278b7e853e61c839424
hprc4_L100000_8940	625f8ff4a00fdfee4386189ba331b1cff7152e3616ffe86ed75911c374dc757f
hprc4_L100000_8941	5eeed969957dd2ae8542faacb1f94ba0dae7851a55c2ec70908c31e8ed58a91e
hprc4_L100000_8942	f311af620541a5ce7061b09fae5db8e968ddcea6bf257d1caaa1af3995d2773c
hprc4_L100000_8943	a4a0d7219102de8edea8f78c06591938bd79ceda1c753fe5d110fccd72188911
hprc4_L100000_8944	acccb2e08c866ad12b3fcb287dc92d73351f94db10e1a059715deed830e644d1
hprc4_L100000_8945	741766e6bbcdceb09fe6d2edcc9447692fd17df23d652bbf3ef0cff6605a585a
hprc4_L100000_8946	f1454cda8a8646e5f28e911bfd7895d0b3646544e3c0cc558f9067f433df7a70
hprc4_L100000_8947	dfaa5432ff0e525d559a258411f81619f3fb8c265c54d22b9f912a98185106c7
hprc4_L100000_8948	4ceea971b6be58cf3b9828d7912a2acb08ad854399426dc25cb36004ebdb28c7
hprc4_L100000_8949	ae2e2855ed681d0f43e32638cff8dfc2e0e816e9bb39a24946f887cbe068f3c0
hprc4_L100000_8950	adef558c6aa89a2ab9c75d7cc00e675948ca9de742c3269862e27430e954c061
hprc4_L100000_8951	335ea3ffbf79413175a33a5c53898d4229ad1588ac7ddfa30b0919c2bc79781e
hprc4_L100000_8952	70ca1f98f093545d9b0b087e02aee6bf253ff4aa3053ef8d39a80387b6ddc715
hprc4_L100000_8953	ec4954c1e3d151770f0abea3a91339024d1118dfc67136117faa67505735e713
hprc4_L100000_8954	049c6a5853fcd77096f8697b7a7b5e4ce3ece5fbfad8e797f88c802fd26ec571
hprc4_L100000_8955	dcdfdcff0b2003c8af7f4e73b7629808d4a6f25fb37c8c2d39a0d86a990362bb
hprc4_L100000_8956	2811228fd5705a2565a3dcee47c939b4b77297a77215793008d68cd05f931bad
hprc4_L100000_8957	59f6c0d3ad7258845562814e57891a98ec045c9b164ac6e77034d7fdb8b69113
hprc4_L100000_8958	ac907c8bd293c4e66ca52ef241d5a3a69abb5e877c2a325f10ce5f55183efa84
hprc4_L100000_8959	32b51e222e9b4261f5f4dc0a097b7738b71c178e8d8533d37c962432beb901c1
hprc4_L100000_8960	1a5c6e5a5aa4564615122ee2cecd3a3557bbd8f85c4b92cdac63140ca3eab9a0
hprc4_L100000_8961	391525e858bac546bd0ad02937a4704d5ffde81f0aa75edc13a7ba6951d14870
hprc4_L100000_8962	b49a28a64dfac6eac135b96ac39caf0a27f69282cd53bc6b82116482175e1d54
hprc4_L100000_8963	5f508c344ab2f1018b85194a602a3b5466c2550073a707ff78b277501b45d984
hprc4_L100000_8964	63e1b3b024783634e052393f4bd6d0f0629d2a844b118711bef9c5423abde769
hprc4_L100000_8965	7820697510d4321ddf6321fb2846068d7bf1091f44a5b4209db991249ee4fe39
hprc4_L100000_8966	df9212d32068b644c8227cf66157a3015a9130f11cd6cc36851656de033aa64e
hprc4_L100000_8967	0f2d3f0c80f9329047b434b187cc898092a284c2b024fb3008c417b87a71cd34
hprc4_L100000_8968	92461fac326ce3acfa8b8eb2fd3fd3013f843dc71c22c190d192b3ec3326bc35
hprc4_L100000_8969	07875cc2bb2eaee10091e7b4537bc72d3023c8b05bd8de9fb78ef018ef22d108
hprc4_L100000_8970	96c47b0564dbf602157be7f1f35c4afe7911bd7902faa52d484c8813ccb96a5a
hprc4_L100000_8971	b1a74303048f620317c320711d2fc6e313b4d2f9861f6e66d4f0ac99576b1bb5
hprc4_L100000_8972	da3faaa1c3d9405c6579c6b9ec6eb0c1f40f8f05a31cfa76e92aaa641183b0b6
hprc4_L100000_8973	ce33f904ea45c2c0e7d0bd4ef47bcb56d93cc9fc8ffcd19d3d1744297a51fa7c
hprc4_L100000_8974	af2fc9c43c78bd511a0ea0e153320ab3eb357d7ad0ef7359b4064916be2add16
hprc4_L100000_8975	2378d4c7c18be699880dc89e676d619e9c0124adfa9fbee4d251f3a1d3ed4306
hprc4_L100000_8976	58b834c2c48db812e51e23a464a558d4b5758acc6272359f33d7a32d9ab452c3
hprc4_L100000_8977	abcf38aa7a8bc2f55e4f87e1d322c2af63fcd1a5670d18a176d31cb02143b54c
hprc4_L100000_8978	5cab6a733392453cf9f6e75d615ebb8f0290bf8c9aec16e13f53310cbfca11a3
hprc4_L100000_8979	58ca815af4eaed8d2dceb2a4798c69763e5135d5dfc835d927f5040f4e54bd8a
hprc4_L100000_8980	846be8c07aed0a92b746761c6d071abeffc92fa80519583e640a5e9bae3dcce8
hprc4_L100000_8981	a193d614893a951bacf1f13bfb85450adb36401b4358024fa312bf8040d24ad4
hprc4_L100000_8982	a810075d6683996fd1bd8def7766b973aae69b4f6678470db67e563c2567152e
hprc4_L100000_8983	3adc0d076ca66486f5441256b503b525be135d5d11549f09c0f9baf5abfb18b0
hprc4_L100000_8984	152b4539316769f36931c2a19af909f0c7191558e1954b78ac5e141dd3c6b35c
hprc4_L100000_8985	557bd6168a40a8ba4d3a32bf73517f17f9ec6cec242b1eee6b80b979342013d7
hprc4_L100000_8986	1687385e01430ad3e166c0b8e98ed9940c345809cd9300432303ab6d8969e66b
hprc4_L100000_8987	f4f40ebc7b1400fbb11b97adf5a0d7596a12d5093dc8a4ec75bedc2f52180c6e
hprc4_L100000_8988	96cc7d151fde26f6eb3a32145dd8e63fd9bc9a6a081977f72cb6172c8e5c3ef1
hprc4_L100000_8989	3a3eec0e1db64f544bb92aa8373a425de8f9ccf4c2545380e130757c1a11c119
hprc4_L100000_8990	b1d85283c5c10d228e310042613b6bd10bc0140df4e1d442261b362088eb3ee1
hprc4_L100000_8991	91966f93d46c4d715e6437cbbeb8bb003a8197d90cc6796a078aa0ca9ebb6c0b
hprc4_L100000_8992	14f575d87aba8531536837fcd5975e8ea6266067e0f43bc77f655c0ba8e11a87
hprc4_L100000_8993	cb72b1a42d47ee1b64d9f3500e0121b6d06e21ca2c5425921cbf32b60b24ef86
hprc4_L100000_8994	30e18f86aea8423a16422a23aeee7744f543f039b1c2f16f3b35b4173a2c7b45
hprc4_L100000_8995	900ec8be23df8e9165617102822bf4a3524063dae81a64655b21b80afbeae63d
hprc4_L100000_8996	496a6f9087219a631d9566a11aaf7dd3d24e05e6fe3196fd2330b84656cc5cb3
hprc4_L100000_8997	c1ee3a62a9e84b4053e6ce7b558748526a120a9dd2ebe2eeaed0b9fa415b7d68
hprc4_L100000_8998	89dcb2d4213db48cf2234e794d078171e1210f2d291e7c9c9d9dc996d7f73434
hprc4_L100000_8999	370ca8a40ca4b9d7e2e1e4364a1f7bc1caf0c58d55db4a698842551c8b636d2d
hprc4_L100000_9000	8f5112f2dda8f0ae6b5d0d1b771bccc188721c1120e46ff1f69bda63bc58697b
hprc4_L100000_9001	80ebc4f5a8f5d13c0a4b838082d6bc7da799576b1311dc1ea30b62fdcc15408e
hprc4_L100000_9002	4bd97bf69a91d4d3e0275738f27947841595ae0f0c1aa83224dd3dd20bb1a729
hprc4_L100000_9003	d8accb96b8ec392a7460995878ba69e0a28c75bcaccbeea1bfbd821a57d8ad39
hprc4_L100000_9004	a254ca311572846c27dd3eb5ba4ee12e8a55e0d03464549640bf0c46bda4322e
hprc4_L100000_9005	eca0b7f6b2b3ac0cbca26f1f5e8d08524387bc57a1a9af0d8a5d5c9e21f1cbc0
hprc4_L100000_9006	326f47b5387bf6d8d9edc71cec69fdc73dd07e59c1123cbc4a7ed60d3e57be0a
hprc4_L100000_9007	dacaa6a4b41dd897a8b3cadc1a2a0acc82d969d2456c4c3dd188af194ee39eb1
hprc4_L100000_9008	625effec638331815bd454a73877e82d2ad67611af889cecd27be8360142c06a
hprc4_L100000_9009	a9c4f970c425c3fd7a538e4d1fd3494b39c3bfe4f445979d45c2ddf0ecbbd4c1
hprc4_L100000_9010	894faad1ba581f16f891006953a0e29159d0bfcad2ad98ad32bd66f3164b8542
hprc4_L100000_9011	befe09fbcef639e3c1526a7eadb3a904b4467d51f7f8d13469687151167f9f0e
hprc4_L100000_9012	6764e61eab1f837e283c2193adc84954b795221968ab1de1953a2ae54fecefc6
hprc4_L100000_9013	1d1cf575f76f5894acf3dfd9f0b2c976215ffe5a82de14357ad3d315e5f948d1
hprc4_L100000_9014	d465f471716c7afb5e7124c420dd3d85535fa00f325c212221935cc36ce0d466
hprc4_L100000_9015	b3b6c8c69d9cbba8d892ddb2224ae71aebb93c13d8b3817ecb418a7ae1a1dc7f
hprc4_L100000_9016	a46ce2993d66c1d6f08aae313d0b1c1b250e90509c6f79e764a8ca10de725404
hprc4_L100000_9017	6defdb9a8ed29cfc22223e77c1df746f9b52844d0a3f87e27a55dd866364be4d
hprc4_L100000_9018	ec3d0d10a033acd81aeb56dcecce3a4e703b342f8ee71589fc689d40fecbe7e2
hprc4_L100000_9019	7adc0346446c692b4822f14da266b7d760397e847ef766e84f6a1ebc6b24032b
hprc4_L100000_9020	3c489a7a123d94b3847bf685b6ea139520c4e6f9298410b80de7e93b75521ff5
hprc4_L100000_9021	3c6f75bb6207af820918a4c4f453ced0428f9e414219bd48b12a0f5a2bbb97ae
hprc4_L100000_9022	c6c4dcb8386f51ea6805b25a66d32454c04e447bef4d7964735bf60d75b087f2
hprc4_L100000_9023	65f28629291c634296eee169b98ec13b60d9316c889539bbf54b929d1ae517f1
hprc4_L100000_9024	2aa6cdab6aa6ecb5354d375f0db6f65e88706af71911b31693bf040c80c9d6b3
hprc4_L100000_9025	8b0cc94b12cf09677adcebc82d416bdffcea53a66e32dce534dfb864b676d08a
hprc4_L100000_9026	053e4a989e49ebd9afb22722f3d0c4c2fe6702f6541abee2aee7bd56deb1ae0d
hprc4_L100000_9027	730d97e3a7aa3a523cb0e92b30147c6e6726854a0b2fe7b0fe0a3a82689d6ba4
hprc4_L100000_9028	1d153c0c34adc666d69b5c95e16e4661a234373f9d9ad7951721a8058a4254a3
hprc4_L100000_9029	730284077a3d34c518d9e4de9a5522b5f3c72dd1eb54a66da403644e4b4eb9c4
hprc4_L100000_9030	2747d4ca437601524d00a168cab625eeb731b45edfd2a6daa378b4c624d6cfbb
hprc4_L100000_9031	4dd24ca5fbea45ac76dbb1957284d6db00d741486d4421802ace6e91a6893a23
hprc4_L100000_9032	5529c3f178a5fb5423cae6dab0a2c76028fb2f0c4b2fb91a7f04b8484805db67
hprc4_L100000_9033	6fe1aa3d79eef3694bb25dab2762f380a1331c0d0c7a0e08d5eab6cca827fe70
hprc4_L100000_9034	aa4fe397ee094841244abe68f6509bc57385bf8fb6822ab71f6bc07e90bcbbf3
hprc4_L100000_9035	8924e6aeb87dcc741eaa166c8c61cf06c3a5de7addcbcdd0d0babf1a3ddabd2d
hprc4_L100000_9036	62a26a8f32a664037681609a77d0403454f2b107fb3c1a2abd1c4818890b9ebb
hprc4_L100000_9037	7d1b17129458c28c48655126c3d57f95135608c8ad622505bbfdbb981fa67a60
hprc4_L100000_9038	3c820641917b9b39b2d55d01ce737c89804d548a95d203ab3c304bb3c7564334
hprc4_L100000_9039	19eb420bfa7f513230cc5eeef2b1dda9a62563149c9856cf3c6182b7a022627d
hprc4_L100000_9040	3802c8663b115681f48d1ac65a0a2fa2f9cf430b050d8842d0130ccf41c68577
hprc4_L100000_9041	dcbb1af0eb59edb0ee4bfd5170fa6e60e3fe77a2e2aeb9a4044e9538ca7a9156
hprc4_L100000_9042	9647df403cc679457ec5c9414e902b07421a16161d7f64f8a56f4bee8c027efb
hprc4_L100000_9043	1b892408d97e358f34bac59ea6ccb96f9cae4d5c81119c3e99f2a3091d612ad3
hprc4_L100000_9044	6c4ee7859a58474e0828744808925632709b0dc70f741900e3be3e54678bbab8
hprc4_L100000_9045	7635807c1e7932167fadcec567afe702036beb48d70b079eb982503826215079
hprc4_L100000_9046	66c62f1e82743de4c7c3b24b546848891c646e1a2f4260d9d692c63fe5dbb3b5
hprc4_L100000_9047	5e189000cd00d9b98321f5ba4afe7cfa042320a61412a1ff3f80a9464e2452ad
hprc4_L100000_9048	a76246dacf54fcb7df4b659fecca10f01a5a67f5fe8c13d6d685a36e07c9ac70
hprc4_L100000_9049	9ad9f90c031b7a46fede6b4dca45044022410b79e6c11ce620278e2e8b6e83fa
hprc4_L100000_9050	863bc264de45faba3c104c44ef71d034dde95bc986340b69d82c4a7b2ce0dabc
hprc4_L100000_9051	6b3cd217a529a6333d70a938a1b1895ce30cd675cd04ba5544fff13ba2e3d852
hprc4_L100000_9052	03f4c71795d48ebe685905f56ca854588760148ce5bad36f6e2ac75d9fb4be53
hprc4_L100000_9053	199d0a6bc5ef794a2a623c98b94712907c170160c130e54f20a0d024f0145bc2
hprc4_L100000_9054	71fdf31b85596042ee64fbf78a1f5d36cf6f8baae16f1967b3b8c7d9efaab3ee
hprc4_L100000_9055	362032ef189285ed36cca21bea4dd37cb4c5f7f53333af1c84904728d5ff541f
hprc4_L100000_9056	5332eaa63ca6abc7fb38c9ae5b1f030167cff008d74ae5a2dc6bb11ceaee1e74
hprc4_L100000_9057	09b19b0952096cf78204f9f37a66312cc1c47437e9e390bf9daf6c25e941a819
hprc4_L100000_9058	fb2f54b98f7218f61d184072742bbee219b40427c293c1b4047012860ee806cb
hprc4_L100000_9059	7f40c250a6c1a2647a1e53726059eb5178f87bd09ec0a640b151e94bbe40a248
hprc4_L100000_9060	e50e495afcdeb18253ce70c72f1ddc0920d86b04b73147c5811e0ed628cd15a6
hprc4_L100000_9061	464e57789088b162032f3973890af90aac79b08734a90bd52de31062f1478340
hprc4_L100000_9062	33e7905e1ee203d3f83bd9ff08585d30bc62edb6035379eaf929077f5d78da10
hprc4_L100000_9063	dd0782f1d3ed62063270fdf39000592957ffc9e1e59648f3abc8f67b559afe09
hprc4_L100000_9064	8354f882e818f02c756ae4750a9ae1d724b4181ec2f88465785ca771b9142f8b
hprc4_L100000_9065	43bcf8e1ba1a8dcc3c88ec3d7299c58f4cc030cc5c97ad68315e92068da3eb4b
hprc4_L100000_9066	b0bdd69cc20547622f7476fdee381118b4525fa816cd4270ecf0313ace4b8e10
hprc4_L100000_9067	8cfbbc9bc5f5bd93502a1fabc861ebea495fe6ebeb3dee077000d52f09f0ca07
hprc4_L100000_9068	f7f22dc02f60f2d563aad8a2641abe187f4f9379609c007ae7329d5837927841
hprc4_L100000_9069	a21a119496538d822ac300e2f9666a1ab92cad9b2673edcb3d884d09124b355b
hprc4_L100000_9070	5f9aa507439ba50f1960c384303d52b1cd203f5122b3dace0a28dbfa36305191
hprc4_L100000_9071	eeffa0aed048c3e39013fca8253a769db3b271ebe5c4ad813821648d887a863f
hprc4_L100000_9072	01c4899ff81246ad45545832e5d4d9218093123a02c5976b1e1341ed7e3070e6
hprc4_L100000_9073	3d7f2589f24866c72b6b615990cc757ab089b841e66d88644598132fa1a09bce
hprc4_L100000_9074	c59cf61a94ae7444642db7cb3860c14f26536d4299fa0659df9742140e01a7a9
hprc4_L100000_9075	c8230ba526a75678fa854c166136c395322f5ae942235de070c2db3458a13c9e
hprc4_L100000_9076	15a0487ab3c97e72d4fab759f3bf63830e9662ea4aeb9fe4f5ca6c6d7362eef6
hprc4_L100000_9077	fd2eae67dd6491638cd41c9bb3d69706130dea131c9f43201b159927f9f469a6
hprc4_L100000_9078	3c4a1ec917cc0d6894a27a8f6a5e4ebacee7cd71851244b141a1e8a0a9ecf898
hprc4_L100000_9079	6557059f5148724adfd815f1e8994bd56f6d4ec3a5c6337c02b4746fd1bd68ea
hprc4_L100000_9080	847ac9a13366b85c66c397fff41cb185592069bc812049f2918ba71e13e81e47
hprc4_L100000_9081	e2f2995a30d84ae99ad5b507669e019d67b7aaff28e35ef14768e1689adf7b75
hprc4_L100000_9082	cc4d318cc6f265f5b94a518f11d1e777cdf79ccae66a3dc63c43b21b58f1ef3c
hprc4_L100000_9083	147c8818cb3d1e51a9dfb146a07b43e15648dbad3d3d9da5ea694ced1e02e0cf
hprc4_L100000_9084	e9f57d9834b16906c531176afdc92220268ac446efb4bf3bbb7a27dc486e0736
hprc4_L100000_9085	fc122371f8a0d37fe7a0ea6e8a87b8376f0db7b0080dfb4348f506501dfd63b0
hprc4_L100000_9086	5d6642b6696ed723a9fb3799545a88830538248092514f65adba920424776428
hprc4_L100000_9087	ac5772f3ade6ce71b3390f6d9d86338fbb85678aa9229a138c723487fdd6074a
hprc4_L100000_9088	c6a7a78bbcc588f5eaf6f71b9508922bf9e9a789776b7a6211ed0a33dc854f03
hprc4_L100000_9089	bd852f67c78170f44ebdb968c4a94fd709396a9eef57319fbf60333ebb671c42
hprc4_L100000_9090	7dea506050978fe6d995e38ecec7b495ced8dc723362657ba252758219ee6f54
hprc4_L100000_9091	aafbb2a7375d0b84194bc00550d6e5c31612a407597fd6deb888297c3abe977d
hprc4_L100000_9092	0448beafb8eda16045e28a13f95b5b7482cc619eb9c740fb26be679e7bf2db8a
hprc4_L100000_9093	36b3825369c2eae8ba8fc5ed870d76e54f9abef85b0c5166952fda9874e0ae41
hprc4_L100000_9094	43798457d8cea9dc1c03e5ba32203c0d600a5505d3f7bb24cb4f33ca4fc3a242
hprc4_L100000_9095	a1b0a6dfb43d0ac57542eb9195ea19f7afeb105ca513972e60073b55007c8b49
hprc4_L100000_9096	d093e8afeef90ef100e1afce17b9be5eb2293758f6971ad4aeb036e89324e4ba
hprc4_L100000_9097	1774acb221f3ca8f2f2cc712a473df9ea24a3bb5edee4813e5bc2ef786fd20d1
hprc4_L100000_9098	73046f38dcc6fa2203cc319a02f1835c0e951317e7c3b367959e0591c5bf4f4a
hprc4_L100000_9099	1df79651764b78f7bf58665f3f2948e912dca3c7e4e9133cedba57b8e7ecc62b
hprc4_L100000_9100	16bc21e75168beafe840d655a84fc199eadc654500f4311ed53ad5ddb13af6a5
hprc4_L100000_9101	3aeb6a79fec49cfafcd401481cb5565da69a46434557bbef39d0f2952b9c6124
hprc4_L100000_9102	8f5115c6f15407d3e3b786b9c98343ae3a05da3cd29c2b6dd4870e2ab395cd7c
hprc4_L100000_9103	37c16ee2399994b70606fd02e87566c7bf9f58c518f0d5d887ce4a68b3a65e53
hprc4_L100000_9104	41bb514675f42fc782716e44e6bd0c2e35a5380ae905ffd99b6e9d988820c9e1
hprc4_L100000_9105	8f49402e6288f5aebb2e84db961e77e521334052c5917ea4376ad5135893e293
hprc4_L100000_9106	bd7c107303db4f3e8d69a5cb97ffa21aad96d94881b37dff0e0e9a932c3c32ea
hprc4_L100000_9107	78954173d2c023fa769533d5210ef351d213a77970da49499437eb5b245944da
hprc4_L100000_9108	9df91ad984dfa3d554a30b2ad958906a2bcd37e9ff47d18cf4d066154295b3e7
hprc4_L100000_9109	ae92942d7aa9ff3ae60ae763782a62c8efaa94fcc80e29a01d968f01bd76367c
hprc4_L100000_9110	59b9de92177e324fef903d49873fd2fa83bb1053fe9e15f66d47f732192003f9
hprc4_L100000_9111	87c115cd5ddec4cd9c1f4cb89b8da9d2772cc321e6107f065dba7d197966fc9f
hprc4_L100000_9112	4594534c004e954ddd010fbd9d89a5625bf6d0d4c4b37e93e3ae9ad52aebe53b
hprc4_L100000_9113	7ae97ff4099950d0fa7533d4bbcbad638fe4a47ebcb714f3800af3c340d599f7
hprc4_L100000_9114	7771cfcb8dcc6ffe8364daf7157f5ab14de68b3919199aab9a5135964173f098
hprc4_L100000_9115	9cb702e78be1fbdb402ca15282e9d6431d58bcc32d07b46c38fc440d1f5437d8
hprc4_L100000_9116	ecd17544ac87038b72ca6714e2cb09668799d56232c468902d25c798a7ca3c99
hprc4_L100000_9117	e174e619b46839dc7cb0d609892bfdd2eeacd2e6030cb4a66bdd8b439ca02615
hprc4_L100000_9118	e3363ecbdc17442d20f54139ec4f67142bad14200851aa6a24253de5dd59c99f
hprc4_L100000_9119	b45001833e150e697af2061eeebe7d8aa5e81b502ec4d1fe9ddde901de08d6ca
hprc4_L100000_9120	1e17a3bb8852e1bad7cd556aa2dab37fe5c1536a332f91d48ce8f6597d88df34
hprc4_L100000_9121	8b406ebb8eae08fc34697115bd1f90d084b89a96f5e76ad8e90ad841f85abf8d
hprc4_L100000_9122	8f3891d4d98dce82c6a329b7d561a4d8d430ad20b7cac6afc7806a9ff7dd0f59
hprc4_L100000_9123	150287be0d1f900def24f95e9d00205b824a5462ea5ce24fc7d6ae08c94daf1d
hprc4_L100000_9124	a6bafbf43faaaf3f02ab7e6ae050a3b4b7cb2c191ca16649bd329e9d67b0bf38
hprc4_L100000_9125	8a2fd0400a8fc4c4740c79519301e6dfe0b274ae4af7300e656142c791e74682
hprc4_L100000_9126	b518b607f3908a61e0bd3c4351541be1ae5876b0071b9ed87d46bf2274f34a4f
hprc4_L100000_9127	82b3cd3eb779047eec831c894d40234a770a2aff37e93e2df549cc3f5e5ba363
hprc4_L100000_9128	0caf6f2144e195496b42c4383b14aa641283f9a444daff35106e643eaa145739
hprc4_L100000_9129	2f4f8bc0a5c5c34976574c136475e6e4b9683402ad8fdd96f8445cbf2b97f982
hprc4_L100000_9130	99f8b4c16e0f55919cafab27d12a6b76092e8d2a352ce083bced479b1d381df9
hprc4_L100000_9131	5feb96e6571121e3b581ce0cf450b5010f56d49b29e14623215ba40c0ae3223c
hprc4_L100000_9132	66c59a21ed8d8a8702318b00964703bad02c1408bd02d9558aa5898d76fb11c1
hprc4_L100000_9133	e672d574a701fe8e72939fbcb9bcbc88556cc495edcd00701995c78ed0713513
hprc4_L100000_9134	c9f484ec7e4c94da691e61bc841d670f10f6b4370c21de9939bd650935c3090b
hprc4_L100000_9135	f3a704e6ff6469d5027ca87778648addfe4ddcde4351536199a238d66cf3d728
hprc4_L100000_9136	b5bb006f8a514958ef9c822db0ae1e9a36b91ac9cd279519d3a4f22ce78ce16d
hprc4_L100000_9137	b953605070abf2d7ec6dfc0432363c8a4f2f0a01eb683fe23b454f9494e575bf
hprc4_L100000_9138	c894445993fb09b048533c378ee0902b0049c3d82a0a9d5e8d002fe64bdad02b
hprc4_L100000_9139	d27fe55975696271767321385bc3c37964b04776bdab6cf84b09253574a98657
hprc4_L100000_9140	551729d871d3e602729240dcc0ecfdd9d86b8e5d636f0f22780602e17caa12b1
hprc4_L100000_9141	9a7b66b5dc85f4c25235e287529e5c449ee9506a6c32c5c7efc94ecd9ccaefb6
hprc4_L100000_9142	22b8f0f4f7770180ad2a3b3ad3071ee85d674a9f4a7982681d4c6b11794e2657
hprc4_L100000_9143	f554726f82e7df6033ef1bffff8e72da2a26470725fd779d91a052d9c35cc530
hprc4_L100000_9144	fff844fde4034a51aa498fa912cb2d38e1255404e5e7eef00112e7b26a3beee3
hprc4_L100000_9145	ce0dbcce0bca684779f06c0a5bc1fbeb53a58a9041dffc7a97c95fc5cbc038b8
hprc4_L100000_9146	1e5c783e98ab7f2df8fd354c7b649e6d01bbaaa0957ec104546f8ec39b3e8314
hprc4_L100000_9147	75d5d60e3fecf2649627dbf0b16a916372fb2d30a709c5fc056a5827055b9645
hprc4_L100000_9148	694132d5c77524fd3a1fab95974ec37af5e184d17f0ba2ab8036322c54341e59
hprc4_L100000_9149	512cc264448f2452c02f9647cf53ed5c04cdd2f63c6705a2f9e83e0fc23ef88b
hprc4_L100000_9150	140357d29f5650fee705236eddf0e72880a4c30cc832625c36533d708de50847
hprc4_L100000_9151	3c690f633bad537d819b2410e3f94548356f516c7d4fe5154376574c8f11107c
hprc4_L100000_9152	f69ed0b8d801815a7dba46d4a08ebb5835a1eb1fe22e08ec6acf0235cd483e39
hprc4_L100000_9153	0fca9d49c32a519f78a9118f3c4b480a52cfddda9f4e723906763214dd325d04
hprc4_L100000_9154	4f9de5bea659fa78103c80e4487a86a959591c4e7f03bbc8a6954e946d6f20fe
hprc4_L100000_9155	2388d64d953c7be017cb49ff9dcea34318061d6bbb7029944c8d431399682324
hprc4_L100000_9156	51f468928ce53cbad3747f2a8b69d9d80c2f75ed22a310c8b5f1f7cf6620932f
hprc4_L100000_9157	65197741b1d189bad65328adf33535bb5c48afa4861757f38a31d762fcba687a
hprc4_L100000_9158	30d43cbf2c488303da0d20c3c779502eb6c40e930a1d24419b514a36b519a72f
hprc4_L100000_9159	546d3abdf7d15a4c16bf6d212f7642cadb01e086e6c436d569aef7bd7ec0114b
hprc4_L100000_9160	b387953ac27917e77df8744e6001614bae2e715f4d75bfcaf7b5a517f47747c9
hprc4_L100000_9161	fa8faf28e0bff9bee0773dd14fff06e338a5bb7f750dc9e1a67c29e112792262
hprc4_L100000_9162	8c5b682987c774436a193534336ad1dbd0e963428179a92bb879024061cf3dec
hprc4_L100000_9163	535a5c2fff2ecd1a0b2830baf5808042fc43400f048c61b87413cd4881b412b1
hprc4_L100000_9164	08dcbdc59fed50ca11b0ce9949ccefa0e544e234c13f8af248d2a739121a8ff9
hprc4_L100000_9165	ec0ae7fb3efc728dd0c506bec906c8aa0d9a91210ae26990cdaaaef18083ef8f
hprc4_L100000_9166	a4acf8c881d7af9a06bd453e29e3d8f277345e8704f22a76e6d93b367d467dc7
hprc4_L100000_9167	74040db32be7a64cf682ce7cdeff3ac5cc39b9abb6641b0a6283167bb1b44f87
hprc4_L100000_9168	38eb967996eabb5577275cf1e5f35ef8e3b91a1c98443988aa55c8ba8091851e
hprc4_L100000_9169	091afaa4e0b56cf5b9175777ab139c7d4d9578d5fe51bd532bca17f022e2db09
hprc4_L100000_9170	8eaabb71c24fa0ca0422338567bf60a38f936544cd4cd25a05ae1b4df75584ac
hprc4_L100000_9171	70f1af4456e2737a80b88791442ea1761d0efa0eb5351de52a10bc8a1bea24c0
hprc4_L100000_9172	b5c579dd4d6bc4bf490574a037e6f06aad35f9bdf0142075160749e9c01024d5
hprc4_L100000_9173	9d0dcfb3c36e4803a6679cfc5836530ff9334e27238562956a7c9cab2ad4ec8d
hprc4_L100000_9174	59c21d95c2b7d54530ac47b878d5940de3be8da930e8f17f9d57c74f9584f9b4
hprc4_L100000_9175	53c493a6fb9c872aa827a82300f09171975a53a4370d88cf5ec5e5dc41476de3
hprc4_L100000_9176	9c4e818a97bb35d482c22794c4958cbeb1f0e8134fa0f62fa4308cc7009d620c
hprc4_L100000_9177	b6e9b86a06504bb19072ebe717fe5f1969a7def11f75c8fe2dce1ea140fa0eb1
hprc4_L100000_9178	71b5ddb2138214f9c1928035c2928f4e68ef6a40e0d5e901239636863ec59a8d
hprc4_L100000_9179	d73975bf03f92ebad7dc5b83c756c5c4a4bf820ec7274b4e5ce92283fbffdeeb
hprc4_L100000_9180	144488321d81a4ea07bbd89412795669a1fc27957fa2e5dd0a927562d5d67407
hprc4_L100000_9181	d32fb795c5936f0589626d4742ec2ca511a9a3d5f081c9b1309c1991c747ed8c
hprc4_L100000_9182	8a18707b11e80a2dc6dfc2a0222d74d2c9b0bf7e52f703e407f73c211a3d0f2a
hprc4_L100000_9183	6f6b94094e87cf2bfc94bea135a909633d5af193a088f911b45db961763b2646
hprc4_L100000_9184	7ca0877c39f88dac12f268a66f3d392589a6fbe23c8bc3d5d4412b9231827db2
hprc4_L100000_9185	fe890cf5ebfccb9068faa9624d44428e7781b0a388ae38ac7ebffe15b8287284
hprc4_L100000_9186	6e3b9d46c476ea3670f5e8831334d1a20d6c3d8d2a3bac819df6be476d3ca179
hprc4_L100000_9187	a4df86bc1e3df5112c11f7ef8f1d2190ff7f38ac4562589977cde2981adf8acc
hprc4_L100000_9188	e3102162c954a271325c36d98ce2c5570322e7e1dc385ec0f87648abf957c9bf
hprc4_L100000_9189	34a62ef5a80cfd300a5afece5fa5363c277f7cc4cf84e0d3097b43b79a2f7a19
hprc4_L100000_9190	c9c7aaad4e61790ac7b3751bcc4a50c30d3532007c09c5dd855bb0ce004d3091
hprc4_L100000_9191	2537ed622b7655c1110d3bf020fc62f3140663d51bbad0ce83ad5be115841b05
hprc4_L100000_9192	053a2fe6e9b661f9a9e2edd505ea9bf55b706a4fb3e85e7da26db9ff7a0d24b8
hprc4_L100000_9193	e38abf489249d053be3934dd1ca520c343e4da582cf1d8519f7fb874ed2f7a77
hprc4_L100000_9194	57eb2f2b2dbbbc3c7a687e869a86498f391788985ad34d6a5d872dccf04856d5
hprc4_L100000_9195	4bf8b65fbcc0529482b75cbc745c8873068ced942cd4ed29e0fd908bd969d46e
hprc4_L100000_9196	98fa343eb9e28b064d43f7d8cc93fbdbdb970612261569f0322f0b5d9456b51c
hprc4_L100000_9197	45b92c2faaf6f08ed5397aa3f2cf1f069a5ea74c1e75453ea72034848b6233f1
hprc4_L100000_9198	ab69101391c4434930e20309922947ea9ce5afb72ef21173c91a0bbed9e38154
hprc4_L100000_9199	f0af2771521673abdac0f943b72d09b76d1529bb0ea752f8aecf2e8bbad0f915
hprc4_L100000_9200	4c08824458af39ca02ba212a3020c3e0aa74623949d3a433ed661f2a2e074530
hprc4_L100000_9201	47a02c8c4d5a2167ee389435073c403089992afac57ee8789d3e2e89d765a4ef
hprc4_L100000_9202	f3e49ef3eef90b693cd8a12d0271a5ef056e063dfbb78f19855a22041437ccea
hprc4_L100000_9203	d3a80323290838aecd29be5c056a6e49c491332f84476633b56854c5da7d5371
hprc4_L100000_9204	a5a50a2bc33a2fd39416a909f15f5d1ad1fee930753c801b7146293f29a6cc38
hprc4_L100000_9205	f86c2e35b44592edd608814d5ff09ac3d5787a0cd9880080bdad8b7f30205a73
hprc4_L100000_9206	a2880e865a02bf8ef79f3d1524e915e91ab198cb096609154bccf0b51b007fb6
hprc4_L100000_9207	93672f2c341d20de26f95bf9ae8e61926a1a35071550a23fe24b28851687717c
hprc4_L100000_9208	c9b35feace6dc514c8a3a1019b566c3e5184f38bbb1490dfcf44da1e56b7cff1
hprc4_L100000_9209	ec9e133216b60e4ca228d04bfd84c3f65d00104c972f936f1e05dc49b6beef2c
hprc4_L100000_9210	10912c12822a6d2d3655defb1e56e5aafd9ebd8df8b5b3644ef39c49d6ccb9d2
hprc4_L100000_9211	a1d874f5421d8c2ede3b1bf7bb473cb9654323ff425e79cc55042541e98c3946
hprc4_L100000_9212	90a141de73f58e35f77c8fae39626474d50b946fd1845061da08b3fa31b2f59d
hprc4_L100000_9213	a8d5e1c2c2ea6adab30184edd048ff99e81b35d7e3f422334cac552a255670e4
hprc4_L100000_9214	0250f0e60256288820656184e64d006998961c6768c6a49d1558f2e357aff099
hprc4_L100000_9215	6a9122a992d129030de6b1e03a1508b7e1008dc5e8acb1d59373ec2d53036fdc
hprc4_L100000_9216	a7347af1952ea26722e60ceea1a3bcc1b544412e630ee4a1b8d1cecc4ae22409
hprc4_L100000_9217	a5f63367fcec7ebae8498e98bf8501706ea07e20ebac8c00d76213e9c8a8981a
hprc4_L100000_9218	1521c9efcbd2beb391b1ca28799ea756f44bd47259e21b9e2d29566a74d4e19d
hprc4_L100000_9219	c99c1432fd1251a331a1319e61e2e1907103784f6d66117cbf9f3b1ecb2b2821
hprc4_L100000_9220	f897fe484fd8417e2d912f3569ac5b68bf8c0f17ec56e08110f3e9bfedbdf796
hprc4_L100000_9221	ca89ad9a4e0fd7cfdfb93a536032b9e5483db26d6ca8f5244f739ce410623de6
hprc4_L100000_9222	524dd175203becd0a22b5512899032adcd054320b76b6be19148f008048d8da6
hprc4_L100000_9223	ad248275d7479304562e33d5ee3f79a4af7091070cc85d9e0604db20648651d6
hprc4_L100000_9224	c379214f4de802ad488a3f155488abab2c53f18748d3a9579b806024fd43fe25
hprc4_L100000_9225	fdc9bbf2a3ca223d04c10709a600ba6d559c369e722f62bbdc6144856012b3fe
hprc4_L100000_9226	eb78fba3b6d5c810a4634be4913595d6fe16346cfee4ee3414ef1db861a68ec9
hprc4_L100000_9227	61fc3cc95dbc06e089eddfcea214874471c8aff748ffdf257cfddd81981e5122
hprc4_L100000_9228	e13e406cda1c1266623d73360298762c4a623aae346f5772785665697c0c0416
hprc4_L100000_9229	919b48e31d453486d944f9b0b02653b39a27b8f529f8ac3eb128f048c9dec529
hprc4_L100000_9230	bffc81c2843212b7e3fdad07600228de1dcaa68137c75a68dc6c83777d6dc4dc
hprc4_L100000_9231	9482569a10039ce0d341b69a844fa4febd8fd8c8fc0203a71bc098f760a75081
hprc4_L100000_9232	b80d0939173d6acbc5d355565d0c0a7fe49788444286f94d34a08a4fdc7d9e07
hprc4_L100000_9233	d9f5c5172c61c70849c3e79111ae7843e08e5ebba4e93ffe3d6c06caab6159ae
hprc4_L100000_9234	67ebf32b488723d43b184ca004db381b2b0bdbc9d32152de2a3e8e3084beae82
hprc4_L100000_9235	54f681254ce95e37dc6a1bdbc3b97651e98f830f79474755ba97915f87d715a3
hprc4_L100000_9236	16c4879bf67af225a872c4aeb8ebba6de60f8a9af58ca3405344161693b3081e
hprc4_L100000_9237	e51bcfbfa11cae6629ff46def5f83d482b08e22595d6707211c72ad3147153b3
hprc4_L100000_9238	0ba5b9d83217acaefe2ddc551c19073a2bb30291906a90d6773b41d2327f065f
hprc4_L100000_9239	375cdae8e6b59750bdcd5e3fd224d4c4d1c2ec13768c4e3fb3c36b6a8dd30e30
hprc4_L100000_9240	85a6c5dc0de8d1499f3224a5494b03ac0e275846b0886e4b567610012a37c2b2
hprc4_L100000_9241	e1436fc9e47205fd3f17de729e874dce9fa83234c00b7e20ed9806ad8c2f5886
hprc4_L100000_9242	2e26086352fac259e92304a81b352fb42f17eccf5ca991fe3339084e03de9e62
hprc4_L100000_9243	32aa730844e9c98be31fc825bc6297f1412520a49a8ce06c6b6004f643c0bbce
hprc4_L100000_9244	9491ec70c375fe7bd17467c26745e63783b20f81efc74b6a65571950e7053ab2
hprc4_L100000_9245	fcbcae7cbb1e904e64dd2c813d8e784134810aa93fe31be08c0a205adb19bba2
hprc4_L100000_9246	f17d913ae3e7581f2cbbff90ef1067e32d0fc5928bae438884c0a3e058f751fd
hprc4_L100000_9247	992e7a43e1a1655019396f409c2da19910068c504e1cfeceb7791b5e79acb252
hprc4_L100000_9248	31f72fa69d2ea5eee099fe545b51d2f1176e24c0033f84dee323d696850d631f
hprc4_L100000_9249	37f387b783099e8a11caf1e712e359c68cd3a43ba1172be1ae47d588f8d98f03
hprc4_L100000_9250	dbd4e6c96ec5c867d097c5463544db08e57115906bb2ce3b1a45f06cc1106c74
hprc4_L100000_9251	3571cc02a033ab76bb94babc070111f0086f620525051e32c522aa1e4d659545
hprc4_L100000_9252	e17ef83b2166f9276f48440a5dc6eab77cb23c8d7d4aab892696b6345b89fab8
hprc4_L100000_9253	5c95e57e5118a2c5b2556148e5d640f30caaa0f5cafa938aa7aff07db737e386
hprc4_L100000_9254	24f0afd0bc08031858ba1edbbe2c9c30ec1481aaa50c560c6ed59d9f4b87516a
hprc4_L100000_9255	06f5dd48b13da8046fdb3509ec67404c308950f6d14cd2f947d8d40294d07410
hprc4_L100000_9256	509f65758495a30749e70b45706b4a26f8ef09fa0ca5f1e2ed6d49c1e0328ba9
hprc4_L100000_9257	fc97f66eaba6941429c6ebca49667be0f1dee64c57304fe38ad2874f757367f7
hprc4_L100000_9258	4ed019081adb24657c013f0c9ef5bf67e049e16b69dc0fa1bbf17d1d7f4c19d9
hprc4_L100000_9259	c545fb63258f2d05b16742d71ba6268b7cd505ba21f3b738624e298683a0e9e2
hprc4_L100000_9260	9a1472cf32d1c7c7b716bc5a114f80140d3ffffb70f3866f13cd58396f6356a6
hprc4_L100000_9261	4f9dc2eb7b4148afefe6a851f914fc4ae37442638e53173187f996f18a79ab19
hprc4_L100000_9262	775a3bd2d13bc776e69deaa444a8e3a9e3e482e1a52511ce9c545c8d036d2445
hprc4_L100000_9263	3776aeb37d73a7910ceadb56d357e72c9e1e33e012ba9dac0849343154866073
hprc4_L100000_9264	a2e1d3c227edb19b3c6359f3a6a6725fbde6a53bf945a811249a759829acee91
hprc4_L100000_9265	8bd485c88a4df0e317f50738ffbb11d10317b59c5f785efb5fa70a00b4346cf7
hprc4_L100000_9266	e16d59eedb3cd46e2a5ecd49a379247e8d86ed9b9539ad114457002c817cedba
hprc4_L100000_9267	ddde4ad4ab18a10142232b29f8a969d2314a6a554668334d4d247b3ddbf7962f
hprc4_L100000_9268	b1b228678414ece8b51141fe8e3be6b299017386e315e138587b7b12129e7830
hprc4_L100000_9269	921d5a98858bfb321f0a79d384aef157c21f4250dbb5516d2295c2a69a2f5a7b
hprc4_L100000_9270	0a7ac8e2ae3971b9766ad6ae35b3cbe4081ffbcca459c6d1d3c9d0ed9289b0c7
hprc4_L100000_9271	1ed2252a7d061d05bd0f411e31eed4c36c084ba1adf4966a8994500d2dd5d291
hprc4_L100000_9272	1fdd1cce408938c4ff66434da399f89692d7942690ea03ebda96237825c75669
hprc4_L100000_9273	b36a4bde01e050ed09b280dad01d931318c39556f3fc2dbfa124ce7be624dae5
hprc4_L100000_9274	e5cfc9001a8be0fd759c60995af99045f293a264fcfbd45519b9848ee144405a
hprc4_L100000_9275	4f623bb31c23128e4ca3b128861d3a999de0f73563bea8eab9041453e5078143
hprc4_L100000_9276	db3aa0d78c1582427fc1d5681bd20bedb2963f4c5ea3db660ac1ab5559800120
hprc4_L100000_9277	6771e23a2e75e3e5dc6bcf3bc7e37d395abd59fefbdbe1a1c4ea5a0393b0b787
hprc4_L100000_9278	b6a6b43bc8bf9141b5fa2311d7c56df808ad6dbdd719fcdeda37a6cc47371102
hprc4_L100000_9279	7cda8367c677d07513ac6b7eb159afd0cf146fdb9bdc73e16dc8456ecf6d46ea
hprc4_L100000_9280	f66f754435be9e6e482781b7d6acc545ea27e00b7a671f712975c12d4cacaa50
hprc4_L100000_9281	a42394ee71d0d80cc82adc970e2c7cae03f593c4c15f38b1c361003feabdcd94
hprc4_L100000_9282	4f03484644403880eb788ba7d1d43f6666d33d63943d2814f915b95ed2735e23
hprc4_L100000_9283	4ff8d69a3ce55a24243027ffa244aafcfeba7f866384ebd0c3e067f076278fa1
hprc4_L100000_9284	a70761d481b27da1875b2e80947811afb6790ae50e1036168adf05d287a8e11c
hprc4_L100000_9285	3be67c937ae30f057c0c476a311075ee4c3b02b6490cd4df89d9b744a626b4b7
hprc4_L100000_9286	696e5ea784182e14790d7267c75118e05ca36b225f31bd26fe40e38897319e7b
hprc4_L100000_9287	1160d74c471ff2e8515c04529d4f54780366de4083d4fba229ae420f6c001183
hprc4_L100000_9288	df20abff45e5ec8c840845bb46c322a8a00e10dc5ab332cb2eef0bca2dc141fc
hprc4_L100000_9289	421ab7a0d3002b62b0f6e81ef27a39a783d7f68b872123e5d4963350d34f4b64
hprc4_L100000_9290	b52de191a980d042caeb56c74fb614a3f2ce64883c4f6c8a3505361206678a05
hprc4_L100000_9291	78b1c55427199f37360e1c4a95065b7c6b124e6c71b05992b84028451bd4fb40
hprc4_L100000_9292	f3e4764ea05dcd2bfefe8b9bf04a766a41f91022bfe77ee3b83d33556997f51a
hprc4_L100000_9293	b08d835c43962aa963c5dd384908350accb2349be27acc9e5945ffc9dfa1101f
hprc4_L100000_9294	60f0089d8acf46875a5f969decf719924a78c2a508424e39c5086dc87f75d4d0
hprc4_L100000_9295	ac7c90a5bbf4044355464537483fad949df6ba1d31116a05448739c0390f5493
hprc4_L100000_9296	990b8141058e2d6f413cd6caa90c9aa3e456cb687f9f84d1e1202d68dab0e491
hprc4_L100000_9297	a42c53f48ed7c5eb7df580ce604a4c9f539526301f01a823a475ba8253761a1d
hprc4_L100000_9298	3d2007403dc7dca1b744e500dfe5b9f399bceb180702aa57f5dc34d9564fb947
hprc4_L100000_9299	52d0fac002abadd4ab55c59eaef0d5ae3aca0522943ef22bf6d64bb238709da0
hprc4_L100000_9300	bbb4823126114bf8441eda53d07c9839b15a40928d7067d2d7a0677dd902d0cc
hprc4_L100000_9301	3d760ecab2efda5afece24bee3227b069ba97f94a05eb91d540d4174b4f458b4
hprc4_L100000_9302	b3bb33e94ea8b294493d4b535dc26dfd379b3ec751d0bd157ab94e414d1968e9
hprc4_L100000_9303	d0588d533a81d20ade866a371605a1b73cf422c196413459741069e0c0f4cd59
hprc4_L100000_9304	72a963bb713d81d47c51e82fdc2308736c7d49b468c8d7006660c7f17c0349d2
hprc4_L100000_9305	f9abea703dfa436d5fc9647e1f41bfa2af75a25273a806cd4f3de2003161d1f8
hprc4_L100000_9306	24645308982453db96551e371d73abcdcc16d38163df3f777f31470a43b5fd55
hprc4_L100000_9307	34923276db741aab77779baa7a374f70562a1746ad496efe20d7fc6e99bb2a95
hprc4_L100000_9308	e9e13ea82cdb178a37187c042f8160e179e568b01dc572c8ef79dfae4eab12b3
hprc4_L100000_9309	516947c3452c1c060c878a82970fd9227e3baf52350ae463388c21abc22563fa
hprc4_L100000_9310	bd9b1e9e4087ba5a80c712b4a4fb6a2344b7d3cadfd3d7eb4f62641df112f6a2
hprc4_L100000_9311	b664fab5b1c51ec33d2aef8c2c069c8105f2158cf597d5d820bb2e22dd3ad337
hprc4_L100000_9312	addb4e2e4381620c27e7b37d42bd5617adf4c5f2a1054a071c03ec8965774cd5
hprc4_L100000_9313	f3aa2b21ac79ec3db0a190c70f93faee341ba441c228047c78377aca54b77d15
hprc4_L100000_9314	7f485f64edabd55660ab47ccdb77054d26b393a8fe3fb6a403fecf994f42052a
hprc4_L100000_9315	296706d5a5d9c611daabdbd7864f173d8ca5c95f593c0504e5dee29338034e4d
hprc4_L100000_9316	da18c609390843d67971a431f6e54083cc3c81e54ec84c15d0e1ebdaf03bfa47
hprc4_L100000_9317	457d05271d81a5c3d06589444265e2d24ee4bc1d9ec3bb8817967a48d8430ef1
hprc4_L100000_9318	f432c6a181e6acf4ea88ea364ee5c189f9bfd0902632844c621269d9414ae4eb
hprc4_L100000_9319	a58af5d6243dd6567cf089d6d0052e5a48032303d887dce414549eb2fc84560a
hprc4_L100000_9320	f103faa2cf1fe5f7166a527f461dd5b51c3dab9d1a927af851d9694e5ce9079f
hprc4_L100000_9321	3caf58cd747eccc45d7aead5673277a9f20b31b4e93a9a6f2241c8d5c6dc13fd
hprc4_L100000_9322	0c40cf1f78e5102e6489a95f67701f8487bdf3c10567e6aa81e7761e05838aea
hprc4_L100000_9323	103cc33ad4055ba767303020caf95fdd6839f710128657792e0f81a76ec86f70
hprc4_L100000_9324	782eae263168ba9c72fece9ddf658b6adb72a01fda22550cac0b11bb79691305
hprc4_L100000_9325	2db3463f54afd3de0d49e4903b6bbc0fa85581b9d951562756f51cb78a77f520
hprc4_L100000_9326	f528de07affc14c355049e58bbf1f363a83e465bb9b2329f6170f27139492849
hprc4_L100000_9327	11d49117e28bbc0ac70368918e0800697a010cbf13e4cab5888e9607f14c39e4
hprc4_L100000_9328	9d70148d5a4bc3e2f0a04239812de793606dc22361a8ff9288452dd049c094a8
hprc4_L100000_9329	023d662820cb1e86a2229e238cbcf89fbd6d9127ee1183350d10d6c8d0c84e4f
hprc4_L100000_9330	3e2b424bfb41967fc66cec8d7d0500db1bebeb687d38285e97e3c84f444f83cf
hprc4_L100000_9331	52865469496d1a6242139c2cf3a159e437f3b56ad4a4ab78b97b7ec7eceefa39
hprc4_L100000_9332	75de14fed93186cbbe95f855d8bed1f73fe3561483297b6bc95843aee10dc530
hprc4_L100000_9333	54512fb8c3c0062d65aeb6e77cf234260d4326b899aa53243a9c483ab71a449d
hprc4_L100000_9334	022253e62047e19bd839df52d841a3cf872d38ed2d401901917d71bdbc01ae27
hprc4_L100000_9335	42d03b7a13e59a6738a27544523dc6033b55f96d40435d00269b4ad2e8a15e0b
hprc4_L100000_9336	8ce36ac739bfc4adec239347e29ad3151dba6067b2aee8879d523cfbd3b92dfd
hprc4_L100000_9337	f1987fb7d6baba0b84c65a9b3847982575a567a117230d4c5bab79c4285a443b
hprc4_L100000_9338	ba654a55a83433b194f6dcaec04c7f909453dcdf8f0c403a79a1fba35129d415
hprc4_L100000_9339	87db8bbde40c72de602ed17ca765a67798fe6d95f9d2cd0b8408fe2f98fcabcf
hprc4_L100000_9340	aa4f8f6815e00c7e3b2bccc0f83199c0e06689b7425fa7b08e19eab09e0d8a48
hprc4_L100000_9341	64f95f4fe25b55d41bbfc325a9c3a95e67546bd2bf65ce4417444acac466bb7c
hprc4_L100000_9342	396bbad88a5f106e9172bcb969f32da3dae65404ef0fca2a981a7befb1f0cb52
hprc4_L100000_9343	abd5ab285de0e7c2793a3c4c09858e734c00112f474646861308be8c009d6bd5
hprc4_L100000_9344	5803b1a60386c103a9249cb34f85d32963710a875e94d4d003798ed8c59b2ca3
hprc4_L100000_9345	caf08db949f9c8a0168006ebc663e22b4562c9e4db7a7210127201bc550a0fab
hprc4_L100000_9346	4901df98d2375fa8c8f95e94fcab1718169ccec36b436092fc101bf54ce49322
hprc4_L100000_9347	201e49941f8e74e6fc8d66aa8bcf768d7122ab16e78188656f29a73e9352f834
hprc4_L100000_9348	7e443fc81f3490328d01ad41e738de0fc500b8fc5a86b6f69b355e2b5a9cf8a1
hprc4_L100000_9349	4deec0e34718f6e056b97bd1b83bb21c9fa4d35c7017b15cc59ffd716c11ff24
hprc4_L100000_9350	222a7a9e2d474d57a54e77c439dd8d6642dca568a63b12543adf989a2cbdfa6e
hprc4_L100000_9351	118dd397c413a3663cbff63421a1769c620cbd33513cc93a367f01a1ed789f3a
hprc4_L100000_9352	65766b6751d10fb5392933d6c06b6393dc1af6b85b9afb600954c3b149590e88
hprc4_L100000_9353	46231fee17017d3f9ba25fa820e21428b079c490b4351ffbc711febaa3ce0ef4
hprc4_L100000_9354	05da7cb01b8f6364292f7e4be0da010d9d595b0efd20b179dfa5149ce3d8cd8c
hprc4_L100000_9355	53592d49122652704dd0f484b0f1b2977f26b0a09719e82c97ec71dc53c56878
hprc4_L100000_9356	fad00a58da837d5f11bb580d26722c4128895eed80fa0afe2e2b22b7a4353f80
hprc4_L100000_9357	c96c0b7ef6f79500ad291657ed958f6894afd5f58dd6ef7cc26b7aef825aac9e
hprc4_L100000_9358	da45e5b76a8428bd86bd7399de431c8ad192a5a34182c0c40a238f808d430e29
hprc4_L100000_9359	4a690d3e6fa76f26506756be3803bf3627a6b463f2a6ac3b9fabef6f34cb6a77
hprc4_L100000_9360	593a7e0286b24b2ea43755c002fe0f32df36eda7df85fabd78dde467e5780c35
hprc4_L100000_9361	ce04ea580e5530af053668970835df988020c109c1f499bfe28f4f500acb7ebe
hprc4_L100000_9362	5fd898defabb2d11184e9a57bf57c330ce2e5a85bca8371737ac2df532e130ad
hprc4_L100000_9363	a4bd12b612fbecab68553c0d5fc5848e8156106745254bad9a84bb57348893ad
hprc4_L100000_9364	92a2d6226c8a9d194e5f8ef07f0cd7d67691930df5f16487e1ca3e953d4aa949
hprc4_L100000_9365	4088549d6e6d746c3456182e0c7d5da8dad86a169b0cf4aab3f2c3ee5f39d1b4
hprc4_L100000_9366	d0232e533745c17d0a60ad0f609d2a989ac53f86c06027629057e8556c51b837
hprc4_L100000_9367	04ea32b222edbc8cb881e8b3769bfe730773a287dbf7536530572bb3b8112db5
hprc4_L100000_9368	e338115de5456b4233dfbdc790c4dae0f3af48d3c943c827346b90e0a66ae777
hprc4_L100000_9369	47afb284eee82f9cc7bd7461d91eb14a2d396b56b2961ff14ec094f5f4e48ce1
hprc4_L100000_9370	ff6bd4697343ecf365690ca38822bd162f41929d962a6a01e8f6905c5ca1f838
hprc4_L100000_9371	6a5a942b5188c5ae727c42f53987dd163d503feed41ab07f7698d5cfdf3210f4
hprc4_L100000_9372	dc220ce28f917800afe33e6f9d6a08ed0af13cdbff43379b2ccd6aba487fbd19
hprc4_L100000_9373	cb69bba70749da379fd9d93af387c036be693e80f17758b29d0ad25037988bf4
hprc4_L100000_9374	08518643b4cf8b1e437dbe0fd2c9dd7833e46dc1526d13399f81ed968fe041ec
hprc4_L100000_9375	ca65b30e79ac0f161620e76c6c4c57a19ffd30142d113b591962202822f7c2d4
hprc4_L100000_9376	0430880b087ecfbd841ec045dbfc47d1f967409c0c94311ecdb4bc64a2521f94
hprc4_L100000_9377	1906592badc0c7a32d78e0025433ce585e6a461cf60814109d4adca849dafc55
hprc4_L100000_9378	077af6c78f7065d4a2dc965eece26acac9956cd13bbb7bf341ee2b186a036773
hprc4_L100000_9379	4eb88ebf9e1e03c961d81dad18d99e04a18042a03a96994181cfcc5ff6abdfcc
hprc4_L100000_9380	c43828e777054d0f07ee5c68d68832954527b0da4ace8d6834ea11de09d45f15
hprc4_L100000_9381	1d0b6d47ed00c717ca5e46890fca1d95cd438a4aefe8616011d4c297457228a5
hprc4_L100000_9382	578f33a1df2e9535beb801390937d59ace62d9e0f84874d11341c8c1eba4183d
hprc4_L100000_9383	b763931eee2d8edf62e85d18a20b38fec7e95f92cd690f7db5d7ec04f8871c57
hprc4_L100000_9384	22bd118adbdb19bbcad238d7cd90bdd3aa2e2814a25f79d02a8e088ae67ab595
hprc4_L100000_9385	db8249152e1482fd57bc10b6186807bd9b748aebc2896299b032562b996e60d7
hprc4_L100000_9386	0ccd91c84d54c84c25713f6840e41789e610fa2f92b2b7fccad849960b89c487
hprc4_L100000_9387	b1c7a85262c6abc2079c4fe0484abbc938d845ecc801987169638df8dcd17fb8
hprc4_L100000_9388	8b7449313475075560394201903e73d8ee896f498383e9720d71d956c62d3a7a
hprc4_L100000_9389	4cd8773364ed3694d44a22ac4d11bad9baee202763427b71fceba79877ad0068
hprc4_L100000_9390	eff27bf7cb085b29a7bd0329407156b1a8036b6d937c0b5f4d91701077ad9882
hprc4_L100000_9391	7f65118d2838ee14a642be194deb3369dd1816129a06d3611aa338ae5da9e0bc
hprc4_L100000_9392	bc0bbee786091de6af4382405950ec0a0c73b2bca852ce10f040785f2d517a10
hprc4_L100000_9393	017b24aee02924637c19ec075218cdeb8161f3fdb918a66f53ee7d4de3bd210d
hprc4_L100000_9394	ee24a1b8d0e921bad31973a6402e1fb9b402508cafdb79fda1f182143b8e8f7f
hprc4_L100000_9395	e924fb2246bbab65fca97e5ac2e9570a8af2b9a4f278f0211c72308f8d22d487
hprc4_L100000_9396	79fe19307a7bd17f1863b7934c566fb20227251f99b801c2dd0b12ee24f98333
hprc4_L100000_9397	b11e9539654e94c6a96c892e07d357ba3768d25206c8eb58d2f163d8dac1ddb8
hprc4_L100000_9398	b468e9faae10a562d76537894cdf0a69eedf1ff1451c22aaa40b302420266b2b
hprc4_L100000_9399	c037014fcaa51ec3fcf267b1278e36d8c3a7d3b7a98611ba95dbd590f6bc784f
hprc4_L100000_9400	a64ac999ee9b8e7891ebe40d01d5bd834ad3d3fd848658944134577a4228ca0f
hprc4_L100000_9401	0f03e64124027c9a919afc40f0ee68b205552ff22204116d09b6ae8e509749c5
hprc4_L100000_9402	435fcfda4a327a8bef77065effee5463f85b901a0df464bb9a127e794b69b7df
hprc4_L100000_9403	cc36da36b507323144b91e34c876f4b0b1aa9f5fd5df2a39b0bf717d73622fa8
hprc4_L100000_9404	0d149cf437f7365b0cc99942880c440b797b242562d2393952ff7d4093038e85
hprc4_L100000_9405	fcaadc69009c4b9f026cbaab9c82d3e9e83d194e971d040f2c5936c298488c4d
hprc4_L100000_9406	6187c9f7e4f72fad991c6946b8c5f4cbf37aa329a72574fe95412ffc6c69138a
hprc4_L100000_9407	3d8ffa383d83f9847400a9ae69866e8ed5dfe3f94a0166a83cadf3fbfef820ac
hprc4_L100000_9408	e2951131f9f67fc3fc6b396c6bbe6ea4918e411d3d22235d4cfbeb328aa26f2a
hprc4_L100000_9409	2e64f49e8c3a85535fe5421d17bc5fd72b7e4b2c14cfd21dac0e0c3860d05693
hprc4_L100000_9410	057f0953e9512fdf5914e14970abbc1862f8f38da5c4739c63ad4624793b78cd
hprc4_L100000_9411	cab54cd271ac64b6a6d26415b2c56c5a92a335096af39898eeec26a6957bdbf2
hprc4_L100000_9412	10974596efca8e77edc4ee3930602217e80922dd29654138631063eee751c42d
hprc4_L100000_9413	1905c1cacf638964c68334e7ae25e948647febeac43a63e2bdfb718cbb80e3b6
hprc4_L100000_9414	d71603b3d851d70860536c297cefb0a98042abcff77b6e123a3b20f940c6c034
hprc4_L100000_9415	a41adbc57bfd96daf1d55b205796acb80975e3758893f90899c57a8b4cd5d010
hprc4_L100000_9416	6d4831b5a5f706d26f6c649d20d4a8b06df458fa6f49b1c2264553df25456dc9
hprc4_L100000_9417	7c863c265f0e0d41a20ad02c7aff44cac333af4322d6dc972797cc89604ab949
hprc4_L100000_9418	767d401fa5d4c94d2f82d1d6483a81313da1b018e2c750fc0254e6882b3514c6
hprc4_L100000_9419	373ec289e73990fa890b74c130e5de01df7c5fc59c90db20fd26894d85c4c084
hprc4_L100000_9420	3e79b1d2764c08eec4412834ed0170bdc7c8a8c67a389861682d06dfe42e39e3
hprc4_L100000_9421	299086d19ea72b15d041dd0e4f3a0323ddc828adcd9e2e9974733ea2a3ff76de
hprc4_L100000_9422	6d0c933f41e3ab9c2a9e503285d44032900b029b5b1af7f07adaf4b6356bc53d
hprc4_L100000_9423	295245c240769e403df9b485451b58cc31d50ad2410d97ab69e336796da69e2f
hprc4_L100000_9424	3e778e4b2d027d4daed05585931409832b0d53d9c9f89da05ad4f65ec547ef5a
hprc4_L100000_9425	b3bcda7aa7012c86d316087a074a7a90b8e7217a6239a9176cc3f82b01cd1d2e
hprc4_L100000_9426	59bf4c6eca456ded271fbde99ca164314d1b5043c05e3907227ce623c7d451db
hprc4_L100000_9427	7a5639f4d508681bc523b912e967bc13dbb3cc1c56191dca04c4f1110595f99a
hprc4_L100000_9428	8bddc8dd0723802a995afd2ca39f0e157ef1337465fe0ee5bf1b113b45308a05
hprc4_L100000_9429	c307784a54acee22540960434d42187bf6e30fbec00a3a33fd1637b2a1750aa1
hprc4_L100000_9430	5be4dc01d9aa6673f0b0518a4ceb3b61938cb0624252e34516a90021d421459e
hprc4_L100000_9431	e63d304f0ad92037aaa5fdef659dc9d62ac36a2d1bf853b5d119c93c4bd743dd
hprc4_L100000_9432	c6ba6f5493ca045d905749fb00063f674b7300a5ee7f93b10a2bacf259a0e654
hprc4_L100000_9433	752a56f6655df3e9fc0206c4a61dee4b272b31a877f482cbcb222ee50e3736b7
hprc4_L100000_9434	c48daaf24cebc513ca93948de84b5eb7b19e0f67b91fd98dd9d6fbcea9fe42a4
hprc4_L100000_9435	2bcf70708105b6802554a327738484cefef6703d66c2d8e7389f48da9819780d
hprc4_L100000_9436	e2cb799577f4405b30853083ccf0bf780ef6507a5da0e04b9d6592927b4359f7
hprc4_L100000_9437	46453c94d9e2bb76e939b53a8c68830d72f5bd708aa949769b492029ac179376
hprc4_L100000_9438	4be6850d8a84341e870ed35652ad1f1ad5b52b29b74463d2267b14c5a722190f
hprc4_L100000_9439	51c06610ff4553467a7a847c2ebec2c173e19eab431454b7ae1eef5a1cbc36ad
hprc4_L100000_9440	9fef394a18a69bd3c38e5cc73dbf2c6e07ad79104ef15bccb7ba0c488fa37d42
hprc4_L100000_9441	6be1f9fed9f1aac3a1d10f77ff5b592c982d2c7a39a9da7271d327c694ed61be
hprc4_L100000_9442	cde5e0c20709cdac59f059c1a9f983170fce04702fa24c4c0d17f939f48e4994
hprc4_L100000_9443	f717d6aff4d234566bd82a2626aa8152dbc3f141705ea9e8b9174dc9ca89bc43
hprc4_L100000_9444	3a69218041af01ac9aa59493195d837083092dfcbd64c5caf0d0326ad33f2cef
hprc4_L100000_9445	06b7459604e9008ea7fca2bd2bce151766196510df575efdb83cfadbfdc1182e
hprc4_L100000_9446	384785adee0a88c2940f445f349b5c3a08742bf7efcde584f43b82b1045953c8
hprc4_L100000_9447	1cda66c9190174ab17d93d5c119de52009b64e3d8fce39c285b10dab22f484e0
hprc4_L100000_9448	ac11e729269787e982f55b5856ea46330d97b9e983cf773989cea4a7fe2f0dc7
hprc4_L100000_9449	bc8981017903aa0489d7f3fb8f7ab33267da81d664cb229d3fc69552d3fdf37b
hprc4_L100000_9450	3e7612ad57b752f886b51d76ad0c486b2eb49b31f2e5136ad082412ea78a0372
hprc4_L100000_9451	7b7ea8c6f90dbc49b31af74797ccc5a0a065bd3dfeb9a2f67b0ec271c09c2e75
hprc4_L100000_9452	5ffdde1ec7eaf33e2f63fd797ac67d941b978bd64d9495dc46980d25b7d40a88
hprc4_L100000_9453	b5dbf9bb39e0f4142a072c2187569767d3c1392e6c9aa0a2eee51953f4b8f719
hprc4_L100000_9454	31263b5af98f7785479f349a3235c1afce90dade5e6b32061c484db354696343
hprc4_L100000_9455	29bf1892753d35282289153299bb322269764d028bc3908d4902c8542704e9f8
hprc4_L100000_9456	fa0cb326c807f434b1663bdcf9292f122eb5ea72a7bbcf1b86884393c79b505d
hprc4_L100000_9457	e2c1a18263f4d5b9d620708a215d4c02d72f20725e15f8260af823b01daa4cdb
hprc4_L100000_9458	e74fc39eafbd8bea3553c5ee4477df61ec41121fe79075ed7c0b514ffe72a816
hprc4_L100000_9459	039fb2f3cd41111488acfb5a95a50b921f656788b77ba4acdad713be54c91994
hprc4_L100000_9460	0ed7b6a591712de498a7f980cfd6449153e8b04e60e9da3d09d432d7301a5e90
hprc4_L100000_9461	c48cf345e4d65ffa34dbba21bbe0a61349cb6f530fd49b158fb981192cfd9767
hprc4_L100000_9462	884a5605d89938b8c9e8a2aa155b6d58fabd26b4d58376a0e12243d15eac2a81
hprc4_L100000_9463	8c4bcf945cb1f1ef8bdb5e794daf6ec7c8640465d489a2d9e054550b1968a4ee
hprc4_L100000_9464	d66a686bb614fb8394ea7024c53a2fdd187a4b92cb639ee456fb92fc52dc423d
hprc4_L100000_9465	a81e9d825750de62cf52d28396950f817408e17f984a7a3553a70cdacee49ee6
hprc4_L100000_9466	e00684a26e7ecb35af6edbb8ee59c450caa317af5c9ac572d597e0900ec98ac9
hprc4_L100000_9467	c4c22600cbfac1074a24fb2f9d6b2284b441ab186643bdeb6e9d9abef0b98797
hprc4_L100000_9468	1a7ba910ee18b72628be6c2e0a507a7edd42bd45a38ec74c49f176165229c29e
hprc4_L100000_9469	06ac2ee293f51e4f2e7d9a1263e799913a8a7aaca8d526f4631d317b62f7e09e
hprc4_L100000_9470	4150c0ac0e1f754fb901371f419f4b121f47475bb51c6a8160910334b7cb5e9f
hprc4_L100000_9471	e8179e6acf9381f314884054ca242515da081222fe60ebfc20ed9652059f5312
hprc4_L100000_9472	558ddbe7cf0f925c2e4668073f4e3e6309c352300b08eb11a26d70be82d3a9d0
hprc4_L100000_9473	cdb299cc6f2b068448f7d03678d313e42fdb2c21e2c66e5e2386e12018ad926c
hprc4_L100000_9474	e94cc24dd5834b70fd071acbd3bc4fdc135dace589b5bd63978b0e2f65bd9473
hprc4_L100000_9475	ab635d3117756801f1a848a7a641ed69b8281b70189c463116de55ca026bd808
hprc4_L100000_9476	779d3a151958c7e8e80dfe2d48a3ae73e4979cc8e5b247817693f058b0dcd45a
hprc4_L100000_9477	117774cf2a23bd40c3b25650dcd122b702fc2675c05e628dd438fa481c633112
hprc4_L100000_9478	d4f0b48c719975b7ff4256e53e856602103bdbaabd6d54f7101af20744f9e3f1
hprc4_L100000_9479	c06f31532dd706129d698e3e819c44d84f84ac85fe994eb8e314674ff8c52bc1
hprc4_L100000_9480	6f8772374293edd9631f89a1e06cac44febf96fd3b6ad8234968a95bbac0d8ac
hprc4_L100000_9481	46b41fd958c517c19676ec03d494e3e566051b0b10569f9ccba05084b62920c1
hprc4_L100000_9482	1b3378db261b189b47a8a2db5f2f5a27a8443e315b1c9afcbbd9f22c13e1d42d
hprc4_L100000_9483	c9898278d4629e9b869aeacec726823625a535f2ecbe532d05fe72f41e1c4e18
hprc4_L100000_9484	530b12ef72805da39f7295a5ed361066d4ca03a3f070da84fa2e7afc5f26b4ad
hprc4_L100000_9485	5706e88f490961b98bd6d35c55d86982fae84e2f9d6fd2a4a15cfc2922565993
hprc4_L100000_9486	43c04567e1f94b73fb7d94e5fda87545650c5de5003c1368e35981682beae1d7
hprc4_L100000_9487	dbe8255b7d55a110975fe9f4f36187f8e4a782c0b7325482f71eb9f42d860346
hprc4_L100000_9488	609c240f4cdb8872a6e57419e7bd8ed0beda828ec77591e4811dbcc41e909fd5
hprc4_L100000_9489	f1df1471062bee720c446846498b983b30cb52ba8d4cb08d1b01594251a25669
hprc4_L100000_9490	a5ac2ded5132ffac810a2ceebb4a216db403ca5a69273f9d1f29c77f921ee8b5
hprc4_L100000_9491	5fdf668e4a542c8e3fc31b9936e390c606a435f16c74358d5fdb8e74ea9778e1
hprc4_L100000_9492	02dd69a86613de92e16ba6a430830a1f28a45d6999f47bb0747f53bfbb7059b0
hprc4_L100000_9493	4513a5553288af93f2fdafa2b60988521a738c3c7fd1a630369895dce4b5315f
hprc4_L100000_9494	b9124702ead9c9fcc2c1ee949ce6c39d1514401e68f9e27fbbd05137560ea1e2
hprc4_L100000_9495	4b595eefba152ed62c171c7a2a642966f20bb80be522b8710188d52d6dedded2
hprc4_L100000_9496	77db6b78f5ea009ae54cbc349cee5231f7d302adffb3c173df48abd74c2c2c0f
hprc4_L100000_9497	8b8adb339dd9e2083f93cf23918238c4f611d3d253e3347aeef580ba76883585
hprc4_L100000_9498	d9cde4adc78fc723d2ec5f528862c4e4e10170d679264b10d7d94d7fa401d7ad
hprc4_L100000_9499	48bc9cadd769752d5918da0c5f4515a91dd4afe50cab9a2f86566ae881e0c1c7
hprc4_L100000_9500	4976532065caec8371c4d6283f332090071584fe8cd8c6d686d90f22aaa4b61a
hprc4_L100000_9501	834358e98d4d700916f8a1eb38d5ebe05d4fcda55e5303331d65649c1022065f
hprc4_L100000_9502	f6c88559529f7fd483cb97ef35060e7425ea0941c6eeef7da90d5e35db117406
hprc4_L100000_9503	3391ec8494a736440093460248b5e11e134e501d424aa44f8b851a9e5697932c
hprc4_L100000_9504	4950c83c6ce56a8d60a9b3b096797f2de0d2d78bddf0ac40ec708a92e59748a1
hprc4_L100000_9505	4bbd84ca7203ac26c2baf457ba9d47acab21696af8c10b5038c441f82029ecc1
hprc4_L100000_9506	1571c7930ba512f84135fa7e5e1cd39ca704c0fbc61ed68ae51f5d29516a45bd
hprc4_L100000_9507	9db66e2c4afa6368f8a4d39b7737bec41fa9b0061006a49ade520fc5136b9be4
hprc4_L100000_9508	b187b27b1cc206829ba070aca24abaf7153a1c32d7d58bfcc161198d22755f0f
hprc4_L100000_9509	3cb4bed635a1ba8e69d0d783c1f362602190d9c92de4d42b20256bb9380e373e
hprc4_L100000_9510	0b97dfc70d2e013215a29df22ef41b26b0c6dc7642b39d34c41eaf17768141f0
hprc4_L100000_9511	420b01ae0b30bbefcaf183539a1fbfadaf4b851ff4e109f00a5b17ee640da491
hprc4_L100000_9512	5d8c334b8bcad11cf63f6275cb1d0ae96d36a618d7087718aee93782982d944a
hprc4_L100000_9513	7c0c18b6c665f250230570f8864cdfe30096fd8248550a8ecd056e2d55ce7e13
hprc4_L100000_9514	ed5c14a2aaefbb78ef048efaea425c96208333a3657a0d874ed5c2bc1b12fd07
hprc4_L100000_9515	11dd6f6dd75ed772f688bb8b5cf0439b75dbd85c78aa90897846420b55c23b2f
hprc4_L100000_9516	25f31c517efb7f8263aec081f7d04ad8e3c7b23ceea08a58309f5cab1a1c86c6
hprc4_L100000_9517	a28a63465cb03f8059fb9939a3b6af06610828b3e264a284de995bc32c3352c4
hprc4_L100000_9518	850373b133ccf41db936fddab091396a6895d90410aa44882a5658a538d889a9
hprc4_L100000_9519	7b3560d52d333505aa132f07242d07755d85fee3cdbcc4f9b94ec334d9710cab
hprc4_L100000_9520	d2f14492f2ca6647d220b306451d56365649e5e2a223d73759ddb56ddefe1f15
hprc4_L100000_9521	ae7d572ea9838cd7be10c6ddfdc284080854fb49b28fcd430191dc59dfdfe988
hprc4_L100000_9522	eaf7a81f728932fbe0e6f63b8cdfa1aa52d8745de62956af6fb704b44c03e984
hprc4_L100000_9523	3ed3815f46a075d00b12a43d8dba4c091da7be7ef008c32cf32595f81940f52e
hprc4_L100000_9524	868307d0cee90d0598eec97e47b926cda4ec3cb4308d5bcef7dcb6e7728e6972
hprc4_L100000_9525	724fae93ee9f159f69ee453f8c858edb27dd848a0e6a1a6db56fa9a29aa149e1
hprc4_L100000_9526	09f71ec9d925f0097433005606f0a9611718eb52bfd4d0b62b1bfed182e5efb1
hprc4_L100000_9527	4a58f63f75f4ec64fdd3bb3ea346632f6ef482e3d66607827c145bcf235111c5
hprc4_L100000_9528	55f940a190f05d5b52e5746382b3e16904a49189f2126c4a072dcd4b60f3f621
hprc4_L100000_9529	8a9dd164c24890b7cb2f8d11851ab77719bf13c812dffec6ee79325a7c45d177
hprc4_L100000_9530	64f94170cd6400ea4e39a8b2fe4b26b766b9e6e436b7b5b1759965d8d7a2f102
hprc4_L100000_9531	8e46d48c75f32f58bf2c74beff439e908869096d3f8dc79f4d7ea1b017b33231
hprc4_L100000_9532	214bb2b0ce21f86626b262f150ddef5e0b66b93494dc57b7db865678f54f2207
hprc4_L100000_9533	25aa1b3ec00eb47b45dde0e6a68538b287f094a5ee6f164e5c0cae86c4ef90bb
hprc4_L100000_9534	70d6e5e49a1bdd8dd240c84368bb6a1ba609006bbcd8b493eb28acf831172013
hprc4_L100000_9535	1048ac628f6e8ecf489e7dc03d08281c4e7394d5633df8793f405e61bb53f0ce
hprc4_L100000_9536	d203a8fbd967f7facfdfea3ba126eb472426d0e1a8a7f671103730a824e802a3
hprc4_L100000_9537	1d3e26019155d3bb0582607042aadde72bcb148a5173a043076ba0def6042e19
hprc4_L100000_9538	333663de52fbd4f7e7c485715d0490f90d690500c0fa69c28943c655aa9e5c74
hprc4_L100000_9539	d8c5afea8ab28ebb620fbfe36bd49314c4d5921c0b79fe3354d0f0ebd995415c
hprc4_L100000_9540	b41758b46f39f87c4a9cc890c728a302a8803a01070ca4ff819ab8786e8bc238
hprc4_L100000_9541	87ac545137adf88452f4e23527420b59c0d3258b49803c3708124c332ae55fde
hprc4_L100000_9542	39b7d6c76a60a05ad6742646472c05a67d66d361f9a61ae1f0ecaf915b5d790e
hprc4_L100000_9543	1bb9207e1198d40621f24b8bd25d19048419cd9dfbb99694ebe68f3678ddacf8
hprc4_L100000_9544	3b605f7b2044cfac4e1475e296616eb5694bdad400269f4c5046e6c16fe34779
hprc4_L100000_9545	e602d56908edc88aa4b91bc11497ae6bdfbd74ab1251df0c81d641e68f98acdb
hprc4_L100000_9546	55fceadf8f5ba5f90f3a189a726e6205c9207fae21c35361ea0002c2c2399aac
hprc4_L100000_9547	cb2626f2edd4c7aa1a6f62829f9b016044b1858c933d62a1aa828d5b83d41070
hprc4_L100000_9548	3fd970d4b7897bd25b78d268923f0b00c89c021e845ccda358ae878ccc29aa55
hprc4_L100000_9549	e8f37a0f5ef8efb5c39f00053153b9b739071e50604de918e4eea216ef824992
hprc4_L100000_9550	03f3f9f76a24d619a13286dc98f700109684993ac1fcef3e490c1d1813abc7a5
hprc4_L100000_9551	5d1d9d627bb9f44b617cc8a61ebd2b4b8f0a4d767c4eaab189640515566b75a3
hprc4_L100000_9552	04773c556e356122b3a9599e785229dde2e37c4eec0b946694a6a898bb33d216
hprc4_L100000_9553	31fc8c6fac148b681156360455c81138c7c1aac54bfdce62cb66edb7e7cc1759
hprc4_L100000_9554	dead40c98df24d18ba2df7c5d2ba97d4ff29904585526705f18f349cc295b7a0
hprc4_L100000_9555	329357f81cbdf98bd39f03cd1a07a6a117ad64eb3ea2b6e82fbd7cfe4a7e4335
hprc4_L100000_9556	58e51c3926f6aeec053f11b47df98aa1774ef307983468a1a38e8ec935ff365a
hprc4_L100000_9557	e8c6737ad87dc134e681d65c8262b913597c221b842cb16c97a62a9b379b9d32
hprc4_L100000_9558	00506c3958237e261ad8a51f216e42f7482b1ceae72fa8ab845065147cae9db3
hprc4_L100000_9559	1abe46286e0b2c16fb9f5dbf23db9684d47107fb5580124e86c1365da87c7d07
hprc4_L100000_9560	3a6b3a6d897b201899b8c8794c0ab9dc3ed7a426c26c80375c8c7efd0f864f20
hprc4_L100000_9561	b3320041f89ec6f1f2758da9cefd517696058e41f22b7e435460079d7c9f463b
hprc4_L100000_9562	a5b4ac92bd4c3a2867b3ee5d8adf79d22559ece6bbad45a7dcceb6e28a1b37de
hprc4_L100000_9563	b17c802d12f92698e939c38b3eb6696a7d38e74950060e8e90dc2dfa4f6aaa19
hprc4_L100000_9564	7fa9c3e6016f4d3994b76b25d51ca900f34c1f44c37b25f4015e34e16db3a792
hprc4_L100000_9565	f67602d921f0b08d72eec756eb3fbcae4c9e2fdec24613b7442a02a59ed05c1c
hprc4_L100000_9566	c05ccf036295afe1d6aa6cd2c0d03381ea441246322bb726042e659c138aa8c9
hprc4_L100000_9567	6ac97b771d71c3b5309d8387b0ba5aae75aea6b54bfd48cf78c4d1d240e10514
hprc4_L100000_9568	0b4d62425a7bf7f866ccc5aa0ed62f4329f248d6dee856ac8afc205481650e79
hprc4_L100000_9569	ce5684305cfac5ea64c959a38b1a592c14fe25ccb32aba60a81dc9278ec1f376
hprc4_L100000_9570	61c3447307d08548dbeb506de276075e8bc1a9501df98f2e42731f1c82db2187
hprc4_L100000_9571	5dcabf59012049eac134e60f6564cc38d22b4f45407c1e8dcc64b4157b4784a0
hprc4_L100000_9572	7523652f1dad0ced20c24e5818aa0f59ebbbd05f7d455c5684351d187122c0b3
hprc4_L100000_9573	d69c9975750d47c5088c97e239269a7812e81fe20d47aabca6982a42bdf98782
hprc4_L100000_9574	f1d11777827c252d7a41ee96035af51c7d044737b842fbb106ff2ba89fbf33b7
hprc4_L100000_9575	170c4802d3bb16f90d00dc73e3c292838187c7dfe14dd59952ba367960290681
hprc4_L100000_9576	a4066e9d563dc3a2b6abec06e53256314efc4814d6f9d1a0a3951867751f72d1
hprc4_L100000_9577	fca78975fb51209ff4cf37feafd07e767c91df8da7dbd901e3e2a4785e538491
hprc4_L100000_9578	2fc7ec98aba73635d003a0461bd01672d5060c32148cf17c311f3d9b29dffb37
hprc4_L100000_9579	28997d813fa6128879d88c632699f729817371710b6b11dcbf1ad772dbe10a85
hprc4_L100000_9580	5cd0c548e713915365b4c658fe70a71fdacd87f06184eb713ff29742c8921213
hprc4_L100000_9581	6c755a2b807c909f53999d654bc6164beb8608eae4157f4a3f4892fdf1f55d9e
hprc4_L100000_9582	7b37e2f09427023a7c6230cbd508d88c0d34fcceddc93d3b03a540579e41abc0
hprc4_L100000_9583	216ae74cff94ae9b12fe785bfe5018b36a75588f1f12ff64c40c86fad3e20024
hprc4_L100000_9584	cedb1ee85d65723e5210ef284f1d814f87e742d908d297eee544824c115c816c
hprc4_L100000_9585	9ad7931cf53a4ea63b303c2c2aa2613213d409254a146c3e8c1e525d98f1f3e8
hprc4_L100000_9586	bf6a888036495007a404384f3c62c98488c54902faf0908df8ffd00f8d594e9e
hprc4_L100000_9587	896693f4fcd46d2b9c68419eb4d4ddc3fb325cdbf8515b99e95c751b00ccb81a
hprc4_L100000_9588	facbc47fd08a0f3166cbe9a1f8219b67b542d2b93ac0bc530c92d97b52357eb0
hprc4_L100000_9589	436cdb2bc0d56bfdb3ecad0db0b45247c7638f6daa950b8822c761df05101f50
hprc4_L100000_9590	ec24e7797bc3c621ad497625b112888ba1c6fd07fe8395e9c2e417256927910e
hprc4_L100000_9591	33a1549d81149366fa42ea419893968999d647455ebb54b4f8eedbf29b101798
hprc4_L100000_9592	15a56a01379fb8db74812e069db26f580c29937338ffdb2c1c7bfa17c5f3a3de
hprc4_L100000_9593	4fb8d02e97d7abb59bf02dafa44fec473190ca1d98c0f24d4abe70b63566dc61
hprc4_L100000_9594	c8897f0a85a847fad40e0966c3a0758c31bddeda6e2747490c94d09b2cd5c35f
hprc4_L100000_9595	9a89725d91677acaffe2600fa7d33401a8b283256da581b0d9df88d3d317d85b
hprc4_L100000_9596	a0d3e6594c02dc99a7715fb57577e2216cdd9f2ca18413716bc858499847b4d4
hprc4_L100000_9597	cc0af1eb7e4a3b6de8c697b6ab2f16bb131391c138c7eb745654567878babef0
hprc4_L100000_9598	8933db757a5f1dcc9a41a794ed2ea9703ce3119017555c51c8079de73f394bda
hprc4_L100000_9599	5ce7ec76fa1589ec4b26dcd6082b711b7e517679bb3f5b9cc544682abdaf7c43
hprc4_L100000_9600	32166219b77c8b62b7f307e6d8f40d814c455e8ed30120d364dc4352617b6ea4
hprc4_L100000_9601	fee061ac4877d4811be0d50121298497255169f47be20fca08637c2050d4a489
hprc4_L100000_9602	b738594ad4b6349badb7daf48faecae768cb0b2779df700dbff0d05f4b4310ed
hprc4_L100000_9603	8e57621e8789f6645bdd67b34b54ea48b71be2a12157207754b96486f857e6b0
hprc4_L100000_9604	49894fb10ba6868c457f0fb4ac2228b5444030f73823c130770fdb5c43e7fc9f
hprc4_L100000_9605	7c39ec83242ea67e2d882fc0f8e513c7aba1331979b7eeb0ae1aadb858772be5
hprc4_L100000_9606	7f0788e98b5874c832c1897cce4fffa5e57c082a5554f321cd28a85b4a20e6ff
hprc4_L100000_9607	7527f15c737958f7afc64749995702415fe2dadabe64b266d66d424f851790f9
hprc4_L100000_9608	dd9b2c46c25e1b2f9ea50724254786e890c51b9e9b40c51d57790f0e480c8d4f
hprc4_L100000_9609	e8804de2b5e7400375af305fda5e2418add72b73d90f40ca2b6c814fb8c2b97b
hprc4_L100000_9610	addc3eb81bc9078bf2546bcb68535e233ed60af44b9692d33594756f6f8a189d
hprc4_L100000_9611	96e279869fa640bab4c0cf62b9cc79746c059a899a66200ac987c90af6ddb2cf
hprc4_L100000_9612	d54bb5e8c40268633b44ccd485451aaff028177026ce7731e28960568c52fc92
hprc4_L100000_9613	2c81873858465360676f895a0c7b7297c239f1c9784330dc4ebaac6e21e9c74b
hprc4_L100000_9614	9f70421718754f25faff592b3a07f925102fcaa18ec0dc4e34bd713dde9ed64f
hprc4_L100000_9615	b6a74d9c41e7288eb38e3b045b58956f811f208af550f5250a1457056972d17d
hprc4_L100000_9616	0fe569852609371234f6dcdeabe2a3656eb5ac9a0c8bc6a2af0493d539ab8a12
hprc4_L100000_9617	6b65fa3a65282de4a5b70f48bfa95f0c54a3c4e59f459e088406dc202928edc7
hprc4_L100000_9618	e83746d0a8709465acaef9a9563c958f863381cd0285c27beb0f786833f70597
hprc4_L100000_9619	b6a96c142ad5195d5827fe285e12d97aeeadbd69180a3831e2296927be48ce92
hprc4_L100000_9620	4990379da2757cff4559a41fae9e6e5348dc6858b7f522e87a71a0b9a8dad4d0
hprc4_L100000_9621	5d0b44ed29e92417056eea357ceb50ff313786a32af02f7370bda10dcc5406f5
hprc4_L100000_9622	017a820fad63668f74c0d23eedc6dc08a91211b69b16f6ad99d61d4d8f7b3c81
hprc4_L100000_9623	abe070ae859ae87969f6b9c41ebeee557072e97e485691127d0515aa05df205d
hprc4_L100000_9624	636bab507ca18d9e790cfb9b8153543c0ad48c640f3a70eb76c506867d1b5e38
hprc4_L100000_9625	44c28ce30c5c6a180ad66e63d1a0ed4b280645bdf7c2a07a727934fd6b5ea919
hprc4_L100000_9626	8f314460f5b9518101b7bc968571fc064bbc488ed844c722467bd5f8f0882da7
hprc4_L100000_9627	7b710d9ec8974e9e052238295c32fc6f4145dfe6034c6feb8472393632c4a32e
hprc4_L100000_9628	12d8e7e43d82bd42d0ea53ae577e668ebc306e96cf79da6d71f1e948362d7138
hprc4_L100000_9629	74e1ff3c901421fa2df72a52201f98c205157e0973f08046a3d306c8a1cc0115
hprc4_L100000_9630	67ab3faaa679787c5cd890b97f0fcf03e868fb89f16d51660968c606e19e14b7
hprc4_L100000_9631	e90694db0c7aede191732ae94652a70eb7ac0e724e470d4fb2881dd9189916d6
hprc4_L100000_9632	5d468f2f8db6ae9d2f718ea6d4f8745473c50c45987c55d3918787447ce36f3a
hprc4_L100000_9633	5a0fbf35dec94fc340796074951aebaba80ddcb2bb21cd078a47fc1e1064e7dd
hprc4_L100000_9634	f7ad83f46de7605eafc7f7b9e075d2e1ab65f38f06add550e00efc8d35283d0a
hprc4_L100000_9635	4d8dfead0f5ce2c403dcc7eb958b58f3ba6e5eddd4833b63b6e30f8b18e95d2e
hprc4_L100000_9636	19629af97c391eb5bf9d3e30ac0a7513ca869e3a34db8cb43beefdd6897e7335
hprc4_L100000_9637	65fa7eb01a2cc39e873dcdfed20dfe8b874c8090cc7ff015bc5ba04f6169544e
hprc4_L100000_9638	349670d9634889f8a24347eddc77a58e7d12df0d5d5e38554a7570bec2e46796
hprc4_L100000_9639	75737973ab8ab6a82801d185537aa1df3b5a0c19240b77f7ba150b9537722e39
hprc4_L100000_9640	59a3b568e34db7a6ab26f13ccfd345d5033a59addaee843edd77d36cdaf7b8f9
hprc4_L100000_9641	0aea428703030b36cbcb8663ece2a5aa32b7d9665f40feb156ff1e7d5463ebbd
hprc4_L100000_9642	862ca1e7cc72026ca71e092c1fd79d15b4f5d101b4c1acc2d997e444834a4360
hprc4_L100000_9643	03c28580b3acf7167e23fc0dcc7ff615fdcd09454e715047943ea9a6b9d32d06
hprc4_L100000_9644	b0908ec598a6a5007d0a27fedaf1b8cc1834c5517b58ee150fb70b5f4ec2cbdb
hprc4_L100000_9645	7a41d401a5d2693f73dd9d557bdf1054eacf2830c22d3e72e3b30b78ab661676
hprc4_L100000_9646	a518aa0a9a45a6dafb807f5a56c941d3edbd1244482a563a464e6b835ba09097
hprc4_L100000_9647	932c7570c9a7761e9b3c634ce2f212a002eafec44173e78ba2fffecd8538a45b
hprc4_L100000_9648	5faf0d05c00801b6e7ae04dc0ed041a775d2c7f0a20b4655734e48d5e0314836
hprc4_L100000_9649	a9bd8fc138a55d4d14abd278559be00de7a7138c14c8d1f39d0681833340ee0f
hprc4_L100000_9650	697bd704ae515ba5a226be7eb8bbfb7462a458502df72bd600124069aa0c3309
hprc4_L100000_9651	9dbca4e537a72d29298337a7da1e6e23c3dfa7f96da495427e0022e9c3171e8e
hprc4_L100000_9652	c219432bd31d5b168fcb6bc341f2c79eb85d696e1775599ddf21a82cd95281a0
hprc4_L100000_9653	9cebdf895aef0ba03bd8b8ab00e30c93b56f5a99cdbe41e9d9e4666f9c1d2008
hprc4_L100000_9654	64eb213b65940b342c3b7110290912748f7fa335c04abaf07d6189ac931ed6a0
hprc4_L100000_9655	1d8a1be422b8708aba1022f974c7059ff40c8c85295fc73722008e1c7ee24bc6
hprc4_L100000_9656	6210f938fb0ddc95287151f040cb05b4e1c2d727985a8bbeae3a8f2a7d7adb8a
hprc4_L100000_9657	b52019d9322d9b9ad0b04eaa12e2f165b52291c732af78e8ed621825bc5180d3
hprc4_L100000_9658	e96c1bb45ac969554ee115c6b6b0a2b0b033ed9b5427e9c7488a635c3dcb30f8
hprc4_L100000_9659	2c6c3d3f502195ae532ef36ab3e94b899100c1308ef171be9a25fb582994d742
hprc4_L100000_9660	6a99d560304b8420e698aa6a9d0e10e48833d89735df59394b310ce368ab3704
hprc4_L100000_9661	546bb218f3415218d5d207d061c4b5f40d4af18f52debfb81911cfe1850f32c3
hprc4_L100000_9662	b3a66ba961bbfb3fa1a5e8b587d18a31ce75f7f888b3067016a398fe7087a7fd
hprc4_L100000_9663	d5276e5f8f1c73fed0e305d731904315e44c8ca4426fdea8e12342830cd3fa69
hprc4_L100000_9664	526ecdfbeddff1d907642a9b291723afe6d0027d8359c7f2221c37db2bc925e1
hprc4_L100000_9665	1f4acba4835e9a1b2c35caebb27e534645ea3ff652a21eb8a92d7cc017bc7a87
hprc4_L100000_9666	a9ae1653cafeaed2eee4a4a5d23f8e07aad3aa980c88049482885f9d8ec290bc
hprc4_L100000_9667	6f2fc6ec52da5eba640417b4812001edfd927dab896487c7b0071ebaeb2f5c04
hprc4_L100000_9668	79919a48bb05e20cd907a5d57a5b3f4e423a11e9b4432d56ab801aed14da0050
hprc4_L100000_9669	7f6fed77539ae28b8bfae615b2d8f51a8c68ae5c53b29964e079abd3e2b8cb7d
hprc4_L100000_9670	cd988a218e511cf58ee070ff48c2b88fc9684a52ca994207ae19323c940a2b52
hprc4_L100000_9671	ae5dc2e75d17b227c20ddaaab281e641bd258629a4564d492d0b5e967942e655
hprc4_L100000_9672	9bc5f8a5134d7ed5069a324d2a4ef29ffb50dca8dc2c356f18f89ee967e32f99
hprc4_L100000_9673	6e18d5e3f48a683a1ccce9b11d41124e78ac5dc85512c4067f2b875b4143afc5
hprc4_L100000_9674	5bc616389de097a13b7deef139600089a2f34f388916090acbeebc0a4cbcbca6
hprc4_L100000_9675	3bd933e9496df915862ebce6c85c65e38308ba99e0328d13e0ef195b5ee1e215
hprc4_L100000_9676	48b5e7c7dc8ae6cb4b1ceb2e589c0e9a339f38b3a3c7a49d679fca2e9050d8ab
hprc4_L100000_9677	34acc999f06f8dc855510a405e3751d5b27724ed51b35b1d044a39ea79397792
hprc4_L100000_9678	ec1411b7ab3ca8a1079fa052c4220eb7077c17d062cbb50a55321caae96c3ecd
hprc4_L100000_9679	89b344c3a5c8a3043c49e0427b9ca95c8ed34a08ca17bfb3da186182d8c7fde0
hprc4_L100000_9680	6659c3a48fa18233f82f3a4c7fad4427f0df9513c733a6072c62dfe19e3ebf16
hprc4_L100000_9681	8cb0b42532995cdfc4d2ef54e64257a2254a44611700ef3f9fa23bf804263683
hprc4_L100000_9682	73f492c52cbbc8510bd60c4255345a01fe26aa9096e7bb263e8787301b34b99a
hprc4_L100000_9683	3207527d5d4cdbac3379afaf5490030250ecdf58f4dcd66fef91c9e342296405
hprc4_L100000_9684	0faaa91c3c0ff7ba78f427cbe1874ff4daec6aed99716c7ff25c9ec6a547cbce
hprc4_L100000_9685	ae78ba2dbdb453a9a6637327ca14a2f7691885d64d57c5722ae26bd4c3c93d8d
hprc4_L100000_9686	9828194a25e45f9c0359dc1fae89d35851dbcfb359c0b50940cb0eb0f802a6a8
hprc4_L100000_9687	3e9cf540a66beabf57a4f6f86f18fe9d13b46c757c5c0a613236d96968e210a2
hprc4_L100000_9688	45b2003a446705d57e71072ab58673e80008c00c3fc31d247774818c54d9a66d
hprc4_L100000_9689	0bc85262311b7ca6ff4af961b08872eeced426d3c5490d5584d6f779ffb24cd1
hprc4_L100000_9690	00469a39d72d4300e7280841bf65602e61c927c1b14603a93c37cc80b27dc55b
hprc4_L100000_9691	63231fc59719e0a1182a4ea08fb68418f4d80c65e8d0afae02be690b28ee1cb1
hprc4_L100000_9692	db37dd84083a51baa9965996833096e260e8d70e77458c594a2c62bd3fbb4db6
hprc4_L100000_9693	7fd25bf2ef72bc3fb9dcc2e3687e3879710888c2fb97a6dc5adda614abe67edb
hprc4_L100000_9694	0dc2d01ed25ccf0170d3bee2f5402c904775bf6c11259670a4c4e8d36bb1c7a0
hprc4_L100000_9695	8814ca3bff44f0cba980832825456409eaeb2d472d39baa9f59833ad113515ba
hprc4_L100000_9696	2650f884106036964ecceea0628317c14e9212550fe89f2f41ae47e68936eb4a
hprc4_L100000_9697	8e3cb68398c08bea4d7854d1f0ec8e49ad815dc4eeccda011a381490eb9a5fdc
hprc4_L100000_9698	d89c2b0a34fab82fa703d5387dc4d1919cd496066c363df2d57d447dfc37deba
hprc4_L100000_9699	3607b60f6de1392032a35847c95654735e026cdef8ee8ac163a0be774bdacd85
hprc4_L100000_9700	22e1919a1070359981aa6a549ddc90eb6bc3548052c4bbb6015ced56d443ad68
hprc4_L100000_9701	5276e3420e4b720bcec9dd2e112cbf228a96a5d7f82adcfb62ff43e7637e1878
hprc4_L100000_9702	3fafdc32a9236cd96afb27efa1c29973d3537bbeffc8ef056332cd535163eb31
hprc4_L100000_9703	37969d5c6a9edb3ca9781277ff63eddc9c91c57af4e234a9fe4a4ae6ab9f3bd0
hprc4_L100000_9704	5cd42eafe86b045894d9c9ebd91758eeb4543bd9411129845cd09036ce24afd2
hprc4_L100000_9705	2bf67c70e5947e1402664b1042809524c86a10c1cd477143653edf1c592654fc
hprc4_L100000_9706	e757defb618d7372a9d72e30516a5af0bd7286fea337c404af98b023ba5faa8e
hprc4_L100000_9707	503cdb96a5f1502f9ef33dc53b87d4f4d1ce3c47926949fecd039ff48326ff2c
hprc4_L100000_9708	67b1928ae46d2b82d926fd01c2b453e2b6543cc77d2d8d65ec5563620e25445e
hprc4_L100000_9709	548a67862ed8bd42c1878dba1938b81884b114368531c4c04e99952f8a007d37
hprc4_L100000_9710	0b23403bf9074fa2b3bfd4fc0adcdab83ff89bd316212ff4e2d02b1affa8d571
hprc4_L100000_9711	634c8b48c42fcb37d03d393b0a4d53938fbd3530c521a1317b02098ae8d16550
hprc4_L100000_9712	1246c943d2a6860204a9807c7816fb6fa8bd833d70919ff9ccfce1d717a33725
hprc4_L100000_9713	3a576086957f197a0e3a41e2c5a89791745ab73df66081886436515c6b150f55
hprc4_L100000_9714	05c20fef55bfe6959fefd59259d80ccf4eb54d9025584b91f35800d327b25050
hprc4_L100000_9715	eaf0591006a79dadf491f60f8ba463b45a551f8796b18bfa7f6145b50bedcd21
hprc4_L100000_9716	ba1d6cdbb325f4698c8933e41775722fd724a4d4355ca0737eba93b545be70a3
hprc4_L100000_9717	cc7c8b3202ccd4bd75f200f862232cb994f57ddf622de4ae68fb1c010ee68360
hprc4_L100000_9718	3760996d5ac178277ccf2a3ef5b808667e1d60938aa011cf65370cdcce2803d9
hprc4_L100000_9719	046addeccd5528d52e8e851952988d1c2ff325690a8d52b2a4e90b2d72dd427f
hprc4_L100000_9720	47684f564322d980e2ff534844942c7be45dcc1a74a2cfee39e52e66243cf8de
hprc4_L100000_9721	1549165b85a7dc1d69e05bcefa03fbd8135ec48d60ca8a4303c1f6953fcf8c57
hprc4_L100000_9722	b26e6f4d21a74031079365c650501637cb9116d13e4026c657dd9adec1661ef2
hprc4_L100000_9723	569fb24a6a8f189de29c95e57a543eee0df033ede7a5156061084866417e1989
hprc4_L100000_9724	e8284ff735e5ef496659c3574419d92779729f60497e6e899afec000dd3fca97
hprc4_L100000_9725	a8bf76998f130d1868566cedc8ff36ae7bd462ca4e8b4ae3c705086561312205
hprc4_L100000_9726	ee86f90eef65c3557309ec805b374db4bc8e34954cdc03e699baa681c7a55cf8
hprc4_L100000_9727	5bfdc6d2eb9ecea868b01b372f0fff53c9265906925e7a42344c9c3cf9cf5c81
hprc4_L100000_9728	3644a6e8351574d5c75e802398ce943c8e1737c7ea39c14fdfb480c533a17839
hprc4_L100000_9729	33ff19165b30757d05f88c3d106a0eaeb5954626e8104f2f447860fecd0b4a8a
hprc4_L100000_9730	ab017aaa29763b27edc3c329ff6a40c78fa75029ac1e4e3a2825df20ebc1af84
hprc4_L100000_9731	2f4376e2513316fa6bf5381f973d276383f2ba125c5ef3dbb87ae4dba2b95ff0
hprc4_L100000_9732	a2b650ec35b6be6101eee65761e2af4ce9bd10719a855837ccabda25353da25e
hprc4_L100000_9733	d956fe25ff0c314ef065f651444bc6ad81a9638b61508537f8b89500418363e2
hprc4_L100000_9734	d8f04b07b17452b6134381da204409155a3a53bd5cab8dbbe6f0c5243f17ccbf
hprc4_L100000_9735	47b386b5e64d4f1f0805546d3d762af65be9430bdbdc29ba838a9e282857aa5a
hprc4_L100000_9736	682155762534729de4e39848e1628026eec16f683e4f9d6ed627a9227dc4fa9e
hprc4_L100000_9737	bfa55a084e696426a358af39aab47ae02f91d2ce20c992876c3a5d82ee8a45a9
hprc4_L100000_9738	6ba8301c116ed94f64586d98c1a1449789031363b6123999b69cfb6135a194ce
hprc4_L100000_9739	50da1bcaeab2ee14a1eed98a177874d4f8e48ebfeec9c794ae2ab0a34ec62ac3
hprc4_L100000_9740	8c3aa3553ed5af946ca8bf7343ededb2aae77186b45a1c7f27fbeba34557c2ca
hprc4_L100000_9741	619fbadd2b961ed61319a4bb7d9e23d34eb0ac2a88e2ab04ade7845d0d66345b
hprc4_L100000_9742	72861c1cf38438d4be3011d7c50ecad57ff7335abea7c6294a86dee0c126ae96
hprc4_L100000_9743	dc7404afa1290d4dccb66adeb72f30716d99b4c00e739f3cceb7e93d6937eba2
hprc4_L100000_9744	6bdb2b78ad06f600e078b382d8b6e9d005ba2273880bcc4c3dad0a595759a558
hprc4_L100000_9745	bd7b7501a94366d831570c4b4dc6543ba255e8f55ceb199bd89687814213117c
hprc4_L100000_9746	c58082a7a362f885d2929443bfb3df48223d2ddf269225943910b9ab9d84d534
hprc4_L100000_9747	c1a91a5b1cb0f7c034768b0514f05346e0c9b3c0938f711accfdd8249efc4929
hprc4_L100000_9748	d72fc36616efe29b20b8528960070c9113af79d6e6220275ab7eda64f26833bc
hprc4_L100000_9749	7130284ec6aa868d0c2003e45f81d65dea48813f2f9adfdbf6caa229d7b890f5
hprc4_L100000_9750	8053eb0b4c3c9569f93ebac31a343b1fc5be6a28cab29acbc12d107d7e4b3198
hprc4_L100000_9751	fc2f7743d123678ce19bd4836d586f63dda675979b347a381abf8f3e6e45f7e3
hprc4_L100000_9752	19093e44144958a0f5b49e22b780ff3d71b5ec3cca30d29ca378a2aaef78afb2
hprc4_L100000_9753	e607851d15760ea6e7bfa7dea16c73d4212413507589f57ab0cf7cfb41e3da93
hprc4_L100000_9754	011aac9b54e5a0a989a9c9b5c8ffa849037839feacd62a43c63aa7d768921d30
hprc4_L100000_9755	b25533c8a0240c4e0904b46b7c837735953aaf43b37f44dbd1080756251bcdf2
hprc4_L100000_9756	9d9975b0547b97b90b9341664257ae018d56c1a954945c06f4d4c12c7bdaf07c
hprc4_L100000_9757	d083889d85d6e4724d7dfef23c46929ff2e37244fef4928e2a02d9b885f5d4d7
hprc4_L100000_9758	9a47413691283bdbad5373d994e9839ee151d8c55f575b19649f81724083fd3c
hprc4_L100000_9759	fc59179adb6d6b03432be0e98725655e0a03923de50b02dd8ffd84089d6c6aa2
hprc4_L100000_9760	4517d86dc6ffd9d27cf18117c7bd85036feb634d751bed589d03912db23be89e
hprc4_L100000_9761	2087cfa0d6cfec6857433353dea05221380e9d3026196af9de3fccd052becf23
hprc4_L100000_9762	238395847599ef157e022d3d71ddb00d98162116e9edca69040a2e6210f1e580
hprc4_L100000_9763	2309954f22d3fc818e601bc4ba315dc036ba4e30dc481dbf9d1b0d495f4aeae7
hprc4_L100000_9764	50d0cfa34c6499149c85a7a177da8b1e1bcc48abbf7cf082b1c6b9268096b394
hprc4_L100000_9765	000f0c3ab1e6f4ab9edac7f91f209d4363d3cbedcc7118b183074805b1c8fbb0
hprc4_L100000_9766	c253644e33e072886a9847c937eabc76b6d852b0c1854874ae8f05686406dd77
hprc4_L100000_9767	b0f6741244f8d94e8fb28bf8f7f8ab73550063fa116edd548a2935cff8a57917
hprc4_L100000_9768	fcb679ea5410ed8edf071e8117ebbaa24320d798952ebd0ed4a615199d92ce8a
hprc4_L100000_9769	3df644c887003f90ee2712656410716c7a03fee8a601ba30ba45e6a4f59579ab
hprc4_L100000_9770	64de2353eb1b228e3cb52f43eaed245a426311910a90c4f21c2b4d9836a03aa2
hprc4_L100000_9771	785cd2dbbf9e74a0be448c2ba10aeec78effd7528e3d3da5aaed9cd17301552d
hprc4_L100000_9772	0dd944d9687f6dad8a2cb1fbe75895448dd8569729f6b33e8a0a6f982392f8bd
hprc4_L100000_9773	c6ede0d3eaf9d2ee94022fe9cf3434834453e17c1a0d28d03ab36cb3ea43f999
hprc4_L100000_9774	533df084cab6aec4e1fbcef777d406f144bffcf8135953dac5ebf7d6c24c8a3e
hprc4_L100000_9775	df1e9dbf4670c3f12def729482d20104a3640178948ae705539fcf1421aba93c
hprc4_L100000_9776	a057aa4d3063f69facde6bd2b4d6516513f12a495a2e2b2960a4a0c1d23ef3ea
hprc4_L100000_9777	f8d6e7c40d487ec9ab3f836c42b9b8a313563b2fec957f522990761e475c4d58
hprc4_L100000_9778	72c9fa7a235357b6c385251c5911a4a9de3aa225b21381e831a0d89626c0f626
hprc4_L100000_9779	192c385623a499d01396324fb49e9931e8d5c56b6e6147fdeeb0bd1997fd01e9
hprc4_L100000_9780	994c790fa4ab50f3df60ac2d9cd529385b62ed3ab2c527486ff58686299cee1c
hprc4_L100000_9781	ba8c396cc205a3578c96712918a42546cba8d72af1a75e0ecbf8b9d70f30cb05
hprc4_L100000_9782	2b7f7612ca29cfd2d4246db95bf4e5d8244e7276210429bf96d15eabbd0a1c03
hprc4_L100000_9783	55ad2563cf4f88493da9a3d81fd77b3d11a877e0e22fcdf7667832a4dd047327
hprc4_L100000_9784	f304b7ff33928bb68cb0c6f128ecd2b60c00be99749a5624c94f2de6b95fa6f9
hprc4_L100000_9785	dcd372b75eecc821e92e6a2e798866070db598afb2fdf837b1d1e7222e13bdad
hprc4_L100000_9786	1ebd227408b7079e35b449454872cd92d51a9ffa684190cf61b7b094c3a6e3b8
hprc4_L100000_9787	209b3a15581653cb3cbd9c604d12aabdff26097e5110da835985239928c7a6e1
hprc4_L100000_9788	d1b5ef714dc6aac1db057a57d5a98bf71f8ae15f5df13b44c6d3db4c2804db9d
hprc4_L100000_9789	c312d4e75006a2dc108c9afade17e02b1bf6aafbb7b9a88317d6e4e05ce6a1d2
hprc4_L100000_9790	d5eb3e13449c80321f45e5144f4fba041d22de3d5fadadc0f594c69cee99ed45
hprc4_L100000_9791	452071b84028e7e59d1acf8647f1f8b7bb8db1814363df0bf16a498a23fb2e52
hprc4_L100000_9792	a46efee629c35fd81abefddd2bdef892209262154b2b22aac774e85150173564
hprc4_L100000_9793	496ef728928dff442c3ab5616b83f66d5a2abfa8f35fff328d4506795a94a12a
hprc4_L100000_9794	dec583ad9040c83e50af17e27ac73e18b41af1814b6368233057d5a0756906f0
hprc4_L100000_9795	13b37481a786ad042e1b89f1528a550fe29d69b023667951a490f3ab3088ac42
hprc4_L100000_9796	acb79013e2fbc4087bc57dead53992701438418636ab6df3e5f2ad26637b816e
hprc4_L100000_9797	e8f65ee3a24f721ac1e8de272bb78b6afe84cdb566ea36c333f99d61fc987e35
hprc4_L100000_9798	52ad022e8f8877f17a80b54b15ac7f1498f458e2918355c861da6e717fdc50c5
hprc4_L100000_9799	2f63c534e6b85aae2a4b5ea72a78f0490e665be26517a95c9629e438d149f180
hprc4_L100000_9800	f45b3c334a43a817164991ab2a0596ba6ebfa0d9313f25f86aff4ccadb2d15b7
hprc4_L100000_9801	b66216f09e2ad7176d3e5c4ed164aff8ee0665560749259adcb34f6becbb44a6
hprc4_L100000_9802	a966309779d2367855dd31b7b08dc3c253e60a2f8085e27fb63970f02e206614
hprc4_L100000_9803	218335e09b209dce48854b5ad42487800f2b3d2ae95ab00195d4b89666a29916
hprc4_L100000_9804	1451386a278de473c86c6780a787d8c9d29c3921789e46911767e7a0f5d4b5fd
hprc4_L100000_9805	affe0eda6638f6bb0acd378689e92e8e5744ef83e62a59022f7f491975592ea1
hprc4_L100000_9806	820c6a1033a2db67f9a36238df03f50840843fa82c641f4263b134d69e359ece
hprc4_L100000_9807	be39ff82f5c60264a56e92f99aa97972e05040a68e5bd32b4e6af53254a94cf4
hprc4_L100000_9808	105ba7dbd49e4db860860a02642602274e142fd05e95daa147332f0971158477
hprc4_L100000_9809	4a556894c2b56023bd682db68e2182ce2b91f29132aeac66f14b8dd2fa6a69ec
hprc4_L100000_9810	5fafc303cb2aafe8b56d870a51c20af698809cfbb64912816524a99c602aeae7
hprc4_L100000_9811	378ec74b4e3cb41f72148f38baec8a09dbc1f17138fb93e3b23192631c02b91a
hprc4_L100000_9812	b0db0f9de979b77b02b52a180da11081796ae826d88f73546894a64f9b3e9207
hprc4_L100000_9813	3856772fb0017f5a6cc538b318dc36a91b9c91444d0d5079d61f9fbef48dc84c
hprc4_L100000_9814	722e7cd474c9a294fc95f824d979b8be804160156ca0ff3e92e6c5f266ffeabc
hprc4_L100000_9815	d5c4ac07c80d221135bcf79b93d93e77119e9a6f1f6148655cf8bb4c4c3771b4
hprc4_L100000_9816	8c5e550837b484c9d14cb218409bba9101b109c53651ce612fe06e6c59f03bad
hprc4_L100000_9817	90d283faebcca15428ca52c5ac0e5df43be66aa716c48cb568fe9c75ef1a7f31
hprc4_L100000_9818	f3f95a68980d7b81639b6a23997d09828ca9868be55f6f76b487459a0cb013f3
hprc4_L100000_9819	2552321fecf5bdcd8f25d6d864fef21383ad98f7c5fcb7549bd49ea562fd3035
hprc4_L100000_9820	fbd0882da0f29e8f39da73b86b54fd175d4688387d7380793ed27422f209b297
hprc4_L100000_9821	a3e55ba5a109e8d800408b96656190438a63c93287764df91ad3418c4dcad8c2
hprc4_L100000_9822	7e153edb9a5cc43d883bf0ff820a6d54183de8eb27b2fa04e3fc0b8cf96174a6
hprc4_L100000_9823	e77129dcf091134bf9a1ac626e0342870e0e1ece753fcb7fb680e3750476a680
hprc4_L100000_9824	c4fe9f9113051f3a24c450c9f4f204efc2dcbed64ba6ebdc3de536d3b45d5bcb
hprc4_L100000_9825	4af393b01aa9c7b32dfb313318413a5121e856ebe320376c4b15006a2ef42280
hprc4_L100000_9826	2793248d99329c2010cfed1a972101dd8b45f2ee9f037447ab56de70ae5ed0b0
hprc4_L100000_9827	9ef0e2dc3b29b75957e6241444393e0634f1eb9279a789d02d36b6025784dcd0
hprc4_L100000_9828	f34d6f206f433b54d5de8ca78c3f0d445c01d2bd85f39343f98b450e8a810a22
hprc4_L100000_9829	1e35a856a9de8be836b77f0a8541b553a3715ae9c892d3cbdc6d00b22df4d9ec
hprc4_L100000_9830	733c52f8dc188361c3863defb55378ad2ae7a8dd1df3c4c5017751696b0a2a1e
hprc4_L100000_9831	47a022839677844d07a445c694c29b2657a32d3f8717c65fc3e09562e71af064
hprc4_L100000_9832	279825533ab7d3a869ed12a2c3fabe94fb81e5038a907cffa22fcaf4aefccca2
hprc4_L100000_9833	e63dac0709e2a04e3bde5143b79e450f733a414fb284bd38dd0687cd6a1b889b
hprc4_L100000_9834	9855f016d3167d9c55a539cbbb7dc9c90d46c28e9acc07b5e3649d61fd365b9a
hprc4_L100000_9835	2fcb9cc2cc7c91178de21fdecdd1a5e5d6597f7f317678436ac21c4a53e20d80
hprc4_L100000_9836	5e52f559aebb2b400f68e67b0e3bac47152f12c1021834676d549b20bd03d350
hprc4_L100000_9837	54d59617836f288623cec59d2436d02f70aaf9e9066132ab2a61996e95080550
hprc4_L100000_9838	8370bbea14624a856c9f0515c0adb67d136a95c880c098532dd3ad0f1c419f9a
hprc4_L100000_9839	9c32d9129a7bffd486bd1fc91559bce2589b3973cc9e00878bae5e86b1077590
hprc4_L100000_9840	7164bcc420dd0acffea20d3b978acb457e7e2dc322c624641a4b2500f1b3447f
hprc4_L100000_9841	d26378e8fd70d6fa6ee8802d9a4e22b7765d475064e8e8134d15618cc3ba53d5
hprc4_L100000_9842	d5b3d767aff4a889ec3280b9fce65a0f41ed958f7ddb66c85d00921de0a39c81
hprc4_L100000_9843	b12e6503df105e4a50290e7ff22c680a5c89b54afe31a388bc530942033cdde1
hprc4_L100000_9844	3f05ed58043fee16e9279252ddfb1a69b170b25c61ca25c7046f6c6356845ac2
hprc4_L100000_9845	88b8196078a68a34040706f6216dc1da815c0f314034db4f979898f91a811fd9
hprc4_L100000_9846	154e1598b2daa1c00384da0dc7d5e9feb0e9ee62cfa9eb89748c91de12bb7eb8
hprc4_L100000_9847	06a5dbd6464299d04b4d0dc56c017e6be6c879e464ed419a16d475e2a62e5e6f
hprc4_L100000_9848	7e80ce0efe170b3554b74136f1b34266d05da1c815819771bd1333e523610d68
hprc4_L100000_9849	3005a4a54080d05df3f80231b0e5a4c865656099a26e6de6c5cf36a7d1264531
hprc4_L100000_9850	426c5332e9177b08049c1808ef1679fba8b4e18f4b0e7944a7d72d40799083ea
hprc4_L100000_9851	1ce5acfb5ae23ffd031f4dd0ca6f9e874cbdac0bd4e4ea9cb5ca63fc6b07e565
hprc4_L100000_9852	458db36b223ef8fcb653bb367c50871afc43747f09a44f165cf2fdbe2a014146
hprc4_L100000_9853	98d7c8f6007a945c004553e760870c0ae3b8882ad7920d665e2a3573c75f6e0a
hprc4_L100000_9854	70b7d4c45cb65e8d25b5736bfa6571b55e58d9948e65703c4e7e74fa9c4b7035
hprc4_L100000_9855	9f5ab01576bb7a7cbd4491f89c48ad097c281308ba04941b738dab08fbb43ed8
hprc4_L100000_9856	4a88c7240ce3c2294ffb4425c9a6fb4ed09fa0dff76996cea0a19b9708204e55
hprc4_L100000_9857	c44fcdf5430ae982991342f7835a5b922cd3b977bd5df8999ab26490722c7826
hprc4_L100000_9858	dedd00612d752373ccc7d8d6177ded7c8254e5fcf8bd9b5ebd0e56c146be5c16
hprc4_L100000_9859	1dbd546bbf60e0895111efb8bd2520f5f6712886e4f6f0a32f3c435651e4665c
hprc4_L100000_9860	753afe09c59d52774c06e73aaca54e2a670313becc3af8cb4d1b0a55d5a05605
hprc4_L100000_9861	4d3defa13ec0fb4bdb80c219f40d29056180a703c8bb0119f1f93331ee02c93c
hprc4_L100000_9862	e47aaba5765632ec9b8c11cac55207be39b0e40bc5f889a7262cf3c16206cf37
hprc4_L100000_9863	0d847a6c25d8e7aff8a213809c1a3733ce8703c5c274a25fa6a4ee45e23d1727
hprc4_L100000_9864	f30e97088bcaf4def0f549d04c69a1ec27908b0b777b73a8ed9604829896dbdd
hprc4_L100000_9865	9079374ca49f115166a54b4596d855fbfb1b2596ec4c634ca47819f513c888e7
hprc4_L100000_9866	12de939300e6cd1b25e4f78f94a63a61970993998439be646a2ccddda957d6f3
hprc4_L100000_9867	50e4401a1acbf47cd25bf4daf60d58ad8d7179b8dbe0e00c12f240ec0608d52e
hprc4_L100000_9868	b3bf68a4ce8af547ca49967e26cd612df7ee02bc883d5355410b7f07243d8f7f
hprc4_L100000_9869	2b6c2f3306b35cfc8063dc538b345569595bbeb03ac63b791bdb266a44ed0e9f
hprc4_L100000_9870	7b3ea74d344974de4b8d06498ddd89065ca645e91d14d26083ee92651a82a4cc
hprc4_L100000_9871	91a31e1bb6a5fd9ead76b26674d572b410f4bae0ac5543b8bbe5c0ae7f84b4cc
hprc4_L100000_9872	c6fab590975fa1a77c7bb7171bb577a44a3203e96ad9bf38032a664e516953c4
hprc4_L100000_9873	d47bbda788a1d0f9d4d8639db7a6a56b6d37d76d77885f4a3677bf70374640a5
hprc4_L100000_9874	f8bac24c3d18a211d39565acfffbcbffafcc24b208a553c28cf84602f39235ca
hprc4_L100000_9875	e34135d615e122d7f19e5b72b7e9998bd604f2e5336f6659d53b88f8d3f5d181
hprc4_L100000_9876	5787b288d72deeda1869c2154fe32e05b0df00e640d688c273d580044485deed
hprc4_L100000_9877	9c8f4613fa4b2870d420ccf0f72b34cf4cf35d83b4644acccfad3321e0fe172e
hprc4_L100000_9878	a467a9008fbeb5610d081df71b4c44746f0a55afded925c7f87266942ca13822
hprc4_L100000_9879	5f497d46c3e2beffc6c9919a9f01f35a48e6d78a90f4a92fb04e0e7db24ad25f
hprc4_L100000_9880	3df76239a1334a0980ac34e1484958f43416600bf863146a24402e207ff5c39b
hprc4_L100000_9881	5450d12f758624077e2198834977929c5a36e0abb6ae7890f234a8e5fcfa3187
hprc4_L100000_9882	21a1d132f2229602546f6587a12aeeca2364ca7b0a6ddac9e2fb7e4a81c6b9a5
hprc4_L100000_9883	ef3c668bfa5a02427ae91fe52c2e8f006a087a1c2eeafa468c6a727eb2777061
hprc4_L100000_9884	5a0612855180314090cb68dae0b6a1a0b48b380338fc9d05e1c5e8be644da47a
hprc4_L100000_9885	fd8090e8dd2900c1081141a2b1d6b8b21e5fc89edb9144bf3e9bdf98e3cc1ebc
hprc4_L100000_9886	87c41d124ff0f9369ea722c6df0ee423fa0ece4b84844fef29cce311ae43b447
hprc4_L100000_9887	733c528da26417a70e2c5d406d2182ec650672597fc3104acaa1cf519ffd3e3f
hprc4_L100000_9888	66a5293802d72513139ac96e398f9d677209efff25502873e7989f67e8749917
hprc4_L100000_9889	33d8201bef08107fef321bd7409f369fce6662ab4e3b706d24d84b303054fa6c
hprc4_L100000_9890	38ad75ea75a9019e2d76df171e91b7eb074cc331911aafaff821c4949c88a288
hprc4_L100000_9891	2fd0799c83a9df95951b8985894bb4d941f9bd9d44f8b88c92a6ed9902f7adde
hprc4_L100000_9892	5c0aadd0ad00dcc5088d106cb9873a18c48dbbd1ced7b053f475c24d05e94c16
hprc4_L100000_9893	d639d1356794240dfc8f83425f278303b53887cd0d1ea9e33a77d7dbe6694111
hprc4_L100000_9894	0dc48fc1d1f59ab13267ff1c224b3703a0b38ac363d759a51264d8add2cbf09a
hprc4_L100000_9895	b1cf58de8a5f3663de0799f09c031bf7fd52587b33998c269156575eba4c5e91
hprc4_L100000_9896	9c0bb539609ee2f19f05d589554b4b53678851490fd50e12f7b11054792f2990
hprc4_L100000_9897	39c9aa7eef76e015712fa5ee59aea9ee17364105a951ca1497b135364ea75c58
hprc4_L100000_9898	8267020bc4cfb12fb4183ff408ae080eb994acc1e968317a1907c4b6c7158435
hprc4_L100000_9899	dac80193a08ae6d5a3b40e6c8e0f3094ec183607a8df8128577cf78f9f1b9b92
hprc4_L100000_9900	d3af33f6f9042abebd09d23bd0f08bcd6cb696b9c29a4bfec28cc2b543256561
hprc4_L100000_9901	12f3c39ccaf5c6c848dd4b59b027c4d4b154398774813a032c4525364cf77afd
hprc4_L100000_9902	7c468fa8e7578c149b862fa49b4946d7beacf76232010f932b3fe58d63b6ac4c
hprc4_L100000_9903	f5328fcb02c03d5209bb9b9777bade9071b55733762fc8cd38dcac929b2a0795
hprc4_L100000_9904	7305cd7eda0ca5b8729a16a761567b4c9886da09f19a96daca4c457b9ee6355c
hprc4_L100000_9905	c3f5064dcad55c991aa02cd68a047996559318f78da18745be2f4248f4d09fe5
hprc4_L100000_9906	57bb35d71d96155258366fa8dcfcf7836e9ac7baf43b1dacf8e5f02bcd21b963
hprc4_L100000_9907	9c921530001a8b669afd4bf1b358b5ee587b1f560f9c44351926eadb3e7da536
hprc4_L100000_9908	e50558cdd1b962a0cea73e4c1179db976badf80b0b22412524f9d69fd448dcec
hprc4_L100000_9909	f68d8182804c8e929bc4657b7f821f87339ee20d19e6a618a69555c24acb051d
hprc4_L100000_9910	04668b86bfcd3297ad6cf5953616f42de133a0bf1ed949bf8df0d3259a5e0aa2
hprc4_L100000_9911	21436efec7b30977165ee24f818527c5414aa3a2cb7f991858002c0da2765a7a
hprc4_L100000_9912	cc1b075319df4c3a7ea071213f683d1260f5e9dd2668f9118dad9e079c4f2130
hprc4_L100000_9913	740a2dfb373eebaeb7979a8ddb421802cac714f2c2505d6859fe48290bb79234
hprc4_L100000_9914	e8b4a29f6f8dd65ef03c5f841012f53358a7c6de679491e18ff622f9d8e3db75
hprc4_L100000_9915	191e8b0388ca91ed61bffb7a33b9c38680829c31193e5e4071e8fb59c84cff6e
hprc4_L100000_9916	55759a44bdd149c3478e845c7154573d7f090d95fc7cab19125dae21b450e714
hprc4_L100000_9917	b7a22c1f960cd8b5ab06033c2aee70bb02b5c1acea5691c62f93af78cba7f036
hprc4_L100000_9918	2f6c6160a2407f16559e9d04e8a7eeb7bc94b70572ce2411c51e608a0c8ae14f
hprc4_L100000_9919	f9691976c34877bafefcd5a8dc5020830a4d81116f847356c57a05c2126fd649
hprc4_L100000_9920	3a98d9e839f4d3314e2917d722578c52f7c5604ec97bc64e425257afc7bea98b
hprc4_L100000_9921	6f69487f04c91f9f66ec9ac63a3d7ed7a3f128f4fa007f9d645488fcc4af3f45
hprc4_L100000_9922	b7be30bff16408d0ebfdbe553c817a9c6e4826ce743336ebbb79a94d6fa41f30
hprc4_L100000_9923	965b336df2de01908b4d1b289dcba462c0c65e69d95a4427c07ca1221f5b2ff2
hprc4_L100000_9924	5d5892e11225e2da49eb72946869087777565289f6c96e1e6e46de9dbad77350
hprc4_L100000_9925	ade8b86dc16681e4e3a07e60edcad408aa76d7000481d1d1621e7d1c78087fa0
hprc4_L100000_9926	e367f8f634f9d94afc4d9062717873bd014ab00311ae76cbcc8e119898f60b02
hprc4_L100000_9927	eb27818d9be48de085ef25c01babe21168c1a72e6c4ba4f92c8c0dd03271635e
hprc4_L100000_9928	f8c7766bb530dadf260253411aae94c9350279899a0747f1f24fedccf369c410
hprc4_L100000_9929	9006af67ecda3e90f1e80fb99e6cf64e1edfdb7ae840afe682555540a6d198c8
hprc4_L100000_9930	704e9b1c2438449248a9ba3acbeef66a50f0c52c69885331de7211d822336e1d
hprc4_L100000_9931	7d4621e8adb770097ae7430238e5acaeba34efd151d30bf9ceb584a162475e53
hprc4_L100000_9932	f3f198bf0a2e77c12e8419cf2e69bde2f1685b28b9a055adf44d0f11dfddced0
hprc4_L100000_9933	1001d583ec77cd6498ade1e4a7bb7767803ca7a4548018367901abf1387fbbb9
hprc4_L100000_9934	7ba2e3ea1b283eb044c25159266df9756de2cd39cd3fb2e83ec91e7c4081d819
hprc4_L100000_9935	a3b9ec9692c44ed0bdf89f6d91c952e96e04919d40804767843de5d67f5b133f
hprc4_L100000_9936	0f0db6f6a71e97d182a87e8c6a1866e9c6b12c6d22218b1c0761fea041d7b72f
hprc4_L100000_9937	2328a56fe008def62dc3560d6027749ce63d2ea38f62cdeb079f9a5f23cffbb2
hprc4_L100000_9938	6bb85656305d912b2f66aa0cb95c97f9f4dc5ce353c721f76c687f4e27e516c7
hprc4_L100000_9939	941c14e10ff5605f15799849e252519560ecdb31df37b1ebd2fed6ac68eaed9d
hprc4_L100000_9940	3c50fe60a37da5eea42677066ddd069cbf8598cc08ddec410face74b860352bd
hprc4_L100000_9941	822893b293bd88dc39baf676af67aa87a549a9f94d9b0cde9e08431ea3ac72a8
hprc4_L100000_9942	7de0d06d007698137c45ea466676f75f069437d741bfa42a0bb7239e9e98dbab
hprc4_L100000_9943	dd9cd566785de8f97999e43afec9efd31df5475412f32b6b4646556371c1f4ea
hprc4_L100000_9944	b34f727ee7f2d3b98e0266ea92c0aeda41198e16119907bb419e12634fe673f3
hprc4_L100000_9945	6f6058165e1930d25730925d6a742e54df4793066f9878ea9945d7ba2bd5ca48
hprc4_L100000_9946	cf392a798f06fb0e44956e8aaead37e93e467df4f9d4f911da3ae1d68015ae2d
hprc4_L100000_9947	60c406d464eeb6f39c7a243bbee4870076f293a912e849ec9e0b3fa752aec324
hprc4_L100000_9948	0a45a3df627b8b274fa3332aa17c2f947101b2472066c9a5b7afb5d1ff714eed
hprc4_L100000_9949	6454d425026621b3ba8b3f446eea2803106324914c3c0c30f71bec1fb9ca55b5
hprc4_L100000_9950	1c76414a8d098df0bb078c3af9df3e00f170fe930a2cdc1b6e447089d3b1db76
hprc4_L100000_9951	b9ffcc08c2ecec736f53df88720d8d44ebdb38f249a8e89f946ca5181ffb8421
hprc4_L100000_9952	cb658f504ae621d79f6b07c45ec2d448ac2c93558bf1e566ca94c9bf30193843
hprc4_L100000_9953	7bc17510786c2e26550b57b874896a261fbc34e57d36c9e796c352d0c3a33fdb
hprc4_L100000_9954	6c47f72f74c1db0826798442e311fc8cf8ac275cfcd3b8c3f31d02aeda0d58be
hprc4_L100000_9955	04f3359d9a5ae4dcdbd2cb24341fc5439a95600d002aac54f95c1d58c9da562b
hprc4_L100000_9956	74082b00c9fcc70364a3d041226364919996ebdd5caf41d7bc3b6a3d8e4ca82f
hprc4_L100000_9957	05079fd95abfd752c393cc9ecbe68d12535d1b5d2a3e7254e618f4b109c24b27
hprc4_L100000_9958	bcacb7689c2ce6b27f535eb6cd82b4efd81cce56981bdbdb2677258742892f98
hprc4_L100000_9959	b956f1ea60206f7a64be7bf9ef11ebabb810418bc6f76e73700272fb81def584
hprc4_L100000_9960	1f496c18a9c182e168ee8948449b69919431c19af0bfdacec28d7993af0a7c74
hprc4_L100000_9961	23e8ef0a6226e8910ae0e30fb3de4c5a0d40cb088e5321381b8f516751a0bb13
hprc4_L100000_9962	03fb0b9c2d37803b670127a614e7e60c6ba8ed4bb2e4405ffc84e43b751b9fc9
hprc4_L100000_9963	4dfe227dd3694e83f96dc59ffe47de9c8a015839dd2045f11766a818272688c5
hprc4_L100000_9964	d3b8254281623ffa22a6267c75cec8f7f0c9f819847fc56f1f366d248fa29a0a
hprc4_L100000_9965	0ad38cad9585d9c704652919ea00b01c2f7ecbdffee589ec5326cf4e86633ab1
hprc4_L100000_9966	7b1f0315ce66d51349618e07f56a0b6eec9fd0ee2eb1ce36ff75421175c2cd20
hprc4_L100000_9967	bdffa5e7f008c0cef1fcf6d0009161ce437d163c22dbc699660fcc27bd1eafc1
hprc4_L100000_9968	126eca7058f7a40b854b2c75472a0761e3c29716a5dfa78bf81fa2d66366ac1e
hprc4_L100000_9969	3996cd87f7e2bff7dcaa0b137d81702b1c14e810e48f4409d3bd4fe058e12519
hprc4_L100000_9970	498e83ce376acbd9f31503c825ea56e8fc6446a4721ee1fd58d2858a348bc8c2
hprc4_L100000_9971	ba5544cffad55cc8529fa099c3a4449f84abdfb5f4adfb711137e5d10b25fcce
hprc4_L100000_9972	33c3f10dc701e94e2cc78469740d9016ecd070311af5bedabb676d9f12c83365
hprc4_L100000_9973	8773b7f3b8cd2958d79a3c4f50515cca91541c7ad8f9ecfc60a2e54b3eda89c5
hprc4_L100000_9974	b33b37cf2dd4bac73f3c97ca90ce4bb765b8fa3f6d8ee3a4a485a7646ef5c80d
hprc4_L100000_9975	b7d9b5a37857c17e4399f4bb77e108fbf02f6ce142dfed41351a548b7f72fc33
hprc4_L100000_9976	f7b43902381e9d8a6ee7c53a79cfb1d986da6e8c6070d1ded93bb88457b875c2
hprc4_L100000_9977	ce6e104d7343d832caea34ccc0871bb06c918ce2eddb736e3b6da0315c9c5dea
hprc4_L100000_9978	efb48213dec27c1e649ee9b52593024052421d58552933678ac358e6598f546f
hprc4_L100000_9979	641faeb6e9af0ee142d1ca9495346c4bad25fe8ee3d2273379840794401b3ee8
hprc4_L100000_9980	9145a537e63ab0cdf8ef86181d1b42c6757cea15b865048bf1fe71b11f2f8c31
hprc4_L100000_9981	7c92576c83b2d63b8b1e385b4145a8a054596c66a174a31798fb3e133802c2b2
hprc4_L100000_9982	25bd47a7bcb629f4c0ee6bbc4ee7ed9d3cfc0f6f23224fbe37f6f61511177399
hprc4_L100000_9983	fd4466bcd6389ff2b6a87b1cb785829c0983bbd870c64d88aa65681978e5dda9
hprc4_L100000_9984	385fe8b6fd4d0a7dae6124911b2e8741b5a1c9b919a56134aec5e5d33250b21b
hprc4_L100000_9985	4f104b7e3200f5cc3316f31b70034ed574b34c287e7191533524eb6ee7dda9d6
hprc4_L100000_9986	b5f8e0f8f62ac96d00aadaa3078b85468c66fd67990fc234500e85a5c44d8bc1
hprc4_L100000_9987	bbb4c20cd75a7e2d2ab1a0df71b797dcc2bdf4d945b51b593460da74e73d1524
hprc4_L100000_9988	60f889c61fbb83a8df5011b23a8d52ae58ea1b4fa78323b8b226b44c69edd015
hprc4_L100000_9989	12f4b291f0e06996f98f7770bcb4dfe0f0d109cd2770bfc67138500c25410af4
hprc4_L100000_9990	13825eec508243593ebd894763fb203f71a88ddb896f7b78b93cf6ab7c0ad6bf
hprc4_L100000_9991	9d62c182a325fbe556e96043e45d9caf49a9c3a2c2334a88ce8e3c462e7b9fba
hprc4_L100000_9992	c10243967ad4c01fe6fa33f9f1abd325d4220e2e25df1eee548cc0a284eda36a
hprc4_L100000_9993	09422326f7f1d82a17d5211ed04a186ed3dc52a5d5d776c0c0a443ab9fb8bb72
hprc4_L100000_9994	43ff57f4e5bbc149a1724618315f4336d1947813f8b5ef0ae9fc08c21e327d57
hprc4_L100000_9995	9427e1f0b0d0e3f7dae0f9f6454624b98e2fde86cdb0b601c87f6001e5bb13aa
hprc4_L100000_9996	92707aa8874d0f6502fefdb1d37e73f674c1923205e6f588469956fc90408757
hprc4_L100000_9997	59441f42beab3232c4d6788365abac0a0e23c02420ec3417e8ecd3d6af12d2f1
hprc4_L100000_9998	8d346497e0e0c4d60b432131ed2abeba24556f015320f9d91e8c43c27c5abe22
hprc4_L100000_9999	b18c6a5d8debae2ce4e00d90d44ab58bddfc993cb522e36af30546525655ecd3
