id	sha256
hprc4_L100_0	ab799a3f71cfd01ef2788633609a2471b178cd4172092c3e7b92d089b4d1b999
hprc4_L100_1	4fb04ace21f54dbfe579cea7610f948210e0b81909dd7e19a9d56624d7e5aa2c
hprc4_L100_2	ef4c35b41b07ec8ea93eccd3567288227d0de1f78f13896bff638bf5aab5c156
hprc4_L100_3	4eecf1831463773064dca54d85edfc548a05a19e55f57814d99e868537ef6732
hprc4_L100_4	ebbb8b738b49d68153d9727ab93135b80b4f03b35ea79541532b8165e3a185c2
hprc4_L100_5	7f6a132d9c310d64f5866e9bf57a57c0266acda3d3f1fb1f833b849b057cc3fa
hprc4_L100_6	ce0f2671f3f230de65970825bd6c49d52bd7378af78d97cacd0d0f27515eb9d1
hprc4_L100_7	a139669eeee59ea90b342f4a49b8326ac48c2790953d3cfb5b1bdfa190815dff
hprc4_L100_8	cac976438948b10d788b187734e4d5f813c7a5ff1b96eb2ffb91b70b0182d1e5
hprc4_L100_9	5fc90dd3d5cbe2116295310a5a794dd4702dda06d1a1cd07bff29622ed21f51f
hprc4_L100_10	28eec45f45ef1f8f9600cd7909e738a1eee335f92b7ee51169c61e6d14c20be3
hprc4_L100_11	3dbdbe894dc8869ce753a86237775b55298196a49e57ab5e7848dd87d77c2a63
hprc4_L100_12	ffbe8051a5f64911d2bf320a99625c4cb807f2e3f00af15178a53259fe9da0ad
hprc4_L100_13	7ca8fc76eaa68b37f18316889c51d087f5eef43bf6350a89dcc5f1f3022eabc5
hprc4_L100_14	a14f2e5b62dc13395f7bcf111fc2ac494514f4894069599924ec7977a06909b0
hprc4_L100_15	0471512abee06852627a0a50757b0921b774f76e403fd857b5e4b76e80b55dac
hprc4_L100_16	26d6168e02d94a378d3b2d5a61526706dcd1574890f87d90451ee78bbfb6428d
hprc4_L100_17	33acf9a7277778ea4f011f45e88efcc79a28d61c32c2c4a457b69de1ee578234
hprc4_L100_18	8dfc50364b102f0da63219276362cd652f4eea66239bf213d037b8eaa795456e
hprc4_L100_19	50c5f6c321274da66a0efa8702faaa112846ef0782e6950e9a290c160c3bfdbe
hprc4_L100_20	6a15241b6e0d34a80eeb3d6dd11d8a383167459858544c45a6a3ce1106a4b20c
hprc4_L100_21	64dedfe933b50e707ef116b5b27e555854ba849358e36ea0f6d746aa9c5ebf52
hprc4_L100_22	c342b46d2082edd596053bbcf9fec85d906b82adb4f7bd93459a40e4b572ba9e
hprc4_L100_23	74e2f2be1013cbb21cc6606bd26ef9e8a104d3b2b46ee7004219e7d819333e9b
hprc4_L100_24	9605d415372d0c201e16faca01177f4fad8a2c630ca5ddffdda3dad8a13094f3
hprc4_L100_25	a745c18a90a5cb136f9d3f1b1f1446d5b3a4c92513b4e094301b1712d4c4411b
hprc4_L100_26	29298536b5563854a1b20ade0b99696ab629705a18f94103424016228be7fa47
hprc4_L100_27	fddd4ea6c674b96b10c795730ca6c39fa2464b277f8b08e767aa8b7836623729
hprc4_L100_28	1ca0dffeaf73bf607eccf0ff07b6337dc71249caaf4ca1fa829969e1adab6217
hprc4_L100_29	710f38d42c4b99ec36b12666348ab72e027f90109fd30ae7744f329446813365
hprc4_L100_30	3612d4f4ecf3e4427e2983f11133ead875794e28f644e21d2ebd63f5abfd13f5
hprc4_L100_31	8ac743a83072f1a57d4607c688c71cb495c5133750a8de12a7a60ba132133e3b
hprc4_L100_32	d2cbccc8b2878ff71a072bfd12a547bc2020a0c9ccaa56546eac6992e7c74a8a
hprc4_L100_33	61bfbcc4ce20c9614b3b805c2ed99b360cbdbd03e917e7ed48dd65d8ac523494
hprc4_L100_34	350ebd726ebe18fc2d089701f1ec6d9e7e38c1fa86004e0b81659790c7016c59
hprc4_L100_35	004d8ee7d26f1d1a89dc98bff1e78e294f9f06bfdeac8fb25597d30a916e3546
hprc4_L100_36	d4847d22206bb7e9eacd06ca2f5c6726325b87719324385855f0578ab649310d
hprc4_L100_37	23365a5b70c8662a9f9a18f0f6615cf330b8e0f8584e01711f577eb430b7aee7
hprc4_L100_38	2a1d1874a7ceb397d3464679f4b76e818b66944e0ec6422afd970d1410a45159
hprc4_L100_39	3fab5cb20a6443c976146a13c4bf4cacdbbb89979c798234ab0af59ef2da60cf
hprc4_L100_40	3abefcb48db3dc23c9df256ede6915ff42bde4efa85b51863228b15b91af067b
hprc4_L100_41	947cb368b418a7f1fe928fb57df39eb5a0a0379356bd5bc40df2f2e060a9fc02
hprc4_L100_42	b1b8131c48ee38e366da206e5901c5c979a136131d3528870f65a5c6af020e43
hprc4_L100_43	09b39c3fe0f8ae2eb6b59c6326d74c831739fc700182698de6092077d1ea497d
hprc4_L100_44	d9a60f505a81731934f56c60a4645d3be6d6901104e8468a4059b686f9533d1a
hprc4_L100_45	069e0a7ce011dbdd16cab437d991038fdb41cc6815fb9a051200a7e274a69c29
hprc4_L100_46	c83d512fe37a9df3490f36c8ff7823fc7ab51cf8c5c66c646fe8fd6ab51b615d
hprc4_L100_47	4c291663cf434fdc260e4928fda61c2d0e1fae77bced5dbfebe7a99ccb9eca40
hprc4_L100_48	7ccf553f2ca805f50fb9e47b0d9a9dcf9800cb37596cd15c012e638d54d9b7be
hprc4_L100_49	8d7fc98b53d96c095dd894ce06adccd44ca2a3dd81c251ca92d2da5ed7264d0b
hprc4_L100_50	3320d23aa9a8d45605eca2693ccd4b86bb03d255714a313d5115a7426820be46
hprc4_L100_51	ff43e94aa04f40e7a60a7aa92412f333308d8d6e7dbb4ec7730aedc91ac08cc7
hprc4_L100_52	8e4245621d45d4e17388bebc7611ce436c61c759b135e3d898dce6944c30aa39
hprc4_L100_53	7d264eaa19a3491247ec4ae789572ac598a274ce0c9037293eef956aa6a42c5a
hprc4_L100_54	90309c70fd295ed786d1929b6b5cf2a24c87f7f15d10716916d2f99453883fe3
hprc4_L100_55	b80ba9a8d7a6ef4cd725645391d01f4365dcd06ebc487d95b62329402a26c846
hprc4_L100_56	d252fbcb4c9d532edc12ec1e2a5db3f3db2617f93cd9192f18ffd12fe9b70c95
hprc4_L100_57	622d1b90241f01a17d230ad8faa5f42f9dc1be2eb7b3553c06a98078aeda7cc5
hprc4_L100_58	a0dcb3ee14a8d95023d83449550aa4524a5368da0d4a4c380097fc4407bf91b1
hprc4_L100_59	9c7f2f28d157c0680146b8d7751cf999b5cbc21106c3967db9f262576e6bbc65
hprc4_L100_60	49aec54670fab7175d92bf5dc00b9a8750502606a2fbbe662cbb128158e05b92
hprc4_L100_61	b97b8fc3ac2d45b60ead39ce7eaed68173e988a7cba081bda636b1f5ea001b5b
hprc4_L100_62	852178dae91cf0a4bd2bbdb62aaea5a2477c192443d2f5f8c2c291339522baf6
hprc4_L100_63	488e22c4c3885b9325235fc2c27d03c48e59243352817cf4644c816ee11f7e12
hprc4_L100_64	64033bc5a0230bfe6c56fc0021950318d41bd5460186f962aa305e364cb93407
hprc4_L100_65	1a230c40178feb30b6cd53799075baa388a3183d71d455949fb7270c37ff3d1d
hprc4_L100_66	d407ce7e0e7fc9e4a86f4cb454713b454f06461048da3ba0105425df56eae943
hprc4_L100_67	9696ad3b426ea02019bb9d6e796d794dfba960f0ab9092d985c9e88b7dbb2ee8
hprc4_L100_68	5665f682ecca247656620d6d9d35f12e8ba3e906b4fcebe45f402c950575074e
hprc4_L100_69	3ea9dd8c51dd2d27d72faaec1e6aff60e0021b3a75e57428ceed235022c56480
hprc4_L100_70	c5ea753b7b4931c3a6afc6fae60d4d261a942e126c7bb0eae2564e131cdd8ebe
hprc4_L100_71	3c30da7385aed187e6b4c080737f944821d64820bb8bbd4fc9a110c24ac1359e
hprc4_L100_72	846c9b0f3bb072affa982ed140cda24969418871352f83b540eb06965a6ffe0a
hprc4_L100_73	2b8fe9586b13f4b0f4cedc7998e1f54a1e1a05cae6664e1513606f162c71d70f
hprc4_L100_74	0c0ec6ba3af2644a59a8dc8e7198fc50949ce486b0e8ad36319a94e47c1afcef
hprc4_L100_75	8dd393dfc3da2b7182fc65ed4397a7d874aa931d8866a457964e7f53679e8b75
hprc4_L100_76	017c3cfa752c5459b0fc2f2777292b764be8d8ea0655c18f426d8e17c18cc93f
hprc4_L100_77	e4db53e4d9c965cc0ea886ba6b90a9619e9c76aec0c24d2158bf08e8764b4b60
hprc4_L100_78	73e97526d3d5862e16e73bc80652d1f3b09a94d0c5514be604b3fde05ed1ca49
hprc4_L100_79	1f9f29d82acd0346fd2bf9b1543f4382a77e2ebd44200f0c1b51564f1da8210b
hprc4_L100_80	b1890957e15c51431ea5700ea17563baba34d826e411f0bc174e506efbed3d1d
hprc4_L100_81	42bf351c4cdb662be2f30747555c7ba829c88d67d374b2dfe3ab95e4a52736b9
hprc4_L100_82	9379dc5bce4c2d56fed1eb033458bb3b8a5b28f739f69161f2509fcb381b67eb
hprc4_L100_83	3ef7d22cda61205e52f5f0a483ec36a8adc5bf149d98df1977aa74b7cd5ebe2f
hprc4_L100_84	f2425155f10736e069cb80d397dd875186ba612bfb02c3a2efd1f72974156e0f
hprc4_L100_85	d3c967a0717ba236de5b01ee303988cb0c2d8fe93ae2ce5a59e2af988015092a
hprc4_L100_86	f9ca904ba5469d098be997bcc1936298054ba8976786189731696661cbb9dbdf
hprc4_L100_87	4fed527e017416eeeb7e6c513d45f9cd2d1d2e7e9b7c8c6899d3270e01ce9048
hprc4_L100_88	ec5596605e0e5b3446b81d0b3c3c33d18f89a02b52afbf0aad497cb92b6df9c7
hprc4_L100_89	4acb7d035ff32400c2f79354f4fe3d6cea62730dd1110e1f43bcd36345c4c67a
hprc4_L100_90	31dcaf0b3907202cc783dc2b284559ef49a89e69b3a0705328e3dc6f359a559d
hprc4_L100_91	c62b14a5680200fd0bf2a5046bc2a9d60b703b2547dbb2ca7e47c9ac3b14726b
hprc4_L100_92	2c470abf659d8c7f6ae239244901c662f37bca0c63c71c4ee618dff966a9cea1
hprc4_L100_93	3abf4d70615aa7ab6ee34ff8bd66d706db159e80e17fca713e4b8159341fe459
hprc4_L100_94	33d88d2543ecc874fd642f0e4c11bfcfb1ca5338e1b450106037e736c4a89289
hprc4_L100_95	91265d41d02445c3a0080e3ed62ac6e18c7099d7ef98875840b2ad5adfeaaa64
hprc4_L100_96	b3303b532907615ebd2bee989e3aa9d8c6eaf5cdd1c84f2069c1fcf09787f446
hprc4_L100_97	335c4e6957fe2b30c2be03c53eefd71c312db6f752d07e6dc1d81b06c9916d19
hprc4_L100_98	8a4c7f281167664d3eb6ca244ade55778fdea9cc01624d3f0a862c2f22d6f78f
hprc4_L100_99	fd31a4fb4db3459e5b412596d5649b22f8a564567334a792a550c50496119160
hprc4_L100_100	56c27c380007b52c6202d0ec5bf3c3346117be5be5f27db5fae920e6d0f47a94
hprc4_L100_101	a57e6214065198e546abf672532949b35ca42b269483adc30bd26ad8a57bef3c
hprc4_L100_102	4d93c8d2ad6d9078da40f89be172492be0beb64c9d805ef63599f455a64b4179
hprc4_L100_103	1ba3f243f557a4944fa00ebf1f5af2956e1ec083b794ee778288055b729a1839
hprc4_L100_104	98042f43ca8cbbe6fc07522ff861040600a48cef43952a08b89e11772fa82ab0
hprc4_L100_105	09012847eef71d6630fa3d4f7835fd66681b2ce9e2b4863a7ff87e73c1aa5069
hprc4_L100_106	bac506988a1f502e52a3713a1e33354f569f8de22056d96ba39fa38f907c3cb1
hprc4_L100_107	4c08d0d9be3220e10f6122d32b940420e98feff7ca78f8e6f1696102e88e7471
hprc4_L100_108	87ca9ed784d8b5c102231046e762e5ff7db5e0563b2d15c4f6fe00e727d6c8fc
hprc4_L100_109	ff1b26263becd3d17ceb4e98dd5c65f71e7c8039d8c4ea425be49de2e98cdfb6
hprc4_L100_110	d72fd1593e547fcc7b7a3f77d57e771e14c53675f8aa56e6538857a75652e473
hprc4_L100_111	48f55ff9a2587bc3ca1821c12892cfd0b8bf3b1a6d851eafa633f646e8a09a8a
hprc4_L100_112	e1c5d583ab580058ce59e63c0a9f8ab543487b2e6e1feffebb1a12bb68e1e4d1
hprc4_L100_113	0c3a6781bb96e3733ac191fb24d97a9cf1a294c74de0634736abfeed68d080c4
hprc4_L100_114	820d23faee71c447de258bca71494e3afb9b0045b26ba1b34c020e62a38dd0ac
hprc4_L100_115	a4c5ff87c173b3a5e2e9403d5248598048d7d3fbd69a2a593d299da8884b2268
hprc4_L100_116	10be9f9a8ed41ec2e8dd105c8b133d15934100ce01d953b8d2bf76d6e025baf4
hprc4_L100_117	203d243bd8eeeca3693d8d620aca1982de5b564824f7b44984b5832214b72efb
hprc4_L100_118	fedf3ca532215652e105a1f2e21579e6ef3619d7f2279f5118a3d78df79f99fa
hprc4_L100_119	89635c614b7a918d787e0eb6b2c3fcdff75a725d158fda6248abbd3407f20c2e
hprc4_L100_120	bc38dc605a1dc21645ad03ebaf0186393eb5c35569b9f133931d7e55ded4b484
hprc4_L100_121	962b88f7f3a794b6fd4f493e5c19f971c0b24a8b804d66308482863837e38a5f
hprc4_L100_122	e93f7d4e7da810b3f841a6a27f046e1ac5d6a6685ee872118485e5b1f3fc9b37
hprc4_L100_123	21bb409dda9b566f01e5698a3fd7b4ac357399bc7df93ca6d60be3127a4810b9
hprc4_L100_124	f0e962718f02be4d6c459caf60c13983ed6aa6a0874e9717b3e78dd509ac938d
hprc4_L100_125	060143d05c4fe8fdd46d850fcd4e3c81ebc406c82f192c1e3897c0809b0e0df8
hprc4_L100_126	a01f617e259502597d8b38850f57d5ac204ac5c5de3f6c9c3aa5bf139decfbdf
hprc4_L100_127	39d8a3d440c7108ed9eb3fd214ea14b7fdeae44f8abf74804d3bde0a531afa17
hprc4_L100_128	c1119fe3ce72704f814bcdbd38af2468d4f87087ea78baa3460367d1282adf87
hprc4_L100_129	1ecf7d581d4fabffb34b8ec6aa7e35837ce50f45ff77334393b206bb4820138b
hprc4_L100_130	3b96722e7493fb6df9a4959c6afef07884d7b94ba109195b52149b4944cf3d09
hprc4_L100_131	17d734472803964253fb2a3a170951064f4e902cb4dd22783bfe19bf5e86d4ea
hprc4_L100_132	9d9efff5f2fcbcf6db7857789d2a82f4386a87f56bd2b71da7ccefafb2303e01
hprc4_L100_133	fb29322672ec250f1247c5eadfb5e8cf342c112ad3bfa3cbbbcb4c72bae9fd9b
hprc4_L100_134	e6f7f0812c6a2aedd4ec80eded7684e7a0f764ddd61c0c82441fbc0f94c22f7a
hprc4_L100_135	3f338ebbf40b7ad189ca14108465f8bd3543ce39232f0df95c583b37210a574c
hprc4_L100_136	c2b9e5559e087b4eec54e935e306d0600e8d30152d1df8a51397c61622873513
hprc4_L100_137	8353aed9b7cc0ba9f7e8cf1e6f567688b78a7d115f5d1948249f240c2a606580
hprc4_L100_138	f78b8bbdd634f44fb0aba9895a325360be13d937ba493344b8162b590b3c968c
hprc4_L100_139	b08d5878d133fe2f90cb19186b7068bcfa32057cab3ea47b294d5c4cb68037b4
hprc4_L100_140	fb306f274a9da58dcbfce179f77c7df7126551182a3a14f8584dca3f36acdd1c
hprc4_L100_141	8590a1194119dc13c5ff20886faed775735a81d4ab5a99835a5362c35029ad4e
hprc4_L100_142	a91b1e0234d5d8eff0113dd94f6225abe07c7a0262e422cb05d07cc1f42eb14e
hprc4_L100_143	f0cc29efa1e56079d97a63a0d706e77cbd55c0802afd34af23dc0f216fe81ca1
hprc4_L100_144	3c2a1709a7ab40c9700ff8aaad2f22149cfe686efca608ffec7260027198ebf5
hprc4_L100_145	7b0d49d601d8df6b675463100313070ece52cd6d9baac97c0434d16c0d328aa8
hprc4_L100_146	fbfb3a8fa62405758fdb83299a337c6ef8e960b9c8fb82a849813e8af37dea2f
hprc4_L100_147	388b9e3a6430104624e7aa49e7602af47662cbbd01280a8a0af024b9b2c607db
hprc4_L100_148	779bbb465c7f66a8c6922b70bf72802b6b8361e4c983201f113ed6e0f43f9278
hprc4_L100_149	d451be512824af27ac726b37148ca43f12f37b44c8f423bff9e3f64d126eed2b
hprc4_L100_150	3eb4eea113785fb3777d455ec2b01bed0e02743fd84193d78f0530eb5534ef98
hprc4_L100_151	456905cf0c77b29caf9bf7b9dade44903f6f06288bc094b9618c593c8f220ca7
hprc4_L100_152	9ad732bb03875b56815aaa801909dfae610229290901a82776c9c7b8ec37b3c2
hprc4_L100_153	4a7acc7ff41a3f9671957fd56aa6e90a63ce226b0ceefccf85d3de3bd393a6f0
hprc4_L100_154	59272c9dcf10bf61cc7cb1ed2e043c335633bbc05a488ffa7cffc8a1f91ec683
hprc4_L100_155	f14d77e291a32f8fbff8a3f9fd09719357f8dee361d4c1775b8f66f6d53e033c
hprc4_L100_156	dfd6001dd1ad32f1dc8e67e2eb482c406c680b3adcde5dbec33e33878204904a
hprc4_L100_157	e151e6d746845cf7563be1c561251b24ae8408524e92ac0933e750e365f689f7
hprc4_L100_158	f838ae5414d20e11effa7710e8d86e8dea6e351b56f047f0ce8e803cf0b5aa9c
hprc4_L100_159	f1936bd05eca1dbe46678ef77b40f1cb6d70eaf9cc3882a9217c9a2a64fd8963
hprc4_L100_160	51357bdc96f4589619b7107d97dc7e250bc8691b658c98a89d8adecb42f78bcb
hprc4_L100_161	42991791878051b5e4dd666d7b9ff8b5addc6fd1b48beae056ab7511ab585e26
hprc4_L100_162	d420bcb8db5e7ddb5037b7bb45f90b38fba55409d131adb16fc3ff15c86718de
hprc4_L100_163	ae8ddecbb51878176e81ce5d1e696b8d3384e7218b43994ebd95b0039d94e5fc
hprc4_L100_164	873e27315e37a5f118c3f2cdfc9bc180be52807620e757ee00646dac12c7b5af
hprc4_L100_165	d43c6ae2548f287bc78c3a847b21e7fe3fac8e4eb8f3252f9441efb60a76f242
hprc4_L100_166	0905103f3098e419312c8968a8234780c781d1bf7058d58e170ae921d2f4d1f9
hprc4_L100_167	46e2261736c64b144e353141d4b7a33f7dea73631e49865793db4e409a9ae3ed
hprc4_L100_168	a51eb1d2cc6872d1f195f117a9f03cbdf1248504af30ac23a2d3101b9953f8d5
hprc4_L100_169	07e24a3d8ee0bf64550871565720d19a84c1b7020d4be2173570461c7592041e
hprc4_L100_170	83a2d08a6870d5ff0ef4f3c1414798c97ffeba984afed825d98c74f059a7e593
hprc4_L100_171	a971ff3b39e1ded5955a2d0c785bf22ece42325b79d93c8a2977340d0c235739
hprc4_L100_172	aa2e85fedc81c1c29076de8b49e3b4d0079363030b03d88f254d097daeb81a75
hprc4_L100_173	f4a3847dae161d49c3f14c07437c65f75c1634f9ef7d6bd9d7e49ed5490b2474
hprc4_L100_174	f07da2b4b1b8bbfc494f417b5d26e6e4d977178f1808bef5dc7f36fd1fbd5f67
hprc4_L100_175	c755da886e9c9f854663031210beab71c81ce73982e81159949c1f3e56ad4eb0
hprc4_L100_176	7f076ac1432a963d885221fce93e85faa101847467ca3434ac811803eeb3bd53
hprc4_L100_177	80e2e0263c053d8dd91ab079293e103b0428cbaad189947816e3142c1ec17b04
hprc4_L100_178	83e7c58f61286c5bb412457de92af88418e6e7a414084e3183643a96aa827b3e
hprc4_L100_179	3b903580e23f1fa94fcc5ebc5d68564be7b6e99e4bc5c3ca5b92525582d7d0af
hprc4_L100_180	6889dff10860922b333f3d2bbc9f86c0612d5d5864e82f9b8ab1c2ce1208faa6
hprc4_L100_181	9b1a7387771619af9906bc4da39cdc45b621b98263e1460edae47f6d7fb65dde
hprc4_L100_182	6ca15e0357e33caded5c8bcdfe4dbbd4dcf92fcc31da915f9202967361d3077d
hprc4_L100_183	58019c5b45e23e1fc542da7c161f622e59568a1afacecec28a830f5d38a17991
hprc4_L100_184	56fb4c63c7c1594320015a8fd27c3c1947f0c2343a869a93bb965cc2484e9103
hprc4_L100_185	22e254efe731d87786f242c6498ae4345aa28fd4f9ad1fe3cb04e23c2108c471
hprc4_L100_186	2339f2099c4b52c8287d936ca1be60b97ebd642c3d365c8591af59c19da3ade8
hprc4_L100_187	08cf37f3b5fd8281b96f0abcf889cb59d258858aa88efbe84e876e915e0a27d7
hprc4_L100_188	48673d9f317763ee97569fe0f9db26abaa9e394a14cc39ae76380ac51c67141c
hprc4_L100_189	c4a01332d8b6ee94e0a1d67c00c50374599eedafd4d479a8866a346af3e43e78
hprc4_L100_190	3863c690046ea51da4ae24b1df5cf2dea35f746677e48a41ad300588b8aefc68
hprc4_L100_191	79d85f9ff6372137716e3cc86e1afa3954ae7cbf5fb9d7ddf9ce3bc3409ab691
hprc4_L100_192	996521abb0aa35a2ce812a48db93f0971c29cb25e029d3a1de1fc4af937406b3
hprc4_L100_193	26b5aa1fb427c543b6e5a30a7fe4378246a4959c2032e97d7078e3bb0dbb0198
hprc4_L100_194	40fa6901e0055cfeb848cbed5b0577e427e58d7d8dca2ca0f7633194e342b255
hprc4_L100_195	73a01278aa9c7835f054a17ecc9a770e70881a7affa6c7ffb4c5aa6d70d361ec
hprc4_L100_196	859b4fb262b382eb76fe144058ac3191ae775ec7ae2fe5b9dcce887f7d3e4430
hprc4_L100_197	10b5d014910ad93cf36a52f798c7a9a980b54a7ceff248ef5de055e7275a00f7
hprc4_L100_198	6d1e9fefd901f9229ca21ceac8d133837e7941947a6e6c4ba4466a75058b7067
hprc4_L100_199	4a38eef8feee90a99f96efe0b84baa84df54cdb2c0be29fbe004bc157bb4205c
hprc4_L100_200	ce9dcb30ca6ff910b45f8b77316ac13385fcd10e6b21e0ef54c01d1f8ed5af58
hprc4_L100_201	dfe190d7bfcb83d619fcd76f7dffe01f610b66b511ed2ecb9243ebf2807c3d33
hprc4_L100_202	44557a5d2e85d29d41adf5108032dfed5505b049fe19ba7e66c5e7b811bf8747
hprc4_L100_203	b277cd81688e30e700993ea248c0b5037ff794929c8ea5a43fd75c9b85f60921
hprc4_L100_204	a40ca6e9df84467656621c1f9fdb57244dcb14fffa8c72e3053d69e3ba98caa6
hprc4_L100_205	54a566176a5d16114fd05d2f69bbd90d4a29fddfec6718dcbd7af0589c17aa91
hprc4_L100_206	21d08e7c32b68cab9bf9e5e768e29587e64bbc3affad190002b3ea97a167be04
hprc4_L100_207	547b36b2f50282008cf7ed2cc836c79023a3d007cfcd3ca82af443d6cb95538b
hprc4_L100_208	3c9550db6293a96812bbe335ccf6f03823c79d7e668d642a4d6a22797d0b6545
hprc4_L100_209	2034d18ea5dab951cd44ae5c027822b0cdef0219c7577b1f3038db3ac46fa08f
hprc4_L100_210	f659570a98a92aa2b8c4a12a1e4e27534787f7d7ff138748af49594f274ec8fb
hprc4_L100_211	1ebf69a6515e451a70b77ff1a1105aaa5ab0183e601f24c0a42aa04233be2e83
hprc4_L100_212	bec475b041f91e2f6c64419db7379064d37cbd43f9f0c8672d3fba79f85a8a12
hprc4_L100_213	dfc16ac4e1944542d37cb1ef96502dee103d0b47e319b0d04eb3410a2c83d260
hprc4_L100_214	6084d22522f5b47677dd516a53d2739ba44951f8e71056b0dcb130127ccdb445
hprc4_L100_215	b3b19e01e383f5c5d3f366b4bfcd037d07eb32fad69716ba1e0770a0933b8cea
hprc4_L100_216	f9a47c41bc9bf915c2301a7ef10b9c84eed154c304f543a47ae34d059c6039d1
hprc4_L100_217	f38e14ad34e67bf084247d7c917f62d5f314007eb9f07c6f15b48f6a91934da3
hprc4_L100_218	f8bb84692bba23da8bfd18e20f1429641fd129bc15134dac29f9a24d0fef8f28
hprc4_L100_219	148f927e6751e68e375af8c3c23e9583c2daa5961f35ab7d5cf4b9755607f7b1
hprc4_L100_220	271aff1cb25befbcde10e83045f0f23b8ec5b867ac3eb1351109331284cf6c7e
hprc4_L100_221	09ef53e2bde9bf2a80ce61536480f6859cbe365b56e0740d8109703cf21fba62
hprc4_L100_222	045d38598a2131515c1c7460530cc81bd8c07d2b5dbe70f67f65300572e6c0f8
hprc4_L100_223	2a846a1a399d071a6f6c05c597d0e4f5c2b891eb7c40367019c9d61dd7bd7e7a
hprc4_L100_224	2d709dbf807cfa1786628e05f0cdc2f4d764f8a61433184d7543f2872bcc6674
hprc4_L100_225	e7177d5d512dff41222a9ccea0d3643f30d896400b4ff4fe83da3f0e451b9660
hprc4_L100_226	036900fdb3f2393a411044f6b131424e4892fbab7c5627f42174757030d67d23
hprc4_L100_227	666dbe6cd18eb9fe99466deca7f7b0e9338cfb1ffc1dbbae66db1b6f808eb3d0
hprc4_L100_228	28c9f41696502c983b99e8c8579212b0ad8bd9308241ae5aa7d63fe1c03d3f52
hprc4_L100_229	43cae36970f320686e99699bbe2eedf11a6a27c1e372f0f8285aefdcc902485c
hprc4_L100_230	4e72e414005f1ccaafa9d31a2078aebd44467e9345f6e805203cd8464c2aed9e
hprc4_L100_231	dd67e36445f96d8acdd68089769bd72595a69fc475abf1e6b9da49781fddc8b8
hprc4_L100_232	b5023a67216bd22eb3b5ecf7c06d6bb9e4bf82f0e12633457d85cbe617f1db95
hprc4_L100_233	d6332c02de9c7a305866232357da309cfa162ea48aafcaa84c8a58e243831a16
hprc4_L100_234	92b6e8672ea267ce8ce501e607c8a39043976e5af05bf783b104fd7e6db785ec
hprc4_L100_235	f013886966af65d01328fe091304178df8f5feb39f38857b1636b7c973b9fc8d
hprc4_L100_236	afead9dc87e8ba97b02a5673bbd49f63e596521969b3e0ccc02b45456365dae9
hprc4_L100_237	4cb2d4497880833f3413c10d539fc2e75c57fa3267810090bcaad5df0e33f41e
hprc4_L100_238	18bef27aa89ca3b7e389d58866caea62763b800df39a87811a372c2a13f5ff84
hprc4_L100_239	b3e92b6741a1cc2ef96d6f4c5dbacfc71386385d3fae5145b3bf27c0dc41b8ae
hprc4_L100_240	8006f9323c47712a1b3f74b13a5524eb13d8c1f814d1854070bc46d01cb69e98
hprc4_L100_241	4779557f2f2b40434b15b607fc8fbcb4aa730f3de6bdbc176bca46092d444a8a
hprc4_L100_242	f25cba3c7c10fdced3abb921eb3503a5e1e220bec8f4df998be3b3b897869f2d
hprc4_L100_243	7155254b206126d80fa3708780bd88f6a45c6676f311af00a6b7ba70b75d0a61
hprc4_L100_244	9deb6d15fa63d102ad9efe3f18b22f181615eabf9fc39c4c196001566e841f42
hprc4_L100_245	b6147e88ddeecc9731379116391024f6aebdc6e87be9c3c8bfc81ba1f82cd23a
hprc4_L100_246	53085f44dc83f8863b05aafb1e876c62ce7d65839312438d5a750c46d23d48ee
hprc4_L100_247	b271caedf0feaab840af989fa33f2668d0f58d65aaa2ebfcb71a6cc6ab76cd69
hprc4_L100_248	f84c40a8b91b1eae0c06d2d40f678cd1eddcd6b1394631e568628e370df16c65
hprc4_L100_249	d57771b31619c1bccf2ec055cf966396db720a75bbcb89f669f5404c51074b99
hprc4_L100_250	bd00ed3d821e92222a53a12c3b60247db58e3c8f4aac78d353550b98c52d7866
hprc4_L100_251	0248f2f4884a452381dcbc418c6dcd1e3f431fccd44999cce95d8edd7c07b8a5
hprc4_L100_252	650273e59a838a79694b2fa002b09ad80fb54899d884d60725e76c562a197f68
hprc4_L100_253	6f021c7857096402ddeefd252dc455301374bbb69eea43ab9c46d6755b3ce5e6
hprc4_L100_254	8e9ab4226a377677d644cf5c088038c65bd8cf40df9b8c6bcd1b4d65ebe8fb60
hprc4_L100_255	6d5df1e8f01f004e1a625f87adeca608269c40ae3d5acfb394374fd3f59704f3
hprc4_L100_256	58b3d8c6d5cfde68b5710a0c10f21410bf69833a74e81bf2a80d027047aefe35
hprc4_L100_257	c90f4de74f7a83b3cd9f28439d3126c16933188bb2dafeb3c49820e896604e4c
hprc4_L100_258	2a72e0f734c35fbf772f92b9ac4b360b12295cdb82887ed0281633e7c36df31d
hprc4_L100_259	38b5bc1130ba117677299654f16abea43c05ea5c6f4ec4f967f62d0e5fc81369
hprc4_L100_260	41776c95061f6782907ed73c582fe2bc8cf9845c46dbcd88f1d698f20ab8bb91
hprc4_L100_261	6e017428449ebb1c34ab982975149cd73d97ae546e0dd0920425a58a140aaea2
hprc4_L100_262	6c3dc16506f0bebec42f8b017a5cd90213bfbeb8734bb941e2ba6e130453ae20
hprc4_L100_263	62d9bfc696490168d5197d0c33deaec54ae76d85272ebca1e24ca518145015e0
hprc4_L100_264	c807bed15b590bff11f05898263f7797e0344028c45435fd493810a976b416f9
hprc4_L100_265	6bd38e8659d679d9e202e18092db57a83f629a25454835bc72aa48421d44185b
hprc4_L100_266	3b3a5b91326601cb7bd3a384ffccc62fd376c9020a10db4d799396d69ca4fad3
hprc4_L100_267	66ccb16f58a326435405eced3fe0cae0794cbf4aac73c94157ab162efb1ac282
hprc4_L100_268	e270e31bacb036f9b7c6355db6e6c26b6142fceeda076f23888264f1ac0b8e4c
hprc4_L100_269	5701999080901da27e77991a4a72fa58a23ee9625f4c84287e82f3c37ea6b30f
hprc4_L100_270	48e77c13a943657d54f7f77e3bdb708fd2ffdbb24c3a84c2f5e9008ca256c656
hprc4_L100_271	cbec198873f98988a740c84402b3ce10f312156e4f849aff423cb763ced24178
hprc4_L100_272	82cebc6ee8b0be17a20b643423fedf713eb9aeb5ac8eeb1364e7a06c2f8df1cc
hprc4_L100_273	4a7dea6ffb385778a1fb95014c4ad43531d72a0118de5e12461954ff5928f89c
hprc4_L100_274	3b4e727da9ecf14ee46a517e1dc3a517ed13cf8b3e8326b25074e9eff12c022d
hprc4_L100_275	f88166760d2686927ea98b42c74130e433aaf5c6d28706d456d3714e9f9a1f2e
hprc4_L100_276	0e4e64139b6303dacc85cbb6d8cb33c9af07a1c22f9d243952d03e458116fb27
hprc4_L100_277	81f9bd27d880f52b046f5861888cb31f617f94eddc942a4399924a1f7cd6e1b0
hprc4_L100_278	9e8e548c17c9379d773cbbfc704b4f7e48d9daf1ab21ec7fba2502b50d6b0255
hprc4_L100_279	ac6d3942abed4fd7af663e5caf678fa23d56467552c2414c12b5353526f74335
hprc4_L100_280	a07f133dd5907f69c0a2cbb70b8f5df410cf7c11994b7bc92ef4ad933642094d
hprc4_L100_281	3a99edf38aa7512eda902686eac535cc35054711cec757a2f1831262b39d8ec8
hprc4_L100_282	3ab4dbc70aab99407ffbb768fecf49748643eca7fc1e983908b2bf23c514c113
hprc4_L100_283	49b16722a1c58187bb57dfca7ea9bf88eeca2d3c0afb5f443baab3f78e9ce24f
hprc4_L100_284	0fedac67009dd61223aa8f490b3f074931d1d3216e14dd24c7fec743125e551a
hprc4_L100_285	6b9a45592f416332e97fc74a2a3acba1f0f6730e68e1d335807dee689f33f26d
hprc4_L100_286	98ec13c828f8e8e81c526b30b7db35678321618992e0e7392be08da0d851277a
hprc4_L100_287	6dc7b46bee4abbd2612f8578be6012092b1e62ade7170f77e325092748340f68
hprc4_L100_288	ba2c70f1412768bc118699821f61d522793369deec8e0bfc4632c68bb6838217
hprc4_L100_289	59c6f2c1a49869e00bee120057890eae1cfb9b4b204af0fe4cad54e179cab472
hprc4_L100_290	68be3c8f10d47b7219f843f8f917a2ae489f0c7f339d04740f814863636aea93
hprc4_L100_291	80dd0f9ea40b4da0d1245cc59155addb472a9a312cfc239fc62665d20e4f6a63
hprc4_L100_292	b57cb4a0c0d1c98d33b145d6003ef18f4193527bd0ef63c780eaecfca8b63cca
hprc4_L100_293	a38b8ca9d2adc1ad9a31bdfeaac340613bb25884104384c3e8b4159e2fcdfaaa
hprc4_L100_294	3453d2888627384e6fdd39a078346e15b3cba167f9312216dee9e810de311a61
hprc4_L100_295	9052576e093f96434c7e250c89ddd3d8455838fe80c5de001d78318b26fed379
hprc4_L100_296	2881a78510b17c0ee76a88709a285aba588e3c750c18999b1e2f456c100d8f26
hprc4_L100_297	90eb441ee480fd0bf5c16ce2c2c751f81ed1be99d62536b357891fee04d84c3c
hprc4_L100_298	88292d00884acfec7cc91240783236c7ee6713851bc081d3f88523b1bb464065
hprc4_L100_299	0f2ae0c76bdaf613a2bbd6ab94ce770724ed3b5fcc8507c92edc09f122a4c531
hprc4_L100_300	728fbc6eaa62b6a073645e8e255985197977c9c010dfc4dd32951ee9f357772b
hprc4_L100_301	c2f8958fce729837c5c9b709aa25a06f9502a2ba59d0af27be1ac8501192f4ee
hprc4_L100_302	81160ee530fb4c2170d6c099c3e07105bd379d741de7897424c0fd27cb1428f7
hprc4_L100_303	a7aa9f4608a976d38af36f00162540023c153271be90fd2c227d43ce488f1cf8
hprc4_L100_304	479c03950e1e644aceb701b4b45f96d135fc1a9bb675c0fd7a68e1786c889ab3
hprc4_L100_305	eda4dcb53cce2879c1a1e2641d078b6baef2e55377493cfe87f2cae4659dd4e1
hprc4_L100_306	5ab2c8a3c3e8bab9eb47b6f6d3c02bec1e0fc733024aba807f305c9a4488af7c
hprc4_L100_307	901e7ace00dd2901d698d1cda377f0fd587f922b8211bc1834da872e8f26855f
hprc4_L100_308	0c4d9c9bc7de0c7d95ba7b82ae466c0d4f2d38402aaf075929309af53f460f9c
hprc4_L100_309	358276a1d7bd924d17d5cccffdc40f2b97a3551695d8c88b2e855138ea7297af
hprc4_L100_310	8533ad17a012a2ec058fa16405c04ca6c4f0289935e37108df7fe06aa81dc4da
hprc4_L100_311	46d29ec1dd9a58bc3ea88d700016cdfba235805ccb87a71bafbf2835797aeb47
hprc4_L100_312	0a79e97776505213b554c2f75485278fcc3392f41affb9297e039b47eaa4c8f4
hprc4_L100_313	56cdffcd2657ad2d833e45f0ba0fcfeb45ac09e22ef438fc118432d5fe91cbac
hprc4_L100_314	8b962af6f86f3df86849c93fda84b1df1e38c2c448b4cb0d2555e86dce272202
hprc4_L100_315	f01f63eaf0bcf147c3f6ee39b723820e2c2833d781ef71c9e32d43157fb90714
hprc4_L100_316	b060938555656c7e528d83dd4e72c7f608741433e930c1e69358af507346c847
hprc4_L100_317	0bf839570d8de5011eac0ada6bc1ec5dd18c3c237dba05c6143d3b868ba3947f
hprc4_L100_318	c94bfa6e2f60bf049e084fceda0a71637eed17d1f16611cc8e2dff7ed445a306
hprc4_L100_319	50ddc1dcfb2e231b2fc81ae5c27bc1b89a76615d4af98ebea71c15ae1ebd070d
hprc4_L100_320	939f683e51d581c3e7232486508806ab44b9ac501e48b3752c1246712bd90d25
hprc4_L100_321	3fc2a4788aad21eeab9858d02434afc7a25cd208f48e28b251b1684bd41469d9
hprc4_L100_322	1248666d56b3e625668165a5e896728fbc7b2a944bf870d61b5c96e5f8f25812
hprc4_L100_323	4d8e8cebaffe5fa437c11894039b3f26e1c7e746bd4609947a90b559b89d3723
hprc4_L100_324	275b1433d9a78832148bacbc42bdc8da26253e6df5ee3867b390ccfb1dce6b5b
hprc4_L100_325	eaaa9a7237d1132a5ea17b567c03f5aafec16a4d29e691f43f19c70957956532
hprc4_L100_326	e125828281a06403f97d099c247b9bacc85a612973403807ca5bfcdf4b8840bc
hprc4_L100_327	1e605ec9607498c68869b8b5dac75559807c29f6c6e1fdb1ebfb8e3eca318309
hprc4_L100_328	1c36ca24a60b7a0e48eb884b081a1a2a2444661b3bbbef9a1c54d2772dfb3e50
hprc4_L100_329	6a7fdf0660f9769dd344167fc3de7474609e812727cb2c0789b754d1e54eff38
hprc4_L100_330	adcb99f1eb3ad0dfe7d3ca471cfd4e5223bda401d77be4b256fd21bafb690ea9
hprc4_L100_331	50bbf6ad6cfd6a95b9c87b0768507f3ce50e3c67afe357928cf32da299dda809
hprc4_L100_332	22a9eedba50633cd4d77762e98d8938f1927e577c4435e8d48ec16dcc9878cf0
hprc4_L100_333	536dd92c8e066587e3e043343c093bce58cce634fa190f7989682786739a9e19
hprc4_L100_334	4dac6646ec03564df852def3f0d292fe912486d60e2a97dcf3ca1d5727ef78ea
hprc4_L100_335	3c1bb029640a236284360447c54328b69b38109bb5cde6e87e89633622cf92f5
hprc4_L100_336	95319dea361db77e0789d1117443a7abf31d59e3ecb2dbb613de610ea0d3516a
hprc4_L100_337	d7531014ee60f112971c245027c98573694d87456c268dcebba813ccfd1f0785
hprc4_L100_338	f3237284efdf68e98a913470b9cc6d40a11548535bb139d1b05bc7069ed452c1
hprc4_L100_339	670f0d9d6e50aa99c9fe3b94a5c89e21503857d5838f84f6b81a662a42880330
hprc4_L100_340	3d50e8436ee4c1dae49e827fe06892d89d277df8f4466b429c96b6489d051d14
hprc4_L100_341	1bf2c2a42ad174646a9cee376d20697647d3aa55de4fc1254a3f74739016886b
hprc4_L100_342	ecfc6a24c44eee726133ebc231c6e3c50b744feb2cac6b37a81f9000becb9206
hprc4_L100_343	f07a79f10af9a2934562d5080e6bd93d5051f1f2a36053e57c80035affaf8a32
hprc4_L100_344	43175b867262006904f480cf9f8c6ea289f42716b49d0f46cc104b400516c8ec
hprc4_L100_345	58f3686a055b5be48ef55dbf482ee2e6c668d6d277edb097831e2f209b10b9bf
hprc4_L100_346	c789b1a770454aba15f24f6f3ae9b74096990debe4e6a3f2d2bd258b057d038b
hprc4_L100_347	9729964748df9a0c9e2cdee7b94e53e8e46cb7d016ab99e62a81d964a88933b2
hprc4_L100_348	99216ce33e35f8858cbc9e6b1e9990818ca6d5ef5e30a30cba0918bc789c2fdc
hprc4_L100_349	c9de8c0942a2bfeba118d443274eb824aabe4aeb29021d49b5fee7f218296147
hprc4_L100_350	4b5e1473ce36fd915b379f76008bdfbd1490516f01fec24d4ca5a06f2fa4f8cb
hprc4_L100_351	50c81c50c1d9ad4b080fd29e87c4f566e8ec99ac462ea2664f35b6586e9685bd
hprc4_L100_352	91fc50c0d33ad0b749d722f1c6644c79d371ef5a748a3494f12cb70c17811518
hprc4_L100_353	b831c024e9d6e4b9018d35b8dfb7595814329b62870fb27bc58518c52980a53c
hprc4_L100_354	79b35d0cdf7cc020c0fe99727f16f1196b95e82289c93b9eb234c94fe73eb1c5
hprc4_L100_355	3068472d24651bfce841acf460b761eb958970b51e19a48401bc55236620305c
hprc4_L100_356	f73c3e2656cac94d9eea09dfa97c4c17b57be7fdb2a6047b2df180a0a5b9781e
hprc4_L100_357	0e1fe7b26d3602dab15f593a527a676753adb39897ad0080608c23a0301c001f
hprc4_L100_358	7c9ad5e878f01db3175146439eb7c717ab3c43a8ede14ff1ccf5366d008c5a6b
hprc4_L100_359	677f53f028525b6b4399efef6ec95a6469260bcb1d0da7f16d08817fbb57df34
hprc4_L100_360	cb344b217ff042b9836e9dd5fb1507e0712de90f00b7b340107ba8e358de8964
hprc4_L100_361	0e6002e826c3c685b2acc623438a07d3c08bb05c97666745012884d7f77f305d
hprc4_L100_362	183b8e77ec6f9c480f84ede62dcb65b11274e2e975e3979dba16a67566124cf0
hprc4_L100_363	f2c4b4b04be7a1cc26110d24be9e34397eef91b5d60aa1bd5dcb89c3185774dc
hprc4_L100_364	47c60159c7b37478c7c57fe6712e3685ddb729e70ed2d86deeab3ff3cfc53d7a
hprc4_L100_365	498b4bf6a54c9d41f262b11c7081b7f7b6d130bd80fa0a3b90b35d39a625ccad
hprc4_L100_366	2ff13b1de464de74d3f86fd7eb28cb622e1bbdd7c3275154138deddf80dd115f
hprc4_L100_367	92570bfa59353e989d5cfb74cf5694ae1e83aea1ee5dba28479e32b2f085628f
hprc4_L100_368	8ce1a80d1f677022ebc247bb8d932dfa859686d2e320d2a3a277632445fe3381
hprc4_L100_369	ed064f6b98fe84d36a93da98ebce96c8d34991e806a692fb14b7ce5b444f2f9c
hprc4_L100_370	ae4aa2c16c2110bae7e8ab9d9c3c174cb12bc9f841bd41b8446b19e880e42a93
hprc4_L100_371	dbc70def59e9ac232b816c03130e08ec2e50a442931716075ee762b50f3189f2
hprc4_L100_372	d5e288993691455066421c73f685aef9d58b3623993c689fb38d1455686f9df6
hprc4_L100_373	81741e6cafffa6eb7fac0b21c1343efc6dec5751a8cfc2948daf3b52bdb801a3
hprc4_L100_374	2b98da19e75b63f4668e87e81391580ad6a53a019b1cd512fa3bfa5377a6bd00
hprc4_L100_375	7b89e1a37594a66137e4a03569a46ae65a6d0f821ec69d633ba23a8b59787c3d
hprc4_L100_376	76e106d2e7b21d672abc1c5ae4b974d7596c2c0b7743480d7638af9f0943ad10
hprc4_L100_377	92239a5002a81f85a990f8b003ac8d6b20fdcc1c6b289e36f0efea5eb17d497f
hprc4_L100_378	73bf872deb8d41d01a8613f9bb206b98b8eb5eacbd4a923cadb10517cfffe318
hprc4_L100_379	d7b0863a76a64bc1ba890c96f99e8fc6b99918b25317bf1cc0e2ec3f14e00065
hprc4_L100_380	0e38b5aa9d5b57c91f5a0172a553b905fb8e30c6e680db8951ccca111a3724dd
hprc4_L100_381	649704438f80a94a15987ba8fc1d8441777ba644648034ff8f12fd8b83abab98
hprc4_L100_382	711697eb50a8f79ebac0d25aaa9b7a42d505f54cf7f7f57bb9e3261d06fdcb77
hprc4_L100_383	baf01453b9595a766aad19a3de0de7627e8409171a0df0ed9d0d50ba12f3b62d
hprc4_L100_384	276445b44d0d2057d5fa941533a8d66070af673a89afe2fdcce8903dea414ec0
hprc4_L100_385	2573694e6dddf80fd3477efca7c52180d9e51590201df692d1dd0bb6ff8f1bdc
hprc4_L100_386	dab68e7112078942b51152cdd5be85057a2db34c43c51f3b89e19322facf29b0
hprc4_L100_387	cb27010e80dd9a3b5747322c808f39959fe6fa8f8d0f7cb135373209bdd32229
hprc4_L100_388	9a15b8ed4a6b0be7ca3e43d543391aaa6eb822bf7887931c596b3aa0c57c2102
hprc4_L100_389	6a7eb58c254ed5807578221af7b1b83b92b49ed781c03be64ce6111b03305433
hprc4_L100_390	7ccb6565c26cb906369b6ae1db3db5d3af70b73ef71cbec298e7da474d785652
hprc4_L100_391	690664444db5c7a780d8fc5a9b600a244c9ccdb07ae048e73db7a10878a64a59
hprc4_L100_392	a2336cc4df1eb61aa405b71fa9b2347c6c2b8948d0e4e5261a3d2f5bd3a5c84e
hprc4_L100_393	c229213ac7a490386426446ac344625500a2dfff49fd8f731d8cf6e4bc8f28c2
hprc4_L100_394	d8a616c8b78804a9b0a60e5bc2a81315af8df68d32fbe5960b4cdda4b6f8dbad
hprc4_L100_395	eb5b3528774a418fc26a3d9de41f2a6fa866b48c4e818807e243e3c01c00f5c4
hprc4_L100_396	da5d9cda5962b2b487b6f05e45a9252ae67c6e5c926e4591499442d40f6259a1
hprc4_L100_397	7be63c974af947bae277471e4044e4abddbc22b7c01f37471a6d611a1e2f79f6
hprc4_L100_398	98c96790691c790f038372adf92633137f169455d18c8807afc3e7fc19ba8ad5
hprc4_L100_399	d13aa0b3616d60a7a6c7966d533ecc32da09ff3ccfa6d01c265d9c1429ce63eb
hprc4_L100_400	e231a7dc828098cc928401bb145fd7861094a3e61db08b5eec0fc6a8314c932d
hprc4_L100_401	8eb1fbfe0598bdf183a069c3355e8fd9e57e5e5af305a817798b351b0c9ed36e
hprc4_L100_402	129cec6e845bb136d2cd44b99bdb96c1800a419958b37ec66b30cbd89e199b9f
hprc4_L100_403	8dab2e133107e7e9fd43f70e95ce91fd720102a80635d1f801aaa2d56732f164
hprc4_L100_404	613f2f6784b0508ae9abd058b0bfe79aecca1326b7d1e77a81c6265a697b39e2
hprc4_L100_405	ef39d5c06c7e8f6d7944813388895e2e24f8af905553f21077b79ad3a161da2c
hprc4_L100_406	d0abaec5ec4661750971d1cdee3ecc5b292d343aed55431eba4090f4f765bfad
hprc4_L100_407	d944d0419f05f283e25b85a7d35ebad15cdbe3a1c9016669fbaad93db0946471
hprc4_L100_408	4846c3daa7a69afb1fca97c400f8d6f38e6901d325bf8a672b59754b617dc1c0
hprc4_L100_409	0b4e38f78d729b0f55c12ce0c36d4a232c2da4cd026590c4ec4130018bdde177
hprc4_L100_410	1d0a2c4740d704908f67636a520590826fb518b6f4ae458526b69cb34ebc5ebc
hprc4_L100_411	1f642948a99376262c4ac7000c453a502b2cd8b49297f80cd8b3b2f2710fd9f4
hprc4_L100_412	842dafa64eb04b116d3000a95f5c342b681c283e947b0e7bb0d30355496271ad
hprc4_L100_413	9b83f386597f28294750adb8ed32578c08a0383a7d0d58ce4c0491ad68857cb6
hprc4_L100_414	f25363a27304d7d80ee7611dbf99ceb9ad488a9180a68440f862f1ea3284897a
hprc4_L100_415	7ae54b3e1fb9a91869fc0e7b1cee7d1e8d5d9bd8f1b080fc09608a46af9fab2b
hprc4_L100_416	92d533af4e312659e84625c895e73053b650485204864202cae2b59cef031e5e
hprc4_L100_417	6a12085e6d20fc71d3f1803fb5e8f95d2f0ed9c8e0dbd468983bc53d1f43839e
hprc4_L100_418	8a345cd1c8fdda0753dc66868e1fe6d6b9cad0621136d1fcbdc418499ca4b31d
hprc4_L100_419	6259a0aeaae19d3781d67a4d56a5c8ee29e100b72847efe2c90fd97536a7a3a4
hprc4_L100_420	9a38094cb660a458040776de1cbeb6ae5f6d3509ddcae060098c04aa342b0e10
hprc4_L100_421	aa6d2ee2bc631ad926fa69019696bafcc86a6a015b330223ef7d36c504319b98
hprc4_L100_422	78495f47af6bdd3518db68b965390195ee9cea3135ee7f66f9ba88f85c3d58d9
hprc4_L100_423	071ab0989866231334e868e6e0317d11b390aecd65e4c9d8fda4ff8ae262bc14
hprc4_L100_424	d91c2c91aceec5375a748bf1fc32df1e842f1c408109966a940fa7c226a5d49c
hprc4_L100_425	a9a743157d8882d55e261332e6073e773cde25c37863cc24a341e04c5620fdfa
hprc4_L100_426	d035409b7dcb51be536be5b33af2d65a66b061f3b2f7403932b988223af8a676
hprc4_L100_427	40cc8e02bccf3384b3bbdb02a9619b15710f4b2c0317607beca4e7cc77fcd8de
hprc4_L100_428	b061430d967059e66dfaf216688b2f6c207c498ea4025a904e40863f369a4131
hprc4_L100_429	cdc6daceae290501c12c37c002a5c28eff416c045ff8beab9734dcb61380881d
hprc4_L100_430	27e80f0cb828a175a64f3584f221871a00e04740513371c45fbbbd752315f2f3
hprc4_L100_431	72e201a5d5ae8c4e6eb8f1a6cb08503b439c3a526efeae20006484554d8bb487
hprc4_L100_432	b7041ca0f56af1c14b195d095acdfbbdfca919f966adea7131b6b3990c0adc8c
hprc4_L100_433	b46c1b86a0aa1dff4a5ed8d423ba2709dd6284f88ee69ac93edf7b4e75080a64
hprc4_L100_434	a2a5e0ed30930f9167df6f444be0272d546d782e17a6fe359249c43962b1f6f0
hprc4_L100_435	ade09a147c2c42ef479f8c7c3d5c04e091abb84d7f4bbe21f0b5ea3415a6d94d
hprc4_L100_436	e898c2c3c8b46e4d16dbe27fa4bd11c1af803d6073eec2ccc6ecf1d6fdf60bfc
hprc4_L100_437	948c155343a2e3ff6225352cc4901072d4478b12c1b772ef9348aca293f213e0
hprc4_L100_438	8a97ad5d5506e5fe46988f5db97f0630cc59d7f70bb8f8d5cc2ff010b497aa0a
hprc4_L100_439	7246dbcae1322440e5e131b27f6160f619e7d758a2e744a7590bfaa1144078fd
hprc4_L100_440	66d21aa069144835986d40fbcb4030589ed769184bec233e1e28c892f39fe183
hprc4_L100_441	79329f71db6635c751b901980d93c18e16253ebf3e012a6435f2ef942b586074
hprc4_L100_442	3da298c6a4167fdddcc23a7ca34f0fe866411b236c8a613c69a8bfaf0a03439f
hprc4_L100_443	e30898b7d9ec0272e132f1f2f290b29bfd46d1247a05b344e7a8a06d3aa58cd1
hprc4_L100_444	8651bc9d97c340aa1bf4ad42b452d00339c34b7aad501f966b32c0c135c2bcd8
hprc4_L100_445	ca2a945275ee81e45371857c8c65dac2a9c450cdd216d75c565c610de3126165
hprc4_L100_446	98f59d457c57bbfdff4177cdf9bd723f7242e30fb6a7fa5d2c4eb95056238410
hprc4_L100_447	57f89f1e8086cf26db12ae3cb0a96cb0b8d484a62062458ecc2f10a17c7ff0e8
hprc4_L100_448	b1552d2027c20f61e0fb98e3984018d9aa5a06bd0a14bb40f14e50f10497ac39
hprc4_L100_449	bb5e9e8dfe959b639cc76d1e8b6a2c29fc130fd1bf17b859b7ef9f97fabf01e3
hprc4_L100_450	e80a2ef30fb206a986e5421176a6ca714f9946ff828b63795a170dda4a831976
hprc4_L100_451	85b6dc9d66788b004590d431bf10263d0b62d8dd52443cbfd95d10ebc98e7ee3
hprc4_L100_452	29cf7937b4860d4eaf2d61010ece916b498f91a643833dc5aecfc042af1e1107
hprc4_L100_453	757fdc81d8a2d7a34e308bd2e3efe9933bbf8c7f47a2395dfcd0d3e68d67965f
hprc4_L100_454	95fd29387a9aedabd7aa07bf73551b2f0532eea081a15ede1c9d2ccdc8f9989f
hprc4_L100_455	2c32d00b75b6a0af718559db3a8f17257067b8c30333ed9362df0a56745454bf
hprc4_L100_456	ffada92e0cbfa0f9e23065da84d60a7abeee2530d464f368fb220ed8121c747b
hprc4_L100_457	e8a24900660247d95a2980d0033b4d4678192ab62bb8370f42a812d93b703f77
hprc4_L100_458	af90cc62980d92f1cb8b60af72afa244ced798d01c197f636a5548e8bf9abc9d
hprc4_L100_459	6b40cc769ea0416a600b09f3a50985dd276a297ba06b7f6b955c3854dc012f82
hprc4_L100_460	fd1a6c29366ec4fd7e2c5f9bf955d5980b5f2ba996f833b18d7050da67d08c96
hprc4_L100_461	642b6c4b4a7b113c3faf25ad34838bf43283ff2730c324b4fc9818cc7a587f47
hprc4_L100_462	9c4c2407defec0aa76f33d21df223ca8e3cbbcbb6ebee1fad2fa8336c307dde4
hprc4_L100_463	f422371f6186befb7075f565279ca6bfbaf9cbff2387ea2d30e80791d6124cad
hprc4_L100_464	756fcfade631970ac7f2b19b519260adb240217a27276e39203b82bb22442d23
hprc4_L100_465	a8106d8d60a8261ec008715e1dbad5af35d071008baa4e9dcddd361d470a62bd
hprc4_L100_466	a11edeeaa1d94904f9abd3bba1639248c7cee205f9fc87767c238655ae9ff75e
hprc4_L100_467	fa572fa9424e8cd4b7b902299beccd062b3706b8108958bc3ffd145c1227cf8c
hprc4_L100_468	cac35f7527c9472f44e168e5c82313d62d8a483ecdae6930a3f3a0373ef29a39
hprc4_L100_469	1477968ed6579b12f59478afda5ccd4adae331ed7c6070af2c7027018d978a96
hprc4_L100_470	814eb39ed8ac69b18ae21ee419c22350aa9802a208b1200d1096ab164f7105d6
hprc4_L100_471	552c2c831be2c3efc0592a730302ab309f518733593738f98a630410b138e21f
hprc4_L100_472	c33af9712b969ef0fdd5b05b94fad2fc8ac22d3f2bbb44839df792a0768201ea
hprc4_L100_473	3bfa66a74a82cdedce3d1343cabeabaecda88e0e3b6f45500a4966e37b228346
hprc4_L100_474	f0574bfa3b09f8833bbe504a5dadd69bcf683fc09c1c77440cd1f527d720ee3a
hprc4_L100_475	f60f83768bf1654ba258e80db41bb6a6842f773beed9f8c3533ee24c0d48c027
hprc4_L100_476	3c957e523b5162ea68053042302acbf496876b19d865b5deeef1e7df4bac8d77
hprc4_L100_477	59da4d08d0cc159b3a4f01ab4751a83f7d553bda93def7dffd38cbf672c39b94
hprc4_L100_478	496bf506799bcde56fd81cfc8e932ffcd8aa9278a0826c3170b735c825661e2b
hprc4_L100_479	2b1a812b5031ca47fd04f3d455294cb87b94b99d951e2ea6e18dcd7838864c3c
hprc4_L100_480	821a34e0acc4422c3293447a78160de11e04f8266de203e6aadbbe4199027ef6
hprc4_L100_481	63fa58ecf85171e7ff07a85751a1a747efafea13ca03ac8f6cd8193c430f91d3
hprc4_L100_482	97b4f51b6fc1d05d9e4d94d43588ddffeab1b9ed3df2983b562ccb59d171ed58
hprc4_L100_483	d58f687ee9d031016464056735c6fc4a1ba1b6028d33886dbc2c486b6eb4c555
hprc4_L100_484	6a87fd8663baf3fccb7dafec094aaec8620284aaa2657ed2e4e8e6fb13edf8f7
hprc4_L100_485	0a75074e31b240ade5525753bb9768dd2a53f319db8c5279ef96957667637cc5
hprc4_L100_486	42b7ce10a5dfcd886e89f010b3c629cc595628e0260dc892ebaa625f6bcd1b88
hprc4_L100_487	81944efdb6bdeea6685a2ea64223bb828860af4303090f12f9f90fd8f16d2ad4
hprc4_L100_488	1f72e3fe9e629b04734afadb9e399a2ec19040aec58dd0f63743343a2959de94
hprc4_L100_489	6e30b9948ec30850c4a09d3115ec3ce74a68cb359778b4de50155f20cf2f9688
hprc4_L100_490	b8de78ae07ab78b8279ee91a7fd2a74e815cd100bafd9b4a4441bbbc7742ba73
hprc4_L100_491	3459c018993b8fc6e5efb9883ffa46238063e8e0bbe52b314c1c14865658b43d
hprc4_L100_492	e4190e9208247f278aa96d4a911535304e1ccfd3b893442a003c9717b12f3eae
hprc4_L100_493	91305e673fd0c0ea50023bf012529594ec84330c288a4e25d897b790994b31ac
hprc4_L100_494	e8659054639d3055dbd746ed96a81130305a96437529ec688d94fb2671c0715d
hprc4_L100_495	25c10147c7f3ec71af2eb55fbebbeca03e068a14287aa89aa4d5d1a8268ef96f
hprc4_L100_496	7c580104ea38ddb3318bffff95f514ff13c38f26390a97272d5299b42bc1078f
hprc4_L100_497	160e04e9884424bb58a316aea024926c27e8d9786d3f076be4d0591246031ca6
hprc4_L100_498	9fef8dc8c103203600914f13a4a5d8dda482c6e5f8705672022a58b0b785c252
hprc4_L100_499	6b1b17b05dc907de6676bd082252caa84a84f445cf8fe477423a002a9d0d6dbe
hprc4_L100_500	5201e9beb1d15870359913643018413d85b4fbf3bbb760fd10c6952285382ae8
hprc4_L100_501	af505bf81ba337fac4c8df384666038d8dfe455ac095ab7425505c8dcb487b7a
hprc4_L100_502	ba57695732a39b52b8fcb1a80ee9aac160b5ff066d0c27443cc6324895a1cee1
hprc4_L100_503	0d78fb333a00432026e1f78ec737e2951ef56e23a07dd3ee05d4935419353285
hprc4_L100_504	d1f6a28ab0db94f8868742fcfc30354d84ff4cf969add0d9760213db2dec9826
hprc4_L100_505	75543d522ac0a571e9063c19e32d828ccbd024d775eb601da35db4924f304bac
hprc4_L100_506	78de968e7df4f1fba843b0503b5f7db40f95bf16790a926b2bba20e332fc94c7
hprc4_L100_507	cb300b2202cb5d5728fc17e7883bc3398c465083812b4d4321cd8e2891e376b7
hprc4_L100_508	ed020d9276c3b613815063ba61e84d37a968b4adb67438cf705c1fdaca574881
hprc4_L100_509	6ae14325f391866544743988d4fecac17ef2bd2cc9c2a0b74445f891bab19a87
hprc4_L100_510	ddc7ae2f38ff5b94d2e0b199e4c384f47ce5a453c0925d9d4342a1c3df838970
hprc4_L100_511	a42370f2585d04394ff4849cc268622d809887f2e4e5c8a96c1397ba3ee9f419
hprc4_L100_512	608f05a45e36e7f907fb5d944e0fca90df9c260b29517052c1a949b3f9ae0158
hprc4_L100_513	a58e8500522ed2f3d7a7a0b0cf5c638ae7aeeb98d5a45187f2d4f52f16e170ee
hprc4_L100_514	fc3ce22f4abe2ffca6155119109d8cb79dc06628b30b651f0cfd13179d1adac4
hprc4_L100_515	2a1a3219c5963dc12c4bd7d77191ead911547eef54fd5c68e5d8262cd5fec478
hprc4_L100_516	f3caeb357d2c8c2d288f4b4c4925c7610105a43f786461c98e065fd28e71f1e9
hprc4_L100_517	8d3f87c81ccc5170b71ece2d81c2a24d16d83947292fb57f3a2cea0e03edac23
hprc4_L100_518	99ab500572f68e0654d90c37f22074510691582a0a08fd3d8f1410f6e8226432
hprc4_L100_519	541e5562722b57474b9f280a772985af0973260ea68c4fa7d9918ea4bc3c2f9c
hprc4_L100_520	12d586112ca537101860eba18ccfb135e961d2ab115322b397832caaa0999b49
hprc4_L100_521	1b481fb20d5dcfc5e7b357e633b01cdb2f35e4d3a3dc24788d76f087ecfb3470
hprc4_L100_522	3e721b4dfae47284f7d1cf05ba30a485368182caa197d15e0e379b969a01ad96
hprc4_L100_523	e19e03cf2d3513b270a8dff1f474c6ed2de9060f3eead01897fa4dcd162e3065
hprc4_L100_524	30ec185d1aaf8e57c8b610a25b97846c6bc00487715a3a23fbca150674a477ae
hprc4_L100_525	571f6b41c57edc7d1a3e360bbfee063b26680776f17db36faf0a28a34a5711d8
hprc4_L100_526	d539e9a8bd219d7398f49cd60e6ea7fccf6c580495606e7241d9d0175b38f39f
hprc4_L100_527	d17934271509244c589e5be75915074d7238b2c7e00533ecb14b1a738837b449
hprc4_L100_528	3a3770ae5ab394d0d8edb08be96c2bdf6f6e91ba0633b29a0f0ad45d7d484d07
hprc4_L100_529	3422b147225ea0a6bb2e66e435df4dd02868482717b15d37ec5dd662fe66c147
hprc4_L100_530	74d94541eba673103e940f57eee2c0fd61ef1bf624da7bd94bc5045263f4000e
hprc4_L100_531	8590bee252a2111b07d077ea7e8f4fa1a608f2e6b673fe6f8a581ba802c9b781
hprc4_L100_532	d9a459623d18e6d59120635e82e65db3cd2259cae6d4f59fc84ff22f483532b2
hprc4_L100_533	95cf1b555c375fb0bcedd15c8d318b2389a13c6ea390b544a0d0fcd2bdc3dd7b
hprc4_L100_534	d476c726df617a0d37580206ed0f000582219fe499864fdba2d1d4861861ea6e
hprc4_L100_535	06681668093d876e4e91eba3e15e38e321f4d347003548fddfee9fe8fe4deb8e
hprc4_L100_536	8557cc2e37b7fa6ee0fe3072ffd7b9c560629822e59d13e6fa3fd733650f0a9c
hprc4_L100_537	2731af9e073dca0d725f15e76e0517dd88587208ac431864fa3e58070ca15b76
hprc4_L100_538	accbd49acd8b895ce58f935c355f9b8656ccb8aa3588f54dfb4f63468e387616
hprc4_L100_539	63a656792d3caddfb0ce879ca41a978d80205c3cb81232c5a254a15f091ad76d
hprc4_L100_540	69a3d697ebc5aa5f4a676d756921e916e0710c4337879cc6bdae983f0c685fbf
hprc4_L100_541	f12b20045c25dcd6a4dd51444a46a05e543f4669ddb8dcb4d0d0a7bfc849e27b
hprc4_L100_542	a3518748994a3f86fdfa779eb28ca475f8579fe36395be16bd8e3194eeb529f7
hprc4_L100_543	9bd534518cb7c909ff7ffd59b278338dde763cd25ca65f0619ce589f6d2a6666
hprc4_L100_544	43ac79d217d506dce0be586aee6b2226e2ebca3c9f9cce0b56ed91514a157087
hprc4_L100_545	f0e0bd82cd5f2af9bd4216b88a04861cda4c308eb1220db1a88033f51b1caa7f
hprc4_L100_546	363dfb90b446842f79d2ae1b285fd6de83f22e0c12e6d09cbd18179d71487d0f
hprc4_L100_547	b6d9599227c365ccdc3c8bd59433a5a2fb0410a96e025e68609051b341f93c31
hprc4_L100_548	ff62c33d226388473ece16f8e55d5bc7cdd464a19d79f86e11a54e9e4e1eccd8
hprc4_L100_549	b6a76fac756d11cdf60217fb59224edce41896837ecf0d6c5e4fe64fe1ab51bb
hprc4_L100_550	7f24999c942915e017afc331cd4c671ee36deb89f6047f5c0852548e7732333b
hprc4_L100_551	b45ef92f00c525e59321582886311ae72394b4f9ac461b28e6351469e27b109b
hprc4_L100_552	15db5fb03c4b893eb7f3fbd429ad35cf10c79caf035858088590e10d5f739c37
hprc4_L100_553	fd4beb6bc96faa17f257873823900690e91948d7152c80b2e8d10a29d413492f
hprc4_L100_554	3c0eff09753f98524aca81013a8ac08a848cfdbf34c1e15cb6116a2ccdd89397
hprc4_L100_555	acd70af11ab23ce31e8a537aed5fbcd1b525e7684c9fdc9548c80c29367e0d89
hprc4_L100_556	4c90bf70961ff65614097627e8fa6196d0440eb66899e62e9344d4f1dd1e9d7d
hprc4_L100_557	884b4c1173a46017cd0fc313aafa746fe6178d4f0101e5d22c4d16c005d7d4a1
hprc4_L100_558	252070e41788e6130e3d4e7069413a5eadeff55beb59927e7c1254e9f4503d4d
hprc4_L100_559	a91029171993174dc94624118bde3fcdb765c97a49fa5510b53011b4db2ef99b
hprc4_L100_560	33065690199ab974b637865c5fa40aeb1ce9855f4e843530d4acbfbed5ba52c1
hprc4_L100_561	7b58eb3b74a5b7c54c0ae75222b764dc0c69d7d82230cbbd6d5d5ef066984fa6
hprc4_L100_562	22e6920884cbebe719eb7f35a210dc85551f9cb51962a9b9d3cf75813cdf5fd2
hprc4_L100_563	e6471fc86aa8a4997ce8b702acf209850035c44e8374ed0fb5d366003aab42a8
hprc4_L100_564	2fc635b7e06e2d3d2d488696b4bfcf7ec8205732e5d678fb41a324f889afb7a3
hprc4_L100_565	5607cdf491afc48b1eb9234e0f356296f177e837297f5e098ed908e68c49fa76
hprc4_L100_566	0e4288cf267f60337bb084f2decb2107cf9fc83e6531aa2e6afe57ae39441488
hprc4_L100_567	8864d975baadc173366ea38421fb1f4315f093a3de723e594f34eddc9583a690
hprc4_L100_568	72bbd78df9c5a6c0e583f38a1eb6a0964ed445ffa49d64ca246a79ffd23a484a
hprc4_L100_569	bcead19c3b0ec6feeba668eb42756b75339ef370715cbc8d0fadcf8ee8f4c31c
hprc4_L100_570	7a9cc48deffc3a10896c20d93178ff87a0b8b70c810377b82ca4428fa9ea42cf
hprc4_L100_571	197389f2aaf864e757ca977c82de16abd7e934de1fd791b1c8aead7166813a85
hprc4_L100_572	d4597470455851c47fcbd5885f342b3678d8caabe2042ccd4531d0a992cfda21
hprc4_L100_573	9ea47db3e3f0de0e7525f946a05f91b38fba6c11c11ac3e2c3f8b4dbe0aa116f
hprc4_L100_574	2c9beae4c7392270947950612e9d86777f85527e9b0259e726edfe5953739ff3
hprc4_L100_575	165dc724385197b828c87b41aefacc7974195a266248b496c11807bc7f430ab7
hprc4_L100_576	7cdcf7b7a9212ee5a0af64bf72b79a4e88d4457c7e63f75faece05ced50e9109
hprc4_L100_577	08cf8e916529299fa45369fa47ede69bbf67717e68aba84596cc20dfcc4a4694
hprc4_L100_578	e1550d1d05e0b90973ce5463cffd6cd8ab3e68a3c932ba92c139ee82ff572ca6
hprc4_L100_579	b937d5513c9013c191af1d2bdfc689f6c0ec20f2ac96fdb0ce14c15d66aaa123
hprc4_L100_580	7734c00c1f61bdee74fd75b73bdb58eef83921c54e55e50098b46377c7dd79b9
hprc4_L100_581	9e28b71fedefe011a746e5fd02ab0fc4d12cb34b4b4b2a09df6140510a58fb62
hprc4_L100_582	13947f47531a2759d0157e29fdca1563ca116f4e795525d3f0c399d0fc6ebb9e
hprc4_L100_583	dc8f1825d6dfe51e835c1c014d509b32eb2221c5a192b92971dffb04e578e54c
hprc4_L100_584	36ed9cd2e8346cbd916981a5c5a9402ef1b189c70beee8d5616e507938265dea
hprc4_L100_585	f3e81848eb0fc473102dff7b5528979df0920b4e362b07f70cfa46fff76141b6
hprc4_L100_586	2cd485c190f9241714667e1cb76d93c3fc55f928e2beb44108c6dd9fc3631844
hprc4_L100_587	ee9bef49da3d6420d10c71ffba230ca6f4794110f20f76310500c68899e98efd
hprc4_L100_588	f0c635f070bf40741a129969b7f24dd6771a1017c0c20f234a98f0365861ac4a
hprc4_L100_589	6af70925a6388f08e408f48bbe6bafde37d2a04ec948512dedbe6ca6aae352ae
hprc4_L100_590	b191396108ad0a249f610a6dd29e1288d8908a5bfb4e934c39c9ed67543e5b8f
hprc4_L100_591	c37f96552205ead705722f82de9206eb29b90f660b35686b5f5c8e16a715eced
hprc4_L100_592	42b364f849c3fd1dc9284a685656ad2fcc4853c98339d18ed6c5d2c9027c6ac4
hprc4_L100_593	65641ccd24a49094fac4b3c554e4a573d2a058810aa68fefed41c3d42094d494
hprc4_L100_594	393447e77f8c6f5f5d38e7724e75b51b8be40432b1f62c08847227587751bfae
hprc4_L100_595	8e1053727aac2d4d7100d4da838f19dbfdc073edfabd84792cf012e0773d707a
hprc4_L100_596	8c1f779c71121bd59b118d62b8d2d67eef4671264bfee7fb1da4a4a2de2dc685
hprc4_L100_597	50f6edf46973682e7fd68cb3af194792e9b5c2e1c1610ee1d538feaf992bcfd4
hprc4_L100_598	35ff768ec59b3186a24ca1050348e2af1470c94d800369f1ab4707777a097963
hprc4_L100_599	d692bfdd455dcd097fb3be5fc36715bc098270ceb8adce6a0566d1a85e8d9261
hprc4_L100_600	e2535fa8bb26c7ecf3d1670c77166fd2ba25a6c7e4fd36628298b136ae918d6e
hprc4_L100_601	84c6888736fc1893ea3b2589e95f73dfe6ba6e47b3526a79c3bf5cad486bba99
hprc4_L100_602	645136e6d52b527832922747948d83a2f7663aaa917677fe5901e532758651d4
hprc4_L100_603	444377eb898c8954a5ca6c9c0d49fcae6f2d9a52ea5e55bc3701c03a11ba6e8a
hprc4_L100_604	d438d87121c627cdf85423d61c348762b0b1fb0568350fae1933fe973f8080aa
hprc4_L100_605	939f5543b27940fa79270538d4966d8b17e0a709f7bfaa4e4e48e9dc3cb3d83d
hprc4_L100_606	5cb719e577c8910b3738ef95167316b6e54560348129b7425db6bdd802a09737
hprc4_L100_607	57cff412744f5446dbb340ec4fed48a6eae473a2ba5f17d7ba46b6deb974a1cb
hprc4_L100_608	019be81c111ae674e5db352820edf232c6a490de80f348ce861714e692904679
hprc4_L100_609	4b865e809e3355db8a050050d09bd6075b747e1b36a46394c8f4f0f41118dccc
hprc4_L100_610	2b38cf0ac7612040bbecfa6dcc0d0cde71eaf10ebecfb37b323e9810528e146d
hprc4_L100_611	305c0d68fe8280507415b5c5b15edec226c84596987b21fae9dc65ec71423aad
hprc4_L100_612	19720e857dba8d667a11e1035e7372941f337e4846bcdcb218f360185ae3eb08
hprc4_L100_613	55a0db79aff6f11bcc0571b8f3ebfa858696322c21cc8c294fd4588d1c446d97
hprc4_L100_614	e6cd52df4d7fb0b34c4e4f15140dff99b091655f69ba0184104c66d99e969015
hprc4_L100_615	32c3b20d4d2df5eb2bc1a1a529ceae3b46ff34ded857e841ab8ea4fc2f70566e
hprc4_L100_616	b1226e64f9f8cfcbb79c35fb1fc14f6ae772c5e42c9d20151e2ca6927b264e28
hprc4_L100_617	23d5355c44cb197b6c90cacaa24ef7c1f7fb6876893b0105f1aebe86bcb6577b
hprc4_L100_618	45e283248a6bc3a05bfd0fb00b83542ac9a1618e6e779944022e74a4263080b0
hprc4_L100_619	3779829c0e2cc0039f99726df2e838dc6a2174ddd552edcf8a0316d837b13b28
hprc4_L100_620	cb2b0924e3bf3dfff8a2a74ca62ad7c1629d2443a75371827869648f1ce73de5
hprc4_L100_621	e3a93f65c96b87f53df91ef724f9b74fc13f8ce17113c5170811ef6b9a2d692b
hprc4_L100_622	fcef2558b3cacdbad4c5a640f55ffea849ed28f46a805248bcce44694d7750d1
hprc4_L100_623	23cfb2583b4ca5c4e343257eaac9ad3d704d6e55f82af06cf673c432238b0ce9
hprc4_L100_624	95b1f65406c0333a76d8b8674a031831ea255915c692699de622ea4a16c09115
hprc4_L100_625	9e20f56600d2c9fd58081b3cb88eafc6bde96699d677bc2da7269dea1b33b050
hprc4_L100_626	5aedb4158fdd2213d31e67d9259c19bfbcd15d21fb8aadc10d2fcaa98a02ce5f
hprc4_L100_627	3d21d40b660d2897561c5f580bbd46254c70021d16a8ed186550cc9246bdbdc7
hprc4_L100_628	21166b4e799eea6c4592e5d60560216fcedbd11da9a347cb383c74a3e8090220
hprc4_L100_629	f0ed49871acda6a8c72ed3b67cf4a4f32e9715d23d756145ceb41608d4aca289
hprc4_L100_630	22e68f102cf57f6582d09c1d2755c1e4e52de899bdb8ca7808fa9a48850e4710
hprc4_L100_631	47f4295df2d82d52182d58dc5f3858ed057d9c939ea6fd0f465449ae99b37e97
hprc4_L100_632	a9726cabfbcaeaaa1fa5762e2f6d1079cb8560666b30a75c834eba04333e1b3b
hprc4_L100_633	d4b00685396038e67a5c5c94312ac05686bd66a2a4ec2827906becf353579059
hprc4_L100_634	0c0a38557006f0eab3005d6843e99c13f60e20b6c89f1194074b9818eb493e74
hprc4_L100_635	f75832a6b540f51f4cbaf9dac8305f17e226c4051ac6771715d82206700d952b
hprc4_L100_636	93baf0c17015168ff9381dfc7a5046bc73d645a8e9c4d3a6482d4396378a7f9a
hprc4_L100_637	e08458e81af62fb32a3dc6a4ff69cf92945b2689090ebc4addb2e156fb033c3f
hprc4_L100_638	d465645ba2e42f17d08a7c1ab98abcaab9b131b8de82b0277895653fe1661b12
hprc4_L100_639	69b213b4d4f642f259d690c5748981b7e0219b92b5356ccb0e1c38affd722a5a
hprc4_L100_640	c154ae9215c0edf32f54fe75b07d7d9afcfa621990dc92e5b4377ea11847b85f
hprc4_L100_641	abdbf76f4946c8c02028c12c478234fa25fe1f05373c7118f7e3fd1ed1ca1cf2
hprc4_L100_642	47cb74373d3ae9f76951679da5c083b2b2437be7394f25dac65ee4774bef9070
hprc4_L100_643	e417905ddc200d2ef18e45393f52736b97de8aef607307a0a770bdc437a829dd
hprc4_L100_644	aae7b517b661dec8f493f7ab6cdd74742ec2c41059e83aaa9a23b729e01c722c
hprc4_L100_645	cd8a8aeffcbd214a6f0026f6d261b12ae02689454fbabb80301e893068139f18
hprc4_L100_646	666b1b92448871ff1b09afd1513d60b91e44140266a34a1b90f1c91291707339
hprc4_L100_647	e9bd58abe6800aaf1327284769145b38f335715f88bdd10b7cf1467925999e39
hprc4_L100_648	e2999605ec678b3ecd5344add2c544989737be6387ca78e6aa73bc7baafc85bd
hprc4_L100_649	0bdfef8f381a9e43e63fc9a1b3289dda8dbfc42210433bbf803f69f75e84f91a
hprc4_L100_650	7ab9b3bc2288594028d1d49aeeba9ca7bdc524f6d503712e50ed64365d700381
hprc4_L100_651	fb916a9470bae686336860e16bbe5f81c2073e20b1e01b7f085b7214d7db7061
hprc4_L100_652	a90144c45c5d41d8d759a208c3bcb7347f9b12e7d454ed3da24a01672c52773f
hprc4_L100_653	f90bb32cba2a194fbe44150f2fb5afed3aec2ca7584fd911e43cd071b1881d6c
hprc4_L100_654	4bb04eb658c704377249fb83826913be62128f29416517dcb7daf959b0995a66
hprc4_L100_655	0930d14fcfe57d1fae9d3264abdb07e2a691da7d8253e8087642c4ee7952ccc0
hprc4_L100_656	04ea05744f173f3d9d191fbe88c7fd96607bc7363af36b90917c424526ec2c49
hprc4_L100_657	4bc732946b918671778da96a0dad181a647d787fc010910b531672416f655e6b
hprc4_L100_658	8fb9f39bddb44c5df6c842508e1f1b87c1ab13fd5c06c0502a33795d75966ca0
hprc4_L100_659	efd80912cb9514d58d56fdc7a19cdad81619e63f3a9e5149c96a0e2e08626083
hprc4_L100_660	8227c8b1bc6c61a139cb8ac21c9e8436a545dba6d0f50736725b99bd4e0d8843
hprc4_L100_661	c045dce5a6209a5b557c2e4b902cb816fbfba4833d7f1e378ae9277e5b87fbd7
hprc4_L100_662	209e5ae25e3fb46dec4a3a85b74f5d05b0ccb84d0a2ea76108f01963b7303c5a
hprc4_L100_663	7cb9f4e9236fbf84d74c6039781e49c12b5c9c4e524ccb3d1ab7d5cc98e697dd
hprc4_L100_664	108bd6a47eeaf6e9184525cc77908f2477976ccca94282e4a93d4a5ee08fe20d
hprc4_L100_665	9617800e4ba25bd77bfaea150835548b5e0e6c803b2171e37753fa650746113e
hprc4_L100_666	80aebae95e4d7705b86985a508ca5e91d7e885ce620ef1306ee09f1a9de28542
hprc4_L100_667	311e46cba88c432146da4a8f31b3b39503db2ca34552c7801e74930beb8caf04
hprc4_L100_668	425947616fc55ef1b4f58b07540211dfc223d59302a892eb7d3bea6aa1511f6a
hprc4_L100_669	eb2822ed3cdced4399fe8efc1ea6b170baa786dd2b7ede6066f22845cb84aa20
hprc4_L100_670	bc8d65c30d6dfcd6e52a819f3855aa6baa7e72a81f5cbe6d150fbaa54e755537
hprc4_L100_671	7ddd0e39273973e78666604454fb955221408b1e63adcf8bac23da4b2b891dbc
hprc4_L100_672	062297edb7fcd8adbb84ad2f759bce652d3cd6d5ace6627449d3a81d8f5dbc16
hprc4_L100_673	5378f06e6e9123865153afc084bad8d2da2d2dfa91900a6b7c3e603ee442756e
hprc4_L100_674	45671e7f6cbda11a95000118b589080b0e657a9df9a3749b322fbeb851904fcf
hprc4_L100_675	5356ae5a0d475bf0c23eb7c6dbb21d3eef0bf8af412722bd6d4688a9dc565a85
hprc4_L100_676	c8e749b2f9b062415956280f5357819075044b144ec6b6fecbca2155eda47528
hprc4_L100_677	52d44f84c94aa5cabf380cd199f89a7ac57a5be8006a092092bf5e056798a3a9
hprc4_L100_678	a0419879fe8c85e7f8ff28678db37233e7631711ffe17a1e553a70c95bcb15c0
hprc4_L100_679	334c582cfc9c8879135ba611bef98d69747e6d1bbd97ab877d43d84268cc8373
hprc4_L100_680	cd066d69ee801d93140548cc312a96d1f33233d8d63230084486627f057d3409
hprc4_L100_681	6341ce8064f35a16d7da5da870682e3353f29a43c1b7d7d64089022754473ff7
hprc4_L100_682	e59713495edeb1ac9d5d7cb56b121ee27fa5a476655ef2bb8df7003b465751f9
hprc4_L100_683	bc2b2a31e686e194e388f54cdd52158f6f784dfddcaddcf61402af46dee01ec3
hprc4_L100_684	d66b51bdbfcf584980ae73909a687215702dd472c779821925f5b699f41f3723
hprc4_L100_685	bc96aca02529d3d7afd3fa4a1db3f9262a9000a6778943ca2f9ccbf0a3aa9a3a
hprc4_L100_686	d81877bbe401473268f5697a99c5e72cf0aa207f13c279220cbaaed0819f0097
hprc4_L100_687	e3225132c9de982d35be87be19b8e74d2dd503ee90517db567fafd790adfbe51
hprc4_L100_688	7441221efc912528ceb2d21e332ecc793ba580e03759be820f46266a380dba51
hprc4_L100_689	a38bd7afb34e3fec9f6833db4bb42b5a63130f58838169a2e23ba1b037d67c9d
hprc4_L100_690	5fb081ac6246a04689bd97929403c05e817ccfd0e2d7fcd13c32328d324bfa00
hprc4_L100_691	bae072aaafb841a1a323a82c5eeeec52be7e3102d248e6f8e7e98aa8325b05c7
hprc4_L100_692	adadaa06ece57010cef232af009aa8b9dde1a41877a628fede87f58ad77f8d46
hprc4_L100_693	3180805aeebec51958c42f02021b8c7ed9238edf0bd0666633f94a81cbdf5774
hprc4_L100_694	0184f2f054d7f25381acd3f0e77aef776bd16ed56417cefd89f1b684e81e7639
hprc4_L100_695	6ea517910bd0861d0e850cda0846899ae7e09d22436b5347a20d8ec513a79aa2
hprc4_L100_696	6825550a81b7b11c2f4d28dec3a6113e61412f16dedeae8eab963ff229dba821
hprc4_L100_697	18afa86ae3d3c0d797ff434278ad298b194190da30b68c9c3440f3537ffdbb2c
hprc4_L100_698	942131576978a031b83700ae7a45795a28efea7e2cae41cc4799bea6004ff184
hprc4_L100_699	09e71261a1262ffee5fc69596a2e1ebcb0fedbdc58baa009cc4c45a587598f21
hprc4_L100_700	7ed7a934e6e35a3b1ad3f238cd06eb0d155ac039a2b31b0751c46497445bd845
hprc4_L100_701	e523ff50f0e2f23ce69b99b25ab93c3247f12311740ff6fae97414a6e9ea3202
hprc4_L100_702	95ad74cf74b741b2e3d0dde4f0c3c6e1ecbfef3733bf52d5669185f21d4e914a
hprc4_L100_703	e22608850789f45a2679fcf8704898dcabf2b42fffb5877ce7946d478d2ca9d4
hprc4_L100_704	09de0de193eb3d66f31c5c9f618cdce104b9397972bdc97f8bd305a585041a75
hprc4_L100_705	dde495e8fbe4aacba6d68e33506db5f923fc8fb25905aa961a8cee28584b2565
hprc4_L100_706	3adbaef7c442c52ee24cea9c82f8d224149957a1757b4c48c39861349e5cbfee
hprc4_L100_707	61c34a2737cf9d2d5a90e6cc6d76e9404542e13f9e3f636d005183705cd3ee41
hprc4_L100_708	9db7329dc37e535c9b7e34efc3ce3bbb1ee17cdb9f955b3b0f31849d670a6384
hprc4_L100_709	d473b5edf8d1c28f3ea087a6015dbdd9cc1e0c2168e893731db61def1eaead8a
hprc4_L100_710	2d803cf0904e7a690247a599a4b72f815c66b2d22e8410a435ea485ccc2f2d43
hprc4_L100_711	248e9cd41ef7fb58fe6b2ef772ef5fce0a170e0999b343021c5f2ef3d591559a
hprc4_L100_712	eeec43eddaa7409d317eb5ba3cb71f24294217eeecf103bc75000ed126eee3dc
hprc4_L100_713	6670becbfcc3d85bf0dbc6e35013791979eb97a789f81e921ccfc18edb096fb3
hprc4_L100_714	41aa5bfed7a8e8cc162ef0a124a82ff53d174b2c5d78bb5cfb73cd3832aa1aa0
hprc4_L100_715	2f9d29f875373f9d0d940d6355266472a6bdf7ce251123de1070eed0eb58336e
hprc4_L100_716	8032ed838b38c9a97d8d6b11cd687e916d0c0b5622c2d00b1a539381d838287e
hprc4_L100_717	1c099f29519b7f8e3b3b1dbff61a98fcb57f57d2523b88333850723e63317cb8
hprc4_L100_718	72e2e31f3b8f1443a07dbaecb3df7dd9dd5b337eb43a645ff68fcbc02ce2e004
hprc4_L100_719	5a907c50792e1d260acb03d7d0d961fcdbe7d5a06ccc4f6dbca9637f9670f788
hprc4_L100_720	4c99089a318a7918bfdceb6a3b074a2fafb37fd204c10fba0f759f1d413dac43
hprc4_L100_721	029415abd1a81a275139fc19655b0e0c10d731c4f4844a1133b6f515906ab5d7
hprc4_L100_722	43eeb58053ccfeadf582ca8dc00b9f2fb1b2d9460d01ab11f670726fb0e7eac6
hprc4_L100_723	0affac4fff8a7f4ac3d559cb1d60a3041649101511973890430eb0fdf4557a18
hprc4_L100_724	706108db9a1ce0224a9a3d5735829f22d5539ee5a22168689e8090970a3eaa5f
hprc4_L100_725	125be977d1d6d60845575ee8b46db27eee26d6cf07099818ae721375881bd958
hprc4_L100_726	046e93c18e7bbc5c7863ae49c014881da0bb53e2b189535d8220f0947e861ea7
hprc4_L100_727	a4eff9c8fbb701241e8fa1cb89e6ec67bc2340fc9247c597b48d3e53c9a418f1
hprc4_L100_728	127c6dea2609231ad51ff95a0aabc431d94b306b68b96c64c6ceeb4e64086846
hprc4_L100_729	95df4981121866bdab10465fad76b7ddaba29eb0e4059bf9bd55d3afe337de79
hprc4_L100_730	706e6bd65e382d23893e927aa4de46dd4e4fe76c3b815c7963eaa4161f33f94d
hprc4_L100_731	327d4293eeafa0ac8d551e99d3f82e9beb1b7a8f5c720fc610a9faa39f7bf658
hprc4_L100_732	d2e43f00ec6bc510aabd6adca253c1553002f0c50088952644c7e8936b2f7127
hprc4_L100_733	9056f18d398d667933adc98282c1b70773a7b0be8d9d1ae17f78c7fe2e806216
hprc4_L100_734	0c485bf5228e2160e28c4f08f0313749835ea23c4dc999f00cd1b064614e8c4d
hprc4_L100_735	60cbb9938ef684b12acf1e6219c8210b7b62e89d2e2d9908d0a36e9c0cfbda20
hprc4_L100_736	adffec93db0facf841ce1ade49ff531e4e66ed197ef9f22730559c59b7cccfd7
hprc4_L100_737	09bffcfbd03dd5e46b64d093b26f25e171063a6d4a39d851bfccaab1c1ea42fc
hprc4_L100_738	3bf8d62d9181b2152050b77c77ce3aeaee70c2c8f2e24b26c4f42446d081404d
hprc4_L100_739	9336500eb0b93e0bc4b953c1841da96eab2db68d6b98aca97b2f02b76bce2167
hprc4_L100_740	a71606ded5fc035d93b02a6465db12d76a09e4307a1afc4d790d58cc8228ec9c
hprc4_L100_741	d01021fa46e8b09affb330aefdd89926af472a0988b71c0fcbdf15a4d413ac3e
hprc4_L100_742	ae829a7cc412f4ba33bb74e47438abf8bdc157c814897285e96082487486aae9
hprc4_L100_743	ac0fde6fdc3d1f715070d8a265cc74017d8e51d79692afc200b58e8b1ff86c91
hprc4_L100_744	745b2baef7b740b59e40b60c314a89196813941a064b70aa296beb82d36705a2
hprc4_L100_745	b5ea0437c69aa7b9b0cae83a23106bff8e3f1f803472e26220dcd9fa8e2b6044
hprc4_L100_746	36bdfc9c26469cefec91be71c4c44ed68eab5d97a10e0ff11500aa42af66ec7d
hprc4_L100_747	99e611e85fdd5bd8ff95772a64b8efcb8a925054cb982568836a8f716b54b550
hprc4_L100_748	5ff9fbf627506730be41a69182378878bc94253e08278d14b12a07ebc83b2b74
hprc4_L100_749	6c6e09edda2535ea8dfb37aa1cf2a8b75055e1d1ebf5fd5372b9d4ecf57c4024
hprc4_L100_750	aa4bd6a764ada2d5a072708d201b30187b409b140c4fa0459084cc1fd43f0ac1
hprc4_L100_751	b0985e3b7f9ad3e9ad0e71927be8ea334e48a38a05bf6b1801d874199248b1b6
hprc4_L100_752	8cae3bdc67a2f408e13ac038c17e958bde5b4e267474e609f4b3655a2600e806
hprc4_L100_753	8e7e75953e69c9b0db13151b738e6af0e18ad0aa78567c1847d0bb92da980338
hprc4_L100_754	ef2b23f793ad00f1427d0a19e4e40798806388e56855f7a0899f7e3b80df4216
hprc4_L100_755	9adcd7d00ba60951c8af96b5429779bfc4a6fb946f2ec5422f57aeec242e1aa0
hprc4_L100_756	c0adece9394aad533fb136309af1fab9686c7088fd01bee384657d8e0ca5bb7c
hprc4_L100_757	794448be73291f6ceaa9f4b5b4199d30201bf6df4f2e63d7de8e3f61b941bfa8
hprc4_L100_758	46b62956fb0e782a182478d76e6de71d0037ef04e3dbe037cae1e79e22c0b163
hprc4_L100_759	9d38a16e1103e8f3c7f3beddf2cc6859e890276f7d42d2954163a107bd86df1b
hprc4_L100_760	17e811fcce2f3f184dbbe648b5f9cedf8728bbc924f066b365fa125c22f4ef3e
hprc4_L100_761	3555c70e53de576c8abb70d478eb90fbe3885596aa700269b68c953b8b88e793
hprc4_L100_762	cd3d5452952755e70865b750c9f06c66355dc5d52a39968a010b75c8e1b54087
hprc4_L100_763	e1f46c769bdb577f4d1ab34ae4737a6059507a249900b1fcd16ec081dddfc403
hprc4_L100_764	d769f66bf31d4de75940a825170ad30e08ca2e164ffd2195385b044a5b26dba5
hprc4_L100_765	b7e21ff513a56b001cc49829d495a20334546a87e32843e98532b5b7cda69752
hprc4_L100_766	2de07dd3b3b2412df9479ac59e9ee1a910501b8ece7f416562ce950553d17403
hprc4_L100_767	dc4eb6449b8a695d9cd27db8dade901224d8bbd74c9fb7b83a190e059b092bbb
hprc4_L100_768	00a1e2704e02ebbee1b791c54f7e66e2ee7433e64b74c029c19c777bf478a2a9
hprc4_L100_769	292f1aa3f630324d040c19a6e731e95dc6be2dbda4c15b3bc1ec6b79f1c0f1f3
hprc4_L100_770	6d1ad2d9ece12f085faea39ee2404c665e5448f7fcb33db0eefcfc659eaac7ed
hprc4_L100_771	e1f8656fd74cbebe0a7c118ee2bfb7007e2bc4d6f2a96f45480d16d0ead7cec8
hprc4_L100_772	7066552d3f3578bb26208c0d7e3396497f599f3eed3f05325901742fdf122905
hprc4_L100_773	2c75648f18851e42130d914c171e4ba6ba803143ecb927942bbc4e6a19f52ddc
hprc4_L100_774	deef7241124c07789ef960495a6085113243f5333cf204f85939309aaf93ff3b
hprc4_L100_775	fcd34d0d981e047efe0fe4f5fc4b75f405fb0b4ed51800706a5712cca5a7befb
hprc4_L100_776	3f8267a03d9ec6991f8b9c5e65d82aaa4589c1efd139d8cd4b05e3f5bd3b79dc
hprc4_L100_777	b79562936bfa82f18604fea3d58e453e0dcfa478dc367739545ef7b847ac37d8
hprc4_L100_778	e0e3f672d399a930e7e71a64bc74431058e7758a74daac3631a65cbbc081b891
hprc4_L100_779	c2f9ec469c9602f5fca4ba67ec45f5c16bdb2576623c67c77f969e530e11b8f4
hprc4_L100_780	3cb7b52bb02065dff65d6ffcd93bc2f21e3247497d11d9cd508db6d3c397d9c1
hprc4_L100_781	7f8cb3f08b02f20b3086fa5b14ac6d537d326e72a83f207a601322b017839019
hprc4_L100_782	552bd3b6f312ff6f019b1ed296c81e8b92b006281bd455dcf9ca92c058df0fcc
hprc4_L100_783	ff86538f2020323c68e7d88910523c8969a68f34c8ce4bb7715566aef27b526e
hprc4_L100_784	a4dbe0be31a8d27b8ac4a4061bf814d39dd5e22f5c3defb4b7ae1198be08ebf9
hprc4_L100_785	3bdd39c3d8d793e7351998dcc8c883b90469833b90bbf234e44a29ed17e9c087
hprc4_L100_786	5b88fddbe6700d305c9b676d20635c6b641690dd263fc3ba8bc43a8cd03d9861
hprc4_L100_787	c0d45c989ef9178eff2043c23c0f8e7ff88e04ddd9f186a62dfe4eb163425478
hprc4_L100_788	984a716f0c88f803504ab3fd950a4605e49d46143dc60d1765d6892c03ab4929
hprc4_L100_789	c6a20758bbc50f6f0acdee39d6f9d00239912d289e2e127b91c4658007dec29f
hprc4_L100_790	95f92ee4df554bef0a9238b65338e5fa00b3d130658a3eedeb6b2f52ec9a298d
hprc4_L100_791	0555b3fd74edc2fe2ed43fcfc3f566356af11347147f3cdf013f8a2eb74d72bc
hprc4_L100_792	648c6d5e0c0e784e57be3d0bdc6969ff39f33e218914918f0d3a1bc718506419
hprc4_L100_793	dd915abf5a22975beb0eadc9dba13d081a0c5a40a16bd83adfeab0d6bea338a6
hprc4_L100_794	258b4c52180b461255fab50744e8fe20a78bc8dbfa439886f58a1d385f8578f1
hprc4_L100_795	b4771331c1a5d349a575be5b4351c1bfa14549e57e2c3ec2eb21346a399de319
hprc4_L100_796	a2349064ea6b44a9ae1baba76cabd956b7df1f1f4ccb68ce5e129c0f984ec3cb
hprc4_L100_797	b73d53b376f4390a6915c952972080f067c9304aa0be5c2ab20a6a3ba9e00a11
hprc4_L100_798	282ba3587366aa13e85e3f3173b9e0b6d9e6ee34194397a4eb495811fdcbb091
hprc4_L100_799	694de2c626bdfa8480baf3e30ac9593ee9d6e957e7e31eced03d1f2aea0b7809
hprc4_L100_800	2be06d2c041d5de4d8bcbe4a42e2e18f2d6ac4b2c7434e5a44b4c067c1799096
hprc4_L100_801	f7f1d213b133f4e4327cb96c1d67d0a7bfce386ebedd7c5afa5e3f60c2a22e0b
hprc4_L100_802	3c3714efbb12fd925cd1743f353ca1d7577294dcf88fc079096a0f866fb4627a
hprc4_L100_803	6a7e9cdcc62e33b80a4cf39dc1df5f3b0fefcdc1b742a17dc835d0271eb2d749
hprc4_L100_804	89cba4990ba1153c48688b86e66aa0fddc1300e5350adfb6e162592110c7804b
hprc4_L100_805	cf737fb7d6615d4342c767175f14a387c41472cf634efd79b0c4599f0c41f7e7
hprc4_L100_806	c900a2dd70bfbbfd805f8e2b13cc942e8e98ca31742d5a54e7698607e3243b02
hprc4_L100_807	56015bcc416ff60040a60b1ca8b86703cbd373d4e1e5ff69e2a06d0c3e8f485d
hprc4_L100_808	635d1dbb8a88618eddea8d59fce2d910b5de4de4fcf210b5730810a70f742dae
hprc4_L100_809	f25f33017263a6a6c5e474342d2a1de1ff75f8ebf9f7417e01cf51b50752bb4d
hprc4_L100_810	33e11f4ea065e654ba43d0712ce6ec255f9a7fe1e7e172e9491d394691e8c517
hprc4_L100_811	e5d5675d9fcc97181ce57a2c3aa71e6ef55da4c6e44a9479c71e2867c515ee4d
hprc4_L100_812	d62c57433076bdaf586f4cac8ee75ff4c6d875f273bfb76ab60184662df8a813
hprc4_L100_813	30899b5d8f8231c782de5c5097f8d888948df44aa8c7ccbdc367eebc7db4927a
hprc4_L100_814	bc67d2c98f8bc37abc32c07c7060ab83306e246bd26510a101fae05ad0680b9e
hprc4_L100_815	67e1d313dc78eb74664a1f863f1e64dba09456d4ae0ae9ce1be6cccf00de54e0
hprc4_L100_816	64d287650d522502670b5bcc7a8d69c40d74c04ed5fa7a31e1fa7bc68b2645b8
hprc4_L100_817	641cfd2a080f1463da4dca20358b864a032bdbe3843edc21d81e0f3a71b77a9b
hprc4_L100_818	32a02dd73df7ebe5e7dd89d30c8cdb11076f53c98f48ffbf2612291da4ff9b9e
hprc4_L100_819	4fd01a604422fdaa272bbc4e7feedff1f4f8c6a3e906074eb5a1ffb26b137264
hprc4_L100_820	ef15dc77ab04126e3e2e14eb37e2f82d278fab81a4f266f8fe661796d23f32a3
hprc4_L100_821	b3b005e56c24492f05401382593792dfde81c9baff7dca39e60384001949cab6
hprc4_L100_822	cf6569fb96eb733477bb87e75ef66cb860b935e650426c726879ee198a51f651
hprc4_L100_823	7b02501b7e7ad99f56fdc8db7d12ed3d02933f228dd6224fa7a2e1bf28351dea
hprc4_L100_824	e47bd078973711502354d593268d44841e2bf7f1f82df817087a8d66ff82938d
hprc4_L100_825	1a358f2671c72e440678de86f39dcc189e4fdcfd2a23f8cf1f0563764e4a8818
hprc4_L100_826	cdfcef8d2384a73dafedfeeb84fb2eab1fb050d95bbb5d15604d98e69a59f0c9
hprc4_L100_827	24873a0302b9f57b1ebc4187a879bcf467d3a368682265439bd9656b7e6f0e97
hprc4_L100_828	0bd2d2b0f0cf8ab796f9b792f68798fdb775840a1e9bbbb039861bf42754d430
hprc4_L100_829	bbc949e60cde4e5cd245ef41c00a803da97b1dd1f3c0d94c56d8d73d7390b917
hprc4_L100_830	3d33e54fe89faf445e52e954187757e682384fd476ced6990a3a49ae75edd642
hprc4_L100_831	a9a58a7f78b1bfdc608424152422e8e078fbad1f1d12f69f17fa5eb251d8e962
hprc4_L100_832	c760406f908bcfed4c10a4c534eab615d0de51d3002fe3499ecca726277ddef8
hprc4_L100_833	43555564651a3ea6fe319f3d49fc7cfdc5eceebb8defe6f4c632f9b6626d95e8
hprc4_L100_834	e0498087061023b0c66ac1d92c98cc5ff66dc1c82aad01463b3c7845dd1a92bb
hprc4_L100_835	53c77b6806b56dd329e220aff8e7f413f4bf4061b393a253a7f63eca46e06f97
hprc4_L100_836	d83e16079f7961a13595dddfbedc14d73de523a27221ca2a1725349bf4a2fd19
hprc4_L100_837	5f5c8a8aeebb493be820caa34954e8e097fd5ce7438778ebf3b7317c88caaeec
hprc4_L100_838	869a8196fc6080edf2e09db2c4380b90adee47c285e002ddfaab564b7cfded20
hprc4_L100_839	f681fadb1a520fd1d1c5cb459dc4ded102017933f9a43753562585f9731cff6a
hprc4_L100_840	a15eec65d928d5c9efe6ac6299c7f2fcc19189735a7911a19017768098f09152
hprc4_L100_841	cf2bbf96f63b5206d7a1501816606613476dafbc927e66a75980a70a8ae6ff5b
hprc4_L100_842	3dad2e8249cae087658b4e10cef4461ab8ed52675034110664408f488e7af0f2
hprc4_L100_843	4c1584a97cc23555bf3b99551994694e98b076c7e36ef9ede7ce15adfcdf5b21
hprc4_L100_844	00c7af5117ad6ce7d73d88dae9f7bc22c849ca5bd450c37554a85f6246a4a2b3
hprc4_L100_845	09f1d2485454f50c7d99d7320ab09d8321b0181e9aabfe7f9a2e8a475dd6d745
hprc4_L100_846	300f08f2df32aa243bdbd3b18d4e83809a031f4e880134d97564f8041febaee8
hprc4_L100_847	f4ee3d4d940cf686dab945eba0a54eaf712389532408decc1c6b1cbd9903c64e
hprc4_L100_848	3f46b5414103d39fb470eeeafc57d68ab87db022dce055c25d119911df77f131
hprc4_L100_849	bd90b4b27e69669bded5d065247fc16ee3fce62f72b8d94ef120e624ad8694bf
hprc4_L100_850	d785eba874a9e63e08b77ca0452e912f898a4443413fc7bbe18ccd9f46c0a31b
hprc4_L100_851	92e7363a1fa8cbc01fb5f14de51ddbb692dda60b553633655525cae7e8341f06
hprc4_L100_852	38dc8c28f530d1a06972bbedb52997d403248aed2aba1be1afe9e0aee877c6db
hprc4_L100_853	b7ed68451830f581ea8c7b1df64ad5ac2a40acaa1669cab6ca65f6b775983e30
hprc4_L100_854	93bd14ff1d578016708947945dc791163671501f637ed6bcd1252047fa4c240a
hprc4_L100_855	d9eb17a49af3b88ed735204497ba01184c6f31e074e17c7888f26263fda8d7c1
hprc4_L100_856	5dde6f2c4547749024e23164ebbc6764446633db659e6bd7eecc167b78330122
hprc4_L100_857	a289bdd8baa0f80260e244987ca124f4760d53e38485f1fc1354d5a6ebb208e7
hprc4_L100_858	27de10183f446054891a78846fc2e02a355dd334c6df9b413e92fd3994f77353
hprc4_L100_859	43003222871fd761effc8c973a4f9048c443d548a84cb14f7549d69502471678
hprc4_L100_860	5a4d97aaaaa53528da12d8a6ae8bc5fcbcb0a679790958e0d05a2b4a91ad6ca6
hprc4_L100_861	1d323807228c3adcb099be635fb7d025d1bd7acb6a05e10e8a74dfeacb56c819
hprc4_L100_862	c94560f870d6f9a4a4c0b27c2341fad52d9bb63e4be29ad46d0b4662081570cc
hprc4_L100_863	13fa03a199213d44a2b805761d6f481de5949b1380b93a3159b6f80e62aa14e4
hprc4_L100_864	5652b9f007f8f5a05f2205253d8b412725f7df581fb0bdc6843096d540d88497
hprc4_L100_865	eab95613eed8a9b36ce95bf408fb67147c35b326e2a5e21577e9cf5cdd9537cd
hprc4_L100_866	03246ee378f36a6838be2b0b94a3d2a3e760831ba8302e61fa351560ff3061a9
hprc4_L100_867	527498d578acc88db0d9391f6c06003253c5f338a1ab55e26f424d1448515100
hprc4_L100_868	4b770e533bb02972c95fa2ba2b3781dbb2a679d1e8cfaeb469f40e76d631ca1a
hprc4_L100_869	ec4c33c03e6e6304f6fc9e90d31c4ce7492c20469115f5028cfc89bd35eb8feb
hprc4_L100_870	7130c7ba04188577dae4b15fe92a5da478ba6ba33a32fb21adb6049271ef0ed7
hprc4_L100_871	562a2eff3bb722b8c02603599938326eddd75d0d8341a87447b23e03e8c7921c
hprc4_L100_872	f64e55e0bda9e9ff50a71a7be7cef2463b952f3f48586497b680e53cbc7408ba
hprc4_L100_873	28b875eeadb44d3d4428915969df5586734955ca4158e995e7767626c1e6004c
hprc4_L100_874	907e7417ec742e95c75330d85850da62e44df46d7b7b3701e585fb07d753f943
hprc4_L100_875	52ec7233e5ee2661db98dae3247964170e8f3a504f89094fcc58b99bbf6d2792
hprc4_L100_876	f69e15d5dc74747999f717c91deee90c40199bc64bfe40ebef2bc3a83e4f1799
hprc4_L100_877	a6195b24f66ad4252fd0cedfbba5952c8717647e1d9171c731da6f042985c9eb
hprc4_L100_878	2d1d84d9bbbadc6d54d27c5b25d2b8d2b08864aca539654a63c208c80ff10264
hprc4_L100_879	22a2860cb5e0e3bc539294f8cd64cda4dac3c7411af6d5ffe703b2b5e951f29d
hprc4_L100_880	dcab2e7a34fa0e576ee45e9867df0ab127fb4a716f168f9f6a57a6ba004471c3
hprc4_L100_881	6ea21b48e2197f371701c8194655515bea9b3ac9d4196d909f5ff267b4c946c2
hprc4_L100_882	921dcc036d46fba7197fb32056693382e7a0cac15cf549ec49bd8f6ce332e0ac
hprc4_L100_883	dd42e63eb0bfdccd91df8ba6991f7eaf92ed122d8b0990126fba26a6964b8675
hprc4_L100_884	ac203e94f5a996a5bde628bb82cbb8791d63ce08bc37b2ba99c36208f1b9c0d2
hprc4_L100_885	14a73053855b7ecda282cb09ac16a862766c60e3ddb575b7f827c2e7ee98a4b3
hprc4_L100_886	dc85d26620ad1ce0f53e2645046468f23c39a903620d17cf712bec49099f3271
hprc4_L100_887	0c3d435ca744189028d51f8df1cee4a18bb2d870b225a5dcde67721c97fb4c0f
hprc4_L100_888	7af4ad80f5173dc283e963182a3dd17ebe7fe235d557f8918874ef0903baea77
hprc4_L100_889	4842d1e39c14a7d64b59b75a1f52d10b70a2ad929bed9647135cfbfcd5c2e3f8
hprc4_L100_890	f007c04ec5f429e2b71d7c49248999dddc4eb04a562e09677a87ce9f16b41af6
hprc4_L100_891	49b22608e7a586ac256ebfd2db1f1c1bb39e3d90ed5e550d4c0a810ada8d4c71
hprc4_L100_892	c11c39c33d2c319e55ad57518d9dd369a6a521e9be2e690d647dface1ee873b9
hprc4_L100_893	2e8386507c01cb32bac83c33ed10d8e8de0187ee0e7eb3661297e8df40906a2d
hprc4_L100_894	0df8870f900db8cf8b2ea6057c5edddd26acab7770e618c4faa85b0887de2444
hprc4_L100_895	5e065ec812eed362eafbfefeda33abf9e91139e8a9a964f4fbd3522ea46318fb
hprc4_L100_896	589d8a610a60ddf18eb52e5fb2cb31b477158d125f26cf6f175c501d6ca15f96
hprc4_L100_897	c1af4cd8bc6feab6632173c4a47c714f2d8f56247f3060cf2603a016a05ab1ad
hprc4_L100_898	69c156c0a8f049859ae302d4e794fbf92782a39b28cd36f1b8055a3a6dbfd952
hprc4_L100_899	3faa49336d28e30a3e759f7f6ea5283961333a8a752360d358aa03e216b2e1ca
hprc4_L100_900	89564722401ff4b2d00188876c685f1d09ebceeb95fcd9cdd93f4a873e44a209
hprc4_L100_901	d2d879bcbc50f9aa96b45c4d7b5ffdf12911d6e1f075c79371631db48079fc40
hprc4_L100_902	f16d124bb5f06ea76d02a14205e3e9e6e3f68e269c123613eab4dc0278340736
hprc4_L100_903	04970a300e51bb28533b9fd21127795957778e36a6442bf2048e94b79120e1e4
hprc4_L100_904	b44b3fd003cc342f701842fd10526f0149ad279817318e4930504eaae9380be7
hprc4_L100_905	86fdb2fde448b02a059141cae97e2fccb8d4bb5bb63983fdce955496e594fcaf
hprc4_L100_906	4b01781fb54a0e4847d3cb2bc66410ae37c89a327b341a4e45d8b48566228cbd
hprc4_L100_907	0ec5c29db1df9a2ca94b5e0bd2dba30a491d83365414a203ea54f08ddfede4ab
hprc4_L100_908	cc5913c4a4a363cb08c271de60b257d66624a8012075048221373cf373e523c9
hprc4_L100_909	e1444118f29078fc3853f5f5af9e4eb9ba78960750ffb47724aacb344095fd2a
hprc4_L100_910	fee3c3f9ff36b7e7df71e76e6ea21e1a07c819da2a647eec8de0ac80b4c17786
hprc4_L100_911	19853b0431b55cbea16013d1654996ad7acf549dc1dcd0561f92e5cf5a9ddaca
hprc4_L100_912	1bf5cec77df846b7ce7f448935923aeacb934494c067e8a47a2a8e489cf7566f
hprc4_L100_913	96dfc20c01a4a593f1d5ac202e6b0753e16e6dad366cf5042a9019353ca0f2bf
hprc4_L100_914	a2a717fd9ad412c9fc03b0d0480cebc12dd0f89d732df72f890f35c4a8fb31d6
hprc4_L100_915	0967e9c4c0234fbbeef5922abe1166263cc9b44a5e813345578de2d903a2363d
hprc4_L100_916	d22beaccd681dd262325c2aaac20e022b63a456b281eb10731570d6061f625ec
hprc4_L100_917	0bab8269aa1c5067c3c1585a73c4b39afd3a514077321a41554dbb76fd5449ad
hprc4_L100_918	a8bac359b7b80466493e700ad7e6d8b0247490e60ea4634cb3273cd6231e728f
hprc4_L100_919	0ca72484df7153bb980e38d2912d895d59ed997ee1c9ed66eb9691c5e0e6f2cf
hprc4_L100_920	e1075dbbc46917b1a68d8c81ea1460ebc64fc8dd58840918724d3c84cb3d857e
hprc4_L100_921	eca0f70e81461807ddbbb54cad0187ea6201c055bb3c41531e2c515b326e8819
hprc4_L100_922	232682f315bbe18ff06898cb22d7debe938bc568e773ba90bad9ee90b01ca078
hprc4_L100_923	8b04fe0023bd667311cf617f4e9d2caf6d8306ead0cb8329bf91b6d2f539e3a4
hprc4_L100_924	659d4e748ae4fb2afc83c487e94892766fffd33e779ce6c9a2e7b57110344d38
hprc4_L100_925	4ebe16ce74ed66f9ad9b0af86386b27073a70d27bf1f1992466fe2f08fe056f1
hprc4_L100_926	a81461b995e14052daa6182f81584860409186d4edef36e7ec950c6775f3082d
hprc4_L100_927	4faf79f72ea8a726df8bfb583c2149e3821d7ea38e3ccdcc0b4390a3540b37be
hprc4_L100_928	8512b2c69c32dd0e1bfefe63ead174c660c4d4d0880e76645df73fac5cc1a488
hprc4_L100_929	12d58c8076bc9aa5b76dc565fa862f8af84267f5b95213105f236476d398e8e8
hprc4_L100_930	c992eca641e853430a5b176b6204190fd636a7bd7b1a9e3edda7d322c84c8a15
hprc4_L100_931	d2767488af7cd1e705bb18f64a111dc54989800730f01d736499cf84cb8421a5
hprc4_L100_932	9eaa1a8b1009fe9dfdf8a717f0f3645c15d2c3eb54104d9cf6a7be985f0951bc
hprc4_L100_933	e855472fc4dc12ecb575b0a875b1289668a161db84588e573ceaffc7a67022df
hprc4_L100_934	129771aa3ca77f81f5aba2e84b22e4aeef1cd35da328789a3256340380a295db
hprc4_L100_935	b5c0f7cda1563c006c281c1a00ed017fe3a26642aa3b818dfe073719bb9c33cb
hprc4_L100_936	c8aff9eb9cc4c3b69af7255e0bbc5f8c8881c9d0c6507dc2cf4b2a4531ce3616
hprc4_L100_937	b7d82a778d7d9efc38a7c8fab2a90dc782f32a2583bce18f0c7780c0069754fd
hprc4_L100_938	698f5065af035978288a7d2ab4aa7127de583fe273016b478c5be324280eb6a1
hprc4_L100_939	f7ae860b6aa8f6a736d45f1c4677d4fcb3fbef72b50734a10ccd7ef8d0d9b0dc
hprc4_L100_940	edf0e7aff65d8d81ad4107cc1d25eed50c52bcf87213d27b6383831b59426030
hprc4_L100_941	5ff85aa1da3ee2e012765416325dc456247f1b03bbe0e506007fa43acf9a39a3
hprc4_L100_942	4f7835e1e6bb23775e8b728e483a6eefd03173f2d1ee7b8712ad10a29010f347
hprc4_L100_943	9c6ba499b46030bcd252a3d152f5400d5e6d7ac9942c57b5410982797b9c5e4e
hprc4_L100_944	7df3d42959c4ae009e010b06c35e9b06c31c4ed26774892926b7f29f143356a1
hprc4_L100_945	12b5cd62fafd10b61927f8637b0875d674c4d6da7561e5a7ea099e83daade32b
hprc4_L100_946	c050c8a906db46f267860ece3bfd1e78501131231ea2c086d84a72e8483daea8
hprc4_L100_947	9ff58ec6ecbb0d823ad2137c120813ce0b2f181550d9e2b36cf91d24c6cdd386
hprc4_L100_948	fd1387f34c4a4da1a7415d21df095413f5406db185664f4dfec5a6c3c9cb77d8
hprc4_L100_949	686e4df8922d7da1f1cc4baae6596cfb9f069e7679e258245da76d38f9bc521c
hprc4_L100_950	586db5f8fd2020c9ec0a0d9a454f7fd8c4f6d609390b68d732aa6fd0789dca20
hprc4_L100_951	5c2689b0edfbfe18dcaf697ce07363b86252afbbfdc5066ca9b75cd3ea233a37
hprc4_L100_952	655f3b54c25b56bf02e7a7d7bf6aa34dbb68b98bd5ee09e691eac6eeccc76c0e
hprc4_L100_953	6655aac8e54372faf0abf5016691c3180024e57987e10437a756d6d6bc76e89f
hprc4_L100_954	abc96685a55a199cd121b8c7d34fcd817b13836840033c7a5ba263996c526c27
hprc4_L100_955	ff4407b9935b8b69f7c51a596227b837e76ae112c778acc2ac4b4329b6a72eb1
hprc4_L100_956	a092e869f787c45169d4485335a233acaaa24c078e251a6ae6501a78f2779ee3
hprc4_L100_957	cdb2dc47242eca7c39d27a43e35478e85896628996f5d7ec6628d8ac68de3056
hprc4_L100_958	c2c6bf4c4e3d47ae2a628d5677c3737aa40be3b327d35b10a26fbe4e5bb83f7c
hprc4_L100_959	dd5eed720ea7053a31b55da28d0a8b043100ee20d5ade5f5ecc86a5ed36a7e3e
hprc4_L100_960	bf278d005b5cd55b5f3425a3a94ec24ef8559cde1955aa48dd7d223dd48adccf
hprc4_L100_961	9164cf3a79368c91250c91f4b10e1e7e38cca50fafe0d02db00456c6c4e487f6
hprc4_L100_962	6d4e6c8f55d91360a516dd3fc5d2bfe57a3cd563d065cee4b8c146c336d8ab6e
hprc4_L100_963	8563451af6484ef6b047eea9b2a617511bc84487a7c0a5c7f7ba3b08e1bc8ca1
hprc4_L100_964	3338771503aa5f762fe0de9b8fb768edc4b45f462fa6b57af78517e29dad5ca7
hprc4_L100_965	b96f34d4e84a8fe1be02665d27190dbe67b9db2f75c013a3273ffe9138803811
hprc4_L100_966	6a29de5e91e1592c980b5b8f484c17d4a163d5cb751cff3c43e3e470cfcafd9d
hprc4_L100_967	a664fecad4bb9cc6a169a5e2ee572ab7025c1b1e75795f8b1fb2fd45c0b50076
hprc4_L100_968	849b4bcb0900bc35de0db13054ea45fe553faea18e800996db14b4c3e48e9d2d
hprc4_L100_969	10d8e3587b75c2657d3357116701e741e343ad0bebb3050388cf81795e788dd8
hprc4_L100_970	3f5438c8cbce1510bc1ab1ca7949f250d8ecbc64ea25e5577d846de6e6f394d5
hprc4_L100_971	ee8137a4c38b5bc19d82d38cff88d27f00d991a1970223d42aa46393d690ec5e
hprc4_L100_972	f85edce725f1859f3b14a8bb735e429e8b7e96e507a9eab01d52db8eb0244f75
hprc4_L100_973	7689dfc8ac5afb72b6b148e0e1943bcf52f8299837bfb66b648eb806b71b6cae
hprc4_L100_974	e09d6926e999074bc3f25fd9ae7418ec288feb94837c2a9196c662002f52f080
hprc4_L100_975	a84d68f5927e5bb95bb80d7488a866dba8f2ea3e9a0f79d6ffd9df4e2b225b0e
hprc4_L100_976	dfe7712c7841f4e5e14e48dd366303b95e6659fceaa56bab9ef3bf05977a276b
hprc4_L100_977	c9f3aedcf38fd108c599ca116586a605155cfce9ab7148d97d1c602641eaf511
hprc4_L100_978	d584da038a775e1fe81630840be22d171b10ff02dc0a6efd7745973d83a0d417
hprc4_L100_979	43544259b910ba3b13123a149348b8dbd953af30f199daa7d86ac4101345a071
hprc4_L100_980	13e45d03f42188f935a6aae5ed100c1db122f4ea446fa550cfc8ae8fb2139d99
hprc4_L100_981	30a967c02ccba1a4f1418550648593f7a50f6dc015dc9d8f6ed6b948fd3e0fc5
hprc4_L100_982	437b2c25e0fd9fa868dee6abe2cf2eb46cdd60590566ac1f079d96f34756ef69
hprc4_L100_983	8120c327db0bae08df69ffc28efd70398bf408cbb49c57611329e8f87d09b0f2
hprc4_L100_984	8dad39b8e15fc11e7e0fa10fc4371a966e7ae4ce6a99774bcc3a50955912f8de
hprc4_L100_985	aac7f04118e7a262e69bd0b17a97b070508717a794c8ec34d7999c91d2725237
hprc4_L100_986	8ce79e949b0ce2b64112b324d557ca86c0f62ee6e8e5ff0a8dd0ea23f222c312
hprc4_L100_987	236ed2bfe02c5e09747b3ca64554120277ff4113df5d77387ec72cb2a49c84a5
hprc4_L100_988	80fb68f0f36d93c11ed0f796dff3128e47ebbe848d30ecc0d719ad9bd6b31621
hprc4_L100_989	9e44779c022be1aa9d98cb0519aa75ec7b165409134fb2e25805b2870648a964
hprc4_L100_990	3de83e4658c06e400037e59f597900c1ce21c9fbc732f97677eca6e3863ef08d
hprc4_L100_991	94935ec09b17ba0bc31f4dca611d06d03667257c9c899c505d8e0425a3447c6d
hprc4_L100_992	6a607be77eae78459f7ede77ff2dad6f08aae3148c14a5e983a5c55015eabbe2
hprc4_L100_993	e4a3a57afb96e24563de2997b5fbfe5392798c0ef34e0877d612bba4a99160e1
hprc4_L100_994	6e46ff4bfe00c7aa5474d5b8d9e5d12b5c6df56de32d2f36a17c342f6de33591
hprc4_L100_995	9e57696617f3a4c6e83f950d9b923f8ca149e33dd1ee397f742a596e71aa2fc8
hprc4_L100_996	5530f33525ed6386dc7ab9c6862dfe27019c5be0c0852fc7a6be09cb12d60afa
hprc4_L100_997	7ea70cc5e2cfbab5b74a65d10e0817f673fa5598467aa0281544db465cd0e592
hprc4_L100_998	be652cbe9ae01349503f6596772d90080edacd1d2110e0535c5e68b2aa147272
hprc4_L100_999	33ede39a193e997e11a2cf5463d8b422e450923c81b0999dc4b5f4b0b018903d
hprc4_L100_1000	9739fe20616206341590ee77fe3d724105f53813baa39030a7479d101ef9e581
hprc4_L100_1001	df34b4e8d269ed85606c868c3161630a13b4125e6d8f5f3881d8a5d215b7b519
hprc4_L100_1002	40e040acca409c6b82946bc84719eee405ae8e764dc47f632a56da4256199228
hprc4_L100_1003	0722610512371bf45cf54bff8606ffff814338c700f14ceff825dd38ca9a29f0
hprc4_L100_1004	4bb8853e0d942a6c97feefd78a2c3987d407e33a5b5b26720706bee266c7c302
hprc4_L100_1005	97f8dc574432a754092bff4a8ffdb2d9936cdb593e9a072f84447fea3452a4a0
hprc4_L100_1006	e8ebaa6bbf17f9aa4c286132815974626b9727c03b9563acd2978f594b78b642
hprc4_L100_1007	abc7c0a74dcc83782ab4eb67fba13c208423598bec524eb9a0433a326a91b757
hprc4_L100_1008	6e7444ba9a4825ed71e281be828a815b9248cbeff78a60e73e05c0a017010902
hprc4_L100_1009	6db9a369a92798069eea9771e12c96d20037db5208f73651ae4ced0f52281373
hprc4_L100_1010	7afa0c7ab7c3c68d955d19936c5256acc2037b5824eb25ec12b264489cb0c240
hprc4_L100_1011	a640b41adb5f1b5510a4f5a2a00fb8512097f83c2532560eeec9d9b141048c18
hprc4_L100_1012	1fe600225718c0604161120eb5c02f9bf11845ec2172709a1020ddba6c533c88
hprc4_L100_1013	44f5397bf1e99eda0e5103e156147114697e61d1a7932a8a3ada65bae1d7daed
hprc4_L100_1014	a9e72e0d5f7984ccf449e6014b2417e939a967769609af312325a5027e0760ca
hprc4_L100_1015	9b614c18842c471f50765f431c070e4c0387015f528ef0b6dd73968efa5871bf
hprc4_L100_1016	a2812607bca77c4089a519b6e382786d6de8f6b74743e2d3ab5833445a5086fd
hprc4_L100_1017	e528ea044355e2242dd69b5ce3fea31a56bc9ef3e0ccc5931a1ca3f698a2a980
hprc4_L100_1018	edb8a02e219017bb97ec469718ead6bd2732eeff0b292274cdef6e43a3c3cd74
hprc4_L100_1019	328835d52f5b89f0b5a70e385490c77dcba7a576958187d67dc4ebca33160380
hprc4_L100_1020	513f7c51a36ccd737e613c8bfc9cff2374d56e5c6bd6604dbd2f49f802f8eea2
hprc4_L100_1021	14a211f2005ca9120eaee2e3d8086947fb4a43fdb07fd5e0de01ff4de89506ca
hprc4_L100_1022	538695d3a6441a7113c82782d1f93f7dc0ed7c2ea6ba6063c62102913f1b1d5f
hprc4_L100_1023	a7d583812b62af1ec9a115362ce95d2905a5e2c23cdf362bee82f0b1ae70ed27
hprc4_L100_1024	3fb12093ff6fba2473eb62ba69b90cfe34466ecff06f134c92589d29a4681d28
hprc4_L100_1025	c1db3ca36d097bcb522d6336506f60e3653827f91637718c6210be1b6b39036b
hprc4_L100_1026	8a9c06e1eb30d00b45ea922cf30f60693ed197b307880c2f7a4d7bb2e8617e6d
hprc4_L100_1027	6505211540d1eda64573b4569e0d52ed20ebd5650fd5b1d6f626b699df88949f
hprc4_L100_1028	0bb2d4ab45b86e018fab32ff23272950aa5314c11dbea77f079fb8c86c4b592e
hprc4_L100_1029	35c24c5a1c3774bc4e6fab044e53c727ab2f1c37932119810fb93943c2673904
hprc4_L100_1030	d9bd90377a50cbb1ef1fbe674feaf0954a02152335da0f0ca0e4c833b340973e
hprc4_L100_1031	95666c51a47dd575e64cbf1bfacd10c7719d9c62df72ead590de23bb219a90f6
hprc4_L100_1032	a346b95bd1fcd6d822509db146bd5e2d195020aca3083e9bff006ee19a442211
hprc4_L100_1033	b09084ba5469ca6c66df36367232631e57fe2bc07c1f87776908e7b47de2ec73
hprc4_L100_1034	6c3a39075fc483dd0c3348e1d538cf334e7df61666134d2280bfb32bf1f3f257
hprc4_L100_1035	98ba5c503949a9cfb72a0e868c1c7401aa67ed0bf842caa753cb3b8ff171d846
hprc4_L100_1036	9898a9eec4f4aee3fe2a97cb38df8b0165edba913dae878dfe0ce70bc1363313
hprc4_L100_1037	e82c9fc1993513928c6318a3d7c3fc1e0c255078494d42cc966764b53834c946
hprc4_L100_1038	dbcdd9a8ec67c37d3d08d906b0b83761eb45dc6fd8de87c360de6ec2a96eb5ef
hprc4_L100_1039	0c01f7e60115e15bd1112f59b2b1f578115172a2ec847ba585fbf2a115e2de83
hprc4_L100_1040	9c6f62743815e7a34350343f049af562004ddc94ec698b659a40abc89f632358
hprc4_L100_1041	cd4f0384c93e9967a17709bec810e3d291aa95cee1e0548c0e4dbe415e2eb3ab
hprc4_L100_1042	a1e1f8473f77c3b5a458ccef1b8ea92e8e5f1921b22daa32e4053c44a2248213
hprc4_L100_1043	b27d7ada59bead4400c97574e07c6ad53678ddf17822a14d460aba03528c6872
hprc4_L100_1044	1972f1e0ca207b3f041d2da2fe558b798c3304fac3d962d5cf7726f9d0d2b8da
hprc4_L100_1045	01116c15f67e1d63717bf5e2702a11267df95a8c770bb5480da8a42c73fc7725
hprc4_L100_1046	19ef1bd7e3747092b22f55b31078c760f88f31cb81ebecef12fe8cf264e75963
hprc4_L100_1047	f919fd0a669a4a9037591ca125b9cee10afe24f8071aedd258e34729151558b1
hprc4_L100_1048	ea5245a606b8f8baaaae70ed4ac7baacca534fdb4e1f9d69ce86523463d1718b
hprc4_L100_1049	c770952f65865632dea084320b111169704c6d846d9331c5e60501f86e34ffa2
hprc4_L100_1050	a4198ceab756d71d8465604931365c0b7a99e0a022acab1c35e52c3e4287b4c0
hprc4_L100_1051	6c2273a68dda4b0b3523b9430b72d8ba16e2c430663f9af212f19c85ba569636
hprc4_L100_1052	025f389ead0d89f63d6f5cfba4886cb02769cbeaf3d2bb8c3bb8547a00a827b7
hprc4_L100_1053	632b0d877d81fd01538ed27bc22696514be1b3c381504854d4098c43512381f4
hprc4_L100_1054	3e72809c25f5b17ceccbfd2aef6b0092fb673ed67f4fc178335d32c63740873b
hprc4_L100_1055	b5d21e0eeb39cc9bcf7c332d25beec88dbf4e9062e874f5b3cf087534427947d
hprc4_L100_1056	3b2fa926b889d0fde724acdf87c0b803df3bee8a5d676ef23820d572d617a5a8
hprc4_L100_1057	dd57d1e293a468ca254b77f6a7184b73a9efb087fc6f95405e4306e7d86100a5
hprc4_L100_1058	e6cf6f75b6ad2ee4a857802bef24eda53709828a0e0416a9b5ff6cb5310db85d
hprc4_L100_1059	428a225c7c94c3ede6d568012af4a4a54b0417b37e885c0a7abfee2f3de89344
hprc4_L100_1060	8efcd93c113b6616eca0e8e066345ae235f1fcf18e7c6cdda3cc86b507599419
hprc4_L100_1061	938e03f966dbc5837b842e5a7fc09d169a65781b446041fed274a01f22b50347
hprc4_L100_1062	7e4932c1e72aa59f534f0c143354c3be926a95cae6afb4588282fe0dfc447a89
hprc4_L100_1063	697b87620d1e656702254f2568328ab5152b91322d7d19c5662388f2d700ed54
hprc4_L100_1064	d280ead9efc64982acae41be361f80c23020cbf616f36cd840ed00d9d6695434
hprc4_L100_1065	d701c12071292b6e95604362ca1339b225713a64442176fbcd560c4d17a41e8e
hprc4_L100_1066	1cff1e0db96aed39a32a1d6395330975627dd42aa1cd83e25691fd25fa55d242
hprc4_L100_1067	0dedccad74db7f4d478ca55695f810ca423394fc3a27b17d378610778e231616
hprc4_L100_1068	0822110f2018fffc03a3bb5557efcbe777c07a832213561d5a15a982e52b607c
hprc4_L100_1069	2c8c6827999aa1795e6cc1a1ac6075e4b4407569d8a955ba75a2a83278138239
hprc4_L100_1070	15c2ca3e74ed9ffc8efff50b99da3d9bb07449c4a3341bf1922ca3856c2e2be6
hprc4_L100_1071	20dfb14ede06b7aab8a5f9ea0d71a7398394e423dceb9163fd9937e2d4fed180
hprc4_L100_1072	d918b237edf096609bd9290fac4ede300fa162112925f35f07c6de50128bf937
hprc4_L100_1073	07e014b1d4858bef668c3238639619bf9d13f0cad1e7118a02be72ae7c47b190
hprc4_L100_1074	14ef8a9aa124bda933215b51f811c160c48f62a4f38c4233f718c5d420468541
hprc4_L100_1075	3703a2f3af422e1f7b1bd05476b2f2cb82a7150e5795e229e9c364b164445e04
hprc4_L100_1076	b6199b14cde74c843434535c67d4c9d65a5dee4055fa98d6f017c26267f27279
hprc4_L100_1077	73e52c6e9001233977dc78c86fba7d24b315342839d9611843d48650017e2b57
hprc4_L100_1078	31e31f53de42318b9e98ac546d163b388e8ed6b8e66aa8a7ced070171f72a6b9
hprc4_L100_1079	079e301a670296ce396bb9ccef388de291e0e721849268cad9ea4b96db29e107
hprc4_L100_1080	f7a996c745f2153d9d1344b89071dcb336c93a46273c31350c7d63ab2d4bd982
hprc4_L100_1081	278033582c1bf28a33b897cbee75cc692f1cdec5de117bb0fa95d8fdb30f4fdd
hprc4_L100_1082	7aecdf424ab5fe46f74d63207fe31f643c4b14d39989abaa4fb4c2bdc12db8b5
hprc4_L100_1083	6d9f91a19de4c483c3b997190b905355016a0b65cb93610891d6c10de4608039
hprc4_L100_1084	b65f3cda2c0682ebbde0ed97972d0be8ca3ec9f82dec2c84d3c5fb5ecac086e3
hprc4_L100_1085	660a6e09a892a770cbc2cb0f8c585ec0ed5dc59b708d17d43c5152cf102897c2
hprc4_L100_1086	3771e383c87f2b0a0cd062b1251a486ba86bf2a477f2b22b6ad2852e97196e97
hprc4_L100_1087	65a81a940df03cc6c1ebd44b7cc48f8943d77287558906693a857b0a27d7d634
hprc4_L100_1088	7f6571a84368701babc2cd31bdb7ef9c3230288195066bcce29ae6bda4864f47
hprc4_L100_1089	9f528b6efe2fde2b853c66c39d3a9d65428b57d9b682cc72b2d71a459f0228a2
hprc4_L100_1090	67b4b508d8820e3147f566234d2519e752e9407721087f01712dd18256a143ff
hprc4_L100_1091	c8f0f6b139c6c1735aa8e880a8d070474932764aec10a9b97c1cf16d9d9eade2
hprc4_L100_1092	21d27a67d378f3a8e8306c5e396c8a9cee903f60161f408eb0077d6a10374c5c
hprc4_L100_1093	ec165f13edb4d25a438e9d0b065dca6a6730cd2a666b36936a32321ddf23cc01
hprc4_L100_1094	a4b8daac8c131de27a7447e30656053a81401cf74312b3e4dd2d2fb8988f36ac
hprc4_L100_1095	1cee1b1e6fbfba02db07e0c56e4e30e6bfd2fcd35eb5c38427d11cea7a57f0a6
hprc4_L100_1096	6537b06c101ba2b4f3e9c24637841b876518b452d931b07c96ca0a171b9de180
hprc4_L100_1097	c6352c5d855f32fe9815428f0b19c0819c268911413c15361f95320051f20e08
hprc4_L100_1098	b9cc03a85c87c2238292f8f4999fd0f172a10b7fd5040f8e1e3e7bff57010a3a
hprc4_L100_1099	6230fa8d6c8bd2923b6bb79755d47c4029214ce18d79081714a4cf04feec5905
hprc4_L100_1100	b6aad1ad00de139eb56bad6ec89df1aea46f21137d35c3c84d750bfef864977c
hprc4_L100_1101	8256eb5c04d191b8667c9ba896220c1004d5d7605a3fcbc0459e1d2d977028a8
hprc4_L100_1102	05fbf21d02c5e12db37f3f37380c285b07f988d566d917d852b67238c5dabf75
hprc4_L100_1103	5dc0f918ed78a7da830a06ad37294bbc83ed21b01ea9173495cc8d7664f2a686
hprc4_L100_1104	ad89292d7c32be30f81f5f5fa1c69a4f3f7061abff50606ab25c53bcde331c73
hprc4_L100_1105	22f4138917d580daeec6f72fce8809596c22ba7418da8f73d75ca1f0548426c7
hprc4_L100_1106	6f8d8c3ba44078af2c0e8f2c005f0f4fc2bfd2bfb4a91c34964672812c35d7a0
hprc4_L100_1107	e67154ff75364bc991588e91b62335a68fd1742e10b8f65369d7441e0f764c34
hprc4_L100_1108	59fcb3eedde59d1bb723e77ad25a0ff284c0d470c12ad09103a02fab4b866ad4
hprc4_L100_1109	24eac6283d3c883226362b572a65275058a1231b42e6fc9e5e3b912fd53cc6e8
hprc4_L100_1110	d57e7fec9eddf01ec02ada0f94496bca1e425d2fe173b3a2464ff2bdd8442fcf
hprc4_L100_1111	56773436954513e2d596780d52658b3ca20277721107a8ad80d9b71c96a81099
hprc4_L100_1112	fbf1c1a9afba44766e508cdcda1f601cd02fe38704f84de973cf96a8e6867a95
hprc4_L100_1113	ba3cd36c4b2549b54efa000048754b71b8f30410e83d653fccc6e448e8c83886
hprc4_L100_1114	be2fac768243725a59796042e2f362da8fa4a3000c0f0a64afe0983f0325d170
hprc4_L100_1115	e0dd080bad64d0f643dc661dceaf30051e5b212fe3d2d2b195991c9fae1e1211
hprc4_L100_1116	223af32e569f95c63912a5de6030a933b9464a776f103f91db793a5a7744c63d
hprc4_L100_1117	dce725885c42124995715ad995abf3143a29c2fb023f6436434b7af3d92e52b2
hprc4_L100_1118	4a93c1f08c99b8124ac3adee1ea64345d6c8050134edd765d63e43efc0bbe4e6
hprc4_L100_1119	53f93266bbdf8fe2e79b7155eb002c448f1f8963830238a5e2c7ed737d6a7685
hprc4_L100_1120	2b06ea3b87eba9637031890cac2d3a890001e9cd6f9ed4e81a90b5b51ff133c2
hprc4_L100_1121	ae98f5f35e11a2884928bd675fe020aa2bb3442cc630056e850b69a3a3a52134
hprc4_L100_1122	5d618f14ce030fabdf79f4ccfbf98e9974136b027b08bc6785b4b71cb377d2ba
hprc4_L100_1123	7fba5482ea91c0f6d4406a57b4e26b4d0ee0ae5e04b7b583eaca876fc14be684
hprc4_L100_1124	ee0a6e68d89dca10d55d9c2a420e21d3b536b93b159315847c8dda1c3d44b8a8
hprc4_L100_1125	a4b59fc6c3079def08a6a6da3d6612ed2e1117652d82412bab887dcd12f59fe5
hprc4_L100_1126	c7171e0a00cc95459db60e53c1d2176d5f9b802ee02b27cc9bca342955282ac8
hprc4_L100_1127	4c40e9f4e92787916110600bc712bdaac62961839ff325b21ccbfdb7d115ae2a
hprc4_L100_1128	80a9996a4f2626dfba72d5e3f98a30d4ce026eb339f646bc571a1e891fd9a2d7
hprc4_L100_1129	5cafa98bac11e7ed4b487eec6ebb07dbf0caae46ff9ff73c0e605deb6db304cf
hprc4_L100_1130	b7743c0c951bc77e18659c81513e41e406d4d59f9fbbc54faa325d2fab99986c
hprc4_L100_1131	ccb465fd0f5b3464c533c104cbd04edbbd968c5d8f5146b5e77bf80638f25f51
hprc4_L100_1132	b78638dfd669ca93c4ac6bfa57d2a056d036bcde03dd2ec529eaa9b58bedf3c3
hprc4_L100_1133	f4d17daa074e5b063fdeb24c987216db5d339ecc5b473b8b9e775f1f0fd86f33
hprc4_L100_1134	b4428b4941f992c749b73abf9ebcfcca5de4ebd3f75547a6fe1a976c7204ad71
hprc4_L100_1135	df96601aa61857c8165f10c440ea20ca7d5fb6dcf8dbea8b7e90adb9e13820d7
hprc4_L100_1136	2b2a762208a95d813212f4ef3c6d945e0f0b826923f291f775ebcfd6c75fbd02
hprc4_L100_1137	e6bc4d70d383c35ac779e54911c62c07e9e8b7ae30381b4a5029937c792c32b8
hprc4_L100_1138	dd2cd506e13e4d4843f657aec8f01240fd3d4d9b2cbac03f67eebf7031074448
hprc4_L100_1139	503edf741cd8f186f9460a297dd7f2074e70c0de24c23bea4bca409751337559
hprc4_L100_1140	b40db7d345286814453b2277faf2b921ca02fe6ff5a0e4c05c4ec0264910bd28
hprc4_L100_1141	da5ebeb298a587e7d33f66df1388b01488ce1c071851cba5bfb2269bcee560c9
hprc4_L100_1142	1fa76ef111e78d1171dddb420dbd2385b975114067c3c4cc7bb884ca42a277ae
hprc4_L100_1143	203c204f6ca0c965b8450d157835e7e24e008c3f4cb5bbb59f0861355702f68e
hprc4_L100_1144	d3e958620aca58494f6e671365e42235202b5d072bf1d6417295d1728181eff7
hprc4_L100_1145	42f21b859398d0f310ca524395e9c97886519eaca2ad54315945586e0cfda404
hprc4_L100_1146	58d33c2b4a343160b7aec9b752ea3eb9484b2bb50c18982291b475d564cef26e
hprc4_L100_1147	ce63fea64b077c6ba525f21364329627884810058ed197909a3be3dc012288fc
hprc4_L100_1148	08cc0828b9b1aba11da2108d013498311565201ab50f99418dff209122b21e8b
hprc4_L100_1149	3a71fb3e27edb9aa3dc66e0d97c94c05f83e80a5877556cb13f5c0d31cae90ba
hprc4_L100_1150	b938bbcb14128ed1ca1d30221b5e08372aec0766bf1adbbe536b5913b3dd3f6f
hprc4_L100_1151	5818755876fca80933f588d7488b1673f8f05a714b6a2a5151b8d6a3337d6443
hprc4_L100_1152	6956f6a7999265be90871f00300cd58675ee75a6ea6ae40f05caf295df1e6cae
hprc4_L100_1153	928b74476354011fdb47e9694873f9cff5d439435c524078d04e00759051b39f
hprc4_L100_1154	ac8b2fb77b77af1c1d1e01427f89edc238aa1fbbf1ab6d5c2e0425abccf9471f
hprc4_L100_1155	40daa5098838446156455079b9626e9620acdbc875efb67d662f246594769907
hprc4_L100_1156	c5371c066eed66ee4b4e6bc42acf4d8e9e797d6120317dcc0761b83ba7fb220a
hprc4_L100_1157	ca3039225b38d4504771171939427be528d2434d8bdef0424938d4336a15020d
hprc4_L100_1158	9a96d5435ba4338ddeacadf8a5102e748f4539c654c362727a7e62229698b14c
hprc4_L100_1159	41a8eba05eab77961fae55594bdbfd454ac866dbb2473f8f266664046f983800
hprc4_L100_1160	d04303d013c5a03337e751c85cad804d992dd066c0a72a24c83d932342258799
hprc4_L100_1161	26c487c27fe02b6746970148ee863db4d477821f85afe27ae0d1af4ad24bcfec
hprc4_L100_1162	4a75fcaad3eceb21ff8dcc2cb66f1c8b4de2c3d4aaefc968272dad48e526977d
hprc4_L100_1163	bab959be6dc050d6157a2506423133ed4e31d10a1ed2c31afc4c16c7dc50e548
hprc4_L100_1164	7b874d51d11290aa4c661e459df82b95d76f37dffb224d836fa445ad8f0f503d
hprc4_L100_1165	ae9413ddb1a596ff61cc5ddc8f06cedfc8365630f66939870d3c351ffcc50147
hprc4_L100_1166	18a4673f563ef5101bd9a19df2cba3f92625376dc9a6b7ca3acff402c5d11018
hprc4_L100_1167	5d8ed2b7ffa9e433ae1f6c2288ba638aca82b5d88cdc449b090fefbe01a1c438
hprc4_L100_1168	ab25b187e953e2428ac810a94a325bf6e83a782a5a9a8ba4dc867fbed51cb418
hprc4_L100_1169	ea4bac664b56d557188f0a903c6f100d4ef22974afa287575f0a52b709dc41f9
hprc4_L100_1170	19d9da6de189f37833de32637501bbde2a7be4a436a31832e06dc1b479d1561b
hprc4_L100_1171	4deea1f45f05963f20cd812f6a60f09b75b63859b4f363f3efca49c2a9e1b8b6
hprc4_L100_1172	e3246a5e93fd05d74e60266749e1bda5bcd0297a80ffdab6e19cc588c8dc2a14
hprc4_L100_1173	438ff6ac9e574fa226144c0907cedce68595a1d227d3a7cf0ef62cfcf988781c
hprc4_L100_1174	8c84b63008f0a90e033f22115bde5dddfe5087c1d88ae4500cfb09bebe1352ca
hprc4_L100_1175	3eeac44f00228f054f858401daa13c967b6e8859a47467e55eff1eb202e31926
hprc4_L100_1176	12238d29b5005f5b0d6e66c9ea9180f52b3fb8b4323aeac57de6e3a3cc5e8e7e
hprc4_L100_1177	b869d3ab8723db854dfc0b89c7ef262e6b2ac7181e5dda13ad46d528958c7c14
hprc4_L100_1178	e7d6b3bd7354376dad009118c887447d2f32ba913166e6435e1d1b1c1cd72771
hprc4_L100_1179	ac19e845c52afce5dbb085769ebbd63836c2884d21ac8adff94a95e801dd6359
hprc4_L100_1180	d677df15e046e132bfd2e403c23443f406e943d1fbff5a92436082a5048099d1
hprc4_L100_1181	05a27ba482ba58f63ca4e1bd9025188e38ac34670ed1e9ea919813e4ab4e18e9
hprc4_L100_1182	f3cb9909eb737f0f6e2ad70bbeeb9e7c83b331b39baf7f8b07fd47b816695539
hprc4_L100_1183	7ccb878d2c78a4843a2d61b2dfbdcc673ffbe83f2da518053e800cd47218df54
hprc4_L100_1184	fcfa7188f5b561d9840afb6de7e0cc5f6e7a89c79a9feb21380d9b21db2edde0
hprc4_L100_1185	16f30e195fa499798cd755a1973083a43a9ec715e69ff5230ebc8d93255c485e
hprc4_L100_1186	4ab5f89af9f27eac98b3d9ec245c6e304e8844c20109971ea2f3a04152ed1082
hprc4_L100_1187	2fea18f7e8a9e7e4ba16999c04d7e23da295fd3938946e35fce43dd860e52be7
hprc4_L100_1188	9343733c404dd1a7e0e12f48ef3354f656270ecf00aaf410e4cdfe53c3e337ab
hprc4_L100_1189	500c1c02151afbb572fed596e67339761059487cb21dce2a79f8c4b12e7e7028
hprc4_L100_1190	993d125d431b0291105caf6a7a9ce74615bca81a041d3581b559a24156ac7293
hprc4_L100_1191	4559e0827846e47065ff06e230c2acbe595d15f321d32fe54fd0533e6bf962ac
hprc4_L100_1192	9fd15d848237a3d214664e1c20631fc0b70b3a185ad76bf106a4b77224606cd8
hprc4_L100_1193	a4eebccc0ab6ef4ce37a6d5c4bad4132d9d4bc4f4fa45072db1df0ab6b5a10ed
hprc4_L100_1194	e398f1a7f155b7b94d9ce935b52424c93e20d09b9c54cba64d8b0f8be7c022f2
hprc4_L100_1195	1ce3cc56cad1c09926f9322978c6d640b1e674446b55856e2cd8d8fa0357602a
hprc4_L100_1196	4e803e64f91d77baf88547bcb77e95ca955736f6c7d165309b6fa51c86827364
hprc4_L100_1197	ec96c807d31c3b3eba2a2f7629ddf2fa4816a01cb1a48f59b0d0d18fdc79a6d4
hprc4_L100_1198	a504e949936afd5534e31db8fbe45fbed8a55903797bea43ba7a44100a4b14cf
hprc4_L100_1199	05c6033f85e651324dfae36b1f67ff118b95bb51afe76c2cacdad97210212d67
hprc4_L100_1200	d2b8ed173b9e64d1e12ce7111c578d15e5ddde1c215c7749b617630aea9dcca9
hprc4_L100_1201	5bd369febb30408ddcd166037282c2246b6ca2f84be12b740902d65cb609359b
hprc4_L100_1202	f9d589ee942f9f4e02775488d3a0c0012bd6effe9431258018d7d298312a99a5
hprc4_L100_1203	b53e5854270bd78012c5643a90faa9ebba29d0e975ee42d7a2f033cce88ea976
hprc4_L100_1204	4c217ec055da502af8ddd3ba54d5dbb3f3f89deb05f39fa8be6d9b3133131537
hprc4_L100_1205	1ed668a612271a4b8fc38385bbc4df837a7323c3d2858ab443fd692133444eb7
hprc4_L100_1206	4be461abbb888994fac703f7afde4726fd47a971ff4103192b53a065722dd34a
hprc4_L100_1207	9dc76329f6573d7d8d79484d74a47c35801bcacee098ca709cc2dd42f703d154
hprc4_L100_1208	208922158ebd89381b9a62431219e88740a9859fd2d5caa9385cc19b5e5814d4
hprc4_L100_1209	dd20365b889af343b7bd656472ba37bed6f298b79123daf6c5bbc9b25dff2741
hprc4_L100_1210	81a5c70c8cd1d8779e92e659cd04f8c0f5dff79fd598ae48e06389b8a01add1f
hprc4_L100_1211	f286f6523119135a214935a64d21448c615b1d1231033abfe28834d9535521d0
hprc4_L100_1212	408f9d210aee4654b6403cda6f0b7131ab7f07aaf5860692e63538f027960365
hprc4_L100_1213	76ddaa9aa7a7e4599e255dbc47e5e0801d46fba035a1962545e190c9c32f847c
hprc4_L100_1214	04ebf4e45a63989feda2d1f421a0e2df87d071c56773a93a0e021336fffd7bfc
hprc4_L100_1215	b45b3ecc7b357eafebb544e9de543c74c646cdd0c9f45f6482c567554f96bd35
hprc4_L100_1216	b6e8ac7ce61357f9ca31e98f90f7b60bdfa172019a81841f288970c20c27305e
hprc4_L100_1217	c4ec5e2c5b98df955906cc7b1fa41cf7de2bc0283ee9bef67d4f7ca66a8278bd
hprc4_L100_1218	7aa150c747ab238148bb5e4647527ea300a084a09ad393aa9d886ae35920e4f1
hprc4_L100_1219	f6134bdf160fc433d1186a7b18b9cd11ffcafd59cc68b6e5f43a1c3c378e5162
hprc4_L100_1220	5c0ba6c0ed32dfcbc17dcd13059b0ec857bea80b7fa6b387239c378393f230c0
hprc4_L100_1221	e19e819d07e00daec924b942c23a13d2912e18d1ee6b8cac7d59fd75562669a6
hprc4_L100_1222	76eccd749a3d7d006c4d06af868e064f2250faf6788024186185522dd9103f54
hprc4_L100_1223	e16ddaefada9f23e5126ab2477c867165fc7c857f20b05a126a75910bae6c593
hprc4_L100_1224	14ca223a10b16a80592e46695db0aa01912cb591d60db15766cbc888e05cb208
hprc4_L100_1225	469e5b2a5346eefb1398a2f73913039ac2c8633fba59ad4b3b49746bcb48943e
hprc4_L100_1226	577e06b8cf44b6d29a4b12df344b5494178189a77ec591c6d18d73ac885aaf81
hprc4_L100_1227	489c1d9b2a96bb63b3bb23d57178ebef343804c6c921a5b106901f9d9ddaf756
hprc4_L100_1228	5979fa13fde510a779de06cd8890d410b6e1f1a83f61db645c2390996ad06a12
hprc4_L100_1229	b7aca42972d9f9edb04bff25e78cdafc7df2c0f5896bf8c1f2f76ad65cfcb000
hprc4_L100_1230	089394586f1a28e527def2184b02defbc4d01f347caa6dd98dfd53bf17200a9c
hprc4_L100_1231	83484f9a3b7dab9aa07ff78bc1e4fbf26caabfa36c6b85ab9a2bbdaee229dfa8
hprc4_L100_1232	084ff1a5e023131f32d3e5502ffa0b71b2f1eb5296636520736543375432997e
hprc4_L100_1233	43d25ea07aebd8b2cc34684c317c03110cf4003763d5f9c46d165e9e2964c6d0
hprc4_L100_1234	cafd12575e50e5cbd5d3ea68b13cfbbc70ff321136eb7801b340178f29f7c105
hprc4_L100_1235	cad748d8fd11b92e84139f54d6ed722809eeec6da2db5980e006627f989fcb8a
hprc4_L100_1236	3d7b707558352989edae67b0d861002d91524fb12d8e9d5bf2405f13206f1764
hprc4_L100_1237	355710bf68c0767d0682c66a1d0a6cfb6b7db1fafb5e9f3a32ac88d12669f000
hprc4_L100_1238	7cdc42e57249f9eec9500d5b2f1ed57e7d3d2fd3c6cb460a56be727a23ad3899
hprc4_L100_1239	7b97e5ace84e63f0d87688b9b6c27bf798d06cfc4382b6341060b4cec4262313
hprc4_L100_1240	64deab3fca9fd42cfdfafbd7866f183298168cda2a12402f0605ff2149cdb472
hprc4_L100_1241	2a8feced6c25ea40919b0dc5780b8cecb0223e5f449870175d7b5c521f44dec1
hprc4_L100_1242	15839b7f3187523c108e6ef1d27c6f1476b9a23d57477f51677aa638c5038ab5
hprc4_L100_1243	5d8450d24e75e0a0555d80ac8f949e3ab5dcec77382cec3fea8f67e4fbc8c05c
hprc4_L100_1244	21013aad651356b53305e46c76dba0ee6f3504e01e0a17edc82a34860654ea16
hprc4_L100_1245	57e62f5dd68e8168e602943f164b88d75ab70200ad46d086da742d399c67c04a
hprc4_L100_1246	b9144689f40e53d5355b0fb92e3dad8e67dcaf2e347a87141c6fe09586b93ccf
hprc4_L100_1247	ab30a4ace3a2e1d0ba2e6294841279119a2c50244ca23e7277d45c3e0c031a95
hprc4_L100_1248	321ffa0b1570c9510f6a313869db4481a8df18bbf8df6b42a12d2b3440078a26
hprc4_L100_1249	dd2948775544a8553a8255abeb06b8f13548f1b7a7abc98f70f284e627db4720
hprc4_L100_1250	4677024dfab6e4345bab4628aa8ca691df698d34727036f1ea196ac913ec536e
hprc4_L100_1251	fb1758cd1fa6c9e765d8885b4aa6112ab3b76baff279c99bb9e9fbdd8588c50a
hprc4_L100_1252	b3556c93f74a7c07ba989a687d4d6aaf7f1d01945d526b765804d73f5f7de91e
hprc4_L100_1253	34a2174f06216e9af5001434f8b81cdf2bfa55f6c93f7810eb05362eaeda56a5
hprc4_L100_1254	2fe6bcf89969cc7e774c1088169a0ddf62a5511b32892c2d03f9dc678aed530e
hprc4_L100_1255	42434029f47dee7a520de6541965f65808b68125ffbbaaa93a14e69e3fbee368
hprc4_L100_1256	29e5b4059581ad972302605e8dce09ad6c3e542ea1a8f35b5845896bfd8e25b2
hprc4_L100_1257	ca97942e95e953dbb643bf4ff80ad92a7d32d84bf597d920235165b411773293
hprc4_L100_1258	e04a389af15e9e33c9331dee405ba0cd3b767fe9481afec83bc9a18b00578c89
hprc4_L100_1259	759eaee009029fb330df884fac4ea30ac799b53d514c37a165ecdbe5ad13f2ae
hprc4_L100_1260	9836c1c55dcb1266f0258e8466827c670610338e3f4346e34b85380e9c8ceda8
hprc4_L100_1261	d500e9bd2095ac67876fb01d6aae45c644603a5bf1f87307f3d4d4cadb8bae07
hprc4_L100_1262	68fd09026a01215c67db2b2a7df53840e5c2962b7746c1ab7607962f3b0fc83b
hprc4_L100_1263	022f15d867ef52e69bd7233fcdf2e28e34b4050150d6bb2b00cfda344965261c
hprc4_L100_1264	1b0e72963dc4d73562521f4238962a0737a4865efe05b563713188eeba685881
hprc4_L100_1265	611d509221e40a738ee443f1eb08089fc4c96b23c3ed488bc47a811a7296595a
hprc4_L100_1266	542516f72d4b958dfad06bcc45b179f625d04a5e54ff08296729350ae3868b58
hprc4_L100_1267	f837a400d1d6045ca61202a126dcefc8b3f0fcf91bd53e487703dbcbd93777ae
hprc4_L100_1268	0f5e0d99cb567507c640c07b6abba3b83703fefdabe41a1ed8d810e0793e48ba
hprc4_L100_1269	a1add2679b97af2d29e9567e177169351feaf429fcc455e6e0fdf6dea528bb2c
hprc4_L100_1270	3ca729e225a2504a7e44fe4025f6fb4b80a4c3dca9763a595fd7e74879acdd8d
hprc4_L100_1271	918c8366b5399265898fd60f88ca1e35f819508a053aa4fc953975a6828922a4
hprc4_L100_1272	1ce74f18cbdc3890c67b86053817eedac8735a9a700d8ed4f881d724cb156dfc
hprc4_L100_1273	4b143d222bf77adc65c809dc5a78fe5f717e954e3699ce8e28b126bccfbee5ab
hprc4_L100_1274	bf3441e775147b956de9a50d59900153858971134c2476b01f4a679881b07c5e
hprc4_L100_1275	d6b59cde798a80f1da5661ba8200cd74336be57983f4f543b275b3ebd849892e
hprc4_L100_1276	9ebe3f1977961b370c733f974c0146799d9b97f2693f45ffc3d839859dc441c0
hprc4_L100_1277	7409427fbd9b41f18c23c89d658e805bf4d416468d802fffba40b0e7f93f7297
hprc4_L100_1278	2ca8b1cb7fb09075828565b2dc691276bb30f21e50ae7b435a6ae4bc4665ef99
hprc4_L100_1279	1cfd412476c706daff0246b2bb9ff11877c582488402f9e6f2fc41b276a3913b
hprc4_L100_1280	ec9fdcaac240a4cb9062f5caca5b7e06310831070d766e0958c3ae87d5183177
hprc4_L100_1281	47404faba50cb47b99c917a54e8753452cd701324fb7abf27cede189c4568700
hprc4_L100_1282	44b35bf3d16e2247e4a084eeb9f22545902834b59b4e43e2282ec61b7e7248d9
hprc4_L100_1283	2441711cfd20c3a645709c3bf8c68f1eeca018ad3e903e114bc3f1a0ce2603b6
hprc4_L100_1284	1b3d9a339552fba00126678cb77d3fcc8b74de2c5cbee0272d0416b54077f584
hprc4_L100_1285	f20e70c96287439f8bd4d0d27f82df5fc7a91af2f2a7a0ca32ce22b35807a08b
hprc4_L100_1286	b22e2fd4ce1b23491faf5deee9e3269dbe45cca4233b2b9ae71ad98c11d13397
hprc4_L100_1287	bcc479b2412a65dec3fa82e950b6608ca2e589e25d155330bfb9317a39a2570c
hprc4_L100_1288	8d907d857a63a2fa2241f68faab97b0930ea85c0605b8533d9a364f917fcd47f
hprc4_L100_1289	10d8822a5d67ad65c0a774e441a1d0ca7011dbbca11c8bc559582323cdf5cf3a
hprc4_L100_1290	86feea740cc7e24de0a9d0a73ddc8f3cd4d661c0ca04afd933252c19df8f8988
hprc4_L100_1291	b03ed3c7c50282d9da2c3e36f236c2a014c9ba46cd3a739222f9ecbd91fa44a6
hprc4_L100_1292	534fccb80cb3efeca4cf24802b2b28e93429a2f878e23ecfed8c5e02b709e7cd
hprc4_L100_1293	e728a30fecda24ad306f552c58e2ae4e9f662d54089fb13dda5f03ed4276066b
hprc4_L100_1294	73f98aad7a6fcd3eeb99e5a76c1d898e8c01ae39119bb61110f8ff1008e547dd
hprc4_L100_1295	905beb96325190b6e03eb2e601169393aa75172fed256e5459b1a313ada62067
hprc4_L100_1296	d9370cbaf96cdc1e3b900b121422261b78f0993bbb752d70f33d5e905cc6b57d
hprc4_L100_1297	de7676d3edfa11f5508981efcc3ac941ad84da7cb299734909ca58d870334c0b
hprc4_L100_1298	e577c9a51294a6019b747d9564ab3b00ce5b03a22f2bbcb20b2bc6f47fa46ea5
hprc4_L100_1299	f85a3c4b994e6a2acacabbe7acfa0ecdc601a9b0290b378aa0ad88903eb62b1f
hprc4_L100_1300	ca4490e39627bf56f156eb66bdc9e39c88150faf149001868dc216aadab07688
hprc4_L100_1301	f24069046febf5dd87a1e45681639e3d246e3e94d46869b3004cb57a1de33c70
hprc4_L100_1302	6fb30d29009fe751592fc396f66452ad4b20097561d68c4a7a16de917947fe73
hprc4_L100_1303	aedb10815f4b9a74c244219b6fd03a9d8b51f5daa9e28e3221effd8fb56dcec3
hprc4_L100_1304	9f40ec30fcb38cd1a54725996b34bf3c92c27dc8bf13d33c061c89e32bcc7c85
hprc4_L100_1305	8dede055874f2ecf5eb0aec4e7b8f9ee68dc2feb0fd5a708dfe4e4e24303052a
hprc4_L100_1306	718b3d1f76635b226ebb994c6ff6bc229de937194c11af96bfff1e1b4a46c00a
hprc4_L100_1307	960d3da6982cfd1b6739bf177a44af1eceb534490a1a3909da464939fca5e710
hprc4_L100_1308	d4d8e8a39cd35a1ab572732ffe32789737430b032b82fa788fc8c5ed408357f7
hprc4_L100_1309	26befbc227dabe49fb10063c91155909aa57d5ed4eedf8a9b39dc43d499964c2
hprc4_L100_1310	43d6ee14369899187d344d41032aab0fbd4b9a19ffa21cb12c8a4c7af70979c0
hprc4_L100_1311	1a76c5d5cf0ba66f746636581eee39545e32c0e360e4c0d8656bbdff67cde420
hprc4_L100_1312	153e75b50c19a7ab36edbe97ef77d522c093e0bfa99bf2e98ca8a88e05fcb43b
hprc4_L100_1313	28026c95b421e5fb3395b4f6088a6ea5cdeab697dfb3a17e1343dbf015fffc5a
hprc4_L100_1314	0243f412b1124de8490f5f294e6c8d8cbbcd0a7d027cf8bca1a79c87bf75506a
hprc4_L100_1315	f371a39c72f653f112d17b54039f01ddd456dc5e8aacf366a04b6bc5731951c4
hprc4_L100_1316	8d4798da1c9b5594ecf3fa0c1d417cc2f507719cc4d11494b2dc99c328b2bad0
hprc4_L100_1317	f5c8056e8f7c23fced0981d60a1e5c7b2c5c91daf6c0b791710b10d47423c3f9
hprc4_L100_1318	b987ef754b02e73520cf4e7e22d5957e9f22852172a79648c6d6901a17d7ef78
hprc4_L100_1319	45e34ae81224cf374b266273789cb9c879532f44f43112170cff2060eb1d020c
hprc4_L100_1320	88dd439aaf3f05b4380545c797631885326345be4704a4d91d57cc32363cbaa9
hprc4_L100_1321	079d6cc816d1a1623b0383cca9a9803f308c569693b50bf32c02174376baac78
hprc4_L100_1322	ce11dfafe80ce1a011dff425f2a6cb8f1df3acfdc87ca4731f3e59d35c70d180
hprc4_L100_1323	712c26fd8f5ef0a7821c59931277040f1fe6baa507b70b9306116652d5b2d586
hprc4_L100_1324	9bfcc380aeabede41c98823f0ad64fdfae5326c2ff7c499e92c75c6239cddcd1
hprc4_L100_1325	4b29d02c80af816b7658f6cf2e352f6aa6bcf68c956f6065940bd7933290ce1c
hprc4_L100_1326	805283eabcfa8ec9ad235cfa5d514e65657970c22f802edfd67fef632557f228
hprc4_L100_1327	0f52a2c918520a99f90280039aebd2bf61e16d043297da6f57c83c6d0bba584d
hprc4_L100_1328	97da305ac8ee6dabf4eaefaf8fbbb980bb59062aa544af6096b8e20c621f7710
hprc4_L100_1329	e720a65861432a9325d0db374e597f2a950a5526bce5bf5fc6f2ccc0aef11177
hprc4_L100_1330	a06c14ff6052f2cf8c30ef29bab96689b36e11dc2953ccced808dea77e6ffb63
hprc4_L100_1331	a6679c82aed49cc0151899d317c93a071d233d97acc540ef7538a5a751137dfa
hprc4_L100_1332	767e624c48ea42c5ea0744a5d413fe48454c6fb454bb8b87f3a5a0b4bd9648e8
hprc4_L100_1333	10c72c5fda19745ab673dcbe54b8743dab2e3c20119176df595165ffe72f1f4b
hprc4_L100_1334	dabf2aaa6846490b3c6f5deb6e60667a00a13889e20bdea70bc35b72743aed28
hprc4_L100_1335	a70c3d2193c11809081fd4b4f84d6fd3d7535029adf32488dfd3eba7ec1aedbd
hprc4_L100_1336	fe56245680ff7feb73b48c0ca61c171d2a38fd79468159d85281e3ea8d04f079
hprc4_L100_1337	54c2907393dc4b9c968021fab60c2b1e2b9c1d62a728756ad0589b1ef8094921
hprc4_L100_1338	fe88f0030685f771fdb8ca6ac962826be87996e0f74ea39568bad433aaecf799
hprc4_L100_1339	d0dc0bd403756190add03fb1e79f5b3d0dd8c11574e888340ee6036b73f52912
hprc4_L100_1340	502d17cd1e8fd8c3cac4b8972bed69753f2572721d2ac7f07f84b2be040a2cd5
hprc4_L100_1341	b3c88076207224456249dc83e1a494ee6e5ac71a289588d12a87740ee8837761
hprc4_L100_1342	a112f92c0fbac9834e166a8050d5390106d7627b31d3357c4f72062d75e5b093
hprc4_L100_1343	c99417aa00961ec77be472c5df729c0dde3e6249f1f58d8a3d4d814e11a03246
hprc4_L100_1344	477b4f5e8a8a27ffe5f181789e202f8bd7a95c47e823aba51980fe879d24482b
hprc4_L100_1345	f18a4153cbde9cd88d2ad61d979c78d93c6344f5c0a23fb74548a79a2f4fb248
hprc4_L100_1346	e0208a0c4944410915bb843dd2c107666a4f9a6ef7ea5fafda3a49b252ff68aa
hprc4_L100_1347	528ad75368aef71a570a51bfc8849484a2d3202730b374b09138ce0bd920baf5
hprc4_L100_1348	6a64ba9ee153745d24f6404d3d9452a189d6875403a0b56d24f563290997ff98
hprc4_L100_1349	7924e54951aa7cc6ac959c93e01582c19014856b3f28a165fe4f023dbfaa68b5
hprc4_L100_1350	a949638e09f4ba5a6d05a70675027d2246111ca1e7b6bc31b0172754d3cd0747
hprc4_L100_1351	3f7425004246f4ba2836e4bc172d927dce129431fa543ea1a52f3daeffcda5b6
hprc4_L100_1352	10b0d22c1dd6b68d025523d6ee0ead4035608bc461d090ca33e79db8414aaf73
hprc4_L100_1353	a0ce70f85bdc0bfee21f8cd339edcd7a12aec53cf1d9f545ddf85708624f0eeb
hprc4_L100_1354	b8d7fbf4b39a4a7e52d465a33f5c2af372f0700b663fd30a38c82427b5321704
hprc4_L100_1355	26989abc0edc90d9a79bbb90aac6362ebb7e397292470ec425197aea22b4b796
hprc4_L100_1356	ddcc1145f905f005ba8c1662b161bf007e5cf83eefa1d6c275086dfa89e13bea
hprc4_L100_1357	3d58d1075eb5f7d3cc791b1e1bf5bad29fcd91006f2455e31a4bf07b47ebc4e1
hprc4_L100_1358	b5036ff0e84754f74fd56e2f656480e45c491fc51fa79cf5fcf33a2a2ff1a350
hprc4_L100_1359	4dceb828b51e15cf47fd396f2e41badf63e75723ad951f6bae8e35b2a7eb0fe5
hprc4_L100_1360	7f5e656605c3bb19bbabc98a44ca2b1386b3495b1f62a109376c4d69185fe210
hprc4_L100_1361	b4eb3ac8167b76c45d52cf4d785425dc52a4c299b5e679e7febac2c10e5e80c2
hprc4_L100_1362	ebd2774f44e157d713782d7fa98b3fccefe9abba0bc641b772562752bef68ed4
hprc4_L100_1363	73c6958348d55ce5daa8f80edd004f037c6d78f39724a8c1a4dc1cf0d9919389
hprc4_L100_1364	05f8fa7a32bc923f7e1cd7ae12df595b5d8c2a91c62dde9e06562c597858f544
hprc4_L100_1365	221e91cb934f3794d542501999647762f7183664d566733a6a84e0a7f3710488
hprc4_L100_1366	d1fe930afea97184a1f4912d0d5fbcadb9cf223568e260b89d094390c9957be6
hprc4_L100_1367	af5d547798ccba43c442b074fc0f373f58520bb944b1f76b60225670772d95ff
hprc4_L100_1368	65ccea1f1739f48ac062868f31d0a617cd49d71112b5ecfdab86f6dae5cdfa36
hprc4_L100_1369	53a5a475abe52f4ad0009ae50ba2e3f3b81725f2f6759a82dfcf3ca107209fc5
hprc4_L100_1370	e9f6b9a0f157a6e564e13876170985888f24df724b33499bcb80feb5ad3768e3
hprc4_L100_1371	9cff1603f4979b1b28461d3c5bbc127391d3d465f6f268f3df768cb9dab3098b
hprc4_L100_1372	4f6ec530373cf65bf96b9f61a3bf258f07a53ed4cf007da1f61bd1089ebe8580
hprc4_L100_1373	b58bf9a4c72dc78755e8f9536212b40ce194e3793c13004b35472afa2a8f5763
hprc4_L100_1374	6bc1700dd8c88dc0c00ea919c4266f117ea401d18aceb051ecc912c925b6b5c2
hprc4_L100_1375	da0bbe152b1e59a7976dc3efd38277e062e354d857d647e275b94ddcd1cc0168
hprc4_L100_1376	7b1c822abfee3a431b7e1516a2096f965258c2ac0d60be0265d881f89bfc4f15
hprc4_L100_1377	8a030ebfbfebdf62fb09bc513078163a2356285b468ecc68610f45b74bd936df
hprc4_L100_1378	2f01cbedd15ddf01ee3db8e9688c1b8afd0de8ef3a5384a90dff41ad6f1143b0
hprc4_L100_1379	e423570595f7b29b86199171eeaf09a9bbe01fa0e94b4a48ef30842beb50d766
hprc4_L100_1380	7e28c710f05de1f0f5e5a88f9afe9b1acf9fef6cae53a4685c19d8530bcb920b
hprc4_L100_1381	2425a917357970787c44c2fef4b78843315945b91ca44ed27a71aaaaf2e81da3
hprc4_L100_1382	f1d5556a452de1abf8eef6998d02c53bce10500f22881217385ee9ef9a98f86f
hprc4_L100_1383	64274b2268edf7bf2aaccb54483b8fee2a108b6aa42153e18a193465a3cb1395
hprc4_L100_1384	234b083ef9a20a8d3b78a1982c4836471301a6e9ce7cc338bef2e0902193a6fa
hprc4_L100_1385	a26ad12bae0e4c185577c9f1da2b35c6863b49c94791a208f67e3f7cd948e4d4
hprc4_L100_1386	06314b760244170e29ed3f29ae35523245b705ce778360b6da8826b3d7ce1968
hprc4_L100_1387	37a40bc2d4ba6f212c109428897199bdaa6deac355b3d300aa93b3424a98c40c
hprc4_L100_1388	dac9ceade3eabf1e619340fe64a8f890d42e76139202722bcb869e5301315d9b
hprc4_L100_1389	3cb4779d22c3b68f738c3daa5451b6c7124730befe445600e4b94a6edf63ff7b
hprc4_L100_1390	f9d9c00520db85357bee11863a3f5975a18c17055108933e24cbff0a26041734
hprc4_L100_1391	b1da92b2c20f14a11f3dde6128ee514d2e0e6c3ea1e4ebb54689ba40031f26f3
hprc4_L100_1392	7f62f8d1c4d66b1983edd9ff3a9d570be1e996dd3fe0efffd9ed29df9a2687df
hprc4_L100_1393	74b25af2836c5bc49cebe07a490d080ad8b0cc8d5f9ed1e6590ad06959fa2df6
hprc4_L100_1394	f82e9d6615a4bb943a4248054c40bc9b9110eec125a8e5d18331b264d7ab5b34
hprc4_L100_1395	aa8fea3228080794881c138b60f735f729446dfc1a68b7cd4da8cf73c1902683
hprc4_L100_1396	4e6125afec433f1f7d75d04aaa96caa9996a4ec1fdcc0c57e618db824ed70b71
hprc4_L100_1397	da14cbeab31da2661e980dcf34a70e6c0e827bcd209a48c8e954a0589e2488bf
hprc4_L100_1398	cfcebd3f0c4d977112c9f8e49559d357194e19e680bf7dedf3ac8a878d563cff
hprc4_L100_1399	391aa5c91fae647a3103c8805a8129953a520e682095e5ebba8990490769b1b4
hprc4_L100_1400	ec23036156fe7fe6331b1782dd2ec90e4e8f7d25fbb0184b1dd11cd569a9dca3
hprc4_L100_1401	f47290893ef5e58103f119a98d740e11ea6af2aa7bdcd6acc45a5282b741ab28
hprc4_L100_1402	07fb5d19478f0ef2bd863a876f39ae12e8d07513d1e5336e58fcf032f5dc9ea8
hprc4_L100_1403	f609afe5107f6aeb2d38d7ccac0dcada28c3e825f5db43391654e4b435b37fe7
hprc4_L100_1404	6c07c8a1e566392dc88c2ef704e6d8859b602800285c77cbbd43fc8a621a1170
hprc4_L100_1405	f49ffef30056c15f5785b9c8e18d19096235d5380ba2b0681a219757248809f0
hprc4_L100_1406	aec53060e32103e6d02407fa48c07661b1a7a0a0d835335813765f3b2ddaae84
hprc4_L100_1407	6bc2a1288b40c4b07ae0a420a802f1c74bdd5e141cd3391c24a93581f3663c3a
hprc4_L100_1408	8d89fa4b5528f96f9d970ef6180105b8c91a63da588099ec93034d6e380bd40a
hprc4_L100_1409	ac92b8facbcea1bce075ada124e71c4994dccf183cc5a7c90787051cb944d744
hprc4_L100_1410	308219a0b6e66fa38d5591074f76aeb54e48a9b3df6532ec6413489c563fa774
hprc4_L100_1411	75e531f2daea0ec740fe965df514bc8ddde52c0546e57a903ca79f52bfcfabb2
hprc4_L100_1412	084a503f68a1d8e576ded721eb8c74bc2b1095b4231f489d2e463e345ae9064c
hprc4_L100_1413	34300f3f12866d965c23c2efc006634b6c223d6bf1772d5e6b19185b0b711d5b
hprc4_L100_1414	51e11f17327aa92a02857cfa45d54cd35cabc246b27be58b9f4a3c0fb0d1b9d0
hprc4_L100_1415	bf3da45ea34afc1401f3ab62e9c6b79590a181d3b896befea8ade925a5a45580
hprc4_L100_1416	995f37dc217cb12796b39e751fe60641b65dba5ac22a1dbe5ff19f923d32c6a6
hprc4_L100_1417	89e8be26249bbf321517ebe44d7d9e40814f5fc92dd27f25d69004105116aa4e
hprc4_L100_1418	aac6ead6f5f34e86949b2971be792f8818091142ad768ff9acef66d12b263f1c
hprc4_L100_1419	ba474a907430cef6f58764cd026cb355445f775e57799ad66730e704e1d6df42
hprc4_L100_1420	40aca636900009f91f0c48bd258ab3ad974449e2874c252dcc27ced82eff0fe9
hprc4_L100_1421	a087a4e1de6f69408516e10a9891031930d97007cf8921cb8ef3a7a4201d24d2
hprc4_L100_1422	929c6a47b4851045864df61a5beb7b314097ae64cc91ff0e3b1c32cb2de42504
hprc4_L100_1423	379bea99cd501935e010ca987ddedd908e2716252682b8cca57f3f26f49fb49e
hprc4_L100_1424	1e123e2cdb6978339244d6ef62502ed6efb65006db588c880c882c11dde40660
hprc4_L100_1425	be313f0064ca332f77828026dce7ef96f360eca318859c5d7b1bdbcda13ffdd6
hprc4_L100_1426	d064f4174a003bbec63a741bbed4296d6bde880f17bb96391af19f85f535c7be
hprc4_L100_1427	0c8f001c2a9a38293d3ee1250ec73366ef55e2d593528a13d8ebec842d191750
hprc4_L100_1428	edfcbf149d3ec69ad8bac92a1318b8fd69fc1cf91c6ccc842b5c5888e2ecae96
hprc4_L100_1429	21c7316bdc28b86d2b740dd4032cb2f401ccac73e26f3f2550694f304a457230
hprc4_L100_1430	e6810d8e593f8319cccc4707956df59c624b56f4d9c35477ecaff1f0ef85cc49
hprc4_L100_1431	130c8148980e95f6e06529087e403f0862d4087f6b4065f2489532b928b59e06
hprc4_L100_1432	2c3e26fdf43661b10ecf3ce07b386b7fcf185788bda75ab7e9810f3e328e00f4
hprc4_L100_1433	ceb99ca536d436d2a38be10718d602ee13d28217bb017bdafe8538c52fcee765
hprc4_L100_1434	6debf9df9912fc3e18eeecf20a5767f5c30cb3d5a9d5d1f07dea750e53f088eb
hprc4_L100_1435	8fdabb7e0b849f997fa2106141674d6693351a567e1af93c5f9ca81fdf287ac1
hprc4_L100_1436	7676fd6489e333ea1aa31a16c0b1b131bef8b31829b56d80abe9e2691c70c6c6
hprc4_L100_1437	8bfe8e793ae65ecbfd85e5d16feb5c192889c40381cc677132530e83bc340d84
hprc4_L100_1438	7e32d016bf89683c55dc492fa9ee01e349ba61cc5ca13d0670fd668f4a93079a
hprc4_L100_1439	6a5014cc9fa86987ce1d891dd7c9984fca3fedb65ef0bd0c9ab858d2dbc63df4
hprc4_L100_1440	8fa3f8b278bdfbcad86c191392490f86c87e931148c4672dc13da98d87ce048b
hprc4_L100_1441	e0633eaabafbf6a1f2ffa5534991c6d46bc6422d6033fa570319f7ee94c310ec
hprc4_L100_1442	0489f27d9e1210da12b353efa2e9a14f544ec7dfd61ed9bca4df98efb8e99df2
hprc4_L100_1443	9d9a76790bf603c0244c2a9cfbfa9f49f98b8ff2da8d4c5df48acec0ddd3edad
hprc4_L100_1444	99e4a15ed5fbe8ee540d1450c6e7cac464f5a5eddfc6b32b2a4efccf80b38783
hprc4_L100_1445	a7c0618416182289dd6f358ff0550f577f0bc55b868b999e41d4ed438f78ac7b
hprc4_L100_1446	dd6cf96ac690708555a7de981e7b52f8d535261a70c58ebd6a97678836b7c675
hprc4_L100_1447	96639e792b0e18ae4ead100525b37b0e93f61292d45e98ce63c922bed94b973c
hprc4_L100_1448	0d3a455aa67af9397310ddc85ee28b42b30d6d6af64fe14550aad7d65fa31713
hprc4_L100_1449	906665c4b735668d7208fa88e5a0b23c88dffb62f8e59008a7c88177f38ca481
hprc4_L100_1450	5eae625ffe0431adb52f6b919b22ca2460c918a0644e6617d2d0f797789096d6
hprc4_L100_1451	2c2aea6f7b5a0122cbf4cf17067b1275d9a7ef4ac655a132b75c6340a6f097f0
hprc4_L100_1452	ad28e7cd23eef9c2bf6422a3f82499a945debe37ffe6c21a3c87cb21e8651d8e
hprc4_L100_1453	1ed46af4d46e6b1fd594da56a9206e40f45a486b5db7ee27db3121836e1eb8d0
hprc4_L100_1454	ddcf203846bd3f2f84108a9adb89c4d74b878c5a3e55affe9ffed74ef4883af3
hprc4_L100_1455	8ca2f78c1d239513b207d2a99f13fd2c8f7f76fd1104ccd43c1dda63bd6566d0
hprc4_L100_1456	ccb96a2c568246e63d36cee5fe26ee165c45352bee6b3758cc0cf101027a1e24
hprc4_L100_1457	5a9d88c1e8515cfdfedfc421859c8fe959095ff15430dbcf0f0588bf70743185
hprc4_L100_1458	d588d078cd344feab81fcfb40d9a58901725d16de88da9bfda242e0ff9304e5c
hprc4_L100_1459	07db57e798c59270722a44585a04383dccf606756dd48aa9d225da23f18bf025
hprc4_L100_1460	480c11aeb4f2a970e554a1b0dfb9317d795afb86491c223e13726dda6b33cd56
hprc4_L100_1461	d909044973fee1c87b1ede6be7c0a4eebd3fcff2ad4ae5fe14bf2d8b590a8e73
hprc4_L100_1462	f322849435a61aadd1216b486a38ca04802308d318191744b5fea040e5e2d6df
hprc4_L100_1463	1587f530bd2192e2151f059b793a437e969b39bd3104444c7b1ff2a50be140d7
hprc4_L100_1464	5f2fa97be3ce16056696460dd0eba296ee1939ce629ff8565b3b52bed411ab4a
hprc4_L100_1465	92c9a2f7eeb20de1747631e42069487d7527ee9758eb189ff535b94bed5a94f8
hprc4_L100_1466	796f0c2770a824282dc85af0d2419323e1232088aa7bc5aa7b5d3ffb9498345b
hprc4_L100_1467	ce3f78eb89d9fc6242171c587fdbe1db67dcf2262f4d826ddb621e544880457c
hprc4_L100_1468	e8c971ef2cacd2b6f812e3816c26414360744fd118aaac1ec53a1fcef6df6710
hprc4_L100_1469	be1054b1d7c61d7ff36fd6186539415813a07cd064cbf8ce5efe64ff1c464f25
hprc4_L100_1470	e1077959191a97acdd303f72701ef42f0e01ea65d361acd6d8563d8fa8f14867
hprc4_L100_1471	5e24f02ca705852d2c5a2775da4bd6c212518f8071f760c87b7826dc1a2bdf0b
hprc4_L100_1472	f3936b8db77a952c18765be7139dc9f2fd18991231283b0608d16a88078353bf
hprc4_L100_1473	280aee7028db296b911966deba0117dcded880ff60cf2630ed849332fb0ecf4c
hprc4_L100_1474	f11cc2b46ad486fa31585b0f07a984ac675717894f63078b882e2eb9925f7940
hprc4_L100_1475	dd10909761e652ec399f707b1cbecf6c4df759db229bb27d8ad0802a2fb7078c
hprc4_L100_1476	ee86f948fb611d81df5df35245451f56d6325d38de326e40d7f610519aa8b055
hprc4_L100_1477	c7222eb4ea90a7004c3d1a5afd013368e8532a051f32dcadeac2ce4856bcaae1
hprc4_L100_1478	68d21440f4a1e353e37e206133bca48a664f10b348df14bf2822263b8bb41779
hprc4_L100_1479	745330d3855e4c6a8d5cc343e851b740cd41adc35912d55859aaa76871ceb23f
hprc4_L100_1480	8386e8dae5b566c2ed6cb76565d97e5f052022c32b17cd53ef2e2f336ae1a941
hprc4_L100_1481	2495570e4e3a616a04a53a0f770af616584ac7de9c4ee138ba9191b7b0609d2c
hprc4_L100_1482	4457d7649ef5427ea5c87772c63dc257698c95af284e094c2738dd0b78a0c58d
hprc4_L100_1483	3435c9130fb5223b88bbdb70fa4caac322f39dd4b7d22c8c8d1c5dbefefe9c69
hprc4_L100_1484	28785abb229f8a0e59d736548f884a8249541c9454afa6d27cdffc13aa38a486
hprc4_L100_1485	6773d77af7a93d41d2813c0d5191601826c1e97444b496d8a6cf97c60a6c132d
hprc4_L100_1486	4a727e737404ca94abf6a8fb36c73c195dfd49313c0134ebcd07f63c9166f13e
hprc4_L100_1487	62fa5e19c2b19387a987a991f8314fd7f85ff74e2544537d4ed9bd9bd8c9dd74
hprc4_L100_1488	cb48da85857d934d50115a64939b0f739f836e1be4b1e1f55c530614c2468c84
hprc4_L100_1489	83d6f53758da92dae3c2a270320b5cb8fdfea6b60d031792c3f679e7afc21716
hprc4_L100_1490	d81a20e4c6cec4bf6c9bc0fbed6ce1aaf574aa7b55a3b0d00e3a7e2c5d056bba
hprc4_L100_1491	4914eeb4e7bf6f3e5c5e3c48f7feda150bda59454fef7cb7e82dc996e0c8c284
hprc4_L100_1492	0f1e8cf1f2cb78a23fc8479bd4f26eff953357564ea9ba687b2134f3495f55e7
hprc4_L100_1493	1fdbc4336041f5f00cc52122659871f796b9005c1b5685867f26560d5c90d17a
hprc4_L100_1494	6045ea57e67fb4e1df5737ecaef533f8ef329e472cee84612e9ca3eeae101c3d
hprc4_L100_1495	0b349439087538d06e913f1ac91f2c7328b91f3713920f09c4978a282c871a82
hprc4_L100_1496	c51060ca2d20ccfd49457312950669fe141bb307ed92206ac3b28c8ce4b3f53a
hprc4_L100_1497	fba86b956c4e9bdd18fdaac77f42e7eced7ffcedf37fef2fc9d73d58bf64bf5a
hprc4_L100_1498	3f01c245a3ff60518f3082e90d931b869b552e36b957fbeba160b5931bda075d
hprc4_L100_1499	f2b7ded492696f019c7570daca679eab95870ed5e0087d9b63ffea3e33cde10f
hprc4_L100_1500	8fb8cd5063a7e0f77c0bfc1816cbae8c5b3d40727c9e58072d000434f1886657
hprc4_L100_1501	979441a1d77fcb66c0aaae9380d62087580de572ef885ab36d9403697e6e1006
hprc4_L100_1502	5d6d0d1d4eba78810adb31b7be39bd0b5056c89f46e8da509bf49b07429e5328
hprc4_L100_1503	e5b5bde7a06335dde24d7039abd025e17bf5e76359163bf4d5431d146993bc26
hprc4_L100_1504	ee1647eb1773783cb92834aebece09d87e89abdd934d9790b55612d3b2758ebe
hprc4_L100_1505	7d95c9458fbb4362c81c7b25b96a16747e67ae1acbec71549a6165141bc06350
hprc4_L100_1506	adb37f937aca8a83a4a6c6646aaa620902d9be2e7052282e382487d3bef7c93c
hprc4_L100_1507	e011d19755b9fa90cd2c11e483b231883d65fb543778f35e047e9d36300513a5
hprc4_L100_1508	e8bf37c09626335d982a16ee20692ea245e3d9559eaf8434de87f2c56ff14474
hprc4_L100_1509	f574b418bcc766a7283ee40e6586a4ee072618b347ee57f7a461194099ccf9e7
hprc4_L100_1510	812cb32d2b27893b32ad7771afe91f72533d70e96443ccd6cb822d5ccc349e29
hprc4_L100_1511	dd2bb5c8fd8d45e8da0c64d26d431feaf30a2cca5ac7929c129095bc09d572bf
hprc4_L100_1512	194c49b69314de009cdc575f5409b4477afb4778586b9d5ea1b57d24dc7d6b07
hprc4_L100_1513	244691d302a40248df015525ab6e4d04bb05639d7a6e8901850c29dd8557d3a4
hprc4_L100_1514	fd262b7d034bdcf67b555df5b7cf5b31e6283ab9bc01326adb2d6aac688bf754
hprc4_L100_1515	1414d253128966c7fbff0125334d09f9aac8c1941425c5c5fd60b791d3202d71
hprc4_L100_1516	0327d3f141f19921197e8369234cc6b34b1b96a192e9d2b60887b3554e0318f1
hprc4_L100_1517	97a4a607d6c56d603b53044607905a07999d1461def4f37c3e18bf967c26eaa5
hprc4_L100_1518	bc43b3da130cd1d15e12a037c0084e21b7fdaee303f43ccc156916f73f1b037a
hprc4_L100_1519	07f44ddd68a3dc84817dd0597d86203f7b1b946e64ec5701827ff29d40241973
hprc4_L100_1520	53862b6e1c0e97d461ece82ff6dd54a53a77f0776fc9cd273fe05800af9b93bf
hprc4_L100_1521	69d8bf17dc0d4420eb68e16bd3e368f1216a6a2666fad67ae571ab09ba8f7681
hprc4_L100_1522	e0efe0c9d8893da4610002b8a69808d9e7b33320e97c66ad3f13bae47798ffee
hprc4_L100_1523	e65790c0f544a8fa71b471d09fb3bfb9f46c105c894e4fe3cf43e499b0e178b7
hprc4_L100_1524	afbc72c2f0b37a5fafe0f9923ae315fab7000792fae63e26c23ee2fa3b81aed6
hprc4_L100_1525	fce210329434ae0cbcfdbbb4026d44faedb0a7782c0ba6e81840c8d95a0ff9ae
hprc4_L100_1526	a45e43d76f0c04a33f48585f2872d0bc368e642cf30c4de198d41998134e9fd1
hprc4_L100_1527	d18c0e2924aaec51f6a0212d8740be694b2a6a9f6eb422724b2b7170043b3b9f
hprc4_L100_1528	f1b42413f11c292e313d956d0d05ca556f3ae2f9198b8347942ff6f97de3f140
hprc4_L100_1529	b9da1bd9bc0657cc85075000766b411c13be147ed73eb0f61c52462c75fec134
hprc4_L100_1530	e48cf2f2c6cc20b383e262a2d988d47d5702dd56040a0b67bb172115b199ce66
hprc4_L100_1531	a8e809a7190b8d38e8d66998ac962ab90c68233261b9ff4bc496ac8c00079fe7
hprc4_L100_1532	f80e7e946252af3b0ba88520d4b9b71ce4589827a157e842a83c43a4a34007f4
hprc4_L100_1533	4e6881d1d839d2d3e53eacdc88e214f1263cb16807939d0de67a07df2c5dadcc
hprc4_L100_1534	54c8ee1ca82289c6446adbda258a34d42a8bb81c6dd28758625d78261b436b6b
hprc4_L100_1535	9a027ac4fc75b2ce45a18b848571d8f84503b29c8090e50cd15ccc54efb942e8
hprc4_L100_1536	74848274a8b16097ca55f2eb6cf25795b0e53c443725a388f652813af9dac400
hprc4_L100_1537	639a592a8b87d2e969c692fa97bff5e676cfe857b9349cb1ee66772fd67ba113
hprc4_L100_1538	f84a873de392689a021f7e9134c78c7fa2bc8db82876c925c0e32ada6f5526d9
hprc4_L100_1539	271d5c9640503dd7a5529b535a3b347fb94fe38172e19f1b1f43db43ea8c9c1e
hprc4_L100_1540	3f8c8d81349c1f6cd5367a2c0c420a2cdd723bebb31520c1290b540e69995a67
hprc4_L100_1541	1612de7ab66f8588878482b9047234fe20d9c24dab41fcbae95b1a153d57259a
hprc4_L100_1542	c7a4aa849940f70a2017cfcb9b4f7c6e11b390fc35a8257840fc7b8b41eda39a
hprc4_L100_1543	9b8f731de58c67579c340e0ac931e5dfae21029d6d6518b61fb574e2b71d4f71
hprc4_L100_1544	31e7ee4cc1018a62d0e3fbf81d9b2617d98a6976578b6a1dd152c14970ef3b79
hprc4_L100_1545	f705dc638a79ce35a61fa2e159194db7d6c69114b990d5dbf336a9cf52ad6160
hprc4_L100_1546	3f1d27b556a2048cfb0d6e71322851e4fcda0cacc124b5811bf13b539d64a62c
hprc4_L100_1547	fdb141e76ffa796fc1f0adec6b67b41c5c1a6346bedd96efdd45428ec414df98
hprc4_L100_1548	93646022da82f27732ce12876c397e8d6fa9456b390f6a304a3943d0f755f6dd
hprc4_L100_1549	ce4d8817921a3db30fabcb5e2e4ca14271bc26b0a2acc746dd78af166f00806a
hprc4_L100_1550	73d23d4044c5125f82acdac5494bd7339e4b7b7799890b5c1c242f342c8c3287
hprc4_L100_1551	ea024700a99f7fd6969ecf4cb1bcc19a50d91e950948270a07e1cb5c30eef195
hprc4_L100_1552	652bb6314bd5596740b7f0da1804e0040f689e0de90a0067d0adf331c2edfaa5
hprc4_L100_1553	8712803b988e22262f7f459fc75a28e447cd111eb3748737bd165b7e2fbcacea
hprc4_L100_1554	e89f734fc4baa1733d49353dafdbd80dab3d416aed866037c7df52f1c98a669a
hprc4_L100_1555	3c2cdb332a3ed1ef5bf7757edf1bd26e720f07e8588b9a998d1218fbfa392115
hprc4_L100_1556	a2609bec3c2272bc6c52aea9abe58fe3067dbc85c132c70da10b0d16e5028d1e
hprc4_L100_1557	325139d8844bbd4fe2bd5bf8f645926acc305113dff8c23f7f6a3d310988e9ff
hprc4_L100_1558	2172ff0c65bdfbffbd78188901e6a5f47362adbd0836831b3682a9a6d8d9d25c
hprc4_L100_1559	69ea3f3601c527e572cfd23b4ee4bd12e1e681fb0f57e2b4c123e50a306e8abf
hprc4_L100_1560	edc7552762569f097733c6473b98fb65e58df65e3adb17fc635adc24e686427b
hprc4_L100_1561	0190ea5c745de2e7eca42837d1b6bd7527b5b50aae51e8d11fdaad3e1ce06a84
hprc4_L100_1562	e77608ade7ea40c59c1d0d95da5436abad9c0761daeef3d527958fe183d4ba85
hprc4_L100_1563	5ec41da1175544cfb59b01e7dc76c5d345f0e61d75429280c484bc46a5dcdf86
hprc4_L100_1564	7a1177168fa483285412c62e7ff889ee12c3d900e34140af1c8f81a7e53782e3
hprc4_L100_1565	4a6de6852de5f9ed7b8d433c436ecc007eb6aace55688a6f2c2d93b580fc1144
hprc4_L100_1566	f7c74afc4507a2ffe983eec0074768d0d547caeb2cafa5ae5aadb61089b77e3e
hprc4_L100_1567	67f7abe978a90a370cb22eb9614e75c9df03dd4a311edc366114f06eff45ef2e
hprc4_L100_1568	7982000469ffe7786290802fdccf23e3c1493fde7a086e74b0bf946012c2d356
hprc4_L100_1569	826ddab5fd5e6c92ed9f85f420df189ad9fe2035cf8b3d0466e4e0cbdaf44d2e
hprc4_L100_1570	5ca4b31008fcfb112df8ce75980b52a2658e4a403624a0715573d420ed8f35dc
hprc4_L100_1571	166f5c99162e096ea32a76b269ae0df0675ca28b6f6b8ef6f2bb9a909d5927c8
hprc4_L100_1572	045d467712dc08075da7c5bcb5c0efd9515108d752e579058d01034ed3fa5c6d
hprc4_L100_1573	b2c5b7c693705beb7224d3362436208a8030ad7275dad182c17dd98b1bb4c788
hprc4_L100_1574	6e09aeef17ab406f821cbb7ce417d4d3956b64e917e8e049e9281e9f30d6ea4e
hprc4_L100_1575	7333ee3a1fb5826e2b724290930a77baf6656ff65a630c2c7a3d7b9f6f5f51e9
hprc4_L100_1576	fd19f24bf3a07cb1fb2006f816a65bc369ef651580ab93a48dd69d8e50c13f1f
hprc4_L100_1577	d3d83b4ea491ac20bb15e33195d16724611a538ac035fab8f76e6f78dc083ad6
hprc4_L100_1578	64f1697a6e2982ef05e251d4950cfbc8dca5ce9ee912436e1c9d9a6066d34012
hprc4_L100_1579	c96c7c40c612ada6d78a7c96fa40a95580ff0687fd412b0f04180d300b736429
hprc4_L100_1580	5a52d22f45779df304833c6f4a028efa967c72aae845b18d18a4aa6f38b84fff
hprc4_L100_1581	e6d16e1dd23995e8e1743a7bbc7d28c3d82e860a86113ee5bf104b2bc475fd0e
hprc4_L100_1582	fb14955b5edb45ab1458a2a54a7700022557158c6a872442dedbeb3ba52b1d19
hprc4_L100_1583	302f2c4cc22c8bf1695e07c7c958b2552960680a45fd9601e95ffa9b665e4777
hprc4_L100_1584	e3a9d2a4bf2a82cdd4a14238a5d5a009df3b77feabce5e8ebc57639d88debdbd
hprc4_L100_1585	579dcb44ff0c4d04497fe31712f74b6b193e05673c0eaf2ddae50004575d975c
hprc4_L100_1586	ab9c64714ec5cdccd12865f9ce17c6c2fb6eefc2fc715c959294b73b25cffc6d
hprc4_L100_1587	f09f5117846e93b061f5c570e54383c1828cd3c69bbcf3fcf95ab3e995a055a7
hprc4_L100_1588	e5e31f6ec9b57bb1bde91573bca27bff3dd94252f4796a45454f110c903bcb18
hprc4_L100_1589	423373d31f9969c62eeebfde9656e0a1d90c6f0b611d28858794571272098571
hprc4_L100_1590	5ef5ff2a6681dd200319faa92430961f8a44863bccb7a093b62eb7e8ced0860d
hprc4_L100_1591	d171cd35d79c560b9ea387985382430f8b6b289f5241801e2b421e1f5101f41d
hprc4_L100_1592	01a8c65c32ca1fa05897cea9b4d0390f74ae184758bc46f7dec7a63e92d9cea9
hprc4_L100_1593	9ecc2bf0a1bd20a62ef8b1d799b5a3aa9ed2f8613a7307c20c086354722bb844
hprc4_L100_1594	f4a71e44257a0f83fd759d8a4b7220dc252281520d991754f9b75808e86ef5e7
hprc4_L100_1595	19f73ab3c375496b7c02deee76914998c3afc0966fc84b0037899899cbf45d53
hprc4_L100_1596	60c7a42a1bcb1f3bfd15a91a692c3e867416f32052f3aeb335a06bf004661c13
hprc4_L100_1597	a52d17c95300887610ea2e0bc9c4a4e586098e2bd1dda07e99bdabce2c5ef612
hprc4_L100_1598	d5d049ec10b02a6f19176630bfd5dcb8ee830607e6dd8c963b705bb684e1c83d
hprc4_L100_1599	9841c4d1001cb3bbfa902d3175b0c84b74e5da1df265134329bcd15678fa42c7
hprc4_L100_1600	7d1034b53d3e928175ae49d10070f2c373f0a614a137bc7816c0360b515581b1
hprc4_L100_1601	fdc3baf660f2bc8a203641f75231f358b067dca91c7d1a35a8f45c0e99686c56
hprc4_L100_1602	6e14a0a785f9c39b0217071ea4b94640be0a1448504f9420c1db3a49b50cb501
hprc4_L100_1603	5d8819b7b9329d088d845141a14cf55671ae4096a5674817b25efcdc1df22227
hprc4_L100_1604	4c4dbd5c53da933ba7c10186a66b16a8f96073402eb9bcce0fafe9ee55fd7263
hprc4_L100_1605	8a9f1402b5be14fa5b1139ff189a3da6e53094c0b8c2247744c13d4d9021ab5f
hprc4_L100_1606	35af2a1608ea3057df970570c9f8e3e47158af2cf52515d26f43fe7da56f1a35
hprc4_L100_1607	1840c8937b07f5a9c0b700138ec053a1326f595b3c2217fd05737a15f93989a1
hprc4_L100_1608	ba9bb60fb547b473ad782b8abbef086f9ec30c089535278b29f38b7d093a5e78
hprc4_L100_1609	27c6465fc02df8047815deefffd4c47a94bc32978aa709148ae5f4ecc3f99271
hprc4_L100_1610	9d47c8b588b833c587158d198a57f2559f5562bda5cfed56463f95f9acd44a1c
hprc4_L100_1611	5e8fab93f6c88829cacac32ce24593cd0fe2ff305a8e527f9496061dc1250b8b
hprc4_L100_1612	ad8f12897ca5b3c30746a88559f48f868b34a479401b4c410a6c52fb44e76ef5
hprc4_L100_1613	4e76a2c6cca1f9a60f1463b19e9dd392266a379e761d31f61007ee662e8781ff
hprc4_L100_1614	a59826275fdbe4f50d61969d304573cdc869dba79232d612ceb7871689f79d8f
hprc4_L100_1615	4902dcd57952b30b3bacb45f6c25e33618a1f62093f2f2b46f92cf3cfdaa7387
hprc4_L100_1616	28d18da9eac8cd641a01b43dab35441f11f1e2861317f8b94fd6992b439a5156
hprc4_L100_1617	7afd7f6c29952bc59a1233e40d9734f3f099a50b8c050066d6f9b5a98640b2c0
hprc4_L100_1618	b6a3370aa9dc12bb930a38da66b96ee0d27d4fc153b24f281472a82b963992e8
hprc4_L100_1619	7307df0a5707dd59a08e033deefa2c2ab3724fea2555a4c6aab0bb20d881d849
hprc4_L100_1620	b8b23fa581be1a84316d100b2dca76ac66c3e6d01c99014ae4669f94161339a6
hprc4_L100_1621	aaf438db002a6e193630746b17a6a9be1d80132aa62b4e55bde48fe85c5db425
hprc4_L100_1622	3aa0db1c67c787829032c27679865d72ee35530477b8930bc74e2bc890ca36ee
hprc4_L100_1623	2a75a80a966a431594fd44c0b92f894d2db107db720f114eafa9e0d32c3e305d
hprc4_L100_1624	e6feaa3efb9a591246b544502a25ffa10212b9579b59ee51c0fd30f877e38aa3
hprc4_L100_1625	9780020260b46e3a7a253c4f84b5ca7bcc93ad9b8877ad8616773f1252456012
hprc4_L100_1626	6cf9fff08bc6d251dfd439d690a8fab7c584393551dffc5320ff6fed324a7aea
hprc4_L100_1627	926873c33a3ea03b3462e049c75036ac5ddba24c371105d85656e9fa9c179d31
hprc4_L100_1628	ad4fa210bf63c61ba3093b1a4be661261f90bc5d090ec6175e4674d460c339d4
hprc4_L100_1629	26584e3959f68ad891b66112a4e8e548629ab0ddf7723f884c980c9019e0ca45
hprc4_L100_1630	a04a38ee147cdf96b807db2696810938e3a2a6cb2b96ee80a4a3e8e4067d93fd
hprc4_L100_1631	c52c13de0d26113c1af065ef157fc815fe040109685d6136dd4e912624bcc686
hprc4_L100_1632	16eae8405d9d5d189b9351d63b63fe566ca896f3bcff4067dadcd1533d01c0d3
hprc4_L100_1633	ed736b6b6219fadd2d62a4af7c4db828064b242794c7a086cbe42a896f4bc0fd
hprc4_L100_1634	a9d05f3230442a2093f4922b89bc46f4d817fcb16192bafedb6e729f92510cf4
hprc4_L100_1635	418c58af6236acc849d7a02bbd87991753e1fd0c90ad62aad24107302e7c814a
hprc4_L100_1636	6bc79bc05d5b589f82ab50f28daaee3564296a88ea1b4f6c124cb6259925bf3f
hprc4_L100_1637	2d72c11cf28f030db522742a56e8e8bbd0c06a881e5cdfea122cef8f61f36a75
hprc4_L100_1638	1bdd12ee6979cc02a73927789140050c5d0bfe16ab9174eb47a115f16b4c51a0
hprc4_L100_1639	0f5acf907e4c2607f67c4107e92d9f0e5f2cd00da97783cd360be0f05696aa4e
hprc4_L100_1640	3d5094eeddf2f24fe42a289fae8cd88c3dd52f8ea86a1f0b5d115920a1a27bce
hprc4_L100_1641	2b1d7ba22e1fc4bac62f47d104d88249710d3e701be81b18dac21c9b6e962f29
hprc4_L100_1642	439365ea2b598a6f179dca14668c4a965465810525e15bb5f119c084434923a6
hprc4_L100_1643	1ef10ea808a9b3b92e00ea668373968ef53d4d679897d72e52f876191993d375
hprc4_L100_1644	a3e4c3c78f3dc893db78618bf501aabb7bf41d28b98bf51ab0bc5867374afcbc
hprc4_L100_1645	f9a1d983f5781d7fdfa966923115d62b9dfcf1079948d52d915d7aa74c65e6b7
hprc4_L100_1646	3393e4f2c203c22983f3adebc0b7d2b62a945999c95b1f2263d983c440c5a65a
hprc4_L100_1647	575160bb1fb2ae3e5f94e1a74742fa63a1cdefbbbd9288180dc2c97d3219b7ce
hprc4_L100_1648	d59de8beaa5075ff8a240398e02e9c9615f1c6c43e3c34ff72273adf66630f42
hprc4_L100_1649	71dcd18ebd74e0c02ee725ec3decfa465bc111a84c363f7fc8e94198af7ed1c2
hprc4_L100_1650	ddd2fb3542017f632ef9f1fa8775c733803046a7a168ee14ff4860d8f09e512e
hprc4_L100_1651	4955aa319620bf68c3e3f5b1588670ba4255afc311d13b357224d8f890a4fe5d
hprc4_L100_1652	552a6645e99f40c6380a0b2fde1de6103136774afa3483a21fbe47175336153a
hprc4_L100_1653	45b373211934fbd86609a065ab5eb42460b388c3d88aa24ec74a0cf5947b3b9c
hprc4_L100_1654	42488fff1aa50ff66b4b1134153514ba037b24fab8ecce56755bef297469d0e0
hprc4_L100_1655	4631aeef01f6f2d2d342d72872db2370a9c5131d99d9dc6c92901cf64973910f
hprc4_L100_1656	70dbceb86b2821f306db70a8efd633f1bef11494086b5fa902f33f98d47e7e5d
hprc4_L100_1657	f7b98803fa8ed84d3407bf0c58f80cc3bb3b48a24459a0302cae1f0f3620c3fa
hprc4_L100_1658	5abb9a717354dae3271e8271a1ccff6c424627aa37f7a43bde9f1cad06c3dce6
hprc4_L100_1659	01f08e589f521c64fe06d4e54cb9c40602dd933c82db69dfe47e117ab86842c1
hprc4_L100_1660	2baa198649d165ccf47dc977a886ed79eceab2a28c1ff407595b664b9889e3c4
hprc4_L100_1661	77e0f6597d1d0f5ec4e65bb88894bc68a67332e489337e1b9db7fd9cb4b232f8
hprc4_L100_1662	68d51555c032baa8b8e9dff125f46415ca5b10fbfab383557f8a417a1de92dec
hprc4_L100_1663	d935761e4ef8b33f1c69e2ea5a2f7d8c88c6bf58a407874f00f64470a56062cb
hprc4_L100_1664	af47254a581effa09e50e40f630732b5f6f16e0ee94c8059031482a4874e5d9a
hprc4_L100_1665	3d4bb21abc395483ebb23b067646764a948136f0e3648b9f8e5dd12b225f17eb
hprc4_L100_1666	cc72ab5197630c765016728f7dfbb6380766d6c1d07c86e29a79c96e166e3c38
hprc4_L100_1667	de67b72886efa8402e0f9817f128b759a076350467265585a432850ba4da2c8d
hprc4_L100_1668	c3704a00a05718b7359a405bdf791b84950979eadb2959bbbc8f9aa72a02667b
hprc4_L100_1669	4969f69bd493a587d6effba085b882a159926483feaf643cc85199c59a3e4223
hprc4_L100_1670	0dbdf7042ba8defd9c02a96c3f20826af3a9ccc507839652007d02a996a53d4f
hprc4_L100_1671	9182b4c0f52660015d5185af6a985ae7e17ec77bf4caafdb8930008e16df4314
hprc4_L100_1672	34dbaadf143679cea5d8cac1d44c3f7e050330980fe3ebc6a73105dc5059ecdb
hprc4_L100_1673	c668c2dfad1a07f3b90e73eebcb61ff4d01abc27a9ef20caa6565b6e5b5938a0
hprc4_L100_1674	db5a2db2441de7b2356ab200ce307ccd6223c49a66575d31bf377eaf89ac751d
hprc4_L100_1675	fe145bd6f81b91d416c7624ef8931ef85c716223e77773381eb7dae77e0b438e
hprc4_L100_1676	3bde8375749c803112d5117c306fd6b518da2a9587ef7b1cf8cfdb58ddccf17c
hprc4_L100_1677	bdb18100257411734f0ca70ba6815beafc29816a9e354e3f7dac5c1ad2f6e446
hprc4_L100_1678	1fce808873054d69ddc40225372f4b5eeac6bd1d0191afbf79c9fac93fc28aef
hprc4_L100_1679	1f5995ac02035167003e26e373dd91ae4727b95ea895054b9c004313b09ea0ed
hprc4_L100_1680	4943006eead4b057f82ae320663bcc76d445c721cb8e69a85af791520117cefc
hprc4_L100_1681	0aa871bfa31c2e9777ce4fd9031faf97d58744a71a61ffbb1a8aa3f82608bce4
hprc4_L100_1682	bc31cc6444fd8443afc69f881bfadd929b98f9bfaf7882c094229f3b4a28fed1
hprc4_L100_1683	01ca907222b3d021bfd827d2ad3e0e358432381e889ffad252ab6c7be5feb53b
hprc4_L100_1684	0e59b0607979884e00a0a87425b2e4ca8093368f1025c6a60a81a28b5e0435c0
hprc4_L100_1685	364aed1105b1d8e27228a2b951fb95fa030fdcdb90cfecd73ece8a5187e82503
hprc4_L100_1686	eca7c30f9a81308426fe39cc8f62a55264ab3b6be5a4c3e8bcb1581b99f1a58c
hprc4_L100_1687	d6863a2d9ec4d8c4e3da422d1a76e21a044c996a4bc13d7d9087de8ae97be6cc
hprc4_L100_1688	842da6155c4bfd00c50680e62b540d4c94707abeb78aef859ffe658cf093f0ca
hprc4_L100_1689	78b5ada088a4d3f35a9f6172eb6860e1560d124f50eb44ba03a2d86313b680c8
hprc4_L100_1690	dfedbcad8f331206551d249f12abd7a2f1373736e198512d4d54702cbfe75f65
hprc4_L100_1691	c2552f7c0400e8d936c17f67dbff1daa8fda81dc5a51511b3da42332c20632ed
hprc4_L100_1692	803b8fdc2020b2d988f702cbbdd9dde694f25ef82d8bafffead5dfe6d401427c
hprc4_L100_1693	ce4633b8e510f376b3e9be0dd7601d827f79ab3565254a5ad07edd2afdfa82cc
hprc4_L100_1694	cb7583eb004874dfb4037af5dc6b7390850e384cb1f0079c0eca1f5d72ec61ed
hprc4_L100_1695	1043986b5076cae9f7fc8c35f333c7cb36d8bcd299fc2b5c25c52b2c749d0c14
hprc4_L100_1696	c9aee9725f0d9412dc6b4a5cb79c55eba250e9db7717208b6cbd4e1353bf7c48
hprc4_L100_1697	ab08f7d7e9b7a74eb58b907a8db9b9274c109e29ba7ae96be37d87b863406ecc
hprc4_L100_1698	d4f76b5aba07e4de489086ec0e81db799b5a7c2989c74bce37b121558f5e39f8
hprc4_L100_1699	9ecd0ba394259e9ed9a83bba877e039fff8a5dfcd0e6e8e450acf6f584b7ec78
hprc4_L100_1700	c20a3eb31bf9b62b96bcb3f863c0bddfe8074ffc5c43c372417ee0ac48d09e0b
hprc4_L100_1701	5a5a33dc9a565a2d93e133a9aee3f0baf0f5217c9347572223c146f13b3af491
hprc4_L100_1702	f139a487cd26e0179e61d8a26b00493407ecaacb07d876cb7d92ef6fd400f91f
hprc4_L100_1703	84fb060469228ee8376fb98c79ea71d41dc3229028774659a0134d45b27ba546
hprc4_L100_1704	48f70cb60b526af8ad40021d3a074e40e772e1abfb425ace1d7cc1dd39326e66
hprc4_L100_1705	69a7cef18d735e15f19f55fa011b9b79d0ff398953a20456d11c747ab97cd165
hprc4_L100_1706	39d847834d4d0b32d00545389daa4957ced3d2127d1b8b0b32e97b4a34c5e6dd
hprc4_L100_1707	a633edb22c2c0148b7956c52549a7094991e97baf82baa750510eb5862960f5c
hprc4_L100_1708	ff612fe8d93c782b3977dfb927bb5fecfdad84fc5a0e8846f7e9a9417b6a92b5
hprc4_L100_1709	f671727ef2e32fa52b971dbf7915e6bf82919203f98222d9af13772ebb60c774
hprc4_L100_1710	88474283aab68284e0c796cbacf155ca48b9f9b86084715c97b86f67ba5ae73a
hprc4_L100_1711	88143b3c8015fe4cf26b5a3a60fb1b41c5ef3d421ea7cd6d839341fa0729f204
hprc4_L100_1712	584949e4f8d159c8163c59d93fef0afa6ded802141e4d8c5110998944101a4c6
hprc4_L100_1713	7b526da5f82addad1cc298a6d49ee35e343633e0889d9ab4e965dc64a4ddff18
hprc4_L100_1714	92634583d96470610c8fc8bf8373fe16860b3065f86c67173eb78bf487c7e770
hprc4_L100_1715	bcfae9e257998124b4bbacf1b39cf9cf4aa43f6bb744ee6dcfe62e98f74b70b7
hprc4_L100_1716	a94c47e484d39953bdcba8d02c0a79a5c9bcdc5acb724c2c2d8b21829914961a
hprc4_L100_1717	52a97cac20136cdf704a49f098f73eaf283a55ccf897d1402a5ef452263f057e
hprc4_L100_1718	8e730f9c877bbc865282594267751bfb0f092aa14500ff8cc18c5068975d90b5
hprc4_L100_1719	b975af809a11ea62bbdd86112c3c014d009847a3ae837b021da08ea0b3a7cac6
hprc4_L100_1720	c350a8a99771b426cf4f11d979c598cbf81be4c5ccc4fd54817043af26eeceb2
hprc4_L100_1721	cac92dc639782962716d4a19e1f3210fdffa301859c676aabcf68f5bb747b5ed
hprc4_L100_1722	d9afa81e1b94562f166386bc39a15e394a41277ec67641e22362c884ff0e6d8b
hprc4_L100_1723	221e8dbea621c35eadf799a30ea44f00f9deb3a92ad84ca28d549cc4595a03e4
hprc4_L100_1724	3134ee7c668805da41ef8939c615e741c4c9e9a33ce177940c926e79fbd842a0
hprc4_L100_1725	e0a8e18afa097356067fe73bef385bf9e694ea42fb048bc0813b4efd522fe20c
hprc4_L100_1726	d82bf0a063a4568948fc19a1ac49523eb342be7ea3e9de9bb7cd4ac4b7a0b674
hprc4_L100_1727	d6267ec63f98742dc673837cd5966dbf9c8ff162263faf6ed7084e5fa74158bd
hprc4_L100_1728	fecb720c674cb70a35304fca47ec373b93980476566ca3ba5b51c235a7d9f4af
hprc4_L100_1729	2e92debacaf87b0521e5dbbac80c8dee6ad1c66e6a9107388475710a8f6d69f3
hprc4_L100_1730	6bb12a319c4b9cdfa454e1f36a22901f28a43718aa4f4c68b229def27f359464
hprc4_L100_1731	27ae16f4fb833f25a770ac82607527f111a85fbb8e4766d4c518bda5474fe781
hprc4_L100_1732	43a6816956295bfe70a36601bd55e00a5cb2000ac51ecd1c733c0591ba2f8e2f
hprc4_L100_1733	c7a1857f9ea949da46f63434f475cb1db37a79ba055708991a2d0f6bc1836508
hprc4_L100_1734	7e9e3b3444a481efffa0730bd1ea715f050a18d565f228f239af85fa241af894
hprc4_L100_1735	af385049577f38892bc939e763ce131a164d6194dd2e5619f00d201f677a21fe
hprc4_L100_1736	65001ebaa37579660521db91e5b4deb0abe6b46d196004349ee27fb77aa97ad6
hprc4_L100_1737	b04d5ef8bf9eded84aa74ad7b4c877c34e7ed275ec7cb60df35d4f9f02ba78aa
hprc4_L100_1738	a40703f207b5fef7fc30a6db49ecfee2fe0cb2ef37f67140dba9695549b6d216
hprc4_L100_1739	0566ef913d718c6987d9978a19b7156530fd1c51d4e13777d7eae804e1cfee07
hprc4_L100_1740	673fd043cfe3f898d555ab2f2f87f240d2e1f5dfb1208455c39d242d9e66cc13
hprc4_L100_1741	b69f442be7db9b26d14256b864bec21b6b12e32f4f493d194effe1c07f723148
hprc4_L100_1742	f456bfba27a929e84c860ccc8d4f85efaceca60b101a72225b3ba12e0c72447d
hprc4_L100_1743	e893746ed172a7aec07c141172a308a196f9a81dfd79979b80771634713be1d7
hprc4_L100_1744	5e1e6a4ae77d089cda5ef86f314589b18ddd9b558025e68e27c27c126ea9e83a
hprc4_L100_1745	3b267267007b0428152ac50d9d7e1650803548d0f540645f84fc028e35a4f640
hprc4_L100_1746	c6acd662c72e0cf050c3f92e7794e4166bf3980fa4b8e6cb53d38e18f56c62d2
hprc4_L100_1747	be70b2d7216288f0d2090016f6d14c64cdc7c0840b9d18526b88f6493c95199e
hprc4_L100_1748	5f52f9f9c562cd48a3207621e317fe017187a7c511bf61bf7087d33745570eaf
hprc4_L100_1749	1694c3f1e20d6cf1041e6f3620cd7dbbaa4c6b8950e67c3026f246502befe5da
hprc4_L100_1750	4d596655f1740d68253b859e22785d8f0703d3606a540f1b6c121797472269b5
hprc4_L100_1751	911699b14360a176a71dc818da4630ccf4ee9606c0b0e88b35b279251280039a
hprc4_L100_1752	b38d14a5e893e06c5b20c0242050456bc62662774b088430291484aea979aa87
hprc4_L100_1753	61e782798febae76a6ae1fdd35f6e45468dacb232f581199349bb494bf964897
hprc4_L100_1754	a6ef28006c657b60a220336bb2b937516f77eb7b766474fac58de116def27dfc
hprc4_L100_1755	5b8bc26617c541757f8f68903a1c0dbd51683b4e3b30b17df1230b90fd4e1360
hprc4_L100_1756	7297a695c0b1d69b01ae04949d90033e98b7415061bc9a1415602d13a4249f61
hprc4_L100_1757	241952f3265f932e82321c299c68edd049de75f1ffbfc0518bdbf6c699b9660c
hprc4_L100_1758	a4364b5eed0233dc144fe562c30710af440fbcf73360672b9f693bd88d185fbf
hprc4_L100_1759	06c648145cff477de1db4b0b26274ce09bc210bb61e7f4955782ded1e7d7fe40
hprc4_L100_1760	5ed6922ad82edf6adf3b54ad64e7ef3201955c8e5810f37c40463096d1435e02
hprc4_L100_1761	7f154c1ddc52e7b4f852d994674c2f20b80fccf5be32a6b834b618b7839e5bad
hprc4_L100_1762	5ffaecfa3ab8cb84d82b1652fe78a6472decac6d73213fac5dbab9a7f65ba14a
hprc4_L100_1763	50ae4c2b62da89ff95d96380010f9bc7dc198c38e301d42b4e7a5d5b43d8508b
hprc4_L100_1764	49272da19e8f1712911860bdceddd39aed8e601d1add583f0de4579b0de2fc52
hprc4_L100_1765	3fbf2a1c0cd2b75bf543805857d201216d66e7f1762643204410129852dd03e2
hprc4_L100_1766	bb64ee9b81ea5c71aa5a988dd10799106b4d615fede09aaf9e23c085301ea814
hprc4_L100_1767	d8ca7493dabe019b55b24ad73296ce6b8d0135b745942248a6002d2be5e2acfa
hprc4_L100_1768	859c0117f6d3e124b0b6737f1b2a56e63c7639c61ed8ff7496f183381d8e095e
hprc4_L100_1769	4da217173333d13bf9006ecaa5aa56a98329303ba171738f3933917eb1cd8341
hprc4_L100_1770	f476077463152afe2a894885f3e571b618db7fbc80531b1a77d7640e0aa11d9b
hprc4_L100_1771	c92d75d681508ad324a7336f64b1ac5fa0acdc5010e9aec9f425cba869abce37
hprc4_L100_1772	21d27c4dd32fdb44f8944aac8eef8bd89aca7d24d785631e51acd137e03c895f
hprc4_L100_1773	74517d33ec23f0dca30cb4613e387a1a54ca6d9d48f7ad0de5f66f8df2aa42a2
hprc4_L100_1774	9ed472a0317e04d6b853deddd9df7dcec7b38ba8de1831d8cc0ac5cca7568d03
hprc4_L100_1775	d0ccdb374034f3ccaa6972fbc4cac567c49eb96a887caeab59686980035d401f
hprc4_L100_1776	73cb574619947daf802c636a4bd1e2a07a9bf80e8a4cadad352fc35325721c94
hprc4_L100_1777	0771b059647536fed001150c772ffd45ed761624453819bb400b0b6f4ca2ef1e
hprc4_L100_1778	7883135b6c69e0d966a0b6bf6f0db5080568b64d0ee3d6916a963f0cfbd1c186
hprc4_L100_1779	52d6e64129393f233ad949847d05b893fc1ec9b9ac13d123fd75f7487923f786
hprc4_L100_1780	d1d15d4ce4e01ab4f3a4a1983037001681ae2a5c67e7cc2b87d14138d163c7a0
hprc4_L100_1781	aec9a6d3148e85aff9439c75ccfa3df7e5861918458770f63faa70cf497734d7
hprc4_L100_1782	eeb3be10c932ac797502b389177e55e688d6a6969520ad0f89c650acbf86cdfc
hprc4_L100_1783	a89b417ec1b6211c8e0e7c7a1952cd216a23621cf0c4e49e2305b015b59d34bb
hprc4_L100_1784	4e16bfb2b1f7005b637f850f39ec138b61323467099a63ce090758c764b22326
hprc4_L100_1785	42c4896f03c74f42a52b2da8ef4c46282a3f0824530e3598817166f0c508c7d2
hprc4_L100_1786	fac21f0aa537c410777f7944b16a9d61b46989932ec1260eea199594098f4235
hprc4_L100_1787	80a76573dbeb5aa517583b743b2da8d8365345dce64428c2b5619f0f05fd2fc3
hprc4_L100_1788	0fb45ea4059b5e449abb934db79c69e5ac1ce7f715ac8b9bd28475bd96b4c7e1
hprc4_L100_1789	f16a914d01678d16236503ca1bda0df189512f5f61a1f61acc2657ce5bb35d44
hprc4_L100_1790	f48b972299c14db51884bfc87aa503a5501fe12eccffbe2411670329ac609f27
hprc4_L100_1791	6b776d6dabffc126ffcb8d2a866f5fdcc0deb081e3dd1c5eeb9299f9986108b3
hprc4_L100_1792	c67496e3423447d9a6c51755cf692bed4cca973e7a395829b5cc61931f53f6d1
hprc4_L100_1793	321563b32141a31564b42b6e555ec0f2c985f27f4d306260a042f41acb784af6
hprc4_L100_1794	9ba3bd2e14a0ccb75e8ea822ec22934cb06c09564bb9cebd67acce8d395c6f24
hprc4_L100_1795	cec1022f5e95d86ebbeee444d19c80befe936ca4a027619b2f35afb15092f707
hprc4_L100_1796	b221d33e6883fed25ddcbe287ec630d96d31dc591a4ce451adef4b000bf6314c
hprc4_L100_1797	a90bf3495410a2113b15965aa4062126bf8e971aa57a4f4fdf7cf80e2c391586
hprc4_L100_1798	2d29c5c058cb9a5ab1f59cbe21a2ee2bc27d1a528f82dc667716d17d84105441
hprc4_L100_1799	8ad743ab73dccd026510defec894accacbd6bfbb9018caac487bf09c9700c614
hprc4_L100_1800	3dc1072b1a8577c2515bc36bc6bb1b8a45492305cf926835fd33401501cc7663
hprc4_L100_1801	3c2cf56fec8e000fb1e23d3b436f07dcb97b6b1d38851c051b5a48cd17269508
hprc4_L100_1802	604d098ba918b110b8074e00c44b200ff3f632d1baf0acdeaf633d51f665dbc8
hprc4_L100_1803	e18fe8a11bd985b54cebdf72b9125f6f589ddcfe531142251df83b6606692d42
hprc4_L100_1804	1a6c979bfb32ebde18992e87a2ef467ba7a7a299fbe083e82c6ff98726131a7a
hprc4_L100_1805	c25371ad2b8386a9b3de0515511dfdad7f6f0920774a757b87ee1675749a0eb7
hprc4_L100_1806	9b25e3828087edb581caa10b72e19a17813af865029f95755ff8ae46c6a65207
hprc4_L100_1807	5b3ccb93de01522f74a6ec69e0cac33af8744bb3cc3496a331609d8ab54ab5c6
hprc4_L100_1808	5eb8a1040e6f166a69624a389598e39b3dd41b10a47d65fae9d68937b2dd5e73
hprc4_L100_1809	351ae5d5a7cb6478baff472b0a5c124811a3418ddb398a805f0c2bec03df3911
hprc4_L100_1810	db1fe45c5f28b722c283c73073bab96c0f8526ba4987a14cbfbba22ceadc8417
hprc4_L100_1811	0c25da34452299aa55c1eb364654decb15d7cc7e26b7d79ebf408edcc3b36594
hprc4_L100_1812	b90eade0dba42657c15af22ac33cc32b31e716a717ce234e9b33b1ea8e698652
hprc4_L100_1813	4cd2f66128914fd726f70ebfd75abcbd9a8943a44cdb9f575c3396e4b685411a
hprc4_L100_1814	85149385ce14d2852423cef79d42854c98af044f3d852b168fff82e9b82200f0
hprc4_L100_1815	6be494580898379e215827c2556353aa6575562d5d9878c2d93cace23e6ef9cb
hprc4_L100_1816	f41c3452b7db3c3e01204986b21462dcf70450dd7b3c030d6688bdf04b344efd
hprc4_L100_1817	43c0aad2c92ef9b0edc15da49c7577a80ba63d24aad4e2d547f61b137d1a0278
hprc4_L100_1818	76c7424299244582a51bf5672d27c417231febedf8ba4c210ec67a75bda013e8
hprc4_L100_1819	d6e892d4191c26f4b26b09b0635fa32c3f4891018460a69e7192b127223b56dc
hprc4_L100_1820	bd364fb03a485740952c50deeb6065c3d0720d187fa7c738e60b85b7e367911b
hprc4_L100_1821	d8d48355ecf255f3819e02819f62d2e85b678b378730c6e7311d232c59a8c8b8
hprc4_L100_1822	0c4bdea5384f8203a9f400a4c52d8ad2fc8773c2f2c778d1a5b36fb8a1b7d2b4
hprc4_L100_1823	45484f95d228b6a1c7f5058ca49cd28e036a40ab6f8048fef965e7fdc08bcbd2
hprc4_L100_1824	10e40eda7be366261dca868a330d6ee44a9209295d48c96bb998050d38295eda
hprc4_L100_1825	e40e819f8a26c74c4f152e1af54ef13cd9d9811e5b7024fb9b56243f262081a9
hprc4_L100_1826	79bcd979a79d25e1a2dd8ad5d469e72b3433c9d6e71a551268a89d1f9a9a8661
hprc4_L100_1827	ac22512cfcb1b9c5afe1f8e78c91f3c2d3fe741666d1440c7d59d9201db78655
hprc4_L100_1828	5b5984c02210c86d200ee3c2d805e6466573a6afbda13b28032d37bdf00212a8
hprc4_L100_1829	b8371a9069d63240d1cb176909b98769f677e83b1a6530e013bfdbb8a9675ef6
hprc4_L100_1830	7850e2a99bc3294deaa2f7e2e3ee2b14fd2626eb773841c3c5eac2b09dd5ab41
hprc4_L100_1831	cee5b8be74e5e1ce0575d554fdb22a32137fc82a078ff699962fbbc741da22f5
hprc4_L100_1832	48337693e5597db61adf91bf1ed7cb0c384a454e2bc8c3b2589930b9a5ae2553
hprc4_L100_1833	3f8f1be39c30e6876862419e7da8c0ccb7045aca91b16f8a7fbfa994a96907b8
hprc4_L100_1834	ec6a1ebe74718422f7a0cfb58e00111df15a4b82f4e4afe98b70a517a528aa34
hprc4_L100_1835	460e732f45c6e54e34d837f1bcd2616f261b39d54c7963b6af10f7970d85df6e
hprc4_L100_1836	2a806d16e9773f22af4129ebb4bb2d5f87dc5a70b4c6b46ae8e22ba5ec67c0f8
hprc4_L100_1837	3258a4e8e8e9a5e33d963afd1334ce30df3e151bd56b5958deb824447f5a7314
hprc4_L100_1838	bbef79e058de5f062c198e3a8c26ee6a0e61ee535c24226d700ba10ee8526467
hprc4_L100_1839	896280745e8108c412cf275149a83784bd1c68fbaa9211e2da3ece82d9937a07
hprc4_L100_1840	bea92df6ef1e95c26540767c182eb203d8b024c1efe733e5b873cbdd0438b16d
hprc4_L100_1841	cb39abf3325ebd98d19e2efbc4fb4d1ea4a821617d7705ffaceb0f2eaabf0abb
hprc4_L100_1842	3f9394b704119d44706877a1e24e0e9f49764a5ddf4717102b51d60b2b3d3b04
hprc4_L100_1843	976765a2a4e13acc06f14fe77ad22a7b3ddc93d517571d6c139c06ecc0d99838
hprc4_L100_1844	745dd8b326e5541120f3a81602b2a9769c39fbedf1fd6eaa06c2a63dd21524d4
hprc4_L100_1845	13435aa6553e0f2f557ce85282ac75e2a2c48f45f885e33e089d6ab5b75d7ee4
hprc4_L100_1846	891e0f55ead01f27d7fb9cc4284b4b0191af5f055c0b98f382c62785649562f1
hprc4_L100_1847	77aeaa00163364b71aee9c8c724676b012fe00534e379c5f2dd180dafa0cbd63
hprc4_L100_1848	66185516e80dd07c7deb84b75a952ee2f0d7067b75c0e6b298c1d4baa0267b69
hprc4_L100_1849	3f744c0c46be5aced50882f8c1d30049f94e8ebbdb48e90f1324f72a7976a5cc
hprc4_L100_1850	5da358c184a05224d0afba93cd61330b9853a628880b07d2efd7516578a18082
hprc4_L100_1851	19252687e76a9bc2337c6604274d51bde735964aec8e256cfe782ebedc8b4ebf
hprc4_L100_1852	75a90d985f9800a9cc61ac3220b0cd039a6553c0c0cb08a22d97caff537cdfb6
hprc4_L100_1853	f6342f7c449a3acd0456fc3c7209cf214fabae872ff1b1211396f97ee3afeeee
hprc4_L100_1854	8620a98317dba1b83efdec9150ead148f15efa622eeaf6a09adfda41470e5984
hprc4_L100_1855	1d8633866e17b0c0839f5e04c3bb3b20beec924da15c91ca497d22dedccb09f2
hprc4_L100_1856	c9b832dcfd2a458f47aa42919388626345ed5cc68532b5f3ff56ddf43d437c05
hprc4_L100_1857	5a52535429c4dffbe812d2563e10c6a7f365556c67067227c2086ce53dc8516e
hprc4_L100_1858	9aeecf4296566a6575ad762d1f1d30410f14ed651bbc423e4919ee53ee7d74e5
hprc4_L100_1859	08fa6733f7dd9210018e0c84fb84efab2f9866ca03e11eaf03a2e688e4a5f4b0
hprc4_L100_1860	32fb45ec29a2f853b0fd1a6587d3e93af34ba1c37e4fa0e5dc76fa80e5beaf1b
hprc4_L100_1861	59cb427f1e762867f6223cc306c6bed47a43370e278f9e6611db6724a2bed344
hprc4_L100_1862	8e3ee83711dd3e7f4666a8f3ac1033f76bfda3b16233e8f2e5fcb5bd517ca001
hprc4_L100_1863	8015a43716b260addc01772eb430a783a7202ea9303253ceff3c1a736a1bdc49
hprc4_L100_1864	5a5cf65431dfdaf48a8d69bde01dd6a793225713519487f558aec03288f8de4e
hprc4_L100_1865	96d83189aefbc0313f4609aedb824872db9aa28eb18000b47abc1694bb3f31ab
hprc4_L100_1866	fbf8b0bdd2a9fc460f06adb51a211d9a4c04ad3966fdb52633d9c51758c9183b
hprc4_L100_1867	659be9029d2625c7cd3b92349c20e2a4b8099ba75f9dd332170f7740d662754b
hprc4_L100_1868	c0a99e4e0ec16a6d8d8c5985184db00e43d6c3c2aebaeda0b5efe46cab230c74
hprc4_L100_1869	6af709505b0fe11b3c8a9f1edb93ffdc29d2cd631ebf9966f4e28433c6b1211f
hprc4_L100_1870	d8c477f27d1e529a0be5cf33a094b2e4d3657c53b6e0750c6267e18261686f1d
hprc4_L100_1871	2fa5f855458eb15a6787e5f8bbacfdd4d10c07248ced3b413f90b7630c75069c
hprc4_L100_1872	4369ae746aaa9568d050392b56d46c088e9687626a305ed4c69b659419e731b9
hprc4_L100_1873	55dea42d8fd777f1bd30cb3bc5d519449647e73dadc2e975a59265a07803529d
hprc4_L100_1874	2221d9d16bf667f08905c966edd71b8222c440f55d1cd96f8db94004f850a573
hprc4_L100_1875	b7a501f64603d852f83295456c44642cd44bbff463277abd6a52a2e334432160
hprc4_L100_1876	488961aecb6fea7b5e9d5e8bd6e971dcbf2e069cc1e73a4f86ac81484b68903c
hprc4_L100_1877	1e2d1fc39e69f88e3dce212ecdb59369b2a320ee33d39e1075fc63ac11cd114f
hprc4_L100_1878	c195bc45f8fdedccea0c3a0f7acba7a10a4a59205747e812736d954a85b66e81
hprc4_L100_1879	c820267b04df3f68615942d9c6f97031f9b3775c76d12c08ea7841f779b9f882
hprc4_L100_1880	fd7194b222baa340164abdfd348199cbfce2e35bb55c396338ead24a80004280
hprc4_L100_1881	1c24cbf090d8c47be289743c009079a83c22cef5462a86e3ba2decba4a1eaff8
hprc4_L100_1882	8302460b8383e8e75ff02cb56088f574f53484ca3959133e3b6e109592fd80c3
hprc4_L100_1883	e22d249267ff5c5f34a689ce949ad8343988541f936fe43e29cf168a0988bb8a
hprc4_L100_1884	354e3676402a5335868b6e80c9a406cdd1d8c3fc570a98c5e709575562ddc98d
hprc4_L100_1885	88d58d887c04de7d53e55ecc242cd040c1e9934d46687dd2a737fae2b8e953e6
hprc4_L100_1886	b161baa5bda3a29236a977ebb923a860e7dcdc46cd63673e5afca75449ecb954
hprc4_L100_1887	2b3f40b66a2d37a5810ac94300467514d7a40e96f53c12c6ad20ad208cbfe593
hprc4_L100_1888	ddd5d15c741a2ef8b539d275d0e4206f97f36d00e18b781c0c030738d7dc2dbe
hprc4_L100_1889	112ec54fd599c089803c9cd54d31d1c2a9fb98e7b24a9c7b008a66e625f76401
hprc4_L100_1890	5fc3fd5adb2e2d619eca6484a990191091e9d859928a18cc2d10937c0d248479
hprc4_L100_1891	3b107d766946379403f96cf186fafaf3f0d0ee20abffa41c7a790dd286891831
hprc4_L100_1892	7cec9ce1816b47384690b98ce8b7e97304ac3c46d768b230b096252bbf0a9bc8
hprc4_L100_1893	f6c4a3d44065adf4064360d2cf2b4d0ff02ce3262fd2cd7e0179ebeed12421f6
hprc4_L100_1894	fb12fc0d65d0bc44e661bfd24e96fc9d1b9921ce079438b7e2c1a14d2f4e9f73
hprc4_L100_1895	b429f38d8f75687c03fdb94e05f3281c56053312158e1c92ec1ce637d32fc203
hprc4_L100_1896	4392071b17457d49e388f9c1fec98fb2f87e8c1ae80fee9520dffad60b3efc2d
hprc4_L100_1897	737d916332528881c439d30a97ac6d14c9b52f05226eba0cc39785af5c4a34ee
hprc4_L100_1898	1b364263a59db3bbe3dc85ba2af5be888d15cdf5f7019dd707f9b18de7c6cc2c
hprc4_L100_1899	14ad88660e38e47a7af512e11fafb9a69082e022ebc15c2f60e4f0bdf4d3887a
hprc4_L100_1900	a87f69ac43cbf5801350b2b4668a0f41d0692c71afbd2fc85f033638a8f25395
hprc4_L100_1901	850f26166f93219c1657a342d5ef61aace139388736963cacc002725d76e2079
hprc4_L100_1902	5a6e3fd70ef70e145974c655109b9cd5bf13835497a4513157e1c1c4472db1a4
hprc4_L100_1903	e1ea9e2e7f4bc61585bb221b6fc3bb31d719e70cbf4505e0a5a3dabfabd5953d
hprc4_L100_1904	061925c6ac3068e75dd2a80c8fdf7d8cc7a46b1a0efaa45300cd5d16cfb83eda
hprc4_L100_1905	274d23375afc2207de4a4ade90f34fca345f01f4014f7759f0c344182e9d7ba5
hprc4_L100_1906	19f9c84b716c2a2385d40a4b6c049637ad47c0a6273a3e2faf11036bf0048ec9
hprc4_L100_1907	5dc1e660c65dbf84a921c80f559e2c05ecca78b44b06124f081d8fafc0561cc0
hprc4_L100_1908	094ec2b20b0c62eb3b658c4bd3fe11ad1366202b8498d9b9551591b3551e3b44
hprc4_L100_1909	345389f25ea7fe44518882e2c84df94e51db04653a8be331fea7e239d97cbaaf
hprc4_L100_1910	88709280c71d04197c6408cb88c6f4ce46fd3fe001e914fdf35f813c62c36df5
hprc4_L100_1911	7e433f0c71c6ddddfd752683ee60228ee1ccf79e8977572f76b4b8543a85dbc0
hprc4_L100_1912	f8d072364245c81e448fbbc537b4607686471759ccc95a5138c637c54553fbf0
hprc4_L100_1913	208b34af8492917fcaf0bd7046904c5407290a025a0f0c7d6f614c9283a5db5e
hprc4_L100_1914	4c968dea3de2836955ac56305c58a632658759d0ad5c47280edfede84b8ef562
hprc4_L100_1915	e0dba06e328f108f7d90fed0e3ae5079caf225d339d8a462b49ce86211973b0b
hprc4_L100_1916	5d50635bac7cc5da42946c0dbd1101717927718e94a387dbc27ba38025bf692e
hprc4_L100_1917	7ffb4b2ee030827d1f75bd3884a4f3899a39a3729826ed72fb5e8cdee1c96084
hprc4_L100_1918	2cbe8aca017ecaf370e9df7fe3cbdcce08afbf9b8ad20da18af325b35dfd3714
hprc4_L100_1919	3ac6a7c8994c8e34fe294785bf1ca48ac62ecc0d1ff5370d44254914dfcf5c28
hprc4_L100_1920	de73abb89a702317f68100324c98acdb2693515755dc6ad7993af59c579d342d
hprc4_L100_1921	42921a1d0db320763e48bc0d33704bd493c0e795c4c05244a8ba96c3f01ee4d9
hprc4_L100_1922	7a17056313cc1e4be0405697fe89887ef18361e76c8a7b71300baaedeb89fd2c
hprc4_L100_1923	9c1b97f98e66d254a569706769a77084c1d14dcaf0aff0f0e497712f060ac396
hprc4_L100_1924	079ebd0112234aa79d365033c837bf7b9ea12dc684f4a788ca7609e2e7899c1d
hprc4_L100_1925	fb3003e4e51b7ff48d2e67ba2299e45fe7a883a57820a4312d8d2ce8cf7da695
hprc4_L100_1926	89c6cca1f851ce644e305cd4cc58509fe02db95720990547adc24135ce388da3
hprc4_L100_1927	2d7dd5e4cf8d6bd478147d0219c802cef0e3c105209ef5be878e2a0661aac71b
hprc4_L100_1928	4eac1784ae4a1d0d4baa40be3a32e8d548d24b361c6de20326e785e7ec8dd610
hprc4_L100_1929	75e6178da4c76a5088641ed4e6231d77d8fe25980b6b87d4ac062633029bab6d
hprc4_L100_1930	5ffadf9d650c6cffc19c7c05ebe767a6e774fc5965373ceff96f9883b5d50b00
hprc4_L100_1931	29303629a519d82b006461bec0a159373fec47706202b4a46d1265264d9e2edf
hprc4_L100_1932	19e62b8a9f1fef3376b31eab1e508cab1f1bb24035ecff7db1f5f1bd745c3f8e
hprc4_L100_1933	00053529fabdf396ec87e18fe514c4d842c0d5397a2a3cea07cb6b9e0b847d7b
hprc4_L100_1934	41b56faeb4fa342df72fc291089be569dd1433f0feb650eaa0c8c2221b77c657
hprc4_L100_1935	52f8bfc9214a0e1198864ef3ef8e6533a5bf1964611ad223e7bd8e058de2306e
hprc4_L100_1936	fda1466d815f8a194a951dc33579abffa76213d5b23e2b7fe6b128f57a0a4ff4
hprc4_L100_1937	11816a89af270bfb51afd146770d1efe8bcef77bd9921566920949824157e080
hprc4_L100_1938	dc47e1871da04b05177664f7fe1fa4dfaf28e493b72f19608c0ce766a6fb33d7
hprc4_L100_1939	048a159305845e3ef850a50863c7d19d0f6281fe37649ba5cafa183098982a72
hprc4_L100_1940	b2e10016c928f2600fec27f15c0bb361a5635fb18f0de04ed31bfa5eefc1f443
hprc4_L100_1941	d3f60f88b68780c3e0f5f927ab49f48eb89acc1319076bbb1cd2ba72578b3e6d
hprc4_L100_1942	c266ca8ee9d9f084c89dbfbde9e44d664a579d462a85c4d09a60c647a9f23d3e
hprc4_L100_1943	89af177ea10290fe6de7cfd23dee90d201466abc7e4c3e2187898bb3c6687ee4
hprc4_L100_1944	b7af382513833b7b3828a86b70bd58acd867b443b3386017d1fcd927777eb659
hprc4_L100_1945	07fc3ba97f2fa9bf459d6c4a686be9f0558235b60be79edd4565ef459bcd5c3f
hprc4_L100_1946	0ff2a97d67fb76070b96628c1aec16e22cb61177f92abe41913c98dbb8ead053
hprc4_L100_1947	ec748ab8b8e9241c8f263976195b1902d83fbdc8093d3c8770514af7ba41868d
hprc4_L100_1948	fcf9344c6c981e6dbf5b834ee537ffc27cdd14dce64ae7183e662e74f921bdf7
hprc4_L100_1949	2fff394203504428af165f47e15c35faa4898f659a2b23ca91a21c7c9cef8805
hprc4_L100_1950	6267f8d8b539e8fb6445be679b01228d37ef8d019f8714b4a234ef92f5aab550
hprc4_L100_1951	4c7f3c33432a3c3ea18c519e8ecacec4bf35c65f4817d60ba8ce34afbe1b36a7
hprc4_L100_1952	1930153d456cc3843334f62a821d01d23500ab6c50553b7f18b2a7a11323982d
hprc4_L100_1953	ff0b01bd38be136fddb5c83208a07f7c130fe983f4a5929ad98abe70028abb85
hprc4_L100_1954	f7a0b9d3b7d59ca2ec4fb0657657feee01ef219e4db80e6a6615d77b7b41ea82
hprc4_L100_1955	1e9d41dec8dc562958a596a9332d65da210e568c90e92f26bc08e435128a7a90
hprc4_L100_1956	785b4d082fe637ede8dd9d36982ab05fa3f32552ce000d9cfa40fa33227a11a5
hprc4_L100_1957	c0f3cb9ebf37ede746beab36d025336f233342ca50dc2ad74e86f01958069b4b
hprc4_L100_1958	bf9d5ee254f91b5513bfe5fbc4dfc6f24a023260836944fbbf1a7a5ebf0bc96a
hprc4_L100_1959	8ad0d7642a7b343e5a88b3a693484cb85a107543e992172f43efeeefeaa3c9da
hprc4_L100_1960	112484e387916ee94040f7744fe0a6ea565906fb09e75621f4b0937c95422737
hprc4_L100_1961	62822dfed15e014f76ac8d7675b5b77948326cf62168d1fa9414ecabfa28835e
hprc4_L100_1962	25ee85200c0687b062a787790bade7ed439aced6a29fcf3d02d3fb4ab41a1cdf
hprc4_L100_1963	ec872a5c4b7a32833c863db3ebade181af82334a01783b686cf1cda070aef95e
hprc4_L100_1964	70aa5f2b63f64b091604d1f70c2e8ce615398fe6757c294cc924bc6451a3265b
hprc4_L100_1965	ff72494fe2ce9ba6af81043902abd79806f7d633c5be86c2b21788042d7aec2e
hprc4_L100_1966	488e6d70ad86df9dd88ba6947b06c1fe867574087516f049dd701c8a2b304440
hprc4_L100_1967	457cd8e07ed42c7b5ac40601ab91ad59435837314ca0280ca455106c15e01771
hprc4_L100_1968	0b5ddf33d4cb7b8d34ecd5a4dd5778a4d6fe8e4384648208e64754baeba2def9
hprc4_L100_1969	970d05207349b7fcce735fc1ebde4aa83a99ec1617b97b4f2fdb7a850d0ca127
hprc4_L100_1970	9dbf16eeef20920b8273f0866e3a498625ab2192ed1c02d8a98da7e00bfa62b8
hprc4_L100_1971	ff60aeea2346e2358a17e809eda6ee984b5afe2b722132a57c1d9ebc88eecc70
hprc4_L100_1972	d24d834951fa98f6f2ce28cb77686f872c378bce5361a46a31863bc1e828230c
hprc4_L100_1973	34f61e9d0dc25d998c8ed7e4257308dfb9987611cd80cba31f2aa53ade1a5686
hprc4_L100_1974	7b821ed24d8983fa765385d2a845bf27e78b10bd21f1553f6a2d73afd2c4bc18
hprc4_L100_1975	a9fe2dddbd73c8222739772c5710427a95e93c96f52d63d26db99d0dfffee0aa
hprc4_L100_1976	c3a1b884e5eb73b9fbfdcbeb49e6a2366ddd45dfc5b2950b29e2d9cb3d4d8b06
hprc4_L100_1977	3e9ab292c7ae35861c52a3cf1b3f6704441dcb77f4d52bb397e641b80207a9ce
hprc4_L100_1978	6ce07a2353672c580bfbb887d3cbae0b420d4937f953a5cf1f440f71feb4484c
hprc4_L100_1979	86ef19a26ed4a4775a172e022ddb1825df4c7c8740488f984a4585c7a228b7fd
hprc4_L100_1980	854f824da6c6cc65d6a3c2725b49770610b2ee0ae3a37d51d1821ddc5ebcef45
hprc4_L100_1981	19d42469f84d029f272f0243c1dd00a953a515c92b08eb0e92b600dbeed6d885
hprc4_L100_1982	7958c046f3e9576608544c99ea663c8e8e2ff08b50fac17e7bc0c13d55cbe291
hprc4_L100_1983	19c5493de76bf2e8632333d619e5d25b71c41ffba347be629fd4141abfccea1b
hprc4_L100_1984	df31111951aca977f7b4fd9b1e134b2e777f31373d8c058c8c896a9049814fdf
hprc4_L100_1985	deb1fda1bcb9aa4045b31f37ca960a2572180e0461d62798bf2ec5339a8fcac4
hprc4_L100_1986	d6dd46d8557d1df184793de85b684ad41a5a13a8c921d4fd3212554e6f9febc4
hprc4_L100_1987	659df0029693f775104ddd92580d6431ceb38c5844951d78ebd3969eee5a7206
hprc4_L100_1988	004c9b385813b001353a8b65a28f7a3a9d95fe50049b1b9f0c04ede179f8c8df
hprc4_L100_1989	cfa770254ab6535308b93536607ad6774b370e9032a0785391c36016a1552101
hprc4_L100_1990	0944c4c1a183d360b23d1519b7ade50066fc837c1e4aa49bd1fbdb7b7c53a8c1
hprc4_L100_1991	4d7cba8ff34b3fa246188a35cc571aa3cc893e48c2944079fc263694a58a62db
hprc4_L100_1992	3f09051dfb72f16175a25a65ced43a36f8806c80be5925d6f8143863f7044652
hprc4_L100_1993	8b1c3c69092bc9baff7eec03ece3e443ec708c02e13370e2b4f48979169c52c8
hprc4_L100_1994	f440681a59a0ee2edef1804effaba1b0dac09cd7bc1d783112be039cb949b5f4
hprc4_L100_1995	3634d2232476b85cec4264b5ae1eea6d731681d0823a32798347ab2258d24400
hprc4_L100_1996	fa7d02bed0fc7368575e1f83a4fa2da662cc94a9b7328c54000e44b0a5872af7
hprc4_L100_1997	7ae57125259cc5cdf7e87df34d92d9e7619a98942282bf002844d6270b2b53df
hprc4_L100_1998	110e6855ddd187f584fe97bf138e435b641174f403805f59777c097041de3488
hprc4_L100_1999	53857607c313f66a781bca9c516cf97d0abb78e17203ec7572c060eafdebd3bc
hprc4_L100_2000	2022fbcd3fd684dc0cd653448fc38d06a91e16497e16969fd9a3906bf555a2c6
hprc4_L100_2001	9eee4434e55c230cecea70379270b04645b32bbf26dac4ad80c1c442339e2655
hprc4_L100_2002	97f4dd412cbac5d5bb0638e0da031a22513f4c57dc6b178f414b1b0864f583a5
hprc4_L100_2003	a0ca3eebd420a6a47fb0e52fa096c7f24eba994c91420742bd64eebb7cbe6892
hprc4_L100_2004	50f70560505114c8175bd207cef392bb83b3b9889b6fe5d24178007d62a351a3
hprc4_L100_2005	8f5b41844b7d89ff2b5324687b9d007481d510ce5b1262475124c888620da5ad
hprc4_L100_2006	e3e9a29e9bf68d086919870fdf131b224c3e5155efe1e1600a3563478c64de5e
hprc4_L100_2007	fad174f48e9b81ee9696e7e860df1f961b882ff90da51e6c6c6341559ddbe303
hprc4_L100_2008	3a398fd0970a28fa375674bda86a262d7be6a5f2cb17578537db958be55d170f
hprc4_L100_2009	34006196d930bf90047f5c72fb3442957dda40cb3f31598cd2aa4480f43a1f95
hprc4_L100_2010	b306d19d7e95e5c4ba97bc3ba725d5866e4279296f5f39698a31d0828b0fa8e1
hprc4_L100_2011	d6558e789f98d285c92d3e322f70156741156b0995b0d5646477fc8c04fd1eae
hprc4_L100_2012	ba30c690d6e2dc931c11e8953a1ff70a2b7446aa89319acfcb640236070f491f
hprc4_L100_2013	e93ee80cfd75e079d3d4c64443aca634dd2403ab85e019067917eb3ddd5a6069
hprc4_L100_2014	238bd17f61226e51f95d8ecabf655c3ae0c1ef3c3ac7664447cfde30eb6e82fa
hprc4_L100_2015	16a78f94357e3392d77cf983ccb39a80391a4226149a9d69040576957ebc5655
hprc4_L100_2016	156fb0907841a10923726cbc08de153fd802a871d6f446e2ea81f865bfc0ea63
hprc4_L100_2017	bc4df3a13a9778c7afa9c93323108637facadf8fb3cf7b438bdccb2903ab9870
hprc4_L100_2018	cc899c730d9db923f5a3ea97a186c2c918d8c5f14b084fa747f2f7ee2669a816
hprc4_L100_2019	626bfb4d3a33e99a22a455962e9d1913ddfbfaa1966293eead6b68e6063b3e30
hprc4_L100_2020	b4320700710be95ed8dc0092a95dc806f366b6aeeeff638f8b34594db6893cc5
hprc4_L100_2021	62737fc26933f4c3e5e5734809ba494134d1b4def19d1fd7c7eabb518b365eaf
hprc4_L100_2022	16045b60ee252529a2f905ae35f29c17870b7f033a268da97560532d0bce16d0
hprc4_L100_2023	4498afdbe8e237c5f00b91e8d9b680499c96e05f16e82878220204a439d0bfa3
hprc4_L100_2024	32e340ffc8734708cccd4babba28bb19562e8f276f9a33a414b936c3f4e83f27
hprc4_L100_2025	489181434031e4082396bf2e8f4b609c128c68d585d6ceb4e93a02c3a1458f72
hprc4_L100_2026	c53d2de76cdfd2590c615d521a454208a58dbee995b1ade3b1bdae4e06f19276
hprc4_L100_2027	645007debeb87317ed4beb636cfdef5c8207ed411d423e3a28efd3a3e0dfa69b
hprc4_L100_2028	e42823998f69b2307534d23ea73c854b3f10f8f836ad2c3351ed256621720973
hprc4_L100_2029	e5e8d66c2484ea5c9c0e508c84253dcaab26c92a93b15ff9a176257a57ac23df
hprc4_L100_2030	1825f7e0001d83ef376c910e3b1489ca2b70fc00406bd5810f074f0c6efa753a
hprc4_L100_2031	9378b0adcd8b9a5b1ab9262daf775048d110d1f4ba09068e5d98696eec234f26
hprc4_L100_2032	1eee334a4ddc4188860c769d6618c3a6b533c0553cad2c724ad47678fa8816ac
hprc4_L100_2033	03fef391634664766e38ee2147059f3496d9345fd057944af3ff4b36ca6df5e6
hprc4_L100_2034	a58abf9d8f82ad649148bd59da8e7c2c667413a5f3450644d01fcb9263d5f7cb
hprc4_L100_2035	02d2d0117ee769d09e6a415f16bff100e8ced5e0387b447d026699990954d031
hprc4_L100_2036	91ece90b3a09500b0ae4aa48f9ab6535b78d3a56fb4f7ef9e852772b62579612
hprc4_L100_2037	c35b001043ad6ccd66647e8ed032bfbac0c82ac572be69d221603bd8cf824e1d
hprc4_L100_2038	5d054c4f78b855245382ad00e04b7017123e68c15019a324a8d1864df828af93
hprc4_L100_2039	02fb494bb296bcf2f51bf0489c54e516eef3a23138d9054a5c61998eafffd79e
hprc4_L100_2040	51d5357d6acf480e18fa6604f4d6871df0cd4cf65a8a38bfd5b00e9055a14af3
hprc4_L100_2041	b6988357d62ea8d2371d8295d2fc6070bf74c123ffcb391ad79d1862b0a05151
hprc4_L100_2042	aa2d9b9df8c72bd0418a6e998257c703c60d420da573cb0f06c7647178b3bf76
hprc4_L100_2043	b92d440ac6093c700f793f3bb18f755800067d955332b4b6316fdf16a08cd083
hprc4_L100_2044	6f103504f79ccbc504b3137fdbdb011edc9381f13ac29760c8bec3046a2a579a
hprc4_L100_2045	803134d6e261887ff5f26680e735f7c27ab2c014d92a89518a4e60af834ab998
hprc4_L100_2046	6f848636634854de8854798f952608bae7759cb209842eb59ca9eb40e058fa79
hprc4_L100_2047	b104263665ff881cdf26dd7243945bf3796f982c29fd93e95a06bd9d7a256737
hprc4_L100_2048	cd8b3fe16056d525adf2cfa1088c4fe57a9b3ad8b6b27f1b6d3019b69351c39e
hprc4_L100_2049	3f155b1657b1f6c0f62fac2b61ebafd0804ead42a7fe91e4505366059892454c
hprc4_L100_2050	f8dbb80adaa764d5ca5a9e537d4e2c1c12536edaba79458e5193c9b1f30757e0
hprc4_L100_2051	c23909a94008227fa7118cde4b16fe9c45bb6bc56dd7158d909fbb712c04dd46
hprc4_L100_2052	8074b4d43483e33b1fe2f05fb47d053302d3e0e4adc4cf7e99ede9061cde53f1
hprc4_L100_2053	b350071bfa7b7ad52cb4eaa8809590729d58727b0cb54529bbfdd11ab3092297
hprc4_L100_2054	923b8e26146f5c29501a42ec08b5fc055bee9cff9748ba052ce3c2ef69a8b528
hprc4_L100_2055	7e42461fb4acecd6b5d7cd83b00381bef925ecc1ee818d5aa99b4065daf98346
hprc4_L100_2056	73029575e202e8c0db300576b59fcfcda87f9197f17f8cec09e4740923814efe
hprc4_L100_2057	2c960a7b6ae07d96a23178c118d52a45f19bdc9856fc574f326c7bf04c2d8eeb
hprc4_L100_2058	be644004a9c8771cc9f2e3195231b42e109ab112bb34a191c518dd127ae7c9e9
hprc4_L100_2059	99a393e117d03bbcf789a9d20871d13447a1cb012466f450bab90688d157404e
hprc4_L100_2060	8095985ebe836364ee7d890c1b812916ec9c38db89b64a11fcabbd26f804ccf4
hprc4_L100_2061	2145f557d61652f3727f96d49abbbdaab6a976d3f4e5ab3840d3c80eb453731d
hprc4_L100_2062	1a1769b9b0554a7e2f10e41c13a3058b84ece3f1c897aee4eb6e82158148ebd1
hprc4_L100_2063	1e284bdf467e67549664382d61188271e48416ab9fa350af2d62873ac964823a
hprc4_L100_2064	9b161156790a35c96a15034c78ac882eca8a8863611cb1b7132ccb9abf4100e3
hprc4_L100_2065	a86e8f2fea8283e6943fa76324f519b29a2b8e9ee02119b5ef5b7103cf3643df
hprc4_L100_2066	a4ad49e3221e5f65b9966da94920676ef8db50b47c0915f36e08f338bcab1711
hprc4_L100_2067	2c51f7ecfaf833a0fbf590691c29df77ecd2161e737a609202bbeda8a8f67d02
hprc4_L100_2068	65de74282025a5ed43213ca9e428dd7a4df37c7adcac307365480faa01d70bdb
hprc4_L100_2069	99bd87da50716eb0053cae557d85fbb5f9c49613a4d2093087782aae934e266f
hprc4_L100_2070	1153843a7f7cfbbaed1f5b2911c9abc44aac19c7326a6f33bcea54f9e12ef4d2
hprc4_L100_2071	c21fea0cbac561ef9c92d59a0b2f8f9c2a7754e23ed467c65d3e39501b5c0eee
hprc4_L100_2072	e4a7e579f544a03ff554a181d8d25230836c81b87ed099ca9698c8cae37217a5
hprc4_L100_2073	15cd8495ef7370875837ef4fa87a785dedde4a88bd71607a71f588c50b405c5e
hprc4_L100_2074	fec3b1e78b5eb4e9246c1744d808c63c51d1adf79437a4f8cbe9ae12eca628ef
hprc4_L100_2075	9cf9e72401839eb9e14833e4524ea963780a1dfab405801fae167ab7c2a5edc1
hprc4_L100_2076	6659bb64b5cf73e7b368a7381d7f258ebd55282fac1fe964fc557808c288f850
hprc4_L100_2077	eb0a6b857fef8becbb154b008d850b76b9c81d23a02f74b75c8eed5683993b6e
hprc4_L100_2078	796c77ce55cc329354ea14b612b3891b74b869761e985c60895bc6ba935c80a7
hprc4_L100_2079	22b89173f5e13d9ef2ac55d0a3bbb64c37d91fa871e1a2a4d8905a23847ced05
hprc4_L100_2080	e54697f257ce775f4105973efaf7b48023ee0214606efd10aa0f833a202e0f18
hprc4_L100_2081	1df8aad37ea59d58f30b93550ebb5b7d667a5501a21e31d3ba92f35dbb032d81
hprc4_L100_2082	7ef1ffed1d99f7747fa80f80b9dea5046275a6b471ea713e0a09644560fa97ce
hprc4_L100_2083	d00552056c966a1091eea457050db243a519c30855923a485e517e2c0d88f598
hprc4_L100_2084	fa110b412da2872123e3817997897c3c2be88073e3dcd380a4fff95e7b0a5bb2
hprc4_L100_2085	a1da42810416b79881091c969d0cd9b84b814da8de1028f00dfec47bcffd16f0
hprc4_L100_2086	ce5ac52f08941c91b27d340dd4229cf3ba301582be891288303f19c53a48a0be
hprc4_L100_2087	7ceccff3eecbc359bd3186401519abd565d98296d7bce62454888b317ade374a
hprc4_L100_2088	b8f2300c371b654bddc9aa9d162f09989503ae05d78c57fb7cef3998f4218814
hprc4_L100_2089	bed6f46d1dbc575b9429ac6b8b366cc030c23805e88709439d7690791ff450c3
hprc4_L100_2090	6b0361a5463ecddf27b7a77a258467bb92407d966fa9ee099053406db907e539
hprc4_L100_2091	698e12152afe1f011d2e36d3a5e0ba25d44372c8e90f58b010a2d6cf0e31d528
hprc4_L100_2092	4011f88ad9977126a0b63352fc1bd0a3fd1e0b1a205fcc286ec82f0e56a7eebe
hprc4_L100_2093	960a93a41bf68bcc7ce3c3619c243454f1d36d0e455c6087875a04cf4c638204
hprc4_L100_2094	27d22de7ccc2341d3a0d209083f4ef206917a75816aaab9e59aa71482ca8090e
hprc4_L100_2095	24b14f75388cea197aca0e94a212f0793b2ea40e410968ea1f4f93f36bdd9a85
hprc4_L100_2096	4abbc661600108294b604938ce6dd25b0dbefc83c7dcf096794657c1d8ac7483
hprc4_L100_2097	e0140a7be1c3068888dde32a0be3536449d26cb70171fab6291328dad011ac5e
hprc4_L100_2098	820a2c49864c5ea0bdc9e8e736687a19cb590ef485e7ea141fbba7e46237ba07
hprc4_L100_2099	e852bec8b0260ee5ac4abf99a98d82d8d246d6985886964fee3df727df0bebfe
hprc4_L100_2100	b60436a213cc1dcfea6975443cf1f26fbe24241c187829ad5b16d18b7507fe77
hprc4_L100_2101	e0b07473e5cce90ac946b2064f7a26afcc2008bb8dd26673e0ae691ec615644f
hprc4_L100_2102	7a835e67a7295da44e2c0a3249807ff4ced16734ea33c3956961b1926494ac3f
hprc4_L100_2103	505e4f0a21676e9c1ece92c2d50ddb7e175291ffad0e409a68a7693cb7138e8b
hprc4_L100_2104	1c074e01c5b90a7da378f5a3ab379f7573dac3f800ab1e8a13f63edac9a95391
hprc4_L100_2105	8ad659c6334f37f1eb7479a127977a64477c4758b2443c0cd8b2180ad3ad1cca
hprc4_L100_2106	c02532a1a06cd9bae37a0e97ba42d9ce0d75b551990ec6fe63406c8f9bab03b7
hprc4_L100_2107	2360031d59e1f9dd5d9cb9bf77b082ad3a52bba99fc3c492a2996e3b699284f7
hprc4_L100_2108	0762b568e884b077b3a60c92998d3dfcbadcbe86988d09f3352ee9a4026503d0
hprc4_L100_2109	ffcf52203ca3de79faaf285a7207fc3a82e0b6a275a3124c3d35dff0ad720769
hprc4_L100_2110	31508183e068b2d4ef7d5b5f036afc3ce0e8cf7950baa2e4dddb4096c34003cd
hprc4_L100_2111	0144510006695d025319243cb6932efd92fc0b5785c3a678862116fa4c7f5be5
hprc4_L100_2112	cc74b5b6661e458d39105c633ece57285036002019f9fa27cec30fc3f3a612be
hprc4_L100_2113	87f71ca2f2b081ca21df53fe9c501b5a05353335ac4e803a4b0b0c8f37114089
hprc4_L100_2114	55fe200e74522a662e3a44bcc3639d9618f836777d22da9b1eeeb77bdc44cd44
hprc4_L100_2115	ea9d892ab8cc2da68e45a30daf865943d0d425e4c7dbe1ea90f2828e3db67de8
hprc4_L100_2116	0929865240458a46e23c4dc1006b84bd45299598a4203c3a9bc17dd6e8d9698b
hprc4_L100_2117	d1d0e7bbcabb52db5a5f69bb7f8d03cca1ba54ddc0e972c867bfebd34fd9d7b0
hprc4_L100_2118	7bb1dcc701ef74b8450ea584d45cd1432a8edd118a48bb0fae1e9d9ddcb3d1a4
hprc4_L100_2119	7edecf036292e02b67dcb4c25ad029839c94b395edc8005698267f89b4f11307
hprc4_L100_2120	bc4d9c1a28dbe4b1e236946b2c835e960a5e1cb56e15522182730ef05a990362
hprc4_L100_2121	41a1b325c59be8bbd9637d45ebce19c02a4ea24d52f43919a190d3be78729e99
hprc4_L100_2122	acab84d2dfc07bbda06dcc7d0d4a1f6e70b33463e25b4c0b2583cd2f97b0f967
hprc4_L100_2123	2b399afb73dd70129cdafbd32dc3f89b7044d569a15eb6c25a652f5ab5152e58
hprc4_L100_2124	d820a7a078120737ee38b4478bb8fa1d3932c1401659142d6bc9551dff2330fc
hprc4_L100_2125	997db9459e0df01a0ae433b5d37eaa9df53687ba532b7c50e1803c1c2f367270
hprc4_L100_2126	7aba16a8d9c25b982907a18be01e41a01058950c1203855bd3b39cffd0d4dec6
hprc4_L100_2127	f9927dc88f371b7ae16c37f505e19bce52ebf34d35d50f7134df80e5f4545e5d
hprc4_L100_2128	f17bc90be365b907f0236aefdfdb0f3b0e6a0ab6dfecc79bb35a4490cc68beef
hprc4_L100_2129	25d85c754d8c8e7e57c9a6ce3695c2646e5083517324f245e4a8e19afe99b8dd
hprc4_L100_2130	69781ed335ba9a410bc2310ce7522c7f832b89baf0537978e1a7a5d4fee86b3e
hprc4_L100_2131	1399fee070ae2ef365a36b387038c28259b86b593b4e2c1283f781a1f5209f3a
hprc4_L100_2132	e72d263b0fd2c55e00eb663bd433699c5860c059b3df41f286c3f46286ac1f98
hprc4_L100_2133	0fc7a89c0b442cf097a67c323bc24d7da252e28d3f00ecf3ebdd38c39ec5df82
hprc4_L100_2134	9a6b6a6957a78edee5244cfe346a1d330d86ff13c54bdaf771f57be4c8895b90
hprc4_L100_2135	f5ac80d73f43e9a46234d202886704ab15e30b38b9c4047b74397ca3397f9436
hprc4_L100_2136	89252935d13f50027e0f8e57c414a12c08a06784c050203b83c5719fed6cf929
hprc4_L100_2137	5aff2074eec7382ada950ecc7780d9e19f32c510e4967dee40e2689c5d48cfaa
hprc4_L100_2138	7379e61189924405614b729301649d6266f61b53281468bae5a1a345bfd84d9e
hprc4_L100_2139	d163c401a13d890e6e1688d63d6992f464575ef17cbb66b8b407562af73ad8c2
hprc4_L100_2140	fd3fb5e686214dc80d3c75f3eecea20c8c89c6b6d1844e3da892700cf5348dd9
hprc4_L100_2141	6fc068dc4ac4edf6044f77ea2981d66f495064d7ba195f7ea3cbc016051396b2
hprc4_L100_2142	a0eb702f208ec4fbe537edf70ab5b6703ef39438eca49758a1af05bb56411d5e
hprc4_L100_2143	de5481675dee5a6cea406ce155c4d86fd2f09ac48b2f6e7e4b8306581aa552bd
hprc4_L100_2144	82e85c73632e09fb67c92e8e76f0658e4294768580cf187fa3cf12f1f45efc78
hprc4_L100_2145	1cbc95b25c149a54bacb3de37917b6991423ce05b0e215991634c522648d0c3c
hprc4_L100_2146	8dfce58824f7175ed18076d2444751a164a54849dcf2c97e08ff3ec0b7b35977
hprc4_L100_2147	53c2053a61f5cf167bf000b6c7b078c230738b196e441de8bf62090b861009ad
hprc4_L100_2148	cd8a68acf0b256339ca95fd83b152578444601fd51eb349110613201d28acd97
hprc4_L100_2149	5e16463966c4b67d588ca326ebb528b0e0aafb2e63e3218e3893945a80cb9dd4
hprc4_L100_2150	27ad9022d6545937ee6b5cd2ce1d6847a86d5266c2fe8aec424a8c1980a4da45
hprc4_L100_2151	b0ae8278879a5830d66298d374d4f478d8ca8afea457a49e40a365f71923b6ad
hprc4_L100_2152	ecd52b518a33e006152cfebc44afb763e1f0d60feec4b2aea0a0945c9fb85972
hprc4_L100_2153	b601800ae22aeaf57391ac01a6440eda20a5288056a44c1bd9602e086b22f5bd
hprc4_L100_2154	9817cbce5828924eaa90105d8e23c75a97c35e16c5689e392b7f215cfe00627b
hprc4_L100_2155	3fc09bedccad9112ac90a08ef2e4ae207426ed45df5b69ed43f75c5834b02a5b
hprc4_L100_2156	c04e3be0098d8ecc2fe7fe71a5920492ef0db33e8d8e2cc2c6745e4545c37f90
hprc4_L100_2157	c8fa7b3c91568acf366a17a97cbf8408bdca223b21b6b02ff89f7f053046995c
hprc4_L100_2158	fd0ba781911212c08b2bd8f75fd07cba35b12a514d1729cad78889aa6ef4857e
hprc4_L100_2159	cdabd7ba3a49f800e6a1958bcc05a732b2a78383397fab219472eb687b89de01
hprc4_L100_2160	957b87c7215b02c39dca3ffd3bdbad052edea42058a4ee750a3a95212a930dfc
hprc4_L100_2161	823f2af8266a8e564929b4085c8d5a7ec7747880194258ac46755d806e904245
hprc4_L100_2162	a19c5865f4be3c7e1f7aeced60853bd2978dd5b2e1e0c735b211835bb1d02655
hprc4_L100_2163	f1dda4c9b11437c4042df127c0904e85834ff671eb72d5c25f20d3c0cffe2251
hprc4_L100_2164	a0a72c51b26c30fa62606b184db3a77e02bd6e9f865157cb7103c18372346118
hprc4_L100_2165	f925512d85803d48ca3cc9519ec7016ad951593433f87d2ff27e13607b72c7de
hprc4_L100_2166	5ee8621faedb47f56b412c4135a4b9bae7ca5935de17136f48a14b86ccfd0a0a
hprc4_L100_2167	715214206de41fced2c20ba347a88b1065701c309441f40d3780626b4918c98e
hprc4_L100_2168	9c0789f633e827599b1de2bd2e7c21b9cc00137350da7f35e141099a812b0267
hprc4_L100_2169	e1a6777c9069d8dbbd148bcd732e949d611f2c695e4d10183a976cabc62733c9
hprc4_L100_2170	8966ac3051f70424277ad1d0b75209759d1a4051d57144bdf21dec70c6f365da
hprc4_L100_2171	f744f87977f125244bec71cdc8f3605916b5c25885a735fb92f50395ffe05752
hprc4_L100_2172	0741e916f9833e4ed6d93998fc2d3310080db4f07e8e95de4cb3d9195a96efac
hprc4_L100_2173	9eb7199a510a68c6a3b71265970be6bc012b4f6303fcef327a1aa7282417ebff
hprc4_L100_2174	b94bbcff5ada2756dbd902089934fff0e78a5579f9293b736d092186bfb938c2
hprc4_L100_2175	a81516e49181d8f95e07645c09442528e20132e8359e15a704542c36e0a9737f
hprc4_L100_2176	a19ba563781c6fb4da4cca9a8bae40b13bff498e48d0a614efed41c13b675791
hprc4_L100_2177	3bb38e11ec89b4068b2d498ab336f99ae868b78cc3a1e3ccb1ccfac9d158f2c9
hprc4_L100_2178	6dfae5d798de41a4009f1db2a40d3354652c14eba56bcb8575c667723d76e791
hprc4_L100_2179	6ac5eccf5535c9236d17e3efb0b0c9a0b9c4fa96839acfdd136507b00bed885c
hprc4_L100_2180	20a6c7c43e2ad29aef29a467ba9aab5a7925fe179a16acdb087462f1219350d8
hprc4_L100_2181	bbabaefe90b86e0ec08c3352eb7a67520766e2ecd7f6d1bd5514b97924b8a318
hprc4_L100_2182	10ecd7f66c245a1987f0ddd798c25f57cfe44e2956e4a46b2c624c97657cbe1a
hprc4_L100_2183	ee04cd52c76f752f368039ad5bb8ae04f64a7a9a0f8ddbb61472059ea48a46c1
hprc4_L100_2184	12c7c281707f0990476d11ccb25356ae11971ae2d6bb30cedec40bd7ed86dff1
hprc4_L100_2185	7c8a8401ca32c72a0c34b59497e528e9cb46b7d1993ea849e592d1023bbad272
hprc4_L100_2186	c8cde49815515138c048ed8dedf77cd840a271a9350c804849763636913a01e1
hprc4_L100_2187	42072f516f7c1a8cc6d42da44e8f8429f5ac7c13eb50fda71c29605e934c8b15
hprc4_L100_2188	26c61bf4509117962d3de93f7e9d21babd12b603a20a743b123d80123ee8d3b5
hprc4_L100_2189	f50ba2ce105941ea9dafeb672f09c7ca61f86ac95ef8e013605f61fe33524d04
hprc4_L100_2190	bf6e16345f2d035dcef0525ac24001ac5aff492d6784c622e865fd63698461e5
hprc4_L100_2191	e0db5fe435b5ac0be0b28350250398ac3f9a9f14abccad6d5ce8f05e9dcec52e
hprc4_L100_2192	4fc6b3341815a30f1727dd4d0be272a97ee0bfef111e2d6dde74b0b7c9f21174
hprc4_L100_2193	8950d7ce4f7f5f7f642526e18b7005ad38835e57978dd41608b2f49f21d772cc
hprc4_L100_2194	dc3d77fbc0bc834ea472129dc22877dbd4ebb6d3224689a7f99a0167a0767011
hprc4_L100_2195	a436db583faebb4decb0895fe0892e546c9e0060076cb913b593f08a84fa54b2
hprc4_L100_2196	6ea420c3df18e85b54b8fe6ce8c37c4d3a0d21e7345b4ddb560dc102457347cf
hprc4_L100_2197	fd3030035eb0ec7a81107d5ace7ff9a5c991b3e9e25689bdeb0835b1fd0292c8
hprc4_L100_2198	b954f9eed45587a9c3a50df877f411cb062af876863d63b01125e21b2ace2221
hprc4_L100_2199	0b43010ff4759e166f8b6938cf5e465af163cb8e25fa3afe78a4671ce754fea7
hprc4_L100_2200	4b21707d453abbcae1a777916f726e341a6db597fc5662de3d02cb07f9d916da
hprc4_L100_2201	981890b23b35f8f688731782f931f8d9780284a40259c849812c16fbb516c3fd
hprc4_L100_2202	8c692c9c66faa5e39ab7a807815b239fabf893b084a3b990093022c2be154385
hprc4_L100_2203	3792d350e1e30be35b13fa4239f0d5ac707be9dbb549e7135a6a89973de70f7c
hprc4_L100_2204	463fb9aca093ae062af68e6d5da0e19125625228785e644fbd394253f9387e62
hprc4_L100_2205	6d9e8f500db056aba00e1d05320a92d209d058a91e227113bb028d6bb96ed6e1
hprc4_L100_2206	31c7d055b8a87cc7864036e2d50e2cc867f66a083a4dc4a04a0471eca3ab96f0
hprc4_L100_2207	dee4fafc8353367a91c36c352e95890c0a021c9db488cbb22f8e10e6e7ac2ae2
hprc4_L100_2208	b0ca4647d20f8d42a1d8ba9b8552bb0a26e2c966e1fa2d1aff9de9ca274ed469
hprc4_L100_2209	52c35dca3668ab5538509529bdbdf459a7f416ba521c36927e6208a793b6c766
hprc4_L100_2210	6f3db6a4b8ecb17ba4f94e634d32765ea01016eb35b9041e0742068f2ea5d3ee
hprc4_L100_2211	f3c7fe9d2e0a30eea6aef5652315c5f42ea9fa611d75f312a2c2459ae6650590
hprc4_L100_2212	bbe0e31fd1b6936031f99276cff26468ed8fb99d9df46280062d362e5bd1e477
hprc4_L100_2213	c447b437e39c7f5abc650afe92d0df0d4416324b9f8a96323f9d374fac2220e0
hprc4_L100_2214	0e92e7eace3b13092fe5da418fd78ddb5926b66f87437f7c507b2e9911d42e19
hprc4_L100_2215	cab53329e62f7bb710cd2309eb7d05826dcf6566c1c3f9e181e69af7519a0244
hprc4_L100_2216	368da85d237f5f26045cafd7f63754734ad451f746e0aa48ef04781c58b5480c
hprc4_L100_2217	b379bae3f6267dbf9f0eed09071fdad70e4dfc0ee37dfa44dd24c642dea2dd8f
hprc4_L100_2218	0959ec30501314570ae2de0559a23e1767d36a50df2a95d42fed325fe74bdc0d
hprc4_L100_2219	a74786d20ceede58da6c39db32952a574129b8f153de543e808ebb8fd9ce885f
hprc4_L100_2220	8b30777c734cc2b82e4e219521ead6c5b0a4c7de3c2627509eb67fcaffd4a36e
hprc4_L100_2221	465caa46756e92e328b4a81cbc05510c68d31c528318bc5b472e00ba045568bb
hprc4_L100_2222	648c3bd2f89eeb97c4996aea39ce7e301f938f144b5fee7335155294e88746d4
hprc4_L100_2223	b0d22873d2a71d86faa408dd7333e8d0eb2fc829822d025b4328f323b01b4c5d
hprc4_L100_2224	322eb38be086cf2626d57d447b4682db6cbbe54ad37cd37d57436c38d2394792
hprc4_L100_2225	c354e58e04beaaf77d735e6f61d82ac6899bed243469519c26b5010285f5078f
hprc4_L100_2226	75bdfec2bd8ae8a45a6307cd284c54ee826b61ef9517e5e9bff354466e8b5941
hprc4_L100_2227	26104021f156f93ac7c45e4282448f8bc254f3bfe2a870238552500af1341f44
hprc4_L100_2228	14ce000292eed6a26a66cf0f618c95f3f6572b283cc0fa463fc6efad7dabc340
hprc4_L100_2229	08d279be56a156999716f41130a5e0a72bb4c14567c4165b55a04bdfc9ee36d1
hprc4_L100_2230	dcc9581d0ce569222c29af6d8b8126688e222f9f9116584e8980987e74193cf9
hprc4_L100_2231	c5ee03cf021560a3d6bb49f6bb5e060c4442a6aa9519541e1f5f8bd77d0e069c
hprc4_L100_2232	e7f03df44b904e669b1e712eb448d7c862aa46c2234a7ddede19698236e4a67f
hprc4_L100_2233	d10d1e154caf5f4ce45f212e469d9053bd4f5c118b9171c447317ce6e1a9fe61
hprc4_L100_2234	be60517a7a0bba3f4be611d1ff322fe2ef69082452c8b9301f53b57d9d77408b
hprc4_L100_2235	a962263bf63ef5cfb57ea192aaf47d35988a059886bc5f97045cadc979c22209
hprc4_L100_2236	d9800fda8dadc5b591de3df2ef854434354f65df12a0ee4ba9214e95c6f5cc73
hprc4_L100_2237	cd074e167bed27b8f472638526d6c4147541a75f9802278223ac767e9bf6f4bb
hprc4_L100_2238	4db01f3a8dd2f0641f019de75aea7d1bc8c104999709642db06601fa778f53e1
hprc4_L100_2239	3a05c6261fcca070acf6ec076e466e53e03858818712a02137a8a2a57d1f8fa7
hprc4_L100_2240	ce082623afa7562a965e14a9b6473da9e841738d9b1ddc4c1576fcf7a5655e35
hprc4_L100_2241	bfe8997a1dfd63d9ff08f39c4ec8d4b2d98df57770e23831d2467942313e1971
hprc4_L100_2242	1dbe963517ed2124c123cd36a60354a4f43cfcffcbb423581b1c47020770ef4b
hprc4_L100_2243	ea2bf2deb8c26a9d70fcb4736f3e95682a663480d11a2fcbca05e661c1fdbd9c
hprc4_L100_2244	dd943e5ca259a0f4e2f9487192972c2c98cbd6b1066ddf0097e1e09219a8a92d
hprc4_L100_2245	2a2e8d939427e3b38d9a23e4136293726859841ff7effd545c72cc518c91e2cb
hprc4_L100_2246	d5ff27a1d8c2863862b6b6dbe7567287f1615ecbe717521fa86c4f5d15c7d045
hprc4_L100_2247	32462f0f36f97fd9952ff9de86c21c7340a3e57a8c0ed78d7da87b234977f701
hprc4_L100_2248	98d6e33fd70a2b7c661113928192b29ea3a82e62b6c683f5ca835791afcb6665
hprc4_L100_2249	4050fe6ed92f3c64f3eaed87eb2433f374e20ffc08f4a41fa672cb1e0dcab10f
hprc4_L100_2250	c12ff268b8e04782aa2d2b9e32d46297ecf9a0cf48bd36e781fa8cf5d9016391
hprc4_L100_2251	945aa0757f5ef1c8a5bdb9431c5ef9dc6faa5db491bfe4621d84f29c0f8d08ed
hprc4_L100_2252	56011c624e293b4c09a92368bf4a6be4cdec9c2870b447802c6c801b3fda01b1
hprc4_L100_2253	2c0cefcf34c8d9f48461f579a112f5bbad0dea1f1e5751715e1027f9e8191312
hprc4_L100_2254	ae5a3754b5e42347fff4e139dc9f45a6199d75a150a6a7767f0324327649f6c5
hprc4_L100_2255	fc7d57f079f56f4e6a58e56109d365e7d33aa93279f8c5325cc032e332bf2294
hprc4_L100_2256	617fe06ee8048094cd3f257670fba88b95630050ad126d9a383569df7b7bfa03
hprc4_L100_2257	b1b4e4952d879681ea1a6f753b53e96ef1eb05470d6583faf0ca88cbd11afaec
hprc4_L100_2258	6dcaf4321be8859c1d0674f6f666ee37a3ee501836b59a001936b8f415bb7421
hprc4_L100_2259	acc7c004d425facfb1ea23796403deac45a862480a555859fabcbe06d794aadf
hprc4_L100_2260	7f5279b9d2ab336abd98b0f904f7777ceceb4e95c6a4dc6e0280cd5b596e68d4
hprc4_L100_2261	a3c20b425518eb743306b50056347ea0554319ea1372dd8bbb3dfe97a1fe6826
hprc4_L100_2262	e82ec065e1b2c157cedcd38c9166fe53edc3b26d6434e50932e1e56af2cc22ed
hprc4_L100_2263	c1740728da76a70dd31cc15b6d663942e4eecfa9e3e11c25e614c1a9442d4216
hprc4_L100_2264	fb4c86be4eb9d4bda19c02047d0d91dba20c155e23d65dc56b25f30104af93ad
hprc4_L100_2265	e267121b4bc220203b454a3c88a5cde1ef7740b56b16fabdeab5912721fad81b
hprc4_L100_2266	723b37fe1cb684a133bb2357fc90a65625575fd265e3ebc0b871bb2559b2857c
hprc4_L100_2267	5fc122522736323dc4aac0ae177c568b94357b7595f5c04cd38c12ef69bec48c
hprc4_L100_2268	4f9a456d7f103f318cbf33a12bbd86fbc3d6e4f1bf1c21531e2d40b511645f8e
hprc4_L100_2269	9f38111edb10b254a8eb562d3525ca60fb7a31180d4be06f1db32363d7e84ee3
hprc4_L100_2270	e9ba0ddb86494a6a9bd81e0d65909863c8a5b20a131e43e4dbbfb34e0368c6d2
hprc4_L100_2271	ccc713ebca43132ed14dfe6a1b87f06b924a2b6bbfd6be508563bd5d04a21e89
hprc4_L100_2272	e4aa90b9aaa19401546fd5f1d2b1a0c469b3369b9b978267db88e2e4ae359b98
hprc4_L100_2273	62abae81ddf4516138b465b7a389be6d95090e89e1419987655b0126d094cb2e
hprc4_L100_2274	be1c2163bf6177ffc6e76f35448ee453b4b3213fcc723bdfdbd4eb7cea4a9538
hprc4_L100_2275	a540a904fc0cc4052d63e7588ed46229e9196afec2fe190da40644f399868fab
hprc4_L100_2276	499d614bdb4111e59a49071ae726853ba702b451cce136cde37b6d616763da9f
hprc4_L100_2277	4c7792d6ce18d64a483623eae72ed5ecea2bca63385d3728e83aff72ff42f732
hprc4_L100_2278	fad6723c9959174bc37c1f07acd9c07885875744aff3d90780c46a9d52869650
hprc4_L100_2279	e0652c9e858794178746d0f0203580c6baf71dd0b079e088bd36b41ecbb2446f
hprc4_L100_2280	c032967cfde92e86f542b300afa1742de143352fe656788117b31b868015577c
hprc4_L100_2281	52bffa290af748f2ebadd23f3f1ebcf6d1fc90e32edd140b9cd7c8712475fe75
hprc4_L100_2282	2b10f550b5105142d44e9aca6b45335b6c7df7c9e7f9c976ea95c9151eabeda6
hprc4_L100_2283	805240e2f6f9bb2e411674174b213590c219fba586036f12cfe8b41f7655b143
hprc4_L100_2284	8a4b48e0e3e76860acdc9b8cba2c4f4581eaf448258f1ec0d2f48085a15b004c
hprc4_L100_2285	4d2717b944c3f2d6bc0d75cd369580f278f103c1df86d7af91b750aaf898c1ad
hprc4_L100_2286	f51d7f9830f75c987d61dc7ae42f155669f2c8a30c537815c71e945a99e48ebb
hprc4_L100_2287	e62bc24a93b2c98e516a7718c360cf71114c61bfe5bd6594dfdf1ac767d98d8d
hprc4_L100_2288	f10329a4343f7c3c537fe96dafbe89d083525b2c6d5cd0d3c6d1e1dfa6103b12
hprc4_L100_2289	a14950737770d4b45b3faaa3793ec1092f9e44a72b68a4ec89ae93f57c859ba5
hprc4_L100_2290	d402c6afb930ca2d73b009f425e2503fd4cc5e94b690aba7a09c1d66d90fd233
hprc4_L100_2291	149cbbe981663cf0ae7fd98e9fb8e95c27d0488b9e1df95f6aec2c4aec0662a1
hprc4_L100_2292	3e2da8c179100bfc5c263af5404aa3e6e01da685af2d64d7129bdf374cd2304f
hprc4_L100_2293	6b5b390e9bfcc768d3d68dba6229985bae165d8efa0ccdad4a15633b63336235
hprc4_L100_2294	7d501a3b5c378cb7e1318555f5f48bebff737a77ac0b3ce7e069c2e28c19f033
hprc4_L100_2295	1a159574d0f473437d9d6cb56ee6e74158e9bb4bafe0484550dd71700a75384a
hprc4_L100_2296	ee85d51b9bcc2c75bc2d6f30e39c35c66223cf0f748634fc4b6c9a339937d149
hprc4_L100_2297	9180fd3ca5c4f7dba0c3f853a63a3a65dcf5987f94b56d33acb646822d4360b4
hprc4_L100_2298	a5ac1c18c6c4352528142a778cfb682edcc7add5f3fbb0502c1603ecc3108f7f
hprc4_L100_2299	eaa062c06ce7b0e3289715b183c067931f89c26f81ff217b949748de7abde387
hprc4_L100_2300	6f19b81facc71732fcc68c5038e3513850388e6c628925bf19e6cf7d313a5020
hprc4_L100_2301	29f1fc9165ca63fd5b19c324f2ba951ae2b4ecf0e1de82bcef6ce7f517806a87
hprc4_L100_2302	974d5b4a206136058f9af15763842adc0a436f1a90d17d1cc80a758032841807
hprc4_L100_2303	df677eaea712c45357beb3ed088f858568acf8e66f2c9070c667a1e170b496ad
hprc4_L100_2304	82302cecd25cd4250090c65e134b0b4abf4f1b9853cb9da51744136c0c96a6a4
hprc4_L100_2305	072e7659076fd70feca480c0da3d14fb1f9c7e9c1f1bd755fefa6a1cfdc80231
hprc4_L100_2306	ec18a2c21be5c59db100223505bbbcd9c85fd3ca5808fa642ea977c9d0512e25
hprc4_L100_2307	ca5db4e93694717b5d7e7ac586efbc0116f19636e7b3926bbba89abf8d580e53
hprc4_L100_2308	b0555fba1cfa00df7f1e3210ca4933eab4321313d38a940fdea8b37af91edea4
hprc4_L100_2309	395e10bc189adbf0a9ceda3c749c28f6c47c90951775fbf0645a6de8336e345a
hprc4_L100_2310	a81f95208de0fee0e8c89759db955f7d8420c1d8a151e91af9f10ab690020883
hprc4_L100_2311	a93ea188a192967445324d543c54797fe0d9c3e435cfdcfe5078d4f08524d8ce
hprc4_L100_2312	d43ce40b38571528a10ee6b02d17cf7bf337a3774cf3ada1600a3074f45c0e99
hprc4_L100_2313	1d41a96056d917e0460b95b3b450207f2d41bad3ae40f3315b2364ee85d30c4e
hprc4_L100_2314	d2219e70dd9f2e8d5e0d8e4ab102c9b9caa03c6b9bc981c891c181350868e2aa
hprc4_L100_2315	ba43b071598c670a62ed61e1af277c6462f567fd4065cfd131e31ea90871826e
hprc4_L100_2316	1391e2b0bbf8162f72a727dae93582be5790dcb149bc152dbc9d0a4b4d7f7160
hprc4_L100_2317	5df51a34926d5a9c749c623e493461df4189f59b69a1a1026c21d686f38e0a1d
hprc4_L100_2318	a8f0a9cf508b2ba18e4d553edfeae82ab5e06270b42705a805107dbe03ecb3f2
hprc4_L100_2319	aa9468636f725c17fac6517b17f4f802b1180ea6d4b83884d91501cf177d6c4b
hprc4_L100_2320	e48067c06c6ee6c04b7055445407df65eb4537e8b681dfaac9b776b7bdb0bfa5
hprc4_L100_2321	155db4516abe6b5898a214bd853953e630eeebfd4a72e77db95f44d2ed36fd8b
hprc4_L100_2322	e0b53956eb803aec3a45749f6aafdca596e73295c656f18ce7925dc8d457b863
hprc4_L100_2323	e8c7e7eeb35b2bb93b158cd9639cd90c9ec6459dfe545f9550f45f5ca9317f7f
hprc4_L100_2324	da594a598fdddd10c0ad1410f000952ab447213c594c437ca71b0be7e7448e71
hprc4_L100_2325	d9d5419d0a5c00b4c7780f9b5a9747830e49191223c7797e14cdf5343e90831d
hprc4_L100_2326	b04c275037276ffce8068f07307b37b9f1da98870cd75bfeeee8153623959ca2
hprc4_L100_2327	1190256ef48a45a7c3dd505baf800e1a0679f2eb0071d7e39cd53a43c2fc9a10
hprc4_L100_2328	96db223cc8d86a4aabd48a0bbfcb9f077bc00baffe28332764a843be94a6800e
hprc4_L100_2329	5862448c7a36ec86fb2474deda5d7666db1747e8e6dbb1279d6fdb3b3e99526d
hprc4_L100_2330	a246cf2e077177e2d99b0d7750307525c5f228105274de8ddc38c36fd6ed5cd7
hprc4_L100_2331	53daa3d34dde5741d167aaba04de0e464bc800649c7b5d4ad9552a5aaf42db84
hprc4_L100_2332	423ae7a2e3bd42f58a60deed3afe8f3394ca16b83d20ff3a7ad57b64c4873bd6
hprc4_L100_2333	c2ab0e5bc7764b9be1e3351369252eed0c5cf6642ea4c6acda7e72e6b5e7292a
hprc4_L100_2334	4a143b55fbc6b87bb7e9e78c0f8b65588f3d5d86ef0afd5e02866f513cf2df07
hprc4_L100_2335	cbc3eb0eb06c9bf6ec927338adfa669e4feb2c440acbfde6d5f697daca28b9a0
hprc4_L100_2336	360a66883b400bc9c8bd652ab789649d0c3a340ef5f740173e2cd028831a25d0
hprc4_L100_2337	c44ac1ca235f5928ebd596f823707984998aaa5612a65f78cf47482e724916f6
hprc4_L100_2338	b62b9c271d9119074e55411d75a99e280bd5075c0202b6cc8b57f7b513b53bdb
hprc4_L100_2339	a850d5ba78cb70cac3bde1680904e87f0dc613b05b7f29dad258862707dafb09
hprc4_L100_2340	10e51284352d6d0c87c827675edfd7220ace415465ccf62bfb79ebc84f13bcd9
hprc4_L100_2341	01ac77b889632e19cb9033dfc1c6e82702f363698c39c2f2ae4bb0c3b96104f5
hprc4_L100_2342	9154df50e5538298dceb8669b8f111c92c81bc29e64316179e2483d44632ad18
hprc4_L100_2343	7f06e72f64fb5d32bf755f9bc0131ab6bb99b832e2577a571101a9a871bf83cc
hprc4_L100_2344	3efc1d0cb95e69d1adb439b0a7f6717b56bbc648c3f63c667279421e7ac93e6c
hprc4_L100_2345	f3484d7b0d5cae223f369bffda30164015fe733a7680a20d1aa379fd259a5896
hprc4_L100_2346	95fdcd75fe8ea844ffc0794f4d5d922f1b98d076a5ed6f0c056bd45b435d606b
hprc4_L100_2347	313d57436dd7e4d901384be138c4b883bbea611edab108e665e666e425f66c11
hprc4_L100_2348	6380dcc7da34dd2e73d8a91d4177b5df64fd8800e5a7b4e304b24b0d20fcaec3
hprc4_L100_2349	b1ad5763637df6325bd37424952e7d61d018438d690334066f7b264d9a1d2705
hprc4_L100_2350	895ba8041456c0b5f25ab0d1fc9d57f65c9d79fd6266640c87ef3ad3e996a1f1
hprc4_L100_2351	87a552fb57a6d2abf4572a2ca47e4dad0eecf8ae9de4c0745a01e1f3782a8685
hprc4_L100_2352	239311999b98a4cd26a095fa8e2137abdb926da20f676a54cda40dd2c647c98e
hprc4_L100_2353	6efed991f1633e0e3bcd4a6bad698f75d109f8724d9f578a6a50a2214acbc937
hprc4_L100_2354	ac74b64ffd3834a5408a588382cb0ee7d40b1007704dde345619c0ef48ec4575
hprc4_L100_2355	f3ebcd12f694df7fe260924068eee1741ead6750168420038020e70af5497c78
hprc4_L100_2356	864739491ac3d2819cfa9a1c5cd6b64356bf86ddc27e7f3fae73032a36f9d785
hprc4_L100_2357	70626e9a073cd8f8d8d9718be9f7e8dff65515d346230480c710cbf52c06c81e
hprc4_L100_2358	2cbc6c9837f4c563acc484b2bc1794674c56b4d4ac40eb352cb6bdc8af8bbcbf
hprc4_L100_2359	1c31906c8405ac4fdb2ef4daa2c794c6049ace63ffe02be627475508e7c7667a
hprc4_L100_2360	779245d162f6ba94e9b68d3a4d3387f3287a72ade160a9365fbef42cb3d17b30
hprc4_L100_2361	740b82539c1228c7b8e5e82c5986ca4f071133a00b2ee455cad08f3e6f8fa595
hprc4_L100_2362	a8dac4d358407a7881c1ad1a2a02ffbf349d7dcd88ae3ace4cf49116e070537f
hprc4_L100_2363	369a3e664566390eefc97f25a0d594f831f9dc0cd2fafb040f1664b7e8854249
hprc4_L100_2364	65e05e067ed9d85a64e016528b510ed10d8d352c74551b084e8773d330ee35e7
hprc4_L100_2365	830073dd8282e6ff9d87048cecc0f958e4bd4367c47a47d837f11147280eba00
hprc4_L100_2366	4a6de7e2fa7e1ab8053c4632cef5818d30f02bd266bee28c3915935bc2204a9b
hprc4_L100_2367	0cc1d7892c7d7857f4053beae1336b86f395df3a57621e24bd84a9dfe1798928
hprc4_L100_2368	9263203d4e8286f15a236df098d2be43009a8dc3e4e92223901eb09e6a4f714e
hprc4_L100_2369	696a70cd2c661000cd9918bc0a79492e00dc670ff8cf3c78cd8706ab47e702f0
hprc4_L100_2370	129dcf5d0daacdd76c99c627709e562883323f3b7acf444dd2cd9e52b94a67fe
hprc4_L100_2371	4ab10be8a49ae6ba6d21ba29a2ffbaf30dc17082ae31d5c0992f32c52053a988
hprc4_L100_2372	decbd040a4c77b984228debe26f0b7731ab68d059d3915f2d33738daca2057e2
hprc4_L100_2373	98105c406b85f5c6e96ab8d397f66c298f8d86e968fda6cb021ebb2b94204b99
hprc4_L100_2374	b28f9d7cde345bb9cd10d1a70ab1c062a47236fa120231842f39b664cb0df3ff
hprc4_L100_2375	6a581d07d9c5df5ae752729a46905d9fa30fefde46161ca2eaf43a503d6f610f
hprc4_L100_2376	b18e4f897a59ab6e1b94cae053a32bec7b0505c828ee0480adacd9e9e44caa92
hprc4_L100_2377	66072c9a9bdf05a6b38eaac9208d691364b9ebcac936b460c6ea20b7a4638cac
hprc4_L100_2378	6f0190bbb62ad2eadf126add75374aa618f5c739e988f08744fcc66e149c8ee9
hprc4_L100_2379	610948c4a713f8bafc45f18484aae5bccfdcf790c7857c98c16c9289b06040ab
hprc4_L100_2380	e9035f9c067ede1b64cab79412e7d650504add37292c34f0231dd9977246688c
hprc4_L100_2381	defc1585245a2ae79e26e2c5b675d9b783ed835a531b9444bbf6ad627e8514fd
hprc4_L100_2382	93f92bd913981b003ea38229397ee13d4e20e0d885ee0e0b0e95955f12360aba
hprc4_L100_2383	908092cc9e9804c8b90178dd7b8cf3092e5537d7bfc480a4b41aa79cd00e744d
hprc4_L100_2384	955461c4487e0f97a03ad3f5061be3928e0514dec1df2fe61a717b4b7d686789
hprc4_L100_2385	5dd6b912373a47572a42958cf3094fba60aba8b5b8f918fa56e26a0d2daeeafa
hprc4_L100_2386	14ce286a6f65297c5f215a61fea4a46a7899c98fbdff89c9480d50382a12fb7a
hprc4_L100_2387	1c410ab93a018845a7e1430db9f157c3ec7296e51064c8c2b54b4729181aed32
hprc4_L100_2388	5749b2fce8bcc16f919a6e887be311e8f37c9dcc988e80db51963010cd426034
hprc4_L100_2389	5d69ec58427de5d41c26870f5943b0b9b891b6c3a1d238bd3b24a5dad57e1892
hprc4_L100_2390	fc1891fcbffb8b0d2fbfcc0a079e3c11569ea4b25965ba33b35aab61a70bcd05
hprc4_L100_2391	a7026591b4ce0a39f4a79b474d4cc6b173ec91ef38a56a852f19235b68e8897b
hprc4_L100_2392	e86d4dd6323cc8719431a50da12dad4fdff77ba05d5862d0f62cc00e48e6cd0d
hprc4_L100_2393	bf12a94690f401f0cc00f3e37e550e4ca764e682d73844b21a427cbf87224bb9
hprc4_L100_2394	891c12f12809ff4d93fabbe7bbce6b81b92bcb2845997e33b7e47666442fe0eb
hprc4_L100_2395	0f7ac38ff90091eb6a5942d594ce9d45b65933e02e3bdfdec7cedfe14e03f0c0
hprc4_L100_2396	3db7c954f8e691df459fab37de44a6850843d9e30a6f9ccc52e7027c20f70d02
hprc4_L100_2397	3cd073d1f48aa4e38c1492f55f164e91c22afa95a50d47397bf9e7787ce011cb
hprc4_L100_2398	8a759f4d4a298220f189c3e139925456281ebf6db433287ec4a3c45b6180d834
hprc4_L100_2399	ddc2970b37cd23c56d88c0390273b06003253bf0bcaca90b88fdc0db2528d9b6
hprc4_L100_2400	0900914d8391ca757f73cac1f5218a91528dec3a31e8f1643321b8aea5099887
hprc4_L100_2401	5fc6b3edff69f95a784a08a4782b0a54a3524c12cd3f5f1a6bc2d512ef017b90
hprc4_L100_2402	194529e8cd6cc2ffe590a697fe54500c35a56b730e2354d6819a60e0e931ecda
hprc4_L100_2403	a1b3591aec1a7f805d5803d2d586e05d1ff0502b01586d5fb38e8a6bce207c53
hprc4_L100_2404	8f54647c8420944351fe11168f562ceea8d15406ad15ef33358d557aa13c5a92
hprc4_L100_2405	825e3c6ae2d0dbc7b156f4f6de80cc1e75d1db36d6cdca41fa46c017a7c1ebb5
hprc4_L100_2406	59a02a87b5a86ba39c60ad1abafa3ce4052d15bfec27f704e0ae35aa3339070c
hprc4_L100_2407	4f4fd8843b8c3d6c7d5425b5c9fc9cfb54cca2893f941f94d61068fddab87105
hprc4_L100_2408	7321c5343daa7e2484e5c02cb8e1e54d8b6dbfe26b4323519d5b96a77373a7d6
hprc4_L100_2409	5de308da188a8d38293e25c8d544b3b6556239c5b1de4ca0c122f000fe804add
hprc4_L100_2410	04878c3090fe77f23f2a774c63e7e51499bb3cdf090c6086fc73493e0f0a2464
hprc4_L100_2411	1549cea7342b79c181ef8e85407424d85a4342ea274c2617cea5e161f1d91999
hprc4_L100_2412	e9e8f82c540cb2dee0cfb8c578f2d2fdf00ea8ae5fd679e508e7c0ddde081c59
hprc4_L100_2413	a11acbe886295e9c50175689a317f9866c159e4cdfbba450345654d1d4118994
hprc4_L100_2414	574d23eef31872895522fef6616bdd65958b06387d245fd2f3508c5841267b77
hprc4_L100_2415	1aaf01c68861e9598ebb8c6442d35be2b7681acd6a6b79ec5256114a59443c3a
hprc4_L100_2416	6bd8b7bcac48ddc647a7518ce92d2fd12f65557c54d2dfbb02d9fd19463d5656
hprc4_L100_2417	759b6abde5dd06b407797ce680793900caf05b5c1e269504890813650f9dfffe
hprc4_L100_2418	428a959eb946f0b0d3387736bc9080fe42651f6212429a53af97c176bc622f5e
hprc4_L100_2419	eef4c66ffbfcb9229079f96e2481cf652468a1aca85c9ff4d957b90676fbbf55
hprc4_L100_2420	bb1454031ef37f11955fb960b6a615a6de8c4238596e2d259c0844061d550fe4
hprc4_L100_2421	7c562fa2c5221b075b0f9fc0a0eb89745a0d713c3f928d982908d06fa6065a4f
hprc4_L100_2422	8489688a661f51dcada497c9006c82778f72c988034981f9d120b18a116675eb
hprc4_L100_2423	d1510ba0676002f9c0be89e362484938f4431ca11b442e9f991208ef633263fb
hprc4_L100_2424	939b60d0d2d9f044168c885ba3f7f3a5b10d53539a5d697fc075e8d0a0fbfc0c
hprc4_L100_2425	9e7ed7a7ee8d5c49086467eb64e64f958c4a23120fa1fde7ed905aa6d7d2f02b
hprc4_L100_2426	5b0936196f0032cfbb076e382647bcac50df75c0cd49fb3d114e006551e674d7
hprc4_L100_2427	b1c4e63ca891936dd88f15e54d60b5f3507815920c8e82164e30f8f415ef9a70
hprc4_L100_2428	48ac85e6e307088573d82feb408af07e396d1da13cb2ee3c454715586ca46068
hprc4_L100_2429	1e6d1c2b7100288d90bd8f518213d42e427037593fc491dcc6a78163e582e60d
hprc4_L100_2430	4fc16326ef75e716c8da61927b2b3ae7735abfe73d6239f7a9fe58a652b0a305
hprc4_L100_2431	c6c2ed5f6550136f07bcfe34f8690fa9b005fba24cc3dff3c5b0470a941458fe
hprc4_L100_2432	0de63a3f0a0713ed3351285a7ac448332491234d16ce10ab282d8e231059d8c8
hprc4_L100_2433	e76721adbbf951c439c38b64152194abd3caf4cb4b4769bdedd22a54bd75bbba
hprc4_L100_2434	14819e546d3f7b22fdc3949a962bc1289a05fb41f552acae9ceaa903f09b8d0b
hprc4_L100_2435	c2a7af803e37d4583b8ea63fb64ec9dd7c1f5defd7b3521b20bded91ea19322e
hprc4_L100_2436	1d6552384c8acb7423285585852f7c820361a405958d2588bd63e10039c52faf
hprc4_L100_2437	8a6d3b2cb3e993e7149c5d6b9dfa024da58cb08096e69e650e56108f8adf23f9
hprc4_L100_2438	54c597413b91e2a7293a1ad99e1619484586951cd0289d8c9faac82fa1f042a1
hprc4_L100_2439	f8dd4c1d0fb2a5b8de477a15d608e35b44ff13eddb62bf00394d6df61c8faf98
hprc4_L100_2440	b8e48945b0b04ff65b4d5a4bb615195558fdc48d4228a5f0a949a41a06ac1e8b
hprc4_L100_2441	2709d76d4a1ac81f2b4193647d6b008040fbf7fee25fb7760c65c507a794a332
hprc4_L100_2442	d5b3f90163689698b10a957cdda08913f953fe8dbe174a31b0f21ac036f8a030
hprc4_L100_2443	9f7d7280988d8cd41ec1bbfac0b15adca3bb6e9533345dc9d7a225f91bae8178
hprc4_L100_2444	3533b416d3bac9ed445549e47ae24d0adc15c4d89e4db342f54770ea30e9868f
hprc4_L100_2445	1c20dfe5d02dfddc247f40ebd67c3cb3e358745648c784c8d6550b6e205bff64
hprc4_L100_2446	518d2508a0c08524f9b829f9f3ffafd8b4d8e6c6ec6a888089122a831239d278
hprc4_L100_2447	72650e989fda558d2ecf0718fd4fbdbb53ce1e0c07ea1e9c4c928fb99dd12106
hprc4_L100_2448	38504b573a3ec3fff7442d32c1ec97ca37b6d87a504c0fc08e2e0b9e7d74180b
hprc4_L100_2449	94c8d1f09f12aa45a50acd8809873ad7270273530d9a13fad456d5428e1ba3fb
hprc4_L100_2450	b78270547b6098aa30cc5e13472560aa812b8161abb9a6de551a15653a16f5ea
hprc4_L100_2451	2fc3625e7da52058b5166af74f0e5c2f928c985a1b26714924ab51b56dd13c45
hprc4_L100_2452	759ae85093b6fc7ef11b80bd7dfd7cbc15894f596ffd6985c5f79ab8294c0fa3
hprc4_L100_2453	0bb1f69e7a2a8acaf9783968b1b69796debeef7dbb8b2bf54d03000f78f88325
hprc4_L100_2454	894cdbefbaba24cc94f171165fe7838b805ac61507bd187e4f6717088f7b9c14
hprc4_L100_2455	c6460cfcc40af61717c32f2a3df20b872aad2fb3c21a059e413714c7dd73b2de
hprc4_L100_2456	50ac349629a8889a6e1ea7ff6af05138ca783813766494a56370a90806ecdbe2
hprc4_L100_2457	471a76964e601b597d2fc305dee3ee3f819cbf99d7e8d54b8f5206d396e4259e
hprc4_L100_2458	5d4785353d13b5da74e3ad673bd5e800ed5dcae7f7108b1201566474026e98d3
hprc4_L100_2459	705e6a763401e93856001163f16e0fdab303fa970905c9f601288ffd1cb3a7cf
hprc4_L100_2460	52bdeca18f43f39de8ce3175f4f9155108f8bd8c9ca91d1f461efde26d1e0eb5
hprc4_L100_2461	b6603b857a92ea7484d6a016824601584eed5059a3c4776a7a82316054d1de5c
hprc4_L100_2462	e5ab980e56f4055a4f6dfa0b5138d3e4a5fedbbdc2c60df6f89d5c04a27fd375
hprc4_L100_2463	555f3b99decaa603e2fc71bf4c7d9157c564a7958a800b418ac1ea71d03fb85c
hprc4_L100_2464	656d18b382831908f6023aaf208b020b97778f8cf29d53fbb38c0b641dec67fd
hprc4_L100_2465	6446ae132415b7387f014a8ea65bf8aa27002225dcad43cf411649559b1090f5
hprc4_L100_2466	c9be52037cdcb25bd5a431e4fbf41bcdef47611c9e3ad09e101b2130f5e2e697
hprc4_L100_2467	65aa60b9b66ee1e1468b4cec039d4daf8ceca96b915fb7e3e9134aedff0543b0
hprc4_L100_2468	4e2073949dbfd85e363499d2a7c30053cd91e27c91be9d5e8455d2f4dd082286
hprc4_L100_2469	33548efe9a49db6b74da1d86d7b40a48ad595fc5cb1755eeac50e19911031a15
hprc4_L100_2470	cad2287ac0bddcd8656bf576e5a9578d07963edd6474884d4161c3e80b390c14
hprc4_L100_2471	3dc42d37919af9c393fb9686754b6c51f37929fb0f2e1be30aebef90cec7cb8a
hprc4_L100_2472	dd609b8f136d9199e23eea698c2c5551e41af2de84219000aa8261b7d12cc42d
hprc4_L100_2473	75b31e003f3fb08f27c32e1d19d466b7b7a4440c95206e639b3ec671a66bdff4
hprc4_L100_2474	1463f54efbb07a8c06f858d810e966b5a5aa9fdf01c063e5b42894dbc9601765
hprc4_L100_2475	48c764265a223b96b9c9db04b0fad7d0fc9d6192d007065607a712ee6e3285f9
hprc4_L100_2476	32677e01350c76e4192d6351348b3c97b51a7fdb527dbc81441b10e539c85f6c
hprc4_L100_2477	3e207f25ef5f1b577dacfd51b7b072a08cb5d18d936854556291a70f4edf29ff
hprc4_L100_2478	b7d16b03c3437fa2bbef4c85a3a43f17e5e4342597a6e0bac17c5fa12460c9b4
hprc4_L100_2479	9dad29e1e1d98f90d0f77e95a903d82c08f79cd9864c53d9d4d97ed3ea936823
hprc4_L100_2480	ccdea02e8d9cd81caf4a5c4437630c6785febe1f64486f154d935d4f253a9039
hprc4_L100_2481	b640f0a9e65bdffe7db20422d2483144f7ca711f25c30b86ca7940a93368cb14
hprc4_L100_2482	d18be89ac35643746af6129d5de493550114b898ae465eb803583f7749e7dc77
hprc4_L100_2483	8cb3ea3ea96846a5c1a25987aa95dd7553d66273ebf48cdc3e2a7963c39558cb
hprc4_L100_2484	ed8bf2a4bdac11308c1fbc60a6972906fffd51e33eed4df74a018230ef724b15
hprc4_L100_2485	daad66a8512a308b5886b4a17680f25c322e8bb01ab78548ff4ad65cd2696941
hprc4_L100_2486	1a26d1b9a8069218f9a32c09db6a96ce6b61aaab6bc4ba94465cf03955ceb2c1
hprc4_L100_2487	76b526cdb2606ecd3e917c95be0699f7e27a073c2fe0b55bfa389905fbb6ac4f
hprc4_L100_2488	aaf72bfacfb9443d6cc13f76920d99b1a187f3dc0a54a1cd52e8e05dfc6e0bed
hprc4_L100_2489	e0e7a067a7f71646837289d0a210e93ae001ff2c7f0c12c8b3ccbee6b2c94eb1
hprc4_L100_2490	733370da06b9293ed578ce28aa4feb5ace320ba7cbcfc1d8ae1212146fd54819
hprc4_L100_2491	aac091ee50ff6c2d808af903ad9b96f702a151a225066144486d56003b5ccf98
hprc4_L100_2492	ab0c0a454718466df06e70542a53d871557d40a55ba75573a2a920ea22fa05d9
hprc4_L100_2493	030e54c2cd5aef4d11f500c08de41b3ccd2d2480d703ab63c8d66af41075b2c1
hprc4_L100_2494	e8e4ec4677aab399fe112d5851c94734a8740ed274a5fc5528d20d5b0d910bd9
hprc4_L100_2495	f3d24986db97d17a99b0a63a8b1d8086284fdb3f69223974b0c94373104f0841
hprc4_L100_2496	4e8dbdfeaceb2e94787c8412525bbec4ff0d6702f09aba440bfc063d1324ec38
hprc4_L100_2497	e79d07b056d1bd418fefe49b86684613bd18671748dea32236230a858029dfa6
hprc4_L100_2498	bf7ee717954d059128ee63d6220a34245afef830ced8a2a3a41263a61b2492b4
hprc4_L100_2499	18ebd8a791fd86c4d903f2dfa308c8af01768405bafb7add6bc32c6944c6e4f5
hprc4_L100_2500	0669ba39229d8e34799195a67aa29852067870d788aa6d2f1fc1659325ccdd56
hprc4_L100_2501	b153d8dc082f1c1e1f6bd418196627c4400ca9c30ce7daed467e0ccf3c6de164
hprc4_L100_2502	77e207c5d22b61a80330c4c051a4f9e728a23bae40792da82df3a3c94cf400cd
hprc4_L100_2503	e56447c88cef31d76d35551b461df0ade7bc97b5bacb2933af7f868f99be5c39
hprc4_L100_2504	26bfa0347db3c78839ca003e414807c6558a242b33a8f40048f60fd49faa8e5a
hprc4_L100_2505	599c2ec83d257b95aa618ff1376d52155c193860308d1603b7214387677a7f05
hprc4_L100_2506	67c1bf8217079d63017620060872153c5a51dffd42e722170fece1c74ea56968
hprc4_L100_2507	80535fd1f20bb08334ac50dad9aca66fae1072a08f47c7ecf2c43490eebbba92
hprc4_L100_2508	fb8e5125489a325844b20dcebfd661fd304ae9441a57d371f198aa700fd9db69
hprc4_L100_2509	41ad559fd0bd5cac1478c6101b868eb96b8c4ab038ec0918715decffafd8159a
hprc4_L100_2510	4388fbf1db4ed523cf5404ef62207e60d331ae7bddd2f3ec33be2077fd56ddaf
hprc4_L100_2511	99e1fdc8a1f14af9075613ce00cde93f150b1abf9a0b03a378029a089f24aca2
hprc4_L100_2512	e94869b39421bf2a4c79a852ea61c2dfdd37d0a51f4ac019287842e9e6024ec1
hprc4_L100_2513	a844f5d767acc849b64c6224a486e37281c66e63cf931628480766d3f430b947
hprc4_L100_2514	7fe90a4c2655309891f692cb494273f2867e531d0cc1d7f3e1d2f8636f9caf89
hprc4_L100_2515	be627498990a3614e96299a2123c4944453fbc64aabf4726887d774364ad6355
hprc4_L100_2516	708a8881e6cbbd383efb95e77d67b2f03ba96f62f139b7659d70d62f6e7b10be
hprc4_L100_2517	24946ef8e9002a541cb6c3a83bba19fc9b4a1d63d67b7824ddf2842239cd25de
hprc4_L100_2518	a76e2efda1e628f4250b650e091611a0f3c6086a2c07c40daa9ea355de7cc539
hprc4_L100_2519	b386f16903bbc5a24160b74a4c393586ca14af687d568b5c52ba064b97bdad10
hprc4_L100_2520	617c971b8b5738c0d080c74f7d02a63f69081de97ceb762d9d542eced388a397
hprc4_L100_2521	7c3cc0fbc6562a4123a5ff7a169fc0815fa12626c6fb5b6efbcf64c8188e01c4
hprc4_L100_2522	18b32f414a9c9c53564dd4c0364887d2b385eceb709f7a796d595e4c502e7c48
hprc4_L100_2523	8c0d29819e8cb5ce0ef32f6046fdf0b418893fd98a1b6e3b5499af7254a360f1
hprc4_L100_2524	3162ecae51997bce72116f2323c95ba4472ce849b609f18f6e3ab5b09e4764ae
hprc4_L100_2525	0c9d79c26ffeabc72683bc3e3a911dda5a0e335385095cc4dbaef9686c3a596e
hprc4_L100_2526	f4dd7e5b5204e95a3bd30ab4ee16596e56e2a44abeb60ef5b91272049deeb6fd
hprc4_L100_2527	037de2a0bb1656a21dd13cd79926194014d3932741314a77018c5f0094dac22f
hprc4_L100_2528	d2a75ab2f8b6a4f6d7c167eb1d7f3d4f698fc29347f0e5b5b4a14be2789de3e7
hprc4_L100_2529	b90497911929ce39dbb2a54868fafd1e5fba0ffb6123568714385d8bcd7f9774
hprc4_L100_2530	670253461bba27a2f2d0f27ca1eabb1c4f1183309966728afbbbaab0f52f5e5b
hprc4_L100_2531	544d38912cf1e72f25abf2e8290aa631643f2796ed3a73553d3280ce0c84ddb0
hprc4_L100_2532	751742980e94c907b664a143f7e2f41d8439fbaf014eba59a498f8ef49e03bf9
hprc4_L100_2533	3087a74e7002bdce31b5e5f0b535f92ddeefa000aaa28d0477ae8e666e7bf348
hprc4_L100_2534	d2405656b1fcf14c52c29de1f2b3ebce4060a4dabee64fe2df4ad0c8a100cbb6
hprc4_L100_2535	af6be6f9a7f0e15d125d74e20e87ed77161b99248c20520719688a1579fff0a6
hprc4_L100_2536	eaffcd5c085c7f19e0c5152911645dea78060a3bd09db2286804e1d1032f2f5a
hprc4_L100_2537	8561fcb5e84e394203920485b8b023375ebd95293fa0d64c4db722f6ef1b00ce
hprc4_L100_2538	710002b8be5fadd49b9fdb02956d11e771ce0fdc0e1a3b7a7f4e23ffe0586474
hprc4_L100_2539	188a265136a05da26585b6ca92c6cacf25da9ab348e292345ed2f44d06ceddcb
hprc4_L100_2540	ebb749095edcf5359d05178e70b7cc150417e399f23d981c8ea3228490281cd7
hprc4_L100_2541	8bc14a145025eca0b2cc7e6c4634d74597ead94af58647a7a7483a864e8260bc
hprc4_L100_2542	5d02000e165fb4d1517f32b336cdf18defb85cee44ffe8bb710ddcae2c279bc2
hprc4_L100_2543	12da5876c4257393b076d08ac3025951812e00f8fc16075b00532223ca6ec652
hprc4_L100_2544	ada758ea49f8d71e957956b04a3b81f7a734b3329f4cabb4b9478634be7121cb
hprc4_L100_2545	fe212cd8029798c21839094dcfcb69c7e1f5c427ef25ef55b1b7c04a6e07d850
hprc4_L100_2546	35c40fbe9b7471497caef95bca67350c0e7986ea5947773344c54480903e7a37
hprc4_L100_2547	441ac0b2ea858aab693d0cf635facff06876a19657964e996034c5f00c9707a9
hprc4_L100_2548	e5c45658f8e17b58b7708fc28736390419fdd883829769bcb25836ca3d87ebf8
hprc4_L100_2549	7348c598463e283fef4138854cafcedf0a485fb2c702a695e0625c9ece72066d
hprc4_L100_2550	8d02a50fe25bbda1f1bcd6419e9ed9a009aa382009697935091d23cbdcfa3ee3
hprc4_L100_2551	9657886699a8419e4808c74fc3c2f65da13307fab4d9cdb75dc0e6c56f2165b5
hprc4_L100_2552	01a5b497c3a3a72c3f13f367e47a98c5a4cfc8fb99169b8ff2d896d5bc74dfac
hprc4_L100_2553	46c357ba1dcaee94715643e5798044e7afb4b5cd4cf3aa5f9682dbb85f3e769a
hprc4_L100_2554	43d20b6f26f83045dd769a12b510b7f7d3bf0c2a2898f982d9770eb5654277ba
hprc4_L100_2555	adda322d8004f1281f37ea9f403db6cb126b0e038e7f9116353cc560af5491a5
hprc4_L100_2556	2166089115ba1eb9e091d8e9dc6e1f1488324c10d9762378fe833d1ce1a5aa3d
hprc4_L100_2557	2ed1331df966f365f53e9eab830f868530f007d163c66e3403eadbdfc9e79f0e
hprc4_L100_2558	475bfa5e7233337f9d4a84ae7b2d67d1389dd9c19a3e75e7685993aaa590bd8a
hprc4_L100_2559	c184c182af23f3520422c98deabcbbcadd2fd6a8d39bc260d9f2c32b96d57527
hprc4_L100_2560	c9ea5507539823a13296ed4bf66098b12a4c3cba631a4d1a93d96197bca0d136
hprc4_L100_2561	d02aa019e897b91f7f3538a6ea2e05a91c4abe4e2f24668045da5befc11c4ac7
hprc4_L100_2562	c0686a2c7952835e047beb6a1cb061247b706841c6583d755d3cbf6b5187cce9
hprc4_L100_2563	45c33c847f23ce30bc8ce0b2bdcde1fe6fc0a878f6ef32f3f1a26b4624d65b9a
hprc4_L100_2564	a23d7f716f1507752884cc43fa9833dd7c95737667a48148a7f0d8c84307b8fa
hprc4_L100_2565	d6e51a20897b5d98ed2a77bef6a6188e209b6bd98806f0ee7757ab2a482bfde9
hprc4_L100_2566	c870f9d9d132e0f27a5e9ca17fa976d4960706d29ab5a3faf44a1827c130dade
hprc4_L100_2567	5d7ee91aec75242c2f7505238b826b3a6f28246f11afc4dc125b923bfe2fbbc5
hprc4_L100_2568	786c34ef582e7fa45a86d6473dfc59f619ec16e13ec6ecb8c0cade5816c0dcab
hprc4_L100_2569	d74825104e46055c3a9a3e2ea79c0cbfd3344528daaeb418685b0121f2385835
hprc4_L100_2570	8f4cb5967613e871c3fbf4311a4c5c28a38f619a18c529d98e827e5d2e9b9974
hprc4_L100_2571	6831fe616041812a8065c8a83f040256cfd5420296c481376588efd8682a97fe
hprc4_L100_2572	b86a50e0413a51a998b7f9041393cd209ef3854dc63a48db3cc446e3bd3b34ed
hprc4_L100_2573	41b6225f7b708d33feabbbdf235a744326df99e36f74dd3d4f29cd2435fca746
hprc4_L100_2574	3d3c2879852fdd396e653b9bdeac0f0e618dbb4c06a20bdfc1b302dac3cddd16
hprc4_L100_2575	ca7f3f052217a52ddba28a86fe134d95778483be4705ea9474ff35a11b48c7d9
hprc4_L100_2576	fd36aede2598c356bbbce17876577d82e24531d52c25ecbaf8c4b76217f0bfe4
hprc4_L100_2577	a367567caeacc40151a1e5aeef4c7640a6f13ab07e4be23101adf9db41b8277b
hprc4_L100_2578	8086e87880062523c8727dfe317c6bfb5da8ba79a20afdaa6011bea0d0f09f69
hprc4_L100_2579	df7e001fb6c416b6af0d838521cfdde3cda5de8687367044e80b1bc59b43af0f
hprc4_L100_2580	9bd22f48108861db6f6ad5e5680e571172a02c8547128641782dfcece96e2d39
hprc4_L100_2581	22a413beb7fb7fc82f3a524811bd6189fc829ea2b4a4ad0bedbf62d7ce304e57
hprc4_L100_2582	eadd90fef16fdda7043a63a5e6b779a9c24aa2e7f046c2770d17b1f36b676896
hprc4_L100_2583	5b93bde563c1acddd63fe9a13845b253b330fe20ca38dcd2ef914def649067a1
hprc4_L100_2584	6838dcaee049b544e219e8becf9a84e22577890e9421249bdc060d3576ca5c9a
hprc4_L100_2585	20179390664eb2713e5567566bb4592356ee4c984cb82fe9487f48065ce220e5
hprc4_L100_2586	e462164da3475db168a643782fba98e42712eb61d2eaf798e43d9eddac0be877
hprc4_L100_2587	cbdc358184cdc48e40ffad8be421b0f497b8738d612affca764f8b5108b291c1
hprc4_L100_2588	9deeb1d41d84272379861a05a8a59ea0493736362d303af8094223fa4a0caacc
hprc4_L100_2589	ca0ff97d240a72be8a081630e6c6d72fa435991bac5a99b7871a7de5717e56b1
hprc4_L100_2590	28704a730df87f41786094e0813ad362b2138254ff67717bfcc0e6b29731e0d4
hprc4_L100_2591	e2454aeb38941158f1bf6c5e0dd7149e98fd42b98bb6842c85a3048ab7a9fedf
hprc4_L100_2592	ce982c4f98f397b1cbc1652f10f6c7efae0cbd79e45cb2fd5e5cdfc8e73ec067
hprc4_L100_2593	04250efa0e3fbe1464c967c951fa5d3d9c283dcb4f88d83ca64d95d978bbd63e
hprc4_L100_2594	6841ce3b79f77280f023c6d994c5ca28ed5a97a7c3266483b652c7311a49da9c
hprc4_L100_2595	1dcaf7b5c1ead9f128625e430a5b187da0fffe3fc039fac1739772e1dede650e
hprc4_L100_2596	226c9827d1cff9c5521db29822c86b4447367d89dc60b65edb97e91331d1a7ba
hprc4_L100_2597	4ca632cf8e2c17875ec14fc1f1186e018a553a9c53b64e1381afc23b448a7243
hprc4_L100_2598	93e881c4006ace46b5c566c5fc298c4da75500020d0146ffcfbac352ff7cf894
hprc4_L100_2599	563c0492cd0cffe3a6569746265e07f1bdb48cd4c4579b6859764140fc5d91e8
hprc4_L100_2600	865bbb3e14fea001e0675ed69ef9b1e3a2e37cd7965c96fce2101c564ff56f8b
hprc4_L100_2601	d6480bde582052c120712b4f56bca09994b15262d1f46280eac0df74f6ab1c17
hprc4_L100_2602	899238236c2c153f1a1fa1cce298decdb6c66674699ed0eead19e401eb8ab8db
hprc4_L100_2603	d5c47e02c1b19a9f44ec461f4a5b49af07eab76aa903af1006209f2c51a65e0c
hprc4_L100_2604	2c09f6f42e9896c4733ff193bd3608740d1a4e49435c2ad58613f8da491d4e11
hprc4_L100_2605	504ab8920d1e18cd926f15967603897e4393f0b7bfe3c022ebaf777e534d32ab
hprc4_L100_2606	819364ce9734fef2903fbd9b11ba367e4ec62d8aad069555bc1530026ba30f88
hprc4_L100_2607	85e182052875845e26644d8fb8dd13c9cf7c2dc930309029cfc0662d5f4735b7
hprc4_L100_2608	3806f28f61fdf2992991d0214d232b37385d3088a85b249e5e4644a5a623a620
hprc4_L100_2609	d8bef156f1d347ee67e7177c76ed8e3827fac3609f4a30dd2c370a47543fa810
hprc4_L100_2610	2ae4d43cc2b9f49813e3ee0a98b55a3f861abc737f131a9ebcd685b72424983c
hprc4_L100_2611	9c6a6c24161c80004ddc0b4027e0656ac75c64d010c43376516ab50c2ae0304a
hprc4_L100_2612	af8672857ccf23bebbb7b80d37e94130592e3210e2cf7c2cce5da6ce274baed9
hprc4_L100_2613	b5a742793b77c3ed0a0a723ecba52e9bbf03b55ac5a72540e4ce7e61e81b418f
hprc4_L100_2614	ce7cd93f49c00675315f774f7173334a2b082f68b12774f96b524c7b0078b631
hprc4_L100_2615	fc99bc78b9491ed10a2e233415a452e8891244d541369ab693b83fec639b2313
hprc4_L100_2616	662976909a4779dd036b59d08ebd3c1259fd488a8070de27c1ff08bcdeade38d
hprc4_L100_2617	72ed2571f590254fd9df10954fa2dc26f9639cf28ab2f4b69ab311eec87df68a
hprc4_L100_2618	35d468f81c74c88fbbacde53e730418ba6ee12c1780be242b805a14617c9d8e7
hprc4_L100_2619	1c1cf5a64db9a2c610bf4cb9650ad6b147686c928901a08693347caa4e9d49f4
hprc4_L100_2620	07911b0166dda01e0f62a822d526a874b4e88f884fc381aea42f2475e4616049
hprc4_L100_2621	bcc28378fa5d5915dc1b6d675f5d0b0b969694bf3e9ce30879b169efc5b68e55
hprc4_L100_2622	80f2d6f8ebd1167854fe40edc454c0c9702fec86e6c94d68f979370cf375d77c
hprc4_L100_2623	85b5b483c8d558fc64ee8243afc96bfcb7120741d96f25661c641474a3c2f151
hprc4_L100_2624	df63800f57e278553e3f261e20b53b2f77293c0aa21b4285ee9934194d6eb65d
hprc4_L100_2625	ae09fea73f8e3da3c35c08b33c9d2f145fbbed464e98cfb7258fc2807a22454d
hprc4_L100_2626	e9022331fcb036e16a80a56be52a43680228a3921a00157b9d53f038d4b18ba8
hprc4_L100_2627	e2d130669078ceb56d7f2f9fcac431b5f811d8280a2ae3415be9849700ae5313
hprc4_L100_2628	29dc71b453df583e18bd328902413e3b545f4f995eed81f3296aa3f1977194c0
hprc4_L100_2629	47bfd3905a8e4622787f8419a7100d0450ff39e53c210f92c5c0474d14208da3
hprc4_L100_2630	f13387d71271709f537ae8f00296d7b62e6776dc75fec11a9c34577f8b36aa2d
hprc4_L100_2631	00df0867aea0e57a69973b140c20ba8677f3003cb86dbff91a2f5b9e78c7421f
hprc4_L100_2632	e4d82f7da335c9b32a97521c00ae9a5f68d40568090284bc8708991f609fef12
hprc4_L100_2633	26bd277e46995be3d958aaec0e64d34f8de264f3298af20693fe5f693ae54d0e
hprc4_L100_2634	be278500151b79be44240387430659a8e91613e5f3fe7812e5c6c2a051b0d2fd
hprc4_L100_2635	aa21a8ae581a57794f20d6deafefb757333f19c14561da60e2c6e70dd649a4e0
hprc4_L100_2636	8b84911067ea399269f93564063368795cd963a9b6afa9502f5b3ddd84e88cd7
hprc4_L100_2637	f5fe260811fa41495015a86c3b2bfab331e08243a4ef08a40a1c0308ede0ea53
hprc4_L100_2638	2304119b735439f6f54fa26d2085249eb61cea78b2732894dfe388b92529cf18
hprc4_L100_2639	98e9536c11f3ed21409d7a42212ec4c3fd0ca58035e2abfafa8c9fba082ccec1
hprc4_L100_2640	c58b2d1bb9540dbf52eadcd6faa0db999feba6a69eed5e9578a7c01e8bb7d18a
hprc4_L100_2641	f60eea22ab7598ddd2874de052badbac2dfbff1f4e936ef782f91307e751e82d
hprc4_L100_2642	3efbcead6ea9575eb161fb7a5e9f9afba7fd0617e8ab8cf7eefb7285d9b47b8c
hprc4_L100_2643	2949aec4d81a29e420aa51e0b7cbc1b27b8f34df0b5a82e43996ba820aef9911
hprc4_L100_2644	0dfae2fbad5da954b5e8604b0937e7c5ba372a672a619e8254087eb2a6aef809
hprc4_L100_2645	a86c5a4908d3e576be8dd66bf19c55cee462faae990ee9ec6076f34654d7df44
hprc4_L100_2646	ddb2064a1ac8dfcc75dc04cde247f815037d2ae1f041a5988674c10ead049531
hprc4_L100_2647	3c6c3890902eeb70614801f4d3d33a776a26b51700f17178ddcb92d738b1e067
hprc4_L100_2648	a6a5756f4acd8a814922a8af7a19eb7f0827dd07f7a02a20b1aa73bfaa9fa282
hprc4_L100_2649	165377bd5c026f8f12b5570c3a2a091b99f1a835fa9dae0c6e849bb372e37e3d
hprc4_L100_2650	abd14898f2c1c50f4c6c81e1512eca9be03651093caa3d7c2a6c5ce2c12f5a04
hprc4_L100_2651	335eada12bd1fe2eb78cd8ccd5928f57098a7d4f34d180c2732d8c896bfac3cc
hprc4_L100_2652	3d3c844d2766df73afa23a8ba5a86be2e23f9ca7cd53538a03551e585c246654
hprc4_L100_2653	b0772eaa80da111094d0ef502ed3b1fe938994a81106c0db99a46e47a805e1b0
hprc4_L100_2654	914ad2933fa9cf9a1bc8c75677597a7b8068ebc8b59dd2e04b5bd0b9abe36d79
hprc4_L100_2655	f3737757b09b6f339cb23e6c9450e5d69c8f35b0447e28a56e86753a9d469b87
hprc4_L100_2656	1be2ca84c073bdf1938148b6853c7a5d6f7883fc7ab9359e81eb4f49ed4ab326
hprc4_L100_2657	d479a32007ad93d79327e757ca5d4d4fa093f0ada220ce83d5c0c0257bc2ba9a
hprc4_L100_2658	7fe19f1544fabb8ab3ee494cab0068b2ebe66bbeaac85f9ff35b11e49ab1b2cc
hprc4_L100_2659	226037878edf1a84c4061775d81b85af417523aff28bf27d44c8b511f7034b39
hprc4_L100_2660	e79ca9bd430c43b010453be630565e8168da61107fc4ba905265c0810f771f55
hprc4_L100_2661	2cb85ba995d088a8a62118a01289164516a5badc9eb5bc83a3b4e1b0926dd9ca
hprc4_L100_2662	a5520848e11cdc780615e359584643647bf8fadcfe5e41c696101b0156c5739f
hprc4_L100_2663	1aa7a24627ddd2f950aa41d809406bd9ea88c5334cdea690a93cf9563c78d113
hprc4_L100_2664	b9443e25af49186adf4e35905e126bd10d94222a666772d5c8d30563d03253b6
hprc4_L100_2665	7a05974a1dc876f6389de6dc87e13f471ae515e04b8c8a1f6a08c093e64fd9e7
hprc4_L100_2666	6a79269f4601004372f3b79ae4979e4b940b37402864dc8342b06671c8730bf1
hprc4_L100_2667	644a49c4712e58ef8a7f33c8cde900ef814d4a81dd5443b94d267d744198bdcc
hprc4_L100_2668	3177fb5055774a3b7c30c0c36d38935aa276fa77cb9c7ec7cbf3148575fa6732
hprc4_L100_2669	25e6e5a6693b09c758782c23d3e320d4cb8ab7532afa458dca1f9538a1e425cb
hprc4_L100_2670	2530400cf1cc664409e2bf6b88822b615bbb63e8f6166173a969c9af3cceef35
hprc4_L100_2671	5b18f7357c8403f6dbab052a04770ce0e40856caee1f3d1d4829771783836ddc
hprc4_L100_2672	d290323141f0084899cba35ac6e12b168cab3937295bd7b9c3a64d6cb5e7275a
hprc4_L100_2673	a198da5dafe7eb842f791af4955e760b41974cb01686424556350e3d798f32bd
hprc4_L100_2674	a09f58a0fc061d8b75ea6aa1377582ecbc087418f5375901b1d960c1910618c4
hprc4_L100_2675	cb1860841087319ac148bfdda5ff4ad1f6782b5fd4c333a7f2c8d93b0a5e9627
hprc4_L100_2676	9cf02ba109b08cb54275b5b98ad271ee563900e268baf72e1037b84cc622931c
hprc4_L100_2677	07a503ea5c899375478c8936289918bca62a5b6170708ce2b4c3aeb15990ede3
hprc4_L100_2678	14c326b2d487becd6e07dc9c92d0f2cbce5de96bfac1c29c63d9f0f3d8ae8855
hprc4_L100_2679	9608106d934f0bd77ef844359b3de7ef1f24f9581e8d936e4dae05ee8547b164
hprc4_L100_2680	00f6f2432f498a9f0a6825b9d1407245a677e017925b9017c5873f06d1a4f9b3
hprc4_L100_2681	fe6745715e43aca1f9f58b1b072a37b8cc1de8da3d5fd3e7ddc5bfae17bea8bc
hprc4_L100_2682	bc6e8dcc5a0ded32d915969c8076eccf7bd3ae5abb7dfbdaa23bd8a234dd1f11
hprc4_L100_2683	89274d870184965a8487e75846be0e0c19bc5c4fe6bdb6abc58fb0887d588341
hprc4_L100_2684	84aad4079356e117a46d16e4d7820ec7a4649468509abf19bdd30927606bd7ac
hprc4_L100_2685	d85046611717cb1f05d141066df7df5860e9236a939b7033bf16ffe7f5f51170
hprc4_L100_2686	1fab67add9556850755a1beeae08c0ddf55f5c3ccdf6fcdf16daa9874eeacd4d
hprc4_L100_2687	48fdff46e513cdba1b0b9ca6674983ec32136e4711e1660fcbad8699ab1442a8
hprc4_L100_2688	90cc869f765e0e82a063ec393d7b4930d37b00d42f62b4494d2359ac49bf3eea
hprc4_L100_2689	2b20a6ada288ee18504a24a3d46ef18ce868767ca731d3729e5e7750ff2776c0
hprc4_L100_2690	054cf2f63142e5bc7424e3305f7e65e6342305d43baaf940a998cff9f00e54eb
hprc4_L100_2691	1cf5007c49d6fbf704200e429638f5e36987b0f17fdff2b86e84d03836bd36a7
hprc4_L100_2692	6bd231cf1d35fcc9644b05454de59d310fe8f83e08a34a8c68f3396a00b12232
hprc4_L100_2693	b9846012b86466ad7af648417d1f181db673d4a9d5ac7eef7ae6031b1fbc3c78
hprc4_L100_2694	ab01e3504ffcb3c40ce1e03e3183c030d3472a439ea77519998ff7ad6a92e021
hprc4_L100_2695	d83eef3cf3348bcb26b9ca5584d602a05c7b7ccedc2a511e44df094c005214e6
hprc4_L100_2696	b63c4c7a89e8df49078aa964a76edcb12f9fc0837b8d019ecfc7bd47440cd945
hprc4_L100_2697	dd1287769ddca6d4b11b3d2cc8bd5b978c76eef6103a90e4153a32f36e2edfc2
hprc4_L100_2698	f85c923ada45cff0702ffb736614064056e47181359ec39308243c2ff05949d9
hprc4_L100_2699	a303ee65d8cc5655d5b30cfd1fc9cd3b6f28e68b21e61be2d535426a0bb2b5ff
hprc4_L100_2700	8577615b4106081cb79d1ec754dd4c093312a48ea5dac826e8c4940bc6a37ab7
hprc4_L100_2701	fbe5909b929cd1947f36e1f27767a18c2de3dbf457a49ef7f1bb0d809bbf94bb
hprc4_L100_2702	675d57f766c3d80d54d96e44c04b545de7f5c4b7c1a4129d708e7581605c77a8
hprc4_L100_2703	8bc604f02a21125a49e808907538215694bc939bf6b7a51dd91531cdaf785343
hprc4_L100_2704	597b21fbcc56599d9d5b939487f44dd5b83204dffee612b57667660a4ef13294
hprc4_L100_2705	644db971d9443e7db12e4fe85771bba17fe4d1ffb6dc9c80a5358b44582e395a
hprc4_L100_2706	8ff8deeea156292610b345ffcec7b87185859930bb8fe06d93715a04060c1628
hprc4_L100_2707	bea3ef707522ffd6b7670ade9b2f30142167370c2762968770ef6699638fba84
hprc4_L100_2708	1c61a2f34468d1da9518fa56f3db7fd23abf9c7dc5b1d1ded418d50c6aeee089
hprc4_L100_2709	2d4e1f8e73af456a726a93fefe6667c6a001ab9ad10c8bdd4157f757896f61d7
hprc4_L100_2710	6248bdf48f1915458e8713e541bc757c3b159e5c84bc5f4b9ada410720217214
hprc4_L100_2711	bf206bc51fd7928d25bd35165ebe7b066d1f9e0bf8347a4639dd3139c834a699
hprc4_L100_2712	b9b8a845b1077398ea6c026071f345f7c1c08b38df66560268af5af74f467a6c
hprc4_L100_2713	b66428e006f0c18f5d9207354828c92fd70d68b20dba71aa5626423936a659d6
hprc4_L100_2714	6455efcb59924059b6603a9633a44e78e519e902875c85f84cae792de9df37dd
hprc4_L100_2715	2e77754dfebfaf5f51e91d4faf355f572e2d29c9911f689a73ab7f055ae29d7f
hprc4_L100_2716	63d61f2b3b2f597b29dd0db4a9572ff8b011c27f0dec7cfd328bc73a68763f4c
hprc4_L100_2717	95a686dfb12ee571c82c4455aeb83314f50dd6e4959ed4d03061a6a2bc9ca26c
hprc4_L100_2718	81278a7dadb2ed29f7bc04a50012c56e5d79a33f7663ed10d2c44b4eb0d30d34
hprc4_L100_2719	4cf5e0201cb8f1167fb352a284a2bf7f385c4b12d9b1c11c81051555b2d2cfc4
hprc4_L100_2720	9887e7f198e6055941b7482c21d3e92e3fa684c6a6dfca966bbedeb112e75baa
hprc4_L100_2721	ed019c85ff31312df7f25b8776697c7ac7ad2d6f54d8f354fe1d2881b58e483e
hprc4_L100_2722	d7f322791b1d340738df1c2da7f41c7bb6383a35bd20ab670b8e9c175ac45295
hprc4_L100_2723	8b2c9e1a6145408c8a38b5674bea8807cf29e32fec422f95b8883efafde40004
hprc4_L100_2724	bdea2b97452b744014b3eb5ca1126afa02b889a3a87c4fc49312eb90f11a8fe7
hprc4_L100_2725	0b4c3673002daefe858454de3c40ac7e60db0515a024c299d95021206b9e8600
hprc4_L100_2726	2d4e8171487a48fa9eb76bf02648025e39873eb2ad2c763c745bffb67eb1050b
hprc4_L100_2727	229d9378d095268308aaec771857a8315ce888ee51f634bd936b367575f39513
hprc4_L100_2728	7dda8fd3f0a7a9f9bdfa28c207232b1b853c348ff22e536020969b3ffbbb6b1c
hprc4_L100_2729	2cafad353bbf7c0cd93541819686c406bd91bd1cf92bcf09ae27823a68b3e9dc
hprc4_L100_2730	0a749ee90eee6ce5f8378301ff4edd836d652f5740dec995ea7ded1e3b75ab49
hprc4_L100_2731	c41f091dd2746917fc4c041fe5caa244f5414713eee09b03ea88985f10ff1782
hprc4_L100_2732	3ae0f969f4c21fab7b9fa1f4f7f2f449d5e1a23d2639576264ccf4970946a6b6
hprc4_L100_2733	a77bb87e016c8fc0e02239b927101722c1f6f678fde9b08b4c31d3bd19fe0d57
hprc4_L100_2734	1a49a83119e00f82a510d02d69d187eb16848af1e17b23acca12c1f1dc7e11e1
hprc4_L100_2735	d187697b987f3be3f37f1ad4b29211bb03f5365ba677ef802a8e0300df1f4a7f
hprc4_L100_2736	4928602d6f91907b555c6f5b031fd027bb853b6a66bed19894144fcd02be582c
hprc4_L100_2737	1b0ae3734b4836f386d2f191ae8729e15c8ca984a5a2a78f3d12103c66081e94
hprc4_L100_2738	9343abd96e6a2a724ce78ec81d2c8c3e9e94b0f7e4d81d459eb9929650845d1f
hprc4_L100_2739	c234ec7ae73a0cf8b13e61580675430eb9e0cdfdf9f6870d6ce917485edef027
hprc4_L100_2740	b864246fca5e3201b2df7793e404ef6ac1f5df4e68c813b51139af9e7ee77688
hprc4_L100_2741	08682d5a131e575f83bc199a595c4dee18fd578038e8bcd17724414ba623a0e2
hprc4_L100_2742	37b82ca54b575125c4161fd445c9e5b8810f0ffe97f33452f2d2c066ee930937
hprc4_L100_2743	3d1e391de97fbd1c5d1ee01a4d5ba7a23d81fba4fed0af8b9348e899d12d7fae
hprc4_L100_2744	4cd14e8ae6a4c749579044fd5b387101262c320e3cdcf56bf32a86e7274e941c
hprc4_L100_2745	f5066eef2a416ba3dff3916e10734d72929a3d58ecc604db78cc8facfd503acb
hprc4_L100_2746	0451013d9678c6112fb7598bf0b386b234900e953d7a420997f303ade78962c1
hprc4_L100_2747	cf7fe79d1e158f579c7d74a5081ebc1cd8115bdb9a02e005576c4c1fd580d208
hprc4_L100_2748	de387e6f8c429056385a1cca77873111791e79063c05d771f54b69cfc259ecee
hprc4_L100_2749	6c2204dc066a0f1f321f5476efb658e031519925464100780423bcadf535fa65
hprc4_L100_2750	3f140e03d070b8dbecd91bcfd23681b04def209f0a0f70eb0ce6c62bc38b007b
hprc4_L100_2751	7bb362f26bd4a1665dcf83a60ff5668a929caecb452a483f57efc55ec7bb016b
hprc4_L100_2752	0ba03f82772b49b42ba69dc8e131067d5e5624a6b59f09e0d3c05f86cc71d38a
hprc4_L100_2753	faac8d1dba49a0de55e81a8e361e0f664ed647797373d7c46d8666a1cc10cbd2
hprc4_L100_2754	c95918192bbd7583d44d2a1cb19020f9cc24f2077583df8a5ece05cdf34b8eba
hprc4_L100_2755	5e52e88a87ae7e695f59cf36ca111a734dcf2669e4b84c80a159636937e8c529
hprc4_L100_2756	b640be91cf521ec217e0054ab23f96acea849e580a7c50145cc8532d58f02f1c
hprc4_L100_2757	061e798823fe276075ed4df1d7f88029b114d233b2ba9653d7de6fe9e34aa9a3
hprc4_L100_2758	4622ab94829017d6c91cc2a4d26259aeb8b2af19ba38516e8b441f29c28f0087
hprc4_L100_2759	0810f0e7a349d2c98f143e974dc49a7646b24c30b60c1167a7844c5d090e3ce1
hprc4_L100_2760	0d1a4ee0551009a6858efe070ffa6d1f05dbed15e5c89deb6ff875b4b750a73c
hprc4_L100_2761	2d78f425bb2f605e7358fb9ed9af0d817f63263a2b3185df34494325bc9ed14c
hprc4_L100_2762	61fb402ffae65c2c14311fd3220b25ea8dcb63403a265e37f89c02ed43773573
hprc4_L100_2763	f67f9608bcd3259d17f06083a5cf53a7f869001f81577da1fdd4f7c9ea8d6bcf
hprc4_L100_2764	cf667e5dee5bae7e88e2ffaa5cfea41ad133e6e5159ae62669a38741c991fdd3
hprc4_L100_2765	f0553579073afa28f171a8770b780dea2c92d630041ee2c52e8ff6eff43deaf2
hprc4_L100_2766	61e9db60663da8a3faed9d83746a8ca384b7398b6a1d543f2eb67fdb2fb8b089
hprc4_L100_2767	f80000aa797911f3567b00eef8f9e1bc96b78c3fc40d620a36577b0191be27aa
hprc4_L100_2768	ae4adc11c72a06ce1ca780126553bfb6bb90a264b0b822099ede1a285b441bb6
hprc4_L100_2769	1e0302467de792132443a35786a92359adede51c35b07ac13734bff1e76dd8a6
hprc4_L100_2770	cf4a927dd66ad86835e5705eb0a419780983a3fcef5d33039d1b13e156769eae
hprc4_L100_2771	1c719c767bd58491ec83d7187e9f944bfd2950286b9399d17ab5c9e49487f907
hprc4_L100_2772	0697940306ab00f97aa1a389600caff06d99e713d4f4adab7ad683b4aabe0ab1
hprc4_L100_2773	64ae743ce11a9609e41965d9eebd02dc88319f2615d594a12a4de9e5f772b152
hprc4_L100_2774	eca3e22c0ca7f6f4a820aaf1011dec4f49e3ee14fa80ea0287f1abe4f116a8f8
hprc4_L100_2775	34e68fd73d636441bb35bab2ff9983d070519cf2bd296eabd0a375ad5791a99d
hprc4_L100_2776	d27b2c3df3bf348567df08532c54db01d1eaa97784d9f09c8d6be9123c61291a
hprc4_L100_2777	5f4e669c3e0e55172bd2404a4af351af6589df5041eb0bb7d782f48e352dfe95
hprc4_L100_2778	6fbfead4f352a5bf12a1e5526b922dfa0cef796eb96dcd399ef3d671b05b1ea8
hprc4_L100_2779	f03769ead44a935927c37d87426f319d9314724d6712a1fb44aa708e2eaec62a
hprc4_L100_2780	2b825f74f76e239c59faa3e5b3e24eaef6849060786efdc0ffd039a1c07d4ed3
hprc4_L100_2781	4906a8c418bf10c93658d32faf74944e1190d1b1c5737d5b6c13d2820074a8e0
hprc4_L100_2782	f94eeca9d387457af5c76f05ec090b8b532d29e202ce6dbd871eb2b574b29d75
hprc4_L100_2783	adb064dc0eb944e30b579ac906b39939a094db11655e96b358da4a08e4365761
hprc4_L100_2784	42f98cd8e50e8afae3677ae341dc0763a606901794770fb7b3cccb1083315925
hprc4_L100_2785	bedc00f09d018416be643e93293dda2566d4ec61bc92a91f92e608dd1cbc1bac
hprc4_L100_2786	b9025072e9e47b87c98f96520f53efca92fbd3a17f29b21fbb3d3e20480a2b5d
hprc4_L100_2787	65a9791f786d559e141a4b2e35d80dacd7407a41392b58744a720901e32c2d07
hprc4_L100_2788	ded1e04834b442685ab93c10f5261bfb969d115a8572bb6be41754d04f5e21b6
hprc4_L100_2789	e9224b20a758ee424bc4edd4b9b3a91c0f96b8f8fc95c5d28eba07a52c4f39e8
hprc4_L100_2790	964da6134cf15267ec1bdcff9ad3185bc30845f2c212216f73b63c4b8fd2ac35
hprc4_L100_2791	81b4ce195efec6080a162602a5ef08fdd276b3cd0f4a532b2b993fc4f14e8806
hprc4_L100_2792	59262202db97ad60faf6d8324b4045cdf187506026c02c7e5425b66a7cf61498
hprc4_L100_2793	823f66f1e539ad895b65f237befeea00d3b5f3995efa0c0a736857f621a08254
hprc4_L100_2794	1e452242eb990edc1a71a05de3d4cbf08eb4777334fce6c0c3fe76668ba04625
hprc4_L100_2795	db468394fb2f436d95c040dc99854f33fa6c2c8f1d8c8053f6dcb5bb18ec5e39
hprc4_L100_2796	fb4bbc895392bbe9077fb13c5b040b0b4073abfbff2cf0db0d378e20f7eb55c3
hprc4_L100_2797	0ec134f973c30d866ce701c9041ff46c0e4007db9dded699361ae2e56889c6a6
hprc4_L100_2798	b196030086c6278e2fa2791cdb8c356968f1592748cd4d2d75c0066c210a3385
hprc4_L100_2799	0764a30309f95e2a37b7cb898efaf65a7e2bdded7d9e682b7dafad3add3a5ec3
hprc4_L100_2800	e2f0d5b1e589ec6e4797a4633ed8ef1a99b05e66ff481b9b74e0f75c8f74c766
hprc4_L100_2801	ea72c0a9d21afa5b076236459bc3c35043fd36a2e3f0bbb8de5fa6802f973b23
hprc4_L100_2802	fba11c3662db35e68c967f526d36a2cac509b2d841326d7ad0682a20ea040119
hprc4_L100_2803	2b585b94e5d91da6c4401d38e8991fb57c847711966431348b575da832d9baa7
hprc4_L100_2804	24bb372ac8ef042fd2b9f72d0b6dd5abbdd9c967642f479ae90c31c2fb766f84
hprc4_L100_2805	22dc31a0081cb455970d55e2f59bc9d7ef14c26914cd4da52305d60a89f9aecd
hprc4_L100_2806	d8e8e31f25fd1e822bf2d772c065e60c787c6a305287fa2407fb461f508e05a5
hprc4_L100_2807	782161fa258acd68301de7a84be1564d384010b9410beff5291fc8b7a3bc8dec
hprc4_L100_2808	eecdd5d7ac08df0f148538e5a3721ba79aff0eca262b2cd8ead3edfdb55076ed
hprc4_L100_2809	efce0df619319882cf533d0493504d76519be4db61a181916bdada29a22d741e
hprc4_L100_2810	207e87c75572c126807d090ee4e0df86eda660f383e9c9c1a0d6add98a23a999
hprc4_L100_2811	4da37f9be6ba10517dc792838b4f8b71c589053fab55bb72c8e41d2ab09ea589
hprc4_L100_2812	2443a3419a3130498538ef504e533e14159526b391579e433e9f32aee251253b
hprc4_L100_2813	9d6bd82a59963b765cd0643e811509b226d0a36111483917f4ad1d8833f2a252
hprc4_L100_2814	da8e54cdc2b978024443ed63f0d099955604dca85bf377c8cc436311c2af23cd
hprc4_L100_2815	e825c9582910da779cac105e2ff1d3bc1a92ed78fef6ba36e4e4b9d84f4686f0
hprc4_L100_2816	c6980e0056eec7fe80908c3079c4047703be53faf1d9ebd67f58eee4d0804dcc
hprc4_L100_2817	755e0e9bb664577f93e968640735aa8a23a1455c81df30a1b7b5b898c1cbedfd
hprc4_L100_2818	a43cfc5917a3438ba1b465150a79ed48371bc9730df7f74c81e26e7238d42e60
hprc4_L100_2819	57cac2412c440a08d38b2d0df9fafedd2fd9e43cdc3bab39229f395c486e3fd9
hprc4_L100_2820	a76f30fd05b2804609fdc4740f5ec7e2b17c174704fcbd6f289b112580e9b465
hprc4_L100_2821	08492b2b57752b056c8ff5f9c754a4ac477318336be4720fc7a9a993e62259c8
hprc4_L100_2822	a22976f9872499c99e621afa16d9ec6b6577792dd0882c50b484da6a768690b9
hprc4_L100_2823	1af520457f5138c220b07cb40c6b5fdfa6d367cba47f2183f7fbcc7d524f3b02
hprc4_L100_2824	cf7110a1b8ef6b1ddde188e9820b7f029eb9856baab1a0f934bf67efa195e991
hprc4_L100_2825	0c480bae410a1490f80a4f14eeb9dc27d74b3f4baa2a99c3f4ba5198c3958960
hprc4_L100_2826	29c1480a5d039428102810b93e016a5d2b104ee266601cd660837b8576bff365
hprc4_L100_2827	aa229731b9ff839a75906af54806f484a871fc38d7ad4b388b0185ff76d2a572
hprc4_L100_2828	f42698b7c52ffdaaf94d22e4488739978cb3df8f8e2eadf1f84918a2145509b4
hprc4_L100_2829	4cef52d698f70a9d121e025e735b46a97142e03c6099eb33f64f865cbcf83914
hprc4_L100_2830	90ed1b2ce0562b297ce164851afd280fe4d949ad6585af9fd30bb705aa8d436e
hprc4_L100_2831	5f2a1f69bdd2f2ce6461ffdd56f0fa7bc180149f7e26d2006adf4facbec56f8e
hprc4_L100_2832	b29685ad1d7146b284f9af3adddc7d98b7246d9fa6b9cd5504440319e035f3f4
hprc4_L100_2833	50cc606cca42fff4256735f87d5aa186d140528bcd56be26d26c7ae318d08009
hprc4_L100_2834	c8ff2d5b76f6caf28c29254fa5fc2343e4a2779a8d8333a64c47f21950fcb2d9
hprc4_L100_2835	04fd2b18116b6767751f71c9158d1e6f6d05c0e3f4a6877bb6a411a4a9c625f3
hprc4_L100_2836	1c3a818a3aec5b1dff8924b63d527f1f72131fc3f7ca057bff94e1d359c34f45
hprc4_L100_2837	447995f22b1723de93e3af740d2b9be9e95a80332a5ee23cb426d73203409d1c
hprc4_L100_2838	a07a12a08c0f85116dd357d314dcc934afae763ce0c0ff052727972c794d481f
hprc4_L100_2839	af17cdf641639859b493a4104903ffa9737f5c5985fa3a3c0e3520fc4d22cd96
hprc4_L100_2840	898330f1fa807062c4a7e5048d88ec3c4fd90208ac869f593a2554a585cdf010
hprc4_L100_2841	1ce234203ce3d6a36b213840f93f0cc63010353de0b036c6c9ffbdd722afb449
hprc4_L100_2842	476f34fa87506e70fd449e78102de605d3bc5e4dc21eecb4e0194da9d8f0bcc6
hprc4_L100_2843	443b6cee2ef931177daff213ac0c64c05827dc68312ae5a3278beadf4f0b64a3
hprc4_L100_2844	2853c96e7836bdee9289f6c3e8fa61f64d4c68b500aef89c87f0dbcc99041186
hprc4_L100_2845	9d8738d136300edd75473a631a6fe63160382a8b856fa11e3e7adbb61b8b7f82
hprc4_L100_2846	d63b05c07ff595fee2a7363f050cf5bf655424411391bb62a435de33651ab877
hprc4_L100_2847	6a4da066ce571811a8c487f024eeefb866e153fa6db0e1ef3e4093df44ddd5b2
hprc4_L100_2848	f545e147ff09baf2986b606faedd348ed0a402f17f0279eb43f1215808952ed8
hprc4_L100_2849	25bc655a743d85442afe9db7d56aeb07b7744918575d36a65db845c158915905
hprc4_L100_2850	686f5bdff782b8cc8d0243e34c8948f67c929a2e748b13d8e14b9c2cbbbee0f3
hprc4_L100_2851	85bfebfe3388b1b420e910ba7a0ce490edac0f54229eebc9c6d3caf6c456ab20
hprc4_L100_2852	a775e905f579b9491a0e7e5727bb5779f48639000fc1d57e4f23a185f2c56b48
hprc4_L100_2853	dc43521a47fa0aadb0f8fd7d603d40dd540134b094f6bb9712a0853b80670cda
hprc4_L100_2854	ac7eec09de530c816d4a4887d2616c938b03d7c8a781928901f308ee6c5356c8
hprc4_L100_2855	f8a484f0c254586c18754407ca3cd469188a1a0bde7edf031973aba051d97129
hprc4_L100_2856	175b68ef74885c1bb7b8e9b22b96937130affee10d39177dd91a832b4697b12e
hprc4_L100_2857	eaa180acaa7da5a489844997b9190fae7e9057f0f27e3269dd24264336045cfa
hprc4_L100_2858	3333ca5c54ede30f79422139336cd875b1c09e7132b5970f20cb538a295ab16f
hprc4_L100_2859	a10923d156978ee212e35a68ec5b2cb4b3afade9cd9005f2d9b130f75c14dc0a
hprc4_L100_2860	bc492b7b78afbbe15423adccd0b75ab1f7e32c4caf7b0e4ae0153bdb19097ff3
hprc4_L100_2861	dffb2293d86106df8e2706f231a0bd341a908e829e6151cfa9693b943705ede9
hprc4_L100_2862	ddbbc2216f085ea8da02b9914ad85b6e07a5a0a60e97b70235983b74fc1cecde
hprc4_L100_2863	1e43963a1689ef124fc5ed8194850d31efa6a8f3e906176b4b0e80beea4507d4
hprc4_L100_2864	ea8cd35a7c13d1dfef27d0b1b310798a325a3a9d37cf00362a43db7cf336ab7f
hprc4_L100_2865	4633f21872b5cab1cfd09ba7a909439a6c9bd642219be71f4080b62d50a07643
hprc4_L100_2866	3c8e6adc001fb9fd587f6f817149813c3af1e0cbbbddda5c1af8d9ea4b0378a5
hprc4_L100_2867	cdbefc24622e34c005c02bc75c52d12e5ba88daaee8aa51da904bd43e579bf37
hprc4_L100_2868	c816b23a27dd287da53082f0a09a670ae002434fd2a16fde2d726dfe9a9f39e1
hprc4_L100_2869	1782a297c11c5ad1624770343f24f3d3f7c303fc8ea613cfa33a875b64274546
hprc4_L100_2870	685767e10c9d2db7f07f26e74da4798f6ce3a4c29d1462e6a57d6b73a9ef32a0
hprc4_L100_2871	0f7bbd62ee792aae17187602ae074b87558ab92206cb0bf52c6f2ad462df0ff0
hprc4_L100_2872	7d1ae3c03457f3e0494583ee4ea53d7fe8009113e0226a5a8f2858dc92a3650f
hprc4_L100_2873	09dd7b40ae5ae4202d88a6a0dbb0b2933ad02cd42c1a737c03b785474b491f2b
hprc4_L100_2874	fddd2ecfdceef1720b0c1f9f0c945dd7a2b625edb02c7c454b0672c110b22559
hprc4_L100_2875	43ae6c04401eab25129b2c0758bac2ea8df74d59e909ec97391541bda50cdc28
hprc4_L100_2876	8956bc234e9452d25e3305d849ee47cdb53ecdcb6112484778f7083299a44145
hprc4_L100_2877	a32a2be4f785f12c1e195666abadaf2005b082acb761811d15e6b13836ca83bb
hprc4_L100_2878	245a44efaa7e432440e8b782529ecd7e2802b88f94788c5dde4c954c2cee49e1
hprc4_L100_2879	f072a239c9731e19d848b51ccf5f646cf6dbd5b78602f00c359168297ba9423b
hprc4_L100_2880	38064f046a6513a2b4838b35e6f6fb607b8b4a756f3783ac6454ff6176c3e771
hprc4_L100_2881	0d5f4d46627fdba44ffe52f9d4f79a425ed3e0c004f761e14307457e7f40b157
hprc4_L100_2882	d66aabe5a1c3ae608bf40a384654afe0f4f9a30226c2eb3f14556d05e9b17bcb
hprc4_L100_2883	9c9eaea12bee181a8faa61a878a51d9d9095306dbb277d35775adf1dd6429cb3
hprc4_L100_2884	bd3a2248a1f173fdfa9f880b7016f446849a55ee588aad20b64d36e4077d43fc
hprc4_L100_2885	a60539402763dd9a2659d8e6855958e782e01d2409f6a0895e9f0179659c75b4
hprc4_L100_2886	1123b2cc189cc8c013f9089ce8098c7fbf5a682aed02649bd6e921955ce3ecf3
hprc4_L100_2887	6d5c4af4f8203ad74ed871a4122a7eada59e581a53c1795ef5abcf3b0d3cc57f
hprc4_L100_2888	b4a25c738f40cf930c19fd9403c6b917fc64ccdcfc47c95bc8360f1a2318de32
hprc4_L100_2889	440584480b1863d19c4ceecb0c763969bd857fdc4b396bf79ba1635813e6bdfa
hprc4_L100_2890	71a08a5aab4495fca3b7b839080d04f46c68c0554bd1c2e8619b745b26db572f
hprc4_L100_2891	5ecf8ef15b5791ef11ad0d8f76f684ac685b525cd10c2b7b04b957000fea7d4f
hprc4_L100_2892	22e14bd754f4f2d5a53671e62c76937b7f97f691aa935fd9e4893703d9eda843
hprc4_L100_2893	9d9f4ea7e2ec968d01e410557733b47274050789185677308c741316e9e6c04b
hprc4_L100_2894	3e718a48a1b4cab82a68330c550862ede293563bdf5956d691cae78a28e64600
hprc4_L100_2895	146a3175ec388480c4f8bf0dcc19f3c7428645320823ac607df25c200d365f82
hprc4_L100_2896	68710e7de309d3f3306ac751a8c13027911ee88ea29c9c5952b9ee2bb1ef5cfb
hprc4_L100_2897	c9ebddd0393ce7bc55491d946d404959b3a334f7a7f759c9c21c04ce9cf40852
hprc4_L100_2898	f65a9f205dc1896139a96c37320c99e73e973ca37609f40e986ee68c1f03efad
hprc4_L100_2899	b6dfc91f8be00636202e0a4ad2932e41dd60a14ebd12f303b9c88bc5889c6670
hprc4_L100_2900	27e27fc909b826090271f7511a7c83dddcb2f25304c18cff52908ddfa6f654f6
hprc4_L100_2901	ac577959a610d9eacb609a504f7c27d50c7225a6998af9bf35721b6b7b93879e
hprc4_L100_2902	cf7f9adfe5c5cd9d5b3cce2f604bb094e62540c15cfa2faef715b6740022a3bf
hprc4_L100_2903	5a7f9aa67096e8f61e5229ced057fb5d0d1390c228e9547a3d4424e4d6e210c0
hprc4_L100_2904	11d03cbbbc0be8e55492c1adf143c06f3b23daaea8520b137cf722c9e4eee46e
hprc4_L100_2905	0a83a88786a1d6d2c2fe285a8c0423f22b7bae34a4759d744beac1dc2afa0ca5
hprc4_L100_2906	a011542c9f760ef1ab572ce58fa551a0d02448759666162e6301ea3af5f4312b
hprc4_L100_2907	e80a5b76513abe98ac779519fcfdbdbe2eb4742d1eeab31a75041ee121dad0b2
hprc4_L100_2908	2115a98d4bfd221a8a07b3ae7aa69f3318666cb348f9eb3c4065c63d83c69a52
hprc4_L100_2909	cde1c101afe106b2cfa18706a940654787965308aea563188f9b996e0e482945
hprc4_L100_2910	35a6abd7eff379614eab1bfc2bdebea1f6ce8c87bb94f2ff88283f0588c9b4f0
hprc4_L100_2911	3fff98ba93a466ef0c71b2381e73b5a896374037032d158d334818b1715fc0c5
hprc4_L100_2912	704c7885ce1feace5bb64534c7254d892b3bddcbb3ad2dddf7873d492a11b0aa
hprc4_L100_2913	6f94c2f146691a28677c5297ab307099c50966073efa3569cae8a9c4dd98d829
hprc4_L100_2914	8a51ab3b49c1fd8ffae5d51f148b3077f2c24357cc4d0ee0c968cc2d6bf33517
hprc4_L100_2915	e33dae45a2953d8db02cb4fb1cfb781035461a356410c33dc6e18618b9257ba9
hprc4_L100_2916	202416e96ebd165b893d175a3347f2492808bfeabaa41f211f8da9fb4e697a75
hprc4_L100_2917	73a3d3e9188172f1ebef0951bce09eb32620bf74d378942fab98840c3402a082
hprc4_L100_2918	f0ccbb519f0fcb1fc68020642d7bcff203aef44b2cfe3e8b94ffdbeaf39fd1d7
hprc4_L100_2919	9edaceace2329ffdef64187e0bc3c9beeeea602939687be710f2d1135bd84ced
hprc4_L100_2920	1e29710e02a93ee3ae4d1438926571537a92c9f734c1e70726dca79582a252c0
hprc4_L100_2921	f35ce9a6097fac6417f7641a585e4e8f9cde568a2fcf27c6520906e2e247f755
hprc4_L100_2922	8c26f9a8d08cf7456bae0854c78e2f19815f0bcb7a76ced24c562885073d688e
hprc4_L100_2923	eba7587e52e50310b262b319c3ae8fa1831698eaa2bade1d79fe611516216fdd
hprc4_L100_2924	136ee5db1af0a3393e47a5b2ec391f20862dd3a909d6ed11d8abf747469a31c9
hprc4_L100_2925	f0c6e27f8909dd017e7c61433b47a84437ff7f282241d615124f2d423970b1a3
hprc4_L100_2926	82f22d679c64deee950c1ef294331be54320ff2e43d38075e9c629493d646945
hprc4_L100_2927	f6ee35a29b9044de9069ce1b4d73e27b946f7ea1cf1564ccaef6bc5503127dee
hprc4_L100_2928	88b79b013c7930dda808136c1ade21a484f159bea9e473018bdf2f945dbafd7f
hprc4_L100_2929	7c91d6e4879f9df681e438963014b0a38a0c1cc85c4cf888fc980a072f8ba54a
hprc4_L100_2930	52ff06c2d54deda81680110bf6f968a44c57f2701f4d57b57880467b9b01eb9f
hprc4_L100_2931	d2d8e748e1ef4ff90b9159ba65414854c76345f0ce6c1b1fb8b154c348b87d24
hprc4_L100_2932	3c68edccbfb4a62255046291e67062b861b3a88f3df1c552fc92e30c1248e548
hprc4_L100_2933	e15c07910f137977844a812efcc8e31cec9b660b320db9dd1593689d58ff95db
hprc4_L100_2934	2f657dcaa47ae9921d57f9b5d990bcb23f00de18151de037d2a15c5125cd9725
hprc4_L100_2935	f307b5931410806b6f7b4c5a01b2fc6f5ee0a31a90427608c31a7a67a2307c99
hprc4_L100_2936	7cfc18faf2d7b10f5e5238963c66ac59ac12ff0f58b64ffb49d78bb84ec1f1f5
hprc4_L100_2937	ee93b113848d1eba86c728df81969071e906cf9c5cc037d5cd5c05893dce0661
hprc4_L100_2938	a53e1c14ef015ddb5de4a398495998daa115b7bf015b7582fd570b3853548c25
hprc4_L100_2939	4b267a30605422ca8c4b3bdc99b06b702529d7417838826320f8de60a5b79a04
hprc4_L100_2940	8148fe27cabb9a205714dbee915c6f496517418959ddd548675b83c54a2534a9
hprc4_L100_2941	1ed78115e2ce4c53d09dd4a02efa499221a50a580143e6637e08258b3ab02c83
hprc4_L100_2942	4081e5f01e3eb4cdf0b5015e534ed58357e527e87bad2aa9b771253482996f2b
hprc4_L100_2943	d3f731d59d0ce2a7466fce720324b0c02186d5e9aa7a4a8880c1618f2f901fce
hprc4_L100_2944	2295907261822224d38a8238d4fa9c17830f57235bb98eb9dc3680a60dd2c3ac
hprc4_L100_2945	958284edfa03d7d7ad93defb23ebdfa54a5aa3186ed399b0359f0776934786a3
hprc4_L100_2946	07079639535427099d289f10ccf99251dec5ba38c341af7e2857c5ad75490fcf
hprc4_L100_2947	546cd736c7feb14efd7cb555771461f5ac48f361409d772146cac4773a94677c
hprc4_L100_2948	f935041f0510a7e25427fdfaf92460d67e6a8e0d5ea7d5d0076d7524e19dde06
hprc4_L100_2949	ed7cbdc3f54961bfd0e33a4539cc8e9a8fc65478948fd39f33aded92cc05ec7b
hprc4_L100_2950	d70b56042eba1c5c48a8c7fc85775100aa2728aeb8a961f8916d6fd2857859ee
hprc4_L100_2951	ef2d0ce5e9a100cb587013deb1ba8a5540816d98d72a1efc3a2827eb3fd980b3
hprc4_L100_2952	25cc59f39fb86341a6048d85afce4acce325bdaf1caa934ca92d0aee8db16c64
hprc4_L100_2953	999c8cf315bd4468e8b067833100dc6221581c8920dd750c9e23e1fcbce65774
hprc4_L100_2954	245f0e885345bf0151c5db211637e0fa0cbd2ea49d014feaf43d733b8c3436db
hprc4_L100_2955	718af1a8af0806e45909d9642aa31b2c155e4d41eb4fb46755bed03734c1dfa7
hprc4_L100_2956	2518e601982d7581c5f3eb05bdabeaefbd6577b8006e9f399b01124e26afe0e6
hprc4_L100_2957	eadbf4c9a461945c083ad32a029a156b41c8b2f81b89d42ca2302ea6c3001cf8
hprc4_L100_2958	8ca6b18c3015c3bd760f83e6821364abb12e54257beb3aaca7296e66b40397e4
hprc4_L100_2959	03bbe312b82b68b71ad31bcee730ee2426cdd67399a219b6ae5b2a2ce008de3e
hprc4_L100_2960	1e7d0076a5c2dc24332a85de5bc6f49a81744fe444fa646a55810007e55d679a
hprc4_L100_2961	ba6e73740d2e1b3b040de33c5acfcbc1f6ef67e73ad05cde5b12326713e0ed6e
hprc4_L100_2962	41019fbf67ce3ab4a7a86288cb794edb5aa4ca1e0b6809f4bec57c26d092aa88
hprc4_L100_2963	37395c6e597246ac11fc49a278b124e8e6e575d031dad74ebfa72e75085bbd9f
hprc4_L100_2964	edf6577718c45489ef3c3b2d2518593d1f22ec04f84f0e8d04485d2ebd32d512
hprc4_L100_2965	cfe2f8e5f29720167a6de3662083517aab89777f182cf5fb6b5f7ae30f6a8bd7
hprc4_L100_2966	1c10a62f62e1960a8a00c848a3fcf4f443e1dcccdc5f0b567990c1d800fc04c4
hprc4_L100_2967	4c8bceaabacc3cddc020d84c7cb66edf124e584ce99e4a89546abe754d045c9e
hprc4_L100_2968	4ec2d8126588a330514e13ed4cd1f58f83e4f9d9949cda8e4af3dd3ab0fc709b
hprc4_L100_2969	c67faa38841d77eafea0698695f5d1b85aa9876724891983e788d0d57cd6ae9e
hprc4_L100_2970	46bf91a073f0e23c74427a842821728ef31d18cd1558b04fd0b2f136818f4c7d
hprc4_L100_2971	05e2fb4a89818822cc5284ed83f34fc240321d2157f4ca97fcaa4c5ceb4ac1bc
hprc4_L100_2972	2ef3196325e2a931b2a39760d74e829ea9a83a29a849fe7aaafe7bd5ecc56c05
hprc4_L100_2973	be93173b3c5238c77fdd92e5182801198dd12f9a9bbc45153aa5134f0ac72bc2
hprc4_L100_2974	f27517f2785c1d44ed86e3e36209cc3a7d5b65bb66b57dae1c0c60ceefa65d58
hprc4_L100_2975	94e7285ba25dd61ebe23f1c34a8125d027147182582b61f6e6a5ddf613a1f8a7
hprc4_L100_2976	f011f585a402bc68ef6dccf4c1b4136f428826f742728373a4a0423a9a3825ca
hprc4_L100_2977	4874b1ae2296ab36c7ab842aa7742256b97edc51b4a4f04ea041786566f85766
hprc4_L100_2978	3a7db3d9861dd7c436a7402c8401a484d90c174037ea64901c9412b0a2c02993
hprc4_L100_2979	45c998b1095e763478b8de3c722ba71eec4dcc8ebe9e4665970cdde11248c301
hprc4_L100_2980	2fac1beefa850a5e5555b6c031c3dd76ddf6a47a0d7383d1558e46be9c42fb9b
hprc4_L100_2981	84e8508be9b465ad2d02aca52b4777a40af67ee599fbfb73eab6e41c7360e704
hprc4_L100_2982	da8362f31efd5ef13c6021cd6b815f835354a071906fc9b66071b7decf189209
hprc4_L100_2983	14a3bac5f0ee44dea7d37588a39ba487f69899d0f7c02aeb6e0047003b11e7ed
hprc4_L100_2984	7b6fad24177440d3a6828cc676f07213304e25d2141795cf603579ee8d0c9abb
hprc4_L100_2985	bb4d70d9a0d8988d5ea7891e8238be399ba231773792f36d0897d282e156ad25
hprc4_L100_2986	12000e86946b0aae6ac477c2a112856b974f1a091d883148a8a65e2497de90da
hprc4_L100_2987	d98f431a8b3253bf63ff864c3134a52e3471737fac750126e01203e49c206e8e
hprc4_L100_2988	eacbd0696c8ffdcff0e9589bc4c2450b424614a9ea6d52923c26e9ee9f267bc5
hprc4_L100_2989	4c9115d10f700a39ada9141fcf43d6cd1edb1b7c2312de8eaeac659249d58fea
hprc4_L100_2990	faa0ba570d027a988bd0e759baa6a5b5003ba2c2ece811d8d8c35f9ab2d89c3c
hprc4_L100_2991	3c5ed539afc6c2c864991b8c050a6f2faa25c030763d0c7c78f0e3a5c8aa77e5
hprc4_L100_2992	59f274fe000a08773432fbba98ae1407a3ad7b5d0d9aa62e8207b02e202ffb4e
hprc4_L100_2993	af71cd92ea9cd6c050aeed580147592e249d978778d28c1c5f997ef68d03914c
hprc4_L100_2994	3f806e4c561760eb806241b438c92538cc987496ceb98d291cc1d80f2665c320
hprc4_L100_2995	d6e35d3585d3a2a2430cdea4aae02ca72ac69ccb0b1fabc80b79ed125e1e5f3e
hprc4_L100_2996	af9fdf02458990be605098492abc127eeb98365f90d60e0ebf41ad8977dba701
hprc4_L100_2997	9277dec4919a2c8d8daf872b0414a5b9509520def03f0600dbf270d19f21de3a
hprc4_L100_2998	d5ef65cde587bf210036b1adea25dbc756edddaa4a2be789d8a20fad3e91e903
hprc4_L100_2999	fa8479264b2ad93aafdf739da04e16ada0a10f30d40dd79bb82e2cf00917a5b3
hprc4_L100_3000	0160fce6bf2b512a7efbcd79c4c122ea5d1c0f63b1635adfe79c0e6f2433fc3a
hprc4_L100_3001	b3e32f37ed249bc2834853db407e1c137b6c0ca1dfcd9464596ff6e1b52e61a1
hprc4_L100_3002	efd58dea90e6977c8fa385da6d3bd30e7193adfcc5bfe051787529f397b0e97d
hprc4_L100_3003	baf299b2a9f4a4f127d02f53b5a0b3dfb3104b815ad7f900531fba35987af017
hprc4_L100_3004	88daf647a5bd20cecf560d4866b1cb8fdd3971e5f825dba0ff237459fbf481ae
hprc4_L100_3005	05392bcba710d43b0df4a3536281bf75f6f939c7bdd5564f315cc75eb32ba4f9
hprc4_L100_3006	9436e57783671f52ab0393a33558b441660702651d3adf8f798248f93ebb4dcf
hprc4_L100_3007	a97fe550f014264d2201f4e559a244c7e77cf9962c51ef6869bf3bef04361f57
hprc4_L100_3008	11c836b40a6537d9763f81d0fce1d4974a33abe7ce23f32028ba70092d8d93e1
hprc4_L100_3009	e3e1b651f1c53b27ba5073bc0103b05332cfd19b583555176cd1a20892e17687
hprc4_L100_3010	96f6f93f99186b1c6e4155ca3af15d9008d0dd8275dbee4171e51d46642a41da
hprc4_L100_3011	58a5e07f62d19c474389cf53c5f63a5af06c91a0a87f03a29ab1a8e666815128
hprc4_L100_3012	7cf5db3ba9600ca211d68448bb8baa5b25c503323a078d922782fa86f04c6135
hprc4_L100_3013	24e186b14e8e1eb50132ee70d795cac44203603f00c947609b1302969dd28f35
hprc4_L100_3014	088dca3cbf4c664015bdced928b6ddda769eaa44179a792306a381b5f9f075a7
hprc4_L100_3015	84baf06b2cabe9f28d83d7f93b184d43cae69003d9a4aed48333cc6084889d02
hprc4_L100_3016	a55d633cd88597ff026a58da34e6e1b4ecf016de075d4b56cf3e383de6b8996a
hprc4_L100_3017	582763dcd1c46c36bae416cae4691b8961f6cd3f59031e15ef6e70a527f2eb09
hprc4_L100_3018	85350dd86f87673f62044fdff6710edff64af6d59483c9b6d823e30985272af5
hprc4_L100_3019	34e3212d22259a88345b47e745edfe6f462aa80b654bfe8ea8786d65b49413ca
hprc4_L100_3020	510a0dfebee6a7abcb3864d500ca851e353d5148f4c18fde15a78fdc3864052c
hprc4_L100_3021	1d9349ef7eb66d22bca21aa68d8ad65ea346e8f802220b63430a8c604eb63433
hprc4_L100_3022	3ea0fbf78c4e9846daea8ff7b67ba92bf1fdfe8d2a49be0f721e2a747f42b922
hprc4_L100_3023	213a780af6ef64ff751234f708ae2eead8a81c0af56f277f051832ab5cea5cf9
hprc4_L100_3024	6c5806bb7e952cfd3f95c68d55a7bfb1ebf908045a1911c15c65d71828335462
hprc4_L100_3025	3de2ea2cf7f219a9f403be2d78f516273a5dcc0ca799145fc6261ec69c008bdf
hprc4_L100_3026	76024c906e2c748ed78f7874decd7f4d902ae02b854f58dc0f18f4f9954d9402
hprc4_L100_3027	9c11ea57e868c40ccb40d8b061a210f1406cbd3f4072231973e4d4a0587881d8
hprc4_L100_3028	f45dd7de3ebe17b871c96408f2da9e39c0362202e31c8ad6bf36e74e92d99aae
hprc4_L100_3029	b9aeb719923f68865f20e21ebf90ccd0640e896a2f1a3dd295dbfcc6b2458da2
hprc4_L100_3030	eaab617131f433ec5f01be20cab7ef59f62abeaa8f324dcc0359ea96e5bc458b
hprc4_L100_3031	24291a1c8ccb07ddfb05156a2370546a9b494d3e7f3a3e954e53164ac4ac511f
hprc4_L100_3032	632bda3ded13c1a278ffe5bf3a6ae438eeb51ebdf3af85fbadfd21b6e17927e1
hprc4_L100_3033	dbb324d8c72c3a94a30d8a7a4aa80d8a353aeb85dd66422a7441161c90b48fb2
hprc4_L100_3034	b5a1e099516d367e3c8b3da45765a8ca23d9bc273d16a4fa49f17641ab6b4b90
hprc4_L100_3035	264d4db6ec9e4202b0436983cdfd52176e6f090e07174480c10fbb2027ee091c
hprc4_L100_3036	d0b664b0cb25232f6bf26355cd8d26bbd7d4e6f7694b8ce3eb60fd5a535c2e1e
hprc4_L100_3037	e28a899f469aba572d73a83dfdef75db2439c316b5b5310f9cd948acc034e2b2
hprc4_L100_3038	e9e11f05a3e41cb9dfd4f4a9965265706e883c742d74c9a6572d8b49227426da
hprc4_L100_3039	3bc0b21ba6b370dc76f85377a7d9f3f6ba276068564453fc56fc2e9dbad2fab7
hprc4_L100_3040	819a73a0a6fdbc698e8109e48c737ab25112adc50f27c84e344ebce1b746d104
hprc4_L100_3041	003ff1f8ccb167b428346aa878fd0269e0620793717d87e3a5a31c136fb7341e
hprc4_L100_3042	13baf2cd923acb39ef35a6d9384a66c9fb8f7378df65440b83a7c04ddffc63df
hprc4_L100_3043	de66537fe34cf7c7fb3c4a7928163bcca90f94fdc31526ae3104e9d0df0abf71
hprc4_L100_3044	ce626a08cd4f437d7252556f9467e5fd2f8b726b2d52907f3bf1b462fa2d1ddc
hprc4_L100_3045	01df8b918b325469bc0a6faa206fbb5d9d83184e247597c62f940ff0589826f5
hprc4_L100_3046	2fb7c062377d4c359541e0e05c8bf4c890759e5ff3f20ad6d23ecc30ce9b90f7
hprc4_L100_3047	15cb71d6297f061f3df674111be61e400876c17185bf6560f7277f1011836467
hprc4_L100_3048	c49511704d0a8431bbfac04d0ff198d059726f0c4fd0604adbabb6f43ae0a21c
hprc4_L100_3049	8fe00e68bbfdc102dececcc2847767e61fcb3559d8dcf51799a29c6f99b84f79
hprc4_L100_3050	0483aed7e6698b5633fb16aadf52a6cfd68e7aa2b8a4af37f69861d6a3b9296c
hprc4_L100_3051	f32b55b6604f94f6529e43b434cc23e8ead83bcb1ba8d532b3e7c6bc558b205d
hprc4_L100_3052	385831646bacbe2688440d8e8ccc512ab997ca1c3d6f70118c37716f5c0800bd
hprc4_L100_3053	b8707a0cb3915d2d8a64af5e30b18de8e03e6cb16c25f45e0dbd9790051579f0
hprc4_L100_3054	cd84afb5edcd5b2938f973b59055aa9f57f1804a59a2e9c3c98c0193b23355fc
hprc4_L100_3055	2a9e9b54b204484c369741130f605c91d5542e2a0b01089323caa0d9fed35bf7
hprc4_L100_3056	477c77c4709f255daf48a861e0cb372fa23bd48cc4909dce14749882783ba876
hprc4_L100_3057	ff3fc20dc7feb46ef9a7d7f94794d632e74193fe07d47de8702969030b297ed3
hprc4_L100_3058	679270d106017f8f17476cd94524f5c16b3db8e6c2fe4ebb178421730e1d71f9
hprc4_L100_3059	e91c1cf4965b0c3c1977638ad7f523a68bb6c826609738e0bc5ac3e5872e5084
hprc4_L100_3060	6bd06057ab3d7dd4c2947cf3568755bffdc37770ca975fcaf0faff822302e47a
hprc4_L100_3061	8f39910c220dd0a5241e15f3eccce008ab22fb37930f8093f656d4ac201b3263
hprc4_L100_3062	f1749a33f2060122036ee7520834ada25a6fedcebc2133387090989a4f22c76e
hprc4_L100_3063	fd45fdaa865fb57386557e96b84fed9e74f72be4b841b3def73d0c3bcee935fa
hprc4_L100_3064	0497039e6afd30f7046c1d6110fee20d54187b55ce94b32b0eb7f825cbff01c8
hprc4_L100_3065	efc698a450cb030fe14cc5efdeaf764dc858616ec0f52e7222c049e63bc684e5
hprc4_L100_3066	cc1f82f697656e7c7d6d21dfe00b6ef79ab305cfc392cfd5d3959c96935eba6c
hprc4_L100_3067	0cbe3316e2faba2fb5ebc964b2855bd18b6fbdb0d499f75735b32ed0c6c0bcd0
hprc4_L100_3068	2d93be078bad88b793f40356d10da0ba129e5d994fe0aed8f657a2545af657be
hprc4_L100_3069	19fbe1007791024722ae2fabaea2edb8e7e7fd666fe5f1240f3f2588b16c3b62
hprc4_L100_3070	a862e281f1675e6226b44d5eecfcf7eb59b4f9531d05a786948cf6ffd4ddd683
hprc4_L100_3071	4ae5bee100a76763f3156911f9bb13e33b33f424f399339394b93405ac3ee67d
hprc4_L100_3072	375cd11acad3399df0bdb7964b50dac316faf50aec19a6db0f1b6f6a284787e4
hprc4_L100_3073	9191ae8afdeb2daace04a65dfa22ecd8be5aaeb1e052d0cac50f3a2136d3d183
hprc4_L100_3074	bbf1a43e1ccca85ee2794939a570e0b5e00c1ed430991eca0aca7caefb9d39fa
hprc4_L100_3075	abf50f570d9ad22d17c508e13d714c31bfe2ee359d122bc6c4bbb18e14923f08
hprc4_L100_3076	2c2ec1dac45e609440f9fbaa3711d406c87509fe5b3e2d36d9a6f357ba0d0f59
hprc4_L100_3077	78c1ac93d9d274684459edeb9b0ab64f8e8971d4d59eab02a13c5c7b84be1fca
hprc4_L100_3078	61b71955ecbda63524e08c069c171618a5a018dfce03210a561042451e13e412
hprc4_L100_3079	3c6a2a4f04eac988bc95945055afdfe1e1f632bdeb206989125bf333744105e4
hprc4_L100_3080	11dc0f613983d9426295b30e01e18695e3e88f5df4bd942693df2b36780a2737
hprc4_L100_3081	a09e53f3b5745866e32f8fb4571819ddcb64ad35f030c253d12a810266241dc3
hprc4_L100_3082	a41b020006437e10a7f3d9b11a7838f7912dee7f2d1dd440d1390ac6a9a5a053
hprc4_L100_3083	02f5de061c5e3e738e73e80dc9056f8162c92b0a365d310bec8ce774e3fd805c
hprc4_L100_3084	71bd9fbd3d95fefb7db51487b8bbcece898e04049717ffdf36b3e5f7bc60509d
hprc4_L100_3085	bbded7040a8a2922097e7882b1e031dc947a291f73b5b0e4a84f08b33c999119
hprc4_L100_3086	1480750403968cb4b0b220e046affc4eb41e3ed4382ae8c3cb773f413381026c
hprc4_L100_3087	c2114f7d0de4d4f548341e0c78da6f33becee9fc11bfc28526c1757f5f97711e
hprc4_L100_3088	37f09ead0145ab08751bbdcd8ddb76402e366acd64064352c3dcf04c8dadd4fd
hprc4_L100_3089	04d52f6014325c29ec2d5455deb7b60a580320ad89bba34b4bd52918c6868395
hprc4_L100_3090	4c7c9a3531ceef44ec8d8d8762d239ff0f64de83f390afe4dc407c71ddec958b
hprc4_L100_3091	bd564edf74a0cafa707da6de48b0864274eb5bd389e5bcc7dd4193cfdbcce1e2
hprc4_L100_3092	bd3adca239bb7a202c16c386df07187ab015d51faf45988c36b46a91682ff17c
hprc4_L100_3093	0accbf786cb743a00837187c3dfd45c210fecb735df7ff217a764fcbdabc9a63
hprc4_L100_3094	d7ea9794f23aa9291fe7ea7798226498a76abd80ddca6aa1395808c40d449b44
hprc4_L100_3095	94aa85a8185349b6a146928605988e14b6af2823c84a8593092e55ca8c5f1c4d
hprc4_L100_3096	e31237a34cd807a2c12b7efe0dbbb39525c4413ee638aa5d640373bd3ed7286e
hprc4_L100_3097	427f9b265a2aaaec5b01475da8ca446073417275fccc0a633e0e1db09eb85eb2
hprc4_L100_3098	3569f86ae3c0e69cbb3321899afebf76ffcc92c3ce1a5c5ca8bd8d7807a4114f
hprc4_L100_3099	38a4186a19cc615b932973f41888a9ee696d5720ae467b2e572309a6225f829f
hprc4_L100_3100	8ceed1465eab4df37d4be21046cbee608aa78cda049b8d16cb6a6da49cb936ed
hprc4_L100_3101	fcda999d5f3f9854fe80ad60a9cb108f0572a64c16aed2dd3e04a3404ecb88b7
hprc4_L100_3102	61e27175f0a4f97ba0e1643de50f5be834bc98dc83e17e6252088f243f5c5c95
hprc4_L100_3103	a461c362ea3566f0cac80b4334ca31d59358255657e57efe1a09bfbc7f51b4e3
hprc4_L100_3104	ca75be443a8321f3d2626f43dbc1016d5c4e0333162fa74a5b7491b63a2168d0
hprc4_L100_3105	c22f3ac0d03026efc0324a5557e380fca91ccf12420a92d488f75ecd775b3aa0
hprc4_L100_3106	bc383ba9dadd429eac17459485bea422e2636dd73d3f44a46181647fc44dedcd
hprc4_L100_3107	d7f9d19280fb5aaf97d32c6833440a81c72e47cc17f5fa6d711ae5128e2dad36
hprc4_L100_3108	9bbb5ebe95aa01ccdc933a61a587816af053cf3d2b876eec43106e4c00776783
hprc4_L100_3109	7ee21feb49481c07e3986a9a5e12db7bc833054612bdf41e979c1104b22f743e
hprc4_L100_3110	c1df1d9e118210ed08eb55eabb2d4315ffb8791027a13e432a813cb5b7b033e3
hprc4_L100_3111	4a90d5fab79f9e29becb581b7556ee64f8938da37683f524ba50987ac888603a
hprc4_L100_3112	f2a637f4cbabcedca68b3b4f8f8e89c0666b21aa3c79cb01260738d03cf81c0a
hprc4_L100_3113	2ed4b598dd5501ff3bb652d6f88979d44b42f9e12d88c887d2324f269730a6b4
hprc4_L100_3114	fe6741297d655f6b2d5f13683f00af25db8bf51248d990cb106686d827386045
hprc4_L100_3115	4f06c926bfd38f6043a0f402c58e25cf3bdcabdd8dcab2438de7e7e498f31900
hprc4_L100_3116	da50a5279893c04b6bf3f7e1ee5233c402c10840a41b3c7cad46172eacb620cd
hprc4_L100_3117	050b621d6b4d7eef0a7f5706cf7bb987e73afb814a706a63011f853bccb2a9a0
hprc4_L100_3118	379b78d04ffa34f6f93c5be9baf3bcd49e1ed461fd4a5870ac678599c41bb175
hprc4_L100_3119	172d7cfc3ac16c03c71cc6072fb2c1b4082028b37065210190d0b33a4882576d
hprc4_L100_3120	246a301bb911888f071a8a56684d59dcbf674e522a4d90b2921876c539b6e239
hprc4_L100_3121	b89d466af40f794fb211a662ad2e242fa74f5d9e2e53ab79bbc46b6f4d3a8232
hprc4_L100_3122	1727640d3a403c54becda0b537e7088fab82fd589d5dabe595a158649d1d1bc3
hprc4_L100_3123	82e4ce5b6f2af60bd1db46c26b2e8ed3c9113b8cfaf634a6cdc83dc143674451
hprc4_L100_3124	68ef79de4531dd766fd463ade356b049dc6be80eb86924aac8a0bfa1fb7f668a
hprc4_L100_3125	52fd7cfa1b1c7ed36bde1f07242415b18631aad6145b2bda88ec9796a96be690
hprc4_L100_3126	96e1cd391b19137fda80ea4722510e5297488242d10d479eae387e7486cc8f09
hprc4_L100_3127	bf0fb77142a9c4ca00720299281a98b0649142020d958fc7f9539f79bd85beea
hprc4_L100_3128	abc1f9b2401b83348497d5e49d3f6973498a3e601cfc2cfbbd646adb173eb131
hprc4_L100_3129	4b4eafa61271a9e8a23d920bd87a767cad1621e76ce612dcf029e1365e53d009
hprc4_L100_3130	d9e55e1bb7dcbaa153dd05b666a8bc37c76efd0e5d9b3dbfcbbde443a4a8dfbd
hprc4_L100_3131	923e789ef186a51f684127a1fd7f4d821a9a02258bb0c4682c2dcbad93f2375d
hprc4_L100_3132	2d56fec3d6dcab55fa0b3a16d654933d8ea6ffcac07466a3d46cf35ff8b4e09b
hprc4_L100_3133	503c4e72cfd39abc79f6ff5e2516f50849dffcdb58ab05a75e93cbf67970d772
hprc4_L100_3134	fcbff4cb748de783d4a7e04ecae082108000f633dc74e1270f6c055dd68401a4
hprc4_L100_3135	9a298b16494ec3eccb79d353df3124563ea762c45f2b5fe59266795f0386b374
hprc4_L100_3136	efb0777ca80be079bead79404ec80e2dd85ed48cae309a6c1b7aaaf75906b1ec
hprc4_L100_3137	0358eb5e3b17ff1c94517a0b1d70e93232fd9257a6a7e15359d419d69f1acd7f
hprc4_L100_3138	8056af7972a027a715b441c8b33abb87740870f5759c0f86195654de99111619
hprc4_L100_3139	fd6d686d60c84f97b7f2ab48ae44bfd1dbaff97307ae9c5e408ae3df0f72adf7
hprc4_L100_3140	00b76e5cc9390cde8cb4396ea8658d5ec15067e530aa08ee48081d1ba1f6ec85
hprc4_L100_3141	c826c6fc0a7951def4fd2094295b13db7fd7a071277846acba48ca2c97bb148b
hprc4_L100_3142	043636f7d364b2a01b1bb37277115c8ad2043f5293160631155d30c262092fbc
hprc4_L100_3143	84cf4402ed82e34a322d0930fded755a4fef5972c9703c66ee1429f653fedc56
hprc4_L100_3144	47330e59bb82082bcdfce2bf9a3099e619879f9101fbb175766e39f96e6446cc
hprc4_L100_3145	c0c49c3e496fb14470d1051d2eabb3036b24e7bf78fbb58f87bbf468ff1918e5
hprc4_L100_3146	ea4795a5da5ad86a6b2f6ed33e12225d62af6dd14df3e006c9f66300cdd59ec0
hprc4_L100_3147	e2dc8d1e7ba469799dfd20e14d2d58fa3d226d8aee6f011d9c6a262bd7333894
hprc4_L100_3148	bf64aa3e81fdf7d59de6e32291a7ece4691aed4d8631cb65a18d0638fd5b8544
hprc4_L100_3149	54cdf5006992ef046d597102e0b627df356765f73178a2bdadeb9129af2730af
hprc4_L100_3150	0a1bb7bf363c19a3396195ac74ec09a9bcaa7ee1fbdc9c5696022fd692e99173
hprc4_L100_3151	ea1baba684018a4f337ec87e77de192ba88b503eac05785b40be1878dc5b93c4
hprc4_L100_3152	c7c230adc0bc3c576f08bbd83543ae229dc2832c25bfa2f2881f0cf4cafb2566
hprc4_L100_3153	55312e6a8eaebf6517af5a8e14711cb02a3adaceac401116243c8ae10e5080e2
hprc4_L100_3154	0620ee1e851d0a21ea406e0e928cc620d715431025a0893d35954d82c682b682
hprc4_L100_3155	c473bc4b43e10ddabae9a148cd136d47778baf817725977a955d3824f5e87401
hprc4_L100_3156	8fb3405896b060689269478849da0c545250ad3fe96ee078f5d969a26ef91868
hprc4_L100_3157	2889cab285dbe7d88f560ff1195bf3c4e734623cdd2c7d86a33168be3b5d44f3
hprc4_L100_3158	b76c87fb77988081bc870f17dff65a4f4f8f6d45296f2743d33586cf45b13cc0
hprc4_L100_3159	f8910e8cca13393dd7e8cd04e92fea5ee590ade5bb62735b438d8193d885cde1
hprc4_L100_3160	6e4e770c898f624746093b387920f2066f0df366c6bfe80ca4e041073e507da3
hprc4_L100_3161	db1ad671c812fa6a94d2a88fb115381602133b4680e7fa71beddc7908b0e212c
hprc4_L100_3162	6124a829d9a652fd838e82bdbee66b94c798dc6cab0b0848acdf96841e582272
hprc4_L100_3163	e4a01977d5055c1090b77a65655f2e33f8978f563b6ff98a20d0e190cf4be9a6
hprc4_L100_3164	8d65694761a3dfa3906de5d9306b76b44216d9d6a394788a237f9f57ebe2747b
hprc4_L100_3165	d767e0954c10f58ddacfc786f10fcf4b8b9bfa18baa45ff836402a466b688ac5
hprc4_L100_3166	6347ce7ced325e1bd412e3b336593a8400202d51a8d14dbad2d0a0e1533d9082
hprc4_L100_3167	dffa5dc6f6bc61c797a430ddcf0acb174794e4458cb253628e8b143f81cd236f
hprc4_L100_3168	e69e38909aed198d5f201c4df4cb84f0d66ecdd9af30bc509e99f4dc774b2da3
hprc4_L100_3169	2208ac5c73b81634723a4ad95e811b4cc7d036f04111699c739c4281903ab651
hprc4_L100_3170	bdc0c2f5178f89f54453979bd05e4ab97cffaf915c131c76a74dd73f9c19c4ac
hprc4_L100_3171	849d0236f66aefa02ec78a73e2cc587a68478ef76d6e7cc89ce091ee4b10788a
hprc4_L100_3172	d4772cf0c97ae701a8e89ff3fe28cf6ca02b85b76f2e3c69ea50adfa12915341
hprc4_L100_3173	7bd958d4afd528a7fe93a40ae3d113c9dbdf079a47e7cb7a06969bb96952be85
hprc4_L100_3174	7a13eb92b6c51ceb4d588e3769ce383194a92228f1fb9fd0e9e792dcd854efb7
hprc4_L100_3175	cf24e29a929dc681662847a18dd33e3e16625a5b4da428400f0b94523b52d94e
hprc4_L100_3176	ad9b9d33e5f818a8d9e04ca3843eb1853130f3e3cac58f90ec88e065eb158f32
hprc4_L100_3177	11ddeb015f26b8fdc28895a20e19983092c0f283f7524533d52378e0da28401e
hprc4_L100_3178	87aea7fcc3465fc2ada883e578024fd2db9fba564e008174187d84dc2db865f2
hprc4_L100_3179	4f26d4d14032d066cc1faea58957aaf3dc7fff5257e110b8f5c4d9f6813ec44a
hprc4_L100_3180	397eb42dde95ce262014247fd0400b21d4bf64a6903dbd507fca1ebc0175a212
hprc4_L100_3181	e65f94f884f76c5aa0880b49439fdbacb37cc331d2c5d7e5529bbb22e6e30e27
hprc4_L100_3182	26c81631503e9cf163ff2f077e6fc83dab838e246f58f172ca7071606992bba9
hprc4_L100_3183	cb51d5fd6a364bd8ef9539eaadc8e0e766495de256ab5454a13147dd8423b11e
hprc4_L100_3184	215c9b7b191b4130dda1a1c4d560517cff93f39bc10eb78f62d18ae7947a657a
hprc4_L100_3185	c623e033ea25f183038be30371e4c213836bd4768f6261d7e97c859556254d61
hprc4_L100_3186	1f50a6adae193a7e8a865728a90c6190bfa6100f78a7d87e3b48cd5866ff959e
hprc4_L100_3187	b0a938698a86299caf195a66cbf5c88d8d1cce383e67df5f1365e6a1695eeee3
hprc4_L100_3188	829def941ac1a39deb32f50000315eb0e063b6c4b14a06001e2611c74f6c1bfa
hprc4_L100_3189	2bfc4c0b8e5a22fd29ad09263820f9bb9863553fe603b60d2b448d24b3f6d36b
hprc4_L100_3190	515f669c2bf089632354ec1523443720f5274b316a91e3769288e42d05060552
hprc4_L100_3191	c2990e87e6dbfa0a5d82fc6fea0624ded9328581c012150e4f0eefdfaf84d72b
hprc4_L100_3192	c016efd1cf65a184cd7a885f0d242e0ab1de2f8e8dcab4e1c872d80d5ebf1e55
hprc4_L100_3193	3a84f3b92febd27b2abf1bef20d173b0ec3494e10aa0766a9768c6309fba4c6e
hprc4_L100_3194	25f01e73e37247b0b76c5d0ac530eee4a24acf3b9f6df6ec0efa95bd5e19216e
hprc4_L100_3195	339e78408e2a7191e4630872bf6cd3faa589891cc19534aa25d517daac3b8bf8
hprc4_L100_3196	cf6ce19e6c0c623d124881133b04c50b0df9fa82d0ace17564ae512535667200
hprc4_L100_3197	a48e23047e213c2e36004ba60afccfa944f67ff91cd056b13e0ce59ac625fe14
hprc4_L100_3198	7a84a2255f3957e980f4000fc95c64c9358f2ee7e5802314ce50a190dfb1c570
hprc4_L100_3199	570401af9682501f17090d2201ec75370bd832cdb62aeabd31a99c81de8d7adf
hprc4_L100_3200	0bd42a23f094f643f98f28f86ed457bf9c763c3a3202af97a4f2918d57fd9fcd
hprc4_L100_3201	fbaef198a3eabe555eb89c1d42815f0bbeaebc3fe1b86cbea9dc64be72773d92
hprc4_L100_3202	9f24f581221b13abe363e6aea48cfab63b83a7527563550cc2ca9993b351e492
hprc4_L100_3203	1a1dedb4f55b7d95270d7f67967ffac7fa02b4c9db4df770011aa3cd7f2394dc
hprc4_L100_3204	756ca7486e06d92845fd3f75429c301564b8c79391d8aaa3113f83e4e4a9c1dd
hprc4_L100_3205	b2c9049770870e023303bb71105ded3fa582f3e0dc73eb0ccdd2d46e0a7e4e57
hprc4_L100_3206	2d4755ae5619b2bc034cf5c5a8925da2c1ddc82050b5ccf4072166edc76daecd
hprc4_L100_3207	3f05e49877b74c00eb9b0975f88215ee01a89d0fd37c6111465cce7941670b66
hprc4_L100_3208	6b8e7891aa608fd231bfab19bd839c4cb2a40c877a6861bb84f1116ca40c4bac
hprc4_L100_3209	44af3124a373d12c75257180362fa75edc25b4a3ba789a8120ce6f552bd29b6b
hprc4_L100_3210	5d3881979aec882df0091e022f850af0f3aa3d84bc0f59232c8522cc5369fb10
hprc4_L100_3211	572097d489d40b2c60c90ec338ca68667b0c4dd95a55a536b17fd8a5a1a7cf32
hprc4_L100_3212	2249929e7324b3f98bb551eed672005c65efc986d60fac124e265f48b7ba1f52
hprc4_L100_3213	9352b5dd16980263e2bb18fd4461e4244da78ff43cec5478a129ec3313c7bddd
hprc4_L100_3214	c2b3ffa5197925ba5ed853b9a619dd7bf157d867d3707a28ae21d76655a02470
hprc4_L100_3215	5c403bdfd80bedfe9fd4fdafbf18dad6468478ef9a68063fa44c0b6b68802668
hprc4_L100_3216	c2cf6c98ce33c8d39b93f32e988350a39981b9e42bb3a0184ccebcc1177a7f51
hprc4_L100_3217	d9711c1b10d12f58e2e70b6941733cbf1cb91efcdbc28e08982cf82f508eb979
hprc4_L100_3218	c65d558d354b74b74ae8da3334b5a7ef35a035e5a95328b0b6bcd9c23f544870
hprc4_L100_3219	87ec94236073790204ad51370f18ff176d4d10836d2a5cade5ae3860a4abb2e3
hprc4_L100_3220	e800d5e9845533919721d170a9ab502ea653720b1cef628e8cd4f5f70104e4a9
hprc4_L100_3221	d7c4e906bca17bddcae214b7c3b40e53203fa7bb6c95348327a9eec8a08bec1c
hprc4_L100_3222	390d1f4aae812c10c546a49dd0e374a81ee9a7dad0998c28af3d5997f92fa2ed
hprc4_L100_3223	0dc4403f8e9c4f0050f8a80763d8e574fb0b768d0f4d9afd9b61db68e0948fdd
hprc4_L100_3224	006054111de86a15eb49fed3027e6211ea8f4a84b5c3e5c96b763dc7590a37f8
hprc4_L100_3225	b07989cab2b9485563b1bcebfbc0f1bcc37567d2811577960221010c89f0610d
hprc4_L100_3226	13aa1abbd20738a34d2ee2055fd7418409b8d2ada79bbc1d6b17917dfd35f2be
hprc4_L100_3227	7deea6e180a4cfa89afa4e987c0720b1ad2ce67daed60ef58e0292e0794f2847
hprc4_L100_3228	ef1a9a241623e25b43ae1f262b96658de31675297dca99c9145b66cc6acc232d
hprc4_L100_3229	a4e5d33af6c8e39f4cfe9d699fd0bd196703714ba5a4e1b1c0d3ce2acd793e6c
hprc4_L100_3230	1b927c45839bee73f50d9306fa142aa90bc71666c416fd0a723a405363b08910
hprc4_L100_3231	ab4722c088d55ae0612cd21ff9e4e0379d41297ba44a1aa3f30a0abcdb7c66e1
hprc4_L100_3232	22c94a4201e970d56707617acfec140bbfd9863a94a21ba1e962b68423d7293d
hprc4_L100_3233	ffc54bc537db4bbdc31e1200f953552526923754163945f9f28fabc264c397bb
hprc4_L100_3234	b91d65f15cdda726b4ccd6c6fca120c0f3a71a7001b68c08eec446bb25b020fb
hprc4_L100_3235	c2dfd7b8a1158cb86d1b1d9e54e4e785a03ad853704611c4a041b4c3a25e07a5
hprc4_L100_3236	e653794bb495cfedc7f8df3a558766ff262d78c072bc8fa606223584f018416f
hprc4_L100_3237	9e0c5ee755846a96b39313bfb568a207d344c5cc649b1a708ac127498f95ebf3
hprc4_L100_3238	f7bd16ac4212aa849abbe8f5433c640ef8ffc3adf28055c5f7d40be7eb731be9
hprc4_L100_3239	733a825c00440db94b2d4d68bf15a44bcf6ef1318ce639f6bb9d6fe876a95a50
hprc4_L100_3240	663c3d9e03dda4d6e5d253995b0c32bf50aa8b85c23b37ea34d969fadc2b1e05
hprc4_L100_3241	a771c0a857adfc6d4fbe9b2e6c92e77e8d00291dd12cccf0aef7ae9d47212d60
hprc4_L100_3242	b639f957cd5c62615721038657fc493824f0d5cf22605d1896b8513900bfab7d
hprc4_L100_3243	ff9fa059cb5d3e1276af53eebb1fc306e4318179eb94927efdf006deb6943ce7
hprc4_L100_3244	99635234c1cd184906b50c4ad2a07d644df0ad81b23b1e95177efed8d3e128cb
hprc4_L100_3245	e6cef24a2fb976d09903f38fae7686c7e92f36b32793b3a0e316646918f4e8fb
hprc4_L100_3246	8d67d7fe45f5a807ceb41b78991b10547654acd746b63a254c96502e928453ca
hprc4_L100_3247	65cb6a97bf4d898027947da59137f03694b1d773fc0c917f0877f5e2eb9ba4a3
hprc4_L100_3248	d62a193f01aadfa2763178abc3125d9ccd54932ccc0991a5585106d33f22cb63
hprc4_L100_3249	309797aea744aa186c557e22a240843a65867cbd65862f33ac2acac0c2eb3ade
hprc4_L100_3250	ac1cc8b00fcf9c5741744998b61a21e4d77ff03c5d90b7e66812d067a467b165
hprc4_L100_3251	d24498cdf1199fdb471b66f60f847f79faa7a7e36a86d00c94a8836919a751ef
hprc4_L100_3252	2f2a0227fb5430e927631580e86192eafa14a72ad3d9ead2e1c97bbb11562daa
hprc4_L100_3253	affccbba39bc0608a52c57cc3655c3e745784d2dd033e1f18ba334e69cd474c2
hprc4_L100_3254	60b124a45c12f87366e67f48136c81746b26f58cdb0f64045e7f20c07483bd64
hprc4_L100_3255	01f79ec20eaa2b1e963bcebfd6833a5f88a040faabc7115dca9a099de76780c2
hprc4_L100_3256	9082b827900bd138fea5bd600405b5087c48f5d04b9930ba7fadfca62def9627
hprc4_L100_3257	aa25e0253dc07c53880c19017e13472af6905740d6dc3e9a0f35b5f7679ebeb8
hprc4_L100_3258	87bface521b0d13aeb2eaf39bae90f66253c880528ab8f1abb370e73eb2c0a50
hprc4_L100_3259	39512a8b3b66e998fecb4a01dc0a3290ded09b35e8246b67ae1a7e598ea3b654
hprc4_L100_3260	5d608a5b84aaf6a43dc10888c30a4c11accd282f7288369502152fa34e60b68f
hprc4_L100_3261	47b87ba20658862a18dd571e3501eb3c45d5745d4f39450779388223d1adcffb
hprc4_L100_3262	9d333cbb0fca3ceeaf5d8fe8bba746fac6185c945af976b22cd4b7dd39c06411
hprc4_L100_3263	7b118dc53da9061275d093c98ce0317e2df97f32d9f002a5d4be3060f91cac89
hprc4_L100_3264	05ddb683734265cbb8bb184c96854a924a1d1ad884a4db8cf0225177a7b11459
hprc4_L100_3265	04fd0aefa2053eac3d80303763e80b30ffb24df73ceb899155cab27a28a27e95
hprc4_L100_3266	a41db23324c364ed6472b5ea134fe8be8a5e733c6961d206147bf305d58208c7
hprc4_L100_3267	4a966e98072d0510c1ca431754077169c20e5ab84f28bb427c612b42176b0147
hprc4_L100_3268	f02c05c2dda797b47e9e7b7b911e3cd1f8ba1241c9106cbbf8e1a21447bb93c7
hprc4_L100_3269	01d8a03a418a13e66fafd2e3f065af8f74af6376eaf75a858a883698dbb8fe50
hprc4_L100_3270	c02e2e376e9c9ae88d453a1a4fd1fb2ea641185d19ca3fc142efb0f6b8a43b3c
hprc4_L100_3271	e98ee6b919f3816842a8df183a35206f3402ee1c8118f775703e84feed0e12d6
hprc4_L100_3272	08364f13802d4c41ccb19ba1baeafa026642a2551a8dccf54cfb9bc6a0d30dcc
hprc4_L100_3273	06fafca142ab400fd806b48081b07e50e8c9be5fe7e426d5edc279e47d810fd1
hprc4_L100_3274	36091d936f2f3211d762ef0f0baf5356ab62e80788f5eb23dada25d3fce853db
hprc4_L100_3275	28d96d4d28e74850d340e2402a92d3e676039ae4c8e204e277234bd53833f62d
hprc4_L100_3276	528034d64cacc50f89664dc3e8581fdb9c0bd3de5713a3958d6200bf0d32cef2
hprc4_L100_3277	647701e630810883a679c835df9bb6ba9be78f165b202ef4db111e54f3872766
hprc4_L100_3278	cd57858784afe6d961cd18508b0557bad3897d2c3021aa5a3e192670ddc22924
hprc4_L100_3279	a0825d80912c814cf74a9031ec1c4d537bdcd48520a4cf4ac8103b23046a3435
hprc4_L100_3280	0802c50fbec2b31e39c567154699248577c322437492261e89cdac7cf4e4e03c
hprc4_L100_3281	6c30216f59a98adcd789e5c2e472429d6ef5f4147e2aba47c06122c848b4b153
hprc4_L100_3282	ad80236e236dc7bd29d38bc6c09e602c3d6a8645e86a1cc96abddedd76f8ffe5
hprc4_L100_3283	37df25f6b19eccab097e7803051d657b05a52593ad57b6f3f4b50fffcfa38587
hprc4_L100_3284	91996d7060395fdd9cd970fc5fe86209a4870882ebe52fe0cab930f44cb0bc63
hprc4_L100_3285	3349d7b190175070f38bb90c8c65133e19588835bf8ebbcb895d77e476ab008b
hprc4_L100_3286	cf5953cdd9e6a0bf83da833b6a0147e57969d3f6eb61c9c6ff343152b0b94359
hprc4_L100_3287	b79d9e1f4a2178aa5a14e57a0da6731e14097b67960bb4ca52119c1cca135a4c
hprc4_L100_3288	610dd566993bfa99f67a09d7090e42f35d1a70a06a35df2398905083b8e79ab6
hprc4_L100_3289	920f19c3036a2e471da47ed55d48a3cdaf1ab5c1a6901017e2fd4e1b0180611d
hprc4_L100_3290	2d4dbc9e4a425b90c5bc996ba68b726a2002929b99b6ab6eef0d41801643120f
hprc4_L100_3291	b41f52ce6a4da63861d82e5f6497ac2e76ef6e86d733641cad9602a5cb802665
hprc4_L100_3292	0a0cfbb7b72b02231194170a3d95b2fe6748bb2a26dd1d5c5684e2e3c090dabc
hprc4_L100_3293	b9a4b18a1c27ea8a124bcb736505f4289acdfb0961f0968473a9432888456062
hprc4_L100_3294	6b8b30171d97a3228278e1ede703cd9783110b5fb598ca6ed1d99162a0d17d16
hprc4_L100_3295	781bc3b39d88cc552e4149b333e42694d43d1140d01dcc9258f2a34585839368
hprc4_L100_3296	b31e0ef455651fc4d26d10ed4d277b6ac56558f10d2b2d3132a3f3ab0e9c2a70
hprc4_L100_3297	32a592d5941754004dbc87adda887b3195a941c884e963b215714ae7502d15f0
hprc4_L100_3298	981400d9df52fad087b504cbce9a158f6cde09c63717661c6f5303da4595a760
hprc4_L100_3299	85e5c48aaebb2085ec6c759df28f508d49aa4f9d9e453309ed80f8fc20611f70
hprc4_L100_3300	a413d0e5ab8238cdc80f94a67c6cf88ea0d6ddbf6a9ad54f7fc0309440c31c79
hprc4_L100_3301	83180ca9096854c2cedd856ced945f1c762272aa74f015eef6942a907cba9c21
hprc4_L100_3302	158dcf81d1b8f968459b189e41499f8f0394321dd81c6ccdaba6a6dfbcea5576
hprc4_L100_3303	124c74201fadbad8492beac745a9519a837beb81317dc3c70ab785224d0fbe9e
hprc4_L100_3304	7c2b16ed870ed7af0dc76aa0cb14e8cee0af0ea95af45ca9ca178d5c572853f7
hprc4_L100_3305	5e3b83dd115836ead39d8f17a9ff0986c0f43a9c66661f38b7cd4bf3e2db53d0
hprc4_L100_3306	eb591be6ed4313b6efdaaf0e956d563ef864d262e4c53b3a9f9710f5fe6a2464
hprc4_L100_3307	3d001b7744b94a8f4aae545f23a76fcd701a348811bd6ff4093f5007ca7ac0e2
hprc4_L100_3308	5ed8c4c3270a1dcc9df61edeaf9a82a0e91258761afbe94c314194cf4de03212
hprc4_L100_3309	9f47213b71e15b50d38c74c02a524090c4db1fb87b22d18f7f76deeaf2ea5631
hprc4_L100_3310	972d3277fa4dbc6de5fc1067c4e310e4daed2ca1a32ead9006eb63169ad1a059
hprc4_L100_3311	64699867ffc3d9122059403e55b4a05add68111e7fa2240766d624c09fe8e5a2
hprc4_L100_3312	16483772f9ea619a0342433d87b9c8606a038076497344ad617a963d63a79040
hprc4_L100_3313	1b2d9255a56112ee613e8695e224b05456569933a877e0eaffc870be334488b4
hprc4_L100_3314	0139f7ee4d164712855731d61351b38f82ae3592c6a1b879e831252518eec7d9
hprc4_L100_3315	490bd9021adb04be70350f551cc040e0115e964a832a2ee0563fee107ee9c018
hprc4_L100_3316	fc98c3a1f02f8c6182a0b05e71513e692c489dd3e9b257090cf89579e17452e7
hprc4_L100_3317	2457047c1b62561baab3883b001451b3b95cfcefcc9a3f0bad17a341b7d1f261
hprc4_L100_3318	0c678a913dd483222afde24cb8da1c0e6b2e6026d91635c96884cbf30db0fef3
hprc4_L100_3319	567d7220660723549f16cb740207b3caede86ced29192d93394418d4dbd606a6
hprc4_L100_3320	a16a97b85d68600df82e69f11cc426a1f9538eafc18a284a1cf67d2464f10e53
hprc4_L100_3321	a4eb9b4986d79ff84c50f5d327a0aa49fc986de05fa332bc9f40ffde4214e6b5
hprc4_L100_3322	526f2360a3bd727c587236fce9fee6055bf067ef153b33fde861547c9d003e8d
hprc4_L100_3323	5c35ac85a3dad3c088efd5e40026c11bc2cc87002b63a03143e24cdf00b97c58
hprc4_L100_3324	ff9771d83487f2f8d8d23d9bfeb9538a40760a48f4b38102da2ff675c1e3e204
hprc4_L100_3325	1d000f9c1ca3599457cbd74a33d06b0d1c9145d673a6318a3486a0b589d786fb
hprc4_L100_3326	99efced33c7f569622ad76d307c2af4115c6812a81e9454dd5eb8b5b62f7716a
hprc4_L100_3327	e9152e81ad2b2fccd13eca84fb6833ae3c03a56096b40a9d576a1bdf4ff67553
hprc4_L100_3328	2dab53d99c066ce0dce96f8c5bc39d34b7c99b2734ee1a831dfa7429c8e1764d
hprc4_L100_3329	81f9a95f80751a1069065dd6726ec91410d0ae35bd863ee67e6c883213a60a75
hprc4_L100_3330	b59cd8c324787038b724b2c057cff3123d12c874cd1c4dd451232a87edd61259
hprc4_L100_3331	3c3a9c57f5dd1d8a43418655b0d0577b5498c4fb759c1734968c263007c233a7
hprc4_L100_3332	3b6fb8b1e06e562988b2bb7b41d97a5a16c812bc999befa98bfc67f92234ae34
hprc4_L100_3333	c907bfa81679560b03fddc442431b3fe64c704cc37adc4a4e26a3293da615d3b
hprc4_L100_3334	2713b31325ff63c83a650fe50e354bb12543458e0022c9d179f659e696257366
hprc4_L100_3335	c71de3c982925cab036e69630eabb0bbfe98fd5a7e26602b8b83d5b7063b4f4a
hprc4_L100_3336	b434a9f757d10ddb7f3c4e6b40cfba5f59da5af0bec3c9c7d15cee1a7471c24a
hprc4_L100_3337	211aae00473526c960d21b308d7a31b0ce076e7e65ef50453b8a7dccf88ebe04
hprc4_L100_3338	396f462e2bfe566ae3f69a32540f2d1c6fb724594603f412a15e829dacb244bb
hprc4_L100_3339	e7a93fd8319fa03e68377a926a46f3c35192bac4e4eca2270e38099b67bb982b
hprc4_L100_3340	bd87cbafa73950b280124488d099d321b7532a10d8ce96c0756c2a4004ba5b11
hprc4_L100_3341	e88ed6d9cb92605acea2991a44a290e5ac43d0e90d62275a13348808beac5bd9
hprc4_L100_3342	31fc0d54c7fa8fa1234ec967357e9033b5bd356095628810be234119d4242168
hprc4_L100_3343	a667c8655f8b1055f8b8fcfd9761dd5029d882e33de70014b4d06d04c39ae735
hprc4_L100_3344	a77701a4461f19a0de8bfb5b5d1d15ee31a8f8b07d75b48a1bae766277dcf451
hprc4_L100_3345	f72beb75b7113039abfd30f4aef4777cbee0d8c86fe487eec5ac45ab12a0855c
hprc4_L100_3346	2823ced3b40f02cb9be54889179a72ffafc949a389e8f1f0412d0b713cb893ce
hprc4_L100_3347	43d7f2f1945b9ae3d3c0b89a2654ae3f7d2df9199c625464613adfba1314b7e9
hprc4_L100_3348	4390a58be34189d1b87d87e4de608a9e731875043c379d130d8fa6f3911643bc
hprc4_L100_3349	56c53865608670eef901a10ce1fb289bdbf77549d5f89c98dee4ac8c29c4f266
hprc4_L100_3350	47263348a09d7c421d9ce9dd6f601493a1f9da63a5953978b1923925dfc2bb99
hprc4_L100_3351	63ab29daedbf51b0d481c0e80f4a877256856ac489355727ce9c50404d5c8bbd
hprc4_L100_3352	3906b7e9d8eabeae11cd7d19dac11bf9f1a1cb7266eb1172fe30872c6aa829f3
hprc4_L100_3353	dab339fdc79e29a7472af913fc440a0297cacb83e2c4f7ec9286b79ac99bbffb
hprc4_L100_3354	e550c0acd35baaf2912b6d4d8f22902ff2e66073b7285cab4d3ec434309fb7c6
hprc4_L100_3355	1f808fc5f748df8b75eac374aa533231d5b49750e83c5cb9d728ce1b12d3e205
hprc4_L100_3356	0ea51d3c6a94d37da5cbd3411d3f3be0b546f6306cadf99e4df8ba62b7383f29
hprc4_L100_3357	afc23ae2bbdb5354cd9c8dff393b43f162f0288a1050b939477b3d6dc47d2d8d
hprc4_L100_3358	bd7691f0ef0e4a293546e56d51b4099bf72a190a289c3d0fbc1d5b9d56004f84
hprc4_L100_3359	fd58dea3f720c233fc9c1ad88e9b438676986658895ed3ceecdcef07081bc2fb
hprc4_L100_3360	31398bdbb20ced3beaf0c75408f8512e7cfa4054bcd2e95339d2958c19bc6098
hprc4_L100_3361	181dfbfaf7d80c747e80ac05554808878e39a77c04ac49267bddfde78b8d05e2
hprc4_L100_3362	9fd66596b6c3fbd1e21e72c856b1bd102155c36aa168ddaca4e7412d6599c8d3
hprc4_L100_3363	69e5ae4b00b65abcc0650a0c4cc71877ccb3edeeaca114ad852f36673d1a6fa9
hprc4_L100_3364	e949fc220684106b1ae414373c092b5da7f756ec24fa72a1a966704c9e716dde
hprc4_L100_3365	d51f51ef3462b9b845d1ba4a0e00de92d44a6a72d68283af4fc3b3beb6aedf27
hprc4_L100_3366	ab8a7d14795da0ca1a431f0e4b2448dbc1ee10e7223f28c581dd300d4a691f09
hprc4_L100_3367	7b3aad8314f6f54ef69697d96e33828b5b94837baf1a8f6bad4e110e35bd0f96
hprc4_L100_3368	a11e2750ec4faab5ab1ddf28c8749389ba19781ace410a0725be991d7f6d5b25
hprc4_L100_3369	278d1175867f68fc00f2adba5bfd363dd702401129364232b8964178f17e7004
hprc4_L100_3370	fbb72ae4215a34f2a05c47180b3fce34aa2c9a9ca85ad81b2b378d7cbdac24d2
hprc4_L100_3371	1b3f243f654be1311113a2fa2f00d05b5b87ba75c9e808fd599f536a313c44d9
hprc4_L100_3372	af33a954da0bcd140bb0fbb709af68898b16a048ddcc1f4a747c7b9b928f9b53
hprc4_L100_3373	b2e595be161047efee17e3449149a7f43294108638e54584bb3c6458b632f124
hprc4_L100_3374	5be7a27268018c43460ef43b4afce87878e383dbc974ef965e2519e17368a6a3
hprc4_L100_3375	cc1c2d8f6fe0865d28dac34e427476453fcf131868a6b643ed7e563b1b9194a1
hprc4_L100_3376	750b1bd44eb41cb6c708f625a2e83f382a22085525f676c26087f0b2248b20cc
hprc4_L100_3377	7a49ff6defabf67cc2a0a723b6a342a8d0c85e52183930cfc8d43a4980111406
hprc4_L100_3378	c962841c359598d8afa3c8786b582a91933db9ad4a7a1b924f068f04fadd6fe6
hprc4_L100_3379	1cccc1d52410866203e0923983ec9d070edde5be7bfad2b98ba5e69a8b27c390
hprc4_L100_3380	a7271156ba5124383edbcd4906adafa54f7c60c4f61c636035a166886ba5e1ab
hprc4_L100_3381	cd79678238bd4ca6834721fb236883cd841869f33a86763e963f4cd0698c5e3a
hprc4_L100_3382	4b944c193e2a967ea58605c447aae6a9f2526920731f1e9a838702fe3364caee
hprc4_L100_3383	ab01067aae166c8841fe4c997b7706d41733e5704ecdabd3a7afb1878716e3f0
hprc4_L100_3384	a0899ff80b93f5835ba187159db37285150d03d5862960a4aa623a5222c50198
hprc4_L100_3385	b8dbda2111e98a96f01bffc2255a5d62b8b5ce1969aa6151dcf6b176cace7977
hprc4_L100_3386	ba46ed90edd2c20774f86db236e4ab8d33edb4c28c585354871b09c7c6d6efa8
hprc4_L100_3387	2105e4225598039ed1f440113736faf0758936f04efb9918ed09935bace58bc4
hprc4_L100_3388	2db48b69f719c1bed00e7f8250fdfb01745b8b6818ff47786388875fd597c8db
hprc4_L100_3389	2ded1ce4fd09f478d989e30953445724a57c6c0c0135f7f2f6236c7a0d404dc4
hprc4_L100_3390	93d1a4a536b742d60ca3d588b6c22565b83f3bb67e1f2804257194a78830ac3a
hprc4_L100_3391	489770ea55c9636508db3c0d7600a0f6e8be9591c36c844507bc582c642bb7f4
hprc4_L100_3392	666d433f706b4ec32db6b54702fb32109b53156523113866c1b503ee652ac722
hprc4_L100_3393	ec293e6a3f6f6eae2c3806a8e4a186c22a644529af81b6ada7743f049a5ce016
hprc4_L100_3394	b2c76f8381ca34f2ab1ed766db859a9b434233d753c99ed0ddd9d29ca052bc1e
hprc4_L100_3395	6e93c6dc0a79d36e6c272803e2fe7a801e0d2287b345ec4661a5addf70c423ed
hprc4_L100_3396	96ce9789612c5b9a697c42897bc78ad1a5df1d40368c42384df4d5b37a6cf83e
hprc4_L100_3397	9766dc0e9dd1461b8ef0dc2f618a471af6683e3813bceff7c5fa65e593fc1d9e
hprc4_L100_3398	6c027dc00dc74ea3193f29b5a4e4ea84d06231271f8ba59d7cb3d1207687f8fb
hprc4_L100_3399	cb3d717a1fae3991a97469b6f7b1dee144202af66f2c805fcb2b0b5c900d2653
hprc4_L100_3400	ee24b391378e9029b6a892520b60e90dcd12c79601e51468fc42dc477225f9c7
hprc4_L100_3401	4ffa0f5e54117a85ceb561d8ba0932ab380b398107234613f4689797fe6ec11f
hprc4_L100_3402	db4d1bb3db2cae88950c3b69be746a657e44946286e477052162c3207241b7ab
hprc4_L100_3403	8e1774feb7f9c20ab03aac1ed82590cf49ec12f4273b2b5eea88edd73b2fcf19
hprc4_L100_3404	7dcaa784b7b5923ec73760634a5f49a31046d4d43d043bc469c67882de0d22b7
hprc4_L100_3405	1c378edcda6e8e70cc5fc6dbfd1166a2128d5680709e1b1e46f6367bfc51c0c4
hprc4_L100_3406	2602f5aec64fb1dac122a86b2e3e9132cd2f46060cbd18304b8a1870df729df3
hprc4_L100_3407	728faf93f67f4cde1b60aed47823f83dd5612de9ae23979ad6d56983ea84d002
hprc4_L100_3408	3165a7808e525f24708147a2fc76fca4a8dee15402cbf4af380e170e35e232f9
hprc4_L100_3409	0b5e933f2297bc11711594f4cf18645ab514ee7f38f3e2035c43f3885966b414
hprc4_L100_3410	c9b0236eb40ec30db44e0b2c58d609edab44c6296688c0b293cc1d5a155f9bd5
hprc4_L100_3411	cb0d1f5d950acde8ca916f2d3ecb472f748b5c99105f7eee20b3209b1fd4743a
hprc4_L100_3412	e9d7cae42786708dccc113b832a1a9fd5883986cce7ff478386646daa900178e
hprc4_L100_3413	99b319ef6b4b198b0f288502672e073a0573750d6fecc829764504ec0135ccec
hprc4_L100_3414	de3545986dc4052629b120c50cc1b072870e7800f5ab56a6c431277dedf9e903
hprc4_L100_3415	5512516cbe25144757afec71d4ffb24b0ecdc2bbca114f91b19d452f073cf6df
hprc4_L100_3416	6a380893ecf4ddaa32db099a9118c60fb95a93fd84dfc159b15fc25edd11900d
hprc4_L100_3417	2c15ada485a8ef74743afcba3efb07b6a8feb83b0d49545cd4bda689c0402100
hprc4_L100_3418	1b20405f213bd2e738261ed72909a0f9bcb5fbac33e7cfeafac497cadfa90216
hprc4_L100_3419	17efba7ebe104c845699bdc6eef00139af1001f6ac4b43211a8cce6d1c359a39
hprc4_L100_3420	9e27a8e012f6b51472cab66881b58ce1f514dddbed02c788f9223934ec5e8772
hprc4_L100_3421	3ec5188b397224c2ce7edb04be5c5063cdf0dc10677baf06318b1b4f60667e00
hprc4_L100_3422	61fb4e03b56ead1319e1712c0fb971469f85a46e300613d92e16c7ef291a4562
hprc4_L100_3423	00611ab336ad21bd711084df69576451fe7482098849cc6cd6da838b680d1718
hprc4_L100_3424	9317da9d4375a736d38e730d39f030cc7491bc48a28727af70fb9dc1b9e69566
hprc4_L100_3425	5f7b25e21b87198a98506ad316595b39631d20ae78cabc719708e51002984cc3
hprc4_L100_3426	4f2d44f1d0adffeac816784f1bee896e4669510ada7fd99ccbc8a9fc24397bb9
hprc4_L100_3427	5d7f9c5c3cd3bcee8c33b125d630ef483797213a6c48e8f39c49b5093faf7216
hprc4_L100_3428	93c0472c19e241a04cf92751054116535a3d396dc6dbed1c06dff27c3a21b34c
hprc4_L100_3429	bff01ecd75f36d45aa160ac9455f4a5403d785815fe47ed806edc0996c892363
hprc4_L100_3430	bdcf3154a736cc605eac8dd8d298b3060521ece0d9d8b47131f95772e62f0b95
hprc4_L100_3431	b6dd7185467f2676419affcad24bb485368dd52ccf066a82a7bd0930ac2bd6ea
hprc4_L100_3432	9c23640c29ed6ae1c9d18fe46dbb255c6a11017005d0dfe549127b0ae506a780
hprc4_L100_3433	9af6845534fc49ac9be619d8e645313e13e780f987bf3d2ec17831115f07a185
hprc4_L100_3434	f58700aa0bea0cc81ece335f544bbeb2299c93218dd70d4b964c95b4704ab170
hprc4_L100_3435	7c47f36e63dd64f05b0b82a8443f08aea67fe73d5e02d98f9f18e2c9c1f29eb5
hprc4_L100_3436	b9419c40d8d8b0e171b8b841d68d40c5fe4fbfa5eeab227e1732d748748b8d3b
hprc4_L100_3437	9ab5358be7b7a6ea71ec05f80cdff0aa8465be44e35832acf986bb33c4b00aae
hprc4_L100_3438	03fa9d7065d745650a55967ef02abeda7ccdaad060be4af0d9ea6fdb2a2938d6
hprc4_L100_3439	11b2a977b9201844dfe87946633a70eb36fa54e5b2e6a8c979c59aec4a412431
hprc4_L100_3440	3174bc6f695627796e42affbe569c84d8af927dab025d567193eebb523a8dbc1
hprc4_L100_3441	febac8f28e42c8726c1007359e6afd7877f733f9fe451a6e47fc90c32b14e66f
hprc4_L100_3442	2b345b970e9af40013e79c8141de9dac6a35a9803f5b5652e9931dbad53af3cf
hprc4_L100_3443	8b37cde1b61d3ab759f3270b003e90fd1b4949df51b35f6e4f5c5533e13b86f3
hprc4_L100_3444	ff935c3fca6b2c1bff2c84e4db8ad1fcc871d0daa42686b71ca9bd84cb28fb3d
hprc4_L100_3445	85cd7b56bfbfcc0c38e66de889a4fc9587a13face0190f5b4718966b9dd4efba
hprc4_L100_3446	2773f460740507b736867f33227cd65b9c93bece0499a8f0b3a66f10a7bc1f56
hprc4_L100_3447	fdb4c7b9f07e2f05cac0413d131d6140bc54a0db6057d0ffd35cbfa1d956a6dd
hprc4_L100_3448	4aec8a22b1f3f41d9f9bb0b0d896fb3869c7a18598aecb097c124ed3da51ba95
hprc4_L100_3449	d1c9a73f7ff4b4648e8a6d531344c719ea99f24d6486a9beab234a2846af7e70
hprc4_L100_3450	f56b72bb222b0852bcd586e6cb0b811fd897272bce5b86cf9d28d25dbc5283c0
hprc4_L100_3451	360e6bd93a369db059816fa3bdf713810d9312f3b04efb98ccce40d1e276eb41
hprc4_L100_3452	970e580eb9b861aa76970a07ca63a7c2ace09574b6b5e6f60c884d26e7cb9f39
hprc4_L100_3453	8841a2af34ae2123ab595e9bee8d6ddcf96b1a819ff8842b8590d988d3e4aa0e
hprc4_L100_3454	6de7f8df06e14570a8e914ab3dbdf5bf8fe983a1a780e2299ed59b2123c43651
hprc4_L100_3455	33b78cd68c74b6eb622a3f8329d5c0ce242cf5be381b95d9a954952b70fed821
hprc4_L100_3456	c19f345215df5af122320fa760ffda5b71ee9cfc58273bffb38502e41464f838
hprc4_L100_3457	fb3882d1fa570a3c11283a13028e59a5a686e89cd32bef462c488b526877abbf
hprc4_L100_3458	edead7e1da5b580eb060d99ac9e8d04c59394a72c8fad4dc7f45d8858e24ceb0
hprc4_L100_3459	9f93a4e39f1e34934c41fd354f07cef9b2cedcc6a0786faa1e70a369e4ca3b8b
hprc4_L100_3460	2865871291d766cb06ae01966fb5f634928f74169b685bf85ab4d1f4bf5e6c53
hprc4_L100_3461	b58f9a3ca44385a870466a4cc373a6d7df84b5357b2d27909d574733c0ed6911
hprc4_L100_3462	85c2f08b4a0bb8a29569b3520c67641cb1089a075614d5703badbd4f3a9cee5f
hprc4_L100_3463	48e997191da2a2f4f7c078f8cc43675d0c5e5813b9c1450cfe5d9a8bd791538d
hprc4_L100_3464	99153346c1bdbf36af0d6a3f9af6acc0ff2f7d1ea2926f5e8d785ee255940a8e
hprc4_L100_3465	4d18f6294774bed278a32f9696776d90f126fc49227d803e0d0c0b7b25054671
hprc4_L100_3466	0e62225b899c1f9227ec44e770b5cdf101a1a98cd19d9683ba347c86f1cfed56
hprc4_L100_3467	8028ca72382d11e180d45b30f18a8d472f19c36bdc9e0af13d4b88299dbdd79f
hprc4_L100_3468	a316d5cec1af4c301b9238941775fcf09273080fd2fd9409cece06a3de18997a
hprc4_L100_3469	4d07244db01cdced7ea4f1ac51713da77d488b0493e63b13141da7b7513453f8
hprc4_L100_3470	7abb00da373e6599f4bfd278453deb81acccdb97904b6dbb7d2060b6a2dd050f
hprc4_L100_3471	2abf752cdc5903285dd445aec62b3790c65531d720966e34df70d5c102d98882
hprc4_L100_3472	c9615ec563fc1c3eaad672bdad931c6548cf9027f92aea6dcba95881309ff4f0
hprc4_L100_3473	f8c4ba82e60ed9a0a73f81fd679bc3255d9bd3a9d27ba3c2d9c4bba620d8ebb6
hprc4_L100_3474	0d8e05890a3eb741e939d407823ffb3478725adefee62ac1afdd9420612430f6
hprc4_L100_3475	e5d1f40be272a5c71607ef4b18d2cc4f13b251ee260b5a7254b87dc913d01501
hprc4_L100_3476	4baf32be4b80246b9fdf0902e979e6d09ca444b6f419709b2ff8f12c57ab0e2e
hprc4_L100_3477	18ad45dfdb06ab635c57776cfdbd9229c83f79dee84648a13ba0651a82ad9e0a
hprc4_L100_3478	fe844cfdca0f16c062fd2403106b5924083a9739ccb88881f93d4e9a27594bef
hprc4_L100_3479	abcbcaf96201e6636c0cb94994dfbc8abadfc9320b8578ef1ee18cb1455f792f
hprc4_L100_3480	f07b5a8973400de4da76d920837f5a4bdcb1ad2938163da32107a6ea3d97b984
hprc4_L100_3481	26c092c74649b337230d0c39f5a05cfa6f52159e9bf11209e9016ec0a2578431
hprc4_L100_3482	2bb2b4ff47ba13e57f1172aa9ae4944d483604585e9399d5d8bb2812fe33351b
hprc4_L100_3483	61641534c2651bd3124cd540fb6b93eeb9b603a2882be61bd324c0c1753c971b
hprc4_L100_3484	4eeac8d95dac7ca596bb989f30edb54e2e86e8ad621393d31bc793b725a6c33d
hprc4_L100_3485	fab4a0d54c913fef85f8b608c4fa8a7fe64acccc850cf127db5d5d52d945f159
hprc4_L100_3486	f3742c36dcf59c27d436565515423b1808bd88d9d318241c0932fae99165d742
hprc4_L100_3487	fddc13a24d44be030150407edc0e0788fb9f13f7bd7495671f02f047ce26018e
hprc4_L100_3488	9e8bb80516fce51719e6794a0a95e22454057f08d3c3c9cc743c044c7d53e31d
hprc4_L100_3489	aa31e2c1e47e3398750feb172f905c605ceb8770d48bc4f8622fe01c76b48801
hprc4_L100_3490	170e9d0533641ae73b0f220c5b9adb36050d7875e3a0fb33ee9006fc7c0b9d17
hprc4_L100_3491	95a76d18071ddf6e87628c35071c3c7e032948d34d1b6715e33853f997a5d527
hprc4_L100_3492	e71508304a93622a13f4ba8c6ccee5aeb8276913dd932755089bb05cbf1caa07
hprc4_L100_3493	640e1d09f39c8abca46e7118c684d9aa6d4997e0a291670549258fc5c387ec14
hprc4_L100_3494	c6750609b9b94158d5a68bc82f569f60d5abf0f776a4da35e623337a76d602ba
hprc4_L100_3495	01883523354c7be41488960f7021314bf0d97156febb8ce2ae732d239eb09a94
hprc4_L100_3496	9041969894dd50bf4b0e3d756e4a39caf16801f3d1517585bb306a74691bf84c
hprc4_L100_3497	f9428ce890465922a43785203e9391ba441c5b542c7d05664f5736a6980094ba
hprc4_L100_3498	69767fd4c17d076f31c09e63ba3c1e2310c84e271f52850f519bd6fd597a935a
hprc4_L100_3499	d6f34afa31c02434c37bcaa1de06cc3f299654d8cefdf7bc1cb921ca2ff8c71e
hprc4_L100_3500	a669ffe801b5d2dc5afc5b1b4d29b94573f681fdfd41b32b95daf993ed8eb8bb
hprc4_L100_3501	da3cd84a1098705cb82ce7b0ffd41cb097e294691a03d8ea1450b8335628ab0d
hprc4_L100_3502	1f7ef10ab0899af8563250a1cd0daa2a7bb9355161e34d6d9a13555cd520c4df
hprc4_L100_3503	ffa65a846d6c07be407c8add3f0c2a141c52fe5be7c544418ce5aa80bd44e7de
hprc4_L100_3504	064de0b4eb5eefd3fdda4b6320aa215d39bd116107650945f480aca4c13997e7
hprc4_L100_3505	d8c3d0fd8dcdc929b50d75aa9107fe53f94ba9f40190231761d642fb4930fe02
hprc4_L100_3506	3c5e8645487d939bb3e05e543fcc6d86ff4cb00e9c9b8243c64a8de3fccd2414
hprc4_L100_3507	2fc12645838a0ebf471e7789c3a3207dc0fcd071d6ca2f04f86fdfdf5c980eba
hprc4_L100_3508	da8f7b355d37a22a96086286b1c4c5f1794b3ed3b7e1ab7109ddcf103a67dace
hprc4_L100_3509	e6c07e74df762c2fa73c6a250aaa54a44fed44e394e42c6d097972ce069e165a
hprc4_L100_3510	704fd573ce098f9143980dfcf58501205b63531fdf24fd58b5a5870d730db3e5
hprc4_L100_3511	fdcad6d4d3772c3af84446b29a13a0bb824dbe9d9ee103bef66c891931d1ab5f
hprc4_L100_3512	ddb0069d5dce64751321de9c99edcbe98c95abe38210f4fbce6a0f1e32075b8b
hprc4_L100_3513	94974a538e2dacb688f073fb4276415d258a7618b15602ce030b3fe870b57858
hprc4_L100_3514	4d68a768fe85f9232948ec61b75e493b063fc8c63bef7ff48cffb0f0d5cacc76
hprc4_L100_3515	072fe79e623e494aff7f11601f295d8f88769efd6d4ecb88450121a13d560d89
hprc4_L100_3516	748e168ca3f775f3523e8ebca73bc4d44fe2142f4627937536f1b02b3ecde8e3
hprc4_L100_3517	13cc59d8af1f0e01da898a7d854a772cc2e9e8d3b79c19148730b8cde10de188
hprc4_L100_3518	0a2011be4f8eb717096d90e333ee478621e3eefc6c43a64904a3d8ab1b024353
hprc4_L100_3519	634b01d8d43fd7254d2fa7ef3991b9d1aa18afbe1acd6fc1578f0258c6474624
hprc4_L100_3520	f22793493994719ea09aa5bb31715e6b5c82734a57d7f04f6e878ea9a7451376
hprc4_L100_3521	06bb346aad2925a19c2091bc1ac6fc6559e1eb4008a22f369846048e08d2a77f
hprc4_L100_3522	8abfd062fabd75abac4ca7a3f1e89b3a528c5c1ea72cc933cc2511cf691dae79
hprc4_L100_3523	bcf774f2797ae70188865662513e1eee44070c4fe4b0ffbeb013569128cb600f
hprc4_L100_3524	b04170d211de1818927678028e742fdfc350a703a3ac116882b0f5ea2ba535a9
hprc4_L100_3525	7c21f15498aad4067d5c90b6a6944a4bc515061210b542d96b2e8dcf78b673ef
hprc4_L100_3526	100e39e6e3f645cf013bcd7eebaabba549ebff02090603b063425c75e486554d
hprc4_L100_3527	fb1ac5f030f55243e563534048c495ac9cd06880fe61bcff5f1978823b97fdfa
hprc4_L100_3528	c63f6cbbbcb825874cdd4550ba35eea0a948140f68edc174dfb64fbffc3ad7d3
hprc4_L100_3529	40ef3c2e46d06052fc6414e6735e26a1565f0820c1111d6a308ea4f859882361
hprc4_L100_3530	70910ed40578c055cda43888d92322b50859639e51ae40a408e104d6025f688e
hprc4_L100_3531	be2fbae0dbeb45482e753be4283fa5502f34083219d6a9c4a26a0907192d604e
hprc4_L100_3532	903fbb1570af9eae6d2c60686335ad504941e70658c092507d61141ac30883b5
hprc4_L100_3533	02310d05c740383c1896d68f1cbbbeed47f33f5a98e47c5e479662d652a22bd3
hprc4_L100_3534	a9475db335d74bf61a73c85f77c06cbbc1e71c20eab5dba633658a297ad9a2d1
hprc4_L100_3535	96f2839a58cf347cd718e92958d169b15634f9d54c0afb475483d01600aa4717
hprc4_L100_3536	be438ecde29d32f7ad4cd5791fcb3592f6cad70648849d523783c18222e171b7
hprc4_L100_3537	d4c93daaaf1ab4cb12eae91d3d778d2d6563960767b86519779ddd5b79e722b2
hprc4_L100_3538	5a3fc6a179e2c172b852e557baee6697764885f88fa4490f7be00c3aa8d18210
hprc4_L100_3539	c191a4067c6b7980a4b086cfb7142eb5fe498de2f20d3eda6072a999bbe8bbbe
hprc4_L100_3540	b85a5140690f9890dbb7fd2e4d0f3d10cebeaaa319cb4b59e9ddd94f61ddc980
hprc4_L100_3541	f9a0ac0b427b923c845bfc14c6f1b7b3a95f563233b1b60c89cb6dc12ade93b4
hprc4_L100_3542	7df97ca14097ab684d82e4e69aaf0e9507388463b11650fc3ce7595fd779d323
hprc4_L100_3543	5f5915afa2480dd61fc3c2b4d4410a6e63db8abf0063b25f270e7457ed100a5c
hprc4_L100_3544	6fe83409c9336c0136cdfec5a40f8973eb0f34ab77d0b513f44f0fed60ebad27
hprc4_L100_3545	4888fdc341d5d32ef6c8db9a4f9351091b3afc94fc060196171879239b2ad8e4
hprc4_L100_3546	6529a8e17f07a80528a37af72c8ceedbf3bebf13b981a786feec8efcfba44805
hprc4_L100_3547	8e577f78efdadbb86001706de0393353c592d2fa761b41a2325f1028bfdd1160
hprc4_L100_3548	071ac44d483d2fef4e2db95335f0b4f994d20335f835ffd69cde69d8be443ec9
hprc4_L100_3549	10b3c1e1659ab0f3b91501a8c4355d19273e3f50b563902fa6c71c6b493f43be
hprc4_L100_3550	cabc7cd6513be4cfd5c450aedb7d6d893fe12d4dcfeb98fd1c2d4c919c2b91a6
hprc4_L100_3551	0df897cdb293ee60a7b0aa5997ef0c3c9a8c348fabee2d75fe31cfd732b0dfc4
hprc4_L100_3552	1f57a632ddf80edf62f214dc52f70d4fcf05fa00fdaecd843daa94f515048025
hprc4_L100_3553	33d935bb6473f42ff8c28a2abd04b03747945383e39cb688a4feb8eb7c537976
hprc4_L100_3554	b7d892f7b305f93615239e7ddc77ec1fb93c28d78ff5a82e7c2f5fbd21f6bda7
hprc4_L100_3555	eb1f7ceb60fcd6491245b6f1df19bc175146eafe9d3cf64cc34eb730803d6f4b
hprc4_L100_3556	d3328506586bdfbba943663bf4d4c30778b34c1d578de6f373b0bcdaf9423aef
hprc4_L100_3557	8191a738044fd3418cd2d1e6e4a492351ea18d7afe96e13c0f716e392e2733a9
hprc4_L100_3558	836de4a107d104fbd7ca66fdf9e86e730f3d1178fbbc3d373a25e2c316fa4871
hprc4_L100_3559	03f23c786bb42531e8cee7d1b7d45f7eb9ae38754f00611514e69a4e48a327bd
hprc4_L100_3560	5ff6262b8e11dffe8a417ac3572a68bd02dcfc1976a2dda7a866556f273a6e81
hprc4_L100_3561	1204ca0ad9b354a98733f5054490f3902386469f4ae7eaf31abfd49ee51e2b9d
hprc4_L100_3562	0df95732494675f2bd1f047cc234b342e9c1f95003115b03ecee15a4f097396f
hprc4_L100_3563	cc255e3a2cd7091064791b847d81c65e9a00720856d61687278359db50906e2b
hprc4_L100_3564	7db046007f7fd0ce1ab7c75305b47c70367e44846f8efd48d7bdf83aa438bc76
hprc4_L100_3565	ceb95c9637a72256b62dd4820c118441d7262cdda4d31d66881ba9c6bb658584
hprc4_L100_3566	3f96b3b189aa7f3307739dfb82833ecc83c17f223e9fc61429343d54cd9a96f1
hprc4_L100_3567	3192420f68908583c3f241647bd8945bfb1c1b353e5a21662ba0ad58d7294a9a
hprc4_L100_3568	9fc968a237c96836b764e2b84b6bdcc8e0125f1672666ab75de7c49a5b4e9ba1
hprc4_L100_3569	1839d010928dae3fcefe1a996b2064609fa4b5083f5be6bbfd12c793810b4237
hprc4_L100_3570	cf3385cf014e1275943d0bb898aa435d4f5a6207c1652c60f49231224cccd209
hprc4_L100_3571	bbf356ee2fd8b001e6305eb7c2c7e393dd7c646de556e74eff5eb320b60f66ae
hprc4_L100_3572	67b5337242c85c2f26ef7475c0d974f1b67964039b0aaf3a593ff76820b4b66f
hprc4_L100_3573	297377feec5d96bc9af183a432a2073e782fef7dee22330d361a5024e13ada94
hprc4_L100_3574	2aae88e1a0988a571fb626034a68a7ae851029db26ffa6ab2547b1b954d25c08
hprc4_L100_3575	27c560407bf74ed55b00c389185eff1d7e62b33e325b0bc81538ae3ccb724b09
hprc4_L100_3576	1b9c5c1a31f8f00aabdb94638091fbd4a13629db5b19ff9a57852314fbc3501d
hprc4_L100_3577	42c28b147a13647b3915d9b1159ecdfe5e3c7466b3f16cf75673263d058fd5a9
hprc4_L100_3578	78fdd8971c773c41d5070686f312f056237edfde769db9b185e8f78423586219
hprc4_L100_3579	c3aac6928d3a8058dbdc5bbf75cfa285f2ae68584e13d93eff98276ed060aad1
hprc4_L100_3580	9df5bd8323a07e58f1938fa713f3a8320ac26c31ecb7300988dc6269049de098
hprc4_L100_3581	ff8bc3ef8ef6b7306c73fdf1e36305b24024495d57b642bed2685b4faed1ba82
hprc4_L100_3582	a6ea06874a994dc22561cb54190c5b4cb438a5f8c4b545b5eac298054cbf9406
hprc4_L100_3583	9da54c1c4a613051e761f1348d4d72d27ee825a8210ad12ab7d7aa0b8d88a905
hprc4_L100_3584	4a0514a6b507ec2a038dd75a2a4c8b8316d15f67c92b324bdbeb2e823b4a7b10
hprc4_L100_3585	4d028a7f5e35b6ea4774ca5b0578fc25aca8f55145e0eaad47bc4127f607e94e
hprc4_L100_3586	c552922f58b95179d8748a10a07c531418e92df38169a3c6395b51b0d54877e3
hprc4_L100_3587	485f69e6e13f4cb14ac0ecdf9a9b626fb64fde2de3df6134e435a4bd1c3f8f48
hprc4_L100_3588	e762848af973c8917c0f05b9ab3833a20fb7fd2dcf783e33a18ff1c5ae5c7ccc
hprc4_L100_3589	5c0b3174dc979c7e37e865d95fef0d29af763cd6892a1e2593512e5a3a303f0c
hprc4_L100_3590	ef0154fb7a7fc261fc53c2dfac50d0c398e534687b867f9b3c4594421907ed38
hprc4_L100_3591	5f72026a31124b289ff1f8eb7e2157d4d7db84fdb01b8c2b4191b0be78882421
hprc4_L100_3592	e04a59cd7460f161a9d26375161fd81b1f814db1d6e4d219aef0fe334d2e6337
hprc4_L100_3593	010f30dc3e9778eb6ad41d955bf2eea15c8d5fd252a2625d9effa5bdc8531b46
hprc4_L100_3594	a4423f9f60480b2d545de041998ebf2a83dd22c96777ce81e830fbb5c8037d73
hprc4_L100_3595	3394a5e8f377989b88977c64f3b960841d6a43a624f422a721581ba2f35f1221
hprc4_L100_3596	7352ff40f9d9453d326d3bb8bf42bace90deb521674803d641f626dc8cbe9c19
hprc4_L100_3597	5a26eff176f865fd7d7e4c2e776d2ace2352cce20561370466c6ed51d7eb394d
hprc4_L100_3598	03ba0a003a3da0b426424480b970e948c452bba0f7e6697fdee87d158271f7e3
hprc4_L100_3599	7f67589d0fb688ccabea08fbeef55d4144b6e1f59a8f53b5f31a23026e99a7d3
hprc4_L100_3600	db4ffd59bab4614aa84cadd74c0b88a548d2259756f8a59dfa6e2553746edbd6
hprc4_L100_3601	950e6cae849d26f966b8b9aef1295de295353dcf2d3c3261413d0475d6f31eef
hprc4_L100_3602	462f9c3dcf608a07cb39cc6ced681115fd2607f99dc73f05b6a7920033e7b160
hprc4_L100_3603	ae8f4f5cc08d797e950be01b6db3ef113ab81bf34f10f30dbc788e0abf23d86b
hprc4_L100_3604	38c070a855331932ae7a81d5bf0bfffa971a20d4b43a6ea87b495520658551ca
hprc4_L100_3605	e8322fe4bf7049e9a707062152c3932a7333c6e4ee35f70a9b2a6caf385fade9
hprc4_L100_3606	16b6abbbcd6963e5b5928440954ad099d58d601e06d775f86b1a21c9a6aee778
hprc4_L100_3607	bc71339dbb6576fcf308806626e47da453cc4b40aca730ac02e620877db79ee7
hprc4_L100_3608	1c7bf734008d0d5205f615f9826ce66cd7529ef1e82480b2c5785cb870633171
hprc4_L100_3609	1075ab3e0ef90d503d1aab0b774eff30e69ef1f704ec8a92011f092efd818e89
hprc4_L100_3610	38de62283436ce958e9ef92bb0d1b523d891478dc355dc266a97e05585c1857d
hprc4_L100_3611	cfdca7e9aa2692ef602ef07f873652007addb1bfab4d1f8eb796b9e1940d8f59
hprc4_L100_3612	73842d10748ad6d36c04a37657cd0f117ae8b46510538ccb995911e41ab04aa7
hprc4_L100_3613	af6867d41bbfa28d20fc96e0ab0493e5e3233b5a6a2492ba7973e62f80eebbba
hprc4_L100_3614	b1cfedc5d62788355c31af0454bfb1adc852434c1be93dcf11dd2860ba7e8eb6
hprc4_L100_3615	9534e2c9eb9a4d82d035865d395e1ee811b1d50d0e1613d32ea503862fe48f73
hprc4_L100_3616	67406c1f3788c904b0f32f1be4b89aa37370c079da23218e77087fc7bd7ea0b7
hprc4_L100_3617	5bef0a82920f695275a57cba78d117d9611e46017d7ce0ec1664b7af688914d9
hprc4_L100_3618	d21ac2cc80751842c2f0ca947fb70031d56ff7fb421c1dfe651426725f0c2ef8
hprc4_L100_3619	a5651396d9bcf719c3952bb2754173c859b372da0b6b26e19a40f2942c3e7319
hprc4_L100_3620	ac06759f188efdeda004054e6c853c7c39ede7e2115486010cf2b4c5159d1a90
hprc4_L100_3621	9a716c28b4e013fea13638fa73bcdb89a08c22fe388553c6a1fe53dac9cbdfe7
hprc4_L100_3622	f75f1eeb3e939eec1faae0659b12820fc4bb2dea61339dd90de271ce265e89d9
hprc4_L100_3623	41bc28f9641c0f65bf9548808102214137873521d995b1cccc57af0fb7bdae3a
hprc4_L100_3624	af3c61ef9813ea4106f4424ad2861846508e14f4d4bb68a9add803e60bd909f6
hprc4_L100_3625	06011d1894d4659c6cb1972bd31827e1aec8a1b5226a2e04ad84ea829f1d664c
hprc4_L100_3626	d8a77d6f465321adf0802ab9151605dcad475d0f441e3609465ed16b9097f22b
hprc4_L100_3627	88b9cac34ec452b64175ee7c109c87aafea0f691be0ffbb540c0785e03fcd372
hprc4_L100_3628	9e4c7c2e8d63911cf31d7ffcf0ad9b544a220a2ee56ac7dd674df6139d36dad8
hprc4_L100_3629	925586b6ef1af4c8d3748a7f628574c9885e39bb05d4e3ec63a04518b9b641e4
hprc4_L100_3630	5d68f29a8476f99f9a379d52292b60ac105fa5f0cd85cb62a0446cd0221ebfa0
hprc4_L100_3631	2db1425325daadfb1f1aa07590925e1022ad2e7781e170c03306b8505ac757b7
hprc4_L100_3632	e4f2f4367d28cc39095a8f013c0a217783cc4dede7764e33116a365e4424a50d
hprc4_L100_3633	8be55326cba58e234595c6c58c6ac324f1cf5b1bb648f2929959da7cbcf4d91f
hprc4_L100_3634	910c77329b149693e1f12da06cd948089bc187eee9934885940a80a1abc021aa
hprc4_L100_3635	849b98615d006da7ac2796416945d154986c6ac418ad6fc034d5834b8a60c63c
hprc4_L100_3636	ac030e87175f37e375ac83b9b1b9c277c6f62bda2a109df8723d33c6b8f542d8
hprc4_L100_3637	9aaec2ef24e34becd1fd93d809913671067b6a154de93b46f1fa253601bfcfea
hprc4_L100_3638	c67f2e194c9092885ab93d276cf3cfc9e78e5f545cd3548ae595da72df512718
hprc4_L100_3639	a8aae75eff1bdda610c73cc5d1b073d3451ca238c5d5dcb654afeee813486b0a
hprc4_L100_3640	1805c19c2bc148aa52b88438124807f1509833a604f9013be234e4ec72b0f362
hprc4_L100_3641	19a01646d172ed331bd447ba627fbf4c1e68bec4de53c781ccbeba3ed4a39860
hprc4_L100_3642	1633d86a5c59849af63ddf47bc5dfae7f602c717ef00b5bdae601958f14cbf12
hprc4_L100_3643	82228aeaeae6251a01ac3156ac67994c8718b0b2263f58d92b5fd449771a3065
hprc4_L100_3644	2da52cbd4128dc47052af6fdb4dc4925c0714c2351ce34c6d48f22c9cf42221a
hprc4_L100_3645	3b6f7c35daa90e4303919890abd018a1e1d8ab1347da2ceb972f23700801c78d
hprc4_L100_3646	2b1a06960407ddfb58be9f16446db04c8ca76265de6b7039df9414e2d5e5261a
hprc4_L100_3647	208867f90341f3fc5503e1a7c97a73461cf263e87eb1dfe62ce01ced0d59c92e
hprc4_L100_3648	fa6d41d03d8826012d55b622b329bc11196f48b496ae7d2e7f610d5f46e88fd1
hprc4_L100_3649	55950e25a9809d7b820e5e13b47b68c91f8654ac000c5781a3b1d6b9fc00e2bd
hprc4_L100_3650	921488ed964969b26eaa63c6d0cc7dca1aa177a7b7d6dd594f3d9dde8267cee6
hprc4_L100_3651	b076a17126ea8d0eee15ef34b6b379bcd20479c8e5d5361bc9f668b044bcfafb
hprc4_L100_3652	37f57a1a8ac87aa83542b4c6ebb05e69dc29b4ce99fc04ab6194d7a2b85f90d7
hprc4_L100_3653	8fbefc029bc11572e53c7484bb43465999519762f48107e3f3d685c24ca7ad77
hprc4_L100_3654	4ceb780b4339bf85f39c621fd4a3b9a5b754472b461f5144077b03fc5e051e3e
hprc4_L100_3655	ec0ce773cfb8ce59bda315b71e10156fb11dee091ab0a23dab82b9efec20bbf6
hprc4_L100_3656	f960ad6ad62a82fd7f4ef6719aa0b72df6e754bd5b86c0da8637465daecffb8c
hprc4_L100_3657	24c1f79ab6c93c628cf4a2cb19e480896ade4ff1dffba000000da07cb1970402
hprc4_L100_3658	19473d03958a0a2e5120c1af32dedf8e58e190d55dcfb46f484734449bcbf1cf
hprc4_L100_3659	a18271454d29bf1cb693bc81f27d73c6f3c5f4eac5af9d69f0d1c793fd930657
hprc4_L100_3660	78a13870d5aca52a5524e091c0405e2202f3ffbca48ba8815701373d9e11397c
hprc4_L100_3661	f04c385de231e4ba1ede87a32a554950d55830c1d4f8835b24d1cf508d7fe29b
hprc4_L100_3662	f11458ee43f69e8a9b7a222a6a0e174abf555b413bdb60d7ae5fe34bfb20dae7
hprc4_L100_3663	0628b16093e0d145605fcd4ea24fbb4470e5f6b6c103d65da18a6abf89e0426d
hprc4_L100_3664	e857f299f11bde7180085579ed8adf1443a4e805c2911ec4e8f67cbb1ea74336
hprc4_L100_3665	e9d8a55428f0438ad258b2ce155a278c6e75a160cf1b6a0a36c2db3c55baef01
hprc4_L100_3666	7d7b1c2e8389af7a5449f3c3200c4a8272b26ca964d1a03ca6c6d0f2ab091509
hprc4_L100_3667	5eeb0a34166d7a0688ae95b0ab0deb4ceac35f5e6d6493e845966c398360ac93
hprc4_L100_3668	41863927783fd2495d6063c3d505a2ad0640d06e349b81c090672b4182c88501
hprc4_L100_3669	ae1418bed52d724ab65ffdc3cba52347cea30983fc6104f6148ac3f77e5aa03d
hprc4_L100_3670	be99964655a7d737bffe051f6934f3a21e9fa4efd1a431759dd61b3f2d3a60f5
hprc4_L100_3671	220202e8115a6ebea3167e83ebe62abf4cc01bdb39fc262c0ec52ab7a79bf44b
hprc4_L100_3672	e96403d73ae11b47fde132d89d04fa1e30b49857c1a9c2ea0dceea8eab7df67b
hprc4_L100_3673	765087196f336d0d80b6546f3c933f3529484363a41cce4fa03f32413d70da6f
hprc4_L100_3674	e9f670db4745f6c2889c0a26fc3e7e27007893570b78f1e5717c711c4f04d93e
hprc4_L100_3675	a57d54b05f59b707f88a2cfc3e667eef31e87c560abbd6b4fd7bb8cfad4458f6
hprc4_L100_3676	bcbdb8a8aecd63f2dfe5b19ef831836f01d38786dc9f75054578858ba6b59a78
hprc4_L100_3677	da267a15559d11f69b3a35f0f1ffc94c200cad362b46726e4439850aa03ae575
hprc4_L100_3678	5f124d87fe1790b495f01a5a7bc039360440c403152ed609c389e94018fe2946
hprc4_L100_3679	4ba106579218e53ac71b5c2610bab85caef36f1c0affac6c1c132cda4a026c5f
hprc4_L100_3680	ab14a35c9da5e9da536cfa43b9fd0e2e8ceab08b8a99f772d2c1b060440ec63b
hprc4_L100_3681	207dc8e9e8d61b69924b9c0fb5f6feac05b45a1ad5fc872d103764644a118833
hprc4_L100_3682	dbdc906d9270cf967ec3cb9cfc99f57c1f2463145cd66615a9c2b286463de8dc
hprc4_L100_3683	3a3991516437483da2124226ce461b9c5c9a8ad65160d89c44a21fcdb47de37e
hprc4_L100_3684	6d46c68256c9f81800a69dcc9b20491f01ff207d6abc5c6ee9355288a714dcbc
hprc4_L100_3685	8675bd4fe270f9ae91f8e1d9a32aeec7101f0468e8923072b5f5e0f467ad0d7c
hprc4_L100_3686	5c8a54a07dca90bbc2983be555e3abb579fddc6c320c71458e4297c8305b464f
hprc4_L100_3687	a63ff417eb6525975b27bd3302597f8a0afcfdd2777036ce4976057f4bf4faa7
hprc4_L100_3688	179e78ebe474bda4021a1db057409d2dced87a0d2746885fe02a3b212bf8ad60
hprc4_L100_3689	edf9898839222bb3e90ed12fdbd4804feceff07c7d6824255c6067d3ce408a6d
hprc4_L100_3690	bb08867f2be8583c981dd222d751c164d703deedf4953c354af564999072d5b7
hprc4_L100_3691	ef750d57af72b2c860fd3b7b1f8e281c087c6742bff9b1f0271fb7782abfef14
hprc4_L100_3692	6156c47f003dfe0195c2d1c72c63bf5293fcf00a784134167aa0e230427c78c5
hprc4_L100_3693	35217eb7fba0971d19dcba38a0e939a26ceee81ff9bd5847b6eff2860ff3ef32
hprc4_L100_3694	562e0d0c5e3856bcc1653e8dd99db35a760358cd61579ee659d52beb48964d64
hprc4_L100_3695	d427877ded1e2c04e26b5e39c149d4d292138869695fa0f25f44ce2c348d2385
hprc4_L100_3696	e7e9530a52a5b7b8e652218d81b91f86513a683583f8cbac238dab74469f3b4a
hprc4_L100_3697	f4c07d31f21f158965875928b3ef2bf185d7d5159d4c78f58830052016037722
hprc4_L100_3698	7ed70646bdb10c978fa99f6138edc1256adc4a8447da99aae4a855cd672a7089
hprc4_L100_3699	d68356b05ca3826509f5f616589bd7473c9800af0cc6cc50c0723809dc719a0c
hprc4_L100_3700	952bed148b58563ae1f44ba01e4fe758a588766139262bbf26c816c25ae56e3d
hprc4_L100_3701	5753f9a7428aec7d9a1dc862ba871e275b690c57b341db9a98e3b4aa9e64f007
hprc4_L100_3702	dacabe332a4d7c48b1ba5e5c2feec3a77d9c64e7702ec716307387f8a63d3462
hprc4_L100_3703	5a6f7cde30a63a0ca175d03602157e01eed7aab9234ae207da4ffa3b1aade8b0
hprc4_L100_3704	81dd3aca7c75d2e72e51ceeda409262243374c090f3748d8535fec5cb82f988a
hprc4_L100_3705	054e6d5ccf2c13a1e3090c213443b9c1d4077344071f162d210df23af27a11a1
hprc4_L100_3706	3e6f0f35f3c7a50d8c332394b5ee9c75510ecc7aaf0146e24990dd136144988b
hprc4_L100_3707	c391770b84429b56ab75e3564979e6608f55262e23352bbd98ab079f969b8a1e
hprc4_L100_3708	ce573de9d8c88a1b3d11468f04e2a483cb8b47db4f31fe5c67e807ad1ae177eb
hprc4_L100_3709	ab645e7b0904e6f48c76e49c9486711cbf02ecb68f1da9b0a43f943842c2057c
hprc4_L100_3710	4d1dcd07ac577979182803d1a4d396eceb417ca46c347e91a2d8ebcd9be53d5a
hprc4_L100_3711	bf0b97a78b1dd5305d166d2d4d1a570734a904dd9779f4ef1ebbba62be18ddd7
hprc4_L100_3712	b86e23a4b56e082b16da2cd03358cf7515d4dced0dec7a37b9a733fdc271290b
hprc4_L100_3713	9af7f8358060c1a86f248624bd343b4309e188ff399aa1b34f94b12395f71933
hprc4_L100_3714	4d89e4e569ae3721fe4c59d0a37023f89d1e71855acfc341cc90f2c00258d1b8
hprc4_L100_3715	4243835308b1c75b5f04ab022696ee5af4cfa2792733ef4a4024204500089239
hprc4_L100_3716	6bb9e03b5b875dadd4e714e012e6f6e3f9f5b05a015c082e597f6b14e916bb87
hprc4_L100_3717	99e412926b6185aa69c87cbbacbc10305e387e43dce45a9c6eb93d1a8ba5a6c1
hprc4_L100_3718	a3a620b7c7f42fe08de40594412e2b5dc07ffc6dc5156e8c356e266204d8a815
hprc4_L100_3719	1063b0798cb8f39989d138e9128be137226593a7a5a8dcea302810da0f46a34d
hprc4_L100_3720	a303142a2229ae190cb64a33f3feb837d2204530650ed1a4332002145c445dfa
hprc4_L100_3721	7fdc9e0f9f2ea34493696502a5d7dd4df0a0000531f7bfa104a3283ec295961c
hprc4_L100_3722	e39fbc94318e13cd891e551872298595c81317874fba40e90d6aa56305d144e2
hprc4_L100_3723	b8a1954fa058d8b2bc7343e3acbd135dc2d872f105a8abe8ecb65262d0fb64fa
hprc4_L100_3724	4abcf2855b7bb6d53cd2f8411887f6d5feaf0807ce01959fc1cbda6acbf9ae97
hprc4_L100_3725	21a7f777cba11a576d17caf6c3c28631bb066ad6bad0796e8824770684e1d1f4
hprc4_L100_3726	580f7e1eaba089e059a3f3c1514eaf2f3139c3596e7c09ce366e411569185a93
hprc4_L100_3727	c25913048143d65bdb0a8409f1ea176e413d2bdbb97b0f13f6b53c6750c0c304
hprc4_L100_3728	ab8cea962f5bca9dcaff0440144a533a648a87e9e076e896a9dd5d2442181af7
hprc4_L100_3729	3884e6abadbaef89151ab4a8c3b59c1281e956d0fc549fb46d3502fce0ef7700
hprc4_L100_3730	5eba320af1208af535a35099adcbc24bcd35a5b31859889e4399fea0c86a6a68
hprc4_L100_3731	77176d70ddbc19b5a442cb9a0396538956843d8c49f18ec80de586d28b33e263
hprc4_L100_3732	223c13239746b3c9d7f0503ba1fd83a3c4809670573d3cf7df9e1399a8bfadc8
hprc4_L100_3733	0b58642cd45bb40d00bb1f7489e24282f594d392e19d944b8b8c65253eb32d69
hprc4_L100_3734	aa4d3c2cf08af554b724c1b636af29ee01fc90fb4c72b34d13e6f8b525bc2d0d
hprc4_L100_3735	740fd0eb7ec9144aa424176312d14e25218c247cccd343b269abd80d3dcd6508
hprc4_L100_3736	d2e678b7a2d78f6ad9980050e5c185e376ea017505b1d35c7df63226f77d750f
hprc4_L100_3737	0bcad24be5cfae10fde058ab7f4f4da74381865c29ca3449ba89d66ddc60afd8
hprc4_L100_3738	018343fcba33e3e9e2a489db33b45a0d6d94f77328ab64f3d203626902159a80
hprc4_L100_3739	d078a4d23613ad403c8dcf21074e6771e34f9c59e058f8f6124c5844ccdc3f5a
hprc4_L100_3740	a0d242d375c1f47986f87948dfdf8145df337b12b1f2a45a671178f953e839d3
hprc4_L100_3741	ab73801582c0fe081d46233cfb07e886c136ac71c54283456bae2040f8c0068e
hprc4_L100_3742	7066b1f911594686800e32199f58f741fbcbc91af8bfdbef1d8808ec24152683
hprc4_L100_3743	58afd649741c9c2e651cff8b6c7245e2a946cadc8bb2f4ae1ea8cd9677422adf
hprc4_L100_3744	ba30cdd5597a0467982aba7b600a243ee4a1af79ff0f5958ed234f678cb8383c
hprc4_L100_3745	21eebe8782382c006f39ea5ecc07b1f4b8ce741bbdedf22d9161ece0a1e93a21
hprc4_L100_3746	3f27b10ec2e182ef21a8c422f28059ed46be64ad5d909dcfdd777651d281fcfa
hprc4_L100_3747	4b8745730c39c4fadc26e5afaa220e756473486c965294beeec7145f7a2cdfb6
hprc4_L100_3748	793af8c1dd6d86c0c2aeb904c0d52085f75d2d15a287f26491800ccd3bbb72b6
hprc4_L100_3749	6704aa5cbbaafb8ab362e325533c8dd8627e81b99ad10662c839760e893176e5
hprc4_L100_3750	2942b74a4d956175ca032325d02c52a377ea1ba698f39cf63436254d82f822ab
hprc4_L100_3751	ce67795d3947a4b72eb6407ae3953b046c6c78b1a35fd871a2a7ebce9e41d9cf
hprc4_L100_3752	da17ee6c8a034a3c9ac2f1a4d49e4c3f73a6e8928ea74ba865fc2a44dfd05b66
hprc4_L100_3753	d6e390f7d3cad906347c19085f1a75201695b40dfb5d42541d2f4d93ed554f6d
hprc4_L100_3754	e0d197695c6c8234eade7824aaf9c7a80df10bd0403d1e7a387e68b74bb3140e
hprc4_L100_3755	87bac82b688320a405620ad80bce9b309984dac1bc17cca4248dfeae3a70937c
hprc4_L100_3756	78fa82600a7b47b88afb0e992a2d127105d74e212499d3fc5d803845e18c6fc9
hprc4_L100_3757	40a22ecbc9ec5198915a286021a5bd7dae9f7b101f98b772b1390da9beceecd6
hprc4_L100_3758	5b5b5dcb6b37d6ca37cc7df7643dd5a7440c6265e006ef3a06b2349a96e6bb89
hprc4_L100_3759	56dffae48982b05bf7053df4ef9d228a42d960334b6aa7bea0918e81a131fa09
hprc4_L100_3760	ad55f9dca69c73803ddfe2929f83a0a2782bd8b83e11fb268762397154dca67c
hprc4_L100_3761	24c667d8a7def718e571307b7059bda694ecf4b8c79f02de23e769dadaa7d6ec
hprc4_L100_3762	3f3e5eba9b7471726f10c1e34d7d7693c33d182254f719e4d1a78daf5cb14e44
hprc4_L100_3763	3c60e6817cc6b6d419f1f42a06cd8bc0453ca78bd7e08042022fb13a52bcb632
hprc4_L100_3764	f092b9085f32eb137da3cff97d5fcc1aa2724af9708b154bfa22b0a0a17ffaa5
hprc4_L100_3765	59025d02da819c81cf1f8f0bf2139ecb53514dc3ef9a7ec1eaca95720ee1d3bd
hprc4_L100_3766	b9fce93aa6fcefedd35527b903384281e552f2a39fb03696c8e6d0e506ad133f
hprc4_L100_3767	6f2ce2206b17e547974b9f46edb781392f6d4c876d03297d342b44603e745fb9
hprc4_L100_3768	baf08a0d21e375488aba59d869a6ce51d84828d3f4a49b749847bd7430217454
hprc4_L100_3769	5e08c9186477acc4a22e3ef8e13c2997733d7c4bd21343ed6c394d959f34f749
hprc4_L100_3770	f0827efae9d05b386581b449a8cc5fbf42ddc8a4576b35048d4e6966bd39327c
hprc4_L100_3771	15bb62d01a39e920c2769f38da94febe5da0d8d7813769b5da7bdc794bb7a227
hprc4_L100_3772	c562da55899e41ef35f7a44da1ab559322c72dd424dac72188c74d962dbd3bc5
hprc4_L100_3773	9b0e7bd61a3282c6a4bab89dbdb5b8d81095f86395df9d58e89c649dc5ee410b
hprc4_L100_3774	1bc24bac773510efd9708fdc3b7f6f97d3c97dbf7b682a47a34f3ae0da8fd103
hprc4_L100_3775	6b37b1638a037e98383375c53a1b95ee6fdcdd0b215938a61e2daa89ac3904d0
hprc4_L100_3776	a3fd2bb2605bb4ab1bd5daec8d47429e2f17671cd2abbed53705f38bf8676045
hprc4_L100_3777	9fb5c80cd2a15a42de5632755fe798e416c1688e2c9930fb22caf8eded2a2136
hprc4_L100_3778	09d636dcb3e6d902d735215f785fdb6be107de53ccc122e602995cc0d7d85cdc
hprc4_L100_3779	8ebcb651285ad9235e54e3145e52e10e820757e847fb4bc7823c586cff58d9e0
hprc4_L100_3780	bd16334ade8fec27749aa04b17812ba67769b0d9e5f3de629852793420cdb472
hprc4_L100_3781	36bca1a0c73e922a390d532da333b2d73ee2b43c2df5dd8ad112881f30871895
hprc4_L100_3782	1772b7a3894bff08161c7b86b5ce4f6c5f4d369cd75beeb65ba07e11ea17d1a2
hprc4_L100_3783	4535e9cac1295033f49331af5c6dd3bceae3e93aa42f03a0aed4c60eacf40aee
hprc4_L100_3784	b7cabe91d841c775e37d5e5d678306443c195ab308ab166fcff858a2430c2f53
hprc4_L100_3785	07ea2d20d5ac8505bc5a2f1d926bcc6d29df959b1382cc3db6a3e992eb47ab22
hprc4_L100_3786	4939940f2d2f9fc57665d3d2b3193ac36d9564fe95b9cc5fe15ab02d1d233fc8
hprc4_L100_3787	56a1694f7a29d25794e8385094e0134574a2e969e76d4ca1fa3d9dc1be283286
hprc4_L100_3788	9360abf1cb99614b8093949bf774c720f39033cefe28a7ffaaeb014f92f2bae8
hprc4_L100_3789	962df20c715375a6c6cb82286506219fa13a578d83a2234e2e2b8f4a0790b9df
hprc4_L100_3790	9dd8687e63a1ebeef9de43d05fab13d6f9a7df5524b4fb9b489e500a4cc586b0
hprc4_L100_3791	232019f83b49485f191d1e12cfde1264799c0ec93a8838588ac0d69eba7f971f
hprc4_L100_3792	d394bec9ef4247685665998cba4179115615f349cd7839795597d9a39389dcac
hprc4_L100_3793	a4de7d270ce3207af8e51a7b806ce35f013575251f611ddc007c48237679c11c
hprc4_L100_3794	92b0cbd96626d2ea2aa000ed3ef460105102cf7fd114e5d6e21473a1d8b8d570
hprc4_L100_3795	3d5fe7f99fc183ac3238ae063e8066264881143965f1e9ad6a45bc79d117f32e
hprc4_L100_3796	e2a964d305b8d121ac3431ca87322e6fdcfa05276e3bfa1b0d787bd152529512
hprc4_L100_3797	daeb567dfab520a2497ef6cf77b2bffc2010a83a4fdf4f558dffef3df33c3627
hprc4_L100_3798	c285ad1a6d2da443dee77dd433cf54d2c25ea3a2953e583071eadee0a0e20483
hprc4_L100_3799	a5b1cc37249425c6141b0fd61d7da23539b40f22fadf7d8859b6078c28650a15
hprc4_L100_3800	b2a8d6a2ddab9c7e3dd0bf84fbda32e3182cdf19daf9fbf670dca6b0f02091b2
hprc4_L100_3801	846e21cfa615275b9dc54f3613b1741c2b944d937c25b646f8def3fe3800bcef
hprc4_L100_3802	654f84f99a4fdb5438ed9578ac04813cea20b558d51ee954abb7a5ab4344a28a
hprc4_L100_3803	2d945bae6e4917daf03b411e8700a1cb9c4f2b02d37fa5687c8270810341579e
hprc4_L100_3804	ae84754dab5bd894459fab51e428b58e3c0c3d0b91c085be707853b6633667d9
hprc4_L100_3805	36119aaf4ea0663a044e1109165077e8f1afa8ba79d4e8cf7c953ae6bfc0245e
hprc4_L100_3806	44b26bb5b6ae587f3880c1ec49e0b2dc35217dcbdd8012446768ebf7ef036dea
hprc4_L100_3807	5859a0c975c5b9dfeb8f6180cead1175c607799d700b29037892f30b95abd033
hprc4_L100_3808	77dfe755c963dad6544fec7eb646e1aa22129d3a9757a386faeb4c901ecb56a9
hprc4_L100_3809	fa5c58c4bb3b183d520f603c58e6764795a6ac036ebfb044d92d6e4013b4dbd7
hprc4_L100_3810	8a26327b8abdea7811673d671419a32d34de2792af732c595072aaaa94398faf
hprc4_L100_3811	1756af405219c622a11d011428ba032e34e1723a8a734c7fb3ec3e6cfe5c39e7
hprc4_L100_3812	545c8f8befb5d56d87111e92212eda540323bbf6d51f3e70ee52926ae795f982
hprc4_L100_3813	2787cc9180a1f17e03462ca6ee9a454a9344fffccff5529df5ffd7cc34c11b7f
hprc4_L100_3814	04d380a97312c477bfb1edcba716b3bfd83fdb53f47a06e18d0998d55e9042b4
hprc4_L100_3815	91e3a66c258dfa557d39cdea7969a6f451e9d920a537ae552548564d10a1dda6
hprc4_L100_3816	3441c0882582b9c0ce8804cc216c02a25568a251b7da1912b5e17449e787858d
hprc4_L100_3817	078c4545707644cca6c8ed4c1a6f352b57927b2cece679b3c994b3a2053bfd65
hprc4_L100_3818	0d8f6a751ea415be4b30e55411a3bea8a1aba572e7fa4efbd46f94005dc704e4
hprc4_L100_3819	b715cef7fc7970accc7ac194d352c1fa9386baf992050676def4815c10903e24
hprc4_L100_3820	e78a77d06ab7758a6f067176f9336ad24c869d3f1f40cb2bc13518ba0d7f41a8
hprc4_L100_3821	317d1813e4a50b116dc709841a3b1fc8d1ab5a99d6ae3fb08d422c8092060b10
hprc4_L100_3822	0c8b45ced3625304406fa3c7fd655fd135452507af09c42186992e30afb4997d
hprc4_L100_3823	1b156f4fc1a3e86349588c08b1443fe56269e5178008a7027492c41a7516ca95
hprc4_L100_3824	8a853134b454b3468c57d721196b936b2b1540bc62acf337661dba2fd478f947
hprc4_L100_3825	8263f77511a0b27ef9997aad67564f51ff27ef10481570ee712c5cf63b89473e
hprc4_L100_3826	be46cd15fa1f2218d997d59c191a7ffd0a60b5649c2ed6143832411bac55f758
hprc4_L100_3827	4c4709cca887add71916e47f3bd670ccea670a89824a2194105211daf8e1cb6a
hprc4_L100_3828	00a11321d2450067a8e423f46e3864caa7886bd67125e3ce2c37692a0f7554ea
hprc4_L100_3829	f419d269b40dcf26c6d767f61a490639ad6cbfa7903ff00f0c895497db5cb495
hprc4_L100_3830	22a99acee88fbdec8b093c734190c3bcddd2cf819356e6fe3a976e6d44584cf8
hprc4_L100_3831	49dc817862f1c45a0a087c1bd272a9ae7fe658957dc8e3118791f139005fb78c
hprc4_L100_3832	33dbfafb03449b0e3a764a295ca4e5f8109e5d23501e2741fc408cab5a6c2e4d
hprc4_L100_3833	295f80aadfae798877701dae1532605431b41a24cf3df21d04a7e88796a7fb5c
hprc4_L100_3834	d7f17546f21593391567b4f9432fc770d58bc2ad0131616b1d2a343afad09f20
hprc4_L100_3835	356084179acf57761d23d7f9a2658867ca55e50f377089fe4b2bd2130731b0b5
hprc4_L100_3836	88c4f632b04feb8829c4ce612f22500e016c14dfcaa863c73f08dc9239b38ac8
hprc4_L100_3837	5e1acbdcdaa02cec3261c76c1761e7578aeb107c9de20121e4df1661a6c13aa1
hprc4_L100_3838	2e71d0e21a14f1df61befd64a3479102cb59f7acfc5284f7872f4c9d956b19e8
hprc4_L100_3839	dba90ac9575c8afe04923cf56d547b51f93a3dbf834e5f66b10464a53ca013f7
hprc4_L100_3840	7c3ee645ff08db41805d392bcf846ebdfa82088dbc064ad79460b384ced56022
hprc4_L100_3841	7ceaa8c299565a683f93eccd844b2a9c5b1b6f8537487b86997e6d275bdf3cd6
hprc4_L100_3842	476c5e1cd14016a4a1e89bb9e0bdfd1d54428cdd7688a2b0f38362cfe79d07a6
hprc4_L100_3843	2c2817a3390032818b28e14a5acad1ac35aeffd5d0052dc21be3d477740e3183
hprc4_L100_3844	8ec367a966b71acfc59d721ce2c606a7caaf73177a48bd66563708d6a4d5a9f4
hprc4_L100_3845	252d46960a21eb016ad62d92ce0811d2b0de23df6d2b0dc336a93e4f17bfab87
hprc4_L100_3846	09c0038ed501120e679290ec73eaf3c2a9b20dedfcc6608ad25cabc018e83734
hprc4_L100_3847	e1ebe28109ad6818ac62fc130de351ffc056c80c42d86f599c21e8bf3be70ef0
hprc4_L100_3848	3f8866f7c0b6ee02c189900a35710a22ffc9def591aa5632f8f12b48bd9f2c76
hprc4_L100_3849	9b9840448eaf4c26771b3ed3e26064e9d1a07a389ab540b7072fc89c87358a64
hprc4_L100_3850	93a77e7a7400d0b84e130a7671f226fa1cc38a9b7aa2b514be0b4baadaf7960a
hprc4_L100_3851	2560a3004e2f93d50cd6f3c4dbd98e9efdc0edebcd5d34e30e2c6b180099ff75
hprc4_L100_3852	efd865020853c488ee645089837082173228a561aec9b083262cc09aaeaa4a21
hprc4_L100_3853	ae26a3cc75f1b288163fb54fbf1acfe360c3796c17875afa1a59212c43bc521f
hprc4_L100_3854	f7f99f7831b1076e10d20ba669957202f250cff01dc26180df18789557c8dd6a
hprc4_L100_3855	6974f0829d858ac772c29221a3894a027a168be8ab4a37bbfd9d10d94813036b
hprc4_L100_3856	05f2ed6cb1fb2b74a3c7f10534d25b1b5c5722cb558c05a97e00261b196345c4
hprc4_L100_3857	506e3db9e3c7b8bed1bc3253c185ba2f0c516eb1f42e8c8ab9e37b552d960a92
hprc4_L100_3858	516076940e08e95ff7e8fe695c13ebca14d7feec5e29610542a0a778f9b5cdb2
hprc4_L100_3859	b09e1c1e1ce6b86bd6f6dac357ab82464ba39b6fc0ef6f00344fcad72cb35e3a
hprc4_L100_3860	e8a2a7055c6dd04e90089aede84160015e9b5753bad9eb0b8a88da5e8249d0fc
hprc4_L100_3861	1ebf5801ee1aebef88890612abfd125a8190eff23f8fd2c7206464320209e32d
hprc4_L100_3862	97bc0deea91a4afb04cd90d0180b6bab0c0c3da6b047a846f5c48d9aa7d36979
hprc4_L100_3863	5d067b11d79d0c48a128f5aaf7443e9c4e220345ed091b86e52e7f399fdc8332
hprc4_L100_3864	e8eab0e1a8f9df02f16467c11ec62401f120f7c03bd08033f43f2ea87622ab09
hprc4_L100_3865	652eaf4eac363e6ad610a2b80d17a8770776eef26153bcf63cbce834ed7bd026
hprc4_L100_3866	3ce77eb23fb7ad1f25bb0e1cf2f2c0f3b1fc0179b4aee3035e78a5e1c596b4c6
hprc4_L100_3867	685e6ab92c22afc4c6d4910fee329791db392911719ef16ab236aaa08f3173dc
hprc4_L100_3868	93c52f956414e89dcfee0f3c9f853b893cc981784e4e0ce672261ae0c1cb9014
hprc4_L100_3869	5ba38b34e5ba837c467073d0d7b0bc7a6564629efaefd2580de2d59106b7976f
hprc4_L100_3870	f78d057b35c5437431e631e552e4336b5171e16c04b9966b88862793296274e8
hprc4_L100_3871	bd61af6307fc05d8442ef1bc91b2a53415783eec4d671f19d542aed14e1c359b
hprc4_L100_3872	a2e46b5290f4fa4ba8efd3f7eb677e84b7e333b9261375362d9d118e644c3885
hprc4_L100_3873	02a38883b6375e95f20659bce96418a3181ac826db3e6219e69b7a4ed40e2643
hprc4_L100_3874	dd5c326c901a58966668fa011ca7ca0fc38cd85949e50000107eb83b2e7b4365
hprc4_L100_3875	1bde323162e8e8c7d7a9c4986d828d0954a16350fd9656e5d7ccf4ce1657a687
hprc4_L100_3876	95d67ea0b85d86d29bef67d1e6fd1ae028bae5bffe223c91bfd5fe0c0db260b2
hprc4_L100_3877	c085a33ac952bc478e34f9a5476d38d1501a86cea367386772d2b65ce2e73f9f
hprc4_L100_3878	1c87b2df631960715d1e514ee2d003beacdafbc35dff176d7332cfa5e78232ca
hprc4_L100_3879	c8e1aa4afb4c51568c4b5b7e15b50e77ca37cf49b79fe45304bd596a7ee2d90f
hprc4_L100_3880	7e918d403317755bb261627396f54e4a06274159d6fde6e6b9dac77b519b4e8f
hprc4_L100_3881	77c316bce5c4f34610fbd8e4f815a15bf782dffbd5c687570f4a713ef5f775dd
hprc4_L100_3882	d520cb6ac9cc4ff5a4b32a7f7d9d5aa6db7379170983f896e91f0befe0e1db78
hprc4_L100_3883	19f4e2ec7c9b31b337c690bd8b35007544de22585745dff21f8b642212e99244
hprc4_L100_3884	613f00a334858843a396a841b7c8d0411fd5905a952d432a0e7b7a68adb5a07b
hprc4_L100_3885	98975023813f02949374b0d3eca201c46de83e021ab43949f43484255b2705f8
hprc4_L100_3886	80507342dabfb1a4cfc5edd2d6e790fbd48d6f2847d2c0e6691c7c7ec992c2c1
hprc4_L100_3887	5134b14382ece81c24137e14e0f28d7da246a799cfbfdb87cf5cf8cd0f5cacc1
hprc4_L100_3888	a5d6ce88b9d3e4b77804fdd6a0292f8a29988e917a3564c08392ef50d99e2fde
hprc4_L100_3889	dfb359b14d99a5e4e8ee115d91722dc08cfde6e72b8e9416a39310ef2096a872
hprc4_L100_3890	4d1db24d5343e9644b124f215097cebc5cccd463c7247fcfb378a81484eef5b7
hprc4_L100_3891	56a7c572d674dc32321c7300f7386f997d498acad2756da86ab9916a5ee938ed
hprc4_L100_3892	ddfed79d3db6cf7dccb9b7bb44155a4c1dd070ffde390d79f28c77c5e24bccb6
hprc4_L100_3893	242466df6821ec253b68601375bedf4ecba2a87520ba1363eaaff6b9398b5d51
hprc4_L100_3894	1eca3f8456d0cf56b6c301d7307bbe047dcad2aa855226930101cfe0faf10201
hprc4_L100_3895	4ac0d6778a4aed87fa45ac627a418df20d8dfb91732f1c5424408339ef706476
hprc4_L100_3896	75acf00f95fed79056cd52dee419ce507f300c2b32231c8413ff7988f1aee06d
hprc4_L100_3897	9575a1f9aeeda1c06ef0087a0fd16f2c0952d157e94d41cd0552744eeb4e2eea
hprc4_L100_3898	280e8c0e978d6e22cc049b1140ad0bfbbb350f3573cadca8d27953fa933a4373
hprc4_L100_3899	7ec6d73c34d900570829e0d25a924cf524e88f8bcb0264e0a556ef03ed459774
hprc4_L100_3900	43972fce407fca50b36414a07e61368528554efcc2aca2e3eb3ecdbbcc26eb1a
hprc4_L100_3901	f7abd33075bb7001ff36e8c8b4ce50f299f8d45988430fd4f519db2f0b0f9f09
hprc4_L100_3902	b6ada4b326e1a4c8a377693df045c3de12b358e7ac34d5373081758af2c4af20
hprc4_L100_3903	c40dddbdd12008651a38f9636f95297a33e4e781fbc3999ea0af681038052db1
hprc4_L100_3904	d9bfd12a194a0e7d775526d79fe3b38ab8857d9e243ccf33deed1ba081a1dd1f
hprc4_L100_3905	902a5f668350d67fd195064cde2242aa4ca4371c1b815f592dc48418a5b56f13
hprc4_L100_3906	c780b3fc6f04f9fff477ec6338d2d53c04af7640bc808e24e1d6cef6df9d6165
hprc4_L100_3907	80cf875661eb805bcf3a4d14dcee7e7a936457f919a89a47c1589aab07a6dd67
hprc4_L100_3908	b15a34547b300f68c0d329995086021968316b7751f376709d195d6278077084
hprc4_L100_3909	b05048a6e5a29e3baa283ec4e8d70cf8d155aabac20ce011792efcdc6caee89b
hprc4_L100_3910	2155a8cff30d9452217a12240b31befc835583ac9826910adf5ca670b0c0ce73
hprc4_L100_3911	397c712839c94ec81207c17e14f5bb01c9e9b1b15ff65a21d14a94087041c1fb
hprc4_L100_3912	fed765b0c2921dda55decc3b930a6473afde001d10db9ecf31e745c75732efc0
hprc4_L100_3913	205e7307187502acd498a9774c803fdd9715de0dac15f756ea5630b43453d5c3
hprc4_L100_3914	fce2a89b4344b52e5bb7f9cea4128a95b559a909b29633792146b8c2b8734d42
hprc4_L100_3915	cf3fac44e26ce909782b053b7bfdaabdee7604ab52efeee98c04f086cff3bc4f
hprc4_L100_3916	d414d5570d88ce44911810fc2b95f0a7f3e04366f041c194552bb8b3f418b5a8
hprc4_L100_3917	81bb4548e4e9c29b3782e81094fbf9feb74f7a5d980f313df5b9b101b590bfa4
hprc4_L100_3918	b0dfce2f4241ff9925134de2ad29105072259e8050634e5bc23a50108ea2076b
hprc4_L100_3919	26a23e0feaed88ba7bbceaee23dc9dc0179f26c2b2e591cb7491d818695bbb1f
hprc4_L100_3920	a45f1ae1ed35f67e32f5a979bf4729347648de8c40436caf88feba9a182cb416
hprc4_L100_3921	440c7ec0f8c2e8a337e53281a006587a5dddfe370c6149c2f04bbf186974ea63
hprc4_L100_3922	50df83531234213c51449cf6f2db089ac37120a9cbe91128e48d9f84b38e0379
hprc4_L100_3923	26b216154ff360b1b7a2118a5f89380c1719243ac79925e90b65b4f61ee34126
hprc4_L100_3924	847548af38317d598c72e83ff98aedd972b0b3cea11cba40abbdbd0c9c492917
hprc4_L100_3925	2ab782e4870f97abdc474c8290b1294bc1bcf5215f75cf3236c11606b05f35a0
hprc4_L100_3926	c06d966500cfe5faf573c599c4dd10edbe9756d0c62b0fb8e8f6fbb4ca2b9b51
hprc4_L100_3927	dba10e6d25df76dfdd9b2ce47ebd154664d7333fa7a4b5f6a972fe7beadab958
hprc4_L100_3928	5435f699f99bf035956e6db03b999dfc976321b8c4458b96c53809d52cd867a4
hprc4_L100_3929	1d38b1b3fba88f93f9bbd346da1b942242aab1e205dd0c693a1947d04074bc48
hprc4_L100_3930	e9a1fccc075cda3c9476bdf93bfe111337f696cb9531df4c8e5e39dfbb2e3fb2
hprc4_L100_3931	eb9aaa1ec3ba21da8d5ea506837abd7f1c54526d780c483cf94dea35a7665c47
hprc4_L100_3932	05bb29e2748eac476f6113d22d02f1a91079ca29966aec363156622302bd8118
hprc4_L100_3933	d63a360069f9f0da5dc37070773a1d3ab0c9975d9298edc1c41a52ce42dfa9b4
hprc4_L100_3934	ca79c17769ed2120930bfaea4f6db53478f9235feb62bebe3fa3cbb7d3d7fe6f
hprc4_L100_3935	60b0257da029dc335d81f0336980c2066503ac58f9380dc73120e9d89797fefa
hprc4_L100_3936	6c99dfd758897dee9861bfe75ee8625b60ea410c92a0d726f8d63cbf4c6bfc7c
hprc4_L100_3937	0b29a40b12666786b558c02a85df79dd6050696d31678b2ae7dce8e5b5ff83f7
hprc4_L100_3938	1088df1fd4720036840986e4ad085a7e708aad0b8e6db60476a3aff85c137543
hprc4_L100_3939	dce37d662d16de2a5dff2d05c900bb928ea823ce49b518f981019c9c227983c6
hprc4_L100_3940	f47718feb88bed0a521084d29f3934155516c7eba27f3b90b400b8d7ea515492
hprc4_L100_3941	445068e899d670677daea535594dc45a1a0962ce741290f9e2402f31db33f3e6
hprc4_L100_3942	db21b040485586d13ccba665ba552f54598ba35981b8c6207c2766be647c08d7
hprc4_L100_3943	b94d071d1836c4d9dd09c8c2e5092deb0175e188d7bc1bcc47e31dee065ed24e
hprc4_L100_3944	e96708a23985c935fefb8be58322c4cdf500a984932dff1bc3639696aceacefa
hprc4_L100_3945	ff320ced6f19e0bca1703433fa46d90f43bbee86fa663b5ee03f0ef52565c176
hprc4_L100_3946	02f14f165ec9e254b2f2f266c8f97adc20afe15685b7356ea8836e910b210e00
hprc4_L100_3947	43ad070f0aee170371be87a7ea26155cb3683da1eb836e1fc4a75ee68dc2d7fa
hprc4_L100_3948	488b6b6ae788555ab82193dce87bb2ba60d7fbd6ae5b8ed46af87f51d463ad29
hprc4_L100_3949	f2d72f524b49c4102b4626bd59e7e4a13e626941f7046dfdcf6d7217ae2bf42d
hprc4_L100_3950	b8dee44c220e91c08c5e7efaee460813db2079e020173c27515d817b0d305ba7
hprc4_L100_3951	6131805d3697dc4f3d1db65c34892ff76025d31d065b67b507aa4e2561ed0bfe
hprc4_L100_3952	9179cdc40e23da3c56ab2d43caba637e31daaaa3ed5c1700ed9fe3ec40c508b7
hprc4_L100_3953	1dc98206b72c5c3c4e3de8d9ae1ee2aa17626845c0181c4e9aff676d3b0214a4
hprc4_L100_3954	a4a66a66f9d6af13067d6ab9b2764642ebca97e33324027ca21949960f0219b6
hprc4_L100_3955	64edd75557f2e285b390c93ecd2368341904757df93cb3f9e004dd38482753ee
hprc4_L100_3956	939c627b427a55b226ab8403b6dc99c11a7f132bd0f94ca4f59f05c84039a37d
hprc4_L100_3957	982c19ace5bb3ca6654ce0a6bf06d45e06230d4f4665d79896e2ad064808a36c
hprc4_L100_3958	23e55e67c441351c65ee5a6e7b861f31ba173882c36c678b952f6567f9e640c2
hprc4_L100_3959	5beaff29daccf5c5a092d34b9e579d1de1b1dbc899e3c34b54b7d764fa770c4a
hprc4_L100_3960	9c4c907a4e04efd7793616b3f1a9788450dccc981bcbbc4c63a17c7e308c6668
hprc4_L100_3961	5abda2716111a8c88f06f68dc0c7e9c77e78653d5154a36d0fe09b95e39e1186
hprc4_L100_3962	b6ff6f2f396622ecc106eba0a8f9e6fc0ca514795d3e5859c0774e518fe3030c
hprc4_L100_3963	643152fc0b0c2b8a7cf2baee68bc06f32a4027faace1127b3296bb2e8c3e10df
hprc4_L100_3964	dacf93509695f4a60d51234ec22354e6412cf067b20553a763c13a90843cea86
hprc4_L100_3965	96e5a7e23cf1a6241ed164b309faa0329ae6ff1bc3a60ecbe98445e86f4b5cbd
hprc4_L100_3966	c30aa09ce60fc24e2a6d652373683c5f5b5bb91c7c3bd5c75bd0ee32499d369a
hprc4_L100_3967	16d8ab3641e0b52c12cae0b59981bc3b2108bf8370af82e0aeb64972d1c58250
hprc4_L100_3968	129b4075e8c616d2a622e183234fa4d9e4a2f3c3fc5ce16a1a7a564223e0fae2
hprc4_L100_3969	bcad7e67b7d987d78595967713ef7c44fe22b6c3e10a29e23d346eea5e42401c
hprc4_L100_3970	3ad0c36cc745e0bbcd4bdedc6fc31b0e1588cf120e07c4d9c21c700611a78d0b
hprc4_L100_3971	59e6320afbbbb0cb50db3b7a5aa66e6a9a87cb36ae46d689202624dfd712c74e
hprc4_L100_3972	b650019abaff4a583b78f32c92d0efa7fabd1a5ee2a054702fcc5b02056e187a
hprc4_L100_3973	8c6cb2def14c05978970b7f316e5f94359687cda69f34bca94d13b643b854fc7
hprc4_L100_3974	8ee05dd0dcc5e158a9d57ee4eb1ca4e0bf7a7aeeb3ef81fe8babbced9f5c5ee2
hprc4_L100_3975	2f294545e57b8b6ce62ab28018cbe73b24bd2be14aa6dc85313c4cf5524d75d8
hprc4_L100_3976	a1f4fd925ef29f1b2c53713d18a5738c07497715a6c3373da644fba678dd60c4
hprc4_L100_3977	c0477e16cc872f8b31f188461f15b61a3239ad6fbf911f4f1ca70b3519a9f113
hprc4_L100_3978	f9e500448d2d70abc4ca8797ccc1874ea4422efa3f187aca9f17e2309bbbc304
hprc4_L100_3979	2eead50b8dc49dcf57873724f91abff607211f5c1af632d5b5108c69e65dc950
hprc4_L100_3980	4851f51dc25b6f388d8b42cfac53976967e9db8f5388ef2e7edcc356767ed8dd
hprc4_L100_3981	33f58bfe871cb0b64a9880e62b88e4f00fac02004cbef746b245f1edf4a98471
hprc4_L100_3982	5b00f003618bb7be526a82546a65a4c2c445d83f08e78b3f7ac2603822f84b0d
hprc4_L100_3983	a601f21566eceea33eec4d641615275ed54485d91d89a202ad4c2394c3b4eed4
hprc4_L100_3984	5e8d56148d4e75ce31ade8a80ce40d6154c32fe470708d25fabcbe670f26a138
hprc4_L100_3985	54990830623152b9dfd8512f7fc01fcdc63f5647a60c946cf46f1a1067c92378
hprc4_L100_3986	5f4666a50e83f278634f77b282406bf83a678c09f5c8ec6585569d1b5b4012b6
hprc4_L100_3987	28a1a5f91f0134d39db6550153bc9e2f6b17f4fd4a393e0058a9feed0fe616c2
hprc4_L100_3988	ce6e1c3e59a22ce805b0ab4dec7df5dbbf38b35086e11f047fc48646674d2ece
hprc4_L100_3989	3e7664fff751347da70020b4dd1ce08fd27d0e1d1622a3c91de33e9b8dacc041
hprc4_L100_3990	3714b9117e862ff9008134edb6a18ae9077e038d61f75fba427a0dfc7a41735d
hprc4_L100_3991	e3451a5c966e570e8bac866d25d61fc2db2d329b9d36e7cf1da92c6333ec62fe
hprc4_L100_3992	f54c8917ae97d8054f9591795f88775a83b87f54ce164377d5cba561b1cd0637
hprc4_L100_3993	0ba2001a66b355b7f0c76f282f5d411bd2fb87c98c4959e7f694fbd57e17e689
hprc4_L100_3994	6f00f50bce7d9991d904fb6ac9a3a7fc229ca68d0a072f2fddf350aa4a3ba8a2
hprc4_L100_3995	7899400cbfe7b990012637dec7e42f6a594192ba5ee11c155ade36dbdf7eedcd
hprc4_L100_3996	19b24355e6932561828ad8bff72b8eaebaf655b7291d06b4cbea3cee53eed51b
hprc4_L100_3997	b0dda3a8b5f238d13e2f47a5f39fddc24da6e199538c21007cdc240108ed092c
hprc4_L100_3998	113132ef489102db696d67a1021b78b8ee13b7c5fb7979fae9a2bb009d783fb3
hprc4_L100_3999	84e195f0fcac0bdb849f9e264a583ff21f18045dbfcb6bce398f67058de95a0e
hprc4_L100_4000	4670272fcf8b31a2195bea6bde18a26adf73b3bb4b59760109cbab78bd892fc3
hprc4_L100_4001	2777c2994079bc5f971ae793e7ec980d848949e9eda4a5806215d48c047dee65
hprc4_L100_4002	69c8c13aafa6db0d6639c85721c9f07dee4582907477e7b0eaedf802e7741c22
hprc4_L100_4003	60f7f875b73de27425bdac3ab21d77e6d8027477c0a14035d06d44984c1f5589
hprc4_L100_4004	910e3131306c42ef74c525703efb876f2e22602640fc6861a424cebaea814956
hprc4_L100_4005	752cdf92b7b0ce6ed1d05b5649744234d2fd1e187ccaacac6ed82d8c25793780
hprc4_L100_4006	07df57e3b203a4c54814c7d96271fd6a97bf6fd5333616fe4938f5eb9b382672
hprc4_L100_4007	78ddb2e3a8047bbe5d9dce0b3785faafa4024fde25c04aca7f2606a8bac46e1e
hprc4_L100_4008	40cb0817749d1bad1287121076cacb79db6602393e0643c9cee5b2acb46c05b9
hprc4_L100_4009	9594bbf573a251d3c7173bf4ec6b9ce573460c1b2a0659ee1a2ca0749bc56e66
hprc4_L100_4010	98daccc2799f854b579819f5cb4364bd59890511fcbdbd3afd7ec94bc9e5d3dd
hprc4_L100_4011	1c6be0228555b35b54f18492f47df74c2d784ac057ecbf18a82b4cbf9e105e87
hprc4_L100_4012	2e7435860006e5480ba4067e634f526318cd0bf49ee11d1505d78b5d1f3bbbfc
hprc4_L100_4013	4f3d4a344d4a52216eabc92fb9842d6cb03117b9d2fe5bcf8bb50839547cbecc
hprc4_L100_4014	3fbe8f965bd8de25fde72ace2c0882bb341d7f3034aab2f7a1de4204bc31a36f
hprc4_L100_4015	3293f1aa045a14f58b4f166415e43fbd830f1bd8482bee14d6dab9950928de94
hprc4_L100_4016	f937a42042e44938c276c064eb6aabf965e1ef10f60c86658d8797fa46d185aa
hprc4_L100_4017	e3a6db397bcbf768e678a28e3b3891c79e761fbceee41fab0e50e3786099ed9a
hprc4_L100_4018	0928234a087ba335aac4459d2614c9791fd80b968e72acba505bcd591d956dd1
hprc4_L100_4019	aa42a6e7dcde5f4a11b563573ffc810aa1ccb3fc30d7d2e8632ec9944f8b312f
hprc4_L100_4020	526558f05766ee9de39bf1f21332ed38baaaa026137a908de41e09d46afecad7
hprc4_L100_4021	a992a425d3db648f0d26fc2dc299c15ba087482465862adb344c9f3e57a25cd7
hprc4_L100_4022	751688e90a08293fd3babfa77ea9eff926efe27abba5edf1fca134d528cdd11a
hprc4_L100_4023	53da7fcc8992933bb3e9fabe5e30144b045f0e93b5909b568940fd6ad5fae0f4
hprc4_L100_4024	6a1551a9c791fb7edb0159481bd2b7b14d6f052c9e174537e07156bee56fd25f
hprc4_L100_4025	608c49f320c3db2cfc6a8da469b2018057455ea5a614a23160821a7751fc5790
hprc4_L100_4026	2cb559162d7f2642d49e02eacf943282a4fd5f67cd649c0c5fdcf16d143ca078
hprc4_L100_4027	49a91e1559713b79d41dd1371bee3cfa55e25c274535bc8a5546caaa44a9629d
hprc4_L100_4028	486d83b8109ef7bcde22bb293e22a1549c6f121d3cd091327aaaebcf0858f379
hprc4_L100_4029	2c5c82da6606dee897f0010fec128de40c4730d7e6269b93741c06356d8343a0
hprc4_L100_4030	a0a134a43aacf7bf939dd369db4cc3cccbf98737736d98ccbe9f13b89ccd4d63
hprc4_L100_4031	8ed5e8516deef308cbcea2695a7585b30c21efba01d9923937dc7d93ab99d9ea
hprc4_L100_4032	08c5762afbf984114dc684eb388a81062e9f486e030433385b8ef5b62edc38f2
hprc4_L100_4033	e95e280d5539e9230afc88f74ffe26f407bb44bfb53f39e1aa883996dbbcd907
hprc4_L100_4034	1dab5034c5e56c58ab3efdfc69de7e8bc57f1f5df5ee78f4b5120053283c8c2e
hprc4_L100_4035	a9588c0a269ae17c4ccf4c793ad404be110afe7d4975493340a5b47c6444387b
hprc4_L100_4036	4d831608ece5aa16f54b2d877cf5675fa13a3063bc48ad9ecd0ca0a260d777fa
hprc4_L100_4037	a3bb8f7c7b023ca07190a7d378347a8de58d277a651ed3b665c43eb5781d15ce
hprc4_L100_4038	9cf3ee7a42020400bc825519ea6bac3aaea7138737f2a23fcf17ef5a3de15a26
hprc4_L100_4039	4b7b861792760ef7e5544609e07357e6abd32c59425d10b1e75ce8ba74d1fd75
hprc4_L100_4040	71294aaf6fca3925c77c95926040eb283ed25aab9ef739a25f3e0401279bc5d0
hprc4_L100_4041	67726022adf8ba083b0c6553762acc9673c69bb095db882abf1b95b21318e55f
hprc4_L100_4042	2f5dc0526b7fa7d49a7713eea66bbe4e29f8925dc1c484e5ab471af66e604139
hprc4_L100_4043	a6a0866b6321424ba3619fb8c51c503be493e3b2fc820db5a4cb5006e6fc3c23
hprc4_L100_4044	2a495013ebf48902286c14dfaf404bcaec631b02eaa6191e707334c351ecc035
hprc4_L100_4045	2aeb766ec700f97eed43ec88d9e33a27b003d6c675d5dcf640eb371d653bf32c
hprc4_L100_4046	e28793bb969a57fa01d500a76740c631532ed41ed8ca9b39222bd7bd18058468
hprc4_L100_4047	90aa50bbb07178e9635c0dabe3e781e1b73acde67f4b33d66270d16b19b04df3
hprc4_L100_4048	bea0d0b6ee6ee3c516e5097d1730aadf7925471d48bc751c6d25020a1edac8a7
hprc4_L100_4049	6f1557a8691fa7e76cd635467bc75ef1cfc4e3bcf40e9875fd88cd8e5dd51a4b
hprc4_L100_4050	518d4f40b7496dfb711f4e80b3bfce7ca61ee1cd3bdb757b99e0c9a753725b1d
hprc4_L100_4051	2423a45155359d48f28884ff81c43ec46d08de7687bef45dcb28803f4d584295
hprc4_L100_4052	132fc21da3ff002c82ab5d1d9073bf2a43f713d1ff56233d64375f1fae38b02b
hprc4_L100_4053	b41a3df8f9138559ae10db95db5025594cabd882d442ab9ea0310db26c0aea43
hprc4_L100_4054	8dff51b1bf1490ce7a6e948ee44d71f0b33727e0c65f75c02c4ee6c91c50f928
hprc4_L100_4055	fb4425f6d700c3554d5520b5716a73bf85f9a200816891e3e73df17f7c72556d
hprc4_L100_4056	98d784fd914962191ee8c736e38cce6f9f875cdbee579d91a63eb8c3d7992799
hprc4_L100_4057	3ecabb2f20767bcf82444dcf88c3a26fe1c04af7e7ccfc70a4705ce6be3fda9e
hprc4_L100_4058	c3313d12c2c9682c51e47b135a0da5d49ac1baa3f51028b54b460e3138bb2c23
hprc4_L100_4059	f0f0dc08ed154ca0595b89858768d5092407b8d3469789652350ae01cccc22fa
hprc4_L100_4060	f28bd225a9aa3c5ccade2d2b75bab3af6b6e9558d4b43aa7a914504432548eba
hprc4_L100_4061	fc89eac7173e6a8757ac91f5a986b4b6cc4396a24422c7a2d995581b87b63b4c
hprc4_L100_4062	f63e827e7994b548597e98d916f757c708428efc96d150da0db38a3ee8586ba0
hprc4_L100_4063	7ccd91b561ef65c4ff655bbabeefdfc0012657651a0f3f53688bf82a39527f4e
hprc4_L100_4064	c02c9870a1c5d9bc2e37d95bb34daeed6ba82fdfe89be77ec66958f06941cc8c
hprc4_L100_4065	b34be4f0c5685a32e331baabf1315f254da144aafa3af9ab2b56081300e81ebd
hprc4_L100_4066	a2e31651d58c9828176550ef9b5ef24fef9376a14686ea51b9cb91ffecb1bea0
hprc4_L100_4067	63de7abbd062254c5156970bc5414b01fa30709013154c2611b1d0c6b30726bb
hprc4_L100_4068	fffd8ba0bf6fcbbe2b2420fb1fe740eaf037187442acd34c521d3f4073274355
hprc4_L100_4069	66e8c4988c35494107707faff6d8e8c3433d5fbfe52ac6b274e1ed5090042e19
hprc4_L100_4070	1dee9b29415cd6a31fb3fa2bc6d6546c2c8b8ac0e780fe77e28786b068ad229f
hprc4_L100_4071	a2bb8fbf789f8f22339275e95dd74164bb846774c3de39a96a9a1c9337374ffa
hprc4_L100_4072	38df25fcef7bbcc71a00bb45b30c5ada8affecdf67c0eb72a2b4795ac063673c
hprc4_L100_4073	2465ed6de561cb11b95cded9856aab9ddaa70e7d452918efb03c275bc2ee5638
hprc4_L100_4074	84deeef63503d16a697d3585f7b8e16c72bf7f761ed6dd2cf7f34a9b40a151da
hprc4_L100_4075	63fb1b4afe394592be9cd6e286a2b380f6d79db71434821aad434a30fb70ec8c
hprc4_L100_4076	7013d9be52aeb7cb8f14941c0641e311ad4c3113cca0e2ec7c5769d9dcf4344e
hprc4_L100_4077	c353a9a9a80fc57ac54f74a0a1c2e9e69f722b88c5ad4387f72056585f612356
hprc4_L100_4078	5d0613b0b872b6fe91b514ac97dca9724adae398affa95a3d164035213020ac8
hprc4_L100_4079	2f99df174669b598dccbb099627196f469d5a99496f011cb8dd2f4e1bd1ef464
hprc4_L100_4080	f304114d97af918b6e73a6b132643651bbd7991749b9b5fda0f2f9dcdcf10d05
hprc4_L100_4081	f23b7a3715064923125319141b53167d66def3712052780c4f6eddfb7a032e35
hprc4_L100_4082	4fde92167be04b934249c90107fd0a82d88bef344a224146ef79ad03419f81ea
hprc4_L100_4083	1ec906d20f5e5fac33c77ffe7a57016389d6df22135f27605fcc07acd4d89f3e
hprc4_L100_4084	f4644713acec0c0ebb435b516c18ad40dbe684f6da1f5658e3c46887dfc6456f
hprc4_L100_4085	eb450a099a46b3d664f2ac06e7540be5b58d71cfe4f1fa20b35f4ac59dc4a38c
hprc4_L100_4086	1f8ca397e446548e1078191f4504b1637bb98afb9c270bfb82239970b23c4ae5
hprc4_L100_4087	c464c4517e8022393b31b3a3396cf14fd31753fa40e46b9215b24da4251535ed
hprc4_L100_4088	66bec701da50fb1a7d42f3eeee9ffba0abcfc302d21bc0bba3bf6998013ef634
hprc4_L100_4089	cc72d172731a767ef9e9a32021afbef9473629ca6fb36be80d13e508455d41d8
hprc4_L100_4090	4dd4773a83d00ac65983c0cf0e1e1b966b70250eb04b9dcc23463f68193b884c
hprc4_L100_4091	4132832c736b02428ef6803dd7863818e201f5396fdd1861a9a5cf2730c527a1
hprc4_L100_4092	56a467f9770493cfce8f7554c06ee83227c950e2f603ec16bce2e814ef8b9997
hprc4_L100_4093	19c2e7155b600c4b8d0e396d49f3b6b8d44e897a2fba289884deabc822c9808d
hprc4_L100_4094	eb280cf2b70dd92c905040305a65bf7c6ead20d0217d298702692aec326719e1
hprc4_L100_4095	87f220da2aada1d9caad615ff51e21c12f8b4cb5afdc2a5b49bfa9d057080b5c
hprc4_L100_4096	484d914d98fad51970f4247800edcaae31c610104ca8922884bd25884f9160a2
hprc4_L100_4097	36a34e68207a4d92f55b455f7103bd391ace076a86bdac4eacc42225d08cefda
hprc4_L100_4098	1708dc616823cf0bde504217bdf817688fd681e6d4a693be9f677ac3e815170d
hprc4_L100_4099	379a0e89ec34fda615efee9cab2ea5ac537ae914d0b278cdf5e0ca2760d43f45
hprc4_L100_4100	04dd1125151b076e13380936bf7481863e7afe68c5a4b9ef615d38e101b0ded4
hprc4_L100_4101	6489d996c337f9bc45a408266e3da824f993a4af36e32d93d9ee61974c1df39f
hprc4_L100_4102	e0cf6671ba01148ae130d302578ca0584a45322df9af19ebb4e3d51a8169cb31
hprc4_L100_4103	52c858f585f7a2f04e1c1abffe62fce99631f51fd1f4e272672191b41176fed2
hprc4_L100_4104	4796087f9b42f17cf4be22fe8067b8311681d8eecec7be8df672914ec673cdf9
hprc4_L100_4105	860d12f117cc609473b92b4c9708a3801657dab81f9690ed8c9a405d9c13a675
hprc4_L100_4106	cc8bdaba73bbbc8496f3d80513cfac9520f143d5ec0c07a5932209a99ca7d6a9
hprc4_L100_4107	5ffda3a243ba6e6c2a3751de18a62aeeefff7a1762d33b087d2eaae88da288b2
hprc4_L100_4108	ce8811c0b61e76d07de3f3c665b4d1f777003783a426a7c1f4edaedb4bb89a78
hprc4_L100_4109	d3099f1e21ba75afbec68449f23bb22bfef03bffd1c8ee30a1156b899f4fe52c
hprc4_L100_4110	5e32ab2a611d5b8aa4692dca806b8c0dd737dde4d33ed838841c6d3fa601c9af
hprc4_L100_4111	525b3a63b4087113ccf09397011a01cf6509d619b93024cacab16605030f0989
hprc4_L100_4112	db51e71a85aa1e6c376bf39934ba6604663d133288891c99a40673e9664251e3
hprc4_L100_4113	f581ce8db34a4c608bcec56ce149167944801273752f6a507ae311c2a26b7f85
hprc4_L100_4114	88c23b6b383b2cc97f085fae7096bacb2fde12ddfeef64bb2a5835db6369cd74
hprc4_L100_4115	d67ea97864f906a124590b2c02d274431f1321f96b95eab912185834e5d4b1de
hprc4_L100_4116	249460e6e84ade05f8ac4ad6d729ce75bab15a7dc18d469bd5986e85bc5bc2fa
hprc4_L100_4117	6aab72cbf1aea0efdb3fe8e1fb52bdaf3eb96d63dd4f9c13529d07f1fb457c97
hprc4_L100_4118	faefb45dacf948ad22ed5ec52a7d7c73dd1419dca7a4b07516ecb9525891892d
hprc4_L100_4119	eeec0676ef047f7ecb5d8776293f8ad7c8487f95dd1eb7af4cf2c14f99dd0aec
hprc4_L100_4120	8c3c56f3a87142e5df8cfbc4c2a771730418c6f160af723b8ef75e524ee3d09f
hprc4_L100_4121	9cee182df9bc6d0d683cce87858be695af405b9d23d42bdc89ac9fc1447864d4
hprc4_L100_4122	0abcb5bbb55ddadc51286f55fa3d90f393ecd563b109441e1d5d855c280559a5
hprc4_L100_4123	e70ce8f0aec870ec6df4ea24819ac55bfcf246674baf3e558766d50ddf032692
hprc4_L100_4124	ff6d366114e4d168cb503cff2ddc1760dd33b58f6a1a6ca2a236008c66cb1886
hprc4_L100_4125	59582cf716cc7a7c0fe1c3c860b74b224b2298c3b4b169f1e08b396826b70069
hprc4_L100_4126	71e594ff7068914dd2b67efd1d3e593387c8685d04bf0f6987fa1c78cc141914
hprc4_L100_4127	1bc36b279a802a448c01371ef4c47558cfa6a4c134fd922acfea935f7191b129
hprc4_L100_4128	8aa960be058e874a903c742d7d1a55a161bd6b708fe475f2155dd81a1b7ff042
hprc4_L100_4129	da13831a99aaf3b704aa2516f6b3921a23cffd4169dd542a4bc69a9cc82e2255
hprc4_L100_4130	fedd942b6f9254c7c2ab6bdfcccccfb673874453bf548d5900d5ceb680c51f93
hprc4_L100_4131	9f16cf5f5bcbaf8608091e23f1531809eaaf96eaa6107d1e733188ab0be9431f
hprc4_L100_4132	c13f4bee44acde09ccfb680685ed1c8436d683c98b225cf075f0cb4ae9c49471
hprc4_L100_4133	00b479a7ad5a4f3d7d1ebe4c1e48d8d1c715ff25e55abd436aebfeb67fe13992
hprc4_L100_4134	eb61c756867b5ee30b2e04705fcd770c66dbbec51281b04ed74fe9ac4f2b5199
hprc4_L100_4135	e63e271fe21341caf69853674e8885314bf42b3f82fdc7f288827a5b431e6966
hprc4_L100_4136	a88e35414c54e32d919b2ce0529adffd1b8a3bf21f7e2260c71fed740a25153c
hprc4_L100_4137	6409887185589196755bf70e7f3d6604a6787b9db11973b6c2147455112a342f
hprc4_L100_4138	87d000676d897486fce02c473bb422e0bf8a9902051f3dca4610f7b3f81cd585
hprc4_L100_4139	2760b31240fdd24f9d9558296381439f2a446a91837554469bffc91d42407e89
hprc4_L100_4140	4f9a954a9d8f763af98e7abb499eee845a0dc28eebf5c40d43a715bfaf01603e
hprc4_L100_4141	5638074dc968fb1c3f47daf9b6de926a06a354c55abdae38f8db6d1b5b6d9e50
hprc4_L100_4142	b594f023f92e37f17a3d6906cd2ed50dcaf3d29cf2c1385c0603b37d963ec9e8
hprc4_L100_4143	b5b24d1488a8506fdef37bf3127d23af4d08989b86248963a69c91ea9a65b101
hprc4_L100_4144	2d9cdece93ced2337d1ed649e50bbb5983998687c7cd3eca0bb7319cac2742ce
hprc4_L100_4145	011312defa1d909686ac61db44afaab215e10551e1666cdc46aaed9c22ef5f1e
hprc4_L100_4146	ad2436957958785d647beefc2994ed145e9a553e18cb051982415bb4a70420a6
hprc4_L100_4147	2e6fd99e1873fbaff04f5e601923cff31bb51bff7fd47929a7e63ad05e9d84ba
hprc4_L100_4148	579052488296215b1c8f261f8fbe8ab1f7fd2b73c4e527b9034fd10902057fbb
hprc4_L100_4149	6ff08b43e39a41597f75e3afb3e8d450d58c68737606926d07044c6c52ef8733
hprc4_L100_4150	a31c2c9a978067b986691f91ae1117637569d4102372c366a0f16886054e0ce4
hprc4_L100_4151	54db8e52e6d5b045c3343d62176c8e5f237791d35a6aba8f1a88195b8c0a6c7d
hprc4_L100_4152	1bee4d58c9da814858331f873c74dc4420f70874031c3c8589f45219523ac26a
hprc4_L100_4153	dedfa46fc41d7c45ed65fd416d1c114722232ff906cf4e3966aeefb99bb5cbc3
hprc4_L100_4154	06156e1b775ebcc8caef72f412255669ff4cd880dd0ab0181f4b006a19a8f949
hprc4_L100_4155	8b2641a7669676d588d60f87e08b55475209fb0393eb7ed76ee2e1a4fbecf769
hprc4_L100_4156	c94e1aacfd6b99da14b05b07e874e4ee159ed0b440e889bb00ed405a43ae6597
hprc4_L100_4157	104128ed0c42fb55025988fe031082891e7b24e6654134aec309740e54ec8aa7
hprc4_L100_4158	3abd211d22a8ef677a4681f402899d8edd6c571b381bd7ee462e7e9fff52f690
hprc4_L100_4159	eb6f1c1003d24ba0f79dfcc05e1bea4d90a60e887c3ae0d18a09c6900c6061ba
hprc4_L100_4160	11180fbca2d6188149bf8c22d4f77de842a7bcfa4d407dfea499029c09f9bd13
hprc4_L100_4161	58d9c298c4d2d45f23b2b188908be4f1995364ace25536002d750f11fde5045b
hprc4_L100_4162	ca876c54ba4d21197eee7dad72aa0b578935575a89b5a7fd037e8a9f99e9e758
hprc4_L100_4163	ba011ee12bb51993c747fc2273c198a0985d1ae4d4bdc39fb14835adf5ac4faa
hprc4_L100_4164	5cc8710966959576df7804a4ed2c81b2f4b308f7cc922f34f2eddb4e2106c39d
hprc4_L100_4165	382be047922896aa670f22ce0c4c78a28c0adc5c2b8e70d9b636d32ddb4745dc
hprc4_L100_4166	f29571ba813369546dbd66889ac13627c7de6addc3e4782f9064773b61257d44
hprc4_L100_4167	1b99b99e874b1cd9e46b9375d4fdd38c779f5b0e1609abbc6c5e558388c6c53e
hprc4_L100_4168	022d5adb6062519cd06c339ef078fc2bf8dd78db224e7d2175283b87702db102
hprc4_L100_4169	be76363d8bfcaef1eed4d69b03b8be84a6ca83470bbeabfccf15882bc9ad8e3e
hprc4_L100_4170	0fd12195ddc8cb92883f6aaf187375838d6e5b60c721f3f3e805d2f36d8a344b
hprc4_L100_4171	f9c694606a59928ca95193e2e1a1ab33ce90c6686f243d844cfbd42dedbc3442
hprc4_L100_4172	0c24965112eb68b893cd137f7e7007031d94e2096cb4baf0c94f56df13c6271c
hprc4_L100_4173	f36f0d18ac662e600babacefd0f72f59ff766841afb23079e32c28a4f5ae61f3
hprc4_L100_4174	57c73f0d5ceafcda9378212919deba3ce748c127f6321bbd72c606f916c3a101
hprc4_L100_4175	48939b89171ddf7e6022d50481bd8a3aebaeb91ae8be54ae9009a4547d16d3dc
hprc4_L100_4176	5f3daaadc71b5d867588beef54c9cf2352327b28f5d35e473f2c32089f705170
hprc4_L100_4177	ff9594646978f341e55e260ba0c486d84be439a2a2cd18c89918f730f06f96ea
hprc4_L100_4178	ef350c4c10a16704ab165767c3b3489b07daa9309d6a2b315cbfe01c284f3f03
hprc4_L100_4179	ca1994a91f59b3614f97b4201d13042425a16b403ce26aa184bdc7548cd1ed4b
hprc4_L100_4180	e63223759c5668cc43f2871ab7eb6838618c48bb997ab9295dd9891ef77ec372
hprc4_L100_4181	e085d69359a5da6c659ba0667210e8a8766fcf81d48abe1ea99c685c66237b8d
hprc4_L100_4182	b241d0f135d99760be7aafd2c1e30ab837dc7a14fe78d961aca6120be7a8ade0
hprc4_L100_4183	cb0cee6fcc8aa1781446c117de5762df775ac18aa88cc48e6dcf6f7cc94ee8c6
hprc4_L100_4184	e5a9386a52c81a951f65410c53c2ccd12193fb580c14db27ed64ee1c2f3da3d6
hprc4_L100_4185	94a78de79b194584bbaaeab58b1e81d468beaaddf5aa3af6157861a51f785fd0
hprc4_L100_4186	f42fbc174f453609ecf826202b4d466550972e0da0a1eb83371494eddd3b2909
hprc4_L100_4187	1ff9ff7060afce32e2fa4c7aae59dc2eb73accbdd0f49844373d641693b5705c
hprc4_L100_4188	3fa63cd13f890d5c06ee38d51acf238704ca74d47e3829d1a1733efa059559f3
hprc4_L100_4189	0337abe4caaef9db5541bf206519af0cbf722ce203fce63c70d82a4be73948da
hprc4_L100_4190	7f02caaff763e054ecc0af728d70733623803e97a993d2ca9286561337f15c91
hprc4_L100_4191	494429d15ad575e366db71be93f5ec2d401b057af1b57d16f1959231b4b17988
hprc4_L100_4192	dd15b8f54523f979eb2e97e29d907afded45c9918e713f80fe0a9397723c5858
hprc4_L100_4193	0b85b40797d87ecbc16bc0015d8349d6033f8beb83d4731fb4d7b34188513f6d
hprc4_L100_4194	26feeba2fe15c00e494148607e8dc53e59dc8171e8a46846ce1247f7c6e30dc1
hprc4_L100_4195	9753ee8225354a189f6a21ccb1923b5d324ee0ed38a0e80c4085cf532c0b8d0e
hprc4_L100_4196	f87ba3128a9e47b238a6540861c6b18558fc545cf8f3d3e9984f658d38d86d47
hprc4_L100_4197	b63cbc7732cf23dc14270227634b5683c1148099e75de4414ce16fbec3627a34
hprc4_L100_4198	b2b898595583d6ad26a331223e2c005f3d353ccd731ba006bb7deaf33b26d1ac
hprc4_L100_4199	852541509ded97e0e65cdb6d5ed27ff5968981eb46d5703a55013208251003f3
hprc4_L100_4200	00c1e8a9a2733ee672afece914483310232414b3b2bdeae8b40c4f8c9245bf9a
hprc4_L100_4201	4d0312bd9678b529dea0b08b1423ce976cfe231a4158cc49f5352636e7ed693d
hprc4_L100_4202	d2f35f1bf7d7fb812e930732ba4b7a87f84f89f66c7b0e7f7e5d4988f465b875
hprc4_L100_4203	55b4107db062ba2d66353f8d019472a7332c94ca80636456b23cff0deb76e6b4
hprc4_L100_4204	f2efcee9d5be896f7d38714f4cde9c49e2d2f985edf3a3a6b744ea9003f9cca5
hprc4_L100_4205	d75cf20bc8e0213e688a08f2213e170417e56f34e0fff7800870dd089aee2cba
hprc4_L100_4206	67099424eab2b0759249c8908686fab8196fa262ce4b692649aea3f209cbb84a
hprc4_L100_4207	66daa42dc012a1b61905284e07b13ce97da69cc3967ac1783e208653d332f705
hprc4_L100_4208	24949d24a446093b7a0424f38db09133cc82f4f1e9dbf8ebef81a0100c1697ca
hprc4_L100_4209	3e468ca8ea4b0556aba0aebdb61e31dd6e75f67817618c13de706226461b591e
hprc4_L100_4210	6b9bbd73e6795343819274d0b8d4019937caed44b1228b6757d865ea55925405
hprc4_L100_4211	1cc4390e321176481fd2933d16604c527a3c6164b838928a082f4812e6b291fc
hprc4_L100_4212	db5a3224de38659a6d42ce77775328cb9b5eb700499b540e3c13c09c3aaa1731
hprc4_L100_4213	84ce14d9847efdf21109ad8191306c5ab09e323d8a44dca7710d82d9c4554b1f
hprc4_L100_4214	13449a7cd6e4222ff5127065ebe20491ca65cc295c28ab919e0ac25eb070a93a
hprc4_L100_4215	f62940ffd5da5577d168aaca78ea3077d6ad30bbecd7280693bf91a334e99115
hprc4_L100_4216	e110052adf5d3cd423361cfa75f0a5f3cf6b7c306be1545771b4aad12b063733
hprc4_L100_4217	80d57d854a2f141bc5297bb423790ea4ddd53d522461251d4c0f248d2d1572a4
hprc4_L100_4218	e5e3ce23583a1d17bf3c2b52699887ca5871c3f6160fa38342858ab3abdf51e1
hprc4_L100_4219	af8a951a07950e8df8dfc9a746a176e226d6d087faf8357f8dd3703424c0775c
hprc4_L100_4220	e7405a3817e3d9c1d0a050e89f735721e7dbd629e845ffcdd1e841a6d9333a9d
hprc4_L100_4221	4464557e46d1622510026dcca62b01d4e228884b2bae3a0b5232b4129902356e
hprc4_L100_4222	78c6e2680ddd77a486695d12853ace02166cec1d1e9faa26abda8a8a052134f1
hprc4_L100_4223	79e6bc909aa4b6d33e43725cd80dbef2a37ac658612d798ff08ea51ba95f6f87
hprc4_L100_4224	efe4ec195de4dc26f14c5945d20b8e0e6ec4a6f53397d14d482845ccb5a6388b
hprc4_L100_4225	7f9e5ab3ff7b563890da93eb7be8febf76bc1b77ddd7b596922a7848312d02e8
hprc4_L100_4226	11228147779de888a63cfa22b363abde25b434b060ffb28ce4ac7404e6928585
hprc4_L100_4227	d82adc15a2f0f002221814c124f200a43ddda3d640472dc0999f964acfbeef20
hprc4_L100_4228	c47bb280879a4f838901da14993aa494f36128552225d25fda748d8d765d321f
hprc4_L100_4229	3704486d82b7820e155eab365c6271c016df584ed711e3cb4d1f76259c5de68d
hprc4_L100_4230	e59350297e031f6ed98643eadc121de7d06eb15c07ea4cbdfa5cce406f2a5c60
hprc4_L100_4231	290314c38ddf61905218b54109ae1d8a1ecf8ceb100e5874bdd3602abcfb40d2
hprc4_L100_4232	ecb12b4defe22648a1393d9d60f96850f541072429c993e5934bea4b5a76cb20
hprc4_L100_4233	5e68cf84a4d34df1375af8411dae1cc447aed1d84422643ea599910ba4ab6122
hprc4_L100_4234	937a53beadedf4885f678121b878b71f0ad5f265cb676bd3efb905c478236187
hprc4_L100_4235	36e8cf7941cf0bf38346ab5c41dfc21280c99eec7308e3637104556aebe45c3e
hprc4_L100_4236	9a9020d3ed9b50d3429787e3477b1282549cc68c74a7a42218a9a2f6fbd505a5
hprc4_L100_4237	1ee8678e2ee521367b6c46a9bd0a6bdb185f2c2b1b2b365444d6863969e27524
hprc4_L100_4238	364879f0fc9678cd10de01e45c107fbb7ed870e832b06bd5b6201f878f78a056
hprc4_L100_4239	227ccd3da3a2c413d05eea47d48b2a07d4dd0c640287a49f6dd962201e74cd2f
hprc4_L100_4240	2301b0ff43e069fc9d3a469fb4ae2ccc8fd3571e322bcf30d930000cd0f0f356
hprc4_L100_4241	b25051bb0508d49f0db85a71b7eab434f3eb29444233e1aa8f919702343347eb
hprc4_L100_4242	62676338b93f1b87f8bcc3f7c6fdda3087d47fc3ec40b801a3c5499cee0b3a3c
hprc4_L100_4243	140be0d57cba30f0af338c153b019520ffd3430bc3f53e2192ad6be3b3b98258
hprc4_L100_4244	bc8397ab9edb875101c4aa2766af03d25f27e9806243430880b8a79828e621f8
hprc4_L100_4245	8e7db39cc36c2e745d798e44252d9337537d070c0f317679101397c4d3b8a284
hprc4_L100_4246	0c299dfdb3fc0944277a6b4ea4e11c1d59fa6309b146b33a47d62ae8b264c3cf
hprc4_L100_4247	9938b7eead8956963b15a82d0e17b0b0368f2c4289c550d798aed50bf042f9a7
hprc4_L100_4248	9052cab0463ae64803722364a039d00484dda323998d1a389252691300b777a2
hprc4_L100_4249	da3e84c05bf08510868000bc60b4c2639d6b700498f43124753878af29bcdf9f
hprc4_L100_4250	77dc988d5f67ded6f778eef92cf6b4453c923af24e102dca5b8a5d66ccb61326
hprc4_L100_4251	079da76768df89b6bd15fef437be2b0eba05ab6e4a889cfbb9d000549d0d730e
hprc4_L100_4252	d9149ca6cfc6fa92895712f4fff7ab1ae75a8a82b167948cdb12c53a8938492c
hprc4_L100_4253	d7eabf33e5836a5ddc3b8a1edda01d86e8331a2ace3475a527da7ce9ae6532c7
hprc4_L100_4254	c3e66335f36b1ad47d7e88721f033836a0d128c79aeb038fbab3920a6b1ceb42
hprc4_L100_4255	9b01fcd9fc28964c60eaf9ee40581ad892472a886f8b6de930d85b0ae565e536
hprc4_L100_4256	8887708de779d69a4a7563f67c7ac01904e8b92e17716eff2f37a25e611f52f6
hprc4_L100_4257	22ca132c75d67eca7e2dca99ce4f27a074554ed87e2afe9f4d907ea7bcdbf5ee
hprc4_L100_4258	88403063052b32e155b295cd24c45fd09995985fb8bd88afc1fd8b5c1a04076e
hprc4_L100_4259	af0d3a287d7081b405334dd23f65e883daa196b79c41fa21cbfee14481783444
hprc4_L100_4260	b93adc3f3d75307359d4bd7a4adbf1b06990bc962fa8a1945dc5f91c0e92ea97
hprc4_L100_4261	6de0f25a6d04b83d3036132259d93e90b48edfbae2ac99b1dbd99cd6ad3732f7
hprc4_L100_4262	2777462cc68dacc2674dc808fc5a018640d0c71df5a97ffd622e524e7bc50c3b
hprc4_L100_4263	2a18c7e63450bf914aa0cf372ffdedc7d3453e83e7c63bad4308f5a4c4b95d86
hprc4_L100_4264	a8701a1e072fc40c5ac843f1464d3494546ea449ba5d571a0c0a145f8b418503
hprc4_L100_4265	eeb2c925a5f955cb23fef544cb78afda1680fddce7c6a63ab2405079b7774826
hprc4_L100_4266	f3ea5acb35bcbcaa80f4b7fdfacd6f803820c670ec9cc19196c6c564bafe50ce
hprc4_L100_4267	b5d72dd78133dee8e30d67776575f2f86f284cbebdd91188ced26329ceec8d2d
hprc4_L100_4268	5ab667b9a520469534a65ae9b0fd401abf32bd32a4009ae788917c6b58a46852
hprc4_L100_4269	10b519bb3f59597da929142716ac098c1f10ea6f8673c5e5821f32f6bea08137
hprc4_L100_4270	140fafbd61bbd54841e7e109fed07005ce2eb1b4b172329bb27c29970da0bcb9
hprc4_L100_4271	99fc2b8f129c46380f5863c4fa4b0b349bf35f9bcf430ab8f45fb7ad3fb5680e
hprc4_L100_4272	4bdc183a90ede6f4d2cfb1f24aab31d373a7ab13dbd363e4c258323e5f927115
hprc4_L100_4273	a32003bfda00c1571e8e65f70388b38251b246e23cd8db2d0b624eb43cf0ed83
hprc4_L100_4274	fa5a5453e68c7a0aed2e4741cea11fd96732fd40b4ed189c0ac05ec6dce65f07
hprc4_L100_4275	5faf00bd5a03b0943bcc269d901b5c9e26fc4f8221b6d3ea75ee3df27b42b996
hprc4_L100_4276	0fb244d5c20bbc7f99b11274088fd967a6505faa2c636a423303b3dec4efa9e2
hprc4_L100_4277	70e3cc3e4dd65674d79c6b7b4508e7f9d963e8bcf7b9e78b52a2e2ad6c79a606
hprc4_L100_4278	1350970a04ade478e5976c16203a34bb682d87ffd2e29c5526c4702d7df5460d
hprc4_L100_4279	e4d1ad6bdd17989cb2a7c445c6619545f44059e13d063c878537f27684256df7
hprc4_L100_4280	f83a9431881bc1e07d8b6038e0773c682ca7a33aca17b5df8e6fe452b76a7608
hprc4_L100_4281	5bb2321194c279f2db68fd55b52182bdce3a9d9e3d793c020ef1e1fbff1441fc
hprc4_L100_4282	d1bd0a6dc31df0204f9586a69f654509fb2be67310b78f0adab689f252086e22
hprc4_L100_4283	cc02e8e8a24478a1603fb36538d4022f583968d72ad67fa3dac7ece52b43a233
hprc4_L100_4284	47a86dc82758256bb6287a872b6973a913e35d4fde6d8532e78f8f666e4b5d7e
hprc4_L100_4285	286d6b2263ff3c2787e6fd28aaebaee6e087085dd0da4bf0a26d8216762a7cec
hprc4_L100_4286	435b6a0469b1fd24fa55f7851cb9e0c143ee0fe2afe506c7c66c50196b3b6c20
hprc4_L100_4287	b2c0c2d8a5ade2a8d9d1e2d21d370643eefbcae64272e9fde719032c57161396
hprc4_L100_4288	db9574d24fe6fd9056ca361cd29a186c96a80f94743bfee765c1a66c3ce4dad8
hprc4_L100_4289	a84785dbc1940cf66b96c453a0543151dad9a1fe3dd50ad5cb153c3358254e21
hprc4_L100_4290	c82e96b36a0404b1e9609d7e13b45f3ba5a7fde6eef721531c0dd317d3e0ec28
hprc4_L100_4291	77d05b5c7d1dd1aa45780a2c178c895e8168aec67656c18fb184b2eda603ff15
hprc4_L100_4292	3bbb9bab46c6f6f00837634bd76c27671040e63b96f57c1e65437cb0d37d45d9
hprc4_L100_4293	a6f8e0cf3888042714cc84f3c733dc4d8c17dadb9e2e9e24a1d1915754076628
hprc4_L100_4294	b89d01832b808711dd9cb7b89fff8d169224ed4ff12fa170dddd0801d250056c
hprc4_L100_4295	a785c32801cb00b3dd1dcfeb8deb299e2f41379dd603e2d71c55dbf51f45e804
hprc4_L100_4296	2c745e52d90e5bcfb6d474cd64b7b5f7eb41ca08fb1e3accac266c34e6237f67
hprc4_L100_4297	c1baea812f06c0d5484ad6ef9ed4a6947879cf9f65cce1cd054903319a064100
hprc4_L100_4298	7b5d1304937c808ba38526caef02d566deeb9e9577296c14e4368fef208336dd
hprc4_L100_4299	a25797d78ae73c9db0667c951c0c55b838237d9966a6c398c166f1d89b138e2c
hprc4_L100_4300	da1f124f4679be5898943628edf1c28c37583beec5c235f230a1339d6806c3b4
hprc4_L100_4301	0c861178bd29fec93f876659149a6a1ab021b334621135e458bc2141051c1d59
hprc4_L100_4302	7c9a13acb0241b7121533df24314a7232e695ca774f6dd2ca0ab2e6e784e0039
hprc4_L100_4303	94f19db35f7bdce3727e90b682e572f9bebed1ac9a0d37c3ad39c069ee4c6867
hprc4_L100_4304	4b47d8319ca874eb01aa039eb18aaa00b9b9d9ed58d9566290497d841b189475
hprc4_L100_4305	798fb249ff9e50cc8f3c588ccd3ad394168466c67cf283fd0fe76d9cd13983af
hprc4_L100_4306	e36a5b7f29d4a1f14cd82307983b9e102330bcc36cb987229707b95f910dffa0
hprc4_L100_4307	1b472491d2afdaf5d9803605eb9b450ca38c94adeb08f302b7e1c9da18728685
hprc4_L100_4308	d487fde4fd3b4f4357cd45690f428d6fc51a7f8477d862fe6ec39b0caeaa994e
hprc4_L100_4309	f6cbdb291e4c25f0a2543bd36ae62b729bffda11e00736760d932e3b58e8be86
hprc4_L100_4310	5d9415e285de9202655ea40e8fc02523d3f101fe35260b47ca9fa97eeaf7082e
hprc4_L100_4311	ada86a51d71bfbedd3e60e6a74e510b98354cc273ad2a38612c889f87b6a6e05
hprc4_L100_4312	f2ba9278c76a87398f402059eedc34c4c282a45bef6bfa06a994aed8777e0661
hprc4_L100_4313	bda2c841c35b715bca1be3245c34fa71ed070c0efc447c1e7e32cd81b63aeb84
hprc4_L100_4314	6e9f8ad971dab23bfb37294083f7e36180e15804f14724cf6332409ad9c2e089
hprc4_L100_4315	a161da369f7212adc22e4d4b41c37e2bc0d4d0af4f18410b5ada3e1da0747373
hprc4_L100_4316	687eb6d10e293a55a5aab69879853fac5c9a44cea8e57a8a80e19b531afbc154
hprc4_L100_4317	86aefdd0b1a3c0b7494732ebae30d17cf2dbbf13415d0bbfadc302db80b393af
hprc4_L100_4318	19b15467616d13990c0a56e8ac6fd983125e6b9bff474b5256ad842d96c38b91
hprc4_L100_4319	c11b14bf94158586f038d86b92d44b2a1cf5e5cf85d4057347bf3d507087ce48
hprc4_L100_4320	52fdc532dfd723ce3e340682541b9dacf5cc5ae9591fdbd0cc1e747da824d322
hprc4_L100_4321	cafe73db17b14d17ffff816fd6283df37eac5f919c5e2a118c918fac22e2ea01
hprc4_L100_4322	379edcd736db0dfa5b32af71d5de1b08ab3fc3ee1e5dc2ec5bec50e48c52cd32
hprc4_L100_4323	df3a393da4758b11e18d66a512d15049fb28d401022432d1108011fa5c877bb9
hprc4_L100_4324	4627f738f010cd015dd0b4c93f4b83d2f64cfa1a284694dd08aba9d9ed8eb466
hprc4_L100_4325	ccfc03eea0401c0ac492a7ec41f8689ac09d77ae0e880edcea10e173779d4038
hprc4_L100_4326	a154847105566aafaac8974b56d66c41432067cec269671c2b5dedf88c3d2c4f
hprc4_L100_4327	e7cdf05229d27b22c3727d89f647b35aeeac6763a7d05fae1133d964b063a4c7
hprc4_L100_4328	9d105ddf7d3df90098e5a0ae0175c936315ecfeea317c5316af57347f3682bdd
hprc4_L100_4329	7b97e5683cc7907cd7a7df0d44eb42460853606fec1ff0ef13e0fe570c95fc58
hprc4_L100_4330	dedb66ae79fc356ce12d5d6aa78c1fd56c5a567217858017eed5d74f7d0865a5
hprc4_L100_4331	941537bdcf933e4c2a533d492042d3074ea999ff12c46a4294d6ca2d0de4778f
hprc4_L100_4332	ebe15ae2d42f344554047e4855491ab5137d64e204182e470df426b868232d5a
hprc4_L100_4333	56a00d0aeb8c81d323b8052bf8a376f47090d7206657241e348cec529d6da7a7
hprc4_L100_4334	ca33a86bea00b88526926802ebd3e58952ca7cf335b295f0d695255c23997bc8
hprc4_L100_4335	5a74079f796c9d152446b7aaed0cb748c76c89649a6e92cafc7cba72c8a02047
hprc4_L100_4336	9694646d86e176e310320ea97b684d406c13348132f49f1347de5ba11ec90acc
hprc4_L100_4337	7a138a5542d834bd39ff5e5e8397be5abd93918854f6e54d1ea81aa84e4c5aa4
hprc4_L100_4338	5d063f47fe435464f95d7a45904eeb161d88822b858e5aee40e53877c044ec05
hprc4_L100_4339	20807b7f445c479b641e4f6788d1c019277a3f3ce5b809e7ebda2651f5a5e985
hprc4_L100_4340	efb29cc0954c72fe6f68f3d47d158a71072f25b3577c6197c4d3ec5719e70644
hprc4_L100_4341	7eaf9c60b3d6e1c8e3002949a374677973528a275fae1ae6c6193259cc98aef5
hprc4_L100_4342	167052e9bd209dbb876b7a704e619346fe4f9ecfab0171f8f4c72bdea67f3d97
hprc4_L100_4343	d4f9c90e2bbe65babbdf05b6adfd3df84b050aa7ae56886c09896d102e6d9f45
hprc4_L100_4344	09b1d3ff3dc3ee96572a10cf8977d4d696378d126d6bd0bc8eab9c6166bb370f
hprc4_L100_4345	e2c24d3fac703046ca1d40a4cc63d48371766bd57e7534e0dc369871ce229d07
hprc4_L100_4346	39b84d632944a68a722e5eb11340dcdbd08130f7cae20812879dbc03acc1b02f
hprc4_L100_4347	2c8a0e6b970c360d6df1b6c722ad4df2883cebd7905e7e03deaa2a7486f69287
hprc4_L100_4348	f3b8c49acdd6a558dbbb6aa5906b05c9feac8aa8c434f4b5df0d02643d631312
hprc4_L100_4349	805840b90cdd429f7c899f7148528f9702576a0cadeec19508914ee0c68df1f9
hprc4_L100_4350	457fa53c1e73a87ed580c4b5f1f8a07a852c2085f990099eaf7893ca718cecbd
hprc4_L100_4351	d436a5db71a1a1927d2d59d467c0a90f61c28e2fc37bf0c9a84ce26544d819dc
hprc4_L100_4352	d43d2ccedf84473dda23457195ce61765745d22438da37f019b01abcccda7f25
hprc4_L100_4353	036c4dbace2ae68e441e7077015a04684fe5ea4064fd8544f5f284b84c4750fd
hprc4_L100_4354	621257008b0792553a2bf35d354abaa46d96b925c189e0d6b18695ae3726fbfd
hprc4_L100_4355	5aeaaa986d5e133d62872df3101dade62b866e24bdf1041a84f0c1d00405f762
hprc4_L100_4356	a6fe76c8cbde4090bb751b3d992e0ae20d4fe8410ac07c0f3864c5989b7f7f74
hprc4_L100_4357	9141d08a9784b18de60834d12000e566290bc117da424a09106daad47e5f0d3d
hprc4_L100_4358	7654c82fcc0a73eec45979341509e6151dfe993f669619f531c550e487e06f3e
hprc4_L100_4359	7503778cad059684c99d4d946bf4060a5b6f65086e22b0e797cda28df0836b44
hprc4_L100_4360	7ad55881fd40dcc6a23b2ef49f56ee7169cd4d35e71406766cfc86f8172ab80d
hprc4_L100_4361	09f921176a6087f79f2f0ebab70ff30aec1f01a986146312ea520fd20b287512
hprc4_L100_4362	21ad170ed6c35110c015bc4f192d578bc579b9aa219431452305e59024ac0bc3
hprc4_L100_4363	f0bae8f1ebbff33fe8c3dfdb4bb871272784ebf1f4fe805fbee2fbf791482044
hprc4_L100_4364	2b439179f0fc5ca7e3a90cefa54f7651c73f25714be41f07f1d52cc4aa698228
hprc4_L100_4365	4903a4572c18103c73b580e7660a741af4144176fcff0ea694574c335a21c15d
hprc4_L100_4366	fa59b3a619a31560ba22506a21177efab17723462df914a33a5268283e44a093
hprc4_L100_4367	cff21546c1dc662abd783c3b3c13adb3847ed84987365ee7188574ec27988d39
hprc4_L100_4368	aa5bd21083c2d6d9ec9603db11492afe066322a5c42fd53de14324b04515e439
hprc4_L100_4369	0bcf2a780dcfc160cf23a9a0ba127e571c02da57a35cca726d57ee2bb46f9401
hprc4_L100_4370	72a3aa2a357cfb236a65d7b81d945c6cc13a06a76cee6a7e30e04185bfa39c42
hprc4_L100_4371	006878e35fb92cd1700e909bbca329263a8e02d61802e6c45d4c2530fd120b50
hprc4_L100_4372	fe7452bbed1d2d3fe47ff1db45bc4cc73329ac231c59816448a51fe9d57b3987
hprc4_L100_4373	b4eb864232f0c3937c709d0646a431f093937eb5619d0e392661533255fd62d9
hprc4_L100_4374	454dfce8fa14763520558546855848cb375146df81228743510638926eb2f097
hprc4_L100_4375	aacacc75f250077087370ebfedfb86a9f71f8fe046eecef210149eb025dcb868
hprc4_L100_4376	434e4037661430829b405e52dbb39c92279f01d157242884124eeef77d5f84c2
hprc4_L100_4377	e93b2062ae29d5b761a9a1fb333179eb3f12ff40c91689e4fb7d920b609e9c6b
hprc4_L100_4378	967b73407647de37fe651f9ea00f8e88a62fb1cf38198b18078c6f4fca10f0b4
hprc4_L100_4379	bdbd4d68d0bd812f27917061b5225895866329deea560fc0b6283382c44666e9
hprc4_L100_4380	d04a5cd02f1bebfaf0325ada922abc59d5e73b0bdc2dcece3185ccf166f9fdb4
hprc4_L100_4381	88c65e024afde9a207be2cd8e3aa02e7438179adbd432d02d7cf1e23cbc20954
hprc4_L100_4382	3a40cf7ed7071046dd6ad78b85b1262358c322652ecbd92b954c6bb52f4ae03a
hprc4_L100_4383	5c808833bbf97890954abc751101ece74bddf37d54682bfb873c922e0e9c93cd
hprc4_L100_4384	519528a9e02287f59d3a795f923668c02a5fe4202367133c0274d21c7ecfddf0
hprc4_L100_4385	9934183f7c337fc7ebf08f527ef57e896283cedfe671a7aae67eb42e351bdf15
hprc4_L100_4386	7bef736297620e4285d047b3ee6c6cf1ae9f2a79ce736950c4e8d284300ea861
hprc4_L100_4387	0ffd46f49a87e60cef9ed5b3f7aa4deeb9db742f292b1b9800c9b160eda82438
hprc4_L100_4388	c3579f3d6271aefa8ac7686560b94d534bfaaed0f563e4d87d6a062c3e45b444
hprc4_L100_4389	90e861cc791a8b7632d7edf2f50449afacf20214a9595983ca659524ba085582
hprc4_L100_4390	b766a910f9a5f596f78032c2377ecabdc9a7a2bacc495e6978f884f6bbc4d9cb
hprc4_L100_4391	39fe8406431d845024f195c052688a057a4d6a930810765415547195222b6b16
hprc4_L100_4392	caff614c12979ab87443f2911586c5f81b582395bf1dfea4673e859e892d84d5
hprc4_L100_4393	232737683e791c135be99a298021ac63c339d1f882646d632152e7ee59318cb6
hprc4_L100_4394	c7a01ec13b1a07a4d84758602f6d9746fa9a135cbc93c6015bac7a78ca033015
hprc4_L100_4395	8679fc2b55b6a135c4cb27fec542a203e22f59994d9df7ed2354c5bf573795f8
hprc4_L100_4396	b1bbcf22eaf5113ed38c065cb6f740ff96f212a1dbe867de2779d9e2dd0daf11
hprc4_L100_4397	8de99e724f155bbc121edd27e9adf74adee946d60a4c4d31208b593236a2d122
hprc4_L100_4398	c9bb62df1ae91965acb81deeb87a4af2ab3ccf8046d49f42e7bdd56df9b934fb
hprc4_L100_4399	404817eea999ee377f2b7357a1e6d08271b7c14884754331735f8e6bdeeb867a
hprc4_L100_4400	01360f5080d47ff17058b8c6e529576a966c8e349e017c6ad09414f5480ee19e
hprc4_L100_4401	6864506c7b6824d29a555164012ede6cf7a59a9dca4be13dbee8e16b20c9327a
hprc4_L100_4402	c84912ae14f9fcd3264b2a57294140204a7003c38df3762d9758c7c9422cc768
hprc4_L100_4403	f6eec6d31a02eca01c8cd28bb95dd7e0ab289596371ea3ae68b90f85f6e98aed
hprc4_L100_4404	51e0c65e91b850c00877cea9edf57843f0d2fbc2c088c048af9209a58b7973ac
hprc4_L100_4405	296501644a830a5f77a2e3bedf50a27b349a387e585583d529fe01758e810b63
hprc4_L100_4406	eacc38d8028b13a3dcf1a9e66b8bcf0b6b4ad6a2a26b478afae44c5b784496ad
hprc4_L100_4407	9a2f9d34df1ce0a5bdc79d76a05758114567e538f957a3b6d3f74659a9ee6989
hprc4_L100_4408	fef5879a587f5c3507bf8d4bee673a7babb934c90f957ea6f4f29bb37521b06f
hprc4_L100_4409	d1d8360dbcd3fa9c7adcf4e764eb6ceda8d31a51b6bf6b8b6b6390cc78b75bd7
hprc4_L100_4410	414ca301a6f14c5837e596e297978ca5c57dbb5b23a9db8373cfe67d1394c057
hprc4_L100_4411	701cd79d749de2bfcea4a6e71b333ae143709bbbee9875e86c90ee7307795901
hprc4_L100_4412	62951fd65c3a622a45a065ddb6a207f9d5c0325dad962c0b94acd5b762b885f9
hprc4_L100_4413	1b0210f0191e3dbf04757ef1565189744fcdf1b44351856ce40cb5eb9ec12872
hprc4_L100_4414	08948eab0915638be2b884edba801e0d15e2ebe3551d120b0009f7280457c717
hprc4_L100_4415	f63f360578b0caa47af8b04bcb748f05dede23b9776e15a08db724c3f2391693
hprc4_L100_4416	d023056f0610abfe2dbb9ab2bb51b89b15f95abf4d185267b9444087d8644849
hprc4_L100_4417	6c65cbb7fa644f25313c81a41f6773d8e46a56bd92d8d11a36efcee4d40b4fe9
hprc4_L100_4418	14fa87238a6a23946dc2cf80dc0249285caa11129939d662083165aff5f051fa
hprc4_L100_4419	f44e2bbf3c3a26aff091bcc62abe8be96bc14f1a386b1a76a815ec9d43ba0e3b
hprc4_L100_4420	60273346968fdabb98797761f5bc890db0e13c586ddba24390830487bb777f11
hprc4_L100_4421	f6f10eaa513115074c3da2173fc46cff2f3d45c602c3b71386fbe1caa9388676
hprc4_L100_4422	fc16f157705f2161c164f76e8cd309c0970f011ee847a17fb5472a3694dbf515
hprc4_L100_4423	62d79de9383bb6d393df2c95ae2595c87cc8484908a7607f89280ae86c521025
hprc4_L100_4424	fdd28461b7ed29ed6278166c1564aba8e662132aa227fb1acf3a545a45e06078
hprc4_L100_4425	d4ed47f7245c2c0634fd2a66cf9eed8f2a742161eae75097b164b93c4a711f06
hprc4_L100_4426	b55d13e14be2665cbcba2c5db665f98216fbaafa4f3e50a3d60a47c844afad93
hprc4_L100_4427	dd30649e4f87fe4ea2701403433c5b970a5eec8b280ca55f08095a6daa2c508c
hprc4_L100_4428	e9f444b1f095b4231b504baa1345572507811c5e424c9e8f5719f4420c04af43
hprc4_L100_4429	5d44d781fb9d43129cb4edfd71189b6b67a7cba2700580e41f6a5acce7b742b9
hprc4_L100_4430	8023d569b819df8fa6d807c50d08450612151a6439f5f7c41ca6c07be4e7f37b
hprc4_L100_4431	5ef8115f567a3c43e83cd17361ff7c169d03afb1e18ac62ae7813e6c29833e12
hprc4_L100_4432	f347c770595db1569ce278b255e5a79256ae29750b2753ba02765dcc51929d8d
hprc4_L100_4433	65652923aa2f18be926173b0a9b97b71578e493ea298f2ccf4e956b0fc1e373a
hprc4_L100_4434	3f55812e8d2135e2507d1c5c105bef6949482b8357173e7563c75ba90dac7a5c
hprc4_L100_4435	b7b307d079e997537a727d47a1b5a17527356fd14c080e94d96c266ecdfac919
hprc4_L100_4436	1e185ef351e76db2d5b1e048ea2246ddd218264240872a203fc89bc1594b04c5
hprc4_L100_4437	de277c82cd880d793d381624f849fd149622c4bff193199955967188506566f8
hprc4_L100_4438	d496b98f64dbc3e8855d6c08b78a36356b306104b753f2bcfd7ee48d6a21e3a8
hprc4_L100_4439	92fa3fbc5782a45b8d0be01aaafd30b052f111878ac438aba897a8574b3118f4
hprc4_L100_4440	26b607d37dc02630221dc36c8a3205aaaeddfe929969d82073f621ac121a0be5
hprc4_L100_4441	65c0f068af9bed8d682491f3c610f7a999b250fa40dd44a94669d3071f2e5f25
hprc4_L100_4442	2f2ff26402a83c1ab5e3ad448de485af199d2c0d750666955f8221f7cfd0e058
hprc4_L100_4443	c1a547f3903640f53c3bb44b72fe38e898d5ff5012d4480dc057bea7fcff41fd
hprc4_L100_4444	a89423bdba5adfbea29b7b3f54e85391943e3efee02879b611106723a2039899
hprc4_L100_4445	731cd453f49fe4c377c6517ebfe0a6fd7086079bcd6864dff7f695332bb19b16
hprc4_L100_4446	61863d2239be7289e6b2a7452dbc3d066545652d905a1afc5ab560fe1550f636
hprc4_L100_4447	ac3acafe17f3303eeef2068419267498d1305500516b6403232a6e12c390f152
hprc4_L100_4448	3fe096b27a3a19aaa799cc64ce0db68c2d312bc81932370bed5374f026dea292
hprc4_L100_4449	977dd4202c1dd8a74afd718651476baf15d6b31a78e759118927a411ef5b4478
hprc4_L100_4450	239f54ddd72711959736cdc2c2b0746ecedd7ddf7316ea39d47d57b61ff072b5
hprc4_L100_4451	33727542b0ac283bb47b189d1ef0bda5ea4ccd7003a5ebe3a11c1743d7461801
hprc4_L100_4452	58f8095c97db68fd1d24694535cbe4f80dce2f49a35cf1a9c93e4e5e35e82534
hprc4_L100_4453	8ea9f668aa430f6007e0c61f03a680c7b7b2eb29e0d83a8764d668eccc0adb4c
hprc4_L100_4454	bd9af6d6acb1368e0188c65ec71f52740b3383ea6ab22d94a1663a0a55c1af74
hprc4_L100_4455	6e9825e3273bea41e4d05e9b1a73971fb5c6a55bd6d53bbea71f66a4baf8e7c2
hprc4_L100_4456	19669dac6f1f8e8d7b76805cc1bfbbc5afe631ecca0b4bed46360aa01134901c
hprc4_L100_4457	e49117ded34599ee6d3c18dec885d62e90f0ded6951a7dc0e605814fd0cd15c7
hprc4_L100_4458	c970405e16dd4e935471fc1166c1b3a1d7f56c55d22916d5f3452ecb2639b024
hprc4_L100_4459	8208f3e8bfaf11328ed58c796c8f66b43b1473ca988af3f1b1b6a28487bfdeba
hprc4_L100_4460	b9ca19f9f7525851016d3961a38d6fdbfcf3f11eee7d4967ca77d53e861df198
hprc4_L100_4461	d9ecaddeeac8d38b14bc0b89d4234bd31028725853b938756cf5a4c099217636
hprc4_L100_4462	3d52a91b8729f791477f62e72cc196b44b0326dd5c911641b64dc64e06f6ae98
hprc4_L100_4463	0b93a9208856e616f4e725bb7debdda6c7b54ee3a1131adeeecffbd90eefdb03
hprc4_L100_4464	54c16e0979966ecb686dc2f4528d0c257f3d7d357f62ae9e990870e800ff21b4
hprc4_L100_4465	15121e9b182f187cb925d47624a72f436c049b44b760c6cd2756e4086f096572
hprc4_L100_4466	ce7707464d424ddcd981cac3ea3e76c602101f3f6743ac057475ee2070c1eee5
hprc4_L100_4467	de656590c27b6b6bef1db0900eb6c2fdc429bcbc1a1f26265d26efbf315f3454
hprc4_L100_4468	8c6de0853ef16fa0156788836242a967175ed78c6d457eb9a3505127628eb921
hprc4_L100_4469	b3123f53efc58326c52206bbba32a4afe13408c00bc805e1507df16750dbac7b
hprc4_L100_4470	fe174574f3bc75d2cabf6c29e93bed01f253d75b8dbecae29f2d925bd912e855
hprc4_L100_4471	60ea87f820c8c6e2c30f5542df95fb5687d00aca8b288f7a42c11f2d2791d4c9
hprc4_L100_4472	5b6915d27a0d70e5a9f0ddb1a915a2a3f3c0ec448c45bbfd9b9e9ec428d5a9f1
hprc4_L100_4473	0adca8709d3cb02f8693c1678638d6f33fe79ed67a5c1d8b46123c1b545e53f1
hprc4_L100_4474	044cb9bd718d3b862a4206919c3825374ebc0e76f93af85e1c2f2300be887a76
hprc4_L100_4475	b4eb7cc813ebe9e2eb45d73d64950e13d6ff66a005d372d69ac549039e3606ca
hprc4_L100_4476	4c62c0e6edf03485155de2e79b535b368410e409d8d597a97d4e1fa126a5ce4b
hprc4_L100_4477	6e406f8b846d2d01251689c56666205567774cbc00a78c0d88eaaedce735af49
hprc4_L100_4478	7f1dee3ee4cb0a6eb2b9d4f46b599f3b5e11a706774adbe27770921f90197465
hprc4_L100_4479	347dc3b53523cebfb8af58a26ae23ec97aab5e90ae0f6ccecda7243422ff8cf1
hprc4_L100_4480	2f2ea8e8abfe5ad91c50b85290efc88e1db3f859730d0ae2baa0a0fc1e335ab9
hprc4_L100_4481	a138167f07dc16e4244d84155fe957f7b3147576da2fbebdb02089a7dd50c2e1
hprc4_L100_4482	1d7afc18e832d931395b0a944895130f747fc763cb8260090cd211bf8f15060c
hprc4_L100_4483	8d354a370379d6ddfbb31bc3098967c6a272b798b3df57925cf9df25594ae19f
hprc4_L100_4484	1bd46078be88e1d1688f6d15e05fc92fdacb37125b056729d0cb67682f1604c8
hprc4_L100_4485	fbcab8973af983f197c5a50a517b52ae8ff137cfae00118729d3de2db5af6e26
hprc4_L100_4486	045ceaaab0d31619994710bdd3308dd062f6b779b1f6753f69d1a2bbc2c6cb45
hprc4_L100_4487	8c4ff8c8e52294bf628f7d75c0808af9d96f4a93351d44333662174fdb11008f
hprc4_L100_4488	1a4a53e303974f34a8b7f490a6ef32e903e8ea707e1fbef1a72c94d39394fb7f
hprc4_L100_4489	7c9f51049106e7874da56b17c5f00b18cb90bdc0e3bd31386fab37be778f368a
hprc4_L100_4490	539404aa8ee36323a6e43f3250f749f049e141977833db1cb90e84ac11063816
hprc4_L100_4491	893479f8ca07f567e1d155dc466d107de675ef8e0405e6cc0ba20a3a2a8f048f
hprc4_L100_4492	6395c7ce24b8f82b5a3a67aeae39d4cb945f235c1e7374dc929da1d25a5580c3
hprc4_L100_4493	cc3108603eba25336005e082289ddcbbba828b5312329b0ca7e2ca6ec1650868
hprc4_L100_4494	e60cc62becda766c98e51bccd337f6a065a553bbd7a96fda1430a691a53d3d36
hprc4_L100_4495	787cc9e55f26641a9cfa78deb27edfeb72101d6a0d4f162afc1a025868dcc658
hprc4_L100_4496	f023c2382994769507a1e3efb3b3b14338c75a03aa4609b0155690d4abd26d55
hprc4_L100_4497	0202659a1c802e1d506dadcad47998037b0d3bf0521c59fdda9a2edcf54ed625
hprc4_L100_4498	b00fefb6b078adf86143ad215f60aba8afd22008970927012d933bac5666f73e
hprc4_L100_4499	3f403ad0ab280af22ecc3ab6752336d0585525677694dc579d170b6757bbcdc0
hprc4_L100_4500	29db70eff607eae88f300cbd9d49ec4624b593b545b9a4cb5a4e81146fed3bf9
hprc4_L100_4501	6113f8e8f2a3e1fd08fa2b12f86cb2baf898844a00d524179e1971654d27d784
hprc4_L100_4502	b47deb9df62445269b98cd58940593ec37c31375ffce7752e3c188ae81f865a3
hprc4_L100_4503	2c8e310c04ea79b2a7c13852ced5c9368e58478885ad7ab41799b3ff85db421f
hprc4_L100_4504	3ead4968c3cbab9f74dc14ed412fd579df46dd6af200f7692a2294f09a536947
hprc4_L100_4505	210aadd2ac6074879ac94d0365e73591dcfffa5b4766f5ef07501477c4ff08db
hprc4_L100_4506	6032db63def8c191611d9ddbefa17f685f41fc361d355b7e210b2e3a19e4ffa8
hprc4_L100_4507	20a92b1e997440344c405bbd01a968b3f95bfba97a4f657624f5b9124b3a68bf
hprc4_L100_4508	2fbbb41108e1f27c44d720e4bed845e920f2bbbcb1a58c751d16ec0d6045f01a
hprc4_L100_4509	d22dd577f2f49936a4a8c03a629b23b32d695b73f43fa2bce44cdc86a63f2f16
hprc4_L100_4510	3f67923d347c48c5e3b64d0cab6d7ba54751500b394d970f1e509bb4189a3d1e
hprc4_L100_4511	655303ee9fa738d07583a675bce570660aaecff31115d98b5dffecfee7bb9647
hprc4_L100_4512	2d9e26e8a5d902d62408005dd5a51219a49157971a0c4c3075be2f56ffbb3dc7
hprc4_L100_4513	b8873a0b43d1c9186c0ccf2bc488da9984f1a52a6f1d14f290260589e0580a1b
hprc4_L100_4514	5ee418e9e2ad7626c392605345cc3d381b13501870caa22270e3b55f8991629c
hprc4_L100_4515	ef0f496cb5878afabc623fd18c25830de4fa8bef47d6abcda436474606d7f94c
hprc4_L100_4516	b684372d36309cdee662d54c209e7e99ead7f9adb6af356843b6c9896bb87b39
hprc4_L100_4517	afc5a2bf63fe6c35196dca5ae7c15020e3b2362949e1372a9335d37f7484a4b7
hprc4_L100_4518	4bf3d66cd652f8536345cd948d4c5a7b89f606b697f4fa0518529226795fbb88
hprc4_L100_4519	6f9cd1c6e59fb173ff6af342ea36fefb7e87beb75c2ca6a2c9087331d8e449f2
hprc4_L100_4520	da50929a50f712d2d06856df8a99e6fca4ea579503405ab4d8ee891b0d4092dc
hprc4_L100_4521	3614f9dd3ca76afa8395b1e6d202d12a8969c6a102740d8addd54a0d80a4defb
hprc4_L100_4522	a54f6ba8aa66f0c99a41a3777c2b5520b130626d23d6e6b348d888deecbec55c
hprc4_L100_4523	7623009f3557d8bba59e12e89863714e3f1ee9d7753905f2d39a39025e7f282a
hprc4_L100_4524	0c5a4d58af64cc970ce08d41ee70ae987c7de705cb8edbf17100c72173f7da05
hprc4_L100_4525	f268d9b7372cee80025eb6342b469656e6d9634d120c4be21cf95db18edb30c4
hprc4_L100_4526	03b6405495ab34ebead559566865267be847b79083a8c35056f41b914b116d30
hprc4_L100_4527	0c1e7e1cce340a3c5ebc10af53d947c812655881d60645094e4a44a33af30a0c
hprc4_L100_4528	393735779c469a742091d5a1349d3b86e0b242fdda795de3019bc0afa4855b14
hprc4_L100_4529	2a0851d9678f34189cace3ae4708c5ab4ccbadf394c411655df5f645a9315ec0
hprc4_L100_4530	c1eb2eefd9b087e781637c314ab21c0516251c33ae7781463db820a843dc8919
hprc4_L100_4531	41b6b639d85e4bcda41c653c5103d444a97700b6ed57a8de57548bb3b5c63873
hprc4_L100_4532	9d1ee12c9c82b4a1e729d9292231636443da4551b75977e905968f5145868c35
hprc4_L100_4533	b58c0d7bcd67cd1d1edf8591a1023a1a0a7b608e2665397629a98bed619712a6
hprc4_L100_4534	10d2ee5d34804792dfef94975aa774b6ff469c8eb745ec24b3ee248f8c99c441
hprc4_L100_4535	afe3d759c6ccff36e3d8288021d358feceadf0885ca43fe6e5e9203eaa0c56b3
hprc4_L100_4536	6fec2653db62cc92517912d9a502427699d606971c028b58d303c1a0e4006448
hprc4_L100_4537	86e189abc5f1b151f689ffdaee213b0af94734f7281c6ef80712018c06b420a9
hprc4_L100_4538	dc89d77cec62771963ce6d499202855da975ffbc74f813ad7bb4b1a7b8db3706
hprc4_L100_4539	ea8931ead8dca9880e504050617ab6a8de665195bfb7f50da796bf828f0a0c5a
hprc4_L100_4540	0e59a8c759a39c21a8391ab5135e3297bf6c4cbf2b62d3cbb0443f517e0baf05
hprc4_L100_4541	fa169994debcfb3636d72cd2b1e418aac9275cc08cfb174c2de73efe024131aa
hprc4_L100_4542	9cbb9b98959088cacc40c8fe89ce44d4709545b3ca61cff042ec8af2f7c9b403
hprc4_L100_4543	6ad4954dcecebd4a15ef4043297240eec0e1ea0255f38054fd5456c7af980b63
hprc4_L100_4544	e51b9066f82d58ca04374485329eea9d255d1684a541f5ae5c31b437a91cc849
hprc4_L100_4545	90e0759f65ab0f638e537fc1166726b6eb780d3f7c77dc0c2592df0b8f08a645
hprc4_L100_4546	5873b39ba482de5e32e4e6f8af943e10eb3b44019e8e56641c06166528b51ffe
hprc4_L100_4547	64a47e10a9d62f7d77ad9c1e607ffe7a3ccd0e273d26e629f98fe2f63c7c6512
hprc4_L100_4548	93fe4117df925f1afee82c9110bff907f0986c74a1dd2c838912e2af06c7cc91
hprc4_L100_4549	1c26619fbe3d15709fd789a2e199246a75dc001edb4f931b26153811d910071d
hprc4_L100_4550	0365884cdbd1b35a77cc22e14b2db5259f00d914a4819c94c9bc82f6bbf5f0a7
hprc4_L100_4551	598ab9f317d7940bd1ed5f12721605788b557e78f5037c59e1e8d78f61ab6bc6
hprc4_L100_4552	93cbc98ce21bbd1a97a127d72de6eeb6cef06c90d3064388b526b79478e62fdb
hprc4_L100_4553	ae8acd17b15bd0fdffbf917ef2a9e14433caaa9299907f6d2fc8bfe668e327ce
hprc4_L100_4554	cf1cb343d327e98abfd5b06ab691253618c50556896c76fd76bb4150fc8532f3
hprc4_L100_4555	8499f1d87338808bad360ebfb09402472537f056098ad9cecace14b571572100
hprc4_L100_4556	8e9f9a3bcfcd4e6539faefe879ab885ecf0b6ed611ebbf7dea613958c9718ffb
hprc4_L100_4557	5d9788a140d0e32b5d355f0d4ed2413540648b50eaf62d248d16cff9e2dc2dec
hprc4_L100_4558	514b5eecb805df6d49c9f702c22c4b798bd5bc32ad7a28e42d2c30cf5d4ec7cd
hprc4_L100_4559	74b74a38d76852a4c15f802316c157540d9007784ce081eade4234783cc7f663
hprc4_L100_4560	51d5112cb83cc4ef75d34305753cacf1aa9db5ab0cc9eba26065579e779c0814
hprc4_L100_4561	7ab19278e8afc124635458383ab81c8f59b78962080cea7b2a4f2c888abc9f23
hprc4_L100_4562	c18d22435f00e866598a2583698c0454f4aae1f5a1146fe964cbc49207015e32
hprc4_L100_4563	2fe9710bc3578d88af7bb66e47a668d0d59f967ca4de3ae05f1d3feacbf578c8
hprc4_L100_4564	95ae6399494a1430eeff5c56702d5d5af775637d0c2f5226a7626f87da8cc03b
hprc4_L100_4565	0bf5a8d2e8feb3409a561de474053b1a541a5e3bf519479a82e14751de3fe710
hprc4_L100_4566	d3532bf07e7ecedd353f5ea8c8f9b46b9142c97d5949c98683c3356654c852a1
hprc4_L100_4567	c1c5a5fc6d84b77c031d0352cf02dd0e0d4427cc5d67d5ada96422a0aa5067b0
hprc4_L100_4568	e8931bff7b688978bab889e62c4f853365a30471499d013845a3835479ae70c3
hprc4_L100_4569	4b736ac0f049951c17fbd28941685752e0a34b36eec26387ee2d755a7b9a683c
hprc4_L100_4570	fa5ea9f7ff0e2407d3865d6dc7ec2435624b4bcd0714282b55cee2ba12750840
hprc4_L100_4571	29f54d174261251bda34462d7de994a6b3487f90c1ad2b081825947ecedec4b2
hprc4_L100_4572	d93af0379c69f2be3ef0e12da831b85d762560b2b820b2514d81fcf45580fe39
hprc4_L100_4573	5306b992978461f4fb75c6e322c56774a9820e1bdddeaeb4b8120d41599c7f59
hprc4_L100_4574	953d518a3386e8a6cd556d735ea6ba56d94b2e3365b3a308e9c286e469bb623f
hprc4_L100_4575	d9be7a1db54c915dfcd9e36c51dbae2bec24b7b6894a35cd8be3df0ddfd7f738
hprc4_L100_4576	d1031d89fe00d3f70b02a6d52508267ced0a41711388dc178f4fb2cee0e110fa
hprc4_L100_4577	b8a6c1b5fa773a8587f988cd2ece8f543730d7d00eadddbcc3cc2aba3aa8d5eb
hprc4_L100_4578	c2e49cfdf9af6c9fe69259e5ce8ecd7464e34de2f36c7c571ee4ce2818a1707a
hprc4_L100_4579	c9acafba85a2b1f3634b030c4f4d22b85183b0315ced003b76135adf0afcfeae
hprc4_L100_4580	54d257f55709fb1a8ea87c5c35daceb3b6adf883c8202685bc837ff00540b505
hprc4_L100_4581	a7a546d1bfce26c9c0efb01f4c87f8033d02beca54764a057da2882aba0bd005
hprc4_L100_4582	eee1cf09c089a47a3674362bde31da31e96e62a623825e482567b6e2be40c55e
hprc4_L100_4583	4585fb63cb4c0a6ba04e1b70470bdc7e239e2ef1da6be5a9d2ca519ce4c3c9a2
hprc4_L100_4584	e80685796159fd052eeacc80f9088526360f17abe513c99989b46d66939f9657
hprc4_L100_4585	89cdde2884079017f8c8c612bd0bfa4cd554c15c58e0f026d4fdb03f0c0fade7
hprc4_L100_4586	e3d5469bf399f371b7a612465cfe9324c0682feee2a74cffb5195037a886e93a
hprc4_L100_4587	9f74a20711411e6eddbe96e52fd6c8ab6491ff1f2d370f5a7759e02781ed72dd
hprc4_L100_4588	beb6c3ce8c0abe693d9b487a439cd9c3f5e22dc9b4c41a0ba765f199151b08bf
hprc4_L100_4589	e7610b7118af0413f530ed731542eaf0f97188e49cb1b4dfa6fa56a16e8d41e7
hprc4_L100_4590	f1552292667c1a9a25cfd7b18ef61839d26730b7e05c606242157fcc0373cc3b
hprc4_L100_4591	e6268cec487b270a9848c4f8bd6694a97b77f823aca98e0250f06e6e31e75e7d
hprc4_L100_4592	46376a1036569d8975b99bd63991e4434437393dd436482ab57b7b36aa67c196
hprc4_L100_4593	79c8c1e96104ec712950ecfb94e5d3e81dfbf0966fa1dddee469bd64cf6e9f85
hprc4_L100_4594	8ed859210600ad3947d02b2482cf657671aab45321bf8ba1406fa0e1223dca5b
hprc4_L100_4595	272e2394df9d67a4537a25d95c001d72693cb73701ba040e2d923a38f929982f
hprc4_L100_4596	77d60b29411df7fd275c4f9dddfd88064e911ca96328c781fcb7b26094bd2a8e
hprc4_L100_4597	e285785681e7be2035f70313b2c8df7a26978642278913e5295a4173ca8fb4aa
hprc4_L100_4598	10567f5a3cee450db84609e8b662f468d55f2dd0bfa2f3d33adb371270a6600c
hprc4_L100_4599	391db9b18fc95cf87b3a4eb3f76adda9bbdd45bbd465d440ab62fc947e598a98
hprc4_L100_4600	71e80321934d6898b8b6e37056c485a55151deaf3fc42eb9417651237bfbeee8
hprc4_L100_4601	ffa0bf44333f1e163ecd214c57905cef70fd87dc8ddef9ba9cc679f273bb764f
hprc4_L100_4602	3c433ebfcd4da9b2313f51106c6e565ce1ac62a6114197067447ff3840492003
hprc4_L100_4603	3919850fd2a865acc3534482645dbd4de1573a89ce55112afac4303e436e285e
hprc4_L100_4604	ef67a540fced3e6e53688e0870eaec9cc85959e242f61c1365d3f38d72ac6156
hprc4_L100_4605	db0b529d81645b56e02ec3f01cb20e026746741cb23b700875fd7d2820e70956
hprc4_L100_4606	6aab284159a30d88c6f45745946522fdae589f64e8b14c3a384dcb41c0157f33
hprc4_L100_4607	115f61a6d2647238eb3eebbb64cdaffca11ea3e14cc47f8fe1f68f453a3f8396
hprc4_L100_4608	c5378dce78350b5942d9d65fbf9139933beaa93362c1497f955c4422fcdbb6a7
hprc4_L100_4609	4f25b3945057bae24ee1d8fc5304bf550dcf118fd25c51a025b25d8787b902dd
hprc4_L100_4610	3e12ada7eba40bbf5f6351922d3b25c4628377683a8fe4e3575e502480b8e3d0
hprc4_L100_4611	b88c9d63fc5388ffd9b8d83047fc12ade6246707d7d678b06ff846172f7aa825
hprc4_L100_4612	6cbbd407c07b729cc06546bbe213931423cf34ae60a2cffb3f0d32517491c93f
hprc4_L100_4613	a539ac355ecc06d27cf4ff28414dc3eaf941d9b4bd03e14c615556e01de585a4
hprc4_L100_4614	2dc3428e656f52024137f349aa2d912c5563d9e0f18fe10708934df3657fbac3
hprc4_L100_4615	82b5b30d94d22fb86d2664fb3f4f76d88956f1ed46dc4aeaa772953cda1e575c
hprc4_L100_4616	a1d5c272fa7526d5e996911bf96278075a5b7e8da33384ed199a5869dc71022e
hprc4_L100_4617	1c6ec6ec142ffe17fe75ba117bd15b5a19c86e1ef293028fa1719cd3f67bfc30
hprc4_L100_4618	44dcedba1ce046a785babdfa55c594754f1a2d8092cf935bae782a8911922589
hprc4_L100_4619	0465a367842c0102d5bca225f93573c2d2ba4b4d5aacdc96753320a653ff160f
hprc4_L100_4620	a00764bbf7e82042447ba5c32cdf90036dfb8c2434d71931aaee8a0e057a7cf0
hprc4_L100_4621	e767a011552d4731dbba6d38b665abc411d5cbdb58052199f3f8ecafba18142e
hprc4_L100_4622	0ff62c4473646f6cba108d942dfd418c32f61231718c7b4ddf692f9746839404
hprc4_L100_4623	e77641e4d0431ab72f147e947e749df2952da38ce21e56c909aff1d8869c8622
hprc4_L100_4624	2060348feb1576d2a51818a8c36283e1a69da8d52a298880c315d7ed2a7ba3e4
hprc4_L100_4625	4a22c5b3db0ec4b0bfafc545ea77f82cd6762952d9e4848e2e3291c64556814e
hprc4_L100_4626	df2f0e98d8e9c769654d41f64fc8f31ad12774e6accf877d054fd97b70ae37f4
hprc4_L100_4627	1bf37abbb92cce604c2e5da40798a444d3be71c08c721fb9fe706140f9621253
hprc4_L100_4628	5c1435d963726aadf05cc976c351a404cb60d8a55482ad31e75bd30f548055fc
hprc4_L100_4629	90ff579dd1c69e0a2e5911fe503eca492a325db7e59a364ef0ecacdee1c93433
hprc4_L100_4630	6c9f0e59e6bae746098391e9df6cfaa088fdbf9f2fbd8fd8b9d0856f52fc81ea
hprc4_L100_4631	a8597c8104fe15adda750cf65dd722d6899547c013211d02fe653abe84c0de9d
hprc4_L100_4632	e1416b80160cb3b50062a1fa40ffd214ebfde6580ba6ea50378d700e384cdc8e
hprc4_L100_4633	7d20f0227b40dab2de894ef1310fec48f49b97796e88fcd34fe74f8b0359af0c
hprc4_L100_4634	431c02874158215d5318f51aea7a4a100919d0e60034decb1bbb78fe73aef8ad
hprc4_L100_4635	9cf1af2ac19ab0043f713484b8a1802650465d6268b4d37fe0f2715e80ccb09b
hprc4_L100_4636	fe46f0ec901d994c48f176e1782e481c796211c4760ba09ae0c9f2cb5c3b6da3
hprc4_L100_4637	606de335fa3c11aa6b10ea305370bda335b9fe9f64e4b7f0008b90ba80a2fd4e
hprc4_L100_4638	bda07a9111a602c151dc6ddd9de8ea7eb85c76670f56fcf35ae0b78223f3a475
hprc4_L100_4639	ea6bd99867ba9e32efc67e7a37e590403b4ed788bded3611d96c104e25c2697d
hprc4_L100_4640	28e3e1451a3f203f5a21af9da75b24fc090cf3b841b1d4f904282b29a9a20ef2
hprc4_L100_4641	109c0f8b33f79bbf87d20427523c41ee57b9892ed7bd92ac8892e636308dc921
hprc4_L100_4642	a5b1dcc343b54a05c092dfd6c048f59fbc17a43d32caafc0ea48239710416eca
hprc4_L100_4643	f02017f3fa4ce8a388530ad49ae42f3b2c04bfcb63605bb53bcd103f13a5dd73
hprc4_L100_4644	d7b9b44910e1efa33396dc7d49e49ceb9adb882654f735d439be4e4df0f3db50
hprc4_L100_4645	01b0f414f4971bd342ab38dea6961e59931d23046274809ba97e9d46f46c157b
hprc4_L100_4646	1ff97b9cdf5a47814a9cff94fa7cc785831d89b200e0544d5f717393a23cbecb
hprc4_L100_4647	539cbe5d10b42bf687ed34c81777b373078026bff87431e4a6a0c36619a9d7f0
hprc4_L100_4648	8492c6961737860e7790cadbd7246ad141d20ee03e16db7213b6a2a5b5e16f34
hprc4_L100_4649	a98fcd0a52533006695db5fc39f3a16ae0cb8adf349f8e5e68195b75676bbfc4
hprc4_L100_4650	1bca30ae3f19a6a5754e57f5cb5712c70bf5d41ff0ec1f37c84c37f3c1a93778
hprc4_L100_4651	027791b50dc39735907967535ca96a06bc1f371908cadf4dbf702fcb38903064
hprc4_L100_4652	0c19be31dc7483288aacb37d545c324a3a8607438e049414c5028cdafb818526
hprc4_L100_4653	164813189d756358ac66bed891a4b87715f1013e6e213258a4436c78cfee027a
hprc4_L100_4654	d33824f69305ed45d5cced61d78ff70ee6ec4d23f724aeb3a50417db3d8e9bc4
hprc4_L100_4655	bd2d1ec3f04c905bad217364a5bb3c32a4d98c53d6608b73ebfac9b9ba324a38
hprc4_L100_4656	4bb0c587bce670e894610e0dc5cfdc23a47e5eba621003ea10f6f32177c70446
hprc4_L100_4657	fe2468f992eabc60d1b4f1ac7bad9d02f40cb04a4797584596f6d492da597078
hprc4_L100_4658	f64be745f55c38d01008ec924b0a197a3b49a35d6647311d22c8e750f6680026
hprc4_L100_4659	4b0805ba6fcd72c5834f4c92ea2a1a6ccf014fa6fb864138b901bf15dfb1aa40
hprc4_L100_4660	a2ee85cba450d969545372f9323e87fee675522f1e2ba1131cb7f228ae4ff8e1
hprc4_L100_4661	067217c5b07788959ff3a15af1fb122c8ea61ada4ec348791b282f0c793b15d0
hprc4_L100_4662	dc34ac8327c6961d6bb62594c4b152ee6b4a91860224bdb2df9ee5de7c712102
hprc4_L100_4663	893391881761c9a845cd5a316c105b3a5f3c98331683e809f465063f93b9f79d
hprc4_L100_4664	d9bacdf1e8c955aa480b50c167574c758315e8ae07ee8027a2d0c1d889c64ff9
hprc4_L100_4665	8cd11594417c8ea6aeffe4b2d3395ddd81e254f10eb9c21c8e206c1ffddddd41
hprc4_L100_4666	f0471dd2f65b97dbb2097ff2dbd2ccfed937888f784ea9d481c563f9937f5bf5
hprc4_L100_4667	9664d6f2b5f6473b35ce0bf34e0ad2db329eaaf8b96992a28a34948251b0abb5
hprc4_L100_4668	0a1891ef6ed66111800f3bf9ed8c1eb7a7b8276cc2843f264353978e7ef22be7
hprc4_L100_4669	01fa8506e0d050603f7385ed947d52a4e45df81280eaf75a7a8d683d07e1a279
hprc4_L100_4670	466e9328b2a84247d727505486739dffeb77b3d3a4cd4352bc990f79f59262b9
hprc4_L100_4671	86eb1a1c2f1375fe925a67112d57ec9c9c19dfa45b69854798bb9f8c43a49fac
hprc4_L100_4672	8eaed1d7e9c70f848d3711fec27409878647ec53d5e0f775554e7c30fd791a44
hprc4_L100_4673	abbfecb9b5123d8ba85161e7f3562472c56d53577ab55ad3fd3cf41fd0b4cd17
hprc4_L100_4674	a68e6cca64a0bd2d6aeb3fcff9d2e243f6dd125670662551bf5a3846321b4ba4
hprc4_L100_4675	d0428e294969a8b0f834bc44a708c78d57ce3de1150df99141ae6bc3995c9a62
hprc4_L100_4676	fc35b521ab2ab746f51ebdf89390ef35f64eb511919297cd852b2f493b41a001
hprc4_L100_4677	00fc3789f7960a8a5b74fe76673c27cce48926fe7c2001ebe9a92006bd467920
hprc4_L100_4678	a072b0ef0cc2874d16f86a3d35f4b997c83a01ad0154a442d190f454ed33087c
hprc4_L100_4679	ae27028ecd04a7e3acfe59a1a4befdc3f6f8d0201e8f44554d5c8e03393120f4
hprc4_L100_4680	40383357cc8f7dfa25fbe6dbeb0cead02a4133a524610c40948c67085a05c448
hprc4_L100_4681	7e02c1857bdc1444a088cf90701ac0a617279765218a475e77fe66418f8fb79c
hprc4_L100_4682	053ea5a1dba9ea62886196ddd11bb0006f01f3865f49070f0f864b1701318cac
hprc4_L100_4683	0d1109d9d031828c8862d7d985e04b44b9e327d8109140db0669cb10f7808c5c
hprc4_L100_4684	a34f10d43ee5351dde7b9839815262e92c3cf095dc9e65851f7699fa26895654
hprc4_L100_4685	ba7ef5bc8104266be9bcab7035db92e216e0243e65a9155ae51482d71e1b1bf9
hprc4_L100_4686	4d3c1798c399a4e483734ed2f9bf168759337d4e307f8781d665830ff9a00164
hprc4_L100_4687	54fb2fae005cda6849d80c89d6ab067ddf8bbe4daebb04054feb076199c8e9f6
hprc4_L100_4688	b991883fffa051996c3f28efeb4c31544feeb3697fa060618248452f1a77699a
hprc4_L100_4689	5628714191c659403dd7d9a78e8749b3db42923649ac2c77ea5a2dd2bf8c9455
hprc4_L100_4690	b93eba990e4b9a60fe6dcd8a26d589e00eacc3826266ce7e23fb802ce1302762
hprc4_L100_4691	2541939d53a767cf8d55690697415952f3fbe41dd71463ce454888c04ccfc768
hprc4_L100_4692	9da81bbed761702943dde302e5362732ca629f0baa1d9005882ee627ddbab3b2
hprc4_L100_4693	d47f343e75f848c77378b49b9e633af313e653842e2cf512e4edbdeb0c64590b
hprc4_L100_4694	ccb89e34a922c345774bda142971d608cfa9552daaeda79732dc168eb40f688a
hprc4_L100_4695	95cf5be7a54fe50ca352fc3002e4ffe1b1e487e7c6ce5f6e8a54998b964e56a1
hprc4_L100_4696	3b5a21c9eacfebf75708c039f635c9566abb10f9af9c91f48e3ca0e3009e30c9
hprc4_L100_4697	c1661da0dc9adece3f2fdb94b964d027f2f0afea0e3d93d2a48fe0472443d1fc
hprc4_L100_4698	41fedbff49475f962a46b6a529bb9c1d5e502618534570583bbca28e59100f21
hprc4_L100_4699	46dc325ab6f0e93d0219b57665681197a8947c5a69cbb8bd0ec31ed77d289bff
hprc4_L100_4700	b582209696660b6aeb2ee6bc0297565927f41cc7f53e652ff1810b83597e1ff1
hprc4_L100_4701	95457d83b3b4455b1223856387038e47f8e1a60a0320724c31acba6f0751a27e
hprc4_L100_4702	d8660cc6b5a53d6a9da0d0ee85ff484b8b4e66714adc3f4c39e0e804a8139455
hprc4_L100_4703	85d8d5145af7d3304a38f14a77ead1c1fdccc72fa51789aedbb3a34dd686da58
hprc4_L100_4704	f6a7dc9d47566e179c98b9781d886244f79b680f05eb9f35ac73fda90d83c183
hprc4_L100_4705	f1bbcb4cd1e9b7dfd0dbc3a1989b647742d76ff0869b73033bd83f1c368af63f
hprc4_L100_4706	0db160d99650278840cddc75592081094c8f507a3120a8b8b6d05bda920a4227
hprc4_L100_4707	bdd1a470ed8c5cb8b49e7864f733cb4dd7afbb66fd1dfd09163dfdb7a8925239
hprc4_L100_4708	9fbc69a195548f605bcbb388f24bfc65afde0c9cd2e70a7e73e59be28c38801f
hprc4_L100_4709	71f24efb502e2c8f2e64a0a768e6301fd8ad227d4402f8fb4fce2d2a0e8a09f3
hprc4_L100_4710	17bf731993d341fa2547d734417c098050df28ae8c512d909c16c0213c12a80e
hprc4_L100_4711	40bfc92dfbb6985c4893d0facda6071bc8ec7cc369c2d4fe471cbcecaaad96b5
hprc4_L100_4712	0fb24d4e5d34bbb17527799af7e0e15cf091a5bf764472c184060bd9721e99c3
hprc4_L100_4713	6a203699303f74fa95ab783221433e875fc6537b42dc40dac3ef606fed5745f1
hprc4_L100_4714	395e1b9cd9637741c5a0bc2661fcd0b9b52b578b95c02adb57e40dd454f84f64
hprc4_L100_4715	223e458d188f60797c67dd49079aee5a09bc03622d5d9539a15e80e6cffda1ac
hprc4_L100_4716	353ec937b51d125c1baa7b9cffb984587bd3845f957ee7017466ec3a9378b7a6
hprc4_L100_4717	f2cb4cbd3582bb6886bf1c8a0bb83776b8b0e852e2e9d634fde6713decb7763d
hprc4_L100_4718	c2dbed948365f4984c9211e55f656d56343d5b06da382c91e19e95dd7960f37e
hprc4_L100_4719	51c358db059495d7db5ed836c5bfa7e17b6cabbca8a13bbcdebc241150971903
hprc4_L100_4720	e4915e86539891d9cfd70d128c872d3772e37a899a61eea28057af7ca6f74486
hprc4_L100_4721	66bc7150f433479111ea1586fbf1ec698c0f601ade8d85f1a04bc3dfca7b69af
hprc4_L100_4722	809655dcbbd84cded29714ef1afa9b1fd8f1cd228b57a0394986f87d501748dc
hprc4_L100_4723	3e63f7fb4d14c98762fbde844b2aabe77308f355c942c5d4ad05ed6aeac26a44
hprc4_L100_4724	f1991a1547b6f96315e8d7f0af937b92b7fc87e0cc9a54b4aca4187fba52ed70
hprc4_L100_4725	3f948286e37842b1845ada12ba548cf858d7f36c2e342ba3395473a0ff079b4f
hprc4_L100_4726	0ef876cabe7ade764255102eb59d91dd3cfaa49a42c92b2d135faaec0418d9c5
hprc4_L100_4727	749c808e87aed95f35064bb452bca8e420fb5f9f8deb5934d181492fd64990b3
hprc4_L100_4728	6532b596dbf7fb6626f3064e6d57398019d57505bc520f8b55f20c5d1e87294f
hprc4_L100_4729	776d66d55774a363bb470bd51b9215696c11e1d89d76a760f028aed2aa0961a7
hprc4_L100_4730	b69aad2b35d14eab38bda6607486bdc2b81fd9b13a58ec62c29151815fffa67c
hprc4_L100_4731	3b5aac1f7132315180ff486f7092c11488c1e03eba15c59b9b7c2c0c1bccf5aa
hprc4_L100_4732	b1cef18037b42d069b1ca516cfd6d8f0c41dea7025bb0a2316d1ad0ad75defcb
hprc4_L100_4733	8eca72dc3afefd17cd45cafe8a58326cc000649b3573be90728d7586c0782926
hprc4_L100_4734	59c8c7a3bdea4b468073a2a3719af1d996d32c064d21cf33bf64c782e69b93c3
hprc4_L100_4735	cb48c26e39f6500a492aa78d79b129232e45a3fe50f9ba88e1746fe3e5ce42a3
hprc4_L100_4736	18e940312de529789c0d92303b74287e9d426ccbbeb31c86f3db3519a5cccb42
hprc4_L100_4737	8deb28b46abf76f121efb8127c5a516b2fdcf330f953477f18b6b14f877fa573
hprc4_L100_4738	2492858ab7e525cee312805ef79a41c37009469d70cc99f10e01d8f1d12932ab
hprc4_L100_4739	2943f2a824cc61d2f3f256fcbb9b5e7a44c920328477022589f3e9f7acdafb32
hprc4_L100_4740	1cadbf0f4dddee9843a6ba6b027ab04b9f51fa4aef5b8633137762c5ba200a44
hprc4_L100_4741	06a270eb3c558e7058b254a2910df3b589174c16c9b03349a6a6451f9aa549f2
hprc4_L100_4742	1fa5c4c2ba06fc062cfc8fb9987d43d96f291fb0176714cd04616ee8eec44f83
hprc4_L100_4743	c482a59af084cdedafd742f063310cb9b95b227717c5f0d17f7196df61319353
hprc4_L100_4744	37c6726e81fecb391ffb200ccee22c5fa8d251334ef7296fe86aa1b8041f2f03
hprc4_L100_4745	49fe7eb60ffb3874868c5bf31235c59afd50bf666f3b5dbb8b42be21a9ae6de6
hprc4_L100_4746	ca555b6bb00dbea2fbb7e10334424d41e4128a2fabbac15a5a027143911410b8
hprc4_L100_4747	d2094ec490809427ee89a364f27165035eae98527a83f19b77e4e1dc715fef03
hprc4_L100_4748	c024edaa480423e0a570df104261751dd708f76fb3ee4c01960082f478157ab6
hprc4_L100_4749	fffc689d1e56bbe25cb25242ab3d17ea514c433428729876756ffabbec96759b
hprc4_L100_4750	4c576e88a812c73af523f3e465853b91d52fb12f5f7002b0deb07970d69d60cd
hprc4_L100_4751	0d241502fafab7005b1d7b821bf5c8227a6d0254e43b868d7cb7582b963ea92a
hprc4_L100_4752	c0c1b00e2f6747df1df2ef2a78c0b1c5569e3d18961789effa2ed2dc8f99b19c
hprc4_L100_4753	2c017e7c01c432f656a5fc837844be35a4cfd5004a5ece69f38902630b194dc7
hprc4_L100_4754	a23c4000e2041c5903bc0fb899317976ee1978a3ce84c8b96ec8152d8659f466
hprc4_L100_4755	1e1994ede521013d78a91bbde098b9a84a49cda690d2cc4be88b5c83287f1273
hprc4_L100_4756	db186f0223453c50e9191d1f9f25756710f25c82bcc37d0aaeb604044686b614
hprc4_L100_4757	b6b0af2b7d77e0c5734fc29d229ef53c1b92738ba29b51ab0331a5e073a9593e
hprc4_L100_4758	c9af0a2aa3510de9cd60ec58476b6ffd606662d20df54d94cecf2b5fd919a6fa
hprc4_L100_4759	f1fb979b11bdf0c5378fa08fe7c2995c198ad51eea3285bfa230e8cc2fa4e430
hprc4_L100_4760	0ed1317fe5e3958be7029dee5974397970f951ca5b8e7ff7f21e23c52e23a925
hprc4_L100_4761	bf10460eec0b02ce8444eafe4ce006b573f4815eafe28c439ed34036ab1a6ad7
hprc4_L100_4762	0f7d00d6813ab4b8e96416c0f6b6c0aa41da79afa1cd75b5f9b38a58ee65d388
hprc4_L100_4763	50b7b10cfb72902a2b19614dbc07601cfcce93e40340f7e099f85796adf2a8aa
hprc4_L100_4764	2c48bdb62699be700ffeb9a8f176313cf830803aee3df1317a9c8005f6e6f934
hprc4_L100_4765	eb8df9113753ce8b34405ed5f6f930061cb73365206704d1645e701cd9c056e5
hprc4_L100_4766	536ccab32769c78d9c12474614233e4f818373442db73dcae7c18a5693ee0148
hprc4_L100_4767	340a3feb56e75406273c96a5a7b6d9407c9b4004431045583ba57204be69dcaa
hprc4_L100_4768	f33b23cb367328efe9d1f91254ec34f7839686e9e93c6c4bc63a98dc4f7749a3
hprc4_L100_4769	c240d0e913d297808a9f04995efb49aa744e8e461a630a04f97ee4ac6c0c8048
hprc4_L100_4770	eca4f96a31ffcb89b286d12958028e69da9a29d05db4a0ffef08aab25583e3fc
hprc4_L100_4771	9b2dd64db8601738baf300b0aac61e18d9eec5c5352868a4e8403f527a03cb38
hprc4_L100_4772	00b0d82b7ff5cb115629dee09c2d2d303972f017138a289f0db95eec970bf037
hprc4_L100_4773	fa00f556ac64a677f79bd2c5056fc8e35124f271544720adfd5d0c3ca46345af
hprc4_L100_4774	3a5329ffc953f9b9b2901361add745f6ca60fe5a58bf4edff752223a63e380e4
hprc4_L100_4775	285f74ee1c11db1bc8e12f759619ecb1c8bd2fe2ed855285171bafe00f4c36db
hprc4_L100_4776	75dc9c0c9e2fc6aba1a2795fbf32e440e7d3a4621d41214e28564cb84261fc10
hprc4_L100_4777	29dd9839210d0cd493aec2e8309628a8eedc282c5af0d9ce80c0e918cf49b793
hprc4_L100_4778	5fa6c4fcd1a6f3f12194389557423e85891f4933007287d6970949e5e0f8a164
hprc4_L100_4779	49a73da9af248e8a53dedb169d171328c8e9edc176603e907d8146a48ddb8c91
hprc4_L100_4780	3660d5676097973184ca173d6082f31b19b6482c6268062d3833bf433e14aef8
hprc4_L100_4781	43da9cc1c54b8abe778a4a1297555c95c95be4ccff5cb1fa763593ae5940bf15
hprc4_L100_4782	8afe07d1ce8d0f1660476383ab3198a224e3e6b2803374d96cad8965628a80b4
hprc4_L100_4783	7a34e2421acbf66d9610f36baad5232cdd96258846031193e473e9eea48b96ca
hprc4_L100_4784	1d8283563087aa3195b082d05e3ea50452a5c3462de9230fb61166e4a55ae7f0
hprc4_L100_4785	c6d031d5a342d19a834d8a534946841e91d51ac3b1f68208376df41e586a6745
hprc4_L100_4786	6dfcecec4abfb87bf92bb4891b98153b5676262e714aa9a2076b24d76477c602
hprc4_L100_4787	85b8c9da33f47c22aa8ce3ecb0d2bd5ebbf6538fbdf4dbae0c2f150638fe5a1a
hprc4_L100_4788	9a4835d98ddeebc9ad0eff9d2d6d562075f7c8bc9e5bf89efcdaa2c839c742ec
hprc4_L100_4789	0a99a29b761c077bb783b868124b4e06396ceb9e94acfcfb7220af2b2f696d83
hprc4_L100_4790	ef10b30fbc5ac01712d5c1c547263fc2e948c3be4427c2584ce5cebef7e499a3
hprc4_L100_4791	26461a001a7ff6c86e15a47cad66b9acf69f892035fd4eef8f28517b1c545c78
hprc4_L100_4792	b571cf26faf99e24fe75d5bbb573444d9aa651225d367cb2691c10b84b373c7f
hprc4_L100_4793	937c69d944e4bc311f1623f578c6f8d3abb3d5272fcfdfbf95ae37be4f2b0b09
hprc4_L100_4794	2503f21fc9894e02fafcafcdbd6dc773988bc646b27ac588ed89ce21f0e3088d
hprc4_L100_4795	835bd770fb10e6430501b3bee970e70ee56d45048018017d69c8f4bc3d6bc7bb
hprc4_L100_4796	5ecad6213f01814ed224c73803c3c90f6f73e35345fba27375fb315a08806382
hprc4_L100_4797	41c66a6ccd1c41f5e41e7a19749c9a66298ae05a33aa99681264d2f79473b86b
hprc4_L100_4798	09d7cf486c1172202a8c9c2444be0d41e768355be89b56b33918aa9b39b33291
hprc4_L100_4799	2dc0079004dafe7e639eef1146cc656f2893033fbc0fd20a0d8a2a928a79b00c
hprc4_L100_4800	a9aaa400ad77231840a8c0707a4b48175efb6249a12204221e56b46bcb3da81f
hprc4_L100_4801	a27bfa3152410354a9b4dd12e14c1782146b37bdaa5b82e56728f223d6276ef8
hprc4_L100_4802	96bc467a7d246fe468d6dfd0d18888de49dc8a3b2f6cafc1d79b498f8f780c10
hprc4_L100_4803	165245c7420aa540f46167f00da204ce16f93e9e84e291cf628a653815cd77c2
hprc4_L100_4804	6b06666267a177a7e79474e01117d819816dc7f8e1983fcacbb4388097a16ed9
hprc4_L100_4805	d0d9e55629a9269bea4785564542856381380896847bcefa068edb56273143a5
hprc4_L100_4806	1cd06b4357388aacf9eba9852717f3493fede9d994bf16102c0a7981f2596955
hprc4_L100_4807	941dff29930613b8e8a0172decbd90f6c53067198ebee8c2009c62ebf3b46fa8
hprc4_L100_4808	98a710f57dd6bee7408f6b3936ee0ffdba1359eff0355d8c6647811a325ac93a
hprc4_L100_4809	14a7aeab043385ae44e06f675b7fb841b7382524180837a4a1323738957c890b
hprc4_L100_4810	121d9def4baeed90020a101b7909eba75be99801123d8eb55c273984ad4eabaf
hprc4_L100_4811	11c7c9ee02c0e0603cf95b50e4c11c099f2fc0a77d4734a1210016f658fa6717
hprc4_L100_4812	b7fa5b0bd420b0786067e3d6eac0bb5eb937c038c97cb46b474b1a9eee84c0cf
hprc4_L100_4813	42376b3fa93bba95bc3e569b7b672a707a353d0e409e807281b30dcd26be773a
hprc4_L100_4814	004a725625dfc93a2a57db6dd79c2a056ebee09617192c6b6e986388cc5f14b2
hprc4_L100_4815	6899105daecbdf5bdc17f7e59d1eb6ae50e8f95c1340a4b5d21dd6b651eaf165
hprc4_L100_4816	838679f6fc6b8877d7defd7dd3245bc60edcd8647b9d27a96adf028117c68937
hprc4_L100_4817	9259d896a83a188bb086cca9d4e368aa544b6f34dcb4fd145a0f4a616492f613
hprc4_L100_4818	57f714d17e75c4d3b57ea7ec9d03fa37df0c75b7d5dbf5fbfa69ffa1e818028f
hprc4_L100_4819	ac99c03823f8a156076df00c34deb0eb21f86332229fb5f13c89148a4a0de87f
hprc4_L100_4820	1142813b720351742087db38ec2ee680547ec338518148fcdd8187d421a760e8
hprc4_L100_4821	30bb025f2229d97a965c9ceedd033180fddf5884d41d6daec94d521d88ffeab5
hprc4_L100_4822	89b46784ef462e06b080a8698b29ef27b6261c636a470d9cff942f46bd5d156f
hprc4_L100_4823	b97968e6271ee09a74de2b9e512a474b02f74d5bd41ed42343d8fc7f74f4ec63
hprc4_L100_4824	ee8e4357aac3656f8c4c4b090cd6c45a4ed038db18b4c31e88fbfe7e170f4ef3
hprc4_L100_4825	5963871ba854e01ed416f4c99de3861b6d32a4400737d3f68374fe46a1d6e5bc
hprc4_L100_4826	5b4231a85afd56b29dd71d3d0b447c7fed79227d0c19453b3cbceb2f57d9ed87
hprc4_L100_4827	bd65ac945e779b607a66c0b5ea897ab7be2c48c40195c4ef6e4868b0d2cc07c2
hprc4_L100_4828	f5c5cbdc7a3a131042a511916758c47cef0c04646aecf9b45e27833a65a0eadb
hprc4_L100_4829	1dfee887e24a93b9520ebad688a7a68e79f24aa3d3b369cf33db773400761125
hprc4_L100_4830	62856e3337141a97b9d800415c886daaef206eb4bae317d74c7ff18acefcaae8
hprc4_L100_4831	1ec35d4d05ed628e49345d42d1e67868e2e966da46f3e9ce916caf8de403ffdf
hprc4_L100_4832	b6af02c4659f4b133a58f71ef812ae4e208717b285bbd40b355e75bbaea2ce75
hprc4_L100_4833	58babf6defcb3def77e8f3f1bfbcab6887a34c33ec74399127c828fdf3e04104
hprc4_L100_4834	8cf1c172afb1f7b4328207eeacaeaa12dc093b4908c9a4758d9bf49cb4835854
hprc4_L100_4835	f2ec7adb3bb59b5974ab4662aba08b2fe769f18c8b2b2a200896fa558ccd9b79
hprc4_L100_4836	a3a4c147d86681427b0f8ab3381d079e7e01d738937a145350d55dd74c19d45b
hprc4_L100_4837	4152ae6df9d627fffe443890d2ac823a8bd6c4a7d9292861db34ba4cd798ecf7
hprc4_L100_4838	0743a480b04fcfe9878dddf854f9f370f2c0aad45d3625df97bb73f6490323fe
hprc4_L100_4839	7bbc856e20a4aeb0354a020e75fca0119d2df048e978b525858ac6f3ff71c4cf
hprc4_L100_4840	c706557868649062a001ffbc72f0fb3d87f4407403066dd6eee1145c4b12abab
hprc4_L100_4841	788851c2cf3c81b2bd3d9d0e2fe3a90ee1aa506e4f577c03eb5c31655b44e4cf
hprc4_L100_4842	af05e25f43a04b55fdfc0223d637a462830b8826be6d37b53d760fcc4c0beb9d
hprc4_L100_4843	0de0616d8dadf706dcdd816a227a34dfddae452ae67a62f7323d86c015c5ce36
hprc4_L100_4844	2e348f61fd4304fa49768b4f5b61a16ef8c09de51e25ca26a134d9150d53843f
hprc4_L100_4845	2c4b1518d1934169935c5c0f950483b0f431ee603ab7bbedb5bee8f774610692
hprc4_L100_4846	0b8765d3b6dd16c8789f83a3bfee030c329e2500ce3da2f3cf600fbf8b18d024
hprc4_L100_4847	650dc7cb37ee32d66049b9c19ac8b9de0a6538e4d4b91fccc9e7a76d83d811f5
hprc4_L100_4848	d7588834f12f950b87ffb27b942e559a8af73cea0c3f7ffe7594fa4ac8217a04
hprc4_L100_4849	ae964f96d039d271ea97005e6ea2a0af258e87d45d39636edd2ba178a9e99e7b
hprc4_L100_4850	5e820c0ba65053fa0463fe6267ca6e4a05cc619f98bae5ac18e1abcbe2eff9a6
hprc4_L100_4851	79052d3f05fc6f3ab3db752b97d42869992ef9d08afe7d0d352c2c75730661e4
hprc4_L100_4852	deeeefc131f3c9d531f2043b1f9b2444c59d134491f72ec4f9c83ae0947854b8
hprc4_L100_4853	0777fa387b816d12308efe095d6d5fbddab31e1d938fa684927aea2bd05c56db
hprc4_L100_4854	61b515642b75077061424cbb3fcfc023d3ea41b60182016cdf257132011a4008
hprc4_L100_4855	c349a3a2578de1e9cccdfd6dd766db8c8fb6347feb15f127fad29f8e18b5a708
hprc4_L100_4856	79581d556aa93832a3b1c0a1866a8ffa0404e47f65388a99c1eb3887e0ffbbdc
hprc4_L100_4857	63df9cfef05cf1cdd17e38f7445a2ca09b9053d2ac31879c253862b56a007697
hprc4_L100_4858	390415c284730ac333d24b825b8fc3284530f8cbc32cf0e7ba2e938c1e84516f
hprc4_L100_4859	cf8d98841ab86d975f113e0d76b2bff7f5514bdcdfc38465755e3a1b0c353249
hprc4_L100_4860	c2cc996bcd5fffdd84d564cf7cbdf41e61695114ffcb8795ce69138599da0e44
hprc4_L100_4861	17b79c188b542cabcfe36f2adf6353181c62cc087150dedcfcd816ae41985f9b
hprc4_L100_4862	a7ad17f3962d12a4bdc5591f255ab7c37285a4773649a22a1c013f2e5b093c54
hprc4_L100_4863	2a457a358279b1429020ea2b142f3c5d8843d3c4dd70a82cd53ad74b2af69781
hprc4_L100_4864	45fa390435a1d490456254debdce3314814d27b381a6436a62412577806d9be5
hprc4_L100_4865	805fdbc407dee050a1e8bf603c201b93b5908943f5d53369a258ca8b0dc0b232
hprc4_L100_4866	fef34ae3df27411ea7d5dd5e4fdab30a551f26fe56d98c8b58d8c6b10f420463
hprc4_L100_4867	ae75ce6f649dff6b5c2fcff58caaf5bdbebeaa63acd04a072e1783239426b5e2
hprc4_L100_4868	011f4438fe892aa244726e0dfddf1a64022de2102f0a1c66340c1148be0c91a2
hprc4_L100_4869	cc2fa649ccac929fd86895a8af64001d9e542f257ff605b9406f08c0cc6fb720
hprc4_L100_4870	87e3642a4ee72887df39ed8e7c1130bd2574b1731aad7cc7f1280714ce78e258
hprc4_L100_4871	4a5d2b1622b2314be521be414652a2e70515160d21ee37c7f18838a38eac9afb
hprc4_L100_4872	edff588d8bc9242f567cfc6fc9fcce847da6b8167e7680fd3378411d8510658d
hprc4_L100_4873	1b3e416843459d9da1f690014eb57d491ebeebd20fbe29d1f9872eca1a9cbefb
hprc4_L100_4874	cb3578f18c1fe51b5af8ca854c73517fcb393b68481f3ef22f1bb252b883dbc1
hprc4_L100_4875	f1ad7b3775a545b524f8eba974b068e7794bfff3e40dd4b12134075c9396ab3d
hprc4_L100_4876	9b9c8b8a0d310aa376ef580c732a953ee7e1327d99253f20c4a97b06a20bdfb1
hprc4_L100_4877	7d4a79cb6beb48cff54032b32dce6edc25e3676ef9dbef821bc19f0abf6a5c63
hprc4_L100_4878	d7ea9d76034a37482af1cf0c3c7896b437a95d68cae803c284b6d812d6ebaaff
hprc4_L100_4879	519dec28d2c9c5ac99c5b6ecad9f93e592eded7a6802f71720e2bf5f61b98162
hprc4_L100_4880	d5d336121d7b3867e8c232c3810d8508c2ed7fdaec54798bc718cb5600178189
hprc4_L100_4881	8bf3f1d754345de4a53eb8b0dde9cf5ca38bb2cdbb5bb0ae1a09c6646a7f8250
hprc4_L100_4882	f2ba953ef2a9e56727afaf19de9e6e3ede8df11b59b08a0d2cdbfa46430bb9bf
hprc4_L100_4883	258e2c4cfea77f1f241e032456370e55eeede5ae6a8c6f21282110d539ec7776
hprc4_L100_4884	6b0a3ec401319dc995efb86df4c14a563d2fac7a0f8454a186ad4bc4e82cca0c
hprc4_L100_4885	ae0427f63fceb836da7868792f9d47abbc244b14c16a4962e2881cd64871c650
hprc4_L100_4886	ef78e54a9d907ae13829df53d0ab4efbcc4f47ca68beb84e0d3f428429ac2c67
hprc4_L100_4887	71f790c0a9ff5afe4605f0f2aa21595b9c0affb70cbb7145120e4165e4ef950a
hprc4_L100_4888	6d7b80476e8c0fdbf13d232b73a5cdabcffff8fbac0202651e532a77fa331d6d
hprc4_L100_4889	e839a29034c72cc31b4c61913b664d20107f3bb3691fde97610b4850067a2574
hprc4_L100_4890	2c2ef6ceb31196e7337e797818494e9293144cd5fabc1f189b93d3c3e64356ce
hprc4_L100_4891	e162e838011c1ed11cdb8ae6e1adf40026f62be5ed859221152cb93902759478
hprc4_L100_4892	2a74d4596924d03cf65cbabc1d29de44ce0d923a62f5902df98345b39a50afdc
hprc4_L100_4893	3be9f617b60aae5207477837ba0e77d4904da30a8fb4c520a7a1cefdb7d63c5b
hprc4_L100_4894	ac326e1cceb0f3a587d48e752ee878c83c01a44e391aaf82273b46fc50627ab8
hprc4_L100_4895	dc83c557b5eaa46e19acea1acce44129e8108fee7685034fe386b573e0685301
hprc4_L100_4896	729bdf397341316fe2f83d0195717214571c7946ed9d580f84005f8335b27b56
hprc4_L100_4897	2b3a5cb7e4b586e0696ce28a7370b89524d78fdb9053d01538e40b6c26ccac83
hprc4_L100_4898	ca4f7fd2a3c39a07f3ad314ed187b9d2992c48ab9f06b47b5dd80a19f708c246
hprc4_L100_4899	92aaf8e692b0b0c480e31d8ff9e6738e7e2b28708285b386ffcf895079435a2b
hprc4_L100_4900	6c06c2d8a871128dc95013288ae01ff82ab7696058129f561f0d0254d1bf13af
hprc4_L100_4901	2e098c65a5a372fd5f8cca2d447cc960fae6bd4ace3473b0df26d0831425a7c6
hprc4_L100_4902	322ff94cd8c2107225877ae1912717d6a6cd01c1b95bc4189cfc376a7c81f4a4
hprc4_L100_4903	dcce044c9f0a8dd40d1dc1b3a56deb30f0392db933c31c4f494c891cd3e35f85
hprc4_L100_4904	7aaf276ad8e3a90be65960a8014146b19d9dd9f8bf0d722dbc08973be2f81ef1
hprc4_L100_4905	983b91b2880a1a31879fded4647fc98d4a2254b337f150f2812c2212bda190f3
hprc4_L100_4906	74bb767df10a2b9be7cdf0168bc4126c1c8f3429dedee7a24efcb5b8105e31b8
hprc4_L100_4907	169423a762f5e407a61d93d8e2dbd91c93fba42b65d779484afa1e6978cb56ae
hprc4_L100_4908	68fa0dc5a21493d0886d84e5e24534787aa9b947bfefd3fcc40a9c356012f6fd
hprc4_L100_4909	a994a5b1190bcb1f8bd01db55e87698a8eae4e7a32e0fe34d43609ded3868b06
hprc4_L100_4910	e1f063912b1d9c8a9a53fad761cd5dcfea974cc9b8d79d5eff9e4319ec9c48fd
hprc4_L100_4911	589be118c4726f80aa8369974d960f3bcba93c3f50224024cc898ab1f7c76345
hprc4_L100_4912	f6cabbc45b6a8962a59acab0b5e62ed5f7ed7443ba3daad510200b1ff931aaa8
hprc4_L100_4913	a5bd0b03c04a99860373e2339fe36b8eb8ae24c63f081e55bd77d869acc1ff90
hprc4_L100_4914	8207a3669027228abc73325d6d0c7b415cd6ef0795469759330e0196adfe8a13
hprc4_L100_4915	db476a22f51d3a42d87ec7382f9f919cd0b66281cc200eeee3c7883f70fc97ee
hprc4_L100_4916	c8ce6146275abb55630102f1b52834298aec28b73257aae904be44ff0d4b4fcf
hprc4_L100_4917	56792b0b384122bab5d6977a1b3b0a52236d0f61a79bf5b47ac053853f52b34c
hprc4_L100_4918	3a2f916807933795ae1734f39b0445d58dc2519821572884b790d47ad4826fbd
hprc4_L100_4919	e4cb07e000391c44f262901e4910d2577fd8a065e732df3970d31ab986dfd403
hprc4_L100_4920	1db53e2c60f51ddfd3a339f41428332f5e475fb21f50ba03868e1c4926ac807c
hprc4_L100_4921	32c3af357a6927373d8b2e7ce01d2e7d2a3150e80a009cc86ce6e4f017bdeb1e
hprc4_L100_4922	bba75e9f15aff3ed2595576b32469e88e9c9835154b5d2176786f0364ed3400d
hprc4_L100_4923	060d0647d83fb5a13ecb4665b6f81faad4a96b8ff94dc2b71e9e28e4f3d2256c
hprc4_L100_4924	7735bc9729662cf153f2dc007422e1bea3f4aa94b708eeeeed568bce62e40ce1
hprc4_L100_4925	eabeb37a5c2d6445a383191b400acb99e0ca314dac3b4124e184ddb55bdae595
hprc4_L100_4926	6959a2aad617d7673333a42274140073fd7a8101c09976820560f284013d0353
hprc4_L100_4927	00b557fa863621ac9dc3d4c3901b889a8ad935c5f44ad6cfca979aa140d9a947
hprc4_L100_4928	547a206d1d29e579513067ca522e6720475153bfc35d10a6ad1c053bc1104639
hprc4_L100_4929	0dca970c504e55d1c771b44f07cf564f143a20d924bd1a6693697597c5c5fc6a
hprc4_L100_4930	7be9338b93ee4fc24e088b7fc47452968827a78f5b647cacb618e01b08048de7
hprc4_L100_4931	34ca4abd20b56fe1d6d12a80e61777571506600203e44ee0a37feeb63b58ee1f
hprc4_L100_4932	497a77bdbd53f4336e112a9110be8d554f701ddabe58951294dd943639c10205
hprc4_L100_4933	d8b33b653a613837703aaec3a7eeb8a5699654677b65ba5de480bfae073c7b8d
hprc4_L100_4934	748b97bb7536bb66669ba84c9ff68fa5e6d023403cb180af214d6914f6aca70c
hprc4_L100_4935	9449e79c6947d4db2ee224c691c87d8c5a5bee130af924f6770fc8b76709b53c
hprc4_L100_4936	b92223f4c34da4f41249cd29795277ac424a2e00331d341708589b2153c40445
hprc4_L100_4937	0384e4190a6e8e23c9fcb582929eafe329fd8560a808bbc6daec69172b073818
hprc4_L100_4938	37e14cbc1733b1f0443da1c9880d449b2d0dde13d1ef7de84f7778fe9e0fe27a
hprc4_L100_4939	d192fead4f70028a30adeeb74075033f98435eb38434027bdaaf906164421bae
hprc4_L100_4940	d2322a257fb5e2633a1d26059d73200d82d44be67952c3972bdd45ce25be5d0c
hprc4_L100_4941	bda6f5110fd953dab155855fde852a07c1ba4a0fa74e21b55a5d83f433e73e07
hprc4_L100_4942	a026a3d977399f55b28cc3b39ad183b89cb0e5d4e0c2f89c9a62f6ebaec01855
hprc4_L100_4943	226ef49638b4510b81624d27203dcb475c8f879ea13714e0d5d45ed58b9008a7
hprc4_L100_4944	4db77116e29b92f626343094c28afda2bfe566bce6403514cc9bf4f929b3e4e2
hprc4_L100_4945	a0d8482f26dca01cce14521aaecbfe7acbcd0677a8e4cd9062f75113dad6a023
hprc4_L100_4946	6d36a06edeed1a58d550d86672d103647dedde21d1c05c373ac50c63c586d037
hprc4_L100_4947	a473faeb29575ab672a85521b7b742b3541cc9ab4473bd1f22527b67e003eecd
hprc4_L100_4948	10e526c32a0c87cfbb6a6224223939129e7fc1067966345a9e7e74c990060284
hprc4_L100_4949	b23475372c34cb57182d859be02e2cf07516e6486aa4738b00f589de9f6becdf
hprc4_L100_4950	a91f16e97e9da9bfb7051efee20348c98f37c6a663dbc45d690d3ce3891dfc3b
hprc4_L100_4951	3f677f7a8cfb3998e64bbcd1c6b3387647f5dcdbfc9ae6ebb215d8632ee1cc96
hprc4_L100_4952	655f1423490bdf26cf2fc0890d40641c384af1f14d32bb76787be378dab32552
hprc4_L100_4953	284781a3d71979cbc245f614432e4fd6874c3495d9a4036e572cba0b39194577
hprc4_L100_4954	9651b16e779a6f13fa99ff98dc8059487efbbb6695662b01f57123b519fdd497
hprc4_L100_4955	64c19fc1fe81697787c2725e3e39bbfa182cb7f3b4237182499f08db61cfd55e
hprc4_L100_4956	48985305e0942efccc5039c97abdb9a16c1c43a16a6b1bb661bcd02bec1d17ae
hprc4_L100_4957	04484afc47a144148937eb6ade67e482515eb6215af6530791456ff8c2082dd8
hprc4_L100_4958	f278a2d0cda3a5ed57a386c8277d80637170211564f31c63505689eaee01364a
hprc4_L100_4959	fbe05162afda8d3167276fe2fab9289dc9fcd36d8932d9364d008b64ba52111d
hprc4_L100_4960	1dbb25680d3c7508626df5464386ab4ee85c32a21be456a204ce8054f40df51a
hprc4_L100_4961	0032ed71d248235acef7bd92e958c13cc176e2809cdf6fb3e262d8a54751cd6b
hprc4_L100_4962	9f9c0a633c7ab0af9f324110eace7b581f5db82358d2bdacedbd63b34993621b
hprc4_L100_4963	60dd0716d4136f486f8293e01956b5f9ca33f9447c346d64d1e17f69d79ab2da
hprc4_L100_4964	afc25a5d6ff623bd1d16445b89c242ae6e6fa4f5d63519805509e2fc5bdb4430
hprc4_L100_4965	4e976cacb595e0a7bdea3a179624a88e49df4a13d76722c6fa439e1d29fb58ab
hprc4_L100_4966	f23a4d4e4c78a092864b244e47b5fdb23c2007d63c9d62a839d01df56ed22707
hprc4_L100_4967	625f1f4bc1c6a5a6def8eced8fafc6550ec54a6bcf2b981b83f3671ac2d20453
hprc4_L100_4968	2e37f0bd489bc3569303af8713036a745da983309cf3aabdcd70cd8a32a72a30
hprc4_L100_4969	a1282769d6f88b2e90d33b0e53297100e9a066522124145719ef67cacd597885
hprc4_L100_4970	827762aa27160a9df660ac7d089632970eaff71650694f1a158ef79770ed67a1
hprc4_L100_4971	a56b263dfb0a8dd2e6c089ab75a52fc4f63a546e1c90c1fa936159944866817d
hprc4_L100_4972	1e55121cc7dea4c1de1004fe9d3fd2f75d8930a2e2211ba4987545513705000e
hprc4_L100_4973	a7a66e732108a5fa2eedbf2c2c211a72da43a2821c23125e007822b048136277
hprc4_L100_4974	13766f131f641cd1e41132dc3e0a17e1840fb235e4f59577659267b5f371c0c3
hprc4_L100_4975	a5661a36699a6ad6ed8241fc46a1857f1325d3dbd15f12b957df552809e2c785
hprc4_L100_4976	56a7d965fef7e94e2c4b704c38af52387c90b5830368e9e820dd308ef5c91e84
hprc4_L100_4977	f978ef4faa867560e9183f3e4114eaafddf47d3b553c9f9b74f3752053aedd5e
hprc4_L100_4978	47337916f6f757163d8c878fcf7d7ee8e7eca73ec34d4bb2fbb2dcb9df18efc9
hprc4_L100_4979	e4afaa760284951a94f7159b6cf2b70b6daf225318f2029b409dccd93c3aed03
hprc4_L100_4980	ba4542eea3f6589ed5441093f6554aea65ead39c526ccd9b6c2f3352ed504924
hprc4_L100_4981	99451b4993ad9ef39e72a542ece112070d096bb71e8fbe20ef7e617522317af9
hprc4_L100_4982	17609932eac9af37fba8ac18ba079562145f2966ef0832c4ec463e588201b51a
hprc4_L100_4983	05c55396f6c18bfcb1c81981be98eaac788bd7d020a6ad16668ea688c9cdde51
hprc4_L100_4984	71969fff95fb1f1fcb8cd5b61e3dbbcc715d6e21b0c03201f596c0fe585010a3
hprc4_L100_4985	53475ae80777988a2c787feef9726811e600afc5ee7450c8c8a695a18dd6c187
hprc4_L100_4986	4c459357660e2cf347fb9e4e464fe2c01ce399a3525a8183bd7382444bb22904
hprc4_L100_4987	c5d8d3f86a47f8ddda57ce8a0dae2cd2671d8699bb2d25b433fba72df7d709a1
hprc4_L100_4988	1044a631cbbabe4cc0ce30ae4ae2542d69e5b24365d3ed022cc1a2c0a8500414
hprc4_L100_4989	bb4724e602d05e73d15b55a32e1efae7e5a664138892a5039fee0cc20ed10b84
hprc4_L100_4990	0fb11b5d2120b6d5242ab030c7f9a4ed6344c36e699e9094475f994582a3d8a2
hprc4_L100_4991	33c3072b31d2741c9cad6795039fa401cc357d089abdce0d67f39f168a5b60d1
hprc4_L100_4992	a0cf77f930f9b6ede645f94b4d8b46aa18da774171d6ef8157eb5fb01d31a44d
hprc4_L100_4993	1309760c962ee04288bb1e476a4a0dd59534c8a2030eb7bf527e9656f0ea87d6
hprc4_L100_4994	fc60585ba5b80ef89c3e5d2b2dd1122edf58edfbbfe027c0be837806bcba8ff1
hprc4_L100_4995	b7f6c473166b1f25317801cd95f46222b21e756eb9fb0609b48eceb93f6380a1
hprc4_L100_4996	02255cffd49cee7ebb140b2f8f49593b35999a140412f95671b905cfebd333b6
hprc4_L100_4997	56f3cad1144830a2b298d8bd414445455789f2ab4e5c82e9f68c85cbcd610252
hprc4_L100_4998	0f586d8bfee58833f8b3860f35d813e63440d66a36c08511c797180bd9d69d85
hprc4_L100_4999	e615b5be85fcc9366f3a5d09257fe4a9c84a18ad2976b312b7fcaa138263892f
hprc4_L100_5000	f0075ab63f23919db4d2c88fbde6da36581190ce954638d7cf3b78f7c5ab4ed1
hprc4_L100_5001	92e9ced54b2e31afff45dea9b89ce66e08da45bc24971d6be04e815aaff3f4a4
hprc4_L100_5002	72cded0cf69bc839adf96617c84f05540b2b0245139ce0c9cabd03315d232a6a
hprc4_L100_5003	6836b958b4f2ed2ca9a8704024b5956ba7090ea41445850456d1790b6712cc58
hprc4_L100_5004	1add2177e4c7a4d64d7caf0df39e7d957661df3d0bfbd8c6035096b57b8a1468
hprc4_L100_5005	fdd93ef873435fe2cc8f71f0569250bc8dd5024987365f891b28e132aab82667
hprc4_L100_5006	15d5c3a86fbbf837003cc35c63bc9d1e55afaa88b5616ea6d1be4ae2616aba12
hprc4_L100_5007	fe48ce20dd3321843340c7fa37447e84f3fd38afb519a0e098ca58ce44e77f94
hprc4_L100_5008	a9c3b5be9cde7b4937e81a30a023497272da7a2cb2e5890c9aa7b2ca6c64bb0e
hprc4_L100_5009	764d9df388a5290f3b799ab116c008f2777ca45c6166c96fcc67af76d459a4d1
hprc4_L100_5010	fcf4336f77694d981181936cc55e3c9ade2ca572d33eddec3965bfa36e5b2d1c
hprc4_L100_5011	ccc552ce4a7c0fda945e9d8dd5c00636e6c3d8a9e7de676c52dabf259223340c
hprc4_L100_5012	c4bc3f884b8ad88b20867cd03485bb4e4b396e12ad0934e653c05c31dd564b63
hprc4_L100_5013	2ee24636f9d27a88371932ac6b472ecd8a3a1c269ce66ae178f8ab095becf178
hprc4_L100_5014	8b0a80b6988350eefbbe669dba15f21e056498802abdb4db65ae13fdbd8a3696
hprc4_L100_5015	39d96a3f2e7549abb062c72706821eb29063a6049a864378ff0120e1446b5776
hprc4_L100_5016	9dca0d2ade8d657b230beeeb988124e7da9fba2eb6231970808659f910a0e956
hprc4_L100_5017	10ab448213004fcfdba21ab08b8f0ac48ff2f669907469407ebbfbb28f9dc712
hprc4_L100_5018	c38f707354076fbb113e694d1b8e8ccd384e93a2ffa7984a88b6476bf6f7e7fc
hprc4_L100_5019	9c66a2cc247a78d539c23645b3ca96803954cc174e2bb202e11547891083d212
hprc4_L100_5020	5c07d3ed82ad8a06e18d12efd315b673d8bc67c170806f8dfb1e710bfe0ca981
hprc4_L100_5021	440ec58f69094ee9092f306e55a2d02e25d749b48849e514283326c80edec184
hprc4_L100_5022	d1fd96fa4e8c3f00eed7656cf68aaf31834e4e99b404038f0ecf4f6b4b862152
hprc4_L100_5023	98e75faded2a9bedc102a0d0888018ea41e76e132f5250bb36b5f8701f136ddd
hprc4_L100_5024	616c03356b079eb71d21e66dfd907c05edb62f3e1d38ffa8d322877497e57bbf
hprc4_L100_5025	8d0ef0805834c2e32d584bffb09f08d8fb1ec7ffe6b7ce0b2ff72633131cad20
hprc4_L100_5026	a6d7796a2a1ad0ed4c66c0858c72a789addefeadc76c44b309bf257080aa11f8
hprc4_L100_5027	5641a79c0231e6be9942dfc070c2d3b11f47c5702bd9f8ec65754d005377c9a2
hprc4_L100_5028	0c9af293e3d7caa8d423f6ee01b73b519c32abcfae6905d63291d82aa72b7a48
hprc4_L100_5029	5e9c216293db041fef9ef37c6242f3d338c98b97cfa75dd020e2901fe66b8374
hprc4_L100_5030	2be092c9cd999af3560036713e3e17e8333d39fe1ddccc6db4076cfc646c890e
hprc4_L100_5031	1214b8c74543354eaf98792b1065ec3c34fa152649ba964fd38da18ab80783a0
hprc4_L100_5032	d3602792c9f2d0b935faa8b8d799d225f32b4ffcfae089422bed0403552a88c9
hprc4_L100_5033	8e218130f851b7d6026e3c83b4369f06f612b93f9eb736c8911e62ed57532932
hprc4_L100_5034	f85e5af97d40e8fe3e7c3f67bb3f6720410f1d712e79e6b97f22c118a9d78852
hprc4_L100_5035	79c90568bda3ce41a9cf80b62bea1fd44a75136ac70cac987727d19b2e2a52ca
hprc4_L100_5036	5c7dc9bbddd50e6405e9287e2d01389186507e79c4135978677245b39499b525
hprc4_L100_5037	8cb8c0d3888870ae1847a5127d6009f0d1372583f7a41a57cbe2434dd629fc9b
hprc4_L100_5038	a1fd41b7991e60f6fb091c8a2425635548ba88a75bd8d4724c20383358a73ce5
hprc4_L100_5039	f869c53144a9a0f13cc2f980a92b9247eef0ebf9a25450ec8d5be5473d720909
hprc4_L100_5040	524c3b6e6e8af771d18d6ae3e5760289b2f61cf504264d7a77f01e2776b4a6ad
hprc4_L100_5041	46c4cd89b98282c894556ac53d3777f1bf7b86341c2c826d148e73952f62e458
hprc4_L100_5042	3d011db136aef472e8c6f91641bb1e8987b062e2ea8cef4fbf7839edf9aa60fd
hprc4_L100_5043	c3d41a4f9afe020068663f70f6aaa606d3da2c09435132bf8201f7223d060702
hprc4_L100_5044	61e3043fe913940e3be52dbc1e9b4976fa5bd18bd944a4b807396acdc97bd26b
hprc4_L100_5045	5ce5b3fb14efddac1ca42cdc710e8b4282697bdf8b786fedc3f2011946b27b09
hprc4_L100_5046	15e30b81ec31172294c382a7df181d049eba1e84f8a84fa8f8deef793bbe5eab
hprc4_L100_5047	1be4d8954610c24e167e6c028c0c8ade259bb2a9a32d99b77b324f39ba17b313
hprc4_L100_5048	64d975521857ae27df92869b4309283b6a03f8a673c5eeb0d949c3f37b3f95eb
hprc4_L100_5049	a7399186d28cbaa89ca3315f9f226dc69f66d2f719a423a4e515ae7fe97f3d38
hprc4_L100_5050	02a828f113701860a23456095492fc708c673f654d55f61f360265d8de669e8b
hprc4_L100_5051	135860b3a75cdcc2c7022a38e4c7a15557b71ff478697b3e75e4e494358bcb78
hprc4_L100_5052	b483326cda2ad6d46374bb18b196cf5a350873594f155e038f77f0c1fa1740c7
hprc4_L100_5053	5dba9d1196dd1b15ea939e24fcf3864efe59988a2e812369d205a7309370abdd
hprc4_L100_5054	de09320662ed4add97f1c86917fdd162ea4f2cbf9c40e366fa6128ce565ba272
hprc4_L100_5055	3af573e07a4d14d0a83026f8c981656b7a805bec6298564e382f5732243e7ac2
hprc4_L100_5056	c188decf146a6b133f6a923d548cf53c04097b66e47daeeed220c6510e964abf
hprc4_L100_5057	3ec081933d96f3ef8fe7ebcc322bdc367fb1289684a86160116f6de2e1838c25
hprc4_L100_5058	72e4efaee72e26930ce516fa75ea8fa3d2a16bc035b1390e48cff2479c5755fc
hprc4_L100_5059	4f2796b3e361c02452977d4bd72f42eca3423889ed6894a065bbb0db817b038c
hprc4_L100_5060	3f9c0fce5124ae6f667e5e06ca299385bea1cd0829c1f349f1a560521a71f8ae
hprc4_L100_5061	392298619f0fe396e8b5f6231c552e9af8b362fd7f0e75c14672e7e780106474
hprc4_L100_5062	36736b2d895ec5bc4304421a60f8e4cf46283e0e8f2c5fba8bba7e9eb0d77c0e
hprc4_L100_5063	dd316dc5cae170884e277486dced88c51168938cfb868a53a73280828d4e8070
hprc4_L100_5064	422cda76f37be6036579c3f71daea7cc94e285b06a7e23f8fe9be8db4bfa384f
hprc4_L100_5065	458db427ab9207ca9cc75beeb499cb1823f72d6d3f55a94b7226617d88047452
hprc4_L100_5066	3d4811080b30a863f7c3472bfd0af6d5bdef916965a2208182b56101a5274550
hprc4_L100_5067	7b470123cb2085df9a0a0a598e142c0f0e5c8c5a339d34c71e71756a459b21b0
hprc4_L100_5068	23ffc9c858e5078f155654bc8fd7ccdc6b8fad6c00d7b7b1978b4da4d61edbe8
hprc4_L100_5069	235957d0179ebe7c1f37ebcfc75f55098306c0b1bf6bdcca6c3a04c00523ca29
hprc4_L100_5070	b939c5ebe045dea7a6f919b64b26fad0783e3be9977059fa3d89d928bae789cd
hprc4_L100_5071	f55aa3655f4046bd01ce46b54b365bfd81900786fb443716ceb24bf3353c0302
hprc4_L100_5072	4f149232c4f462b1ad56731a04725df6ef167aa21c6aef36547f0475f5806017
hprc4_L100_5073	abf69f5f177c3751a7f38f2a843b33f1b555d1778d41fd216fa2c859d18c125b
hprc4_L100_5074	53bfdc7dc789d3e2e2d036f21163d5aafe91d586634350aaf3e5244a2117a2a3
hprc4_L100_5075	9bb6c0b0cf7387cc582e08adbf5f44dda0deb28a64583592593ed74d08cf1a21
hprc4_L100_5076	b0428030350cd9aa6219eb105ab76df7496abb5cbbbced1e4716f4df034b3ba5
hprc4_L100_5077	bb78333a24ca8a11108b3a5287f55763f58fc22ddd4399387768d894478b7f57
hprc4_L100_5078	11d6ef266510c258bb55bc199ef58341895194236a5a6a3f3bf91770d2064fdf
hprc4_L100_5079	92e5846273dc0abbdc004d05fca1a280eb28b8bb9d73110729c096dd59c40b95
hprc4_L100_5080	956b5a891c37b3c89069a8c1bbd95e8213e005cd8d83252e833239ef0f788961
hprc4_L100_5081	8fc8f481871cc9fa9fec6b44ee7cf2a9603dac2fbbc737209d264e0372bc4957
hprc4_L100_5082	f0c4b1aae891d6da30b27af0eddf11cfb6ebdb207a9b77751404abf67bf82e8c
hprc4_L100_5083	4041f2ab217b93ad395d63525bbbc528f8bf72075b2dd2e9f2b46e57414eca3c
hprc4_L100_5084	8bcb713b0943c9de303f9ea7b85c0c1256729c4cf666cb83dde21612beec2734
hprc4_L100_5085	f652078377c8858b8ed84a1981f26bde77a264a1e01a711fdfda4ec83ecda1fc
hprc4_L100_5086	9f1cd54af55b105dcd45e7acc1185f70ac6ab222eebf4da1ea1046312b445722
hprc4_L100_5087	c2d7616dc832e67629b3ae0e24a947c5fbf81888c1659c945377aaec97e685d3
hprc4_L100_5088	e3d95a02f5769b25c56af2f45c7f9743b2f9edecbf5407705c4f4b16ddbf98bb
hprc4_L100_5089	fa56ef2c238ddc1e6ff576f642f4b56e0d82b30b939fc5709a33a8f4dd0e3d6e
hprc4_L100_5090	1aeccd8333242a9bb30b61fda650dec2f01ca99d001774cbf9c9efb78b18f05c
hprc4_L100_5091	afd6e4425adcc98f5d1b3aedcd44be557cbad196338a2b39d2504d3399e690ed
hprc4_L100_5092	e3ee82f8a7296fd44fd07a89ac4b76b4f95f1b94808fa676aa74bbea69dfed70
hprc4_L100_5093	6f546efe11302993aec41e81f90ec2f95f358c86cdb4bcdab8ed2691d026271e
hprc4_L100_5094	5d7271895db6df6dd60cdb4c3533f26cf20270a8c28d2e171622b03f636f0b14
hprc4_L100_5095	28b95ae44193fd4d991cc9e9702d94fedf0f0d1235a0817da55f910b6d1385ea
hprc4_L100_5096	6be6f5f7603447c10f042fcbf23ff26570accc8d123843916d47af5e0284f299
hprc4_L100_5097	cd69cba6ae777813a04493f24d2810c1e8a349204f4eef976f635582dce1a6a7
hprc4_L100_5098	a96ec99eeae1d86b94ad071c7812b939421272a3341d8c3d7beb4432795e9ad9
hprc4_L100_5099	1ac375cde9e10acbed8dd48e2b70b324eb9837d175234fc74a85a3965f7d51ef
hprc4_L100_5100	52f87f957ddf674f61fa0ed720e595de36ada2a2ad87eee8bfa0949c94e59039
hprc4_L100_5101	41628669e3926565cb5db61c739140919b078c30408c50d28f118052a0efd6f3
hprc4_L100_5102	2b00bab43e49caa757fe4856be037b863638a34ff8f15becb82c8628ae3070e1
hprc4_L100_5103	0dcb039ea4c242a4f21c5264be221feaeb3ff94fbec7350a84e5810825bce4d7
hprc4_L100_5104	91ea931c162caa044c3aabaffd96466ce9fc094370bb1a1798c8227254b099bb
hprc4_L100_5105	03c9e9b7626b7d6ff6a5f2d8d5c2deaca072e3a30bb2ec18bfaa7dc637d59c39
hprc4_L100_5106	17e0bae1493af8d58166565322244241f5778c1a78846a73ec43ac969288c50b
hprc4_L100_5107	8d135b67bb6b961fce170c1a89cbf6f9e9c6e90a01729e1c1d044b7e859bd442
hprc4_L100_5108	9d9d159dd7862b3a4be5bb5ebc6680b447ea435bf99423bcbfe288096bd6bff0
hprc4_L100_5109	d150f6b48e69c0af028a2295495afa0e2f3141752e38ddaf71dca49ad99a7b9a
hprc4_L100_5110	503761652852d23e6c1772f1bc65902b50f36465cca6d410cfc39d506d4cd49e
hprc4_L100_5111	6605a688002aec37c7fa98a007a5e3188e336f8779ae655ad43e56a61285289c
hprc4_L100_5112	d6c856a1096e2f63bf9a666727c14ccfd9f19d6a77e449dcd839849c54387b8d
hprc4_L100_5113	9be8f365c5d66cacea38beb675897160803f8c0068fc101ce697d56100a719f2
hprc4_L100_5114	5373f73ed9561844084503403b82ab8095355b035e8eed69cb09a9b57d9e3545
hprc4_L100_5115	a89e1e6b5f9ffffbd58bb664823a2519ed67c68311eba1de0cb2137cfa131b60
hprc4_L100_5116	b764fb5e9d729b911411f2085460a49dc30aa84f78ce28017cbe8b32c9fb08e8
hprc4_L100_5117	ed9caae0c758e04f0a6e7f3ce4fbbaeb75e5d63b628e806277e0d7ef8f5c1455
hprc4_L100_5118	855de8d3e7d9e2b77c1c5282f65cf27a3a8db949384587ed54221b1cfa245013
hprc4_L100_5119	1eddf47762a4ec7f417e95ffd58cba73d13af899c126d6a48ba65c3c6e45071b
hprc4_L100_5120	ce2e0c0e5bea5c56b9dcb01a8591d6297cf3ae184f106adb129b2191c5e9fbf2
hprc4_L100_5121	a6ae9142d709aa691b8e11f3d1ca92d9764ad5397d915ca55425a18b9a88d95b
hprc4_L100_5122	6964de2034e947e1cc6c1d70967069e74e8e9eb4f2aae3dc678957fdcc9da3e4
hprc4_L100_5123	59700d0c6d15154a015d88f15612f519edb5a18d59fc80a715c1f36fb0b26bef
hprc4_L100_5124	a2487f3732e73999fac20c09084b865917232fc1af432831cb9a219d31ae715f
hprc4_L100_5125	99ae2f52f6d48ea0875bc61c4fd6807999974cddd02fa3d9fc8f12d7854f96c4
hprc4_L100_5126	d138cda352d6b9027d9e339cc30113b534b857f338b6d7a904356e80daab55dc
hprc4_L100_5127	8787ab8e9ac9d88fb82077354f2848277d7772f596a8d26aa4df1bd4485ea090
hprc4_L100_5128	a15d0cf98db2e146936aabda8ce4cd8b02b471b0450927c25698cbb0b39c8f2a
hprc4_L100_5129	fe8271e196417fd9990aa92120b156dbda434725db59335c6c98f314bbe1863c
hprc4_L100_5130	e3ca20d44257c8825d698cd80e4cd7fcfa91da64eed61b635c6093e92a322e43
hprc4_L100_5131	8e0cd693ae9d40eb8802bc4bf3203dde693d8faca8625720d3ff114892b2948c
hprc4_L100_5132	852d7831b9be6cd2ffb39285b3d72715714e5c95691860a86deafb1ce8232001
hprc4_L100_5133	2df715d62d39701b7b4d544d55ac5f2454388cdf604364b95bcac1e14119d317
hprc4_L100_5134	26377dd20ece66c662386541cc1ba443c29777385683f069b23fc012c72fdcdb
hprc4_L100_5135	74ac2b833da5203420b15cecdc0ee67cd22f236b401f9a151e6a0c6761ce429f
hprc4_L100_5136	e0d2dc4897c0522cbff42d0cec83a1a920575c823463b0372040a8ad69f08690
hprc4_L100_5137	f70a791d09085b8b987d236b6e263078defabd54b63c41f23c3a111ef56cc7c4
hprc4_L100_5138	1a01ac9d039e3211601e938a34baa3841b7f5fd17dcbf8c5db751911ebb02ba2
hprc4_L100_5139	8fe9e7e1d4a9d8445697418c977cf415d21f1f7aebf65b63628b6c31d35bc8d2
hprc4_L100_5140	bf1bf6aae96d2ba6430d350adf3333969e2d2d93fde889faf6b23378ae4152fd
hprc4_L100_5141	5b80386eafb880c71a2020666597b982e47ca2abe5d42a760a88426b287fdd8b
hprc4_L100_5142	64063be72069c17e3ee2098561c57488121ca988ac3e7761402c87d53190aec5
hprc4_L100_5143	f3ea58a9be266bbecf6c1a64aa5f287d35bfd64aa3bcecbb3fa3f5b8de256560
hprc4_L100_5144	3681a3a969baf5a367a524634167ef2c9e40afb63bfd6862f58ee2e732e9a8f4
hprc4_L100_5145	cedaff028d50424fe26abfdb14b5a58204bbc0c94c0eaa53e551bdc45ffbc7c1
hprc4_L100_5146	c35a1da1dd431d239e3363d67e0251c2c26ee0109b27c5218b33d4572f246b3d
hprc4_L100_5147	0be2a08a2fb73a5113fe229d24298f6d15e00428106450d42691de93106ec5aa
hprc4_L100_5148	b7b14d2a9b6b2e09eddd5da9fb07f9f1777b4fe684fdc91804ae2e1675f21bc9
hprc4_L100_5149	d76359e13ab70cf685f2746327042ca6724cc61ade39674ad6c1e8a59777d654
hprc4_L100_5150	a6a0899ffe8479a9e446de327af06178d60184a8361e7df531612b7c812c5cf9
hprc4_L100_5151	02d9dcce3bd4f09666e2fb9902f22c5e2890f9fb631e8251d5c24b8430175669
hprc4_L100_5152	de15c06347c673d16bf75e59e8f474eb92b42a9b8766334bddbcfb161af07e10
hprc4_L100_5153	0fe90cac9a43c28c01401e4875903421a96f0aac9b8f4aba0b0e3202e6ad4f0e
hprc4_L100_5154	182f4c6c3ecb5297e2a1d08ff9b2f66dd90d8e1b7a171737a7ac2bd6ce047d62
hprc4_L100_5155	6ab3818c5905737f69636892340ef0abccca24d5038cbfc8f1b4f1a6544a1b6d
hprc4_L100_5156	cef8401b42e72a1308bc1ffabe2881bf56e04df75569dd138a700c87960195c6
hprc4_L100_5157	906e3121b6bed1f67efdf65dd2f141f281dfcfdc819b0cc5a4382539a154d1c2
hprc4_L100_5158	75896cecc7c7bf2182d3f3b605a087af9cb50b5f530f68cccc2ba914b933cd63
hprc4_L100_5159	ff2191c1501d1fa2585875785262f9a609e5951eb2dfffbab3d6ea17f8f346ab
hprc4_L100_5160	f696bf98108e4fadca385e90c424b74853d6e31e2dfd90ea6c79a2c52a666472
hprc4_L100_5161	40ab6c5833d45ac591a700ef047394c8f97441959a594f09338783b4e27ee2bf
hprc4_L100_5162	e3e28a9b9d537af95cfbd2a5cbd225051bcf91131576625bf6eb3afebe1f5949
hprc4_L100_5163	0ee20afb0881a7a05e14366163d7dcdcbaa386acccf39ba9e87ea4284af19b09
hprc4_L100_5164	bb2391f35f1c128864c5ec278e67774884353f11fbc9a1b696ccaa0edeaae8b1
hprc4_L100_5165	19d9bb9b33edc95fabac2902191a67b7a25124625265677ec3be701e8ae1aa7a
hprc4_L100_5166	2686ca85b92add262703fc069cff5339ae42005072021a544c373961a14edfdd
hprc4_L100_5167	d42a150a7337972e5fcb68d2fea357c9bd65d93cd4f92037f7b61b14855c3629
hprc4_L100_5168	c0a201ecfb6c7c2d8766753d369b60b93315993334f06244b45fa3cfdbe242d3
hprc4_L100_5169	d6d28a4638e4546056cbbf5c6e5aa3853fc4c17a7a903c8f1dac18db3c301261
hprc4_L100_5170	922db1a79f71aab37d354797d13d91c1d86576e6feed66950ce8d2d2bc4f3a4b
hprc4_L100_5171	b20a1c3b2001d8383d7c2323946eb6b22a87f18a050cde9eedc9b6365fedc459
hprc4_L100_5172	a02371abe9eb9dceca44d3c1e89c1117a6f60be2726549c0abc2bfa67f6f8621
hprc4_L100_5173	537b82ea8318033f04795434ef99e0d151310f1d0f2c6648866d13090493ece7
hprc4_L100_5174	3be635b0e380ea5178773fe711a2553fc7f88963b83d23dbbd127f09240d79cf
hprc4_L100_5175	1ae3ea9d0f7b5d8fd56cf83b8b938b7469a2a9e9908f74d1c8702e3c0461eca6
hprc4_L100_5176	46f72a0a00ddb99ca34189a9621b45e3b67e1b3830c2408c0d89999f78fc3d68
hprc4_L100_5177	c49e81a6dcbe715beb28e96dcd1408af79d74c3fb8a9dca298dfb46142c094d1
hprc4_L100_5178	b8de85caeebab83f4ceda66166c5a2f41bd4d9390a6a25da1c7e7d4a71e84d12
hprc4_L100_5179	acb853f79644bfe58683bbfd8406e46e0b38438b632a0fd1fe4711036a9a8b0e
hprc4_L100_5180	c0650b6079a9af9a07efa80ad93fb542a345d023420ee00caa217f5cdd349c2c
hprc4_L100_5181	e52104507aa15658519e9394794ffa059081a91676c3e62fcc33c8fbcac3da57
hprc4_L100_5182	3d1b2739d0168063d59695fa7dbe5dbaa93f276447cab3dc8c4b05f409cb8f56
hprc4_L100_5183	7bd36faaf6fd9e557743aaba9fc02c29e0f0a7f7e4d4f6f73dae4ff6cdf4f006
hprc4_L100_5184	527e7b7683b76313851dbdd5e5884ed84f445d191ec123869d83b4fa0f3c2096
hprc4_L100_5185	d7ac431ca7bbb22f322f02babb3fb42c20298cc95e9032439fd5e31de8296393
hprc4_L100_5186	15c4caeb86bbc781b3d8a17a2745f1a7af12a5adbcf3c8cfad0287260f083243
hprc4_L100_5187	a9308ec907881230ca9dee10a780a051ab432ca07446d5663c7ddb7ee9151997
hprc4_L100_5188	402255c93ef79eae9f683ab0da5753af491ecd619cc4ea7a6d3cc2b2b60dd7cc
hprc4_L100_5189	6542b222ea9e5758ebd4f6ef9d5e13f76cb8a82aec60495b0ae3a777e30fb6b8
hprc4_L100_5190	7ccb91fd1c0534bbf4fec1e26e22b8aff70ae015de7b504b133bae9f9289dbad
hprc4_L100_5191	46505355f42e17bf278098f7b726ad63be23d2de3206c201220bd2ce08b1d3ac
hprc4_L100_5192	0ea2c743eebdccfc5b045939432c97c389866e6889008c5c397c3a442c3f73d0
hprc4_L100_5193	f74d5dfc15301c88cf47d3c8b01e961bff4e078cb8365b09ac28341887296772
hprc4_L100_5194	bf4eccae035dc5354b59b315e62ee724a383e6dbd33634c33a2e68c2cd86844d
hprc4_L100_5195	c2aefcfffd2960ddbc3b902e5fa33d463df21b257bb47bc82d9949f4017a9943
hprc4_L100_5196	9b4be40ce6aa6a9ee5c8c5942db3b74fa682534c0e0764e258cda2e60a6b514a
hprc4_L100_5197	79658fac0d5e0b94b56e8a85d85332636a15747c92d69da2fbd0d9f63f75aa28
hprc4_L100_5198	09ecb15620a0bfbece98bb58abc3f3e414135771fe7e52f947e83b4e35b5b245
hprc4_L100_5199	a0634cb0b7d6d9f28b576abefec7d2203adf828c6963607cee11dab5777490d3
hprc4_L100_5200	30239d2b4203084cf46ef2edd6738611ba8174f83414f3b9154aa68985ec699a
hprc4_L100_5201	9f2a0c44761d18b36a863145e1d7376a5e92cb3b358fe7757b690eca5e967d82
hprc4_L100_5202	e15be944378a9925254165477f32462758e2ddcec305814a22428114e1e4863d
hprc4_L100_5203	792f92873529bf3a91fb7d96953c522606cd0517851c8d5a0d80849ddb3ad1ea
hprc4_L100_5204	6bea3478c931a0d0b15d12360dc1541bcb74bee6364a690afcca4ad3f68ffc25
hprc4_L100_5205	6700606ce30d4892f1718d29cba8c771eaa7a79c4eda2572621a67132bfb6c7e
hprc4_L100_5206	1473a14e7a392ff8e99e8fdb66461d66e86fa9ca9513f3ae6820e959d091ddb6
hprc4_L100_5207	a054d27a6d7c39fb6d88941c5f524961d1dc02b2aa80340bc3f167cad38adf51
hprc4_L100_5208	bda566fbc8f7b34dc7c153116ca427e6a6e76831f7fde8ed4f90e70ecb7e980a
hprc4_L100_5209	a8c6f82cc804f4f5eb4339b78e32927ac60745c634119dace891ff9e220661a7
hprc4_L100_5210	ff086df02ff24440369f93d487fb8cb9f9c58201366f435874aabb64ad283ac2
hprc4_L100_5211	8530a8e83c40f4930b1e46390a81f3abfa208792d94d9e71e16582a7e30a96ca
hprc4_L100_5212	18adc4cbd752bcd2c5f26dc233c3f24a891dca8774d8c756e0882870bf57e0c9
hprc4_L100_5213	9c711f89537b39bbffcd272d9ed122caed428155d113f0b0891cdde6f8e3e3ff
hprc4_L100_5214	03056a36eb087b685162d579921f70305e3b9e36c059b70952d3c463af708981
hprc4_L100_5215	5ce339aaab19154ef855a286c08dd4fdf71fb975b0f0e6bb629dec2cbba62442
hprc4_L100_5216	83829824bdcd19fdb28a2fef18c395eec3033550e3a18a1ab90fae1015c65ae4
hprc4_L100_5217	219e0a04d59459734e4619645b8f537f3d96d6b734f61f6d29d949c1750c502a
hprc4_L100_5218	58bae0309a713894553fb744d6e7ecc24edaaacfb61b688cc6c7475f2300f656
hprc4_L100_5219	78711337c4ac4f42e7837bfb850ee6eb18dc87deab020c9131654c266d0b362c
hprc4_L100_5220	183c47d67d4d674a569d96e81339df51339fd6088e2569d2840c0ea89089d6f7
hprc4_L100_5221	3ed882ca9a7cf433a6be9e2c3792088e23e740043ea30b185b4778306a7541a3
hprc4_L100_5222	8ec4942bcacc9bc3296aec6c994c8040a27387bfbfb9372f52886ca0d20d6753
hprc4_L100_5223	c058aa93da70cf2d9f5d5fa6136d6ea880f2218f39bf98bf6af34bc1a3d48fa7
hprc4_L100_5224	e03cab478a0e183147e487b4830e5545861ad36d410b10e8b4eb2b435396061a
hprc4_L100_5225	9978fa268ee124bc09ea61015454d3ef0ce612c71063f66e6a0a2362979b4f03
hprc4_L100_5226	ad7a5ccee585c457a833cdc9c9e50cbafed8e00a89805ca5923370e4684ac552
hprc4_L100_5227	22831c0c5324bdd8d00e95a3cd37ab830a7a8f0456703d95996d4df815abccfd
hprc4_L100_5228	fff242ea410337796f177f4905a92fd29cf2ac5309abb52b76e676b7439525fb
hprc4_L100_5229	bdd812ae3e221133ba1dc2af78a8042a9cfb55f64200f924e8b242dc64eed91f
hprc4_L100_5230	cff3824d6d91720f71ae6d1ba0d2624f5572eb2511a6ca8e1eb8aeef5f326cd7
hprc4_L100_5231	f749fd2a9e0b3e2da79176c731a18d341d465172018d4d502501e67a03b43cf7
hprc4_L100_5232	f03cfee76a0a5e9eb50a3c71c116c5300925b2e5daa0672ce5b4902732368e58
hprc4_L100_5233	19fdd10db36211ec396cf8c77a54ebc6707427a17e5ab0f11e78fd1fb90582b9
hprc4_L100_5234	b3715cf8c76d6fcd5e05ca9cd442b9bba8e95528d030817501ffad82e618c76b
hprc4_L100_5235	38ad1c9325f00064841e53818e9f16c6b69166b8b03de8cefa7c1d2ed7e9a2f7
hprc4_L100_5236	dc5220cec96f85c43e24ce6f2fc3ef38e14ece36cdbeadf772187e7978d704d4
hprc4_L100_5237	73993975d243303a10e4d565b9ff283745e7782f9849643e5aeaa13f9b805d50
hprc4_L100_5238	50d5d344ca568d69fc65e30f2df4caa8a84add09c6e54d4e4af23e6233d1a36d
hprc4_L100_5239	cf80644bcdf21b32a44ea37feb4204f1fd9c7c57d6e6fac6cd979f283802bdda
hprc4_L100_5240	a2dc4bcad688287a4b93328bfcb5900e71950fc3b93e365bb1d891a55a609988
hprc4_L100_5241	7a08dc804702c7ad9a5936c2090afb9f65b6f80caeb3c7def45475ba95a47dd3
hprc4_L100_5242	b7b600808ed8382c44e6fc0cb4b9285fa30fffb3fe674a49dfecc66a5866ecb9
hprc4_L100_5243	f89ad96f4f26255fc1376fc676afba22a571567f9a5b0980833791d51dad94a8
hprc4_L100_5244	f642920c21fbc561373e7b69470a960419b16e9109754a482ed85e53997d7e22
hprc4_L100_5245	0b55c4f63d5a3fd151b844890113e2af23da5649d116fb9e54b64af55700675f
hprc4_L100_5246	97fb1e95d0ea4d4bf09d7fe92161d4c25fbed8f1dcfbb6470f946d8bff6f9158
hprc4_L100_5247	5f99c48aadb424229cefee250a9fb5f10bfa08563326596c93a8af08f9b807e2
hprc4_L100_5248	33457ef6e03ac5f715394d4aac12d1659c021b264874c51ccd585d904839d9f4
hprc4_L100_5249	65e861654406a1b8fb27036159542b246a59fa64859e3c1d2bbd2b8d593bf6f0
hprc4_L100_5250	36605ab993518afa3698d021b81ef30f72a5cb27ead368e8cda7e591f762715c
hprc4_L100_5251	63b403cfd0a057c3294c91043f57cc7274159d628fa1161c2db40f3b851936a4
hprc4_L100_5252	658548a43331e282c05f1fc5b3fe85edfa14a2248951a746b3450ded6f15fe92
hprc4_L100_5253	bb2e49d87b2d09d29cc381cc2cf9ea45af7134f52f47a0dc6220b268f9a0613b
hprc4_L100_5254	7421d0e2be681bc7bb683b931e132a3beb62b5a5c8d6374ea839548f62ea8790
hprc4_L100_5255	5a713c654161af7fd81db1f541390116fc74e019540ba9de35fdd98d6ef4d525
hprc4_L100_5256	1c3c3404040d91ec60c87c7b130417c21e955f879fa6b56e7e43f2e32a4ef98b
hprc4_L100_5257	22b38435a0ea9317f9756d24ab3a54aaf92f6ef0b2268fed82d440d4f5a6e1bd
hprc4_L100_5258	e4d310d7b303fe1ee845bfd522bfba11be1f5b301a425b552ac256047c8dbd26
hprc4_L100_5259	e1b209bebdada0353805e90fc6d11600b4fb63d0ea8ce27a40b1cdc05162d95c
hprc4_L100_5260	8ea980735bde4ef2fd075e638d4e4a5905a25f6c6c0573cffdda55c9941385ee
hprc4_L100_5261	625f1e80bcb4fd3cd0792b2a63336ca829d444a114d5482e0978f9dfaa771d3d
hprc4_L100_5262	09ce9631a552e3b0fd3f714ca0dabd70024aac247f6c8e66402e8575018ff6bc
hprc4_L100_5263	9740242bfde352c50fbc9db0caec4a917ae8b9030a7a2084e1117fa44c453969
hprc4_L100_5264	59676483d4e82a309f080d165d5dc58e2a0443934948eecea404a545bc40ea3a
hprc4_L100_5265	7acc097798702d1e6bb88490446a67c82db8f3757ec7a6afbc92274197df1eb8
hprc4_L100_5266	3baee0d38d376be48f3df9cc0abe034ac77ea6f42247cd18640b06265eff225e
hprc4_L100_5267	53957b4e4c7805fc19dd2cdc33b0a0c8ba65a04fadc234a010ba7ed959db225f
hprc4_L100_5268	4fddefc0e0cfa21c8a7d5bd66528a8d2031cfff92c0b6dfaf7e105051a4833a8
hprc4_L100_5269	2f3bcae2a240366a39f16350825a7cf0d5e303aa13676aea017fe74e4b716e04
hprc4_L100_5270	a14ec62419cf24da6069eac70e4f9a0ebd33aec8a5966b776601ce9d325511b2
hprc4_L100_5271	59037b27e1b6b376665945870ba107b7a617816f727ae8cce4ce309b1212709d
hprc4_L100_5272	b8fd4c60b882d090423ab5929f0e8098026cff243000f7b78c9c4931739f5b42
hprc4_L100_5273	2854cb110c20d5606714daf1aacbf815aae58aaa9812995866c4f2719e7c5757
hprc4_L100_5274	5eb304a4737c82cc393f22052a910e6b2d9f3835b02f9fe189bf6cbfe4f066c7
hprc4_L100_5275	d275fa556762363ae3828c4211dcc1df09203c3b77a645068b12e6bbf0278cbc
hprc4_L100_5276	3a196f71b066d361a49e68e2257efca010118e28ff63fee4d28e10c306d8aa9c
hprc4_L100_5277	da5b37742dee26de0088f6c5a2d24cf97e36adc17720611b6708ea363d779390
hprc4_L100_5278	beb1990ea6e263d07f441b3f9bec4ac3de32fa9091c36e223d2eae933c4cd02b
hprc4_L100_5279	50b55f6a03f04c776786cb76597aa6df8d87bda804bbaee697ee61f0f6166711
hprc4_L100_5280	3a554fa4cf6f4eeb47c1e245615d43f4c82f5ef739883f3c1ca4b0e25dd43857
hprc4_L100_5281	d1160a60ab80db89ca12297b855aa349ed6de5dd1a254751b7babcded5e7d531
hprc4_L100_5282	adc14e8f97df1ef988a23f1ee140f6dd43b99c82ef10a3cea044d2e9cfa27c6a
hprc4_L100_5283	d7f321225e4fb73a9596ca67bcc81abaa03aa0de421413dca5db49e1b2ce0ce5
hprc4_L100_5284	f9abe58717028af547051150f9448ef62b1a37b44803051eda078ccbbb1025a5
hprc4_L100_5285	12151efa4b5e044c7cbce79ef10a58cb289fa1c6f18f56929702679f4f9d460b
hprc4_L100_5286	a72ada38501917e722e7b22f063cb2d4c78159706ed8dfe177359b59086a9498
hprc4_L100_5287	bc4ba26672b5622ec023db3eacf6d1283f358491c91d6863e73ecc0c58cbed73
hprc4_L100_5288	8f163165e37145a2e9dc845345c7930678e029e893b68fc883aec87046a91c64
hprc4_L100_5289	3702975eb47a72a78cb0cf08cf43767b0fede1881d95f898c251989159ac4c7d
hprc4_L100_5290	434235e72c71e18f734bb61b44b021f8975481cba3b6737e7dacd62cb08d10ab
hprc4_L100_5291	59af9be463cc3a6d9615a3cc3ebfa46e3312a0a55496ba05e544b0483338dde7
hprc4_L100_5292	87f796ff782bf97b3867f9754d5e9ffb020599518a690393f2abaa9c352827e3
hprc4_L100_5293	ebac16c4ecf2f74b27af83f4c2b69b69c56197a70376005ed08536d53358d540
hprc4_L100_5294	f72f0bc9effb82373ce482b4bcd4699fc2134452698cdd0297aa4a23cb1f29ed
hprc4_L100_5295	b01824b2986fa9c8a60f5885dffc705316476177bc9ea523d8058d51236fc17e
hprc4_L100_5296	09b57d22dc6860d123f1ec669b255a16a20a21213f0e63015d195153d48dc329
hprc4_L100_5297	836d7869b04a3d4269747c1ca70d5465c2bf7abd272e8f1e61063e30f4973ddd
hprc4_L100_5298	44430c23049f6326fbb8356323952c4a6f1f6a18cdffa5b2cff9d8b1c1db9241
hprc4_L100_5299	e69f8b2525f61d276f1fc7004de8b56ebd46efda497ff1ba0690fcfc381549fa
hprc4_L100_5300	c29b4ca25c38cf4c54cf374fd7b0b0704fb3f3dc7c895ca4e5783967b793d46b
hprc4_L100_5301	763b8ded002f1bf956d92972068b935f5b51da3ab2205075fe6869aea9b0fa02
hprc4_L100_5302	da239e3400f9f42b403ac5cd4a218d8352fdec7b00f63b1a1ed908287487b041
hprc4_L100_5303	aa998350454922d2d99df3f700abb88ea67280efbc5cac485a9ebedc1b9d4d19
hprc4_L100_5304	50ef3ca8a3dfc2e542e2e804341a6cee54c5b346d4bdf28db769bbb8c5af4b45
hprc4_L100_5305	b21c78c725672b7ce08aa24cd3640b3b470dcf05699161b64a358eea6fa318e5
hprc4_L100_5306	5410b22e5fd102c16ca4b0276a92c077f1df0cef7a20204d22b6488f7abf35a6
hprc4_L100_5307	4b6b8d1537f55537c85d597944fd944b072939c7803c52f4d06ae3695d66ce40
hprc4_L100_5308	44dd17b9ae201873e067f8d3057d81e5c04b5fc479d65db065e8a9d1680b5c91
hprc4_L100_5309	f59253888869a5d37c75e2c6174b42c31e7a14c6bed0c60c0660eff44ed22730
hprc4_L100_5310	b17c295012205a10975d21079712ec7d9400ebcadc8557649078b1aedc3e0d97
hprc4_L100_5311	ff5daee27b6bf0290f15b004c2647983955525b0aee26fe85b95060d582453db
hprc4_L100_5312	b026a2f1dbbe4cf0245db772915db060c6fb7bcf48800bc5bdff2efe1e72d648
hprc4_L100_5313	a252eedf6b90fd8da7ae424fb48120f8e2c603205348116cc5a963effb86e906
hprc4_L100_5314	a6f19a7e9182a17c3d04c890c6a923b6b087d4f293c917f31c4ced1a99074725
hprc4_L100_5315	726cbfce22ff7ccc3ca0803955a1f305df6523474b13eb12455b88ceaa120d27
hprc4_L100_5316	061889a208c97b8de68e1808507e18178e87af03578aa17f87d6a353621baa14
hprc4_L100_5317	7423898d062c5042f3a3cf0f81960bd36ac195c69b97bda5ca1f97f8c6cb29fe
hprc4_L100_5318	ad96a6394334c4a42c6342db67d200bd0f85a39317eb1a8b9a102663138f710a
hprc4_L100_5319	ed82c40437e4a3233de182aa7221b42a2d9e8161ee940d88845b0485bac0f456
hprc4_L100_5320	e714c853da169656083ce1f5d45557473c2ac09a0ff7e9badb3ccd02b313d1e1
hprc4_L100_5321	725ab0d1574992c51f1add32e7a17f8d882a97d1c024369bd65b449922e92abb
hprc4_L100_5322	e1a050979e25c8210fd21146a44fc22bf44f3372fed5bade5f7fcda1c9f533dc
hprc4_L100_5323	0f8d709539eec0a4f9d85624f873d6ac1aca47fd0bd1c2b4b4b4b2f47cd385c7
hprc4_L100_5324	ba82be63dd04a60e35e3dfc578c94519b07977acecbd3997bb335496c5d536d0
hprc4_L100_5325	f8217d665b410406457339bdbaf2168600fe6f942e22c2bd5882df19fd4fc900
hprc4_L100_5326	8a89b0a45294f1aed74d5aba286e5042ea6e28988631425b29b877eedda39a3f
hprc4_L100_5327	7044d467f67ef88f51bf4e874fe2f2f19a721bac24f5a5a44562ab418da27ebb
hprc4_L100_5328	561d72d57c5f193991207a16a2c32ee47ecb457d431cb8611294e719f887f153
hprc4_L100_5329	e36fa37af4791945ecae681c075688904f19012f67dd067daf106f1aa7ca21a5
hprc4_L100_5330	27ea89b3b1fac5ffcff4f98d2a2b0fbc3fb8101e878b5f5612599178d37d80d3
hprc4_L100_5331	1483e900a88b030a9d47c862ca0838d4a71476c6d87049e27210347084b20080
hprc4_L100_5332	7e33a057746679021c0a174f475be770829e1e3a81c6a946273cdf477ae26f68
hprc4_L100_5333	1a13b9a2ed85a40d777608752153202176db4b0a2cb758a2a785e4cb6a262c81
hprc4_L100_5334	001fd70ef72b2ff6242ddf4c4a8cc662e7635340f7b9eb9b69cad959e809ec09
hprc4_L100_5335	9863c1a69866cd3a65a5d8e37ed5b48e8bae33a52d47c8c2f8369ee40614897f
hprc4_L100_5336	b87f4d8c7fdab7773587265cea70807f3d54d116d5a6eb85980c268dbd519665
hprc4_L100_5337	9c70afcaa5f6f715e99837bed2498b5c7472967ea76d1cbf1784f689e5a822a9
hprc4_L100_5338	deb480017d336cc497ed5ff163ccc6cb97e3842d5b7f51c97fe81859706a5c92
hprc4_L100_5339	0ed663d955ef8b819d39a22c11d110cb4aaa35e01b12df2fde7902ebef5bfe2a
hprc4_L100_5340	c9c2910405afe9ae6d4c3fc7bde26e98c7dbbb30293f69dc38bc8230aa4b2682
hprc4_L100_5341	131bd1dac2f523287513ea92458118d6a300a244e688c7c0208b7486e3af3c61
hprc4_L100_5342	2f23fff499b4f089985f6c2522debb920f71d6b591ce984781eb4e65bbf951c3
hprc4_L100_5343	8f86f3033050b94b718d35a227582977da22b1583944f51a7ec3396834011dc9
hprc4_L100_5344	7179c77e85730d28902d9c3268a3fc8e1e25f6863e314c487d9719eacfab1dce
hprc4_L100_5345	78bb31cfb4f179a81f917d098e444f69fc000cd8d76addb115a1738a69393d28
hprc4_L100_5346	43c77db7f4f8db8676cfeec8f3de590f8b57afe44dfc40118a5f782721789af0
hprc4_L100_5347	953efc19a370467280d31216de3d4dc5eb419558c098cceb7f7b2450948e7b4f
hprc4_L100_5348	b51e839d6c1c6bfebd436b8a6e4b607520abc48172bcab21b77b8c462a092511
hprc4_L100_5349	2cb97669388598329f312c48bd4789e122024931282db620ee81c0eab0d55a0e
hprc4_L100_5350	673a477c84378b1b5aa928fed61dbfaf05d2cf3ff642e4f405c3e983df0a3129
hprc4_L100_5351	194dc6100db060f82bd76666a4aa5b8711ac7a18d3e1257325cf6d354175e8bb
hprc4_L100_5352	c5bcce54d155eda0fed3bd2c058ca1eb6471ea738376dff2e5e25ba030bf7803
hprc4_L100_5353	9f72546fafa621d88139f6a52c99fa3dbd15e8479529c3f2c7e0a8f05785af8b
hprc4_L100_5354	51a340b7b9384888c604e1760dc735f700b7c3bb3d75fb89987ebb10b8cfe750
hprc4_L100_5355	7fe9774587aa8bddbd7b00212557afbb8b58c6cf3cf8c3fb99befe2a7e09127a
hprc4_L100_5356	cf12ce9a4f655765cdefbd21880e451cdbe5fd6d866b25cef622d1b0ac357d55
hprc4_L100_5357	17c4efab22c060ae78c306fc15be36a18d4edb70c9f928812025f5cfc3e7ac10
hprc4_L100_5358	60d0434804f8e251d2ffeadf523bdcdd9c2596b6a813e00b966e68f850590564
hprc4_L100_5359	59462c678f6b5e18a5158fad610aa15d768671edc6e2b53a39a3812f4932a325
hprc4_L100_5360	048ed966a49dd446ba909eb826fa14e31341373ca79e7d397ed0551e221e341b
hprc4_L100_5361	c211bf765cb45999a93e91d09dcd0809d9672a1984ee5fb3d9a14e6d473f2db4
hprc4_L100_5362	70dfe039e6ca4037080f22efd1206c5aba559a53d696e830be64c939a63ffc3a
hprc4_L100_5363	3c2b3e681cb2cc6333d081887ca7ccf3203b09aed25b0b515414c57c5300982c
hprc4_L100_5364	ff521940f8ab6c594f9b7933b4af835ac86bfc6182567d0bbb7ab4c3af55c00e
hprc4_L100_5365	87233049c796f21fe20ff27fb39dc95ef8f644fbf9f3cf316b0f9bda2f9c2274
hprc4_L100_5366	05eecd110fd310bf6bc02ec425ccd72944588d5f891785e8a6d64cecbd66a8b5
hprc4_L100_5367	c3e37104c360347f7505c24b23d2cd7e1e21167e1288be14db503878616170ba
hprc4_L100_5368	1cec8d765528727cfe7b3b28da9aad8045f0d6ddc2e4658ec16db9feaa8025bc
hprc4_L100_5369	20e9b977c1038b02127ebe3d9e7858950c2199806aeeb7f5f1ed9afd80220d5d
hprc4_L100_5370	eef7dad8558e4ab209ed74e8b070c4a537045a38db0cc1dece1fe49ba633ee21
hprc4_L100_5371	5457f9f2664e36eb2436aaa02a441b2bbaeb3954531c5f332e7e938b24ca642f
hprc4_L100_5372	5d9385aaad1b0acb50c01ef219a67358cf4bfc86d45f9f7866e9348309803dd2
hprc4_L100_5373	9ab15c2e1d477e23b025648a32c689016b7fdd413d84a6f3d7a30e91f0b0c52b
hprc4_L100_5374	0e282d0ea5acba161c08eac9c95d0373dbd87e356aec10bb62b1fedc8c7c6fed
hprc4_L100_5375	98258c87f4c78409eab65b781d64a223001d225b6b533fe31160607a47802017
hprc4_L100_5376	a0c30542367234d8a7ceaf8d57de6d0076d2a271e5196be0a5d849f0bbee297a
hprc4_L100_5377	3642cfd70ae560b921bfd7c16ca7aa8fb1428d0aab69989a38c65d75d5c0db92
hprc4_L100_5378	9484bcc37e3027bb1d51b976b067646daeb9c804bc5fc24b1c56b22c39ef60ac
hprc4_L100_5379	aa3f5326ff73507fb9f76dc66ec8102d20ead1a2e5cf9ba40e787822473413e4
hprc4_L100_5380	8ea475dfe3861536eeb1f289b7f3570581a60df08e39bc8163776f5cc9b82e26
hprc4_L100_5381	883932fa0735c0e14b9948cc263e5c9cdb3d89283020260f34a7188ea46ff134
hprc4_L100_5382	dd5d1cfb6fa1fbdd2911cc19830aec646e6c3d0e9a8fbb3b21a902fc0dcab4fd
hprc4_L100_5383	3425810de88f4268609162940b1f6b083b4d3667218b411f92408e24c6f635ab
hprc4_L100_5384	69d19f0bb695d2a53ecd4111b997667b4e389315da2732a948534785e50f7775
hprc4_L100_5385	7f6cef6a8fb6ad96269c4b90be1aa180e9cb443f4a4145b4120683ca579804df
hprc4_L100_5386	9161f58be344b5fc85439e74f56cd0c7a5ff2c0f795d308a01bc54feeaf538ed
hprc4_L100_5387	46289d27e109244c9dfaa1256fabbdd04e2adf8b52e534c64d7544ad919b8c71
hprc4_L100_5388	f69c4115a42aca8ba77c2636b452fe3aa6148b5939362057d4dea6bb1c59d0f2
hprc4_L100_5389	421bd13340d8a42216b98e17b116a16baca7feddc57b50615bcaff74166b8df9
hprc4_L100_5390	b6727c6e9dc080c9b7c7eed8fd5e4f8fc98c8f1fcfd77d3b1cb39fb9a1bf279c
hprc4_L100_5391	e46d392f869ea03c9205c1e5151b65efbafc70cb0642ed297af4a0ad6e49a114
hprc4_L100_5392	901bb536c53d3dd59f0451bfc77ed159e5e04cd99f4742ceb7b9d1675257c68d
hprc4_L100_5393	c6f667ab971206574cf0b7b4eee50b28e3d2766bd876bc38581e84ee8169f1f3
hprc4_L100_5394	8c12add82ab39bec55dc5287cc757c859c0c291c2f717236f913619ff4e57cc7
hprc4_L100_5395	a2c64da1091a11462dea968abdbd26ba937aa766f6b2b61a251fe0f5079d4a70
hprc4_L100_5396	c83198789bd2b5dfab694c1f8e045b711c27e00b9e6aaa4c10001e8b6e122fe8
hprc4_L100_5397	2b427ef46726cfe9ac20e1b5ea81afc69f7e4a46d4e47adee9b69fd975fa1412
hprc4_L100_5398	42e239847d2f2e6d867c02984f27fc8864222c57d0a3ed23e99b57293e746c03
hprc4_L100_5399	729e3720965c3242a13706665df8d3e12b2306659d97382fa8b0a5a50f1b97dd
hprc4_L100_5400	9a35ea460568ddb3046c71fb69ca51e9f3abd5b0e959b8d28a3e9bb1763c4a57
hprc4_L100_5401	be6b434470550338ce6be8a7a792cec324628f960eac7e5d1619f4a5337c1983
hprc4_L100_5402	dbb551ea547096a7d2e9acebc3d523cc89fb0608a001823507e1d2247ba57f80
hprc4_L100_5403	55ce4a3cfdcc9089dc859980f9adb3c696f3c0cabdb119986fe9d63b90d113b2
hprc4_L100_5404	f686ea8b27c5a465ca0b57a4c79de5b719d5996d66c0af52674cf91ae8aeb474
hprc4_L100_5405	56e83c149ec5d2e45cff045b2869e7e0a19ae0656517e94bbf90de56768d95c3
hprc4_L100_5406	627b5776634908f2cb7644d5c87eee5c566a9d42a312954664ed05b692d8c588
hprc4_L100_5407	73dd4acbe4eccc6df63f529407e1f2cf185ab35959b2392c5069f8e5acd37585
hprc4_L100_5408	4f715e74d33b9d845dd38e3a8898b196705598c65a880d01e293e8aba57d3730
hprc4_L100_5409	3e3b9a7c6c1894db703b3b6300c2ccfb4c5b4029df76563270b1b1102b0017af
hprc4_L100_5410	d0d318d4e77baa35fef3022f2116c6fbf85720034610d55e1c2a67399f51b55a
hprc4_L100_5411	fb0dd507d467b0cd9a53e788af6caabb1b969856f3162add7cd148d2d7a5620b
hprc4_L100_5412	b258c8cc00b8e4bac161945daffbcd0370eb4e891f3192064b78d3fb731540a0
hprc4_L100_5413	22c9e17034bb0566e2f67278e6ea80301b42fc881f9b57fc0011d3ef1fadf536
hprc4_L100_5414	b638619c6775cca270915e02f493ab8ba18855af6919ac7f10b1ba2e79050c42
hprc4_L100_5415	a0b5e548a5bceea6007c3cc3f1bf136cafb3e0afa51fb0e85ba0493b8717d402
hprc4_L100_5416	5aa01cbc5c471388ec90d4291758738d8453ec5517264a645b2501bac9268a2c
hprc4_L100_5417	9a0213c181e23596afc506759e833a54cfe65dd191f92026ca5460d3a5cf60fd
hprc4_L100_5418	329064c8f65ec1383db494b306a392b6adfaade38cc21a4283670ed4b849d4c0
hprc4_L100_5419	677b7de0dd32ac1c9c87b542f7b5167e0b7c147f35b1ca51771adb4e12606b3f
hprc4_L100_5420	24ee4239b58d839d6a37a0537f0c5ad312ca9d6bd2e4f4ea2688832bbc1a4a7c
hprc4_L100_5421	a8691c7ba7541c92af98f062a679e61058f19014fc04498b0728a7b22d410f63
hprc4_L100_5422	ba99f0a37ff42ef5d31c7e722e202103c90ebb85b61a326635c86c615f0c644e
hprc4_L100_5423	53dfa99233ce82b2b9a7c422890176656a301f50df74fd58ca2e2335cdebb5d9
hprc4_L100_5424	1da1a4b081e060c8d969a2eb97483f7742aab45e51c7ddd0e1a1df825797bcda
hprc4_L100_5425	f5818f1626dd49ec2254438afec5c2a47f1586eff94293e5175e277584e629a8
hprc4_L100_5426	a891ef6f164df2857c6469b8745a68139e39fd7e1cb8fef726a30cf22fb29d91
hprc4_L100_5427	12a031aef222b925e51ceee7b6835fbb19bed2459f10a5219e239dc06734682f
hprc4_L100_5428	8d44643c74ff81a11df328a2b4cdc47b618e27c492285867348d8e8dffee63f2
hprc4_L100_5429	b438ce77a61c9a8cabad54898a7ccddeba5dc7b73b379d83786eb2315646d2ec
hprc4_L100_5430	9dd3eaa6e49fd8c7aacfce222a106a0e28da9a4ab58aa89d623c8b42a77118eb
hprc4_L100_5431	9145eea62d711fe1235508f4764e866374ab5bdb63f29cb8b282c82cd5997b7a
hprc4_L100_5432	3484167d3e783664067bccdddce91f1e6cdb7020ff0bd458df451468a84e1970
hprc4_L100_5433	bac66c942b0ae0b538fde49a3f9ede8f8847624a203a4b0f4bb86492d0f8d9f8
hprc4_L100_5434	3164c26a02316a164fc000a848e66bb0a8149dddb2b1f94070de09acd784f874
hprc4_L100_5435	0be82c6116f73fdf6614502276cf5764e54c82221548b4438e80a5481f97a87d
hprc4_L100_5436	f5d70e1c49ed10d6d06e0128818821c5a3d410eb17739786e9093bbd7a4e4b00
hprc4_L100_5437	b09ce7a3aaeea2c7f4c514af926fa48a9e0a8c1040739a5302f5b9087c784f77
hprc4_L100_5438	85dd8fbf89b94a58e2d1303524e185be59695ff7381b3d6b9ccf40e90a07c2bd
hprc4_L100_5439	d1ec3197912e69c5d975a562bd739921f17c21852d647796d029520422aac5b9
hprc4_L100_5440	f62b0dbd50bdcbb346f073ac6b1de5a043b93ffa49402c3c48ca11598c81790d
hprc4_L100_5441	6e3fcc1b9fcff32347109dee837fb4daf58d6308ee4a93a1d966268378a7664b
hprc4_L100_5442	806e70fb33813e19e7e1b410fc46f0f35472598e5544a17605e022edb8c33b5d
hprc4_L100_5443	642e74d75cd7a02c399ce0ff1cb49c703a29fd1703295868b0117bf534e62389
hprc4_L100_5444	42009e7e5f3bf3e716721a5147e1e2188e686a27d230ded4089635767457c15b
hprc4_L100_5445	d91b8663caf3dd288e241a35c7a786bd156ce5dcca4764e3e07a6399f4109f22
hprc4_L100_5446	7222762724a0ca3cc6ad41af18b796cdde13bd43ece071b1b54c2a0e9d7063c5
hprc4_L100_5447	9c08a8289d07a970be813a76b90086dbc5f1ca250d24252baaffedadbdb928bc
hprc4_L100_5448	7f632cdf6b8476931c5423ce2f4edff6af2668202cc57df7f9aaa6be88d95b18
hprc4_L100_5449	27652160fa48c5ae80cb0cca2c6695201845be5dd925b4c6e8bba12dccf005cb
hprc4_L100_5450	fedc7341cc4c9b6189a8d197cd32421c78e279cd0d6c327d29fd7203b8fdca47
hprc4_L100_5451	10584fc0abbc26f7a24fd447aa04d6a349ff75cdbbd05c80145b6f565f6fa360
hprc4_L100_5452	c1802b97d09d07a2a7c7058c4b3e2d07175d1892a8402763f28b91f13ab8990c
hprc4_L100_5453	50ddb38f427757660499da409d3c8c3a1aee0a2538c0993c5865071896fb483c
hprc4_L100_5454	14bf58eaa5fc95b3c9d46a3f4fe1ce262e610a7af9b98b553f0e9ee069cebd9e
hprc4_L100_5455	8ec0fcf252bfda5eeec9ff7f848860bf5a601546be6a97ba7a86dc75da0c711d
hprc4_L100_5456	835c5fcc05703660a0ced7aabed2964b0c2910a2520624a055aeead9b5490d9b
hprc4_L100_5457	58dae578e6a3f61fc1f5f65f36d6c0815ff920742468122a48a594db07241160
hprc4_L100_5458	6f61a518b5db42d0def15edf7a512f495e68bd6c6824ed6adb2d0a474a4a8048
hprc4_L100_5459	c1f2e69eddda08a6c913ead2a90375913e9473432ff49db96c95501f60d745fc
hprc4_L100_5460	589c96ec9568fed45bc06340cb4d34c051531d1fa56d55f1cfb5916dfa6eadbe
hprc4_L100_5461	e317fd78ee8346db75f31a33cc86d4e9b387b5572150c9eff840ef31cd84c426
hprc4_L100_5462	0a7e07a78bb2363fcf63c9ce9f2618632e1e72e1b8355724bbc52c3865ab647a
hprc4_L100_5463	8b944341dd83078edd43767984d8160550587ff8da8a6f2b9cafdf9eafbe051a
hprc4_L100_5464	0202a9057fd199bba79ca4f1d779949c75f5353fec69536e9eaf2e61d6fad4c7
hprc4_L100_5465	7822adc6cbab80dd72aed7b3d6d809aad1414ec336ba472121f231dd1961ec9a
hprc4_L100_5466	7171a4280858aa65eb51056217b1e3ab554824555dda9819b4c2ea4f83fb4f06
hprc4_L100_5467	b6609e5addaa59e030b5e75b814d38f2a658781773157b829d13adfb46d273de
hprc4_L100_5468	c7457e45669754d168c76a2b4ff743e9d82b63af2861090c234f0a599105480b
hprc4_L100_5469	90af3a5be191e39337efe937b80536d409a26029f372021f2980516f2461fc61
hprc4_L100_5470	e160c1881d91a760ec723b2ee64e5e440808c27860fa2ae3b0e781337c5a7cff
hprc4_L100_5471	0cfe747455a676014d7bc174e03ed9bd77ad639c4141eeca135755cc55e90eef
hprc4_L100_5472	8638a1c9901ca56eae54bb7b2f836bb448056d459fad3133d55e94d2498d42d9
hprc4_L100_5473	b10196d4f719f6c2414e08c8de042ea77a2408bee121d949e47846ea4168d6cb
hprc4_L100_5474	80fdef4141ccc7bf8befdc04d84f54d9da88a36990962d38949f374ca1792e73
hprc4_L100_5475	76e36cd6ba22cfe08d363b96ad779010b2a893884946ecf97c470df1ba923f79
hprc4_L100_5476	7c2084559fff6d7004c17b1074b73e2ed4d09f05291e878c720a3b45e639239e
hprc4_L100_5477	d6ada88149703adf0018badbd99436ee71d692392c868c38c6adbdd40a5e164d
hprc4_L100_5478	57aa785e2cad39751bff76abc90a92fe5414eddf8fbd4712759bfd3e43d284b8
hprc4_L100_5479	5fda6faaa46e2076a0545bd23048c1c11f4c282df9443a0ab4fddaf7b85e4f87
hprc4_L100_5480	eb382bc4d9d385b63d71aa07e23121ead980136667e88e62b15f06113ab7a4f5
hprc4_L100_5481	e5d2647993b980edc15f8d3964e22a957d9db0442c9393efca45c80749e0842b
hprc4_L100_5482	5720e449fcfdeda48ea401396b251fa208114922b62cd7c75bac6ad677a69b02
hprc4_L100_5483	cd21d8c1b1b178a8dc2b1e367f4fd90d9575959e3e5725be7a89ca5053b8ac46
hprc4_L100_5484	36afc18a631a7b4cc61c0327fd099710bf9cc363a2b3318d0c3605581fe6e3d6
hprc4_L100_5485	b90b27c9e26d5af404a12613d7158517b2f7606a608e243bafc38f65a1a45bab
hprc4_L100_5486	187b4a700ff566b66008ecb4e1037d9a9030738be5b93abe19d1d24d395a127e
hprc4_L100_5487	7bb7692b4348627f2fc4dfe0c5d4c6410a0f9588b05cf4538195215ef5e21f6e
hprc4_L100_5488	76487302355ea31996cc758602a95245740f6a8c2d4a186e43fa81026ce98763
hprc4_L100_5489	e4f9230c6278cace27171227f201b99d1dba6714c2e40d2a6feb2d1985c5fbc8
hprc4_L100_5490	f4609a560bcd9db887bb7d3c426773ee1cd87d8f13cf32605ed2204fc80cac3b
hprc4_L100_5491	3bdbec36d08c0b1927095aeadde913179e75b3a12212039b3037ee7535695b62
hprc4_L100_5492	db62435cd5f3f838ab58ec7b21d7b4ac61f9cad79e2be880779b56f093cf4e09
hprc4_L100_5493	a8cba5a92a46e9d5b0526012d882c4e1e70ef71391f9e2345f14be796fe88428
hprc4_L100_5494	926f3dc5cc571abf5d1a1fa62fe011f065826c935cf3a7ff0ba1a22fa4fa0e0f
hprc4_L100_5495	884a98d1338a91e2c489142b1730b752497cd195517d9846ef9f90f3e783c3be
hprc4_L100_5496	bdadbc4c17536cd128fe1d1aa9bb381837d68f9da5fc9517f951cbc7ba292829
hprc4_L100_5497	392a3198af58e78f383c686bdfe532081a97db92268513a23469ccc28c7a8e76
hprc4_L100_5498	6db8f63a4a18893ca002e96852d3dec839a9f721d239378d6100bac296917e36
hprc4_L100_5499	bdd86b00f5c711af0c1fb5cf63cd382ad7592f9415dde4e2754b4e3ae93161eb
hprc4_L100_5500	fa5e85626eaa5f9d44e041e79c6b3d97b700fd7a597095dfb7d5bd1ff73bcb82
hprc4_L100_5501	17c57d3ede3e85403ee3fdb756b4dc142f79f4f1412643f165ac71b7d1efa993
hprc4_L100_5502	1fbe54769a8a53dc4d7508c6508f77a750d2f4e2602cd5e1b82acaf060d0e8ca
hprc4_L100_5503	194585f35e694d2fba0a29047f53c867f810039703be72abdb59263f6e3398e6
hprc4_L100_5504	2f6d819632a14badc30b57dcab92e19551bee74b96708dd0436269f30bed5580
hprc4_L100_5505	68fb0c522f55d63144ac7942d7eb038f452782fce179eadbfe63fdb8279bda38
hprc4_L100_5506	11e13269ced747d89b856ef178b7ac92b84b713dc34492a809c591591089b97e
hprc4_L100_5507	e4fa1ad8fe7924ecedce3bf8edc7efa18d8643d5906a034d5e051472404b8b3e
hprc4_L100_5508	5c47559cfcf244b4a6acaaa32fa00707c4c642a77254d9ac7153698903b7854b
hprc4_L100_5509	699c88cdb4478ce2f7830d8bca0215c36ce9def7cb688af8dddd4c942a951297
hprc4_L100_5510	87fffb4e4c7eda3122672857d0fcbf2a0a5f9ebb8486310be0e7bf22fdf4eb2c
hprc4_L100_5511	c6991974e3dccb3f35a3e684764e8b1b4f79a39ffd92e3e51c090860fb474703
hprc4_L100_5512	e337eeff00836240286e1562305a8943145a322a5b0bf975fd9c887a00b6f9c3
hprc4_L100_5513	599ba6f4aae7f52130838ae71d8f71cc4d629c1e50b266bf98060010b4d8a65e
hprc4_L100_5514	07b4f9f370d46b16a8d14d90a978acd8ee0fdae792a0d9d555adb5b393865622
hprc4_L100_5515	a3dc904fdd6060fd337cdb4532e9e82f4e10cc7033d317ab513981d08cfde20a
hprc4_L100_5516	5cbc5d6dfb5758e4efaa2e9c8bcee4f766bea0b855120cb7256968e1433d095f
hprc4_L100_5517	bf1876905afc27b1f3c769f752d1e21090aa2b5a5ddd66a7066e4b95ef106b6c
hprc4_L100_5518	2f82e704098a2b17433d5c5f862fb04c20811a4695ebabd7a510a62583163141
hprc4_L100_5519	67261991d085c812d23393d0d99c165e1e6803ffac93c7cd72e39578f6c7bfd5
hprc4_L100_5520	2f130ddeddfdc645b84857cbe33832a97bd8cb523c9493508fc93ea3da808308
hprc4_L100_5521	18242a7bbe23cc1c6ebda6164d15d69763dfea86cafc966c90d60c61995adb07
hprc4_L100_5522	4be26d599c76847dbe3cfb2b6a5f704ad3a8fb89bcfce1aa9ef319f4c0340c3d
hprc4_L100_5523	fa76bc3525d14ab6196629f8ffa7f36f6f9d3282dc7e440deb1b2854dfda7a22
hprc4_L100_5524	2374c12f1010e445aaa0bfe73c707ca74fadd7210154019b604a89247d6d25b1
hprc4_L100_5525	9d6ce83fd8b8eb538b0fc9ec4376c1d264ee3f96311804619ad954787c3796f4
hprc4_L100_5526	ca8d9021b4edcb4c0f8b99ef127a99bed9b508291d5ebe44021f0af62674dea4
hprc4_L100_5527	0eb65469b8146aaa406bfa33cbfcaa81ce2f7891ef248b56e882b9852e62b568
hprc4_L100_5528	ceee4955a2e827ca0bb9474ada4fd917ecc9ede1483f5e00f10c0feea80f699a
hprc4_L100_5529	540a4c519fd2c37923e6dece46337ea8cce1faf068079c622166192d99c3a2b9
hprc4_L100_5530	de18d8aebcec35639bbfae85484d95e96f61d44452659d0d1803145e93831c25
hprc4_L100_5531	3711e20284aa2b1bac67e32d0c9e46a0f23d37ebdfc12d8374b7319d95ef032d
hprc4_L100_5532	4f473faca8e5b9c63f076ffd7a41f38861f787906e48de4798eb672ed6a13685
hprc4_L100_5533	960b8fc6164bc67dabf52a7e3ad6d9db9266dc26bd3ec81d9411be503e5d6dd2
hprc4_L100_5534	20fb64ea5ec8f25db8dbbfa81c751e9c6532d28768f229643569bc6faa8f8557
hprc4_L100_5535	0a68e613438cb61182182dabb6fbd93dca9988d312d33e61bd73cdbf7a76d280
hprc4_L100_5536	dc6da664c6b2c5ee5a819956236eec87f1a5ec4a224baf6d7892854485a4ed74
hprc4_L100_5537	b6ed9fef7a69ba194c7aa2d58d17bcccfec11ea498959842fa397cd53448257e
hprc4_L100_5538	dcc5196ba808db52baaa7ee110299e884e4c5019ce6e048a971c78c7dd36f670
hprc4_L100_5539	545d09d6d1c6a34a5ebdd37bc8ce7ba65273031ed27346302937fcbf95e98e1e
hprc4_L100_5540	b8834b5c9eac56aeb5095202fdd2032f6b5fd91868c5b9df16e4a2bb7ac31804
hprc4_L100_5541	58f3c586b4edaae2bf2093ebb02b46bba1c74631b27b9227cdc3ef8625e1b6c9
hprc4_L100_5542	7e1c7898a22e21e477e861002dd98737c100685ff3a1ce23d2e88090254d1983
hprc4_L100_5543	ef0f05c5f482367f599b09dbbf6060d3399d102184ae918fe4ebeffdc0bf5cf0
hprc4_L100_5544	b34c7c0203a3fb425fc9349726d414ddecc04281e506b5714d43380c1489eb06
hprc4_L100_5545	5eebf8255f6f9112595bd4dd4a33d6706d4e8faabc45a9743c6143a754cf3ed9
hprc4_L100_5546	c7b148b4f7d1d2898b2b6fe5cf0bc806373845d5d4f3ddc0a03cb79f812f09d8
hprc4_L100_5547	c52403e9b7bb2bd3d5ce86a9e687bceeea3f8e046253c36c3b107c47208203d9
hprc4_L100_5548	212d5090cb9b8a5966e1e1ee1e1d483957a7d9cb27573c2fdbcfd3851138a449
hprc4_L100_5549	0daec888755d822889f9176bab2d60e4a82bd19ae27f4c79c44808cd0d4f91cb
hprc4_L100_5550	1ec3f723cbda81deb7f6d66ac60c864d1369926e1eed9b521c0c314dbd2da7b3
hprc4_L100_5551	0045e1b8e78d2cd796c1350140ce29097c432020e8c78455743234b7cfa44640
hprc4_L100_5552	03d12181bbcccc31bdc4154da78172f0f7ea06e5d0499d5db5019597465605fe
hprc4_L100_5553	232bf5828213a880962b6ebb3b302c60f5a2e6f3073ff3e3194ea294920f5234
hprc4_L100_5554	cae4147e04b7075403b32b190ea62684e43541a68898be95856bd93c6bb361ca
hprc4_L100_5555	249e67bd725024935575087235560739744b9ba47e5bc6e2a4954ffb2792af26
hprc4_L100_5556	28c0035469bde958a60a1bfb5954996536cf4a914ea424b773ddf399b11710d1
hprc4_L100_5557	9bf09bf0cf0f6861ab179295e897fd023f0888c980d2e97610d4dbcadb69a9f3
hprc4_L100_5558	87b4c5498d159c524e67be171002fdf78312aa3bb18352633c57d374a14812f3
hprc4_L100_5559	e595962a4788a4bc75a87de389329fe58d20636eb0395506b7731519a8fc7ba4
hprc4_L100_5560	93511e6c8440c27bd9e9fff97d21b353322e8db934583027533c388a17678909
hprc4_L100_5561	82b6c0602cd96bc8fc0c50b044555b6822bf1f60d7894b70c8b50a4aab188016
hprc4_L100_5562	4a7d955b17dbc7744fcbf12e3df2e501c12269210bdd6613e8c7699612214945
hprc4_L100_5563	d6b246783530bb78d9062696a87ba1112b231b42055cf0cfe6ca6a993b21cba4
hprc4_L100_5564	c8c6ffede353666b45dee56cf7a16830915259f5f94807d69d6e9fe85e27f832
hprc4_L100_5565	18035b8976b06fa7ca00e269a095481c74fd73a238ddb462e734ed1589c69ce9
hprc4_L100_5566	d4c5b3155882a4b6212fc5fa4149c3a850d468a84942c2e41040c62f29a1c208
hprc4_L100_5567	a49453d8f0a4ca1afbc2cc01fbccacfef8ea8c6abf170b383456de2a4980a055
hprc4_L100_5568	e5e1b0c44e2cda98f732f98aa5d964ed79cb5f3b05a01e9f75a8369bc4752737
hprc4_L100_5569	d5ebc70cf4ab26c426fd4d5abfcd4e83e9c9bcc8fae002a70907ddd11b836439
hprc4_L100_5570	ce4d8300290eed75186c1888e6463f8f48bed94caf3532314e2b3c14e84f3e99
hprc4_L100_5571	0df855f383f89f8774549abf3b830151ff8a3182016a8939dcf533856ed83c25
hprc4_L100_5572	9d59b7ab03052c806061d33f0a1d0c12e5bb0111f81ef743e82ed5b26fc234d2
hprc4_L100_5573	09db82d4f7fb90743ff44fe0e5a0cfad9899f3e2a7c4ea5cb7db03a248c3f120
hprc4_L100_5574	9c96b1f218697c5c6a8c4d7a3671c1420ae1414f99ed38d1303c70d22b8377ab
hprc4_L100_5575	0065f54f2418878c7b1b8c5134bdeeeb6442866fa60ac9d458654913a1c4d5f0
hprc4_L100_5576	1fd37c22f4731735fc038840b896db553a8df3b8ff69a0505fe1259ed1f5ad6b
hprc4_L100_5577	2f6c1fb17fb3aeb8955c5867d0c0e361378810a355b805fb2a9c69821171cff2
hprc4_L100_5578	ed00e1581c72e59d6ceb11c17af6fc2c855ea44be380f69fc0a9d42cdd17eef4
hprc4_L100_5579	bc776a06c488be8c5070f981b6004dd398a8254d3589a0a0ce8a1f5bb5739a6a
hprc4_L100_5580	af0b8b7343039c487fade751591d26d298d575af146398429fb33b0f483968d4
hprc4_L100_5581	2af7e8163a49e85550384adeb45c3fe611a82d4c2ed071203d2a2b1ed0cd21c3
hprc4_L100_5582	6e137d75a608bd71d886aa494b767879ce66aac41bd609bee9ad7937267eb4d0
hprc4_L100_5583	54843b475fd42f8baf9e58af94ab2ce550a9033f1e6249475641040341cfc88e
hprc4_L100_5584	6f8b8fcbbe787984848e860ab49d0af330348d565a9e18d963397fa12f072bf2
hprc4_L100_5585	549b63f3750d170bf2e0fe91dda736ba97d51bbab4d2f1012e00266bed03ecb6
hprc4_L100_5586	9666a4d8b4bbd42109d4c68aa4dca4c0b3209b8e9a2426e6822eee14bdf3a290
hprc4_L100_5587	09cf2386580c82c2f5377aa6333806c6f4a1377008fd802ff8be7ba3e17f5be9
hprc4_L100_5588	9c693467d1f1dbbc7d155609fcbcb19f86fe8fa0a35fff0b1daf58eea66c0561
hprc4_L100_5589	f5fe14d7d9df2141b6254505bd2b7142fd0304eac304977b17c56eb3c781683c
hprc4_L100_5590	49c28b5715b593510148ce53991c7d05a42bd035fbeafc6b6396f9e4aa5c50e1
hprc4_L100_5591	e422d27e28c02e57e8a7389bec6115c46cca411dcdb78f32294c51aaba394516
hprc4_L100_5592	9d8a64bb30d832195f81172b81ee299e34c2fc06dd120221785c1d6a868f75c6
hprc4_L100_5593	e6cd6f18691d3cbb36659561d5c86d5839a86156696cf7ac90ae47ebbe3bbd1e
hprc4_L100_5594	b92c3283c255b0d395885e3979327f1a5e71a04a522b877c4ced55432c328038
hprc4_L100_5595	515b8601bdbe1083a6e5a8e87adcf9c80f6b16806edd2dcdae4dd62b9b849bc1
hprc4_L100_5596	c650e3e7085d4f962ddd5d8cece6792263afb0391255ab0539a850d9d2bfa988
hprc4_L100_5597	eec300ee40c3df54939438fcaa1e9432a7c65d234d02462e697c3b6460e783c2
hprc4_L100_5598	4473160d46d64919834d307db6e49e9538898b66368bcf42adafaf66b07b8072
hprc4_L100_5599	9859334275339593833316fd41b1437a5f1d1f9a48ab1c3bab7a945cb80370e9
hprc4_L100_5600	ee208a1013e26aedeb2d0f6b866dabaeaaa0c493901f4cf87971fdbdcb1d3625
hprc4_L100_5601	1f27b6fb4769b3cd37d11a1be0fb982cf90138d96da1c1ec2994d306b307b173
hprc4_L100_5602	5f5404d9362c7a2ec118f4d7a84cc9f7088e19500770251f17059f16fb528500
hprc4_L100_5603	7850df30410b4e842cfe35fa5b09ec608112ad3698921fa90a76fd7c1738210b
hprc4_L100_5604	6830a1b1fda65417122aeb21deb19da60ef6317a31fd39bd415a6b4ed4ff6b18
hprc4_L100_5605	3236fe5998c501ed919a60b0c04f2ace06f3cdc80a1159ee151da051c3244460
hprc4_L100_5606	3dbdbefbef6248e2e76b65dcc93602175c29cccf82f55f33a210c27c4796c949
hprc4_L100_5607	ab7d9f9f34af7ce2ad6fb29511b04a2f0a97459c27b50cb2b8a75f8335c764b3
hprc4_L100_5608	7153598a8ec922e4e408581432f782f0fe43e698dab8fa77745d057ce0b1440d
hprc4_L100_5609	ef09ed2e22f7dfa3f98cf26bcc392fe97e3deb573556fbb407e5a237309c79b8
hprc4_L100_5610	b3fc90bc89a2797806c416de4c4227344edaae82306372604152b56a65843134
hprc4_L100_5611	cccc32c03d7d6bcaedb673f64d9da1bbec380e5aa1483de4552db3cd228a4dd1
hprc4_L100_5612	5969f7afa2e30c90bc1df47549c62bc6e3373350989ea143de5c2d5a9ee9e3f6
hprc4_L100_5613	19535684c247abcbe7bc69002c4776de205410e17292963e536cf9520727bcbe
hprc4_L100_5614	a5e9060804eb023545230c520d37cfe39f5c3e12a737ab1fcd6806111b8efdfa
hprc4_L100_5615	1319173635ec28a094064f9e58a41fb495e4a38307438c07506c76faf708b9a0
hprc4_L100_5616	d290cf118205ae46010d44d24b149b013ccc22349cf1af3a541cb265fc0c6fad
hprc4_L100_5617	d6e8832ee7b799fd35754d6c61054f5000c111e210c95259c44d76a8e6a7aa93
hprc4_L100_5618	9076f72ba5bca5260f7e6cbfc571a5521fa2d292e66ae3cff4bef2218e184027
hprc4_L100_5619	c5413ae31609567967b6aabfc6801ef8a0fdcf40d61171940f3c91f08d2ebf43
hprc4_L100_5620	0e54583ab34f8681a6974caadb8920b7075b1ace7e7f14f2cf8cb4ef92bd94b0
hprc4_L100_5621	699c59c9ab16431915820ea9ccdde733540de1bb3b74f580586f04d5cc47ed23
hprc4_L100_5622	244394ae89d70859cbf711391a5ff2d23d8021bcc1531bffd3a68af818fb65a4
hprc4_L100_5623	ba1fcc9d80abf0759f7ea679238f71590ea5674e0c0ca7e44a6540e0185b6d47
hprc4_L100_5624	3993f7da988249868d5176914c7cfb5763679afd492a9442e17adec24dae69eb
hprc4_L100_5625	d198baab587d388cb7665da664b9f867131632f3c41722ad88f61af88fb38d27
hprc4_L100_5626	28a3fea9b6f587368c0f473ce1cbfc072bbdb689948d533a39508649f4e3ece4
hprc4_L100_5627	76fc6a05d14e951c597a552356824270cf256d110f1e98c7dc8c7aee0614bfec
hprc4_L100_5628	4c68870c0ce9a1d267d69d3a866c875eda24320e4f803553ad5db1b75658b1fa
hprc4_L100_5629	44de19fa1e261a8f8bd18b79eafb4701fc2b021d6881cfccd1a96c7c33b5b123
hprc4_L100_5630	78bf87d94e75b9e9944fad617bb84ff7fa0ed5e158508cb30d932c980e13eb9b
hprc4_L100_5631	73d564ee7f932230ba9a0779ef71069e06f61c792ef036f77c7232c043e9ac98
hprc4_L100_5632	054db11842b9f75ca4448bbe01c15422b7b6aaa31ff84595f91c362c851833de
hprc4_L100_5633	6e01bc50f5750554c5dc0f311998e78df0e1044a36b331da3918150adadb4557
hprc4_L100_5634	fb89e03c4f01a941c0de8b0483be04adeef5d15b828b245bbdcb9bf4525e0a5b
hprc4_L100_5635	e74b0bad1826e78609d33feade9c28f6aae447cd3b29a6e0a49d5d99cc9860c0
hprc4_L100_5636	fff14d2242ade06c4d88679c902d50a19fcd2d52f7cb573dc54c6e09c749926e
hprc4_L100_5637	1d9b9eb540cc492cfd9e1c68777e73985c44f964d25ca4222fd6f221ab60f75e
hprc4_L100_5638	cc432b24186d5e9670ca06953fb85f082f7d2add7967cb1f5a775fb084882954
hprc4_L100_5639	2b8e30d1b5f0413e0c2d0973a5f8aaa6851f92a0c9b5576410abba05598f0d61
hprc4_L100_5640	c150a7bcce7acc40b11ade4b2c627cb41090ede495d374d4c7079fff565b0923
hprc4_L100_5641	cd326e1cd4d125d9d88d2f2fc15abe8e52fdb7438cc6bb08f3d28bad7318ef4a
hprc4_L100_5642	58cc22b410e2b52d99b738d3b567059179fbdc3a50b1627467c83872c241bd7d
hprc4_L100_5643	845fe1c645f0fec5b9ba6c0e8079d6c4d5677e15f3d4958763ce5f71105325a2
hprc4_L100_5644	5f2a3d12b214a577de18d5023c1a5e922b46e7ebe800e530985c46839dcc209d
hprc4_L100_5645	143c84e12f5ebe1905107e0569f4d8968b587eb15435d06a964b116f586b6219
hprc4_L100_5646	772c4b790b114877ecc6e6f28817196b511d4799bf62ecf603ca09cb9270ab7c
hprc4_L100_5647	4679a266b2737b4e09d5bb8d22081abf5f9d604e4394426b458bf650fae8b3c1
hprc4_L100_5648	4316e3a3ba44d5b4210e590b946995eaeaa128818c935bb5b28982e1298edfb7
hprc4_L100_5649	355d80abb18a3ab2c8a0a5abaad5c51468bf28c22ada2fd7fb3ec2e4a3b58c0d
hprc4_L100_5650	1722704c0e73e6be9729161d493e13e2ac6c5534f431b9a486e28f33c87e9a6b
hprc4_L100_5651	b749c818157b2e4aacc88210c37c4964abaa3e7ec4a9585903f697effbc0f2ea
hprc4_L100_5652	9caa17fa9fa11ff342bc397ccb463c571007122bc217a6bf2a7101d3d28776da
hprc4_L100_5653	474519a3c00a2e701d2e1c2713a79b09e272f717299bbb88aba0e85217ad457c
hprc4_L100_5654	e3d38cbd276c49ef92f50a10973804200cf29a5cc895261fdfe180a74de868d8
hprc4_L100_5655	6a15e8fbd9afb0ee73ee2611165745150c3e272cd389f0ae94208db04fc08902
hprc4_L100_5656	4e2751450c7cfd4cceb45114cf1e4968443c6a232fd9cc3296a5f2dc045cff0c
hprc4_L100_5657	0dd581134b639872a604d8ae0868e5f32f63852f59d51b943c0595f299577f3a
hprc4_L100_5658	70c699f9af236e1bed4b10d39d790b649ce1b3e851f044b85b0c336b6626eee1
hprc4_L100_5659	d091d324e61fc7595288df097864b47601f81fd8c89a71feca650057b7e1f366
hprc4_L100_5660	434348e322b821b80b4b3fa81a1ee80a7ff03f910400ddba6c6622c12aee19c8
hprc4_L100_5661	b4d49fed7c7968a8375ac3551598969c8c0ca0e0a910687bdbf32dd13fd85c5a
hprc4_L100_5662	f2672f35a063325285fac447aa4c1819d9d068c5a7b88036d7c1450063cb9cc0
hprc4_L100_5663	b9d25d372edc79354a1724e2923721b139b0e51558065d8a51e2abaec22d700f
hprc4_L100_5664	b16ea9faea17074a2d63b020b4da5dc99384750bcd23d6f0e12ea31c77fe4284
hprc4_L100_5665	0dc4de3c382f175e5f5178696154a33fca286a1545a1861743c8a5d2a83bb526
hprc4_L100_5666	b8a1c1e456bff877fa3908ff95fbd4e5122613bd590267a2e939f4045c418689
hprc4_L100_5667	8fb99542644fb959710131a57dd2b5e1294601b7f03a94516d6d81839c475a91
hprc4_L100_5668	599f1473fda4ffce5d8190aaf4b6f1904572c8c0da71ce089571c059b1cb41ad
hprc4_L100_5669	a6edc316dfb2f7cef0d9081ffa2dc7a995af65a5ad6c83bfb9c0758b4a1aa9cb
hprc4_L100_5670	151ab4a827ef5d4d7a3f9642637b7dc02c8275284fe727937eed5b01b870d489
hprc4_L100_5671	122b3185a65a3a881e7b80e7acabeab88aaa013795f554422351d3bdb8928f81
hprc4_L100_5672	5068dc9d4d96dc8dcbec6da92a07bc35c9c3b8c5e7df823704c48c41e8d39467
hprc4_L100_5673	451eb4d9616cd2af840762c5c12c68d58705030c29fd838fff46bca5a343e8b1
hprc4_L100_5674	aab00cb243ccafdc35a3834c7e14286d1c7e13a7fa3c91331caacc8e459d69f7
hprc4_L100_5675	5a9c5aeb60dd0ee04930dec6814291ac256360dbf1d603e681288706ccb7893c
hprc4_L100_5676	489987e0a884c7010cad2005ebe31bc3822d1ba741053313a3f46d06386912b0
hprc4_L100_5677	faf291c97d266acac554ec2d315ae1c94ef2aeaf1003c4ba02d1b30ae93ababb
hprc4_L100_5678	a49e987bd717c168f48a90638e5e3fb5b38ca25a4cd8558aebdf3b2bf3a98413
hprc4_L100_5679	289e144db5f38d7c700f301fcaf2ff4df7aa4522554a6e3f2e5d59393cb63072
hprc4_L100_5680	f4d0d47f3a008827d1837bf41ac2dcd677d13688f992d74cda0ada4277b47a0c
hprc4_L100_5681	54dca3c6c32cc2e00fa641341a169d4f74b2700d3c3e3558f1d8d94b087f6bba
hprc4_L100_5682	ecd033e44f9b029d41721f9ce78f9809a8e88e86be57332c218b08eabd911ba4
hprc4_L100_5683	a21f288c79d34c140ae85429e858e945736c6644a87415d099ca5819c080ca38
hprc4_L100_5684	4e69d8c21a9d5f8ad181cbbc6d0415936d3973f84ff108ec02f7b4c13f57a083
hprc4_L100_5685	08ebcdf8572d28f3f605f3e9f0a8c3394cec8ec2dbd3ec4688c6328032bd8d96
hprc4_L100_5686	cc78c6b9ad77a9cf97450c3001d00ac17d3c2b4ab8a6a1196ba8ca62d2e9f452
hprc4_L100_5687	43f54d83bc68a347eaad2c24e542999a8dd2f5a29c0af8d7a28a3c3d4f7f0ee8
hprc4_L100_5688	de21adbc481928fb10f4154dcf5fd3a1ac4171c0745e60fe1d398266151edfea
hprc4_L100_5689	a165f3aa019a370009e117bb6064984ac9ae8439a904c56ab5dabdf676769101
hprc4_L100_5690	074de990febdf4483bc1c914fd8d7380050f3409a80fb2b3d4ea583e7e19b67e
hprc4_L100_5691	465b67583ecbb3e5b318dbed5bfb4b7a57b9abe7afc859862f69bf450e17b309
hprc4_L100_5692	3177749ec0bfea0e946e984a6a11a61fa16f2ec5297d403cf8b7888fd5324599
hprc4_L100_5693	f8459274f4bf8d5d1381bba0869aa12b7b22955760bffca2eaaa531551468e90
hprc4_L100_5694	4cab38317473e9caa968f22604aff50ecb5158411be8d81f2e65939b21085831
hprc4_L100_5695	83cb330951587d004b612c10787cf22b22fee2ae8bef267dadde8dbbb3abf434
hprc4_L100_5696	3b57e799855a06803c555392fcd8a583c63a4d078cc444bac2b169e77853f741
hprc4_L100_5697	6c5ea9e77c74975a0a6d048183b8d97a73e6ee125c25f7d72aa3c1e3012a47e7
hprc4_L100_5698	c45db4e23a0315c8b51a9ff4521b57a0498f63da0dd0fe15fe6a6ec603c4fa2b
hprc4_L100_5699	86dd6e944f7658b1c5aae59e7834362093ee039b3c5b80b5fa1b7b574acbfe10
hprc4_L100_5700	6957f94bd0cd064d9b2b8eaec91a2f97b2810a8cb01bc56670bd987386a29370
hprc4_L100_5701	42f3824fa2b222e7d69fb2674694e969f3a3dbd2fb04c5bf7c2ffc80673ba716
hprc4_L100_5702	a85acd33e95a6d8d0209dda4bc9afb7dc4afb0f1890e7c7047981efd42e858e6
hprc4_L100_5703	82938efdf3fad434f7af3d029fccf8ced2bc680bb95d8b5177195bcd1f5a1a9d
hprc4_L100_5704	6476c29075633b0fa8efde9e57bb59be06ec0155a9341c57afa353dc90e18059
hprc4_L100_5705	bbf67d95b50f8bc51a77d17def3d8a91621723176202f2369ec61f92cc6f3712
hprc4_L100_5706	9fa13c0c3585dbb5e8c37b79daa0cabd279525743788fe5d83966dfc328381fe
hprc4_L100_5707	c38cbde90ca8968f5a05cb9a0e8c8d073ea91ec1387103d131b05274e05c48b4
hprc4_L100_5708	692725d24cb9a3b572ed75adfa0f02b4f9dcded141b05326562829e4344b00db
hprc4_L100_5709	b127f0bd0a8f09638349776ab7e4714bf4e88db18a4fe8f083445fcf2ed7aa50
hprc4_L100_5710	53478ee33d823aaa9ef9614315c99a5fcb4baa16013a76e2853e875cfa2c3533
hprc4_L100_5711	3833d89c58a990d313cf1125c8968dfc9ddcd6f123e8397024de7cff4c1d16b7
hprc4_L100_5712	819b5d3d74641d8e9fcc91db80a07da3f41b3d6cbb734afcc47e64d5b9077681
hprc4_L100_5713	bb51c6955dc290216ec24c84c5a0c76b658093e2f5a598bfbd86415abc97bf6c
hprc4_L100_5714	000007fac19597c874003c80d0ecb2821fa5493709dff9d4b5179dc3f34ffa62
hprc4_L100_5715	2a0c778ce6d625d2325b3a10aa81343240e75661eb04a31a08826da91a2e3151
hprc4_L100_5716	99e058eda634c156f14f064cda3ab809b3aaf9a23380c9ecf5d7ba444c0a47e4
hprc4_L100_5717	83be481e10d24027a72aa9fea80768bd4224b3b722c74f031755b1fe87a73e71
hprc4_L100_5718	046652085f327b24ab6a504e3e5a3e6ff317f771f211bc842d9e710f160fe90d
hprc4_L100_5719	be12bdb33aee6b4c0ea654eccbf3be69761ecf05a6ae7c1cc2cdbc7bdeaf13d6
hprc4_L100_5720	07856b305e7e994ec226c4b89a97735383e03fe9c481ca1ec25a3ea783930e78
hprc4_L100_5721	7caeacb520cba468df5d50cd7eefa6550d4afec520600f54b8c270037e08312b
hprc4_L100_5722	a6f84375d3d639bcc2dc34d7414dcb4e00617c656da1b70cda40b53689484e66
hprc4_L100_5723	b92502141c83efe5170085da3f6048d9b27b9b3a8f3908ca9069908af3787f71
hprc4_L100_5724	3e3e9f17b6679b83baa3bd4838dc26ca130bb28258b449a1a8ecba27d4947063
hprc4_L100_5725	27a56e51d444fdb04499258057ecb9f215b17273dbdd72ff99646f25c5ef787b
hprc4_L100_5726	a09b45869446e30e2fe3f8ace5005ba2c40dd5f4cf88491287ca34346120dafe
hprc4_L100_5727	521aad488c73478b9486e05ae91cf64dab30e54227ca4044361cb714608c10fc
hprc4_L100_5728	6cf34c8b493817bff9ded68542c828852c49d8ebd45fadad93947b624d0b16b1
hprc4_L100_5729	a8a257a821dbef6cca644541524db74a56b8926ab9ec25d131732e0f35a7edcb
hprc4_L100_5730	608ef75fa5c52e8d67e7e78c0880ed6b6264318c228cbb9bccc7465a5b4d8705
hprc4_L100_5731	54fa005dfa87c7aba881ff80218cb204a0ee9698aa9c16b7e9dfb46ee3e83ac6
hprc4_L100_5732	0fe9fb5f4dba63894baa46f290d12c9da1d55e6ad9b150e77a273f9f099b728a
hprc4_L100_5733	840ceea14c3cd019314100f9bebfbe7f74523883a8762a5ec7a358181d257d3d
hprc4_L100_5734	85823a114475bfdc384b869583c9c24ecac35e1715d5283dce6ed6d192e0596d
hprc4_L100_5735	ba87e15475c63294310905debafc7975de89f2f2940eac332980265606a72a96
hprc4_L100_5736	cc38676c7df400673673a4b1ab2232ea76d86f18bbfa136a5de1aa2027e8bbdc
hprc4_L100_5737	5129788e167e62806eb9757abe5245cb017f235ac7657cef32eb0f22ba8e4fa6
hprc4_L100_5738	d7e9c4f1daaff271ffeae03ef59f2e8ea45b9f26be65afb9c44f2d7d7bf4dbac
hprc4_L100_5739	39d17ddc479fd10bc55ce07b28f97dfbd2e8f211fd94f9391d1c3ee06037f6f6
hprc4_L100_5740	c57ea6734e539079249a7d519f83b3c5e68c7a915a00a2d7d623bc4bdc06d003
hprc4_L100_5741	e179b0cc07324bcc1abb14e43106ec4928e33ef9f4ba370da3023de858353751
hprc4_L100_5742	43b4841975618310b8921218b9f62ae0af2dc3c0494fc553388a0323d1aacd49
hprc4_L100_5743	d0067510bf9374789d5e14974d32bdf6e373a9e25a1c55be81017dee122a9b01
hprc4_L100_5744	b50ef17b255ab32ef86ebdfa4061872c4af7f719b1a6f335242c59f7de3375a2
hprc4_L100_5745	8c8b787128725f11f942fb7329908a2771754f57aa65bf0a468a44efaea213f9
hprc4_L100_5746	4e9ac193ed346bb7806065f8b69743463533478756ac9df1a6db4cebd877a0be
hprc4_L100_5747	e64320984f78a50d5d6f7cb10ecdf472d53a9b5716dacbd5407e671c2801b391
hprc4_L100_5748	393149fed4c9341a410a0838680d5fa8181f3acc08d79f81c618c3a286e75d8c
hprc4_L100_5749	4a70acd06ca98ec7d1fa68e34adaef67c67822099e8bd2b8b8a8a5b3fd91c61e
hprc4_L100_5750	3bb548d9c66dbdc994caf784df08941d98ddc5c59e97630eb046cbe888be4274
hprc4_L100_5751	322dc891a3af767c614cc110c5736b61c278286ba86581f7ada40e256ae1fb3d
hprc4_L100_5752	6414ade28833931409757f992f8b4113cce900a5be74089c356d5ec59b0a154f
hprc4_L100_5753	5a2e1343b0213b36d8904fdd33ff5842c70093920b67b726534b27980468b0be
hprc4_L100_5754	24d7f6476daf6fc3457ee476c3216d681bb0b5f4bc7417adfc6ecd69e5e843ba
hprc4_L100_5755	73f15634d839499f835ca7178e2f092e3e36a4ada0975ef2b91e180937a9c91c
hprc4_L100_5756	8e29660b6ce20bef176ffe2105f9e66d2bd800b6aa777933618caafaa8c2324a
hprc4_L100_5757	82dd9b2cc8fd6bcde412f8bebe5c13f4a81d48ded69a76acb2a57986459086df
hprc4_L100_5758	9503f89fc1c0885c8ccb384702c2cbde7d1cef883ab6df45bd7baa8ef2809d72
hprc4_L100_5759	a7f1226c7c605c6c8eab39104d3bd480291ea6782441ecf86ccd26879d56b888
hprc4_L100_5760	9e976b3b232d1d14665425bca8121c0b4d2f425639dca6258913c20eabe510b2
hprc4_L100_5761	eae891579227f653be0423a814dd3805543bf40f82b99b784c1d3b0bd52529cd
hprc4_L100_5762	f07e015f97f57938b0b428ad9184dc5109343ef6829ec736eb6bdcc9c934fa12
hprc4_L100_5763	c044a47e09f240ff5a1c676de16b1f57bf6c6b554043cf3bee95a58fc3f3ac94
hprc4_L100_5764	9c0b4247fb474930264a2f68600f11c5da002448f5e8660ced6c7b6b01205408
hprc4_L100_5765	51171998aa5ed73c3b11155439efe1b2f8002d182e90e71804921399867fd0d9
hprc4_L100_5766	f2aebf9eb9bfbe787099b7459e7ef0f7be5576713ef7fc94b5cf2c5eb65f16af
hprc4_L100_5767	ab3a7b82eef33730a13391100096161bdba21826235b1da8f36d9c6586c61de2
hprc4_L100_5768	226015707efd8e5fa83b6a6fc8b5676603dfec90fe7d7037ae21cc4b31fd068d
hprc4_L100_5769	ddb609a9903a5a07ebd17e6568147e465bae7801c17f376436e84055ef8aad1e
hprc4_L100_5770	858178b5a6fce4856b94e38967540ace628a2a8f78a6ad566a6fe160bd24a152
hprc4_L100_5771	1850c10a7ba28a86c44010b599a82602c4753642905d9b1c88736499395ca4a3
hprc4_L100_5772	e92c6c6755d235e8a296db534aa53fecf1409b0a6a0a6ed0019eea11c2c00e03
hprc4_L100_5773	2cf14661cb19facb3310e2107ec213620d9fdca5b616d3f8573aab49086597a9
hprc4_L100_5774	b4819b88b8448b4b604443fbbbf04b44325129894f5aeae5ec7970950c1d4e89
hprc4_L100_5775	2859a1777508ebd0ace2b3c0cc5145f178d36a7f456e845af703959b4bbe0b04
hprc4_L100_5776	ad29f61f4be6fd688fa147f6ac09ce286a71f7dad26e03b811768732d48fc207
hprc4_L100_5777	21d9ecdeef52c891909c449fe666c228da7cdc1bb9eb95b24982ad535528b9ad
hprc4_L100_5778	df4774a9f5db94ec5480f59b7628b7588ed8f43311d30ae0fe35d3753e8bce17
hprc4_L100_5779	0e785df4ab4c0db7a72fc577fb87af4cc341258c3b3f594b3140490be6326010
hprc4_L100_5780	cde9aaf1c160bc7d3a051de016cafee8d94d7dbc889f99d5ed733f7c5afc4978
hprc4_L100_5781	28332536471d022eea190cfd4281453d289bc65ff0fb031e512d0baa2bb3bfe5
hprc4_L100_5782	75fc76715cf5cc066d0a37948211fa524566c78b773a720cf500a3d62d47b013
hprc4_L100_5783	857d294c1f9af2386753ad2f41286fdc154fcc846c01c2cece01de06ba10f1a8
hprc4_L100_5784	eab5ff7d8fc27e04e4131928f7d2a2764744097a70b19627172fd6a2a8b5ff77
hprc4_L100_5785	ef6ccfedef26715f0586d388bee465cc3b7767a456b7c4129b2d74a85ffea3e4
hprc4_L100_5786	009c1fdbd8fbfcb2f9c051b77421061ccecf03e4b0bc0b7d16f354a027900e70
hprc4_L100_5787	35b6534c20e723dc2e3372dd5c46c8262d166eaed4ea81ec2152a1ca21eb1f61
hprc4_L100_5788	d63cea2d4b090c197229e77346306331272b7701efe22fdaaf90693d41ba6d58
hprc4_L100_5789	eb218aa704b0c5acc443344e72162edbc850890ebde65eda806b16a90cd48e7c
hprc4_L100_5790	0a8163a4bdf987bfeaf6ee8f0cb4538e3588b131dc6e652e50731674802ee288
hprc4_L100_5791	ecc44de8dc113e6e065bca9bba887e7be20eefbc5d10d18ee6591c7c18ba43da
hprc4_L100_5792	15284e85299a92aed34b20dbd423e177d934a079668091273d378613e84e791e
hprc4_L100_5793	8d55e738c17a478b7126673891ca9d6c99c064cfaf73351fd390ffbe993959d8
hprc4_L100_5794	173fc82c6f070ce6c5520017aa0fd6613ddcd81e4e1def199bc50a7921732b4d
hprc4_L100_5795	72d77bcd66dd19c9e6c354af33633e5629153daa92e266d703961cb946a5fb43
hprc4_L100_5796	40ee4e6440398dc1067469781c8b716f31579be68b2c09b1db49d28bff103763
hprc4_L100_5797	ff26a43ddc61719356e8cc46f414efb83d7230724db0ab7e49bcc66158e49f97
hprc4_L100_5798	d47cbeb6d8ea09e358c82ccc2738ef0924c7968039a3e6d9e7eba7af98b9efd5
hprc4_L100_5799	e9b4e21ccf76aa5d58b4610bbdf357a6da236dd18ac85cc64b6a83fbb5ef604f
hprc4_L100_5800	ef51554f97c141234ee7d337a91d6445037bf7d0490c9626b880919e8f001bba
hprc4_L100_5801	63239de0312bcbdc9d1bdff4d688615f6bd69117ad132c80d7e2c65ee71f2735
hprc4_L100_5802	580e9115eefd9e9dd5e54eddbbd4da8f65ee0f74509ba57397ea1efa7ffc3efc
hprc4_L100_5803	5f7e5e46e5a5483b8df50d778c106667568cb661063dcf98788166dd1c13abf3
hprc4_L100_5804	6312955797291cbf1cefe0733d14fe99cbd76692ecab08720f1ffb5ad973f267
hprc4_L100_5805	ed83be9049392977d55edbf9e62ad2e59d44b7000b442cc8cb71f0d59bfe9604
hprc4_L100_5806	45a571b06db65a96cf88e6e16837afb0e451a83f68328b4c815778f42f6c85a5
hprc4_L100_5807	89115227f987f27bcb5a04dd85dfd48894ca49c02bc7ef7db8b317abfb2650a5
hprc4_L100_5808	07a8bb05e6cd74eac4bc7703ef1a8429ffa2bbca25c2a91e7df1c12b01c35102
hprc4_L100_5809	96c453bc3c777a9aa318d86a7420df5fbcb261440f80bafbe71679c5c5c68856
hprc4_L100_5810	f1ae19e53da75e49525f145ddf9523df1416d522e2b91b3148024901e1010521
hprc4_L100_5811	0676ebc36c11ee0f9d0287b92679bbae4579d59b1c94b8dbd73592c2ae2ae5ae
hprc4_L100_5812	4d11ba0c88ec78d0190044e640c25d49f809229d34c3f8a8eeeb0181bc64431f
hprc4_L100_5813	ca50fffa84f2717d1c514a8efc1b0646c2fd56d8cdcb6c6d15604f216b5fcccc
hprc4_L100_5814	a197157d59c38940f1dce6af409337f90031a5171d52e6202bcda4ee3543823f
hprc4_L100_5815	bc3837a39eafa7d59fb2386506849d7cdf35a81c3b21550f80ff8eee01d6e914
hprc4_L100_5816	1cf4a1d81e61bd227da9338b72860a69cc9e2303ee7d44bf7e0f25086c528ae7
hprc4_L100_5817	a41a88a38700d5849d607c95a66878835808e841d1bce98b0034cff33208a604
hprc4_L100_5818	2879e3213cf5aa58bf25bbe3cc9e4a2bb0260b322a99430bca8eddf661a1efc2
hprc4_L100_5819	2ffbf0e4f0c2a1b435af99e7b3b817a23208280754e38d048a05a12e20f4da39
hprc4_L100_5820	52c9998e4b66d987f3edda03266ca02e10ca4b712d51ccab5708c3b274317e66
hprc4_L100_5821	f98d9f1791d7d72076f2dcc0ca8fe1fc303be8d84fd066e1582603fb8346de91
hprc4_L100_5822	1a39c3eb8c5cb973eff73b0ede07e6a7d52140ec5fcbb9950baa10ee0f671955
hprc4_L100_5823	b47ca650a1f19e5a125c06f4998fe2cd02ba7b0fe6b1cc24324b6768793fe4f7
hprc4_L100_5824	f76fb13787ad9c9e08ba5801a4138ab1f2f3feed98e954f231d544cc1c2e8469
hprc4_L100_5825	56379800873b1c5cc7fc2703824ac1ec489c433ef85694f40543a77862f6a709
hprc4_L100_5826	50c1fa2511039795b0d3c5134054d877d4d1f34efd38f564f7ae8c1d29cc1843
hprc4_L100_5827	5357624864a0899a5cf4e04cf76f5db5b9188963cf07c1857131595a29aba43d
hprc4_L100_5828	80b8b043d882ba10f72f5f553702c5e39666d6c4c21de1a8212507cf06395d6b
hprc4_L100_5829	44bb2ebcd02e3b61c87862c8dcad2c7ad2e09e1dad0966c701ad5b180bedf9ec
hprc4_L100_5830	8071df213435f39806e35af522f8e72099157ae792608a90dae3f864197bb665
hprc4_L100_5831	f0e2944ae0df16b8a7cfc5c6164f62e29d8c1a2885275ac38c1bd21a95fe2b3c
hprc4_L100_5832	cf4ab143ea71c93a8728d489115396930116be764043def4180d88648ea23052
hprc4_L100_5833	90c4d8fcb75fe00909ed72babf5ef470c13b806d6f37e3405a41af78ced68847
hprc4_L100_5834	d617fc1ae86f540416983a2081b987ece1008f71a4e83d242c4c4dfc89a3fd7d
hprc4_L100_5835	00e33248369d767329a3b2dfc4b7bb26c198ae87299ccf9f2c9668c719cad6b4
hprc4_L100_5836	2cb7dcbd0cd836be63add3f1d40f0d87dc90e678d508eac7eaf8de18c2f887ac
hprc4_L100_5837	38bc4f589f897bc11cd836fe88ba5dac34ae602a4ac113ac932f2fdfc3993ea1
hprc4_L100_5838	712f560a044c4e2684165667aa235c6438b6c1f9ffd58be63f3143be8941202f
hprc4_L100_5839	24935d5a857884f63f01491b003d080638ca980e302c22023d3fc5b3bb226aa1
hprc4_L100_5840	b79ca7dd717c939e6b70719199d52cef92c832364896976657376bd3ae77b9f1
hprc4_L100_5841	767d08d3dad35c4924145e8a0d9569cd5e4bf10c274bdae090d61949fac5b562
hprc4_L100_5842	6e11077beece30de4298a2925df705ef066b515d344c48340ae0868d4bc1539a
hprc4_L100_5843	1c6af2a44d06ce412fa65a68ef93a66294e27e4f8247816573d00273760ca177
hprc4_L100_5844	46b92cfba13674b6534455b286c1fe1a4bf32af6b3838adaa8bf1ea1fa19ad3f
hprc4_L100_5845	57b91fc8a96418db9123e8f925de90e10bb803ce67b6cc12cd60e16ce005a1c3
hprc4_L100_5846	75e0ff5a2e85efc7559bda718c838d37745161b10a553464c426f90c93324464
hprc4_L100_5847	beb447f0d3fdf73da6f454556d8b12c08dda03bb20353741f69e5afb3efa1327
hprc4_L100_5848	b889255daf42be7c05114a10e872405b45acef3fe8a77d0974a713a054ee0a27
hprc4_L100_5849	8524dce0862abb287f259a74acd73fe746acca510aafd8708c0cc0ba0da4723b
hprc4_L100_5850	4945ecfa15979b05410c8328df5ade154fa1d2ecf6abbbf4d0388eb53f2d2363
hprc4_L100_5851	ea362870b94bd379f438c4c91cf5701a30a13b23feb36e38976e1e5aaf01417f
hprc4_L100_5852	9da1985a0c25bf724a9aeb83c00ded966144dcb1779724a23cca1e21a110fb2d
hprc4_L100_5853	9e949f01425502ceee628dbc164fe8aba79ea277cf69ab62450134de14ab5e27
hprc4_L100_5854	f745576904dc69d9e797f53c3cd8f12d743a1f8d276ab7af066e4993f1343431
hprc4_L100_5855	8e0c25d582c17ff18a21ea29981fbd65bfb231749d08b7a67c4702368281378b
hprc4_L100_5856	890f64882582af3c77b9da33f947a477ee35349d845eb1974eff8e2519c359f8
hprc4_L100_5857	f882325b90b7816f67e72e840aceb397865e2c3d47f96c3ec51c8f109945c0ce
hprc4_L100_5858	d1a395970e7cfffd4af858f1fa8323dbb640f0d754a302832a13b717de333a7d
hprc4_L100_5859	d2e3713c39e4cff99eb4b73ffdfc866d3c09dfb133bd8f1612957e138a6355de
hprc4_L100_5860	f21a966a0395775586abf0fcbca784c9048d77c58fcffa6c4f66cf45957559ee
hprc4_L100_5861	7b8108870eb4680209431ae149d106682957b8c4287c720f7045fbcec9ba62c1
hprc4_L100_5862	762f7f6dfe99f5f1f1295aa498b1af63e8ad79b06f265630478fc37df13af1b7
hprc4_L100_5863	dd0d2128ae435176097518f020e8c1f9098da872db81c73674f06d6890c1dc57
hprc4_L100_5864	acd793bc142dc900ed726f07a83ec3d99f5033cf9800f7a0daa39220c1820b1f
hprc4_L100_5865	9a1544b8f7791394f733a3d59890f2af63c9fc72634237baed12208fc9a77e68
hprc4_L100_5866	45d096fb8058e9d93162ff2e302db07277c2f8a6c75d412d554f1d178179fc14
hprc4_L100_5867	255fd83f715b11df708a1cb7f7564ae446924b85f901537df3644a3be9563a39
hprc4_L100_5868	49770e25c0f89ed4653eb8f1aee4ae69dac2f3cb0c1253543b226cd1a5cb1de4
hprc4_L100_5869	c897bb9c79500e189497c18870b4313148440a985a988f0375ba543866b963c7
hprc4_L100_5870	0fac4c022043612bcada7935df09922d98a359e00ce39bffbe313a19a5abc177
hprc4_L100_5871	ddf800a15d62dac71e4607bdb89d15c57ca9e243b8acd0ec7dd6eaab8c19b11a
hprc4_L100_5872	b66f37d612489af79633348669b7ee6c8e8cc9ea35279d6f4ae51f0ee6606909
hprc4_L100_5873	219fbc31d05925395343beba92f252e45332e40748cfcbcf58dfca1de9c3caeb
hprc4_L100_5874	362cde03d19d2236020b78dd87c47aef37811deb8c94d06a365dce9c308e9751
hprc4_L100_5875	d192267fc5db99d3432d534bb5b422b226d6e00c980e5b2b9296c801e17b1de2
hprc4_L100_5876	aa52d72859277de3bd1dabd34ffce9ff4f85a6c158637d92f22984d38de3b207
hprc4_L100_5877	25a2c48b278f7b82521f43f1c18bdde18444e570065f925ad2d1aa443b80edb3
hprc4_L100_5878	faed73e1849e6e7a18044ab324f68a7f44bc66136dab1cf0cc8aedf8918fe3d3
hprc4_L100_5879	b662ea01b59d245e29b7ea7c92a7ae6d7c6887b4c22c9088bd0eaa93b6fd7931
hprc4_L100_5880	e5c64c99cca9727be37f24f6411ce2a47efeef8bff53c2595656ce2fc8c1fd83
hprc4_L100_5881	2d4acc5afcd88bfc4adb0843e2dffd4a86a8bf933cd4a66ba63786f5851f7312
hprc4_L100_5882	7f1652374fbffa444bb1171e7ef375710d31316fb6990eff7db5e10db31e4362
hprc4_L100_5883	a28fc05f2b7942af6cec07e432c9adfab49a4daf726d76fcfda0ede96335f7d5
hprc4_L100_5884	04beff610632f728ce4027ad4a426a6a276e5d9791bb471721ae60c92e4387e7
hprc4_L100_5885	da39ccfddb77644d27f584829c6549a517c9673e1dcabbf0d918f1e840cc9e70
hprc4_L100_5886	14efe5771eefce7479b11eea42bfe774556064a38788909749843f5031944c41
hprc4_L100_5887	6bde67a9c8ebad353b629cdfd18e5642eb721dd8bd14540aecab5c65fe0d7f57
hprc4_L100_5888	7e3b3641491c0241fb3f379c7f5c94bcb7c0ea2d71f56619d732ac713f521b67
hprc4_L100_5889	f4bccecf19b213cc2ec8affc14660e2662904c2d31927945629f6692f11f54b8
hprc4_L100_5890	0b7cc92438a18d9e09a88acea2a3b7abbdf46d847a682f3613eab8c0f408836b
hprc4_L100_5891	e3e64242e9a2ea47b30f7356898bc42c5771fa89c9136fbe4b05821ee6988a1c
hprc4_L100_5892	7db506aee6bc2ba0e5552a13f1793653b2fbaaeda760c74e3624e93b13f55a9c
hprc4_L100_5893	db55a33a63844eba68f528bc50b217d805a39a83b03375c28b86b30be4ef9252
hprc4_L100_5894	07ff978554460e442d3922cac18e18e316e41765439cbef31f644d429a19a059
hprc4_L100_5895	5e8e1f3bd5bc20628d48bef46d4768a99fdf03988b86b10f431f3458da2852db
hprc4_L100_5896	0c6b7fb54e5103f6ebe74d2aca073c8c5503a101fe1f046592985c7bf2f5b221
hprc4_L100_5897	182a92563312d5d6b21c66acc5e5e374e86a8deeeb3825d37a085bc0a64ea60e
hprc4_L100_5898	2d08e51593d4216b2b7b312bbda806746255a8ff2b0688a7cbaf42da489089c6
hprc4_L100_5899	c7aa0864b3b7cf23ab2a45766e72b17bb87be88706ed339e44481e33f7748521
hprc4_L100_5900	65e68b0ec80e94f8667c4e749ebbed7bc652b52aaa49e442deb45508fd726b97
hprc4_L100_5901	1afa9e422398560e55f432a4a21fec8f5de060b6369a51b3f981be3b48d98e8a
hprc4_L100_5902	2ba5fbf39162b80e2f528e9bf1a1299f902dedbd9259ef6a94308f8c480cbe1f
hprc4_L100_5903	087aba37962adf37d6a3ccb2adea2751357128f870e76d6797922e1661003123
hprc4_L100_5904	2046ef79e2a45a251497cc5ac60eb1f913cdbe08891f038296e3a2026781388c
hprc4_L100_5905	e398db4da7110ea62e571a73defc855899fbcb638b0d2286b5736a4f57470a60
hprc4_L100_5906	49126b8502ecaa4020e0f848cc0cc6bb12af380088c6dd86235f3931eb22b4c7
hprc4_L100_5907	4294c3904238dee32959f0049f63b9de1949430b662a4eb84efb0ec6ca1a31c6
hprc4_L100_5908	97043fc4465ae5970407cab92da917e7cabe6373783d163cb9968e350c2145bf
hprc4_L100_5909	d111e993132cd65d9dada553b95f1227441ddc7f6166ba62e9f7a50bc1ddbe23
hprc4_L100_5910	f878d88e98b23829c19950554d47da6627d8054219e379993a236f63eada8cf7
hprc4_L100_5911	128468c11ec760bba339a781bde12628db056d96a16f5940a4e25c716c24fa6a
hprc4_L100_5912	8a82891d564310aaf27e7ba354cc75d7b19dade87bba4466f61c8095ad93e4bd
hprc4_L100_5913	3c9dda5867233dc632464e9f0b760b6774558d6acf0bb66ad1128385668f6b41
hprc4_L100_5914	9c70812a67b06035684d740d78d6cb7720bc79f58948c4507afb15836a707b19
hprc4_L100_5915	b4d8f0f67d314789e36d75f9f4607ef4734a97e8ba8d4ed7fa13ef87d3717952
hprc4_L100_5916	92c99194b672cc00b010776e4d30cc0f182539ba19ba8e376ff2e7d09355e4ae
hprc4_L100_5917	ee18610b7424dc38afa764d5d540411257061124b7ee4c97cdffcc18a4b1410b
hprc4_L100_5918	d1856115d9bba65f2657559f5a86c08dc794d2e8c38a51c30a6628c2db6b6bff
hprc4_L100_5919	a29e2ee4ca409a57687af7c5c20dd73b25643163431b5a6661efae6094148f0a
hprc4_L100_5920	8649e49abd8ba3a2e0948881a189c84721b955c35d9d0cfc19f027e867428fbd
hprc4_L100_5921	762118c4421bc289ba811fdc1b52185db33ff6808aff17478630693d1f75da2a
hprc4_L100_5922	92a11e9c17cba521f5269134494bbf8c0f43dd88d454ebd3fa293c9da965b468
hprc4_L100_5923	d81ee96c2c297b7fa92eda57eb7bff76d4ec2c5c5d59e1409732144df63d155b
hprc4_L100_5924	9e733e364d415f2d1a85be1e2fc09adc4c14a32ef9b7a279b82f6ae70e80f086
hprc4_L100_5925	f04ab53fa57335379a53f8592f627fc82bbb3e2443a351a1991931dc85cccf83
hprc4_L100_5926	a4ab98816b76f5b01093e86ef31da513033e247d2b5b688dbbd5f839703a009b
hprc4_L100_5927	228738f78fd58716f8fc38a6409fe3a0929ba2b307c4e65479c9e18d38e35f17
hprc4_L100_5928	9a621a4a2b60c79091ae3ebe72bd44f45a873d463eaf76800642f025ad4b6db3
hprc4_L100_5929	3a9c450b4416e8b88af93d014991e5e3047d9d1eef3c713aaa8e4f3c08387402
hprc4_L100_5930	110cdfff04ed16b0644b9a9f3358bd9e5bf5a41470999ace8423d455bebaabd5
hprc4_L100_5931	b0e855731767451de852d6c34becfbee5dd94079f03c426e82d9b042cb0c7534
hprc4_L100_5932	e8ab7926528dcc21c3ff188363ce53781a26f3a97c64230e5475f37760f3a9b5
hprc4_L100_5933	64288e2a85e762a0c6fa5a406ce225694aceb4ce0e5992f05a38da364b20db6c
hprc4_L100_5934	202c525783de2348e9f973db09e2343b927bf79a5a92989d3ecf88fa33bfc139
hprc4_L100_5935	4a7c844f67db8253f45aa173b8d98e27002612f4664e4600c0a4f7cdd4cce3cf
hprc4_L100_5936	55862fbb0e500b775ab4a26d3409eb0dfb72a408d0e596300bae52e4fd618a02
hprc4_L100_5937	c2baffc9661b3b53f1d88040645e58ef55328f3bae86991ab960278bc4d744a9
hprc4_L100_5938	5f6ac8e4f0864d2cf97699b0cc130fae3ba7374856f9ab6f9e0cd7459a3aa44d
hprc4_L100_5939	890a1f3b8421dac84af30cef16f2895006641f0e39bfa69569005626c1f665c6
hprc4_L100_5940	b1a1ab130e6bdfe8a8faea058081b3833a69208ec06217dbc26f91b11b4fff7b
hprc4_L100_5941	e04e2921081cf33c60a9e7d70de8d433172f19f429ab2b7943327e8337594f3d
hprc4_L100_5942	26ccc222b8aecc4d7f7910dc79371f2b0ba779315493998425697438d352769a
hprc4_L100_5943	690b73b352c9a3b10097adf2274db1218ee99729c976c081da195faf2e1dbc48
hprc4_L100_5944	71aa425e2661c73ae26705beade45e1e20cc00be024d153a5f9df3dcd83bc640
hprc4_L100_5945	e0e50439358c9994af6be169bd2cfedd7d033aa023bb40d82b5c3e2c82ca38ef
hprc4_L100_5946	d8980354ce4ab8160631954f1a9a99e8b4d2ad5b15b6bde5e7ba7120ce25b2e3
hprc4_L100_5947	1118d3126015067c1e6293c859a48176e7d4d3ae2498b5d5392828c9198814f4
hprc4_L100_5948	6b90770e5bad1c67dd987b1c2fd53cad233623630283ea9e735362b53eec27ee
hprc4_L100_5949	f1254e8adaa1e878d891410fb1aa2335d062bd75c34d91e5c6ddaee83153aeb6
hprc4_L100_5950	50953f52c63205fc655638cd5999007b408582fb86d3a9cd60a6816f21eab3cf
hprc4_L100_5951	1d55bcb68250e9b8e3a53b1c338e0969eb9850034fc415fadbbd768b148fb7bf
hprc4_L100_5952	58c73e6e176803afd0a05a96b2a07c86102f346519b75764bcd60b64bfeb696d
hprc4_L100_5953	ab5d260c50ae5e49a68557ee33dce6ac80c32fc6d60a47d67c802627f0e5bd2b
hprc4_L100_5954	60eb6d0104217565f7f2679abcd6478cce6eda63d51481cc9c55754668cc81ca
hprc4_L100_5955	5237ec03f9c36e40421749404b7ea9bfdd8e85c84a736db06c914192eb298c9c
hprc4_L100_5956	c9a02b3c000d34d8c0be77a6bed8cce2184dbba0f4d67422fa280e65ba404911
hprc4_L100_5957	0d8efb629ac469d0fb927bc423a5684c1a8e4ec445f1493fcdafd49f9aa98802
hprc4_L100_5958	3ddb8d0af39446165bafefa11c72e17ef935a7bea3c4e5c823b2dad91cd3c840
hprc4_L100_5959	b89c52b9a83487bd482a76d74dd11a76b59a807ad74ab2be27581ff0d0ed26d2
hprc4_L100_5960	868ec59bf51d5414e6147c51966b2600562550019b3a34e60c5f551a891c9e21
hprc4_L100_5961	9e688986ea6b8043acdf311a1769daaac33fae8a44a4683303ce53849d859846
hprc4_L100_5962	f73725f67e9df72e630a1ed455c01d24dbea7c5e142ee8243eb4138b49382a30
hprc4_L100_5963	667e2b188f319864ff2d4386f4f399ee7fcadba6d05aed21292c41d6ba05b3de
hprc4_L100_5964	2d4d4b615786515d0325b7fb389e27d53f88636e60f26fb7c59276b9cc950a53
hprc4_L100_5965	f60fedb4f9dea748c5a4d4ddefe2c99e1bd07328f07fca9c53b1c9da340929b4
hprc4_L100_5966	daaf52b31e93aa1ed6962d73d843efcd9bfbfe8fef0aa59ded8762c87ce61355
hprc4_L100_5967	c34e0044e3adec73d0a4b6b820129519d8d98bc255fd1a24aa8f0a3681b26e48
hprc4_L100_5968	6446aa04ff2abfbf51f34e92485598976e8c0f9b9b35bf9799fdc8a8b745e608
hprc4_L100_5969	2cd464cd4961b8be9420c957e985ecbaa8f3c5ab524d9a5c4e7ba0eeff98174f
hprc4_L100_5970	6c95c94638d6d7711a9698e5e5556d13d126a422c62753888fbea32cfddd5a6f
hprc4_L100_5971	607f3725df875b7ce2209cd38f23240b22808ee55d2bf89efe763911c8e29ef0
hprc4_L100_5972	da06bd000e8b150c4acc23f65d577b477c955d62da9db8de2dace207620f714a
hprc4_L100_5973	370bb1037172f551a3e801d2a3a2c846e0abab9d5d3c089d0797f1c0fb325b4a
hprc4_L100_5974	2d7ded48e7b72a79e9bc4f47c6b14be8f0d74983d5b5d5dac67924dcebc02d37
hprc4_L100_5975	f7e88f9f7045f7e89b21583487e7b853259da7f03ca27c39c19d966373f9561a
hprc4_L100_5976	4023e51907779da7b5591ec3170b538803fe3f8c5c64c2baa42e704f4ca7d3de
hprc4_L100_5977	05bf9497bc4282cf3f954786100c4b74fa558e00f166839aae1e00e888a8e748
hprc4_L100_5978	046cf0cbda0ecc61320f4dbe58d756633ea9211c985c52b873b8d1cb1ada8bf1
hprc4_L100_5979	7df651249f3c5abb2a2b4f8b3fb23eb983e2f9c2290073294ab32d9ebcc03de4
hprc4_L100_5980	4da57c0bd7d0d137f618495095db67057321ba66698d4ad93797a1b31649db0f
hprc4_L100_5981	59e319b8db6223fcc4858e2f25a25514c5aff1b96ca89a69e0b03d77b3bb9331
hprc4_L100_5982	8db6fa577ab445aaf131594f803399b83b335e8248789a75b680b1f4ef139bfb
hprc4_L100_5983	c209819127b25cd7b0b42b9117a9aa9c78630fd19ac961235c49be6be64fc9e8
hprc4_L100_5984	d1c4c1e85825841e64674197bbf8e6bf16b75c0645fbdf9eef2549bfda26e8ed
hprc4_L100_5985	5c0cd9e67b293faac11ce7d90b891726d3a50410c2d23d0e5167cceb91e7ba5d
hprc4_L100_5986	28498dc7a1f5445c75e2d7f5c5339e04e19c69987aa20f0c75a5398f1a674a27
hprc4_L100_5987	1e689386294dc16b5ccd182ab6fbfa4b22172f6aa33e008d3d2c8236df0ae4be
hprc4_L100_5988	ebf5eb0a7ccec8ddc321c7eebcd2bd9c16b0a532989ee73f1ee41f3f0a137a1c
hprc4_L100_5989	580e374e71d58e9b4b7a2a47afc679e25dc6444a36c911ccce9885127efb1bdc
hprc4_L100_5990	f81e6ca8d2e5d539f9b238bed1e3d436d83ee3ab2171284c1c9ae232998e6259
hprc4_L100_5991	3a26446744b2e20d8a73507f2e82392770b4132ece291722697cbd03c9c9d4c5
hprc4_L100_5992	db9f13770162ef4568b94e8a7ebf04b40c1366ab6d35b459ec92e65c3f2b3b6f
hprc4_L100_5993	1278ca9852ea22e6439fdd685765cc46b677d6f0548b3725af2fdc07b2bac40c
hprc4_L100_5994	a77cbefcce7dd17eeb3959325d144f43b2d4404425211cb7196e8773801445ca
hprc4_L100_5995	7da20a2f9341a8d93ab0402915d3c71d94e240fc6c384d3b1c322f86b19a240f
hprc4_L100_5996	1c2b72eb0490a20dbe1c02c707aa3f7781ce9dcf6d432ca209de5fda8992b975
hprc4_L100_5997	2afc16f41b908819ca9b01fbedae74c00a40a5b082362e85382f3e5a1f025997
hprc4_L100_5998	75e310311ae222dff79d6df8e2df08b8d30dbb223648ed28a8c5c7caa6d9109a
hprc4_L100_5999	1893a7b42cbd12961eccdad4cd7f988e95ce3646cff6cd1ace462174aed657aa
hprc4_L100_6000	132546516d7265f8a79718614f527f9970b00e7a48bd5873c334360867e82845
hprc4_L100_6001	f32166097bacbacaceb86ce1623a97993eb7c6595cddd1a6f5610d7d73804f07
hprc4_L100_6002	dee0f6c36636aaf2bd862e76686bb74c461447e4016cc67cbf5b60e848065232
hprc4_L100_6003	923e7382f2913ff5c1a9e0dca18d5250b7a1002b8da1b399868f053c83e5f692
hprc4_L100_6004	febfe5e5dfe8fb0740ad5e3d949a81f4d07295af50ed99d52c3feeca520023f4
hprc4_L100_6005	60f59320ab73eaaa712bb54999eea49f9fbb49515c0b0cd9008726a3d9a07eb3
hprc4_L100_6006	53b6441f12f7d5e3f1940e256ac031d020e31539c2048d1de50a6603f651fac6
hprc4_L100_6007	dc538065ac434d4e95058ceb2f2db68b117cacd442be43e433914d7836662702
hprc4_L100_6008	5ecfb79fd44efb42bda0b22f288092c29ae38cec5cae0e5f6b095465ef75ded3
hprc4_L100_6009	90c8205d9cdf360c5c67f25caef53d228bccb9c82e10031f42efa7e757cdf6dd
hprc4_L100_6010	20b5366af1e0a72835a51ce9708206e824be7e6ede87ac29144cccbdc5831e31
hprc4_L100_6011	50a0da5d0fc0ecb40d1083ea43ca976e3fef1e38fa3cefe4e9c93a4e0c603f23
hprc4_L100_6012	59ad9f29f89fb159b5838ca2bce0117f6c33d87ae4a0ee4098007053f8ee24c1
hprc4_L100_6013	4e3ebff3cdb6bcbfdfd40a9570e609b7670ece43c7b9ae8cc777ec19c222fc06
hprc4_L100_6014	e54838ecc2e9052b418624e2a359610061200f39b52e4644f732814ac4f7b78b
hprc4_L100_6015	009c9ee5c55379b1ea7b5cedac10454878e4bcb033f20d85d3a36b670fb16e3f
hprc4_L100_6016	4fe5aaebd4a95d0d8f44ce9af151290fc4b1eaf8fba1a99a66dc6e8d917ed1cd
hprc4_L100_6017	6840d309061afd417c64a4474a10611cd2d3039262664733fd075bfc87b9ed98
hprc4_L100_6018	0eb1724cc9bbd2515212d2ce7a3193a1d1372fcf107e4ce6ab30cad7c55fb15e
hprc4_L100_6019	fcdfc09af7e450963b1d4a53cf33a5ecc27b9909ded9d686f99f229f354b8f01
hprc4_L100_6020	47dbcaceb9a74d80d45dc9b930ff9bc65c542135567e626bed08d4ff89d8b7cd
hprc4_L100_6021	13bdfb2c60c6bf2d8578e27804d853ecfe9f79fde2cff178e6de46d07e20327f
hprc4_L100_6022	5c725806c97ba2928980ac59d5edc423a90ca1d1a446bbe6b03e5a5e93f75622
hprc4_L100_6023	ad560da80b2c291aa36f5d03c65426c158d2e48656ec2a691aa3244bc9eb9e8e
hprc4_L100_6024	61ce011c4838ae63b952e2ac96b90c6966ed36906beb98513266c4bef9cc4122
hprc4_L100_6025	e2f1d5cd0bcb10a2b9db29cc84247b01acfcf478c7200e7d08f38a5ff01dd873
hprc4_L100_6026	dc0df82d87ed6b5460f5dd8138de80d1ee6a7d791600ba2f59e4fa921a7bbc1c
hprc4_L100_6027	474010583cff0af3dc47a461087ca997d2b9a7911ebc6a0db71b5ba89fb7967c
hprc4_L100_6028	faf3eaca24239fd314821ab8ec56b7834869d8fb473b990a594e29007da4c82e
hprc4_L100_6029	0be5961cf635a01008757961f72793b0d7ae8b95b518993eaf491b4a77a7aa1d
hprc4_L100_6030	03d50635d765c077750e159953b92ecf43198f05ccaddd4b6731aeb044d6e714
hprc4_L100_6031	2c927d70753d1e058fece3ee65c6c006fca8d5eb22066dfa02619979ebe3e47d
hprc4_L100_6032	c362afa87f9f5dcf4728d98a4d7cf179c7ef2f3051b82354242f438ed15dd418
hprc4_L100_6033	2917da40b6dbd33e3b0c0b4c09aa9f80ce192a77b136e907fb79e941611c17a4
hprc4_L100_6034	8995e55d9fe4eb0a00205521a846cf3329640692cbabb3c420085712f78e178d
hprc4_L100_6035	749547e83d357dc32eadb06c6f834fb83dfdf1f60008a5fc0d5d731cb286764c
hprc4_L100_6036	534d1d28fc37f751e6177bf8b0a54fea59fd270b88e2ed78b49cda4bdffff5d7
hprc4_L100_6037	bb2d37f43aa2ecb61fb31848cfeee4d2506e917a05667ad29f7fefc6bd64b1db
hprc4_L100_6038	03ea9c38fe27082d73bce326ec69056c06d66597b9bf3bc4f211990918d7340c
hprc4_L100_6039	81caa85c66d8e44ac87fd95bd003d1c61fd9d49b0284f2ff01feb32136c7e787
hprc4_L100_6040	e5aaac3365f284c3ff2bb8e13220ec1f897a8fbb99d2c9454ff867933a032376
hprc4_L100_6041	6b8cf4bc80ae0191492e3d52377e7f0e5ce5e5cb09c87a2a17d47a705c3d0ac1
hprc4_L100_6042	9bad57eda0d8ea99ee35fd65b8725f5a81ce69d9130bfecdf5fbabb9615dd95b
hprc4_L100_6043	17ae7936d606bf5da0f011e5473c5c0a2bcd7e62f90eac1ceb054e3a98bcc157
hprc4_L100_6044	07404a86cf3a00c919f02b6000b4453fa7c7811fbe410e0bac2086c8e756cb1a
hprc4_L100_6045	5b13cededee1bb0beba740b6f7e1b16195261c8e7727aba523b1c990621812e2
hprc4_L100_6046	6787ec1167680c74b98197f31ff39a95bfe317a0a616df11e0bfae1513648d24
hprc4_L100_6047	12e2c2acdf3642c4b6fdab58f099fd74bdb59000e8ad93d3fd1481cdc730603f
hprc4_L100_6048	61ada786e86554e218b484b21b31b1a5c7383b9b85932de734b056e07cc40555
hprc4_L100_6049	8b6c985a025ae94d38896fe59e45a91a46942295b593cb7bd3330f19cd296a82
hprc4_L100_6050	f46a29f9487e147da4183b38ea7e6aa17189406fd5cc65ac6752191eebeb6ea4
hprc4_L100_6051	f962a801b964dfdf77f0b6eba7a2291501f49f9b91bf4c8bdf7351539c54a72b
hprc4_L100_6052	c5ac1c8cd30c6438b02aff7d1707c08f1b88ab670015b04987bf3284a29cd456
hprc4_L100_6053	93706eb661b5178802ba6ee71e17d28a87481acba0b467591949120f3bfdad81
hprc4_L100_6054	569a7a6c1862a23a0483e9632cbf16c3e0ba0b1574a8dc79bb4e134cd5b1cb0d
hprc4_L100_6055	f7be5ef65f40856148f7ebe14eeaf6d4aa0081a5b7e2da9cd5854f75cf93c8b3
hprc4_L100_6056	f357efecb1821b0b33c86f6a929c67fec917e3ed14bcbe40b25dc4a418e564d6
hprc4_L100_6057	bf6cfdbf323a4682a756fab193d4db351edc2b30a78ddf53e07013f546a84f42
hprc4_L100_6058	0d4423a4ed55cb80e60e4318c65492147bbe317c74fc812d6244b6cd461fb2b5
hprc4_L100_6059	098ca3b9569c5ca00e80914af40a705095caa3d5e5b8e8567364ae843f483a9c
hprc4_L100_6060	895f7f82acead76996c750a9a0524f411df04236f8c87b174152290a7f8d5c3a
hprc4_L100_6061	b9912f43c9657a8109d03f4f848332cbb2362184cbf196357d1e55733bbf2a9e
hprc4_L100_6062	7ba12c7d13866e8dea5f3d784096224c87ddf6cd2ccf43bd9bd5a0344e5c4cea
hprc4_L100_6063	444abf46117c068c17ac63226a405a98ad3485a78216f0dd35b05e754c7ab787
hprc4_L100_6064	31dbef2ae87e76e7bb781ead5251d64966314387ea808b41a7ce7583e8505608
hprc4_L100_6065	4a17515292dbc92e3cd71ea320a21332f98a6388bb27e468315869ad9d708da9
hprc4_L100_6066	f5863ea8e84d9cda85d37fd84c6e49ac014cbd30bbc3e6dd9a2422e3e2ed2a09
hprc4_L100_6067	ee51366f07af7fe12fe309afda0cac65430874b05ef1f852d7388feb3048ef69
hprc4_L100_6068	2bd941367658bf9399c1e0f32262c832a7a30cbcbc89cc07122ae8e9304c981f
hprc4_L100_6069	589fbc9ab4e83cefed0c2c4ac50e42debeefab2b4003a0337dc6d0bfe7a6636f
hprc4_L100_6070	d743d7d7b006fc3339b8112b73422e0c2c0d70f3e7084f53338fe92eddd8296f
hprc4_L100_6071	2bc3ca1cbe5205840f592b28810c53319d1ad8792f2a9af15ce98b4e1c38363d
hprc4_L100_6072	04fc4afc4c26bfc7df9ea98367b4c3787140eb3023f449a23643be962b535adb
hprc4_L100_6073	6b9527a57dd699b9c64f2aadb139c73c7b250287f4908c3fcd1e611ee01bb3bb
hprc4_L100_6074	653a3d120eba6e5a54243f1d80d5e312f432b680ed2c787e1c7863b857e59e45
hprc4_L100_6075	8191c6c0a6be0356647edb1ae46e884c045ebfe4b98ce2224a1867a23a586a06
hprc4_L100_6076	d5392b1ddbef890debaac117b6fcf3622f9a6f301779fca0ad2fc40135e95591
hprc4_L100_6077	83f916d4ddfd5bc1110a019093f4bacd8680afc112a623d2263be07392bae6d7
hprc4_L100_6078	7576d7c021d9849cd5d18dfb07c31a4f2e651a6a80b4390c7347abdd07132e51
hprc4_L100_6079	05a640ba8098c9383274232be5374459530e16a3de9a24080f70331ce7bacdad
hprc4_L100_6080	57d30270ea98ee1939e0b29f0d6d3eef82a6561de5837de7b3ff3aa10f0942d5
hprc4_L100_6081	ea9187ed3e05e021e3b692415f3d822e1d179360a7ebee3ef818e8e618b5482c
hprc4_L100_6082	d62b9a048d8e9d82585a56553f61d5bbb7ee41a17c3030e0ac17559ec75326f5
hprc4_L100_6083	70e9abd1764ae984e5218bf37904d1c0f1b3274c2d39e363499c2ab57d4203d8
hprc4_L100_6084	9f1464835c50d2a9ebd1fe9f2530eb34a6d907d5d1fda16870c9b1678ab4c1d3
hprc4_L100_6085	5b9bfaa075558006942ed1d8794663794bcf9e987adae22853307599f1a8859a
hprc4_L100_6086	02f4082560ca9d6308f003bd976aee60a4bc4abb75629946bfa51067e4fea79e
hprc4_L100_6087	bc68daaea4df7bc9784e743464713e4023bb4cacce0a45ad1ba000120fdb14ee
hprc4_L100_6088	2c2b43dc961c116fbade3d4421f10710d9bbe1787603f1f8cffbbbdaac929efa
hprc4_L100_6089	80621831d2b0397dd7ff3020ce560b3423782650cf8a5aaa1e7a997e5fe1a19c
hprc4_L100_6090	821c64fa3155343e3db528bf1f32aceef773f11e392d9af9b818615e7de2cc12
hprc4_L100_6091	d749179b2ca015f2d0bd686a94437ff806d99e16d940ed99492b4aba86bfa991
hprc4_L100_6092	e2065b80a0f781dd9489e91748b93fff3fa598ecea7edf1f68f1b530e8a30995
hprc4_L100_6093	afc25743780cd7ca181c332ed6fbdc6a4a587cb96896bbaf94d8b1d5006e9df7
hprc4_L100_6094	89f1050f9a30422895ae92f28e570c9c07e6678bab207a996d042bc7235f28e7
hprc4_L100_6095	d0ade8b211e8cf691445dbba8154b30239dbecc06dcf34c7bf8209c9b053ccb4
hprc4_L100_6096	395095021fa344ce8e5552865c6759461c1e66746c09e385c1dd5b4b66505c0c
hprc4_L100_6097	d6ce88c15c9ab9d8f9072e8bb4423b46d1f0aa8094254b3f0cdee14cfa7f4714
hprc4_L100_6098	5247a5956f0825c8be6a9e839637719b7c39c9484d65bee39465da6e10adb93a
hprc4_L100_6099	e56ddc0f048082794a4c9e8bc8236fbb4552852663766d0c62f013a06e9ca1ae
hprc4_L100_6100	5efad3fc80df4d2b7efa975f4922054317ff9f30b16717283d5417571c9ccce8
hprc4_L100_6101	8dbb731b288814759840643e785b8fced659d446d518323696441b28d0763162
hprc4_L100_6102	b02ee71e478b8687656e5cba3772bc57dda9d8f5186e4a1ad77cd5fbadaec465
hprc4_L100_6103	d61fd057972d2cb31e8820e3bf84f537d944598a72a4974fb8b04a8fe3901f00
hprc4_L100_6104	488e22c701ce5cffc9031baebc0973557d3f7a1e9375f3367968e0e90dccf75c
hprc4_L100_6105	b57f2c24a03ef90358038bcfaa9b65b7d5cdc8d076f28d393fecd35357cb8af9
hprc4_L100_6106	c0bdc3aeaac5a35cf51a87d908708716bed70979e2dd49f285058aa05d74f104
hprc4_L100_6107	c1f951dfd4b6e0044d8b5d371217e993767598cd4db5952e5abbcee3f97e6480
hprc4_L100_6108	f323c55060c05fc04fcaacf4809d846dd06152ce4f6f6342a37cac4a7edf9d43
hprc4_L100_6109	7078cb0f39afcb12b616ec27ec5f618925ac7d2c752e0b0431f362c0a214fc84
hprc4_L100_6110	b3698392b719eab2f024047577cc55d5cefe32af4557a694b46dee0f17676932
hprc4_L100_6111	107726fe098b6f168db362ba0995e46674342ff79eb967fece818621cbc4f753
hprc4_L100_6112	d271d6e3af354c33157141f0de32e1a2b542a096e4edf35244a7b0aca79c6729
hprc4_L100_6113	db70156e97d6a693f8afc992e30b60b023ce409b44453961b2fd7333cfd2fbd5
hprc4_L100_6114	e4c47c93afa2751569c3883b9e83a2934366d470d131aa320ccd1d3dbb4cea8a
hprc4_L100_6115	3273d564c637cb0bcfecfa915bade76ce8281581f29efbb7d9fb7d3e394c70a8
hprc4_L100_6116	ba1c7e96110a525b760150dae4c861d4e0f4fd57ac42fee5fb0004b3b0668222
hprc4_L100_6117	0ac613351c98f13e07f38f5dcdd4faff2f70ee2cb4fbd3b4e04db65ecdd2328a
hprc4_L100_6118	eba0ec60051f0a509f82104bd8588ea95fc042f7546b38eedf13bcbc2a740a84
hprc4_L100_6119	e2b3082b961d8344ab3e042197a06923db4de7c48cb97657ab83230a6bd58762
hprc4_L100_6120	ff5dc0c17f8beecb62100cce8e060dbe50e8b8ec31a4196d538dcd4900ec0e46
hprc4_L100_6121	c72041b606f1016bfb396a3af572514e6eb94fa78ce50f396b2a963b2798f82a
hprc4_L100_6122	37f4abe940e288a5e9c307ecebc1a6d8dd7968ec6a1f3b091d73cc0a85644913
hprc4_L100_6123	23183400cc85e951b52a7b5a9ce76c008532c1f8132fb730674b12be95834adc
hprc4_L100_6124	fb57dd10218f24012c39f91d093c0744448d2720252a1c02b70ba31d7d4ec510
hprc4_L100_6125	8fd577d493b548f8d7ffa42dcf2f3306598894f2566a08742f959f2cbb215c94
hprc4_L100_6126	ea07a7cf733dbcd4690cd5fef06dd7b252f0bdd5831928624a7a940da7476499
hprc4_L100_6127	10707baf30dae787fd4ac419c6faff854e2c28453f444530df01df9dae5c9d1e
hprc4_L100_6128	f845f5a233a6f57e27385c861b1d1c1b68a13ef9a57e022959a27adbe534480c
hprc4_L100_6129	27ed88ad77dc7142ac3c2232d01e2238ed2a7b4d750fbba39ac5a9d87a7cab0a
hprc4_L100_6130	a828be889cde09c4b2ba66f83fe2beb31961162206bdffd9746d2819d321e232
hprc4_L100_6131	9738405df4bedd0997e4cf5eb2699a2c30e4d998e9220d7a17c6f49726629574
hprc4_L100_6132	f34778c706561c423e7edbda73947d2e3c6f24b71eb5e4e67d20e6c7da22b270
hprc4_L100_6133	c8c199b4138dff95bb3805cba893970acc11bf956bf362b19758db410f6720d0
hprc4_L100_6134	d82d46929f8d5d55ff84fe493b2f323758b726a459f5e82305becbb2d9b2dd3b
hprc4_L100_6135	5d6882bc4fd22f2fda1eb3d05256c1389dec9ef6b4983623b0c40d6f8fc818f3
hprc4_L100_6136	7c1394eee1dc2796f087bff9b554f5a9291a35ffabc5d09b35031f458d353424
hprc4_L100_6137	d6347be232472da6ec173df60228a547d3e79d5274b7d4bfbd52f542ac5e2a9d
hprc4_L100_6138	596d9c79aa347aef316e455b24e719c93daae4a65fcafee7eb209516c4f7a8f2
hprc4_L100_6139	5fb3c5513893068104bdf6f9912084aea4d655ee6936e81bb75f002c8303bab2
hprc4_L100_6140	f714529ee3e1785cac5be7cccc769ca0cf9ff56efbfb1616227a91f90190fd1b
hprc4_L100_6141	d8eb6530c735023ec7cd8d378efccb7a573bbada23b054360e1eeb6b7b0879e9
hprc4_L100_6142	f701947efa08228120e909b8b7aad266c9d8e16791f48944d1436d7003a63679
hprc4_L100_6143	fa4718534e2ba63e894e014e0125f482238fef7a21e62ae99d6633b3d0074a53
hprc4_L100_6144	1f2517528a1faddf43d7036402661c64f2adf084073ee2ce25cdc7eac2614596
hprc4_L100_6145	4c594c76f3a0e70b238574146612ff8b6d61529f9ec68442ef078401c48ba6bd
hprc4_L100_6146	59259924a4ed2251037945724ecb70bb13453f80e7a2efa89f5901aa77840db8
hprc4_L100_6147	2c65d9106560454332d10bc259c3268f2e6ce833b1dab04f71d4fc2d0c58bdb4
hprc4_L100_6148	0fcaf49bd55289ceeb433bf5c4a2568aa720820b64d91cd3b9aaea1c83c5e547
hprc4_L100_6149	4ea1d3561de19d6b8229a79e772769be1b18082de67b70e8f7782164f6114793
hprc4_L100_6150	9538a422d3fde567eb2782df817b8d3c314bd9d0b965c0d13291fc2e6cce7c37
hprc4_L100_6151	166ff08f40d19ea4c2d0414d7df72d87299c7126c4697cd778afd9373e1951e6
hprc4_L100_6152	646f98d59ac2d4b6c3281a4793cae96f0243b2cae5ffa2d378a36653a9b8d60e
hprc4_L100_6153	bfc1d89bc4fbed3c48ecbcad41ba39ba7b5db3a0475cbebd1413530a813ce6f0
hprc4_L100_6154	371db5def455b3ad2e198b7a89eaab8721555f356b3362b030f84dc386f96df6
hprc4_L100_6155	bf1e2f617b6266deb86972743f8642c73fbcb4e01982363f22b2781bcfac662d
hprc4_L100_6156	74165a809e77a020f98d4ee8ef34fa7bb76a5265957dc0a7ceeb8195a290e4e1
hprc4_L100_6157	3c5e72d1ce93ccd8f4988fa4b99038f975178a6ca3b58fcbc71b8183a92613cf
hprc4_L100_6158	685c61e66b0c737fba80ec5fcd8580742c475ea38d652a1fee53e92c7471a63d
hprc4_L100_6159	1bbe6b9e51346a56a933c76649e7ac3add33277a3e55e4b0c10eff1931c4fc46
hprc4_L100_6160	8938c82eddf599ba075096f2c1df4445f32990a5756a68d09fffe4201f08f8e8
hprc4_L100_6161	e76f83afcccf3ca3c425c90ea349a39df9e63d01fad82f98b6ba35c40f7346f6
hprc4_L100_6162	6d7cd14e8f7e726f48a9cd50bb2771e077f1dc75da150258dd947adf64352e46
hprc4_L100_6163	b217ace773bb5ce6b6b1306e2ab29c445318d23e2ce898fd3fa521010bf52e96
hprc4_L100_6164	7a812ca16d14dcb12c2e154ae19130147fe3d16921ab93fb2a67dc08b1eb1343
hprc4_L100_6165	77c084a8bb9b7946e4c42950a5a4b1b8d10c636894cf0811da7528862292d0b9
hprc4_L100_6166	cca048d657cd60fcddd32da6fbc46602dacdcb880cf7cbdbfb4db03dcaf8032b
hprc4_L100_6167	97f4c154d1d3841f1fd85e245f809d1d2437208da5572593c94a7000d4e2359d
hprc4_L100_6168	3efff70a0dee18d1c63c212c9aad3824836e275e32ce4921612cce3d2d0c9bff
hprc4_L100_6169	eee55ef0662dedac81db9d1c814c3c9ec0bc6395a6d3a944a07713c38942a974
hprc4_L100_6170	5b4d6a61ef613695031e321000e125047d1b8a3e0367536594d7f9ccc0f3c3ad
hprc4_L100_6171	c44263de9c083ecc998b60c7ee8514afcb457efce3efcfb8a6bffbd283c6bc07
hprc4_L100_6172	4b644d348abb9a142f742777676faf83d225098cedbeb98261d4594b9f383043
hprc4_L100_6173	1e335ed92ae9f1bf807f24f7f2184625561b49c1430e2b7b89e8fd53d1657bcc
hprc4_L100_6174	b83477317e6460c5452167a4d1d0878a26f10c95faf6d28ffa1f0f52305539cc
hprc4_L100_6175	f1a4a0f4c53b6442a8d74112078b32215511a69ef15a8b8eea442337a272d7f0
hprc4_L100_6176	d498325227b5581b86571770fbb06cc2aefe4ef884ee005daa25b02fff9c4a39
hprc4_L100_6177	d67a9d554cbe1e88cd82bae9886ecd2f70c840b58d45b6d11893c0fc7851e3dd
hprc4_L100_6178	012ae140132fc2035c97d77ec29d337e3db31a9f1d69fe1b1517f956920107ba
hprc4_L100_6179	b6cec452158aee58165915737ceeca1a09ee1afba66f45d8ef9c5efee6908d83
hprc4_L100_6180	b2c3142af6db21aa622a84082712cbb59c8383b8cfb1444215acdd4815373846
hprc4_L100_6181	478c3a41b3e7483d2d65b9d44eeaf23bec425b3935cde4d4261fdcd7d19b835d
hprc4_L100_6182	74530c987ac83d3fe69a3708fd7ecd5b7f114234141bd0f48b4459afc0cc9bfc
hprc4_L100_6183	db933260f23c25fa5215c56a91c4a921f021b9de8d934ec205518adb4f28d1e8
hprc4_L100_6184	16baa661bba2123eb1676a889ac327259f56293375ab738e9b5a62fd36e7b92c
hprc4_L100_6185	a19be9b7e854f4f73591d98d5c225f318c6672e4ca3b1c6819ef34c831a33fc6
hprc4_L100_6186	00a489841e5a488e71de9b7ae43bffa0a6f8d135c6cdb040f36e23edb751e74d
hprc4_L100_6187	853607dfe80bf2f9a5674362c91aa28d22937809c73830ab97cfb8789a43469a
hprc4_L100_6188	ce0d12a13fbdae28059977c71e79e90bce7fef8217f182b8d23c69681c4f35cc
hprc4_L100_6189	4c6af5c2b6245e9cb204a8c82d123c4b1a17ad279be35b72b0f4dcb6138a28cf
hprc4_L100_6190	331e8ca7e05ebf2326531cc8180ed517a783b3f0746c186dea49de40cb070eee
hprc4_L100_6191	8b01d622533eda7c923ac6110fb4936db86f633e2d9822b25e85a77f8002396b
hprc4_L100_6192	5d642de75f2d31bb48c758fd72677dad741519930e4928174dd1b878c0f7edc2
hprc4_L100_6193	d552e864f8bad91f3e092e4cc9bd671457272639b8a93d438667fff6af2eaaff
hprc4_L100_6194	9502983862db7069c9f5f2647539f9e3a3b4853744076759db7956e05ba7fc11
hprc4_L100_6195	d1b65740b7740e665fb674530ef8eb9844043ca08f1b940f91ab333f7cd31963
hprc4_L100_6196	929f1f47d673372abdb19cf822841e9bbdeae112d80046364ed314bf22ff3ad8
hprc4_L100_6197	155fa6d162f212fc750cb4ff0dbc0800d8f917c95b994fd36b7453348b675635
hprc4_L100_6198	e15dc9f84fbc5a2c90ef16aa9a3e687c2bf365853bd3343aa828e5b0bea63d85
hprc4_L100_6199	f1b15a188d079309e773d601f0b9b1599d3134df544678873c49e63facc4d17a
hprc4_L100_6200	798966fa1ee8d20f2ee4d4313bfbdac2e1ef3a10b916732c924ac3386d289688
hprc4_L100_6201	369ad4dacc664f3fb45d334efbd57a6dcd098b9e4f2556696b3a1f58971956dc
hprc4_L100_6202	65150605df70c6cdea969cb904a307996a5ac71699da966a4485fe1137747d88
hprc4_L100_6203	dfc46773b846030a7e805f44e8db101bcb16cbfdce52d858edbd70d5ce33d9c4
hprc4_L100_6204	9a91ddaad232aa88069fe7d05af356b8bbcf2f866955b7125d618c538f481dce
hprc4_L100_6205	0b5af9f24b26e7b6dae0a985bc2b6de456c1763a32a1e9eb92ca50b070c1ee71
hprc4_L100_6206	413d88afd21144c8b91dbbd0809836cc91edd7c77df2774535fdcb4de8b9ed0c
hprc4_L100_6207	367549aebde02488c1f4a8551db19733398511c6b197effabe443cc35b5978aa
hprc4_L100_6208	e5ec4f4a407a3d5cbd27d411ecc34f1c6a43b7c06a41ab23fc765c935dd4c3dc
hprc4_L100_6209	ed2520ad102a09cae4fd4f560dee0db29c7ad208190400a83a75b76c28532842
hprc4_L100_6210	6540d5ae9f678453019c8fb175f8486befb23c78e39cac211b6d9d9ebe88afe9
hprc4_L100_6211	e17810edf4f43b6e0488347466a6aea82dc882e0f70f6a7e055c80627b3957a2
hprc4_L100_6212	648076c149d93ca311acebbdf003cd12ad7cc7c4dfcc6c5fc4d3b25dd9ff97ee
hprc4_L100_6213	39a7a88165545446d9e35902d4d7ca1e5b8f888f605c8a232b592163a0ff5db9
hprc4_L100_6214	ad62f92696d6f840a495bf69d3a099228ea216f7815bd08db6c03d8c71ac32c7
hprc4_L100_6215	52f40e3637bace149e52676754115806d74c70ba05608614cdbffd2be9cc9317
hprc4_L100_6216	178a73f9d58ac7f660d5c58c1afdea002dd66cf847820ff9b8b824f2b4fd38fb
hprc4_L100_6217	072054029af3dc625317f5b6eb0f786608c757ce9525cf51fd58480c19c9d546
hprc4_L100_6218	e9454daefde98f9510ce79f992747c11f7509e422a32083266c6a7376cd8de6d
hprc4_L100_6219	3381fe5845ff1673cddd3a5e10041c9c7680db0b47400ccfe1a6cd5e0c703b23
hprc4_L100_6220	bdd742ac48fec4f5fb8d3fcef9610bacac6ad0c114044c8b3cd69601ae526c80
hprc4_L100_6221	1363ef9dbbd2f63c9312c689994a4f1f79d6281a76f9d3ec09d62bbdb1442c9c
hprc4_L100_6222	9a66749dc12048298267960b12e651cfe25f2edcfbe9b8ee53cd6bb128d157ef
hprc4_L100_6223	6a31ce8782ef96287e095f6d6d8548b55aba5fe5715e5f89dd5713a061efc650
hprc4_L100_6224	873981c3d3ae34c8e2ed8d9395188b1e94aa4176bebe6c4e566bf4342c6ed556
hprc4_L100_6225	f2b3948c69057e2d6b6e5797b9b459fdaf2f391d330c48b87c2d8910bef47118
hprc4_L100_6226	0e036eb055d6b8cf508f8be43d54bccca15bba30587be3f46aac835bd884f59f
hprc4_L100_6227	b1bba88d83a67f920a99feb2c9e83d38773ca8b735b461b0d6e442e6fbe6cffd
hprc4_L100_6228	d77b93fd0b50ca6c2bd36f8df2e821bbe3417a9ddb2081caa996d58b4e37e238
hprc4_L100_6229	f8fabab47127c03bf4a4143e91e8db4c8e511a6a5f62f5870e9e0a4a5b129d3e
hprc4_L100_6230	c1753a5742614f0ea241c1b6ff817a119f21365fed8c4091887a79fc8250d76b
hprc4_L100_6231	c44930fb859200767ae2e6f28d55911518d64ff12c847a219fb429be0f6a70d4
hprc4_L100_6232	c3e3d760e1c8d40f25e492de9879dbdacaaa3f10aba52bb51d93c119fcc84b02
hprc4_L100_6233	e20c44ec6c4a03d23e3ae2fbf404885d5fcb39c5e5dc583a9dc4b58d2c623601
hprc4_L100_6234	41599ba8c4dcedd45283f59874e296783bf097a89dc1a76a0f58c59d56866c38
hprc4_L100_6235	398a8c810940c99863ba7041fd9d14803b0184c734239ba976846efb4e3da71e
hprc4_L100_6236	04aa042a246fd69b67acb9462042c2f525dda323c1722aa8b7c6cec4c5c34a0a
hprc4_L100_6237	02c65b873a817c9de8b50c43f34822bc7add603d14cab5f7d15f3c6127be3b49
hprc4_L100_6238	c2307123556e06c02de8c23fb6e71c236faaed13f6a906c1e51fc3ee7dab73c0
hprc4_L100_6239	4492cce4c78bc11440ecc2d1e5641cf25f73f262ddf249503817a4cd28278cac
hprc4_L100_6240	09c74343989f68e5da26c6fcc53685ea1d56df2f5c844954fc43cfe1cfae5115
hprc4_L100_6241	cd591eecb697e0b66f34477d0e393c2ce3a575e9242336bfb2b86892816582b8
hprc4_L100_6242	c7930d249c96797475df829806a55bc497c6f9eeb847b1d011f727cf603e1f89
hprc4_L100_6243	2f17b4463267937d09f9446f8a8755b760e9ab63f391e8e5fa72f01f171988af
hprc4_L100_6244	668b50183ea17e742c0992792c4b08bb03afb15bba35d63254b90c09049f9f8e
hprc4_L100_6245	85c6d99ffe3e0eba93b9cafdcea53166ac9e445cb0d95015daa101318cf79556
hprc4_L100_6246	406ef6bc3ca2d63b662756c815ea603d4d3302e23a1c7ab1d05b0c28cbab717c
hprc4_L100_6247	d828cf89c78618852685d4c268fc6d2fb0c4283911ae02fe7ef70a83a77e8659
hprc4_L100_6248	78a6b2235b83a19b0a5c4f7647b3f82cbedcf972d4273299db76aa4ee6aae994
hprc4_L100_6249	1b8d53398ddbd85a65153a3ff066e67dec1ee1c8305b5bf43ffb598861f83491
hprc4_L100_6250	d99aa3c4a71ebd84f099429135ca884fec640f6cb627315f3cb6a8ad9f695f08
hprc4_L100_6251	04f87e3f7943a14aa99b679e22f630fb4a6c8fa379a74b526629a05c71da9e28
hprc4_L100_6252	fdc7cac97e041424f22ee59e8a7b3a47d015c2242131b730f2fcc9c62653a3b1
hprc4_L100_6253	10c016ef7a0915b1ddb77c29f5a9810030c87ca39d3625ad924a5fa8064785a1
hprc4_L100_6254	15f536b8a3b20de497d03013123d95cf5bbfb00fc8490b2d410eff2a4841ff21
hprc4_L100_6255	51b2bc5133372794b9f22e608b696401a12af2a8fbc0ed38c1a020b657f63fbd
hprc4_L100_6256	a64dee4405fa9ebecb92923b665a1cbc2d3d76b209ec7f5c49d9b691f4803d33
hprc4_L100_6257	c097524731a3f5ef85955d6fbef28bcc103bc458875e979019bb9fac412ab9b0
hprc4_L100_6258	9bedef9c88f6409087ca63fac52b63e9200d8e75d3eca65a4b350896f6e2dece
hprc4_L100_6259	ed56c9a5d9a17f29d80d3fb5eec1faf7adfd30fb81bc18791444225009a9fa80
hprc4_L100_6260	d0084e4138bcfecd6434ae70ddf9ef34823f519d0e366058dd075f2597fa0d7d
hprc4_L100_6261	08ec62964732a7e148cca1bb2cfad1c5c173120ec0d18e0f2f3ad6739ae26698
hprc4_L100_6262	8352339f2e71f422f08a5f382befe29a8f5640f12252d895bc44d5bf96f15fb0
hprc4_L100_6263	e5d1e53e2654f81e3d801bf55531f157fe9848b00f8ed4cb9469b798aee2106c
hprc4_L100_6264	917d7089b66f3d4b117bb4b5e5218403f9470a8f585cfc280aececb12473e4dc
hprc4_L100_6265	8f131ca4a1058218118d411000082f5a73408b992489f8f833539942bd0d6819
hprc4_L100_6266	bf0290455a7e8a9411575360240cf8b5e8ed1fadfe1b75deafd62fccc2e8938a
hprc4_L100_6267	6af70925a6388f08e408f48bbe6bafde37d2a04ec948512dedbe6ca6aae352ae
hprc4_L100_6268	50d3d9dba5618671fad0f4b7348e85bc4b705e324cb62471ff9641b5de48c586
hprc4_L100_6269	82f453aea8dac0fedd72bb21e6ccf619234c24cb193644b3513e57bb429f78ea
hprc4_L100_6270	7f35f9ba8f8a8bc5aa2bb1c279574d5d1b09818316278e268ab76f8a7b2913bb
hprc4_L100_6271	b6680c8f0d577fbbadb8be63863a0cca94e4c2ec88270dcf824a89bbe5087671
hprc4_L100_6272	439e00b66d1da2d24c22d7f12f644648a9d9092f3c8621b8d0460ef3f2c49ffe
hprc4_L100_6273	b50a748b86147e8133c61a9663a1624aa02b3fab74c0e094d246668deef1eb09
hprc4_L100_6274	48c3521aed27728ebefb740fcc93ee3a20f4cdcac4ee8a2aa488836656de76ac
hprc4_L100_6275	4a05175a4aee261bd8511f826bdb4ee82ec5dfa9bc55ac49ba7f71a0825b328a
hprc4_L100_6276	da32105d5651363d535fe90e7847b31d962207e9a654e928204688365fb59057
hprc4_L100_6277	1db7f61d3d8cc32cc272e52ceccd0bdec23de7ab97fb3d34c711f311240f77f1
hprc4_L100_6278	bb9e8f36b34ed3d728139ff83e57c9d99bbb8ff3e990d3d4423fa04f65fe7eda
hprc4_L100_6279	7b005ec35d2dd34a01f8cd20929a628e6025d8f36db998b7b71f7e3e4bbb3d50
hprc4_L100_6280	2168fc6364cb7604c10b85ce7bfbe15d7ea3e80298934f13083321856c8d64ff
hprc4_L100_6281	e0f1634ac8b68968a5942e69284c37b37b072adf272e84abc105afe90dfed211
hprc4_L100_6282	b770accf3e1f9df19ce2e4893662442b89239166165ed97d0232b0592a842abe
hprc4_L100_6283	380b05f222235ba257439f0d61edfa8d0e221d24b921f05d3c3ad7e01366c84a
hprc4_L100_6284	d36cb8303f72f6f3d319840be1ef6130ece35147c9d589794df2f20d212320e0
hprc4_L100_6285	3ff01faac598569ab1aa1d907fce8ce7b00bdfb457d757d1e72cc4633ad71582
hprc4_L100_6286	61fcde8e2d8d100a517be6722afe2d1290d012afe4a30ee7e52104e9316d8f65
hprc4_L100_6287	a13564c0c42351c750bc05a666585e00cb69a6dcd2c98cae72b32b955e32173e
hprc4_L100_6288	0b65c345fc1768738ff2ee9e39c32acce96a253557bbd66c3f81e31a37999e51
hprc4_L100_6289	1b4c96fa910669517b05d1f4c745b048b5a61c78bc8277806192818e5ed2f124
hprc4_L100_6290	170e02aaac5bc335922fb2bd0695d9e1b602ca33b9d288a4dc54776a9733a669
hprc4_L100_6291	988caa93a0df3a93fa89532dd326c243315c7de5db2057b0149d3ddf4be710a8
hprc4_L100_6292	a852a64dbe738529c14467f3182b45e5f3c34613077520388bc457e381cdec26
hprc4_L100_6293	2e0840cd9e9d0804566b4e6475f9a6746c8005bb71a7a720f638c53b4abee854
hprc4_L100_6294	563212b4eda172a42e9d2ce86b8030ee5a3983150fad2b10f736b784bebae570
hprc4_L100_6295	bafab7ca4e4bf6f7df7b50fd7bf8b2ec132ed0b540e8ed1140c851d5d8bd7117
hprc4_L100_6296	f941fef6c0dfb41df1b5e5409cc7502d5a6f31be4a129204d945ccfbc9b706f9
hprc4_L100_6297	4f66fdaa8f45ab9add09b34a9a7ac7c6132ceed3e8296349f343b1889e6c4181
hprc4_L100_6298	30b7a4c6fae9af727623fc97f54d8aee18f6431feb6f84d6db8ce91483120d77
hprc4_L100_6299	1681fb7bffa647fda8ba76ab0d75d62618f1da25705133b79f98f0ecbbe29079
hprc4_L100_6300	15cbe347c067c30c73a2cdaa0c11c36b862439c920dd2bc69789e1d76844a4c0
hprc4_L100_6301	84ba52baf16f0f6cabc65b16c9dcce76c61d585c2362ee9870f57409db924d9a
hprc4_L100_6302	1ff2b2c041af3de8107539fd7f7c8dc90cde89972376388868fa3af48fb682e4
hprc4_L100_6303	92af48c82a17b0a00e01210434792acecb6eabb3b94924566036fd06108bb1f9
hprc4_L100_6304	fb2efd55b585ba6c2d1fc02c57ba33a9af6c1ec63745cd2b984b52929bf79598
hprc4_L100_6305	51ae5484fc535e9fbc61e7d5647ac98d764df0600e0b30fda50086b1ceec9585
hprc4_L100_6306	b02e2aa0cf9aa4d8c07d38b579d345effa621041fc96c16dcd347573ae053b59
hprc4_L100_6307	02620d6e5313e8db04f706475895387c1a3771742ae2d36cf08259fdfca597ae
hprc4_L100_6308	a6853faee581bd5e56b099aeb973b5d67830e7475b9913f69221b69f1bbad71a
hprc4_L100_6309	b275e5858feed62756281dc071023e6dbde9974a6d366b06ba638a3af13f36ca
hprc4_L100_6310	6ff421125ba94f0e79fc0f54de17d88386e7b64f1b5e66d59a9e39cb11f0c9a3
hprc4_L100_6311	c760ee36db876f380b672134dec87ed3e12da35743b3f8c2f3053f457c233a57
hprc4_L100_6312	ba56f0e544316e45147c2d60280540e715bfb99a40bd26f3eef50751bb6381ff
hprc4_L100_6313	9b6c42fd83238a564bc1186597b46688aee329c4ccf26b50aceafc41b19e7db5
hprc4_L100_6314	43f6ab17d33b5d83bf462138dd9563ad2f391367c9c8797a5b0af996fa9189d4
hprc4_L100_6315	722f7112df5cff3dffcd1499beefae6b495ea0dd0275bc4780cb46fd1ea56e4d
hprc4_L100_6316	68e6ed0f6f93b81ad3c37816a9b869948bd19433d4fbeabdffaadc487b3ad0fe
hprc4_L100_6317	aedd6a6af418773f2f93523ad865af5919987e3f8d7f4a3b3daffaf85b983588
hprc4_L100_6318	992bdba31105cbc321ee9bd5a2de79f000ef591b484248941d0dd6471da5a3d7
hprc4_L100_6319	a2f289e4ab2242d9d58b4465f60622351a7ca71ef0c09ea1efcef6a3032ecdc0
hprc4_L100_6320	53272413274f3dbe406e9a6c0d5c5c41a3dfbe7226f152bbdc5b56cb28a1c95f
hprc4_L100_6321	ecfc5db3cb4489687a95e058dd2ee04d4e7f800d4004636c55387fbd4b5b5461
hprc4_L100_6322	c68c7c93a3acba7c6fd20801348e82c395664b71cd07d64126c5bfd9ba015ffa
hprc4_L100_6323	2bfb85f430bfeeabe7906e4e3f7fb9fd8f4b484e886201c7c7fb1b2089090472
hprc4_L100_6324	c78e11b05cf2355eb5534ee92d4e0b9602b05136f08dfcc43483f50e02f28181
hprc4_L100_6325	01b061ca9f012735a4de81ad976171b0c62b63487bfa2a653bfd854d7df0a76e
hprc4_L100_6326	ee8cc17294c2fac8839af86b79cfa4a899abd38be031d312ae91f3be48b525c3
hprc4_L100_6327	60ffdf04382edac9ad90ee2b798b62fac19c8a16b54f96111b923626b276886e
hprc4_L100_6328	156ab9911964d72fbaf40bbfdd963e7e2d48ed7b1774494ee13ad365b1ca1952
hprc4_L100_6329	bd78394825e514f591c8797742bb14187a93f2656ef25a15696d1ee0f972c214
hprc4_L100_6330	72f39cd7f2b3a0bdf578dd34a5ece61cd61a842aeac7774d471dfc88c762dc81
hprc4_L100_6331	390ed012bf120a1fde0b118449dc9dfee8129facc3d26f5000fec12a91e28367
hprc4_L100_6332	ece0bf45f57bc7760ef7af8f5724083532f387528404970aa94d336aa4013f29
hprc4_L100_6333	934755f23a9c73a9dd4456fe0193e65dde62158a6cc6c361abcc9da15edf9cc8
hprc4_L100_6334	4b1b5bf5a3324957eeff9693f7d617f873cbaa69127e9cd2e37f89b2a38ca03c
hprc4_L100_6335	1251bdb51be6f6e2c295011c78dac54b36a5f338dff8010fc58650559ab4bb81
hprc4_L100_6336	723a2c072a4e6d6a177ea8d6943520707598f3ebe93edd84d3f82e14f3f9d336
hprc4_L100_6337	fd2fb184f8c5187550a1d6064a4ec862bb889727b5f848bb04dbbcad7fb9b461
hprc4_L100_6338	478f6aa65591aaa1ff4d6ce9e48672936aff2fa125eee98183c9d0077364db75
hprc4_L100_6339	6163c7015db948ed3903e56211c42cf91a5aa838b3a8899c6f1cb44f3d4c383f
hprc4_L100_6340	fc5aabbd6307f6c35f86eb5b78cdeea58298ffcaf013253397510bca200addd7
hprc4_L100_6341	a42c9f55af1f3a63036d957b138ed484491062c17a212680e0cc3a1d071d737d
hprc4_L100_6342	7211313d706918aa5cf4223240cf6d247aa1aec3cc34fceaa2e40bd71d7197a3
hprc4_L100_6343	f15fa56c56e2b14e1bf8bb4bb9933c640f9c1de108e6d001ed5d498598ce7f9f
hprc4_L100_6344	fafd085910f318c44c2f0edfe3fbfeb1f7c0682be6bbc09aae43f2f62d1f60e6
hprc4_L100_6345	8679e8d219c5271a74cfbf814dbbe573e731e4c797034d293daf3b1e43718ada
hprc4_L100_6346	25fc44faae0d141b6024ccdbaa8ed5d291270d6787a10ec2041b904b0be1f109
hprc4_L100_6347	22970564a4ec7de0c7032742b1917b4a1ad4a2508d5be9f9b59eaa13c4c94c49
hprc4_L100_6348	540de07e4b549d5f9be4bbc4012271bbeb8cdc826fdae8c86710a3c9f881e3d7
hprc4_L100_6349	8860c5abdc327611b3ea255c24a4021c115e124edb775e699c4226dc9dcd5b9b
hprc4_L100_6350	eb7ea794802f365061b816091d49c36af8ca6525b861fefaa06e0a475546e97e
hprc4_L100_6351	d8c29a571785e0aabbeb9aa25c96fb9d5fcd962cfffb1d1479fa8f4496fdff45
hprc4_L100_6352	b40c54807ab41378b15a36d7d7e261fccea5731422d5e897944775f0c3fca1ea
hprc4_L100_6353	d794447ff2ba2b5996c08c89d96e97624f88e1002806273fc07a87a29ce77ba7
hprc4_L100_6354	8ee1a65a4e45b25566cb108a3cb7100eae8d0a423706aa7b19e5f6b74780d78e
hprc4_L100_6355	2fdc481c0af7e58833bab5299306d4b16625106e8fd03272152670199d6fc0d2
hprc4_L100_6356	b1ff09a86d5c810440ce3504f6bcbdfe7965ad34669e83182101395774a36c4f
hprc4_L100_6357	a562c57956260c2475bf751aa608314e68e8f4bb2bb43c929c7817c33541a95f
hprc4_L100_6358	8ce61e81c3f64a3ea44610d9a6288f2d856a09dc94bb6ea7d7a3342db0aae55d
hprc4_L100_6359	2bbad3fc13b4f984d440a1cafc3f66307e46168f07266bdd81313844c0a4321f
hprc4_L100_6360	6378069a5b50623622155980b36abd2600e8d6f2287846de250b56ebcac685f8
hprc4_L100_6361	4dbe4b082455f03dff3213132f62088a0a844f432791c322899dcc0ced9a5b30
hprc4_L100_6362	a38a87d9ad09a4b42c8d7cf6b2ead778730420cac4bd921a8d2af7db17fc7138
hprc4_L100_6363	7cc24a67b7b863926782800ee9eca7bd27264305cf11b48635a26719d8b0728e
hprc4_L100_6364	eba07d0e5e0a2af66d2cbf8bd0227635b1564d2ea637b1f67e32caf2785f5794
hprc4_L100_6365	03427e9039e12ee3deb15918a668ed1a87db98e125ab85fca889d1425db3e8f2
hprc4_L100_6366	f67173157d061145cddcf9814da79471c58ead4aa300fab0936b098ff694f85f
hprc4_L100_6367	8af1dab77efe1b06909d6bae9f43e89e3ad3a645776acd3117f2de86a2eafbdb
hprc4_L100_6368	ba28ada398c8cb2a4c5541e5b4004c047b8ae3b3df2178ebbbc3e8827137fece
hprc4_L100_6369	435124f67709680007a22623dd9964566dda33a5550f4ad5b8228ee0d37331a4
hprc4_L100_6370	3f4cc4630bdddf4c2b113d377979c313071938ead941eadb5816867b71b98677
hprc4_L100_6371	ea7a344c3844000b51eb009b1bf9d436ff0b559e3045f91c65c358db14906c9e
hprc4_L100_6372	92d4ee3fcc6b109868ade0fcf2b213de70a13636d02f3b8a4260bf9c0341151b
hprc4_L100_6373	438b3aac9319bfbb0bbd0d3167a2037d3b033d14c5bdd9868cc18671a4ad8c62
hprc4_L100_6374	bea5d3da585329587661b88bfad7b99e38daf87fdf8778efa766eab392ca589e
hprc4_L100_6375	9c99718745efadefcf1cbcd823299e447b68d59127c37f873d5cf49e287a77d1
hprc4_L100_6376	e916fa8179ee1a294180ae1d521898d2f68a53f4c59252323b6d77908993aeef
hprc4_L100_6377	6122f9362465b21a6e360e457422aac8df19d0edd4cea0ca51430eb18196ace3
hprc4_L100_6378	76f1dcce4934526ebae3fc4ed81ae58cc4a9a9b079a120841cee48f65c8c15a5
hprc4_L100_6379	604c6e00fbc9ca14b15685ed38f353ab98114d070eeeacb79d162a88b10a8718
hprc4_L100_6380	2813d7ab7f8b4aed95f87728fe4a0f14f03393e9d360b7bbe810f69f346a8d53
hprc4_L100_6381	80edd47ca376cc2cd1cb16a2eb5caf9e4d0c9943495c59d0f069408a7df07c8d
hprc4_L100_6382	450668cb4c4bbb12212ccb8ca6c583e9084282de26e050c92e4a4a8bf3a9249a
hprc4_L100_6383	a356c8e6004052d14984e9a33848ae19140e96ffb2900f9e26f75bfb1fe29eb8
hprc4_L100_6384	5f0ba966faff38365a5fde3b29679ef2acbcc1fe54c23d34c9eec22d0e3903bc
hprc4_L100_6385	07bbee3ff840b576ad4068795e3a296e03b4b830b0ddde5ae1e62c9543625199
hprc4_L100_6386	fbd5867d0245dd031ab33eb9eab02e7a52d716293a6f664a3d43d00e0ce3aff9
hprc4_L100_6387	8973d4aaaf66744edf34cabe61cca9f110f66dafe67bbe69ca38c2bf4b922779
hprc4_L100_6388	b6f64d5576742e48ddb092984763a45eb567671d35357e294848e466d9ca87a8
hprc4_L100_6389	89b60760c4eafa4c9d9feab47e64a73f9a2d47469be059170a66de955b3be487
hprc4_L100_6390	80c5a7b460b8290871b9f8a97ae75b3eaa4395a02feba4aae29108823a3077b3
hprc4_L100_6391	efaf9b2d9373b9e4365a5a6decc69ab33385332bd8510d6ab68abf60b5c438ab
hprc4_L100_6392	bbb633a1471da7ed80b5336a06815e833dd0796358f430697b59e9cd3095d180
hprc4_L100_6393	38fd7b6ab9169c9e24b5970fcd152666e8fb0c27154d3d288de2ef71d3e70474
hprc4_L100_6394	9c52dc3bfa636c10462fa5d7fa3769952f1de540cc6b25a3b6728d1237953f16
hprc4_L100_6395	d1a8fe943d038f789da9b7b8f21d3ddf38a21ab380f84da2748814f753b4b61c
hprc4_L100_6396	bfce96591db00ea07b4b7ec13198305cc4530367cd8928f4f2922abbfe2c20e3
hprc4_L100_6397	d3cbbf3189a747b4666c2a3143f31fcb4e13f904cc685dfc9ecbfdb1b88936f4
hprc4_L100_6398	1993cdde596c0c3f392cc30781b72a9a41899b1bdcc7996c5b7abcd73a4efec0
hprc4_L100_6399	8df9bdae7f886eb792404af65934825360d3d18d6358ca4ab8e452a56ef354bd
hprc4_L100_6400	0343fa8aa23353a7f43de39e4c73efe2be7ff17a84130cd0d894b1ed7b88bf94
hprc4_L100_6401	aac5672575aa31541aa4c1b199696e6d07c6c5d16e722e3275c0e8b7b60603ff
hprc4_L100_6402	0d07776c7dd8b38cae5a2392d34600ff4fd7b9ceb9a8c8a2f49d8838e798533f
hprc4_L100_6403	29f90185c8e126c6a013d72fea020275279c236fc19d28c1edef2f521aca252d
hprc4_L100_6404	7655130c1587f5b85a7e132a802130a822009ce5c3db88ab303e16fffd686f10
hprc4_L100_6405	8fd7e61cb235d5cbcf2dd6214d24516c889afb7b8604aea55ecb8243d73f7d3f
hprc4_L100_6406	a9723dd7939ad4ead24fab0f7d6a640f4a4e01467df42ec76372b9c7b8770329
hprc4_L100_6407	89e47470106d00139b327f9a6f4c09a776009faf50e575c259d340a46654e565
hprc4_L100_6408	6324e1ed372c19136f79299045ddfebc83ef63344c14333ecc1d6da6a8c01409
hprc4_L100_6409	b76a48be206b7c319adbca0a9411782d34b5cc89ab310908eaf28c7cb81cb13f
hprc4_L100_6410	95dd672bb106aac7c0ed13b87c168b702a6c48cf9de3da5061ff912757797af5
hprc4_L100_6411	a8c3f0e2100da2a4c13061facc093827e8782f5d1d577c36a172f44a7849d6c5
hprc4_L100_6412	90949fafb98cc275e45745c2b0c6f774920ca79d1caef7f2bac9c3ea411ac0a9
hprc4_L100_6413	c8037ebed751e7fe9459805b82e9ec54a32ffa30c2ba79f3879d7ff18b28e4c1
hprc4_L100_6414	4759096c06afa0d2f667fef66deec20814e9d993284bded38d6d2597e738ac20
hprc4_L100_6415	bfbdda21cecbbbe8bf6d0f77b8e6ef253bfc5054c61ec7df5c9e4c5207599e61
hprc4_L100_6416	a436d4af1a9d90b2e9d26d8ca4993990a372316ed474a4e860d1013bb77bf15b
hprc4_L100_6417	f89ed3a9fcc6bbd4452b8fb5138ab30e43add3a6c2e5641e200d6732cfef168b
hprc4_L100_6418	a2f0728a9fad2116b40b9a1888bfea245402fdb2fefc36167f9e8315a8a8fad5
hprc4_L100_6419	46b833d9710e7f3339d835b022595c8d0b784537925630de636cd77da1e05b98
hprc4_L100_6420	9b0892578ecb056df4b14c17d48eff07da4abdf43fdbb9b08f0d8dd829907f63
hprc4_L100_6421	46c024ef0684d672601956d1482813deeff14ccc2b1489276e1dbe9e16976369
hprc4_L100_6422	d03c7df03fc4f93bcbf59a8bb17b5cc05c8ff0363eba7ea81bc3871014b5e845
hprc4_L100_6423	b117c7b49902a089f8d6522330739456ef1f43f8f76b9e960574d9ea46f734df
hprc4_L100_6424	ea5ab96eb433eb4ac02bd23f1e7b1cda2e24df22cbb8974df48c72172500c325
hprc4_L100_6425	32e8d39d7b50e99ddcb092a12e7b4ab0fc19f2f62dee29c778ed524dd88e8fdc
hprc4_L100_6426	59c987056bfad88ddf42010d0c35782e34e8d9eb699eebdd0035eae85426b6ec
hprc4_L100_6427	4ea605e9818ebe3e4df0a421ccaebcf090b8911023b05bf2b9d8c682fd41489d
hprc4_L100_6428	d74002ef532ca516d3933b6545918b022260d28e73125f2b029e5b9a779117a8
hprc4_L100_6429	8a8097d623b8d6d60c34a04a8badd595c83d0c9fc31a9a83452a07f39b2ef9c8
hprc4_L100_6430	f7657d7c1fb226e398b3d745e3205ed125c645803aa232c8ab735ea4c1d09508
hprc4_L100_6431	2d415533f786dd62856f464963e08f3bbd4c931085d79888b0f345312765798a
hprc4_L100_6432	f7f7713b4d920bd2f7d1ae1c629525da5a9101c618cca02a87b57ba4a0cfcbd2
hprc4_L100_6433	1a4e044df54aa1fd04a7073375c22a805822fbd4b0757ebd98dd9dfb1070c776
hprc4_L100_6434	9d8a121521d4d490f0df466c2c825b00540cf06cf126c9c3dc59a60d93887bc1
hprc4_L100_6435	b582550ccd467c65a24dc5b00553d5f75bc33ae17bfd2200b6517e0cc9e69ca7
hprc4_L100_6436	684b5c58befebccfafe4c677eebe6fec04f5ac846f286983cab5634f55e401e2
hprc4_L100_6437	b47f70a36b3f37850c95d47681c3ad003704f183f54d9191b9926b73c580dfbc
hprc4_L100_6438	19794e6af8a84573a4cb6f0c53681eeaa2e882d6ed80f274e61c214dd42acc2b
hprc4_L100_6439	d44497d001a7e79d868c1250261c7171c5109393f84e8c341b5fbf5540636ced
hprc4_L100_6440	6b5fd2fec36fd4365ec56580660ed17c73c25928fdd8092437a919091ba2c1ef
hprc4_L100_6441	639e7a3777f9c380ee56e071c505e522907acf2a6eeb69ddd88f9857ecd1219b
hprc4_L100_6442	4d401412bfb92de88230cdf0b4040dae8b9f2d56fa9900f551aab3d5f875b3d0
hprc4_L100_6443	cd96b4e7f03483e62f48c50a5ebcb5524f77fe1131b11c3b6be65581298d1445
hprc4_L100_6444	79b71c183fc932677b785c8c28870aed0bce546f428fbf162397cd2f8c15253b
hprc4_L100_6445	289853bd7cbe551b78ef631eb044bd102332b9c153a323ecda2a4155e9b18d69
hprc4_L100_6446	299d92742e57765f29658d0f5f1ffc02eab75165e7c945561e14c9d165a8dc77
hprc4_L100_6447	6bad1b2253a90eeed4f478a058267c0cc0a6bc5de48f6fd8ff741c2c15058a09
hprc4_L100_6448	d334ff8ba839dc7ae2befa1dc47fe4836c44c100addf975de28770abf6917172
hprc4_L100_6449	66fcbe9044194b963feaa9d6abf0c9805721f56a7ec6d5196f3a8460db347f8f
hprc4_L100_6450	ec1ec397ea47be7e3834e962a90a0f057ffcc3d958f2a7bae1b759c93a0ba208
hprc4_L100_6451	584a415b59edd7c4cf8469d33fec2845d4ec07c9683b1f5b38c308f9b2dc9dcd
hprc4_L100_6452	0fdcdd28fac84f03c099032edc9206c1c4609b560960aa0e49949a5cd841b673
hprc4_L100_6453	cff4cbe18c591dc96cfc92b3550c1cb4922fa81d058db55d470adddf1035e1b6
hprc4_L100_6454	44b0bb47a4ab70cd448f8110888f9f8b1665528e620c86df6304fad33d9a35b7
hprc4_L100_6455	4a90a4d3fc72952d9e6b6af1386884dda85614aa399360adb95824bc065caebb
hprc4_L100_6456	abef1b38a4bc2c23adf585acd2fbecca098e83e097072ac6d2b9e5f6c45ddf23
hprc4_L100_6457	da6c4abc05aa93e75bb84aef32c0355753f9d78e7c3a4ae5d4d6c49e34cfaf9e
hprc4_L100_6458	96827bfb3384ec6e5f9205555b5afe7bee56135fcf8d6d8a2e76357654c7d938
hprc4_L100_6459	2fe2fda2ba371d2741dc9201bcb75884a92a4a2104062356cfab570c504896c2
hprc4_L100_6460	5aa4d749d8a9d61338415caf364391ea5cab4f648963514b6baa82a7e8f2f491
hprc4_L100_6461	9691f2b26cb7c9766beac4462247b206b5563540b1588cd1f7d413ae31229e43
hprc4_L100_6462	276343ffdbb6ca82d82c76b44192a2028d134f5c1473bf51b6ec1d1aceff828e
hprc4_L100_6463	164d380a1ebe6cb9c3c72078ca5a7a6c8fe326dda2c875debd99428696a81c41
hprc4_L100_6464	1b2bc7f2db374f6eae784095c6f65832d568e094c48598ad9fe8e52133a57e20
hprc4_L100_6465	23d7937c7de38858f857f26bb2818804080a172754dabc5d15ef4ee3f2f88714
hprc4_L100_6466	0655a05a53533ae15ebf8b0eeff276e5a6beaf0f0870c54a8da27d252b47b22a
hprc4_L100_6467	31fa8f09fe7d77f81c83b0dc6c1377b8877035224aa5fe89e9e1005fcdf8df24
hprc4_L100_6468	a31fb52d550aa141a948af5ced4f662e7c24a32702766a633705c356fc9e14ef
hprc4_L100_6469	e5acd5f32d3c586ef81e24586de292924f1aa0b0fb2a60d1de329ed09e76e52a
hprc4_L100_6470	e29c39328710520d4b0057ec049a11f8236f14c0ddd72ac4feda10aaf928b9d1
hprc4_L100_6471	1275375967cef2d72c5e09591855af1dba5d18978edf6fad8b0b974087c92da2
hprc4_L100_6472	92dc9e18facbe0a937e21909a7c4c4b3a820b85e1691124c5462019089e93610
hprc4_L100_6473	df9ebd2a304a5b6fb87791b945c3abab5c21e4473f11a0b89cacf25c0ec5682d
hprc4_L100_6474	d657206470044f8acf046e4759dd3a274ce13fed133736719827e095fb5eb50a
hprc4_L100_6475	1ebc41dfc111f8cae9ed7eb5f9255b43494501a8519de7f4a9d6b3de3132801b
hprc4_L100_6476	ff14d88df45578a2b3b1a59ef4267a0decf8207e5d665e5dc1022c91e61f8a52
hprc4_L100_6477	16e97d7427de4a8c747320c5f001097513068360df3827034bcef63ec271080b
hprc4_L100_6478	a46798288d527975fb61e6ee947cedbfac70fc7f015d79e69e3296a6ca4da137
hprc4_L100_6479	7677a595faee007d2b26cbb6342de1fb3c93e91f19c1ea68f3c5aca8533793a8
hprc4_L100_6480	337cb097fb7462bf1991000e8312169773088622b01a80b3f7cd5a578eea44ae
hprc4_L100_6481	ad20702320474a2e33ae4faae37858a05f1c8dfc36d239a6f061f8c33d7ee101
hprc4_L100_6482	805108f98c6c9f83bafafc4e1e83228e83d08c1176354c87096eff8141d3c611
hprc4_L100_6483	6b40e3e07188eb56e18fd06e916cda2f796f4c1e57e1d1c78d97c7abe974668b
hprc4_L100_6484	ebe2fb4d37a9e5f95e0ed7367a2225c75de90a3f45076d88a523ae3769abeaa5
hprc4_L100_6485	9d30e803d82371c63524335609076394335d9a9791e22c16c25a97d14a31120a
hprc4_L100_6486	a496fa729b1fee7857a1984018f8a2139997340b5abaf0f05c525a80f1666f37
hprc4_L100_6487	fa9a41518df1fb652d196629a5751ab52f5e65978af6abcf840c35d128e7c639
hprc4_L100_6488	cb4a1b8e043ad410a39f5a0e18692e29b3cc26be01e65cea359e6131aefeadb2
hprc4_L100_6489	53db8203fc77f39907f6352abd245c832252b2ef9ffd8c63f3aee4eeacab8a30
hprc4_L100_6490	1be49459084b47dce3b64988c62053063246e529ad9862c7f1e1fcf273b1c85c
hprc4_L100_6491	67447329b81ee2ae807a97e36c7c7cc4b70ce0c6416c254be5319f9fd1aa1ede
hprc4_L100_6492	b64c7948f57fa0812deed8cc3278bff66ad053006d4b03d5c037d724b6b4545b
hprc4_L100_6493	592c8b576bef552e1bd70b00019642fc6474c91fc90c785022b97dc4e7834a6e
hprc4_L100_6494	db59a353a9a053ccd516ab0e864e8915a5ecf26ad1d54be1cf41ede6d04619c9
hprc4_L100_6495	9ba90f64ad393048329fde4f4c109662c1a26e5a7501963edf2ad0195a1ba226
hprc4_L100_6496	b11e429021ec99a0fa1d97dd1b0e5dcb98f85dc2f1c6327e092be5ff2a21f86a
hprc4_L100_6497	b1739f3027dea6ab90b54b30af2dfc858f37d843078c3d89845831ffdd0b29ab
hprc4_L100_6498	028e860aaf9000b36d7b8e2d3f0cffaab8b0d0bbbe2cf2b768f551fb73980f80
hprc4_L100_6499	09d02fdff0acbc7edfdaf778b86a3db861d45016d83f8ad150fa410685ed9fd8
hprc4_L100_6500	58365348f6c7dec074e1de8b40d147a88bd46b958338875371736d24a4ea2144
hprc4_L100_6501	8e6c8f4c53c2b90a7fc9dd98cf0e2a1e858b63a4b9c301bdfc22dfb697f86d12
hprc4_L100_6502	29b545d3df08a1dfa40c1501c947d43a74b2427992b8c357ce0416e0ea0b508d
hprc4_L100_6503	ca3871628de202c1f875d65da8a310780dd24dcec17e8a85bdded431ef44240b
hprc4_L100_6504	65e9b7ed26290f30d59c9c794632e2efa2efa2ca6b659b39436fe8cdc09930ba
hprc4_L100_6505	06d5210de2646990203cfc8982fbedc510735f2674d7058b706a9422c0baad06
hprc4_L100_6506	e39ec884f59b26f4467bd940c8ffb499b065b8e17b5338044412334c5d937fde
hprc4_L100_6507	04832a91767df434534033e206ff7f700ff5df25bca0b7034a1753e78e5c39d3
hprc4_L100_6508	f61d93eccdb42288bf7d3d2d41cff8246a82e7a03eecc31aa3110703acb43ed5
hprc4_L100_6509	81185986ee8d2b3ff6cc4cb9015ddda807ea9d8744f5a47666cfdb00d9ed07f7
hprc4_L100_6510	c793ed9a3b4a2c5f5f5ee2b1f9340da954b7d57b033a82a4fc951756060b5067
hprc4_L100_6511	97825c75cb573084f1795d014507cc0c80a884432d63ae813b78977947ab8626
hprc4_L100_6512	0e50ec566a2d35584ed16353865d19d7dcd9b293cb050cf6acd71e135b0973ca
hprc4_L100_6513	8e2f17d4afe742ea5b886ad3c1d5bd908c4d16a7e4b50b7128b2f811a5f5b888
hprc4_L100_6514	8e2db70122658d50e6297232dd756781c0f91d48543a6374485cfe5e6c6b9705
hprc4_L100_6515	44313c25a5510cb5fbd27d030b2a67b76c4855fe25b1d3c1357b641eadd8f7da
hprc4_L100_6516	5814ecfc8bbf7fd8ced2593eb596332cb0b4d57acf41cd82440fa4e163889155
hprc4_L100_6517	d1d0677c798a79eca58ce015cb1841b57e7226acd6532e1827f6ae1713af5187
hprc4_L100_6518	c9aeee24ad8e01d8a6f044551f1db812f57236382289bb29387cea50bc30add9
hprc4_L100_6519	404d77cd9277e8ec3421bd3ca634bd569b397ded7ab9064a0b8c6d2675356d91
hprc4_L100_6520	d321454cde32046ca1bea491802302178c74e1c64224ae07ec452cc417dc6b7d
hprc4_L100_6521	4a3256a7a539815b78d57934a9d6d17db7a9857af0ec22ed811b618f2a7c2f55
hprc4_L100_6522	58ee5113432ee5852f2b7c72ccb0d2c1bf87f8ed0b4b36068ea1a909efc1203e
hprc4_L100_6523	b08c8baa036156ffb8677d4d391ff7a1fd4d2e84cffaa9abf178b395cb222336
hprc4_L100_6524	9f092541772906409257d1a8196458c8ced33d8170b01ffa78156d9efec470b5
hprc4_L100_6525	4b78929f5a004c601f473c425d4687c35a63ebc6d615c999d0c1658caa1b006a
hprc4_L100_6526	9b9284746028a35149d4271de42c74f3748606c8fbd64984516fbfbc4efda0ac
hprc4_L100_6527	d1b35e5750ce86635bbba2d481aad62687c8d8f7e96fbd878c55a354ed678831
hprc4_L100_6528	1487afe66cfabc718b0fabf4f3080fd245ed11ec94da3ffe08b22ec853907bd3
hprc4_L100_6529	aea4d3f7f74b49f3d84101012333b8301f5be9f3b1477cb677383123d8e932b3
hprc4_L100_6530	73e40055990ed241ae67d3d4b0d50b1e5a1ecbd7a44f54f86b55723aaa86aaba
hprc4_L100_6531	788506e7296a695499be054cb7c00baaf45c0c1d8f1d702761436bc63d048d10
hprc4_L100_6532	4234c435767ef0d8d6121e4ae43e11c78de4021bd605af6a6ae1841e69d1963e
hprc4_L100_6533	6d5602297b10a24840b6125f66a09c8aceb0eb7995537e59b4f79b4e5deb4bd5
hprc4_L100_6534	34b0ce475b10039734af98244abefaae1e851ed45512fbcfd47f164c15fafa91
hprc4_L100_6535	1a0f5e93967b36c0c137754afe3081f402b9bbf375967fe8b61c59ac6bba4240
hprc4_L100_6536	949ad0d92a68a9582a349d67a452748dd9418f73088dae4a7d26f844fc7f7b17
hprc4_L100_6537	0e47219a8d08fe7aea1304e686e3a9808cbca11731947f801a77fe539d3919a5
hprc4_L100_6538	9f2f6c9d4587f891c1ec2e0f25a03ab0fcf2d32b163701f8292c098126069408
hprc4_L100_6539	9337809e77fdab9a83800f9561c3f92b537b8da83579a570ca2878ff96b3d31e
hprc4_L100_6540	98e060a94fad61abe4e656286953cc33c43ae9abfa70891435f572340baa8290
hprc4_L100_6541	5f48738f8e583c10bcee84db8f8db1d87fab4d91ce6670fc1b8fc8f792ab9714
hprc4_L100_6542	90d353462e9faeafed067a1520f7b2f01f7b310b1495f162517698ff9c668c17
hprc4_L100_6543	cf964828caad5bf937a36769f9d695f32931c3bcb26838951298cb0ab04bae01
hprc4_L100_6544	b1b175727cd816b497449f3ffee132cf0b5753befc1cc3dbc875300809b5b3c9
hprc4_L100_6545	2cf8a0df05971dbf8c95ef6bf5eccf44a67a1cf4e87a91c13d15ce1c725cf63b
hprc4_L100_6546	a106ca60e1dd68e92ee94b359d6945806cc9f67fc7a6681e31d4ed2c58d3a461
hprc4_L100_6547	fc16d2c3b25062dee03222ccf8e90c899ad73fb1358bb15a6b4a0c83ecf19038
hprc4_L100_6548	0f1adaf8855d679c53b64756cf0f031508b940fca09f811df732f54a746ae903
hprc4_L100_6549	3c1ebce30fd2fb8069714f4f20282fd0c943bf08b6a1b7c8e58d121138c99a9c
hprc4_L100_6550	3ee9b216dfb77dbc9b3d7f7ee968384df70422a7b361f4bdfb9dfbed1bffc461
hprc4_L100_6551	6ff8792feb7714bcfd244e90ff2db7368e80a3bd75e3a3dd875e27162fb87d47
hprc4_L100_6552	e05d376f76aab42aa38653f59a962c4560409dd84d252c730156bf64ef237570
hprc4_L100_6553	b7bb87488953a9f02e3d93994e9ba19741468d9ff8c1917678e843f597262d1b
hprc4_L100_6554	56d6c2fe0f6b555606a9397d59553351802dce8c75162a788d20d6e2594b36c1
hprc4_L100_6555	d5bb4d68637dbcbf052e3d32dc0cf5e1073729474252dd160f70da9c8b3659d4
hprc4_L100_6556	75cd5872edc427235c1e1a1037cfd925b75b14bc9d7a110d9e94635a1b6fc4df
hprc4_L100_6557	885dcdf1bc0d6c5c0809159d5b0e45caad59401b14eb4c68eacafb7c56f76713
hprc4_L100_6558	2713bf71bd51aadcf0b84ab2ff0fb7bd27c5df11e7cb80adc20f02fc0e4392c0
hprc4_L100_6559	c6ce5898d7bdf3ebe1b4fca20205cecb179e207247d3beb1c1032474813758be
hprc4_L100_6560	c2f0b1c67bb77418a65d6aba900ff3c6139879ef3959ea7232ecd44a992d881d
hprc4_L100_6561	e7f1a36e862daf3c05e1071d688f1d0536d0bf38eb42fb97f24b19e992011276
hprc4_L100_6562	f1724a601a75a339a580538a73c9a5815a590532badfccc063c6e92194c6d0a7
hprc4_L100_6563	d9f2df9b10ebcce0d83beb1c484d9f693eb129667922816ef675ea7ccd54092a
hprc4_L100_6564	c5d876c04bd0636e325eeb549d6ad7d3dfa2c31db3749e68b187c91bdb85eb51
hprc4_L100_6565	d05cac464edbc6953a966c476c861b8f7618f0b56214e6ea72689a727c80df79
hprc4_L100_6566	fba54a7c972837203a3b30e6eb7e2ecd9c83d3790018695bd06d4cfb36bfef4f
hprc4_L100_6567	cd7fd1d7cd6f5c0d97e19843d3195eee090d326c82044e43ba84c70e2bc90140
hprc4_L100_6568	b289ecfb48bc9cec69787c28d2722c7b705d6cbeef5c605178eb02621ad154c9
hprc4_L100_6569	57bb8b0dc241474e678f3e0d722f5043a50be45c0e85e05e075785b475a4dd45
hprc4_L100_6570	0364e51dd030afa6dfa72f610a9c375f352576d9177e8451162a9b9937a13a10
hprc4_L100_6571	aafbbd04ebd51119b4f01896f3b31525ca3286fd5efd08cc27fb4f98935cd237
hprc4_L100_6572	29e537d1fbbf609a856e7cc7cf4c170b47d8ade79d313853587e49d06105dc50
hprc4_L100_6573	772501b5622554d7279838f7187a9cb22f1f48ca320c49c4052e492813c7aed6
hprc4_L100_6574	4bd0d800c3c79d69456f897398b7d097190f880a484641fe8791a862a32c597b
hprc4_L100_6575	8a7ee9e00a307a816cae75cf8284aad26bf1c6fdd1d64dd60a740d9ac76a2e90
hprc4_L100_6576	4306a75ce23cdb59f02a335702ef32ce3fcb01ce057469b30e5b9650124e281f
hprc4_L100_6577	95079ffafdd984fe3434c9c0258c4820c899a011bc28b5c48ca18a897d8f7c1a
hprc4_L100_6578	3ebb9744e5b1676f201b57baab2e0fe4bd2f3d8a706306d90434627f7d210795
hprc4_L100_6579	1100e40035127b60f8a3ea23e9680d423173b1eaa3446df5363218140bb48add
hprc4_L100_6580	ef7a8f960ea4a90517bbdef4f657358a9fb87c7c4f2c72149d64a6faa080c11d
hprc4_L100_6581	bcbc688f536d5c9c26a3433ea9bc363cf21716c207f776081d3a03708037997c
hprc4_L100_6582	e7b5d352c866b1f507f63b14af1552bf910e79f401d43498981f0f11cf21f751
hprc4_L100_6583	38843c948af7947925c4170be2b4f3cee8ac58e053da37090a8596d605cfb44c
hprc4_L100_6584	a376c871f0880e2bdb42d6031a41368e4d0cc734dc7296c0d4bf4a10be56a570
hprc4_L100_6585	fa4f7b203dd55d1add4cb4b2c5f796d88e2cd5e34afa1b2e9ab49c81f1c5ade4
hprc4_L100_6586	afe90fdd7bf29c885a8d0e474effceaac1294234520e28280bd5c31204763309
hprc4_L100_6587	1d0173858ce21b51bcce5e3378b363e2c1955b448c5a8fd13df6af4034801258
hprc4_L100_6588	bc02239bcc2c145ee6015d698cf27c86a2e51d4be2d5bc7b4091fc4a5f4ea088
hprc4_L100_6589	61e2f3437206f6a4e5e26eb787854e930883c3de5624c25d9800f5d82b72d985
hprc4_L100_6590	1829cae51570eab4eaa44b7e095072494dcc730582481594a221d7a17b485298
hprc4_L100_6591	269b85eae5593532423aad1831fc4aa4b9972c4dfb307ff6f27e5fb093545185
hprc4_L100_6592	abce67450678508b83aad2d3879abc2b91fa78f1cd082d5552529f6ad1de5629
hprc4_L100_6593	6047210fd2b03c7febc9918600ae8a5bb036ec6a9b4b4ef61cde6c79a2310b2e
hprc4_L100_6594	aa7250bded44450dd8035f4e5b1a55f1bc8619712800e4e900f3895278033c76
hprc4_L100_6595	14c3c62ea691ff59f6e82b10514f7debfa357fa06afcff73945a793028ace640
hprc4_L100_6596	6f045dec07005f29a9219d192e361c237abb1917329726566954201bbc7fc643
hprc4_L100_6597	71b5d748dd6dec7e00d228e62646774fc0a3118f701de347d30bec0cbd57d4e8
hprc4_L100_6598	bec2285902e741d10c767eb92fd0067cf13bad784e3a14e39d53fed01776149f
hprc4_L100_6599	f898d97603a1d974b9c73b8adf824c76f7ad1710b5648184fb5c68e967fcfdd5
hprc4_L100_6600	9b442bbe6f6b113338a18c52ef8f7bfbc893c6d90aadcba220791d38cc490b04
hprc4_L100_6601	68a32c4b298fecc1545d505ff58203e4ba9b57a4e3934b8adae0d64f599e3557
hprc4_L100_6602	656a99dc2f8034504cf4d263f630af78cc9b1ae693f37ae76bd864b68946d27d
hprc4_L100_6603	6fa916361aa05c4a15a818a198742ac1f05ec2736ba26d3b549d2967df06a86c
hprc4_L100_6604	3ec75631f90b2e31e229bd22125597f31997f8fb9fc0edfd5c163183e3bd24ed
hprc4_L100_6605	f13f2d07a35b1802f003994332cf18f1fbf48a9f3b1fa692e89696893e8a4aff
hprc4_L100_6606	5b042b806fd762f9ea22da73267785e6f8d9c2f8b33c46b987e67cd8a76c467b
hprc4_L100_6607	a7fadf635135331c2927e772249357d3accaef69bdfb45d47c2241a4e2922b44
hprc4_L100_6608	b3be71fa82521cbcfd11eddf4de78d5104a452c518ace6d9f7177cda817d4f8c
hprc4_L100_6609	6a6fe720dfa342c87bae15902af79575fe52c2a4527b2c83b732cdb2b8437504
hprc4_L100_6610	23f3327c0cfd58ef40a95a532496d9769cb0f6a428f8309f89724b41c7378540
hprc4_L100_6611	fc3683b18aa401a9d18ed88feddc715bfa8f49896a4d1d46648ad887b372ea5e
hprc4_L100_6612	1ab8427f51b1d4616ca5b8496c2b147dd292f2b6a7dcfe7869a1cca38106afc2
hprc4_L100_6613	fb09696bfde75d90aa6a42da717acca1ea6a67c5235f3213f2f3f1c63c5680e7
hprc4_L100_6614	cecb513c64a0e7c70f697e9c87e732c2b127dffb5a6348be47944e5cd576f460
hprc4_L100_6615	8e387d38b0f3d16052a2544aa99646120abeaea96674e81c30fbb557b4fbc227
hprc4_L100_6616	4e7d7e49b16de05a44894a7b69668b653e0dbc0df7110d9f9cafcfc70a73b284
hprc4_L100_6617	fb18eaf56ec9217ca5b05cae374408e5e3f96334124f5771a4fd987df339ec3c
hprc4_L100_6618	a73fee1b01e8a49ba52790fce5876245e4cac758c47371090555f9222f44a44b
hprc4_L100_6619	8f84ea0645326f451fdd50c13ec61ef84a4e4731e6e5539fe1c2d2a8499aed57
hprc4_L100_6620	0e167df1767d6acff476cb141bdf0705a4757ac052dd64379433f161522d0d49
hprc4_L100_6621	1e05f2918aa32ac6a5eba4374da308623767c936de059edb7af64f6f6d890b4f
hprc4_L100_6622	f66a0ab9964b2c60f7e569e8411003744730cc254c5f67cb1d540f2f870781f1
hprc4_L100_6623	198d0d56ffd2527aec84b6af32d71812742d09ef0adf9a163180ee93301e82c8
hprc4_L100_6624	8044300b06372f2b939997b2bdce3400c17d0492088b086753afdd0ea1e27954
hprc4_L100_6625	156653580e6b6276aef4fd16d8fc631d1934c5b345b82b706bdc2b0773807cfb
hprc4_L100_6626	5fdbb61dafd8426cf79988166d79fb2c538063f7b511fc787df18995a19e0fd3
hprc4_L100_6627	6d26e5ac3f6cc69009f28beaa9fb3b0297864d5d7fbc2ab6b1fa7f28d7434b9a
hprc4_L100_6628	9510dad259e662422974533277c24764be95da07f04826f40c5b2ca1e0430c85
hprc4_L100_6629	3eed6c1a7cb0f8d5eda4eb365a841bb6dce1296c0ed308fe83a55ae92ac3a836
hprc4_L100_6630	4e0f5fc7003c818f56252afaf90242259f59173f24073e8bc51bc6507c8171e1
hprc4_L100_6631	8720781d9c0b511fbf1ce2b5239bfd491b79201701e431a936d04da0497d5bd3
hprc4_L100_6632	9160cae18f2def2214c9235143726398ff7daa669d44279f40d6510307af7fb7
hprc4_L100_6633	065b6a0844bcf5b37dbe8f8d44ac94f4ef7044505e6ad0d6c79868f2083298ce
hprc4_L100_6634	29d11db1292df3d7febc0caf5d0531ad5ecf021100500d840dc6b4c77a621f1d
hprc4_L100_6635	eca0c8ff6c940b20de2bb75f25aa741eecb150ce207c3731368889891ec8bb3f
hprc4_L100_6636	76723dc6378bcfa346d6b2950eecb6ad7b278f2fadc00688e5688ce968cd9533
hprc4_L100_6637	9777c4a74784ba64ccf8bd2582ae515ec56e085614c7836c119bd7c0a0263765
hprc4_L100_6638	f414dda9edd3d8b4820e0f6cb72efa9b0c6eb2e01f33ceb7849b0b2fae99d420
hprc4_L100_6639	8f4c184507c2b87273e4c28ea6832cabec412d90598f99b6d1302e7fac751658
hprc4_L100_6640	a3ef157f246b8bc2ae47973c3efaca87ef5fcd4c57336bca7cfc10eb43ea3d77
hprc4_L100_6641	9ea19f5b8e3661c34bde8249c07b798f5a7ce8394355070c5cff53b58d48be46
hprc4_L100_6642	bd456ec0cc2e50a7978922125f6f00aebbd616cb42fd7cc83398b957e226f46a
hprc4_L100_6643	41209883ff76f8fa8e37b94d44cc24e27fd3c236a7760ee0ce65a8f25a01034e
hprc4_L100_6644	d51aa16e7e09d151034e9e4e4bdcd0c9ff487ed26608a61b0ca017e105bef502
hprc4_L100_6645	a8544216387d7197a65a210e60b97ed10d1d781d1a1674091a0a6e78f710725e
hprc4_L100_6646	3d831801e884f8788fbac59a7780d0687c94f945c2e0448a96c28fa7bc11d281
hprc4_L100_6647	59c3d2411d4d18d7b85dc43ed5821ca3b0cc8945eaf04153050a9cee2dc4b62d
hprc4_L100_6648	6a7dc4c6ef2ff9351ad3a5970e6406935cda9a84de7555853092144a7026773e
hprc4_L100_6649	693e8a0cdaf421db9528c2bef064530b46da3ea207ea59bc788003f545b9b60e
hprc4_L100_6650	c0b8e9c77df6c7449cf8bff321ef8da21255bfe348d44e8567bfb28e09ccbb12
hprc4_L100_6651	c83575eca9d05133fdb265cf51ee742bace374a0ad55aecd7af818309654887a
hprc4_L100_6652	3d820337ac64e67c930a5bfb3ef34c6c5cbfc0d9a9e3ac255d064753b5dc5613
hprc4_L100_6653	490f52d64b7c0ad097e5a0944234ddf907b9a29a9a4fd5743771fe82e1f98c31
hprc4_L100_6654	03517a45de126aa642acef9695611ac1f2a0792e8354f4217e7808620d460d94
hprc4_L100_6655	a0f20da278a9c8193f806a8ada809385e96a0e4f4d570cb3fe2a92409a4dd3ae
hprc4_L100_6656	2ae0d850ce0ca4ce171b1032ca95c32b8b5aa3e6a3c6e45860705aa4dba1c0f5
hprc4_L100_6657	d065f8cc32971bb31193c75821ff83f48331394835e87c1c27a59ef85ae8a3d3
hprc4_L100_6658	512f8fe6940cc4e006d90a338bfe68b17adde386227af2229ef8e937091349c5
hprc4_L100_6659	1f950d636eced51aacc7e53017a22a866208bbf974e7658c0589ac00868cf6ec
hprc4_L100_6660	072d7fb314089698d21de09a161ea5292d2157d1d8c40a9c3b65310a1ae4f773
hprc4_L100_6661	e394e95d471336c34529b6b3e4c08eb05434e1dc5e1dd55cb33e96e5bbd736a3
hprc4_L100_6662	ca48bdaf79f833c0aeb5286050e3f803ec438c2983d372920fdc5817029159ce
hprc4_L100_6663	966ddae4f7b61ec54cf71b64184f77cc0536771e859a534f740906ff0dedb8fe
hprc4_L100_6664	37b8271c11c747927322c14331d2476b2af1258cf0abb8d6cade881097fe5e9a
hprc4_L100_6665	f7541f62d3e8f88b3f2147b797e30942614f290933a50e6729dbc356571eb2e3
hprc4_L100_6666	8e53a7a9dfd17cd52985f17f0f1d427a641f2a9628f067d3a64ffc4bd62dcc39
hprc4_L100_6667	050268965114a4c1b619fd0460d88e7e15264929b06bfb7b33bc0de59c6eb116
hprc4_L100_6668	3b12f402c3f79e1989c3f9220bc3ab75df90a6bbfc00f70a4c48fa38dd9d5ebd
hprc4_L100_6669	c82d71ac48971834ac867cb166b0aa5d331f480a3aaaa6bc18a8bc20ad10fb68
hprc4_L100_6670	67d517e8fa639a20073307d3b5cce15677125dbad7f433c332457d317e0da041
hprc4_L100_6671	5e45ccfb1157585ee94f9dc1b3b2f07d2dee93ed50dfe47c3ab7b705b1c52b29
hprc4_L100_6672	26d76fa05fc64d329bf7351e46e22b7aaf3be60fe12cb8b3bbdbfe0214db1645
hprc4_L100_6673	112b1883bd3debf2fee21ee34d23cb9b3550b56e119fcd6eb388cf78b06f1e81
hprc4_L100_6674	d9856ec73a5efcdbfee158da8a0d3ea4a4ecab9eb653d7342cbc5cedc5b8ee67
hprc4_L100_6675	bceaa6e59c5e382f2040215c21cd1e91c2f9bbbafb861a186ee99c019c60d35d
hprc4_L100_6676	e76713eacd12b0d3c451540f3825359c5f95888144a4daa5efefbb33c20be48a
hprc4_L100_6677	dca900a290d083863a5d3773654edfe619d355dcb10778ae7402f227d1cb7c58
hprc4_L100_6678	0058952fda93d5a2a84d888eaea79d195a34a40c031d294845a995686210e3fd
hprc4_L100_6679	be768ad8cfebe29cf44e550c67a649605807e0516b7ab02f9436cf8c9465aff6
hprc4_L100_6680	d70471733403b1f0196572182a366ff2a073b31ff45129afe241e186b7972c26
hprc4_L100_6681	97da0b89e02d702f25ca616c2e4b1829d7b33863aa58273d1371a5267e6620c9
hprc4_L100_6682	e4d0640cb54eb75759ea5b611a641737def8d6f4ed17824df6ca0a5b569219fc
hprc4_L100_6683	db5cfc1ab463620cd455e4637e6b304e2d86614c6f6ea5337189e50d54bf0a79
hprc4_L100_6684	64acc6b2bb72ceeeb112e6f39d1bd7095733be6c2f63badd3d13f21c407458fc
hprc4_L100_6685	d5316f669adcef687c4688f290196d01c3a2347094c0fa3129a965095ec535e0
hprc4_L100_6686	6b4dc4f91ff8c81a86d4f19113b60b53ceb245f52a52762fad65d1ad383b027d
hprc4_L100_6687	ba951f26f0d9a3c1768aa2e108f09d652ddd36aa8a5b08fff216923f002add30
hprc4_L100_6688	9f141cda264ba4bda26774ebfd0a418fbc99e6c90602200e421af42491900736
hprc4_L100_6689	52bc76e1a13b1d615fc9c8a766521f3d1db81630b91d2457572e49e793a59f4e
hprc4_L100_6690	672d6ba2ddf73e4954bae9c344c9e6282db583c6aeff2c2c0eed0934f514418a
hprc4_L100_6691	41b6962f98ec14959b24e3b74c4e0476aed562cfeaff668ea428c7062319f7ca
hprc4_L100_6692	441832110aca31f09bf7603ab85584fe3d40f1b2a191f6b60685dd5b967047fe
hprc4_L100_6693	d9cbf56c2888c6fd7a7dd5e56799242c7522f2d5714863c789d89e0b9775188a
hprc4_L100_6694	4e2284597e863dc26087a486f37e18be81ff966a7a10c75b52fa38b19a4395d8
hprc4_L100_6695	800b04da98e92f50bd90859bce2d29f8d23dcc2386ad9066481cc89c4d6c1533
hprc4_L100_6696	4d949f614adcf57eeb092c65a96deedb25020d04df265436c3d1a769615b31fe
hprc4_L100_6697	b0c18d0ccbb42c08fbe3a36ce5de4385c7fb379d49e162e6636a5649cd58f9ba
hprc4_L100_6698	70939abbe0ab695d6a1b1ec9c7a5796e024911be262f70a247a07bc5ed4fc7a5
hprc4_L100_6699	87c05af340999159ffed77047f3723d36f2eab7aca3db0d538509489e2bc865b
hprc4_L100_6700	33cc89bb64eb5fe85a4652bedf258b2fa2c427bd50ac6e9d940d6f92d7522daa
hprc4_L100_6701	82445180162f4a1ef4f950a375fd7879238cb57ec4ef6902403342895f37e1f4
hprc4_L100_6702	7f1725b2fb33da505f79a5d54cef242bd5afe37c4d235ad126fef233a47701c7
hprc4_L100_6703	58bf14e11133e99ed6fd0687b3f24c0719e15fa7cf452936db16c67117a6e3d6
hprc4_L100_6704	69e4ee68e2de345cce273f847ce1d3962917ea958ed0c9c34eaa30cf397bc81a
hprc4_L100_6705	0f44968e6c608252bfb9717e8e558b191474a74d04cff98e435c7b13f22b7770
hprc4_L100_6706	b8c6b4dd5fe41ea261bf4660cee937dfae999bcec60995126c7455c92575ef70
hprc4_L100_6707	cebf228e6ddcdf2c8c3c82a523717e9c6daaa4ecd02119ea7b1848e660e48092
hprc4_L100_6708	a9b8682d43d38ca48a463cb1373e9452060a731d2fbda7b1aca72dcf379f1912
hprc4_L100_6709	c4e31f9ca612b46c25caa49fd1832710ee5b2e0eba0c50ef06e4aeba0bf26983
hprc4_L100_6710	952778740a28ec30854239cc2ad99289c954de0999a69bb1d7130db9a50d30cc
hprc4_L100_6711	cd7a2c1143aa0234ed63f851ee3dc956005614598de9c405d472cd3607ca4235
hprc4_L100_6712	a0406753f108e84a3df56eecc86a31208d119840c6d7da87092d06721d1854a7
hprc4_L100_6713	2c86f1b89315cd7b86c4412ad57f40fbdfb239404b4b349813bf72e360e01c21
hprc4_L100_6714	87af0e0b319e4501b1c91cee47a1445739c52982b06a5de595353b309808174e
hprc4_L100_6715	13a1044e61f5148591999bfa0465fdeb63e2c5b8b81cd7535f10174bdc49a27f
hprc4_L100_6716	6405bbba99a4be6839b75a6f14873dfcd54f5c4d381cab027c5e38e792ef3d6f
hprc4_L100_6717	b561ee051e79a1046c37afbe284fea6069bd18c8a4adb0e0c57c110a95674f68
hprc4_L100_6718	c8be9c2b10664977de0da57aa898c4760c89b8c7b643946e6dce99bca167bd0f
hprc4_L100_6719	edcc4c9b0a1a1fca563970e391547959e4db5bd9963e46c4f60055248d7a0641
hprc4_L100_6720	6ab26152bcc6c0946a858df5f99fe6e327aebfd7e56e4ad1590f4af13949060f
hprc4_L100_6721	ce39ad3bc400903e9cfe41a7a84e79a197d411e5603b5d6fb71d4aed0a08b910
hprc4_L100_6722	313bc839b0ce16c9520421fed2460f4b182831f9847a70c047bfd8e2eccbceb9
hprc4_L100_6723	31b7c30b0a0dbce7768bd5dfca78913e10221a0365e112100d210d0e944147a4
hprc4_L100_6724	1a0bad156f1ffbda4670952cd709f50dc71aef83034ec0f8436c16dbe4fb98dc
hprc4_L100_6725	1aec50ba4adb4b048f1823bc40df096ac3cf8cee7602aae268df154c195a50b9
hprc4_L100_6726	0fe9102706a2b66a80636cac0c3694f7c974bd89ca04421ed6a2c6850fdaedbb
hprc4_L100_6727	120065f5e6d18d42189b2163e7065083b99f36dc627336f2101f466274d2af18
hprc4_L100_6728	cc2e2df7d61f8864916369eec65a760cedb51a58f55adc9538a07c5106aa7a59
hprc4_L100_6729	2d3fac34fd2a8e77fc7727adef2c36b3157c3850755e0008f5ffd25f401b5733
hprc4_L100_6730	52ea94d8984d2dcc180ae904b0e3c14ac25857dd6c9bbc6d8dbf408e1faa568a
hprc4_L100_6731	e71ce4f554c3090b07342532a2a5f155f1511fb23e74b2620acd5eee72387d81
hprc4_L100_6732	18e7d1bcd2c5018dd18d709ec54ca9e6c574ff6f90fb3c5b0dafb4fd56765c89
hprc4_L100_6733	6767d8783d8e20364939ee64c6c6d4eff874f4a8c8821faec9085b8230513b3e
hprc4_L100_6734	55ee4c3ed2a1ad2443d3494d42fe4a6632fcab3115fffc6a129175752c5e0566
hprc4_L100_6735	72dce3ee3ad6454705fc0e46802af077cc9af756e408e3e1c65c257ad06669a7
hprc4_L100_6736	f1307ba411e70d54d7cce79e700d41149ac8fdab9c8b3e4ce79dba4e027ec91c
hprc4_L100_6737	263aaa5133c6ee53858e37ec1118b5e1569a0b7833ebd65ff0ebf2cef9ec4565
hprc4_L100_6738	499357b32fbed2fec518b21cc18a3eba1f5c7fecbba947039b6a03192d9cf312
hprc4_L100_6739	be9fbadf1614158653c994d69878f6e1dd8a42e5b9e93b5b13039556de0e6857
hprc4_L100_6740	491f0fc196e1d05b2f25eb0993a2f966e0ed4f072db6c990b8d9f6dd95ffb162
hprc4_L100_6741	c0f5c59ae9ef2e8bba70ad3c57d1abf1f192ff978df7ed64f6434652616e7c1e
hprc4_L100_6742	604728cd69f6466f74b7ca1c386c04081b7f965bfe37447c718905931b54b149
hprc4_L100_6743	05efec741aedebdff9197a91be113cb830f9b696966eb73171e407f5b9726eaf
hprc4_L100_6744	e703d79da4383d780067627ed4c491ab16a9238d40be5dd290745ae5efb029b5
hprc4_L100_6745	a3d588604ff157b2080862b3d79f71990f4823dc7d02f773568ec7cf7a6e4732
hprc4_L100_6746	19b87537c3dd386da80b04a7b122808cb89b7216f4f59f8994ccbfffa661b523
hprc4_L100_6747	da2faa46735cee2d2f3fcf9490839bf42dc42ec30ec9fc73821c814594e5f24d
hprc4_L100_6748	09d5d7f425ae0feaa5f19b17ba4ce3cebfb775e01426ddf679de73ed18d3c4de
hprc4_L100_6749	edaf1e06538b889f0a26c9085ad6cd200967e1f719f5391e62f231ffb4e0380f
hprc4_L100_6750	e8b2029a1d0283034bee258f54b83ffd5aec066a597eed6ca56a5e1991ad63a0
hprc4_L100_6751	d6a37c62cc0ad47465b3011d21348db3267c04ac4cd05ba01350f8def425292f
hprc4_L100_6752	036fbf70ea0ccf9f58a58129a759a8b1f2555da0f83e2e8c113adf8711660389
hprc4_L100_6753	2e37afa61e3ecefe040bb5bed8acc073d473b028bb4c9771c83f160e30a6cc98
hprc4_L100_6754	bd41aee9424631b206e3cbefa431cfc50eeb022cd746fa37c06187ba126a9cca
hprc4_L100_6755	2c4d7a320601f9a86c77f66ed1632ab0742c9d4972dca1889528b9e1b63a0d1b
hprc4_L100_6756	3c2f9a41a63ce3669aad8bd80ef4cd8fef4a1f363d5d825cae040da3de12137a
hprc4_L100_6757	19008db654797def3a25ee96a206bb993d6f67201c5cd3306af332d3c79f2020
hprc4_L100_6758	93c90a06b9d3e8758d831225ca99c238bf2efad2566b4a3f506a8633e5da579e
hprc4_L100_6759	ebe2041f1d356c1089390f89de8971d369144159947c7f4b5db4d05f554d4624
hprc4_L100_6760	6cb7aff3e0825e265331bd05fa6a6194aae35da1194100459f5688cf5cc956f8
hprc4_L100_6761	cae4acb1b4ff09b10931c597b101155ac8f5a98158a9c9258d005503012333f9
hprc4_L100_6762	d5c8842572276eb0f06bf9d3e5d5b851621255bbfa8f7fe23942bd44fe5ce66e
hprc4_L100_6763	7badfade8460fa9f2c5fb0dc134a1e4632ed1af387e47032c6348d822c847fc8
hprc4_L100_6764	2032a53f4f6923a1099fead4237fe7e0b846c388738410bc2de964a6f937306e
hprc4_L100_6765	fe303e638fd91d26e800d08fc008826c6f7a0e6b22f319b7a54ca6ed4188973e
hprc4_L100_6766	d9c730ded403dbe3c6d4a2836506cdbbf75e6dc15bb0ae56506bf9805c2cc4e7
hprc4_L100_6767	122465629799ae375e9b37804c3b12fce2f8386dab523c999d89973f9a700a98
hprc4_L100_6768	58a0902ea3c3ef23e2985015a4ff9f0edb365db94e23a45623ac1a2dbe756da6
hprc4_L100_6769	cf5b58174ce31c973748cb2f84941f9062d73bd790d9cc675f51ec257cf78d5b
hprc4_L100_6770	db2f7811c2a54995811205c522f4f84272768fd2348ac2cee30784fea64a1935
hprc4_L100_6771	d1a9e677d4180ffe3f94a1068b6dca00204819a1a4fec4dcb826848091597c38
hprc4_L100_6772	982af3d62180b043ca9c6d63bc68bb8cb3afcafbfeefc9cd981f6c23ae9b2d67
hprc4_L100_6773	b04db3be4c30c08d0a1d10adecaa6c72f544a256081d555201f4f954782e902e
hprc4_L100_6774	042359e8f49b371a617caba72335f31eb71bd4016718c7c3627820679c0deee9
hprc4_L100_6775	de84144bc5fa901f72d408ad1ca46c7fc659eac686b45dea5e41eb312c3953eb
hprc4_L100_6776	bf7af171fe35b66241c552c4b4c1d33756c5513659b6802305a1222e51aa98ce
hprc4_L100_6777	cf63f6d626c22dcd951179ace525c6998f92a8b9e44270a567e4db565f0b09a8
hprc4_L100_6778	021e2931a2380ba2c8b2272a72d4af0ab2bd9caff000d17c03082288c7d11ed2
hprc4_L100_6779	82236c55b68d84944a5ab1eecb8ab9465b28cc423ff1ad42a760e3356e47afaa
hprc4_L100_6780	5da57c2ecb1984f9bfa9a6428ba37cd7ad0d8c648d18f132e87cdce31e8e724f
hprc4_L100_6781	69ae55d5898859e524d3772891741495f5d93026800215543f9330a0d1af8640
hprc4_L100_6782	602be6e78486c5720a268f9f3642863d5387da241e6e7379684800e7553dfc1e
hprc4_L100_6783	f399a5aae4d0e641f8beb6496382d778de0574303b82c45ac9e0548841b26f1c
hprc4_L100_6784	05eafb2fe44f3f265887d9574605f8cf172a19a56298758c1be7dd37e0eb364a
hprc4_L100_6785	ef57d54d7c5e5c88b279c4ab5a27da2b4f9fe4985a9c9a96d718c403985a01f5
hprc4_L100_6786	db281399f4a0f0b95f94c3c38ee227109b94e2793a4c35bd9aeed34dfdbd0847
hprc4_L100_6787	993828263ba247f93bec1d62706e297408a27d49386bc683cf736b01892d99a0
hprc4_L100_6788	c51e327e2e86297168439c049905bf6742bc654eb7683721d42c1698f0a9855c
hprc4_L100_6789	7b8bea346f6e7585073698e870c0c39c5b01527e9098059775f127cff9677cc0
hprc4_L100_6790	9ab8fc5be6ff5fbd584b86dd9f3314858a1463e2804e0883d3b1620b8bdcee58
hprc4_L100_6791	50bc86b09ae585d9ef0266963617f0781de932f67bcfda93ecb4d946f56dc010
hprc4_L100_6792	e0a2231857fe4bba6851190b72684b4c328dfa154edcf44aff17c7d34ffbd96c
hprc4_L100_6793	c2e974bf43a5650511270ecf65817aa7a98262b36f95bf2e8fbafd1ec491d8c3
hprc4_L100_6794	6577a648801235aff1320fb71fa5311eea98485f265c8fbf4ffb9fc8763a8014
hprc4_L100_6795	f98a6eede33ce31ed7b72e2b158dd85b17c5f79f551d8bab1a5304e121bca785
hprc4_L100_6796	2d59b0c826b8c7d072a0ba9579db18e1575b00f75d549411cc6ae8b49c49652f
hprc4_L100_6797	01703f0a9fc7e0c9dd40a47628e101a20e96a4bcf0485d554448c25318580ace
hprc4_L100_6798	fefffcaee8309b440ea64403b3876eea697a1a26789ec826669a7b34cf2e6f5e
hprc4_L100_6799	728c5935484ee41c06eb1db606bd5a2919ae212cc3b180fa6378d57b97bcf3c3
hprc4_L100_6800	aa39d86626579cbb88c0621787565832fa57a5f9b554ea3702b5a02c27d02f2e
hprc4_L100_6801	e56e05392354b164adc840dd9f6589362fb1bf49ffa54aa8a3d9fba49c159844
hprc4_L100_6802	e66e74f7f3e6114bd960636a763d20c6668e7fdcaed55e0b2aa156f477a512b7
hprc4_L100_6803	af85fc9982b985a80ba2e1a45b0d1cfd66038b6cb7b5498c0e8843bc9a00ab84
hprc4_L100_6804	9bbbeb0cab21543137f9d748fbad7cec3a0cc82764f7fa93ef38284ac18bdedf
hprc4_L100_6805	ed073cdffdee37d1e6c09f04e774d3cf5af547740c2771afd4468f6820183e74
hprc4_L100_6806	488134dd4a059099b59d58422e332b4f24338ac75459f89572a32e114931a357
hprc4_L100_6807	359932f45b84375ee07033cce6d3b9b672311982c64fda51efe7dcb4d392fc0e
hprc4_L100_6808	cfe24a38735649b2d471a044e5035df61c9a9189741ec01d3a77d3f4de11881b
hprc4_L100_6809	1f9ba638c5574b2fc0c8cda2ec49a627ba5d3e12f0196197e2140f62b6914086
hprc4_L100_6810	ca1e31665afc94d8630420ca2c49619dc3b380bf119d5b271efa605df89e5766
hprc4_L100_6811	5620c20c28e0462a0321ff92862b3cc3fc7eca73c040cf51369ad200567fc829
hprc4_L100_6812	f66d41489211d37652fcff2a53b383d139f24ac4998f2bc56ddf0a5d3005ec3d
hprc4_L100_6813	cf544afb9c81858a114d0fac9ff1aafe166a8441ed48d5306226a811be68a2f0
hprc4_L100_6814	a23bb58b97374af109f59328e8a26102e4c37c198d700ff104f509ab4029a498
hprc4_L100_6815	4f655458f3decbfbc845a97e94ea32135fccdef6501f5f71363f29d1a7cb25a3
hprc4_L100_6816	e7ef89cd5852a7071aacb50a3ff0a15926dd1d55fbb5dae4e837d5df3740f65c
hprc4_L100_6817	22f3394949f7dcf62c0f4a325ccb0583d7171428afb41b6eee25962c29be2c5f
hprc4_L100_6818	861d9abf8e222dfc2d8bd0e10df3a18c48bf9aa2c387d650775637bfc4454339
hprc4_L100_6819	3dd9db60c360267493a8016ecf388dc191e8502b8e7bb200c8b692897f808964
hprc4_L100_6820	bebad539cca0a4b202c3d2178506b5326399075efda5ef0f81b709f49602dbb6
hprc4_L100_6821	1c7f7d5f87ff5c846bc5e8cfa7c9768d16b9287e966723fbabd7f1500378d1c7
hprc4_L100_6822	62e8c044b977ee273488c9b2b55f47738d557580b558257bebad88f703d368d4
hprc4_L100_6823	dbe6cb5a4366e9082991f93ed31bfb563a961d2a21c618f14c7434a7b21fe8c3
hprc4_L100_6824	f13af7ed4aed6eb659a8468d58db8dfb29e588bcebe6d03ca6a44e0e332fd570
hprc4_L100_6825	a080c2d8409135a9ceaccdde0ae8c0c8acaa6de7755fac8ee86ffb8fe3d636b5
hprc4_L100_6826	bc41664e53ec77e90ceb3f26d1af3051f03dac9ebfe11945a3eabcd958b98cf1
hprc4_L100_6827	fe0c6d6a316aad70d6e760bfd89709c0c096fce2c2c6e063c715503e449be3f9
hprc4_L100_6828	674c7aad0fede584ddf6fe1e5fd604de27e7bd492cd4a120e902efaf9d41f889
hprc4_L100_6829	754d6e0a2ec1e462f73a8542ada54d62d7ebf4b22b2dde863ab4923c361a8102
hprc4_L100_6830	30b1e6c277052f5b58beaf3e6ad84e8e86a2352f857b596a3ddd398dd2e999f9
hprc4_L100_6831	1ec88adf79973cdf689000e9c5b51d49f04aa6969a0f3c39295dc9e1ed356056
hprc4_L100_6832	d2c954bcc5757e0ddd0bf6fbae4b30b87479f53309c32074c32b58cb5798dd66
hprc4_L100_6833	03414c1c49e643efb580384bd8ba32e412ba2d5eafcc0946c73cfa6d26ed9f4e
hprc4_L100_6834	6abbcf478181356bcae6035e7177ed86f04279380ee629ff377dc2f62bf1c956
hprc4_L100_6835	39bf410cc87175d99f97f7a9fea6f300029adea3b86db55ba3acfbb6181d355f
hprc4_L100_6836	445cdcde815a8362d8988f0b7fd6c0b379472ef681468564585beb6050e2e5c9
hprc4_L100_6837	ad37a0642dc4b168051c32d6c6da29dfa3c6b0aca8655f3cf57ab05a7a722594
hprc4_L100_6838	bc0f65d48d3f3ef28d04c76c999567836a1ce26adcc6facfab7f7108cc0208ca
hprc4_L100_6839	56b31071f44b7626b6170135bf4b9ca6f69492612d28b0fcf56cd6ffc99a6055
hprc4_L100_6840	5539e09100cf00790cffc8c7d83f9fde75e63ad23513f7db56b83e3e459f00cb
hprc4_L100_6841	da70917c0c378f3c432a8216e97b3b6f7608b5e5a11c2eb190c129ca13372186
hprc4_L100_6842	fd2cb1c37f9dcb41993046bfc01e4091fe92218f545f4ecb8a610939a604d9d1
hprc4_L100_6843	ccbe22aa619bddba84312ebc0f56b303d7501f002dd4dfaab31b0b30ea451021
hprc4_L100_6844	ca33cff4bf6bf983925c53d2882e8f3d2e784f80fcbce40f9e893dbf29f161d5
hprc4_L100_6845	56df883f52a03b616a8515140cd7cbc27244310b079cecc1ac4430fb5dbbace4
hprc4_L100_6846	b9a1e4f019eef3a75db75f8388bd6963f5e00fef00e2059c964a8010d607fe79
hprc4_L100_6847	3651144644becefab1182948284c2e565b2fb717b217cd43f0796bbac567bd6a
hprc4_L100_6848	65531998e7deaed254043c33297a5d711e7cc50933eaa990af2483d6b8bb557a
hprc4_L100_6849	04dffc54dd46d9d96584fedc46677c54a4126212d61a87f7e4be0e474f52c43e
hprc4_L100_6850	c1353662c1ec5da77d366a927223a325cbc28ca8c8479f665b30f1b3ef0e313a
hprc4_L100_6851	9ed722f0d01cb1c18f3336237aab37af8a5d119a2e8a7fb6236d266749244ef0
hprc4_L100_6852	b68b899c4a216aed66931994c6f9a064fdaef35caf86453a24fbab146c128ce4
hprc4_L100_6853	d7da7a1e710e34b4882f584179d1ee9b43b4c574bb8c3a3c676242cb3f6832cf
hprc4_L100_6854	b56c2fadde58226e89d6363acaf16888e05d10fbef5c81ec3581c8aafcd050db
hprc4_L100_6855	f9f6e45cf4b1f092a06eaa6b00ad935f1213d6470a63a380980b7a8820f0958f
hprc4_L100_6856	86c42c5698c95e57a572ff8da49fbacdbe461679479bcef9e38e1bb625c8bae4
hprc4_L100_6857	38ff00c6e9af2292904a098cfb19e3753c8c29ae8d92b7e139d1d48f5d290138
hprc4_L100_6858	fd08ec2de3fac1caa3ee4c072e8d994959725a98c9c374821d78812236d460ee
hprc4_L100_6859	fade0d93ec1d8a8148d8c2eefaefcdc6a620966dba95b1c635585ec9c342eaf9
hprc4_L100_6860	6fb4b44e435bff5be83800b2602c0d7203db99d4ee29388230ecd5284cef577d
hprc4_L100_6861	b7cee1621f49d719c0b28b0e253c08ab1af50b9eb5e5fa98c980c02503298968
hprc4_L100_6862	9eacd272f711ce2ef70db1d62509f9466ea284062f830cd450548899ebe9557f
hprc4_L100_6863	6b8f2e562a4eb5716ae844e321df6c50ca137f91cac39e4e0b4e3aad269bd4a2
hprc4_L100_6864	aa3415c150031be2165d81fbc011e9a1703b1c195dfb8c9d532b6d958df016c3
hprc4_L100_6865	eaf4c62c57026fedd6cf23a6f90ed2eb220e3b4336dd8eb0a3d25ed207fca546
hprc4_L100_6866	917565363c7ad96ba0c223f94760f59c3cfa1c4e97535da989db7ca1233ea1dc
hprc4_L100_6867	58ec978aedd5b4ca7b8b7ca6a2c27fcdd916551eae4819e2799347b599e2cf05
hprc4_L100_6868	aa593c31f10f5ded01bf8832291e19227387fc1e89f75311847f2f66881e0ddc
hprc4_L100_6869	aca8318ce0cf8b264905a44eb323cad63ef0601cc2c419b90dbc982b1e2e4580
hprc4_L100_6870	79a0de54f5fa34b34d863f09d7bf5937e39fa77b36e165d973af4d2bdba5b1e1
hprc4_L100_6871	f585321cb055c7b55951b1b741b2da4541b619d482eb5d54ee977eccaa7e14dc
hprc4_L100_6872	4db1a6ce2d104cabeab2a41c7d41a3b89451745c4373c01879cc08eac816c29d
hprc4_L100_6873	d5afc558ece5ab6d4b018df2510848526ae50a8faab15a2395592c98280a4049
hprc4_L100_6874	118855c62d3632e83b7a596e2489f8772f8d7851decebb4f0add94c9d5afeda3
hprc4_L100_6875	4b10b61cdfb92858a4a634fe27dea6918c35b589133237973dedc5375b02fe6e
hprc4_L100_6876	814ca91245023d355cf223cb5940aa6cdfda5ae0e861a4b787b5a78438433ab5
hprc4_L100_6877	bfee94de09ba0e573bb38fe603fa7dd32a27e4d0e538e4631a46490ff9c8472c
hprc4_L100_6878	c8a5b38aabffcdc01d4410c12684a7d24686f4d7a9056d02f903d3ff91f9a41c
hprc4_L100_6879	e8cddfc6ce5cdabb05a2cb69aa94c9e1a2f229912a0a1a1edfdd7acd155a63a2
hprc4_L100_6880	f088c70ff3ced37c9ef895eba681a2814eaecd5229d71aa98c84f1ccc94674ab
hprc4_L100_6881	e6a8c87f54140ab1d0c92fb36aa6d175fdd70825b6d158456a53ad9c09187a23
hprc4_L100_6882	45eab546aa0f23640f4bc81c2f0bb01f9428a25a2b0290d4b6bb3ff405843d8f
hprc4_L100_6883	a1b62ac2e66459e269891eec2d17f3bd94c4d213fe21b5f6e76860f5ed981656
hprc4_L100_6884	165ce704378a271ad2b3bcd1dd39d70eed146c765f1133596810507d845f3961
hprc4_L100_6885	274d08ecd0d8204f7b788cf32dd7b4e13d1a736bdb96d9a48fda93865b1fc2ff
hprc4_L100_6886	fed4371420b23f29cc860da282742f7bd9582a6d35d908abd2c3736c8c23ca2b
hprc4_L100_6887	93f30daa372d5ad3178580442584116dec56f86a070865d874c42fe58404db78
hprc4_L100_6888	225edd9d255a58ddb8c7aeb98e024975f3d5594e9e486023778d4d4b874a9019
hprc4_L100_6889	2ef791b947a5580bd29ad348bfdcee9ee04341aba01c0469e85d17a0cd75764f
hprc4_L100_6890	bb156b7a68a5cae645571c6c437b0d03aca6d6c9ad19470594f33f0bc63f2b17
hprc4_L100_6891	e028b659e55cee6ab2091c59b90cc4c29e0c301c273be3a12769d751241074f2
hprc4_L100_6892	843f579151b854eb6619bdde923e022af9e64e800e931887b4dd0c9a5e991831
hprc4_L100_6893	441c15ab19ce93f9728933d9c16374950b60391401746532f11ac4761ff87c49
hprc4_L100_6894	86e13f5c3a9b8e51eb3c5e0b05733d73a18d0ea9471df0ba4b21b6fc60f3e062
hprc4_L100_6895	5eb98c5f80124d51193c6b0ef325edf73aa4933a0e5224d7936e6406441a8706
hprc4_L100_6896	17126f11d5dd84ab9af4c6fdb4c192a2d1d5975daee11c6efa684e7cfcbf977f
hprc4_L100_6897	91c8886aabbe5c1449463059bc19858cf25950cd4f6131263b7174e11eaba450
hprc4_L100_6898	413d0961c4456a6f5d0f4d65d7aa1dde3a92008295a7d0c0328cd32b5d14d560
hprc4_L100_6899	96dd49246051aa11c478dc76e39c59f4d3091a4fd338c2c2cb01bebc73c46949
hprc4_L100_6900	355af01a50bf52d3616202a284693c5b7d436b4b979079e25b3ccd3394a43f08
hprc4_L100_6901	b2a5171f8bdb204a2fef0833ddf4b3c29335efb77fde604a1de859521a4d9384
hprc4_L100_6902	502b096c4a99407ad1073da2dc89ad7ca0ac26e4441555a55b76f780c4a73e62
hprc4_L100_6903	8a0306fccd7c6f5f9bce9831dbb7e60ff7cda1cbab8867f250056b75fe9b8609
hprc4_L100_6904	82f3072ae95cee1ba1d2d677b8a792808dfe08067858394fa3053290952181b6
hprc4_L100_6905	0c1e7c699fe28826149bdb03209698eb8e59f25c309dd2c733dd114f44d2d049
hprc4_L100_6906	62bee5c86fd8aac519d8ce6a157cb46af299674724453f1c0620787fdd23da99
hprc4_L100_6907	9b4e61f8e44121e4f4b521585b6ed78b9b4e8383f079116bf4c7368e72850182
hprc4_L100_6908	cbdb6ac2c4e14efbc52fbb61a9eea821ed2ceef642be46c5c8303712b39320f0
hprc4_L100_6909	315249016cca54de3994e40946189184410c679c52bfc40f4c73515dedf1c70e
hprc4_L100_6910	de36fa316a33a33f42d035750aee3be1f6fd975165c410db3819fa75f0cc9161
hprc4_L100_6911	a6ef7612ec2fea8be0b2c13f91d990a9e429d076d1ff3b04dafc6093b7cbb1fb
hprc4_L100_6912	634cfea5e9e3bd65cac8dc4fe279ed68aeef8234672b19062e25096b9fe688cd
hprc4_L100_6913	c6e2eac97b97e73a2e194d3945186aa26017191e8b6fffe1d136cc001e3a0cca
hprc4_L100_6914	25b1fddb97f45c57431e1450d933033337cd6d4f525a53e2abee93660988d20c
hprc4_L100_6915	037409173120e90d45f22ec7a16054bb94afe13fe29cd4894a5a71005d0eb192
hprc4_L100_6916	31af6a4cc6cdac6a830a9e5d0016f26d731070ddcbc6874ad05a855b3c6b250d
hprc4_L100_6917	0fb82bcd41975afce35166075033ad84af4504161acaddd98bed66e45f20e11d
hprc4_L100_6918	a54bb95af820b2a23b4bfa87207d415ec8041682b70e845b1521f24f890fce7a
hprc4_L100_6919	15993d42f1182160154c39d538af98ed0985d0113487721f85dfe9ebe6ea983e
hprc4_L100_6920	b8035948dd29e9109ec825818965927dda2d7bb22d98d2ea44f41890dd992dea
hprc4_L100_6921	9d6257278d2a5ab49b0aabaa62c6677e7c8c191a3b01968a93718d5874db5c55
hprc4_L100_6922	35441fee1a03bfc6e3c63e7c4c7f5a6f0275347018e5fe7d916be74e78df084b
hprc4_L100_6923	964c3d30b5c0890d5b07408f3f8d10159342bc1a3693aedfb59be4bd17f3f835
hprc4_L100_6924	b1956ca8e44aca84621ec29bf7cfd83e498ca8bf9532a3205ac69a8c0859c511
hprc4_L100_6925	c9dbe21cc706c618b759c3adc8284163874a0aea100564e0667b3785d337858b
hprc4_L100_6926	6d30a48e07e7a9c1884d7e68f6bf0c662dc5416de36c2b8bbef25e5b1216b561
hprc4_L100_6927	8c44d280cce5acd35e7dde80ee8501b1d873c00f26e1968a6ddd867916cf1958
hprc4_L100_6928	788d296766589e700603c48273a473044911ecb000df7061bcd59cf4aff6496f
hprc4_L100_6929	be92f727b37567cd51c07fdd2f335388a604e35e9e555fb16fa9825d025b5f29
hprc4_L100_6930	d0692c863dbf96f6a04629432335c057028eb9f13cf67e2f1513e087996a109e
hprc4_L100_6931	88897165711cc76c3339a47c3433fcc6bbb3733174e82a1f6b1df9c1153ad5bd
hprc4_L100_6932	df7960335ed4b700d7e068dcde43f15886bd8418cb74fb6df8180dffe707a8e9
hprc4_L100_6933	3600439fec41f0f2482b8ab81e82450baf0b21c8ad72ad9b4283624c172eda46
hprc4_L100_6934	c20026d98c2c4369a56e21bde13a5aed85deea809f3a460569d04fae34922299
hprc4_L100_6935	466ee41c8b9ba569bceede4c1acb342b07a67006d7e2d1324e078ffae847ae73
hprc4_L100_6936	6b47e6c6e98d69d7851fb8af82ed2b6d31de5689ebbb2b17d2635da42d28dd41
hprc4_L100_6937	030ceab5ad889f4a065cb750d89acc93e1b7b72220e7e4adc2e157200e8f5845
hprc4_L100_6938	67ee8f4c6089bd55478fdac9bc6bcae8188f57f43373bd736c844ce697d587a5
hprc4_L100_6939	747b80767e3e03267e35496c7683453130a72de4f4f15fdfbb8ea76e1758bb4a
hprc4_L100_6940	4d6f2d568f4d43e92822936a072571d3488cb202f2591933fafdb1f63fb38e00
hprc4_L100_6941	a40c6d0aa4f684b9c635310d5927ebe9b7ea1b8b0dbbf0d31397bb2063fa4f18
hprc4_L100_6942	583bf04ff233ef8fb37b370acda132d0481d75c0365f8770919e641535fa5ac5
hprc4_L100_6943	ab4a8405a8335b62be75cd138c07d844e1a0d55e7daddf63ee8232d5dfdb34e9
hprc4_L100_6944	3de5c600b3e3bd0ca591d69530a5816017e4d2992c204b526b85bf0725cacf84
hprc4_L100_6945	a534f6c2278749ee2959f74924f07331331bb6c506b1d4bfadf7618894edd1f8
hprc4_L100_6946	464c189d64e7de0b4c2e55d7e8e72f754e1f67b8f358471bf0811e19a233b152
hprc4_L100_6947	40f8d4dcd0e8fc88058f93905a76e4fd61cd6fc5f3535f7a803126d5ea1c86ab
hprc4_L100_6948	5934602f8f68c0c2efa483b77bcb85dad0bede28679f8a10dff2dc60fa119e59
hprc4_L100_6949	1ce27898a512ee7e1dba2a8b1bdbf250067faae0c4718416cf0f5877897ed29c
hprc4_L100_6950	61f0b3f0417596eb3ed7cc7dd134919ed1cb4cd43b648db85bf3edd765c38f09
hprc4_L100_6951	b306d50ac1a4eb4b4a9301a3cd1c3777355ece2f0949e20354e063af9fae3203
hprc4_L100_6952	4bbfc2b15198db31d9fe810e1bd3b0d57124210d83e835d856efd2b654412341
hprc4_L100_6953	b6e845fa16ca47c6a1d6a4434270b627c20b94df06d166abbcb88a1cdd27931c
hprc4_L100_6954	1e29e670167af9539ba65c0cc93a07bb9ac9e53d8835e6a43cbbd914d23a51eb
hprc4_L100_6955	e541efc1c0c3ecfbd47d90c0d5b83fb24a9f88d0554f1adf3c418e754b8b70b8
hprc4_L100_6956	d375717028f674108bbbde8841d41e0a050362f840bde0b2a609626b60e5d68a
hprc4_L100_6957	84abe5011ed0a8851ff3b85234fcfb12d28c856cc5b02dee60f806c3bc97cefe
hprc4_L100_6958	10c9885255b5f4fffc1d0e556c11e239201e171625ef76a961e54227c0301ad8
hprc4_L100_6959	05c1cadf696f3b618879a2fdd1665f693aeb15a02377aedbb061ef4e4c62a914
hprc4_L100_6960	3bd72ce55a3f9d3a0e7a7dfa1e93a82fbb5d53069a76067e4d5627bf512cfd53
hprc4_L100_6961	69b464336d50193cd0c3cd8900f5daf28c423c6d100dce3c1bb452f2de6cdf27
hprc4_L100_6962	c315c448fbd980b80d16011955873071c8938654e09ea3b771757a7ddf8a1ead
hprc4_L100_6963	b0632a34b3ee7dd72a34ddce8dda74c43fdadd80d3116d7ede84a34a3386e6ab
hprc4_L100_6964	58adf9615b9e48afc83730c2f07f7a2ce4c92bd779b502a2be5abe7eab094b00
hprc4_L100_6965	dddb8d2d20168b0234bf8a2ee76bf399e9c827aff8fc67a904a72f4951a1d5ff
hprc4_L100_6966	d41358f9e5873fe9371d721f9b1c8228f6bef97502aec0391b88bd081aee3e23
hprc4_L100_6967	da97481d941ceeb6ff27bfc2652d6e5932c156ac4f9c910f2e0fac81d3a1292f
hprc4_L100_6968	3b58f888709d720f79253445a84e4f5f042d963585c4797139fb953275dac5cd
hprc4_L100_6969	f13088f693daae30243d35c707949fc572688050dea2399c58dfc082ff72d11d
hprc4_L100_6970	8c8fe3b55ef0bc927330027d7e91c7d7d630768a4d4c28995ec93735fcde0c50
hprc4_L100_6971	178e8c8b32f7d8f7ed701fd674dd4fc47901f1c4b2771366c8102a7792c0b0be
hprc4_L100_6972	60d1a38652d786a27f0e931eaec4811687b928bc2cb52140c66f8239ce33acb1
hprc4_L100_6973	ae99c66c24612517c64c2ee2d592cf74f3086d992b4be4725d588fd02a67c4d6
hprc4_L100_6974	471b0afde782028ee2ec83bc877c1b4bebe5439e6496f7a3835924c33c7c30f6
hprc4_L100_6975	ce75aee2094a9e2a38e5d811f094817fbaeb14141a5c38231635de319a7e8346
hprc4_L100_6976	1218a77bc5395327df1ac4f8be83bb795db507d40db3a9ff9985cd1184e4e10e
hprc4_L100_6977	efdb62495ced9a545f92a4019752ec1af494fc85dcdd094ee9b464ebb1ad62f3
hprc4_L100_6978	8eba663189a0377edc4290bf017fef88ebbf9a8b0e04613263699a752828b6f2
hprc4_L100_6979	30606d658d03bf1f2b268985afee0e8e0b20973938ca94cdc09abc97674a7a9b
hprc4_L100_6980	ffdda2182e041893d85a28b56d9c8ae71584761bc41708d14a51f09ee7557825
hprc4_L100_6981	3d2605521fd54f44a85f342939c4c17669665d2b20bf162aecf5dc693d78db4b
hprc4_L100_6982	4808b841930ea57e57b145a7651853b8880fb2e37c01e8b2ac242297bc5ec497
hprc4_L100_6983	ec762c1dce93ec0ecd1bf4e88b0a420ee40555028b7aa688433afb5253d3e746
hprc4_L100_6984	b53ac3592d8c7916131ed9920390b5495fde804ca021e75b3b3e2ed4a542187d
hprc4_L100_6985	64666e45742718f2bc51f59e2687fb68b4dd62ab322ac247a2d90779d559cddd
hprc4_L100_6986	530fd9eb9414eabddf6d1c38368bfb31489d32dbec3ff46f2d9a884abe9e6ea6
hprc4_L100_6987	6300801295cfdaf318f34c8ed718f98d786c0646406f8ede9d41abde1b5284c0
hprc4_L100_6988	5fc0861fbe705677d97ad3ffb71bfe88e850e5e66c51349150c3ce5a6e1261b4
hprc4_L100_6989	6c71ce4967d5dc4a7394e22be36807025627eb11deeab9470026412e0ebdf373
hprc4_L100_6990	6465e093c32f6ddc15eaab0d8bb2efb0bb460ccbbd470507aeff92cfa870ef3f
hprc4_L100_6991	0091ba24d1720160efbeed098cbc0ab7836dd97cfd68000a3e3aec991968c827
hprc4_L100_6992	0f8207e325708eee26d202bf8dfec60b08285605f938f5c813ef64272b00b910
hprc4_L100_6993	9411355d42ea80aad7e99e9b982847d850d46ae655e8905a19c671059cca1c8d
hprc4_L100_6994	c2ce7e7d2c29baba78843f2d9814f8b546c6d4dee42277a17fe8450f142fc98d
hprc4_L100_6995	9eab22634f163c32226eacfb5dd486e8d9535820da7d0b01a3c5c09ff5814db7
hprc4_L100_6996	14bd94f81fe5c0d7a6a8506f75454bf80cbbaa7ea6b7bc3ad188bdc035aa832d
hprc4_L100_6997	990db619a39055dfd3d33b7e3ab96873bffb558fbf0f962051a08b9cf8424fd6
hprc4_L100_6998	179db978b72724bf463dea88a9adc6b473fa2fc919fb764cb768d888f48356cd
hprc4_L100_6999	a865d2ec1fe67f70dcc63f0e5afd8567cf524315fa3bb46ce37a7ff5e9479d3f
hprc4_L100_7000	6729e341268c31e3ce46b4c29ad69b564c7e3b13aaafaa1fc14be0103910cdd0
hprc4_L100_7001	143ed705545ee481cc2ef7bcc2e000e6347d4078aef23047cb177ab63bdaa0c6
hprc4_L100_7002	a3519c5f3a2599a5bd4d7d1d707175554e7bafbaf3c8e858342361557c92c4be
hprc4_L100_7003	1d89bad0236696a4ba958d050f10a218ebd0ad216fc90577751bbe760a76daa6
hprc4_L100_7004	298c740347310b51d8b54f74ee20eae11bb65bf1e08e1256f9e70e3fac0a3f8b
hprc4_L100_7005	1093ad2ee9b231919fb4aef88fa16426333d644f708f653eeb99c2fda91af9ba
hprc4_L100_7006	1f220e75798808b2f4a21961dcb93eab03b11493d34ef12bc0c00ef868061a24
hprc4_L100_7007	beaafd00cf1548bf8041f32dd5105d5974acb9e97b215b6b923a45c341914fa0
hprc4_L100_7008	afb4995974e7665e9d7d2015bcb8bd0b120e2019ba52001a82188245782161e0
hprc4_L100_7009	35a8f4c3e5f24ccdb9f21606ea86cfa64cfc40f3972ef984ac3f3f3546160dbe
hprc4_L100_7010	c3dbf466655badb2aa8cc46b7660a6892616d537ffafc2c9d46d9fe78c5aa29c
hprc4_L100_7011	3ce0f3d11787b46c1dfc5dd2841d73bdedab087fe3823cc476c7f44642c5b136
hprc4_L100_7012	84704db6160f36d4f8c0a385cf65b6f5fe04f486ba1fd9439857902760c9efab
hprc4_L100_7013	f02f9fbae522e3b212482aa3b65d584042fb7d28294de7c3ad5a6e6f56390c89
hprc4_L100_7014	4d6362b4326f6c99d5f8e90e94130caab64e4218ead5336378ec091dcbaa0bc6
hprc4_L100_7015	97a311ab62bea20b7c47516b6de811a3bba843d3316b52df4e5918d9d16c37e2
hprc4_L100_7016	9374de75f98b6776d963b783f290cdd3b50bbc84153c067435751273fed239fe
hprc4_L100_7017	bf5486cc998f61467a4f166e74e7445a94297804399882a626da650d9d1abb0e
hprc4_L100_7018	b9674b6bd5310090ae023afce822b79f25f7198fd956fab14c28e61a936b028a
hprc4_L100_7019	704dd74ba9d0d9d82c9c0f71e7bba346a34632b2b5fec20c5446188caeaed9ed
hprc4_L100_7020	7c191d118a31feffecfa9d6d6cfe843f5d2bd2dddeb2d931d28f0e2e3e24697e
hprc4_L100_7021	15e0fe27532ebae8677daacdef18afccad3a75565f22a131a9fe38cd978bc644
hprc4_L100_7022	ccfaa63d6fdb4616f42746ab7ec16a09e3ecfc3f6061102a1d12dabfdb803635
hprc4_L100_7023	575680c6daa16619f7cf5579582053222ecb802655917fe00b5f033302ea7f10
hprc4_L100_7024	a1515e8b0fc0bb5407fedfc152502b2803f354af9b3a08d1e77fd308de1b2a67
hprc4_L100_7025	6efa30292c403ca6e9ab58f7b8a4e354d19792214df21be157989769f1f41d51
hprc4_L100_7026	dde67d43b9d3d711ae905444a7133c08a9c7a6b68acbc81520f6c8bf86e3f8e0
hprc4_L100_7027	57c0e66bb6d702fd3794fd48d4a41c4e7cc20ddff08359d69a4678586edf6fdd
hprc4_L100_7028	4196f567ac7169e6aa241c4094bf1ebc78ff79f78cbf3df9e9ad40633d58ac82
hprc4_L100_7029	35a9808006d00a757208352c0337fb75235025fa08e7fa6b84df343f52655da6
hprc4_L100_7030	09d7a5cc192f471b8b7ed788a1a0c53f0529f20c48915163933d1ce0fa14e1ad
hprc4_L100_7031	3b840c1ffede6e2f508dc4e2769ea03a07ca346f89475db9fd7ddb7786dd19e5
hprc4_L100_7032	7cc2d1b19d27212b51a1af349d2947ff569c06b7fe2cc978f7f85597cf883fa6
hprc4_L100_7033	d2a73f1f5fa3021227a12cdd8e84f9431457f9c01ca69fd41882e30c0303a6ea
hprc4_L100_7034	0bdf08d03d48ba5f8b6829756f8178791f15b81b18bd223f7b662ce68c10fd5c
hprc4_L100_7035	4dca7ab9da65097813c4975bc0e333f94df2c23656b02ff4a01f0cc1c1883b31
hprc4_L100_7036	c0d73e4642db2d745156fd9e19d98edf7387ceab5a6f4b201207f2e93368251d
hprc4_L100_7037	a056b8727c86a795976830f6ffba4506f850bedf2be279114e848834eb92ac3d
hprc4_L100_7038	03b524c56d7b35097b6cf7641289d47dfc6015185b1997b47518a283808eb960
hprc4_L100_7039	d5079c860bb53e44cba25b54ee37e2fd5af308e7724f13ff11c33cff3bcb3245
hprc4_L100_7040	2919872b8be664919393750b73fec2632e402564844373341e0cb8c176257c6f
hprc4_L100_7041	b0f54ab06e3ac8a0c2b10c7c76d3876c9859aa0415c6b3e70e5fff120f8259b9
hprc4_L100_7042	d9ee51e8fcb02c232f161adcc5a71751ad5cb3fea5b528509cb3461a54f647db
hprc4_L100_7043	f15ac99b2b902dcca7043d4f136d2479e235a82345b1a69b84d9f4ac222e69c9
hprc4_L100_7044	ab3a39d6f6f32e07704093b876c7a187a96cf3dccb623a660fd700de63687f6e
hprc4_L100_7045	7ba4c5718ef56f9b9fedfbb1662e5304635900c58740fb576c57928048658c18
hprc4_L100_7046	ee06c768f6dda3411a48af249cf1152375030c012aa6ae415cf91a11ac381442
hprc4_L100_7047	445c6ce9b298e65708e64cbdffffb10fd42088b6bd1ffe9c0eb2ad149fdbe382
hprc4_L100_7048	b085dce9e68a37f8f0a38ca9bb8234f8775b895143407b2b3b89b977b9065bd6
hprc4_L100_7049	f906227e6b3d20f3a3cd4208ee560597acd7634f4a6e7e134d2a68813bf57b68
hprc4_L100_7050	cf5a85c19cf66be76ababdf876a7c4d876fc64b890bd1ec74d5bf1de3debf101
hprc4_L100_7051	fb3aa7596a7b81edc7d682b1c55acd80a151fff1f4c4aad741a5c22d70c61227
hprc4_L100_7052	06a6882b13ef3143d5285d235b88d1a475475497eb2b508ef0259dc1a2c31bfc
hprc4_L100_7053	105452344946d6d183b49dd8d15f662e8c2de73216b1b584b273f739df331052
hprc4_L100_7054	bfd0455cd505b65addee45c115bec90299247b5d5f9afccfd8d7feabb7ed1576
hprc4_L100_7055	15ab6e6ed1b7a43234789ac5ef5cc433283dd596f6c9c52d44f765f359d1be48
hprc4_L100_7056	de09f96898111ded26301d2376b5bacadc98a957711f51edb76d7872a369224b
hprc4_L100_7057	ecb9c40e399017eb899cc1be49bfef98d7aa65208f358599cd35ce84753f8d34
hprc4_L100_7058	a750168db148599ad11e6a7286d6b21f8b5d02b05f99b4da9bffcc874348dc4b
hprc4_L100_7059	8e1fc3cebe2fae27a92e955ab918d09d1432dec1f4f01c1fda2527b006daa9ca
hprc4_L100_7060	f5845a6b22e5ba2577f108b4241069366c8d1d52de9047fc5a2908e0865a1cff
hprc4_L100_7061	77c79d627857bc09957c547fc4e447b88b669822af9e0acf192fb593ed004f99
hprc4_L100_7062	55a69e9ed1c5255940889c3fcf7bee6d5efe0bbc9bdcd1043c5a41a2cb146470
hprc4_L100_7063	0190aa7021b4fbc27ac2601e02228e2e678edc6dde5c61e5eca15ecb7de035dc
hprc4_L100_7064	fb13684d78eabea659e8f02d3319305345804d48b2c2aa36029260d25ea8f389
hprc4_L100_7065	1dfeadb7b5b95e7933b136e61fc0de09880b125ff0d9d3e2abaa0d8872d3f693
hprc4_L100_7066	55719b3ae7541c63df7a2b05399e98d8869a0bc5435b305a72f7242706ec530e
hprc4_L100_7067	a14cf5a90d064be0fa6169f5a14b9358973b3bf3347f6668c16ace5bc589b77f
hprc4_L100_7068	fa1dde665281dd4a585d56aca69d4b92aabc3568b3a885fe71f5906737317340
hprc4_L100_7069	09d4152aa266915c400a2313ac93ec318e1e79d7ccd5146eade535d59b6610db
hprc4_L100_7070	d00aa3626eea89192473ca0fc5c9521c0c218f406389ace1790767f7660e79e1
hprc4_L100_7071	4d51c43ebec099b3c052f4495dc45db98ff9cf9829f8fcff3eef111b974a8a1f
hprc4_L100_7072	5278cd2d218d311ea4b1bc036830a9af962b8684def30872382aa1dbbe84d10e
hprc4_L100_7073	a749e565155604659c9ea948ead38fa5a79685d65ba382fc1ab7c822d20eeca6
hprc4_L100_7074	29fe8110de4473f9da62f48d16df45c43e606fbd4334f7b4dd2d928ec2eb2875
hprc4_L100_7075	98cd8a41f7acfbb1cfe7388a797231718e42069e985f1fc2d24998583d40a107
hprc4_L100_7076	b374b0fdba9701aaf02134a18768872dc03b5632b72060a2053625b295e4b7a0
hprc4_L100_7077	777ce968ad0567f83be084d4a3f1ea6de2ce2cb3bf910e9566a8830c8ac6f915
hprc4_L100_7078	a14b1da3007cac4aa79234492a11655c90cde9c1472e588faeedf5752cb9c980
hprc4_L100_7079	c07fb232a1c34b8e0b2f467e64540d11ac1ec937271a7b0329c8cd0992bfd542
hprc4_L100_7080	6f9851b9ec8f3b095401950cc42f47b9bf0fd532d43ed2d8a9352a0ec19306a8
hprc4_L100_7081	2adec053f3a5a7173500c6d12e8f20ec732381a56f335de90f1bf031bded6d4e
hprc4_L100_7082	00351c9a4c440a4075fd3f3d3c7b51e7c7915db347e0accfae24c17dad069f0f
hprc4_L100_7083	fd2d181f987ad41823b7fa5030c85c867a09c1308dfd90ef0c674cb4e23f4841
hprc4_L100_7084	b4eedecc5c2205ba6d70055dc67b6de3c7a52c08c0b346b80c9196379d03a75d
hprc4_L100_7085	2be5c1060496d1e60109b1a3d889ecbbfe1780779efb7306a21851b9f01a43b5
hprc4_L100_7086	637517d125607138ab813efe28418cdef58e3c92333fd1370ff6ca6c6bb48a90
hprc4_L100_7087	1fcef266000b73741bc6ff0287186d3d282af3ae08f6d7c6b81ec6624303cc92
hprc4_L100_7088	189e801377e00ec81079efffb71e61b048042d1515e3d4499b02c44f6551493f
hprc4_L100_7089	f0f3c00bdb3da24bc748545deffea6b3e1d21c5823734ea79e56826fa7932281
hprc4_L100_7090	af7bb82433dcbf186a15b44336483444ca462940fa666a5fe7e279d3f0727746
hprc4_L100_7091	6fadec21f7fea7b33a76690ba74d5ec089b2f5ea57a40167dc16aabf88d519b3
hprc4_L100_7092	d88351cecc72922e9d21ac18c36f64c78200b3811dca1a104c092b9debc93e9f
hprc4_L100_7093	f61919e469f7d902cd340f083827eb54b3a8b606de25b4436e7afa74d6fd26e9
hprc4_L100_7094	5ed8c80f6f56da8c6c6ac7ffbd3c6afdcd86396105559a4565025a673f25554f
hprc4_L100_7095	01a695cccc94a74be7a96ad26aaf54805b041b77262d4feabca9703bb77a5321
hprc4_L100_7096	c47a825e66b840e877f39b2b38342e6076468707d77b05f4b843e194b3c2d56d
hprc4_L100_7097	7a3a192bea9b939d7991f41596e16314b846d523bc26fe4e6c718d83233644ad
hprc4_L100_7098	07ab3949ace9cc7e8278b540ca95cadc4200d32660a9fe12a087068a5f302085
hprc4_L100_7099	e5e97ec3caeb2c03c2f2c0b355d3269bc885d9ce5203d7cc370a87460a8416ee
hprc4_L100_7100	3ea04626ed77f2341fc5eb55921f21a84cc3e3accc0d083e09a41f6640abed2d
hprc4_L100_7101	8e17fce16455a5672989efd4601af54b0d843c0cb68ed9d828191c6bd3d05309
hprc4_L100_7102	d044c443b3c1606293561116f0ed7c4c9dfce5492bd6f6cc6e0d702aa0478dba
hprc4_L100_7103	3e18e98fea433f7e960807f445d05bd5ef8b8eb8e1344d6f531f25b2458c078f
hprc4_L100_7104	51d00ceb5685b769572b2141953733534c5a9ffc2f766ba00f4078873152295d
hprc4_L100_7105	997447a7e7c6a249506fa57847bac74a95069af377ec934007d21c7cc400d073
hprc4_L100_7106	d7ed5c971333d2a3c15381008d9f305627f68ffc6c5f3bd3015b87357a28aca3
hprc4_L100_7107	b98b5db7fbc79b2f1db4ed96a40a41f645ae47c6507b8c835393203042051fee
hprc4_L100_7108	56ee1d1fecb7ac293796da7efb0585c567b64da57fdc637d86609a8dd963e4a3
hprc4_L100_7109	051b68ccf8bd862528c076d1642cf4dd86d0bcb38021d20f3379291912db8268
hprc4_L100_7110	b9caff83561d8d47821c38dffd72b76b75798fd0aa40ab9f45736cb23220c728
hprc4_L100_7111	985c136abf22b03ab0a6e9e385cb670e21ed3177a60aa2cea8bc8bf3fec9c997
hprc4_L100_7112	a9571676c7da1bb41afd342d25c8d8e19a1a69be78b14abb50a272dc950b3cb8
hprc4_L100_7113	c473d1be9b72f83bfd35b0fe963cae9696eac95c6368b7b0054e017ccf22fa90
hprc4_L100_7114	25716c95dbff945bbb3e213c07e722d0890c56ae139672021fbed35eb3725986
hprc4_L100_7115	1c81dc26260e4920a5efb38c35709a0f86edfe8f763fa6d9eef1c77cad367b33
hprc4_L100_7116	388066b04a1eb357aa87a0a9ebb4b7e46e24025a1c4d62624f4c1a5e52d2a038
hprc4_L100_7117	2d855db82c8ef788ce56f87cff9842d53bb798f30d679527b7976e048b0affc6
hprc4_L100_7118	1a4a0b800b8b12558bf4142fef3fb7c45a88e5add8b9325b60a1d957b6ba1e04
hprc4_L100_7119	c3f55bc09e7076eed9211cae79a6338d1c7592da6608495dcc05e26f6ae6e239
hprc4_L100_7120	046714020960d1a8163c6aa3aef68af3739e9ed2b40db65be9cec2e130a664d4
hprc4_L100_7121	1e3d78eb17d5333997ae59310f926ad56a3e1fdd972cb80cbfc9fd1588a58133
hprc4_L100_7122	1a2c61645cb0368c6cce901e42db99dc1ef6f9480a449589df786e96eabedc52
hprc4_L100_7123	11ff8bb7ae410ba14f43706c5a0774a36c9578fdce0dc70d1d1d8e7a0f9230fc
hprc4_L100_7124	4d8399bea168937706fe9a8b3632dd182033f3af5000c1b5c7c55bfdd2d1f5b7
hprc4_L100_7125	e33731c1b64e227bd9897ddf187488afe1db78f4cce5b8acf707eccf7bdfb743
hprc4_L100_7126	6937b1604d1ea9190f70e567d0a7e6c5ebfb5e08508d365f26c2d607dd6226d7
hprc4_L100_7127	002cbb02fcf3bb9d537e504ec0b7e5bb692b59ff3f797ec150162e1ceb28183d
hprc4_L100_7128	18487e52697f5d86b3dcc29c4cac7e15a6f30243476040996092e417c80cb8ac
hprc4_L100_7129	115bd5dd5426dc011689b15011fd603f5122a237264c93737a1eb63cf735622c
hprc4_L100_7130	7a7b1c1e8cdc391bcdb96a9fad78a4dba7b70166b789367bf166b5c80fe7cf81
hprc4_L100_7131	9ce65961efd5dc423c30e83fdecd9c2b85afae09c391e350e0192363f44f0fe2
hprc4_L100_7132	3b29687b9db52bf5cc90d290633e8658388a9785d40beb5803240be4f5030e10
hprc4_L100_7133	a2f68c45af4b3953fb4ed720c8f711775a9ebaa2fe7e46eafe823cbbb26bb1a4
hprc4_L100_7134	ea81107773bd0eb4c6eede8513d55d48fb0316057743274e72db3e85a7b8326c
hprc4_L100_7135	15d196dee84d12b6c79b07fc339203f5ac5d712a392fe5cf340551d11aa82530
hprc4_L100_7136	01b385773a09b23114f9ef37a94badb6a9a55a4dfab0e39141a61fd6b1d0a26b
hprc4_L100_7137	5c9da30c18ae00f546bfa3bc90c702052373d75b8ad8bdfcb96cab545863f998
hprc4_L100_7138	8a37c85bfc46a67414bc1335ce2f4b4e7d5a609541aebc6c52ee71a3d1d3c4a5
hprc4_L100_7139	a599a3d0976e6d1bce154f0c6b51d712568626ce17fa28ceda02b21936b13c4e
hprc4_L100_7140	f4d3a8c97872afd50aa4b19ca85f45821deef25c06354bd50fa35e363af66fbb
hprc4_L100_7141	696941a15517611db24a4582f9dc8b17f3570c96ac1159ad2587ef2ddd9a7d28
hprc4_L100_7142	e13eb161b90753161a6694fe22708c13cccea1b55518cde099b34741c0cb9fd2
hprc4_L100_7143	3df55e7b1c12660d10eb77afcc98215ad952e151ee302b930e4bdb9dba1829c6
hprc4_L100_7144	4394f2c7de0f08c314d84dfa33e83db27210e9eefe8b56ab9ff2a5602fc4d102
hprc4_L100_7145	ecf5831f9b04d770a7aecfa95861d177af61022fd7285c4ceb55b446c2f77cbe
hprc4_L100_7146	b722406b22de9204097d20c1290aa955f19e3e99c0c5d146cede006ffd67b2fa
hprc4_L100_7147	6668792778bef58614fb7eea4489304238d64ed4201c61fb876cc540dff68f89
hprc4_L100_7148	9f04e72130cee81cd49b528b189fa90fc99eca7ce75e7c332c84e3b5a03a8dc3
hprc4_L100_7149	1683a28e1205d10b04f7509fb2087e84a9cd005c49dc523d508223c11fba6068
hprc4_L100_7150	0cd8ea14d1744cbd5f598c09a2c72c409897db453cbc1e3ee6f86e994adf0660
hprc4_L100_7151	36ad9926478a3d5af62d746261b6ec198a41f28e9cf46fc9d4bfef6c0b821416
hprc4_L100_7152	d570003afb942045b8504b66a161d14162e70b1c9e4d18b8005c0eefb3ddf717
hprc4_L100_7153	fe9fc1b4e3c5acceff60fa9b7cb752b13b4da63e505e3a73fe3ad8a8a7410f45
hprc4_L100_7154	6ea520f3265c6c8a9f65c01cd08e05ffaceaacea9a7033893e6f45eb31f021e5
hprc4_L100_7155	ea2a52f77ef50ed446dc72ced0e3512692165337f8a8df2a5755b4dff8e349da
hprc4_L100_7156	52e740d948234145ecd0d5eea78488b383873d9011c134939ff60d72bf361f76
hprc4_L100_7157	0032ea40839c5e6a126f8ae8c2c89c20b75a48fbc6ea04adaa48d9f87d83d193
hprc4_L100_7158	adb8d55a54e386dc7e79f929cfa709cb41fc6d68bf279ce7fed2d6a76dcd7de7
hprc4_L100_7159	427d936ecfe8f5e72479048b60dd1c0eae4a406fdd7a9d0ac9d7b28d42e99504
hprc4_L100_7160	cfd886ed94fabfdedf96ad705c991d844ea98e47b5f4205510ce265a2abb9d99
hprc4_L100_7161	0b6f6040ca0d6c3b88566fcb9b59ef500809748a1481de7cc1542cfa5ef2d965
hprc4_L100_7162	cf5dbdf61f8e7135a8ab3ed109bc7643d514b9a41427cc431dae9414a1d5b072
hprc4_L100_7163	1e7754bf7ca47aa628a9e56403db0ec71e1562c3be337fb13230bb692f13d768
hprc4_L100_7164	838abf4d1641adfd2ee6096bc91ab0d7c056952ad445f81d9322264aedcc7a93
hprc4_L100_7165	692648a2084ccca749f10b53876d0888a1c2827490765a76b51c355c4e94a16c
hprc4_L100_7166	13e05701d913ee8d17cabcd6ae60ce60f508c9f5bc7d131c0bd5ed59ffd8a83c
hprc4_L100_7167	f9039e07b73c7b8d9a6edddba81037eabff27b40aff78cc9fa88abaa8604edd2
hprc4_L100_7168	052f58848b49ca67015f4b080a71dee10608bad96b13b38a228b2f17ceab621d
hprc4_L100_7169	c568864c08689630af713152c4ce637b3c751a866f1ab28332698ccb0e58eb83
hprc4_L100_7170	8cd879df745ebfab4cad485dbcdddff88aa529f7682f7616a9ce7bcab5b7ea6c
hprc4_L100_7171	cad322afb76ef04cf5658d297d83fa44b072571df2ec8ec03eca6fb671bead90
hprc4_L100_7172	c511d8dbd5163d6ff2d09010509c8379bea7d6d3c77f9919c7a8ba8dd2dc75ba
hprc4_L100_7173	98d03f27c5ef123ff035fdfe9ab9ceb127e159901967bd8f59241223a5584b99
hprc4_L100_7174	2f704148a305e350380878bb34241caeb411488b80b04a6102de0a4f248439aa
hprc4_L100_7175	7bf1d6487998327e59dcec8763594dd3ffcaacdf7c34d2d03100a1d86c1f5990
hprc4_L100_7176	8abb82abbd342f2cc019a0ef5243d305601711b3846f7235089dfd87b79e150c
hprc4_L100_7177	b1d4e736eaca31a9a81a8617298f25fc09e0772914bb177342c9d05a71fceb73
hprc4_L100_7178	5eda37d498af703d8a5f69c862ca80a30713136c6c13e2ebb6572030ce9375c5
hprc4_L100_7179	97f332657aefe62ae3eb809a9181d2c1883c758cdf8bab7502dd7fa73e929bde
hprc4_L100_7180	7f7feadc45ff14d01fec487af24d78c6ca1acf13af3de71d9b256085bed633e7
hprc4_L100_7181	962a9f48e14f81b0e18e3daef69ce0e6aa11311fd3471dff2092b2aae3a99e54
hprc4_L100_7182	3c4ba75f21130fedecdda7bf686e7ad158fda285be443cf6407b69c2fc5d2e11
hprc4_L100_7183	01343ebd4c4550ec3e5b8f400b31fbff1f88590d8867543eee86807c32eff94e
hprc4_L100_7184	349f6e6a7a48b0e6830f2cdaf06dde9df7b9f62d21a2e0afdce6f4f53b251ff2
hprc4_L100_7185	4bb1f369d8f1bc726911e6b4fb05ec3dbcdedd147aa5d001f6628564fb1e2f56
hprc4_L100_7186	f00764f19d68301f41cbc66e688849c8cabce419ee81dcc1481cb8f2ec5a8c90
hprc4_L100_7187	02567d1cb6874b2a93d5dbe0eb306a82d41fa9cbcb742adab5dfd157af8672a9
hprc4_L100_7188	9c1f27921fdf5376fab9d9fd909c81d17c1ece77f143c65d1ca6dc33e7a57667
hprc4_L100_7189	d1a9c57ed0faaf19b15a3ce292ac8130d0c38599da91720c65bb79a5f4eab5fa
hprc4_L100_7190	937ee3f9661cbe70c256dd9880c52d695188781058ad2180ed7a74bddf7c3bd8
hprc4_L100_7191	41faff1183bff5405ef2ca8b3b38f79a22860ed7051a065d6558bfb4377836bd
hprc4_L100_7192	5fea6d1b769f72ba52c32d0dd2692d01b110e6a1a02280d9d4c3b30a3bd1f1bb
hprc4_L100_7193	b136fa6286c14d98bc309daf9bc228078cb007c69c76df0d534f1e65646e61e1
hprc4_L100_7194	f3d9aa44a7368957991d7b1a2cbd4ef66b317ab446612770dc250c8a8f187dde
hprc4_L100_7195	e256288fc76125f722c89984bed95da7265cb7ac2b3598d6a9a7398462bd9d0f
hprc4_L100_7196	4afa1c562fa4bdd66425544771493aaf324ae7f887b6b59626e954ee5c040654
hprc4_L100_7197	863208e3f8af670fd8908ac50ad0a020ead7675f2c4dfd4fa789f9176e77a305
hprc4_L100_7198	6c7a86da73f69f86ec8d2a9bde8fc94bad39a6cf20621beb9e941556b0d09178
hprc4_L100_7199	e44366090e515e68abc7fade60a5871ddca30d50b4db904252b86030be4ef913
hprc4_L100_7200	49a7cfcfd2c2573399c5a528a221a877b1942fb2cdfb557774632bf63a8055fb
hprc4_L100_7201	9b26b3da4e4f5bd0ff6a0f81dfa8557bb24f29f39d44977efe3f674845d5bc21
hprc4_L100_7202	172771fcf5b0dd4f16c19fa19fbfdb894bbe724ec5bdcbd49297c6221dbdc639
hprc4_L100_7203	a1bb1d22af33254a46def36543a56da9209a5cac8722229449dd08830dd8c4e7
hprc4_L100_7204	18bf01eafc5178f2298e6ae33aabfb05a1cabb9281dd957f235334ad00ee36c6
hprc4_L100_7205	0b1196e0e67de33d97ede9ada3835817ca376597de58cf957ac76b5f96e2025a
hprc4_L100_7206	09c383b8626cbf1a3accfde65e7bbdc91557e62a8b09e67015aae2fa8d07f132
hprc4_L100_7207	1c8eceeb071405802fe397a866aec4f478b18cd6799294eb4e3331c0eb4a4c94
hprc4_L100_7208	996c708509577e88055764a377e7c53a745b23d0adf926c2b4c50938085c692f
hprc4_L100_7209	134036d476f3aaed732ae444d103f341b557db851ef44cc99f55eecd07cddd2d
hprc4_L100_7210	354aa004abd227ea124943da1b8d10c5aa44999d5f15fbb8b81566ac44d7e654
hprc4_L100_7211	ff72c461e0ab03b1b25f5ecc16e304e42a963169670d6ce1e73b512afdf1774c
hprc4_L100_7212	2c32b467155c96a55d5fe83df928d3e396c65bdc24172e5c98d890d330cbe3ca
hprc4_L100_7213	e50094150f58fed0d9f57089d31eb347c81eb42fefa318c6faa777f54929dcbe
hprc4_L100_7214	8c3f5b2c616f2a9167e9157a5718f6a8fe23b653067655526ae031511ac9f7c6
hprc4_L100_7215	f7fd6485b0b7d93ec1fd031e60eda016c8bde00ad838c57a66f9cb8edc715f33
hprc4_L100_7216	831d5f5343cdb6b98703109ddf8db0c2753be905cfd58d783c66ed0cede03a5a
hprc4_L100_7217	fef5111a42df07445e8ea5248b4e2843e943a10ccbb4bbeb7e4755ff69b322ff
hprc4_L100_7218	9abd0726c00844f7711d491e3b0633b8cb5a3df823e20f2a2880fd1325fa216f
hprc4_L100_7219	72aed8881b21eebf6cc8c6715f5abbad1e5df7e57b5bb8d62a536d9655cfe402
hprc4_L100_7220	c061f1a2ac921afe77d46118d73929c57fc5cd45ca90a430a639c651281a6705
hprc4_L100_7221	facd8b43a4326d525f49513b3d5fb990986cd5b5888d94af6eef6144bd97b8c3
hprc4_L100_7222	10a758c43e43272de4255b1e8fbb75e22c448878e6f227c908a6121370afb4f3
hprc4_L100_7223	4e5dab0267dcafe0898ecb1963383ece09d10ac14eda8d29c5c367b1d68d73b4
hprc4_L100_7224	d8ab03e3033267b41f9554126a10984262d9d30a99eaf8a18d8dedacbbdde8c1
hprc4_L100_7225	7c7095dc4a699c0fe7fc662b9f7f2887a3482d6cbee32bbb9d11d15ba142ba4b
hprc4_L100_7226	ec8e14270f02d6da811eec975875a264d5cc964a23aa6ad7201429d3e4126c55
hprc4_L100_7227	134dfee9ca4bc6dde4f8319188eccbdc0422a8d3fa94091b548f83e8288fc325
hprc4_L100_7228	5f9c40883952961bd3b423113774c5b91eb0fd3f0ab8780af1afe11d4c9d3616
hprc4_L100_7229	4383c5451a9a447bfdb3773bab6f826478ac21357dadaabaf33f2794a8413173
hprc4_L100_7230	54f2afb68d1096f9ac9853247b3f87b69c519ac246af2791743ebe0cfed8435f
hprc4_L100_7231	ebac67cc8eb8caf713c3ae38782118683a11fdc5f24c9c6dabe3cb6b5cdef3d7
hprc4_L100_7232	3f290a735aed3394a52e344be86be877cfe2a83331f8e475b414b1c8880ba603
hprc4_L100_7233	e3d73456af9b9f1b937d33adf6cdfd5072fa2fc61a37edb38bfdf48c2c2d5fa2
hprc4_L100_7234	799fa120cb32992e522742211de024187326a0d388f7ff816542b339f2862923
hprc4_L100_7235	de873f4cb9c2cc9287331eb438cfdc41137a2202b83e0b89d9e579f4cc72815a
hprc4_L100_7236	96d2fc18404087562baf06437e9ea8bff10af60607803a8a1daa2bb24ea98943
hprc4_L100_7237	be724cf76e21b144c84c02b2be8114a5d0ee0d8718979643d3725c8c7842f919
hprc4_L100_7238	cbed84e4ecbbf76ed6cbfa003384a00b954d063d6b7eaa20f1446c932e6327c5
hprc4_L100_7239	b3d338d9d99be123ba2929dcb3216b57c28ade40e3ec61c211925d0d71ab3202
hprc4_L100_7240	90943cc8f25052cab7bb53dd3fd12fff2c2fd21b42fa4124baaee0722f110893
hprc4_L100_7241	79d70101f2681d812d11563b77dc8db72c65f7986a6780404fd5956cfd6a73a2
hprc4_L100_7242	355231d576759fa3a2166a307130fbabf6481fdcc3d7c7332c423fbe1b56d7af
hprc4_L100_7243	5ab04b16bdb8ca20760db1ee499fc468f76198fe1446522a100eae03e041e781
hprc4_L100_7244	76b8cefe8b02ea68ca440eeb09c777cecdc52e7abd53209c865aee1ba9bcade6
hprc4_L100_7245	82ff24bfcfcd60f7f0987f9baf7ad466f7141a13be2eb46e0b57c77b0d7fef7f
hprc4_L100_7246	c95afa4d81d26363a9c4e95467c204ea64a2318b03ca9d0a697a9d7567ad03fb
hprc4_L100_7247	36a8e5ae6d3e874526e59c616554ddbc507294e3ab332d3ffd830f0b3c741062
hprc4_L100_7248	57ce127253de2d891859275b1c809f1fb827650950659da2a5dd2117c20c3ba6
hprc4_L100_7249	f4afadc8f79e112b88a54e04d10465830c5fcbec03e5ed62dc20e68c5406b5fc
hprc4_L100_7250	446dda9380ced24ef6b45f569087e84a68f802ba4275ab5ea475d72bd0c7f22c
hprc4_L100_7251	5fc2da9c9da59c3a65f7033ae19d0564683f5060612ef619342cbe33fc36e14e
hprc4_L100_7252	9239a9b196412de14a758af265fe7e48a4bc8c63a599e1d88a78a393097959bc
hprc4_L100_7253	9f4ec472e0603a1a7282e26b678a9d8e3f29f20f6e45ea6e3f0ab559e67450f9
hprc4_L100_7254	d5b3cf752a2551d8b3382d8577ffd343fee3e23182ff21ad7cf5c1a6cfd3c6f8
hprc4_L100_7255	58714db112d73366390db3bbfab11f36cc5176cacf89a1ef53e932e8fe0a98d8
hprc4_L100_7256	81a6093133662f5348230c0bc59569a5abad886910713c18d1acbd5b3d698ee2
hprc4_L100_7257	e7932c2e319fe23b20577c9d16e8bd85a1c363ccfbbfb79662d8e140772430a7
hprc4_L100_7258	f04de293c960b31c71c13416f1ab620e83ba7aada244fc66b1ee3b4069148dc2
hprc4_L100_7259	b28ecb7d9e9f277002ca554ddcbc1819df91ade58f926652f6cef2905482e287
hprc4_L100_7260	4ba1892e0c1a85b8b507456e9bed9b17ee12a5afaed6ad6486533df23e4aaa9b
hprc4_L100_7261	78c70998b37ef21b000edea493fa1e32e3350e10cf592f6fc0656e70bf4ff56a
hprc4_L100_7262	1c5420a0bc583bb4ba1038cc921d0a7e054c31be5b15ec5a89ac690c9d2a87b3
hprc4_L100_7263	728b5f0e7278a3c14ec7dd4a49276439a36952d1d860e0ce093756410e85613c
hprc4_L100_7264	22947069eccb4b9505f511642fb96291059e5a7d95dfc427150e6f50eea607be
hprc4_L100_7265	9f8768b3fa7e7c6d6f5dfeea74515db1c8ece06ee688fe92efd57d552fd1df84
hprc4_L100_7266	c3345e3e674504a2814fbb56aab52a1115becae2dfee3093583ed1514c5a99d4
hprc4_L100_7267	9919af9541f06e2e3471dd65d4d2d4a396e5b9e69caa491791d00a9068f1193f
hprc4_L100_7268	5dbfac15da6e4f66ed1c4f6170d3608508b895f4f18863ddab46595aaa713b79
hprc4_L100_7269	7ffceed7702587a12be31dd9eff093685c455f100d50ac55e5df1cdd460b59af
hprc4_L100_7270	c271b46f78d0ae52f5b5b25205b65647983d2e1cfd0a17a06b6737ce0868fe67
hprc4_L100_7271	dd2114e36d85ca9af4604398673b054036da6eddbae4a975e5859d5e3e21afe0
hprc4_L100_7272	38c9dc7cd504b8f34078af2832787e362fd9be105e4a11e593d6e3dad0dd10e8
hprc4_L100_7273	f551c776cf6f16a6bf04bde5cd5596ec0d589d467bc49bfc30630aa656d207d5
hprc4_L100_7274	e29af6756f55e3295b2bdcfeadcfaf0eea9a44e979b7d34b4b6bc3a14ee6ca0b
hprc4_L100_7275	63210dfb688232779975951936909481290f232da7620206a6b9d1cf43478a9e
hprc4_L100_7276	1bf3e5d98c81e9820e287530cd1693d37a095be198dde929d92c777dc76c92fb
hprc4_L100_7277	febb56532a330631c6bd52f61c42f9184dff9d252df390635ca257f2a44453b1
hprc4_L100_7278	23f118fa835e9d612aafff548ea537c790f0bc2e9872e01aa7bcf57b4f26554d
hprc4_L100_7279	c77796e5b4c8d219d89a2d9dde242c8040e1db4881d1572125f0f6f49f86a56f
hprc4_L100_7280	64db5c149021556c47ddb89ff91d5be7f41c4b40516474e4942df0fdb0889e3d
hprc4_L100_7281	5b45eaeb142d54f7eedc4ae8df9173a99c873e72707704152dd263910e1f5518
hprc4_L100_7282	92e2fee38f1e64553ed8ebe861e4ef6319d371464b093e48a76b9a8e4dd0e4c1
hprc4_L100_7283	77f6ea829fc46a96c7d8ef01949d7e264356ff506c5b3284f86298b608f385b2
hprc4_L100_7284	c65740b9a65a5b688e29a85553ac0dcd75e7bf6e32f38aedf884139c147989d7
hprc4_L100_7285	1b349bcfa0fbe8b5a33185f848ec1cd338df183ba52d740a8424568c98acacca
hprc4_L100_7286	2fe1252efa90982efd5a6ad54e6b0344f194ba0e7fbc198468b26a61f024656f
hprc4_L100_7287	b46829e84930d7d1d33aecbd2acb1b9dc10ad96cf890905395b618a96f2e7381
hprc4_L100_7288	a4051871f55ca69aa878ab498d3911998cb18e23ab5d5562ffad8b17b2a1028d
hprc4_L100_7289	8230126d85454a7e9318fee36f3c22411a12196c6183241d1e05ed15cf0088c2
hprc4_L100_7290	6764aeba125890220a18c0d0c161ffa3b8f6c1d59ddfacac097fa64f076d067e
hprc4_L100_7291	3c638dea8a48b92acf35ce70811efb84afbc14adb5e986d70c2d2f266fbbfe71
hprc4_L100_7292	b112b81729add6034a4c97b83f61a128bce2e4350e7dbf86a72f8042813d462d
hprc4_L100_7293	dde9788f34e9e605424046a512c463a4158eecb9306ec52f241fa19ac61a68ca
hprc4_L100_7294	cd726bd73d756f4efa8b6e6487f18f1fb0fde0df1894c67f665f0c159115671f
hprc4_L100_7295	911fba8b39991677dfe38285d4924b716209c3812d225bf32d05c512c0bc655e
hprc4_L100_7296	0813ce57f2e37dcb4575c4fd0f44d209bf20eedf693c19cb9584948637caf98b
hprc4_L100_7297	a90a483029913f59e506335100cfd3676feb53d5b08936f8d76152b525bf5bf0
hprc4_L100_7298	3a3dc401fc4d826435c4e90b8eb7a4343f8e40c83c85c24ffb4340de25484230
hprc4_L100_7299	9b56f170adde2471f78cf6c8d008c756846fed9c95bea1d59a57a6ff31f965c2
hprc4_L100_7300	48bc5b1b5ba33a1578834767203b7ca0edcea454d3343d4c5e830a807da586b8
hprc4_L100_7301	4eeb88aede9618d91fc738e3c2afabe41b97c6a8e5750ed056c3fbcb6e4af004
hprc4_L100_7302	b0af48a92b8443aa8be3057a83f832e129538d1e98d8d2b0f87f38658f4dddcb
hprc4_L100_7303	a81c83f13e0cb869da09ce7fad1706b5cf6567790347f23d08cb8f6ec99f6c42
hprc4_L100_7304	56978b49615a017d799836bf9e6bc93580b700d06718a6523973513ae4e8e197
hprc4_L100_7305	21e068a8a4075e534fe4f4ee7dbd25fbb5526e2cf7bd2d1ffc65eed4ecc81c38
hprc4_L100_7306	28348dc6f243cc9f3b97794df161e62bcbc3df390c1320999dd20288437431ae
hprc4_L100_7307	8a943026eee0d04e7b55912926534844445949a7168baaa951d74023974e9b85
hprc4_L100_7308	612ad6001c79e901c6458b3a0dce8af5a6c617924f425f366b03b8e3c21fa242
hprc4_L100_7309	e0309cb431ce70fbbb53c9c074535e9db63b4377b37611cf0b28547ebb53bbd9
hprc4_L100_7310	5f6933fe7bbc617c1e5cc53dab3f2f605c981f447ee7d6355eb997ed57201d5d
hprc4_L100_7311	3f9f5a33fa0b4fc53fe5a491d1123aeaf8bf8c94160ed742186edbce8f3aaf5f
hprc4_L100_7312	6d3b5c38847997debd6fc5f67069462c5f8168164b1d6a76d3850188d5cb1223
hprc4_L100_7313	6a1eab8cd08225e8786229f02a793a369d46be931d6a99ceb84a6fe7917aeeeb
hprc4_L100_7314	95317a515df137f00338ab6c51b7fbb8f76f0c1d338e528cfa6faa2a6e96afe9
hprc4_L100_7315	683a6c8c48e6938ff5556acbd3ade2867f8da664642013f94113adbb2aa15a61
hprc4_L100_7316	1f9496534638f29d4dd380486d7436f9c75bf1c251aea56c09f8440a90c35f42
hprc4_L100_7317	4e6f00a3a04dd654b974083d5286c185b0d8c4412bfd7f411d63def7269954cc
hprc4_L100_7318	08b49746e668ca49f07301199e4b338c5d1371e7658d362f38392ebc245f1e17
hprc4_L100_7319	34994c612e8a65d8bb2338ae695098c464964806ed616a7cab2d122156e358c1
hprc4_L100_7320	9a36cf287fcb84e01efc94768bac06cbea43578c7f9106eeee41db3c8bfa6044
hprc4_L100_7321	af0b500d26c30c209764a3317391b42cfba213de9d5338efc224fae05738cc0e
hprc4_L100_7322	7340889fe039a8a241a7ce6890f91aa4b70649a95fa4ccd8c716fdbcd63e1929
hprc4_L100_7323	4d19eab99908f6cffa92b934e94f319e348a3919a6b10fa347df2abe93f94556
hprc4_L100_7324	47b0002e2d5abb1708451ca7b086b3634585e1d6d13202fb34126ed43deed180
hprc4_L100_7325	d5e8d60d1477941d5d6c4615ee45271304f176c66fcef8a1fc4188cb5901b402
hprc4_L100_7326	8c226a56b218be8f9d08375566e7732244b8c526624c8dd74dc4b3b9d6417e73
hprc4_L100_7327	f4d3a246888aceffbcbb5adcf40a10b5fe69420cc7cf6784242bc567f74350a5
hprc4_L100_7328	fbc4698f91f1e9f3f4c41055a7505906526b990d606002e08686798e714cb1cd
hprc4_L100_7329	7c641f8c5056fea9733c963a8fd905faf1cb8084d75bb32bc6f4156776852117
hprc4_L100_7330	d8f72544cb3f808984c1a2049c472bdca89b0f051a0842f7d0652e9e81cdb152
hprc4_L100_7331	15512254f06726fe1565059a64695a8d60388d71708cf5d6202f42701f3991ab
hprc4_L100_7332	c6bdf1718599219a40c79ebc495b6228d6b89a5aabca9497a45c8b076ee40cb5
hprc4_L100_7333	ec3273bb3ce0126aacdd05df4c8510b8011556b5c469caeab0babf8a5997fd78
hprc4_L100_7334	4827a6d0ace213d383fe0fa6bf8af8be9ca2250600e9065cda23560e4e40212a
hprc4_L100_7335	6539db8843cdfa0881a88ca4bf5e9ec813d8e2061ca43695eeee7e6592f7670d
hprc4_L100_7336	c96794de8bddfe1f7c55b9c4ef522bbd4b610e58140d7fe2ad88b38fe80cf495
hprc4_L100_7337	971b54f4e42dc267453caeec287290a5675ab0b2336c4def5ead3893946eb1ac
hprc4_L100_7338	96d0ac7b0f16328f0ddc05490fe3dbf5170bac5cd852da535de33b1fbb4005cf
hprc4_L100_7339	844acb8d6ad36b2bd8a62541ac59a8818ed83223fc2aae43083b4ab6ead8908e
hprc4_L100_7340	21e96e5a4a8ac7e68b340ebc56a6da6d004306ee73fd8bf525f47242735c85cd
hprc4_L100_7341	65f119c936249b6f422ddbb99eedcabda5751dd2a10151afaa74a668c754a84b
hprc4_L100_7342	5dd6f70b63713f4a6bf73dd19767d7f9299cd5572d16e56ddcab57f71bc14c33
hprc4_L100_7343	9e22577658eb22f8fda1711e08adf845afe7e85764e75812a310bc361c468289
hprc4_L100_7344	8f4ec21c8c1718c2e9494d34970be1af47187d7297c79713d971de87fe894cd1
hprc4_L100_7345	bf32fb9e3d1b47c09df5162ca87cb63f150adce3b025b92c9bce0ad38abef514
hprc4_L100_7346	c24ef4bde332240cd6605d61ffc7761d6b7f702ddce9ee9806fdcecd4dc8ed20
hprc4_L100_7347	b2eed2c635494afb2b0989421bd491f57c87870bda5755a2095adea93d30162b
hprc4_L100_7348	f960d1f041f40b5d1605168ef70047af44894d9a89afc1b49e56856cfdd83ea0
hprc4_L100_7349	2c04b5e580464922cead93f5cb06f01a68e49f8f65d8c8108393de3f51083b9a
hprc4_L100_7350	90b461f2aa2b24249dabead1e1dad6c10e53ddadbba6acf6530d85091a1a7c6d
hprc4_L100_7351	fd62f2adfbe2601b95f5fbbb9148e57ac9f39100dd7617393bd0a181c621dc12
hprc4_L100_7352	460c18b0a85c15aab8db3f228ad696acef72eecab89f99a51b1865d79f489b10
hprc4_L100_7353	1ef811a424f3504cac493b071a5508c05fbafcf510e2253471f9f751e5c11331
hprc4_L100_7354	63745253fd0462e395134a1d57571d3f564e931c07afc3520ec72bfb1bac2dc1
hprc4_L100_7355	f9982d8f7f496d91f36a73b29267e9a86a71a2888d283ac017bc2f336c0a0363
hprc4_L100_7356	bec409f669510dee47b8cd60e4bdad28e1ce06a354b8d341c02c45fc1ec886f0
hprc4_L100_7357	4af4bbb438e4260db088fe7305dbe5ca259fa94609f434b59198f397edd3c369
hprc4_L100_7358	c7795722c612cdc5f0a33fdb9a6b9950dd7c234fcb92579143ce34ec38628686
hprc4_L100_7359	159930d4b7c337defefcd19b0d8b09affc9a95ef832a210e3978168a4442aafa
hprc4_L100_7360	c485756269ed37667c6a3e80f8cd6d328a6f1712329ed90e4a86de7095b8f577
hprc4_L100_7361	c7ca66cc3b75634cba396d0ce6f321011b8edbe3a31f7988f41707bbf3298066
hprc4_L100_7362	f7161f2d04ef3f22bf5caabc23539e5019c41a9079af93bde720235c6839dfff
hprc4_L100_7363	7ed61a9591f767d824c2d9958351a9353ea81a450eaf34947466ce9a730c0ffc
hprc4_L100_7364	3cc8e12daced044b2d9c14d0af2badd383bc3119591cf6aefa7d564a9f4fc6cd
hprc4_L100_7365	d6c4840b112cff258ab97ec0bbbd861806803fbd58d46c904884d1aac42a73d6
hprc4_L100_7366	8a16861b3c048e03ddfb26faf52aceeee1348e390fc01e5f2373feff48f2bde5
hprc4_L100_7367	61b4271c91ad5cd93d2f826850b9ec243418c2401d85fd20a711a69102933001
hprc4_L100_7368	edd99e2fe76904af6e8dd2b6754a9e2737f837181812621d351142355faf5eb8
hprc4_L100_7369	151e2fa74a853f0aa4c979d822a82825df75002267f5529d57e35ca006d90b8e
hprc4_L100_7370	7d800c407a5521d1bc2955829beba52c2133783b8d1b31f1f0fc7237e35f082e
hprc4_L100_7371	91eacaecbfdd576314c78eb6f062b93ef5b7f5b421bd55cb0c9890c64cab9431
hprc4_L100_7372	fb713188df9cf66a755ba6fc7c4eb0c57be2f03cc3ea720a4aecfd5ff1862ee5
hprc4_L100_7373	cd6818157a205aa346fd4e0e9303b83f781893b07fdac8a3980805e23486802a
hprc4_L100_7374	8c96046d4a7e729463c047cc71dfe67930163fca591dd9973efd5205bca8c795
hprc4_L100_7375	401ebc6424e9733e33fddab2861fd5659d6f5c2164e0d510ad83b5ee85e8cbd1
hprc4_L100_7376	5f49286faf8edb8c2830da3d74f1a2c9523825f2d588dc9d8e8955cf9dc62ad2
hprc4_L100_7377	96223e133a9ed9e6477ed54f910a64133b661ebf64c3e2ebe7d40016e5ad9b11
hprc4_L100_7378	ef285a140dde1852a8856628a4451dc5ac235d43beee9f1642bcf347461452b5
hprc4_L100_7379	5114d88741e3aa67ed31a239995620f2a0438c31b61d6324a40188fdf8f6679b
hprc4_L100_7380	65cf43d601bf1ae2fc56ebb2b323c01f39fae518e93921faaae87d936154987a
hprc4_L100_7381	e9ff2f4dbf9e931949df75c666efdcb0876862c5b47275962231f6b652598e77
hprc4_L100_7382	c06aca8c0cb9d34c5057be08ff58653a3a08d9edf8172c57f7dc33d7b8008eba
hprc4_L100_7383	49b9a3152c594570a536aba5449b3090c9b35f3293a9aa8864d18bd41894659b
hprc4_L100_7384	1663dbf31591550e2b665c290aa91752e683e553e67e4c6d805435c5b376207f
hprc4_L100_7385	32a1ad35d531f15a872a1840b68de549efb003705e62037a194b33ee09709398
hprc4_L100_7386	929c4402e3ecb49663e4ff1e446238358efd94b3bb8d7c7074f8e528385155e5
hprc4_L100_7387	dd33fd65e9ef1cddedf31009caab7218dd5b3442ac83d8909bcc5edc0e8e06b1
hprc4_L100_7388	c0eb036c70b07fe23f31f82ac58a71837c97ca73fbca45a1c873489723fffda4
hprc4_L100_7389	cf55a9bd03f4344e5807d1fd6525c5ede432774183b19eccda9ac1a6fdb230ae
hprc4_L100_7390	bb7587e6f702312f9e29a5495a28df66481307709d3b7942d043a76b568e3222
hprc4_L100_7391	66ec72b6176f0c9a951ffc7c25b8b8a209238269c0b473a07354ce00fe114114
hprc4_L100_7392	dd9a9ee3c0bcec31104f3444360a3a42b53473b08a0a1798edd184c1a472f4e6
hprc4_L100_7393	fb1a71cbfdcf3373631b4b97e92425c8740fe6324bba373fd811a30774c5942b
hprc4_L100_7394	555c6fa8ccadd8768e0962f5e90d7a0c896dc9308280930dd7830a96c9ed4a80
hprc4_L100_7395	2917e6820359678091803f985bdd771e45e16a40b7661ae8f9daee38de5df2a7
hprc4_L100_7396	b33b25fa34722091417d7ab875fde91dc509ac8fbc13c91b5764afc1eb4d9db5
hprc4_L100_7397	852454cb799951f678888d5d69efa0553d4c9c86ae184d10fcdfc9b6cc871753
hprc4_L100_7398	4dd640729ca08b791898e4fdcdb6f4a1e48e40850d4ffdaa7d9d48e2f20dbc4a
hprc4_L100_7399	205c395e06a000cf44ca0b92714ce011b896dc8158aaf1163c58ad744231899d
hprc4_L100_7400	2401071c7c298f3c02ef7395c952028e72f906b9a2ba5ab08283eaab61513923
hprc4_L100_7401	d0419379f785ea7c1ff98c5354c182b2b6592d521c727ebd01aecff9c1c0732b
hprc4_L100_7402	d96aa21b210b032107ef6ed1e44676d7555979bb08f1718f8539558b5118a6cd
hprc4_L100_7403	eb2c47952f6eb366b07a79b47d83a450c966a4b75b78732ddf05cc787d066d33
hprc4_L100_7404	7da36d33373603395c84525eb73f6fdc86001b40bade97e5ba925c1499f978b5
hprc4_L100_7405	db32b2fbc9f1e3277de315cf9637eee7695aaee33008602b0fbb471309c2b933
hprc4_L100_7406	31f98917e6af33c4f7de082ac8d50cb06dbdaf15694ec5710b2ea2cbbb5b21d7
hprc4_L100_7407	fdc474dc2e5a6adae52a35466e647500475e553c457ae5a4aead51acf991502c
hprc4_L100_7408	84fcd6ebfedd718d8fe86f57630cb8739210c7ed213d47ebb1e1bda4f0e7c4c0
hprc4_L100_7409	47f0999b1ad8107eb3ee94d4728e482f2d4cd133bde406564cc621b0ec42d41f
hprc4_L100_7410	d83dacbb191585d768a4cbb5c4bcdd4dd0b09bb5b9540599ef9cb1270fc98e1d
hprc4_L100_7411	9c0721d43927e11209062c65936f8459f40bc794d42aa5243f09315f6f0a0c19
hprc4_L100_7412	9ebd7e3497b74ee5cd6939c77cd4d703b37faa52dd8d448e7745b29d46a8b5d3
hprc4_L100_7413	a34db82cc745cefbc9868889de1f3ba41cb7705571109153fbb9e347d696139d
hprc4_L100_7414	df0ba5cd4278277cc52141b12d254c85a5e5e5f8441b095ecac0ace6e345b81e
hprc4_L100_7415	5180ea2aa6f1cb6a81c7fbe87025267726af78b74f435d98455fdd5ae4428c9a
hprc4_L100_7416	818311681c1c73a51d33e23277258585279094200175f680301a01aaf2467022
hprc4_L100_7417	efb84ed59be146468d3c2bf08fb3334d67c3856c289569fe9d995fce756f87a2
hprc4_L100_7418	0df53a1745b4b4daffbdc949508333297b6cbf28b80f492b80d6b98f0bdf4997
hprc4_L100_7419	01ae24d5acc88a56744f40e7b49ae2e65335240d41a45acd19e9cda63b27af3a
hprc4_L100_7420	5425627070741becc0d476b2e985d0b97f979af4ae76cae18841c4f2b6cd04c7
hprc4_L100_7421	0ecf2b450c9fa7fe7509b83b8ccd7f362c4c626344c94e7842213ebd77a640dd
hprc4_L100_7422	30fcec66b5d3305a844511cc5256ec9db31c6140e5574b3fa1d4a59a93b9bffc
hprc4_L100_7423	493ce8b32c167ca37d2198de739b9728332f8649af5ab45e668d0cf6b4c2d8d2
hprc4_L100_7424	c54aa88806072a65a708152cbc90699a41492bdc8bde98eeb89e3ce650f6ebec
hprc4_L100_7425	11581b38619c30c4892ad943a14ab62c408b6ce2f99dbbebecbc798416ff89d5
hprc4_L100_7426	142151aae23c2e3f6585168c2927954334cebb3588d145233370e7a288e33404
hprc4_L100_7427	4310354f6ac6239665ac3400fa2f89e542b52811672439784f64553b9c46eaf1
hprc4_L100_7428	abe33a4ca2e3d4fd4a663c6d407033973fbbedfa6a292b01fe9ee33bb0322fe4
hprc4_L100_7429	7f46c3b0383262b55973ec12f9349599494d0a2c134cc4215fcef61e129f0365
hprc4_L100_7430	0f3807508b7d3f9c1ca28eb5f527b2a699da71baa79f923cb2b5a301218ab346
hprc4_L100_7431	a186dee7f15ad008c8c8ff2ee1305c6c7fb665ddd33fcc1185d308aa4d6ba199
hprc4_L100_7432	9d43dc1b2cd8ed267a70e49221dd1205f3bdb6b3b3d42b8d356b97138bd6ffa8
hprc4_L100_7433	38cd1ebfed4e6ced90c4ab035dc13e128d206c42c13b7290b222391381f745db
hprc4_L100_7434	1d07ed63c70ed789e6b7aacae1c051a504d9408d6d7f5fcd92f69c3c5acdfbd2
hprc4_L100_7435	799852ab4ecc535a2f02be81e07f78ae8f2294013b548e59c767483923bce30b
hprc4_L100_7436	0908987b78ac97e7857f9f12e90e4f68402af098f60a0e1eafef98f1871b0b87
hprc4_L100_7437	d6aacd8cd6b1fa6568d5c60c0e62093415ee0cb2867a9cb50e3734dd512ff91c
hprc4_L100_7438	197298a0c2949de96fd0f9191e7064aa2593a2f071b99903a0a48f9d15ebbbdc
hprc4_L100_7439	8ed913a535ecb540f27830112ec498253b15fde3ef2443da3e29d49f04b0b724
hprc4_L100_7440	1c7def7484c035984999225685c1dd2a853fdad0418abf467d8469b961f4176f
hprc4_L100_7441	bc1920f76913fbc07dbef5e8959eb75c286cccfddc34a9c75f995f75a445d229
hprc4_L100_7442	dc752813d7fe1a333b39ac42eb867ebd31a20867b1d9641b15b064c14e83b95d
hprc4_L100_7443	7d58f1ab27fd2775bab8855cfe87a302e62f3ff5938a2ccc590276e28b97e031
hprc4_L100_7444	e2bf63bfec8145d4fd9959250c7ee618721f528911fbebb6cca3cd73ef2feffc
hprc4_L100_7445	5de61eeff4675ab8a5e8b97e94e14c8a366d45f707ac633faee17a04e886c75f
hprc4_L100_7446	7c36f9edc4685af8fcdad4d3408245d2d3fecb3d850e231ac028bc5fdc5e0bb5
hprc4_L100_7447	0daaa12637a9f017459112ccc5c00e15043a3c360c81efafdd2bd470b6c7230c
hprc4_L100_7448	4de224a544fc8488ce8c37a23f17498c72454508b926583c36983973373202b8
hprc4_L100_7449	9f514b3bc0613dde9718c29ccbdb6ec4a98da740e1af26b8a1d05a7c150bca5d
hprc4_L100_7450	48adbbbdc55787c5aa6d3e52383906f91517157f7a91e5a1b7224eb0056fd99b
hprc4_L100_7451	74032c19c17f831c7691c8f664c7d47bbabed4f5358488f1d5b61da21fd3c313
hprc4_L100_7452	da1c9f35be9cbf006dc1c2e50dd3dc63b60e539f49105459cf5c17a4e0af10b2
hprc4_L100_7453	cc30bf1abae7878d474a43b1a830479be7ae1963e3e65ad10e4d0f18f53d5ee4
hprc4_L100_7454	cd6ac926732732b317c8c2463d36c47ba9990bd79b746eacf81f5fcca4614499
hprc4_L100_7455	5cdee3fecac30f1d40fdd083193df0909e9c6bfc878fe4e4b87add82f74148a9
hprc4_L100_7456	f4dcb854bbb9d4fcac39808eca0bd7cb6ffcd114d06c3b85f1384a384f4cf9a7
hprc4_L100_7457	47123f903cc40a8c5779d7627466039c344222f06ed35987c0285f40ef724b17
hprc4_L100_7458	acb2ea85c77331cc7bd1e7f1ea7c1a3f9004ae3ba6d84e3cf783f26d019ee0f5
hprc4_L100_7459	cb231a0e619de99b30e873b19992642a53691e47c12376bd043e56a815241bed
hprc4_L100_7460	1198c7d9b53e9355caf841b8daf6c00c3005cf70a608b3bdcd94097b9d2589c0
hprc4_L100_7461	24451733a6989a42d46f7e65ec18f37e83c8a278a8dd98db315f79d4e7206186
hprc4_L100_7462	fa03c9a44b7da09ea7652a945e9d2b448725ef6fcbaea5152e8b2c3c72dc8d31
hprc4_L100_7463	a0e0c0e014fc0503a2e032cca7a47889a8de9e3e73d62a2b46c4ddfd02da4199
hprc4_L100_7464	9d160526d4d1c2bfc4999d03bf881555020f8d31938ac3ec42b3c523b1935b38
hprc4_L100_7465	60ffd5fe2a65dfa313ddafa957c43479c3f8f30ba9eb0c720071c907713acf34
hprc4_L100_7466	45abe28f93ee54de63d60625b27fd1d30e6f13f657efa0610f3946cb5c56f00d
hprc4_L100_7467	049a37a236796df62bfab3b7139b0a7827355791fce2cbaa05cc9325e82eeb20
hprc4_L100_7468	6328dd12e1e20a86873edf02a74a168a5ba782a7e2520360f665ce6bf419c4fd
hprc4_L100_7469	49effefc53765770f547b5b12bb45c09de0b4acfe61b6121da12cb5590be6ca8
hprc4_L100_7470	c2fc1977befe990e753e9d402ccb18315c0b0de0b9a16b21bfbe0b89e90c5f4c
hprc4_L100_7471	426238ff74680c0578d354705836a6aa8c39309fc61ba2570025ded5c7108d15
hprc4_L100_7472	89e82b38e3a5626ea0c3f488bb024b123f3d5eec287ca1108190b953ca256619
hprc4_L100_7473	1e8a24a7601c9abb77dd3f65b2bb74dd3da367cbc97149bbf53449279e25e20c
hprc4_L100_7474	098c97344f1b4cc8b61d32c20cb8709edc3426318e81fbe169ca385482d2fe2d
hprc4_L100_7475	348e7278edee7ba7db97b59321aa759a67f75bb22fd063ae3e2275701af460e2
hprc4_L100_7476	fdf1fcd13f0af0fa504bb326fb1f1a34f20109a2dd2d1c0e161ced9370034a8c
hprc4_L100_7477	d1bfaa629a2429f93b54a5f2d3207aea70234ecdd164dfd710dbf4d2dd2adaae
hprc4_L100_7478	a624ff651276da73ac34afd8f36fd63c8746380d1656ed67f028937f7db5d9e3
hprc4_L100_7479	f65b931fa47ad810a2b3974d626780ad10b7351968a56426cc493c1014fb2c79
hprc4_L100_7480	2e8d1dbc0c2fff21fee1c201dbd210196a343b455bb714a9483d094e95b22ced
hprc4_L100_7481	b1b4c94fd106f4cbd2a8bb66388a8c5b109ba2160e8fcf9fd9b9394302ded908
hprc4_L100_7482	5eb843dbb7283fdaa7603f3751e13b2734fd2295a9b0821d4746005119551f05
hprc4_L100_7483	d1cf0a5d4027b36ead2814105aba2b86768d99bf5d21bd4367d2eff9120d15b1
hprc4_L100_7484	39f36e0d49aa022e3079e7f7120eebdbbda2de797fbca290a1d23253963a79f3
hprc4_L100_7485	0d8599510cd888256d8824caeb975d705966953c855e764c648869bb3b9a28fd
hprc4_L100_7486	8b031787f18b828c449b2cae913666c0dfb8d162d0cd30824721930f735a0e12
hprc4_L100_7487	3279c4a385415ad647a6787650f9b27cb167cce11bba17b94cf9963318d40974
hprc4_L100_7488	183ae9b76d3e5ce3977d482a37d8721bff8e1879c0c7894de6b30e3df2749edb
hprc4_L100_7489	cfd5d340c46e78d10bb3e34303f2e1cc9c4e0da11b14f00df6e996911ed782c8
hprc4_L100_7490	7d78136209e4bac19f96c5be13b6343d564707c3db9cc2033c85e0865c0e5f86
hprc4_L100_7491	fbdcfad17674c03fff210acbde7e2c24c8733f207efcff8878518795dd43501b
hprc4_L100_7492	c3e9ac985be09ba74ecbfb67ff7068799b57a769e2b410ef6c3564e0643cf8ca
hprc4_L100_7493	8beeb0e2e8a4e870cf8ecc1ef8348025916eaa9876ce7940a8c53be5410f6239
hprc4_L100_7494	e00a7235cd1991af2b17f7087e51aaac78f5dee6b394090a1ea461dc43234740
hprc4_L100_7495	e2b38d858c4b0b7a4858345665d2847df411238f15dd99f44f880301db341afc
hprc4_L100_7496	0977e57e42ada0e31733376ed218dbde0f584081fb30d01717977c16794a3179
hprc4_L100_7497	b7bf3677785847b806e8e969f1b343e7a6e59a8ae4a7aa44c74491b3c295c82f
hprc4_L100_7498	82b569da21a63356cea3d75c4fec36eeb6bd2cd12214f5bf297dcb5ee1ef5c8c
hprc4_L100_7499	bc0e7e8c093d1829b85a5372e2a7ab1fd2e5592e4b2b245e0dfe70c29d9b42b0
hprc4_L100_7500	0565eb0e8e5b7085d1b7448d2461c6f4bff666fb9d8e16d24ab4c255c6803a8a
hprc4_L100_7501	f3d0a45cd5b58c963e6591c4055f8e7531c8cfc57dfe09b9e804b73d58dc4ab1
hprc4_L100_7502	d2f26f814626d37f0ff955dfc7169839ecfb9b04f3d1ae3c3f2b5ce0759f456b
hprc4_L100_7503	8f07f5100498da94075e1fa5d46d586c086c5714c909ece07c39b332554f46e2
hprc4_L100_7504	919cd1b5b1ab50e8b71b3b8ab93f6dde02f1a3d2e25de1ad170d068bc75da5ed
hprc4_L100_7505	3dee738e9a3332f2f021232a52ff00f33daef65bad3dcca7335cbf2dfc9b1976
hprc4_L100_7506	682cba1864994b259bde30711bad71fb460c52109886c3e215de7bab57116dcc
hprc4_L100_7507	7bc8ea5f2b9166c41819a206ef8c057bf1ac07d668e539473bd5829a7ff2de37
hprc4_L100_7508	8237347716a44044765dc1a74b190790073eefcb0bb01499d89698581de3b4ab
hprc4_L100_7509	49bd34b2c6cbd5d2ce138692a13edd36a8447160cb8f0391dfa22ea582e8a8ed
hprc4_L100_7510	7c8db7de3c50a79a6f3ad3c73d06587433e503bf43cff66f65837c57e1d5ab25
hprc4_L100_7511	6c0679c586ec97c2072064993fdebd157b1d8413858fbfe77bd3ae383e92ae02
hprc4_L100_7512	80822238c47587d3e4ccdc15003a7f8ac34d5d98a802a12bd0ee90e5fdd7ae21
hprc4_L100_7513	caf82c1bf996b83fc6b87e28bc9f280e4fd02682d09731685f2dbb67c854f591
hprc4_L100_7514	843442a95a2904f00470f358efc6a75bc719cadf3d23468b2a1d35a7429ec46d
hprc4_L100_7515	b694b3ebe8f85b2516beec6e14db1bc9a00b24d73b13b5b1905a4b6462fa27cc
hprc4_L100_7516	5f0a864f25a9310b126a14524d61d392002d1dffe8d09216dd4b65b7788deade
hprc4_L100_7517	2b75d78fb171cbacfd1bae401adc56fc5d977d424f1a380ba9fe937b2e41d095
hprc4_L100_7518	b68425de369ffc727ea887806e0c66134a8abbe24b5b2bd734f71db402837207
hprc4_L100_7519	aa93f96ca8487dfb42adbe9a1fdb4f34c7e9d179356b9a5547efc79189a6bd64
hprc4_L100_7520	d529ced2cb2f05fc83d1d73144fe1c6a2592333445d477361b446a3ce02c7a66
hprc4_L100_7521	e40b0103e43d883f2b75fe2442154df32159dbfeccdad997fc9a7550d8803101
hprc4_L100_7522	a102c691bee2d26c37ec8309933236a3a3c783e5449764030e775c4ff4799473
hprc4_L100_7523	a77f515aca49cb16ac0eb685785524d60de64fb8d2efbd53d15bb720021ba0d2
hprc4_L100_7524	c10b6cc5ee635dee53a8575dcbd3d50c22168ccda2d357505a266ff8ebe14c41
hprc4_L100_7525	46d7564d3453aea52051f29bf0f01c9ee4ef546451f80ebeddc4745055a06584
hprc4_L100_7526	589aa22c20fff9a345ab122e24cdda721c1d70bd2b28082a7003a8f132914d8a
hprc4_L100_7527	2693513903ec29d019e783e2533b304d794da07b6c0a69d5fbc6c5a2ecc49360
hprc4_L100_7528	ec4c76d71fa2bfdca418cc1851fcbadcbfff3be744b115b313bdefc30807a3e5
hprc4_L100_7529	fdf964200fbe41d1f4a20b2382938a2dcd3a25675090a45a64532553d1b069c9
hprc4_L100_7530	3da48a99bd0640699325b39dce88b39a58eb1e2dcf4d6878021a70a98bed7920
hprc4_L100_7531	1a9f81b64cb5f64d6433ba8775c2f9f2dfd5d0efc10088bbf3b0aad920bbac77
hprc4_L100_7532	79debbefbfb2454213d4415e6b9899a9b8200ee758b7f8a55226d41db4fb9ca7
hprc4_L100_7533	63d780628aa5631b17992abcc8a9983a24bca35a108841f6a64bcb09fe4464e8
hprc4_L100_7534	90b8eeabfd14cadcee141720589e71abc273621e4e7a023b9ccd3f74137b44f8
hprc4_L100_7535	0b20c4e9db8ceeebd17d5f30492fc0f42bf7d9984c880c6a38cd9c00cd211860
hprc4_L100_7536	03a71beff26bf5fb0e5010d32eac5a83090769de1ab2f527d0bbf32ee0a954a4
hprc4_L100_7537	37ef5b00909eaebc648913f08fc1bbe9a7671f403d960273eb984da16a0cebf0
hprc4_L100_7538	5acb79ff39e809f592f4290d7d958bbeb80b2aec9e60dea26b02efb300188ff1
hprc4_L100_7539	ed1294fa294d5e0755e567a31ea9ae8a4954e80c55627019161368ef3e4b9531
hprc4_L100_7540	11aa45fe17c1d0eacc10f0d343a39cb6913a02fc3219fde4843c626e6a8525ef
hprc4_L100_7541	5a6ad5ed8087b6db34dea2de00d8cbd3f177629523dc3c251867fd2ddaf900e2
hprc4_L100_7542	69dd42992fea811858f56c07efe0aa864650799c28e0efc1717af176a2f44259
hprc4_L100_7543	9ce87ba1361342edd3361f6d0b2ff6124a065a42d3eda553b485433f7225ca08
hprc4_L100_7544	c3cb9d77da5d4a71248f4ddfe6fc78a5b60898b4e479dd506925b7ec0b403253
hprc4_L100_7545	6e6baad4080c22921c6b771ad0058283d8664f8d1a6185a6fe0e6653163684d3
hprc4_L100_7546	d874f29d0d96d3f9d86912eebded802a3dc97eb4f220db275ffc076f20d274da
hprc4_L100_7547	9665412b2d1537f508d8b35f92c14854db3912faabee7a4a92eebab032e4a204
hprc4_L100_7548	b3dc97f32c26cc2fae6f476aba1df0a33ff5829b7fc988e355d54b4771f10e60
hprc4_L100_7549	2013e1519a5b0b67fdb6acd80ef28247e13bbf98e606e4648c7c9f3c303b60cb
hprc4_L100_7550	add98c009124f686dce6819e0cd70ac811e6a2010f0978f0b1737e69de45e402
hprc4_L100_7551	cfbf976456e96845c6a01e12a29f4992b7e0216575888354587fb427701ba430
hprc4_L100_7552	5cf0e0d37233755a2466893b5e3c546cd760d4132fce9731e0f9eb11e4e778a0
hprc4_L100_7553	82fa6e87bab6e4e11843ce0aa28239454cf440e41dd22bded9728f29dbaf5f34
hprc4_L100_7554	0fcc0b61ad440271623d63d8cd80baaa4af3dc01641c5877f6ba838a526adecc
hprc4_L100_7555	215adeb7371651b5cddb48b52f72218a3b1d39dee7675801ac9823b975b7e394
hprc4_L100_7556	f0ca05b026cec1d3a34b83d365d3822a4b19547e39674734b06e39abff248fa4
hprc4_L100_7557	5ac0fd0860e7bbbe72cf250e21302432e9fa7f00a12fad6faba404b8d7bb1c61
hprc4_L100_7558	f98cf01d63ba12dcbb512fe66b9d20bbb06b9f7f7014a01a3c7d4a9d4f64ac10
hprc4_L100_7559	0c912ba64c830cf640bb7c17a3a857644e15d345e0dfac05f4ad61365d2c8f54
hprc4_L100_7560	e4a32eeedee7e9bdbfc79daadaaec28cfbb2576c86ae2737a4b9460013abafcf
hprc4_L100_7561	3ac418e16df79ee5ac0272a487b3c5c8d150a1d5ce487e964ce7673009a1acdc
hprc4_L100_7562	83fb17b35775641cf8564da7a9e04bd7493b608c1e13339c84c55c267646fea1
hprc4_L100_7563	4df2925244db649dbe40a57152736d2c06ab493cffecd5333c4c09574634f3d5
hprc4_L100_7564	c3680e13182ddbe4605f3a7052540723876170e567870e9853f36dd0e6781800
hprc4_L100_7565	0ae79dd432121f7b87fee17d1c257d67b33272e40723fa82bee306ffe0a151cd
hprc4_L100_7566	042e0d548e90be8404872f9781e472d46a986d860ff65c106653b6d5a6600339
hprc4_L100_7567	f2edac7d2684c4051e516b6236a47c7c9f79f73bf8f466800380c6f6e03b658c
hprc4_L100_7568	533ba8da2aae48fb465ff392671024585bbd73e6828ac33dd6311159d74c92a9
hprc4_L100_7569	e49a724c2b0d870b07298138d896d302177681c51a708a3929eeb347734f24fd
hprc4_L100_7570	58fea6e1fb749ec441dc9404f96c49c502fc6e6570daecee87c204d115347c0e
hprc4_L100_7571	a9769c50197354afc4873218785adeef801eaeafc4c80b3bab2a1594faf1bcd3
hprc4_L100_7572	a54453a426dc55e5433fcc98cf8f06b562b99f21609e9c09275a49a4272aac5e
hprc4_L100_7573	262e55f40426c6931a0e28d1685c377a0e3e2caeaf108648c25a7a78b486c6ca
hprc4_L100_7574	a81089e8734f462e55deaa6240ae91318db3949aa6e464e08da451623ee91493
hprc4_L100_7575	c2b9bd46f0bcfdb41664bc2b3ad497168c57be6e6592de6346c652ca9888777f
hprc4_L100_7576	3114881173a450c3fb0e051a42a669b0024bec2a5ce6dab7f055d987fa1fd8e1
hprc4_L100_7577	c6d81a2a6e71d053e591bcb07f52ef8ca9414912d01c9c0a0bd2e744c9600237
hprc4_L100_7578	47f841d2df245abcceaeafb1b111373099c876e612003fe4f28216e8bed6e65b
hprc4_L100_7579	f3e439b4e964559a755e2f27674873c82a6217f2abec0e710eb9e0cc891abf35
hprc4_L100_7580	fcf160c411773145e4c26479c5ba488e7975c93e105509f4caa5ff0be7e35fac
hprc4_L100_7581	bfe2c563d3f103c604035db866f463a7f0ad8776ae4a357fac1f169817eec74d
hprc4_L100_7582	aea94e64dad37a740ff567afcd2e8d84bbf7dd643a1d8c5a4a7dab402e095e83
hprc4_L100_7583	6f4f233586fee4c25b983cbaa9493912624992e2f1bacf46f960e299a2293f96
hprc4_L100_7584	3af23d12bb7ff15208fb38e63016ef75f9fd08aefb2ce4b6f0b8619a4ba05fcb
hprc4_L100_7585	284f498ae8dced70bb66e5415c51950475c3b166053651661cedd530d07377d6
hprc4_L100_7586	45126873dd9c2f1ad35799195f35a9797d4050787bf493fa4082c367fed3f1be
hprc4_L100_7587	2d8297856839bcff808d57481447b482c4f25a56feca5b17c8361108982b8aa2
hprc4_L100_7588	8e3b30886491d88ddae721f95055b8b4f3839f148b98fa0f9b09aafbd7318739
hprc4_L100_7589	f9dd6e14bfe22d93dde93c6a9be9adda77b20e56788ae336f5e86395bdcb1ddc
hprc4_L100_7590	aaaa4d110005a2de2c280d089375a25b330a8d397e34831d0daedf2b9370ebbb
hprc4_L100_7591	d9e7ea5fe71accd0fbb51134c55943edc67e7a151671700039a300d8a75983d9
hprc4_L100_7592	c1d3076aed507ef0bd1c497ce466f9c693c14e3d8bf9ddb396b42031f0ebe5e4
hprc4_L100_7593	3f5dd32c2c1a21b7138a62816a518000253b850ba945bcd1da4dccd2eed5f1b2
hprc4_L100_7594	58ccdf769dd5c101f64144747e3e16a559a762148ee862f284b10cc6b9bfd6db
hprc4_L100_7595	bdd916bd4472c4ff107d67739fd47221d4c8ff7c7d2c3f246a7a7136578f5cfd
hprc4_L100_7596	9727f99ff362a578063ed88d5b189043dcacbf16805cf60ca1c0d8b5b5382f10
hprc4_L100_7597	f5898c3e44a2142e3ca4aed0567302abc61786fcaf1d019a8c4b75da7785f2c3
hprc4_L100_7598	5dcf7eeab5383845996cf0ce0eab757ebd0fef4ea9188852e26653171558176f
hprc4_L100_7599	7cf32a287eaa22bb71f7a1fba7a7ddce7458b88b06370dca1a6e6767c57d312d
hprc4_L100_7600	72ef903ae002efb91a387633ec884845d130db3fef7ec8b177647091e9c590a6
hprc4_L100_7601	1ae82d4b9f9dc7291670cb90ab33d656b5a542de25b29c3c7e6ec3a358d88a9f
hprc4_L100_7602	9aa841354dce25992bb41520852a92ef80f00a9eb4436882ecf0bd7cc2def6e1
hprc4_L100_7603	1a570b2a938820d0992add14aad1c28c541cc077e1d89bb5c95af2596ba1bbcd
hprc4_L100_7604	089aba265d6e38ac825f547c2dddc795ecad01a5a90e5460fd69a846d42dfd0c
hprc4_L100_7605	27a55221efb5294a6cabdef1bc99ed0388662cd8dabdc652da981e4b459dc8bb
hprc4_L100_7606	204a5387bb17fa97371fe5e9c01415c89cab02baf2726d3b2f7157b422111bbb
hprc4_L100_7607	e038d3d888b4b6731b46c547c9e27cf2a98bce0f61e995b5fd6be1c2ee179eaf
hprc4_L100_7608	2a87109f0b934dad0796de8a80a79ff836df8d2bf1acd5c67e8e393ac3974aaa
hprc4_L100_7609	56d279c07b41f8bf71c12f1c8cfbb68d1676d97aa6c6501742b408231441caa7
hprc4_L100_7610	fb05fc59c22193f0c45ac437e7b1fcbb5224426ff55696940875e3587e10319c
hprc4_L100_7611	36471743a42ea7e426fcdcaba29ac6e3fa27415833f2adbf1b1e305d7a9f59ba
hprc4_L100_7612	3fbbf11c6ff10b7fde58181a6390f9d41237e7a634d372ac133925868a0d49f3
hprc4_L100_7613	9493cf1755556e4e9cd3de352554a5beee33aff8242c5efeaa04792b5e6771af
hprc4_L100_7614	8baf0821b860dac7ff8cb173689a1e1588da5b8e02ab4a108b9f07033b53fbb0
hprc4_L100_7615	86b383f7e63457888fd73267160912031336a9d5362fa42a94573124dab8a2c5
hprc4_L100_7616	c05411ff01194faab8cee773133fb9c9e0c6c41113be4499a58136b697ae93f9
hprc4_L100_7617	264a5f560fcd6ec720bbfdfbfbe2030a5265e373d6a3a334ce7d0b3ba83a64d7
hprc4_L100_7618	de8896ab564470cf41d431b519ad8e3bb85833d74fd20282fca5befbd046ed85
hprc4_L100_7619	36072613e7f688a0142c0187d56c16356d518c9e8f0f8c1e9eeee3c98626ab67
hprc4_L100_7620	009ef106a008d3873a9c101a85ca7cd37baa6f6118ad5af96653b11a5e119946
hprc4_L100_7621	474363ff916d5c27860b69102ca308b46432212887d635c1b7d947fd427a161d
hprc4_L100_7622	6ec3c391f7febc053f5e0da5ad2c830c7f6fc41f9c3abf9d7f56e57066a9c33f
hprc4_L100_7623	25be58a18400ef37ef989b25bd0c346835a6bd347e9c5be4b2972cd5945b0f6a
hprc4_L100_7624	f1b1b723e9a22b74f176df427c1c62108e6f294addf3269c44b2c4d95da90b13
hprc4_L100_7625	2ebdf1921d1fabf4f3cd23ef6563bb5f383679ee4726250055f0daa3f322ab2b
hprc4_L100_7626	b593e0ad08be611a01c46d09bef86159d20dd745fdf2a7a70b433e4b83af119e
hprc4_L100_7627	b36db8b95808c4de4b77f61a1fa9cf6451d25dd905a425487ea4016f6875d299
hprc4_L100_7628	f8ae49df93df79ae03ee3162a765575fc275b22b4dc4c48f10b4d4e89494a71e
hprc4_L100_7629	197a52a04b6ab62d5e866cb00468f37ef96bc0bd703b40e05fdbfa65a38ff0c0
hprc4_L100_7630	46e0e6228d336c9f6bf895acb0a8a0b8e2bf07917ca2854193c5e06a81ffa38b
hprc4_L100_7631	d4cbf82cd8876d8d6fe9deced9b5c49e4d388f014f614a13edecb22cb9567736
hprc4_L100_7632	4d0c4ba8719b9519773e3ed79728746be9d3d0732faed40e472d3b508512df47
hprc4_L100_7633	b0a9f263081cdbba1d4bd6686dfd7c38d31cb1930c1d520ecbc5286dca6a3263
hprc4_L100_7634	939b560aab9831f1d81be99e4629c8816f7859276220c84ce6400399dbaac84f
hprc4_L100_7635	2cc67f9783e004aa479f270dffd1b852961ba0783baeb57e5da7f11fdff58a74
hprc4_L100_7636	acb4005a1f40e6c51da79332b025c7972b376b63c84521f07f3da652dd8b5d31
hprc4_L100_7637	b99f976e9384977cc11470d89036319a8dcccba5866486d1e4c5dd337dff6762
hprc4_L100_7638	81be68396beef4b50113ceabdfe12cfcb9d1052c8a13f685373ff76455a4d5bb
hprc4_L100_7639	c283b3f6fb5db56d47bf550bcc95a2189db3e18947e683ca68bf6199cbdaf232
hprc4_L100_7640	b88aa82c0fcf94c538826444c3b52787e87cbb69cb5e21e5a688df576e7424b4
hprc4_L100_7641	638e8fcbf57b446c31d5f8af5d9ec2c12d738a0b9c8a2916a35f28fe4704f18e
hprc4_L100_7642	4d3781899611a4dfc7b1d4affe22d029c4122b54cc93137f7bd24f5a2e3bd54a
hprc4_L100_7643	476bce752d926dd3bda93fb365c83a6878cd39e648792662a94e158944112b9e
hprc4_L100_7644	40a318cbc2b949c024dd17c0b4525d1072f162b36524368d619fda4338e85ea9
hprc4_L100_7645	bf8dcb42bcedd4d54e1dd046c670d72e9e35af7124018c1489457c813c7dd62c
hprc4_L100_7646	0b753656c17943474f792527cfcf37bec6e6985a973b459979b2d0247814ce66
hprc4_L100_7647	e7256102575a0b4d329d54ef3b70cece5b83cb49a106a4d39b548d1df8a363fc
hprc4_L100_7648	2dbae1adda237ec73177a67cbf5290ab78081d760e9f7b8ac8bb4bfb67ef4c10
hprc4_L100_7649	bfc0d16f611306ca2e2be4918239cda6a608349b329fb72ffb39b89e07b0ecd1
hprc4_L100_7650	8627e71ce068ec28ea06f431d3f18d4d236f37022e9686c125723cf364b1bf68
hprc4_L100_7651	9632f34682295c7760c7d80a2604ac0724b03cbd6d1c557e62e832706aacbf0f
hprc4_L100_7652	855b97684b80efc2de37992f9a60fcd20d990e5af319df09aec9ce4daec77067
hprc4_L100_7653	47c37c6e87a4a6253e0388eafdc47dd0c6fe00cf48463bf993cb25582aa3c246
hprc4_L100_7654	ba2e7f78c55448e10fe95c386e0dda8ce57e30ad108817ffbbca3b18548ce15b
hprc4_L100_7655	226b057b4e08305ff5a73a80da95def0e28715a665d7e79402090b47d7d47b0d
hprc4_L100_7656	f8d1c541fd594b61b6ea92a5d9a17949d2d18f0a57ea6954c1532d4ea51dbeae
hprc4_L100_7657	03152187899f2d4a25179e73da34a85479488e2b802f955ec262569b71efad67
hprc4_L100_7658	60e17676746df4281b463f168579994bf92ff5d0f3e2b0bb19914d8eb7e67bac
hprc4_L100_7659	0ec60419cafce060b5f7e82a3d0d99e3f3a97b1bfce576087753de1886739bbb
hprc4_L100_7660	a944de8456f4be9bbc196434207d02174b78fc9003bf95769874bbb30acebfdb
hprc4_L100_7661	ccae0384035e8cb94319a78b95a945181a74bb56049f7f1824223518b40a54ce
hprc4_L100_7662	8b291920ec3c62e5fcafec3a9ec6afef3fef87372ff6e8ff30025806d0a44a3e
hprc4_L100_7663	20fd9899140168138acbcbba8002eee50c8e4c09854454c8c7f27f9297a837ba
hprc4_L100_7664	4a4f84c3555254b7d64362ae20463cd501f72b3e2e9eaff3da8464b9a3c6247c
hprc4_L100_7665	293793a5b8f50a6d3ed678fa28bd5724a18b3f5d912d0494d92456e79f27ab02
hprc4_L100_7666	c8392c94d9c0b5a3978c59af8b98ab51122e4ffb1c48f28359696c3eac63672a
hprc4_L100_7667	225adb37d82c2258cbecf84d70d7a31116493e8ae0763747ee7dc7e95f824432
hprc4_L100_7668	99f277a07f18567e33295701aca7c020b7ef1590598c3e74b67e886b684ebf02
hprc4_L100_7669	06bda10496d44260619f1f559c6175eb52c2bce867f2e3876b34bd020dadcacb
hprc4_L100_7670	2d2aebef03adb443c1e80bae9f5b2e9004daa5753d68ca70c313f99ee325e4ac
hprc4_L100_7671	3e6638d75f956ae8599dd10660ce7b1fff56c8611f49a91b4f48b08bc4b5f129
hprc4_L100_7672	32d2a75d1bf14a60543e047117ad89220132bb17f49d83a3a15aac146e16a93a
hprc4_L100_7673	d5cbac1031516f237cbe74905986c71965af006385466fda7d1c5e545d0c1a75
hprc4_L100_7674	9e636316ef03c88e5e87c8421a314d835d3d3d87a6ff4cf003a78a37aed59a2f
hprc4_L100_7675	0fda2b2982c4625ce506cd5e49a8f96814daad97bf3aaa8db6ff0352dadb2eb4
hprc4_L100_7676	993c0c5448b4e682410069348eb4d4cbd73eab4b1431dca69c97e40fd0e21392
hprc4_L100_7677	3e55f3a4739bc0f6b45d51fef0972d6a36f25fcf56b66f6864dd3905af41ac85
hprc4_L100_7678	314bba63d046dfcc684c66e1e7f937f7cb34556c59f78f253e1e8c0e1b03162e
hprc4_L100_7679	207f4ea67467c32f4a8b8cad62b9c457f5a4a0fa38e64e80cec8fb1ec4faf271
hprc4_L100_7680	c8b9f583cf90a0c9a43415d3127d19786d94eb9cb44396c670f54bd3f93c3640
hprc4_L100_7681	fce0f4db10e69ec6e3f6681dfb8bed3e4700c93788c8e683fbb441258c2ee438
hprc4_L100_7682	b58a437219494a22c514595c9b0083422f32653edbc2ee6ee333178fb538cc5d
hprc4_L100_7683	520d3cc643a211bc7ab8d963c237dc21d84f8ebee0bc8e93c4645003183db4e9
hprc4_L100_7684	b1f6834ca131e2c5321168837be84acc0417743b3599849a7633d71fded115ec
hprc4_L100_7685	cde972c155dac04c4f5d1a44affcd3bf2f0bd6d6b15ab770824fb65a61349e6e
hprc4_L100_7686	c1e280a8d1707ffc11e933dc58b4e56af1fb8a24657ee6c8924d619e78de2280
hprc4_L100_7687	7fd8d57723d39bba6e0157c4a7a7eb44124f48a0257bdfb5be850e68f92896b4
hprc4_L100_7688	007d78000594d29bba3fac6e9c02a9b7ceb860029d1f9a76704fb5c7e690f25d
hprc4_L100_7689	c81d342770b600fd9d7b43108e6df7a7e115d3f93a5130c270ef677d2ac9dcdf
hprc4_L100_7690	c327d154d49c6bdd245cf1357773616811812aa29a72b477d3e188c2946cd531
hprc4_L100_7691	bd00d6cb99c11f73c568b76e2e8e74892c1f26196b8ded1c1d0dc2ac0bf039f8
hprc4_L100_7692	cafd042a900efa227c7515a0ae19e3a25419e3715d5cb6286325b0114126a119
hprc4_L100_7693	bc1115fba440035dfc51818c55a1cb3a94d486e6775989dc7ad5e8dbbdbf33ed
hprc4_L100_7694	44661e75e3ead9145713fc9a182c94d2576b8d99edf4e96b5cb7f163f7120950
hprc4_L100_7695	91d70a7f3096a039aa8326ee1335168323255395d5788d467edc815396e99834
hprc4_L100_7696	6f1fef44dbd12f1bc03ef9e3b587a2a7e800e10e06b54142e2464ca22e242ffa
hprc4_L100_7697	9ca1bd3df6b593d1df1680b21cc336c5aa41640538eb4a78d8a5e2c8cc1fa982
hprc4_L100_7698	ef67e3836aa21d0006cfae7bf276b1ebca132c2f7077481770632b5d1b0f9cab
hprc4_L100_7699	830dac1c7b7f871991299a39807e06b2310c7d048b6b3f4af08d42e703b39014
hprc4_L100_7700	025a26cb88bf6c1277b8919902c1527abe7ac559c8bbb9f2821c4383898606bb
hprc4_L100_7701	690bd3c35a31982d4e4b722090e67da610a1dfc70fd2975ee13a947b86389f84
hprc4_L100_7702	27eae9f03fecd1405671385e2e09383ae8c165500ed82f8deb0288ec831cccc1
hprc4_L100_7703	1959df52021730836b05d05bea7df41f686790b6ce6e3ffd3bdfd6fe2b188672
hprc4_L100_7704	34157bd489e2e3a2010940126551b6be02d70c9e496cdb6811eeae7aaa754fe6
hprc4_L100_7705	820034d008e5d194c595914823202b9b25c645e77aa91558a25c7dc3057efeb4
hprc4_L100_7706	1582f213fdc94043b90f043eef607772f79248cdeb7a4a5cf442cfcc0e9a0de4
hprc4_L100_7707	c9577337c32d2f47440ecfbbe2578925212bef575789c13689978f1189d5687d
hprc4_L100_7708	d03c9c9f743ea80cdf0a97c9f80ccb0174d833e962a7151985156ed87653a2dc
hprc4_L100_7709	06a28af16fb5c677400186e4514b9aabf3072c94b60437c3dd6cefd47922ce59
hprc4_L100_7710	c3ccea08c4342df994588717d97a41b1004fafe0f165230aedebccf3927067cf
hprc4_L100_7711	09ea4874ba1860a2923c1e14292880c4695ce45ea25c9f66232f541bfd420c72
hprc4_L100_7712	43a090b5f5f965efc5722bb67707132ed072e9bb5fb5316e6e386eb1961e9b42
hprc4_L100_7713	919adb452f8c320423d87b39e6e6fcfe4c42eb06a42eb224b89ad931eabeda66
hprc4_L100_7714	251bd7a59551f7bbc51f7ad3268f1d65a042734763db326a9a0b54a7dd345b7f
hprc4_L100_7715	5ddf5e48c286bdcdbb82250af8ff9075066f92c673ab14f0ba8253e4c4cd6936
hprc4_L100_7716	8c8dc14ef8b20757ed2b4fdc0e8dc3a469558776fcd125c527d037500f574fda
hprc4_L100_7717	78b03bf621863ae0a2341e0607d6c92eb92634de4e1e0b0bcc3f47f0a8406e46
hprc4_L100_7718	1290fd7f3c21f5f3c1742ea2441b2223750726136d04f134f73d6d742cd926d1
hprc4_L100_7719	73e461910e11ad7546b3d79fedda1c0baebe6d6197e38e52d3b58035d67b8d67
hprc4_L100_7720	87289611c83f049fb39e0a651ffbf60ba134ebc86eb5c8333f456c50e58f1a96
hprc4_L100_7721	2634bdc48c868474f15e67242bbbd4008bf2251e53a9140b6970ccaf06f28d7e
hprc4_L100_7722	5e9887ded95a9f93db764a1dc3ff97d4da466ebc7fb36e325a7ead05f12f1e79
hprc4_L100_7723	8e3ab8369ecb3814139d2ffe27fa35f32329630d6db11f2a4c12c3d1f2f3cade
hprc4_L100_7724	555d403ffa6f62983d569653b2a6ba5b0bc3eeda477f5d5b149f88e1b1bf3d9f
hprc4_L100_7725	ccfb0a4e55acb721b7ec725a4e8da07768007acca95c435a6eefc0e207cbe9db
hprc4_L100_7726	dd26dd554cd3a7fc010fc49f01953ddde464057586eccf9d2a6329d3e79add99
hprc4_L100_7727	27193ebb59bfb66fad4195802a0bef98e0157fa815bf6be80616c7d043120905
hprc4_L100_7728	c078f089ffde9226d4ea9b44705507746c09199de35d0c10e07619d6184106d3
hprc4_L100_7729	968247901bd71e9dbcaad08dfa8ef968344558bfb169a04601c393fe068b8330
hprc4_L100_7730	08e51932c898d88fd2ef644f67151a9f4f107ff4566ed36489297e61ce82bde7
hprc4_L100_7731	925b1b24f12a1864a77400569c562e1ad1aad70127e3971ca5bf5e6a0e13332e
hprc4_L100_7732	b95faca91520c7ae14542291773d457501e22707002fdae5279a3be4371ecc43
hprc4_L100_7733	8b260c6de868646a821b37901fa5133337738387bd60ea861eaa3094c9819fce
hprc4_L100_7734	2e4a029df224e899a42996290be40fb5ec1b23bacd9ca01b824d1498b89826bb
hprc4_L100_7735	0716b37c95856c5584cd36384a8b30e0ad34de5bced6d0ab29e6f388ecd44981
hprc4_L100_7736	4b9c45d3756a20c70a48f15812dfd18c103db97e9b60ee8f2831129db7ce00f7
hprc4_L100_7737	75004a2d9f2d6ef85fee9773df5d94272753963a832e4db9256a715d2e0c0f12
hprc4_L100_7738	a763ef4043669717d5855896e80c30bffc4ddf2ac6254320ae5526507cc35e0a
hprc4_L100_7739	7e4ab3c8de39e6c0bcb6200b359db5633e0013812940ed852b5e21e38ed2c8dc
hprc4_L100_7740	89d46bf599fb146a04897eac49cbcc3d6a2837c9066811673fb6778daaaae4e6
hprc4_L100_7741	d878791c0ceff02471324d96802fe1523a55ca874f3f0debd4332ed97875a4f9
hprc4_L100_7742	b9ff9177b4192d2884ad01e018826412ec9a4ab4139de021378f7547b67eebc4
hprc4_L100_7743	faeeb798918b890d28d23e5b698087b1eb3516d9ee492a90647ee36c6683ec6a
hprc4_L100_7744	c780bff5c04a56b760e8062340fc0764b615dea7db131ba953cab625ec907766
hprc4_L100_7745	8c5c227dc4418de9a38dc70fd007d658536df93af4748566e4cb11cb07f9c98c
hprc4_L100_7746	4fbf1e8eddc13e48b9988bf7c494f58f8c6c28f0f5d73c6159a3fadcc0f62c69
hprc4_L100_7747	f05adfad2b3f3ac9272ff37767f33c395575a17d2c203b5a5aaac2f9a8d882c4
hprc4_L100_7748	de69a4dcd222e21e4dd6c27f3a7f967d9b7fd9cba7da68a255899e448341f033
hprc4_L100_7749	d8af2b2213953312db4052d47d8f7144e7cc4a4347e9a14a697a48dcca432b7a
hprc4_L100_7750	39284509478a90159571ae392f1771f9695bcd635f643eeaa07019d682452ee3
hprc4_L100_7751	3564790fdc49d73c335d5a1caf97b1c23233c05289234694d55257c85fc83865
hprc4_L100_7752	b591d3befd46623614dae4504239d5bcf4183e4ecc72af66400b047ad02a9394
hprc4_L100_7753	2d5e2cc0af268516e5aaea116503dfbc72dfefce818b340c6f0579c1879fef03
hprc4_L100_7754	9f36a6b5967b8c307619c888ee2d796e62817fec383c621dcd7e5d00650db517
hprc4_L100_7755	e2e1bca7b3261cab754b642b747c5a41eb0fd73aefcb823b215323a96dba5ea7
hprc4_L100_7756	fcdc53499334a4558ab994c0deac4b5e30a94d96013206c2a03e00a97e3670a6
hprc4_L100_7757	4f6c910b0d23540b690a26574f11df9ed23c13a8387c5d6dccbf7bb6fbc7f1aa
hprc4_L100_7758	20b25acc5d712d7da35bc16cda0897f746d0b759547a51312b2327a2063b9b00
hprc4_L100_7759	30a3e645e21334b1c7eb464ccf2787af0bc0e62144da7da9394332db645e1ef2
hprc4_L100_7760	98bc08ccc7e5b9a76a756888f8e2f63f52c55cb0ddfd76a661ea8324051d8026
hprc4_L100_7761	aaac3f29f25023c94438ed5cddd39bf5c137c3fddd818505385f81e3757aa15b
hprc4_L100_7762	f90be91241c1f15f95eb7268e405c928967beaecf5b8a833f27c0309838f7073
hprc4_L100_7763	962063b818e355415f81debc7fdc78d99a8d8057df9707c82146c085e4cb96e3
hprc4_L100_7764	eb151a022530712b9d09f3e629958c86e509c67f1ae2a1ce4f44e318c2ba2a3c
hprc4_L100_7765	fbf6da69b493dcfb652f7c630882eb465bd4ccbcc5f0edc4c98f21c3ca18fedb
hprc4_L100_7766	5668f69b02888a35d05d5957c18e4c7edf40a204b7e638a04320c5742a67f0e5
hprc4_L100_7767	67c48d57c35ebe6d74d854c99fb47ba44f65c40de19182be294caa6b02e4b2d3
hprc4_L100_7768	0c8ef3c8f0e6a997b7aaa508ac64685e1241baf3d4a9ce3a7475f88df06de5be
hprc4_L100_7769	4c0179ff0232ff4450508e413290b3d46c7eda4af0381ab87d1f46dd5134677c
hprc4_L100_7770	348a802505cf496e9c5152b62dd1d705ef99d3d4fc0f33159187c55de3449666
hprc4_L100_7771	b8a7d1944edc4fc92e78dfd388c597e191e26d45cdb0b8b4a2eb7e0dc968471f
hprc4_L100_7772	a3859029f9c574ac283a310a8e9444142f85919516e873373881ddf7785bf998
hprc4_L100_7773	0ee822d1e644bc92d43581ac58f46223e795e327d3921568eaccb51397dfa5ac
hprc4_L100_7774	9bae2fdd88a999fac675f2dc9f94a25027a493bde1ed253eb4aa23d71349f568
hprc4_L100_7775	292df0924f903cc66106545d96e0ca9edc469d58d17bbff8867dd98ffb9bd877
hprc4_L100_7776	5268be03cdb88eefb814817b08bf2f6d72846a7f2067d638c71f8da85a91cb12
hprc4_L100_7777	e476485c5da85808dac58cdb864b09bbea2931b16e9330169ef416df1bd29510
hprc4_L100_7778	0874b4f0b78e228d89879167e1aa161daa259922df64e48b0b702949d9cd1868
hprc4_L100_7779	07066c134d7baea471123c3662798f358caab31757377b934af7d4ffc5432c4e
hprc4_L100_7780	4120a7d7e80d3cfa8992bd92a20cf4b5663cdab0600cff050aea7e6543a0093f
hprc4_L100_7781	dd5ff6586a813e83ce2ed058b9b66286a370f13fd1f36be355388863c8365bb9
hprc4_L100_7782	1f68ddb765246c6a0209ef2f64ec3fb3920e8578996e610f4dd5c48a91cca049
hprc4_L100_7783	50f6a8136d7188e84a860e2404b378cc025196b31fceed82ecaa0cbc257250d9
hprc4_L100_7784	a60d53c5695052104e897a7eeb0e737d407510bfe2bc9113cc0fd2f24cacaa79
hprc4_L100_7785	b8051939d603884156e0eb6a522cfd91907a2afc21ac069961f9774560bfadc4
hprc4_L100_7786	3ae5851ecea5d3fec01d77ab30aa9049f4d7f65ca8eb0a3a05af33ae6482b3fa
hprc4_L100_7787	6df139aa631c22cc39bad91d1938281ca81650bb5a80e87a8c961cf6f5202dfa
hprc4_L100_7788	9db3d258c2b11abfba5569c8afd03f2da6a80823961010e55f9e9fd4580e0339
hprc4_L100_7789	be9f3a74565838201f38923463b9562c19ded2d6c6ab8cc713aa3476612b73a0
hprc4_L100_7790	45aa20910ccd3e183ac6f78451567cec142ce44885d53b03a453c8f291df7634
hprc4_L100_7791	2306248aa4a4a48465a0fb18f704d317db8b5787d427e307380ebbc3d2bbcb72
hprc4_L100_7792	e0b40c5dc5c7de0b59d966c039d59fcfc178aa12aed4420b47cf17166e471cc0
hprc4_L100_7793	4251f041987ded45ad16ada70a4d5c1a71bdbee5f5e18dc6dadffbadacbc5559
hprc4_L100_7794	8dbff8104f49d6179c71cd89f4a3360c5e61fb3d47c95a2c9358ee9fbe2239f6
hprc4_L100_7795	264ab3aedd7817c42ec08911aa9a3f5ea8bf6cfb42fdc44984d5c542f168f709
hprc4_L100_7796	39e883180cc32f984222ed3f0ff0c9acc29a719c7e72434098de53495ac7da5d
hprc4_L100_7797	d74df5c3611dd27af9a9801c3964f84104510bcaea356eeea9b9a79791b0e9d6
hprc4_L100_7798	b584c7c903751c2f20bb4d0070a67e1380fbb40c84b8d830431a86121ae91f2d
hprc4_L100_7799	0e77f607bd0d729c5356a318c041ba76aa49fd01f2486fd6ce7a9b73922e6296
hprc4_L100_7800	305296c3e7fc52213cb09faf65fca9f678d57174947f2469608da52f8b07a1c4
hprc4_L100_7801	102220fe314283dcfc5c5bf23e4ab703fade8b22cd61cbd70d0c4aa15f389e4f
hprc4_L100_7802	861c20e06eb1206141a0cb3fec59101903d368281a50e48f37966b0e0c9077dd
hprc4_L100_7803	0d5e1030264f4e969755525ff1f8dbc7499fc6971f22f5da89294b3f7075eac8
hprc4_L100_7804	84fe213ef6035f4d59c1d8fd8dda004848f017a64d171f87ce509765c8a82a36
hprc4_L100_7805	548e08c5a2b12b5ea8533aa374e649332d3ff4ae46f598cedd749e3ce378e537
hprc4_L100_7806	99dc74cf8074d70248a3e263c5a65597560d8f2c606743154b2c519880942b0d
hprc4_L100_7807	cf99252a02a8d3d9978f7e475e1631d83507251e632af592669443bf24d244d6
hprc4_L100_7808	a1c982d07c1b2a6f89c1e40560e7b6cc6ca98515dcd4c44c23808ade2fc4b0f6
hprc4_L100_7809	e5e4b1e74632f62c66d72bdb6ebd208911f8784b64e5d2643604c901f468df4f
hprc4_L100_7810	834a0c349a372189462b97403c70a2d276ef14e5236b04ddf31d659bbe7fda74
hprc4_L100_7811	62709555a4a92c5f2e375d6b6cb3f69b01e18bdc61ef893503084367bda93ec0
hprc4_L100_7812	ca4f3b44e825ae2629c37915413068ff82914724c8adfe4ac1b5f54ebeac2698
hprc4_L100_7813	2712bfb6fc757ac7ea23cbf58ab65d3c31d3aa8f03979b251f9623a799d5a249
hprc4_L100_7814	49708471eeebd0c28bde53842df201c73c0a958069b580dd3fba5b2e59832944
hprc4_L100_7815	d49303720c45219fae6302f86e9e12c432bd9862c479f479e511bc3cbfa38f09
hprc4_L100_7816	c7bf8f7107a53d5c8f38bd37e8eab9e2867fae21a4a028930e841fc6808bac30
hprc4_L100_7817	19e9772858b85351c3756ba91be52d34ca50bab5a302bdbccfdb0c81992db954
hprc4_L100_7818	4088074516277cc07ae18f064b32de309a97d09c804fa05e851b8ecdde758f29
hprc4_L100_7819	148b65bf4fd6a4397deca8383685b0293de062f96b5b7187ace984d730cf5fdf
hprc4_L100_7820	3e5356ef1f5a98bdb095418e525b4c3baa1c5da3728b9cf90bc7408727d63a9e
hprc4_L100_7821	d2ffaf79913160c270fd1a457b08380346f5220a19c84cd5ef3d21868e7c8473
hprc4_L100_7822	98b11604c0d8a11abfca627015fba26bb050129871ed319cc94e9d5077720ec1
hprc4_L100_7823	5991c03424854e318951341129b3478e77886dd152656ac83e6f8cc7d18984b6
hprc4_L100_7824	45dd2ceb8e4da9b1678b0e3a26ffe6fa56d50f0bb51a29f13ee07f652355e260
hprc4_L100_7825	d58dd92508feaa675ba439fc8141bae857ba2bf417fb0576354864012d05f707
hprc4_L100_7826	e1a3eef30e9ced8c19a9d3bb9c56664690f11583933dfbc8ecd638b10e8e02c5
hprc4_L100_7827	5571fcf56463b28e0448c51c19c0786809ce1207285e0094f1117b224add0dbf
hprc4_L100_7828	da9a6290cba4b00aff68c7f6d351f1a7575d5b0f864b271f849186ec8f5f6bad
hprc4_L100_7829	91c7240cd58d2de0ba56e01bb0570cff60ed54bf7976bae44eab558df845119d
hprc4_L100_7830	ab96877b1132aad074b1d1a8edaa99b934163953ca1d1f123a06dc5856452ee0
hprc4_L100_7831	01988f5a248f6c89b58c3252215a0a49188885f48dac51b881abc5be9f50b7c8
hprc4_L100_7832	e36884303eca4e1fcc318ba8e51cfe7aabc7655e17a077a0674f4fbbbde1a201
hprc4_L100_7833	d01390a092b24331a12e72ef076a1f30fa25bbaaf8fb00e49fdc5b0e775f52e0
hprc4_L100_7834	4fd60081603df69cc536a45f3bde5e442e92cc60952a6e54887d9cca2d0e8fa9
hprc4_L100_7835	e569d0a33b08a96a9a744b68025bf68b06a596ec3361ea6aec81560a90a91864
hprc4_L100_7836	8a45a7474b192a7e8752d7bce6b0378d760cba2b4e0e4ffffbac5c7bed3b6b34
hprc4_L100_7837	e4657b75658ed62aa3671c2bdcbe1e9e812e744c9ee155fd5f9ee5651af826c8
hprc4_L100_7838	f8f19a22c824aca92080fdf1d0b66a485746fba2d46065c05adb1d41c529597e
hprc4_L100_7839	8098f3ca411b635770b94e7f6652c585959514c3c1e8fd838f1a61c59696de03
hprc4_L100_7840	52247316da7d364bf96d69339f3024e6ebcefb3aae2f66771f162fa6a3b90ed2
hprc4_L100_7841	ea7e05edc34cb423b4aaba9b6ed8d70c685ec1dd253bb864f40a75851f1264f9
hprc4_L100_7842	28e8dd36c7833683b69cb0fe2d79f936114e66198ec68228dfde20dae597e57d
hprc4_L100_7843	23ec290e5063bede88e45c14c5b7d284da11d4ce6cdfbe84ed7145e0392e58d0
hprc4_L100_7844	5c22cec6e347195ec658abf6e5c0adcedccd9bf97b5dd7634ac72dd3c8f2421e
hprc4_L100_7845	40174565233d8244e22141241216381ec18595a2a4a3269582ae5b4e34665065
hprc4_L100_7846	de41fa85ebd4a936c3888a65994e239b00cd7fdebc0d850a55647ca34ea510ec
hprc4_L100_7847	89e78d60bae2d899e06b449bcdefe25cca3359cf88bf07bbcc3e405ae4f5e7c0
hprc4_L100_7848	09437ea1d2f22cf37fe7ca4aecd955fc17be9666bcc2307e6a7dd685fb9de9ee
hprc4_L100_7849	9e69c69e4443a4379005f58e7f4d7778ebe7f4931a72e43f5d4e3f589847a71c
hprc4_L100_7850	68b71bf3b00f62fd0fa2536dea35f12aa42cf99c4278ee13240bd23dcedcadb6
hprc4_L100_7851	97966252477a00e4d51f71320a61adb3e4cccea51c027fc8ab62a5252d163d2b
hprc4_L100_7852	2582240de42b1472dde0dfaaed25c6985abed897d5c43fbdfa0754f833436966
hprc4_L100_7853	c602ed3ed4aae8d5d2c8e0f964fe19bb98c7af16d7a6dda7808437680802335b
hprc4_L100_7854	5501de2c388bc9d6a0bf5f6baafa125de51140efb4b8d2fb171a6ee4fa9f9b86
hprc4_L100_7855	85785e28073123fc31c4d17914330a38a58f551f007bd2d6afa5f91a39a2d115
hprc4_L100_7856	b1bf5bbd3c58a726c4c05098503d604979f0416f0eecdecd144e504d8e620708
hprc4_L100_7857	23534bc7e260f6bf08ee19af2ebb07666c682401bee789bb661cfa575848911f
hprc4_L100_7858	2f56b40bf484a1b14b940c6b755c2f14faed69c579a9881fb27f0bb61144e599
hprc4_L100_7859	ba8dba8da84c623ba00eed429b0fab550a6393940beec83febe3a25bd59ce88b
hprc4_L100_7860	55d729e87e71acc685af78697516ed785e99a67584aaa4644af12a88d7545e76
hprc4_L100_7861	b28267bab9fb2b1788a8b5ed2690c7b2cc4d83512a45d42a2d937389255d929c
hprc4_L100_7862	a128d3e9cf0405e8e73fe1006e5a6f75b9e62c5e06ce11b3f5396910433d5b8f
hprc4_L100_7863	d8dcb4226f43399639cefe8f72056b538f8b8270bbc724253624006b8051cb70
hprc4_L100_7864	414bb2e9032c842950c50d6b011e825ced7fb8f344127f115cefd4aac797adef
hprc4_L100_7865	f443934e4a561cbfa18e0829f70296d000a906a7c06e26c40bb43e948e9e1f0b
hprc4_L100_7866	afe4721b81fb6339c58b859c716eefba3b308234176510badac5c8f160879abc
hprc4_L100_7867	289fe1ef46bb30a821ee975d6926630bc30b4601b35077b5397d2cd1c7654a8f
hprc4_L100_7868	e8e6f71480f37f3da1958e154c1470b042dc71667559817ba588a865b91e1638
hprc4_L100_7869	cee453adc83ae91e9598177025692370ad6003328bfd2c9052d437d03bc77d4c
hprc4_L100_7870	b1a2e26a127c5da97a2667133aeeeb0a91c126b41c5deed9eb4f9d632cff2520
hprc4_L100_7871	8e12d7cb07c96a840b75269d5c4b8386c0027ec32256b970c9c982a4d5fd8cd9
hprc4_L100_7872	5f54ca60e90ad249513f075e3a4fe92495ea4598c2f73c2f8f404cd583bc438a
hprc4_L100_7873	aca1ff350a4782e379d96c67df1435851e8d55fbba8fea64f4d5fa0ef65c5262
hprc4_L100_7874	4be427270b93a3366ac19faab83be6ef9e3dd9241aa233c0ac960708de93266f
hprc4_L100_7875	1c7abdbf0adae73daef83204b0eaf42ca835a79c8037afb65361d05434cd2d94
hprc4_L100_7876	cb6c87d1d510352f6566160d34b0b9de35db7f8667d4a0854ee1b658aacfa140
hprc4_L100_7877	c809c50610a5ff8bee0a7db14af00e5cf7e9f520861b351f383884b7c9fe9608
hprc4_L100_7878	f83850e602263f292ffaf2390ffc66cab7b8fa73ffc7a3a083d5f221f7909f13
hprc4_L100_7879	4a96b81f2d0827b0354daaeb189a0291bc07267a4b224c7453908a1c21fc3a6c
hprc4_L100_7880	00460d181b39255628ead5ccdf5aa902d0c151c0bdcdc55ec3ba7ac33f848424
hprc4_L100_7881	6bbb1ecd37df240c133ba0edadc21fb0a56483ce82e6f6bb26db3d08a9aed840
hprc4_L100_7882	7a93bc3adc94b1472966dbea9780210bb4bc85a53a4cee3bac396bf6644a24ca
hprc4_L100_7883	dfb23e6be4119384f309977232affa0aec34013322decdbf8bcbf000fc8a8614
hprc4_L100_7884	87200eee47c151bb86197a0aabc864e72d34c0ebfeb0efee18d76f2be0d0c99a
hprc4_L100_7885	05847e0dfd4c3bed11d4ce4265cfc0c2e7b90048f071e6c2d1bb8d91b5ccc0ec
hprc4_L100_7886	2b7a8dbadf2aa8492d45c226980f891c371f559bcdd4ab2d71c997006dbb5a7a
hprc4_L100_7887	0607541ce6002d146227549a48016f6203a7835248a0b7c0211c55118517ae8a
hprc4_L100_7888	61ac37af50a4eab8d956ee1939fcedff4b41132fbfc61ab57d3032b5f2e0a417
hprc4_L100_7889	612449ce02b97910937785db1206d62bf8e2d2ac6c9f39f490d1e68fd0329fd0
hprc4_L100_7890	84fa5cb748e11d92aaf52771687c4a9937593668cb693260980f92650f5d8b72
hprc4_L100_7891	cd580958317ef975318b3fa474b1e3ce9e8de28fb3b7e84c22d92dd372a9a0db
hprc4_L100_7892	61bcd9b31ddb2e8a213d300ed86bce6ecfeda6be6572ee9a513e525378dcb264
hprc4_L100_7893	a9a916c57649a0945d7bee563cdd0d7d8bdec2b1ffe2fe15eb2ddd7c8a19a5a7
hprc4_L100_7894	fd4b7686486659eb79b78d15d8ec7214fe9a31cef9575fa1c6ca5a97257b9790
hprc4_L100_7895	3e86f12141e716841532efa33560832a92de96758fec62acae4cf303d3ca58c9
hprc4_L100_7896	fff3f99a40de7053fe7565ce5c447955ad17d2d1468f8a129dd8256b9217113a
hprc4_L100_7897	074b8ec4d6a71683269c8e82c7b5a6546ef50b267de7431dcdb85256e4466897
hprc4_L100_7898	1b7e847148fedede3c1737fd2a21b3b3116f58a4dcf14e6d624f1ddca9f44e71
hprc4_L100_7899	16ee5648c50b9d2c1589b42242cbe277f509cb987e73e0872bc7370bc6ba77e3
hprc4_L100_7900	70d89b16ff9742d2c16e9c529cad9cf68eaf179ff05597e07eddcf4aefac04f7
hprc4_L100_7901	80bca78706fe98cd7599857f8827ffdefc98e606438f6a94965093692b250bf0
hprc4_L100_7902	95c5a7d90f6e0cdd5e10afe08dc67f9ffd04eb6dfb83002911c752df6986f61b
hprc4_L100_7903	80f35c592c7ed3f25fa521c810b07611a7dee9c1f9f295dcd0b7c505040c2148
hprc4_L100_7904	ead25638b8a331a734255c1a0081ba3902ee579f1d27fc915c80afade786a7c6
hprc4_L100_7905	b1ce19ee9f902a9da051d2414a4647ba9f6b1689c4cfcee6c78a6c4ebfa88a43
hprc4_L100_7906	234e4d99dc5b0d45744f528d172ab84b39451e5a3590080c7b02207e22496f74
hprc4_L100_7907	00b67f9a51738ec73d0eaf0b7f45102c30806ffa939b617fa0b4c1e9317e42c2
hprc4_L100_7908	d001e3614d54a3a562b582f0eee90704b6b00b831b10093a96c35b58bf732d22
hprc4_L100_7909	7d991b4eb7b931d47aa6827a621b0807686a5fc914a82022efb593b1d2f7f007
hprc4_L100_7910	ba095bdb4513de27a449db926ed3a6cbd699e5bf754b38ceac8114d1fa946ed3
hprc4_L100_7911	e8a976fb82800f52e58a1334d09b2edc4c004bbc9807d0ce7ed611a97672b215
hprc4_L100_7912	6e9f993312acbb9e8191eb8b8a27b5f81def1e5c5d973ccb7567727bbc669ced
hprc4_L100_7913	954c2d72df534b3396f7301be5e9b9c1d02a0021376d4814fc2db3750535bd31
hprc4_L100_7914	7208675e8977c5cd45af7ef2d7d35aa2c9e6c64d8fd5f7b00543041a7eb64cd4
hprc4_L100_7915	aadba89f56d108c7adc765d247f74036f9deba31998f41ac4873c25d1bd5e41f
hprc4_L100_7916	36eb9d33899d610d3d0104adb727ec90e809c5e60322178b74c2fa481eb8e4d3
hprc4_L100_7917	d69da33a2b143fc062a9f67deefdeae780894f1d5e0fe4131ae80dfb0d2eac16
hprc4_L100_7918	7474d0f90d184e649147f41cb43caee584fa5c34a4a6d62d3361571903f3415a
hprc4_L100_7919	6a4b12295e9b2443ea48099fdaddca49602afa4b233b0a42e418888811b879f2
hprc4_L100_7920	6ae004042324aa32912c3c3ca18564594fdb09e4868485d6ec3cc2dc745bfcc1
hprc4_L100_7921	5ce7311188326f3766b6256e89f9297e433d5e19e2814dc60d24ab244766ed4a
hprc4_L100_7922	47b953a779aa8bb92f0ebccfe0557ad9f9c16d1cf8fb5fee146c5e6d025ecc49
hprc4_L100_7923	68e9fc54e493f1824dad80b146e443aaa69ca06c2702ea99172fe25bd07b43e5
hprc4_L100_7924	51d707f9a864192f474f95c25c8a1db6bdf500ccd7761d6f3c01221f4c0ac696
hprc4_L100_7925	d084f8a815c281a34be1a849f636a16b3b0f0fe6503e734de7f34ea73515fb04
hprc4_L100_7926	8618fa21c7e9237fb11b79b3ea2380fc5630fee63d98b4af2387f8acadd66ae2
hprc4_L100_7927	926d09157d3fad2915b5492baa6c3288e0f6551b02d4465ce0634174415366f0
hprc4_L100_7928	cec84fd5af3a789d9405ffd80c1d0b9c29e59d93d0049d0392535a886fe2a32e
hprc4_L100_7929	55039c9d2b0a3bf0a64800b97c8508a46564073c4b888852f06eec5adb985cac
hprc4_L100_7930	dc2be900f99e6769e2462d2c676a5eac31c67b4721cd738e613b30c5afd6d44f
hprc4_L100_7931	211a0128031d18639fcbb3d95cca7da194328d0f1a3ad59682232118b85b5e8b
hprc4_L100_7932	c0d86daddb8ab82baa7ddf0e57a14f14843aebd86108f69e81477082dcf5d84c
hprc4_L100_7933	442dba8e7bb51b0ea4e0f53460f2cb65b8c414a746127905854ac9558630d7ed
hprc4_L100_7934	b71550e123a45f5c4bcae8a57042f5f15e0efeb1853f704b2618e53370b3c0f4
hprc4_L100_7935	3d63296f15879097dd4e9c61b155251e6d9be0c939af797015f4c4ae02fd6946
hprc4_L100_7936	f6e0ba394a4f1967f82f6759406fbfc5811d9aa510f6d82923ba19781b1016c1
hprc4_L100_7937	a026fb7d810c17434cfa4cea765a83d52bddcafac2f610a23c06d0dbead64cbe
hprc4_L100_7938	4bbc9bde3c6a9764aceb0c5f33834af9ccbfa4280d6b6e90a326a81f17f24084
hprc4_L100_7939	fe646514b03e0f3b2d45f447e6d612d0ea611f1536e6565efaed394f0fc8b1b5
hprc4_L100_7940	ae9ddb683adf12015298be8072702654e3220d6b2e75bb5edecac0e3982acc2b
hprc4_L100_7941	5b085985ad8e91c892c4e9c496ff68e094a99c45c819c202d09044a1a87d13e8
hprc4_L100_7942	9da5459aee025973963222c00accae0aaa392b523f65a8a7aec947728b7ca078
hprc4_L100_7943	9b7905a7f65a21b95a844cf6df197b325354ac58cd0fe869748cecbeecbb0e7b
hprc4_L100_7944	da740b815b74966caf92964de3d111af715acdf1a536b90207760ff043e1db33
hprc4_L100_7945	181b797d8546ea69f1cd27793852cfcb77505d883cc41e85ca19f5e3008e053d
hprc4_L100_7946	bf9534809de1d9323f5c01e2235e4d97e06145c89d1ee69a20ce43356e77978e
hprc4_L100_7947	39749d3e918c68ab02eb6c5a02cedeab48d6c0f5bb2390e3e722d32b503da526
hprc4_L100_7948	19f45d649629ca9a494929859c78b4844127cf0e55b5933942b983c3c938845e
hprc4_L100_7949	35de03fb8cccc01da07b02d9cdd2b8e17349fa8d64c6135a03b6d531455a1181
hprc4_L100_7950	de4fddeab35ac2fd698ab6337410b3ceaef7c270a2d7e899fd4e837ca747dcbb
hprc4_L100_7951	f08ced79121a0f5a14c67d66ed4566167b6bde3ee27dfbe4b01e9b99abb248a2
hprc4_L100_7952	35a135a4a2b2bb3cadabeb3a3069e95e57ecc7029a5ab4c25f8858aabaa276d2
hprc4_L100_7953	e832a30fe603bfbd9add7f3dbcfb8eabc948f0ad50cac176fab0f5d28246d975
hprc4_L100_7954	8c1da5471220c95e72fa22da9ae02691c9339a1b7ec1cdec773f9a7e94e26bbe
hprc4_L100_7955	e47df22bf2eecbcb95bcd577dfc868bfa28f6f9332c0d0719dbaad54f56b71fd
hprc4_L100_7956	b570c3ac00a443e2345761aa81ae1ca6d312697c8fe14c57f7ed76e44d0a832d
hprc4_L100_7957	953a36ca5ebfb6844d309062355c51c15509c1d489f03127e25f63705494ef17
hprc4_L100_7958	0ee6ed93048c5d99134e00e5748816cf3aeca34452a6a91a19ba5f0041a33c3b
hprc4_L100_7959	ea17df22b6a68631d0365d61ecefe6a59e043738a9e1efd4bf622fc8bc865970
hprc4_L100_7960	41b3b49491234ed6fc275cff1e02f835c9b7c11784fe1a871d28aef7c3745aea
hprc4_L100_7961	90f3ae9a022cbaf2303f2c86a7f3d085fb681a803efa30168de722b184ab37af
hprc4_L100_7962	b5914b28cece979aacd7d4156119dda34d19f3489f75e5f8263b6fb710ec676b
hprc4_L100_7963	43d09730d31fe026f62530c2dad87fc1b2b107bf1d1bdca0e977d01b00d43bd2
hprc4_L100_7964	05cd6e7a07c5eed186ded16d94af136217ad5bae68941d0a9d70d0a27e83d587
hprc4_L100_7965	7b165bac8939bff43084ff8b5e71f1b4bca6d5d80cca6b491f27eec51802f83c
hprc4_L100_7966	2a6f5184caa43701487e925e8bbebca2001ac0b69f81410033a9049002609d9d
hprc4_L100_7967	860c75d4180ac615597f70866f7f3f4fbbcfbd80e29ee7c5cc353d8c6f14bd24
hprc4_L100_7968	5c1b2103fe2335a7060a63e7addde7ca3a59321257d391275db932f33f228ab9
hprc4_L100_7969	e71fef33b184b09e56ede26f69fcb3f55905e1def9f49b47c906b8102988567e
hprc4_L100_7970	d2124e4c3a9f83cc1fcbef1722ca2799dde68d1ad6f46207582a1b32a6392654
hprc4_L100_7971	aba4666bf2c9ddbd5d94fe75f2494f3fbeccbef6ac5b61ce6ad0afbd54a37fff
hprc4_L100_7972	f7537f8ca2880369dddd038c30dff521ebd9e26d7e0648a52a08d65b9310c470
hprc4_L100_7973	59919f9f0622c579b73cf2719f1f1fcf8b105a3819dc10dff85bfd2216b46a80
hprc4_L100_7974	9887e9da1a1d7333b08b8e14f0e033cfab0dbe063526815e248448eb5f0e7d4c
hprc4_L100_7975	8a75e4302e3f2cbe082e9bc6792827b890e6fbb9a012979e408db4fee560bfef
hprc4_L100_7976	59fa3f3490e33fdf41bf7ee98b6f6e485c132b404f7905ec4522bf31fd2f251d
hprc4_L100_7977	40626f20c04e3631fd7815e2e0e904bd8779c7564811b452a3d0664992cf9c68
hprc4_L100_7978	eb80bf7006d128a1d40358f9c3241168fcfba97dc36df0b99fa74927bfb99632
hprc4_L100_7979	f4bbfdd12bc1fce1cb5cae7eb35f9ed0238dbc2935bac8a470663d3df0e14538
hprc4_L100_7980	3e9601f847d4aae9e4b3eeb4df69a9793fda6836c729b5c83e8db6e711b63179
hprc4_L100_7981	5c944bba73f83cd66d15f5787a4d1284ce3bb44f513475370baa172b2770eefc
hprc4_L100_7982	274d814f65d5d79623ab6ad151b2e1f8786cbd9653fbd7de557b92b0476b74bc
hprc4_L100_7983	35bb1df17447b03c8cbec7bda4c00a57e67064c5e6f6c020606da142a4c7371e
hprc4_L100_7984	ec93ba0772a7479d56e5c6bc91a188c3a6073b55340d32f17433bf477df5f452
hprc4_L100_7985	ed01d4895763ef187d34d814780dae7d96598a382645a1176be688b6d578f400
hprc4_L100_7986	7ebc2812abb67d48ff4ddf358824f381c299b83b0cd8aaada7eeeb5e205c97ba
hprc4_L100_7987	6befd4e8190987e8e7c94c4fe861a80f9ba1dceae4c35a2ea05f8130fff8ad52
hprc4_L100_7988	9c59bc1c1d1ddd31db8feb696cbb3ae7072f27378ed96b33a6cedbb2bcf70a18
hprc4_L100_7989	ee79a4e31f1fd56b0cc81066fdf42e5c15ea1450b627174139a0edab1b27ebac
hprc4_L100_7990	198bc1ae13de7c6f14f92ed7e386b7e8879ac261eb648fb8ff630af08da07076
hprc4_L100_7991	fbf873be9f08bd5a105f098b1fdd716b41bd3a015f019ac1791822149484ed8f
hprc4_L100_7992	98d256cba9d86d6032da16eaad144fbbc6cd4b238f9521d6a88f4aad5a69d501
hprc4_L100_7993	87bfc35902384b5029c80338f4768027e677eb615bf63ac52474c2b4ce1e65eb
hprc4_L100_7994	e80b48ad33c04c43394ba7da4133180eea11486ac36002c07c09d923d24e8f63
hprc4_L100_7995	0b5b688e07ed381e26830b099f9011e819370ec71dac4d0d7f1558fbac9d2a3a
hprc4_L100_7996	ff7536f84d2cfe173facd7df6874922c28f60a463e3b56215d940733093cbb26
hprc4_L100_7997	b9c1697808d00590ef60fc6a4d7faf3616a0958b7580c4b68804d14ce60f1704
hprc4_L100_7998	ce929397c99fd93809ac55c4ac8481ed91d0df1791c4302d784d90bd7482249d
hprc4_L100_7999	f0a961024381ae2392cbe7afa39207aea563786bfabb834e323f13b808411056
hprc4_L100_8000	9136bf9cd2987a8f3a96e2a002e764d99c22d5efa21d7311729cff36f30fc2f9
hprc4_L100_8001	cbb40d12b69ff65716aabb730b26a667a3ca51b5a92cb146acd74a36a976f905
hprc4_L100_8002	5466d594db7c7c530d49e936c5918b88592a495975246ed1a27bf454dfa99dba
hprc4_L100_8003	1f20b5d92d1b53042ca6784a161f5e2a463b2ef91552e75451de394b748efff8
hprc4_L100_8004	33a54504c05e1fc91a8926f483e348a2d47ff488c2887b5da76d9268d67a7a4d
hprc4_L100_8005	4f89366bb745b4ed96212d37f2e18d00175fce15fdb93bb80162cd06379ddcdb
hprc4_L100_8006	c886688560938645f218b0efb6aea092ae9e075d4b8105c212ffc5dea4fc3e29
hprc4_L100_8007	bb019e32ddfe12cf09ccb3e3e5b0279dd7ae45c2ebed3ea9ba42f71dec62fffc
hprc4_L100_8008	74c8e2c6d7776fdd7a7f1ec75bf1995d6e443267bd187afd54e017948586e641
hprc4_L100_8009	243c7851058b58e941d072c5ebe891bca02164e88cae8b3d4ee068ad727e6808
hprc4_L100_8010	5a0d7998cf46d2b854f6795aac9149ddc8d4b850c5947d5fdfb984ae3026ce8f
hprc4_L100_8011	2dcaf2945983852ca67bf291dd8ef1f8b86f73ace76170583225c7698d8b25a7
hprc4_L100_8012	4080e7b221d668cfdb8d4df801e40e51a3fe6fb0bde3f28e02d123c6e9501321
hprc4_L100_8013	d26c5e1700b1592192b64e02034d41f9a800dc21ad5a6976377ffbeb496fce66
hprc4_L100_8014	13203042469b2897847f7386fba391b23b13969b326e0b12602b70eb0af57a57
hprc4_L100_8015	8d5227e86cfe10d57eabf4afe91ab8520494a76ceea43714af3f374030938ab4
hprc4_L100_8016	611b00a745f3dd234d3e687cf4a3e6153a967fbd22772af19f673b8c4bfee208
hprc4_L100_8017	7011ea4b2198b1916512f42a11adffdd861ff99dde8b310af1badedf37deeb76
hprc4_L100_8018	2432d0c1be0da5c67a752f6fe2535e304c0d0ce3d34b691caed84f7784ba85d0
hprc4_L100_8019	2d8f0c8173a279feff3773d54f2753b42bf90ab4aa48b42571588f87ab759c7c
hprc4_L100_8020	ef57c0e79db1a44f0c269dbc27ed1cc101490c13476a6462395a9d0092c2cfe5
hprc4_L100_8021	c80e26aaff7eec3a0abd8308d51e6037a4c321046781fc9295ed19d91247db67
hprc4_L100_8022	4cc09abe3942277a2f10c04a0dfbd4e3b593258f42f5669640dc1e0efd0c79f9
hprc4_L100_8023	49b2b4406f7e6d55db25e072dc2983beb8280653a141bc1e6a7261c6a947c362
hprc4_L100_8024	a72778760e8892161d005f3d76db7f708177e5ee5dd880fde2484f92a68762ea
hprc4_L100_8025	d9cfe9570342a0bdcd32307cfe966ca4af68d54a819a765dfaba42cdfa4536b8
hprc4_L100_8026	a796ac57f7d2084236347b1ca95fa11dfc40fe9a8f6f393837fbb80319bdd03a
hprc4_L100_8027	87df281f6dcbc2a33fd2a8319951703f043f934c025b39a81ae474a4ed502731
hprc4_L100_8028	acde9ad40b6e1bbda86330e8ba2a954f3eb017370a1ed0d2e16d1807808ac733
hprc4_L100_8029	ab3fe73abd8d7a8edd6551d4fb4ad33846ffaa8821fa286631544bfd104c24bf
hprc4_L100_8030	926224a8a76aba295e7112c705692f35f41567b191b5a377b852bf9293532cab
hprc4_L100_8031	162080ef2da499ff8b6259192e677a55892955eb2433f879cfc31ef75c0c2021
hprc4_L100_8032	68986d5ff5cf491c3202059a7475e9e1a25453a1dbc056aab3f169cb8c399002
hprc4_L100_8033	85e32085e69c69ac8cf601fbe1be31e6252b70c17040d8d26ee5e4f3073f52d1
hprc4_L100_8034	7d4eeaca3edd1ff7170955bb08781104ce638c1f890da1f20dd25abe83fd5fc5
hprc4_L100_8035	e2f0ab8d2839caa17644e11093ec38b77536ba885f74c5e83c6d1b0605809fda
hprc4_L100_8036	bc1da411cf8688fb2bc524949a336ce738635bf2ac0418c0e6ee4020e47962ed
hprc4_L100_8037	b6e083002d9166e386f3af86eac80b01e7bf4dad23dfff172396ba778b5061a2
hprc4_L100_8038	5ab7fd0940dc6f8fe128b7212952cda65f49d37a00e94f74a3abfe2662e8e722
hprc4_L100_8039	445b7f513da7a0ceddad67ee1465354a81931a31a45f54a4fb253f96ad438135
hprc4_L100_8040	36ab1650548d57d38b4d672a97f4958c64975cfa3832690b48e8b1b41d51f249
hprc4_L100_8041	8742af9ec017287b950488cf61ea8297f6309ed44e1aed082c23731564d1e5fd
hprc4_L100_8042	8f46e9b6c07477e129549e1f84c578ac6b2d8cdab1cccf683e024591bfcb78f7
hprc4_L100_8043	82bc5d11567fd66ffa54a419ca47eed520580a7f1c041d5d8006b89011e26243
hprc4_L100_8044	edb5635d0be8c5ad629bdb078a40138d713dcfbd61591977bd54ad797c26b8e8
hprc4_L100_8045	e598c17c0bc948cadf956bc7bea4a09f442ee1ed99a3c1a4381a5a024aede386
hprc4_L100_8046	1469e73c2127cd20ea1f53d9ce9270ebdf9e4a5602ac2dc2d35aadc23120b5a3
hprc4_L100_8047	b6b23fe78e586ecabe123675923ddb0b4bf93c4e8b80a0f18eb86fa2a2008789
hprc4_L100_8048	f75a1bd4152a7602d88e5ebf370d473078e622b5e17768bf17bc84438fdecf69
hprc4_L100_8049	6194914492f52446a72ab08bfb79100e34bf9f82079068999ee79ea9edd1e8fc
hprc4_L100_8050	cc54ffd2df50548d2768d0467c5353c5bacc4bd92eb7d71671b6cb7bb3972118
hprc4_L100_8051	ceb39748127c05ef0c635646ba836a400109343322276d564deec1c0527110cb
hprc4_L100_8052	2a73b12168d9b360dd89637eaa5b04501d60a724040fa4dd75dc5f6ac27f1de4
hprc4_L100_8053	e90fa8975c29d7b59bd3faec741c3c1d9f4428fa6a635cfbc74f9d4e9bf28be4
hprc4_L100_8054	78417266ec2297692557a9b8db03ddd39c1bb146ebb8fa54ee55431bdf987f22
hprc4_L100_8055	918bbae876b2513ef3494a7d20a6f88370e57fb848f40c0aeedf9011e9225313
hprc4_L100_8056	1d2aeb4768b9beb454d68afc9b043cde436ea5e2c4095174e25509850a1e0fb8
hprc4_L100_8057	c653ef4eae974fc8b4de620564f72b8484ea252a124571964a6b5d4cee6c19ba
hprc4_L100_8058	4bb1f57a0bec2bf97a4d98a3398a949d4216abfc06276456356a9db1a6b8bb81
hprc4_L100_8059	a5621b755f5a3919ca775b47a9040ae6e72c63758f64053aa8e5981e8042ea88
hprc4_L100_8060	2960be3a8714d4158386006082561fca46ab4fabf4ddd54d8aa257b05f04bfad
hprc4_L100_8061	e321b408b11cfd6a3666c137c3d5c74ebf84510cf773139ef513a379b6c03603
hprc4_L100_8062	653e137cee7fd1b2bac4ae56561eda0f635203add25e13723bbf19d69932097a
hprc4_L100_8063	ed9e47f0fe566f5edb06d01471a7e40dfbfd7c742f6a04c0679510cc370e93be
hprc4_L100_8064	b373fc780a0871f095063032ddb6eb5b254b4b0a45f14e2ff82c5ab3748b6500
hprc4_L100_8065	49020121b44630f866f935711ae35d0fb9a5245c0d3b17fc257d06118e689ca0
hprc4_L100_8066	084441c858369fc6a938377875d7cc7069ea63010cd4ea0712fd31f826091372
hprc4_L100_8067	6592e820f8490acb976ee455de1d1b0ae6eead2cd96673822ce2004285af6600
hprc4_L100_8068	b63795d097b067d7ad72a233e0fe0a811a4984b3c24fb2ced790ab9995683945
hprc4_L100_8069	61f06ea5f0ecb6d5c051e3a685ceda230c0a4cfed93edef254473467e981f816
hprc4_L100_8070	2e27feee3fbf2fe89efedc1c0be1ef35984037033823204e4e7e7ab349b6a3ed
hprc4_L100_8071	a2808064075afc4ba6fb6c2ffe7c7e7e758c230ae9744fae9363fcdca1af91a9
hprc4_L100_8072	f45ad1f289f41c79f376625d5e26070ab2685ab56a51d8e5c49ff022fa6dc262
hprc4_L100_8073	97451b654182326569911bc5a57f59a8570feba7d1432164914b30ebe0182d40
hprc4_L100_8074	ed1ab120a3007d29c14f1a9c4d2d058b6728c23f59786b5cae52c595e68b85d2
hprc4_L100_8075	9cf7b1c04c0c250fdf946b7a84d96105efe39d95901b1dfd3b76bcbfecd2f656
hprc4_L100_8076	7ffc6bc51498460f05c74645cc302e5a7c593c64e34f9d5fa62cab4875d5ba04
hprc4_L100_8077	a953b5d03aeafeb37b9f85621bcd96652a8ab4557d0179f7444e47419d7046b9
hprc4_L100_8078	3c97b1b8d88f4d60bbf46b527038bbcdc0259e1b44ee7eadf1088a9a9cb6a930
hprc4_L100_8079	78948b61bebb1e3b890ab604b053711eec92b93a3008dbbc06fdcc12b942b683
hprc4_L100_8080	ada03c3143528867cbc3027a6441050857ae903495626898a1c2a630144f589e
hprc4_L100_8081	3d6dce007b020665318c62da81a88659e6add49fe26314c3a859043d256bf9ff
hprc4_L100_8082	01b0c6db289ceb41e751c6294c1e032cd3613abef95fb011856b099449180b42
hprc4_L100_8083	6458d3c5e51cc82b50aeb3daed1430e212932336cef5daa36332d7c3405101bf
hprc4_L100_8084	047be5ae1d13185f6a74e407f7777a274bdc992517f7a53c0422b0cfed83acec
hprc4_L100_8085	9d651254593e98f2fb9d82d17d3072f57eb60caa8f69007e5ae5bb3d31e86766
hprc4_L100_8086	17cb50f7d52b31079d8131219f88ff7e1449cef5067baf47938214e39b9bed2d
hprc4_L100_8087	29a7a1203af2eefa7ada8523ae17a86de17db44a8eb85644e0bd67fdce42ed76
hprc4_L100_8088	806c7b6278e86ead14a16a9a756025a0427ecbdd40f5eb9a3439b03d6789b046
hprc4_L100_8089	a6cdd61ce38d863e63e7a8cd7cf325f6a465d9eb74fcfa10b35f1a587288bfe5
hprc4_L100_8090	63fbca0ebc69ee8ce31133ffc4755ee0b9f9fae60b22e2a093002f1d2662037b
hprc4_L100_8091	d49c9d3751f000b5c07b2733475192e3c40c9ad06121d70b5b2910911d41b6f7
hprc4_L100_8092	2bff1f5aa079d5940f33fda9af4d6bec1e1c0cb1469286f70637e82e19d8a4ca
hprc4_L100_8093	3952f30f86eeb0a16f91331648390f33739f29568b568d3d9612a888c2acb56b
hprc4_L100_8094	2a0dc7f51beaf00f026144ea4cfd32d6c4f7691b841bf3c23c7c3a24709fdb7d
hprc4_L100_8095	2712d5301f6fb74301e5d05653616c8d43b7ac1eec63009b3e35b340e86f0d03
hprc4_L100_8096	b76d1be49ca2905e8ecc8c154827647de71d058f835ffd25c0184747f53fcfcf
hprc4_L100_8097	caebbf794b4138d02132ed40d400eab706989f188568f98e26a535644972d417
hprc4_L100_8098	84ba765b6964f177a50cb75a449582233857e298baa4051a531046e96413cd12
hprc4_L100_8099	9d0ce7f040625f73d2b86a89bb82e42d47f4ce203a3e4e27081e379d45b82450
hprc4_L100_8100	5a9c2e1d61be0bd0dbe09151d24a1d65e6e45fea3344dc5b3151207e54e89b31
hprc4_L100_8101	759215c7b0911292c462d268c2bda40e119fa9923791e3bbb3747d775c16eef6
hprc4_L100_8102	2d78f7cf429c474e84420538395032aaa830e8769432fda741ad35981e6a39db
hprc4_L100_8103	a4ada47ddd4638c184c5d713b7da3a0b0763ba71159f74f3326e3bf6c792684a
hprc4_L100_8104	5919dd952dc246fdeb0e4d2be22f70f46f3ad34b67112e2c275044cd0bbb5a65
hprc4_L100_8105	9dfa7a707bab979efeac935fbf30d534365f05c256bf04552fbfcffe56bcfaf7
hprc4_L100_8106	790ad710343bcf02a06f4cd5fb147b444527e0c0c8fad7709364168ca03f1c11
hprc4_L100_8107	909d4f39837f751b1fd86093c865e9505e58d0b8c336ef788c0184d9b5a9caaa
hprc4_L100_8108	5ef3dfbda9db98044686db72ec315629d2b02079283952fc74bc93a42491e51d
hprc4_L100_8109	3c0bae8d20e865299fb3c1c1b4924747d40fceb8d768a106a231212783f14269
hprc4_L100_8110	585cc6b04dd9fbf5a0142e9ad2b40875b584e1d27c1b4155e69ad3c0a49d81cf
hprc4_L100_8111	b870578bc39127b2725682ca6cba6bda449ca644ea3d4655e34ce5b3d819679d
hprc4_L100_8112	42d87fc84d70400a7f6e58c407498fd59a7c7d3cc0b6857a493943eac7c8d75c
hprc4_L100_8113	f8ff1de37eb47e8c41596b8f3f7dc3954e2756e590067a4f2e84626149cfc180
hprc4_L100_8114	cedb7ebef65f84d8a563709b6fb2615fd69398a229cf8d85488730bc184b98a9
hprc4_L100_8115	2181764b25eb9c580d2c7e10dd79bf4f4fc6bba32b037dc084640658dfdbc01d
hprc4_L100_8116	2699a2c778d786b643e520841be0814bad06bd55e559edc0da5dea4e5f155b88
hprc4_L100_8117	156d5671f04a8578d37cb9fa55324636afa3447d6727654e6fb2648317d63568
hprc4_L100_8118	74baed540b542866a02683ddc73f6d41ffa3f096b34eee8c0de59852f7e4e4f5
hprc4_L100_8119	9d28a7768de4fc8a97b91c58508705efcaa2f94bd5ae66c95f9f41a31d90a62e
hprc4_L100_8120	02824bbf04346d4f66c9144584ac669e992916a70dacf82a153617fea3834ae4
hprc4_L100_8121	21735f84a677818340dc834b9e6f685dd0381460c651e136fca2f8878069a70e
hprc4_L100_8122	6a2e0077126352660a5e12649dd086c9b83464759aa6fafbc60cc620c6e4c3e6
hprc4_L100_8123	ede5c58f64380d2a7ad1a9ba7cbbf72c0223b87b42f14044e974848953f88d15
hprc4_L100_8124	6b6427286d39d71bf1a6fb43e76bbfe66b15f0c7b16c07aca1656dc2c2501a49
hprc4_L100_8125	d5b794f28a51d278ac64605d9163ef20f65918dee4e94ca6f3eb0e0cacb9c545
hprc4_L100_8126	5573ef95a2e35e97c21fe03fecc8eeaa82edd60a5eda57ab3893c8e8ec77b4e6
hprc4_L100_8127	b650f758a3810a54d8432f6d4bd7c4ca1f915e701c2f1f503c5b2f81db8fa681
hprc4_L100_8128	45ad2ff8a11b2c8e2a5e85b8002a7953294eed62764d1f9f7047ae0bf97c2e76
hprc4_L100_8129	0320473c76ba239877b2448cea86e785b1b6c2d751bab2d742e70484187c3849
hprc4_L100_8130	ed220dfdf961aac3550767aa859dd0ec39bd8fe28103746f8f154ea655ca61db
hprc4_L100_8131	8a81af13ff3c31c397dad7c67a6d4e5415523d8971b6b55f61df46d3f1e57418
hprc4_L100_8132	9c0379d76e6d8a8ba39f649bebfad2a9259ee5a60300f4dee48a8f124793e458
hprc4_L100_8133	2c30f07ace809aa0df69ab6b980efd40a80e07ad02a39e23de7936869578ff15
hprc4_L100_8134	78902dcaa59fc1f2cffa4a314ebed5cf5a02e6295ee085c982177aa08c233f60
hprc4_L100_8135	5d76f5a2288ecb4723c4c9858f2a8eea80a63ca7df63967ffaef101c9059753f
hprc4_L100_8136	2f31890cc8c96e25bba164a71cff0f89bf4d1174960c76e1b72954464153aeab
hprc4_L100_8137	b8911e697241846c304b8de745da958e09b20487484bb275124288eb91c8b93d
hprc4_L100_8138	2b893626bab34153d127ec1bc5ca9d76bf49a22a7a0f3d351687e6abf50aa486
hprc4_L100_8139	fa690c23503c4551fd0eb48222bbe13225c4191a7fc16b07286b0f371161ab09
hprc4_L100_8140	3d1f6ae97ee8a7bcb15aa75afa81c21ee26e79d882ba6b88fb5380bcbe70afa9
hprc4_L100_8141	00f9ca76c060a74c5ded70a5f5a913294f966056530e352df037eb80bdf292d0
hprc4_L100_8142	5a0cdaad2b5414ad4cac35b108c4f2fc0acb464f82b66ed1613d112c2fb98eac
hprc4_L100_8143	1c199d368bf915f75920f917412d3dc6d3545c94baa4333003389473a2b3e3e2
hprc4_L100_8144	ad2f7f047c3f27491ef7788f654a81cb0a94930fa86f50a5c6f29dbeb3ecdc87
hprc4_L100_8145	9de03b5c7757bdc016389991a90a930ca369b2ec3c92a1a1db53988005e54381
hprc4_L100_8146	06073bb6846d04ea4da9ee528fee3b8846c631151898f4f64216b0ec93e13922
hprc4_L100_8147	d08db02c8bae9afec0559ed600d9444320ab8bdac2bc6adc74497db78b0faa6a
hprc4_L100_8148	6a5453812cef174741db0bface329f8eadc266051e2dfcb79380159d2c4c9d91
hprc4_L100_8149	435cd2e3ae2b776786e949871c32bcf447f1cc46a294ee5466132a0a2b93ab4a
hprc4_L100_8150	d779de2a95321b42b847821d309fda3cdb5652a396220dea1cfb569d4e501553
hprc4_L100_8151	862b657787afa18c8b8c7222605e0abb6c4f8a7b5d13ad5e08c5eb80812091f2
hprc4_L100_8152	10bfdb756ace3dcf049dd54209c5e83d6012cd7e9caf8166771838e665439b92
hprc4_L100_8153	507f3ce5ee92230d8382680b4f0decbcc5f0a70d53e63f70680b5746cb87758f
hprc4_L100_8154	1a83fc566fbec9b5bddfdba08d9483b36f1874b2b1f801480b78b0721fc2295b
hprc4_L100_8155	5bb7cb56a4fbafe7cf4e95fed1df6979cad276ecae092b800aa748421cdb622e
hprc4_L100_8156	1ed9de6473ee9fe4557330e6abd7d8a92b0181e916c0876e34fc7f8c471129de
hprc4_L100_8157	b7a6b9b17da2381d037d7b0f204f3fe933167bf0d02a676da3009315c8c18779
hprc4_L100_8158	acc7e268fd9582a06c4f7556beeb2a1994ea892e97320039c1653aa5624c55e5
hprc4_L100_8159	d3ace4fa4c0f7e58efc7742939239d33ed329c33d83b0178044bee3bb608d5cd
hprc4_L100_8160	3da64df8cf3d18183db0042a8cdc8424ee55d8a9e675046ff19d57ffdb14887c
hprc4_L100_8161	31fb90e190ea213af6ff4e445a7d7f40187de2dc319b7ac84479e509e8e07a0a
hprc4_L100_8162	4634e30dae50644b1a9d055cb4641eddc7643f57edcceed166ac7485dd5d92fc
hprc4_L100_8163	c4740ee241d5f2101ab54dfd5ee5ce79d088cbd9b8843bf5fe57107d6b6be630
hprc4_L100_8164	e7a1f6ca96158727ac6209069f9905d990d22c8ee3f684578aadb9491b3e8382
hprc4_L100_8165	16103822a722a15d34cb88a6e72618eae6f73f72b9a407b615f267aafaeeaa11
hprc4_L100_8166	faddaf1a3fef6d82b5553d427b308440473da6d9554c61998cd86f82799f241f
hprc4_L100_8167	1e837c23a03d79b71c05dbb552290605a7f8ee704ea9c0d3de34e96f0cbe471f
hprc4_L100_8168	97f04f07cc4050d72b04e33296f40242c54986f2374f8c4926df4e6e3a67d359
hprc4_L100_8169	3e4c8931bea408a9f2404ac4812bfd7dfae67b3012b9299460677db916b17a3a
hprc4_L100_8170	38c568f8bd9a6e6de148eec1924a382dfa7beaa6f8ca5fa88e705244f1808819
hprc4_L100_8171	c418652855aeb77bb0f70699415d05bbfb66d86acf9987c14f9b75bcfcff3136
hprc4_L100_8172	03ba2d5a15553db18127493fd9fbd649f1d10544031eb73ac05fa222d347d5a9
hprc4_L100_8173	ff68563ec44f944d1565c19320e889f8ef12001fb356ce4aaa1bb278f142f24b
hprc4_L100_8174	f7864202cc36b0f2eb95d161c93da4478793ebe4983124cf7b2b3143755eab00
hprc4_L100_8175	d378e362895844a25177747d82ad1d33c554d6e55a55bde0e3c4486006fd9981
hprc4_L100_8176	0932d3405bed7dfcc6ea966bed85e61cbb503d36ae9e94121a5acd85a1567d3c
hprc4_L100_8177	e3096d9dd946a341ef51425eda4ba5bb63554f56bc501101bf9c06ffa3799b8c
hprc4_L100_8178	901b71a4a348f74b8d15babaa8e401725daffce30825640ebb2b7b2fe2c105c1
hprc4_L100_8179	0969c7c08a917be0f93c204f81e325baf1e46e67a474acb131e603eda393cc69
hprc4_L100_8180	de98b0691e51d0505770d88cacd3163fd55ab72d0f3566bcf231f4e0798bc724
hprc4_L100_8181	e6ee2f38837e3b114809d849c170a80f8ead506d847e886699726cf7ad4e2b8d
hprc4_L100_8182	b138e43a3bf0720431976547bf6d1f8a86f600adbb5913a4f68df09670ad880e
hprc4_L100_8183	51a2fa6209588af7f0462b88297e7802411c620eba22611afe7ab30686b19c5a
hprc4_L100_8184	7828f987857fc8aff2ebbdd18c53e5842fbf3d0fc9d7c4afb92805d71f4ea45f
hprc4_L100_8185	27a328c9b17be21a8077bb94e36928e5113de513ddb050916498ee3a1afad8db
hprc4_L100_8186	424d161a019aef367a77b6e00c075965a7ce87cf292a57058d7e89b1f4993911
hprc4_L100_8187	5167df1f6faa920c54237542fefe7566baed027019eadf3d90b8503d19141b00
hprc4_L100_8188	55284151c7d9df0cbbf2798906dc7d1bad3ef5ebc204edbfe54356d9411a009b
hprc4_L100_8189	fc64e32c7030277cba81a9daa425ddc9ec831d89a5d6764c09ddef573ea40bbd
hprc4_L100_8190	a8b6ffbaf47c57e6106b461a49df938ecae568073b30f1c2cfdf6a5d5f0c5c5f
hprc4_L100_8191	1de3c349bc40b4c95959f3dbbb48f71eef2e8f2dec461ec5ff963f9218742841
hprc4_L100_8192	2c3f4be2625c2a3b95ea17d8a5a149709ed1ac43fd0fa08ebe9d545e524fcfb3
hprc4_L100_8193	c05f80d050c0416c2c621f1cf587e2e6c38f2f5995ed6e7642dbd373820caf84
hprc4_L100_8194	cdf5b894c8d8d2ccf5a3cb4b3d4fbc3b11e8241c6f9b0462c62079af21badd57
hprc4_L100_8195	c3a0825cf605cd6ef288525400f01c85abba09e65ee9f0b5229d3bdf08011abf
hprc4_L100_8196	ef5bfc6d4aed69b0a3893343a2f1791caa94c3c19b92fb89c9ddd9e848c50f7d
hprc4_L100_8197	7318241e1af59d5f93d2c24f7225a569a45cce29ee3504f2e915878f8a2fec47
hprc4_L100_8198	e5e45d6fb4c84213a0097715291ac99a60e4591dfec105f0a4c2432b63dfd531
hprc4_L100_8199	851a2226be0bd744f3326e0dad7002ed04213fe4a1141f25c8189f03dd2ddbf8
hprc4_L100_8200	1126d2c9abf93c4433941597da984512a9d0cb56fa786c260eb2c18298564171
hprc4_L100_8201	820e188b5854e150dc0b90d539a90ed0594f8d931881c339afd9d415bced1baf
hprc4_L100_8202	c49e44e05e587c1868e0bb18625aa66e94388bc8be6f421dd2dfc2791bf0a4ec
hprc4_L100_8203	1baac6d777f934046685a4db6215abbef20ecc1eaa333df17cfe1a425f0db50a
hprc4_L100_8204	3c61338ac15248bb2a3bc98de7f09bf5886cb23072d19fce3c11f8fe3ad8e045
hprc4_L100_8205	3c7b4d49226b165ab512ebe051fac9e34dc5a017ac80c53cc753556bf098025a
hprc4_L100_8206	505f742468ea14c7faf5bf94592c94ef9f97490b659b33dca317a99c41540df5
hprc4_L100_8207	72dce72a8f8a1e9677bdd3d83867878f7deedfdd3419dc98cad27e153fad27de
hprc4_L100_8208	34b4120a7b1180493cfdfd196e706b0c21071a7f26cb03acedcec4431d7ca0c9
hprc4_L100_8209	3cc19f80ae83b47995e9f31d514fd7ea6ef3511ee6c1d44c2bc56206b123e1df
hprc4_L100_8210	d6b5d8ec3e2cd9e511a37c2d0319a52c5bf272d0817afc0c5f4707936c7f7749
hprc4_L100_8211	320e1a17b067a0ac120983d7449ee61247e0c80af455b5d218a3875f66a2f6d5
hprc4_L100_8212	15cd1626c847f6a652e86021312744761e7fb34618a40e4eb01b25e021e3e0fb
hprc4_L100_8213	2c5941cb906b111569c591924d6b069fec7ca4b98a39e487c37024abea972104
hprc4_L100_8214	bf341523fede3b4998ae2cdde4c657b364e1e256976263412a1be9812db0c3d8
hprc4_L100_8215	4366dcb0e6bdaff095e7ed6cd7ba1e8fcb3124984973d0f5124f4d601a00ce64
hprc4_L100_8216	a12e6d45380b5b7537d5af078a21ef92855ec505075dbd39ec990fea432f353b
hprc4_L100_8217	6af3ceffa7dbcbacbca47585659853dad86184da7e5652ace3a97704d4f85183
hprc4_L100_8218	d0d6b9a9d21818496a83218adab2837070fe91141f579dd640c5c2614c74b3a7
hprc4_L100_8219	34a7ee1f55b89bc081de6e2e0d722f1f8c020c81cd40d8ed0776093210e045ac
hprc4_L100_8220	2fb24a63da4e689f6e2ec3af0c335ac2a1f3e10be892b9ffb89dd242655a9a26
hprc4_L100_8221	b5a8fb38c9aae869343ad074d7724476b2bfb6184feee7cd068dbff38e4cbf7b
hprc4_L100_8222	7167bf3a4f3574c7928028dfe292a4b1520e27331b7f334801b5f851c65e06dc
hprc4_L100_8223	4be8b3c02a44a6c09cfcf8093998dd82971df25a409e9c8539873349f477f036
hprc4_L100_8224	df1c102ed2abbf7e2ff677c5b17ed49e0741de0cf2aded10bc112ea68cc5b47b
hprc4_L100_8225	59bdb8572f0cb85133c228db5fe9459c5d79dc17ae7c64e888e934204ecf9f42
hprc4_L100_8226	fa40da1fccd1d8f04978031d4c0be0cc89456cd0510804b3232fa7ed8ae9a108
hprc4_L100_8227	1fdd6c752629425587358fc389de96de5a39af94325e8c811f06ca1a28a136b6
hprc4_L100_8228	330809d58a6ba25b2e4bea7a16c52964310c75a3d1720d3dd0c479ecc37aa874
hprc4_L100_8229	7ce0004d353ef059b9bdf7dc7adb38893c43482b93303fa20ffc12fc7b40c076
hprc4_L100_8230	15ebd7c128f0e65b5f1c6d499d51dbcbfd0d2efc2c18e35e718f271267521a8d
hprc4_L100_8231	373d19b033ad52af529f988866938f861005aebc91a14eaf3f1ed1d72e90bf5e
hprc4_L100_8232	b2cb52420f46ffd34b235ea0706dc4a623e03d6fb7aaad5399047691c09cf44c
hprc4_L100_8233	5ea458331e2914743281786acb4b993cd75a07887e571ff34dc075cb439ffab4
hprc4_L100_8234	f678148afb84845555abf9377d601d056a8acb2217d955bd58474eb8522c98c7
hprc4_L100_8235	9fd4714bae48879f1bc793099b6a4249ff4ee0fbc846c85e6b11e824c2e31adb
hprc4_L100_8236	1ea76236f7b1bd5a13fb71d3564d0355c7b2100bcb99ff55d1957aa77af9ad27
hprc4_L100_8237	69510f7f4b69e354e4a754d351253c601d488a3db2b4bce4326173e6baf67ca9
hprc4_L100_8238	ad2f91ba4ca8f0048a09f111b032e98e8756a46ba246b97b8b7557dc9b2a998a
hprc4_L100_8239	76f4f7e5ce8939c24a76175db050475b3f39d2214fa76742b0de2e579be273b6
hprc4_L100_8240	8fd2fe622df4ceb44c76f6ff0b637f13687b71a563d123d8ec86cf8e0c019b45
hprc4_L100_8241	d6cc824d64618304c17810933832c8131e3f1e3c8b0e9c46b57934535d478052
hprc4_L100_8242	f6fc34f3c786ce55da730cb4d8de2f91d86a4303a573ade23c33ee4b998c11b5
hprc4_L100_8243	97a49b6fec28e0fcdc82a121e8a2caa0621a91092b9a5e8586d3903826b30c1f
hprc4_L100_8244	ad5ac1cee7aa107da71248d9bc934d4f2595e5c2d28b7116cb3bd1c5173ed433
hprc4_L100_8245	cfed0a1bbfd84eba85289e3f5eb6a0776fb4d9e6722344fde5c7ad42605300e5
hprc4_L100_8246	c00d89a0a07dc6cd11b43fc165c2562b2de3a0f9952da5aae0c71f2ecb721e36
hprc4_L100_8247	5482762c65ee0d5dae33aae99d19bffd2b21a113b8e810f67a9b334b9c3688aa
hprc4_L100_8248	8db35879c35e0c372e2a453c57d308fe818ef9442cbe04a7e2a1456fe36cabbd
hprc4_L100_8249	970fa32b675334b921f50362106b5ba92ea2f5a8850acd519d03a3d072eade22
hprc4_L100_8250	c96d3379a44a14811d50a598ad594e40f23f91ad5356a20281a3c34fe645d21a
hprc4_L100_8251	96dfcbfc6998edcd70434e1fab87a01b30eb456776399b9268d6931c6f859038
hprc4_L100_8252	a544518413971c49d662b3946fa654efe33d5eeaaa4e27e197a558f08f4d260f
hprc4_L100_8253	bf9f15d579685be9f5458eb73ec11b662b6acb91f333038a15687268cad1da3f
hprc4_L100_8254	5c034366ea5c234f230d16f711730b55a6c8fe98c2defbfd3af1e3b4f5625147
hprc4_L100_8255	4e22e35c873487c87f1cf11a8901bdbc1a23e5bd6b93fe1d06967f6d44e29e26
hprc4_L100_8256	5c0348183846aa7aa8ed842e6c0a556ad8fcd8374ae1d2401b0a89ac5b346dd8
hprc4_L100_8257	a9df7e5a937dd2cb79a370d91b05e2aba3d59540443d8c92727e823d8c8c0517
hprc4_L100_8258	69904e65da31ede0d77fc80f6de2218e33effdccac914decb369584d78f3d441
hprc4_L100_8259	e433f3afb4d5777fa655a11a745913cd1dedf45278d60d5dfe9f930682e4f9ef
hprc4_L100_8260	8b545d71555d1ec0d0755a1d3ec026016d826b1968dad9593ec18448bd373eac
hprc4_L100_8261	a887e7cef8004a239564deb5a4fdf36b5b91978ffb32a81bef6535446ab1d2d6
hprc4_L100_8262	6d4ba9b956b430e8d409636cf4fc4157e757a82dfcc45ea6a446c20b741a1ec9
hprc4_L100_8263	72a5f6d922ee6e02da004fad97ef5ccb2179274882793188af120d8176304c2d
hprc4_L100_8264	37322001e9f80c0bfba8a81469e0dcaa1027b9f279cd7c1a3ef9e4fd9ec85959
hprc4_L100_8265	b94b03db2a0e1b38e98dd66e81da9de08a85dcac682a590cea955ef15df49452
hprc4_L100_8266	021b986eeaa5adf28e66d2720941faf04bc88d792272811b85cf7b5995f63729
hprc4_L100_8267	4f2f72d3165a7856bd504f646e4dd585d0b61a1a836fa11f018ca0895668bb85
hprc4_L100_8268	c4d05713996dd69cbb682cad8377e5ba5a980f3961d0788afff245596f7b8e73
hprc4_L100_8269	f817cb404acea919c021d501a2597efd493ebd258109d30393e0d007bada941d
hprc4_L100_8270	67c7d60ac0228f52db0fe6feb506e3110f5aef82524773156f5a35e4c17d2cd7
hprc4_L100_8271	83f903af52616c1a8ee1799bb56d0395e3fddfada1e4a71b1f23ecb03de62efe
hprc4_L100_8272	eee854de5691455b56b6f752c57b152e1b8ce01e62e890d0587deeb9076f5e7f
hprc4_L100_8273	913dcdda9d5059c1206dce6ce75828b383b949c07457a1896d86223c540dbcd2
hprc4_L100_8274	1cf822e62a3bc3c31942c2cf3ff53d4a8edac7bfd36a86f3b2e58bfa0873a7f8
hprc4_L100_8275	3e5af954718a4b0a2e7d31ffdaa016264bca8a6caa99d003f189f07ac478e907
hprc4_L100_8276	be4363c80aa99a10b379c31c00c9e643fb117e2326b57b276e81dfeca9a52c8d
hprc4_L100_8277	2a763f817c0a981310b1a298e453f80e438c6beacec74627882027896bdc6cfb
hprc4_L100_8278	f4e1a9608fe60ab93f4b40d923e9cc7d92bd9859e531486bb2e593a898fb3420
hprc4_L100_8279	221c021552a473f0b91c90a5bc8ab4a2b9eb62e068238c66e27146b1cd0f4b4e
hprc4_L100_8280	4bf282b7816a888fbb6f396459b35f70c2e315a7a04c12087f3ba2c33e19adf1
hprc4_L100_8281	a9240d20d03e23976de9969905fc7dd8f6c3f3ad9ca5a1778846f96622d326fb
hprc4_L100_8282	512e1d0d11e1873d1cce2b748396d9b862a532d130121de288b48e5c11fb85fc
hprc4_L100_8283	2d66fee978adcbfefb3363b66023406e7afe110e7c119d0ae20c60667497e614
hprc4_L100_8284	6ea707e777835c65f05932d1a9832189e04919e7312fd91e14d87f66cc0534ac
hprc4_L100_8285	83b7d6a2ad1b22b3e0687d01dd78293b99d391187023f8d77001ee6bf5464e1b
hprc4_L100_8286	d766cd7561ab62c9a3422225f0382c0fd97e588ac01437bafe6abff8f4e39809
hprc4_L100_8287	bdd670b06191d2ad380d3e01026f7128d5e0f01e7c09f47ba0060da8f053696d
hprc4_L100_8288	825b77a698f887cc29d5c8e0dbcc395001c56b07c6735c88b18ca258e75642df
hprc4_L100_8289	35461db8e8f1a2dfc30f29744c86bbdab0f04e8e834c827f796a33a33ff20b07
hprc4_L100_8290	7c7854051d6d66f4688d2e87b40c4b013354917ad1af62b6d8f43698f6dd94dc
hprc4_L100_8291	c9019d4b2aaa397cbe7753b5c3269da66f7106309639ba726f5d219328ee590f
hprc4_L100_8292	042ea1676a44fefa58b32aca49f0f07c3909017b294b12ef2bddf6af9f4d8e42
hprc4_L100_8293	9f948ab8bffa930d9e93d1871f404b9c9f2904c362072d9b4cd57dfe6b3681f6
hprc4_L100_8294	232c5f5dbd844c3e9876148ae3c646a8a324c828add0ebb9d5915fdb18ebe549
hprc4_L100_8295	e4796b2e74218a47e0f3602a9bc7c89cead398a474f53af704e4887de516647b
hprc4_L100_8296	5161aea0c0b1f9bcf0b0f9dc6c53a5674259129852dc8164e01432b24f3cc106
hprc4_L100_8297	84d258bac51ece10df7e27ff6a8a390f24cfc408dbda47a7bb56adc67dc25e9d
hprc4_L100_8298	c5cc7f569dd3082a87bd8998e09a30fa46875fc98e8a3defb7b2e09b8ea3b954
hprc4_L100_8299	8eb1181bf6236fde57f120e9dde6a2437b165d467366569a0ff2509d45886b5e
hprc4_L100_8300	6605f6826f82a064b5e63f28755fc0ccd40871853a5ed124572d910568dfc294
hprc4_L100_8301	9939baa137c83b1f9bf83a2485f934d0112aa9867881fd952c12028174a01f19
hprc4_L100_8302	eb794c752ca32026dcd2d41d897ea6bc6000642df32c4f8f0c7012f6a516e205
hprc4_L100_8303	de15d3d67b6d122202125e5181731484715d5633a221af7369271a0817937e43
hprc4_L100_8304	c7a27c94bc57f64c7e5bdb363110b94717df1e0bc91bdb73ce2d135dc75ee487
hprc4_L100_8305	a949e7ec6e9932b78f7253f6b0fc804b2639dfb0d3d63f7370b653c4a61e40b9
hprc4_L100_8306	298bd83372aead8fd624c50afd307ae2754affcb055639fbe9f6bfe0b8f44439
hprc4_L100_8307	143aa30c9248a09ab91051cdb7276bbfea74d9fb23c628b4d91ee3a467a46ebc
hprc4_L100_8308	a595c92c33492fc0efbd897ace4a7f55bc79085edb076bbafb79aa0208dd866d
hprc4_L100_8309	52019fe9fd2d1ff6966cf0592e974912de1f56cc3800dc0b8add786cee65c4d0
hprc4_L100_8310	d609d28a812618fce05ee51926eafd75c2ddc17a50f1a2ef5a808fcde462bd75
hprc4_L100_8311	bd6d0772beaae39b672e020925c6674d3192a6a7a839bb3c06849be8afc5e98c
hprc4_L100_8312	8d8cb5c0767b59ca43c041ee7982c9e0efdc32059cb7c1f25aa1477a65774099
hprc4_L100_8313	dbf6271b8e700ab38065c85b65c310e23f426f6a7ebcbc1981c7021aae8aa642
hprc4_L100_8314	8b1298a0ad3000afa9b8b344e610ef7804fd31b73f883cf8b490a10c03d4c25a
hprc4_L100_8315	23dcaa902318e66aaf646e3e42087d67e14dff7096bdaa35decb58df1ae201a6
hprc4_L100_8316	6be4f799d0eaa032617608f1a35a96637de5f6e42943a9b3b69388188168a186
hprc4_L100_8317	0d57cf2cbf746fc878d75a307009e37c0da5c43a9b5d81ebf69bdf3d643a09d6
hprc4_L100_8318	96a85a0db638b6497e132c49a48c08e3ae54656c282752306945841ffa13434d
hprc4_L100_8319	369eb8d1177bc1a5ac943cafb082df0f24c301faf16183960a6b78be93597a3a
hprc4_L100_8320	5e4e1b2dbc1614c68daca279fa692a72687cad522d5e2fb5d4ef09defe4bbddf
hprc4_L100_8321	7c5a69b9c223e711449ee030b850d84d6243ab1e78a83bdf757ed60109ca752f
hprc4_L100_8322	7cf37b9d14e0a8aab9f33e8075c19ba785c04619108a71606ef015dde5b3a937
hprc4_L100_8323	6d6d5a42f937c9feb09b73e899c81f6c139fdea296c72b05dc5d80c2ee37149c
hprc4_L100_8324	dbf4d827f113deada8c01279c17bad086e519b3aeaaa91e9c17f24e50007a3b5
hprc4_L100_8325	f5448d61f96fb715b4698de8a961a9c30d33f20c6b564742b8016ffbf9689c32
hprc4_L100_8326	8d7f1f10f81a818253fc7daea3bd94c13790cfcc723e73e1c536e4ea33ceeead
hprc4_L100_8327	6b028d068faa7a504b6dbdf2064cb79674f9477ffda41fce1f40ba7ae5c4f0ef
hprc4_L100_8328	181703df59025316f63b8e5cff473ecb2ab6c397cd5fea8a9a49fe8ccd0a3edb
hprc4_L100_8329	7fa079d3fa5097070d6d625d0dba3021e18adb8276845c95449ab3e9886541f7
hprc4_L100_8330	3b8c98a38887cf7764ff7ce5a565235c284b258e41b162eb075fa7b8bcc31dcb
hprc4_L100_8331	799e00e51453ffbe825c0ac566c0370d92d050323962139acf6e25678cfbda85
hprc4_L100_8332	e08c6f3a7b050845f049c9bd06b073b169cee540af3f95a6ac7c9f076b853e4a
hprc4_L100_8333	39d43c2a673f1ef576f4c8cbcd3f9b03e45ae9b9dbe04bd6152105d798805d30
hprc4_L100_8334	8b5be62a3f084edd95d1fb0fb368680c606f9376a673b17209371c36e5016e22
hprc4_L100_8335	a0a96bc7e37bd6af63655f1862eed14b8d74e5bb73ab2097af2cd05147f34026
hprc4_L100_8336	8f9219982b1132ce89340ef5c90e6deca7c901bacaed23f88c29efdf51ed6dce
hprc4_L100_8337	7f2256541784285541883adcb0ba6e97eec005d6aa86dd5ff57c2d015055cce5
hprc4_L100_8338	9e9b811ee943eb6f70baf29a54ce7f870e05d0c30f888631ab8aaf4bdcf2d597
hprc4_L100_8339	012c7e026da8489208484d5f861c4a9cd8f7c113d8b0ba1ba6cf2b04fca82841
hprc4_L100_8340	d1a48fdc5b6fbb6aad408faaa5fe5e8077dfa98f63db18ff46d31f349b804ae1
hprc4_L100_8341	f75d3a8e8b134cd8a5b451a49d560785b196fe783d42020500901d957312bbf9
hprc4_L100_8342	119a4a4e1a19a7ff74c6e4c4c592cf9659b5e5a169109b6ec1ced7b670a171c3
hprc4_L100_8343	4add5e78102ee543fa9072575525a54e4ed1a2cf66364b7b366215f5d7c31842
hprc4_L100_8344	1d06bd0fdbedbb38b9872245f0f0bc2c89e0a89b2faca6dfea2eaa85129a08a3
hprc4_L100_8345	2ebbd3833f39efdf0b25ff253605f1c00959b234b0839ba1c312d51f2fbd29d4
hprc4_L100_8346	660a45688884c77c15a8dbb59ca098cb973a146e9a768efc759a8ed0bf9b6a4d
hprc4_L100_8347	3dfa44ee46f25bb4d91945c6544be9d1a329f6f40ee3fb47e9c513283eaebdea
hprc4_L100_8348	b578924a560897b0a49b90487d00c05103599ed20217d3c77a67017df9640bfc
hprc4_L100_8349	ef8a16a8145565f902636fd041b09702f017f9276bebade303ee44e2a186e000
hprc4_L100_8350	cd05d0f386272eaca288c9d01375a4ec8a028bd2c33eed4d54f61f862a67e4a2
hprc4_L100_8351	05074464a070607f0cdf02b8a8fbeb355ca7e56dbed5119b51d9d72ad680ba78
hprc4_L100_8352	e14eeeedb538f8bde5282f0605f4bc5104712a07229bbc5fd732ebddb0b336eb
hprc4_L100_8353	ce39d10e6c915a568fbf68530f21d74896928d127255b64a7b8846fdb288f062
hprc4_L100_8354	27b0a71558a096ce44967c3d6145310824c859ad9a7c7194b17fb8ea2eb4432f
hprc4_L100_8355	5fdf9ca46671ff55f449cbbe5b920505ef39022ef74357804bd4df55adaf9f98
hprc4_L100_8356	2b0df4ef798160f88fbe64d99da9b948dd94f24ad14c677308cbd6b8c3e87b86
hprc4_L100_8357	32c7b757ef9c495b72f2745fcaefae47bcefb6272c3111fd8939a8852ceeb5b1
hprc4_L100_8358	683c0dd4ad1f09242ea522884f9d2a6c984df5ac3736176ebb597c6cc4b0ee4a
hprc4_L100_8359	d15507f607ac28c2fe108cd8ca0d5846dea4f15317051b7daa2a99bcf617130d
hprc4_L100_8360	723240dd71dbffb88fa613b8203c8f80cca491c6f28e9e8cc96426557800f179
hprc4_L100_8361	4641e19e3190bf8401f7824b0142832f85d5fabc072b853856b21622eb9a718c
hprc4_L100_8362	0ca090a0426d67891ac83cc9f30bceee58c227e284ddf60fb76940ada3914a30
hprc4_L100_8363	4ad099b0aedd8b375e3c93f41ecf3ed465991a3b633f7253bb78d8b30f31344a
hprc4_L100_8364	77cdb1e6654fe8154e8e6a3f0e1e4493061f234be3e6597df7e6b14decdb6b4b
hprc4_L100_8365	d6f7dedb2d24da278ddc5de10b6b75629061f63c567e83934b77573176d9aa68
hprc4_L100_8366	9501a2733246371e648db989e64997b25ba8f0dc348ff4c9f1777539817e4884
hprc4_L100_8367	496cb4f4bf5b43a2452e39715172a656d00e1c73b5502852d518c394f8ee99ac
hprc4_L100_8368	7cf1c4f9d51b85f1247c35c59a50b0d36f519cb3157704b5c2ce775ff3a3e193
hprc4_L100_8369	3741227f7c7fd7a81a587e6733726b7d1bdb318775496e587907ef6fd61c358d
hprc4_L100_8370	06bab81073ebe8e90fd8a7949d6f1fe59678aea567247bda8ab2101ee4f7be21
hprc4_L100_8371	4108b411060e78f788d02dff5342cf572b4b9c963e221b713bd33999f3e956c7
hprc4_L100_8372	ad187e3aeb7ee37976781d4d3c97013b823d05e2db5aeee7fe742a8beef06b34
hprc4_L100_8373	4f80d769eceb5728f040cf27617eee873e549339f6e289b99d29ed94a11bcad5
hprc4_L100_8374	8c28430a4a93ddcc4a31f8061d83c54b054d5d8290098f209e232db0efc0b728
hprc4_L100_8375	cc13c71b0dd6799cac05e6169b30896c1bb1065c1af05221c3658b1fbc472a79
hprc4_L100_8376	ff39378f3fe6ee11153a7ae6d0e8803edd6bc3368d194b8d00c0742042ed3df3
hprc4_L100_8377	0e533fd5aa0e617508434b17dc721671ef063e3390473050263b2646001b4a0f
hprc4_L100_8378	18137efe46644472fef96f8f272cd438d300393aeabeffb8ecc9e7f681e28e5b
hprc4_L100_8379	09a6db606f6e4258369f4f701c82a8624323c0ea655ac8aad0e6901a3f001804
hprc4_L100_8380	3bcf35f976cc671386f73cb03c315db35d13148b1e22c080b3f29bdc4685b68e
hprc4_L100_8381	1e9e4b3c44e9fc701020e0fe2351324dc38749943568cf1f57e92f087e46a9db
hprc4_L100_8382	541895301824a7fb6f724ea3485dc1d40a3938929e7a9326594a2751d47709c8
hprc4_L100_8383	7431502e120e17c99186495b412624ff5f451cdfef692c886d940a058117827e
hprc4_L100_8384	ad91b7406414dc792eb1990840e8dbb88cc0155599196383362e5fdededc19da
hprc4_L100_8385	0c00fabfa2624183534d93f6e3d8f57b7dace5e02e9f325f6d7307c00488f83a
hprc4_L100_8386	e3cf48a200077a00ac4a5102e1f2b171671b1def7bcaf8b3f409e66ec02a6832
hprc4_L100_8387	60132b357b97b5f0c055acd71e643e93cdfaf34612c10fda33eed2405d642ff3
hprc4_L100_8388	6fe5afd0d946466295c51f8278c1bdfbc0920dbfa75a87877129f1a6002e16c0
hprc4_L100_8389	afebc7c2436566d0a4072bb61d26ce953702ee5cedf47b885f2e59e0047bc55a
hprc4_L100_8390	095c2af2282550411f490409360ee78976d46fe4388a604e2ffef70b5db4b565
hprc4_L100_8391	05b1071446961de6ab7c23375a5af4cffdd2e472f26933600c0945b60ae8464a
hprc4_L100_8392	70467b003f195ea6a0ddc780ef2060d458f05665ce545d6baa90d0fcfbc2117e
hprc4_L100_8393	b70f4742dd143e21a05ef9f21b41b7ef7e94e43400de63758e5acf26d1c652a8
hprc4_L100_8394	aba0a8da750da2ccb6dbadb0e042cd32e63cb6811e9112e16efd48cffb04f859
hprc4_L100_8395	dd7ee31202773abbf5a63b8ad991f4c75590dd81c8afe77690a4e26d1db36077
hprc4_L100_8396	06b61de81f56cdb6161e17956f5a4373824b7809844ce3180c10811b37995d3f
hprc4_L100_8397	d1c0572662f1a84831dbe77218d51232173a1c4c0d399797288131f52cbd97a8
hprc4_L100_8398	d55b128cb510f10f224d546625a867676597165c2b1cf4b291627661223e1847
hprc4_L100_8399	d8b3f90ccaabeb009d99152efd5e12a84fbb2717b525a5126f926d0628ced22c
hprc4_L100_8400	d0cf5d2fdbb6db4dce7537bf40d766ddde4a19d40bf20ae34be6e135f221ad85
hprc4_L100_8401	cbf586103040a55fdcbf957a2a292ceaec9a5eb09d0a000d596f7c41f1f30096
hprc4_L100_8402	03bb1577463dbc735e1c62389bdeea678b8bcbbe1653b64f81a50b4b25609463
hprc4_L100_8403	aa5a6c2b86850503cf96afe117b99e750a54e04b39b4a40de846b6dfda26da6e
hprc4_L100_8404	c403dad30f7528fefe5ed0ecad0a6b726547c3fdc446d7e1460adb60d2970c9f
hprc4_L100_8405	cb7b21ae2c38159581aef2b924b58ae307fe3907a397bfd41116127828425e17
hprc4_L100_8406	de9c9d546f9daeeac3d4f3a7732763ad5dc615512ecb452975822e0e3b3156bc
hprc4_L100_8407	b069bf2759b9388e45fc08ff4743d5b26d9e7ffbc4ea6b80de3ad9dcf6e30603
hprc4_L100_8408	661ab190cec00fc0a11d65e64b9a260a5f470735d473d4e1edeef6bc259d9ef5
hprc4_L100_8409	a2f6e77fc05b9f5e207b6d25858eaf5d8364c395bbaab66db85731ad73f35c0a
hprc4_L100_8410	4dee3cc73451ff60012b8ee7c54b8d7da3452ce3d4ba7f1d2d94ab8f4f99efd3
hprc4_L100_8411	20f88b972fdb2b9de660fd81bac4545b1358d5b882ee1b42908b01d00023c923
hprc4_L100_8412	6a08c7de84f197e14024c72c661382fe38ef8da17f0e0f64e5b4e07a299a9648
hprc4_L100_8413	cb52c34ae74e261a559655f4d71a71359afafc4610ac0c55c962394c2cf53f3a
hprc4_L100_8414	cd058a1933f174832840aa9e30f56bc7c26768bc0d0a199b280cdd41830ded25
hprc4_L100_8415	4a2618a9fb8f0e54557b94df4366c3ed0692485671171d5d265004528d2b0631
hprc4_L100_8416	12aa8c24fe0992cdb8529e7ea5a405859f4d0bf9763ed54c459020b90f61c9bc
hprc4_L100_8417	e65076691d06bf808c18e8cc6c70505bd2a7b61a21443d43311da7072528afdd
hprc4_L100_8418	1b4caeb43d4b0a979aa003f75fc6647cb578564052394872bf9458f1f4c4d82e
hprc4_L100_8419	f228c94c3798e672c2e7c8ca330b5623ecc49aace956ff151ad2aecaee220605
hprc4_L100_8420	8182621002c39a054d9fbf4938730aadfc03dd734c79f36854e95b3e4f572ef4
hprc4_L100_8421	7326846dd9512b22800d7f895eef7146c9ba92027dcaf685285c4dc1dcd8d27a
hprc4_L100_8422	7737fe78367c05a7a45d40306c4c0cc27f241db91c768373bbe244a57f1eb9f2
hprc4_L100_8423	4f7a19a828e17aa114f9a8c07702cd4b835f39aed7ad3fcdd654330f70fc7506
hprc4_L100_8424	3701cb5747ed7ab3674d815c61c187d74e1f5b8ed0852a22f45f3eb68ca873d4
hprc4_L100_8425	41af3965df8f4326aa5be8c29626ca444f974c37c451f48b7bdb7574a25d5679
hprc4_L100_8426	8a3fa35d199575af01e43fa35d07c5aab8c5a2d2dc4c0a08368fba2d97a490e0
hprc4_L100_8427	3f982b3dc3e1e61fbad3bf1b84f89e133cac78468998f3169d25ec0c727fb40b
hprc4_L100_8428	5c5e3df0f97965cfe1182e874e281955f56590e844f3998839ad981bf07ce8fc
hprc4_L100_8429	9cd46ee380fd1652189add3fe9ef5a6c77612d70c74d0a7a146470d8b847ce5a
hprc4_L100_8430	a10ae0efdc684fa196dd96412dae124c52d86345ff4ad3fc6e17cdd49b3e98b4
hprc4_L100_8431	96704bf11fb4a3fde389ee80e83956098e47b3cde4a10f655d1b5790e81c116d
hprc4_L100_8432	3692ecb5e3174c78af47d5957527df4a8640060da05eb3c0ff1a694f2144f792
hprc4_L100_8433	27c61500936e08239941a3c8414e1e5d4a4e2f6cf95e7f23fe0f3a610236fdab
hprc4_L100_8434	d45c44210f5a76fab89a9f337a60520497ff31d939b2bb3ba531c75ae9808bda
hprc4_L100_8435	8de83d87e71552de7a4e390db1d3d398089732ea5426281fff2ce95d17ff1e90
hprc4_L100_8436	a6da55e2fc660127230b70982867ab02266d9f647b9884a83f372e3c140ad42f
hprc4_L100_8437	915d72839284e27cc2b067c03eb055c022fefe47035ea4f4c8774c284dc0e298
hprc4_L100_8438	8d4750b17ed068d8390f1c2812a025648c4ce77e632ac160a163c287aeeda7d6
hprc4_L100_8439	7f8b33bf870b529aaca38fc2e332e4d14d842071c3b343a38ded4c3edf3ab58c
hprc4_L100_8440	f6c2d214a280b932db8f180f37f0e680c87620257fb68f11b957cb7d55998ae2
hprc4_L100_8441	68eac66c7a7d103bdba5e40c093b5a5d9bc122f01b0847b137268e88eb6ca71d
hprc4_L100_8442	1f51d0b39e2330121346cc361ce73105c930885900e14bea9c821a0aa74da604
hprc4_L100_8443	adc0afc8085a7725fd806a5704874c2d95ba15c35728f2973ba22ef545685519
hprc4_L100_8444	85d3460e286e6d09cc70f2dcbb4d9d86858fdf13dda8a4da8fa9132c01750b28
hprc4_L100_8445	3b48760343b6cc23f61fc5cc3777ec2c423184187180e14c6b4a4168c8cc7578
hprc4_L100_8446	e9a46f3e1b07c5bdc4194b081f06e65aff238f48a2e8ce5164dc7fa62747e9ca
hprc4_L100_8447	d22a53195a7c9ab679e343d090bb1891e120e9c8fd5a1735f034fdf2453d5964
hprc4_L100_8448	397bf59936ff7065f22c9b6004e92b5e9886a8a2348a885fd46824d3ac589c0d
hprc4_L100_8449	1b7b195010d6aa8cecedf1404904ef24a95f02e519b03f475cc6e6bd5084fa1b
hprc4_L100_8450	b56b308ef429e511c11b54f5924b6db505d02e93d82aef48f840b392c3488b94
hprc4_L100_8451	bebac217ad61c3aeeb9f5edd33451c1f6884063955b0331786dc12df52fa92f1
hprc4_L100_8452	867a5ce45a72728129a47434424527f02a41b28371cc17f438b03bd9ab221709
hprc4_L100_8453	8337b009323e02c49425ba53577e899d5cf4771b71b384fd5bf670acfe0b9df3
hprc4_L100_8454	ac196105086f20dab3cdba0047f094adff86874fb0c6ddc58eaf4a21a03b457a
hprc4_L100_8455	d1966d80427fd25b8cd89e437d87929596a876d33db212c2286d7e8dd1b8cf69
hprc4_L100_8456	a03da66d6e00439d74541904b76d1992ecee0cae51d5aef6db8842db426c4d84
hprc4_L100_8457	6efcd1e9690eedbd2253ba21f92edea1b0dda5d4d67330861c9ddc1d01d406e4
hprc4_L100_8458	da31e2c052ebdcbaf615dee5b57e38ba281a832c1947b3248f882f6edd7e059b
hprc4_L100_8459	c4e6c689163515dcf39c81608b2f9372212fffc2503baa410f9890e79071a53c
hprc4_L100_8460	5926148580c978620f24daca48946b2c0f204a9c040ad0f8365bd1f3d0b761dd
hprc4_L100_8461	9e21d7273dab4b19af61900147b452045653bb2964052614b9a63dd1f1df15f7
hprc4_L100_8462	c8e2d186d7b1dfded0c429373268852a420d02034a8e22d24cb41a58db25d4e5
hprc4_L100_8463	20e28eeabf8358108221c0bb748d2c68e065118c1636c211f6e9f4c376dcc6fb
hprc4_L100_8464	42bd2e8b3d226ec398175b903f885038fe75d3f6154cbed96266d1a3de478b36
hprc4_L100_8465	169cbcc22b00f7d77f6394c784513084a0603eddedbb2a646f58dcaa9cc42e1f
hprc4_L100_8466	e1a8becd4bf28af46403910b0051e1793c0e4853da247df832d5143e4ef1c4ba
hprc4_L100_8467	da4ce8e8d353f9a7392df0c7682557acdcfec7aad47992096e87b87766a2e468
hprc4_L100_8468	6a18f5f721d757eed63e7b953e0c0480e8339c3f9164f26cfcce56331efc01a5
hprc4_L100_8469	461914d017cf8c0178ad2d9a0d03688a485e765027174462363ed02883003e1c
hprc4_L100_8470	fec00e28ded6cf27ad51f4d503ade56096fa7f4b8d58f89d0fb906145be11d20
hprc4_L100_8471	62ab8d75ba2f2a0c9a4c95a1a4381fdb90139bdb02bb3395f6ef9ca1d69e4e5a
hprc4_L100_8472	8ba4adb2c23070226660391fb256ff60ed9b1add9b913de6df06655e42aef7c3
hprc4_L100_8473	83fe29391198cc74d557656a168a4f83bb8d3dbcc4462a3c938a0cdc559903dc
hprc4_L100_8474	c2ecb4cfe03db1eda5e276c72ac2e760913c2b20fa40cbe3d07dc0bfc37628c1
hprc4_L100_8475	65d8e0d36d078a410db5e230d7bf8b2020d14ae35fa35dac790620c891432981
hprc4_L100_8476	781e84dd310d178e044f1bbea9c59b5ed58ea4d3bb7b2d6455f29d9d847e228a
hprc4_L100_8477	a0792608d11269e53eb24b0f9e5949ee0d234f7d975ccad7bb8c7e229bc43492
hprc4_L100_8478	1037f98f9f630309398e34b83b320773f51d148db58b2835680281790c8fb2a4
hprc4_L100_8479	7c53f16cfe3a6547038b9bd119e66a2a55d2316fac0e5eca493686fb61db431f
hprc4_L100_8480	b611aab9865b151b1d97a56e0133732c9584246983ec63f59aa60ccd833cd97e
hprc4_L100_8481	020748492a964e5a513ffeb3e8ec0af5158b67538ce92c693ce93a323d56ddbc
hprc4_L100_8482	b5a224658bca55179a81a36474fc615cc9394646bb818deaa78bebcefc8ec019
hprc4_L100_8483	a2db3d53d6610b90bc3855595747af62a11dd7dd0693b8decbb00c30eb5333af
hprc4_L100_8484	c077f4f00406fc1966a9683530648eb8af852a2e65909d57c9161c4d2010dc3d
hprc4_L100_8485	af11e61bb6316da4ad8a67243f78939f69c077c8b2af2b0d368b835aa93359c9
hprc4_L100_8486	8c645c56bb8eba16e8fc975859fc5f7beddf685e99218c277a354f7babe3bb25
hprc4_L100_8487	4fb9c8dbb6dd638335d6f8f9cf3145595a66830f3fca966080ea9180602e88bc
hprc4_L100_8488	be980fbc44bae9169e9dab3756e658d2194ccfa31ca743a6fe7a8698549f8426
hprc4_L100_8489	4c8c932e7ffc420f3abd9af7c2a76a33dcb48173e3822d4541d8a995271f429d
hprc4_L100_8490	de827c13cb6017694acc6dde2bf86cd35a35774d5a32dcc77d29d6675c54ab92
hprc4_L100_8491	e90bfca27bce555c237e0a409afba7fd586e5303c60d5535ad6fc92205729512
hprc4_L100_8492	81a56f505367f39eca2daa3ad8578d558ae95e2b43c3dbc4ee4002c5185761f8
hprc4_L100_8493	5b3b01d0286e8cbc22e3181e3bb3bf665adf38d33262a7dc28f32e8bb8978fb4
hprc4_L100_8494	f14d0c3e7ea7181afda1866dbb6a95222164bdd796116ed52724caae6325c12c
hprc4_L100_8495	96fd7704bb03bfa747097f57f8deca4865ceee663bffb0c1ae63e04c75c068a4
hprc4_L100_8496	b74fdbfc13dc5e3ba61f04772d46e9fe290f9fa0309512fa1f180b29e5fa1087
hprc4_L100_8497	c9d8963e56f8f38df6b7c70baf5b81b1a408572e62283328417cd2be69c76fdb
hprc4_L100_8498	d66d7741e1518e0e85bd9979ccb5bb1f27b4da96ae5a6bbb0005460aab3840f4
hprc4_L100_8499	b5c9abd9ac1dd7b5b8f38bb7d776eb21756fa1dd39d22187528f3a7682f88ead
hprc4_L100_8500	57b03f5207b76f04cc1ed35d37378479f6d57aa5efa373bd5d344c030a2b7717
hprc4_L100_8501	da7c7a42f5aa3c26abacd9a1e9c660f8a4b408c9560f38d770535281698f6e89
hprc4_L100_8502	21240d6366c75e9004a1cc2a26f13741cf066e5de48bb8a3a2ffdc74d265af3f
hprc4_L100_8503	a4d7b0325d969f7fb69dc8327f2dc0321030d60fa63cae1b0a1082d08a4cecf2
hprc4_L100_8504	367d7c8fd8da26b053f5eef96e0fd63545c34978ff4d9c8a53822f54c699d392
hprc4_L100_8505	30ec8ef7b65f9d56a79286b69c9530eb0e59e349de4b848c2eced218de30c067
hprc4_L100_8506	ef5a28bad402e8cd1f561834ce5c23d7d112eab540b8500889c2993da65bff6a
hprc4_L100_8507	69a5f2197d0792b62cfde67fc22668d6cfa3e4da235529b31d77daa2b46031ef
hprc4_L100_8508	8751ccf10f64358254a2683ed2db3ff792660487f0f7684eef0e24037d265dc7
hprc4_L100_8509	f1796057c222d70129bfaeec1b37322848dc1df371f459c9a3680a98a130796b
hprc4_L100_8510	504edd3daa3394c477551790a02bf5cbc4e4953f362420811f950798615719ed
hprc4_L100_8511	7e776d3c352742194c9d28071a51ee1ea55a65b489268290feb5b8135707dbaf
hprc4_L100_8512	b07a02816694b54a5ea5061e31057e1cb4ab99fba17bd812e05f95e560865d11
hprc4_L100_8513	ad75de8b4c5e79313d2d222df2d62871d69f1e5006622f278e3f72d3a1328a03
hprc4_L100_8514	69319d843456df0e05baf7f8e3cd066a87ba36b881e62dff24c71d07e4d26286
hprc4_L100_8515	458f5f64674f435c8303085c02fdcd6a864dfaa33b5d9add028ca68c4eb37376
hprc4_L100_8516	3b361636d6207d7571ed150c0b2ed8180ec6aa9b99949e8745025f1f26c918e7
hprc4_L100_8517	525af32f475645dfa9512c8f7382ff83e8b9a84f93c4092867573b340a34a6dd
hprc4_L100_8518	2aa1e90c4cf70ad83f09cf13b7c50984ef99dc379537a897e67c45ed300c0061
hprc4_L100_8519	aaae78b7a550a813a519108c1d222890d627d162f175af939fc483d3cc40ebe0
hprc4_L100_8520	383e4f910aff02f72945cdb383d029d2f8fcdcba322c4556b45db812a200a5e7
hprc4_L100_8521	db044e1228884afd38c21fb1074da04fd93cc60ed622b8a12df6dcfa742f28aa
hprc4_L100_8522	a124a1a6caa3d07bace21313014fd4d47fe0416e179ed62b17de6aa26be73377
hprc4_L100_8523	c61118115228275f832074dabe906834cb63e1477ac6fc75113c61ae7a276be8
hprc4_L100_8524	cafcd454b6392f59808330a7a49d315643a2488fb99dbbb451ddcfa6f7d6a1ed
hprc4_L100_8525	8ad6152a4845192a15ced7ac7db913aecbc2cff1acddf3f1f83f5d73df561300
hprc4_L100_8526	e007747dfff4f3c839a8efdcb512946f1daf765efb1d7ba74e4dee29c442b170
hprc4_L100_8527	9cc5a7af338daa494bc73c4ac3ed1d2052daa0b37c8e15a48d2cbdd75a0c09f0
hprc4_L100_8528	a48cd900733e8161f2fbe1b182a37e7e7dd914fbe075f9a5c44ebad866b8f862
hprc4_L100_8529	12822ca79312b41ec40ecd2bdc690b8eef7c70beb196422825edab8ab3cdd935
hprc4_L100_8530	73a58768c6bfb17cd21e7303d10298c9d4de10d43a40f783887577e8433845f3
hprc4_L100_8531	72f94c6f255a87f42ef676c6d3749b30b54e8b3ef11f3ea0fef78f49e0365da0
hprc4_L100_8532	f9fa1cc4cda16603ec335f5b3036b5a932526923c83f3c5b60ac86e60431a656
hprc4_L100_8533	e7b6848307b12640a2c3f454549ae80ab4dc753a63d97fd902d0eb55cb79c52f
hprc4_L100_8534	ba423dbee0bfae87711db41a1b8798ac314404a0dde676542caa5bf23c668b49
hprc4_L100_8535	4168cb14c4b404ebde8c081793767e33128e17d1a56fadb7b60a0c65b9972a7a
hprc4_L100_8536	1c04bb9b596999ffac092c62e028e1b78f1d390434bead7ca25e45b8c85a4dbe
hprc4_L100_8537	1919aedc10f4f0c55c555100bc3190991d86bc91f0100ed00693080beb0158f2
hprc4_L100_8538	4f10963c0ee05e4a285bbc2e2172ba0894b05ddf57f38f6b9c86495553054c16
hprc4_L100_8539	1b93b830979e89c8b9b6e574f6d2cba9f019dcffc06e70b72cfb14dc0928f96c
hprc4_L100_8540	90d1670b7ce8e7dfe958a243105d29f3a3aac3ef13015928d763b61a6226bf3f
hprc4_L100_8541	28c1be109ebe18b5e03ee9102057674aef17b93904f9ef8d132b98f93fde51bc
hprc4_L100_8542	820307743fb06268e4206f70e03ba564c6d30d66f7e016cf3d938f29f5b0e53c
hprc4_L100_8543	6211fd0af7448f1f9a27ded6184e427fc66f05367ea7bacefbc9a0e8f35e4c35
hprc4_L100_8544	c285560fcec6ebd082a36fb96634559c5c44dcee8683f64379bafaaf810446c0
hprc4_L100_8545	eec4658c5ba54bd3f8bfd5ebf27ffaee710ec2d03dd54652349341281b4837f8
hprc4_L100_8546	7a8e0d1dac0cd55c67cc2712d1c37cdba0200b85056b19ec9411e9e7fc409fb2
hprc4_L100_8547	6078c7291d1229905679d40c160ff007c0aa22020a947343041d1f570d459ce7
hprc4_L100_8548	45677aef2f958f668ed73691d955e8fbf170c996471b0c9be8bf87f8f5c4351d
hprc4_L100_8549	feda2380eaf7535e50d4cf1634a1c6752f7b125c3d36a4a43964d57d415c9833
hprc4_L100_8550	1f44237ad0a7225d1a7526f6efacf91168f69db8093a7d25211b5c5f469457c0
hprc4_L100_8551	252ffe4caea18b336152ff79d0807ef97869ab1c76054d2dd70369bb896ba1af
hprc4_L100_8552	e1460a0100c98de258b7e4e711612e0ffc44554acb4a439cc1c30e1363e95447
hprc4_L100_8553	aa27be613360fe1acf57764262a867865b5869db42ad6f5896f157946ea352a2
hprc4_L100_8554	8861073601ba6f325719f6ae8791e200e9ad57d4c785bb0839e23154f2069fd5
hprc4_L100_8555	724d79efd488d3221079f15a4cb9a9de2410309e81127faf0f67cb1ea3c9d627
hprc4_L100_8556	8ed0c726baeac6ae0b29d69dd2599d37ef32e919cf6609f17e5fbc4576d64eac
hprc4_L100_8557	c9c6b63e80063710a34e24bf6a8fe1000b252167ff94d0d20d10be8851ffe9b4
hprc4_L100_8558	7a19686b9450af41cafd465e7badfed300185deb717c160f5df9512db3601c18
hprc4_L100_8559	e9eaef7c14b817a1cae40d298ccc5bed71461c650a7a4155b614f3cd29267a57
hprc4_L100_8560	9d2aa3043fad9a854e7c3f93e72287335ed74d8168af7586ca4f9ee0ddff9f5d
hprc4_L100_8561	6962f2accf59cbf7dbef5e89c4067e62bd14fa54cfbf781e24dc1b47b77f32c5
hprc4_L100_8562	09db8ff3d02883e47975ea10d0151e53076bcddc3d2c7e23d9db00fc83ec7da8
hprc4_L100_8563	e4ece9e3436a330827a75e0b25c6e2bf6ea1a82320901467ce10c855a5272bcb
hprc4_L100_8564	2c5ac0a71f4f2e7d238219a83324497b0b1cb1ef6b91d31f8b010c240ff7fce8
hprc4_L100_8565	5f371b2686cda40e85a5f56a07c175390f047b67a59bdbe9d657183b666b7148
hprc4_L100_8566	46d8a39a048abe30c8b95b83cdb0a5bb5bd2356c975a91185958eb01ba5812e1
hprc4_L100_8567	d142ae1a1543528b6526f875649cbd9b6284ca8948c4eae05648ec3117b90cd6
hprc4_L100_8568	751b57d3a61c05834d43672b5db880f1b92bb9346638d748cf15a49fb8fef524
hprc4_L100_8569	4b67d857b9458ee65c6a0622b130bd0a289c09c3da95b3574acc73ae8f150c7b
hprc4_L100_8570	8a6765617799b35e3bb3098363f9e06134cf27654a8f8b5aeffb54773f37e99b
hprc4_L100_8571	9c0835e5d411accc6e4c312369ce3a03e513c4998c1308402e36abce8f5b7e46
hprc4_L100_8572	76d1168b7e943c34b166067163fb61d73d451f7d843e9649407902aaa7226eba
hprc4_L100_8573	5a5c502b1a26ae02f625626795a9c7bde1b32d835d6df36ce476dbbec133c312
hprc4_L100_8574	73522cbc679d473715aeb0733c71e073acda745dec1f570a422cf346b0b46962
hprc4_L100_8575	5717de1905c770f8ebb66fe229af21a1b474498a270af5cb4098f455e26f6126
hprc4_L100_8576	0fe6ea42050e0739c40e66a58623edf61cf837239cd7bc34b3e42d05a4ec01a8
hprc4_L100_8577	cac2b7bb2d6f62754c1bd4bc8274968b153a4db100c943a646720bddd0fbbc67
hprc4_L100_8578	66b637631e0beeebbcac57f93001b7cdbfc9e84ea2a0146dfdab6123edd97d65
hprc4_L100_8579	4bb9748fb66f8ca069dbf6af6201a34e0fa9e5017d4e81dbb24b3ec40db91f7c
hprc4_L100_8580	490863913c962bf42b58c23adf53fcbd3291b0f2e00b0935e65c219691294506
hprc4_L100_8581	49b7197a2b396eb3eaed2dfe952a1f8e15dd6f08a8230addc977585e47e010d4
hprc4_L100_8582	e03eabca1c35c6b1409fc216c9b3f4cd6dcd18b8798d0ba3e3d74aed0b2562eb
hprc4_L100_8583	817c0052c5092a21907996b134b2217f81772ffce7d97504ae8e29d0fbc24366
hprc4_L100_8584	6bc47a3b43f81ab32e92d33a10e3dfbd8b6c9f68e448a9c73252a8612a942999
hprc4_L100_8585	1b6c0095b9c2507c00163f893b90d0bc78cf7a3246ba50ad8ff97f31eb86439d
hprc4_L100_8586	6f4427a7725f6ae326a98524c0f80834e65d5029ad69bfab5764db1ed440c78d
hprc4_L100_8587	3a62b63ceaf637343d99854d6aa0ccca88341e4b887d49057ec9f6769802d2fa
hprc4_L100_8588	f6774127b44fd0ad6b0e00f58c3cc583764c765c5721e3ffb16198c5607b6e60
hprc4_L100_8589	0eeebb6c5e58a25ebabbdf38577687a77a490e52d0dccd44c586c9085ceaec15
hprc4_L100_8590	3980e79a8153ae3a9a0cd420b1626ed07b5c16f919a9b0c6e3797016d199acbd
hprc4_L100_8591	41e0053e7a96678515e5955809bf653837e519c69707b088cb134dd5463d5063
hprc4_L100_8592	1e7f57f71e7d6fcb53fe76faa28731172dbafd506f6f2db2b775c1bebed1dcf9
hprc4_L100_8593	e4f8e463049a45dcc9edacabb7721f5dc7b8d59520f4602f495bc327a47ef133
hprc4_L100_8594	73efab4cae70af9b58a4d95e82ea693ce0ffb0045ca4056d8f66bb1dcd73317a
hprc4_L100_8595	e7b6a162a39914b7f8feb496c29da43829b4f71996f84adad10884c8a63899c1
hprc4_L100_8596	e9ee554e0249c8418f033f398adaa6d7cfa682a3d034f2cdd3af7a5878c0680e
hprc4_L100_8597	5da62b3359c4f5fcca2f762db8f44b510d77fb7ac9aa6a83396f66d17e6f2597
hprc4_L100_8598	5087f0a44aff3aa8ca1caec8e4c618fd98ea6ea301c2b2ec8796509ea15930a6
hprc4_L100_8599	f12a92a3cfec59989b2fb972ae45b921dee3141381dc3bf0cc82e28f16420d28
hprc4_L100_8600	d8dc42aa58de1e5149eafe7bbd5d521a37e87ad74908bbc385f9ed53173e1b35
hprc4_L100_8601	ad6d274626b37b9db95c9ce5a33fdbf9eb28873b60034036406ced166b628a90
hprc4_L100_8602	189e84e3ac24e79c35569484f494b4c0d3f483b1dba6c0666b0f52c3541878ea
hprc4_L100_8603	2436c87efaa921e726f9865e6e2e36e8e898c5452526ad4fb30bba965a01756c
hprc4_L100_8604	895b2aa313b1caebd7192fd2cd20a3aaa1c6e07e6eb38bcb153978572c19518e
hprc4_L100_8605	7ccea80dac11f61feb70ba880b747097e3a96467c27e85b30d44fad79f738916
hprc4_L100_8606	7752432a4768a5dea7d0d9b3359eb8b8323a71defc2f1a4d9463eb8f1c7f1321
hprc4_L100_8607	5ef0852c44542483b1fee6548cad3ddb3c1b7bf66abc7f2390aacca26b915b8a
hprc4_L100_8608	1a3d5da0417c68842a6cbfb788028aeea2aede29e9ccfa63f6f555ff78fe9135
hprc4_L100_8609	e7bb6d713b9d83999a646b29b782293f358a54e302b40f2ffa4bd56f77db8125
hprc4_L100_8610	7e8242d57749e819d06b5e522afad83e578e03174babd2a274af59858f9f7c69
hprc4_L100_8611	3141eba47b75476c0d9ba86c4b5d69a324aeee2b01c066a581716badd0852439
hprc4_L100_8612	dee827848e060b9c97f5f8171eb16430ed5cc6a8b22e625044548e200071f1a5
hprc4_L100_8613	dff7f5206b7c0984e9706d588fbe81df9253a4eb2f17181c837ebf0f0adb7699
hprc4_L100_8614	16160021e9b1bd897a689cd12c2bc108d4c8e081c6d31978821a6fc3bc8b4a48
hprc4_L100_8615	ab89d6978deb5c9983657f2cf175cb3d6e525bd271a9222beacd530bc0bafc17
hprc4_L100_8616	8cbc017338f141b5437223d83865c5d52ddcb99a5b2b75c3df7ac2b9c61a9229
hprc4_L100_8617	c9c933dd5409303ddd63adb9e145bda7a6de7b72ee65d2508291fb8edab001bb
hprc4_L100_8618	65956fa0f3115d7adbb7857856bf4f7fc253aa2a405512ea9f7728a1ef08bf25
hprc4_L100_8619	51ebe5fb8a43a6a2f63df4e7a515f16db392d2ee6425a2af3f71c0f5e8058cc4
hprc4_L100_8620	ec72e8c48b9d7264423260e2445f94268578bb550a30a2497d9736cde2880cd5
hprc4_L100_8621	7470b7ec1b4514f390731851994ec4343e162bc62080fae9c7a85bea051581d9
hprc4_L100_8622	7c6181ebedcd7c2ae22b7cab853a68c0f026b620c79dc00859aca038ff0d609c
hprc4_L100_8623	b1050061717e7e5844a7e290f1a934a0a56c4f351c3c0c8cad6f8e294fb9a984
hprc4_L100_8624	e15f75df7d55db35bf03a6075ca779a8ab3aea012a8f49fda02d5aa17095979e
hprc4_L100_8625	3337e56e8adff7a6f182879d59d40da282a2e88b933a402b231f92c8e80d8d88
hprc4_L100_8626	6b61815823da29390c306e1287eabae562eac658e66131b6852476e771e342ef
hprc4_L100_8627	bf08151c071eb3539f1fb9b6e3edf3464f407d2824b86de5f5df68822d5375cf
hprc4_L100_8628	f255b756fedcd93734e196340eedeff092e7c9bbfbc871885e555fabe2408091
hprc4_L100_8629	4a31fd7bfd942d8e206b00115b396f3a73d09323e37d2f4beff8effcf43aaa93
hprc4_L100_8630	bc3d7aa3795fafb09ab550a4377fd4fe85ec7ff4fc6d1778a089cb85a7b5dff0
hprc4_L100_8631	9e5955ff836f8d6d5afef964157dda381908797f89686c6dc1aaae376c40156d
hprc4_L100_8632	f6e2de6d2a3e82917a6219e44c39853c3ffd8846a549468894e5e9cec0336a47
hprc4_L100_8633	91be11daed26f68a7957290878140a3a4d74cdc7f7f8add91c0cf7df2651b14f
hprc4_L100_8634	ce5368be59f5ce375c7724ae8c1dbe87e81402d9c8fedba33ad967cbb59cd87e
hprc4_L100_8635	0e713b3858ef07aa108a89c01bf26fbc809f0c49e22d628a20a0f5856e86c9dd
hprc4_L100_8636	fd856307f2136c39a378645d7848dc0610f528b14c5d52bfb4aceaac1d7ce91a
hprc4_L100_8637	cac68d404a3045da1008f1b88ad4b79c3e43cea536aa70261a6da75bc77580f7
hprc4_L100_8638	90226359e0b7a763410d59e0c8aa35dc8126eb873ee8b0763b80f176a795dd05
hprc4_L100_8639	d09328a85f6960b9d7a540d345f90c5962bb961b13fc5bf71a9d93c1e90f5f1c
hprc4_L100_8640	a40939b11c33f626be7d9f027f21b0b95eac7a059873c68e2951f17ee6c2686d
hprc4_L100_8641	ae5a6c9dbe4348db908829ee2f412031ee53a15cdd6833835d8dc4b4d269705a
hprc4_L100_8642	15e6d5d6abe3b72f8cb9341627f4a1fa06abbf37718829e911a48edf3e74678d
hprc4_L100_8643	d45b943e705200c1cd7908f3736e3af82f76c07673a9bbd0f630a1a9ceb14b3a
hprc4_L100_8644	a61ebc7650291009cadf989d7cc3ed18497a7c7464a8267054cd9c1e9bf11896
hprc4_L100_8645	47f762562345285e9d01d0726efd3894be884e1f71d09378e14c09220ef3625a
hprc4_L100_8646	96b50c556f436b8f36e71363043efdd5a15eb25e5e51836b3abb36e834a8dd0a
hprc4_L100_8647	cecea73c55a2c332362ff9f5cc7ad0d018a9c0685ccd409a103c80e5d5f456fd
hprc4_L100_8648	180651b91a94a65beed0d8d08e5eeb05cc68bfd3e3b05efe86d288b80d722b28
hprc4_L100_8649	f704fd223dfa5ee30ac6d161a688fee51975e399d450a37dc89a1510ff03cbfd
hprc4_L100_8650	5e3198b9e431536093e80921c8f4993b167ad641b703c484206dfb8be37a1d2d
hprc4_L100_8651	b349d83e66985c108a79c462b2eac59887b4d290d82a88bccf34c9fc15baa79c
hprc4_L100_8652	426c22598fd3ad55b55a236bddf10b872fbdfeae3d0190009cedcade3680d17a
hprc4_L100_8653	d79616e9eef6541d5ecd34658b5653f65eef1067e65daded6c103911923f661c
hprc4_L100_8654	eb4067c7058e6d930a79765928d4fc489c8315b59705b9ae71bbd3d61b9c1408
hprc4_L100_8655	85fc1d3bcf194d61bf5164d5f60a7e36b1b07e4dbb1d010a257b9073d4ac2d22
hprc4_L100_8656	b82c15ddafccddee0d633eb29b5fd8d83e07a558a0b4f6b2fc4619a37e5be619
hprc4_L100_8657	075bd777913eaf33c1c9acfc9331e32e94afdf7d3267713f230db624c2e0c986
hprc4_L100_8658	fbea9ea03771c8d86190954d9fb0708bd6ffd25a3cf129fa0c059cf13cae28e8
hprc4_L100_8659	4e68eb86cccc90e5b4e6694490331824b6e040cfb96badfda9d0e2a7e9a3649a
hprc4_L100_8660	9dcbeee5f0dfe2ec97b582c8158b185873473cf72e9378bbadce8cff327d1c53
hprc4_L100_8661	db9a24a6e1e805932e0f3209ad02e16db447c3be999dacfacfd9be491435f224
hprc4_L100_8662	990146320dbc63001801c01b678a1b976bd545f93a8b8b87003291b2052b69fc
hprc4_L100_8663	7f120c098eb6bba6717d34d7b89ddd87c784bac82d92d3e5b06872411773fdbc
hprc4_L100_8664	eabe05392fda1ca664da0a1086a987bf78428a4ef426b6b3c082b65c002f8679
hprc4_L100_8665	bd49e89d6283a05273489df218937f495aa68de7b147b840e1a70c5e105e5836
hprc4_L100_8666	ee69cc128f342edc64199f2ec360d075213435c8319bc8e5e77996fd82085e5a
hprc4_L100_8667	34c2d439aaab7e1441d2af86dfaaa918f5efd2e0ed3cba66ebdc574841a1af72
hprc4_L100_8668	17acf174cb3ca26c11cbb4286b6f1cfe92e85cc41c47868672e1921479a83f0e
hprc4_L100_8669	7ceb8e0603d40413e759a7b1553a97fdde7f42eebdaf265cc7659ad130ae9775
hprc4_L100_8670	b920bda6f8b5051b3b71aaf16108be2e725dee5d1679e78c99d246d7d8c1dc78
hprc4_L100_8671	8a3cdab83e3e9ae1337ff8d35f76512b98bb71005e2f7b9350eef1ab43ffe1e7
hprc4_L100_8672	5075660a71398fe6b3fed487dce3bf74610d3a48475fd47812408bc5e19e3bea
hprc4_L100_8673	296c9ea7e46b9860f544cddbe9c13dd72b367b945e359d5c8ecfa8a09c380825
hprc4_L100_8674	24012658bf6edb5946cebcbc3de8ff19eba904662cd53b5694c14028a5ae6e79
hprc4_L100_8675	ffc8b09d6c31f8bb58efc89e8aa76cd6af3cb378393d42aa65cecf018833ca6a
hprc4_L100_8676	19367aec0a5a47a450c0baeba96e1608e577414d3086cdee7d5415b3aae29ce0
hprc4_L100_8677	c3d15af28190597d8a9a2e18fd80e378a8f655cf08a9a62c8c2942a75aca56d5
hprc4_L100_8678	c9728d038c7f77f29ca0e38b5e6fe15d846562d891cf619be827ba66b6e61d5a
hprc4_L100_8679	bdce6ea350c41540291bf508a19e395dfbcb1cd9da68e420fc86b168d5b02804
hprc4_L100_8680	e80748c55be8562b1a9870d54f9e513253085ebeb9206ebf727a5ef0c503ae52
hprc4_L100_8681	f6cbc02e6599ac4ae8080911a6324827b52dd06ad4b5048c3465da193d2a7f7f
hprc4_L100_8682	3e69a2b6ba92cabc38483ff59aa7bceccda17c44b27100f84f6eb2e95da0c0b8
hprc4_L100_8683	093a333f8edb7cc3802f27b2287df412eb4165679b15807e2a1d2eed42fd33ef
hprc4_L100_8684	c52eef3f4d5351b28a27814032facc4bbc81f818cbda84437c391aadf00c8bac
hprc4_L100_8685	87cfa0bcf6aff075b0bdfb4df411f9d8135e417ca85287e802d7990de29abcd3
hprc4_L100_8686	7e5f3839fc855aca45258b866ccea8263248cc3d66aa4a40e3c64005b8736c50
hprc4_L100_8687	ac9a3249ee78dd0212ab96ff9cb897c17e2fd232cf747c3437b810ea41d01fa5
hprc4_L100_8688	19ec94572553b3f44e478ec54430520c706f55327b3cbad03bef287e6a174f19
hprc4_L100_8689	fb92eae1c0ba1b679d3cd8f74f72e82192cd1c168cbee408e44b15dfe366e23a
hprc4_L100_8690	a9e1219647b9f53c59c508faaf595a8c75db9e614ae556d4726c4312c7141f54
hprc4_L100_8691	07a6e37f3882b2da369767e67fbce6b3789fe3b0e0fffba212a16d6e6043de2a
hprc4_L100_8692	b3cafdc7fdd98c30966eee1dc7d02496f6f3e369011c91a9c80971ce7f5206ba
hprc4_L100_8693	852f7677ff3984effbee84207a0d873de53a20b0036ad26fc1c2f81bcf82638a
hprc4_L100_8694	ec2b46fbe5f611cb859a9c1929724742a07170e48e6f03e637bdec1bb62bacfd
hprc4_L100_8695	baaff31f3eea82a9114557d5ff9ce1624d0707acfb2a37b789d5bfbffb1dcd5e
hprc4_L100_8696	fc4a402f681ea8ed099dbef8dc36bb65d9ee0861469a74e4941dbbfa9254f100
hprc4_L100_8697	5d57d19e677d9585d43a6d5acc7fe423d16b8ea8e855e6ccd8482b20df2d11d1
hprc4_L100_8698	2f0448468d2fc4c42797f7aa5842dedeb01681d57337aeb46d266f63ef5d98b1
hprc4_L100_8699	40284852f3360bfba79eab5b55c57d4b1053fbf6582b5284933aed9c067a19e3
hprc4_L100_8700	e83b25b6151651f90442f002af350a441cee7233b637e5c1a71319f5fcf831d1
hprc4_L100_8701	ba9b24d0fe06668195756205d3893ce89eaa1f9d4532eebb212cb19066f1525e
hprc4_L100_8702	7d6ee6585eaa473923492e566f435fc79f3a56dd21da9378d2f65ce70bf92b2a
hprc4_L100_8703	7a28e17631e85112900db78db0b5f5e4cc1239b8bacbea759e0aa0d1f25823aa
hprc4_L100_8704	4f3db850f16be3898fbda2481f1c95e50602986562a3068c2041d9554dfb6686
hprc4_L100_8705	672b9ce194e43defa6383e4aa869b47c33f81b1102ae37a3b4764b06d0933230
hprc4_L100_8706	446dcfe3013e3cd7341f6b8d8b5b9cfa3be69c32feacab371b9096221281e415
hprc4_L100_8707	69d110f47314db891975846ebb2aa718b459ed1bef8333960c4a72cf989ce1ae
hprc4_L100_8708	c1a273185bc2aea0a3f978704e4daa2787ccaee94e5c71b8ee42f5319e33761f
hprc4_L100_8709	529b7982dbf132ad0176e7417772fdd424b1dcabd4aab0611e199fc16c5fb4e9
hprc4_L100_8710	59796319051439dc60aca8d7da1be4aad92a86c392d04d2bd58bc8e8dc2ec9bb
hprc4_L100_8711	7695589e01ff239d76b3554f2592b20dabfd0329bf28bd3d292f1a5dfee4bcfd
hprc4_L100_8712	b7eb61ac17f84fecbd7df559dca06521bb678572489c6ce1f94f5ae13e6c4e97
hprc4_L100_8713	64f5159dd846d172bcba123821bc144fb1128470404a346f10dac79784f3edc3
hprc4_L100_8714	6244c9a81f94a5e66d1a5e2e70665e873d3d32881c22aea5b5df11aa1481475b
hprc4_L100_8715	54ba544c6487ddb3549b33c8962d34bf433b62249860a842b102295d7a7f65b5
hprc4_L100_8716	fd7eaf333dba6b2bd66bee251e2ac8c396925e69f9c7ea28fa706517bf75389d
hprc4_L100_8717	547a5fd2cfc948b4e59f1cf9cf645dce2280ba2d27fdd384e82884f7b91f17a2
hprc4_L100_8718	32de8d34e201d7e65bbb7a205a7b299a89912589718cbf6297073a012783e0e9
hprc4_L100_8719	e162437c62ddb677062f90a7c764df16c64c2c04ce69e22d0f58b1add2806570
hprc4_L100_8720	517e15fa6afdbe0f8ebf6c7c39a59d12fa036bac4a1931326c3ace24270fb983
hprc4_L100_8721	b2236d0e4b8192384ddb6fac78f6fd426d8db7b38c72104bd4a213ac8d28625a
hprc4_L100_8722	dcaa3315f41abb65cdfdbf2e1874325c4db0dd1a7799db5c5d84dee4d91dea84
hprc4_L100_8723	ef2eb307f4041d12c512add49a10598676a8deab04927aead1c9565a91479eba
hprc4_L100_8724	fb071417b6cd25ea484897f2d339a7126a42d86258a61c4a43a228a0ef397982
hprc4_L100_8725	2016d284b2e9551f143ad4eb3d94f064c6c9ff7ca12edcedacb82ba6543a7e33
hprc4_L100_8726	a40e319ed602e8b9475e88f8648a8d5160b79a6953c65d3c741a32ae756931aa
hprc4_L100_8727	b7a0ee696da38efda122a1b5c816b186631d727a290ad122ec3b4f88d37f5d52
hprc4_L100_8728	10b7417daa1b8d712ab22676cf6d3f51a25532fa41591c0074fd243074a66e1e
hprc4_L100_8729	ad0d088089d20a337bc8aa4353114af85794e4101b9f80fa32f590491297079b
hprc4_L100_8730	3b7575170ae450fe147a4f0f871f060bed27626b70d1515f0cf9d1395c5e90f1
hprc4_L100_8731	d0aaa7492886af91cd613ee0cdfd456317406038ad460a29ddb228abcd7fe36e
hprc4_L100_8732	a29ebf75979e34cec251a22fe46e9e7c98f0e5d3ec630711ba8f742502d739b3
hprc4_L100_8733	892c3b9cba224fcd4a977c9cb973f1e72a32240c0f45fc41b85f42b06162f079
hprc4_L100_8734	70d4f1bbaad08f065d8ccb0807668c4d0f158426f0c1eab0729abbcfaee1b1bb
hprc4_L100_8735	699238a3c912483c9e98191763adb5f787f010b0298a80709d51d8740d7ad9bf
hprc4_L100_8736	fb160c13adb36e3c815e624831d1642dc35dd7a0a5726c02eed7c5ab8d7ea8eb
hprc4_L100_8737	4e539d1905923c3a1bd2d7076f59bf7e56c1d7b97d0cdeefc4803ea8fbe772d1
hprc4_L100_8738	576c98dc77f9eb95d235ca73e22a9fe9dfe7df1098d3e195a33cf0754ba5a921
hprc4_L100_8739	3b00c96404e704e6dad572a26e3c6e88330f5f297e4fc698961d78bb7323b04b
hprc4_L100_8740	05fd5e18f680b14cd20fc360eb93514600c51baa0b02bd364c7cf45155d60822
hprc4_L100_8741	833f8aa37ad111c6c703cfe7ac273031c0c473d772ddfc689bdbf6dcced2235d
hprc4_L100_8742	7e3fc84b1ea4bd58cf77cc30d996c05c483cffe4a1eb65828c115e45d505ff1f
hprc4_L100_8743	796394574f540d7ae809273cf6515cfb14782ef22ffefb3408465aa699ada2ee
hprc4_L100_8744	05f07171b3e77bca68a633893d13b16210bd4d4e217d9f38418ad1772e968f1f
hprc4_L100_8745	5ba67339f0633b84af2d915431e58601ecd1532b14ae9f105002a706e2aeb572
hprc4_L100_8746	d4e26ec3e3cd1f47b3ce7bf997342753a0b1f1da3828c25afeb95c85a1b37228
hprc4_L100_8747	60e9d590fd39340764de215e5bc68f3f6b26f45cf01d4af893750207fd09e239
hprc4_L100_8748	3aa5549408497e99e0af530621358c462dc9d1b607dc3e1b5670b8caf6fae593
hprc4_L100_8749	e2950a0fbd49b5bf4a7fdbad4345c4c770163beb46243662bce065e25cd34a40
hprc4_L100_8750	cdc799ee6adeacacd15806c6d5df1459ec6246e9a8d768c3830a1cc4cc289ee6
hprc4_L100_8751	2e5382d854c403a18d6820ec080305a56b36b6f47ac4d9a2e4fc5d8a32027371
hprc4_L100_8752	e3e8b853f3803a8d0c1728e99b502d3d602a24defdd006702cc705a709a9e0db
hprc4_L100_8753	147421ad17fc5a24a08378780d81c88399f85abc9f1a8809eade933a50ad973b
hprc4_L100_8754	cb89ed6e017300ae85610978fe9e083956a878cb8ffb57a7e7a6597a7b528ca5
hprc4_L100_8755	b0893bfd18b742db7414cc10e73e80664e493b877dde05561d51890789cd6058
hprc4_L100_8756	f5f448b1a8ff6cbea6c8c44f5c8cb8163847282d5de678d41d58226b4f377d9f
hprc4_L100_8757	1b08566ece95980ab08064f52b2a8b9cb0858e9149193db3b5293c93b0dc0c42
hprc4_L100_8758	b5154334efa57241f497c170b9aa3eb29dd8532ee740d6a0c8e130ec2b2d3bac
hprc4_L100_8759	8f8274d97c59aa644a6a4939d993e83d806a0cc2f42eb46c6a2bc0698a7ffa24
hprc4_L100_8760	cb86f3c92008b5a46fbee00e0f0e91fea6bbe727606efd77a4aa84ce7e717c0d
hprc4_L100_8761	8e1721265f4283f38abbae56e5012f8df3bf1403de70ffee6c85e9f11de17c60
hprc4_L100_8762	caa571dc11abd644afb4fa4d408f0ef3b80e84b244cc979e7253cdfe09314550
hprc4_L100_8763	6b70e125ff40999a12eeb4bdd8357de56e0f208dcad90a27b834a50fda04aac9
hprc4_L100_8764	bdcc15d1fd0fc6265d73649e694171a3193137771ce290a60166e84d60cb8236
hprc4_L100_8765	7a02d5c0de80ad997bc08ed7b58d6affbf6af0e7649677feb55ce5d558e540c2
hprc4_L100_8766	81fefd06b83f75784b3ebe9355425563068f2cd91503b43143c3b0430e704f86
hprc4_L100_8767	77f8a97b9857952d0661835c9f00e0dad0077d235ee673de9d639622a7a0097b
hprc4_L100_8768	f5a068a80b567b9a1024363672abc661a3d10723e232625a8c270ff69e2b07ed
hprc4_L100_8769	f362bebe1842e920593e9f67aff4a79bf8d954438956a625754f3e8ee7c26c6e
hprc4_L100_8770	03835a7ccc7e721841869b689271aa28d3fba2e0006567525dfab3a784d97e4e
hprc4_L100_8771	f9f337417f2e155d694888d869005b2cf64735e69c730d55a0459c6859f35f33
hprc4_L100_8772	e8b24cc6291865aebac150a1c7aa28f5addcc8a24f841a3c1131d2b41f347ac2
hprc4_L100_8773	91880910cf4c9317be03b12c554ed9ee6022fc931749bf517a1de24165d2998b
hprc4_L100_8774	5f7c8183da276d1b471ca63b606e5557106e9e8c7e1a08d88da558da5009bc4c
hprc4_L100_8775	dc78dc335ce87bc30eb98a498399ca956fe6dd98d7aee0666306dfb6a02aa9cd
hprc4_L100_8776	16f7aad2072bb1024cce2a74813eb8e2b1a60db5b3af3cc0400c254b18bb1c1e
hprc4_L100_8777	c2b4c49f7b44109a50cc3d773d09c25a66834dfe4e8d20f0038bf249f38360d2
hprc4_L100_8778	3bbf6858026a2cfdac0892fa15c0ba5cccefc707546e7c7427c2e0713c03a79b
hprc4_L100_8779	4472cc6306ca24d54f34e64e65370ca0cec6822625590a9e4e8e0c1d40893add
hprc4_L100_8780	1efcc79623cd2240722c659c151eb78675b5c61fda11a9c28e9704fcb05d4e91
hprc4_L100_8781	6938af1ca2531b57fa162bbbe77fa00131f9f649207f696e2540928f496db5eb
hprc4_L100_8782	3c3b7ce5009118e15ed1bc008e5b75a4a745576d6762e82fe2454d00a412fb6c
hprc4_L100_8783	2fac33fcf51f0543b3170fd4841b71824c20073bf23dcf55e508b8a58ecbff7f
hprc4_L100_8784	ccad2cd0c65692b984ad733d739d9f206f5136fb211c7621ffd05bc99ff5a901
hprc4_L100_8785	fd7e3c2fa1f77be9405fa6d5258ef25efadabebd65e71f547428d7c9a3592248
hprc4_L100_8786	726a6bbd72859930070be04153ce1be287f7740550938361914a0d1baf0b642c
hprc4_L100_8787	883ae1bd08d4204b596544f5273f08a2f48a95fd534a740bebfcfd3955c7d000
hprc4_L100_8788	e46073bc9d9bd4244217687c1764cd10cadd26afd05f2f958cabc0d07bad1e69
hprc4_L100_8789	aa10511697c3f1d693164f207057f8f1345e22b54e86e3b9b77d4704f554dd19
hprc4_L100_8790	3018fc269f2ecf96de5d57193dbc6a3026333b5e8b55d7ddebf8b51b9a7082b7
hprc4_L100_8791	5df25a8f6763e46f91c46c10193a0fd59fc4971a78caab1eced0cf54ee3a585a
hprc4_L100_8792	a6ba9d9a9c6ba6df3430a5ec8fa293678e50fd9803a13248d3f2b5f3a7d984b4
hprc4_L100_8793	91fa29f4062e21648035f1fcb3f09326ddb5e06bfeb58f6529ac3ca7a87d7576
hprc4_L100_8794	af38a4f000686aa9edc02abd80130e8c62a5889f316b0b50ecc93f67763d0418
hprc4_L100_8795	83dedba76ea6df8a3644c9375e703af2f1e09384b7f85601d2d74bc61e92d5f5
hprc4_L100_8796	625861b4f4002ffd496fc4764f4be4a6241f44fbd3c43a3a4183e475af47162a
hprc4_L100_8797	cde75b219c98174fb600f629c1e050438e8e36bec38e7af2af9480a52f2915bd
hprc4_L100_8798	7f06bf0b1294dcd292c283ed1e2848c4b8235a10a15752dbe95f69995be10ee3
hprc4_L100_8799	c64788c5d1a07ddc34f895982767dde46b3bcce52a48bdbd7cd38fc5d1000ac9
hprc4_L100_8800	842cf35736d4451b818e2f84ba6f4a7fd145baeb32cc3fa05fe43d333ef78ad6
hprc4_L100_8801	33f494b73a66aca2dfb3a2c7ad33b94c9de9b0eed2b58dd23b6a5ec188e18f1b
hprc4_L100_8802	e3e87f7f603f7a7bea855c7299682ae59627798e7c9d9b8a39c6778066635b7b
hprc4_L100_8803	5647e05a9d6d108225eeab342835872971e43d1895c2ab0f127448f2b62f0ac6
hprc4_L100_8804	078ed26919e22baa0a0a9e2221ad00a6378b96e06cf50c807cf790dd6c7c4f3e
hprc4_L100_8805	06cfad9d4341e3478b9464640a2f27b880109b34ff08a2c3d996eb83d83fd647
hprc4_L100_8806	aa76a0a8a5fa5b3c9161cd0a439a92c67cdeba35cfa029a9baf8819807cc6b8b
hprc4_L100_8807	70e786833854dd166291d254a7ae1c6a6f618ddfa421d2d407f784124c002ac2
hprc4_L100_8808	5d57e9354337f6d3a76b095a2e9ef719d02649c4b6cf3f9230ad41c3633c8a2d
hprc4_L100_8809	b56c43ce195fca78b0a808d793ac0b457f9fe1a8d183745bcaf5dee9e501e4b0
hprc4_L100_8810	3f168ba550717e1fd63d2f0e581320470e2e414bee0c419a78cf318d3a1f89a6
hprc4_L100_8811	19eaeba360c24e55229f9731e6a117c0b8d14e9f02a2cf32ace8564fcae95a21
hprc4_L100_8812	1739dd09d610d4ead0686a22cb99ff229895881aa7d7269d3d3f19319e561994
hprc4_L100_8813	f0a59e31c06f5d27ea02236c3a5c3d62ef74f7254473c70d4ea3e5786d53fd80
hprc4_L100_8814	3891b8a7248dd4d5f91cb1b4c1e80ee36a701c0fb438115c15d94bb5dbbee77a
hprc4_L100_8815	ddc39b1063b16725d04c1cc43ef90221fcae9df1f97f75ee0976a63b2740d867
hprc4_L100_8816	4c5fcfe81f37dda9f1924fadfd0cb1dee81349e75dc9b34d2e17f57c9b3259b0
hprc4_L100_8817	f727b9ace6a35759133e21cca84b2dff6d6b00e3ccdb27078ed1e8da3b0fb360
hprc4_L100_8818	b25c4fd342e09833a8f4a2d876d6fa9f1e37853c6281935c9c4060110ddc2b3d
hprc4_L100_8819	72dfd9e8be2fb7c73bb5825be88a780e58d03f7112c6d668fe7a2bf384ab056b
hprc4_L100_8820	077c68b027c2b6087c45462c8be41c2e3ceacf4917db4d471e41017b6e33f50f
hprc4_L100_8821	a4b27b9a9e6fd211a5577470bdaedb17510cbcc3f5716d2b123321221b78b14d
hprc4_L100_8822	55d3d5d83a0eb119ddc75c37dc6f8a779b65251e55fd1de16b06f4d36d47d99e
hprc4_L100_8823	805df41d188bf1ef84bd695b6d481f75a57faaf2d22beaa1953730cb63f9530c
hprc4_L100_8824	c7b041bb3939fcdd30380b0b7ea32af14db79f0aedb352065bdd2f6ca08dc094
hprc4_L100_8825	6bf306f274500b5a7741896153b08e020ed5fe3b23a3498a80e4acb6f4d46b6a
hprc4_L100_8826	2ed089c3e0ba80d4841e80c1046c9464db2f9c6ace697b67ca2f431626b1e9d5
hprc4_L100_8827	d5df979e7d4656cdde8e1792b8e9f9b20a52b083cf3e6bb8a80e7df2ced0c134
hprc4_L100_8828	61adcda325998f86e96e9596af64d1091d0964f7001056efe3178dd9c9f4cf67
hprc4_L100_8829	57cac24ceeb33122acb930d3c3477dd08be2169a0ac6b8483737a41a4086b1d3
hprc4_L100_8830	54a10b0fc20932e4a74bda16fae95d87749e6ba59716079785e333ec843b6820
hprc4_L100_8831	bf16d0673df02de205d2d62f656b6991d543bacc438881dccf3d19ed38db608d
hprc4_L100_8832	d35848272b18a0c149474bbd0c277572624fdcaa516be748fcd06be21e5dc8f0
hprc4_L100_8833	20a74b0413241f28ca41f8cbb3f01e15899e5bf2f3312e75805132cb5dda5636
hprc4_L100_8834	fe1bd7dfbc35fad841cdccb060d4ae7a1e6a7486faf5792e870c3320262ca29d
hprc4_L100_8835	a158e83191d4c04ef48edaeb047e80dbcdd21c8b37823786ad86136574a3fa72
hprc4_L100_8836	7621cadecfa34ca7149b16082566c8b9f043d42fef6d8a33998087739798939f
hprc4_L100_8837	6bcb34bccd754cf54f33dba706968f09e569ced6cfc3a165b9bb71e5aab8f3aa
hprc4_L100_8838	c156d6b2f83166ff985b3be0cfef43db45c33445984a7d9dc868ea8732c8ae76
hprc4_L100_8839	938a4ebdbbc4ded5f57ee8560ebbd9d3673a75c93643a5aee00bfd1ff67f93e6
hprc4_L100_8840	822703ead7bd6e230c80f7b10376ffe42b5fd7d6b40ef556450a847419627074
hprc4_L100_8841	73cfe6f9945304c0a29b5b5e6525edf0456e2b31f3dae0e455e525116447bc07
hprc4_L100_8842	b35dc879c680773cdbf1209994e6672297731109a18114834adca545abb7b466
hprc4_L100_8843	cf76be2a54f57e5bbfcbc81bba12715e6f420b4cf3f03d692ca1dd904d296ff5
hprc4_L100_8844	6e0b170eb3de3e0cd5ccb99f31aba01466931e8485ea4a20cb3e2ee3e4407a87
hprc4_L100_8845	7d21c5340d74ef1d4baa33b861a00be35f67addce3140b8580fd6aac652114b5
hprc4_L100_8846	f1d92c9ead3fadc08c4e7c27183c045b6c64f22b6e916fc0d7cff51d26f25190
hprc4_L100_8847	f442550d21497998b665591309d9acc9a33eaf9d48fb9af3f328d70b416d0f28
hprc4_L100_8848	43a17c25db7a968c7bc19aed613daca4a1032356ea4866be399d4ac2cbb8aca0
hprc4_L100_8849	3820f1f31bd9468a057c3e51d3dc751218c30da830dabf38a8257d3a5df8da99
hprc4_L100_8850	da8f2b8d68d34d541ce8dd90adc3a4f2a0bdf245d9ea268f914babe9affdbdec
hprc4_L100_8851	71d6e78842502fafab066021bc91751de125d587d49a6c06bea0d1ea1f4f03fd
hprc4_L100_8852	ca0573be2a5c318343e24daeb9cb3fa77c1a6b7364dde4220c26a55be27f3001
hprc4_L100_8853	50ddab70d94ccfd1bd0d77874f95ca7dd181461d5305e4aa35c22b853822df86
hprc4_L100_8854	d15be1f8d04ac2ac8f48ca862f90bb5a59b4c9277c47024b16832b7f7bea53eb
hprc4_L100_8855	07cd45482dd5a2d6f0dd35d0c779d6fdd5a1cf6eaf889cb6ec5de99760e1e9fd
hprc4_L100_8856	3e6ce1c5873caf88196d71957d11600a3718c2cea5943e935d0abb698e75e987
hprc4_L100_8857	803a3e328faf96fd2d1bf04f092a5415f2b30a27df70ab6d98610345eafbadb0
hprc4_L100_8858	861e1cf56e3b37bd8c419f99234274d8540e5019066be6195ff84aed11cf65e1
hprc4_L100_8859	4516e57b0234012ca6fe06694fbecb079adf2e09af21c839296b6dadedc5537f
hprc4_L100_8860	bc535a7cec0f4e5a5f6a385187630423301bb6b300b6fcd9284cec630fbb695c
hprc4_L100_8861	5267842ec337a58d828a716274dabc30b7d68d6472552c0b27227e07e281f48a
hprc4_L100_8862	38225d004bc296c0b632f0fd487dc99acbeecd9a576fb06ebfed48c87681354e
hprc4_L100_8863	b4681e272fc8ae66547c481883fa4dd751ef2a602eab1e9840a655e9252dd2f5
hprc4_L100_8864	3701c75e3fda8a05e6a1f599d5a880659bf95c9ac972503661e551d21d6c8b75
hprc4_L100_8865	8a26e4cda5fb91df9a301373fee4b92b20cb51ea0423ab2eeb17fb05470c4cd3
hprc4_L100_8866	bdf5459eb5aff0d2cc2fc2904a1ecb518edfd046699231f6a1ae305dbd268030
hprc4_L100_8867	37ee9170512d237b77b8e2ebbf5e78728fbae96d8605209b7512ebed40f626e9
hprc4_L100_8868	dcf26d9295017d74550130ff0751b9bc14d45b346fc7b8b2d1e0ef7b41f75986
hprc4_L100_8869	3db8b82f844246a1d8dbd487d8f9a622f9ec2cdc76a2c4e218161f7b6961b0fe
hprc4_L100_8870	a8b65f70fc2225dc99a9fa7c953e724d53a76e1d435de4a0d61e3c9be36d10d8
hprc4_L100_8871	e492d8308bacd28b2db552fb94b253d1a33e6abad585f8704d55e2b8352b2cc9
hprc4_L100_8872	ae47357fe2198ef3513b9643150b479329af30acc34997a4ba4c4a09b1f25f81
hprc4_L100_8873	ab408f930d60cc0198eb6b865ec45fab5871db04a4dbc1ec6d9fa17c0d91385d
hprc4_L100_8874	e95f942252d013e06ece8607f595eeb4a6b8d37ba3f3c8c8bae2bc634ac1d2a4
hprc4_L100_8875	a6a907dab176038c39e280a8e51998709f758333526acbe8645cff52a78d4878
hprc4_L100_8876	c901c5ce8e0e9fc9c7f1d0cb62b20448b5d4bba87f9f64a9ecab3720c58ec4f8
hprc4_L100_8877	845e28e0d8e750f8451520fb8f5152d9839910a8d8c20dd7e6c95ff5e9a88c06
hprc4_L100_8878	55c237ea391f5b879502e1835b98f2650633d310dd810f10fa1eab4ec2981113
hprc4_L100_8879	2e9d22ce8ee1128a51d0aee8f784694fef02ebc1451e50a771cecc44529587ee
hprc4_L100_8880	c5c6713028ce30cdcf679559602dba2b61e8b6136b46c57cf348f1428049ad33
hprc4_L100_8881	f31e66ed2c4ef50a55d24fa77b4e449d801d5a9f765bd696f9284c8192a71240
hprc4_L100_8882	76619c29d916697857cf32d555b3f950af97d377e3c6091ce0a541bc26b6213d
hprc4_L100_8883	ecf8bf069328191630be44ff736d3b87e73786e8e5a03698c6f1a9c435b3f393
hprc4_L100_8884	91cf7ca52c2a02d10af4a1a598ec63943ca0b034518842be1ac2bf526f28fb83
hprc4_L100_8885	91cc2d7fbe729f244803e2e34d54fa165d658a7c8d77aadb4e6f57c8ee76979e
hprc4_L100_8886	6584b1f6ba93f3e7f22a4ab5ea71ff05eeb6f8d62ad6ee4c1aae5bce02e1d2c9
hprc4_L100_8887	1ac4d4d3cb4d485b1c74d440c67b5b0c4e4bfd36402700074f687ce1d612ea03
hprc4_L100_8888	173253aad4650a7992e3734a08f3efb30f0dcaafa52fa0551e73d149e214c8f6
hprc4_L100_8889	9273b02d645d141694278ad5261785bd682b32bf67b53ce75e82cf7b6d8cc954
hprc4_L100_8890	f6f8314b27e425ca6d5db7c97e678b4742045f84cada7a0ef9f332b5a707c8ba
hprc4_L100_8891	71c18472f79922c28162c62420cf9189da1e6d4634cf1cc38150736d617e3e88
hprc4_L100_8892	bedd1b0c59af609178594adf95519f72fc3600fe3f20d1e6ed343174270bf7dc
hprc4_L100_8893	0aed55dc99b226f4ec0ee12bb6ae6877a196986cd8429b8469dc044a4c5360ca
hprc4_L100_8894	157dc0bd3412ef19f7aae82e3bd65c498106770021428f49da251164ee8a0fc1
hprc4_L100_8895	0e66f9fa827a1f8b0255944909c0387c7799691e34b919cd265a8edc1c42df2a
hprc4_L100_8896	f77ec9346e74f230a928bc441d0c7f9d9ec39b8fb426f0ba6414832742123b77
hprc4_L100_8897	7274c92d666550c449ccb6964af3ac435e9bc40e7746a017a9e64593a087a9f7
hprc4_L100_8898	1c3b2d0c7328683a8e361a55227c230fbfdbfa9b341cf97cb382bce0808fd763
hprc4_L100_8899	1687cab53a92b5f0369428383f79c237715fa31285a5a5b76923fdca076dca43
hprc4_L100_8900	2c0b88da9885e2efe56b82318c71dea797ea7f9c06b16ba029e4dd5fb00b473a
hprc4_L100_8901	58f9cef0dfb9774b59ad9a7e49e29d2acaae2db3519cfc4234d4a396521f6c9b
hprc4_L100_8902	51eba6ef0b0aad02d1901b166c5a68b7c42ae0e68d231e71e9ff956df6f81f73
hprc4_L100_8903	3616811c4ab253f658b11cbb1935d3772e7d1f6c961b96e94991045bcbf215fa
hprc4_L100_8904	fd943a6f453f70b476cd1ff762c6a084bf202f1befe9fe9343a85e334520bb3b
hprc4_L100_8905	53c34f31890b6147bfc33533f6f0796c65f2a4ee7b9a10157f03ef9f17ae9416
hprc4_L100_8906	4c054edf2fadae32a18cec676990bdd35fac0aa3e4885bf58e52a42dc3daab55
hprc4_L100_8907	586ff1ac93fd649d0f1cfff0a35a073a504ece030ef360c958e423daf5e586ed
hprc4_L100_8908	cc43c3ef0a5b48fd560afe3b23b368f7975acfc691d0e16ab43ecfa21efa8b00
hprc4_L100_8909	1fefc2a161b2d07ca2dc7226b0623bc817bf18abcc2700d83531530c94bb3fe9
hprc4_L100_8910	7ad2338075d98f5171b7da82a56560247c6cdad8826a67649e7b786d0f8c3ff2
hprc4_L100_8911	319b54f0b3c4ab841058ac1a0190e2dc41abe70dea2cfbaabd6c11da4a55b115
hprc4_L100_8912	2da0497258162b3be277f3409f2636b9c31d549e55ff89263810ba13ebb356a0
hprc4_L100_8913	1294897cc47d74908c09a1d091a83df2725d9f6da481305ec8436c7820326d3e
hprc4_L100_8914	e29dac5d4b3595da9e47c3e70683324711c875edbe3b265ac65adbb453eb2db7
hprc4_L100_8915	e6bb2b51bb0d3bd71149ac90a8abfabcd009e2ede69ea84213ddd8f60e9cb824
hprc4_L100_8916	8ffe9582cc39fc37121a84d522ced3fe83417b952d10c02609f96d651b6f632c
hprc4_L100_8917	c6a139dcfae11941a7698204d09af29efa8738879931e5a1b94fd207e99fa8ef
hprc4_L100_8918	cdc71d88265d031dd0400007bbd59556fa1ae58a44418ec45bf9902120ddceed
hprc4_L100_8919	1d493ce4419a82bee27a9e8e341a193bb758b0716baf4849f145ca9b37bc1305
hprc4_L100_8920	064f0b34d5c70aa4fa8fee70b66c43a31afe4fda9a060fbb52614659c3837b0d
hprc4_L100_8921	56fe59e80802a800c3a1ed60d7c03b0406437700764deb41439e466fee7c13bb
hprc4_L100_8922	184816062409ee052d26973dc8e7db5fb5734d07397e21f053d17a4339f3a4df
hprc4_L100_8923	9f39fd25ad85f743290daf251c5dd74583e82f6036f0fd904ef304ce08b1e0c0
hprc4_L100_8924	2265380f885449151e5b765fec6eddf68c0405132a6699e0727c3f66cb856cd4
hprc4_L100_8925	fc7a4529cc18bb65db3a0ac9aa5432eedc058c269116ffc9657d87373ac8a88b
hprc4_L100_8926	cf700d6664e2e959fb05608a7e2ae5720024ad738b85e5d9dcc46ec86fcb5ee2
hprc4_L100_8927	f1536a81ece42e2083402b678b4b8c99ef5b6acdb0091f364032be4645c83e43
hprc4_L100_8928	cf5966ca3f4de9065018bec563dc20414d45357f8df25a2b5fee95786acc5c44
hprc4_L100_8929	ab9c9daee1ae2355ad8ef7efc6051d3d5f85b9c2c2ca8534e9a419dab6806b7a
hprc4_L100_8930	65401aa2a0884e3b05bc9ae0e3d5d58fa4d2021c3ad6f600746a0696d1ba0893
hprc4_L100_8931	666ee94a476bd81b616781b1144c2094c9ac1bd268f3e106e201ef56250e1325
hprc4_L100_8932	236bfc23b7ea93548a687918b53270ce035220cf4e5801c826e3bb32f69e85ec
hprc4_L100_8933	dba56ceb9217cbfb0f17485056365d5a4e4730a2cc2600da6cd90a4f23eec870
hprc4_L100_8934	355708c60ea134340d7c9fd18ac37878d2ff746d2d37eb8330a37b1a153a1580
hprc4_L100_8935	812d4696d0f677ec880eac4db2284efd255e7c6f594339d7f9993f7f0b1ac4ea
hprc4_L100_8936	8f069a7c90b0c6cbe708b07da1f7ac2357a02a53be7597fdca63fd8baae316ee
hprc4_L100_8937	8f53de0e9688ba3f2e2ee58332d728bc83506b552cb81a7ac0a9bfdd0f55d301
hprc4_L100_8938	86e6b5472782c01fd73d9ad520268c40a13b97619308572313577921a4bdb8a2
hprc4_L100_8939	a8b176d20923411fddac9b56cc17b3779a4b46fef6586dcd3212856d7569545f
hprc4_L100_8940	423408b94504dbb221908c13a02a602e449689e11113799c674e08552556aa00
hprc4_L100_8941	182a7bc547f211493f5d1393a3537ac76b950370d67d9e06460b0557ded0288b
hprc4_L100_8942	d7f2f219630911ff64353f0140bb6803dc708a2d31053678255bf4b60b594df2
hprc4_L100_8943	7f6c8de83e64bc63b4c640119eb51bd78c4c38f9933fb9d2d48ccf3f0b239b15
hprc4_L100_8944	7fc1e36580ef2b53ed71323dbbdfe88bfeb1f5d132f44505a6df2c121fabc7d7
hprc4_L100_8945	365119427005d7a50312972f6c8abff6665d34933810f86bfc7abba7b05963f5
hprc4_L100_8946	47509b41958f6ce79824533e9a40499c3a836fc496391fae431c52f530426606
hprc4_L100_8947	a2926a093d65922e2add8c2b954c714702557ac89b2a5742d17fea4c98555ac7
hprc4_L100_8948	f99f554c44d0ee02713751346a94a923bf4139622a81648b951002395f867b51
hprc4_L100_8949	8e27f483c37233d8cc14b1be1d324451845e299fce445ea7d1ffe38ae2017c9d
hprc4_L100_8950	82477cd69ab42b54a9958274eb35d38ca63c2e1ea43d317d2f60463659503a19
hprc4_L100_8951	649d6e953e25382fafbcf326e583c962e4b9a58d2395bd768b55c900f74ad0c7
hprc4_L100_8952	4ac304e90fe6db04c6959f0711bc769b4bd87debaed172ca28c809d53f0aefca
hprc4_L100_8953	b484ef4e7a4f541da227cd1fdcc0640db7e75189f05d3828472a3165d319eb06
hprc4_L100_8954	b32720483da0bd9da374758694d514b948fbad434c3ed1296369197d7b5968b0
hprc4_L100_8955	2522fc0ed9c86e6d183a00e1239ba2a76668e604f6a6b64f3157d77c3455b60d
hprc4_L100_8956	cddac16165f0f2c8f76ded7baf13f6cd1cb4af27321dad5a52a38d7d07aadf49
hprc4_L100_8957	f0665e11e7a2f3eadaa58850787026074616defeb9415bf96b8cda1a2719afc4
hprc4_L100_8958	4892ab3724e81bb6b61fa2716ba14fcf15b65857dcef44fc50d6fe64bdf9dafc
hprc4_L100_8959	d67b695f37d83d131e9ecabf683367c77aa90617e449f25a7623c7aeb2c3ce4a
hprc4_L100_8960	4049fa587a4d33212728e685d7ed7199c4c7ffcce9f415fc0dfdeb8215d04e03
hprc4_L100_8961	d6bd09832dfc77f3c60765d519fff0c006b26813125b621242d0922a2a0813b1
hprc4_L100_8962	32c88cf518597a2e6c1b59bb2a3a044530068186794224bacd915c4181b76ded
hprc4_L100_8963	3f6b257d2171a6aa4033b15d3ec776487c9719d4c1dcc3092a928911eddd08a6
hprc4_L100_8964	bb72d0d1eed1e67de7397f724cdf1b88e0963212d6ea4336416796ac5d1d0a0e
hprc4_L100_8965	67212f76dc3111f0f68c401e0e4bfbacb5eae1b31d4552bb488ca7dff5b39ea9
hprc4_L100_8966	180e406e3cef079dd7c325c771f01001d7d6149dbf2abbb452d48bad730ff3ea
hprc4_L100_8967	9b88329643835457c34a88278978202cdc0196d78e8aae61ee78ddc65ed6945d
hprc4_L100_8968	fd82e8aec2d02f35af9280beb4c10bde281ca0d06be8a3ff58cc738f739e1dfe
hprc4_L100_8969	d2dfb089dcfa6e1a147c3b8cabe1e9684dca44de173cae3866ee6505e3854ccb
hprc4_L100_8970	141af897a11e4218ca3fa02aba8257000edb9efad24e1060eed2a2fdcd0a65f1
hprc4_L100_8971	42ed03df12658a8f94ce126a7fdef181ea893fd8b88de5b9f01d2e822e349f49
hprc4_L100_8972	92832befe12c63e890856af65a066d34acfff219942b1a3d810081beee154956
hprc4_L100_8973	31d0649f4ac33c4d362260828dbd84121304da9496a72776cbad9edca1ab3590
hprc4_L100_8974	56ad9b5401514f10c6d66dd3f07e2845ee30b77364f52377ca40c8b6e008c07c
hprc4_L100_8975	1f9fb0bc6de08a1f264f905bfb4e4f02545828e934278c235cd399d6c64c0c95
hprc4_L100_8976	3a7dc393ebbd07112ae729c49f4aa0cae0c6b5d4cb6efed3164e36e0904fa401
hprc4_L100_8977	e04ecbcf331c9a1d206a31b9e26f16c95c043812e48bf417509322f57feb2fbb
hprc4_L100_8978	3511a8b5f04c8256ce00ea54f6c9c3cb62ce8720c51c23d113364e671c004580
hprc4_L100_8979	5d345969b88725d16c5cc7bc6a3f85b653f37d74e06ca740dc1fbc02de86b526
hprc4_L100_8980	4392f113119742f337ef1422dfa747172da3c57ee23e7df8c4f8fafba56a008f
hprc4_L100_8981	c5282692b3a3c306c0ff0d4e8360de5036574eb98313dcaeb45ee160573e1379
hprc4_L100_8982	14b3f26850adcff474eaf98745b74461adc9c187609b7fae31d80d06767dea5d
hprc4_L100_8983	9550ef489abed88ea6c16ce71fcbe0dfc4dc709ac963351f5a1a2e02fe3b80a0
hprc4_L100_8984	92e4dbe9fb8aa69e07f4b3c6e5b868804db78723ab34892cbd547f89adc82539
hprc4_L100_8985	bfe29f7d8cd7bfe3dca002610883953b6809034723db24395b1f42c9b6a7662a
hprc4_L100_8986	f01f09e83499e0ccf5ead8f4a239ed38ddd703445ecfa5e99c386fcc70fd757d
hprc4_L100_8987	8cf44103a7aab8cd25bfc906b9e14a6e0a10a5f1f001dbdfca295abf4bed215d
hprc4_L100_8988	48746da243ce585b6aa6c82ed4cc8af28694c89dfea7ae2b00c8440afb9e44cc
hprc4_L100_8989	ff7024ac797d2054122d72e36ae6619e791142eb9a2243c677527a95746bc008
hprc4_L100_8990	910052f059b84ac11bcbbdb321d05b29e1eca305eb0fea4d173e2c77699ca4b9
hprc4_L100_8991	ba37b455a977e481d1f4e6a7f0c16b43cc3272e7720e0c42837428196f858643
hprc4_L100_8992	0bdf6c540e54c43f90ffb257249d206228fb6874a9fc51db2d7f5c1546b35399
hprc4_L100_8993	e4df030ee6e506e292573bd221d10d2193b192b3da291265aecb0c2ca077b914
hprc4_L100_8994	dc1751d1065342e823e4bc4576decb5599eb577218aa9448b3fdd60ec773b479
hprc4_L100_8995	56ac888932e111fae830e942a7ac29bacdd7cfc864ca1ca13e11f0fb4b5048af
hprc4_L100_8996	a17414f296cca907dba93ee211207ce122b8e1689621d73e6bd611b11c7cab4d
hprc4_L100_8997	343e2223ecf8f2335688cda54898fcbf3c72a10b626f422d77129c9b6aae10c6
hprc4_L100_8998	cb4e1f6c0ea94df2b841d5155bbe3bcbc5947a45addc825dba5e2979201a351b
hprc4_L100_8999	d61d33c8ff75a67187e823e98695c02c13dd500e02218a2be7a69527bac4e5e8
hprc4_L100_9000	a3af8e7767089accd59b777cf80943ef2414e71c7575c118996e0805001870ff
hprc4_L100_9001	ff031426a1343b3db09716d4614076b69e2d11f685f000714bf3b2841f681d0c
hprc4_L100_9002	78fdd9620f69b7f62bb126a0e5b9ee17c02a011737d916835cbe19171109c227
hprc4_L100_9003	a9997f5cb040dc4a9e7a5a58d0ac919a780cd90dce8371bf621d7b0a6970c993
hprc4_L100_9004	a4adfd127b579b507a934edd7ad96049265bd720fb38ad0805fdd32dd17211e8
hprc4_L100_9005	b584a17be44f075868a8a0921da798f7d4999fba4f7e4fbf24826488d39c2d60
hprc4_L100_9006	a613b61b8bbac8b606ef912c6719deb599e48b663c54db06294ab0c0227351b3
hprc4_L100_9007	5d8a63618455116289ee0a5f654d2cf5f9b9e54238752cf2e54da49628123300
hprc4_L100_9008	a3601dc01856586b46c7d6f63b05827f8b592869e8e693c8063a8402f7e5b51f
hprc4_L100_9009	fd1ec12d1b2cf88fa3ef65422d8703c0f870eed0cd335512a60cfbf788ed872c
hprc4_L100_9010	0c353e5ece0d44e1750833fba5a5318892bc882527f43692b02db1102af31440
hprc4_L100_9011	87ec2fbb4404083e59b63d7d5fcab03f71828bc39747121a3649213f08e4ce98
hprc4_L100_9012	0583099184f7072ed6d66a5559d037f42ce21f968141cdeb963903fd9dbe4b95
hprc4_L100_9013	2bf8c5f14e5277867de53bb52c19933b5bd60e88d4d0a45842f56384897c7f0b
hprc4_L100_9014	2dcd102719477ce70d12f62df73f5f6d4845f540226ddf732e1cff51c820365d
hprc4_L100_9015	ee5b20e743a8e3323dac3c071b5301a9639f0d3e267c202ecb8ba8b80c33452a
hprc4_L100_9016	02b9009d5bac6259fc41df8bfe00cc38204a8d1682c97d2158bb57365bb7b93e
hprc4_L100_9017	b0a3769a80320e0be991de6345db40f37f9248e2f6cd88cc916b53710a5e8cc3
hprc4_L100_9018	fabc14dabfa99542660689fc2e8f651a2faeb797904fd5b0b8b064f0be6ae49b
hprc4_L100_9019	24a3857855920df647d3d4cebffc38d0e8b0ab1821a53d124837c3423b2db199
hprc4_L100_9020	5364f3f26b2ffd7de84574635fed73d2112cd2fc5a03a6b6b88ee96b8f52cc1b
hprc4_L100_9021	a7cfd084e48614cb52f51dbfa73e1cc5da782159dffe93b69ed0bdb21b16e7d5
hprc4_L100_9022	b2469158a96119fc8928752282e5c84a9363bc933144bfda60ab13abd7d6d95e
hprc4_L100_9023	c389236f3f3eb806d1baf9297f721f040c560ae31e56a2517cea2fe64d2bdfac
hprc4_L100_9024	6507cab8758dab436d3dc012d82d963e5f06cb1057db95458d951c9b948fff58
hprc4_L100_9025	bd04886ba75a0e6ed6608d5154c98afac0bfb4267c9f60833d504b7ee24841ef
hprc4_L100_9026	9a2188c22887344005970b4b289b92b43f52376c528a1caf2ff06fab091edbfa
hprc4_L100_9027	04a00caea18cff525cc02b55fc80d2c6a6d994b1ada56f3c24cc7e94a85aefe7
hprc4_L100_9028	aeb59fc88c166f6b8d18093937e652d9ebfdce4e026bbab0dcffbb5e474d5ced
hprc4_L100_9029	b003fa1032f551903dfebe57c85dc298d1ab21566c4c38cf2d91b5f6321c8fc1
hprc4_L100_9030	1a8809922610c80b5eba7e3de1da6f1704346cdf3bdab14a313acb16640ded26
hprc4_L100_9031	fb9b2fa80de6d8e0be9fea2b80054cf1f9ea9c9d3053caeffd6fb11b9b1828bc
hprc4_L100_9032	c44412dac1857d9d92c7922130bd8c6911af5088f3d827f1b0c001421993a0cb
hprc4_L100_9033	b14fc798fcc54e59deb00fbb362019719a131342d4f6107a91d7919a2d03a361
hprc4_L100_9034	cc382c713fe672191cf5f0329fe9a1a39c8eb01492707884948478cd9eab254b
hprc4_L100_9035	e09b814e93b7422cec52974e964d585434e4975f124042c8eb73d7213126f82a
hprc4_L100_9036	07417ed3b89c648a15a6670cfa309541b06c1622d764b9f4e8f408049f7cbd52
hprc4_L100_9037	34c929fd861cd95a5e115e697c6d76d21ab79e4743e623acafbd43fdce27066c
hprc4_L100_9038	7aad7207ae3810490cbb771977a337b8f7e8d6e256c27a8229785bcd763552b0
hprc4_L100_9039	c9e9c3a7e902348b8475835ad3e847fd467e0ada7cf2762dfbe276a621d8081f
hprc4_L100_9040	2f2574a9cdb14d3636982b6b0b8cc825cfcf1e7b7acb5f1113ae336e7e3f1b9f
hprc4_L100_9041	0dc80ef5062010c96a8ca6b910ca95e828d2984c1767d84d188ad9e05b7c2edd
hprc4_L100_9042	feac47d6142e9dd9562273b00b477bf783d2338d5251a7e8bb69db84ccc0dd85
hprc4_L100_9043	6a787f1597aac2bb42cf2daa13f6384d82eb8d0c1df423b9fb7919c1e4193519
hprc4_L100_9044	aace422441cd5fd86609414c10d8f9426c516ddcde042527574ebd252779504e
hprc4_L100_9045	8c52ece119456283a91cf610754cbf07e747f6fc94aa576dee1e20b39460e9df
hprc4_L100_9046	95516ba33fa8989bc87b2fd331104455225c1ab15dc8eccad143549709c3317b
hprc4_L100_9047	e190e58383e9371bdec6414cee3baaf561e8040d7dbdd8a244e4600e230388b8
hprc4_L100_9048	365ec5434aeb81af8d8a9e098c2693b0733ef5d01bec4ab6a941611bc95d85de
hprc4_L100_9049	3add3db3c002d41ee20108f2ca076ec87fc1b7763ccc633ea442eaa7328f8236
hprc4_L100_9050	47733749276d9f6d05c989b088e5ab16b19dfd69c7d1ef69e5ed211b5de833c7
hprc4_L100_9051	eca7b1ac1d6ad4bc25fbddb4c4134d93e56375366338eb7ded1d5f15daa61a68
hprc4_L100_9052	19cf1fc033b087e7f47ca5eb7577f4b0be5c0a02d22b445ee55c2b66a8e77e42
hprc4_L100_9053	3121732c387eb25f475a0864d13b0edc50c514120a66ba830339f5feedd605ea
hprc4_L100_9054	407de841d998a2f3faaf88e8107f670e8f546ba2b154f878b5e8c8a856cb2e6e
hprc4_L100_9055	ce585ca9233f5bdec80d7d17c0cb223a6a15aa76ba6889c8950a28f613f76748
hprc4_L100_9056	1d1651cedbb0d2a8c6ff71fe9f5ddfee58c2b191d876d878014b33e7f0882bcd
hprc4_L100_9057	1688df7855410762faf02d87dad00100257fb477cd3eeded8902dae44ccc3d4f
hprc4_L100_9058	47fbb3a1e700759e43b66b9e3b24ab4c916e76898ec370007c1de5497978da72
hprc4_L100_9059	56c2d25198bc7132974a782be284441162ea69d857452c95e8d4c8786d18e8f9
hprc4_L100_9060	fdd3f0c898aa1f7ff6700b67aff9b653d861f6efb153aed42f85e5dc034ca192
hprc4_L100_9061	bed8821638ea00b8ee8056aab034d4c44ecc98c0ab1330bfb01f44b895b9ae17
hprc4_L100_9062	c55b6b24c15c826cf5604a2527b788d479d186a7bf7a4898adac18618fb76ab2
hprc4_L100_9063	06eaa98387ef3b1a1dc3c45447149df3d3c6885e3a2cc108c66923cdf5887818
hprc4_L100_9064	8247f71d6dc019c9df35508ab97a206a3bb317e473632d499a77120bfefce164
hprc4_L100_9065	ee0448b8d6fd0ee57a4ee31f7cc8b4348da2cf85b393f61057f8ffb9ba5c7511
hprc4_L100_9066	8eb95b27933bf628a85700bcde0e2ac5b32b6ad433c1e5920a5e0213cf51bc86
hprc4_L100_9067	60c058e5e188e51f094e8021f60500a52babfd9c6675feeefb4a2121969b6efa
hprc4_L100_9068	c03a33fbb300884477a818a02a97c8c8f0fbcd8e43f63e76dc4e26fa02f43ae0
hprc4_L100_9069	0b6f727b7387b2a132a412de4c025fe7dbccc0c013499ef742d3305622a75711
hprc4_L100_9070	7887fb42c4e5c2c352fc002be341f983accd76113cf9a7df73d9e20681602271
hprc4_L100_9071	f3f872870cb87afccda5471c4a17dfab353fce0c09c0e3083c563cf273462203
hprc4_L100_9072	a34467c0a511d8332b8fc34c77e3ef9f35d74e3dc986cccef0d3eea77ca86cde
hprc4_L100_9073	bcf8a8e1e16943f41d71f6ec79980821dd1af510da4844824c36fded14f9c26a
hprc4_L100_9074	193a3719ce4b3d36eb9d93efb4bcf65a3a7c757066fd2d1f1ddbb3b22acb5173
hprc4_L100_9075	5808abfb1f8606a26d5fbd7a2c2064e682db931f47f04b42c34912e7fd82fae8
hprc4_L100_9076	440ab6042b4c952a5f194ca7d9575ad12fd5a6b5a8c04fc250ad32b47af650f9
hprc4_L100_9077	ae60ea1a6239cc800e334ecf1d0371330c0dec96b4119fd8e70acfea69b66407
hprc4_L100_9078	e466b610cfa81c779bedef51a8b2d6c77e3b5a9075a7fa713f234633dd380250
hprc4_L100_9079	b2bdaac797888926a19777293506cb110a3f95617cb4e2a005e9e81df27f06df
hprc4_L100_9080	d1d3bb31c3ea8ca824f4456c3c32c8d6ed212c6150826ea937f608df66d39079
hprc4_L100_9081	8574ab133f0feb8422c7886400fadbe6ecea079b686063a665a0051ce34776c1
hprc4_L100_9082	8992a8da5fa6611a232aea89d76abb77a0c2b2bcb187df0da971f2ad6ba23001
hprc4_L100_9083	3cfcdf1867af25aece16945ebb1efc361115badb12a7bf50541f25bcd1302a6f
hprc4_L100_9084	6d585036f8c0c6525137d549be875d9fd8fcee8ac11801b3aad436337e7bede0
hprc4_L100_9085	107b37175445b50228f6ac6a5cb73c63fb36e73d094bc65a4c8dffe18e3c1fbd
hprc4_L100_9086	dc12681c16f16b87fca3d389952af7b8a2c7969433dab9716b3a7ddd0b052eb6
hprc4_L100_9087	3ede505186ed9917c4ab8a7141f6db0e6bdc81f501e3ae6c5448d652a8d80ef9
hprc4_L100_9088	f60bc658fd6527bde8b25903f36575c606faa66ea56852edfd63be422bfbfd3b
hprc4_L100_9089	d34700ddd4dc16fa11755f6948751a0816071cecfec965dcd796cf91951c461f
hprc4_L100_9090	e23431aeef0616f7d49c024b7ce1dbd629d2f38f3dd9d760483df021c8b50c46
hprc4_L100_9091	01d0b9a42ca4493d9a9b5ea935c7172b61f4d99fa6705f3f06bd0532f799750e
hprc4_L100_9092	3ae6d52c6132312691288ee99aecab415d20f8ceb92bfc83d1df81706754ca88
hprc4_L100_9093	86ed3a4a056c1ee8aab8f522e3e2b3437446afd5fa521fe6788edbcb3e7ca782
hprc4_L100_9094	1c46d82c3fb9c9150af79f7c0f6bc9d0454e1dc97d26cce72d6131f509e1061b
hprc4_L100_9095	a310660c71998e2c6a99d4bc292360b8f51408fe04b42cf15bc8cd99ca720bc8
hprc4_L100_9096	768fc1daae610aa4012889c93514311e864ba67a37a1b13ffb279033df4d0d41
hprc4_L100_9097	140011cad1514d80bd1f06dd8bcaea12e2a6a6dc6059cde7fcb4bc1e93aa2910
hprc4_L100_9098	a56d02497fe7d93d1207b6c8b2afb3942156259e380d41f46af74aaebdbaceae
hprc4_L100_9099	b245231c3e3b831b05964f8f3961910ac97085d162448518e719fbd0a1f54729
hprc4_L100_9100	47bd865a7069e60eec34d877d3ea621dace0949b0c9c817ece1583a2df2c4029
hprc4_L100_9101	105f6b2cdae39a9e67edf6df30d2df74e335596941bc50cd9794f89e56002bbe
hprc4_L100_9102	2dc0b72da560ea5c100f95bd107ac284d601657beb60d9bf1c4328689b29b6fc
hprc4_L100_9103	28d4dcea83ea61690f436d2b8b4a6c0ad03ddb0ab140487878942a2a3f12c24c
hprc4_L100_9104	efd625a2fdeac273f590824bfa147fce45c0030626e3b3ee37b8135bfca81df9
hprc4_L100_9105	a221ba100d2c2cae52015d5649daec2832a0d2bc37b336f2dd446c625871dbfe
hprc4_L100_9106	dffb8876ccd2e261624d6e6b387df5da7f61c1230435a0adc3d8a42c6f3acf44
hprc4_L100_9107	2ff414693bccfc933e272bb6bdde24a822053a520c0ae78e47662ad23134dcbc
hprc4_L100_9108	ba6b06eeed8d64ab5b40554fa978a79284c9c460ade977ed78570c7bae30967f
hprc4_L100_9109	89f35d57967c760509caeb2f659049d54a7304d240d160cf51d0e7824cf32ea3
hprc4_L100_9110	83013f99326d75897a4f644d1b2dc56c0fec597a12382a8cc53b31f4cd61f723
hprc4_L100_9111	d9038fdbda8ecf227a63ebf7fb716ec508869a9a6a0e3d09d196dac981ed5077
hprc4_L100_9112	df0e121a4c8df5d82d3182777388bf62e427eb0a4ee9310caf4d6b85525cf9e8
hprc4_L100_9113	62cfb926f271c894cff82d0e9237b5f38ae679961c2f86e0336db821669544df
hprc4_L100_9114	55c82b20c0cf4c5e677af530558fb5737e49d7b95dbe056d2a9b27080a067288
hprc4_L100_9115	edf644aedafadca8b6c6b1d045062e1af569bc4668d03a7ba8c25c4d4b823270
hprc4_L100_9116	479c2cba647a6bbac6056d328ccfa9f01bb75d04ba2d592b63034ccf80d78d7a
hprc4_L100_9117	c49daa72de06e7346abd0a1d0612c9650ceff002a16d5ba92499b4135289892c
hprc4_L100_9118	1ce813d155152dbe86cef38eba46fb3c746d07a8efa118e7b96923e4b9f7cd6b
hprc4_L100_9119	76f0c9b3387785fa3595e0072edd85cc84f3c98bc93114f46891386d534d1980
hprc4_L100_9120	fde8195b07c68c9dd8da0a23741c9c8965fac775e2d09ae1131e584b43a180f3
hprc4_L100_9121	190ba6e1ac46588caf5ab949951e4f020b4421a1469b2250785cceedeb3a3042
hprc4_L100_9122	1173302dafc8e8d685d722783c252bdb47e6332dfd35d93b882fe65ca357cfb4
hprc4_L100_9123	6945de3787dc466997a5b84951032ac1b8912543090a243624758a2357ea2bf9
hprc4_L100_9124	3c169d4ce0de5e49260d2b5c170337b16a2bea97d97e99baf10869b964dff7b8
hprc4_L100_9125	b6e49be199179e5c4ab6d39fa08eed466ebb048f22808212d1a81a335fb7f767
hprc4_L100_9126	83a6286b69552fc1feef5bff9a4c1726ec31600d49fd5743ff7f72c1ec9bee44
hprc4_L100_9127	e398f51e844dc11109c8e33b5479a3ecaed397f48906928e7252bc0024fa60b1
hprc4_L100_9128	7d66c4c70d5978d3c9ca95e04b5e96c75a67bc8f6e2e286e1cf81e941be6da1b
hprc4_L100_9129	d77c386d1b47b0b483494a427ba19837a13ba43a11d9b01789a729e8ed9e7bac
hprc4_L100_9130	ba493df887a82f83b994ecdb23298657e166a7e3e279585cf42e5d4417780602
hprc4_L100_9131	7fd16a33f925d3dce598c3ba57e49b3e9ec453fc3277d683256c157bf2381944
hprc4_L100_9132	247ab14450abac18dbe7d1d7e672f6ea99eb86ed7ce3fb159db785b23ad8c167
hprc4_L100_9133	c81b026f4f8f81242de104b925cf5319eea1799cfe8db2334a78c4999e3ab08a
hprc4_L100_9134	53eda2f8d5854e93a07afb5931c6bb01ba3ee1a06634293b6a91d2c3143d818a
hprc4_L100_9135	f27d401f39c75bc8ef0b6aa4158e6413aec3472ea40669730a6930b092586190
hprc4_L100_9136	fa456410750e62e2c8f93224da5bb7530d3fde74d0f409b73610c0332b8b6906
hprc4_L100_9137	b82b7f381eefdb26e568aaaf9e656fe3acf947f0345eaa227e560084c575e170
hprc4_L100_9138	824993420c0e57f8c575756445b21fa31f422d1edfa0d2d89f135f6129e1b02e
hprc4_L100_9139	13289c94ad2d0cf4237c27e26cf9c88fd64974a5610e39480f8823509fb2d475
hprc4_L100_9140	ba49eeb66aab6483ccaa22fde9d84fcaa6f06c8f7ae353d2a2c88aee8e50edb6
hprc4_L100_9141	f89ae274e46dcbd99651a1e89480d5defe6e40730c0020cf93c45b52ffc3ead8
hprc4_L100_9142	c2b8fab649f438cf452bdc31de191a8e5ee96788f6c774a6c8b8df5d016ff692
hprc4_L100_9143	aa9b220b9e61edddc46998d5f3178e2f303a3640129db99fa79bc6cb3440bda8
hprc4_L100_9144	cbe76edce6bf4d98b956cf50b1b5b2672b38935db51480f812144d1c9d217982
hprc4_L100_9145	840fb59e08cb8047d746afe61bd81c3f72c192a4fc0d548df6e61b428484d1e5
hprc4_L100_9146	bc86cdb4e42241851e63749a2f4691b9de81d77b9997be7aedc55770dbabf7f3
hprc4_L100_9147	ce5252aef33d8d505a51406f8d6a9ccc8c1b57f5a867c561cbadbafa84bb9cf0
hprc4_L100_9148	4aea711200904321f35511dfe82be43cd6c1c0754e079a05f65020f210c6558f
hprc4_L100_9149	ab9c33890c30d9235b8f91c65f30d17cd3a773257951db1f0238be8b8ea9e285
hprc4_L100_9150	39378a1d9beb7d47be9b6b41ac5345fb95e5835f765ec4f9a4b6c5d603003b58
hprc4_L100_9151	c66d55c5fa1f752f3094ea804d1374460cc374dd8efb50a5a4c2cef4cc358a38
hprc4_L100_9152	aacde143f19a8ed36254b1c20a4999665f93138d702d9f16d1bcc6abfba28618
hprc4_L100_9153	0d30bbe866df50d18267e4d5677fb315c1507339c86e61fd9bee7373e31ded21
hprc4_L100_9154	ab78ebbce2ba3950fd7bd4830b101d826f1827382f8e8c6b42b31d8fa495c3d3
hprc4_L100_9155	808218ffd8b9ed35057524e70c34f38def3ea040dedc4f450a513ea4fcea6bc5
hprc4_L100_9156	8391f90072bc85b8c509c0134b6d32adc7d49a41fe0f241d731ed4b7f902c97e
hprc4_L100_9157	4a4d8965d57cc50f70dbccc79f2668295ccdfea51198d724ccd1e6d3908b8784
hprc4_L100_9158	aa3c03206af569a62449e4a9edaf62145116ef63dabc25cb74d394d145a466ef
hprc4_L100_9159	7533ec514ae2ed5381c5ab44be148b98d34d0ac77392665908b0248fc9d20cba
hprc4_L100_9160	27037fae8325e240f2a904e75143555ecc89ff3d69abad193f44c8c00eb7d2f3
hprc4_L100_9161	6ff875d0fea55d927543228316cc19c603251dadc22f2aa720b2f45c8ef9491a
hprc4_L100_9162	de55e53bfc597c2fd3db986423573955f0748bf831f6117f35ea66899917635d
hprc4_L100_9163	6e96fd13f29e24c39049e666bdd7c07656bc321064972d334fc1ac65039b5f6c
hprc4_L100_9164	4bc1f21bbfe1ed881ef5a444879e3047b98d09268066da66c288097d17632e5b
hprc4_L100_9165	aeadfc57cfbbc4f4a0eb13b106c33461daf4b47c29e1e89e3edb657f7a27c65d
hprc4_L100_9166	e6e0038429bd42e122dba556fc83d62f723f681bcc6d1a1c9b9499c8a4be9ea4
hprc4_L100_9167	5158f80b64580c705bc69c7684060446ac17fa825c09211bf286be42dca6aef4
hprc4_L100_9168	e2dd54ddac08afb94c2d2955d05bfef8d288806ce5b3b01238cc93bd80e9fff0
hprc4_L100_9169	7270ea7a9b79f6a0c11fd2205823e7e74bbad3e7321b6f808847535a6111369d
hprc4_L100_9170	02496086efd5c54d90a2c90bd2b91876dbfc58bdfb95448354078d95262bc3fe
hprc4_L100_9171	3fbf6ede119d561cbfe57fe719c700e61106a9f768e086bc4630f10c0f3e2446
hprc4_L100_9172	81e1304284ff380110acc605e65c98f711efd8baba5b394a552cca8bd1077adc
hprc4_L100_9173	401445539df1cbdaa59053cd2c8444411797710d84246306f5b8534cfa918ae4
hprc4_L100_9174	46c846261dee0a3e0bf44628edcbc4d7fcf9b35d28f5d5ddfb40cc47b2d866d0
hprc4_L100_9175	f8151876cefd3287e6e34cf60644982bf12c12f4d770642168f5afc9ccb0150a
hprc4_L100_9176	c47a7f8fcc604a97dbea87bde9bb9727433d83c8f211d7e544266c16fc181baa
hprc4_L100_9177	b2775353767926b07bf6df862cdb4447ef8825398c2816a2333f2fd73d5cb0a7
hprc4_L100_9178	532de0a4a655fa90b4c4a814793b12a5801e167559a92cfecad2b94e84489112
hprc4_L100_9179	2948af91e6d1bb2b2dbdf59200d84d60493a6798c988888633a6d1864bba17b7
hprc4_L100_9180	6fd5b6a6e15dd449a1916106ff3368a5f577f07639bf8d366279bcc121162b2f
hprc4_L100_9181	e90d390affb7e04b7e6bb5ae7144a45cc32ebea10dbf3df052a02be073fe0661
hprc4_L100_9182	9abea09bc84005515de0f474326610173048710b51bafc2c33279b0322c70610
hprc4_L100_9183	9ee92989586975209d0988cabd8bf2f27e5a248f04595f448840f558e30f6232
hprc4_L100_9184	4c947f44de3d83058c9c3c0e6cea38198e93d150ac9605650364c9663362896e
hprc4_L100_9185	7b3764006fe5abc3118678be6e75eb9660eddf4bdda40a4b0a9ecd78b1d8b602
hprc4_L100_9186	a799c4af2001b22d95d0d7725831ed631ecc26d8ce1c23c904789369f92d4b1b
hprc4_L100_9187	45399ef917a2afd2a20192dfc57a29a23dee2040b5c4ddb3fcda1c7d878452b7
hprc4_L100_9188	543a4ae8f22f3a1a82fe54d4af24fa137c7218dac027121c210d4080e711c02c
hprc4_L100_9189	1aef11c936e731c288c44e2636c09ff8ea46b59f0b1174b4b4176d12f51789c4
hprc4_L100_9190	52a9bef95e6d15474080f5ba6dbd8d649efc975a7c88f8dac6c98a8b9f86498f
hprc4_L100_9191	676b5d3b3db7f620b275ecdc0ad6a31e2e69e7ecc8a230947f8eb52ccd501443
hprc4_L100_9192	b3c8a259588b80a0583611ce069263fbd48c0e033ff6df256a2ac9a261318ac5
hprc4_L100_9193	6dc271d3098e8d70ff1e4d3e903a942c6efc9901ab36aad13479d3ca501b5552
hprc4_L100_9194	bd187f5e09258300b6a1c97ff19a784d4227b6c6a13be0e43653abfb74053dfa
hprc4_L100_9195	6304ed749245c4522795fa875f569fbfea8ff2ecce06228c9050988a2c3d5d42
hprc4_L100_9196	d1a0ddc587378a673c5bc3728e36e7c795dcda2631573c4a5b9a9f694ec31591
hprc4_L100_9197	43652c45be6c69205d58cde2ad68f454a591d43cbed97f094e98ff10899ac9af
hprc4_L100_9198	147ba461f9554cf85af33a55be2bd3599b56bcfa2217736ef01e736a89cba11d
hprc4_L100_9199	34bde186f91e27c90e09eb01864d6ade762eb28ceb6913b6f5277030bc314824
hprc4_L100_9200	2838e42df91ed986eed2c9bf175bc70dab5816d34a95bd8e97c6e252d01cf528
hprc4_L100_9201	3d43ea2e3dba22ccf9e71392fcc42e0184bffbf01bc1ad1e23d0f7f704ade073
hprc4_L100_9202	5ebbcd0ccb8fc32d0ea00ee725b5f0b748437401d573189ac56465f941ac6ad5
hprc4_L100_9203	3387aa468338f7bc3843f63df4bea571933764005f0c9fb33d4a87750e23a91f
hprc4_L100_9204	de6556f9a98f256c86680a94f9a61ac3bcfb20ac2c5c2e6687003da7ee8d811a
hprc4_L100_9205	755824ddd2da6eedf2031ddc36f0d4fe29693f20e697b773737955711aaf97a6
hprc4_L100_9206	70c9f2dca4a980665729fcf9ae547d1dc4b004a73ef77ad4871259911e06434f
hprc4_L100_9207	aa7c043d99d9b2003215d725464e5d9220888dd6e56fabb004790ea1f345beb2
hprc4_L100_9208	039f09fc3a24b5e54e520277f9b207a82440872e053b2e8470f0620e2226c250
hprc4_L100_9209	492e5449576901dd68b80e97a4a6d7c86182eb247051381f0a89239274995dde
hprc4_L100_9210	7c0bbd1e2836fb8f508563fa37b9399d7ca39bc3eca5cd62ccaf1772f95bd3db
hprc4_L100_9211	66f99da7e9903ecf234d7351a2a18fca34aead479c19b8f9043540e6513afb3d
hprc4_L100_9212	6a51cc966711e0e861b0324d6078265b45046efaaf271d93ba8d36bea9b225df
hprc4_L100_9213	2dc28d7116a2f51b99e39aea9221e0a673f74780187d96fcd4ad8451aae996cc
hprc4_L100_9214	ca30b28f79131c16abc56722f09abcc89180efcb4f96e064228115f0005fbfd2
hprc4_L100_9215	e476288e1c5dcc05472a479eb6e4851a5b803aae2634ce1fd4871e783141ef9c
hprc4_L100_9216	10a75f068e5a4852fd071f52a2d4a4375c56a0ae643a78f283a1492c5e63129f
hprc4_L100_9217	8986df59742214c623f48b4abb7f4d4380825c2fb2718667c6d8b4f9e82aafa9
hprc4_L100_9218	b38f1597a2302b72af7654b1ad21629e8c1a0523c4c2166e2931c2306a582d18
hprc4_L100_9219	58f926623e828a443e5cdead7518be2ec774b7834726364f6f396650b21aade7
hprc4_L100_9220	215015550e129778bac4a27527be656afc37c52d3b0458ae5325a8179bbb9968
hprc4_L100_9221	6931736dd8bc9315de16c6c8c0d2441170c55450405f9501ff1d794659bf4b2e
hprc4_L100_9222	ed0cce1d2e31e4bcb24c573ade99d20f4b62599e2ed3420dd86846ccb20dc2c7
hprc4_L100_9223	89f869f14b1b09f26132811639b1b2993927868b4e4fc588e17d11bba64c538b
hprc4_L100_9224	2c67e787bff5f9afa8cfae7cef45f4a47d53b552c2bed0351ce25c65fe199d03
hprc4_L100_9225	49f76261dc090586a32dd38c8ff80891aac1c6663dda14adc6efe74663d36d99
hprc4_L100_9226	b5b017a330f770689e9571f853480bac46ef6c6a547a08a5d3994a630509cdaa
hprc4_L100_9227	c49e04296b9f5345c617828e9e8d275842740311324e31acda90100b3e363a24
hprc4_L100_9228	ce4a0343f1f519b0bf69498f360da48f2c1390ab2a5f25929437618d111b0a7e
hprc4_L100_9229	ed7a3059cff89097c5b393d9153b61a9971f46d141d412dc2255a6d4ac80fef8
hprc4_L100_9230	9bbcfc67988678317ea3bc9094872edb9270505014e57fc0e0f87b4af5e8690f
hprc4_L100_9231	08704694e8effd76a401eabe2aee57bb2094db2f66c0c96b6e5fa1017e1642a9
hprc4_L100_9232	0509d717f23388779791d14f1cc86a77476b05487ccfea84b155daae0052cc08
hprc4_L100_9233	654a035cc11b625b860d0bbf403be496496e0c7e2f895aa75e9d0e2e5eeae1bb
hprc4_L100_9234	dbe65c63a09099a042a9722a8c1c2820e08e58dcfcf154b7ba1b112cac874751
hprc4_L100_9235	510e2b49262f307649770e8d5da21eaed2e1ce8dbc621de75825c73f3bea4a08
hprc4_L100_9236	c9c9d8384fe35b7f2293605c12f31470cedb0a717c437f44cf08d5c2da804709
hprc4_L100_9237	55db9eaf71f70da5f6af950a18059468cef8571655f9160879f1a857fe8802fa
hprc4_L100_9238	c8c1ad44e2d847c4735c862b17710fdb4b53ddf3b9d343695b04163ef2eab312
hprc4_L100_9239	567b1dcc7108b965c8ce85f8d5807c628d9384d7df686d9cb4ff925d9097104f
hprc4_L100_9240	350a6f4762ce0fd384ce35f317122740023ef69eaa646d26464a8d9cbbbe165a
hprc4_L100_9241	906a3d670de4913b378e68ccd9bf6d601454bc31795fc1dfeb6d19e9da614549
hprc4_L100_9242	9b5c6c1ba12bf536f79ddba78f6c1751340ba713d73edd6c801837a5705e6848
hprc4_L100_9243	6b08705ba8b2a7a0e0b0f7b88b633024267666efc92ec344d4b632df8d49df0c
hprc4_L100_9244	892086c124d78fe7d6c7050ca2dc55e10bc1f47a479096acc791bf1e7c0a78ac
hprc4_L100_9245	55d6706351af2190bfc826a3dbb1295b89e15e74df4ff0b6be8da6923d35eee6
hprc4_L100_9246	8f23cc8547ed392c09263072d39770606898d4055cfaba5a058438cc2c22d0eb
hprc4_L100_9247	f0479cb64a976057757accc61c825ee12cdc30338349f67f933a30d7e6586316
hprc4_L100_9248	929667a81492f02fa97596d36bf0a46dbf9bbf0e24cfe471d56c4e73ab7da0d6
hprc4_L100_9249	d1087616ab0b31508e39bb18c99421e59187efe4d2bddfb51f787529be65bd44
hprc4_L100_9250	801c90b6e669779bbbd9559e50c160ef75bcd2b8719540b0540bc6f173345f6b
hprc4_L100_9251	f6cac71e25bd66dffa5b42520cf2bcd623de75963e2538b1e5c71c292317088c
hprc4_L100_9252	c04934d615ec910ac1cf24c804e938603f6cd49facd013085866cb55b1c734d5
hprc4_L100_9253	61d13ecaf8c2e1a7409b2f7f23e13b0d2ec2d4e965d658f0d38f3df9b4a5bf9c
hprc4_L100_9254	8ea4f10b3cf0fc5503eeeb155c5fbf71d0a6dc820e01048043fafcf14e196343
hprc4_L100_9255	255212d950dce2ab59addeafb3f8367c039bac7904ab48766abecdb5838bcb9c
hprc4_L100_9256	22dee89c2d006844ce3947663ea3c3c497c201e549b4ef13df54feba24ec3776
hprc4_L100_9257	b28fa909e620f80be6f400b8b83a2165d2bf7e7ce1ca8e8babfe4e35a5f9f493
hprc4_L100_9258	b003a53f5d702154378cc31c64d6b1f03e747de9ec4ac6439835c69f8a477110
hprc4_L100_9259	2b11ddc26c573552025437817c10d2f34396c34791a682029a3277ce95b2c7fe
hprc4_L100_9260	b41c19ec49c27ddabb804fd5661d1f2f6eba637e1a7617b3ca73031bacb83b8f
hprc4_L100_9261	2dc61ffa0b09c3c6b74219510f32b9375b8f1b3784c7d957df0d72aea49fd0fb
hprc4_L100_9262	520dceab49157b4389297395819eabcfa3aca183c647e853c7ffc872c166c9d2
hprc4_L100_9263	58744317d23b4751d2f107d94d9d56e47bfacf83fc73d165a5cb0692b624950e
hprc4_L100_9264	80e5e0efdb6682044c7e64524bdfee679edbd1f78d021cd90773a33e4a5e3a39
hprc4_L100_9265	1b4902d225df195f711d034e188598212aa40dd7ca65c430c705a60bd396833b
hprc4_L100_9266	4706dba70726abc40a2beb07d346bec3579ac9016b579e68968f2e64ad45dd25
hprc4_L100_9267	4fbfcea35b0c66571af8f9a50e251615d56d5aabe48be04427cb8d4f14d55d07
hprc4_L100_9268	7e756ef02605e97f08256df3f3659a166be27cbb5ad98468cd03439d610d9893
hprc4_L100_9269	f1feaf09e375c748c02ad3396b7593f980cddc3f12008a5bf2966bf803ac3d7c
hprc4_L100_9270	d1806bedd1019b6a006cf9f1ad09b9b419b701b23961636d8d2753cf0326a7a9
hprc4_L100_9271	141b53e38dbcb8437ed132ccb03be3339eb4ef251db3bda7b68d447327e67a41
hprc4_L100_9272	6a1fdec92eca07f65479e1028525aa5ba3ec1cde6db6b7273a0d3c55811380a1
hprc4_L100_9273	4872229379c8b91156dece097a6eb69cfa7ed779ce0aef8b579b5f14495b5f51
hprc4_L100_9274	57ed35995db32201a8ed394ed01a839414ee22943954b2f1e1e948bbd6ed03e4
hprc4_L100_9275	a902b064a0bacf2236f8af72e64b1810613893c3e2b6dcb5780c1302fe90e9c8
hprc4_L100_9276	deaa8cbcc1e3715997ab4c24473d9fc8884235876a39967ea540989b44333701
hprc4_L100_9277	ed7a5549d82deb71f65d183bf0346bf11773d213df5c6ee15a1bb9c576a8b06f
hprc4_L100_9278	6e703c7cb264d207cf8ef6d688b9d2f0c602033a7d01862aa78ba7ab91a0ff57
hprc4_L100_9279	2ca36028315cbf364ae0a00e524cc246a697a9f02d253972bdc5435dd0956b44
hprc4_L100_9280	041dff30570d8a51b8710629ebca8e521c963190f76f3b60c4dcb3775d048615
hprc4_L100_9281	f7dbff097bf74b76a06a359e610248b47c07baf770d5932d9728f2faea7aac53
hprc4_L100_9282	86b9f9c47325052d168a99cc9053b8ea1fa104fb6639737d3a047a1aa3b6cbcb
hprc4_L100_9283	61acb0adad77a308446e55302ddff58fb9075c786214bf9e754dddb1891cb8d4
hprc4_L100_9284	a36c817ed1c97c74816d60284889767cd71262acb342293a095eb819e3913d9f
hprc4_L100_9285	60b2d4f747f96fcd52adb0ff9c2b3f05e9c0c5e9ca9ec3d68e869df57f9a4a4b
hprc4_L100_9286	3e38f7a97fe41b59af9380635402678ed72c4f4a1763cf8043a9de4800d76ad0
hprc4_L100_9287	6035d387979ff336c77053fac17f791a547a158a7558b008338ca766f92f225f
hprc4_L100_9288	19c9f8b08481f59eb6d31824a7d6fb6570bf3c54f1d878a7b5ff3266f6e9935c
hprc4_L100_9289	a8a6fc7af084a1d91fe06aa926e3b8cf5ed30b8e5f966a9cfaf9ddac6c99671d
hprc4_L100_9290	95d43bdc6a78933ac36ea4376dd5c1e479b752e6f26980689f17db1df52f2b0e
hprc4_L100_9291	abfd9a2a0cb6749d6fd7c16e562f2ba9aaf9b30856458c8e4d4324b329e9b566
hprc4_L100_9292	53b8e22bc6e5de38a4c1d04d41ff1d2163e83a7f07925ac91d074ebc5cd1d101
hprc4_L100_9293	e8bc1a92fd54335eff2f10b0a85702d02e7d048039a563d33bec856944b28df8
hprc4_L100_9294	40994050d4faf7d7de3536b91d656871704dfa99a75964e2da5d814c75a7c990
hprc4_L100_9295	4cde6362ed06017215c50155204da1cd7630b48601a2de51050fae845564fc25
hprc4_L100_9296	a4a1977f30fbb0df655050ba6626c68f33f48d68e8e8a9b920676d5e13d867fa
hprc4_L100_9297	32250ce670b19ce1d43b82df8ce792beb8a62f57bc29aa0e79ebca78a9110537
hprc4_L100_9298	60bd4efc9c8e879288cd5b4a688de21b19b5a9076e0df8f33cb9d0841c5551e1
hprc4_L100_9299	77115038b37708b56ef1bce079a725e4fcfc5f57df3097e16242c4a2c2dfa3fa
hprc4_L100_9300	6468c7fcd295cac79b819782cd3205f201feeca0bedddd7481537ffd7c495308
hprc4_L100_9301	0b119f588bae602c5f500b719db91c00feb19d24e8ed8e10b8510b9e2cfa259f
hprc4_L100_9302	ab264042a7c9e09b8204625dc7e12f28616e2e6a04250f2727f92e212c300d5a
hprc4_L100_9303	4b11c5d10957e07cccd17f04e6b160936330740b3b8d6574f54988c450018190
hprc4_L100_9304	436271725ded9ddb4ebdf7e941cd182e56e9940c10fb09acdbde97927f72bb24
hprc4_L100_9305	4d2fe9e269714b76c9cebfc52cc6598b4ece36ac35359a25297671af5c151ebe
hprc4_L100_9306	501ad39bfac2a1bbe757ae48b065444a3a8909b4f53b877a1624ac6764bf265c
hprc4_L100_9307	ec485d4d99fe04f89b2bed62a1e12489b721182658a77b6f1545d81cdf4d8432
hprc4_L100_9308	9cd911251ba6649292a217dbb28db64699ea28bebb3df6e81bf5406a50a17642
hprc4_L100_9309	2c4147930aa19fa5862346420c1b02f9237eacba572e9d2ba2551217ba152287
hprc4_L100_9310	21d19d5c5b94b5a45ef842ef6ec952e7a34ed072114aacd377091e6e3c11ac1e
hprc4_L100_9311	b866bbb5c3cc50ede42d1b8827fb1f49222b0117cc40fdcc4078b9cac750d5d9
hprc4_L100_9312	b47c28e51a9923770a27237f1700a88240c623330e7182497419391e94aa3e20
hprc4_L100_9313	09c8a552bbe8f11a3fc717af4d717d9e1fc93c5bce77f1af886b329dee8fe9d9
hprc4_L100_9314	05309157ed7bbdc71aec8a67bba84d41fc3a3d107cffa40314ce7709c7f0c934
hprc4_L100_9315	203535256a71d6c7ce0a7ad6de2b11e279eabaa7fe950f5fd51425150b4ef462
hprc4_L100_9316	7215e0f329635f8e35e6b8e9a0bb25917236432a5b466a0dea2c9c3170014fb8
hprc4_L100_9317	35dd1d05b9a5090430a808e0ca0b2efb548094244a5a949f165b8c46bc0acb1b
hprc4_L100_9318	957806cd5967d61777e511bb8a9578f3d90198116528c3d6e4a9bbec8c6f7c92
hprc4_L100_9319	b5514d9d17fc287a92ccbd71d01ab552d3c15424536626914f8139b5401d1ad0
hprc4_L100_9320	877b7a9c5f84337b351eaf842e2b65bb51ad689f8877b5adb2d4e67a8f414909
hprc4_L100_9321	e214428a326461a9ff1e984bd393d13900fde5eadaa137fd6a54ecaed5098d48
hprc4_L100_9322	2fee99736f6b732646e1733eed712b7a202b1291a1e8ecc174ed99021b6b67bc
hprc4_L100_9323	7c76d24900f12edd937b623a746863281140353ae382852bb3a239f333acc21c
hprc4_L100_9324	92ad775afe96208bc00942f2b88132389d6a111e920547f30d50f8caa4d4aca5
hprc4_L100_9325	bd6821e65ce4ff67cbf454abc5d3b2fdda3a101cc8d61a5bfa2771e5b61533a7
hprc4_L100_9326	84d3f3782ec55c42f945aa33a85c0b24e3978b2c2ad429bb09f3ae457f57a1c1
hprc4_L100_9327	774b65f167db7297023f297f224fba0fd0315ffeab6bcd69e2099d7c0f7c5bcc
hprc4_L100_9328	e8f0be909935dec2527f5ab119a32c338fc26c179fa45f3ae56665a6e4e20a45
hprc4_L100_9329	b9eb2a5924625287c2a644604280c9bd703b699da076720c219d08230eb17461
hprc4_L100_9330	06b2f21dc10f8a34a6633fcd7d12836d0f56ef88855c2cfab85cc47b90dbc941
hprc4_L100_9331	1af065cf7e2bfcdc14491d9c1e82646e391db40934d66b49e7d37508da75fb65
hprc4_L100_9332	f76305762b70ac07917fb06c79b8ab2af4da41f30ae01e470a3d873fa934956e
hprc4_L100_9333	946fb1c5d546e40052be9cfbb6fb554504e765cfaa6a4dc780798ee109e8295d
hprc4_L100_9334	e70b4b751acad904337879b2b3bfe0883a8430f099b4391aafc26e3074f0074d
hprc4_L100_9335	13f8ec5d4e0a65d6c1952274a9e90f26907fcc4902c654bca37e6a8fda01cd94
hprc4_L100_9336	5858824c4630477b87208983869b57633f3f561b760e7b4b8cdbb20d4339349e
hprc4_L100_9337	57afedfcfaa5c2f099e8b33b1fe94d58495dd1716572da76063d082d4dd7e03d
hprc4_L100_9338	a60e0047084095b958d9be535616449967eb362872c207bedb7e50c322c8e681
hprc4_L100_9339	78a9e3a41f2c0fd9c43aed7f9f30617a805d8068fc84d366fda84e4b02723af9
hprc4_L100_9340	cffeb825ed8b17f9de3908ddfaa639ea168959e33e7d4d2a6ea73de70d0ca999
hprc4_L100_9341	8dc17bcdd540dd5524d4ea6bcffeb6885c291f760d464939b45fcd4640453011
hprc4_L100_9342	961d4da2ea7eed1e354288a3639c258624d95882b3afcffad1dc0786b9ba7bc9
hprc4_L100_9343	289683de52e165fb37b8ff4c6a29cab9a5f62801899db070dd744442c1e1d22b
hprc4_L100_9344	f234599ee738e7b74703ae0e1c34644488808524f9c97f074c511b311d47c1ea
hprc4_L100_9345	10f41d00af50e259d7c98067194f90541e2768c88174537680f3e1b1ceaa6c7c
hprc4_L100_9346	2d592b171cff04365d0967861ba586cb8273e955247857e57539c2a7c25d0300
hprc4_L100_9347	07ce0b02a7926faf2f08d5e623a81fc64254e38281e1e5c656fdffd8637df098
hprc4_L100_9348	f4ec03b7c77914dcf0a06929380dace4c77cee9f5094d44543919e8972980c7a
hprc4_L100_9349	c21a3720e8b60e2bb31cdf1e8381e730911c6c6557d3354cecd8ef279d99443e
hprc4_L100_9350	e81a65a716b76c466e613527ac8c3a66378069b29b41b9748b009aa861d273f8
hprc4_L100_9351	5a283eb5629e6ae3133c57198de8c3a66d460553a988bcc0ff8b1fc7ed08f83f
hprc4_L100_9352	bc4c5c2d54070771d0ddbedd6b1525cee05c22b5e540547f5b6af89779c23aca
hprc4_L100_9353	2c2de327e1f23e4c2b69ba199cb9cd5b438080523a6331742af7410ce7df4c69
hprc4_L100_9354	6aeaea0e7d2bd0b982b17e5efa00ac045803f65b6625100269695258fd63f9e3
hprc4_L100_9355	2201316695f1189b19cc694d4f15a9774c25962deed56daa4f226dd9f1b9f16e
hprc4_L100_9356	07bca52b4d0b2abbfc2db9f2e220e79961c6445dc6ad86bb5e20b3508124c907
hprc4_L100_9357	e650af9ded1d63458d739e5a930123ac3d88738d024b279e0c5319ee26c301a3
hprc4_L100_9358	f4a1630f337ed60c362493e2b586209e1c0b0dd208e4451733f8b025166fdd8d
hprc4_L100_9359	b2436a4e7f601a9ac4bc789f9e6ef9c3e54cddd185ca41397c3ddf890e7288de
hprc4_L100_9360	79936dcecc279aa4a642d6da81e51098adc81214300578993b1a82391e89e5f9
hprc4_L100_9361	49312b04d5ceb0b1a579f0ec2e7eeee4fa9d06eb83549f2ed9947d5463097c82
hprc4_L100_9362	a0bb3571c4459a2339339618ac7e8c4e8fece07a9c849c65df11d1cbf944de5a
hprc4_L100_9363	4466945d92c30c4317ebd100c50866d7cf007906ab8efc0b80e38430057d2e7f
hprc4_L100_9364	ee2bf989e43dd7f999a62f38ed75fb9622705bbdded0e0fad3bc66a70d934cdb
hprc4_L100_9365	ac1ee361306e2fcc76718b8c1c4d8fb0033d0bf004fe8e105b7024f90d775751
hprc4_L100_9366	9f2ec7fe77fee0f47e13727f7769bb1bac1263a89b3e63fcc1c1f5c7763ceb5d
hprc4_L100_9367	2c095c73ebdda28a186d45d672d2667067a0483c5b496061251f0dbf2e50b761
hprc4_L100_9368	91599b77da299821c53be800ddb636aa5ef7ee2418ee35d5e353db4811bf8717
hprc4_L100_9369	0aeb56e8f27383afa44be137da59ddae84a233486e40628a2cc2609b5b005fe5
hprc4_L100_9370	8241afde62517143a5e30c8acf24d013fd9f4bfa4e92332489113dbbd4906c52
hprc4_L100_9371	4389c393de588d642cf2227cb34c472c171027da3c216291c0eff4c86ec19851
hprc4_L100_9372	92390e341f8d83559388a50ab41aa3af94c38a0778e30f1130c89e26bc0dfb66
hprc4_L100_9373	17a05cf95066f2868ac315af4a6aeb2cfb60498a9d0d7610eac25b15720620ae
hprc4_L100_9374	13dabbd5302fd389523221caf015c4478537f075db2f06884b0165469a0c4ec5
hprc4_L100_9375	220b240ed91ac04c10a848c79ee0c9f6cc27da50a98cff1a0346982ff844fad4
hprc4_L100_9376	c514710a8a4cd190dace77e700fcc347533ef2511931031b06aa0883050d075b
hprc4_L100_9377	78790844b2914b4af18c51c28699cdb7b7c4feda5e864590d7a078258b7662e1
hprc4_L100_9378	a73ce59cbd31e68393986e6c7b4baf4fbe9cfbb6cf7d9fa263aadbff06d0a9c5
hprc4_L100_9379	c0a5a32a21324e470f3244f82f8d7be8bd6785847566b96bed26b44a9854315b
hprc4_L100_9380	bb02a56780a89e96b1aef1c0cd5a88f0e16e75ade2920b066b24df74e4716b9b
hprc4_L100_9381	319960d91d5fcd4a5ed7d24117b5ad25bef3cf4e69a477d3425f6c5a99f5584f
hprc4_L100_9382	8453e2f138527f94c013f35fef7fef790b9dd513ff1226ddaf11848d9840f398
hprc4_L100_9383	d4d32718fa0d2bd5bde6b59599a68cca3293fa35385e78fcc8fe9c66e75ce7d1
hprc4_L100_9384	06d41d1b8d689d3b3e82bb0921d2218eaaa0ba04a49b58df0d8a5b32fea162be
hprc4_L100_9385	7a271d3789980424f8fdb3db3278c42f61cfcc6c89726f8ac638d9c557b42d53
hprc4_L100_9386	55af1ef9359a55a6e3861967cb0931c26393208847ec95275a5286c3538aadf2
hprc4_L100_9387	e3c0395303cf3485a53af884ef3b26e41277c911ce9ab318139054deddc2dd16
hprc4_L100_9388	d408a6feda7fc59cf73f52845afb088c32f6c1147cafd6faa79ee4f82a5c5199
hprc4_L100_9389	232389551a9aff551c2bbb134b9f8682fbfa1c6f361594ff327d4c1caad6aa40
hprc4_L100_9390	089a57491c7fc1615613d1bd1c3eb7cd3c7e164367e47cec325f77fc3f638ddf
hprc4_L100_9391	1e64d4e04cacbd493fbb0da05181c0bb530562f9da62c969bf95c562d8b51604
hprc4_L100_9392	67d290894f26f1e9a34704d965a794dee14c72533c888bdb63adc49922b38375
hprc4_L100_9393	bc2d0dea43c207c2ca1a1e1fdfe6f7e48f91a9b00e67b70c97d16ee189ae4641
hprc4_L100_9394	b4195658b906f9d8183dfb2e7bc5e7ef07a953f674c8924135e325f544e90502
hprc4_L100_9395	458826091cc85dcd087244565cd3dafe44fd84d5b3dc918238d45303702e0462
hprc4_L100_9396	5f2b69b5e975c48c15b61cf7d198435f7ca310ec50e9426230261edd4910bde7
hprc4_L100_9397	6e01cf776edfa0e882a9b136cc8420520bb62b1fa90ed553a138b4334c30b85d
hprc4_L100_9398	5184ddaad0a791d85149774aab5f421e3987a408a46131508cf66b0c00374c3d
hprc4_L100_9399	3e89d1519b70dc9450580838b88a31e91f9177e3a21ab490a57c0af9fbe22f90
hprc4_L100_9400	7a46d385feaa771202c7edec6b3962873bb41226532ec375cc300435407d8f3a
hprc4_L100_9401	46b7dc596f1f025138d58e64a23467ffb3a3651b033536bd6517eab051e1b780
hprc4_L100_9402	8af010d72a113c3256dc28c5c4ae0137ca105c83e69e1ba8ae63e6d83ad7e033
hprc4_L100_9403	007721115b098b4551fa3d8edd3419b9e516ffd2a7cd6fa7cd19a13f7e1bcc91
hprc4_L100_9404	b62a9225fe925c83ad6989aedf185d71b9233be7aa3c987ed691d13ae16879b6
hprc4_L100_9405	7c34f35f22ea9dda47c6b412d33dc3ee4b638665a1f2d4330518d3424330e25e
hprc4_L100_9406	2e88cf31b9e2caf61649f7b3c6a2950339d0b68571ce36ba5e958026b915c053
hprc4_L100_9407	9c9325395fd5949bfe68dd9809092c089fc77b4ae8eb420a0bf2ca24cf2a9dcd
hprc4_L100_9408	b9c20975cf405de334faced0619e3e01f3803035286a00aab21f35e6f3b8cd73
hprc4_L100_9409	ee2f202c11d2cd83d4163c8a51f238c7b5be6098d2429150963f98551895d5c2
hprc4_L100_9410	13f22ba4e00a6d4416d83ef6e8e8996668e42da17e1495338d019216d4ce65f4
hprc4_L100_9411	ce6e3b6d73a1d1f918e9a9c7f3b30d1a57f9f8325d1d426cfa1a3a799ca366a1
hprc4_L100_9412	1ec2c46c3819f27f42098989b8d20b6c6b5d693827b7982294e103872713797c
hprc4_L100_9413	baec24736bc9087fb00f9ef4792dd48eeb0ce7d4a5bad399e99d46e241903ee8
hprc4_L100_9414	37b5ac0aa5ceee42af65334f94ef470865d6a482e9c52bd352e702bcaa98fd4e
hprc4_L100_9415	fc50647bd02a67b1ddd093692e137a5385b5635160076f91bfe5fd04486e800e
hprc4_L100_9416	72a9fbf5a487ea2f6e29e0fb334d4d276fb6c38e02c74005ab702be3255e9451
hprc4_L100_9417	cf68ee7a6c39d7f875cd6da19bce6147ade5c6fce7b613fc859df891d20e5c56
hprc4_L100_9418	5742bb8e7ee29a971e0e41d394f8c474ad7b6fbc8e4a4aff4db716fd5ff89561
hprc4_L100_9419	6a812a6c89059d68b78327084f37b680e736c26594ac87b83b2ce5c31d56415a
hprc4_L100_9420	ec000eaeb4ade851673ed837a414ca8d57623cb7d966b20eaa41434a5fd9cfd8
hprc4_L100_9421	5aac6121e962cd7837ce7ae0e580ad423b37c6f8ffc6eff2958b63bd0028aec5
hprc4_L100_9422	9923cac1c50a47df557a8844d2b547a32985b68aabdfe33eb755689a9611870e
hprc4_L100_9423	212323c77b9d71bb762268f18af6707bcfb19403935db63c437a98ccbb4ca4a6
hprc4_L100_9424	318357dc04ddf46c231a8dc126c926d59d2b7c2d40909e36304e80359e180d41
hprc4_L100_9425	896b392e15e0250cf34c3e3c2d6d5a2ac36e4f48254b82206cda7adec6c5813c
hprc4_L100_9426	3448875d209b78f9a2bb8ad2a3175c229b7682dab4258b851d41bbfaa1081659
hprc4_L100_9427	3186bb69d97bce70c763b47de6fbbdc324a1be0f9e65f8d78269bca8dbf56940
hprc4_L100_9428	b5be3e3a36532e901b02879585214dc7aec5e99ff0e74797dc04cc45812b427c
hprc4_L100_9429	185a5090d5dced773b38fc1f0ee8a0bc4b148142ae7dfaf46c13194c286825f7
hprc4_L100_9430	0cf80bdf79376241f478f555399173c7cd1b47694293c99ef011484ed674c45d
hprc4_L100_9431	2f4d781c86931c76f426f89a6623255ed1c8d2d2134a14b39c660306af6f059c
hprc4_L100_9432	c7499fcc201135385d2be4e64680413783523f4d84bc24fc36c5adb31ad48a44
hprc4_L100_9433	d3f7ac7a2040a40348b5cd8ac04b57b841863dc21a11f587c66b0559298620e4
hprc4_L100_9434	fd384c20a317b40fcc92fa16275ac70a5101febed21652a9c6c91da0df0e7eb8
hprc4_L100_9435	bdcdc71ec3b306584a22bdbffa59338297fb2c315ae8d826a75c85c087cb2373
hprc4_L100_9436	18675c0213323785978f4660cee4dccb6da276e244e100e658b705205f44a78c
hprc4_L100_9437	2c334461fb4d3e371676ef69665f6ac5ac4a92b494ec8339477760c023d37f7c
hprc4_L100_9438	36715ab6580e6a7c14f1f9e0d359da7cd7f3bf381d48538bebe99d407edf5ff4
hprc4_L100_9439	c6eaeef481eaaff7475757c3b910cbc38e6c358eee2cc7abdc0968417132f553
hprc4_L100_9440	1494cb46fb7ae94027567d0a63a868d22e5fbedce91645a9c849e9af046eb06d
hprc4_L100_9441	762c925bc189407f8da41e9621ab18be7a7469d754cda1e17461a0b7cd60480b
hprc4_L100_9442	7790cc09e19464a5367627d3649d30b6725af7dc14c5db0a172298bc4b09ede9
hprc4_L100_9443	0d3e492ee739f9308bdeef8f5c3aa1b9d9c380fc5272111e86c5b47898ef2bf2
hprc4_L100_9444	93db0734e122ffc5351a7073315264e0ead41cdd541be3e2323d9fe18a328970
hprc4_L100_9445	85bee92304fe43250029931da737c7875b95440f9894a17f9502f681dd70c97c
hprc4_L100_9446	7ca74228f20327cdaec02617f7f1a3ac6ff4a6677e90a8cdabbf5c5cdb429768
hprc4_L100_9447	e0a6fe20cbd0c0f433a585f0f47b14451dd2ffbff96020460aa663b6c5b4ce8e
hprc4_L100_9448	62797e565304520996036bbb55feb48cdc9e4e1dd05481a83765c478a8947be5
hprc4_L100_9449	09dc90d6e48efc7e1d5d455b7d9726409ba42e30e9efb09852415a3de4e4e150
hprc4_L100_9450	d3c7ff36ccf04a437ca77d2673999b3f21b3318a8409c6b2eb2a1a0d7adb1ab8
hprc4_L100_9451	af278f9829289bc5e9a0bb8bf2ee0a06b5440db7608de9832d8e3e475ccb665c
hprc4_L100_9452	7ba768c2e772ac5a498bbb83377c7278798ba61bbe6487735017fa0f8891d277
hprc4_L100_9453	c34bf5f520ccfb22ddcb7d8b3fb80dcfb96fb62e5e744257a984a49ce96d0586
hprc4_L100_9454	e54a58304b4ef209b7e95f8d18f499e5d4af1bd3d657cd1df22cddf4832f323d
hprc4_L100_9455	03cd7c5c954c1caf88be40d915ee90cdd1fca355841e9e093a208da32bc31529
hprc4_L100_9456	c6fb6a3e1449f90b12094e6ce93f0a248bd5bcd9f91f1a1b3e9a38686e323ded
hprc4_L100_9457	56ebdc9123b4423ee821a36c9c726d071f5327bc90a15c0ca340d85c22ec3874
hprc4_L100_9458	60f4a98ae4073cd33bce3f7541954b7ad386b0d737da931c49edc194d5e7ba34
hprc4_L100_9459	9235c9d5331bbd5eed3b457b434ac74085495bf5a603406e8ff42e365f9e5490
hprc4_L100_9460	6d3e8e56631632e5269746eba7926b5aa1f26e3f3e8b383ec99474a9fb2f3b4d
hprc4_L100_9461	9063ef119a10acba23f8593ca2acee5abc1e8f20b5f3715990915c2188e904d8
hprc4_L100_9462	46035d27a55b38043c8f432e71245ab85f726f2b304e36a2f551dea0baa4eb7a
hprc4_L100_9463	0acdb76b3938600a24e42d2089e1e9df6cb4a9db0f8d514462cf7a88d2802726
hprc4_L100_9464	fd4869a1bec0ef186682df66dca8947729398e1105035cc4631917eebca4473f
hprc4_L100_9465	cd3a94c903f125546080415c2495f095524cb4e44255496a9a53409f9755d6e5
hprc4_L100_9466	90c2ab4eaa66b6308b3f54b81e33c3d666c8ca8e31ef12e27f4a8d7d63221c39
hprc4_L100_9467	78510fe41fd7e67012b7baf7e0ad2cba8962b56003a21cec718b6c93411b79db
hprc4_L100_9468	83918102c4ea9de9c530c1ffec6ece7364611b9a0c4e25fcaa4a4ad500e0df3c
hprc4_L100_9469	735d8021d2601ea9d5ff9baeae579138a5e4d2ff3b7f91978259be26741e8951
hprc4_L100_9470	78d6e36d881dcd23ea271e0ae0211586b778bfed21f0a113409bc3de2aed78f4
hprc4_L100_9471	663430e5654640c2db7acdcb7a0e0101711c17175777bcd5c423a562b7325d83
hprc4_L100_9472	b7167daf6f62359d390e986c75cfafce8f29458229bd516f0e540cb2ddbc7511
hprc4_L100_9473	e2fcd97a7e75f3028a531ea93107dcc03283e8692864908871197e45ea95cd23
hprc4_L100_9474	0d9184cc3019d12b47f316880fe4bb02a320393adf9437bae521d9727ddcd71c
hprc4_L100_9475	4c6bb680e92860824d946b10795a676218103acf3e68a69d4e925bf845c48586
hprc4_L100_9476	27c211a5b2600c0e574e632a9ef25fb9216b98a2d4a1adf51d8095da2fd6d426
hprc4_L100_9477	55401ac87c44921ec347cbcd48e9f70686746b44675bee88d9f254afaaea59f4
hprc4_L100_9478	790bf8629e975b0ea5d942db1f729e6a73546f173804eb6a83ec246779a618cc
hprc4_L100_9479	ef97a00c420bcce635de63a76e9e6c53d93f478a6203e9b688e6b5e89f4b3d0b
hprc4_L100_9480	bb544544678fb0f4130b3780db76f6a9a352b3ca4efb05682979574fb595b6d4
hprc4_L100_9481	4791817294e1163c9d2174cc708c5dd5ff019641b7ec66ee1420c660fec345c5
hprc4_L100_9482	7964e4de70f2a18d53bafd1749a322358d19b4d9682cfcf5e83d3c6a6cc1e934
hprc4_L100_9483	8b60238a28b63a10ff9317c4668ff8894e6d123482c954ef928cb4f6ec0ce1b4
hprc4_L100_9484	f18482b1d01007e4239fb3a76a439c687d587b9367b9e30bf704c9440c35d1fa
hprc4_L100_9485	c6820d2d3dbb700d166ff75b922401ea0912e094d9e90c5830020574b8f6a666
hprc4_L100_9486	f7fe3151c6b71cc8ec898e1cb0fd7ad11c9e006dbece9a2eb6c48b4a78ba7040
hprc4_L100_9487	5854b524f36f4fc29570219dd4fb491b78678ff5b50aeb9f6830ec5666eeed63
hprc4_L100_9488	c8894ed2d38d1d1e55df62d872a04c96de32c6177c700e3f71483236bcfd3892
hprc4_L100_9489	a28d9d98e390b498bfc585ec666e91db98357c94dbe0a450f3d424dc746413f0
hprc4_L100_9490	17331fb63bd9e537d88d6ebc011fbcff62e96ea959a8452ad71289c7d7ce6737
hprc4_L100_9491	21bde3a963cdc94cb4e1c4e325e5e95794f2cd08a4a19beab27f400dcf982a7b
hprc4_L100_9492	ce3cce162f02f36b99ef7fd493cf51e83e78cd2d34afb49b2e10a84783cd6d2f
hprc4_L100_9493	8f31e61abb96c06b839cdcc563800122239ba988b7c6be50c87e9d268eecf280
hprc4_L100_9494	f7698f3fbe9650e4e850350532ac7eb341c7af38ec51b161418978be4a28bd89
hprc4_L100_9495	59f16931eda301215e9666cf83830a91a9899ec3e08faf59e49145bbe11b1b34
hprc4_L100_9496	c2087749c3b6a38c0ba1a964f61647933a2243a687b2214cfe0115d00d4ac152
hprc4_L100_9497	b0152a06b1320c80e4d810806bcee5c05f6e75beac85453ecc0bede902b5423e
hprc4_L100_9498	13fbacae0701a6405c8046174f7c0b49e7f823d99b6b17618563bc1a2da383d0
hprc4_L100_9499	84d483dfb15cabe9e1244cdd2d20ee6c45fb0170aaa422b44fa4d8566bae42bd
hprc4_L100_9500	f0889eebb3901520f19810c5a2dde86bcf3a0d1f49e7c9e110f6b80f61944c20
hprc4_L100_9501	30cc210eda74d680100d3c34e6954e4bec11f8b070214c4f509b0f40c070c92a
hprc4_L100_9502	324b947f06d28bf86296fdf774e117cec46ee28bf56681d46765649c124c9ac2
hprc4_L100_9503	eb4fc40f8fa25dd4fbc0b361fc22f537ed9afc500be034f7f2d6bb81f7af697b
hprc4_L100_9504	960d2cb6a25aa9e899e75671257e127ecbdd0229c03034f44231d2bab26ed33e
hprc4_L100_9505	25a903632eb1f798fe53db11bc84909f4fcaa66ab19573cf1c000b78f961e6c4
hprc4_L100_9506	0dd8b85edfb481eb0f17beb3280c67ad25cac211e9fa9032a67be82c60e64a22
hprc4_L100_9507	b04db5e0cc5f086f7862a3b3e30e8972c7a4fa313c02d56c19d69362b514c489
hprc4_L100_9508	1e80197d085474fdf6d177c49063a7dd0555bd592e664ca04ca549c1303a9902
hprc4_L100_9509	07c003b65bdab42afde9f0c596fc57848cfb4c3f7274baf02f4d038eac723b97
hprc4_L100_9510	2d80ce8babac101b8bca9dd8da90b037909fae3ff36747141ab27fe93def0989
hprc4_L100_9511	26138d1ecb4c7a9f6f5945f8870d0b298efd3623271a40c28c4ea1e325c7ec3d
hprc4_L100_9512	e4d55dbdbbac85c8f50dea46ca6fc6d78786c57eeee68b3855278db6bf6e4530
hprc4_L100_9513	9dcbf687af56e41bcd3799a8bfaf6933298c7345a38e284798f63feec2abf0ea
hprc4_L100_9514	7619e30eb5600174633dc3964789e87877a6fe04de56b98c32f4fd9259d95cb7
hprc4_L100_9515	9ee5e1caf9e7bffc38468b3602aa912f3bf9eca0c8be99194cddedddaa728031
hprc4_L100_9516	d0dbc1174c5114fd6e401d029d587132c125dd52183f1e9f40d8364fb275c64b
hprc4_L100_9517	90378fff4b269865aefd3e8f65cea80f96f880dfd951a8d718a8bb728fdde64e
hprc4_L100_9518	9be5ac3713079434bab328621f0b117aa0d82f48ed20fede986e7ecfcd12f044
hprc4_L100_9519	05952d5981fc4a247702e06f56e4f5099973b88e0ded47e4c56afe1a7b9241c9
hprc4_L100_9520	b62f287497f6839823220dea97ac9f92df43ee4feecc1efc5c2428aba8f829e9
hprc4_L100_9521	4683ceb633459f12548d8d3c472a3d84e06c7b12a758f189cb6a558a2e54eb38
hprc4_L100_9522	898763b431b125466743b51def0c3bd115a71795c9f58b340012707246a6aca7
hprc4_L100_9523	422ebf42a33020b8d1f6d4fe2fb4917bd7cacffcbc6ac3ce61a17188d26cd8ca
hprc4_L100_9524	1915d8026e2bc4c6dade41ae977c68d88ac58aced11e60e183b3006f92496ed4
hprc4_L100_9525	2730235ef0fb27f30ce5ed1dbcfa728d16caf5b4d3cde957323bbd2a03a25c42
hprc4_L100_9526	25db9046942701141e5aece525fedbe58cdf00e92cb1853eb1d3f7b975684d3e
hprc4_L100_9527	b8320510033ddf3e09d1fbbc3ce67b68094d27fd7fa0bc39102d2b5c939194cb
hprc4_L100_9528	61b83fbba2a24048f5b605e2a982b99e783b22e05652753677660ae96b424cc7
hprc4_L100_9529	9bd0f4fc9bbbae53e5de445dd67799da446b6f3eb7b792d4c856e056b894960a
hprc4_L100_9530	13a3a84b2e2c9d45cfb904529083afd13ebac02ef89a15b11f0581523758f188
hprc4_L100_9531	8f9c1a30efa9f1185fb22d56927c343474f21b4fa01747878bacf89f7e5264cb
hprc4_L100_9532	412202d1432924b2226d422fce6ff0c964ebbaf9078f7a1d38ab755093982241
hprc4_L100_9533	2a3ec2619b6e4056b6e70c0d652a9a2f5eacd9bed97b48c3333625e9bd040a71
hprc4_L100_9534	434ff3e73e6ef81f3c0e59fdcabfc515ba7f2a0df4ceca12c5c56c17cdf270b8
hprc4_L100_9535	2915783db974603a83dfb290c58f16be97ed863942b25aa669176c787a48076f
hprc4_L100_9536	2211e1f187b7bc6c2c15c2f1ab3fc81113d099a1f34bc835de410f36d14c28e2
hprc4_L100_9537	edb86451f05fccd87ba314b2a7686176efe6517d985e8451cbc3fc3c89e8bef9
hprc4_L100_9538	739bcfa0551f7b4487664be133dce3e7ee48d9ef84ea52a17b3091544d8055ee
hprc4_L100_9539	291def5da93783d20c43a05f8049154aac5a002f3ac26df03d0fba5e9276ed25
hprc4_L100_9540	28aefebe168552e7d14178f80b0df3237be955ba10fc0faba343252f195639ef
hprc4_L100_9541	7bc18343f4ec3cd3a5ad83ded23f30786abfd9af76bac57b3c3aa49807b83493
hprc4_L100_9542	cd4de59b1076abf0fdfb2343d71582626d792865093af56b4f578152ea6d3cf6
hprc4_L100_9543	b632f7fdce01afc7f0ac2dd4a442245a348e21fc77cdab619e3545e427b87d1f
hprc4_L100_9544	ed5c84c7d1109454f63ac1cf15e572234db0242b0706cc71c7d4eb0ce0a14c8c
hprc4_L100_9545	cf6b37615204533c8de178417cda357d3c4262c240c289381c135c161cccf4d0
hprc4_L100_9546	fd21b40e9432b6b0be83ccd8b0459f0370adec87233635375ec0f46439217d62
hprc4_L100_9547	41317c8162219fa57007ea621d19dcb7437e47644b41e12c1b210db9a704ad03
hprc4_L100_9548	00f31930e12bff225c7128d38dc4aa6350d037677c4d30df35dd02e2f3965489
hprc4_L100_9549	229f76c12f2ee6195972c2654f9e70a69c4b882b353a2df4078b018802943fdb
hprc4_L100_9550	3c55ffd10b4406b059731a0789df9413fac11580026e6adc103a31885199bc7e
hprc4_L100_9551	de513e9cfd37577d5ac1f732cefd76a9acb1ff7bb35892b3fb867477f3a070bb
hprc4_L100_9552	daee7addcad85037a34c3b785514bfccc59b52aa6d0ff7c7e74419db35c74dd8
hprc4_L100_9553	1c3cb632ec1f1111905e30a4116c487357392f35edff2b11eceff0ff80655f1d
hprc4_L100_9554	325db8e9b5564a0dabf1c12f15343b4d17104b7cbb7b44d91ea6d92f54e995aa
hprc4_L100_9555	16d33dc0919392e64721dda210a36627e80b252a61657b212761f91b13f5d2d7
hprc4_L100_9556	5ff7c910995195c5719ee2dc3456123a0d67c18500c507db172ca5b3390f2114
hprc4_L100_9557	6be275d3d16fef06a17b470b51f3fbb47a0dd655fcfced4f38442c4ca558681e
hprc4_L100_9558	45f624a781ae5847bb06b8b073e74417c569896125e99032d8edf5a2def5f705
hprc4_L100_9559	d523323f81ab05a38f347ad58557f7013d22b1baeaf3a570d8a6f3d8fdecd0e1
hprc4_L100_9560	ff9763642722d32718b81d5b071da929e9d155a424422a1b5e54fcd8fcf71c8a
hprc4_L100_9561	15fbed957072328fa5d7a5d631acf561b73840566375da87215ac4f6b12f3824
hprc4_L100_9562	b83c2485d7fd04a59338360f4a24baad9d670e4da39990a6c9669128267a56f0
hprc4_L100_9563	98c1d2a80bd3f31ad3da29ef627b3fa5401e782df3d0005b263dbc3d69de29f1
hprc4_L100_9564	4b508386aa9009f645bb13ad6d07559823117daf095d7cbbf0603aada937e6b2
hprc4_L100_9565	4957aa4d4735b7038d2caa7fa3f976fb07d073efbd9383be3ace2551251a0360
hprc4_L100_9566	7bb30697bcacb85d2dabacf5627d0c0ac3caa6f5e65dff9d0dca89664c5fc64d
hprc4_L100_9567	231396423254c139b19eb366558440b1182484a24e63317baa1109ed83e99bc1
hprc4_L100_9568	9380d2646ccfed8abd1e0ef05310ea0fd911dce6b04bedf4367e34a57fcd84b9
hprc4_L100_9569	9b29c566f8f25c0f35c9da8db8872d9d70b79b984115b73d6daab2524aedf7eb
hprc4_L100_9570	018e71085fd629ad5867cf291600922e78fc7dd999dfc46b166022998d193edb
hprc4_L100_9571	c55b5629b38ce1f2eaddcb7fb66c453f555c703634914e5f29222b330abf79ad
hprc4_L100_9572	131086da403d5f3fa77b212070224bb28528bf1d78c5dacb8e59f56bba68ba3c
hprc4_L100_9573	b6e948225f0300040492af3277db580cdc379216a26c565b42038e9812dc7a3c
hprc4_L100_9574	4ef4b5265f95d23e30b7698dd0bdc8ddf51c0b263906a3bf3114a714fa775ab0
hprc4_L100_9575	670eae2d5ec42d5463834372f4a293272e0b02039f2fdc60da7fbbafd0387e62
hprc4_L100_9576	41a184e8d585cd0b5d857beb13a2a430c2d59d3ff0455c447c991584d5580044
hprc4_L100_9577	85465815095b77529d58be26b4b6739accd02342b1ae1f6bd9b4c39cafa1646d
hprc4_L100_9578	db0531a007edce7c6ba83a042f500b8b0550010a44cbec9ff214fa657f8ba913
hprc4_L100_9579	54fb006ebc1f712e8ed60c711223807d8d196efa87a5f35b800b3b2c9d8e7816
hprc4_L100_9580	efc2c878ce3db9247f4c104491c54bd02582774f86746f02f2e00569645fe825
hprc4_L100_9581	1a5977c2ec912eb6e3a088a357717520c1c753f58fa5b0cd0b4691d2087894f1
hprc4_L100_9582	de6b9ad088af83cf3b8937d86e6cd928d523316d97a11c74926d1080b240fd31
hprc4_L100_9583	aad2d59cff0955dc247b3ed1196ab6b47360c124fdaee02bbf678523a30edbe4
hprc4_L100_9584	35a67a3e961d6641576555ea50a4f9ae99b71f71e02b28f114a7d2e85e0315cc
hprc4_L100_9585	0dd0350ceebc4c293fb7577d93d69ef57aee54c2488e5a58657394c9b556adc5
hprc4_L100_9586	70d125f9277d910836996be9e18fbcb6cc993f071b077abd3ac4369fcc972c0f
hprc4_L100_9587	58d845bd475420b0473a50144e36eff405b3ea6f3f132453ac96ebdaf98fdd20
hprc4_L100_9588	4eda36b3fcc9976f7d09f3994bd9549a664a72d129cdbec89a8310bde0a8494f
hprc4_L100_9589	47e0ee8452517f5efe77e5ef3fbc33d02a0d702bd2becc04abef97ea98673527
hprc4_L100_9590	2b67eae94df76cfc58133312d2ef586ec3e8027076b36323473a08e1c152d4e3
hprc4_L100_9591	c49ecfe7798ac8455a594000a1cea9321987b9feeb86d82fdf8ac2826b3c06c0
hprc4_L100_9592	5a98b1e1645a93eda0d77407fb4e9fd4dc84b5840a015c9d4b91fa1818dfe110
hprc4_L100_9593	e63eaef69b40221248d7fd08e34a6d2afe34b142937d16cad046c479d2d273a2
hprc4_L100_9594	0d0b8e188c1e7e50d06a0e83148518bd1d68556b7e8a5f5d615281d66f202c13
hprc4_L100_9595	af15aabacebe3f026ef466f4ac6f1e19689a094519b68a76ba2b80aa5b1f8e13
hprc4_L100_9596	d606361342f9ff7099235e9141d538a57517ab8f455e2c86919bf9bc0f0b3624
hprc4_L100_9597	bcb56275ae76a0e677472e48c77056ee47b6453c24849e6fcd6e94d1ae6d3068
hprc4_L100_9598	9d15ee9be6f7f2ddf383b6c1ec4c2f6a4239de5b192dbbdc95719f74eacb64f5
hprc4_L100_9599	f0d005dda1a7674394f21e2541e20e952157fae64b1ac92b5770d29337028ca2
hprc4_L100_9600	2e42437f4fce9bf6151fe2855f57fa774aeb0bd892e76142bf6fb4979e2e502e
hprc4_L100_9601	d615356784b5ad4b2009f75d1d6623183e07e15d998a9272f95c44ab63b7192b
hprc4_L100_9602	f5fd2cea55d3aaebcb5156d8857287525d8196de73ab568a478617ec7d9407fd
hprc4_L100_9603	e3a000c1ba5bf9e5f479d710d283777e014305df581683eaf5397196124fbe36
hprc4_L100_9604	e405841c5242b77f834c747e0ad8ff13bd7ac9daab4c9776b831c6e1d1347e92
hprc4_L100_9605	c1e90f13abe8c0bd3cfec463979a8609d2f8fac1cfbe8317e606ffa438f1582d
hprc4_L100_9606	fe44bf36ef40553829f346c4d098bf2ba062fd37db86bca973ef91990704bac7
hprc4_L100_9607	a55c3ecfa6cea415930394553af22cf4cf2ab269d53f579afb5fe03f41faf8d1
hprc4_L100_9608	ff5de0277551367ca724e5323b7349a44e11c945efd7c199638eac3b49b87da9
hprc4_L100_9609	4344e11b148696b8441f763a00a3f985b139bff7bf7bdbc39e6d5d0b7b90dc17
hprc4_L100_9610	c0d02dcb60143d51a2cd691cc0a4885cc3a8e242df17f58f8465392743bd5551
hprc4_L100_9611	83012238087b622d677f58c54384a9e34900aee5e4e9f356edaeee5fe63533ca
hprc4_L100_9612	8c871286ca27cab98278c2f5f6a4bbc65bd975830de2ab2dece7ef266129d3f5
hprc4_L100_9613	b9aa36413a560c1afdf5efc842e14dcf5329a8e88e20e0011f4c1605375017f4
hprc4_L100_9614	a9fc0a08dc2680851256ea4dc2020c49eeecdc87ac66a385590a1ba551e8b384
hprc4_L100_9615	b422fc7613248bb2f8cb33040224904797541de30ff33745cd782efe03f404db
hprc4_L100_9616	0af9a23bd7f1e067d7b5f8a533e9d6b0d7483959708aebe83578791c33a18402
hprc4_L100_9617	f2cbe505352706037b8fff9c6f642cb560b0118af47051b1c545f71609c5e006
hprc4_L100_9618	f2c89413113eef2eb8cbac81f155e9bb29f79a2791cc7f05a3c4dbe11941cae5
hprc4_L100_9619	65af32a0546da9009e71db8a4dd1458e843057b53b6bce3e9fd3a0aaabfba598
hprc4_L100_9620	14218b16dead31fc3a768737307ffbea069cf1baf725eb506305953e4d9f9e90
hprc4_L100_9621	cf134ecb53e7a22ea0a5cfcfbcb26d8c895dd099c9a0bb7073652bb17541b368
hprc4_L100_9622	0e1a735cd674e5e347db8658d8f7d7bea6d4aeb0d5066b5edf004c14f038389f
hprc4_L100_9623	ed06759ab3ddc9616ac4b4b0cb7c6ffa6d790ca5911195e44e344ded615d0df3
hprc4_L100_9624	f820b5006e45d6a2665919c31f6e7ba19848111d1d1eecea074ec691211218e7
hprc4_L100_9625	7742d1cd57cb858c0a01acafcfe409ad02fd357323c312b35b9527647feadeab
hprc4_L100_9626	79e0c330a02f190d7690c5de1e492f5aeda3cfb12b5a9a9f0e74c126d85eb0cf
hprc4_L100_9627	01d0ecfb4909fa0c5124d5d1b75bc79da8ae0c7269fa2aad8df4e0f628697092
hprc4_L100_9628	dc798802e3a921b32cebf92d3f47f234099d067292f01cd5e6643f6229e5b938
hprc4_L100_9629	f5b533982a81823d876ccfd3af5cd90d4d89a161409c494e9bb4d4e140842620
hprc4_L100_9630	4fd3ccfabf6bca5a03ec5d6ac1ccf1d0185a5364bd156a873dda8e885b9be22e
hprc4_L100_9631	532979cad363a38d67aa9e2a44b785f5423ffce5c75a6ebdfa2de8aa278e72b3
hprc4_L100_9632	0a60d0c7c96506b17dd05de589883c3e7778b6f051c5d5955cbdb7900d3e75fb
hprc4_L100_9633	1c80682a247df32cc065e683c4d371c264186e332ef1fef449bc28beed809153
hprc4_L100_9634	3dd8abdf3320bf8fca2f72ee5ebf4d8db65807ddc8be926a19787096b2ee585e
hprc4_L100_9635	0889bd801a4df1150b278e805d06ef0612ba25ed5a8dd6cd8e09e688646097f9
hprc4_L100_9636	2594bd3783c8495b06f154d02ee81921dc72503e71b303f282f5a2d8182915a4
hprc4_L100_9637	3fb32261b0117d6425627978ea73c6f676f425eda5b7234cb44db54068397d6e
hprc4_L100_9638	04f0d39f3e5e62ee1f5e3aa54ad512613652ba8bfcf88eee2fb946a3b16aec0f
hprc4_L100_9639	366a1bf2521f9f3d162a463419f5337dd4b2193246aa4b904e7fb887413f6bea
hprc4_L100_9640	ed1f4bc2f21c4c73846a0905d892a03c538f8074b0ace731aa19383c82ae5c0b
hprc4_L100_9641	d7d9c558d8543f809ad58c898822837d08c710486074e98f5463dc0847f74767
hprc4_L100_9642	65e713b54a48f35d42768dbf362f4302c854e1e239b4d3e57fe1ae80d641dc37
hprc4_L100_9643	bfe27c2b9402523f3b3ca4a091d18501cf619c8970b761c86367ecf5b237a377
hprc4_L100_9644	bb6c7a27ba020745913cbb4f2bd95af688ed668dc1f8be3405373ee72ddd9c4c
hprc4_L100_9645	0cab0f0fd849e1fa3c03e60bbc393d7bf42afac9d8b3e4a1dabc6f4db96e4faa
hprc4_L100_9646	23ba46dba95648b01b975c752974d2596a936a3b1fefcbed422aa2305f7a71cb
hprc4_L100_9647	dc6337b9594a068287b90d55247ee333872b3cfb57365f452828d91832c177e7
hprc4_L100_9648	368e8749e4d8863386241a866a8cf6ff62ceda7d19b0ce3d214d93bc6c77fac6
hprc4_L100_9649	94677bfc535ede3eda7c3e8741f2902221aa68dbc90bee0a9bf9b6fd67271a60
hprc4_L100_9650	aa3a4e2f4cd29e39bc535348bcdd72c0e0744ceacc3bbbee270fb66f6b56088c
hprc4_L100_9651	f01fddccfb9aeb9d62145e384b17da2b35a36540c3fc17e97d99cc8b589150e4
hprc4_L100_9652	a16b7a68ac0dca85f15d10120b0a057f2e72e4e275c22b59f02acb814f280133
hprc4_L100_9653	224532c9e767b7ec71dc47415d9ce4eb2622cdbfbb8fb3049e3f3a7483c31b4f
hprc4_L100_9654	0f6fa95e1a5f0846056e5089a291746acd86d54af902f8a912c968bfef983443
hprc4_L100_9655	f968016620e4a315cc2555c8eb9da29d060f0101a4974589c0cfe8d782cefbe4
hprc4_L100_9656	44156c11f8dbc7f987394b58d48f200c956fc4519e14fcac22d0ae0faff15a49
hprc4_L100_9657	cafc6dee0f78f2582f4de5005794ee132b4c4c66a5b8cde7c347debf770f0d61
hprc4_L100_9658	8f918379a60ae7a00a6c4865ad41fbaf1e1c6a8fb55333be53c033f2790fc1fc
hprc4_L100_9659	65c8f2c898cd0a0ad5a98b0189171a10805c3b89ec2193d1ecbe75c77b036465
hprc4_L100_9660	3809b58bb972fc8e89e44f3b7d5de515494b8c45722f11c04ab3a431e4cced1b
hprc4_L100_9661	893185fb0fbaefebbf85927e76ea598e9330bc50a62c79ba58d8b24c56d075ed
hprc4_L100_9662	f0bf74a6e08ab20152350e929aabd22eed1fe6f32c046a2f879332af33b4db88
hprc4_L100_9663	239f116555fd0ffdc9f80c03d84b106db6af3bd65310ac29575d84f632a49324
hprc4_L100_9664	8c0448a704a69a3461c8fd612afe7e05aab8c5cac9dde195891926ce7f0029d0
hprc4_L100_9665	2d339fab2c62aeeb8d6a3a60dd5177d0004fad240daf0ae949e977359bc824c8
hprc4_L100_9666	2aa20628f7a6b5919ee06b2b502cd20a02fa6cc1857b3fc364a9c76d9310c907
hprc4_L100_9667	92aec46be00995f4da19b6e4d3657fb37b9b101f539b90f162e0ac61c8fd8b12
hprc4_L100_9668	6a678560b2d1e63691f0ccedd51e845e5db71be51d060a7502e21cdce0f48f45
hprc4_L100_9669	fcea7d20b00601a0ce61a0950899aa4403543a699776d74cbb97c526dd40259c
hprc4_L100_9670	f86ad180f13c5d7149b8f5e280b3f42a950d51c3141b64c2129dc1780826180a
hprc4_L100_9671	d8c0a0e76f59944c6e8fe0042b7eb345e2c03760da4ecb67dafc614f3f429a9a
hprc4_L100_9672	a437f70f0e7e06d64c3e40f2fe1c9c447ef290a01223bc1accaffca08829d8a0
hprc4_L100_9673	a8aa7815844c33d71cbff3022443072d17aa935fe248a4faec8c11216d2a387a
hprc4_L100_9674	03ea6014629e72be9069eb1b95936c6380ffb7355015ce733aac0269d9db4f40
hprc4_L100_9675	a93c7182e6b3d25baae3c1c7bef5d73374b62fe385252eecc4e5709614b81837
hprc4_L100_9676	a50a56a36de26e59ac43514b9823a9d416f6b2395855e95b712a6f47ccc02f8b
hprc4_L100_9677	b08aa8a1c26396f7dbb3cdc76734e0fe1e2b7984aba94a9ea0cea8a899e4826c
hprc4_L100_9678	09bc80026cc1dd3b6c32b0abdb9bd4d528824c50714c3976c655fac7d10b704e
hprc4_L100_9679	c255b4fb0d994837bfe6b4003bce420fa7622bb22b48d058bddd97a37b7d3767
hprc4_L100_9680	6974a581c42656ed2acff01622958982237e1f46ded4e8a0e5470d3e5cef46bf
hprc4_L100_9681	85ea04f854e43b33470d18e32d0451d7ae41470248d496c00d186dd10ba881cd
hprc4_L100_9682	a7737240109b590acb6ae0a5f6dc1007866a624a56868c04337e210624ba789c
hprc4_L100_9683	4942cd956c4960c2e45fe82e5a5a55c647c94c1b15e40ebb8395da64e7a3b1a5
hprc4_L100_9684	11a12f6fde3e88325a1ddce6ce725d38e19dbd464b863e44b7251e54de1a02a3
hprc4_L100_9685	c87f54e67df6c22a9a4a8bb6c6f992e3c9932ef3781f27f76d8b1bb917bcca22
hprc4_L100_9686	69ae499bdd1c5910febed3a286110dd97c560a4bf52becdedba7c9451600acd4
hprc4_L100_9687	fa6eb70a364ecb7cd696ca353f971adfcc033577b118c426cd64e634bce8ee21
hprc4_L100_9688	68d280d6a8e6e6f47ece2ab72f45389853cb77cd4516f1cb609a3871ed7e82d0
hprc4_L100_9689	77adfddc0f0a86738104117fe28b85ca0e8ebea078e94bbe6ab5e49102e1cd92
hprc4_L100_9690	09134ad7a42308f1ec10e8dd7c3355dd8cf2ba5a63c4e266c19f2bcb27af3f2d
hprc4_L100_9691	7b9a5800876050cf1d1b54275037a1e5a55d680c05c27d73041186bffa2faddb
hprc4_L100_9692	d8c183b2ee82da23ffcc4730d57b707844dd7a30f5409413599dc2ef6aade1ca
hprc4_L100_9693	850dbad67318672d19c28800c2e222a14c2510c221b6f5f8ac40fb73b9485cdb
hprc4_L100_9694	fb7e817b0c386e277c13d07922a910acdf5271bffd7d01141be0fc612ae4de10
hprc4_L100_9695	3876fda4ae752275560d09614c6a7bca9f62e618658c35eed79927927cbacc71
hprc4_L100_9696	ea30b595c0bfcb6584d483a403860a2528266c98a53fe98040d7520d27c79dba
hprc4_L100_9697	1f6e1df0fbb39fea99504792bdd0c5f79802be1e90bc87204200b04daa56c0f0
hprc4_L100_9698	0d904458d7308ff13dd2bc4f03f58cb8bac4a83b8e81dd100fadd31e186e926c
hprc4_L100_9699	cfb4e53f30571985186b43230aca55f6a740ea350845abc0a5d2c914f08d4459
hprc4_L100_9700	3fd4494c82551e377a623537b68916b1ae3d96ad88e62230b3378b9e2ea188a1
hprc4_L100_9701	75f231346c857d40fc8e874fab2a5c322a093369274fcff86cd67bc9cd28038e
hprc4_L100_9702	17139eede1e51113308edfb04e56e92c3723b61830e8123a60ef7d5bd587e868
hprc4_L100_9703	bd2a79c9327cdd8c7a535a119c4b668c5151fdf94838cc78fd276cd634b0fb4c
hprc4_L100_9704	0f6bf51435548c23d62d5f7510ca57fecf9b40519e70ec8ddb05a4a1ce4d0f1b
hprc4_L100_9705	677afd45cad862a9ed0f39081328c41b2cdb970c47f6cde1eb8e4e13e345325a
hprc4_L100_9706	c2dbd6d70c5a216b8a5f46f380adc6632d03bb72b0da1fa51374681b60c3ace4
hprc4_L100_9707	99c3f37c3dd791d4ca9fc15301259685014c03172b5c969da4c749bfb6a1790a
hprc4_L100_9708	a1b0d26d9fe15a8b0278b67ae5bbeb82e2b1a8a4aeb516b40b9df9ac47a8f16a
hprc4_L100_9709	98a08073b87b8ddd379e15afe007498b02df4786550b8633702898f8907f8d92
hprc4_L100_9710	be61518b8a07413f831437d792f36cd11a87ba4657c945b4678c6672b99064de
hprc4_L100_9711	4c8e1ad71203562225264a763e941b6cc903d401d45032769dedc2d64cc6008b
hprc4_L100_9712	cc20422132cee5cb3f9c615158bb51fe60e5a78d356a396e6601f8bc545aba47
hprc4_L100_9713	87869086f2ba7ccfcea1113b1c49a5f4522ada54ca2f145631e4378d34ed2750
hprc4_L100_9714	b9c26f2ad68115880b7da6494796b6e1cb0637b6e9a027c2366cc2bb7d6facf6
hprc4_L100_9715	3acda9217cd65d5298987ade17992dc3e8ded0f7e1060d4559cc602d726699ee
hprc4_L100_9716	b1279981babab55c18f64a186e6416339086f2c67d3b24a81e9b2f9c2c98594d
hprc4_L100_9717	f66ec68dc46e67ab878f54920a21928c6518a1c343cadd47fb45d46bb886b7fc
hprc4_L100_9718	60224e24e976254f5118b0adb14619929da0bf654b8241a89081564c57904b4b
hprc4_L100_9719	f8f7829df219bdc40253938db19c067d2033ecc779e33dffd4620bd023cf43a5
hprc4_L100_9720	6eca62f17bfbfbb6cee67e3b6bf6e7b96100eedbfcb4faf6a5fc05a277b947e6
hprc4_L100_9721	5be83b13ac2b6c195a3358c7a9b891c7fb00a0879b27fe0aa4efaa6ab2ffb863
hprc4_L100_9722	8f011bc919652b1c022cd8cd659a1d055115219ed301f972e46a9c2a2bad8fe8
hprc4_L100_9723	40c66fcec476b8490d920a33b8c65193e900776e1e14c586511f20a0bc2fc355
hprc4_L100_9724	83f2080b7b94d679e20ef5add7040ff58d9b346706def4db4379e0dd2813758e
hprc4_L100_9725	c2cf55934d578e742d66b060999d11381b930f65a1fa3d7bf3e8548d78cdac95
hprc4_L100_9726	278ae2b3eacaf1f83b05a1abd75813f336b6fb0f686c28652e97213b9c8324b0
hprc4_L100_9727	20521d2f27aa95cf46751c7b85c2c270955cce76d080922bf1539af8ef9c5b32
hprc4_L100_9728	2b05947a4fe0058128002d0a650cd02de60a582cb4a24a8f341394979ac72180
hprc4_L100_9729	a3e12e8e60740b592642c1cbe7d172eae4ad5ba7addc71ddab29cf91253f97ee
hprc4_L100_9730	12b7494408042f5fc3dd8f548dcdced2675ced32636d568de677e10edac3fdab
hprc4_L100_9731	5d5a02240124aec0dd93acbe717d5722399b04173ff81456c348925751a829be
hprc4_L100_9732	0e05d6116d7e0a2faa59b11c0be1f55f3bbe13a972d94f4dd3c72985a59d6194
hprc4_L100_9733	ed5686a4d3ab3d9aa785ad190900977492cec778eef1b3e3d4e0fa00624ea46c
hprc4_L100_9734	aca3eb455960b4f6b96cb1ec90c067053c88e0c914238aba7a12f4e3652b808b
hprc4_L100_9735	87c94d64ab18fec8f75e14259f1ef2c3519227f3bca69e115ffd40592b4756e2
hprc4_L100_9736	fba85049505d9321fd5b990ea03270b8043d119bf90a01460122a61b6fa15e5a
hprc4_L100_9737	5131068e666bb37078c87c1bb882a91a68f0f954aab0faa34c32db6ac06c928b
hprc4_L100_9738	f38f0a4165febcdb899c2b66d583df19d410368c1f43afc1f2a8f13c0104e197
hprc4_L100_9739	dde3b53f0bba8eb3c644d205d84529bc0eddba52846bf4b89270ccc9ce04af48
hprc4_L100_9740	704111acf94081964d7e61354d0e7ec9d7891e217b202c6f6927a78967af425d
hprc4_L100_9741	68dcb099ea6cc9e86822c368ccf97b774a8a4b8046f4b8db8fb9789c38a206b0
hprc4_L100_9742	22e1f96bbe08fa3582306d8979f8c3dd64516fb545fca998b067f06f74c8d04f
hprc4_L100_9743	3bcb1ef7bcffea6ff3c2fbb166aeff8ca98da48cc3c6c2b515a3891db715c9b6
hprc4_L100_9744	6b62f98c528416e24c8b6ca71886e6b76401976cb2906aa0153378ff457bbeaf
hprc4_L100_9745	e36d8a97c252727fb680a7c816baf094aeeca685cbd571e77350e7c34f509aa0
hprc4_L100_9746	15d475e10059b788c9adfd3752a8a11b720cef869c09e274928902fa9e05fb8c
hprc4_L100_9747	11d5ff18348aaf5ab2cb3678d9ff519848413d87ee25a3ed140c22d4fb69ca29
hprc4_L100_9748	834765b74fe128a4038fc21ba18565c9a837b9919b1e62707a8d6e28b68dc529
hprc4_L100_9749	d31182e7886ac6a740d06ea3170b776f6263611f928eec0b13333041947cc931
hprc4_L100_9750	1d6c4401bf2a2cb081d1d81ba86d7c02a585d04fdbd44429e40db957026a1081
hprc4_L100_9751	d15d100fbb047c1800c6e79176a7f3adc48d1b5aa5d567ab116c412005d3358f
hprc4_L100_9752	ba6a72218a2657539049fcaca31492dd3882a95cc4dc375b58dd6032b41e0312
hprc4_L100_9753	52d1aed7ced2be2bc638b95500d0de88ec0ef11a06ff3c5f42c38ab54006f258
hprc4_L100_9754	7e245464f08c89b1a995457c399c8993b1be710ddc69dcd1b8b39a67fb5fb90e
hprc4_L100_9755	115b81aaf1906f4c457c05deaee3bd21b0e4ccfe1de92a4bb02d93b673c59fba
hprc4_L100_9756	600e4cd68bd94cf5f75ffa1b1adbcc30b5b5ee03b2e05ee4674b6de3c60b6d1c
hprc4_L100_9757	1211bafa7380fa04472dbf3b250f023d82333678fe2d5d36d20b0f8d66834ce0
hprc4_L100_9758	e76803e2da39b265f75b736839ae99aa1774413d389ace743a57bb1adb70c309
hprc4_L100_9759	dbcc8f50a61983275928953a1a7342282be8fb19bdd0e9874b854b3194c1a22c
hprc4_L100_9760	2380cd302eeaa4ddbd092a34e5ff6b7cd22d8b30199c87071568f243bc504c52
hprc4_L100_9761	8db33aefea693c6b5afaa3ea723bc6a94300ed78349ba53e5aa4e77cbbdb1038
hprc4_L100_9762	cce81dec25e52fe74ccdbb91157abc726c7fc000b628ca148e204c7070413cb0
hprc4_L100_9763	918f691d6a05545edf426c5ca7467faa1cb73c5b0d3eab7b38dd6b4eb011f630
hprc4_L100_9764	b55c6ed64a22fad9e8c544cb2f2ff075382e5e934350fb7513d669c3d4c92258
hprc4_L100_9765	10f5d1aa5623293df1e17a1b877374de6a6f412bf1382d137312fc123643248f
hprc4_L100_9766	dc2f72eafbba2c3fbe0f91d158f8387a942973c3cf17965e584084eff5d59d16
hprc4_L100_9767	2422fcf45eea3ad3f86d9880ada10e674b346fc644fe733def662cdad3e5e5ce
hprc4_L100_9768	f0eae53fd61b6b851c9257edf5db99f1b4cc3514f92616957ebf39d4467322ba
hprc4_L100_9769	95e50b8c8f13d9160b05ff6285a21c797a1d21876238f1cff5148481db738edb
hprc4_L100_9770	c152b65eeefe996b644fa84d704f9584b712a6342ad8baf958eaff1dbafc5782
hprc4_L100_9771	ed70cc88a07313fcb5401b64a6808052702d0513161d095e0c791569c3d5cfad
hprc4_L100_9772	e8871ff259c16a1a868b0efebe34249fe9fec79cee8df7988a529750f341b229
hprc4_L100_9773	b1983427d810d98a7f75522ebd2152dba9ee39cb9e072b4f0e058bc18f4d9e22
hprc4_L100_9774	6acd031eae3056078a6c137e8e20775e9e52f22d603beadc7768b9551f900144
hprc4_L100_9775	6bddcbda26c70f8ed60a87cc8f45cf3e700c5a7b02ec1486096b6787078a07fb
hprc4_L100_9776	08b90d48e7733537abf076644b34c721607009243bc094c10030cfc420b1ed2f
hprc4_L100_9777	375d72dabcff9aeee5cea2b3fc110b7da4dc891e837054e8fcdbdadda245fe5b
hprc4_L100_9778	c3774d90cd6aba42660ba9a9255551bd6d84de029b8eab0119348f423a86ab7d
hprc4_L100_9779	c18e44ad70336f9e571c4c91e3ac3ed287eb1c915c402619eb732ec7bb00ffd3
hprc4_L100_9780	d10ef719b2ef1872deeab3b776becbffdb110fe461f1cb741e755afcde80c74c
hprc4_L100_9781	9aeebf3e4a69a80206e47e3977655173e4ce2f6641b9446bdb4b4ac7a8727357
hprc4_L100_9782	efd83a9fee82322723ff89721a9b6f47d90fc982d459524826a52debbea5947e
hprc4_L100_9783	139b43c10b442e94ea749aa7643be2de6f0aaf33abd7b7eff7983a487fec4317
hprc4_L100_9784	58f23ad8e07a2a3945d5e58abbb355902a309d3cc55bf236d0ea8a2187c11285
hprc4_L100_9785	8179c3cb0e5ded0191e0c5bec08245b65bf57220312689fccd14583e82892b2c
hprc4_L100_9786	e4cc87c42cc91d888a4fb33fc416d70b508b96658815fbf99bbc33a095baafd9
hprc4_L100_9787	7c78beccfbed4a923ec81685549453ed1550f3444df114d636999794dab5d1ba
hprc4_L100_9788	6cb0ae65fa836c3dab5a9e7fa1936d501f881cd5ec46b1a5a49c18f9be89b8ed
hprc4_L100_9789	a7d96dbbf0ccbab26e02b2c8904eb5a86e52c3172c0767850f489621784a874d
hprc4_L100_9790	58efba36f644a55f08d9c6d856f92fafbb0212722de1631f32bb21b11e1d06c4
hprc4_L100_9791	439b669373a56ff80c21da39c327c70094bb335ed78275ff907b15bf9ec47344
hprc4_L100_9792	3474ac8c77fbd66918594debb80e45c8c0405defc8f4897077519beb52b497c2
hprc4_L100_9793	125bb433c14944cde8a0de480ee413b6d6df5a52afcbe42e282895f3c613f71e
hprc4_L100_9794	8b2ec5a2fe47f73c9f7a74a94f9c3c5650a5d5d2701c359f8c5dde498d1db961
hprc4_L100_9795	3655c4fcdd46e141c10519d297cfa550000248c214e11f0023bd96673bea0a10
hprc4_L100_9796	e8db469361dd708186194d7d69447ac266509ca0d116115db7ac53067344f3d3
hprc4_L100_9797	0ec3f2bb429a2b94310d66a35d3dd67360f316f84d76eebd30f896ea9d421abb
hprc4_L100_9798	a089df39b3fafccf9cd11ca6c813c7ccec4bb1ead3913a58db0f3f68408fc6d6
hprc4_L100_9799	96666949b4bcbadf96135dde4f447900a308af04d8d0ac5964a2d2ce39e27ba2
hprc4_L100_9800	2be9c97a0e442f97946336eb8f22519aeca3c33ffe9c12cf8e60206e954a624c
hprc4_L100_9801	9ed15c28df5fcbf37c551642bbac6a398157a4e6700c64bf6cb4c184f8b4d8cb
hprc4_L100_9802	89a5604a7c782a9d6c0e4563039382b4b5d1a5e3f4f0d9f7b0c572946857fff4
hprc4_L100_9803	16344a34199a54f75b6633ff87114fadc37a7891a652fb21200f3404f1257d58
hprc4_L100_9804	2363e32195b362763067652e9959bbb77b16f7fdb9ebb4d4f6d45e32a3462acd
hprc4_L100_9805	aaab2a6fae647f04ef89fd9dc9f5f3c04a452c27cb9feb9f19646d3a4a738f81
hprc4_L100_9806	c1ac59dde6c1d60d100fd0296b43b5b09f5e39f801360b222ed088b8e2afd893
hprc4_L100_9807	5a31842830d2bba7c39c72f90c4018eb10d31bb0ebbf40709e461a4244490770
hprc4_L100_9808	8ee054ff24c858e9b086b0f6d3c7a58a7679f8997572b72c5e132aa99c8073a6
hprc4_L100_9809	8628191f3323abb5e278d8683b321543cbef48533c8bdab9a5d817c1fa7a51d8
hprc4_L100_9810	746b494d46086a36d92a3107777baae5e102abed78558b65b9ea5ed120036a55
hprc4_L100_9811	64d25ba5a9c1b8ce9b6a44e348438bcba91afda86942826744937e26220a4437
hprc4_L100_9812	b991eb0b2e3e05be3d97f75c05c456d19adb2daa7adccd6b6deec73a41a0cb58
hprc4_L100_9813	c3166b1ce39ead3a8170730f49017ef593bf283835389da95021ac27bf7f934b
hprc4_L100_9814	ee9d936786eebb8ac3e09104b8dfe220a023d7ee1f55e68c92a02005f382fd9b
hprc4_L100_9815	76ddb9396dea1220619613ed3574d284f2eeef65b758fb611aad3f374da4b046
hprc4_L100_9816	7028299172f0a0473037f4f08b55a9fea485f8f236f84d01f058ba61a744948f
hprc4_L100_9817	8c8eee58e0758984a498a2796470f031b362f9895ba1fe82bfba84b53a9723ae
hprc4_L100_9818	f824c1a33345ecc185dbafb367b78fb2900af2d3b7ab26321eea63286bc47ba1
hprc4_L100_9819	aaf2fb7aec36f43052e85084938696a2ba48c53f14c74129d5759b7379bf9086
hprc4_L100_9820	25be52669ac3782ccde2dbab68bddb60c38ca159e5087b7b0384a3b381458b61
hprc4_L100_9821	8df0632e4b062701b57bff2e1c032547cd6af29c3aeff7ebbe9800140a544907
hprc4_L100_9822	c0940eeec48dc25f62d913ee5be342c38a308742758f5963b790a45394e42ba7
hprc4_L100_9823	70f858168291116e7418e9c63975e36e1282472e52f97681d9ff8738c2ffc5f3
hprc4_L100_9824	8f6333c4fac7544fe3e5284b31f14a3b56b784e33c8e4a2f7e56bbc89285a029
hprc4_L100_9825	e2d75adc1379a9b9d769c5c646a4a2ceb08fadf94c0ad1637671d168b4d26138
hprc4_L100_9826	9d1b8b3c5466888cf3b668b6642d6cb40d4ce1c5e76ee2ad37afa587b00555b4
hprc4_L100_9827	817180e299b8e2a1bbfb0d385656ba3e3bdd12dec607da61ef32212250dbc48e
hprc4_L100_9828	0d9ef930febb56dae142e4d22bd551ad0b25458e71a6c7c28cbe5e10235d0349
hprc4_L100_9829	6b7658f48956679f0244c3e84bc9c04b46912b737e40090edfd06a9b79344b8e
hprc4_L100_9830	03b5218e1be183aa9e972a630b4b2c4166212cc13514f5a7913e305cdcab16a6
hprc4_L100_9831	15841e9276e61fc8ffce6088b00b4c13ef7171e2d933b33392fe461d3d8eaab7
hprc4_L100_9832	81d9449646decb7b2b7c76a78987b2b81c8919df6b8182e2ba993cf02836816d
hprc4_L100_9833	b836b73092c5911b9dc9e94fb41bf17e8760b00c3087441aacbbe863edd59cff
hprc4_L100_9834	8738b98af47af5eef82d6141b088d6c0da44b1deeb62bb2cef5e4ff14d8e747f
hprc4_L100_9835	44438c04abb738481e8d0015e4827fd819bc8817752303f08462ca12ad946bdb
hprc4_L100_9836	ca1e5e48f264606f4912b835626710dc93a4abd2f421c0680fcca57d1e2f1f39
hprc4_L100_9837	a22b32cdf6d1c45f89b68b13e449cc569abb2e5aa01210be7bee2e89fc7a3772
hprc4_L100_9838	f93348f160bfc13afe380d0bd7f967d1de152cf41765c42b9a6a48a7e97b36af
hprc4_L100_9839	56f7f39088a9c8e2bd4c3ac8dc9eb7b1c5704bf6713cb0b15470716971413735
hprc4_L100_9840	6fb9c780b55826141130882263811fd279c7db3f2c516da5ccb3c6a22fd5e062
hprc4_L100_9841	0c8e6e917784192465b6d34cdf9789dad4b3fcc69cc59e8604102f12558c98e1
hprc4_L100_9842	af274451d43fcacbfba71517a7a8aa2b7ab315c7ba0f28bfb38bc3d6d1d0db81
hprc4_L100_9843	e26377f4c058c9fb098c99fbd732085c954f36141a9d720a9c7fdf7aad030604
hprc4_L100_9844	30a41e6676b98ad0613bb3eb6a3e55c024de22eba053fb89ce957e3fbb0b6a67
hprc4_L100_9845	42489fefd2a9ac4f474a80cfb8b14d052f20767cd698c65bb608b73f3edb1ee3
hprc4_L100_9846	2198ae2c55bc577b827d142e6d36c43f2e24b6ae671d54ab5a56370d9f35ab65
hprc4_L100_9847	0db24724da9c3df6302c4f7935b13ef657fbef0d3366558d60669335131f25a2
hprc4_L100_9848	15ddcafcf5e8fcfd376ad291ead441dfe80412e2be232fd7123c437dee8c81f0
hprc4_L100_9849	03ec509ecfd33c4f4a8cae270850f7da57683467d2b90576bcbd296388145b23
hprc4_L100_9850	b302852f951b5c15852087b8ff3e9209376f5767e4139a853ce5e41791555bd4
hprc4_L100_9851	40d18f7d03052400f8f4616a9a4410b2465294995c4d20b586773b0eb8be5735
hprc4_L100_9852	18151948ad276f5ea76844848baf2a25ec39294f3b7a66e1b7797b1f484b2deb
hprc4_L100_9853	be5ca44a36d7c4dbee691a5c0bc8551fcfeb11a26e6e5f5699d85d4da047fc4f
hprc4_L100_9854	4bbd482bb43d2f4ed20e17271135702e18c3e258a184338b2dd04625962350a0
hprc4_L100_9855	2b8e2ec446b9c8f14da99d850302049fcf84a8f39af77e633eba94df88b19679
hprc4_L100_9856	f9e9925a7a3f1ebac73f10877336b003e55cee8bb19da25b7f018ef870a67fdd
hprc4_L100_9857	7828714ac1ede7ca154b4e560be09a8bb8f9a45481ed1feace186e5df58e3504
hprc4_L100_9858	cf4383fed34906c5bb1036de02e10c970e9e6308362e495edef12d82033c69ca
hprc4_L100_9859	3571d9c0c80c4c4d6e1a1a77cf08ac8dda99c030b6a9109bc4dee28bcd2709e0
hprc4_L100_9860	4a7e3b552ec12ffa8331f218cdff1424473370d42cd5b295c593261a69ddbc6a
hprc4_L100_9861	4c80b300777bd70dec8134a8dc32e556e2b1bdf03f2746e769128f468bcb27f7
hprc4_L100_9862	e0252da4101dc81f8d85effc20f2021a47dce587cd23281159bf57dc0c5701ce
hprc4_L100_9863	06674f38bad3068aff7ff09d6d13b9ecb543f2a12d99aecaa9f2da0c0de49765
hprc4_L100_9864	a4128c6378d89d56d0689ff5d0f9d137950a4965a39d569aeb1f340b27b1bfa5
hprc4_L100_9865	ee7207195f6c52f48225b9a13f003a3a07c319fdb3dae127ee54e353b8fa4c85
hprc4_L100_9866	55c0ed7df1f6e4ac845270c4d6775acc79b8038973f24de4b82e7edb5d867677
hprc4_L100_9867	ede84d8000707bb56ffaa78e602827dbb1531ad0e5893f985f129d06261b17f4
hprc4_L100_9868	151b69af7c33a143309b01f91318c652df60c74a54f19c51e76c699a85525992
hprc4_L100_9869	0ccc8fdccee6bcafbc3f3a1f5380484d14eb49ad280cb86859ffe8cd4f4e6722
hprc4_L100_9870	ede5cacb8b11397bbae41fb8460617e64c7e317be31d30156eb02fbe816abb27
hprc4_L100_9871	eaafa1272067487c8e100c29b111b5123511232fee5cfdfc3691d05d0d4532f2
hprc4_L100_9872	a709a1c8c3e73c028d90253e0e278fc97e07d925516b8c58a2fbf38964313285
hprc4_L100_9873	b6364610ae53d5e325629bfe47942abef52be20853cfba42cc862d35113219d6
hprc4_L100_9874	1c88135e2849df3038a680bf0fbe333028eff7a08ccd7c42f0bac59252101344
hprc4_L100_9875	4d3048963bb7dddb668791c7ba8320d6cea09620d53658f92d2f47fbad38d744
hprc4_L100_9876	5976dbc90025a1c2eca9b9fd3dd1761fde222b17cf24ea0c88cdf632272e8697
hprc4_L100_9877	6c90887e23edf54e080728b4a89b4b9d30eb8549fdda641cb0602dbbeeeb15c3
hprc4_L100_9878	9826df4f65fb84f60de9479568d4998b8ca5b3d909503bcf71b4b4aa4bafafc1
hprc4_L100_9879	8861379cc6c4025d05e290c491e8824f72d15a6bd6f26d4c7b0deb8da3f7eda2
hprc4_L100_9880	57e652e3e986ccc73e27ff59d84bac8491a089b4ca4ffdc84f9dc3d2636cd739
hprc4_L100_9881	419bc70cbd33e81515f8ffd884f0c408246d417e3b6e476d89cc1bbaf6fc9651
hprc4_L100_9882	bab515e1d4635a6e64f52baaa586766cfcaebfea76d19eadf60258890472a174
hprc4_L100_9883	6996c8d40e5fae676bb6a4cccc059cda25740f15e3b24c18df9fa4421776d91c
hprc4_L100_9884	feff181e75bad6e8402880b84846c24ce345ce25174b31709fba08b2355932ad
hprc4_L100_9885	3c2c1442e3a9e38257d09ff6aa431cd807db75478097e9e901070dcd7453c36a
hprc4_L100_9886	11ac76fa4cfaa82082f1651563df49d9e3fee1c08d425fa7f3c90f5d69d9e7e1
hprc4_L100_9887	7fa7fe1f2ba43125d808c1d73f6f103cd8eb7859e727edd1433e0537bb0ba5fe
hprc4_L100_9888	116b66485fecd5f971cc4a4cff38cb999b3b4728bb0af36124e4938a95db219a
hprc4_L100_9889	89b0fbdbcecc5d8acd75aa4f4b74240e18de3d940cbbe2b894d3ae5fc62f0006
hprc4_L100_9890	e1f7e45874539cd041aa06087ec6613e6da51baf530d419cba0d0031c7268d7d
hprc4_L100_9891	2ce0b56dfb83db0130d59472fe4b935126620597bf9183123d2609eb164eaead
hprc4_L100_9892	788c7930ca5d3258ae7ee2fd67e16efcf0a2edf77a09935ba379887dddb563bb
hprc4_L100_9893	c12c8eb132bd0baef60482d6cc978e14f5a1d55af55a56ad8972d0801decc8eb
hprc4_L100_9894	8630a4768a6ce955afffa1568e646af44e1960a0ea3c68d7ffffccc8cc310f66
hprc4_L100_9895	a4183266cd4ff027a7b13e9a2da68dfe728f625c2cf1e03ffb2a7467e81e7280
hprc4_L100_9896	d3a93d8dfaf3cd97e40ba6664ebed9d121e263921c0a08600d79523ff10a272f
hprc4_L100_9897	bdc02b7486d3ebdc32d700b04413d0b01842e1eb250e7197da0ee76d57c12fe1
hprc4_L100_9898	592c7961fe41915a3df5c257e9693c1a4e35bc4c586d87be176f31720714c2a2
hprc4_L100_9899	60fa288228c98067f1505deeadad59bb8fb02ee75f5f4fc61925d0304ce2af2f
hprc4_L100_9900	a3ef25e819ff0e86fed9e5d467dedf1de67b667eb030e29de294a5dad8c270c4
hprc4_L100_9901	f7292d98df77ba76aef1763ee7119c69deab3722de36c185052e5b410ce9e05d
hprc4_L100_9902	67a81541ae201ed300626cdae64c86e803d0d7226ca74e2accc8923c11079692
hprc4_L100_9903	142bd62e9f8f3cddc0e1b033a4382a1cd42e446fc83eadcd58941a77195f1d6b
hprc4_L100_9904	1c9d43e95e16b1a00368ca49b6d98d89c18bc5998b9e683fc4288838006eeff0
hprc4_L100_9905	f52db0da800cffed05e1201ba8b990c65c86185088c53a08d68ad98362e06b72
hprc4_L100_9906	3413499f274593834f689ef1132e19d1443ab4c09b41b8b600d0c21d104cdc37
hprc4_L100_9907	91a2f6b25f311b6bee3c9ebca0ea10c9357a8de9d15f6940f87d09f5599aac8a
hprc4_L100_9908	968f6a83a790f6475345ee6f82a42ff3221766bf5eed836a960d61c74731ef62
hprc4_L100_9909	c6e7dd1efd0852c581b782e0509eaff901589e3693b78e3e8f3a9b2e80865af9
hprc4_L100_9910	7032bc425280b8deaea5b773d0b87d312e1e3c0d081c0fd83dc3381e2a839148
hprc4_L100_9911	1138c61adf7a4cfd29437bd8b410ae7405076069ad01488c3412cfbc36dfaad1
hprc4_L100_9912	90d51b3f6c304779c268e36ae827a9eecc1d868aeec03dfd182a352db85efbe7
hprc4_L100_9913	04c83b9879b3e39ba672486a4e2c0114316610ba5f24f6603b809195845f186c
hprc4_L100_9914	82cf092b5357b6419b4e6ceca33d648a16af0abee8091ddf5dbbeae812670108
hprc4_L100_9915	ded2c23b57da06d5b99b57993ff61dfd5c02755f54b30e0c0ed7ff9fe6f2d2c7
hprc4_L100_9916	5fe5101f070f5ae708d28daf47e1d1f4ade249ed4352f4232849319e0c623bad
hprc4_L100_9917	4a6404a98f02cab0c94abc6c483caad60375fc50b149917637867092ee5984e6
hprc4_L100_9918	69317554010f0c294d65b5c547a9b3a1259cfc8c016ee01ab736e44f3be5b7d3
hprc4_L100_9919	45db3b76d2e112430881b795fa9bd71fe01c1bf28c58fa6e22781661ffd2c863
hprc4_L100_9920	26fc3fdd05be98080f3d3f6efc77d73da0a09476560fa22689c9dc4bb538c5b8
hprc4_L100_9921	8a52ea76ac2abee7d0d46cd978c5c0f91c662984b442016a4f9ced0cf7260e5a
hprc4_L100_9922	2a4b1cbc4bcc03c582a0d136a45887e647fe24a01f2bc501b3a9a6d6d03a1604
hprc4_L100_9923	b2bdd45020de46f627a21009379bab93dbb0668c762c507f0e2f3dd08af85b03
hprc4_L100_9924	9db1f7bfba358a1797ed0509b695c57cd72506a4abee3681b0353246c4a354d9
hprc4_L100_9925	6d7c79fee4083486852005ec8bd63a67e455c3058565d43a1ad57141da53f9cf
hprc4_L100_9926	3b9c17dcefd9d1195ebe9ae17b81d432971da3505f4c4dcda95371633ecdb6ef
hprc4_L100_9927	8e7b21c3deffcc970913dc59f0463fd79c51ad40003372df4324c3a5d8b85aa7
hprc4_L100_9928	7e71fbef5b20bd11385edee990b3e88999b5a009f0484faf8ebf9cd9d8d2293e
hprc4_L100_9929	1d1c5a01d3cee55787325b86a2bd4f5a54efb33fb39b039d077e341d500252bc
hprc4_L100_9930	3de645f7213db6ebc7fdf5811d7255710e976a4c51baef6d5d5d49c615e1b34e
hprc4_L100_9931	5f63da5e37ab9eb1577ecadbf693f513d33cd88e1a18af075472ee5834f72db1
hprc4_L100_9932	f6f4b6f069ea4edb810e6dbf8d95b723943cd08c397c2df209f73f08efd3970e
hprc4_L100_9933	d09fead0c3ab6d4910696ba2c164d7de7a2efb36942c3fd8e89c1eda279bb74b
hprc4_L100_9934	43b28280f5744515a14ea1332fecd0e933e1a49efdecbf836f9e7b6e1193bcbd
hprc4_L100_9935	29335432ff7fa11e6d557ff2ea9c6be31190a5574b43734811a754846fc6b69f
hprc4_L100_9936	de010e96587036ef68e280727e718d6ed841ab0bbc41c529ce939422cc4fd5d5
hprc4_L100_9937	41d1f3165c85c011a5773f886fb7419931bd11f90205fc241cf06a4a1d6f18f9
hprc4_L100_9938	1983700d032ab3dab947e3b63df8a289448500cbf0345322c392e5462264e7a1
hprc4_L100_9939	f1f3b490b3e89894edd6695e4ade73bd39d18374f50c88e11d35b139fa4825a1
hprc4_L100_9940	7d0e0872b0c4becca3dc09e4759c00366d7fbd4c25360174934f371b5210901b
hprc4_L100_9941	54d08156b73829d4af5051f75e446f978546ed229a270ec9fa9540728f7e5b63
hprc4_L100_9942	6a6673902b02b3c20539a1a6e1bea16f3f96e7ebb5522c4b4f63cb5738479975
hprc4_L100_9943	1ccd3e0cff58fa406d3faa8c569109274028fb346d58e6399485a9fdff506349
hprc4_L100_9944	9a59c01a2a3fe1602cd30d8daeb5ac92e29f8a23b8bdf4eedaa3e98b03079af7
hprc4_L100_9945	b068d81bc6e97815988d29540c21e337df4e65c241fd5b5078fb9e828dd588a0
hprc4_L100_9946	4723bf81c5b40df19e71723af8916e33b4a02526b62d23b9b2fe8d670f5bbb67
hprc4_L100_9947	c8a98a400b2e4bb718ca15e83d4502bde9966d19579a359e650b2e4ba7442df4
hprc4_L100_9948	27a0c73589365a4f01f39688127f01ecd6b4ea62886bc55b0c4c2aa979a738b1
hprc4_L100_9949	30ae292bb4ac74d1d332e98f2b9785890decc3b319beb635c7b2f11d8e131764
hprc4_L100_9950	9c03929b40c64b315d1c6c59c1699871b9d143aa64ee04af392564c6bf4a93e9
hprc4_L100_9951	596bc72c434c29ac98365ca73eabbf580c2e6c801e9083083b0a6608cad8d9be
hprc4_L100_9952	bf0094996c21b7dfa4612fe350aeed8cb828020c7313979478e28010d18495b2
hprc4_L100_9953	81f177ac25195b0697871b1facf7ad7e86bb1b701fb159d51e09e1761b707e1f
hprc4_L100_9954	6a9cb28ec92e94a6bbc15ddd5f6f51b0a94b464e4cf343be03cc2f6b2447c2d9
hprc4_L100_9955	38aaca6d06ab1ab2225d9d6597c1d6b5f4e4e4fa8808d09b486aba4578a48180
hprc4_L100_9956	a729cb7faa05220e0962e75fd960a76718912bb71af6f59acd8861d3cc17e86d
hprc4_L100_9957	fe4de4eda3b0a5b118d30608213212d24ee916cc3459dc18177e93ded68b653c
hprc4_L100_9958	5bbefaf44c5b9aa8a869bb1ef31153d295a695c68e406b241d398f282f73b5d0
hprc4_L100_9959	be47e42e08fc8788ac3962eb7c756a2b5317fa3428c00d18072f16db4108fe9e
hprc4_L100_9960	88867ca50cdf39a0cddbdb5d730b41d86accdb0b766eade56ea8bd3f45602c5a
hprc4_L100_9961	beadc5b1a424e50290049055522e590cb4172acc1e35b3ee1a1418ca6ad21d60
hprc4_L100_9962	6ac5aaa46ebb17dacafa2d5e88f5cb84b6c06b5c977cf4e774e4d67fd4e4afbd
hprc4_L100_9963	2c63f487906f65b53b2b9d55a5676dba6d0691c73dcb240219657db4b61c2029
hprc4_L100_9964	f315264b4aa54b8db8c7ea6a6a05877a8ad28befc454580ac81c17ca6006332e
hprc4_L100_9965	82bd6731a4c980da9f5c8b78588b1828597251db22101072d9b65117360f6d53
hprc4_L100_9966	08824436e2d0dfaf600fa0d168c18663d3d58d2e36343de63a73fa09ee90e0f6
hprc4_L100_9967	eb1c6b70c104d16f9c64c42cbcfab37f62daa931563dec655daa7c753cdcd3e4
hprc4_L100_9968	f331a835d66799d6017bd967622527bde53a1551540284e9c3ceeb9de4f4b636
hprc4_L100_9969	21e68ea568f923c4d32f7e5190075edef545d9a2859c4357cea42a2aad347ba2
hprc4_L100_9970	fb9d0a10e05fbb96c97bca1b90014c034cd332eba11f8f259b969855c82c97c7
hprc4_L100_9971	e55a07794532beef9071e7821ea4d3597fb972741c29b27bdbd36415e27a03d3
hprc4_L100_9972	c6f02d77ccb4412a00910d5090d1e3161d9c9e6af66ae7de4283c7a8354f36bb
hprc4_L100_9973	16ede08b85ac09ea9bd26974617282f6e1bdcd11cc275866fd4e80414cf33f75
hprc4_L100_9974	96e2b311767ad2be7721fb5adb791ae2426b69d6741f2f71f4b8182d35b40c56
hprc4_L100_9975	5e764ac8c372c8b2de7914c4f5ce1d61976a319286266ab80d64513494ffdbe8
hprc4_L100_9976	6099dc57af043e9c2bae98a454d53c619f151f916db8aab8359254b211fba7bd
hprc4_L100_9977	00f7b8c9cd835168e85c1c15fd3db94c62bfb6ebe8349661c6a858bb74267cda
hprc4_L100_9978	6d6abc09a2acddc7c0b0e56412d9364a291641ac19196cddf1dac5fc704450cb
hprc4_L100_9979	ed9591cb911630fa21634eddc32cc44559acdd31a90f5d764ab29bd99b10e153
hprc4_L100_9980	2ce09dbf57b8155e6ddaacb3624ef7f1d7375e35600dcaa003d1bdcef7195be0
hprc4_L100_9981	c9e06ce57d68295769da0a6e29a5cd3c5f25e3912d2ea1083395e221dce733ad
hprc4_L100_9982	0d708f5b4ce9a8cf90a6530b51601ded4995b42d196a71f099ba007fdb274538
hprc4_L100_9983	d1d87e489c598133435cbd7e36f548ce9e6960f954fb5e957531dc9efd320ce2
hprc4_L100_9984	641da842779a0636de2ee3f4e3afbfbeb629f4a4ca92d225b671f83461524485
hprc4_L100_9985	6bfbfa0c3191892f242b383c2b26a236ebff21d79e5e32d393efef31c43a1056
hprc4_L100_9986	d344cdedfda1781b29bf3eb9212c374829863a6f2658d28eac8c4fc64d28b088
hprc4_L100_9987	52bbdec42bdef1348f7354e7790bfca61f4724863dbe1bf73bf12a715bae4a06
hprc4_L100_9988	4728c46a5f404578aeb03c9ef74a06c85cfc5b85c0aec7270ef1216fe27745ae
hprc4_L100_9989	b26e557877710c98180610b99b0f3d337d7bd7466361542787651ca90229fcdd
hprc4_L100_9990	181b94c43055166d410a6c4012b4e1ad91fffec86ad4bd0a35b2e7ff5905321f
hprc4_L100_9991	a675c7d2c91c40544df63a4696bd09ae5c896ac486b7848fe53abc4d77d6b7ad
hprc4_L100_9992	729001fafa67c7063a03f82213743a8d058e6ad806bdb32699a091cdba89aecb
hprc4_L100_9993	dda2a7866a89a90df9cb6028200457438de6e2215f1697bf07aa30135cd88cbe
hprc4_L100_9994	a0c30278b2ff3a69b61c140a696fb4d10e7a292ac0402bd1e30427199928298d
hprc4_L100_9995	a8a5e737cbf022aff8b4448a7b908c7c476891daf75d233fdee485893b83c2f1
hprc4_L100_9996	eabcf33db95deaa8a246d5195dd82a6c4cf621b9c18755b9327beae7f2e47fcf
hprc4_L100_9997	afac214e3b2258338ba0db8fcca2c752829b1528310220b09f443b76f80bb73b
hprc4_L100_9998	79dd6712acf662924f58184927e91166dcf250efb681eab162efb4f8b0b4268e
hprc4_L100_9999	46606d1544756f2e16695a98223d751de0d713406a917dd722875b2e0437da60
