id	sha256
t2t_L10000_0	8a8190413d6127f000126f3f3af4594e72ce01fe7eb35068b36b2eeda92ea52a
t2t_L10000_1	7142d42ecfb9a9febd3244b12b60fd20c332e942e5d3254c7103d0b10be5611e
t2t_L10000_2	a597b1c19ab803ffa3d08381a30b9c0550b6dbcfe1189eb14651789eb68d626b
t2t_L10000_3	1fd8322921f9c23a45b6e73771e493db3301ef5fbae17c8ce46a68340c7e9f11
t2t_L10000_4	fd3c4476c5d1a738bbd4558da4b0023fb6d8deb177721b01547407fbf0295862
t2t_L10000_5	83fcee302d10848ece8a7f479a3ce3c0f75e0b1a26c3d72e159530493492160a
t2t_L10000_6	f4d9ba279fd5b8aca54502f968ee3eb3727a4d683525b10ee6f561f9404917df
t2t_L10000_7	eabd5452b2d6cf3b3142c62b92975617a97811dbb8bd492b30441e0e19dc6a04
t2t_L10000_8	8bf95bc5f001b7ae9f063259d4c9cc740379eb977192707dc464fb39bd812752
t2t_L10000_9	d8b5e79572bc578d22c96f771b2a43b566623923d47cf25c1e99ae2316a65b77
t2t_L10000_10	0f97cc6d219eb98e54a6ec85ec67f39819ac181ac79a7bc8051aa9e7e33c8b9a
t2t_L10000_11	57876278a0997363010ba973994898ac2643049715a785c72c092d47e10cf7d3
t2t_L10000_12	44368c3ec7e07ef6bc08580ceb5ada0dc13508d51e640b004b44363df24ed84a
t2t_L10000_13	6892f4a0f0080acbb56a71421c8c221563ba6ac43745026893a5edb8d02dca6c
t2t_L10000_14	0f007137076b489d26cd18a7ef259b4a30adee3f0cc2ba7d4ac9a1681e2187f2
t2t_L10000_15	bc8f610d8fee9aabc4c75fb3f94b603da468ef2379e73b4b1698e5696b2f4951
t2t_L10000_16	a448d8ca14cd930809137722c87e2b0f96f8645325cde39120c83359a2fbce7c
t2t_L10000_17	0308086f808ac390ace14ca28511c2de15dd947eb3320441715f2a23d5ca536e
t2t_L10000_18	9fb013e060788a10e7728b3192b3be9376b4ed43f610b725383f3b5dfbeae183
t2t_L10000_19	27d0925d4f71d8a47b6c457103206c80e34b6eedc204c3512c210af3e7269ad8
t2t_L10000_20	8f9ec68f50e77371a0976fe64d6efeb335ff67055976c9d95fe94b47b07ccfd4
t2t_L10000_21	dce7bd927857f49e8e02191074b57935645ecc8c094d021d2a47511023001aad
t2t_L10000_22	a88caa48323cbe3addb4e210e707191a56184fd41fad14ac7174cc58a4999912
t2t_L10000_23	929554b1ac50ccfc8649432647a671a68173e3c8da367381aafb4525511b5fd0
t2t_L10000_24	3dc197d3e4c6084bcd262e9f7f7032246ad91be0ac3a4bc0939008e94f34e919
t2t_L10000_25	7736f8769ed9de96d3aa1976fc5756489df1dcd101046a220a69d2b87cb1b65f
t2t_L10000_26	95e87821146d5cb28be06f309550b372dcd6b028398a3047d68448a948e45018
t2t_L10000_27	125b3c8b505bd58965d44427410c07ba34d1f8c930d65c4cda3971da373502e9
t2t_L10000_28	1e848f71f937f88a5f4b76ed2a68af4d9a47d4248e17bb24177d2b319f5ce90c
t2t_L10000_29	51aa9c0423cd6285b86330eb93852742f9938f6fd0448f9cc772ae4f7f0ac1f0
t2t_L10000_30	7c0db1101b5dfb4eaea9bb4324ac9ebde34d2f7939b3aafab494d5202f9ddf6f
t2t_L10000_31	3793b956716be9790f4537538d25fa2e988a1340c378d0790acf5a691deefe32
t2t_L10000_32	3edab402b292d2e0312166b5c7cb050904ef21f8e654d2df7d9680af8a3de58f
t2t_L10000_33	62cd0cb3c0b7acdc8a4135f7ffc2bbdd9f8966a6bb19ad4b47109cd435f7523c
t2t_L10000_34	e17db2c7e2bf6ca826a18b17c6aafced3d3416b514439f7050ad5bf0b5a922df
t2t_L10000_35	4ea5c4f8290569c334176e5dec3da1f38bbdeb9d523eb92185af29cbd6531f75
t2t_L10000_36	4c9f06e7df6fdd5c9fef8e3334df7de97c034c2f3aa1035f43c8dd101f550293
t2t_L10000_37	1e53e3ce580206e5635065c343524e187963be5cd70a3329349cce80caa6f9d2
t2t_L10000_38	4341e5f83cc7711edd90cdfd830c7021b18d9c2095981cc7be8fc072a0f6e995
t2t_L10000_39	823a20209ec8e2301582c049e4d2a4a658ddb86ea9e7bdc23ad517d86e7b73ee
t2t_L10000_40	3792aea669a5686def7079587acfa9633d9ff62e9d64a477e7215cd40dbbd476
t2t_L10000_41	754808906f6390dc96bc56a462daf5dc3462ce381fee88ecb02da4d1d1571734
t2t_L10000_42	bf097763f669b79f88ed083efe6c93d51858cb983ce3ae8e95772d68e0de652f
t2t_L10000_43	f33729dc5ac690008ae3c98e88cbcc9656bbb3435715a5283552f78c1b1afbd6
t2t_L10000_44	ae8892140b8c02049972170228f926615d878362f904b4f75901b05e67173a7f
t2t_L10000_45	6270590ec68ed471977729fb5c0f2e662facecfaf1b87a90439e39c878efdd49
t2t_L10000_46	7d10e6ca57570a1471624fa90c63849abe29e31576306275dd0ba852caebf3d9
t2t_L10000_47	e2e2a845bb99a37b6499b95568778bcf593deb9ffc3f23e0b442c44ff3ea4234
t2t_L10000_48	d666f2e26ad3d619c85f3f69c396815a12ec965eb104d715465745302ddc4f24
t2t_L10000_49	025766889db36314e7614a6bd778b9886c6535b06ef76790d1a5deae57a49e67
t2t_L10000_50	a555ca6c9e083ea043e552367ab580b859f12e24f07415f20ca2359ad929bad9
t2t_L10000_51	4a2bd42c23faf0cec0617aac86bcbb420708da1f5b83b7b8036dce35b0241fc8
t2t_L10000_52	f6ccdd8e3f6a74d8e21e57f127d95df206e0df6918691e28fce0cacfebd74d9f
t2t_L10000_53	34868fc4ff304bc31cdecff82caa987a3c48c80ff71f57385ee9d6fa26d7db43
t2t_L10000_54	094d0860becd73362678c70c7b8e5947962ebf316e8075c6230b10542e268f1e
t2t_L10000_55	7e7afdfac428b4a4e1056bbbb0f1cba36a077a04063b6ef3753ed66a33404948
t2t_L10000_56	87f0e49e835e671163e9e44cec2ef15a777c456c4e1eab3b77f0ddccf87778ae
t2t_L10000_57	67cb1f2292cce8d23dd0d3e71d5476a061b05545df37516161d2c7d989e1a1fb
t2t_L10000_58	22cdf1316fa4094f03bafd53fe4a8a930ef1cb4af104c85efaa93cedfd8bb428
t2t_L10000_59	a9fd3ceac6c8b7e97c30e2fdbe1b8232fac8e2ae63f571af053f90187fe79c78
t2t_L10000_60	575b158f7db8bbdf8c024f8563a90489e0fb361a458ddc45f1dd451f9d8bb90a
t2t_L10000_61	8e6c819e5151d3cbf6c713e81eb45867b31d7ec2be444932040e2d25d0356fe4
t2t_L10000_62	adbb3d16c5de9481e6b92be056e9172f2e94fc216aad01bc8b323467ba8fb934
t2t_L10000_63	9b4d5b7617adf102cb2fd6196d89777547b22cfd80d7ad1fb37f84e94218d1a3
t2t_L10000_64	93df7f1b1e553ce28a4b792af056e1535da500d4e76fb0864ee660b240fcac57
t2t_L10000_65	8c81d53ce72a0ac63a6cbe19c57ebc7cb602558236207343f1a0fe4ba4b4cda9
t2t_L10000_66	712e7241214828ae7d7616cf16c66e38d0b309758ce22a7ed86746959d58dd01
t2t_L10000_67	8b160ac9ffd54b32e0b0b99e98120d4a071bb1b8c34f1af60f535e7419ec4dab
t2t_L10000_68	613f4d4803e90514056c1bba8236465ba03abf402e7ec191538f6a053a5ecc6e
t2t_L10000_69	c17ee3e0f4a1757b38e66aca027f69e535a0fd453d921e3141eccc6c57d7ef9e
t2t_L10000_70	343ef1275c3f966678ef1816cf36f70d21fc458569f589e703085912c14a0660
t2t_L10000_71	14bca67a3721032310ae5c6a49c1ed32d59d1f12313b30396cef6bcee6001314
t2t_L10000_72	9bf36bdcbebd461cedf3c28bd66b44cf9ff2f8db862a10756c0e783031dda14d
t2t_L10000_73	19c31f2077c186643ad0353d66ed881f9f8ecb873a70b63a2eb307961085c148
t2t_L10000_74	9580ceb8bcbb15f50334bf2ec82ffe4f4a41b77492d9d2b08a0f278825a3973a
t2t_L10000_75	9658dd3c68a6241aa028ac06de30538b32371acf9e95d511c0c5c85997c1060c
t2t_L10000_76	6b61fd8bb8b2296ea93fac9ceb0204743682a895b3fab9fdf04db6c3e23383ee
t2t_L10000_77	7a2d41649a07f9646592375800546582640618fe960e6ad84766b678563d2e69
t2t_L10000_78	fc0e4e588fa2a27ba907d142932ae25a17e52c3b77fff8bb851bc0f03ac283b7
t2t_L10000_79	0d7b4e36a0be412369bb9400f9e7c93ef0f4a187447c1e24e607fedebde37592
t2t_L10000_80	466076c0ef29db241d1a0ccd3dce7d54d010bb0730921d41227966aba1ff96a3
t2t_L10000_81	463642204c7f36627c39797981a9d6737ba10d02dc6a0daa04afc218c0518172
t2t_L10000_82	477287f6a9df467b99098e542e037d7e302c49f7f4d8c988c90b7b72306d5362
t2t_L10000_83	66dcc484e7df972b6b62ba528f316734dfac4caa7b73d6e6fec6cfa23eb86a93
t2t_L10000_84	d62e58d88dd531d1499450a5bf566de1efe9dd0a449f4b961864d2ae0893b844
t2t_L10000_85	20a31c0525eae994957027edb0162bf97de1d6d0226e579bb0c3be3e83d011c6
t2t_L10000_86	69f3eee13a40525247243e89815bf776aaa8d3fb3f06e9c2d482427973567c2d
t2t_L10000_87	9d70e49670baa455ccfc0ad39f1ceaa26f4ee733f796c7ed40800a2f87c6f064
t2t_L10000_88	e1e81a6488d93818ee53ce81a520f6a3ef9b3cb2ad54f1611aefdbe13eaac168
t2t_L10000_89	87e3cc456f7bbb7d62e5f39055cd8b135ae4d5ca4d9bbcc5219ca2006efbf590
t2t_L10000_90	2ce2fdd9e33fad4b33ba155f0b1632c7c3ed4e2a08af217be3108a47003e2a30
t2t_L10000_91	942452411b5d620c1c6c7511513ed42197022f25de1e2523b618c50764fb0d1e
t2t_L10000_92	b275f3f97d6a4964e682791fae7aaf5d1e04e74d169cc22c583f54062fbe38a9
t2t_L10000_93	729f6b729022084793fa2e3e578e259550546b68216adb3c9915e4eca9ec9495
t2t_L10000_94	bccdc5ba5a84ad6859d79b99123fd6cdd9813190144a35c0102c6f2e7f4bdb45
t2t_L10000_95	a83c46010212771abf9e4eeec5352a607b9a574a1f2d985170b4be30a54e0b38
t2t_L10000_96	48f5136074ca6ec6226b04d70f34c98bf094825232b44a268a7bf472c982d7d9
t2t_L10000_97	75f0ab49741a239c8adfea53ed11783797439fc222bc463bccdd237b55e408e3
t2t_L10000_98	61e3aff66fd344e7d73f40a81396d13e08895bc76797df97ab2bbe2766a84681
t2t_L10000_99	c52ebb1f812099184e598e2a9532858dcd064fe0af74024cd2868e557c1ca263
t2t_L10000_100	1983f0f5b2672bac50b56d85511dcc7d112d13d4a4580a8dcb47132cbba9e08f
t2t_L10000_101	7780e636060f1448bc162666a11a814a6fd1ed7f78e32a91564c3e1af1c27805
t2t_L10000_102	ed894cf4643bc0883d1ec60eb144f67c8d127f6ee88913a414adb5b4fd40ae47
t2t_L10000_103	9a5cdf1d386968fd1c8a4a12fb145fd68a070122477574a09548d400a31b3876
t2t_L10000_104	4c0ed459ac5b9865c9b76541c54acb86839efc21915abdc93b26849fe7268abb
t2t_L10000_105	96ec12a5dc4a3c1e26f6b4ac1a150950d60208cf09c391b99ce55776dcd6e49c
t2t_L10000_106	559b1f6211207c4e36598c7d5d170e8619a39bb45550083f88f371e9bc833d55
t2t_L10000_107	4d1f38cde3b225d913914b0d1cfdd396de67be50ba62300b42554c131f6fcd44
t2t_L10000_108	265a039e6dc2b4e3dc401cc611aff247fbd0578404cca2e0a0e8701b2bfc0070
t2t_L10000_109	f3ab181ba49afe64fb91f69b00810102b3a7216e6cdf80589a9b05a1793a1868
t2t_L10000_110	992bf3d61ce315e15daf4b06f91648e5a47628ab1949e567a200afbdb064d941
t2t_L10000_111	cedcd916012b5612e10bf738d14c4821df4f5e950c5606da88e1533e5ab18240
t2t_L10000_112	66ae0dc1df95cb6f6e36a85584c72d3b604ef24fb6a4f5ee4c6d12f5f7d2161d
t2t_L10000_113	3088b9acb8fa952651d4a87f2f9179c1d327c83dabdbcca62e3204f2c7d10dd7
t2t_L10000_114	7d6e2954a3b4d1a224d4a47d43fd820f05f0234d17ba52444530b904c0b748e8
t2t_L10000_115	e46136905745bdbe17f1fa0939cd794df7014ee4e1d8f59cd6bfda510d2de7ba
t2t_L10000_116	49357f0ca11e2417b6049365eb5f678687f9f77832ae2f80455524062ad979d5
t2t_L10000_117	41d14870e664015891c0c353f95fcfdcb89646979817571d9192246fd8c2c190
t2t_L10000_118	e6096e3d5599bcae68f58c499026fa4e3c19ba9f90b7a88e05c7367a54f3af43
t2t_L10000_119	1a5fe200af13c2b4f1f7031898acefbdd46d79a2aecaf6800c15e63d1e9ff73d
t2t_L10000_120	f8e7ef6728072b618005e6b4f3e995d118ea56dfa3c7af4a56f02b77a41c8455
t2t_L10000_121	26b7aec5c9642433dd90ec89842d7bcfd38f64ea13f5524f0bb42b324121d7b7
t2t_L10000_122	d7712c1ea36f9baf0ff351f7f4c6515015c734967d3f6819d8a4184240314fac
t2t_L10000_123	8eb28e29aa304dea03dbc3794516d4262114b54aca22b943f8cd1ef921035e44
t2t_L10000_124	18734f2183ee487f66b57fe45d9f53c5e6b721a619ca5f3ca1bd25433a46b0c4
t2t_L10000_125	cdd09d8ef89b80f06b8aee44b4754d7bc8b8c007c693fcdf14f73fec51156e65
t2t_L10000_126	79671a2ed59c8f5d1d3b932ef20ea45803fdfe8aa64bffc9036734550f90a3fe
t2t_L10000_127	c934a5a4446c8eacea37a132ee89a685393416a22f9b76aec7cc7c4d297e89a2
t2t_L10000_128	4a53d295060a48a26761bfa55b278a6d605ab07c981df72b2d24af4938b594e0
t2t_L10000_129	d01162767c058c7ea5721c7ab0ac9af67bf61d0427f9bc1759f987cc4bf750b1
t2t_L10000_130	3274b6a709b78887388a6b3bd7a36625bbbdcfe9ad9e46cd9e00c92895c4c68d
t2t_L10000_131	831a80caedaeb676ff8d3594ee49d01dbcc9dbf1e6aa5ac573c829d5c2e27fe1
t2t_L10000_132	8045b81a589cd0782ec53c905da0409b8fa6df578f4330d17219399d18aa2758
t2t_L10000_133	0db94e138108feeec64562ad433da2aed8b56654ceb65e9acc9e66bb660b9105
t2t_L10000_134	74e5296b47af2a6a67909b4e39690201ba7d02327b074d34ada342eb5ae3c94f
t2t_L10000_135	ea03869c091c553e225523dc9a81efbef392b89dc3f41036dfd469f999177c20
t2t_L10000_136	b12a1b584c87145a5f2251304954adf7509ded7f7110ef6c685715ab5a39fc09
t2t_L10000_137	35735c1c48951e22fdb6601ea07ccf6d07d859eadb67ae749c335a0b8b6d072c
t2t_L10000_138	198480c9f13a0b1524fa4a9af6501346779b99481648cc27b46a7aa804eaa1cb
t2t_L10000_139	c9c33c6fe52add1c701aa457aa154ea10c450b63b57268007729e44d3c5eec6c
t2t_L10000_140	44b3a8f618fe97f7cf11d5c98f991faa78e81692ff897c78e685655aa39248bf
t2t_L10000_141	8bddfd46dedadab3eaac6d825505e1e40dff7af4dd14eb3a93f294674fbbfa0f
t2t_L10000_142	1b7771a55d9b44e12a049a79cdcca050852ac38b81d9a2286181e769bf00f75d
t2t_L10000_143	8c95cd12ee745f4947e2fdf323f1706dcf34e1f006d9e6e04f0e02fb18d0f158
t2t_L10000_144	a4e802d98b85bb9bd06478cc9976fa12f5460054952183ab8445c6f8a35b1009
t2t_L10000_145	514da409b693c51409d0a1cd4f362bc04d44e8a8bfcb8768f99277122b9987d9
t2t_L10000_146	581bd32e3930f37be1283b65223f642ee07d98d1b3dbbcc7855c5e9f88035229
t2t_L10000_147	ad954c7734759b58d06aed05f245af2e6c1a1562c98541a47b7cf8422f72335f
t2t_L10000_148	9758135642e03bfd2173652c03e467231c7a6cd417dffce450759429771892c6
t2t_L10000_149	62d1b595773d48956e8f027543cd4b31c6e395800e5554e88fd41169b51df6a2
t2t_L10000_150	8a49a1627e434f60cfec03fdc6f16cbf2a3219cfb8111a4de73a3b3c090eaa3d
t2t_L10000_151	8a60c42388d931f86ed0836f8ae9d03b5fa05a0a4200dade5a59123700c95dc7
t2t_L10000_152	800884410f60caa973b5268adc1ba9dfbae30c0b100289c50a85d4254e3d8dd9
t2t_L10000_153	b99838647d1ff2736093e508f8ea8fa60923cd34450afa0b46305847cf271402
t2t_L10000_154	7739eb9f689d37a837db2721cd3f244c43f014b70977778adeb6c8407f62550a
t2t_L10000_155	3f0aad22d603e50f19e3487358044f4c532b730e3e430849b38c406bb5b4f77e
t2t_L10000_156	07063607b9ecbce7c57a1853ce4140c696fe7285292ccd9719d8b6f4e764b477
t2t_L10000_157	68b68ce8e0f81588cef27b1e6a042ade6381298ba0254b0d693a574bf6aef393
t2t_L10000_158	47acfb7c64e770bdcda5dc5eabd436f4e59894346f9f3e176b4240976f3d2612
t2t_L10000_159	9d3ac582f112e654ba853fb358d587cb32dffe285055246b20022f5261f8103c
t2t_L10000_160	b79e0020b772ff404c45b4c4ae29146248f7696d9cba6c31819ecd821655167b
t2t_L10000_161	f443b0e5bd06700a51358ea7fe170d52e74dcbc10ed9736cd1dddf47c204b901
t2t_L10000_162	006c2b5daf3a91adcb3b1d3b22b360bca1713e829da61abd8c03f2e35773aed8
t2t_L10000_163	ca9c78bc93004e644224fe3bf42e435df4eed2b4a0044e66bce26a611ff8f583
t2t_L10000_164	b11a3a6597a782d4176f68c2418888499925e10ad083b5d6bc9ae022fd25b02a
t2t_L10000_165	6c63456caed53082c7deb4f9baa8e263f2be39eda8f57e3d63a06aa9d41908d2
t2t_L10000_166	b8a6e6ebadcb7b43cc5138ce29eb162dd0272e8a27b44b2f8e2f8563889db84c
t2t_L10000_167	9a3920d34fdfc09422a3c5cce27bebff3fa6f1aa5d465c0da58d61f7a598b1d3
t2t_L10000_168	0c745fd082d12142d0cbae1b24fa5bf758068ae9f61eddc45648a775f5670168
t2t_L10000_169	dd899b106aab94168eca56d40e1cec7da21259be47ab8c05bfa8329d49f9739e
t2t_L10000_170	c601df07079671f3d0a39eb18e0c04aa28298770478a8398e63f7d049e3aa268
t2t_L10000_171	7813940ced96551d24ac7169a332764f77b3b1e681fe2be773adedbece682604
t2t_L10000_172	4ad03afd91fdd593a1800b110fcceb997447dcec11efc5d1fa83b434684aa258
t2t_L10000_173	7f3e725f238ba8a9e028c9bfa13d4f3f25babc2ead49f0ea29329a2440eebe93
t2t_L10000_174	4fa71aff9fc68bfff7270d434ba69e4ac55b3d4863a3b90620ff354281261c1d
t2t_L10000_175	127723f7692873b27f0a15d3a3585cfc636c696338758ea40a00ad1bbc8c0844
t2t_L10000_176	a90f74589a2a507fb3cc4824bfa1f641ae50430cd2ed9659bcdacbc62478b4c6
t2t_L10000_177	abaec3ae6e20f9dec6cc163b5324066b3106e2a4198b6e90e3717896611ff0ae
t2t_L10000_178	10a5aaf43721066959a0e5df228ad2c2905a449cec69abc519a4b7575d34e091
t2t_L10000_179	57207aa2616f4dc7f1d2a467a43a32a46a4196d13a96a2c40d66892e0033dfcc
t2t_L10000_180	9d8d67b21d18a94508c75310ce3731daa8bc96c72d839a060a2731be3c010e80
t2t_L10000_181	038fa5c44a99ff9c986be53a4b2c654747baa469192d716c93700130d480a314
t2t_L10000_182	e6b8fae3c147c169555b1fdc9a4b3efdda3708119c85295c2d82402a855ff3b0
t2t_L10000_183	c3e81e8183dd665efd188c2af2ac4b55ab24750bc855c3ad453cf95e144892bd
t2t_L10000_184	e697dd2a526c503ab1175f9011e686799dc545ed282f7ec3441f9a627355cd68
t2t_L10000_185	bbb28c49eb3d43c4f12814a487f47ad36dd7b8aef3de5e1865be36782bcee9b8
t2t_L10000_186	8ec915ea718314791c0f55b5b4a992437b8e92892e97926d94adc1006ca11dc5
t2t_L10000_187	c1325e62db489926e9f9bcb6c5a9d822d3391f80477dcfc019a8f202a5fd6ec4
t2t_L10000_188	66073a3fbb40890c81ca39f59f60b2cbd0439487a922210703690d90011d8b17
t2t_L10000_189	d22f3a972cfd34af13f394abdcbe7c1f19486c0c6731743f1ec56123dbb1767e
t2t_L10000_190	35f13450439c32387a0bb208ec5c225ab5e554a2598e8a196f45c098952f1df1
t2t_L10000_191	8817473a3b6ab1873ee3ec78645cd880bba9e673213b8edc33f13839a62edfc5
t2t_L10000_192	6029718a1517b51060df2009c708afe9b61a09d6d565e65abe0f40b72039f4f9
t2t_L10000_193	671043a23e8ab894b6140d8c4e4fed33f96c70c3213f4491a14af135ae975c5c
t2t_L10000_194	6e498c4d01276a828669aaf114171d9c6ec5bcc3c3d4329396e9ab973254b9e8
t2t_L10000_195	10dfef41a80af4d9e86643c27a0f6560f364d87c67d10021f0e0d4963d4d017d
t2t_L10000_196	2559d25a6a1979141c9a254deaa8dec57c68bcfa46637ef7d15e33d77b8481fb
t2t_L10000_197	85a7d6f83aaaaf735bef470a12c59923f339bda441266d7a0d4a462eb187250e
t2t_L10000_198	2fadc1e6fc810aafccaf06604792be17ce8c2a65abf103b2763fcf51e05f7dbf
t2t_L10000_199	0772b1aae1aa8e48806b062131fb9c89f2fa1bdd3324fab6c0f3a12459e4cab0
t2t_L10000_200	f9e8220403bf41d41c6f7f7370f4718ef5a28b49164f2495bacab9571df36476
t2t_L10000_201	c42da86a3c0c804e89ac3e2dff9aa8e8e1d3322944373f613b0812ba36b1f8e9
t2t_L10000_202	7d91145a9127b3b2aa67d2dacd33bc30acc8d081a5d6fa90f523052930ea6f4f
t2t_L10000_203	0b6e2f86eb0e27733d2df99da7d6f1e9c4855dc7d980619c3b2190403f2b15e7
t2t_L10000_204	ee03dfb51ae31ab72c92bff3a8971acb71caec9ba6bf62a71a6de238a15bdcfd
t2t_L10000_205	8e66accfe8dc5201c620a6cfc73eaf26b94c732add853cd2009a4082a9605e76
t2t_L10000_206	ea845d5bd711bf1393ee1514b4ebef817025dff53dcfae44e1d799b7ada7a92d
t2t_L10000_207	86952d7ff41439ef23ae136a1861a5665d5ab27e426b979ad2d635992c78a316
t2t_L10000_208	c4b2cd2f96f458734d3db0c35ea907d121f2ecd49db9285b19ecb66817f02cc7
t2t_L10000_209	8d0481533f094dfebbefc546d2d5ba93f0518be5761e804ad214fb49c64ded41
t2t_L10000_210	fa7eca6647c1669b92aedc30a1468c8f2aef957f05fff81f50ef7c617f44cfc8
t2t_L10000_211	63c0d61f045cdb4c362c3a25eb3e7dac66cddf0c954ea7faa2fc365140a343bd
t2t_L10000_212	26c2c445bda513046b20ec9fea43adf0f324b4cdc76528dfbe652801c1693e74
t2t_L10000_213	aba56664eca8a566451e3e05e5d6d3e406277e9ea09aebe2b1720c152dd6d8d9
t2t_L10000_214	efac711fadf7c5980b4d656f5463ddc62e096e530f27d7645ddbf237c4119e6d
t2t_L10000_215	da2d1546f720768d0db248b1e7b99de7c85d0b17a7ac7ea4078cdbe8bb856242
t2t_L10000_216	1a71d9f14fff16a26bfd1e98ecd7d98ed11c49c7948b8024fcbbda82f7d5b71d
t2t_L10000_217	4c9420704b60e74a02857c5f2133cd9aaf06280f0cdf760649a673914101068a
t2t_L10000_218	cfa0920e615cd39f1a44be631121190965bbf2d732b41905293f5f8dc530bfe0
t2t_L10000_219	910738330160dbcd11f5c56242116cbec699391beb05e01d6d6d3d536d716967
t2t_L10000_220	77a226bbbbf51f34c3bc4776fd93a282cd6446318ab5a81e99eefe40e5421f92
t2t_L10000_221	6ece81dc7626b6c639d37f62dd7fa248efc702f0db77096c5eb1c5d13574cb41
t2t_L10000_222	15bdf5c0d300e4cb8306ac24b4850552ba266f84c6467af16827a0c4f6069c03
t2t_L10000_223	0abd624633349e6c002061c5c70f850484765007fafbf643de3fdf5643a03418
t2t_L10000_224	1045fd32512077283835af11f080cb7cf3e3db2545a951d7bfceb2b97ec189ad
t2t_L10000_225	90ca5ab374c2ec9526b7a64784be4dbec812945e0c55857bdbebb7d45c946ebc
t2t_L10000_226	105350c8cab8a342d26f9b9f4fde1c252525431c320f97df9aafdafa8fe6a038
t2t_L10000_227	52ba0d3d71137c368b0a61b3368557352a74bbe423a0726b732a4642cb6a1b3e
t2t_L10000_228	afc7b558ed853672132dd0aeef3f8f4fb9ebf61b1afdfea430446fa3ae6d11ba
t2t_L10000_229	6de09a51ef3a575189d9316e1b721c08f04bca27f74d756632d54b804ef22e6a
t2t_L10000_230	e6fdb8a66f59256530ab07ff3749c25c51b4397c171b060b093fd5b079416000
t2t_L10000_231	ceb8f3441b28a41c3ad2f1e945a79295815d30ac2d3edf4665c7af439f8949ad
t2t_L10000_232	758692d74b8da894461cc3775bcbd2cd7c67fb1e1fa5923c7ae35c7582196fb7
t2t_L10000_233	bf5bd510f4f79c575479fbaa4e95de95c7a32d175576d882e2e8287c622b6ebb
t2t_L10000_234	17cfa2869ae6eddec29fb98acfce4a0efe39492968a7bb0e99e42e4918e30628
t2t_L10000_235	2347207d57e8416c9d6c049c03e4c2413d8a16ab2a098cad29ecc25141e4ced0
t2t_L10000_236	e6bfca608cfddb2f09bcbe60f31a2902e13cf6f362c7680c8a0858fca50dd3ec
t2t_L10000_237	8bf9a71c26ee01e666af606763d984478a6e9d18c9358648cba3be73ea46736f
t2t_L10000_238	15aca32ac1c2e5bf4a2077314aa2057ee05f6fc2c6f16c85e77f5c777a388b9d
t2t_L10000_239	4aabd8f9cadce31bfd226330eb0f906e54804074f07b840d53cddeb675be7010
t2t_L10000_240	88b97e66a792d823511a907801f928b5f7543b98d0f91bea5543144237c91f73
t2t_L10000_241	14677a0c06e71178732e4e96323f5436422bf9f736fc10f9e3122f38acb92034
t2t_L10000_242	a8cd98c2981077061d06a812cc784aa091939b07f3712095ee26174765130ceb
t2t_L10000_243	769682b1ac98d1ddff8b18be3d0a0c55b15dc4e2e90a01faa88ac24a881ac998
t2t_L10000_244	cf1a51f9ce2fc7c77e714470900ac76a60fb4d393cf33407fe2a233218be30c3
t2t_L10000_245	7451096a49c15e23402e5607ac2ffb74a40f026c7a7993b421146837d99edd7d
t2t_L10000_246	d1cde2c1223223d81af23abf6864f25c447244152ac4cf473455c826a7027fd2
t2t_L10000_247	c4b735b21c48342374e64a339ddeaca243837305d244b58d45a3837b80168cc9
t2t_L10000_248	882e9793b33157a2cdaf979687e583137e8c82276022db0e284c60cd8da30be9
t2t_L10000_249	62cda5e91e6c48e061b44c4d9f74aa1c23bc6baa2db90fd7a77b4f23b471d63b
t2t_L10000_250	ba5f4d534f1a0857b49b420232ea98c53e8c99a67e2859b8a267623046a9195f
t2t_L10000_251	5aa78d56576fc93cf7f7e4afa71a23afd85747a6437a8561abf90da5219179ef
t2t_L10000_252	68e916283aecf7225fac72d8f116f8525827c96ebdc1c17d86ace1e6f31bbc81
t2t_L10000_253	2ac4e846de5555884dac8d7aa4504a78bbcef39b586bd4bca7ce0ee51d1201b8
t2t_L10000_254	1bc44d4b364dee6df3386d03429e17044dd5899778c3bd205ad7d38056e5aefd
t2t_L10000_255	29898b5f6b38a758fa0d635836c1d2ffd78721675daa840ab4a00b48766dc4ef
t2t_L10000_256	b9a7d33842225ae5b105542a8b242e1ae784cf4db29b4273de408d9a5fd497a5
t2t_L10000_257	2030d5a4e496bb3a0020a504107b78e3e666305c3fc503dd7494f89c0063e405
t2t_L10000_258	93d1136d3d47bf39d879d8d5574b63c88ce6db474b02ccff21bae857a8b371ac
t2t_L10000_259	5fcc5ba7d91d3123a29a46ba8d92176cbbced5c541f78ca6742a23b851e89fa7
t2t_L10000_260	b59694109eec68217c942cfef4f314633e9632f8dfa8d4e8111dd6b1cc1c71fb
t2t_L10000_261	ded57cd4dff1bd89665a29cbc36b4d58835cd37ffb43b23c3b3f6d950f05223d
t2t_L10000_262	e78a458e10665092b596b2d7f261a8624ff74e42ec2092b67d00328d47166f16
t2t_L10000_263	b290c2de95389408770163da02503633aea28e7c9a838d1ea646089fe78ce2fd
t2t_L10000_264	d9e34a8ef9e92982dafeabe67c8ff4054a5e986405dfd46bcf9c3f5f113a693a
t2t_L10000_265	e72e9e5f322fdc339ee7f9666b9d98db68d8f8362a509656ce52698afced21b1
t2t_L10000_266	4ad3ffc8f11a7e02f619dced8e19b945fa28aa161a1021ec91d7f3ddd24d9ec4
t2t_L10000_267	59541c03d9a0d65da3644ba8bffc0d5831783b7de2d4fdc52337783b54138d49
t2t_L10000_268	dabe7de786997179a6c7524eb70124f914fff6e71b858495be6c083b3aa80bce
t2t_L10000_269	743a4f6a6dbea8cab5c1ad88a9ca01ebde77e32277d00314db1b58ed65e30255
t2t_L10000_270	912eaf3a704673f61242c997f2b61de98e46d360d6e83cd43de397f4e63d7d10
t2t_L10000_271	7a5470c06072bbc3831e3a40e4876f691eec2b9e9f4b75bc510d9838f925ec80
t2t_L10000_272	f9d22b965e7975c448c670fa8ee300df81c4bf3a75ff2522fde2e372dbd57bbb
t2t_L10000_273	34b22d02dff78cd5d979a3a80eca07a0a2ee5ab1bd7aa9da29f6755aba71a5c8
t2t_L10000_274	95f4cf06c7d48e49f11b9b46617fd347109eded5959e13cd527b65c864150908
t2t_L10000_275	06c3bc2416bbd697675adce8e6de15a95de9090f0d5511b139b6adfb2b59e7df
t2t_L10000_276	0e0c4f8dce4f1aa8cd6ab6f58e46875b4cbed7426deb4494be3f00d87607db8a
t2t_L10000_277	a35ebac42f7a92d43a6eecb4cb5e84947ce78a99f3988878f17c211c3bbb379f
t2t_L10000_278	cad75dce969dc4eda2e07a9acfb46b1f84b7f806e6d320fd85189745da834203
t2t_L10000_279	8584f32224cc8547ff3acc6c41da77fc9f49f21ae1ba7e92389a879c20d986e5
t2t_L10000_280	b2e5713c1c2d3c5eb1131d34e019bd251c4b0683f67c790e296e4895ead3c067
t2t_L10000_281	1ac60ba23a7359efdef404a6039116874d9650513074ceb6607c917dd4688ee7
t2t_L10000_282	057b196d0aec699d1933ca687d3294e0b392c092308f75a5548e348c5dff463c
t2t_L10000_283	d5068f64a06b8f8fcc41812168d26da1b427c5ed29fdc257b5db40c03220c595
t2t_L10000_284	d0ec56913679054cba8715c04bb332227b1fb28bb5c7af7c9548cd28d88928fe
t2t_L10000_285	7558df34a853f0520c87e3a0737a3a4866018e28fa83cd1041ad00da8061a74f
t2t_L10000_286	c1aaaeca4ff7078937dbbfed0ec467af068c39000b9c600629fa522f403bac8f
t2t_L10000_287	1980c877170993533cc68148544bb3d0f0b7937f4ed568cbd5699ff616e86fbe
t2t_L10000_288	b8edce956eabcb6c5ac891e77b181932ee706efab4421c76331a3e8630c35575
t2t_L10000_289	c08477a1c25c9d89308b6f31d04841b03d9dfa0dacaec02d4b81db2bb4f62d1b
t2t_L10000_290	fce36c726393ec8b0f0f305ef1fac8044a957245d5783acfd5721ae32045f120
t2t_L10000_291	0d72942cd337339b873a0ac22fbd90bb70da34ffbcdcb53aa1aceb791060430f
t2t_L10000_292	9eb8ea411cc35808484dfef7460a3e22b1c288e4b3842e7d58bca8fce9dbe571
t2t_L10000_293	3c13b087bc44bad8d8ce8ad842926f71df857e4460e9a0454ee8347aa75b25d6
t2t_L10000_294	4efc5b4c286de66c03b6a6ae11f935ba7fd6e5ce8c245f248f647dd1a6f7ae75
t2t_L10000_295	517487b30648527ddb47cbe4640c2e318db1e2cd73643325a6056e6cb33441bd
t2t_L10000_296	0e926b8d4d3f2beb0494b6b4163793675d0fc4f0bdbcf9723c9209688aa54bd2
t2t_L10000_297	e9b31aa9ef45c9816a81096688adbafe15eff6cc5096c4eda4d6ca1bb2766f74
t2t_L10000_298	c741b3344099a10cf77a9d89ef30035c04550742d05320faa6dee1d9c01796e1
t2t_L10000_299	b0841b47aac62f85c41c4b50322b2030b12404b00d91364961080ebc3111530d
t2t_L10000_300	a617c3922b7c5a152e5ca3f02e94220812f21df9666948e258c271e8dd6f016d
t2t_L10000_301	2bacfd81efb5c4c88002be9af1af24306a2ced4bf56d4d6b48c101f068a68c48
t2t_L10000_302	87fe0fa0e506557ad3defc307c751c9cc4930989399a4059e2d1820dffef963b
t2t_L10000_303	8a7327480994aaf1cd96711e6f49ea202a39dab73fd93c282a266bd01f969fa0
t2t_L10000_304	d263160c3f266f35ae6c24a45ead1d706a493ea12672707f3fae8bb466bb23b0
t2t_L10000_305	14d823d4c90c198cbcfd3b42b5a692e1aaa48e156671a307c3cbf322c44ce8ce
t2t_L10000_306	663e5d86d6ec6f8deb6ef2f88f02829c87e6cbda9ada9383a806433692d38c1e
t2t_L10000_307	b144d4145dd0a6be494085d3665fb81d7f98b4e1ff721d856f19d11b945677b6
t2t_L10000_308	7ba3490f79ecc08b76fad881ba45bba01799dee02cdd65639aeaacec06ec06ba
t2t_L10000_309	752bf0aaf2fab468b0469118b0307906f30b49839b527366b02b08c8c18709e0
t2t_L10000_310	a7ab07b7c4702fa45486aea906f5e6454a3dc30b3cf88c62b8147a0710d9a746
t2t_L10000_311	bcf9f77ec0f55f00cba4124fb97cd101e8286d88293b5424bb63627ccc688ac6
t2t_L10000_312	24e5b195850136e1b186e99e5de4b50732538d12fae4d9424de099f03f5c1a69
t2t_L10000_313	bcc71e86d20abdf8ce05774b155a61f6835bca293ef55fa9dab247c7669e0aaa
t2t_L10000_314	692d23b6d5b0cc7961f3504aa46e6173d5efba0969ea37b84a009cb957c43c54
t2t_L10000_315	07a3220b5b85a8af4afc8d64075bc9ec711a10ebcb0d0cc394f51f85ef54aa04
t2t_L10000_316	eb7e2fa9fe078bbf4700cea984ec3af0d8a358b78cd4698bdc83fe32c1a9d3aa
t2t_L10000_317	bc3ef368a8bbef791ff7dafd15b2235e2266dccfd10c0991bf21675c66cc1031
t2t_L10000_318	c65562aa2906d6475f8b2fd25050fd2bd166d16d4044519c9519e35644ad2368
t2t_L10000_319	cdd6285b3b2dd32e0a50238e7be3c5d51894bf333cec3d15202fb4bf94419b68
t2t_L10000_320	fc9ff126f95010d5f39984e037d3c955600ebdd78aeea0a0146366721a1a65ea
t2t_L10000_321	686f86585eb421d2ee383a79bb17fb8d7b1406cc736d7c8709c16204a79a8fbe
t2t_L10000_322	a78523893b2062089cf92045796efa6a735979f622107a8256fff698fb992ea5
t2t_L10000_323	1026f52e0db1986c7c3fff6988af84d388ee91881933527f5725a1a3222e9f5d
t2t_L10000_324	bbba5e3f334532dbfe30220983dbe9dc9b140c73f2a971001279f7f93b71bd3f
t2t_L10000_325	bf8d8c70f2bbc88a9db46e2e075361cbfee14af7d7aed1578d653b07b4da8810
t2t_L10000_326	c4a5c51cdc8470cb551338f5277796eaf5d5bb3a53170eda45b5dfaa82a0f0a1
t2t_L10000_327	bd1f940837cd1e757cde5363028f3dffd1fec38755aacb64c094127337d25cb6
t2t_L10000_328	b8373b7001d65339c1f661fec26ce8328d8503144258f9f4940554296b4e1ace
t2t_L10000_329	79d9ad04c788fe1542e81abca717117ae4ab61ddb0171d23d34cfea07f782536
t2t_L10000_330	6b615c0a2ca8ac7d0214ffd05a265f795d708eec6e49e6e12f060150e6b3bc6d
t2t_L10000_331	5fe149c59ebbd31aab86c39bd425980d2cad47de14a4281be086b327db4709ce
t2t_L10000_332	de8f86be4370ab125262a4acf6e5c66b67f56ec4028b8e5392dc312fbbdf2afa
t2t_L10000_333	d5e2d97a6d9ff8b612fd6ce79d067103f7e8518b9f5bb4806c39cc1564be3475
t2t_L10000_334	e63e951b2eb3762eca9aec97b888aa012cdfb126028a8d7e5aa031d1c32f21c7
t2t_L10000_335	3d06d77e382e961070eaaf8b801a068bb2dd622ddf99a109ec85d66961a0fb4b
t2t_L10000_336	da0e61a9bd288bfa3967467628016c7262280b03f0f1baca4f80bfe78babb812
t2t_L10000_337	972c98801cfc2fbd442f57b7339ff9a7f27404268beaaf957156b23015a0238f
t2t_L10000_338	6b94c3b01054b56860a0acf35721c9cda44a2685c12c6bda029a9ed0769489b6
t2t_L10000_339	31d3f94c27b2a0edf20837b24efefb40e925d859d1a9de3939f30c98dce9d50c
t2t_L10000_340	380cff8d908c851fb5e05a8f74cd708994dabb8ccb9a39ddb8078f4a7055709c
t2t_L10000_341	cdb5cf0979acd13f8952717cc88412510675b20e908e4eec9a7d899045cdc458
t2t_L10000_342	0b0cde1aaa16ae77afe1547cf8188215ea5ee12b70121c1bf9fb2995a0e69329
t2t_L10000_343	f6c81f0cef7b6b19ee085b0b1ca87bd2f2218b624eb2d562326ccef8d9bde3c4
t2t_L10000_344	f98cf0820bf6d05ad65779ac8d6cff7b1174f165271919a8fb08286ee2fcbd96
t2t_L10000_345	565d403e206064fd070fa93d18f4f032978a87b88f8a1b2655c8718d382425df
t2t_L10000_346	640d88272ea411a9ba6053da806008ba79177476142b10747ba14c43376e7fc1
t2t_L10000_347	cebde1e2abf3b8083bb0a85c2633fb6b8af21216c9eed3b3628e7e6d9f2119d1
t2t_L10000_348	ac65be4639c1ab0789e715720d18ef5715e55f4ec3da5071ed9f3abd7172936d
t2t_L10000_349	c08b342a159b5b2e8359404c35d1061609e3fc24a4338f71102f7d7fda33be3c
t2t_L10000_350	a59b6eae046d345ba3ce7c4cfa14081e4f5c28a22457887af6f882ca90cf635e
t2t_L10000_351	e8e0c1c5d0bebffa8c79368664a10f05af4a411fa0ceefebbe4072377df00689
t2t_L10000_352	6a3e16e59e53bbf3a59d474cf08bcdb7e3f163cc243a94d13dd5294c25c07a03
t2t_L10000_353	4707a522a68c8f9ebf03a625108061b2115f23248d2a306c866c1f6106cc1956
t2t_L10000_354	248b2f2857e96cf8468fc3c605efd59f6fb384300df69c6d5a5de0c1e42dc6d3
t2t_L10000_355	a4d6e2fc7f53ab378a2428c9ddc01ae1867539eaf3dc2b93f2bce008c91356bc
t2t_L10000_356	e9bce389af93fc252a459b8b4a494cacadacdf972407add430c7e35fc696d878
t2t_L10000_357	bb2067a8852291fbcf4b59c8a0090d0332ad23ee845b4450c4cf8bcca382199a
t2t_L10000_358	7bda284831e9998dafd2613b8e62515b4cc59522d3d43fe16751eb20aaaf261a
t2t_L10000_359	f018b9749cd98d2c058b4cd5af9c3634ff9f8ba3b4bd9882e30c06428d587273
t2t_L10000_360	807a12050315f74bf8073e05f14817c82f514c9f200028d412a1e2d773d8bf1e
t2t_L10000_361	c8c930e0b536d978d6ad155693f034421debea26d972534b1142e05add2a082c
t2t_L10000_362	2afffed4e6df2cccb457846ad18db7fefb768c6abcdba36550cf809cc13614c4
t2t_L10000_363	0582d0261e357f80689fbcdce0d1f7b73cc6f24109d416cd22abc67ae7e7795f
t2t_L10000_364	98c90b7d93601126055b82dbffd3f93c42742e270b4e972e6f524a86d2066777
t2t_L10000_365	f176834cdf1d04c39ca12d67b71050fe173e7ad2adc21f38d2efd69259f89183
t2t_L10000_366	e483b3e164590a4957fc0336b0f30fcf63b34f2253d3e41e9b39a382742c5358
t2t_L10000_367	49b656d94784d6d1f26f379d978fb48dc5bb7fb854a9d94360976702ba320771
t2t_L10000_368	d7eed3425359589f9744736df5a2cbf7984d4282b66a9f3dcde8d3624937ede1
t2t_L10000_369	c509602e0a53e7115f8fdd9c68ea0d2587169d63b0c73b3d0b3116651ac6010b
t2t_L10000_370	37ec18c9b1ed226d01bb24e2aa1d3e86d470503f18d0f9301d41d91bfafbd856
t2t_L10000_371	58abb6f66d189bbe1d573005c298a1ebd322fd48b1a28eda293b450ac37b1a2a
t2t_L10000_372	1c0c33289e5f1f8f0aa411ab7677d32c65b2b581466b33087cfa82faed4f054a
t2t_L10000_373	14a7336a6cb5993ec24957efe5de02d888f5fa37108e134a129ff4691008e848
t2t_L10000_374	de35fad53746e48226efedea1e14df54fc06a670719d2b2c52ba5f1daffeeaa9
t2t_L10000_375	ef11e14d85cbbb7dce5e4b5c5ae758ca44211c1b56e2c76d394a1f4fadd5de56
t2t_L10000_376	c7e3e566708f2bd13025db92da2d0e41a327643f62b03137f0b062f4e5596a06
t2t_L10000_377	f9a66f9b08e2cb65b1cfea78f41107d7129e49e80dcaaca8177fccffc01b5c84
t2t_L10000_378	49d33b330b89f4e846706dfaf6634f43cd6ecee6377a63212b03f858575db8bc
t2t_L10000_379	5440e3bbce4201015c7f5db92b7458a7ad86242119495eac36846dd2af295cea
t2t_L10000_380	3fc34c0b5fda67f7a89d90d91c50a9df3ffa5fd83c329e617d99033cb0149a73
t2t_L10000_381	efe606847d10d49e51dec5b8d1e56ca55916e3b2acfb2c1feeb53e67bedf049b
t2t_L10000_382	327c64f21814da953d9da501bdf20edc36787e1b75b47a25747a2c45c88d6ff4
t2t_L10000_383	01ff2cf87ed01e9cae2157c7bf676394588edcd3433db5c13885c873aa555534
t2t_L10000_384	31a58e9a587a026ff5d8fbf395f0231199636db5acc550a40cc78cafe4e91f6e
t2t_L10000_385	43ea561c7e667b0c36dd4430939828d3cf4e3ff922abf8854956073a73289663
t2t_L10000_386	a989329a1a52eb2b9650f942ec29e791abd8d0b2607e2bef65f6d0f582d3c2c8
t2t_L10000_387	6e0ee817fb6bae037930baeb5eb2a1fba062324b94a4513c47d84f402fcdde18
t2t_L10000_388	358d90f6c2b1864ba802dfa3a3b5e80ff794ee80f5b1e56ff69ac0d839c265e7
t2t_L10000_389	4ba9badc1f65003bff9c996d324abee8a953b0980cd6453734e1a075705c85d4
t2t_L10000_390	7506abe4470372c2e6bec2101a16a4ab6e553e05843db4cb7f48e4ff2e467250
t2t_L10000_391	30a1c6bd7e414f9ea287a7f1742abcac43adbf1569b985419417569053feb712
t2t_L10000_392	d576f3a469292f7ee32d373efca61f18f64fc51b3999fab4cf0eb0ef95e94fc2
t2t_L10000_393	f45bf3fbfee2abf5d27ad612df853d5d036c80d874bfab49ea4c23f246444daf
t2t_L10000_394	30425ccfb1ce3e08eed7bb922d8b0204b952631b2abdaaa6dd3579c5400f4f59
t2t_L10000_395	7919c8456ded6e5e681ffd40fbebb09ede357bbfedfd03bd4afc3e111989d6d7
t2t_L10000_396	3ee41dd1ebf0c36aca4eeb434d07f2efd6b0e6f096aa89db0c79852086dffeeb
t2t_L10000_397	2be82ba38c4ad58bbd48d50fd024c879f9ffd3ab7186a543e86fd6893fbb1744
t2t_L10000_398	9bc125876f9be6c34cf9e7b5b09b94f0734f09336fb91d6327ea429c022ed011
t2t_L10000_399	9b76aed63ae3e50aa9040737a9b7f09814b4cc18d74474655700c82a865e7d72
t2t_L10000_400	40d8361cfbf1e9b1e26c627744fa82a69de59f3045138270f6532573760e9fd8
t2t_L10000_401	bbab7591bd032abc32220972b999e9f7485225d36daec26dcb57a4ea11856f49
t2t_L10000_402	2318c04b1c8ffe003a6aa330019aad5949f5772db4c76e9ad9cd6bf117abe6e4
t2t_L10000_403	9973c3aa272342d8711cfaadd56758d55212e8d5120b93e0fa91e2bbd75248ad
t2t_L10000_404	c77886315f5e86211cc457ad08335fa72303c4575e479f7783dfa2da5c86a8ff
t2t_L10000_405	d69be64b5fe4abe22cb29d35cd968cc2b974afbb1e4239375c77df1b8a89714b
t2t_L10000_406	d883705fc4db73a2fa6f212fede4852bed8041d6a086bb93c33de52205b0de65
t2t_L10000_407	cad43d6c2355379ed7b42f6425b0b019723959ecb648f75d90976539c26ac735
t2t_L10000_408	9a901372e11fa825c56d64606869b11a99e32f8bf23c66cf76f911ba269b83f2
t2t_L10000_409	1257fce1678ddeaa67a3eac3485a96ad047f6652d2490d8c9839c194998fabf6
t2t_L10000_410	db34d5540be81a720de7d345d29b5708a0dfcb0e829f3dd88d9d11421a1de446
t2t_L10000_411	b1c94fac535a730d5a9cfaf6dd4ff2488294de511ddde4ef4876157294488f8c
t2t_L10000_412	b0b770b32c49cd22e196b231d08841abe31608b7f0078a3992d28a369e3bfe04
t2t_L10000_413	9527955adea421670614d248eb3bc39c689262274c3ae59f624e7fe45371eba1
t2t_L10000_414	bd9a27f79cc9e02cfeabafd12490ce5678a406ece15040053d54870e44f5562f
t2t_L10000_415	bff1d1743ef024cae67ae41df2c87d440512199cb35e4d1ebacdf60ed969f1a5
t2t_L10000_416	78bd55f7374c185120f76426fa6a7f8b1be185cd03cecaa35a1d9a10bc5ccdd8
t2t_L10000_417	29a285853eed2743722bd4d1b13eb5c1b24e6066c1f075296aa78ec15135844d
t2t_L10000_418	9fbd6813d1874e7957bcd5f5f6910dbae36083d937d33f6421fabb836030f244
t2t_L10000_419	5f6690e00e2786ed37fab1e25dd3fe4bcb8b4a1342c2c8c6e4186a82a97e62d4
t2t_L10000_420	091cbbdae07b612ceb97e023fcdfa8b812302599a44cdaeb50fbca294b416f94
t2t_L10000_421	bf5791433cb16bef1d832c6bd4e23f6fa72e64ba1e68cf567353df28a6bee82f
t2t_L10000_422	ccc0ab390d9b3f93ff974eaba1faec0f9a3000ffa036f36730be18a1dfdddc72
t2t_L10000_423	97f9bac8f581f9c01baec802031444e196fbfdef34e84a5ed078435d245473d9
t2t_L10000_424	c8be7396bdfcaeb2643340b1a859ffacdf27f5fda5035965c7cf2cff5f595fdb
t2t_L10000_425	407b5ce82e9b435bffbd9af8354dfefe3c6b640a41f74f39584b6de2dea5f6ad
t2t_L10000_426	e3dabef46835ac0002e6b21de8e228e343974ed4cc4a7a1b096c42242ec53eb2
t2t_L10000_427	b5ba86917805dd2f7aa6014027c44dc3b8971520c5c579e8b8b16e931a8e3e76
t2t_L10000_428	471057d6406b7b25b960adcb97df9d603efda17926bfae8884a218f03dd30a8a
t2t_L10000_429	9c5f382a4567c6eceabf2195d7e2c7be819cb7dbc49692d2dd25b86218d99e6a
t2t_L10000_430	0b97bce19e231f9d2115048882b44c27ec12a495c58b55612ec67fa13a742c96
t2t_L10000_431	e4988eab333bca3d71bc6fe0421fce79e7cd4f3efecc0b78b2ade2e4e2cb5ba2
t2t_L10000_432	6241fd2a5fe28ba19f7a4b28641783b8b9bc024a2be554ee5b90d82e2f6d18d8
t2t_L10000_433	77601681e534585c0b5ff2bc5f87d3abb832199e14b248b97d195b0e7bc62c51
t2t_L10000_434	23988a2ae5c9d489c3d1b9f4f27fc48947e4e8444a83540bb328802bdc56ffdd
t2t_L10000_435	1146345d2f2a76a7ea2111af948a87b518d59502b07cb6e1a6eb7bf5d3521d4d
t2t_L10000_436	6efa370cb4b5eb86c6e3fa9f9e39a7ae3211f6b54785ec0f4fb9295e4e1fdcf1
t2t_L10000_437	cb3b3200e727ac7736389f4b267a1f7deae0a631c0cc3ed681946431215f0b95
t2t_L10000_438	e616669ec63224b5341b1c2f6e11ab83a82b1315b8e3342c9aa9368a0c1b370f
t2t_L10000_439	fdff1d213f26928673eda60f38354797e94c87e511758ee66dc38bd865261aa1
t2t_L10000_440	331b551d610962d108324c7e56f7c26446cfc32a16a8ea2e741206360ca50c0e
t2t_L10000_441	dfafe61706861aee93b14a72d8eecdca24df04038ce8ff39cd1e1ab68374c21a
t2t_L10000_442	32dbdd5af6032425f2f6432e2c097a2872031acf140e4766db17b7cdb4c62233
t2t_L10000_443	4c012022ea7e5020bb2944391608d8f97f2973f3965271c2740896f67b0a5f4f
t2t_L10000_444	08579d21425c2c081de42cc8488918b3e148439fd8283e1a154f42d66b1f394b
t2t_L10000_445	ee51e81834d3d47855b609c1e2f0cac2c0f6fd32cbdde29c6da00643f20e6f69
t2t_L10000_446	e7fc25a78e1097e5d1a937e56995a29bd8072c700b7140eb52fd4658de565d85
t2t_L10000_447	609945d124d7fa6f3d4dac211137ea85eedf7313ae650975c37188bd24394a3f
t2t_L10000_448	697c443cfc07ba9c3484fd3c30d011260ca2161ea03c531fdd0f74aeb82281e4
t2t_L10000_449	616bb98b77e9d13567e7ad2c0e08426ef122e473dee4c6d7201f2be8000c0d70
t2t_L10000_450	ae15307408bfd6a3fe84f05ad56bc8c76a48a609097c0f4b8e1855a7a874d9fa
t2t_L10000_451	62b8abab48dba1a7b3e8a5a825a420cab519dd6f47fe52dd44f2dda577e62dfd
t2t_L10000_452	0b3bccdf6532676a8be12ce12457a62988ac50723da45e5aea12bd0da72e0e1e
t2t_L10000_453	f7e19766fb51db0e80adcd9170fbeb5a093edf3d3020a53550c5f17305b84ad6
t2t_L10000_454	1ed8d244ece205a40a5fdaa9309cca3016b779f1f1bd51a2c9a38a0eb11ba2ac
t2t_L10000_455	b3f9e1c07bc5ebabf8f7e6c49c8529e84f3d41dac7e8fe4ff00c0b5f74802e58
t2t_L10000_456	d193df1847b229360eb432870b4eef5136a25d89c7df23df22043ffdaea47773
t2t_L10000_457	0dde5ea8c021e002386081ca9570e4f754fca5ec21957eb78db7149a79b2782b
t2t_L10000_458	ef7ba4c525bf12d19b2684f10be591331ee9d11e102ffe036cda99b640b003b7
t2t_L10000_459	fcc91882c639d0858e4baf9478e61434ba4ed5ce574dbb6e48a0c7002df31dd8
t2t_L10000_460	79b106382ef964126146ad1b58e67e39c31681f71ef7e766ec3ebd958303146e
t2t_L10000_461	16b69bd02da471526ffad673dfb88cb0e8f603629eacb0972ae85762c0a503ea
t2t_L10000_462	152c9d5e7414653fa87911df693b61d0430e5d36c454d034ae9375976938e3d6
t2t_L10000_463	aab06b915a29405c27d3748c0a1804e319dbd748db1f7b61814fa95f952f94f9
t2t_L10000_464	777315ef6328c39f32eb4a5c3928c0012648bb5d79b16787e2550c6d597d61ed
t2t_L10000_465	2da1a8d1857fb0a36173c8a9b199a283576b9268bd2f85af1276e2284460b574
t2t_L10000_466	a83a3af5b5db844527a48f38116e4aba766a5073730ceb8985a39d8a253eb49f
t2t_L10000_467	15382e79ec8d92d28ed3302c394d959d8bba1fb16d9096904286e9ed5b6ab334
t2t_L10000_468	2246337f7128ed68294ab5508d031ff416da6f5efe87d0068e397394f815299e
t2t_L10000_469	59dcd4bfe254aa7aeacec678ca7096fffc6801812b239a3093d2b7e6a8079ad0
t2t_L10000_470	f4276f56d3dd44ffb4356a6672f1bfee4e6da95c39ada91486c76960c1c28056
t2t_L10000_471	ea024873ef85bba161d6805bf8f74e2f3f01ca78797342ec132399449ce33b3f
t2t_L10000_472	e2613fbf9fa2f2422e95af401095d53bd0dce5eb3df778f97377b1738e39afc4
t2t_L10000_473	218c55880a411cf86494f2b698168ccff610553fe77bad83f2cfedccef0844e2
t2t_L10000_474	faf821a95a447bdc1092ed954c5c951915ad3591293c8a4d0c8f467fbd36dda0
t2t_L10000_475	76a83ee833762e9d875349afa54c3be9dc39b4c2fb77f616bfb014f5d5442a31
t2t_L10000_476	6964219c419dbdd9932fa4f8f2d2a0598036b8ddec3b6c87c547003eb52b9ab2
t2t_L10000_477	c08dd9a7ca01ae9ca87428423245e1c5646e71333c30a89bc12638232e95ed5a
t2t_L10000_478	533bf5d586267faafaf3db4f935efd5b8e405e3333c6961b21c27ae03c3ceb45
t2t_L10000_479	1b5dfb6cb7c440fea33d02b37384e10ae25d2159e719fae6c49da812d5f28da4
t2t_L10000_480	e6c7c89fe3e0ab593cbaaefbad8cd6df24971338049e0282bc63e446c0cc5bdc
t2t_L10000_481	c886c6987f37b3c262c77bec937781e2ae4497a453908422362a34a912349542
t2t_L10000_482	b2171dd10b8cd46c90b7c92b4c6b203b5806f3c0e6a4da44fc4055b12ea23ad3
t2t_L10000_483	2b94e1b54de693a9d1be07eda82256de3d78075f4aade701fee22f67cb1a19bb
t2t_L10000_484	afadaf2739a47d588b5e8ccb1bcd44e218af15bacb572eed287585ff82149976
t2t_L10000_485	6f0748c11a8d8f93471f423939473058baf9ec51bf7773ae4085d50d918934bd
t2t_L10000_486	7c1d4cf69fe5aad227d1fdd12d6945b5942d4d758b6ee9b2c76c6b16a05e6d43
t2t_L10000_487	06ccb31a39462bf2f9b88e0aae59bc5e79cd2af2ac1c9f3270690bb87e32b440
t2t_L10000_488	0743d95d4b6a287c9415cb0a7874db4ab371e10a6ba115acbc1956ba3cc47f55
t2t_L10000_489	fd2b3607fba034ef653dd8da0ebc983bd60fbabecaf19abc69bc429128f48498
t2t_L10000_490	50fae80cb44c95af49e37e11bf71a6fcbf10e599d82fb573abfa6f6971a58fd3
t2t_L10000_491	c62b7d61e2c2285b2530f5c8119908181b5382826e114cd50816f0c6228c83b6
t2t_L10000_492	55e7516587f47916902d25b9aaaf83f706ab0b016f3e8fe8fca2965905d3f9c9
t2t_L10000_493	71f20d6a7c03897400715a8e1d597d0a9bc63a54193155791942e4cc6f7741e5
t2t_L10000_494	1dd7ccd90054419aa1f9b76f09ab1fc9bdc1f9571a27ae63a0b914d81f1c9086
t2t_L10000_495	486a9bd3000c33976518a30a5a78c6383b92cd630237571fa84a7adf1fd9b086
t2t_L10000_496	f4d9b6ff4a98f402a611cbd7a7db453b6e045a69812ccd63fa4ed2ff34f72bbc
t2t_L10000_497	c81c1299d549fcbc57bac7e3d2430c1ca7d4a43ef4285f013f45351ef83dbc9b
t2t_L10000_498	38d73f81e08cdbf6b02e19de57b0bb39ae6c64aee193be70024405a0affc8d3e
t2t_L10000_499	016c52c6bc538aed0f28457b1d8cd6ba402a280144ca228bb7a1935f0d298070
t2t_L10000_500	2c79b33dfd61244ece21be0938725bd9cdfcc07c274ae572b3b84475c67f2100
t2t_L10000_501	99c6d2ae7319e9709b24118543c0a6d944069dd69e107c9822e0511d4cdbe5fa
t2t_L10000_502	bbe64da996678a45b6d3a95d450c1e8b40e7934b4bdedaef1eb52fb1fd008cf5
t2t_L10000_503	7a0e8da5efb6f7189ad7ddf0cdd8cc8aeaa772860d16a6db08ed912a292f3442
t2t_L10000_504	3baea4003d4a78121e32e2a423cb53e72205c88d8ae1cb9f9910a6a9e11a241e
t2t_L10000_505	69357c6ab22a316e42e0202c6f2ebeca956662ee17a7a9c0beb90da0545897ba
t2t_L10000_506	fa91fc52af175c6c17e79d56ed578972a1347c43d2820f1b6da0bb702cd889b6
t2t_L10000_507	ae9a68e4fb3301b044508c0f6400811d70d4dc63e517573949e7d6f5ffbca949
t2t_L10000_508	33b497e8c330b7d8488fec725b7451534c2e6a9521cab03d95ebe23210ec4674
t2t_L10000_509	fa1ab3127c4d2f47e531ff4f8dcfe0693b3c941625f4f18698db92256479289b
t2t_L10000_510	05ddbc5f727ff5911f6ecf8b65c43a22caa8e98c92dec9d935abfa41ddaf855e
t2t_L10000_511	dcc546808d1c90fc89f82f54a6faec271e0e6ef7be05b9f8849a80685c34a224
t2t_L10000_512	012337147d7ce85418bc283e9f9adef7cebe303eee8db8df46e055566015149d
t2t_L10000_513	6b2ab6890262fbcce7d149c5605fa5c76930a088c1657756b0de47d14156cdef
t2t_L10000_514	94f8a0b2d205d81922fd1afb4e947d4440ef7cc4f098bba3baa2e36383c5f109
t2t_L10000_515	03093afe285428d777effb595a87501eaab70946ecf2de8faf50eee7fdf79797
t2t_L10000_516	ad9963f10c268cb18bb0734c789ff14d87a1961e23cc1bf54122f157e8797f70
t2t_L10000_517	228ca9b6453d801a83bea31348743a2ee1c44725954b7c92e4fd948616254796
t2t_L10000_518	02767d9ecf080d2e480b53b09a0b5963fb564e0ce14602f9deb485b15bec98ae
t2t_L10000_519	f7dd03def63fc7102b7e317bc27a2475912cae1a8c43d2f3bc9269fa47392802
t2t_L10000_520	62ca72edcc2290843dc0d69693ebc7d9054bfa7f918a42226072df30e9350e0e
t2t_L10000_521	6c656e1c55227a0e5fd24192e1b3e5b8bd6f31ce2bc682c662848276154fd621
t2t_L10000_522	191da7b7630e8740cb022ea2e0501e77104cff18e5f3922b4cf28d1901ae006a
t2t_L10000_523	ea39af0796749adaa31eeaed88da6640139b1fd64d96bcd718f90fa8e967b4cd
t2t_L10000_524	61f30bcc80903bc5ff43d5f7d5fdcc7b459d3ca9ba6f33c82f2e9f0a7f439d9a
t2t_L10000_525	53f7823ea2ad3f6077dcdc0ff47c8eaa29ea6ee8e33fd97d06e97235965aea3a
t2t_L10000_526	437933436ecc23c87df9073d0a96cfc43a0a2d52f9870507af6555ce48cfed9f
t2t_L10000_527	d5544c3b62f485119c55dd84ca983fa9bbe04f552d13c9bd49734e23dafefd09
t2t_L10000_528	a4ea3f9caa76547f24fedca9193bf522a1f774c8bfc41832f5af1812e211d81d
t2t_L10000_529	affc85026166f84baa41b9f90fcdf3ed7d774d62e2df19167df3d12fbde61a3c
t2t_L10000_530	f995e6c46f8e0a4c77bee517a0e4a70e860c2a2ec8ab62f17ec871bf8d65f7ef
t2t_L10000_531	80d772d7515877ae6dc413234533d48bb1f09fbc9d050dd1e045c97d62c8e6e1
t2t_L10000_532	c0e2c431467e030b6fcf263b987e4dee33a23629e260f3528fc165a6fbba9f60
t2t_L10000_533	0dc53b0720b6303bc974c5d23bcd1933886b234db760588404d54d8ac5f6c2ee
t2t_L10000_534	18832b157bc9b292bfbad0a61a3e7772532fc9af0b62e1e84506eee1fe3d162f
t2t_L10000_535	3b237710e752cf67802db372555e16c77f00ab97b7f0becf1afdfc18f39f1db1
t2t_L10000_536	bd78a5a2b9b38c6346901174b8b5215ae16b24db60f9072693e38df3c43527f7
t2t_L10000_537	a9255050b476b15543a22cac24cdcf3658bba6c796cce0e4d3511f458be51a31
t2t_L10000_538	05c35dedf2e9bc2fa3fa6a537030da83ea4306a9303f2c384463255e851bced0
t2t_L10000_539	c85166645a9cfdaf01d476257e3dc156699f3c8276e5ab83cf34b5bab35e07c1
t2t_L10000_540	7255a11caa85e436dae63158c92ba35a080e515507a9e7be87f9b0be16c636e7
t2t_L10000_541	805aa8e10d1c10af364eaefdbcd063425a2d4396d81fa2b538ba4e215c7c9316
t2t_L10000_542	7c20bfb13f3c529a701938a8fb0cc96ded16b5d38c2fa708135123eea400802a
t2t_L10000_543	6a02d2f06c4ff19c64ea3655df72145da2b57c0ee2dc45f244ef0f3a7da46936
t2t_L10000_544	a6065fe9f375af96b62ac9c7be118afa5f966c82c8dfd7e73453f06432196c78
t2t_L10000_545	d1af5bfb10b75f023ff590651e099c2c297d118f75846d40b2b455434b3ef2bc
t2t_L10000_546	fe55c2d9efa508cb3c02e1b995af6f91b969250bbf34d2a6240039c7cde3d290
t2t_L10000_547	c26e6265030003bb96f098d239f8586698c0a1bb175679c6b18668352a46e0fc
t2t_L10000_548	f6d7caf9bc99e950ab29b8f0026fb5ecc0d73ade14838c28f3d5d882affaeeda
t2t_L10000_549	927be2eaa3b7a6cdb6fd71f6c7f94ac2c4b2147678527ef50be4f05ae8f4ddcc
t2t_L10000_550	ea119deacb96d63f1120569301695e358dcdaeb1fc36ef4fb30dd9df62231c33
t2t_L10000_551	ad5bfab9efaa688326b1e260d8c566749e23a19b502dc844d7e18934a4c0e739
t2t_L10000_552	d569d549cbf22a022cf0164f834bfd8610694f691180596e053e78436d16bb24
t2t_L10000_553	d56bd3fc670e257873b1d80dc82c4ce206212571b3b490aaa392e6e5f659e768
t2t_L10000_554	83b9eab832a3f5bd44557df763ebcf37645478a32ebc3b3fd5f7241b63e6a22b
t2t_L10000_555	4d3779a878643b7a09117b1e59d09ee3177bdbdf98425cb47f9715ca242538fa
t2t_L10000_556	9c996b96d5cd721ab4f0a881f3f24dc6ca58e343afbb461f15f88d08bec564e1
t2t_L10000_557	3a1567244bd38d039e6c4855fc848568e9d5e0a7750f7bad022fcc283fc975f2
t2t_L10000_558	2d21130263e171941b55b3a2120878eb667e9d6c7986e606b111f9b562699c53
t2t_L10000_559	e53f53be81dd41e7cb5c3409a93c5ed371fd9c7c4146b5255f6a8c2f7ab3c39f
t2t_L10000_560	2c762372541b43157a97398aacd33a2aed41ef892da45be61d92f1aee8737a91
t2t_L10000_561	e318e9eeffa63390fcadd1eedf90f1af42f5bc5440d7a91919111f6b2b2ea83e
t2t_L10000_562	7b8663fde14538d3a5b55841a568ad9f58dab5b18475075ebea0113458a46f54
t2t_L10000_563	051fd4b0ae5ef071852f2197b5ddc8cdffb46e48df43fd734b8635cf2d1b878c
t2t_L10000_564	ca6d4b5efc31646aafc9da4b2d76684520b4db85077843cbf25232b8016ac2f0
t2t_L10000_565	6db61c9c6b30ca7c5b0931bc181da10da2270e4505ec0639537e4debc2fb41fa
t2t_L10000_566	d7380d3e464f26be0ba386e4a43cc6d5b4bc1e7bb29423e20c4975f705db43f0
t2t_L10000_567	1a026673c0d719c456d6a17a108de902c0ea8b000a107221c05ca4792f652934
t2t_L10000_568	aea9854e4967cfba1cad0b0d4cb650d922cdb794f17af94857b12b9379c33c25
t2t_L10000_569	dbd9463c0eb41df1f1770c27d7272d549ffc5f8f73000741430eb78d4eba61f7
t2t_L10000_570	1d3371592757075af4985b21aa68855efc3f1b1d7b3e8e04a8c092fe51dca9d0
t2t_L10000_571	78fb1c860980f68fe68d772dad054f5eda068d3ff58fa8492b8407139052474c
t2t_L10000_572	e142e8a7ea5ba2a6eb2dcd99807a18d491ed68e882051cad1d7afdd3683b8484
t2t_L10000_573	4aa3c0fbc67289d82c5edd5ce6aef6dabaec8ae9a9b85603d9665454cff896fc
t2t_L10000_574	0b1ac4e64b0c2e3539785d5536daaf5ef14a09d0d479e2a83633a9b73a8ed557
t2t_L10000_575	c946626c014e3925950e6d1c664921c9cf37412949f66bdc0f4ecbb498eb6bf8
t2t_L10000_576	60d735bc6db724519db64189b2df51a5b5103c1b56a626b34729c85f8581e36b
t2t_L10000_577	2b3075e0501cb68afa38bcbcf965089547c97a4f05ecd3bff8afd2eaa18f14f6
t2t_L10000_578	a829ec287e26c9cb593c7358cfc1066ad05a0a5629d2b6428285f0c3d96b88cb
t2t_L10000_579	5dcba6b648206b833771442ef724ccd6013621339b4be0feedd52546df2834e5
t2t_L10000_580	0cebdbd4de3632c499968e264cc10694d1058f09387c05ea2aaccc4fdf8aa76f
t2t_L10000_581	36865efe2ce4d83392567f94fff0d9322090d182302cc9388d02a8b7b9695405
t2t_L10000_582	d3fd2b7a743c0bb03a22b7acc41ffc5b0482ff30b95a00dc2eb8149ee3032edc
t2t_L10000_583	ff190a9bc009456ba6fa4e6212a0b804e22a5e99339ccec109e3d01b4fb61369
t2t_L10000_584	d9025e2d94b0d89b259458084cc93eabb44495a986b86a9944bac20af33a0a5f
t2t_L10000_585	f7b60e72c58120e22fe366924c5c602b4886672c63a707c621308ab2e93593fa
t2t_L10000_586	a2f710be20e3f333e19fe6284362bbf0a1a148cde419a8d5e8536de254993430
t2t_L10000_587	450394ddfb4dd9fb8f4f3ebabae2f24f39b8607c75159e9742356e8ad95b21d0
t2t_L10000_588	a68f78420ea05396220561585183379b177959db5f6559b2705a415490f5aee2
t2t_L10000_589	f047e2675f600a65afd672b5f5934286ebfcd225194131447c006abfe86346b7
t2t_L10000_590	a98fbf60a2785b0ea2481b7ad9dac98cbffc153430198b99252edb614bc04aff
t2t_L10000_591	1b5c3d298f0bcba05c4ad173ffaaaf1ed00cb6b530e67f9b119d104a775d0ea2
t2t_L10000_592	9065497b69cdb7c66d62da0197dbb26b8f9ceff2d966bd14aa69bec81924c233
t2t_L10000_593	f4457ec5eb7156af18ea8b86c0c2da9143d57fb15a5a3ec7ce8933e198857aa4
t2t_L10000_594	63c611c3779a0332b5616ffdec1930f7a43ac09d74db60e2779b94ef24f2315f
t2t_L10000_595	94c7808dedd1b920b50083bf44bfb227e7ae900b014ca5b2fd887b1961998586
t2t_L10000_596	1f1af7539d509be515a608edb393c968bc09f028131cceb483000b9e0e9cf213
t2t_L10000_597	ff1a4219f1c8a550a8223387c93148980091ff148be6c16070d2759c282b037e
t2t_L10000_598	b813bfc6120c6efe59d37d3a475b991f97a3240362798f1a96e8bb1902cb656f
t2t_L10000_599	bfcfbed2e4ecdcfc8d78a88fdbb63c4889ce60511bdeb34e4e56b89549908964
t2t_L10000_600	56fd2b5ca14f93cb4bd5abcc2d790ee85bccf7b847686a8b626c82d9dbebeb94
t2t_L10000_601	4b6cbeea0fc7defa6aa5fb9fbe6a6ca2c2811d5337c372c762e4e96167dfbd89
t2t_L10000_602	68b1d0d7d7215b1cf849f2ee98f8f300f1ae6126cc0a772a78cb2fcc75c304ee
t2t_L10000_603	38d8bd6312fe4762ab45f7cae26ca22657dfbc729a9a82b6eb7f0dcb767b2f3b
t2t_L10000_604	d73d50eaa85a5fa5a7110d8fef4c0b483442cfd3c513eb333ddf273ecc2f8bb5
t2t_L10000_605	31121b34c18ec3f4e08b95606b5208613d0b5a9ffdbd699456d68085c8b82d61
t2t_L10000_606	906eda9c12b1f37eb364a6b241d19a8da23f2587be313db6c4ef1b1f8df630f8
t2t_L10000_607	88b055e5a4a430386f99d49f6cb5dc6b16ef833ac960b87c2ba1a6acf28197e9
t2t_L10000_608	9d25f8e17bd06edd56293481d2452ac22011421928d4df8061fe195aa0571318
t2t_L10000_609	1ee1b5bd97efb31b4dbf9d0fd8dd5b0c83500e08e6b9931beab33d4375b342ff
t2t_L10000_610	97e2436cf5b6111222aa7becff2b25d5af87a22b7d6438d9e0d788b73eabef02
t2t_L10000_611	c3526efce8c4ce540b6d2ea772273b22f6ee260bb2cf213cf1e50cc8a57de634
t2t_L10000_612	0bec4b1e200658d9c00629c0f56ed4a1b79b89646950cceaedcec89687d6081a
t2t_L10000_613	cf9714c3cd7086d4145a66e5ddce7b406dea913a270f424d1063f7ed988ee0f5
t2t_L10000_614	3699dbee1cba1b0493e74eca308d720d34b976e5f973b2a226211c85cf08e914
t2t_L10000_615	e40ed3eeb2a32d40a0c0e4b46d08e616c6f41fe5d83221feb59a1fba98d923c7
t2t_L10000_616	95d87598b5209909d2943e31abaa51ad5c6091db874cf08e0950436e7b3c1ecd
t2t_L10000_617	1e8bb9094ec6f48714e35b8c1ab265de46783bedaaec81afc39fe1421e7ba6af
t2t_L10000_618	8a185d1721a58baceb4422870e56b299a97fbefc6f82a393d9c73e5dfe8b69cc
t2t_L10000_619	1e523fea84fe19b8fdfedc58cfff40b597bc535dbc9d880b0f97c3c331271821
t2t_L10000_620	e13ec312a833574d5e1b6f6e069aa41350c419e0c65329edd8cfaa3614de5b1e
t2t_L10000_621	80bcfda9dd15c12993ec8bc7fddc927e1f94aa4712287e6132410df36bb98915
t2t_L10000_622	ed5129c420d1afc9d43da39449ad89254d41cd6c30ad04704a3c9481dd86a760
t2t_L10000_623	1db3b32876794616125938d204f7d4a33fef9215d0c6822e52833581c32c48d8
t2t_L10000_624	e20b8fb3dbccc504964bd960466f22cab9613da213ad8a02d1e6d09da126181d
t2t_L10000_625	3dce632482213f74bfbbf28e11cd7bf3383913766f8d405e80e72a4f21fddcbf
t2t_L10000_626	4648452c8b121ad5a2975d8a02018924609448605ca7870d91eb854c9dc9318d
t2t_L10000_627	36fad2382eeb0811e9f9d10cb2d2e9a293ac88de6fff39bf88555956dee5618f
t2t_L10000_628	72d4c9f8578fa4c353db9cbdf661d40d3879e5faa2ee43c2ec383449b71af539
t2t_L10000_629	425de1591d06d159faf14e3ebc859194bc8e3e42199e3efb372911839cdf1aea
t2t_L10000_630	f27209d5bebc8b051e9c61659eed315568e0a6f0d0c8ff37de041550c7ac65a3
t2t_L10000_631	b94cc2fb3a0c5fc5e628a0c810d4133805fb70ae33c0ace95745038930685f51
t2t_L10000_632	635498a10867d1251e8d0af3978bae360808a41f04163ba430d7d5d5c6a07289
t2t_L10000_633	7b4f6ca4b29acffead86a2764728e676e8339c818a93ae15065492878705729b
t2t_L10000_634	fb36c4a4bda0e64f5596e808e4cf9660608b9d59df58ab6829219b08f7350064
t2t_L10000_635	927516790ba30c0cbd40b93ba60f4c69f20d605fa7a5ebf08b59b5b138d59df3
t2t_L10000_636	41383cb87b11acfe36975028c1f2eef8ea35d3d87ade50f1e2d28931f39e3164
t2t_L10000_637	6e72df01a681ce1ee80200b345a6440ae7fc7e74c5ec575e569491ca5ee756a5
t2t_L10000_638	55f8744d439347381307aa5a1f1272dc3029a23da751de6428f8405075deca1f
t2t_L10000_639	c07ce693528186414a21179017dbc5026fe6ef94d4f74da7881fcd3c66cf4e0d
t2t_L10000_640	52ef67a37ac771e106b5567cbfa78e39a488f7d02c24d7c7c129b8809f445895
t2t_L10000_641	141eff1f3825639bbab0f81e4a12e71ed38a30212254ed9a310b226488d9c3a1
t2t_L10000_642	47b44d7e845b681e41a51bcb520108c1bbadef32cf5637082b1fac9ebde482b1
t2t_L10000_643	7e93d6c7d94d6b0907074cb9dc5bca55f6fa197452a1626372a76e7f0706ee7a
t2t_L10000_644	97f051b5211a46cc6def2debe9602a95eb31e52c88a042fa47a56719d877e508
t2t_L10000_645	361ff731bb5521d63ccc6d47c0da53be027310c6fc958521cbec2885b7935908
t2t_L10000_646	030440fe3ec06fd997094b2322937b548c31303a1098bbd0ab1aeafd6d222dc2
t2t_L10000_647	c127a7c8024ceeb25f71bc83af8e8ab53ae290cad709fb3fae7c3a425da75ca3
t2t_L10000_648	6a5f5709aa56127f4b9e52674f534fb4fe63f464d04aaa7d1f512dce3353f6a1
t2t_L10000_649	fa3d2f210f7057fed90b8ef233d6bf3acf5746238aa82335e8f39aabf1b46898
t2t_L10000_650	41a86d359c256ba3e56dd7f7ad365ebb2a6eacfd61a792f0e6f662579b63f51c
t2t_L10000_651	04c1aa7fdb005fbae531074680c9616d1c302fcacf85db1da36196b01b9cd501
t2t_L10000_652	4c916ac960d03e69ebc87298f6396e822745d8cb933f686cb68a2b799c1ed4fa
t2t_L10000_653	501fff2a51e48289fe702eb1370e7a5831d37a950c8c60a16b6eb011b6b60f0e
t2t_L10000_654	ebed33b01a4c91e5784ae6f1e2a9014a0016da2f8243300ee7c9ab11c6e713a4
t2t_L10000_655	389ea09a765f94299312c2b0f45ae2ca33abfc26fdf36712cdaad6afe6e5d87b
t2t_L10000_656	4749022082db72f4568c54c17666dfab91e722ceb2b07853e7212080d5b579c6
t2t_L10000_657	46bcbf9bfc8ac6e0713ec6e3639eec00b86ea08013c244b9d2ff3a304a4bac41
t2t_L10000_658	680b05eb3102ea9a0655efe2de30bdb4ba640b72af49d304221de89063009703
t2t_L10000_659	0e72beaffe1c8b03dc721fbb80c6b1396517f7056cae25538c7226700b65c549
t2t_L10000_660	5af0ac59c38fc167ebbe78052bf7c21fb1edd01166b26ef256f44b44824d5b1b
t2t_L10000_661	e400d143ff0c431f99cae01d64c610f90098d6c839d52138c094cbcbde42aaab
t2t_L10000_662	ab174dc3379b68d2f3d6dd98ddd0bae24597dcc50fc3aab9b01bc298269d5f00
t2t_L10000_663	174b4c7a49a89928791837a4e3a6920c5e0a7f3f86ab5e0a1f903c015f2a2a41
t2t_L10000_664	493b815adf55bd0f1f9823a0313270f8db3fec0ce228245f237bd54a3e73b3cc
t2t_L10000_665	ad9b935e8d7216e99765b20de7aafd85dde3e80afcfe38f0988183bb82a1021c
t2t_L10000_666	377d3503a58d090f42272f94b42103034ef72c33911b45d18ed7750904ded869
t2t_L10000_667	1a137ff81cda81f4d330bb8fc0284cd926d563a1072000160dd1be839ae231ba
t2t_L10000_668	5884aa622c966a0351f4007cd05fb622600cf08a88309b34434649bceaafeda8
t2t_L10000_669	f74f3f888a9faa7d546c6bd48dd442b6929ee345e31db5b0816598524f9a0078
t2t_L10000_670	017a35b9e25fb13e0d6abf7dc5d59ef062eb832508da4a9b1f7ee9bc9f37cdde
t2t_L10000_671	c728bf29d6e8e50855b59f3f86691f4c50b287319a351eb0acc112051b24b1f2
t2t_L10000_672	daef0367e5d2fe6a9737ddd9ed8e5bd3abb2449694d06bcc229087d9db740926
t2t_L10000_673	98bcbc1ca23564aaa2cda97a9f988fccfa77c004fbdf326811d277dbf8a804b4
t2t_L10000_674	fbb828b4b8fe64a94ea4f2060ff8775b250a8c65b56c8658d92201460489a065
t2t_L10000_675	d317ffa4670d57093959ccecc54183f2f3bc79724087e07ef039fe9b9fd09c04
t2t_L10000_676	4ab82457abecf7c0988a444dea3b817a154213ced4fb80a7ef3fc50d344eedb1
t2t_L10000_677	f57be2975ec80bd850864a5b9649ba28795ca2da629e679928324b11449240a2
t2t_L10000_678	f6a5e6b1dcb221a4012f01e8f1f2319eed9817993a2c9d67d2aebb7bc16908a5
t2t_L10000_679	9f33192d99ee8693916147ab23fa212032d52a8bf690164131b174a3b7d31e88
t2t_L10000_680	41552c972deb5bb9c1dd4fd61a620e88ee2cac8c9c252389bc56d33baaaffc9a
t2t_L10000_681	b34313190b97b25f2bc863fd6f2ed90f26963c47d6298072a7fe1c8d7741afd5
t2t_L10000_682	0c8714860ab27ceb62827cc202b335b3024c3599a461713ca29331c169ce6169
t2t_L10000_683	b6ee25086881daacb1e7157a3b4e2fc5c68a019486ef220986403ddbf0a405c2
t2t_L10000_684	520060b6ccf43d0d49becb9cd933d7eeaaf9202804a892a1164c3e0f604a6d7b
t2t_L10000_685	6890ad5e47cba32db80de3740bde6ac270a48bc4ae08b774e3003d5a55210060
t2t_L10000_686	a34559cc0509e34e8b11d29d14025f7bdbb72d5bd3f668c1353fa9db786c07c9
t2t_L10000_687	84c2157645af591d91e1547ef7612c3dbd57cad5cd78ab58e7d154324767d258
t2t_L10000_688	2e4c62ef979ca3c5d86b14a94883bb6c417869a069d2325278636a4a3da967f4
t2t_L10000_689	00a7a47f403cae8a2b7c8b3c06c7bd7e46bb6aead6e30a48abe6ac1c4ca054cc
t2t_L10000_690	69366a815939b3a6b2dcea039d47c6331b5a7ed309822dc324586b68d3ef79e3
t2t_L10000_691	2b64f8337246bf75ee6db82d216cb6ab26e539e544e0a3ac7e29efd2fc99119f
t2t_L10000_692	799614eedf06cfb33964fb2f611898ad9b2ecd6c660ee125fc67f5f0995e89c6
t2t_L10000_693	b889a4ce3c9c4998f344762a36197189b6fc6cb86ff1aa14add0b2b107af61eb
t2t_L10000_694	7c016ce4ef1f0c6793f9e7313e5fdb2da0619ec67d5c177852dbc0fdf20590a3
t2t_L10000_695	43cce6e242a62a96e51b0fe5bb7af9bf39feed1d94d390457cacee04394506c9
t2t_L10000_696	1c82045520d9ca2ecb4da2a9eb7299dc598c5c6ecd10ed25b33bc2721c5fb4df
t2t_L10000_697	1af2a22f69db2de9fbd49e67e8aa41da6e718b5bf348d1eafd36cb3917620ef6
t2t_L10000_698	cd021508ec256d428038db70f7bb1b26ae774ed5c79d7463acd6b594fe20de22
t2t_L10000_699	086003b54c483bb82ee1759e48fed4a82042d97aa4887f003db936120ec8f35a
t2t_L10000_700	0ea74fb30f41cc2cf13d8e2e13e3afb7b4bebeb30a462bfe55ffff08efa75417
t2t_L10000_701	92b60d5c081799508788577dab69efdf04ee7c4117279974df17fbfce03db4a6
t2t_L10000_702	5853f42be205c02135263ce2bec83b949b699b5ea1b197e1138f200610a5f55b
t2t_L10000_703	45627b78690adedcf8f32e53258819f9b40aaa0c49f32a783e50bc4c6ead4a17
t2t_L10000_704	cfae87fcfd5722ef5a9adb36d02649e6ddc85139cb45389ffb556f3faaf3a2d6
t2t_L10000_705	3f13449e8646da6a0a466d2e1cf7149ff00c086f9b3f949d843534478ee9d15d
t2t_L10000_706	83accd8c6b4da8378538f6bf42e6cd05e19b093cc45a7c7a16a149bdc856ce21
t2t_L10000_707	d7a0d1cebfe7e236cdbfc5052189c8cf91c76e81d8e84d139f419d011cf10e7e
t2t_L10000_708	83ea62e8d71e09c52d8bbed73c09ef5db408976e63cb6ff449415de824f422c3
t2t_L10000_709	c709fb0c07ccf0426e4be4561389c36c16009e10fcd78649bb0546486658a93b
t2t_L10000_710	926893b837415226ac19d029075a1c855ec8acbcd95caca1b7b146b32865c4a6
t2t_L10000_711	23add5081ddeda4222ab62883476b6f3bbb55198690e524c0609394cb1cb836e
t2t_L10000_712	3c567c9bd23967d3c946ff4016b287c3081f42c5e85ecfd87e8db863b4f50216
t2t_L10000_713	342ce39477ce6c620c926f3e826fbb00f9b228f605c9f003d2b057229ddf3c0a
t2t_L10000_714	6ae591b6306bb978a5d3c216fc260ebb0d0c502fcaf225856fb28bf4515cc055
t2t_L10000_715	f60b66a600d987d1f0a1601f857e76c87b3b218dd91087bcaa00b6ced9e1d6e2
t2t_L10000_716	0ee8b43de303b15544edd04650e0203cf70367718aafdb9b4b41f18e6571145d
t2t_L10000_717	629c4d4b15d728caafe00111e93a984f72f1996c7783253545d4de02258014bb
t2t_L10000_718	fa49639b3572d68629f84325938e785725c06116ecf7c28989f885cbd3ef433d
t2t_L10000_719	0f682a0a7546f6b4efb0ebccc512a376ccb74c5d344499054d51d914d9f636a4
t2t_L10000_720	3e7e49c3c26856345f9765529d6ea7dcf3780e0533c2f82c8b430dfb848f3104
t2t_L10000_721	94ca922f3c905dc8161adb14aa4223e82c2246a8ad30c1163fc4c740043435ee
t2t_L10000_722	7ae4216281fef082ce45a4ffae8277abba7df320537321c50ba265154b40d963
t2t_L10000_723	f7a4667c8d669ec419b49ddb56153eae1754fb42281a2e84f29a9bd3fa117212
t2t_L10000_724	cc1fcd13b4797a142f6e55d02a9b7b6a4c1fb33a52207812af10fb931a5e82fd
t2t_L10000_725	130be7b3be116a2b05b4c670b0a648a922ae59a15ca4dc781d7f36a364f4653c
t2t_L10000_726	cccba6a910d0f1c86cd470c39169873683a9936bba03968e21c20df151244e57
t2t_L10000_727	15342ebc7bc5b6c0b91575c3776c4e0c98d8f8f354423164863f2b0b1f0e2703
t2t_L10000_728	08abf3c78542c5d17ac2ed57b5acf19ecd493d01e7be5e824bc64cb87a4fed35
t2t_L10000_729	34bab4f42b054712d6d763449e4b70df6fa29dba8abaf7ee1ba39ece3a489fd9
t2t_L10000_730	18964b4bb7972beec2029b753ae1d40ded0f7cd0ac1a85e461b9c0bc06c71a2d
t2t_L10000_731	d3ca37fddaa369628c02f6404ba4b1d0d8333461e67a947e19e9d067e05b1fdb
t2t_L10000_732	8e45e372736004c23e0724f82fd0088eab37c348d94189f82e4a5f65a62deb97
t2t_L10000_733	f47e0a7880a8ea7285abfaa25fc345f536f43705650417f2b13d1b34576f768d
t2t_L10000_734	18353f3aef3a6c3d81515d0dd55944f2c9618d702f186e96ecc684768f527b40
t2t_L10000_735	e444178e31dd52fefa47d2f7de0dd4cbe4502f14b69d770ba7fd4d1837b8a97b
t2t_L10000_736	6d8bfe28f83b36d1e623c2dc6c818b8b79d096707f2b78632dee15a50ede93ef
t2t_L10000_737	a7b8d52a2b45bf531b37b9ef81070484f9598c16018713b1c7e65a115c309b7c
t2t_L10000_738	7ac4cdb19dffe7eaca1aed33a8e50f1a34dc3f8bc7f9dad438bbe5d856704790
t2t_L10000_739	24c9cf3d01994f619aaa9b201d1149726d0a1127b803ba982261e023cf0f1314
t2t_L10000_740	a44fd8a8ace93811d26a1ab5e76771f4bc0a7e28b2da98193e7be69938c9c593
t2t_L10000_741	9a6db35e9877ad873afccad3ab0089b3e1d5d34e3c70bc5404e9f4ca19ba2dc7
t2t_L10000_742	0042dd19b4b8819a7eb8463d3b419a9afd77ce754803c703e2876f2adfe5bae9
t2t_L10000_743	6e31dbc019b5159510f0eb50c356b0cfba09a437466e35e51097fbfe90c44ab0
t2t_L10000_744	d390dd735fa5340412a2579e5d797d323e11bda9ebc8fd73f999700e0885104f
t2t_L10000_745	be9b2ea09d7576cf1b3d2e0ba8e632f0f518a5ef760871c561959ad7a4a1fb49
t2t_L10000_746	054ac21bfa44f6dee8c515afe4ff7ae9fca0672b44acb8e9bd6a6e57e608451f
t2t_L10000_747	a93f7198b0f3bb4dfed53bf37bc338dc968523384532a71d2fdec11ccbe15488
t2t_L10000_748	27c047441fbb022c150adc3f719e5e4ca29bcb2ffd4b88d2c92f88d098f71061
t2t_L10000_749	5622a9087297a18bad5b2cc34d2f8bc24e5a27096cbe6103ceaff7160dc201b2
t2t_L10000_750	ab43b6ebdebd1feb575b8d193bad1e4c1cc88256becb62980e37964dd75ebc78
t2t_L10000_751	d288a3dba24a1201001b8682b8c4f2b6e2b74ce7f4f7a827ec7c869d1b236838
t2t_L10000_752	5e74c4276c1402f7616c95e20b231c8d6107b2d30d33c8ad2a17a8ca1d48a124
t2t_L10000_753	63f371bbd22e72e80c6997f46a6a1896c6118038839dae057351c5d890a76097
t2t_L10000_754	36571dc6eb95e33d58c3f7d450b36754c47c2132a86852989a9f49f0d6680416
t2t_L10000_755	84aa3b8a9ad8adb04900fe9f7d6829785fb4a07c1f98baaa35049fd65f2a7332
t2t_L10000_756	d6005964f29a2fad6770f1bb80cc735204760820fbbf0ed2d24cbd55fef4b44e
t2t_L10000_757	807a81832ab1418baf5a8cde483d7e0aa6b91cf974affe75c18b4ff5858e3a79
t2t_L10000_758	4da5fdddbc9270190d99ec42c6f4bdb88c350b3b9c38d1d7362aeb81485b2463
t2t_L10000_759	ab7615b5221104419d2d27b76cda922630532df729ae0e171a50778f7bee9d94
t2t_L10000_760	de5be7a78f31167f9e3b5e16d7c4f9b1373c01c6bb0cd03ee0f535049ea8a821
t2t_L10000_761	efa18d18e44a546a554383ae2ee914e5fd6cb1625983530044e0fe8f699edf98
t2t_L10000_762	f98855d3f6683a8298c9032d5df3a8666c81f2880089c33eabf059968f27d74f
t2t_L10000_763	948d97c154507c79bd4726d9bdab5b8a5ccfbf74725344461be29ccfe8d4a292
t2t_L10000_764	c3e0211ce5868d0fb492c171fe5ce960404a86401c54b41bdc95350da0bc55af
t2t_L10000_765	526afffaaf7cc6f543fa44808736f438595c08777bc7f26774f954dc64ee9393
t2t_L10000_766	f5dc5ea09734ead423d1cd7e9aa8e6d3c692bab3c2d399267d8ab4df8bc55f9f
t2t_L10000_767	ae342204cb4b99dc799c1e91d9871e1ba59e961a8609c97c7188a101af18daea
t2t_L10000_768	8212618879cddcba2857d7f32858423f70de5b5d78825fef8c164f84debc8feb
t2t_L10000_769	d37cc0866979138c0c3a0cfe2ae620f295360eb207d66cf7ec2ed4b38d093cb6
t2t_L10000_770	ba6ec42019ad093dad7d359c548053ffbadf9cb8a698e8a4113dd777c629c236
t2t_L10000_771	1b0d625f0671734e0e6997ac62b56de26f62deee9ab31f331d38bac23d19b726
t2t_L10000_772	36310ec3273408475b9240c77453aed2e7dc4ed97dc3cd7eae7f6b7e6f7fbdbc
t2t_L10000_773	73d17e75e46fac1aca4dd440ffc8cab3ecc33f5a4c6f577f7a0237c4031e485c
t2t_L10000_774	22528db10555a0667ad29bab554a5a939fca970c2a9912e51c7a296e4ba0f619
t2t_L10000_775	b0a152dc0bb272af921a5b2d8d76a288984eb2d178470e21815e50945c540f35
t2t_L10000_776	dce4918957c1ca8b194f01cce8f0fb15142dae054289025b05812c260165b266
t2t_L10000_777	319151d7ed34c3b46a442702888a251064e61128204be064e27e19395ad9cf4a
t2t_L10000_778	539c00f2e0515fe3c75de389e05233547f0ca976fd1f854cd7cf16f7fe5fff87
t2t_L10000_779	f1d60672829d06c7a80e2ba354768ae5393ddf9b1fdfecc370bbc8fa712dca8a
t2t_L10000_780	481014b662c0ab25c3976c2983969725f631fbe5208d199923b2d1e874cd6d6a
t2t_L10000_781	bb5c43565d897e92b741226dc7c86de17ea48323818d03ca07a15025eb875c38
t2t_L10000_782	40df36b640ddd1a5fa97232fdd578b8a440e96135570ece9f822e9b51c23bf4b
t2t_L10000_783	211c33821bad6fa3f7e551636c8bf36e381dea9606eff9652e55f796c988a6c6
t2t_L10000_784	b8dc90f46e7da476ca3307b8528aa626cc78d6320c6eae69b6ad0304a8897950
t2t_L10000_785	3fa32d06e24739a9fe87919105883420d5214c90a1b74471064dcdd738e61f1a
t2t_L10000_786	66f8868ab7e190b8232796ff11ee99953b2e9f969f0a59fc80ec2a046ef37808
t2t_L10000_787	26a0e79ff520f50a62d2d122b8e7d6020ed243a79bde0f88cf3d9a9fc40da3fd
t2t_L10000_788	eecb6e0608d50dfae9eaa16e64940194c8ab1522aa61e56229ea383ef393e7b7
t2t_L10000_789	7e5c938307f1bb4cd0d05657874d89e27561b8cc40a228b4953240ce9c894ab8
t2t_L10000_790	5216aa0699506acd4d640e8929bdef74d56a0a087f5d274251ca15be7e5331be
t2t_L10000_791	f9b7b16b2ffb53bcf23415ccf46548a739eff70765e696853bcd27c549111add
t2t_L10000_792	c620b06a1c761c67e25d15e71aab5be02709aba7870145c38d4f9957f5b3484e
t2t_L10000_793	8d1763a693936ac55ee8d69d4906bf6ec4786487766446d69df4efba9ea8490f
t2t_L10000_794	8ef7d9fdc3db0c6bcbda3281c0c2142735bfe8cbfd176490a2dcb755d20bfe17
t2t_L10000_795	b0a1ac0f3c5d87462240887f9e8ef6832e35d30704403764c783e859eb3fcc94
t2t_L10000_796	746a5d36f4b80d9e54a332cb4d7c8f4c00b1b60bb1af308d1c4ab7d2d9f42209
t2t_L10000_797	b7b6ca7caf7e1c35b02f9de43717b17c27e62f52e539e330bdd494135d00839f
t2t_L10000_798	55fc7286da01390b85f08bc693ed3ec8e875d7aaa44dca8934adb8920b1e2584
t2t_L10000_799	c70a632a2e32ef647365722aeffcce69cc8b3086bcb453c0b44159a0a35d3a2e
t2t_L10000_800	c49042316268412073391363537bc3cf77059de0e9feb94d6e4163b6a2b151fb
t2t_L10000_801	ed079a4af70a6b09d6fb3fd5a487f9147e0984387e42290d77dd652f359c952d
t2t_L10000_802	d03b91020033ffea78d319f6171b846e3d76ebfe48d3387c4dba932209a83ccf
t2t_L10000_803	83a8ee36d0c8fc15091a92f8f956d2a6a487f3ec8d436bb50fad57985416c9d9
t2t_L10000_804	577c1c1c450d92b9e66448b3775faf7a74f90686f13b0db3840df1b0354f929d
t2t_L10000_805	a175c21733bf2fe12ed4d341b7c75aff42d9fd9f4e797651d8ef4ce972e3133e
t2t_L10000_806	108ca44f0872be9c762a34cc72efbb835fcb7abb0ba43ac3a6b15f1f70f40f12
t2t_L10000_807	1f59a0de5600aa955407f1231f4abec2a660f113898fa3f29b5d471f8f14e3f1
t2t_L10000_808	2d68eeb2ea6671109a421cb45e3e003c5ee373486de71a8576ac725d29b167e9
t2t_L10000_809	54c47050b6d4766f32f9898bcc9884dfc27bebc728672c8a5dfe8054ddc89542
t2t_L10000_810	21f679a50eab8dd82aca1852a3869bde4a0b631143032c13cd5679b502dc66e2
t2t_L10000_811	2a6fb4872257f28c69381174dbab97d7f58242724854f906699e14ea48ac9c33
t2t_L10000_812	90508ce05d0c4ed69e9fafa6a57b21dfae0af9c81774fb76aad17487a7aa25bc
t2t_L10000_813	d0d5fabf5598a19b667157e4917de813d4cb090989a9962fcb96776741933925
t2t_L10000_814	14848a4f3322892860190d69546bb8e2bc722b84e87eea89e11a5c20d8252a56
t2t_L10000_815	1df9f7bcd6179c082ee579f82048f981bdd92523cdf44998087af3bf5edf3c2b
t2t_L10000_816	741afd64fa80bd8d3d33467e7306b184e5ad95aa388ea65d411eb840e14ad873
t2t_L10000_817	4217b3ed26b8c2b0343f4bd3a6e2b51feb75ba87cc60400f38b33f20ea2e7bf0
t2t_L10000_818	77136ebcbf6ab3643014d9bfe1be8380bc6f04b6f8bbec110fe73fec08e98a6a
t2t_L10000_819	89db101b63cbdc6efad40e1735688653afbdd59779d1af277fb9bba2be8c4652
t2t_L10000_820	2dfce891f12107268e4e4b32a9db325e4fe7e57dcde4fa9e8ebceb66fcf96da4
t2t_L10000_821	1bd0ec4404e90b66b5583a64a97d8cadbe2a09664f7ce4acfb09af72d335c0d4
t2t_L10000_822	08bf4e508f9d123c169e6b8db721c2e89bb38a4834ae416599e6898f8987578c
t2t_L10000_823	43d36076100b11d2631716d096542d33a2eb6fb8269252ffdab6a4b4bf5881c1
t2t_L10000_824	9f9f7a0db59c4724031c24a95e13c04d32b51819882ee5773f7ac3e463a0ac4b
t2t_L10000_825	45e216833c48a9d66c8db7a5d22c64f51f3b1e18dfcc5d219da03993eb53b38b
t2t_L10000_826	f782962c8acb828e72b5c9208e20c2ae302bb549e39e2f7bcf81be7a1b27c500
t2t_L10000_827	75de6332854cbccd63bdf9a0287ca5dcd95aa7ca534e304fcbcf3c218e3ea930
t2t_L10000_828	9bfb9693735328c08c8e9f08ee08764072f10df5db6f5481a7593774e7d6b205
t2t_L10000_829	5c79829aa6e456ef8495397d6c12027b93cb5487eb59c34adc9ad8e56e34e607
t2t_L10000_830	cbe611866175d6103f58de427a3ce94815c23a4a5fa6a00aba30118431ca1923
t2t_L10000_831	180876dc2d518e5b9ba78cf22bd69c9799c216e2e3455429f2fcd8aba8a9033c
t2t_L10000_832	8674ceb33286cd0fde4be43a7453eaf8517a62fdce45d8746dcd656e8c2e0862
t2t_L10000_833	f1664642ba80c72981bff42fe6e5965505165c0323d5f835dd403936941aa2cd
t2t_L10000_834	f6c112857d6621a2235ba4c5c0f039cbe3f639565aa105e63e2c97bb38281b3f
t2t_L10000_835	c1a0bd54a77a4de81acd605186c8fc2705c338e5592b424b897e0567a7746321
t2t_L10000_836	b802e0ccbd025cad034bfe331307077dca800c79fe6aa55d3a4c99bb2a7c3a0c
t2t_L10000_837	cee9b60c77d379133049ec6004757466069a614a6417417c377a601db2894e02
t2t_L10000_838	2952533086bc41961d26450a7543c2ea0af4427bc8ae6847d83f3d1701f5f40e
t2t_L10000_839	bedf213429a64ad7a12fca960af7fca58c6c45c336711c018155dde300e903f3
t2t_L10000_840	8ba50b2073e89f112f770c451b667db5558ef355365d83d9b123e777aea9a464
t2t_L10000_841	0c623b4441ca8e8c6b748c3f37539f6db115929a6951d44905bf226a14ee823a
t2t_L10000_842	f1d3cbdb9c4c44bdf535a85ede0c0de446604966198124acb6d3c2401033bbae
t2t_L10000_843	6e3caf26fc776f7d6a5c27c87d6d7ec3ac756a59f439f121995e1a1865c5b469
t2t_L10000_844	21cdae6d7646caba46c5dd7549fa05111bd84b699b2b84727a7cc048c0b593dd
t2t_L10000_845	c2cc4974b9d6992350a1520f4b9bb701997ed50a94987471dbb1742422d34a72
t2t_L10000_846	dd64b9230ac54d470a061f8ee96bec8992b95b10cdb0d7c2a994fb9551a9f42f
t2t_L10000_847	a75d031f760463e60e21cba811938b3b0fd5fe93d171e9d7abb7bf73176fecd4
t2t_L10000_848	735001860692365f5f0464ae872e18aa790aff014febe5532c31372bd23103ef
t2t_L10000_849	918371e14c9a17d67c76330544d78adec39bec083eda4250da390f2bdc4a481f
t2t_L10000_850	60b6a2738589a2dae0b1f4da0661c385549d777c253c48634c62c48b6c6e6271
t2t_L10000_851	603dcf9aa359f6fc4e9bc0bd32553fb97b6671d7e56ace176db7057e44834815
t2t_L10000_852	533ec1d8649e276d27c092cc6ea0508c3d7ff312027e118f32451449cbfd1ee8
t2t_L10000_853	11a2ef6d9b64588f7002ae85809e76ea84ece9e9b028effc91299e0183a67a6e
t2t_L10000_854	66a509f45b1d480a2329ce67901eed70b52db8f6f7ab6f80657be26cb89b4a97
t2t_L10000_855	0306cbb45bd84fc37d364b26e8fcec5ebc8dff4803063714437436990de56cc2
t2t_L10000_856	e665f28dcb6de9db922402a95d10bdb935825d3acd6c3bcd5bfce7ddbd97fc14
t2t_L10000_857	0afb908583b38d468ac07cbbd63243df25c218d48c40e9aafac843cb4f573d9d
t2t_L10000_858	1666ddbb27ff765b05322ab08b2af1532b40b17bb684c0296e85936ce8195507
t2t_L10000_859	f57da52f937f8e418192c6ccdf5f6e6baf5e99548d66cf1fc28ebb882d4f7afb
t2t_L10000_860	d9e281715a4879f4c55b30bdfaee5ed8da25b8d75f2009f1ccbb91dd61ca8cb8
t2t_L10000_861	40483e1f6596a433d2936ead65a41a502640767140cc86e7b2dc2b7f5b64bda4
t2t_L10000_862	e6d0905c293d4ae2c937f4def27507e02e1e1ff4915af0eeda3f07bf8fdb8e8b
t2t_L10000_863	ca6d45e2438f63278c4d6caaaba814a15f5fb4c6e32533c30ec051a047d900d0
t2t_L10000_864	076dbc23575dfe66b81bf61328d646b576026cc40889f77d6082899593ef7a78
t2t_L10000_865	1a9273fdcbf78b499784ad9a685f6764b19fb98f39533fa6a483b1a28ffb02de
t2t_L10000_866	ca53efc7de2b8dd19d83873b5b7cbedc679adaa30e59ecda1e807e77cb3efba2
t2t_L10000_867	351c44bbab38f71079642c1dbb278fbaa8e8f5d9988d9f44827b12875aafa105
t2t_L10000_868	cf81ca47ee5de8882c34547543cc068b0242060113464b41cfd21838780a02e7
t2t_L10000_869	d1040e8ce00b33a86ee19ad7f9c28a753adbb3b9ac39b138b99db1acddf17a12
t2t_L10000_870	b3426676bc2f9161b020f5a5aa5a5f1cba9aae0490c25db75bb454b8b83b4dbf
t2t_L10000_871	882718e64d9db176becb05e355ec6ccb306200c2c793738a7803e21bf7d74aaf
t2t_L10000_872	d439d9d5cc47a48df1bacde3fa33b7f076b4da1e7f79831515eb8892707baf9b
t2t_L10000_873	5e844dd0512ab1cceaf7435bd1a2953a31a93fa601773aba33a2c97913a3a10a
t2t_L10000_874	b0eaae081d121657056ce7ff270334abdbf600eb66d47ee12e5bcec75ff934fb
t2t_L10000_875	dbeefae3734c7f909aa20a7905b470652be257e90e890d8b28b9ed3842460558
t2t_L10000_876	cc9eb767a9f27616de6c7c84bf690558d436c8c86da3873677bc6722a8755a80
t2t_L10000_877	f4e2b69a300a75c03be7ec7494173af39ba74930d269a89f6b4436a178cb29d1
t2t_L10000_878	faf13c003863f7bce3991b7d74e7aef8a122383254f51b9648f767057c422ace
t2t_L10000_879	b59fa7e8fa5da2df6e2b8a0addb06bf44de07ea6ebf48d10314598e844f91296
t2t_L10000_880	baec23dd884e2ff89b3635ad19f6148954d55ff91b4289522da69d4beb87bb33
t2t_L10000_881	100431751247fc2ce3d0a39a78e55b0ac01109b4124f3e172b995afd0d8a0fb2
t2t_L10000_882	44a472f7da1e575fb3eb8565839277dae5b48a92f17e776a4b1cf852b4c4698b
t2t_L10000_883	8885339f840c7788ae19eeb62e7adb55f39d9c1e52b2899075ca4d67a5ec53c3
t2t_L10000_884	29a1839ab1a5900ac030666820fc351aceefa746713bcd4bdfa3dcce9d0af25d
t2t_L10000_885	684042481395287ba5b131f8ca92ccbb95c6619a9e9444b358cf25780c1c1a7e
t2t_L10000_886	992d4e1dcf4e594b6c6edf0778ec2cdf87028965469f5d69455abdf82dc2c799
t2t_L10000_887	2a6b693439eeb1c9a070a89e039d4e760d89cd5676a1c3c193d74432bbf2c1e4
t2t_L10000_888	ad087fa5c7a8aef3297606d9adaf9a446ec086502e4ce82eed0b5fd1fbbf4d42
t2t_L10000_889	5c2e89b899934d6e090811bec46322c038692d6f2ecb3c8b22efbca16f5a3885
t2t_L10000_890	8ee8480ba069895311d5a82341fc2c47407bbc39ef9ac79a66323f21000cbae1
t2t_L10000_891	1536a6b471e8fb3bc9b96c128ff0baa3e096ae33edcfa765a18ce5f991b6d95d
t2t_L10000_892	9a1f78fb36e0a75aed0f9e51fe3d9d65203dc38e8811214cd94ff856190bf94e
t2t_L10000_893	c771a344dda22a9c3581afebbcecf76f1853b322185d6c587c54609bca0b3802
t2t_L10000_894	4dc6a727c8bd8e0599f1e909eb5d53e38910dd492df5bf4ed76d182680803eea
t2t_L10000_895	1b32d340c2bdbb8baabc63dedbc661cd287ec933db7374ee77e48c9b8ace7fdd
t2t_L10000_896	3a6f9ab5a2e2b95a177248468fc68822e85143e90079fd03c47f2ebf60ea4d2a
t2t_L10000_897	efbad894bfbc021be8a016f636b23d6d26bcb8bd03d5b811bbaf57e89c273e1e
t2t_L10000_898	39929bb6c5012d143a84fd5c7c32b65d7342326aa4a05ea520a4bb8d51e107a9
t2t_L10000_899	fd711d95e69d584b8738bc2cf6958978d86edad1ad5582cf06804735f4d46dba
t2t_L10000_900	2825c5429c2fa9575cac8dc09a76a35f5fe7ed61091f58a5fd6f601f4bb269a0
t2t_L10000_901	d989a4a496247285491cb55dfe398d260e758d774a1bfc74cf4810e3607233b3
t2t_L10000_902	83b88e3a7280c9cc5bfad816f22748c1af67750f94bf1b4fa3d20459d6644ea7
t2t_L10000_903	642865d6be815d288369a844974b557c0e3864956b2de8e87cedf732c72e0008
t2t_L10000_904	a15ae1b4bdc44de010150226a90498c0770dc7a318a92c32c97f0a4cd446c25e
t2t_L10000_905	eacc19329075c99a55186f9bf8a2c2625994019126faaf995188aac4ffca04f6
t2t_L10000_906	d2fbeec74ff4bb2db39f4c421aca03d231fa85a6a998c672c7af16b807200293
t2t_L10000_907	a04677fbc2f575c449f4a4c2aa313c3166faa16a0b88b3be5aecc56532ccc36d
t2t_L10000_908	5503710092f839b353a241198bc9e6ef104137db8987de1c72d155398c216645
t2t_L10000_909	749ccf32b4bee8381398faf75945eaad16958039b4d57e82f1c1348cdd29b5e2
t2t_L10000_910	d169bdb31b24f758b25ab829c9353f633e71bb8b4a5ac83f2ac2693d659df172
t2t_L10000_911	f175af16a7d9d58366fc39df48f24908bedc93ab99a17fc08ee6ee28dd397386
t2t_L10000_912	fad353d05463ca9d5ad3259591cbca4c83ff66e96ed7dd2df116eed7e6f65b0f
t2t_L10000_913	2f5fc3550fa3cb3befe8d05500813f775579db882780ebe9aedf03a51bf8aa8f
t2t_L10000_914	d957f5227e8e7507498e805c036caa0b74359b17627ab945e37e278f0240cd58
t2t_L10000_915	3c563c0f67e2938d211fd8d9efad265d2509157e4aebfd00a2dbbc70ed8838c6
t2t_L10000_916	fa5e718b9ca1b72453671afaad091f3560832bf26a5726652dc826a489b79c4c
t2t_L10000_917	2af70cee8867951f698792a0e49fa080a6147c8eea07229d9e534ca53f775fb0
t2t_L10000_918	53b63cb661dfaa193bc3ec6c8692680ea0fc3fef01842e5c18e676495d8e9e1e
t2t_L10000_919	724b6cddcb29088103ab011c0c10425efb5d40b37398a4b11037a7139da9d40d
t2t_L10000_920	16e694458ad0b3e229166646a624231329c8718868d91cb89e5a9c13206723c1
t2t_L10000_921	d8c045fd3d580001135f48c895c7e90803a5fe07e3cd1ed7d3b1fc2d6e2bd989
t2t_L10000_922	2edb2c30f1d7ae033a1d54c462d531b1fd7ff15287c47f16192f74b0eff9b939
t2t_L10000_923	ae077bf3ba4a8abab2b7555431f9a9187df1073b59ca4d33822853cad0224e35
t2t_L10000_924	d6fe9837fa49321038c637283bf75682ca80d6ccfb07a9b80b4b4bc774208a55
t2t_L10000_925	ac8a5f1752f3773cc07eeac2c12f157c18b5b4cb4b6631bd3b1085d1cbed6d3c
t2t_L10000_926	8ff3f7df1654c5aa29cf12572f3445285b10ac06cae1876b8f45253b84a7fed7
t2t_L10000_927	519449bbcfeeea62ab56eeaedc9b30b80b5eec88668d90ee2138a4afcdc51a79
t2t_L10000_928	cef65f788a87ef0d60b719bb5d25d5eb5c28333787361d561aeca2295f98879c
t2t_L10000_929	d7f36155e7c44afd1c96596b7ab5e02f56f7ac2544609a62723862132558cf9d
t2t_L10000_930	c53257469c1014ea8b93c5c1c311d9055544893f69c432396eb02da46686cdac
t2t_L10000_931	53e976282ea79f64da39d12fca95288a7ebe0a677e0c3678c0e84ba7c562b5c8
t2t_L10000_932	52a23579b35942b46606562d61f690d9a1da18c00109a1e5a883f69823ee3a8a
t2t_L10000_933	5c7eabd33cdb103a7d6b1b194857f869d84683e545155fb380a552c02ea8ef26
t2t_L10000_934	463be33843af4066bb94d77a413c1d83177f77bd00fe89776fba4270512fac42
t2t_L10000_935	0bd11394a036cd07b417dcd415fabf264d41602f0756383d8245382413170ed2
t2t_L10000_936	9f00953f5c7abde18dd9cd352b7b74b01412b0aa73f2bbe2b3ab9d4ae06d05d2
t2t_L10000_937	b6aa7da61ab96dfd337da19b1df42c871023b9405018905878b1c15a5ea54a4a
t2t_L10000_938	33f8eacde3e6c53706d0796e0237f5697aa59405510a45ffc36476576f9ccda0
t2t_L10000_939	8735f4399f3426531e538ecfb512b6f6bfbad20e5b95ea35401ddcb6258ca7a8
t2t_L10000_940	70082a9b426fc1c0ac66dea3da263759793f0b027c67e537ac033da6fec94e25
t2t_L10000_941	59dc45f59025f3c38209cd178cb9467251a36e1e4f1a56d3b5c3ba2402418677
t2t_L10000_942	01ecfb69ba341413f4ef10be451b9c9d16d970a240288ee478eb315b8fb31991
t2t_L10000_943	5e157fc440143d91c6ea97edf0765a9dfec8f3455f400413c150b7a33bd9bb08
t2t_L10000_944	34f26e1fdc3675f9ec55d4b38853dde3ee2395f1909965f63d4e1fb4fdc03d4f
t2t_L10000_945	6cc8653327e56a824db4b498a9beaab812e205e5f2124288f6ff2d0200978332
t2t_L10000_946	83fac5544b47e90113273e982db0b9cd66e9b0f457cc922e2b03efae98de97e5
t2t_L10000_947	a96c7c7ec1d3f01e457b90c451ba01983915748626fcb99e21a36379526c2fad
t2t_L10000_948	07f0b009205bac128b1a5404172bdd96114e6b0cad566c199f8b51716818665c
t2t_L10000_949	7ffa200582c51991fe2f7363a120731a988976dd529a506ba6b91efb1f20c544
t2t_L10000_950	58e4dc277c21fbb1a455e23f51c8e3011f6b548d87cdfe76644429bc93b5899f
t2t_L10000_951	ccaec74c394fef71e6d15356d0810bd4fc9c3085f551632f4ce40a962285885f
t2t_L10000_952	4971e14dc2ed1899830376801da0ae197a86fb81dd3c6060d83e6aedfaa6f24f
t2t_L10000_953	40248d25bbd03295b4097ccc2c7fec6abfd56a31e0b4f5e779bd2c213ff6b993
t2t_L10000_954	42fa149cfd3851d903aa40265ff4dcfee18a244daac6ecf224a5a3b74558c461
t2t_L10000_955	e7b99b07e6a7a4a9756f201ea52f84274c3be233e9338cdf318a4be93c4b9a06
t2t_L10000_956	9a049367d9c42a74464fb7d1a6ddb522574b8cac25bbefdd755cf0f264f158ca
t2t_L10000_957	0644936c76f5a39999d457ea6fcfd5b04909ca13c1a5b54ebbf9404d5a912d30
t2t_L10000_958	13a459287656236e5995a288ad8f49f070d83c5b078bfca2676e49567b70d265
t2t_L10000_959	f23887404d56791b5299eed62a81a44143bcdee31c0fba60f6d03468b9343e4d
t2t_L10000_960	e61efdbf0e8394f2407dd4ab7f74e649f62958a1bc0f9182a3685098cddaef44
t2t_L10000_961	0b6722b0eb9494594063efa57a42953e671b01e48621d961c233b0df55409a94
t2t_L10000_962	006ceeb83ba94212d1c622ba5ea4d03d00b3ce29d93b6eafa1878bc5c1c4e001
t2t_L10000_963	586788ee83d7364f09882d0a221b963d7b64b9dee4be2b0618d8308643c04892
t2t_L10000_964	795efc6da2f922a6b415f171bfbdcdd5a05e9a3652f9478a159724e38252db79
t2t_L10000_965	f2750e6b5eaa290d1a567bccf4740476b562e066e8e47e2840f25958449d66de
t2t_L10000_966	886dc6e0d818a92fb8898569d450aa4795ac953677151a01eb3c72fe135832a5
t2t_L10000_967	dd417b7532cbef690846fcccb796a946e1871daf4bd378b02a1a9b2172b2dd18
t2t_L10000_968	a01fec96437d8cd03fb383a9d63b2a8a8db7463eb9bc228e0bee51c70b485056
t2t_L10000_969	173b9b7e8294ca01d1e76c19cc297a7431f7071a6c570dd33c386e2d1d37c027
t2t_L10000_970	514009016a0c08c3a133ad7f18a468c38f22ee6b813f26b4f4d20ede4c62c346
t2t_L10000_971	9d445365a75192b691bc4a5e3483610e82c375f1583801b4c6b3480f5d249ab0
t2t_L10000_972	edee719c01557f422ad12315d77468e00d4605ad486c617aeeb68e644b3d202c
t2t_L10000_973	6045ced80c10441e3c7b1f1146085f5eda2a8f0f5f7f345e14336759e97a0f92
t2t_L10000_974	7a2d4e90a23f5feec4744d71f1b915027e492f449f14c4a0e9a421ad8b204c48
t2t_L10000_975	452ad8deb6183510c37a02b840838c71bdf574de93721c3ebd3c29b4a0ff7a7e
t2t_L10000_976	511c4fd0204939e4d510727aaf4cb68fe846005b0f461d182853381f65ea49d8
t2t_L10000_977	6c2c442ca304b05f4a0d657c2a469d69f1841968774a60f0c1de43d034b43e23
t2t_L10000_978	5ee81e4dcea75056c949778278752bd8d9c0d21c8dd46de2a6bc7af45b8c3828
t2t_L10000_979	21061d0f99ebca0852a2062baf38245cffaef31b54bcb6e68668553f5016ce1b
t2t_L10000_980	10cb00b30d433164737abdc059b7abd2226cb8804e469b70b55eadb82b725f4d
t2t_L10000_981	c71c240f176329d624282ae1b60ee8ef0ad22d0aacc987f27f89a72f72b07a3d
t2t_L10000_982	93c0ec4b6ce4ecd45c13b2a5951458d1c364aa8aecbfcdcf8c9a91f69dd51c21
t2t_L10000_983	4eb4ed58ec5d049f8cc98229944cc9707753f972bcad865b32421fc0ca1bd53b
t2t_L10000_984	272f434c4e8daa1a779fc61ebf405ecf7a7127d5eebf7007f0f01522667faee9
t2t_L10000_985	db98fa3c36f4f81b271be7ead6301c24d8c4cb7d91f4dd2e89e14dae20b5519e
t2t_L10000_986	914a9d6ef517197945d9a4ea1b51721c11cb58eea6319c1e4499b815982991d7
t2t_L10000_987	31678018d28d748e0ca133e1e1566cfce1aa7a08fc0d42a09558d843e32e16a3
t2t_L10000_988	3282db22652d6252ca4ca536704de1fed1b71b7ea1a6122ea29cc895ab3094b1
t2t_L10000_989	294df3e39db37f6b3f79bde7ddd3d2daab4356d3e4c5685dde59a5b571ff6d8e
t2t_L10000_990	6e07364c1ace0f92cf1ac1b63e65cb92f9eca6193916d448b11ee09a9acc1920
t2t_L10000_991	e7239db650f13e10c03cddbb58a7ff8c4f8b2e12e3ae59801e0c0aa45a329e11
t2t_L10000_992	6bfb5f2496e3d5075cba9776ea7caa3b375bc8b289350dc48c8649b9b69d95fb
t2t_L10000_993	0fb797a82bc7da98645937b5254929c01b0d22e0cc7e6ec4479628e8a29b1971
t2t_L10000_994	68b09a0feca0e5bdbf216da028cc98b01ee057fe23bc6d99e1f9f4e1fe98d2cf
t2t_L10000_995	14bf4ece36f43a649a3a2c06e7343194783e6186955724f42b62b2bcec8caaa4
t2t_L10000_996	5a4079939267d331bed6d6c023f7273f38ff6586fd23156abcfaf36ba130bc6c
t2t_L10000_997	d6bea70dc01b57a35dc677cd2941f9154a97a3a737c7ebe3ea60bda01945982e
t2t_L10000_998	100686e490a9d5f57e8c4e6a6b113609a213963290d3db7f5529cf9c46769483
t2t_L10000_999	24142d526644f2c1f93a540543c3b5db8deed74dfd9ef1387d0dd4b4dce1148e
t2t_L10000_1000	d9e93d8d4f60edbceb225fd361e531364d9f37cf2e0a54b39ecd8bf36faef6c7
t2t_L10000_1001	1ad959105fba55cb40fee399c145396e7e6189a4e8906f821da05f08f2ecb9f1
t2t_L10000_1002	118ae9ca6bae22688b9b9be04cef5c676c22c1ba32c2ab6419896deb238d98bd
t2t_L10000_1003	45f385e397232ea0cc314a710604129289c6dafaf5f727ffda0e6ec87e5182a3
t2t_L10000_1004	236d0282a99a9a24dfd63420b7f728992be668aee8d0649ce2607c987e8c63b0
t2t_L10000_1005	a0b6ce73789d6e74a19560b9359a5e75f069dd0f19b935bc1169d2fe61006d29
t2t_L10000_1006	28df08cc3e2898dc6e6313a26232acf18296beb13665878a3df887abb2118277
t2t_L10000_1007	10ce1f4e46bb66d88249850b9eb81e06422d98e3112b864d23522003ae2a1f04
t2t_L10000_1008	f048986de142067d17f1744c6e33d522b2a547921b8888206bf5529f603aeb40
t2t_L10000_1009	d0c3ee4efe42b4c99afb7976e723fa8872540c8da3022314fdaa5329b18b8562
t2t_L10000_1010	c9563f1be7192c6f4b90f25a62aed9c2105d752620cc16d52768334c4c742e45
t2t_L10000_1011	2dc296430b0a1bc36548989d85871c17a8eaf99e67705955816519eaa171f517
t2t_L10000_1012	d17693c3690d0a4cd06f1c5c927401bb9516d96f21502ea868cfceb5d9e2420b
t2t_L10000_1013	6ef819c8681d843db35042b7dce873e3fd1e9b86f208a8c8acb971a450c04f88
t2t_L10000_1014	075e89027a138a51b62906964aa007d5282d127db71c76e5aa6076f6cb167090
t2t_L10000_1015	6ab37a977b641b918ec69817e7ce44a17ccc812d6447bb91fd7449ec2ed860f4
t2t_L10000_1016	0c1a068dfeb479c93d3962bcca467aa281d102ae0ec16c87c7f5294b3d959ff2
t2t_L10000_1017	46941f34a46b0d7b6360aa985c79b85bd146753cb69110964726b244e2f806bc
t2t_L10000_1018	f90910901f6b87997d48313c78b19de983172abc90c88718eed118441cfa0b94
t2t_L10000_1019	e6d9d681c9e251c1f1e4d7322382294f6d4dc1c25e91acc6e35fdf8975a4ebeb
t2t_L10000_1020	fb96b83e8d03d5ba18bc67f5cbc92e1a669797ba15737d9f2d3dadb8e1dd7df5
t2t_L10000_1021	74c8d92c50ee4123258a26682eb3c27e4dfa93015060f0e76bca0059e345bec1
t2t_L10000_1022	e9925e0a13a44175a91134da603fd1e30da16f9aad15e6bac9460fcf82988064
t2t_L10000_1023	638b42590a317b3d1455e9da5babde0b63fd9686dc83029b4614bc52539cf19d
t2t_L10000_1024	b34ee0f50f1af9b4cddb3ada50e2f4b1dd7b724d4a271ea7053e916923a6c78f
t2t_L10000_1025	b5e90e4736f87f8d2404340fbded1a20a7eb293c0153d0fd75b8ecb7452554e6
t2t_L10000_1026	5d3f1df07290932c86a9cc8538ecc63284320ee3da5e7befd9a03f809feabb45
t2t_L10000_1027	52abc25776749da6e6e77d05c0860a5f6e0f15c466b23fb57018b8faa4e77494
t2t_L10000_1028	52ba00e363f7924b64133edd5f758cc172f1c552c6ea738407f515a9d3245795
t2t_L10000_1029	57de85efcf6c9bdad3e6f30d8ab0cae022b5aa261926d2118073be5a98ce1e1c
t2t_L10000_1030	872dc2091542013af0d612cc4932c0a50d86cef8884938bc22a67b6f153b9209
t2t_L10000_1031	0cabe7cbc3474ab8b733eb132408e823a16087932366afa83224dcad50ff263b
t2t_L10000_1032	e68be7e55269f9bd5df3cabd4e8bf9fa7de1b0e10ef5f9ddd1b725b1646b596b
t2t_L10000_1033	a822f86a33b4b20a13c00dc12e5605074f38fec752b548268d9cad87b4ab026c
t2t_L10000_1034	900faca375d910cdf4d63d1d2b5c9af81dbfe2e1a13ceceadbacb98f8c2be03b
t2t_L10000_1035	f0cc3648f15ed9262f1f61a31f68da8883eb99ef716f80027bbdcbe5da0ec506
t2t_L10000_1036	ce4ed6dfbe8aee69b2095335267a102335fec5e96171a2060027ccdc44b4d26a
t2t_L10000_1037	7fc0dcb5594c12380d2d39d8e0d9761e43ca758e534dd02fdf85269f753809ae
t2t_L10000_1038	b78cb402e98bba70ce9cafde0285badd0ba9e5bdeb4a1a0e5c8f2d3a43212a6f
t2t_L10000_1039	a5e686e562ba25d277b5eb1b9c33f1611fe90a5cfc13b1338a75045499634ccc
t2t_L10000_1040	faab6ff472ec9b4da7256b6e9fc7d66966a803c092c536cc760d94e27734268b
t2t_L10000_1041	4fa4fbe5fdccf7168120d2cbda9b1355324dc66677a6f1a71b34775b44d20802
t2t_L10000_1042	eb7afd209e598426ed9ee2393e01b8a24eb9746698e7a87a5a37715da37f6ec7
t2t_L10000_1043	8bea9f5b917159c47d511b1efffba9ee110cff1205f4b0dd1ea2261c0b442eea
t2t_L10000_1044	bb7f2d6425cbef2eedb0fc64fe35a0d944a86ad3d6ecd166de335416fb29c6a6
t2t_L10000_1045	fd6aa0a550f8b885c69ed8a8c1dcb111f3cd6da251d280e40e62a6865bc9cb4c
t2t_L10000_1046	c720d0811c58f4502c27d0ce00e13cb45aac3d9d909a60a7140db97f832eace0
t2t_L10000_1047	69ceeedd123f02793520cb42a5eb7b7f51f05dfd0d7ec5334689b2b9c74a0a5f
t2t_L10000_1048	b20ed690c96a9e0bccc4c623f4ef706b54811805c3ff8b64e179801e74536b44
t2t_L10000_1049	a938fa3ca2c683ddb87f71bb04aa72dc431a3f88516e529efb62422472634a34
t2t_L10000_1050	b8c5d744774ad05ec7194d5dd63010f1643c46f074e671d4e2656255ee6f0ac0
t2t_L10000_1051	9880f55941669b5cbb50905171c5216d727659edc78e177469de96e655fd327f
t2t_L10000_1052	b742c1c8db319d1ba955e168e13c55afe49353421e14ad4a9de360e1fe59a336
t2t_L10000_1053	7d309dc76a2277a9847288937ee5c38c42f27b210f2d4dd5aa9de3b808807338
t2t_L10000_1054	375bebc541835303cf68855825757b0d0245a16fa2f4053f9a55fdb7f5015faa
t2t_L10000_1055	e514d2ace7905a7b6a38b387f5132949ef2163b6dc184c0699ccca4df2404a62
t2t_L10000_1056	065efd185319b67d949f508fcd4e31c7c55e59b0d29a83332eae5db6054e2265
t2t_L10000_1057	2ab5553246e7e98eeae3e4cee289f1c271a97909f3639a5e046c6311567464ef
t2t_L10000_1058	fae0364faa1fef0ca8fb3397eeedf134e839a123a42c7cc035e0dca692941521
t2t_L10000_1059	dccdd97795e1e877c05937475977624570033b3c5d4a05585b3b510267fbe821
t2t_L10000_1060	483f71af32922620b8b313401d706946823d487e0acd1c014e5d6bbea1adfc99
t2t_L10000_1061	e7aa136fcc45a3f8ca66c66463469c967b091efb242fdb40072bf820b9ae797a
t2t_L10000_1062	25454b8e197b0979536c39a21d6f5faaad70df7a977ca16dc3c148c52106dbd5
t2t_L10000_1063	3839c022854dded3e56a66bf04246ecd8215507c3b36517319382d1c5ab8c9c8
t2t_L10000_1064	efaeefc3cf51c91740dfd595530fa8e7faf44c61c5a2df6e49d1ec3ffc928667
t2t_L10000_1065	24975e7d58d6a22cc59cd8d3fc4130b8aad2903de7bd139133c52a216fbf62e6
t2t_L10000_1066	dec1f9bc268ba9714757a4cf732befe16842935b8e2d4930aa32077f1c69f681
t2t_L10000_1067	59ecc946189a9c846a46c44c11bd5fc7970511fc50ff4fc55182eaa12445e73f
t2t_L10000_1068	d04c9485750554300ecf59e653c6c86a4988cc62ba7858cf4031a66eb99784e2
t2t_L10000_1069	268fcc64392ea62af551df0f2c7d81d521e13c9791552295c69b8307ebca246b
t2t_L10000_1070	c114b123aca35be076a2fb51c4a45ae4ac6ac1818f76a3ed064f0c0b061d4cb9
t2t_L10000_1071	fa28ea9a6d66309b16ee0a28144cae8f22b6d96fd9821e54ad9421d15c0318d5
t2t_L10000_1072	0e71d4c51f94b594113852d3348cf3bb705b07fc007957392f4e76b6f0bf3bca
t2t_L10000_1073	7d9ce62c213a241a26b8318fa60eee8599b130c0c3f7c48477a1b0232826374d
t2t_L10000_1074	a26ec54ead877b405e978ded51b41e06db83489bde593a4044667f6a5d8446a0
t2t_L10000_1075	f2360917619887233b6a9c60c3b74e57158dfd657b969d5c21d0559f6ec463ce
t2t_L10000_1076	4ca175602cc4b97ec39215353a02ee6a1ed7ccf83ce511acced73b7971df9666
t2t_L10000_1077	8850f3cf4cdede9a18b492199e58fcf654479ba9af329bb43dac6135e2c85df9
t2t_L10000_1078	a457e173318f903db828c33e540ee07b77aeec426afc31aae03ab08333fb1829
t2t_L10000_1079	21a5cad00468ae9e5111f2b9c8cd2c1ed57a43a7f14d1ef6ca2d745fc760700b
t2t_L10000_1080	6cf76e28a6ae68bf7821b5e3def5366f52cbc5978a3b251883fe6b9e86a76881
t2t_L10000_1081	46e48136afc849eb177f0d87895901f5a20127576632bc0ced1b65af706e1829
t2t_L10000_1082	c077c58b7ba2fc2145bdf3696cba79845c56879cc3bf0d254df78eff87e01684
t2t_L10000_1083	0689189a427d0b9f328cacd0e9046c06158b0b76570e8413f663ac22fee473da
t2t_L10000_1084	4376834ece856daa26e817bd64c22985e4c4eb6bde88606b44502781422d12d7
t2t_L10000_1085	7bfec5eff1dfe0fe07524cae5e23a62098c964c968cf0b14a85a1b7589a431d8
t2t_L10000_1086	4fa4da74b39dea444f78a23f22f50c4c3830f8005cff77e140298fc547a91498
t2t_L10000_1087	b2b9b16a09f75edfad057bc4c61a65a680422c0b310797dd7debaaa9383ea299
t2t_L10000_1088	7ca1d38cf3bf34ed8076aab6d2d9cb72fd88950a6623bf593131d6ca1a5a63c3
t2t_L10000_1089	7b3cb89f63b93e5b63ad230aab07347433c9d9aae2e40c4a173bdbacb67e98f4
t2t_L10000_1090	31b96d37ec3669a7a4b60029371d6af4babb7e3750c3d600190d4fdf02369500
t2t_L10000_1091	1650957cb5adde16c0185c9d4c4f227ddd034d1ca9e496d71e047188e3e005e5
t2t_L10000_1092	60b473d5936182c629dceb7dbfb6daa7b12a151e832ee24bf5aa6c3b045a918e
t2t_L10000_1093	a1173d559e6f28c06587e401b8933649cc5fbc8876f818ebf321f089a253aa15
t2t_L10000_1094	13a2e995769dceac4acebc745cdcb731bb46efc3b05007c92223677d98ca4c76
t2t_L10000_1095	9be3f043a106b3982f0ce3fc5f468ed746b7a4d806cfcfb0175580152f55d19f
t2t_L10000_1096	fa1d0060c4c919b705cc9af60e44a3e0f9971b064defb45d92aef008c0eed911
t2t_L10000_1097	2d3e80dd361640c3e59491377150fecd5679b41acf541f8b1aaf1eed2af5ebb7
t2t_L10000_1098	3e8e6a81bf41916c89d928d105ea90fe946cb1ff083658e77e74ee0908275582
t2t_L10000_1099	69593b1ffe68170f35d365e8dba079a0f6998b2037c0aaa45702b1000b849865
t2t_L10000_1100	0f8d74feb9e6ddb12888923c85818d24b2fd0801987b72b8372cf13b904c5e59
t2t_L10000_1101	d5f53e180bc245f68ed463279447b57e0b7cb78048ae9cbd59e6875ade476873
t2t_L10000_1102	64c951e6b66a27af485e027c1d1fd47000b41ce58657ecd41d881f26d63b29f0
t2t_L10000_1103	5217e27b9d8a46b6f6b4fa9a0f16e1e0b7651605b4bdb104e6afbbe549eb0b03
t2t_L10000_1104	b0e98887e77a5f34b255de1e2ea679fab22728bc7c3edd2520097510264a8dbc
t2t_L10000_1105	ef55d6b66cc86fb41f863bd4fa4e13ae8e0e07bc178694d134ab6873eba945f1
t2t_L10000_1106	f5b32fdd47ad26ca4f9ee06c23e00294dab7690354d7e192062f8b825fea2e5d
t2t_L10000_1107	79483a6633e3a2eb6fe01c3a21408ba5b63667823a1def65336c36eb86b65ba7
t2t_L10000_1108	ba73f5731363cb29b09809eb225b1c7b36cf098a6c280438a14be0d51121b9c2
t2t_L10000_1109	ff5a3dd5051612b13d1af46378ac616668af60906de8668fc49296a9f1fb2079
t2t_L10000_1110	ee437410ef75879e72955bbdb406247758aa28460cbdeb8d17fb94b5856684c7
t2t_L10000_1111	a123d1428a5065d936e4e1636b66d07a8e31098623129c3224b7d593903cd07b
t2t_L10000_1112	5cf52208cd871d2c3fc85d746838a2f67bb9b0fe3674e30789a26a40774fe134
t2t_L10000_1113	e98b3fa9022570d70d184349f75dcc5de8c32333192460c447603b3da4c487f5
t2t_L10000_1114	1d76a362fe0f23415336b9f7c66efb7c657c46d2af4c0813f72b0a53f239ed32
t2t_L10000_1115	2b8bab69f5d721facc52d70b7ec47c2968e357a4512032387c6c215f7a3ef1e0
t2t_L10000_1116	aadc840fa6a08d279ca3ffdf83559dccd37dbf99530f932be2683b961ff06d38
t2t_L10000_1117	a13f79dc48e97f9b158554dddaf5f7e8f5cff04e84d98eb9cae3cd20eb2a9431
t2t_L10000_1118	4ccbd867de02cff385c38f505843a8c30a22f402304ccc99e8bd37c98230724e
t2t_L10000_1119	92515051c24d7b414bc038769aacb1f6c8cb591585da6b681c9b9be55a2ceb73
t2t_L10000_1120	634c28506815bdb196aa8f5a3d7fc86c40ee2c7b76a1c54831b7f09b1afb4d94
t2t_L10000_1121	2b06b540acff4f1377bfa1f321846bfcab58eb36422e6a2fdaea05fb6cb8f4f4
t2t_L10000_1122	d943db460a7c0089ade3149f1afdafd25e188a1522f88d6514202a79a09d424b
t2t_L10000_1123	43c22bb4ba1487a0cef8e39669d90f4868744b0e31dc621fb4be93d6b81f714e
t2t_L10000_1124	259df75e5bfd9fa373ab7895c2931a0921e6564cb046dcc96c5c3b1a4c7c8a37
t2t_L10000_1125	eb96979f9fcde57b781c54b28920bdb025139b8236789e1e4f7be9b46e830fcd
t2t_L10000_1126	d733ce853e9626794d4f4bb0ed74aa8d49be494ddef2de679a6a71c455b2e675
t2t_L10000_1127	5c935ed15445f64f6412fde61d9089bdf029ef70c0357bc5cd4ae6256f8d8fc7
t2t_L10000_1128	b6882d42be169ec1559f6bc6f85bf071222dca93aeb0b1479f3b6823196df29d
t2t_L10000_1129	809357e161e13a229ffd356a72d2386f9d3e5d5b9f569731c42ac061de38ba9f
t2t_L10000_1130	19cf1da4ae2e90802bc588ad6bb25d1e31bc459a558ead73e5b24c41f084afdf
t2t_L10000_1131	28af60e548922aa1a1485a646086c6631bd90a8fd592f4125c325853c182bd39
t2t_L10000_1132	a5f8bba756323ea3c1e3e897d6370418864e6c4ca701b2dd8108a4022d668a45
t2t_L10000_1133	44c673883d4b7037c4cb566efdfc74468404f27268c99c7bb67871199a9fac00
t2t_L10000_1134	58707b736e0aec16a1503287ed79960b7925cfb20c281cf22e704f0294632c37
t2t_L10000_1135	0ee1d1fbf5d8110276c2c0b8a3235b6964934f2cbf1893acb15dd10f6fc8de4c
t2t_L10000_1136	e6c060f4e92a4f5c68326ee0c97a9705ac65a95cb0a43894abd235711527cbf8
t2t_L10000_1137	35125f1742f3ae19d809f88a48ae1bf1f7098f4db7e2524eeafc8be5ee170a24
t2t_L10000_1138	694f2c57e25826e3e5e5e647ae5079117a32da2602c460fd8c13ec2e366fe4dc
t2t_L10000_1139	fbeb3aa83c33c7963a5c8222babf4be6b4181c6e867d2af0af2b3e0a80c1bc21
t2t_L10000_1140	058305ede6668903cef07c36745c59ae4f3b2b71b9dce5ac7bb0ca2fb8cb3e9a
t2t_L10000_1141	d3f1356eedf1516069b760b09a80e0053fa10fcad0a69c0996c93a3aefe9d269
t2t_L10000_1142	fb91acf8bb329e12250428bff50a9e0a308b93a9be13e07f4371d704524cec63
t2t_L10000_1143	d95562e71acdbb4c53a0097ff3ad697089091630ff9025af243c3453d3b4b479
t2t_L10000_1144	53fffb8ae68f00914ee3f4135e54c02c055fbe5c5675ca33778e672ff45da14c
t2t_L10000_1145	dc311e9314d6e5e8b7fbc8d09228430728ea79b3ec6eeaab3eebca3e52768bab
t2t_L10000_1146	e22f289df785f51494bf0c08d6a25971027c63df483b099f3390dd8e113d9292
t2t_L10000_1147	8c504aefbadb56278edf2824b900186a584fdbd5c68abed2850d2a1f9162f778
t2t_L10000_1148	c17f4dd2ca94f378ed9bccb654b8be5f50098a5409be2b0da519f29e3c963420
t2t_L10000_1149	d8c8a53c203a73b8fd71f31e59c053adfaeabb2fd7f7f902d4c2e57b19c5168c
t2t_L10000_1150	c0bf8053906232c57464bafed7fc59dc7ec4e65daefee8c7f37ab972c715f9fe
t2t_L10000_1151	d4bcb56757bcf955c409c5c3384a2fdf265f307f76ded5e79ec46721cd59cc07
t2t_L10000_1152	621287664b532e695390e12ab26b83a0b4d590dad838e7e2ae28d862e634c8c3
t2t_L10000_1153	744ed968e0908565f479ee2ee1b900c55c440b2c054b60c4eba059a1dca38463
t2t_L10000_1154	4f5161da993cb0de06ca383943f2233f8720369d5f92f8e5c9f2379af6024334
t2t_L10000_1155	f60d349ec2908fb3d5e30a879ec346ad79d4314c1f94cd8a8c675268a7b79251
t2t_L10000_1156	b6592c68d55e9f5627c8ca8825457374f5b2adbb6107790227b25b40630ec183
t2t_L10000_1157	a6d97d00be611ea339d209f33c433b12ac16c263b489e17effbedfa22d83094b
t2t_L10000_1158	69968fe05ad104366d4a70d585fe7ff31d787a419725d0a4d38655e83e58015e
t2t_L10000_1159	447a6dc2bb6874165c86a5c3b944b53901474ad3f60dd7e0de96bb28ebcc8ce7
t2t_L10000_1160	822b3e0ab30559cb2d460d5788af8afe5a85b21c10e60588de7d7618e8199960
t2t_L10000_1161	d92c001ed9f6dfac30be4ed2c20f18ba614760d8b9556b5291f9bf08358c8875
t2t_L10000_1162	ff920dbcc7c1c2ce17fb10e18afa6312d4be894142e66005164f08edcbe7da4f
t2t_L10000_1163	a770e3c216ebca900e5508bc6ce9bcd4a1ea6a8985e24fc590683d3e680d7491
t2t_L10000_1164	76a1385ea2a404a24a530db7167c40e8a69b345e4681a1348cdf6fd1aa3f7c26
t2t_L10000_1165	b37dd1a75257f7bcbcec52fb277d0e29965294e993ef9881e990a8266b9d8d2b
t2t_L10000_1166	3cab9c18f0e556363a11d0fa4c31516129b249d3ca43cd78f5d6281a14f36341
t2t_L10000_1167	fedadd68d706453f783e4cb6c74755b40b4cfb42a24f5137278097fc4e026e72
t2t_L10000_1168	a7326af4b898d72f0f37af0fb9169e5beb324195ddc1d5fee40cd36a4f3ca22c
t2t_L10000_1169	effa546ee9491056bf08d9cb5ce6865df920f8996c67e79fa8b6574bcacde605
t2t_L10000_1170	e58ff49fae21294a076b152d5ebb9c68afb35cf3a4e4df33d42cdc69fd25f269
t2t_L10000_1171	d34f39502bfe31c4a030abacf223fda710c57d758acb42e1e060a91dd0c25d80
t2t_L10000_1172	158a74605918c7dd6e6aeae5728ac166164adda641a3bbe89bf4f61d02aee4fd
t2t_L10000_1173	424388b90ca3c2a744e7a34fb7fb7b695b1fc374c8174b324f2af077d7208df6
t2t_L10000_1174	36d411172aaa8d13c4b5012def80ab493e24c47306bc35674a1f3667ec04eea6
t2t_L10000_1175	434dc27bd50bd81dfe9ffc55c4b8bde2e1d501283a183eea184a7489d735b7e0
t2t_L10000_1176	4acaa0c4834e80626765310215f5834419b0be36905ca544c4ed156d551d975e
t2t_L10000_1177	f1f396c641095a46f6edad71f9c3f795ea1ce1dfc6f5eaf28d8fc25b06f597b6
t2t_L10000_1178	8a883baf8bd8bef37a3bb9f16f841b426349141239e1b3294b26f6fddd4e56fb
t2t_L10000_1179	3f262e7de810582cca00dbf3d5321a65ebea7b0e16222c5baa2608f04782400b
t2t_L10000_1180	6b105bd3985655240624ab8e3055ef51430098bfadc8fdca4dbedb4a53dd20d6
t2t_L10000_1181	a35402741d71bd7073e3cb5193246c32a63755b007c5fb4df560b38e418cc2b5
t2t_L10000_1182	10d67ec8443051c118802a635c48a9f7be04a7aa63aa42a21737369a0479873d
t2t_L10000_1183	890781007f5e213fca79cb208b58a808367b24483b8e75d4a6193f58d2b0c727
t2t_L10000_1184	181d7514282c9895e7fea3caa55005a3429f0a10e7c05d5f2ca3ab5b699165ca
t2t_L10000_1185	2bbe87fa1837f1e8ffc9cb1715576122a528123edbf143d393e53d644d2e8e6e
t2t_L10000_1186	bdbbcf2e633bd2c390acbe8fec956f1d4727a3fa0ffe0c23d5b83533128ec63d
t2t_L10000_1187	e98c8018db7949f9f8518bcd69a12c4425d06d88b624a23b0e3a42f76dff2989
t2t_L10000_1188	45d5add540f05788f7216690b59eb459b0a3be884f74998f3dc54a893395682b
t2t_L10000_1189	b6219bf5c7355de24de70b0546a18a4b23a2bccb8aee64ba482a687fbe7d97cc
t2t_L10000_1190	e802d28c89cca005751cdb9926238e324e6835c01919167cc7161c0a97e3aabf
t2t_L10000_1191	2c2e328e9cb754cce4a7dc2427f4d12e45a15657292c2c471109c670f968db44
t2t_L10000_1192	71c1096c072a481c5bbb8d9a19f438c287b37ebbaa86c12a70b3004baa8bf79c
t2t_L10000_1193	30acc4d0aea67d1804bae95893b24a6e43d5c64d2c258aeb34c6a9aaacdf2c59
t2t_L10000_1194	e9bd3b880b359e1d676f775b0383ab46e34e6042d29f9ae3ef403e84c1a34fc9
t2t_L10000_1195	aacf84e32a1df1393a7851124cd8d4688289d217be3f46af447e456ec4d47d46
t2t_L10000_1196	634446b315f35cc86d500f93285538758a43b5951b642c77e665c417949d6ede
t2t_L10000_1197	663ff3e4898b049b32c906af167c4d4efcd8c51f141910157a7313da3786e915
t2t_L10000_1198	7d7760240f554130f3bf8641b2c86e110f7558f4185173fe5c84967f566ce484
t2t_L10000_1199	29abdf8912a5b28f1b7b6bf54ed2dec91b47c56ef19643f09acdadbd46bb701d
t2t_L10000_1200	20fabcf39b62595275017e43016b3c43363bc404d23b9c813cd93f4c5019c8a0
t2t_L10000_1201	feebd8f0189f991bf04b80a05d694a387a85d1781fcbe9c5a9fccc317c1a688f
t2t_L10000_1202	4384e9f5fc388f2e63cf048250009d4e39850927866f71411432f2d7e464b552
t2t_L10000_1203	c2d9d1a0d1600a4b462183d2a40d00daf74e3238f175d44ca6287b34325f201f
t2t_L10000_1204	ca9d07486352d2fde95eb1702a2344afb9070f0a7fda87c2e15f4f0ee3b5a3aa
t2t_L10000_1205	c4b6f659ec0db4eacd0cb64dd7ce4c7ad19ff4ce3c24e238fc6275f7f75651ce
t2t_L10000_1206	3a4d3377d979b4b0a7b13707f9c08d3415b9339dcf1fc8c128a8a5f966fadaa3
t2t_L10000_1207	bc92db7948e114913b1110b7585506a8db5984ec93ab42c807110c43843144c9
t2t_L10000_1208	db922631731bbb3c76d33ee4d12730ad5927bc464a29cf23fd582cda566d7f07
t2t_L10000_1209	9246135a9a793e4c8998960f41be0fc87b4f12a6a54ecb5aeee303fbc92882cc
t2t_L10000_1210	87d6c19bef7df76e1968d4123aa854dc40f4eb7e3134e286bd391a56fda6623a
t2t_L10000_1211	212b803857373c26f92be0686265b9321dd7c0046227a29adff671e9ca92d591
t2t_L10000_1212	41c12aeebde733a234163543d832bc07284e3543a50064704c533545e93135cf
t2t_L10000_1213	86e74e3a05abcc867f10b6a9177e5b4526d6f353afed256d9b2a3492cdc2ad25
t2t_L10000_1214	ebfd8d79396c5a9b6342dae94ca76f474404c739e58cb52deacb4c46e091e788
t2t_L10000_1215	8ab8a570638fad40d587dd6986416803145b2b657f8683ebd4b7f11199a2a011
t2t_L10000_1216	448e1e4fa8c25c391e47b14c9f037d8129a316c1d319a2875b52e49135864167
t2t_L10000_1217	1fabcb799323f2e8ceaf6422d5491b0cace35d106da43154af1bd4dbb12851bf
t2t_L10000_1218	1f0a7153dd06f8c25cb9db3492173fb81c40852794f3b08a8b96a10c792bc26b
t2t_L10000_1219	54dba584c97a3e42698561fd86f04d302ba0d4ffa5dd1c3ae970cee82a3ca7fb
t2t_L10000_1220	90bee060c3516b0d6760d4c7f41b28265f4e9121af87f15eeee776e31a1084bb
t2t_L10000_1221	4579ca97a26b4b4a777548c9a340efcf4b51165261074530d52803aec4e372fd
t2t_L10000_1222	a4ae17126884e1d35268b32705447cf3345da5ca766aeac326b8cce1d3861830
t2t_L10000_1223	99779d61b0ce3ee0048ffa1fc37207a2f4dc4d9b65a9991cb9175324badb730d
t2t_L10000_1224	f672352b652b76c2274ff56cc49ff8b4bb9516935c24f4a02dc93cf90fd459df
t2t_L10000_1225	0724d0199e69c9654f7f4b72e5d55e373eba1f22d98ddda77ada9c7a56d10926
t2t_L10000_1226	3f016684188011d39cfc4852896c09899da01454c2b6e19b110cacb1cf2f0285
t2t_L10000_1227	1b217c6d797710ac013c4b9f859c5faf74ee72635c3176b78c4133078ba8765e
t2t_L10000_1228	77aa3b90c62230e44a58ebaa39812354941084887bcd7f6b4d785c6e5bb91171
t2t_L10000_1229	2532b1665280c0912c9a55858b81e036ee5547f889adc1537a14a7215b23fae3
t2t_L10000_1230	3a48689cc510f2cf2f6d4ea34be305b0037807ad86551c4b7c5eecc1232d4808
t2t_L10000_1231	d3f6c809fec72f85114687579ea4fab8e77029380f61ed848fdfb9892b9dcf9e
t2t_L10000_1232	3ebb4beeddbc38b61bdd47e7c84de796f12d93f7dde21bb57787cc898db8c31d
t2t_L10000_1233	f4069f64dd3e07a620fe53cc1911c4beb25aaae9e4a83772334daed30b847ca1
t2t_L10000_1234	2ca89dddf073241e8d763ab3c8a32f2de491223ee71a4a47aed6451ec8c8eb9c
t2t_L10000_1235	c260a33bc40ac36d45a6d34e5ddb6a8f686ba7016d3740dce5b8a64c8d18169a
t2t_L10000_1236	ba819472f904a28cfe103f761e75863e223fd24d956f8a1021a57653120b900f
t2t_L10000_1237	7bbf9667ff5d675f5fffad7562aca55675ecf7c33725ef20129f38f182dcab95
t2t_L10000_1238	81a8e5b0039d55bc80359e395c06c266982d5d02015aa70d0075e2332dfcfe35
t2t_L10000_1239	38300e773ad4027e3b01f3cdb56a097a90637b09dbdb8e5fa24eeebf459b963e
t2t_L10000_1240	9dac6840f858a63f58bad168652d8aa19a8507ccb5671b42e712b17a05ae8248
t2t_L10000_1241	5c809c858df1bc8de0dbf388c7fa6f17d70b8632bbd5fc6b166617900991c73e
t2t_L10000_1242	0f47ede0b290cf505672c3a4366a48d54ed1249b52bb3440a670ab841269bc35
t2t_L10000_1243	ff835870a4c8801f314345d43a6d2afb4df57aac22d1efeea5f552a3d3d4afdc
t2t_L10000_1244	7e5c23f099f76ed34b8ee1d40020015021703a978b5b18c108455b15cd888916
t2t_L10000_1245	d733b4e70069dd860de486c877f3bcb05941392a70f4fc50e2e2361a58a0be81
t2t_L10000_1246	cd501b4ad2b10c3cd7c71022cc767922ddce44a1ecf0e902002bddfcedff9314
t2t_L10000_1247	ad2a19f16e6e8c511d3364e5d015f4eda6ab795aced5ea5f4717ac243fc41656
t2t_L10000_1248	9d7fa88a73f53a38dedf6a03e05e97607e7197536937a41bc0cb4fa7220bef50
t2t_L10000_1249	56b3bfb3204eb15fbbadf1ec13b8d3a704ba86042395e31ce355588f78acaa16
t2t_L10000_1250	5e44ce81fa180ee096554678e4ac72aa8d5940c65124815a46ca2208ec0c88a5
t2t_L10000_1251	15bf96c3e21c01e6fbed608c05f3e626ef356dc4b85668e11d8953e55e0cd508
t2t_L10000_1252	b4398624421fcf973d9ff7ad166e64afcb923960e43cf95c4557a1cf0934b55d
t2t_L10000_1253	6052f187c256c05e6fbe86ee759562793ae397e3039e27f3af9bf6d1692cc810
t2t_L10000_1254	be2cbc7bc967ea65d3da82dafcdf04f624451186c4c3f80b67a9d3b89c3d6c61
t2t_L10000_1255	163eb63e5ef373abb378c2782c5b381ffcd2f1446f0d5e07e9baccd41496811f
t2t_L10000_1256	1527bad29efd2de0d3784c36cdf446f3830922432eeabc47f414a73edea0177c
t2t_L10000_1257	cb28ca829e42e8c624957ddd08c8fa3f2f31f22726de14acb62612daf7a76bf9
t2t_L10000_1258	ce0302c9e49e8ff801873d67847f83c8c41c0faf778a2d72e699ba4878f5d52c
t2t_L10000_1259	bfa87d7c41ae10ab7b10c475bfe29b6465f9af81c710fe14548db7ddd8cfa2d7
t2t_L10000_1260	356e624c7111a1505b0ef87ac788362ea2dbf2c591486b68deeaac6383712879
t2t_L10000_1261	2338e95b8aa392293c38752d5c636f4f4868b77dd898f21ad9a8d54688d56383
t2t_L10000_1262	2d1194e9ea18ab3daa7da356aaea45582e83701770c5e3bebcb1d08298093b5a
t2t_L10000_1263	40aa0363fa01e68083801717221039ef6668d7e162c43afc3cbe60fef8a03632
t2t_L10000_1264	5e4d2f629533f1484604947f58f050eb6f401259074f24f9e77d693bfdd60169
t2t_L10000_1265	a32aec7b3e40e6f28d37dc2a472fc62618f25efecf79564f7f1438db67c1a400
t2t_L10000_1266	6b0e619b8f5d1af129d9fad203bc8349bba136e2c979554fb1d1067df035aa10
t2t_L10000_1267	23fba6084afb28be831bb19bd0d8735bd996b4ae1a81f563444ecc1ca67e5186
t2t_L10000_1268	7684e40241d674520a13dcb77b18302636d3828ea61e972ca5656d5825a91caa
t2t_L10000_1269	9e089bd5f4e3b6e3555b5d4090208e5fa11ba54e348f24b53762b95902afa4ee
t2t_L10000_1270	705e4c3961198830a124d5ddcc02cf24f207e5771456d1346dc55e7a713f0642
t2t_L10000_1271	5494cf2e28914605b999aa6c9b8dfe8f30f2c8e678f6d16bda6c5f9f44fa72fb
t2t_L10000_1272	c8a02467954c5ba4c69469d43ebe0bd3e72de0f98eebfc63b56603245015827f
t2t_L10000_1273	bc8ba26936875565795a3ce11834d2152e21c7fd383890b912abe18703d4e904
t2t_L10000_1274	96fd4ced7dead2d03136a32dabd24dfa600bbbf7ed2c9279499265bbe1ee3a17
t2t_L10000_1275	a704361abda6af363b015e6d483a8f8b1cb260f711dadf0910d9db634d30e7fc
t2t_L10000_1276	33d55800feb8276d7828ffeafbc208574b93103815f2d21e3860e79c591ff78f
t2t_L10000_1277	a922aacd19d939d40b26be4c68f3ad73a7abdab20a9671ebb84e7eb833bb1802
t2t_L10000_1278	638f3d506310e1e8492bf7bc280bdebc07062d158157e8ec5b21acc2875b0b10
t2t_L10000_1279	5e07eccd255b3977b093076870d0c0ff7349e3b5b18e97815dde1e389be6455a
t2t_L10000_1280	97d101759a57eaad379aaacbe6ef18f62547c0f9fdc2ffebb7c8872a174b9042
t2t_L10000_1281	63bd10e005a6c40334193049e46ac6d9a4169f77034592770bf4e5c0fb1dc60e
t2t_L10000_1282	c206e64b18b11534b747666a3536e6e1b4d0783b899e03ebb030ca17e5829859
t2t_L10000_1283	5ea8fafcae95db3ac260b45797871e3d167ab70efecb5fb273386975df3f0da1
t2t_L10000_1284	7f3e4031ffb68a99ca07d54b7083ae39917c646cb1daa9932706a068562da5de
t2t_L10000_1285	277089db2854c2b77cc026fc0b7ffed20fc02b890c01f00e26157d52dc35eb3a
t2t_L10000_1286	1d9109c6cb2d302aafbd9e909ed3c42ee33a421d8f2a8c6939434376fec158ac
t2t_L10000_1287	297a2165b6769b12a0facb0f8d80fff5a86ad18cc5b575c359a5b47dcf856e0d
t2t_L10000_1288	411a6db9cd5ca3c48dffee86651b1f0ac7d6f6f0493e00f3cdbbc70222e6fcd9
t2t_L10000_1289	ae5a8ef6bda9302abd225f886ae1340616bf656637beacfeb57a6bed2cccbfe2
t2t_L10000_1290	9c53546e1566459f57110a462b2020740eb91f2fdc380c2f5b0cd3030e43640e
t2t_L10000_1291	7232197ef000d1167157eac343c52810941920c6e83136eb1ab7e039262ceb7c
t2t_L10000_1292	e11308aaeea17d6102d0e9fab93c3f078d90e4f4827bc76044711a03ea0a2b35
t2t_L10000_1293	c6b4579acf54ffc1e8cb413d0a51345b8b72c25968755b20695a6b417b27dfb8
t2t_L10000_1294	3b3ec4bd24e93775cc7e77348d387d90f970152c87f90ed4ff40c9ded0016753
t2t_L10000_1295	c88d7612507223ee8af0e35372ed162f4152f56e7593b66c63b15516cbbd5b25
t2t_L10000_1296	c9d85a061ac3d11e4ad6886a2eff971c54821d76a56bf80f4fb913a89e51745e
t2t_L10000_1297	d52790e3b2267e2f8fe6b9b2814c112784d26a6ba23561d2224115686364bf19
t2t_L10000_1298	564d49359bcf5e3b5cdd7a74ef2e641915b0ea349b79338f34dbf0f385c4d824
t2t_L10000_1299	01f74b197d2d73818aba2f78b47534416c623b6d949e50a5d9284426d00e043b
t2t_L10000_1300	3839d2291011bd325fa296ab970ba465b4162171178cad9083cba277be068d44
t2t_L10000_1301	25f7a9e03d9320be30ce0179cd9d800e01497acea6eac6aea760d7c969d6d053
t2t_L10000_1302	0b0aa33c15747ca5cff62f1f74e0725d792949aa72d19134be667a9800554d0f
t2t_L10000_1303	0339cf0717dba85c7fbe26032c4d7a576ded354fca3f4387c48a5c0a18bb8519
t2t_L10000_1304	9660a62aeff312944453e4ea3f1069ff56515067fdf62cbb7f58fefebc1baa8f
t2t_L10000_1305	b86dbe20f96f459ace9c1a76309af59ab4f37044f29b2321a4eedb1f3274a07a
t2t_L10000_1306	164a491b22c4242d7891cfbbcdb7a77812a0a2f6ac462e2d32474c7dd9f10869
t2t_L10000_1307	95788da27a96d1b7154f706ff5acf455c41652302f72df99d91ee69a067d9fac
t2t_L10000_1308	43cafde85d369dd765314f55d8201074e119ffc3bb70a225919df25d42dad46b
t2t_L10000_1309	da048ee1f8127caa95c3feae7558bac2b42514718c54168b161d42af3455200e
t2t_L10000_1310	e98d57ec653b9fd3da69db7974dca7e9ecf466306fce06a241c0577781a4bb4b
t2t_L10000_1311	6dd2174bb015032f4b91269b91ef5b3cca530377bb4164855cbd91e32f762dd6
t2t_L10000_1312	6fdef6096caf4e97b2f91505b8b66588101a1a113f2cd8362d56e9a3eb670c45
t2t_L10000_1313	b8d30f285df266ce5a99efe940ae2d0abed1be215c50cd934f684cea1cb3ff96
t2t_L10000_1314	8bdcad7cbb4eac6556c6ba1508bae4550173913ec8fc4b390301e94a376bef4c
t2t_L10000_1315	6818b450851fbcfa9b20191aec890eeffcd258b9400a2bd594d3c6763367a259
t2t_L10000_1316	1361d0575dac437796934fe6e453f9bd1d0b508e307d1ef00264ac7ac58a21ea
t2t_L10000_1317	77913047ddd0f8a8b71b430822950588842a33c5d86fe495f8f5afcab5495485
t2t_L10000_1318	2c5d9a70a6250e15a6a4b7db6e33aa09c5081c55d6b33b5efc1a631d954d912f
t2t_L10000_1319	dcd2d29f77bb641264976a04c5089d1f33ddb1a83ee01e7d72a1dbf2c0815114
t2t_L10000_1320	45451b1c5cb96e9812c1dca63e32855d02db27d03d0e59b084dcc821bd469e13
t2t_L10000_1321	498f7fe402daa0bde387e675c9f1923ab5468915fe5297b0e83f1809cb306582
t2t_L10000_1322	42e7ed80560237c204e191d4614f4cbb4aca78f80107c496eab9bcc24c37829c
t2t_L10000_1323	d47a36f3722c6fd93f29d7813d88ea67446014698c600a1b83e73e414a3eb7cc
t2t_L10000_1324	8c9108656bf4c60dc26ed876a4a2ae00c04e8130b65607f6c2e8cb974ed925a0
t2t_L10000_1325	a7bd8b76555f4c4392ce346342ad738d715906a7b19317ea333c94a89cc378f1
t2t_L10000_1326	b8e92b6ec404253c0b98cc2aa9c7b76d79339c63f2021d2239541450a3e07e53
t2t_L10000_1327	47c1a48b4c221efda3aee3a9b88458e02b55420eb372123ed167b6c812a6477e
t2t_L10000_1328	ad8a2eb6ebd3067abaad706b8fc1c014e808a8bd822be74e05dddba802f89257
t2t_L10000_1329	7564e4c48a0d0e3440669ee8e1004a41e65802df4964f3ba747f6191982313fd
t2t_L10000_1330	c07fdbb1fac312d9384405d173cfffb29a04d84c1fc8bae9c02a4e97dd6c67c0
t2t_L10000_1331	14800fe7a96a7965ec844a731b2a783311ab80017055c31415c1d9a07aca33c0
t2t_L10000_1332	a55e90951941730f3a74615b08e80458dfa3f0bb6c85e8e205dfbef81c9be6aa
t2t_L10000_1333	a0c1da7a9a1f9c7c926de4a11a44416aa770dd34618e29f0c5072de54832a2ef
t2t_L10000_1334	e671fcaf39202af5d2aadbb486c76356c1d5f61e2645e915a2da74b8141dc57c
t2t_L10000_1335	257c5265b7e4092c6dbb2dce5aad1ca302a863efe3c9b1f6b2a87b8cc5ca569e
t2t_L10000_1336	cf6aaec2d55849b22dbb410a51fb0f2cfd6bff65c1c854188ea5cae17bb6a644
t2t_L10000_1337	faadae0fd51d2af5bb8b5d32eba3ea95915c8cde8f643cc03c686df1cc27af11
t2t_L10000_1338	28e4090822366e785aab3d19a90d59380da323078c1391939a37ac7b18b8d99f
t2t_L10000_1339	e1b485ee4b4196b6a27b2919fdbb15180dda2188244b14e2d57603777d755ab8
t2t_L10000_1340	70f3ed6008937e99a2c0ddfb5a863206ca3ed4c14b6eaef85c053b49fb699a44
t2t_L10000_1341	f37e26f1be8ce8b5cafb3292be2bdace4f8cf071461a10dda2f756744d8bce2f
t2t_L10000_1342	4209cdeaf1b4684834520377844b2ba4a8a162aaa1cfda3875c0ce7f0f12ec1b
t2t_L10000_1343	863d80b9c92319030c391ca329014f3b7e95e4ffd3804b1169fada7a2fb4374d
t2t_L10000_1344	a33b31d1f9b90eae092bea093ac45ecaa6c20327142468002bfe4fc684a71259
t2t_L10000_1345	e7abec7dc99b9ba57c2ab93f8386f485135376d40992d347fe29f44d43355da7
t2t_L10000_1346	3af16f54756237db6108e410c42feb87e789c5a40fdf9adbc2c0116a975ed04b
t2t_L10000_1347	cc3dc303630d7bec405cf399d6aa97b23248ad800de04dd7c4ba3a434617d187
t2t_L10000_1348	efc8077dcc2127f171d9990533765f431cdfe5625c1c34424b688031d57ee610
t2t_L10000_1349	4db0ade8f2a21bd0c6f4f6b095d5c147911cdde616010333a3eab15732fdfec0
t2t_L10000_1350	80e48f63c4b073f141c12afefdb46af2071d3027d1fbab64cf6c526ee05432fc
t2t_L10000_1351	af9494e92aa6096cc261ebe0d6e892fee4d34499b2374c147cf5fbcef70af763
t2t_L10000_1352	5fe277ce9224d4d42b5a25fc4ae9524b3933a9fbdfec560e60a54ff6c31db24e
t2t_L10000_1353	03a22b28f1a90b48e7b169a3b9e6c39d3960ff4845f8ce83decd1dbfd6f8a081
t2t_L10000_1354	90d0dd3bdedd4b102e51e71f048cd8e1077ae44659aa2c07936169d509122848
t2t_L10000_1355	d1ff446d288e2e0b812127727631d31dd59da4150c159c1560d6f928d292b639
t2t_L10000_1356	d9afdde06b3bfe75142a0842c51e9e260534a5af0b2fbd08fd4cfe040ae0b07a
t2t_L10000_1357	da7afc57d7e9bafb3745eac101ab2d5b894155431dea92a22003293e33f744a3
t2t_L10000_1358	8e98f596c9d78c39c5c0484c2879b4f87cddb92a5f00b32aa93131b03527c7ce
t2t_L10000_1359	80f909b22213a5c82eac69963661a4164a2de6cb27742a3818465ac02af323ec
t2t_L10000_1360	e2a92854d2cc5ec9f342011e9df9dee6cad22def8caa49dc9750a483e9613e29
t2t_L10000_1361	d1998a016076eede50db9cbd4070f4625d8b26cba54dc8b3c209b1db1cd0d57b
t2t_L10000_1362	47480f9d3db1a7c690bdf4e1719fba282d5cd0bc04bed414e72a1d2ed9e457ec
t2t_L10000_1363	4ae95c077632b13a508363f2036043c24510b274c82897e2e813c8506b7365ed
t2t_L10000_1364	e4e2e165e100b6a9207b476be0500bd6584eb7182449a89dfb342fc5c8f36599
t2t_L10000_1365	9972ae28fa2bfd4cd5972f3a64acb76aa9570701ce258b27e9e925674cda11ee
t2t_L10000_1366	e34b3b786508c60a953347f4af0050b2a255112015e8fa16979de2992777a3ef
t2t_L10000_1367	ec535ba2fc18ff3587d1d24536a5dad5603e2564d306cb7d91ef059132cd64f4
t2t_L10000_1368	470d925f6a3f140e15c5a6eefd7de9ae7d2584e729eae2e3c36a3b58c6803f84
t2t_L10000_1369	eaf727a5f630259d7fe1d62281d41a701110b31310e92767c610b36d5984bb0c
t2t_L10000_1370	fdc5785b6904af4c782f7315e18075473853cb6617d7443fd75280c90d932855
t2t_L10000_1371	2ab80c0c5ef9b2582f600fd73158e4935f0312ba049f750a8f21113a0a278747
t2t_L10000_1372	b8120be607dc5837f5cb41c9c2763ec24cf216ae9bfb9b15cb25dc8475438021
t2t_L10000_1373	c40a307d9561057105838b0e2ed39d4d48e134bc0e5a473e638c8615c49c4aca
t2t_L10000_1374	919cacd83e01747cec2c9416b964a53ae7f8b94840e6ac4660724615f2d8bcd1
t2t_L10000_1375	15e2a482b28ed7faebf48b1030923183b7fe35dbc87eff1b77608f1ed11bec64
t2t_L10000_1376	ebe6312775f54b6f53a7394eaff302f028d6d0981b1ca87814efa4d5bf6058d7
t2t_L10000_1377	20ca911b8621bd3d63b870fe1be0ef7a06b8b4503413c3d7f3379088ac4f6e50
t2t_L10000_1378	13d7b1c4e85eef61102db6709d71f9b4a155ed04efcf90482679dcc217a37384
t2t_L10000_1379	f91e3bcd2a4b9040e922d595317779fe247cebc73be960230f9a5048ef5758e3
t2t_L10000_1380	51e9c8b5fbb8bc03e0e200c3e29bd2a313945c7d2f1e1c4ed510aadd095084fe
t2t_L10000_1381	20734a7a7e8e8fb851dd4983364f0c8d38310f4da743b5e4cd19d29ac30a5995
t2t_L10000_1382	3b4713f17961230416fccacd28dcb7726a28d7b3a724d55e3e9938d49a5fce75
t2t_L10000_1383	5956427af010adfdc4081389de9fe3f2ed34f4d723bc23b80cb01c2a1cdeb78c
t2t_L10000_1384	ae1d1a68c9ff647fec5dd7d91353111db07701182f4d9788288c3edf6c3394dc
t2t_L10000_1385	2f8171652461db8f207327b350e38edc4c37f8cf475eb694e119bfcb75b8502e
t2t_L10000_1386	ddb840ef21286a50fad4a291015c86f5f1ce86d19a0dc0efb4ee62c7c4542031
t2t_L10000_1387	89844bc76d6f93aa4fd81e2982338884d0a427cd62ad5caa7c5bcaf9a136308c
t2t_L10000_1388	818c345f9e67043413ebcb5bce1edbdb91daf94a224fd7fd7f1e433ec87d36f5
t2t_L10000_1389	b1bce0bc1f97adea6c67e789266dc53ba6ebbfd85c75f675cb2f9c180b4e3ab4
t2t_L10000_1390	080667e42fe9c7f8ba8bd0d90bd3981a6acd671d217164ebc78e5cf15f9b8b42
t2t_L10000_1391	bde74f3c751bd2cf6746d4fee69f6f8f2fe0669c12a6f4117fb9a532af34aae0
t2t_L10000_1392	02da4537019643f0d7eaccba4bc20ec3622cd20a2e23d7c04e54f4d4ae8b2274
t2t_L10000_1393	16c7d28efe361b6af536bc9a40620f3a1a688dc38aca550d5ccf1eb3430e5ce1
t2t_L10000_1394	cff41866d4ac5873b5f6b1569ece8b6123257bbed49ce5d1887875bec3b88473
t2t_L10000_1395	8748218d23767c6795b7c4492025d9dd394d2bab33875fd2ef35fc09102d37d6
t2t_L10000_1396	513da8b09d9044d74075fbbc18623b28a6c922ec63947a2297146b9354c97755
t2t_L10000_1397	dd4099295fc0581208056d5f5fc35f720c316beeb680f153515806e67a9f7b00
t2t_L10000_1398	abf418e2a7effb4110152a214f44dddcb807ca8d8d0d167d98a7b3518f76cd66
t2t_L10000_1399	9d8eff84b2df2ab1c98a7091213c841eacd325adafe4cc6f27d2105587f66f80
t2t_L10000_1400	7ffeece19c3e16091b5776b5d92308b1a102e311fb5d0fb1f39c91208c0b9740
t2t_L10000_1401	a97aac73a08cff978ab22a0ddded9cf3a84f5321769e7cac4d1707b7310d5a50
t2t_L10000_1402	50a1d1012b9bcb187a45153e9c1c3c50b5f03326e8bc7c3ea7c7cfb4a73b185a
t2t_L10000_1403	a48fce523c233dfa0384bd5bf9e8b76e9d7eb4169be7acea45a71f0da5571f0a
t2t_L10000_1404	0195301c718571debe325013426bb04c0c8f55018771b181e7e6348504f4024b
t2t_L10000_1405	752aecdb1599e6ad01722bae54a331ae51435395efda71a6ff7f69ddca584d2b
t2t_L10000_1406	fe64c335c79c40f0a2281523b89c572dc0739618184a384145ecfc23a7a9c3cf
t2t_L10000_1407	ecba2a3ea07135b449aeb10281bb39e95319318247499a86ec4e60c2c20976f5
t2t_L10000_1408	740597a8c6c32ffac91c1f12e3568de3e7b0b8dcc71df23c63b6e5a0332b81b4
t2t_L10000_1409	e20f1e676cd0e1b965e18cbcd4829f622b80cc8b95f8edae1b56cb7f5a70c455
t2t_L10000_1410	4bee52b46ef328089647b556f8ae3312c5a7305dca80118f394615663a12ecca
t2t_L10000_1411	4e761850f549140c2cbc3483f0806c8e59594d6bf61a42e09ae5a599af73bf68
t2t_L10000_1412	c01c676b377a39bcd24388ae2a2265d917641a030f7f0cde4bbe8d798aa4877f
t2t_L10000_1413	a182cd783600fb05ab206ada7d4f34f81879add514db95da79c591c39574c602
t2t_L10000_1414	86f10a1c04cb68e9a118a046ec8f552f21c4d2b83db25e933f8774594661f095
t2t_L10000_1415	03278e1ee5398a68f791a9cfa9b0ef5e473c0c8da375c9b47bb91cc66d85da56
t2t_L10000_1416	06056e890b1737d522673ebc4ac5e5984892dcc61ce66e1ac214da9e9c5e86f2
t2t_L10000_1417	087964e63fda936bfe436b52d512fe8a2e27a6e3e999ef00a4c152ed998ac285
t2t_L10000_1418	abd35170d4860baad5d49e43416adcaf585fb8f333572be531c0bf1252393f5f
t2t_L10000_1419	463f0a7a35f6f63b0d995650c36e2299e94201d515d96294001131ca30aa7fab
t2t_L10000_1420	87ad936625fe083384bc1acb403a62e21c2c362bd53069f13d30b4e51dd9eeb7
t2t_L10000_1421	98d63f2b969637c4bb918997d0374fa31bcc087d94928d9171c282ae4aede5b3
t2t_L10000_1422	46881ff8204419568c7b444e8858d4e46df7deed454cfe27f8427a64e556ee4d
t2t_L10000_1423	b02d7f86ec917d3bd98e45972840c530b576e325d658f4f3851d8c7610218f1c
t2t_L10000_1424	895d719ab2c5ce91a9e77fd8b31fe5f4b2fbdfc0fbc024960aa944d0bf674bdf
t2t_L10000_1425	f462da50f0bdb382ba00a714f91c3ab4d3f841407b27373fd9b2bd64c8063a86
t2t_L10000_1426	388f30e5fe8f4f6be55cac69c373b6e834fba17cfa1c3678d742d1c027ffda5d
t2t_L10000_1427	cc9793e8b3867b04f9b25c5613ca700a56a986d319accf3277aeb4435e8560ef
t2t_L10000_1428	7f08ef1d01b7381e699d9b511c6b6548d5bc7479ac8ee99c3048fd55d4160fd1
t2t_L10000_1429	85547236987641521bf895c5d84b6d174c0bf08aa31286cc415759b6b92d77ea
t2t_L10000_1430	a83e9bc5be6eb3714eaf64ff7b78c52333587a7d5267dd1dce377cea45abb2d4
t2t_L10000_1431	54680f3e12a9a2d53583ce60e5a8c88d82ddc98c88a55c0317272da841325007
t2t_L10000_1432	b0bd4c46dd5f7917cd6eab1ea4550806b9a6c10c499f50049d90046038fd6614
t2t_L10000_1433	927d2a964c10013679e53d54e8b41b1e184fffd1a79dc9fb300f6615849e861e
t2t_L10000_1434	61cd2e2f822ba88221225612536d9dbc447c01996e849097ae9e4f8f313224bc
t2t_L10000_1435	b215f9da96a95d8dc171c9330d6e87ce7cbf7ab376a348c5b974fa72c891f5df
t2t_L10000_1436	f73074a63909060f4d9c505c32b377b32d32568c9ac3f345e552defde16de02e
t2t_L10000_1437	e3869a756884e5e79ad048899cb29ac282cc43d099989fad322cb2937cd0c42d
t2t_L10000_1438	6c222a6e04636dcefc30ee0caf3eb33c159892deaf1cb49bd9e32060c155a3d8
t2t_L10000_1439	f7bcd47c13a43f132f549959d3c454d2cef3a2aab5347bb5fb13750b03160f94
t2t_L10000_1440	d8b9009e5cd6e54f3d25fc8d5615bbc3af69ce09697ddacab40ca3ed88f6840e
t2t_L10000_1441	3de746ccd5fe10fe912a8f3d5fe0824c59ab1d906b7df1d4ce5b9368e005ebb2
t2t_L10000_1442	487b9360e1255c3e76c813ebb8b3cf62803dd8c630c7c316d248b3175e8e765b
t2t_L10000_1443	5d6373947216f0a4ff03c095f2686cc81a992effc022414194a2694513a15ce5
t2t_L10000_1444	27cf1651e3e2d9a74345f47d257e8ec12c6ff910dd10cebaf5f128d6b83579e7
t2t_L10000_1445	1e3a74418cd293d5ed01e0567177b6d1eed4d17f9c6f8b20afb9cb10975ccd58
t2t_L10000_1446	dd9eb3f6beb17858f92116e45e468931b377ac4d7c10a56a3b890cabb4187287
t2t_L10000_1447	b02b72e71ff5db729293a1b8baa7ec83600b27d906924e28d0b9589e5bdfed67
t2t_L10000_1448	84a8991e7a9f0acc37fec28720fa095c59b68a2aa5913fd2efe9f39c0fa47a76
t2t_L10000_1449	e65ca8152bf0aa4ba437426963b2a7950ab621c5dd65a82ac7da9a2e42a68992
t2t_L10000_1450	0d44414c318eaf224aadcb6d3d8d34e0110c7a2bb20d07f041cc189a70e1e24d
t2t_L10000_1451	77729b9c490af79fda011dace0dc33ceebc1039249efa3337382277e5b0a322e
t2t_L10000_1452	01898556c5bf7dc606868e1eabe15d1c639d34e21ee564e38dd048c4530b8b72
t2t_L10000_1453	1ff6f5b6d806e3a72217f3b7841d9ccac78d1c422e03345627613090a03286de
t2t_L10000_1454	2dd0a55ebdc221638f8d259062158808322c3b055a26832c344323acf4fd6fc9
t2t_L10000_1455	2587e2d399b3b49c255eb40dc6de3a19078e15dda6dd63fad10bb0c69ed51da4
t2t_L10000_1456	f88b8d3a85c5e69f1aeb3775247f358ebeb313f5b0ead593e83ddaa7c8f62e36
t2t_L10000_1457	8d026b521139d9929897b5279b6e337d2afe45a946c22ffd21ad0f43f202731a
t2t_L10000_1458	af6e67a380d0841f00aa8e470cc7e1e835cedbd7ba79a32c135a9bc34aeae507
t2t_L10000_1459	4810b4b2537f9d2eb28dd168e1263754cefb94c21bd30bff29a7f88171a94159
t2t_L10000_1460	6ffd30b97c0ddbe78f0da07a08e9940f40528fa73a0946c22ac1ae016b178399
t2t_L10000_1461	2900721740aca1490a6e02edc5fc006ea57ea3a8cb90db109914cb6f0c07e61c
t2t_L10000_1462	90d7f50a0b0a4efbfa13a7f377cc89ac4cb750ec523471462df17175d74ecff9
t2t_L10000_1463	d01e3ae69dc964482f4afbb180e711b465810af17acac245ec9deb4a1c9c879a
t2t_L10000_1464	f0da0783271ad8ad52ef65e91a04e6c6dd89fb881945b7499ecf8fcadd5e0c1c
t2t_L10000_1465	7754a5150ccd13d98fa013f990cb3394fb3a898d2cb1b74fc794ffd1a3ea427d
t2t_L10000_1466	d1b7bdf7dcf57e59606f3346dc46d8180cb729137270e0acfb427524f0a327d2
t2t_L10000_1467	ffac1969598aae95e04900917df6512d837af5276b80177a2bf9c51069acc26b
t2t_L10000_1468	33e63ec4be625df49821e6b0d5bc5656de29a1d30eba380a549993dd5102b9b2
t2t_L10000_1469	fee21b01296c798f56bbdf04005ee052e5b453ccc8fc4882709bb61ca14de550
t2t_L10000_1470	1f0bafaab8e8d91b86b8c6eb64f93a70687cf495e59d59e55a79f8884d268702
t2t_L10000_1471	8894e1c50a3138827d1839b5a848b143cd4cd2434f558384b5e0e7cf2eaffd49
t2t_L10000_1472	946acc2603d759cde242ddbbfa63d6dc07c27f46628849335bd842828ac7f0bd
t2t_L10000_1473	c11e383c608a667e92e4978b3fd5fabeb69e7f4222300e39b25aea52b0dc935a
t2t_L10000_1474	b83c4c974d8749f5f68f9efc7e34ec52ab1d257be7969988bb7d5cfa4598ae55
t2t_L10000_1475	f8c4cc42af3829c1bab62531a9667b9d067a08b21119ff45c8ab9a09264685e9
t2t_L10000_1476	1d28dac3ed088365bb0f6764b084c1060a4c7f96101cae355dce268943a9502e
t2t_L10000_1477	c86219e6d63d3c920fd562887a497505aa691d7b10c764af8c92751c6c5da9f7
t2t_L10000_1478	56fb0f1aae73d2b00c3c6f3ce2651f1e3f2880e2dee73ddc717b7b6073b374b1
t2t_L10000_1479	9f49f496ff69b63d92b139f86571d8eb38124299c0df5c2bb790922a1b7765ba
t2t_L10000_1480	4196a52827f18b8e0ad8dcf19f5f96c3af612f551f259a51c9e34566ba3b2d20
t2t_L10000_1481	32a5fe7bc52356c7dc1cdbb32c95bb36ac7d45614d47521b89748d2caf80217d
t2t_L10000_1482	968d2e368b4f3ff0a94cd1f0b4b469a6a471ab59eed38b51a46377d597d86d2c
t2t_L10000_1483	ba7021aa5e89e7f334b53cf2845c875dc56b78830ebf2e04cee979b8cabd19e2
t2t_L10000_1484	57d69aeb1ef45e4d42631af9d58f0670720f5d97b4d63f20926967979e937457
t2t_L10000_1485	e01e8994680edbe94a61e493126868c14807d17f0f7651418fc81abf31b080c7
t2t_L10000_1486	408dd2a239a17e7ecf3eb1af213406adf1d05285971bcb56af4baf4a06d82911
t2t_L10000_1487	4fc3a17b40fb87a0b8692cd1a78f400ecad337a2c4884c9967640e8040f6d614
t2t_L10000_1488	74bec94cf29e44261ee270da1c8dfb0e4f1ea40e7540379daf57198cbdfdc7b6
t2t_L10000_1489	cad2d686d64d76fc001aaf483abc1a6d578734b538ce7b8c0928b404215c3ffe
t2t_L10000_1490	ac514fc4028fc07055369195c6703dc5c6203678dfd5f60057c21dbe0e30f111
t2t_L10000_1491	03f80edcb918c20219fc778a3d48e4cbfdf05af1ed9a82aecaa050d2814059c7
t2t_L10000_1492	24fe8d54201b07475d7b4b1ca19ca9812359155b8449d16f422ae478f4b837fb
t2t_L10000_1493	d0fbc15553fc1cc3f24252d1bafb4f65c3183aea337713a535bcf0104e9461c1
t2t_L10000_1494	8658429865bc641aabe1937a16da30ba222b1f87d423e313601d2279cc3d5e0b
t2t_L10000_1495	cbe5c410affebf457ea55d582231ae90d2affe49fb2412ef50e57a204ddcf2d3
t2t_L10000_1496	396aac3c81712d26648a0f18ebd2fbc5b87819e016758f45d288dbfebb078d49
t2t_L10000_1497	aed160bdad0f5826fddbd7fb20161dd25a42590ffdd86c87961b303c5bf5d115
t2t_L10000_1498	637dda5ccad18aba702f48d5b7780787be92df26a227f3b99771f147e8c952aa
t2t_L10000_1499	049dc275bd4ddf625faa94aeea1e880d98ccf30b1186b50960548b3ef22fb7be
t2t_L10000_1500	9e864adee5f3f67fb7dd38518a93b364d54a830ff64165c1266002fb24bf729c
t2t_L10000_1501	5e5a538ffc829c100a8dc8b40a6f8e8a9410f5c25b3624e8912014ddd1cc19d4
t2t_L10000_1502	f2b769c825bd66204d4b34bc8d725816f5fee03b290c23a511876ef329ad3605
t2t_L10000_1503	a77bde81469ef0cac4c73be16f98945c63876d4bc459efe287b68b4ab025d2d4
t2t_L10000_1504	5eb37c0b864d2760e50999a5d3dffac338e1e9a3645bcc91407688d2b848d9fa
t2t_L10000_1505	119b0b03b528dd323a0217c9dd91435acb1d8c088a95ca971a16d34ed0f7e2ac
t2t_L10000_1506	d8b6b90b28bf1705dffbd8820c35501b6bba3ca494a056bf2fce5838c707bcb0
t2t_L10000_1507	fc20f42cc19bcf7fd36ba86be1022d17c8c67eb677f7f18093452f260806b47e
t2t_L10000_1508	faf888c8a76555de2ea9e08b3639a33280a45411d12ffa49d89bc3517621ea7a
t2t_L10000_1509	5dae1b7b54631f2b3486ebd6b76f6f705f56121d8009ce5ae2cc5ce3faef318f
t2t_L10000_1510	7f258859b7301c271557a2bfd6e2507b4588f8e071a292757e8ca5e336ffc24b
t2t_L10000_1511	48e9b1314c9c50a2498655dbe7c26af84c2d02b5f341ab9c87758567092fb241
t2t_L10000_1512	9659fcf6da8c02ecb2fbe69a41f9cf475654d5b4e317a41b12c17b5533bb45cf
t2t_L10000_1513	89ad3e078df45d825b588561b19bc16cd7017452b1e1a179d2e87f489c6d974c
t2t_L10000_1514	ba08e59516205df7baa88c5db2cbc4fad6ceff5aa30cbf1da091da7856a9b2d2
t2t_L10000_1515	bcc2850373f0d64a1f817270e76a81c334680cfe8cea678ab4efd8d7fab6f81c
t2t_L10000_1516	51c5a4ec0fdee701721b796cbc8d767dc13ce8dd5b3a3c146cb0b986a6292f96
t2t_L10000_1517	f43960282202f57a2f98557bbe40eafd1ec028b278acde3c079e326f0fbe4224
t2t_L10000_1518	121cd7703b137aef7a8ab8d1f4014d76d4543f92208b8929ac70967b859eed96
t2t_L10000_1519	3ab0674bb5187b1670ed19d39c1a0d2a1409df0bc7c5b2e4967bb797239b8b5b
t2t_L10000_1520	70a857493bf8d407e6a2f22df0c03a795bde2479e2f481c827d24245e68d3fab
t2t_L10000_1521	dc4cd3544edccb673c4034eaccc8414368e3ea7ce00c71cc454b9d77a75b6135
t2t_L10000_1522	880a1ac09d5b796edf08860dc82bcb45bfbd301582d95fd8d3c9c35558f57e1f
t2t_L10000_1523	086109e1382448a659ef40269d8bc55d56e016ae3c243cb7dc4202fb5b189be9
t2t_L10000_1524	419723623f5903f19707569ac626430ca65a9479555c32031125b756da982fc1
t2t_L10000_1525	b58f05e4d7edc46c2421d3548f8b9dc021e8dd5c914467056e67d94f57c27a86
t2t_L10000_1526	bebe75e0253e7a7cf26d7a06688f68b72efdd514d364ac558ccfb49f0437e919
t2t_L10000_1527	3a9975313259a059b0df2d98255a756cb088e7f70716f36b4c5eb0423e107ed3
t2t_L10000_1528	ac0d7a5807e5d99fda5424246a05551ac627ba9e5ed71f85aa229ce79805ef4e
t2t_L10000_1529	7b292c41fa5d14812ca3822517d13d2c2e130269ba99260040dea45f6aa102fd
t2t_L10000_1530	1498939e1a52ab148c6f316f4fda62790a25292e049b549b2fb539d7273f038d
t2t_L10000_1531	af50bb5fcb6072dfe319e07d67dbc56354bf5b4c016d2dc6c97c0f6966a15f18
t2t_L10000_1532	085637b586688b16f7ae9ce937a396b36e34b37813945b07ca0fa3430c0d4cf7
t2t_L10000_1533	19c2601efd47d16c6f6ab869aace50630aa7b5a3305f659d33d75238bc3ea247
t2t_L10000_1534	9c5206903b821c9ea9c322aefe7345e3e01e14461c7d133be015f4659f35d955
t2t_L10000_1535	0041ea96f51bac7713824e0cd26a464a061037d5b9c89ae7b223b6a311851b77
t2t_L10000_1536	c8d0f74716e6a3c41eee1b4e7f1c959cad8a73d42fd4de4ded9bba3ba35119c8
t2t_L10000_1537	373b4a000f92103f558d2b4e7f69122f14e085391a4f99bd77be03c16a55e1fa
t2t_L10000_1538	f6972d51381a52b25dec0d72341db1a0ee306ade296e4f3b125aa0ba935e6296
t2t_L10000_1539	e9bafd1c8838e19dcccc4c981aae99c68e12d106d42a813b526ba17571e860cc
t2t_L10000_1540	ad72fa3d3c5795b8bd8a96e8bd056531ce525afb8565bc6fb3114f1d67b48270
t2t_L10000_1541	d58ced1ac2de964aeab51f04caeadf1bb32db3dbbe52e5816bd06dcd46d31e2d
t2t_L10000_1542	78330087ff7cf5b6e2973015be59175042cf22962f89ec76be939e0b5539cb61
t2t_L10000_1543	5b0ba210df392528ae90a5a4e7c8cc1099d1b7f57c9c4105c335465b2b49d85b
t2t_L10000_1544	2a8f4960cd6037c6119cc1949c8d7e60103e46434d631410829d4ba77be81c6e
t2t_L10000_1545	5d0d2f93849f391fec372b1c25390ecb4b777e5d02ee1f76b94d7d2b33517a61
t2t_L10000_1546	147ab981a224c1e937a4e639c5c16b9583e9bfa8976b57bd7139289ebb22585e
t2t_L10000_1547	29a41f00c7ec13eaaa3f3715ea5159ce215f9883d0748e66a0d2deb612745c13
t2t_L10000_1548	bf1a5dd20a6c86afa611bb704251dbf7ede91761ecab8d1d08a090583be72941
t2t_L10000_1549	8d35212d60ca4284be285e0c04ac5c66a1c46f46598225c5f55728c4e1cc7bfa
t2t_L10000_1550	a05309ac4d194499c1a95eb36b339bc8d67095be674059be4d13199152de726d
t2t_L10000_1551	f2edd0a7dedde748030faaf8ddf45a6134c062183c63b9724e554ddbe4d0bd03
t2t_L10000_1552	1985a57672d668977d1246ecf593d68466004ccdb3fc4d55469bcbd3b519b6ab
t2t_L10000_1553	496bb2c0f963fb5d0647299e77663c2e8f8bd411ea05366d69fec6b99c4f3a06
t2t_L10000_1554	1dea1c601b83007c0020a326841e1beda70f390a8b58d54c426fd254501d4293
t2t_L10000_1555	631529d86d0144a1040c6cecf75d64ad8597d0bf6cd37f66b83bd6a2529c16a3
t2t_L10000_1556	2c014564e596bdc85c096fa453c116389f3967063b8c51b7a34a0aad6bdcdf27
t2t_L10000_1557	6054de4dc375e747ff276e861d798e4dd3cd837b802c5357a11a9e7c15f8c7aa
t2t_L10000_1558	bd80f41e262dc4463a7616109036cddad1242475652bc94ce14c58f4fc86a415
t2t_L10000_1559	39ff8373044bc08b58e7917c481ab28552a72c3e256c3421de8dfc9562d7c21c
t2t_L10000_1560	aa548e7090dab51212dcc45eea41d5cbc24fe51eb395c92b4f1fe68bdb2b6a76
t2t_L10000_1561	8d8a64d18a419ad087080bddc2bea5727f7f90e279dfa7ee5f3a8b9de7242213
t2t_L10000_1562	479f39f855fbfa525a42559e5dd60081065c8c0b33e17152588e20601c97c349
t2t_L10000_1563	d2d8d6aad54cdcc683ed548f33357ba2f7cfff3b8e52fcb668bf93447f24aa6c
t2t_L10000_1564	da572ffa62bfc0e215cdd274fb1cc764ae709f1f5c5fc249cee7d209424bcd03
t2t_L10000_1565	d14cc4a8f524413806413000ef2180189e06ae97cf97a83ce48a37748428f6fd
t2t_L10000_1566	3a146b0e5a8d2f1b231c1785c150a44011ed08db87472ec3e21c825dd267ae98
t2t_L10000_1567	6d0685b7011b502e4088478834736ae8c98b1f37381e2793c750f3868376b568
t2t_L10000_1568	b6d2dd8c3386cb105e5aed92271fb167f11949a3ac4fd5cbfa95d13725c85db8
t2t_L10000_1569	62bcd66f0571dce4557b50e6cbbe4f6039e52099101067ab7712b47001bd62de
t2t_L10000_1570	294dd79b665916c237df148da9832fcd6d4ac8bc3581e09dd3a9ca892f94f5e0
t2t_L10000_1571	809e505cb32a236090e6a9ce182c1a7b0f36ad2f07643b8fd4f1c7e066a05cb6
t2t_L10000_1572	6fdd4e244980c15899b5943f50297e80b7fc88dcffd3a1f277e46c4ded51108d
t2t_L10000_1573	ee6203c3bb2ff1d8621cb5be6f0d245d5bad9491f70d9f968335c09b821c349e
t2t_L10000_1574	78ef28ccb0c9d240b147ed5d510aabc5f286184e89e2365a50408135a8820230
t2t_L10000_1575	7bf1cb7203ce69b68de1b81956f04015f8c5eb6b325141b07a2cf1e8bc704781
t2t_L10000_1576	e75bdb4101d24b98d9590d92bd8fd8ff20bdb8e3dca62bff06723b01dba26e1b
t2t_L10000_1577	1763fdecf77d1009527cd10ae062f07f8ccddebff77b729eb9c796c6f26070ea
t2t_L10000_1578	4bab974f251758ad3989755a5f57ee6c091ad4be4013973031bb5f54829f3896
t2t_L10000_1579	4ca7d05838ca9d43ce5b3d3f79b33871542eec4df5e200557f176403a4a5ff17
t2t_L10000_1580	e1205858eefcd49b85479d5ea82bd6601bb89aa3ab41f3d7c11739418c771431
t2t_L10000_1581	93514d7039ab2f0b8345edfbf85b65541614c8d5b71dcd5ff69551ee995e4090
t2t_L10000_1582	66355b9519b6e9e134cdc671691fb844045fa7283723035d69d62fa1723cf45e
t2t_L10000_1583	21e404c0b2b1e49702ed40442884ea7d28f91f5a54e4e1cce7a7e748276d5757
t2t_L10000_1584	19dbe9d12c76e8a3c93e6aa59f7dc81ebc73a5467255a67f595dc563c67b542a
t2t_L10000_1585	8bf1a6c3b5d80456bc9a0f3d88259d0a84b03fde05a3aabca8f36d00314b47c1
t2t_L10000_1586	ae7cee19725aeb7aa647fd93b2475fe1ccdebf5a38bf02981922dce4ff970f72
t2t_L10000_1587	c5c54f12957104150c33ec1aac5a1ab089a75557bf01c9bb41f23db576838498
t2t_L10000_1588	2f9f5974f9d84ddf1cc493c1e009d11031b271ebfa4d7905a9f8bb4498780622
t2t_L10000_1589	e31a7dfc5f404f36a9d2ca08171d8ae585a15387c8e86b3be3421442ba9d30fa
t2t_L10000_1590	07265935a8b60c56e91923c0a0746f12891da073f29d7f3a1f48047a9b43a8f2
t2t_L10000_1591	bb7dd61c924f0f845e7e875452b644fc0671ca7c1128eb624d1b8598d967f246
t2t_L10000_1592	2a51e4356b075666bbb2bd481a0695e543f81270666beb7aee5d637ba1e6f30d
t2t_L10000_1593	6f2a90fe77c5af01d4df5671db997401bf41ed480c587e06ed1a7082934738eb
t2t_L10000_1594	ad13ce493eaa9db2f8f5f73cf83b3ef69abc4e7e9627fbbcaa32efc4d1e4bed7
t2t_L10000_1595	e356df2fe81939332a7a64778e2e3714b9e4cfc35e4991063f86e9ce4ee7ac0c
t2t_L10000_1596	2b26b829e59564d1d0e50e7a313df1804328f4ef8fd8154d3373c0db73d89696
t2t_L10000_1597	e871c4c558b1ee2cf509afa16b70b062dcf379b57f6ccfd29dfe816f2e54d36f
t2t_L10000_1598	6f3f5d867a0585f6388dd3e507d1169f1927b757d5d49b494dfddd448df526cc
t2t_L10000_1599	a5d5c851fef599240f3b593d226d0dd465fc231b997b4dbcaee019b386c4102f
t2t_L10000_1600	17b37c710a03ca4eb0e58f963a20a660943995fc50af76a17910cba390f4badf
t2t_L10000_1601	4a7f2fb5f67d45f13e5ec69c61dd277b3071091e8e8bacf1bdf863502391a1fb
t2t_L10000_1602	cdb8602d83db0f223a364c20fbdcf3bf87045f22ae18832a2ee9bcf0b5152a78
t2t_L10000_1603	fe1b70d8ee62b2bd0a0dcd49058d18de154aa69a2005f0c18de1b72186ebb295
t2t_L10000_1604	66bad15e1bbf34cbc6809c1f6eb983ab40575e79d5a5543927f6b7d86a433ea2
t2t_L10000_1605	fd2d4501bea00251ad7bbd2f5f4af8ae6d776814630f97ece55ccec2e7780981
t2t_L10000_1606	83fb56f4f41daf08d879a8c88ab8d223ef822d24b00e56efee3d61dab837d77f
t2t_L10000_1607	bc5635a8c8e184c2dcf2695ab6c3e8a47f5b4963bd24286a1522f0f0029e5a42
t2t_L10000_1608	059dcda245e3b7d8bc88170df5c523a96e93ab151492bb68f72c0120e007e930
t2t_L10000_1609	cb756b200f903659ec10fbd8e2f62be6a34a69d4e4169323e3eda2bb38c867ec
t2t_L10000_1610	da375815761fe590a4848cd4c0e9a340ebd4f5e6faa31f467871c82e40eca492
t2t_L10000_1611	d8e513cf19b51baaa1ec849b633ec39ce466f1eac3c5c0f1894b5226b09cda6d
t2t_L10000_1612	4ba1e7516edf1c5d63168d2bacd303d0d3aaeecb524826c431da5544a270db68
t2t_L10000_1613	308c94f54d08a2926d7d812769bf9fcf0d16a40d10f83cbc6498d11cb9609faf
t2t_L10000_1614	6dc2cb7a4c1a2e97ac9a8089d33b34cb086baaf18c09cd3e111c8fc6e81f9009
t2t_L10000_1615	8b3911bef453240719376c997662c1812a178b1bc32417d1a4824772ec729c8e
t2t_L10000_1616	ade5f956603e7508f64c33d1299ff19e225a0da4428063af5560200a984d0c45
t2t_L10000_1617	1f52e82a248f5d57fad32663a18eb760072e25d3cdc512b5f26b43012124d611
t2t_L10000_1618	3c87dab8a8ae5a21c162433d432ce07e4882aea10d7f6ede5589ae5e3c95233f
t2t_L10000_1619	dbba813fae1f2a6c2332f8d74f7169960ac2c11c24f686508c57074778a73330
t2t_L10000_1620	73d5334d0ea3eb57d29090ed90d2f65575795ea0a0bdb8790c975022275b7343
t2t_L10000_1621	b42d0d9de8d61b55d9c109a165ecaddbbd5ba7ae4cea0fd4c3b7bd7e222f84ab
t2t_L10000_1622	389dcb3c94a6d4026ab4278a63d90cd5159ff8ef19f3589d5a94d848471248bd
t2t_L10000_1623	c6bb8d6677515f758ea3a978ddd2dce06d1de4737a85008ecfb4f9dc1cdfc7aa
t2t_L10000_1624	119b56413a464cda82a1a0b256eca7443d055649dba7b8fd0868f078e353a31e
t2t_L10000_1625	2dff57bda7fa314cd819e286050da739fc970ccc799fd8a44e87ec445ef95639
t2t_L10000_1626	bb70ef3e485ddee88a36b161ab86ed0a0072cecd07028eac34d1c04c15a8f099
t2t_L10000_1627	42759a671f256ac6e38a4888d3383246fad2aa6d20f767756e975c846b4ec686
t2t_L10000_1628	35440258a6e4b8f87f65a2cbed28a147e65c72626309d53fdce8467f881b18d9
t2t_L10000_1629	1c7f21abb3fc4b8fd0ef4171d9de611d6c93247f01ce6915bfd7339100851da8
t2t_L10000_1630	d10b7e810b6982ed11484bc824454473e5098c467da352c92992d01b0b94057d
t2t_L10000_1631	f8c588907c83c950de9aee6f43d50055f23da373379a361d33a9fd546d687934
t2t_L10000_1632	213c1f4740294e2bc66239176b8f132754eccb6a87b8e874d5b9357c979ba195
t2t_L10000_1633	4a451c7998d10afe50d30400cc87132a6381bea59b84b07ccc4d4e451b0cfcac
t2t_L10000_1634	875f25aa92145efde0a156f9a501e7681fcb318088327ceb52dbdeedcce61ba3
t2t_L10000_1635	27a5b6cbd1ebe68fb20f6b4fce28ce937486e2d44ef2a9127ad3cfbd431817ea
t2t_L10000_1636	c99c09ae026790f18a0a3d9d63e0bd8c1b8c3eed3af3b8eda4310155e515354e
t2t_L10000_1637	f9607361d682c03e458deb07cbe9c7870c7894a6986959b277272997cea7661c
t2t_L10000_1638	9370b1cf2a0aefe401b55f3617dcd9d8668660cbbffeb94cb2919c450663930b
t2t_L10000_1639	f1c20caef0ce660fc74b9f878a103097616e0e81f6a2ff3974854ca6eabdbaa5
t2t_L10000_1640	acb2182ed93fbef4a65fd73e1f7981cb04c4a31a9cfd0c291af07853fa7fc23f
t2t_L10000_1641	8d11be2ff3ce9559e6c0ac9d9d76d7a71908e49418e640aacdf1601c117de7d5
t2t_L10000_1642	ef4c59588a1d720798bbec800f7ac2fe8503a5862fa0eecb26b2b66b8f59ae8a
t2t_L10000_1643	36467b801a02aa7f22e70046613439c7e793661b4f821319351a1270bdff588c
t2t_L10000_1644	8f9efb5f25c6921ef56c4af19f0e4e8dfac372cabe77de442014db5a46b8afb2
t2t_L10000_1645	ae63d03fe72e7712f502ff77b620a7a753b27a18468b87be6744a9fdd4e43743
t2t_L10000_1646	8b9b82e921762af81821c5de56838fd4462d51fadadb1da199cc6bbd2eaed742
t2t_L10000_1647	1b098d3834f0ca9783df0e52c1732bd0cc92b478dffca6f7029fb13c3dadfc38
t2t_L10000_1648	225863701d1b743eb08652eae3aa1992421b75d9ce1a1d1780d889346b4210b4
t2t_L10000_1649	daf440dc26b4bfc019e1e2af4a7e3896955cb6514c1c2b4f426ae39f00edd54b
t2t_L10000_1650	dfd6c88d04f6f7fee95699a989701bf90fc9279772de2e80b1f321da48305b0b
t2t_L10000_1651	cc24af60bf5295da12222129ae9cf9d8599074afcc1a0f18dbecd01731dd057c
t2t_L10000_1652	a79f81312260b5b6e7a3c81a2bd00f862ade643ceb677a67a73c44af11e54d59
t2t_L10000_1653	75915560a084c2702aec845132195a6c67f28c1b97b7fb57c3d8702eaf2205fd
t2t_L10000_1654	9ee38f801e625e0fb0e928c10ef3f415be6cd6e9b2a22d7ad8db45d926156d66
t2t_L10000_1655	d093347b8c35c9a580b036cb1e1a3d535c64992f4b175f8b9e056770a715a185
t2t_L10000_1656	5796c860b26367f03b71b86d7b37079153a1367b90fa123fcc339ff3da95b872
t2t_L10000_1657	886dbd6f895ae7b941ed02f962bed7e5b4129925a871e404266e2f7e43a15360
t2t_L10000_1658	cbc45e68c4310247a524d94980d8c116fdb4009babde862743b2871c17eff0fd
t2t_L10000_1659	33cc852f9f3553f037a9f8afc07c4b6b2dff4e5678c89b1f88532b46631fdc1b
t2t_L10000_1660	cf9ae0aa5fdc7d308253ae88b48a167daa94bfe00e76c86cabdea78623e7f4be
t2t_L10000_1661	7ccd180067b496ea7d6dec32202b5247599c5961c155e476f67b1be283451c4e
t2t_L10000_1662	3121364831e83d306e174969c475868f67c93b3a6c45a6b51dc3b7cd8d3d18b4
t2t_L10000_1663	e32d62fe6a25e61b0d8f36c18883819fa9b3646de1f180d83d227018f169204d
t2t_L10000_1664	541f39468aba3c601b661ddf6610c8aa08c8cfd7b53d3eb13bf34ce11bd41cce
t2t_L10000_1665	c9e8d800d0977bf36542ea7a022886dcb1a6ec8623d1b162be98e6fd47c0ac6b
t2t_L10000_1666	39bed5f9d93923e07d1193c6c2c8bbe77784a7ccacf8b14f2b1ca67b200dea34
t2t_L10000_1667	ddf9e4b215cfaece22030c19d37049f1d7370aad99b0a39cb6ab725ec7b6d2a8
t2t_L10000_1668	ee1835c08bb5df09d5224fae034197f6f928bcc1588dfc4cbfc283a2aded5285
t2t_L10000_1669	7f2da15396e13317881ca268f5e383c43606bdfb8ae962cc6b9f9bcf3f9c8e31
t2t_L10000_1670	50d54c1c89d84fb9166b51d83bd4852fc7d83fff72416b4c2dbe02ba4af35d69
t2t_L10000_1671	9acb8d4065a56eb0aab47efa3066ec12d449efa843f0e97fe5d04926a390c823
t2t_L10000_1672	437fc1356330ce7b4f91e1a119d2b81ffdb2bfadceaa30ae0d9a24d85d579574
t2t_L10000_1673	0a048248b8641e3748ab3f707e9717a42c4314f28f6f988d07cf86ef81df3bb5
t2t_L10000_1674	497ddaa03c79121006623e5cb335103f36b20ecb7ddbbc40c7c056aecc8dfa4d
t2t_L10000_1675	89c28e7170d52000784e9fc058259a61e4b5cf5ac107d67d4f90e3a3e21b10b9
t2t_L10000_1676	ffe48f637160ed2e5bf0e7f37d94be566e592450689a665ae4a65026040f65f6
t2t_L10000_1677	2ed4285e9a6c21ef08f5a653137913f34ac40eb51cde0cf344d4d202465be997
t2t_L10000_1678	210d6732e6d13d33fd6b6095b9d160ff86eb3283078549209a56bcf590fba8cf
t2t_L10000_1679	92eae3257a2287b585015d51c954228dde3a7c342bcffee683d14dffa863614a
t2t_L10000_1680	9d424dbf7972a69e8023bd35aac4c14d7723226aafaa4a783b22ec51c1ed73be
t2t_L10000_1681	5148ff7e0bae16f574c61f5582cf11b0423bc317f94627e25bcd62477da00fe2
t2t_L10000_1682	236717b6e51d5ca43efed94de8e5bde60dcdedb4352065433b8bd276d849f759
t2t_L10000_1683	4e402fad7807cacd435bcdefefa21f351d68bbdbc3942dc7465ebb40eb753ceb
t2t_L10000_1684	92178441a70c5838f4236c2e29f8738cc350d69b5f147973e08579ebcdbc90dd
t2t_L10000_1685	5b13389f8a9e018f741160f72d4f692b1e2331c97c14c06011848d551aa3ed22
t2t_L10000_1686	906c1fb3eff66b680bb871d972f3efca0713b304eb880c31707d22cf97daeae8
t2t_L10000_1687	b801941de6170be92b6d096d4cb55eba84410591fe1966840704332d8567f69e
t2t_L10000_1688	a79fe4d4bc5cc769ca284fa791a51ba9ec1d81cd0282c90d1be220e8fc9b01e4
t2t_L10000_1689	01b0f380d1adc737d4b258169b945aa75af0f1e4f984e2ff4df39e290c13e090
t2t_L10000_1690	7af5ecbb57ae60086330cea263a95208ba121584fb6fc46ef8780c9db75cc6fd
t2t_L10000_1691	39b52b533c1eea707bf2b741025c516badacee7115b137abfba62d2b48673441
t2t_L10000_1692	2b776467436fbe1504ab070f0ee1e1fbb52540308567eebfa21ece6a1d7b693f
t2t_L10000_1693	7f1d4768d68bebae760b7103d7b592631886998cefc476e58e8db8cb8d9fb164
t2t_L10000_1694	028c4a9c3722076bfe70bda7f9a91bf115f3ad8ceeba58bdb635223fd70f215a
t2t_L10000_1695	e84b50a4e5922a284666ef61379e4361199a78fd1c426341c39d548cd8390dfe
t2t_L10000_1696	0b04674f958bb8c7910513eb18730154c1fe021718224eeca6b155068a30508a
t2t_L10000_1697	693c7583ddc7dcc077a648696bfae895d6404ce8f798c7b6ae7fc1a06c81afcd
t2t_L10000_1698	c41fd12529ad8d1f2fce95544b5fc316d6f9db133660be1c1f9d34405d0ee4b1
t2t_L10000_1699	85db8e16933f8339e6a518bd15ff3822a9e1f3590c2b3c7a5e5b8623aa9d5096
t2t_L10000_1700	dd0a5d198ef92f0b6ee9b407184ea54109b0a78747a6f5d219928420e2b700dc
t2t_L10000_1701	c67561e126518ece0904cf0148e2fa85aee111408c8f9f738db0d713e05a5e84
t2t_L10000_1702	e9ebebef84a8c2d07a421f9290f1606adb48a2586add276ea278af0cc155f33c
t2t_L10000_1703	1484439f90a5d13e66a646574d5a699aed9d850774e8c00ec3e1696ebf3006ac
t2t_L10000_1704	933373c1a0414069eb02f19e88221dcf82c5bc68d85bca293c03706f1dcb5eff
t2t_L10000_1705	2e0d01580d0857b9c91cd0bffda2cddb253e66ab4e0b4dfaf7c2ea58639020c5
t2t_L10000_1706	bcbd130e6a9b5eab1b0e71ddb3d0439e7b09396aa48a27337f9552e573be50f9
t2t_L10000_1707	7712785f04a73bb5bdbbbad40c466114b59e13e358805e4ff49c2cb506e85f61
t2t_L10000_1708	e0714f646980c824cb1cdf560b4d864656a73cb2d7503a588f65ef2044b4b077
t2t_L10000_1709	e2e36f6b4e71aee9033d48356bf6afc89371be45a6e15a0a4ef89acaa9d5c6bf
t2t_L10000_1710	e9c47fbe76067555e927dcc2d3fb2fc8713c2fe0a61b151dd7aff319541198e8
t2t_L10000_1711	988028af29579629687feea9232cb946ba76876677984d784e0624f40052c3fc
t2t_L10000_1712	f2dcaee733c309ef3e7946f875de35eed2a2eb5cf5a20b180d7b6aec199e7ce1
t2t_L10000_1713	a4fc59c97990385531fffbf541880ef0bbeb8432e51e4420e2a5983e09404890
t2t_L10000_1714	d617b8a2b9b1981f7b581f93bdd9921c23c7e1dd262e713d7b1f03500eff63c8
t2t_L10000_1715	938ccdf6cd38aa07d6c00118f2f359fc6f5648787de4ec47a0e8da10d8ab805c
t2t_L10000_1716	5cc197527c85e496a195eab9f2430048e5fb0a718c0737f7371f2a62d62f9818
t2t_L10000_1717	340b54bb2a314a1546c7e8fb80ed3a3fb6d0280ceb3b3ba33ce73970e52a8af6
t2t_L10000_1718	93b34c6800410e7ac2d27c18063962077ecdaa83a5f57d916fff5909ca00c072
t2t_L10000_1719	4b5adf80c33becb72510173251d4a1fdc7637aa84a46a6c3a8a01740754cb292
t2t_L10000_1720	5e2d9c6c94d643edcc0becc16a35b37488dca3cb11f6f73d18e934c549ed1776
t2t_L10000_1721	39aaf88f247bdabfb2daabd21536d3aaac05441be01c5ccd7ab294e44c3bb03b
t2t_L10000_1722	be166874b013ee7c28eac766fbf10fc4e79ef40cec86ed1c8bcfca3c611d6035
t2t_L10000_1723	8516b64c9141b6e089d04ef3248b5d6db4f434b7a4a3037746eff828a1a1b31f
t2t_L10000_1724	6d2999827d7892907385cd0fd579a5ef73b8e336797ae65ed3404a329dec507c
t2t_L10000_1725	f1d89a564d41acf8e8cf43e0e457662ffb74e3eccdb2c94291b58a6d179f071c
t2t_L10000_1726	1b7c39c9d5cbd3ebeeba99898d7ce0d0887d4138efae731539bd4db43d6dfc80
t2t_L10000_1727	4b7f889c9f285cc99a67ade7d24ca53bdbf380763d83f1d5bf0ba92b93355fe1
t2t_L10000_1728	38ffaa05b3c85f492fc6ea01d04edcb43004f501a37a9a80534e9abd2f4bdcd3
t2t_L10000_1729	330605c8f69216a5d475e2b8d20a1189a7ee851d173f50866acfdfc85a18ec25
t2t_L10000_1730	aa81804c8b8e820d2d9461beb544deb0923d2d0f1f7fbdd77964f3d73cdfde5e
t2t_L10000_1731	22befa7e7f1545f12d2bd112323621681ace71242d0e3d63607416fa58102d2a
t2t_L10000_1732	cefcf608b1f8ccbad8f5bc716b46298260e64ca07c1f700751cf1e93b0c20640
t2t_L10000_1733	c00506b03cbf9b45c9779440fd95ef306a57b606113079c15b3a41b2656e7b48
t2t_L10000_1734	791e1e12d907fe039824c6d8513108474bb3fc52cc24428997921a75496a21c4
t2t_L10000_1735	b735c75ce5ebaaf2204574d801838d3ae9a28e192725105a8c858c0da0fee99a
t2t_L10000_1736	c05c52d7e5da3a563448ff9980f7ee3e1ad8d8bdcf531305a180c562017a4007
t2t_L10000_1737	ec9c1f942b7e0d2dce7ab916ec88cd65e5fb844475ffd05267cec3e270b135dd
t2t_L10000_1738	fd738c26faa03e28cbb3f57eb95a1d1701cebf8c4205309a22b5f3500f1ffb0b
t2t_L10000_1739	4cdabf80de6338d8ff644f499e7a3062654541ff3ebdc8adfdfbc160c13720df
t2t_L10000_1740	a6c73669f1569331f6306b9c5add61548b6f2b016dc6f88598f854f088aefb77
t2t_L10000_1741	f89f8146396f57ecdfaa0bf2172107cf99fb2c4baa25e1698bb6da83114c8d60
t2t_L10000_1742	4958d10c8310e081dbb7a923b91074074519d27dd6c567377ffd2b68a0ef5383
t2t_L10000_1743	056ab15dd51f9f0a8a09e52c15b50047d7c32f9526a0afc1c70531e6004dc015
t2t_L10000_1744	1933ef42a921997d281db7ce83c63aea9a885e74d1c1b9e74f738f618c0ad263
t2t_L10000_1745	1353256d9078a18a7800d82d9491ca24b4fe822cf0928c045f597836584765cc
t2t_L10000_1746	bc2c004710ffbea1781c52204abd6adf3853147e45ccf9117d6663ecb8dbb3d8
t2t_L10000_1747	94b37d3acf49f600099790ff321ad7c72cc228bf2154644e3c215f9260b6291b
t2t_L10000_1748	4c65f5c8857b9808e3a8c30a2b9c33e2e44c5f52d74650af886004faa93aa7e7
t2t_L10000_1749	30288f5b40d8f750c008360cee6b9209e1e6f859ff53265f1ee75e2c60d44ce6
t2t_L10000_1750	4b35673b7c7fcab778dfd9fac1311ca013eec15e9659f8811e12af1cb163de2b
t2t_L10000_1751	b28439296996756784e29ba17b1bd9b7d18b9f09b2af45c9571ccc5986d6889f
t2t_L10000_1752	186a040fe65115c2e25c76b44ab4425051c422477bb9dc2cdd57c883645b3606
t2t_L10000_1753	2fab1a0b274c877e1f62605755e4f909578a82fea363394b80db02a3c686a863
t2t_L10000_1754	9726782dcbfb3c93db8b5be0e4ecda6e6f8c34c576ab5954736b3396c2917ad3
t2t_L10000_1755	908997d7b2bd4d3bbead73ad7695e3ab1ff6e58d3ccbb7bd9f5933a9680e8e01
t2t_L10000_1756	be103c0544f2bb2265aa4681c9b8f23efed3d0b5cfea6baf2c20bfe157fc0e88
t2t_L10000_1757	171c850ea2979b6ea34f20ea48a4f34bbc97525cb6531ff6446655e21dcfce37
t2t_L10000_1758	bb9182495ab847e53d84dbd2ac8189e39c4bb749853454fa896c4da094ee83ee
t2t_L10000_1759	7c21b5b074b3569457a1c7f77a64e9d5c589f09d5635e42983c35af8334797a0
t2t_L10000_1760	2d6b33d8a0f305c6f311b7e302fdbe90eea4fab0173e8af40e0b153003b668f2
t2t_L10000_1761	95f4677cd550e2c8b41486234d191ee1cb401c0dc557ed871988269fb710a2b6
t2t_L10000_1762	afcd1f97497766598887080ee1a02f2980e4b1bef76d29d29b030c303a0c7e2c
t2t_L10000_1763	0ab1376820966ebcfa4b1a1fab6813cb0e55c882082fc10d52169dd2ee556d7f
t2t_L10000_1764	978104bdd0038179a6ae81edf5d2ea8b905cff88563cf69ba91459d3c14d5a34
t2t_L10000_1765	9dc7ec2c1c6a5f3fe804001d28948ba7c56f82bbc8f52ee342fb07a17cd18f43
t2t_L10000_1766	344c02aaf3c5c4c05b4b67ef77c26e66bf1e420c4e6fec0a88de1f3d15a8da96
t2t_L10000_1767	ec2b7dc8a5ba214a638025989a1ceb65a49798d36ee65d59f02168becf2ad467
t2t_L10000_1768	670826dc3cb4f314effb3ae2d979f95adbcf6d167f6cbe03935248ba5c70717e
t2t_L10000_1769	c0c663a77f9f7389ea816c9259f5506ec6fd17dc5b8d78d45bd49670b9640cee
t2t_L10000_1770	5a8fd4668f235ab738d07eda63d5c4d1ba935f9a52b81f1754353e8f8389a0f3
t2t_L10000_1771	9f7486336a262e01762dc6d8360a9d033f9e189885614264e20106ba52a34dff
t2t_L10000_1772	7b1804e20a56529662fdda08a05b7094401e96bb1eab0ad1faffe539101dbe9e
t2t_L10000_1773	f86a9a7728abe54fabe04a3df0aa36af4a36d3994352e8ce6615de379e2ad5a8
t2t_L10000_1774	c610e4a6b8d9aece21043fa90a277abd0e0f3ccc510dd12d03882080f7f76b8f
t2t_L10000_1775	260fd97a8539c5b6dec64b099782ecdd92e73ebecf7daab391fd0b22f1db939d
t2t_L10000_1776	551c856f22497f375936dfe3cf9b71b41a565e420656fa543299c6be24ebe5e5
t2t_L10000_1777	9c63278e91c20d141b43637bf0bffe49f3d403a56e6e8e7966a1539e6fa10970
t2t_L10000_1778	70df762a7e815fd9e507376faaf43faa3ad0d209158245f57c7132fd8b427635
t2t_L10000_1779	001c097a8e9b9905e1581565391904568b6f23d3895a456b298e4b87489e091e
t2t_L10000_1780	8f89531b4278d58f2a25ca33e0f9d3cf454be0de4c8d4960aa3ba640fddd9fa2
t2t_L10000_1781	d2213623336925c22a548608c2484d5bbe483f03ccf0eaf2c4061552eb5ee992
t2t_L10000_1782	d68973fac6409a5d4efa90ff1be2951f7f46ecabfec926799d240ba4526cb388
t2t_L10000_1783	7ce58a9622e91625f4c93c90158bf7b7f25090a888a3e1fd1da1d3be78fa7db4
t2t_L10000_1784	7ead7a6eaa22eb34c2b4bd1b7b476bca2ac10a46b1624e686889a8f058ffbcc0
t2t_L10000_1785	12aec6b77a271869abc14633887a0b1d18924d06c0bfa32195ecf2cf0c9429b4
t2t_L10000_1786	57df4487fd904e951435828c65232c5dac863ebde13b5c874af1e080beb02183
t2t_L10000_1787	0d1efa027b21680a1d7abd232683151fb8227af6515ba534857ff6b04072c65b
t2t_L10000_1788	a49217c96057312a150c5a83f66ca245721e1054f51433291372fef497a6f832
t2t_L10000_1789	5938c8ede3a89d3a0779edf9d175c79fdf167395f9ed8a2aa1b7632577036826
t2t_L10000_1790	fd43043517bb1f8ca305cd42f2fbe759e8fcc60561e7def2549126f316d0db58
t2t_L10000_1791	6e38529d10e008e20965ed0d41be47995a1f603e3a3448f0fcf0577f4bdf431f
t2t_L10000_1792	532035c2c809ff488546f82e7a88d5ba25d550b52636dc3a7c4e9381c40a96df
t2t_L10000_1793	ca038a3a08bf56a8ef75322eeb1ff1180e1125b320b70688d888a7070273acaa
t2t_L10000_1794	546af0e17bb6a8abc10e2d70fe30d25b21b08a7899ff6c34bf2820f909cb0762
t2t_L10000_1795	5f3ac064158345eacd47e016b6a042a539bca2169f456eb0604bd0805ed36cc3
t2t_L10000_1796	fcde6c4edf89f712f8b8fb9aec8b443677bce9e7f354d2628e8750ae173982d6
t2t_L10000_1797	b9f8430b5434a1ecf4fff9380c4831a76c0f09d03c5a08a08dcb66381eed764c
t2t_L10000_1798	e71a55defd901a0c7496c245ccf2390859f90cf46f78a636a3265a737cbb2221
t2t_L10000_1799	0c59113efcf89a815e19904e2cc9e43212a44a61a0631fe762a22558eaa938cd
t2t_L10000_1800	4be49dcfb9ce90de28175539d89ae1d0bcf7cc224bb53b47e2d8e6fbc089874d
t2t_L10000_1801	da4a6e2abc183f60560594c275d0b7eaac07dd9cfb5214615e8bf389c86038f3
t2t_L10000_1802	53db34884041652caab7497339943d05b26cfc40f267f376911662d12e37a9c5
t2t_L10000_1803	597eba55d781da939eb20416b1621a22ca6bc96ca036c0fc6deca3079b256f58
t2t_L10000_1804	af59d728fe8893fb8659f9f5d9bc519aa8fea40c3279f919121781676c25177c
t2t_L10000_1805	9e45f1732c52af4e4a9f9987baa4ec112b27eda75a1581b0b3a4ba754aea0ea4
t2t_L10000_1806	a2e700fd4fa4039fc4639cbd716623aaa29d186ef29023a5355a717575e8eacd
t2t_L10000_1807	b58ea5a141c0e51f22322be7ef3388024cfa125a88db25b512ba4e0a717c242a
t2t_L10000_1808	60476d0929a60e426e4ff995b7dc6ef3c726385e19af1ac54cb5496b530c9f21
t2t_L10000_1809	69bdf7f322f6d914f49a5cc85978e963c5b578a1a6da2ff9a52196b29b79daee
t2t_L10000_1810	5180500e17b827f38502ae62e02be24276f58f5a3df2b0c302ee3ef85eed44d2
t2t_L10000_1811	dce8d1c6df6c5dedf431c9a33d9a605457c78c832df1d18d02e01cee38c19f24
t2t_L10000_1812	5f200c220991da2eae7f2a50d7504b7ec23f1da344c6a2bb955b8a147e0fff6a
t2t_L10000_1813	a68cc973406cf6649996207a45fe46db9b87ab3f9848a6722f311e910144f29d
t2t_L10000_1814	80498b77bc38adf40cc6ed9ceb90cbe5fd392fbf571c1b68643082efcd05d5eb
t2t_L10000_1815	640858c77b4b83b8f2608ecc72521814c274a45196bf6c411856357317bf7ff9
t2t_L10000_1816	35d5bcb403678a18bfdad985a3ef63fa640d96397086291f3b6d3171709cd5f8
t2t_L10000_1817	0775e6780d5e71d080347bfa8a04f7d84bc09dfb0833af190454b9ef6de15af7
t2t_L10000_1818	11b3fd052edf9ab44750e8ec166d223a925efe6b2ce29c8f361d92b4e4b96d00
t2t_L10000_1819	f045363f0e321cb239956608ffe66669068816ed9e901bcb254fb68613235711
t2t_L10000_1820	84e1a4aa1ed03a59eb9948fd51caedaa8b36e10d5fc3c786f316fa9127dc03ce
t2t_L10000_1821	5cb8eb94854f05ffb2937cc52740f422e908f74298b344ca80a490953d3bb0f0
t2t_L10000_1822	f72eab8faaf850d7894adfe8213c2b87d0a41e685f55ef6270c047b96b0ded65
t2t_L10000_1823	7e95241e4f88027b78eb9e3608b44b8cfc49ff3bce3883a51fa301ca7964a329
t2t_L10000_1824	de99c81164ac927abca3eb48e0a6857154d855d1a9c26e981b9968fefece476a
t2t_L10000_1825	41b1b24d8063f31e63f440c9c95b816ab19ffb7533057b9cbee42e3c25f21006
t2t_L10000_1826	ca7839b49dc6f6017745785c6af289be1d0b91daa23aa4b0b5b9f728609a68ba
t2t_L10000_1827	1da050d0de5556b924b20935260e1c86715fa7a286388c94342f94982a06551e
t2t_L10000_1828	2edbe7fb9aeb6d11cafe008ec83198ffe6dc8215a380ae0105f487399c20e39a
t2t_L10000_1829	261b8f6b786338738a85c58b64d75b89b879218133ca118230fdf203a9b51a9b
t2t_L10000_1830	3bafd95c1ed57da04f7190078eec5d3e5708335b46b31089b0ad20c3d9f8d700
t2t_L10000_1831	b8357306dd7ea96b07999f4ec6800c79984f8b87724e77377e60b24d5d1c9427
t2t_L10000_1832	f9ceb968d171316f9e7870fc2eafc1bdb8297c1a4d2b05e64c51ec545fead4ad
t2t_L10000_1833	0f74a0adc537d5025cb090edb7334b08cde069cd73c48c31c4101ab9a7581cb0
t2t_L10000_1834	3415478d6ccff89a3acdc326147c74e477a0edca627606f9c4db6a4f80929e8a
t2t_L10000_1835	bc4a30a9b80cc1e0d331aab384528ead5a224defda5faa894def17779d880df8
t2t_L10000_1836	91334085f96bb179be9f3cf96bb007f0f8e3d92d8ab68394eaa71f0113af5970
t2t_L10000_1837	570d70e30a91e09655ef92ae536805f7cf1b2ee61dfbeef20e90d0ef73314f41
t2t_L10000_1838	3c571a4105e9bce99d9564249e96cdf03370465aa3a4afef3fe76fcc676abf78
t2t_L10000_1839	f375e989000c995fcd63cd4b0c565a4afb3d4c1a85fc9475c4d47cab22c422f3
t2t_L10000_1840	175704caf8f63de0109204cb10b99f5ba1f1e91a99bca3a4c3db8f17721961dd
t2t_L10000_1841	9b2032c2b86fa62d55ba45ae1a10fcee18a6826a5b8b07a6a988e96db8aac3e8
t2t_L10000_1842	0c855b1d75c4a282b8bd3bf660fa6a1cab6196419188ed9c6c4a6f87439c12da
t2t_L10000_1843	24e5d053c0bf59df3258835bc993e19a0344adfd94dc84e0feb83034432158a3
t2t_L10000_1844	4f9353c30bc4a5c43b67abf1b13b09b38c6d8f2b3115607c747e349b9d13a3cd
t2t_L10000_1845	fdec26dc29a8818e5c1d188de9f5e5c0f37fff3bd804d414c0268e72a3c58fdf
t2t_L10000_1846	a49dd804a0a0a8e3e6175b0febab41ead3e528d7000351866d8e77b148517df0
t2t_L10000_1847	6ee95eb93d2a0c1a6e46435111fc0d8a589658b995b8c906c696ad8a48a85cae
t2t_L10000_1848	c6232bd68f02f56bf9a5702a1d367efcf69e49789af24754d2292f044261ba87
t2t_L10000_1849	5075bfb294db2352b516d04bc4c5b0b79e7e1b4e019dcd9062424ba47d3b9033
t2t_L10000_1850	3aeba93c7cc01d6c48966801d7b556707e55c0a6463dfb9015424368124fcbc8
t2t_L10000_1851	054fbd7dc40733a3de6ea79cd8f175466f88a330baf7b9a8af54554dfc9e3853
t2t_L10000_1852	e733038f60d94aa1df6b5b144b9fdb93e10c26f0258745dc6add87808c510629
t2t_L10000_1853	08dee55407de4ecc80b1e9f93362097cac9ab9dcefce1ca04ea741dfd073415a
t2t_L10000_1854	32f0db6ae93ed397e9815e2412b68daaf2f9a987abc8402be6f0f875edbe5c08
t2t_L10000_1855	262f12784e96c96bd126043e6892d1c0292f5e59c88c24754cca01adde5e81f6
t2t_L10000_1856	9ee2f6bb0af4d39cb9a63ece109b00d5aff0b3a214828df5a2ea2b5aac5943a2
t2t_L10000_1857	99b4fb0ee94cc76393e71689ca36a4da232e57c558a7592450d15c3ad014a18b
t2t_L10000_1858	cdc4c75755a00a3f1dc3f7c3dc89d582837c3a2c0efe475ea033f9733a67a3e3
t2t_L10000_1859	5eaba490029d29ce2c51f7c87b46511f2447c1d53714f14c9962241f73bd4032
t2t_L10000_1860	c7f4d55d3e81d3a35a59e8a85b2105981ccbfccc5f03e508218435066ab2848c
t2t_L10000_1861	c5484652f8170cc245eeea856eecf0b82c76ebaa4a08d4cf8cefa5e0f1b8c2cf
t2t_L10000_1862	9c2601e5367e888c5fb05e0c91d395d3884b2d48895639725e7d4aa8ca30cdd0
t2t_L10000_1863	e97281888e53a5464ca3b5fe97c8fdd0895bf8798b3889ea133adacdcb3134da
t2t_L10000_1864	99e218fd0249bc5a7f5b400ee721892879536e58b2ed265ea2f24477ab8f4695
t2t_L10000_1865	74330b41876fd1ea43122337f7d9ba5a09a2b650ce6cd968e1ccef88bdc13dc3
t2t_L10000_1866	a48b5414584a2aadaa6dc07f86753277049652125ae379bc182ac128763adeb1
t2t_L10000_1867	be3f841acf6e66dd71160238b5199ebb63eaffe74e746a46f5bb4e7bac117814
t2t_L10000_1868	66f913d0b5a92bb3b4fc485af83b092b47b33e365b1a132831a4777d0524a5fa
t2t_L10000_1869	e44ac90a4bf82495b04aaba44e7f42d9639acd5ccafdaa571d5a5292b6c5a39f
t2t_L10000_1870	e2032c1f3982117a99eb26c8be1f447cc52d081b04c887ba0827e9f311b84f00
t2t_L10000_1871	bf5452d8f1215de33906d2a4cdec351cd0fcc542f5d4828630932d58ea9fe358
t2t_L10000_1872	0bc5d734c55f60778ef26dc8bba1188b6f291d5ef5a4d75f771e07fed3053ae2
t2t_L10000_1873	40cfcfcbbb0dcf2e41e653fa417edf4722e4820bfdce521c6d96550aa995a52b
t2t_L10000_1874	0afbef1e30bb4981c1dd19b17409c1b1b669205118757420c0c8599de8d6c48a
t2t_L10000_1875	2b2256495493cf35eb29b87eb9aab0fccac06615b860bd848aa31782ade2e4d7
t2t_L10000_1876	68feb5801a931b5865fca652433eaaafa1d5b72f4adcf9eac81a67f3fe41676f
t2t_L10000_1877	7762b53d0a0faf4bdc9050bba757d0d41254cbefed213c776892962b831851d4
t2t_L10000_1878	8ed1191b3fb2f428ceb7130cd50b82455e80d2e9294d6c0eb4c9a18ab73fc7f4
t2t_L10000_1879	042b8e3454ac0a3817bfad346101b72de91660870a474ed9de33085a1b654056
t2t_L10000_1880	55cada22e194bc32eabe5411908eee8b9caa3d12bb9bb237023c31c076a9f485
t2t_L10000_1881	9895190b3acb1d68451ca985c0fd1cbf765162d075eaa8996f8d16529b4de2e9
t2t_L10000_1882	60f47a54af4dfe740820d5e8e96d3937233e605d11a9e3b34759667d9af70a27
t2t_L10000_1883	8f50348138abd131010a4720e72702b8b1fb522119c5193c8c810a96261bcf44
t2t_L10000_1884	b65c802ce2f78b3d0665e33950cf7352bdeaac04d9460c6ab109844c41f8d33c
t2t_L10000_1885	a8277f154058b20d40e63b9e7f2568005f12be295e10ec11035007c653c3d942
t2t_L10000_1886	5beda6f4b8bb9227e023fb9004844652d330994df4804abe32625112d2bdecd9
t2t_L10000_1887	c4ccd7e78d42741bae1d6edb1ab1f7e12adab4a48d48795261348e267159e8f7
t2t_L10000_1888	6f5157210cc94128beeefdc418b7dfa52bfa4447749dbacf432b18316493c683
t2t_L10000_1889	c7722e94b3e97d9d4f6fe739f1204b7c216765636941308c4cf2ca2237fca63e
t2t_L10000_1890	5609bcbb3f786de0337f39bc9e18d0340893223330b1cc77fed697b203d32277
t2t_L10000_1891	f476b556137560a765b1db512667f497da32f8944f5536e69336a853d594a2c3
t2t_L10000_1892	9f0031857569e9e20b39525e4ff305863a00f1bc8357ba96b18826e3731aada6
t2t_L10000_1893	a394a1a082333caa52e8a3b1f80b94e9b9823feaa41a78ecb3d3df469eafee36
t2t_L10000_1894	8fd29f10806420f8faf16193beb4429ffb08df029e8a141d95bf70fd94a4705d
t2t_L10000_1895	58f7cb0507e7c736efb7cf12b6219db96f1c24490c3214ba9ed294d991cf4438
t2t_L10000_1896	464b4a3f9d180722b1ea7e832d9bfc408e3ac6318434edce3578cde84f2529ce
t2t_L10000_1897	15f14a109485e22d922eb2e0b28feef1d70c6ceba21c9c03528344c8e82a44fb
t2t_L10000_1898	032054f0610b379e4f33fa454153a5fc7f5e89af9de61658e1523a45cbb5ac75
t2t_L10000_1899	444128d73fb978c437c5f4cee723ca934f406a13c4d9d8273b20e386b08c7af6
t2t_L10000_1900	592b9340236452520a530a5df9c215ae2d0da31e6223acdff046b4b9b4e0ab7b
t2t_L10000_1901	4f4b9185c3e9aa4189fc607a1ee62832d910e35bc8d223a2f064845e115155bd
t2t_L10000_1902	5d778a639e3612fe98a4d7c3efa72b63a2d90f6a45200ec177924689d61513e3
t2t_L10000_1903	be610f5efecd10e9a198b9527c314d78cdb4f4d4cda7c591f6da87a8a2bca193
t2t_L10000_1904	fb39c0bb573fb4f20570c49b4668a5d794c3b320b969398f353a9c6af99ec20c
t2t_L10000_1905	bd6cee6e68ce7f8ff19dd2421f39e62211bfbba455fb3dfac7fed9ccc1519e53
t2t_L10000_1906	9699245629e7a28a284c5a4804d2317c59d49985d31117c2ea9aea2ca6075f56
t2t_L10000_1907	9f6287150e6f3d6794a4b52fe12e152a02bdee33406314d9bb969abfb7ae9241
t2t_L10000_1908	4511213c36f8286a0953aadceacbcd47ba53fbb8e7e67467e7591a85a65c5618
t2t_L10000_1909	982e6ca9faf18dc4e01545b6c9f014948650dfcf70359bddbc6fd34b27955f24
t2t_L10000_1910	0c15b718cb6f4c04d6af102a8e1c90521385951701e8a1ce90f53ea57f496903
t2t_L10000_1911	a61539d0f10045b29b35e278d5c09b9ce5b4129784a516fb6c07ad2fb9ac9e21
t2t_L10000_1912	a7933096db6c73418896738a2168fa8c2e8d68f4fa5292fa52a9ce56fb254a89
t2t_L10000_1913	eb4ccbc6a58cf6795e5fcd2ba9e8a242bf2142fb5fdd8ec81307c8d164faf0d9
t2t_L10000_1914	c86b4c9b4ccea877678c263f473ed0b6fd8f93f7931974d2b01b74544c24167e
t2t_L10000_1915	a290b13999d8318e8969fbd3d8d222df24cc739ebea28f79581401fc75383792
t2t_L10000_1916	1e743742103d266f155f514caf1ecadfbdb2f814d3364184a4b292ec6b60e3dc
t2t_L10000_1917	6923a827e1aef66fc6729a077e6d0f8f78ab46818c2719feb375b63a8ed9bff4
t2t_L10000_1918	d4a593e0b9f4d62061bdc7aaa36603d783701705c1263920f2fa94bfe56dfbc0
t2t_L10000_1919	c954c87bd5edbf472f437d809b1dfd3a3e5dfb26d2cc10b849c7470036799d33
t2t_L10000_1920	e1edbe815662d48f18c5abc7f70b925d03af114da4c8b43d14e5130399ad86b7
t2t_L10000_1921	d32444ef42d619f2722c382323ff9b912cf24b0851ce210ee6c190611862c2a9
t2t_L10000_1922	e2a9ff0e5651bb52b2161258f00b1add195d413f5bf0fdd053070014c8601aeb
t2t_L10000_1923	da7a06a48a35101875d908adaad7830fc3e1c56291d8ce468756537e17abc218
t2t_L10000_1924	f6adfd9522aea8ba92a2fa194de5f5f46282361a0b7acebd5a669fafb8852f89
t2t_L10000_1925	2d2b7fe60ab8b7f20dac43511f782532f85590391a6e62e8f61a00b1b5026d15
t2t_L10000_1926	cb3d30b007601540b6231b86c4af6b81637813bb081de58524f754cd7688c66f
t2t_L10000_1927	836e4d351d5523f9aed037110c90df57747bd6d7824d9638fd257b2cbd861dd9
t2t_L10000_1928	18c506eb39cd9a83cab0b01e3d0b211ca547c0dee94eac5db7752cfa50cffe09
t2t_L10000_1929	17f2b84d0ba635145b08a59ec57073c7adf94c88ce1f8e746d588fbac79cafa1
t2t_L10000_1930	b475e94afdfa9b91bee78aa4a2ad5d0cfb4cbcdd4167c0edbb6b96e1cf9ea6d8
t2t_L10000_1931	d0d7185f62166bb6f969f3dd6d60c51fe7ba0032d5d5398796da29bbf2da3457
t2t_L10000_1932	921877be93ff5854543145afc2570f22d37af240b54f21711fc3b54469121429
t2t_L10000_1933	62ae1e5f2105a2314283c97fdeacd1d1643bf228a6d1fe6151f6a228a293d48c
t2t_L10000_1934	59e894ec4a88d0e9fc02c336c7d9d0fb814a44b0dec74768fc0ee9720950a368
t2t_L10000_1935	7765975ac2c0db7b94ce4a08ddaf8ca08319f5b63a4eb8982a22d8480a2bea35
t2t_L10000_1936	923f8f572bfc5126a93e625256cf1bb832b0f11f95715b24dd92d715fb2c6d92
t2t_L10000_1937	a52a8d4ebe228a119b90eb095ce9fe8816a951c4c2e11e74948d391b7221ef9e
t2t_L10000_1938	d69ba013048b1ab182ed106b1b252c7606679aba1cce97b7bd0b05ce56b59993
t2t_L10000_1939	8948a92eba9bebda58561c2a6cfbd29c11200088deaecb74b07d5f516d8e45ef
t2t_L10000_1940	8a8c5f378f23c971aa4fa8e9d98925d166a1de7f92c07a2efddf756acf72f357
t2t_L10000_1941	6fa6ab16ca83483cec3c03a19c99a1379f04c11d9d0f5c308f19b4397937eda1
t2t_L10000_1942	d15d62ee8da885d0dd1ed8c30d7d6c6e39e656c7465192942d4a00611f488ef2
t2t_L10000_1943	ded5f6c17a4bf54c8550d61e7b2ce63ce3cd642808c962a15837b34dc028342e
t2t_L10000_1944	bd04c30a516f6c1378a0796b825227a3eae3b8c6bfd9ef6c122eaa01da5ba311
t2t_L10000_1945	9a10fd603d6022493b72f101b7f9f9ac57feaad0a954ad29da28370190df3323
t2t_L10000_1946	09882ca08b907344a64ae11aa37993498a86e7e87cecca95c34ab290382bd6a4
t2t_L10000_1947	b3081b924d6bd0ada1d48f1cae8da1c7cf20cbe3e25788a32a28798d8e63bed8
t2t_L10000_1948	5284221e20d461e7577600acfefeac91dc8dcf08f480d5b49286b85aa03cf7ac
t2t_L10000_1949	794e838da95e8d3265ce7eeab2d31295cea744468f8b2a0c1c0d0b1c7ba3d419
t2t_L10000_1950	10cea0cd335c0b8f0e77231916eaa7ebeceef70550e0543bd9f3703fe4d612b0
t2t_L10000_1951	65ee924accea1f301af500c8d8714532295f79264fad5d238c7933611be44d6a
t2t_L10000_1952	ba74ca4142a0a86b1d773f840ac8f316958c498eaf16f423a5e5afdc93ee97c1
t2t_L10000_1953	3e45392748d95ab327115b3a7ccea1aa80c6f797e67a69a5375bb3131190c287
t2t_L10000_1954	7c14134eaff40a716c3141dfe593adf420ff9883d74c807298a9ca3e7ee36833
t2t_L10000_1955	fd839a9875e0c622aaab2b93f4c3b6031e43d9ef61f44378b6058e0139ca772e
t2t_L10000_1956	8756766a2a5a84c370b0c50cc7d7aee0f7c009e88022b1808d3b40250e5bfbfa
t2t_L10000_1957	27c9783d4601ac3b2b9f8f13fcca23f2708cc19bc44e4a1642fd548e866f0273
t2t_L10000_1958	f58c680ccac670580ef02c901444f3762e0fb3e81a372b8a07d8fd9dd8587c51
t2t_L10000_1959	087cdaa64e3961351c3f438cf16d2ec2f334f6f03a0f7a94736ad505f447ff49
t2t_L10000_1960	c7afc942567a82a3c94c1cadddcc93d68e7aaa5b3ce8cd7acd3f9e42ee15dd6b
t2t_L10000_1961	ee413dd4c157b02dfe097aec9f127021a30bc18df9202d2fa088960d296dee86
t2t_L10000_1962	957d87e5cbccbc6471a8221cba0a6dea3059dd035e151eb2cc0989daa8ab056e
t2t_L10000_1963	f1c167073c579d1ff0d48b70e415b1a82d1b69d9dd8a8a0b0755766f5ba3541b
t2t_L10000_1964	c066594909e6396b909e68eb19f7c45394e79384fe570a9f95e309b9a58776ef
t2t_L10000_1965	cc64caa535aad8e38831b05a7920b0e8ad62fb25850e3295d3e56d9fb54c6fe6
t2t_L10000_1966	c38e7a76b0f2de0bccec9ee0e2f737c31e9d8eadc7dcce2a65ae1e3d2b5da8b1
t2t_L10000_1967	f6b6364bb7adbd04a27fc15bf3e512710cf34cf1d0c44449e60f9962a4c02369
t2t_L10000_1968	3319d0dff0e4f2a9705a5b91c325d7292afb1b90755e68c2e1d36726a2e294da
t2t_L10000_1969	57f5943cd630c2952f4eabb25dc97afe740b10f3a758357d6a84027d32d02c64
t2t_L10000_1970	43dabd7880d8c066838f8c6a0dc0385103924ab79603976f0f875431873ec7ea
t2t_L10000_1971	810ca124f5b9bfaad2ef79b6d7ff4f25a3b27dd089fc9589bb3c2d9d710aeae9
t2t_L10000_1972	a6317d6a7615ac45b0e5045b3e97b98a54066843764a27f78536be83eb73a607
t2t_L10000_1973	3f19381baa7b64d60298a29836269ac92aa143ddbad74b0c977e48d01514e8c5
t2t_L10000_1974	5a374da3c8bb5100a354136c56bc16b4602e57395637a318d30136f8674b8af7
t2t_L10000_1975	0edbf602923790673f00da245a9d7fe00224d9856038ba3c3bac674ffd533837
t2t_L10000_1976	5a98ad839086ebbdae9c096f04f4870255b58eab30a137a9ecb985387f9c9c42
t2t_L10000_1977	3243d6cca79200b1af7985230425ad3bef092b3ed2f0fa4f0585f8e6807853f4
t2t_L10000_1978	10b3c1233676aa579d949ed51038bd74fae51ef8450cee6912c8a965b46c5cb2
t2t_L10000_1979	fc1dbceca049f5a9793eb0549c5154ec7f46a3e88ef31ae25304bc5cfe9037a2
t2t_L10000_1980	8f02f95bb136b7f02a8888a1cee2c3b9d49eabe80271bd618d12fb3d57b71ca6
t2t_L10000_1981	f4003637749d8994025ebda99af72001913ca7ee927bc71be78fe0fec97e7164
t2t_L10000_1982	8f6f0297d51e926b7bc8505c9b22baf4f73cafe607e5f25388de9c95b1c12114
t2t_L10000_1983	f6b9b9767be438ea9083cfd2cc5e748ff7ab0161a384953e9b34ea699a28ff64
t2t_L10000_1984	35a9727df95979ec497093411aef87dca08c9d264229c668e2d3f28cba3b316f
t2t_L10000_1985	7de6589bdcf7be0ac7f91c82218a77dea7b27d71b752ec0ee8ad210dbaef7396
t2t_L10000_1986	24865a88f81900fc8e19109c106fec61708743c0d2124c3bfa484ddd01f3efd8
t2t_L10000_1987	20649c7ccb44f577ab9d5496b2cdd82e53bb1ecd86ce45c54223981ea9297723
t2t_L10000_1988	ee0a0ec471f0aab006a949e977f2078289504c1037e8ddaea206019d6ceb626e
t2t_L10000_1989	a4b99dc60ebaefc692212189006afa03a343204a69f7c5a15e18c5e1ed87eefa
t2t_L10000_1990	52451a024c21bc3313b327a1679f9b6e528d65f1b65034c1f225b16554674aeb
t2t_L10000_1991	591c516c789ed9ec977271854327a36638aa7bc07e203dd521102fb833e9c466
t2t_L10000_1992	4a86d51397f4558312a4d7905875648edca8669361c59e2e72e138c4f7af182a
t2t_L10000_1993	4151a507fe1578f84fc81fceee9698853ee7eeae335e3e5d147791729a0655f7
t2t_L10000_1994	103dec19e218a425632d7fe03d066f0225dfd1bd6753517c414c00263e4f68a8
t2t_L10000_1995	c522ec4082288a3c33c482e11b4cf87f92efd4d509add2b2b2e67091675b2711
t2t_L10000_1996	f47cf3420a440451961b14dc9f039d1ba260d43d277125d992bf02a13ab47aea
t2t_L10000_1997	ba79c206e9c74466cedc21c8f769e2e2daf380b21cf16ac7c61ae471ea34456e
t2t_L10000_1998	3816397700f244e25bf9196e87c6a8e6e6a39524ca8ca2c8a57e48765c0800c8
t2t_L10000_1999	8721a65b5cd4b1dce03b9f925b9e2bc180234afddbcb7e57d7d11efa06548873
t2t_L10000_2000	50f4c27f71b4fe3bb06f9f415363d7d0b46776b87934e94658b971a5a16c43d0
t2t_L10000_2001	8c3fedcdd7d6e4d055e0351165ef3adb69c3aadc61c7861a9ebbd87f9ae13205
t2t_L10000_2002	db94510de75c5568e6e766e11f24adba7ef08c424c36de1a6721a470163f840b
t2t_L10000_2003	bc8035d60314bfef892b8638ba6abc6a432a4c90a6641dc80109920f851675c0
t2t_L10000_2004	3b9d87e3832053c4ef0e9cf0cc57dc74b189e760733433f6ead4e422a9a1a7e9
t2t_L10000_2005	a922092800d9968bb9c713268ae0a91e62eb80a33e091a5f827935014367ebcf
t2t_L10000_2006	10b8cfe655ac3dfdcce2f205ce22fc58b0f1ba3e76becce861cbe6c7d4fe5faf
t2t_L10000_2007	24bd6c2d626b0ba4039a90523ebadef601cd2e65f8710db80fabb503ad92425e
t2t_L10000_2008	2fccfa0fea0b76e616ac8fbd80f5608b45cd36404ace1b980c772f84be7faf14
t2t_L10000_2009	64d4f5d904b2bfc3700d43018c4c3bfd6b34738dc79474282aced66cda3a8481
t2t_L10000_2010	2fc31478d08a95f5057e46f9e990d2e06c1134ae2600e6d827983d40e96faeae
t2t_L10000_2011	030ef9af53e605b6d1517f4e53516d8f543642fa4e1073d727ab11394b79eeb2
t2t_L10000_2012	5ecc4fcb069d6210ee090e2ff6d4685d537e255fc263f1640a0b85d0d73d0261
t2t_L10000_2013	38412a39a5e64210b5579b51d3f9e17ddf81374bb396181ffbce039e11b958a6
t2t_L10000_2014	2fd468f3a52e74838e69654ba8fe94aa2ccbd4898c8148cc1dfd7a2ad6938e51
t2t_L10000_2015	0c569d63acb98bc65d107a07a82eb82e18bb3c9c86b4b1d5d20c9607f2bfc90d
t2t_L10000_2016	92acf4c66c3ac859bec6d147e65c34b5ba7830703d3ee1932f0ad2aa126c606f
t2t_L10000_2017	ebcfec09dc708d807802155210a00aa7e66af26e8e5f31c0b472a98150dba67d
t2t_L10000_2018	8d7c0f4d64b757e2576473c6dfeba6d2ea7990636abcfa372d64922d8b6f264f
t2t_L10000_2019	543c258b02793b80e2ee55fbbea7d133edb9fff8f50f762bd6937e034cccc206
t2t_L10000_2020	12739ea0e009bbbf56acbfbbbd0487a0f11e7db226f97c30ebf3b6048bc19ceb
t2t_L10000_2021	5c61ec8aa7fabd2fc7662bc0bcdccc4afe159983170909004facf206a205c8a6
t2t_L10000_2022	ea638ad3d362784652a974a9a40a53fea06045c59a02faeb46957907165e6a6b
t2t_L10000_2023	618524c45a491c962aa1b0b46786895042af445b31b841dddb460255d0a30a0e
t2t_L10000_2024	5e0458935a693500fb8ec988ab512429c1a4a5a4636263cd25b6478eb5189b02
t2t_L10000_2025	71a88c39320372c5cebdef24b9f9baf95d762da02b464835320c568823734ae4
t2t_L10000_2026	b4d70908f04c58eb08ef615aae7359d52f0f81434bbbac928f210b916ca193f8
t2t_L10000_2027	4e869642e1e0671dba2e0b76277a4385454f4bd8c393a7f43ef3c40660ea7fa9
t2t_L10000_2028	150d6721ae0155d685fd5b6ffcbe5eef44c2c6a37a1e31fa403110f45967a961
t2t_L10000_2029	cc12fa978eab1605ac5704976aa16790ddb065190cc9531347365fc6f9b2ea17
t2t_L10000_2030	9771934732152f40b6a005f0a536fc2ed92f0ecb285b89adad5da133309a68fb
t2t_L10000_2031	7d38d74bff24aaa5c016f8e798b4d91957a9c0e67fbea21430a1644f4f9b8fee
t2t_L10000_2032	ae8db8dff2f9b3b52a5d31d7d0c83cdf6631ecf7163767ed96c197aa7d7c0c69
t2t_L10000_2033	cbff3e623eb59371ff7fc137ef592691e347387aeb409aeadb6b0348950eba69
t2t_L10000_2034	341ac4792db6020addf343239c5fc94d02ac179dd072058f1713b928fd75ce91
t2t_L10000_2035	8dad706c09f66bed13c9f151eaf47772e30fbd2b1927575732b91fa158e4f92f
t2t_L10000_2036	fbf6c5219146c394bf66e1d28de366d96d7cef07e6f0b1186363b54f66d58bc5
t2t_L10000_2037	2cd247303364e2901ca977d056dede9ad7568fd0907de66c7d34b4febe7611fa
t2t_L10000_2038	440f70ece8ab54fb045eb7096de3e94015dda21133f51181eca12f5f8605ad89
t2t_L10000_2039	6a73a7698207dbea40743020f6cc3e9e1fca4307ea031316f8e6ae0bd25767ab
t2t_L10000_2040	d8c0ea82f257d801380b561cf27efbd14f552bd572b768cae7f026bdd933ef1d
t2t_L10000_2041	ac89cc44fab9170bf09d1f653c17107b4a51f62aee9cacff238528fb89212dde
t2t_L10000_2042	ec500592639111ea013a5044996373502268fa94703a9b7daecdbd045230afcb
t2t_L10000_2043	7415894bc5b06b84721a23e28addd72cfb42effb9b02a90dba4eef09c23a3926
t2t_L10000_2044	3ab6dd474e73314d7317ef88f0b73a6907581dd9860bef665889bb21b8c25288
t2t_L10000_2045	9a41d7c97ec16a49f1c494b500e3adada1e0e01bdbc51cf6c7c7d17dbe1e9a5a
t2t_L10000_2046	4559d1f9f27714775e173137ce4a2c41fbcbc2055635b4023251643cee2aac05
t2t_L10000_2047	bd4486348a2ef8a4f329ea454368499c40c44d5f69f82d2ee5d4f91f17d26bef
t2t_L10000_2048	c60f4e1d75bbc7ac093c26f2e6517149672a60c85d83942abd7417952c52bf70
t2t_L10000_2049	3afa101897041f47d3479cc932d8dd7dd2b4a2d4405a8c914096d8f00236c3da
t2t_L10000_2050	398b3fbcf66049a70033ba8b09debeef297383751ac8fd5dfe86191521afe506
t2t_L10000_2051	dbedbce978744f012fc1579e3cdcb65127a0e109b8085624e3a82c287269b09e
t2t_L10000_2052	7db6fc42a7111238463321014c6480544ae3c201ec3a01504b5606b4773a07b9
t2t_L10000_2053	d751e84563f2fc308f6926b90221652a9535910c556471da158417a30366ecad
t2t_L10000_2054	2304b7a920999d05e7b9a26060dc4a298366444b573e337ce30b4b22defbce98
t2t_L10000_2055	3a352efc435845f5a511926d60c0365bad37d471a030324936b5dacf21b594f7
t2t_L10000_2056	de5c7c24c5b0086dedb40471410f3698dc1cbdc0031b74b9351aa7ed26c0d064
t2t_L10000_2057	2106a648469c0b94d70f9a68cd47e75e730670d7a8d602558b4d86366ec22013
t2t_L10000_2058	f37379858c30f0e8a995dbcddfcc25e1c2d34da13a448d75d68e2c93ee0f6ea5
t2t_L10000_2059	3d04fa60c45d5f63d40f7bf63503510ad14466dc93cf2f0fbde0e34c1d8ea057
t2t_L10000_2060	d5063a545fbcad38b9f2094e3d2dca0b0fb06dafadd573cf162ba35fbc0ab934
t2t_L10000_2061	f02de5156418930697a51be7c109ab11023446ea9509d0923c43e20f53caf8b1
t2t_L10000_2062	d2b5d5cb6e9525e1006bf54b8c662345d9132e548d3b3b137b818eee6bb56e27
t2t_L10000_2063	0e6dd7265d269c95ccf3375f8ff858ef5286406e348bc755ae0448a07fde50d4
t2t_L10000_2064	19c1df49f2f60093699aaeaba99a5359a064cc3108673206ba9b3a604620ed36
t2t_L10000_2065	f9946e50611a6a226c0b1377d71d8472fd217673b47de5f38479c0346f176ee7
t2t_L10000_2066	4e6cc06c1464233c277719ff6cfcef5112ce860d941024e4ed5efaa9cdc27831
t2t_L10000_2067	bd25ad0a0055f5e16e1a9d21ead090f8dabedab962ea4530ecd3b4332b862ec6
t2t_L10000_2068	aed53ed86d4bd39fddc062809bbf51ff3c721b969805d9bc9aa9e2c6eedafc44
t2t_L10000_2069	90d2d4cc07fa0dda3e02a4efaf32a221071d7975ef17b32647362c5d307bae0d
t2t_L10000_2070	a7dfbf6d7d668e561f3472fef404ae225e1b06a3e24383c860f7cbf569be9215
t2t_L10000_2071	c58ef5679d684ac6e970e427c8013331a33446bf091e7a5d89f09a87c35d7967
t2t_L10000_2072	9db6818d7649bfff87f9d1614bfaaa58f11f9946bcc83b2d3065e6032c0a62ee
t2t_L10000_2073	0271fb94cbef7015b71178d0ce15c16f51ba031f35fd9c179758b5c57bdddd44
t2t_L10000_2074	914e00253288d8afb593b2aea70cc2222814dce5b65b6a5857b98c8d2c299b3a
t2t_L10000_2075	0ced8b0ca7e220b7b8996f0ad09e79cd886cae4fd5d4de4f473b4c669253aa83
t2t_L10000_2076	ea227b39c0b4bcc876ad1577785a11c735105e3ca117847211898d38afde5418
t2t_L10000_2077	2479eb21202cddb4507088e1bf554bb18ea4521254e53a90e16c31b39d44b3e2
t2t_L10000_2078	2f2476b93308e1ace7e732e0013c4b0594c58974f76b9a5ea5a11df7e0d20eaa
t2t_L10000_2079	8d12f039c066a3c333a246f35cb099321838f14dfd7569f0d239f8c6bcfd4b98
t2t_L10000_2080	a136532eebd2763c7b5b75c208744e50ceee7539c7d907c290dbaeeeafa3bccd
t2t_L10000_2081	dbf7bfb8f0bca7b1fcbc6ce7c112bf0dbc9e19d27880c0647c30c89e38281e27
t2t_L10000_2082	2a7d4366fd0ed5804609d26c435fc0670a0c652b827ab739de2702d8318c3af5
t2t_L10000_2083	8a249a41f957f5bd82b7406a3ea6e31a76ba496437fa17350a7d9a73550c4dd7
t2t_L10000_2084	c933776fb08cd3c29d4f94cbf9480b619eab21fcbe3a470e7e81730004af4e46
t2t_L10000_2085	7feb7505f85df499c3a6e166c3a1f8dd609f5fc904ff0c27c9b80fbcaeb5be5a
t2t_L10000_2086	4641a25261de126f13aeb481c9b4e569aad6f2791d83ef28d721ca6c424ec170
t2t_L10000_2087	447395d7d199d888634e3d524e618477a17af05eea2d5349f5aa21c75c168a42
t2t_L10000_2088	997665d6114a015397dbc4d0b78be5e058387cd03f46cce6d7501adefd0cc5b1
t2t_L10000_2089	1929c64e3c6f645c97a7f720f0532d628287c0b1dff03fb794a35f6c36d50363
t2t_L10000_2090	fc0c4ebcefd5597a39957be3c8ea88dc9960444ad1f77d5fdb29aac3e9c4ab59
t2t_L10000_2091	09699e491133bdcc10fd891f3955f4e124e177c2b498804defa53509d42d1eb1
t2t_L10000_2092	f054f3e773c35051fbefeb09ebaab0167ac81a7965a77ad956f69bb983728267
t2t_L10000_2093	a26f3acf73ce12906942068963127f8d2426f065342e5761de775aa2cae31c1f
t2t_L10000_2094	0a2a12e9e2bf453ca6c5de3091b6379c29861430a710f97f9ba35ab010bc2f17
t2t_L10000_2095	5e55dc33980be5390b8dbb1f3697f037d7cfaa554a83ca870646c69b0332cfd2
t2t_L10000_2096	1254fdc41bd0f4d67a45f714db07a6354df4d61302c504b39a89a57cff7ceb9a
t2t_L10000_2097	1b549073724865c932f099b454edf3415eb4c57612fb0192cb9ca9727220bd26
t2t_L10000_2098	0975150b6f34d7e900555225ee8d9006d7fc5432e424e9ab2ab7ea3baf08c108
t2t_L10000_2099	c47e4a06980da18416f50adb67a62a0fdd09759193a7d888c7331c0477408c34
t2t_L10000_2100	5afbd96b55d4c6433c47632fa33db0fdc9aba7243002eb5476226505acca1e7f
t2t_L10000_2101	51d397cee19a5de50cda7b77eef0eb27098fc05e77a8afa36407e5d80f9dc8d9
t2t_L10000_2102	95c0d63559703e733ff3edb60ded7e4c6e1e878707e3ec9c5b8a3ea67997658c
t2t_L10000_2103	9d60bfb745f44c94d50dd0afc0db7a2cd2b373fb46b230b3b58e581ae4bc4bb0
t2t_L10000_2104	809d0a2f4846c48e921dc2212f65e8a7849fa31fed50ac883b9c90ba9c2c662d
t2t_L10000_2105	173086d6cb08125d49b96ef310e2f3caa32cf492644c74025c8030703c70a7bc
t2t_L10000_2106	17762c8377fdd99e840c4a1cde59e159b4b8ea6ee164d3796c965406d2d43488
t2t_L10000_2107	526d8446bde9bd92334ea9939721fab1add6be76edf0fd34e8322cbaf966e876
t2t_L10000_2108	86d0cd46243b1a0b6eb702f1c1d2f70bf99d1487609414d217cfc400a4b5755b
t2t_L10000_2109	de75701626a04e43fa087103f7e9543ab5c2c8a0f56b66f365e7e7801ea9900d
t2t_L10000_2110	ab68a3779530edefa72f8cf7555fe69d035b06180501958ac9c378c2e69d7cec
t2t_L10000_2111	724c51c192d983bad44946d1ce0187167cd31e83c08aea6708a46f55ee75573d
t2t_L10000_2112	b3a725ced87ef92fff38a22547dbba53217d56a108916466a5ef14c689271527
t2t_L10000_2113	67b9b8d3573674e029323d51f09925c7eab026c4031575227404e4cdf9933681
t2t_L10000_2114	97c358f4a28235b7edbd4c26b1b5a54eb2f644aeb384eb5c96e3e297fd957f52
t2t_L10000_2115	daf8825650b16c4ede4529f904a6866d9c0ef2c8a542d4f57d48e0197c3c6bc7
t2t_L10000_2116	5e5c3c40a73ebddd2f0c85e038de1457830ed8e4e6a40314fabcd528e675bcd8
t2t_L10000_2117	cd635c26eff48378da8feb72f2f8980694ba64290d81543785f63f5905be6b79
t2t_L10000_2118	839905baf3bb6919d9b85b2f773d0552c152f2600e6329f29f06edd06f269884
t2t_L10000_2119	6b3713c77c520bb7b0c22f94a473cf6bdef0b1a06752dcefbf62f9e19820b8d0
t2t_L10000_2120	5ebc42e4f3951f2dc728b033f99b35257bc66938711ffa13efe1b44e639929d2
t2t_L10000_2121	22d0fff15d6f007afa645f7da8ebd3ea9e79da8f12938a20874cd806972a8a8b
t2t_L10000_2122	2a04e2a2e43e434c849ff00fc26eaeec77cc40ee4c97c0a7d65d38a07291986f
t2t_L10000_2123	d221f2287f81471e5bb1ff027173d9066653377cd530cba6672c119bb84ba4c9
t2t_L10000_2124	c6fa242ff65e3f303f28e861ec1728ed04345ccd50bff47a841c1d22ff77b20f
t2t_L10000_2125	a882f435004d0ec5d161c04df11030ab6bfb654d83f24cb31f7eb8da01e89cfe
t2t_L10000_2126	322685d55086de91c391b18adc1b3f6c40f5fa3fb1e008bae7062686964e0072
t2t_L10000_2127	6f553564ef9f7eb13f2c0206620fa75f7d62526b79f8cc5793e47c7dcb66c642
t2t_L10000_2128	e86386f5a7a89e9e4c4ca2d3dba8ea751bb566262c97c445a9911e9d6cf6aa23
t2t_L10000_2129	bf362aacad62fd3a59140ba27085125967ec21742ce27f73f8fd146919639beb
t2t_L10000_2130	fa0bd9e7ba21492d88c271c6a15356798f62b907b0000e8e2046598a9c81a452
t2t_L10000_2131	991deec5d89ce46edb5ed880556edcd7759f8d2355f9863b6116b369ffc86dca
t2t_L10000_2132	a29002482b3032ccef474ab571151275c0c7e87c61ace58d512a3322b01c6d7b
t2t_L10000_2133	43f22bbfc5deb50257996c948ee3663109f8afdc9710b739376b04c68e80808f
t2t_L10000_2134	9511da98e8ef7619d3de1dbaf98fb968efc3133464964f31eff5b55f840282a7
t2t_L10000_2135	71683cdad56a404e26191a765b57bfbb3ae693fca09dfb2700df1bb5869b0f32
t2t_L10000_2136	435c143767805fe9ab45f62d86bf962d47ccd9290dfc00efcd36429e191c31da
t2t_L10000_2137	ea9e604874fcb3cf1baebc9b49f01ba3070a9d632a1882268e8b0e0b7373e338
t2t_L10000_2138	1e93dae9c8a72e857a2fcb5f7ea6144daa1b1760fdabbbfc2430e868dcf1069f
t2t_L10000_2139	9ce2f4eb5b0602fe262e40de3e21a5400b2b69e5f8d61e6b91ff103d0f0f3a29
t2t_L10000_2140	dfab3aefab7637781beb005f0147150225998e2daf70ee2dabdde2da6c2e4c46
t2t_L10000_2141	91a2d2b5d2f60c6e9b2e2f6d0c106d89b7e709fad535341bd13dfd13d710651a
t2t_L10000_2142	91ee51e24ca7d137099d5b5fed5076ffbce031cd7b3c365a620b5b82bd625b89
t2t_L10000_2143	3453c6cd7418f3e2dfa509a4a8e4da520bb89228a11193cfb40604b8b0f72764
t2t_L10000_2144	48c9c2332cef13093a4cdfc6fa6419fd5f663ba8b49e3993ade307d8d9fb1e63
t2t_L10000_2145	435d20ff9d2d2114e64185056ea8ed50061e061752c81db4d5bbad363063825e
t2t_L10000_2146	86f1330cdc95ac25b2e48bcc74bb3025da6bcf0f68f2d5809d84c91a7e19aa4d
t2t_L10000_2147	7fd62b5225df5a6aa4e9e30a8959db97196a53ce8af2886ef331633f9e69378a
t2t_L10000_2148	1e918b0e98d8f169ca9e641fe48e7b7369d1387740ece1f1fc5aebf15029609a
t2t_L10000_2149	a5ccc569f52875d1eb97edae7cd843200a5cd8e1143110010d10b6fbb5a4be5f
t2t_L10000_2150	f5cabd28f9daf1135e58fe649ee303c20c13cf7bbe34512c1c5ba0900b65411b
t2t_L10000_2151	1dbe92b9dbe540bfe361224dcd11d634df821fb2f20717b93f361ebb2ce7f8b3
t2t_L10000_2152	2775850f3b21bf93be5cae5b50a15aa2c52b2d43d7b235b32c9f7e659017d018
t2t_L10000_2153	189d816ffeb0480b1ef30d3aba656bfafd12f6134700339e19c3595bfc4d56e7
t2t_L10000_2154	20741acc70ab3b2259b08410f56589480d43ab5fe87a8d072b1f49204bbec809
t2t_L10000_2155	3928c527377359381cc25a5b451e0a4351f9634bd9bf186c4eface2e4e2bc1e3
t2t_L10000_2156	f21bb0b98e4923b0e27bfaed50d7ce925f50b2331dc9161644fb3e009db81933
t2t_L10000_2157	05ce55fa6552100cc3e85c33938aebcd6ca81d3631db389215f53f154d7ea696
t2t_L10000_2158	0315e76c56aaa2cc599ff2fbc5d6991bee18fb1cba057f4b46b3778cbd85f961
t2t_L10000_2159	67f0c6eb8648d07ee661206a55b8c61c41a50376595b0d03b23bb449178d1fce
t2t_L10000_2160	aabd0669f9fe3cebb0e7a2dc0b2538f5d4ec72a255eadf95cd2705f7d6089c11
t2t_L10000_2161	14ab9c62d80379f182cb0a7ae17996f5d4f4290e7f73b43e6ddaa2581ec338c6
t2t_L10000_2162	ace5b4d893b949ca15d3f4ffef74544f30d49d83bebc7e70d0c33b796f92cbc7
t2t_L10000_2163	718bee8bf8ed0e3149258eea072afb96baf3c044a6214b27efd7cd2e66ecdbe1
t2t_L10000_2164	484da8eafdc800bf88627a8557fb13329f43538556a741cc29e1e4776398934d
t2t_L10000_2165	2d25478cd621e25aefd79aa3b2e34c55ef74def7cb4b0bb556446a70b7e6e2cd
t2t_L10000_2166	d1ec84a56da2503e962b37e11d1eef0d0e999df06188133f08d376d06393ef92
t2t_L10000_2167	83b5e67ff405acc86ae53ca0ee5b593398f7d581c3e0443ab9f02c604b0ed28a
t2t_L10000_2168	3717a2b9e89687c6707cc00c1dea90fce0d2dae26240ee8f277e70f26bbf2e05
t2t_L10000_2169	a007e26a45fc466ac15c9891d6707a0031df7c35da5e8374ec4eb9c25dafed9a
t2t_L10000_2170	ed778ddd749f752482d9fd52659c2531d712eac3c2fc03a93e63c0fcb04a5043
t2t_L10000_2171	7fa39eb5a68be57779e0138d02ba936ae5aed3ebda3b1f4dbcaadd5c301ca594
t2t_L10000_2172	749e940a94a2a27d417568d23e3e9bd21736819d8fd0c4293395d134f9d2c4a5
t2t_L10000_2173	55c297b67909fa3292a364ba88abe55ad159a195d84a0544d2588f943a85f3be
t2t_L10000_2174	3f43ee133f82a21a8b5b8989b56122f3f8c9dbe04cd15e9c5e3009f476954061
t2t_L10000_2175	2454e6ab8ea94703217427407c65f8775a03644c231ea342aca7092785aa881f
t2t_L10000_2176	649211fbb6548938d032a223d552a644c268fd8f92fc0c0bd6d964c940685842
t2t_L10000_2177	8f53abc3ba54cc85751b876c0507e4a52ea9faf04254a4cbac2663ef91c1f342
t2t_L10000_2178	01d81982f2cbd9ac0e1d1f3582c7e84e68051bc0ae5710b50df5f9e790e54c53
t2t_L10000_2179	4c90755a385e2689e4cf668ceae8e6573b1cded346181a58852c098b5d59a9ea
t2t_L10000_2180	a0dcbe51741b5291aeaa841abfa27a1f2864621301765df4fd990a77b53694ae
t2t_L10000_2181	4e3aa754e00340fc15958aee83efc35d990af8233624534e2ba2b7cc4951643c
t2t_L10000_2182	ee0a2823acea5ad39936d24c94997d4c7e4f82544d275569cc3246e735a31cbd
t2t_L10000_2183	e9b6f444456134008c8990fa22d2f687e4c509dae98c271fc996263b111c534d
t2t_L10000_2184	c92ccb31d784821e309e5fabdceb9e0d1f97150cb26a442d23deb5c76af15c09
t2t_L10000_2185	b0c3a6ce5d8ff5e29d0d633d44a7d363a1a681e6cb72881c76a1dc82ee155ed5
t2t_L10000_2186	a176b0a0e93b6472bef6ff4ce9f1f73fc6486376e01561461953b57b56f3bd36
t2t_L10000_2187	13361f4dbd3615537581cbd64597dca53e5557733d5573b1dabb72687d03dd58
t2t_L10000_2188	9f8827a30881070e53143fa428afcf82770f4685b9b517893834a1a52f4b9865
t2t_L10000_2189	892d2e27dce033b949dc66d4d3fa3489e70c3371362122ba6c7da7b2efd3128d
t2t_L10000_2190	2db99cf84f97ede164eba786f9a9551ef72f6982eb1d52c894fa9dfa6632f355
t2t_L10000_2191	049a15767a8616d778507a1bf523b576d45b2c3e2dcb3b1fc8708ec2b6f6df5a
t2t_L10000_2192	8936a4b98700ba0fe804dfe0eb2f9bf215a71c768bbd9734d159f609bd501060
t2t_L10000_2193	b505e496a26861328bb4398b116e61a2124a8286d7c867ccf42adc406a52f466
t2t_L10000_2194	3469b6642bd15eeb359a9bf267cd9a37eb4bab61b40573cdddd8eea22b9d3fc6
t2t_L10000_2195	1cc12ae8362657bf17a53aafd3f51f98a96a8dbda542ddf74e625f0b0ccdb632
t2t_L10000_2196	171f6c21cddd2bab1127529f11f8af93a08b66d9cbcf736171c8ad541db88cf2
t2t_L10000_2197	0fad255066ffb1392308d3d495890936bd08a8f1fe2f2367a2feabb755bbd18a
t2t_L10000_2198	f4a6fa2434c44aa3f11300332d09331da1a2c7325ba34347b2a6cad8ad4998ab
t2t_L10000_2199	4ef90ad4ffab75b54228c5be697bf6c98bbf87cefbb43ad7780614e3816e12b3
t2t_L10000_2200	7bfbce8bc3e1244fe796deea4cd963b5d8a9ca5648261a0f4d57bc661db514e4
t2t_L10000_2201	fe7bb2ace6b1b353491e764fdd51f5fd545ad6b4f1d8f336bdcad40e0eae8d2a
t2t_L10000_2202	4a0a915f735b08cf08d0549e7c0c3f64e777768c09372b9f38bbe416a9b32731
t2t_L10000_2203	ae28df1b38b57e94e23c6a6320383db2d6f9cf7f34da815cc9912d3a0f81c769
t2t_L10000_2204	bda316dd24071c529d93954cc97f5ff87fc1ee13dd57104706ce412bff0ba704
t2t_L10000_2205	b97d4d5a7f1efe7595bb7386e5cfc13f0b6f8d709fc274847e2697e95af52c1a
t2t_L10000_2206	7cb421c5077c98cfb112d02bd6a5f146073524b301ff91db1f039aa5d551dd7a
t2t_L10000_2207	653af30752b7976aab0dca5363095751968da8588cb611c68c505209faf8c805
t2t_L10000_2208	bcea087995555ed2960e347a13abd387a8cf92042adf92617558feefa48b7f43
t2t_L10000_2209	12ba4c9c40ddb670d3c5e603cd3acd0fa65563df5b52cdc35c306ccb329d8f40
t2t_L10000_2210	7ca4ae8b87075a14fe2586de27efa0fee238ac4efb3c0bdfc38b60ab72da10b3
t2t_L10000_2211	fdb39f44c403fc4abbdce650340123e00d799de458d1fddb18eb993e792f07b7
t2t_L10000_2212	5d340d2faf9c29af4205aef02ca7bff401cb7b4fefc1cf70abeb0933f87311dc
t2t_L10000_2213	fa473b7ec67cefacff34c1d0ae240ee93dc2b7ef6540af7d07fbe61b070c5905
t2t_L10000_2214	ae0aac1ae2c326fedcccb93de50f8d62183d49b0902ddc68b116abf7c857abdb
t2t_L10000_2215	2b80dce077b851a072e0d2b210271f87a99d0e43f007496d43ce2a68d18317bb
t2t_L10000_2216	43155f89005d2bcde2c685d6dfd50f22b44f3b6b37a1275c662503bfcbd04e55
t2t_L10000_2217	bc61c9cf073173e98f7db381d78620461c2f5e16346b26d29c9bbc49cc2431f7
t2t_L10000_2218	4ccb533b51f80dda81541d597f082c18660d14e2a156695e2e436b4bb6d0b1fa
t2t_L10000_2219	916b652ed507239eff6e48dbd5e989906c797cadad97d8f30b026fd8e717414e
t2t_L10000_2220	bfb8d5ab52690298ea950597b79cd84e9cca522e1373d088217b82fd6613c1e6
t2t_L10000_2221	89bff6115b4ba5225643c4598222cc0fa5fa2d005ddd120affb2c83a56ff9fad
t2t_L10000_2222	0ec0e046a55e0cca65c550aaf10a760d697c7fe45e42ae3fa8d30121d81067fa
t2t_L10000_2223	e28f52a3179d0f119baecea4e9c497c7d18bc14a3af78dbcd773c9acecf937ac
t2t_L10000_2224	02051068305008e705053c1ef74cab7900d24edc9f01e2f0c80646953a3b616c
t2t_L10000_2225	7ea175b1ddbbed4bdb787f6b1ae460678e73ff30efad39380c398e913beb29b9
t2t_L10000_2226	bb21520d7110ac96bb57f96fdafc015da33addab59eb2961bc8ae774908c9a99
t2t_L10000_2227	1257a2782fcf2fa1fa91938b58495c573ec381a3f9ea8192fcd33583547fe726
t2t_L10000_2228	dcb7d6445361d4b4f99d441b80193fc779e6db0a9c20b317db2fccac1528f007
t2t_L10000_2229	fcdf60583bda492009807dfcd0a14408b3e610a47335b6a5dd1dcabbdfea9be8
t2t_L10000_2230	9c387374a0281e686a35fead25f9538a4f7147732fcc0130bb0bd67bfecdc1f7
t2t_L10000_2231	94492bdb567534f210f954ea3edfdb8677a8e54504d7077583c027b783440bb6
t2t_L10000_2232	d8c4f31cd5746cd608a3f27393ee82e3b92dad64a2237f28e083b9e7e1340278
t2t_L10000_2233	a7e492587e708ec750ab520c1aa1040f8e9b45c0e8f808f488e48143e3f1322e
t2t_L10000_2234	937250a1039f344be5362a5e18c2ec7aefbd57e6492759248d46ed72e9d9e04c
t2t_L10000_2235	49875e684eece2cb1a41857cadab5d730305786729301ce967da9450f6fe5fe4
t2t_L10000_2236	06b8d3d93a6a39e84974969cd0480fc5ae11b546cabee0ffa51d4da07f18219e
t2t_L10000_2237	36af78bf496abf0dc03ca38b7c43a931aabc4d1459dcb9f66e16682322d78d20
t2t_L10000_2238	6e86edd778ffd9e83a9bd56d8c8b845cb06144405020b31f84aa2e82c16387db
t2t_L10000_2239	2a623a2a62be76236f818bc3bdcc41f6eb3f13bf16b3047a2d71df924c711b78
t2t_L10000_2240	76a6d25b3410aa277ad5eb9de9d0738783258164a6e1a5633db37d2399996b48
t2t_L10000_2241	468b3136f1307663d0d0eecca14c91821a0ec60b2c015e455dfcf264fcddfd70
t2t_L10000_2242	d08cdf0b9b3841c36670b1010ed793517db7d37d9534a843f8c028c6fed4c9d9
t2t_L10000_2243	a4dab1817998b11ad220c579965fc7db6779fe3f6e61ab1cc6b7575df6b29a16
t2t_L10000_2244	3b334d08cc85a3b74b4bb9dc5a513c08e2122f45c6db2777da475dd45806e184
t2t_L10000_2245	0f4fc3af5ace6aec2ff4d37ea47ebdb61db65bcae24fb0b4d2282b0322c0de70
t2t_L10000_2246	b5828364ec168fc79263994c21943f1f5e64f960da5383b8423722502148c1fd
t2t_L10000_2247	ecc754878007e6337a709def019c4e3398b9d4f9f4254c09b15a7f210db31cc6
t2t_L10000_2248	aa0f6a351976f3dd939aea8925ad4550d9a6f739969a3b5af8dd4438d7f9760f
t2t_L10000_2249	e0cf434f218d6ef6a4cee8f10fd2eeef7cd8d2dfde77c0d7edd7f98e7f27dbd3
t2t_L10000_2250	faf39d8d1609f151880dfd5c00000561f5be17534a132a08df190c6e8ec49f28
t2t_L10000_2251	17385c23807c20bf94c7e2d5ae0098b9589f9f5a66d48e9fc8f73cdd9b89a668
t2t_L10000_2252	5bc00fd1fdaf3ef26c340c512c58e0d7775b90767a72fa1ca2575523205d417c
t2t_L10000_2253	ad7a9ee4ae510263c1e486b8d0b52ac432dba0afe7ace0d133d34c267c6b93c9
t2t_L10000_2254	e4ff2f3350ce97a3bb0d78ecb8cc9f219a07ee39d6635e49dffe15e21aaf324d
t2t_L10000_2255	8d46e7cce0e170ba400f71f5f40ec88a825c3b818245029f69b17f4e7caacd3d
t2t_L10000_2256	d18704455d0c9e55bf64ff815340c5282d1042f73fb3dbb6ee527987d331cd3e
t2t_L10000_2257	3a1f0e3eee5a79be08771359882815e3a310467e12867edf502473b4ad386793
t2t_L10000_2258	ff6a0222d086785eeb23fe5c9ee4e4ce7415a201f51aeb320a6b674fb547f15e
t2t_L10000_2259	9fa5a8c6158ebc055eb580e695bece289656dc16a5940bc5576af9dc615ef78e
t2t_L10000_2260	a891605ec0a5f15a479d0a6f691b570aabc3f91ba76366064201d30766e501aa
t2t_L10000_2261	598f8a421e2f9f6dbd380a1ba9cccdbdaf4ab4d36c03daeb6d7d1872bd0c08a3
t2t_L10000_2262	3e37111166974dd06f068998da592a25fd3b52001400cd3bd4d1d3b8a90da6b9
t2t_L10000_2263	ba83f5702538463017fe937db113c7272da22301ffc2505977726c845468b97c
t2t_L10000_2264	bb017d463a2089de13760f280ee867ee5477ab5a8b1b9bf2414ed26f583d3120
t2t_L10000_2265	afeaa2396d22a969c08e372c273823129c2aeac7ec1098e4a3b447030590950b
t2t_L10000_2266	ea884157e22b64f3baf9d6a498e5aceed5d7835d3e45ed66958b9325e2d4d8a8
t2t_L10000_2267	38d47cc19a095cdcc4b3820b264f28ca6e82d4c8e84b08efa705a9d8b9c344d5
t2t_L10000_2268	835652087a5ce677f2a6c81fd7002fe860800ec86692ea504f183d260d23fec9
t2t_L10000_2269	008002492491add82f379d502f4434f54f3fba1904951e5fca54d6d2da272714
t2t_L10000_2270	27a0cc85140a102225bb4d0f9cd0d6dad3d790c2c2dbbdfb6c57c5761cc5179e
t2t_L10000_2271	62575028b841d0b7d58a5ca50c10631959635e38472bd0c0b6858fea652679d8
t2t_L10000_2272	7b9291842bbe19876fcc4a3f4556aa682e6b696ff2dc795011511fc49e67770c
t2t_L10000_2273	1e3da4b1d95ba8612ff484e75db3792a48dc38c229a88482ba776f54ca744940
t2t_L10000_2274	2eba012fd413e387e7c1047d3035a67a934bd0c594a734836754397ecfd5ac5d
t2t_L10000_2275	55cd1688e846bc2c5b11e4e3b84dacf7034bf31f852fe027c9d9166f6768ab5e
t2t_L10000_2276	37a02063c8807df7ccedfe1322b20a784cdbdcdf343c1a51527b5dca0b079e1f
t2t_L10000_2277	7eca069abc985456c7e42e294df9dc822ffe65a175b0974d86b9f590d5950a7f
t2t_L10000_2278	f18c61020ec5e5cb68bbe14e9fe53a1ca0e1569c2ec4809b5bc03e496626f2f6
t2t_L10000_2279	619193e41c4b414bf1f578904a84ae09f2c986bec43e57cfcf1b217d57ba4431
t2t_L10000_2280	4d54c9990fa73dfe8f5016846b7c92ea3db5bcd52d76d1bc1e0a90a055276182
t2t_L10000_2281	811375ca35490db3d406c2a929ec6224550046c3efec78c8f949efcd9996b20a
t2t_L10000_2282	e6eef285a63d17a987a269e64198ea4c6cb106b594eeaab1cac6652b41b998a4
t2t_L10000_2283	0e373e3230e6575c96e235ecdfce3226e6fde9487362eef3ad1de6c343cbdb65
t2t_L10000_2284	b6e7f66e4954374bcc33e8881d928ad08ea45ebc57f6e9ca50dcf6e82ecce109
t2t_L10000_2285	1ffec534f9525b1ec7b3a9ce6d70ad334a3f464f675eceb56d6330f8ba4bb0bc
t2t_L10000_2286	351e35a17491c19d76b41cf4c2a63cc97c7538c8232fe18572b68121ce21f8e0
t2t_L10000_2287	cead8a60e1c5ea1b7ab53bfd06fc5c01c60d956625c5d132503fde5cf4cae91c
t2t_L10000_2288	4eefe471da31ab84d8c891bec79e74f57a3d97d8f7fde97137505deac3a722a2
t2t_L10000_2289	88a7eecc4254353a82ca540febc1ea25e9dd29c1e9c2bd990141218c6c9052a7
t2t_L10000_2290	c1b42d2cc5a9a81055dff7fb039de26bb33a2c0efd355b45fcea21e9856ae722
t2t_L10000_2291	db899c4b8913c1f1210ffc71adb0eebe079282b7ea9f011380f9cbe4ff390254
t2t_L10000_2292	8e4c7c92495cbe8e81174fece93fecfa52be51dd874805ff5ef0a07c97a8273c
t2t_L10000_2293	3218b091c44dff14316271ed33caed72f97b51cbbbc76831033c59454fec755a
t2t_L10000_2294	5f0ff3d6f5c73ab5a819b6ed48bd3946bf70b9f67eb6026749e234b6f0182049
t2t_L10000_2295	43f0966b16e1af2857c5a91463d983f2d60a77e654c7af9b79e7d8fd718031aa
t2t_L10000_2296	a0ceea44286c12fd0495574ad88a653488227c8ed0680340368da5a5d8004189
t2t_L10000_2297	deb22dff4f9ec5e742fd8669b98d490e639ac48e8f5d99dac85e485805f4a7ff
t2t_L10000_2298	496fae8d5bc0f4f04e68bb0b9ab3dbfddf0ca9af4ee6d7c8510b04f8ee8d89ad
t2t_L10000_2299	a37f47cb30f1ef9a4b9d6e02224a9040412bcd623bee170e7499346594ed1200
t2t_L10000_2300	deee18807ca308cc2ce54a81d3143790f964eda38feca3a2cf8f3a8e633e9a45
t2t_L10000_2301	5053143a572af9427119c8b003193da87151d336bef106214b82553ec6479980
t2t_L10000_2302	f390ff0a20f9a372548092e1ee4a04de02698c33871c6fa5d5d576ab9be40157
t2t_L10000_2303	2db1624056d4fba14f8b38341da038aefbdfd51058d7acc71bcda7b07b98b321
t2t_L10000_2304	a21e886551d005bbb5c6a30fb124b97a1ef6ed44916af663e6e2792e85dffbb6
t2t_L10000_2305	6f5fb5af966768cb69386e1631397d1c7551d924d83d32508b8dfe267d2eb7af
t2t_L10000_2306	394fcf3405c01006f080420ff6b076e360de505159e26db669426de2bbde7abe
t2t_L10000_2307	b5541a5b24362b124f2b90f32973151c8f730185898c984dc1b51cd0e90db624
t2t_L10000_2308	88e50adfbdcffedab5f075dfd2b18f62760f91438b3722c90597b1fd11733e71
t2t_L10000_2309	795389901ce608f0fb7ef97dec4381e392207b189769369e57bc3ac0c3a7261a
t2t_L10000_2310	1ab3210f75c7071a665fe7f0177fe4573cb58616c5921a7385379016d9780f54
t2t_L10000_2311	3fad50fe6f601cb003bd6efd734bc674eaa4973bf09d05cf1a04f67bf5bf952f
t2t_L10000_2312	08ab65ef9cba321c333e7ae26622425e7d8793cfa0d624ebf6b36a186258e893
t2t_L10000_2313	cf804a13eea262d888a56b3818b5a40347ba81249f5b2b5743ecad0023da81b3
t2t_L10000_2314	8ddc913fd625fdce85a72a2b42f5f1db011f0fa3adf91d6b25849df987a852b9
t2t_L10000_2315	a693ceb970dbe35d66f3dfeca736000ed2ae17409750828e0727e60b5807a3aa
t2t_L10000_2316	5784112394d1ceb2b19104efe43c11d28d4ec26c752381eaac2a9e907c4a54c5
t2t_L10000_2317	681962280437a57149561d87e0e019e9cd17a461fa9b385c03f164a586adf7f4
t2t_L10000_2318	4e9833a2f427b370dca8b4984a8e7070299e4c8f59ab3ed3722760bcfa0f4d2e
t2t_L10000_2319	8a266eef8befbf77a038b0097b4f176effc4afc8aea304ed9f4604ab7a6b3a40
t2t_L10000_2320	5e91c64db785b43a52cada57d1071cee2625cc3d4fee1e88274512bb2ced4915
t2t_L10000_2321	633b78d5409406225dc309b758cab06a15b6dd6ba0adabfee49cfe244323ee42
t2t_L10000_2322	97a1f42125edb1eb25cdfabba15164b6aea2328d8c11a78e9c712dd15679ac22
t2t_L10000_2323	af7f6ee1c5822144731819a56897ae58ef78d24c503d45268605bceb177706ec
t2t_L10000_2324	23427f5f6420ca1657a0683621153b6e1ce37104a9ad49ff9034f13aefd6d13a
t2t_L10000_2325	9b4476b5ef9e059278041183a36f496b37b37b50407c748941d19cd832cc46ed
t2t_L10000_2326	3c5e83a4320f0840faa5554c0b1a99ef2372909cc5958eec08bd90b75e7e8111
t2t_L10000_2327	f0286bf5f9ae7db46cd8cd9107d99b5a601adacfb74dc685eb74264866e039f9
t2t_L10000_2328	6f5dcc2d405fc6f9f63a4a630b10a5586b111f80d22fd06394cf40ec45395615
t2t_L10000_2329	389538de4e06fa557112d37862b1d01bde99cbff1e5412f3fef629f7ac30d29d
t2t_L10000_2330	2a5c18528329e451ce319229216968cc1b32ac412ec6f2bb2147c24ac7e09454
t2t_L10000_2331	bc6e5d347fb904f47807d80d9097b3d3342525741c7aa186aa9bd08ae1152f66
t2t_L10000_2332	161fbbcea6f6d3fd48cb11459ebbab22238c5de56294573e32be88fed979d153
t2t_L10000_2333	c7278db2b5b120e684408e1faca54af5d6d88252677bae69cea9d8bdbbb9a621
t2t_L10000_2334	de3326ca8316b61c8c54cfc3bafc4166cf8583c2b214e69ad88e3e1e33d9b9d3
t2t_L10000_2335	1e5218022431297bc57b4bf9b983fa33a4b338623e1d080e023677c82b16d433
t2t_L10000_2336	1cecab805e7a4c0ca9fa633cf2eaf219076d5f2f45d735ebd17c8847df23145f
t2t_L10000_2337	4bf9a5bf390494df7752a554a55748c38bf7bf787d9de7893bf4ba91544b179f
t2t_L10000_2338	7d89b49f90a4c3c0870aec4f0e36e70e0afde4e89a3326265c07bf3d5fb8be77
t2t_L10000_2339	324a4fdca53945fd0b24fb2763b0996979fdd065f99cec03e314704d559fbd75
t2t_L10000_2340	93aeaa6502f6b5b4ede4ff7fef93dd55aed4e2ddb6aa526570b29458a0fd695c
t2t_L10000_2341	c5dbc63d7d1100c0d214fdeb4d7a73f6b9cbada84a4796aa76471d17e98f9d87
t2t_L10000_2342	8174012ae29f7667872fd5e0f298b6ccb7a1ae30c890eb8393a9f2f528c558ab
t2t_L10000_2343	92d381087c614e38f758b9a599a936d9d9ed0f1ae69ceed60b2e93c9de273c52
t2t_L10000_2344	a94c77d06e3d877c0408b8376d433862bfe3f786faeb57b0e52d3cb0f4fde40f
t2t_L10000_2345	8e1ef1f264616c84ea243cf81b851f3a9c3d6b0744f88c3f7a2f596cf30a68f9
t2t_L10000_2346	7783edf55307361b9cabf08b62cc5ff36ffd707f486d843c7b0e7237ac3bc09b
t2t_L10000_2347	55feb93d0cfb5cee6e64cd250127d772f71967d6237216bc7998ee53a50cb9c8
t2t_L10000_2348	290ccea2abd18c72b4b712f8a6b95861005eb32dbed1ed7bc2c4df9b750e9345
t2t_L10000_2349	c9b34002544288507ac6d0f1798f34bd0ef165e324abef8e9be18d0c2eb41923
t2t_L10000_2350	01d49c60fc7900b121b42ab72217a58bdb01d1a823fbafb519faa139c189077c
t2t_L10000_2351	b2be1c154203ca67138ccc41ad3db4d1413754adca55e64d6f9207f79a1fec6b
t2t_L10000_2352	9f08bdbe21ca01b6e207469aa608231930bb47d357308b28bb985c4a644a343d
t2t_L10000_2353	e157cfbd2a042c0860392554cd6d03a2bc7aaeb7e04cf5f8a55049f29fb14a77
t2t_L10000_2354	e81aaa3f2f6cf7338146bd307689a4ca2a1c3f35c915e07662aa0031b8706f93
t2t_L10000_2355	6172261581cd8289a3c6a0846b84c017ce69f7dc8ace6074f1fc353ea6dca4a9
t2t_L10000_2356	7b5749fcee174b4b3828b0b68cc35efe1cefe69ccc6891609ec491afa391398b
t2t_L10000_2357	d11853aeaa94d7a7fca0d4cf24f97715c8ca084ecc481bf620d64a928b5c0926
t2t_L10000_2358	3e66b78cb06ebdca009cd4ebfe1dc0a2f2db0cd35fd00a6297f6023a64cf2632
t2t_L10000_2359	53b00dfd325b636f19d8476000e18258d5894235ca739d02971f9796fe1c91b8
t2t_L10000_2360	63f3e4fa74b82b994e0ab09ba28c4041c0e96406ae7a00431c29a95e86695ea9
t2t_L10000_2361	330d9df6851fedb11c05770d3e3f965a9cce2a06583e344b38eb661beed2c8a9
t2t_L10000_2362	e50a5af7787a351111e3081c274c642d5ee2d84c2826978db9ab37580dc7a5c6
t2t_L10000_2363	a7c3339851d792faf6915630218b4f9a06cf1fdbcc89ca03df277036f4f769ab
t2t_L10000_2364	15dad88ccadca53b52519ebb49f77c6e46ca8db1d82c01b9a375b9144afbb2ec
t2t_L10000_2365	448cc0a242229f1b824afaef8c80d8b3bd49afb791b76e6f24e421473a287b88
t2t_L10000_2366	1f88a4e4dbaadae1e754969ccbfb82b038428b862b4cedab18cc826c1da8d416
t2t_L10000_2367	cfcbff24648654e9447e829c3af36dc626229318b019a3653646d6ff5aca7b50
t2t_L10000_2368	b091d00830452a1b2a05fcdb0ec6ad10a77fdd8c11c17537b5bac70eb1a6635d
t2t_L10000_2369	ab4d0d1d62e18adfc3e1a99cfb0d268ddda6352ba1e3925e3862441a4a075273
t2t_L10000_2370	ebfc8ef20bcfc34c02a1f0cee414e70ef7770041247ccb0edfb06bea31a03f98
t2t_L10000_2371	bcb7eebcd2f9addf230dac2acc1ffb71d3ca8303a7843e3a586ae51e8d2b5dd6
t2t_L10000_2372	1070e591e3d9434f264ccb55666ec70b9fd18f00f28b3286ed09c1af727dc201
t2t_L10000_2373	1e05c4f3a835c32b37fbe2d2ceb51b2f74bcdfe16493aa1ca58be2d008638892
t2t_L10000_2374	fd9b1e9efebf67399d15d6c28ae6c8b86888b7072dbfd53d763501fbe0b435da
t2t_L10000_2375	dffd7caf4fd3995417ce8f82bbc45d7fc09ae15ff30013cd4b7f61fc87babf6a
t2t_L10000_2376	5c8fc2d4b0420097de2884fbfd69197d30893592f45dae34004ae7f02c535951
t2t_L10000_2377	36deed846fc080e69a268aa48a6f3e5c892072f7f267ce6b4edab81364ef91bb
t2t_L10000_2378	e8463d15663499fa9608de25b909ee9d6008dd418c109213e56eda0a752e7b99
t2t_L10000_2379	08ce0f734c2f6d2e98977888c42a6e630ffedebd44e6ba6038761d5fee92b751
t2t_L10000_2380	cc8a4698ad02179852f327be137c17f2311660f860651e752a6e0253ff24b7c6
t2t_L10000_2381	cd7abba1f5268424681db45a0e75d96826ffb762d2f40b9305206bf1e92e3cbd
t2t_L10000_2382	f2f1676ccea81948272529f3d2dbe1ff027cdf578bfd6704a30abd15688752a9
t2t_L10000_2383	93c13fe14a6a6e2dc9c09aa982a7996c63c2384b067bc4762e0a6887c440901f
t2t_L10000_2384	86981bc883a6f5a1f4a83eb9dc3e9a97abf38e443b46d62e9748cedc614af1a5
t2t_L10000_2385	01874a14ffc9314feb83e7b7ee85bee5eb025abdab2a98a2f9d5b6819922bfeb
t2t_L10000_2386	ed01af96b203a8858d2ee9f6ca6d612a898240c4d9816af9c4ab09a8c0839f0b
t2t_L10000_2387	7bf87c3bc12c65c4aa34e2783aab61d309c0a7e928eb911e5b3cfc54c5585a4e
t2t_L10000_2388	1641a42b033d82814467adbf4a7149cdd46057f53c01ea29234955283eed594f
t2t_L10000_2389	de5176c91985b9c51c4e66e1cf32137e363bc20c0e5f26134d9722574067672f
t2t_L10000_2390	6a4ee9c02f18dc23ba59f390fddf247f452cc6f0f23a143f93a6d241a678013f
t2t_L10000_2391	658e25edc397238084fb1682eb57756dd6e72c17469d0050157614942bfb9e5a
t2t_L10000_2392	a58a040a8c687188fb2b2666b69cad8d6d670762979c739d557e4d1e5808b276
t2t_L10000_2393	9a72e40301bea31db60b7a18b9bacb12aa600d64614c9018d12b938dbcc85968
t2t_L10000_2394	578a88a80c2ed365cd5bfab17f6cb4be91ddafaca003bb3ab9bc0b2a9b7fc951
t2t_L10000_2395	aeb01eabfa7c34c5b2704698a60264c56e2aa66984d88c3401b043eaaaf4ff2a
t2t_L10000_2396	81eb6f8ac38a9d86752d2c750b2051a82d17e45519912c233d87b34e37f69bda
t2t_L10000_2397	ab6a3981059d73c4036c6f5e5ff90983b05c1b4c13a54ed00ef43f2dad6471b5
t2t_L10000_2398	734123e4f8522d22c1a4ec3c6fb308c67854cf282597f7290785ddc24f3e3e05
t2t_L10000_2399	d723084d850ca69ad3f01a3d86d2f95159857b238281453d0eb2e5fe0e39ceea
t2t_L10000_2400	e04c3a0843fb5ce37f993ee230efbce595b3248317a0ccab69c12fde302c8313
t2t_L10000_2401	55f61a3025dc028bdcb9d295103c1df44d9e972f15800bc40d6e9606f8a0b76a
t2t_L10000_2402	265c2f15fed50d391225b3dd80f929c39bbd861bd9a1d9385bcddcec4fac305f
t2t_L10000_2403	5ea3732850c8a18aa0096f48351b365643fb47a4ebfb5f6b52a0ab23f8414bd1
t2t_L10000_2404	35c0fb946a329d8c7680fcf5a0ac31adb1a0e6e2a1c9c1c8d7d2a507959510ec
t2t_L10000_2405	68f27370a235be61918274df62c4fff2a6a9ec6b909435216bed98e4bae12a1f
t2t_L10000_2406	6682a544b52125a497a880efaa40d50f3b78581de0e4ca7c280e86c9eceda084
t2t_L10000_2407	7e092ddd648f0360fc17054b19db085950ed15ff199b0520c4aad371bb61be55
t2t_L10000_2408	ef5d3eca9c59b80bcaeff4c957d270231c27869ac5654a73d96ce1e6c1de9329
t2t_L10000_2409	489dd48da9fbe15ed3dc7d1a3c9ba0f53f45b09003b52305934a77059d828f0a
t2t_L10000_2410	4a3cafa18cef598dcdcda3ac969650bf2ef25ac28cb20fbeeff8f34a212e1bc2
t2t_L10000_2411	de547b084d8322adbef0245947d9c3660bdc4e974e00c43b6176f6d0ddbce3a6
t2t_L10000_2412	cee00809b5d7c1429424090c794b257071c105af0a86de8fb1e8a2df4f6870b5
t2t_L10000_2413	fd6e33d724b3e5ef3a3a5b5abe5013630762a0cbb1969e0f57c0ae9f2bb61958
t2t_L10000_2414	11e2e9ea976bc466c9df21b41267afc5a89da20aad50ebb58a573e5383972f90
t2t_L10000_2415	c019beb690e02d2cb48dc07d7d2500aa8b2d37665e2e473e85836566d77edf80
t2t_L10000_2416	6ebedc94d7b5c5a531e5e6a00998e1bf014511d5ff96f0a17239e453b7337dae
t2t_L10000_2417	b705dc681ed6a2a93e87e8becfa07517142b0dbd15470079409c4d7a3227c190
t2t_L10000_2418	8e9002e45c5fa83c8cdefb1ca5b0f7c3a4f7734626114f71ae6bf7e5b85c0018
t2t_L10000_2419	85b0eabfe4ab112eb7d6eb33eeb92831982bf2a6969b18bc85f954f93ca33017
t2t_L10000_2420	49a8208746d777bb36524fd726931dd461c0d36eaff23c3cecf508af0dde1ee8
t2t_L10000_2421	6ac6fa008d3b616b3a562943f10a961d1aee9329d01289696bac7c8d072c3b01
t2t_L10000_2422	7e5f8d74f753575720f6533ffcc6867213956c2be476043e687db53b3052e71e
t2t_L10000_2423	ebaad596089b94e2f11ab147c546170f75fb1a0878a4950cf5d97aa09f1f7532
t2t_L10000_2424	204e24ffe5721cdbdf682ee521294cc0b2c121a1cd9aab29684baddbbe8ee614
t2t_L10000_2425	c1b0d23754cfda0ca08aa0c609b947d5de3650e7741029160119da07b70ba4f5
t2t_L10000_2426	bc7ffd115533f25978de7a8b638ac2ee7a08a519d03ca6ea51665dcad996d649
t2t_L10000_2427	5448a461cc2715a9e8b0d2eb32feb1c863c0470f324b14f0c22d5a53fbb504cb
t2t_L10000_2428	c0031b1a93666db47b04c13d77ad4eaad85480f958601310f58463e7f9566625
t2t_L10000_2429	f7daa7dca7822b9839245a22d9d9af5d4fd928a2a5697ad3bf7c7adf10285705
t2t_L10000_2430	ed384f70361fadef8c1f835f3a28fead3e6e529ed10310d6cb251be17c5a5021
t2t_L10000_2431	613756a40267a7564374d9707155c6b435b6e1bd4ae53bcfb40f59182a57a0f2
t2t_L10000_2432	7a178e67da32ea2d373459abbe3c46be018900392932abe3f2a63cd214e92271
t2t_L10000_2433	92cb8b4091b014967701e7fc4824fe080b1b94ffa9386ec3dec655fa9e9983de
t2t_L10000_2434	f040a3f35f53d420f02dc546a4aa916b7abb75e62430e2829d1c1500ebe5349f
t2t_L10000_2435	b9eabe847273ea3ab83abdfcf63a7d5ee1fb47f289289f8c9465dc0d92411abc
t2t_L10000_2436	709657f0838a7f041774302bd6a43680668dbc42088453fb26f71d21fd753c59
t2t_L10000_2437	12b91497bacf91e481935bb8e8fab34afdaf1f08b23622a8fff16af40a539e0e
t2t_L10000_2438	7eb7472a4d8e0e47ccdb02f204d549ec01b9478ac77b0c1bff850b57010443fe
t2t_L10000_2439	4fcad00b1b93fe00d1dd811e411ac777cf63bba79eda7c49b1637b8477664606
t2t_L10000_2440	4f1397c30da86b2519274d9842212c0e24ca917efffd21190d7f2dcae62911f8
t2t_L10000_2441	ba532e1967d5ecdcc4422997f052ab23defb0846c0e6ec5a4584f5d929e127dd
t2t_L10000_2442	fea911153ea1ae0a9d8c410647df50692f02e80098f9359a0999d3b9202f938f
t2t_L10000_2443	fe6ed0031479c71f9064f0c72a2375f867530bbb2ff7c3e920ff8c23e13db346
t2t_L10000_2444	3311569c0dd6d6933a4df321927e596e3b9fd63dca09cf563f1dd1455f061628
t2t_L10000_2445	42694539260c8952da533835beb4549ae848d609c0c07159a60decd9836f68ed
t2t_L10000_2446	4ec7acfb242eb40c78fb1bf84e7ad9919daaf53a07f8589b8d2f24375468e806
t2t_L10000_2447	25f0bcea222110999defc03e967fdce5f20f480e9a1a6572e225d3a42a3e2115
t2t_L10000_2448	8bfc473a90c50fcdb5ba0d01c9651f8b8e3095a9b0565644560ad86e4b423757
t2t_L10000_2449	f97564a765acb158268f1f388da9aaeeadcf3fec4c65d0b695ff76599eb82ddf
t2t_L10000_2450	e9b50d3684851f0bfa0b632462f48e5580e964d5067c105856d4892faa02462b
t2t_L10000_2451	69e636311210f936c0476ee509a33c47d565be224d7ac0d9789c3fcce686ac99
t2t_L10000_2452	3a416e2d5150df701da2869aa8df859719dc70589e564e03479a70fc80301f4e
t2t_L10000_2453	bd163b5aeeccb8ff325c264e3d1d0b1302d6078418cb13a9d17319216c4e84ff
t2t_L10000_2454	90c5e97b16b7c1b7ce76a593ac1fcd95f151b9277ed747a95c3742f20e4063ee
t2t_L10000_2455	a41c282700b2da315ec76af33e8ab2f9f2ad178c20992b76abf391abc38aebbd
t2t_L10000_2456	18b11a3cde8c98f2b17caccf0328640f8c5278085e6940128fedebdd008563ac
t2t_L10000_2457	3fd119d8f1ddc61a382c054fe4e445db1223e1d4eff7bf34a26c831c6fd35aaa
t2t_L10000_2458	598c60cfb34e8d64d26624755ae776487aa42eba38b74cf1fef533f376817f95
t2t_L10000_2459	8ad964d6793ad3a9b988056e353405b90ba7cb410150d05be44dccfe9e7a37a4
t2t_L10000_2460	b3b9603aaf5470b6019cd825cebeaf6f2cdabb43175cfe10b76029e58fcfea73
t2t_L10000_2461	09b24b315845c0f8ed30ceab23d497920acb7c75a505b4000ff50f1b5b60dd45
t2t_L10000_2462	5f3234207ad91aa804fa62c15b80868b7fa137670d0744f01704516fb1745d37
t2t_L10000_2463	c6f09ef16f0cfa49c17167457060fabf919c8c7934e6fceca2e2fe4a66c846c3
t2t_L10000_2464	b2573e932bebbcec4c7fba99312c1edb82f65ea1dbdfcebefdb9ddfd668f8896
t2t_L10000_2465	499a1b7867c00971030a5133a71d0e2797e6293d4bd812907b0326adf45595c5
t2t_L10000_2466	2415058780dd7e0248be3dc6c5c9dc40f5f994f3cfc6e45dcea2395c6c95494f
t2t_L10000_2467	f84de9504bf311cd23813c24923c33ff47dfdef582ca5865fe9e2e1999b6233b
t2t_L10000_2468	96cb38eb7b11b646094897d9fc3f955c8244bc51077b0fcb86250622603f1003
t2t_L10000_2469	9b42657cd083378891f248898ad2a3c5f4a96a349822165c33674de1d84982cc
t2t_L10000_2470	5e38c44c33a8e39ce5d1845357b89321c02807ae8c431f915d571e3f24d7f9fb
t2t_L10000_2471	ee7b22eb68db77f8004185ca6466565283636a0c7f813e1952fc09001ce26143
t2t_L10000_2472	0cb0a7011b24f735e7ba38ea48d6ed52ea22f7524106b2535b3c85cfd40b9b4d
t2t_L10000_2473	916f997d848a5601d29b71e5700c61b20da028c0e2105ca7cc326a9084b02a47
t2t_L10000_2474	a2bfa2469449e8ed3b17fda38fc3845e8e07dbba659f65be4fde65ecca973cb4
t2t_L10000_2475	efe59b7ea92960cf85ee3c6bc1658f0c82ae701a864c88c2970f707b192f49a9
t2t_L10000_2476	07044d980627ebfd8ac6ce6ad998921ceb7ee57b879ab03732ee4dec96883d7c
t2t_L10000_2477	cae2c5b0497bf03f15d5b4f642fd4523f9cacd83022be101e82c09db91489a01
t2t_L10000_2478	215edf119d0ac34a849a103cd95bd31edd25a1c03bf9d9f293c9b580a9a60ffb
t2t_L10000_2479	d07d86a62c85f3345328d6d5c75677a7ab006b08c6b679eb953e0d42f8a18349
t2t_L10000_2480	6967dda23a5c7e89cd302720c5f2a14d5d61b503f8c0ca1857c803f1d5c79562
t2t_L10000_2481	09f35ed4d914e4c92bd9e16e4774fb161c768a9798a7c6d50bc82d6a3ab712c9
t2t_L10000_2482	c9d8a8300ae9c312561b44c394ca6f57fe8df5ea6b357a87aa8d924fffec810d
t2t_L10000_2483	f22ebeba209b5c3d14e0cbacd5246e1b5406185bb186f89a6913864902cd9b6d
t2t_L10000_2484	35802f9efbbdc4baa82df48eff821d6f18e7bbc1fe27376180b269744c356ac5
t2t_L10000_2485	c0f184395b4967ae6e6cde5dfee5e5729cc1825bd3e9af09eab97a6c7dd8c963
t2t_L10000_2486	f7c8bcc9e2d2d9692624fe0f1be5cd3ea8ec2ffa28261d3a23266e9043f07f5b
t2t_L10000_2487	3ffb9b8eb6c8137f05ac152d7578942d2740b2cd06407feaaf678aa00690e22f
t2t_L10000_2488	33bc3dbc5979b47e46eeef1220128c690c0405804d1659e4c099e86e3ff05477
t2t_L10000_2489	e65e4055619aa845ce28c507dab9502f13014c70561701667c417e1ca86f550d
t2t_L10000_2490	39d06ae9885078980fa1f1bc45ce2d2c91221bdd7ed9c5510f8c1bacfc9a4488
t2t_L10000_2491	2e922fb98bbf4bbcbb7e868c35a095d96f5c4c4637d884b28f978ca61e744da4
t2t_L10000_2492	783628dc2f7145809acc2370511d8fc4db3be67c2492cfaa2363217fe9ca9400
t2t_L10000_2493	5e1c98c00682d9f69b0989fb8202657deae5c9073d49f2006581ec54f5865b89
t2t_L10000_2494	ec68cab111a41d482ba6816b1e558b2198daabe66933a4d0345b64d1f8ac6fd7
t2t_L10000_2495	31a6749ebd975a847c6efd24b0b975dc839179ca35ce4bd306bbe800497e1138
t2t_L10000_2496	dd14be3eec4a5ab88fb8d7e1f6e586618b1e62011ceae361955dcc9acb6dbc7a
t2t_L10000_2497	a0a4933dd8320f58dac1b50dcee9e34cd3a4c930d4d41f5bc2da0fd45e2a1f7e
t2t_L10000_2498	2ea04d2623f7e631ba4d0f1b20d43e4694427f54ab3a84c456073615964a287e
t2t_L10000_2499	9669e89d9ed90169d576f87762d7d1cfa12664549f59d89da3cf8957b5229335
t2t_L10000_2500	6a6483e731c81d2d398d59fbe8a840afb96687e4eb0c7a88c9b1ad6684318f80
t2t_L10000_2501	27bcba6c60a9ca3fc565a5c9d6b10fb60a9933eaf3799953a13375d1ab05d296
t2t_L10000_2502	acf2112a17b700b3d0f8ff5c842d4eed7620cef75a349424a1911c4f0155e93c
t2t_L10000_2503	9efa27cec61432df526338f4b113d96de573d4a2e5827169bbf12d2abf51088b
t2t_L10000_2504	1d772603755ee9583473d2d97e4b08d71adb83150774ea27a3acdba5c026faff
t2t_L10000_2505	5ab6c1e70b774deee46553ef540d5aa6d3000c53eb4ba1ebda4e485d35047ee2
t2t_L10000_2506	cc6694cd2e367fd62cddc809dc539514073c26623d0cde08b166f8341c3f2f14
t2t_L10000_2507	f48820b0f07de91598da3e6b2f55cdfbce65ca2d1f74470a504d4082fbcc68fa
t2t_L10000_2508	0cbe0b733b046d807811f6423d4f62387de17bb926a4e9d56d9f5e1f2316d055
t2t_L10000_2509	6842d0cc9e31ef02d9b156d584d48a00bcb326532b420d56b3e96466b8401f95
t2t_L10000_2510	52ca8d973fc9b89e276773b1f1181be6dce430b7a697fc91839a9d27a07406b1
t2t_L10000_2511	9347b4fc0625b593c7c8d2e57e8d88bcc69fba41b6ff54c5739df002f086c8a2
t2t_L10000_2512	e74bc661ab85e068106d6d9631cce923d5203827a6ed135a4f322f04ae6a7df1
t2t_L10000_2513	83dd7536f207c2485ea6bdbcc834a89599ba129b804fb0135899e4e33725a3b5
t2t_L10000_2514	977c4185684a6f70bf255c7037d0e58f4bdc5985e4b0cb18a887f7e50d9f6d08
t2t_L10000_2515	88db8c3abd881ce8a585278e85e60ab20750ee6a27fc8468eacbd5f9edc230b3
t2t_L10000_2516	6f768f05828c4be9d6d44445bfdde743114c2101dfea1aafefe0f91cd4b5f3cc
t2t_L10000_2517	1896227d2f098793cc3b803e628671ccbc8698b5030520e117a34c950671cca6
t2t_L10000_2518	1844d95c864c9e778afc5bd73e30899e3234abbb54fac8bc95b5a1f4a771e17d
t2t_L10000_2519	4a0dfae7b409b4bba35feea529f0a6ac98e058483f1fd269b02ea8047f8eab91
t2t_L10000_2520	e28640abf71e851ca4760ee321c25753aaf7881f59308f0c2bd67d6e764aa7c7
t2t_L10000_2521	d5112159961fd33da629f807962366ec5c8c24edb14554e471d238b8d05bb9db
t2t_L10000_2522	fcad85b17aa0604ce17d2c327d0fbbdb282c047b485d4ed5961bedc7e353c02c
t2t_L10000_2523	692813c597db30ed1f5c9701ed46a9540c1fd162a632629c8228a15d1f8ef93c
t2t_L10000_2524	64a238992fc03010d2194c1365857c37b60b0fd909bcdb0127220b0003c82d9b
t2t_L10000_2525	b0b05345d457572006bb4d36a7ef048884d749abd0aed9b59f579d0d90b12010
t2t_L10000_2526	64ab184236d1348235c0583396c0681834591ee6bfe4ba3936ea743ab2eff173
t2t_L10000_2527	a57cabd77e73ec62eb9975a1192e32b6c81a30d0543bed38eb7845d77da6cc02
t2t_L10000_2528	f26c7259237c20e1035839733cb5b33d4a938a3af05524ef5a12fb87d81ef1e0
t2t_L10000_2529	ca7d12ee9259cfe6112320284d1d9f79487dd65ae24e658a91fc97d133fdbf27
t2t_L10000_2530	55ebda1dd91426f00d281bcd8b73531b2083ebd5b4adf71aa95c25b0e7905d59
t2t_L10000_2531	c7cf8853db37de0cda8e198f47feb225e713a770f5e460e53f1016aae1aa038c
t2t_L10000_2532	149151fd71fc22e1d18e6cd9f29d3da7b285ee0376e7b57ecc19e6c66ed374ae
t2t_L10000_2533	4d55974d0c2aa03451d1e686ad6aaea5aed064b09a16ea3eb6775d70abec063e
t2t_L10000_2534	0228c2ec3d9fa9ad40e953c1c88758fcfee27c5e0f69d740d151bd2753ed0fbf
t2t_L10000_2535	dff122d99b79d14017370e55bed4248c3fcb4f6a03bc588e737bc12b86cbb502
t2t_L10000_2536	5df8d9d27155ea0ec2619ddce1bfb9a0d8ba14c739e308cddf90d4e88e092a26
t2t_L10000_2537	068fa50225a4730c408c0d4a7169464b706cff6d9702a20e605e62c392047dd2
t2t_L10000_2538	89c6b12c7d2d24ab41341b5fed26c7a9c4be1f1ed6ffdc053305f96c769c8e29
t2t_L10000_2539	8429ba6d9b42f671d0f3dcf64c4de89be1bcf90bce51b30606d18b99c955b8b6
t2t_L10000_2540	237bff880da2176346e2ebf5307cc4cb67e445a1049815d39cfceb336f7a0e7e
t2t_L10000_2541	c361d5c1a60aa636d2e745fd78013ceefa7090aec63b565b8b921eb68c3c3d80
t2t_L10000_2542	cd0f382634931f6052ab92deadbfc901f20fa5ccba3e17d0e8ae76497d0190ca
t2t_L10000_2543	59af5e8c36482cfa48c7242793a4f4674c16383870997c47eb3a8c776d6707bd
t2t_L10000_2544	56e0623a330f0e04c34c9ac75357efb2fff79547bd05373170040800ed3714b9
t2t_L10000_2545	ececc57e0082a5ea49ac0455d001dc8dbe1cb5f5fde72fb124f5b58fe1c55054
t2t_L10000_2546	a65cc1a3eb10de67eb8f5d6aff2fecaad0af5430969c06fc73f43dea187f7867
t2t_L10000_2547	88c2000b5d3c448eefbea5ff8b8beecac4ed11c11a7634f876ad2dc01986f98e
t2t_L10000_2548	f89a4ce477892d036fef8b385fd49d192080c94355cc0c13efdaf25ce8daa826
t2t_L10000_2549	aad4c030a0e6fa7022074725d689b212dc446553caf0e2f7a8ca1a5e6bd7126e
t2t_L10000_2550	4b996b34690b4c2517bac8ccfc431aeb205c57ab9cc740be15851d0f3e2bee58
t2t_L10000_2551	78873c638ac4f0cb1190f08cbe0eb9b5111f9285eb585c8e0c987bf561aec817
t2t_L10000_2552	56c7cc95a90572804775311b921afdf4be4601dc52edf8b4ff9be4d8b69739be
t2t_L10000_2553	dd6199d1dde6abc2d40ef25f3b3a7ba1b76708671c7854e705029af55d5bc23e
t2t_L10000_2554	081ba90fb1baca6e8a64c208fa63162a9465afb0dbf20fac80dacfd9bc22abcd
t2t_L10000_2555	d0463a89f67f798737da4c11507b73f9e6d402c6ab11598e8bf64a51f8a41ca3
t2t_L10000_2556	4f2f6f208a3b8e545c47d4e7abb604de7c9c15e023a35f65d8dba2262b766829
t2t_L10000_2557	f06caacfd67b3209b445eb7b5c609bdf40c617b6eeee0f12bf43597ce15ac9d6
t2t_L10000_2558	37e8edb445ef3ce5df27f083accb86ff73a9d532b3321f819c6b97196933321b
t2t_L10000_2559	15734339434db9996fbe4533a8d264ea018ce568917a0a3e3b4813434d9d1b11
t2t_L10000_2560	62cc54ea4e98bba89ece3f685d0040532ea1c2dfbbb9407845b8ba2f9efe9c2b
t2t_L10000_2561	8e8e2a02cb8fa05d35da8531ce764bb246aff8b457079a9d0f329e1afd1050b9
t2t_L10000_2562	9e1596bbb4dcf59af4269f0e7aa394dbcdc28ce2c8ea83334f933372354c49e1
t2t_L10000_2563	b1cc4397e4c951728746669c13dc3f577a575a41393f9837ec514d7d71970f8f
t2t_L10000_2564	e2059d3d57d66e412cdc7fffd3c424d6641777027ca7561dd89041662c81a06c
t2t_L10000_2565	ffae321c6280d6bc6593a0492c525505dfde5019e968e12bf7735ed415c7feac
t2t_L10000_2566	15babbc9063d71a988e5a3bb58e148b0fdb636723424f46a4ada02d12e39eac6
t2t_L10000_2567	846a441e1282acd928938172e2c0eb362196a04716ea495fc306f7988b24f6e1
t2t_L10000_2568	97b062ccd955f5ae4ca5d13f25998614008db2099342669569c4b62bf18863cf
t2t_L10000_2569	18bb4b65054becbb2e8900c90ed584fbc9b59b690c577664f790f312a696db1c
t2t_L10000_2570	48f0378270841d0cb194f88698418ddcaf63eea3e9a2452d58cc2faa3457b690
t2t_L10000_2571	bb3d5b90290c1ed7b585d166ac16e1a7fa5ebbcc0936a3d8263efe06c352369d
t2t_L10000_2572	4bbbe3dbff4d13701b2586d6565bf8087a42724de11adaad8a87d757bc5a3499
t2t_L10000_2573	568483388cc1568df16553b786aadaad2e4f62f57a1afabf9dc946f8bd319cf1
t2t_L10000_2574	4fb0d4e9d0617928ba59643126562d7a8073e25b1c78099f29b3b1dcfbd1f11a
t2t_L10000_2575	e4666037827139246f197025eadbcf1bc48747b983f757173e34084d7294f1c7
t2t_L10000_2576	c5aae23b941215774509eee652088bb6c059a127b2551870eaa1d24becfc1a7f
t2t_L10000_2577	54a470a9b26ad6ae0ec99068752d6a3dc146d7cf5975c4335d5dd99e40a7a7a2
t2t_L10000_2578	6a770882b2542089c4b7680adcd8e13b6271847c87a2b442edc10bf962ac8d6d
t2t_L10000_2579	993f75968c7b29231720ad189b77ea49b8e7a5e20f7ca61c7acb67a5b6b28cc0
t2t_L10000_2580	39a66ebe812b0e99653b703c4cbae17b1a5b1506061f89337d12f32b48455ff7
t2t_L10000_2581	284f58b993bea30a1d77fa33e81c8942164921ae7989fd7a12b55636000e4121
t2t_L10000_2582	1dafcfdf9cec92aa417e76953be8d0e44ef12681d70aa934854dacb8876129c5
t2t_L10000_2583	ccc49193f91e4e0dccf0b1b970b92ad964a5b5b878ec457723ab2608f21588fe
t2t_L10000_2584	5a6d49edf73a8c9d294858ce73af89e9de24b7700060a4b5008f40a40a609813
t2t_L10000_2585	80e1430fad2ac6b2d1fc6252624175351e5c96dcd957755ef718f31313504f0a
t2t_L10000_2586	b172f64827670de3171115f19a9e945177c06faa46a9a5237f44d6904477388c
t2t_L10000_2587	e2c8757adc07f2894e97c26ffc8ab98e55cdeefecc0b9b8d00f40a104fa905f1
t2t_L10000_2588	45a8fa22fc545a7596877790a33237f52224f4fc0047a7ffd4777fb3802aaea2
t2t_L10000_2589	b87f60ecf8c7001ee45f2c18d47dce11d2d36b552566ed8bb6d9a8a858e91d5e
t2t_L10000_2590	4da40130150df279f897d5dd6fa9a9c020a9412f7f1300614dd250979952009a
t2t_L10000_2591	53608326153f5ea19263d55acdb2a7861b3614015e726f0515c1697eeac4d550
t2t_L10000_2592	2c37fae5919c2334c9871169c7b4c38f2c0ec2ddd31248e95f14dc9f2ae31d1b
t2t_L10000_2593	7f20dca5c51a4e5684424af46c0d5e69e2f5fe6610ffe9d1e6db48a8fffda576
t2t_L10000_2594	04339a167fa4925616c3baeca027a247d2bd06411a77defc989e94df42e2607c
t2t_L10000_2595	ed0c652b1d33fa1bbf74062a7360d20d8e7d23f7723bd33362b1a811edc98c79
t2t_L10000_2596	2a66b065071ac573ea22a5a8a0f371f0ed8ed1b377411f0627116ab8b5fac7d0
t2t_L10000_2597	95ed785ccb687929526651fea45acd37024f12510898706e84e44f7737e85de9
t2t_L10000_2598	492e21893d9af79da807332ef3c7af7f83345525069147ae724c14483db40640
t2t_L10000_2599	a8253fd7b8cb85e31c338d8e1b176f730aeda66976ebbad8086b6739789d3307
t2t_L10000_2600	cc5c0896476b72ee9f03a8e89435be431c6702ac61d2192f74547b903bcef766
t2t_L10000_2601	e5b72311ad869be185cf1ecab2643d99e97b83a7e32017f9e1937f5000b2e0dc
t2t_L10000_2602	eee1336d7c812112a77a5edd5e4177fc24f681179a1e3c4f38cdd3287df50794
t2t_L10000_2603	533edea101d8939c6a746e293e88204e6b4d30b0e820e92f5aba7a7c393b648a
t2t_L10000_2604	63b34c3fb168f7b312d91fef274e08187f1def3bfbc9dd6b8c21b5d79473455b
t2t_L10000_2605	c5d5138c1ee967820db10b4ea33c03c156f6456cccda4318981ab91df0474abd
t2t_L10000_2606	0a4b81598a9186913f774cee561809bd37c6b20cf4c22e9556d09ca7bba358a7
t2t_L10000_2607	439fec2f7292c92f543c4840b644c07106e7279d768145edd8c15dc69f4ded00
t2t_L10000_2608	8f3544e6bb27e2d2adee541a79f08de60d9c88d075ea5a8ef605c0e8e6e2696b
t2t_L10000_2609	bbda6a8f1cf20a91bf48fa7d1900def2478d86d6513fb72aa6a7f0898f5f7f5b
t2t_L10000_2610	243e30b775635088a4e5e566f40e0a87b9a618022438ac7c15ec1178461c22ef
t2t_L10000_2611	ca5c0e972a74d2e70dbaec9f0499564f82f4b0a6b37929579dbf41c6a85a6439
t2t_L10000_2612	eb7f97986b5587e487bef3ae868d7290c0e787bdcf46737998e5e85b4c2f8076
t2t_L10000_2613	793d828970d391aa57e5009b92fae0e2cf63d01d1c034609750fa7aa0e31a371
t2t_L10000_2614	6406babebba2ea1660572ea330c433cb8657d4448a207daf1177466d8000e2a5
t2t_L10000_2615	f8b9fad348c5959231c3a74a04cc35792e59441d2d3c77b8925385aad3fef34b
t2t_L10000_2616	96b5adbfd39497e8d73aa8b9d7729dab80a9c0babcc63ce7ad9bde76e5f726a6
t2t_L10000_2617	5e535d499f4d872ed04e8fc715ad02948950257ddc4bc893394f8d204f30a11b
t2t_L10000_2618	e7f5f5095c16eca2422f655869970ce671b0046cee30fdb5c0e81002373e16eb
t2t_L10000_2619	41412f4fd12ce6411d38923b0bfd7390be2fee129b92d58e24db0ed16c3125ac
t2t_L10000_2620	e5b4740bed6e9a018d98a20e76fa1e2943e5c08c28b5a023d733b7b95562dae4
t2t_L10000_2621	0d8ec63356e75fff56a9140759cbbba314bef9cc6252209ac12654a964f74f3c
t2t_L10000_2622	349d7f2daec46211f60bc7131f1ca63c8eaf057111df6277ce2854ac328ed7a5
t2t_L10000_2623	fa36e7221986e3f568caa49c3467db88b81fd7aa9f6a34c0d3fe2fca0bd8e880
t2t_L10000_2624	3b95ab0b052d157749503a0952e7cd17a0bd921a642985e894e56009215e72a9
t2t_L10000_2625	b0c24cf5a7ab046e86439570df360f035fa554f5e36d8d541aa1cda39e58d2cb
t2t_L10000_2626	773ef79f6b4db90ac0d60b6751e2df3c364b0942ff6f89c0a006a810ea026bc1
t2t_L10000_2627	0182083b8eb96e8c36ea250c0bc7851e365b46bfe33ea35f2dcd35cf93f6098a
t2t_L10000_2628	24699598c430d8d8febc18174e5b9157ec45fbb9a63175bc6409aa7bfba9a2bf
t2t_L10000_2629	1bf317622472b8949d68ac521317b30c5dd1ff143fc161caad8af40a3d885234
t2t_L10000_2630	a03895dc7320bb3168dcdf18343dcd1526e43616989b72204d4bbbe0191aee18
t2t_L10000_2631	03305cd6005eef4d3fc08bac1714f9411b72e9f83ee245d8eed4423dc3644c7b
t2t_L10000_2632	f7ca143928cb02c96b32d90d8cfb363ceab57f68a2fe035ca8e440ee88971418
t2t_L10000_2633	1fb1a246bd824bb850052e9ceefade492812beabb427898b620d0780f512a1ed
t2t_L10000_2634	74df2491cae8e9520483c2bdae4e087955c0a9b46498f84127640cc665757aac
t2t_L10000_2635	c75700dd1f89cd19ab3e9ade67fbd492aac034e55a4c548a6e49e5b7030e66ac
t2t_L10000_2636	8b101fe39bddec59a110dfcbf5545e37750cc3d19f4afaca1d6338a677d37086
t2t_L10000_2637	53ece283ecf50994a521aafaa75bf20a3b315f89d52cb8614bc5f5cb3369815c
t2t_L10000_2638	9e947d21e8b945b956240a36be91c5a301b4b58b21e5e0918385dde1d8308095
t2t_L10000_2639	27ecec6b6009cd29194bd01c44e9a5d4741200236d7404296a8b59bff37507f6
t2t_L10000_2640	a4a3ba810ba59cddd3bd0ca30bc9bc23f0ab02c294f5c961ef75c567fa7f041a
t2t_L10000_2641	53c26d47b06901c51afd3eb7864e14a4a3ba6a71eea7a8a6fd683a26b5881d5f
t2t_L10000_2642	67a4c40f34a5d8622ee5946ad25c9445552c1a581f2f541b7a3efcca2d03193c
t2t_L10000_2643	758bbf2843055354fde7b925dc4875b0f5d7b09f2ba0bf9583407c8ae799307e
t2t_L10000_2644	bc122f74ef292ff8ca8b4a010db93c4750b10365f12c0d8ff8accfd8e4f6ca4c
t2t_L10000_2645	54d37f875c611efd1c1d7b36449a946079fc0f76062fd866358f9abd7b554f0d
t2t_L10000_2646	e2178c25b3a977ee18b93f9572f6e11baae261c975a6e98115bf0f4f136a6f96
t2t_L10000_2647	ec4d98b2dfb45c75284af07ae6cbf87e3b6ce1b09677350e7471fff14d8685d0
t2t_L10000_2648	775c288a4b59e64c370172a062ef98bc2f81a49c8eb43640e25f0d29d0ed7df0
t2t_L10000_2649	ed90398cbd8d67c949e5c5c499dc476bdab96b35ede57c279a79ea2119cefdcd
t2t_L10000_2650	8de21d4d366f942892033a070a52b763f5bddade4c1a857ba6b0875cfdab0572
t2t_L10000_2651	8708b856ea1576e3972532aacd25cc48635ac0cc65fc056d11be81ba8d311dc7
t2t_L10000_2652	6a38e6365004b176fbd718d72106bbe6ac78cd882e20468d282dd77f59b67c39
t2t_L10000_2653	7fc83087a808c15b26f8361b88cc2df1659c659ca59703e71d647b98bbaa92af
t2t_L10000_2654	437eafd23cee09edd962f691db10a6062688f80b44f8da5ce2cea4320b1223f1
t2t_L10000_2655	00ebeabd25570afb9026e2b2465c53570e55f270c72e9f2a42c75e9e1715ea98
t2t_L10000_2656	553d479446751dfa08e048695edc13b5f5c94eea79d835323374a5b98182e4b4
t2t_L10000_2657	238199782cc8ed89226f1dd2e1404e9eb1f6773115dc7d5ad955ba5a871978dc
t2t_L10000_2658	d70b8948a56523c4f3a6f7a726c668282bd9ae72b647936665ce71f3ff5f9986
t2t_L10000_2659	328f5361eca334dd900ea69235e8f6c382818ce54fee7554bb46668a956ad442
t2t_L10000_2660	888f74c7031bae6841420d32953169fa73f817b3b2b96b81abe72a23deffd6b7
t2t_L10000_2661	c6791c2c7c8e2f87b0e180e363ef01487422bf4f43de72ca3174ec84c71bf070
t2t_L10000_2662	c918961479234eee0c3a7a4876221dea136fd837c90f198d7aaf785cd5ef91ee
t2t_L10000_2663	360b73a459c5058042e2446c6b0fc720960b4949500f0d9c9ef02436d4dfc889
t2t_L10000_2664	e7d0f3c01bfc6773b86327e2ef829558a1edb8e6c1bb4b78c55e077891a9bab5
t2t_L10000_2665	8dd15a5116a7648905101790b034b7fa24e148bd8b5a319604a1060494701bed
t2t_L10000_2666	9f19468fba4036bf5e56fb49ccbe38214f11e6da7b80c543f2b689d3af8eec09
t2t_L10000_2667	4c36c6461c03ac415b2287884c84e2186e61fd450ed6280b2e2a99ebf91637f0
t2t_L10000_2668	161287cd3d5fae92df214526fb0301402658fb599a63d6a627ec10f419f830c5
t2t_L10000_2669	f2db14cb52a9d93530fa7045fc1ef509f8f3fb05f26b5c4e1099173a6258fd95
t2t_L10000_2670	2aad027fabd7c22bbb1db7963d6a9d9d27eb25e305148d622315b1252c858eed
t2t_L10000_2671	05d17bf82c76730025824a6bfc7b297f1fc1876e84be544e9cc5d94b14738c81
t2t_L10000_2672	0aaa2b6215778fe3b6a483b7f8b604485333b4ab26471261231867d23a99971a
t2t_L10000_2673	1d8313b2a67d5e81643980d62d845dcf79d25f63d02b68c46a530b55bde474f3
t2t_L10000_2674	44fa9eb845785560a0092d2ba7791edbc691f2926a446834a1b82b77595ec3c2
t2t_L10000_2675	2c5af09c7439acee0b6841521aaeeca36f2c7c565287c9afc017bd2a84e755d4
t2t_L10000_2676	29e7891112ed0ea3f2b3590bbc3c5ff66d9f3311e836dac0d342aea0f08bbf68
t2t_L10000_2677	f81b4ecd5d00738a14d1c82ff56b6d85212af2f26ff276dd94e52eb045618d04
t2t_L10000_2678	9f6952e92918428e1025926f84387393394b7e37278bd9fe8dca1c2fc33cccc8
t2t_L10000_2679	d8cafa1206f890784ff9089b35629641c68924d809f3ebf4016f4ceec2b98082
t2t_L10000_2680	2702f53ab24c2a95e2af740cce8e4ce49dcd4d415aee28ecf42e66368659e1be
t2t_L10000_2681	e9ea71f4988bd24a567ca75c0183e82b73018a1af8738911ca38fad1f31856b8
t2t_L10000_2682	ba90d854d33f8a24387b6542b22599769842ccdd06b4b77b39c86dfda0de2ae2
t2t_L10000_2683	60a2ebda968480632d8bd4caca26292042411b0471bdf54026cbe730e50a4cb2
t2t_L10000_2684	9de41281b550f42a1737a291c5b7c5c8ab84d9a2df732939c6001be492bf1d5e
t2t_L10000_2685	bb4357b9868b82e88063132a0611ecf8a85215cd06c8406dd9016bfb438546d6
t2t_L10000_2686	b306e5c94b5c7b081f96c54ff69fce3041b6f6853d672c500043789bd9e39822
t2t_L10000_2687	bf86cc594cdefbac4b169de18eed1818f3c069e0797d075f29e1ad1b33ad378c
t2t_L10000_2688	d7536d13158782dc47d6b97baba0a3fbdb5a3c7d4e2311b82be4b8e6dc20c661
t2t_L10000_2689	a532c1726f9fb484a91f3fa62f4ecfbf2ccd40020281944747dd836076c4e873
t2t_L10000_2690	daaab3d91ca06e61f2f1a76232d91c7390db7722e0f89533ddbaa5605423fc32
t2t_L10000_2691	e58a619efae383680e75e20f29a1bc0551c5bd01bd83ba3d77fb40bd1d9e2946
t2t_L10000_2692	e32eb4b1dd96ec225ce493f72e4b956c188e957d6c2b4b6e310d33d92155736f
t2t_L10000_2693	eb6e0eb8eff345667d2ca19984932ea88e31db84baf54a5e98027b77d3d985fb
t2t_L10000_2694	a4dc389438cdf28439812475ad9a729819fd9fff72d15f1cb17374ffb2316c12
t2t_L10000_2695	bed0190de199334b7e4d3d85d9a105146704c2482b6666bef1f1f5f47dd4f1bc
t2t_L10000_2696	b2c2f6cb17077eeee02d4abe7e4e8efd8ccca5e713a8d03b57da23f225841cdb
t2t_L10000_2697	03c24c017952896e9e0da8b28df00fca1a34d57d21347c676bf46bd7fb903521
t2t_L10000_2698	181bb262eb8a8067dc516f534e749e09005d03c3202f5c45239a0a5bc9d6348c
t2t_L10000_2699	e877ba9b7ef900448d2143569caa7f6922b600472d92a0ebc72fafd5ff64be90
t2t_L10000_2700	30beed47aba7d5f1e11aa8e01567a81342580cdc3d71ec12f5db70f177a30bb5
t2t_L10000_2701	029a0efc9e5fcfd9ae61c76784339a5fadbd6a5000c34f7f14daee7e505cd70f
t2t_L10000_2702	7273d12dc3198a5bac886fee4e2d72782832076e4d6d343ac7a9ac2c39216864
t2t_L10000_2703	e3c793ac8e352d9505ae893671fef6f5e061e44eac832c7f66ce10ad6446b147
t2t_L10000_2704	53207b3dff4be72e1e8117a5edb11ba5337d5a30998535b6a9b059787c0f4781
t2t_L10000_2705	6c945becdb6119b3003280f68928c56159f52e245407ed9cbec0c3413d76ffae
t2t_L10000_2706	fb95c03fe6fd2bfe0437d51e9c6c850bec03af0d49a2d0ca9f94d17ee0c1899d
t2t_L10000_2707	40910d4f2bc8d31c8720b05e2c83ae2707d057120f571c28c2671651a6447664
t2t_L10000_2708	9346546fb7301d6eb367c7670daaa78fad8c6d8a4e251cdb99249f62e7efbb03
t2t_L10000_2709	31ae129a9f0b47452152c263e98de058d86e98d6c3dbacb83e33d5255e4f461a
t2t_L10000_2710	60c36f5fb3756d645b9b8a54861608b78ea15046a6c32de36357574ab920eb22
t2t_L10000_2711	1eeefe0250bf330fe7f96b180d695a6072b3480aaffb578df54134eba64130be
t2t_L10000_2712	a658b7233e19e0569b7e388ebcea76eff659ac019912936f214f475cb6695e85
t2t_L10000_2713	25b708f8360398edd4514aefbf3944d85c9253917c2244917d10e7a47566026a
t2t_L10000_2714	264ddb94624fe1dc2b4e0c592a8046c50dfcc2509a21a2979b54212459fe8e50
t2t_L10000_2715	fec97d74174cf3561e143d4adf95f6d111c62a0e3a94f7906b0974da80c7c21c
t2t_L10000_2716	0d1ae2e93db423979cf2629fcf3c667e2b4cff53bcb164b86e0c8dc547411edb
t2t_L10000_2717	7869ea2850f4c630c01df325a6fbb30ff40e6dc3442f140bdfe25812c7f5c9cc
t2t_L10000_2718	34d37cce5eda7d242047008b9fb3c2a5cf08a42a9a55164c11b626adbe283958
t2t_L10000_2719	40bc20f3a0df6504cf4a6e7f0261c8182618ea29c69f757d17c2cd3622159d69
t2t_L10000_2720	74ea131e4041494faa0a055b27817a187f2f4e9ad872e9582811412a63366a3b
t2t_L10000_2721	9e06cb93ed1d8d52c9891659b71d35cdb6e626dd358a539dd66d8b04a5220cef
t2t_L10000_2722	2a971c78909a9940ae8f5f990ba1e8ac15ddca1ae0e81c919a7bde2bff6e5fed
t2t_L10000_2723	577dc2b9d49fc9858d7a222c2e0f9fb344c4c2ad4e0f35bf5c539ef028d63877
t2t_L10000_2724	91576a0844764a457fe411f9df3e862e9cb529b575807fd09391003b1171e9fd
t2t_L10000_2725	d1d981d40374fe0b57f9418520f46cdc83e3c1e2a15685bd734340424643509c
t2t_L10000_2726	53bc44ca906bfea1e82b478c849f8ffc9d931c9f3e5956be8ad02477ea420864
t2t_L10000_2727	d063be7b2fe13fab16d9c3a60d9b3fb0383207994d6c5c53f74a37dbf99895ab
t2t_L10000_2728	d25aad5898f6a87cade42bec05fb5a63cac87816831d9ff4b0d18e1f497129f5
t2t_L10000_2729	c42c04b638db61c86ecd3d311a9707b757e343eeaa5de68b1c6de1b41806ee7e
t2t_L10000_2730	a043e26848a352e6393531f2bde44ff6fc29ffc94ae2955b8be940b107c76662
t2t_L10000_2731	b728aca273d3c27adf9e0c7e16d3eb9644f050fcd2bf8e2d3d9b1e9db5010d67
t2t_L10000_2732	dcc56498e2482013b4d85481ebea0f3cb80bcc957d48c8cc951dcbb396c0fe66
t2t_L10000_2733	0436ca66998a8a9b94cebd6acc35b4100b38a51b9e8d9cc8f6eda27b0d60c738
t2t_L10000_2734	2e2c279965aa2ea06507767020bdba70ee9b3c88758001262383d1b5a1c69a4e
t2t_L10000_2735	6a378e3c1fae413b034c5344accc47279d76438cddb6a0053e3917c18c724f21
t2t_L10000_2736	9edfae6b6e6d47624e7c751971153801ee2881700ff5569348a7a1658bc5424c
t2t_L10000_2737	c5f4d113405cbb7f40374d98796cb791e5e62b39f90b5ec8e38c09fa3a0ced7d
t2t_L10000_2738	553cb6711b462e53b5abed6d0952d68414876f3f2c2e18b4405c7c099a1439c4
t2t_L10000_2739	afead396422342ab0dd4c62a75ee2203607c8355aa918d08c42553f97dec3174
t2t_L10000_2740	a4dac3fb042f8f16b3100c6c36fc9aae98aa1fb9b7a9869d2f79ad5ddf446f3b
t2t_L10000_2741	d334fbb4d9f28a4ac8c8274d8dce5f8ae79c8ac897054fa2d1a1d39843088f6e
t2t_L10000_2742	11a75fb40dea72a13528011b28ca9dccf9b499d2cc58131def65aa1419a9ada2
t2t_L10000_2743	51b32291d453a34b96e8f732e64a59d8f5204507ef2dd5f135ffb87b32ae2c42
t2t_L10000_2744	757e0e42b96861e8451a15a763ec98259d867e1f863caece48495e677c4ef790
t2t_L10000_2745	f53bc5f5ac7f58ae02058af4503202f096017692db0f9ff6ad87ac47c48e9ee3
t2t_L10000_2746	ce0e589f97afb67f1655f53efd74d4247691e7ba69d8ad7f5446d8d9a06af3e1
t2t_L10000_2747	83dd6f924c9041cd3469a6008168535385cbe7c67c1ed283b68345f87f1079d1
t2t_L10000_2748	af9850f673e48b1fdfef2252ba52c86f132942c02ee874209661e20bd8241b40
t2t_L10000_2749	9dc5a98f88b3f7c718832d3b80a43a949b14c116f59816a67070a07d665ca587
t2t_L10000_2750	a257afc8779947275c53b5c3c4fbc4cbcf3a5c499a877283972e6248231415a1
t2t_L10000_2751	6be68a8cb928cdc07af4c36cb6413667772ec7210704a15f76933bc50c459733
t2t_L10000_2752	a6f6a66acc38e37b11767e55fc1d394ace431b9a649d9b1d807551f98f2a9f7f
t2t_L10000_2753	a1447abea458f412d70d1ef2351127e14f0d96d0032c0b6320a19c99b18cd530
t2t_L10000_2754	9f2279f2980cb0db0f665a12a4788fc53551ddf0c8820d3129f1a864a7a297e0
t2t_L10000_2755	1531b99586fe6e553a8ad88e288464b5d7c62b0e2da659416e0ad3ce017156b7
t2t_L10000_2756	c6864e0fcbc35192fbb822f76ec56feafda349f542292ca3c356925687146092
t2t_L10000_2757	0a82b9c42c791e86279dcd6bb20cfa1c33b017998588d28336291ac0821b97f9
t2t_L10000_2758	9c1bbb9ec32cdf20eda1ac7fae8528cee93b113f90e02aecfa2b324963658b22
t2t_L10000_2759	b931118242a741eb8678806b14a166b1ed0605fd40201649bf001a209a215a33
t2t_L10000_2760	beac6054acc77d5de2f59f8f26dde5c77b833486b1606fb0de068b8eef8f4012
t2t_L10000_2761	c0b5d523947d14d80a3daa662066096022f9172d3d2d538179d1e559037360b2
t2t_L10000_2762	07ea23a1d536953cde7d63aaac07d94860a7a60f1f9607b654cc4d70a15c23a0
t2t_L10000_2763	60ecf061d9a8bc64482f26bf5fd240cb8f6053c1b2c6b5ee5391198e587837ee
t2t_L10000_2764	e7b1bd48a1e8c9bac10d3ae39c047de57d8bb36214db9b455d8659bd6a9286d8
t2t_L10000_2765	560d891aadaa9669f0c830ed187330cbd535d84da630ded1d505cb9623720a0e
t2t_L10000_2766	7a37916d1a195ccc7c9b253f163a172982d02d70f77d48d92316b12477d49ec2
t2t_L10000_2767	804a6f0e3ab65ae812085a23a0d606381a622a5cfaaf296acddeb8cb42dafef7
t2t_L10000_2768	f9fdb72fa811f4d9e3089cb7e9131c8ea80d45a83388523d3029cd7919087b58
t2t_L10000_2769	8f0a04325496c82687d075794394628ef9fe713eb78739de4a96b29fb45fb622
t2t_L10000_2770	700617013dedcd75325c6bb55ecda4bab973d38821d6887b0bee7b53ee30fb60
t2t_L10000_2771	eea6015fea63650d1edd9d9d065464b3672b60ef7eb98947c4009a5d0c40f1bc
t2t_L10000_2772	9f577db930e9f09f4dd3485678aefbccc3a6c792e41351f20e60c7305522c0be
t2t_L10000_2773	d6ab69f25cdb48831794569e523e131edae795c8ef49977fb402b34adf2673eb
t2t_L10000_2774	84b7aa7f98c500e20565a60cd988d9527999aad5db94140f5e3ce8e203a181b7
t2t_L10000_2775	eb4c6ad4733dd60bceeadf63139e434d610639b2f761c4c22c97351275296370
t2t_L10000_2776	016627ca7d034a7428833120f5c52195f855347937d1c6b8ed2aabc16b1af14a
t2t_L10000_2777	d3d278c8299785e4a6751fed55267d9a303406b91275f292ea7d081ea0811dfa
t2t_L10000_2778	131f3b4514eaac6dfbddc7fa9104d3002b021ca58a27c674dabc02452c2e2e30
t2t_L10000_2779	4a3b377f199e283d2fd71dc9a9c300cdd99d58f430442f773ec64aa29464dcd2
t2t_L10000_2780	b312a97550be0c4d7414bb4f1991ba95589d45d82bf5f4050f119303242f6c4d
t2t_L10000_2781	659a8521053ac16c2df75c27e00bcd4176ed86bc3fe64b146fe5c6c627507988
t2t_L10000_2782	0197f0c5bce35ac3e7b2e5171dd506b9c758fd98fb19263fb95329db3c893842
t2t_L10000_2783	b0d3c3a2e9be66960b5eae33c55ca3bd3ab85ca18baca55929635c0e34d7ef76
t2t_L10000_2784	6cf4db3340e44897b697493c985589b945e5a49c19f610c863536b25107f8184
t2t_L10000_2785	d53bcf83fd9a1d1d3cfd817b78341cfdf380c9cc72a59f7d306b1fefd0951d9a
t2t_L10000_2786	907ec78c63b6b6e3d3f6e289dc7dc26b08aa666a93f1ef2316b3a7d09a40bd4b
t2t_L10000_2787	8c2689d1a8693b451468a624afca066f39b16154a3479b72abb3a9171a9bdc56
t2t_L10000_2788	c35575468baaceb2de4b9525192c31015116dcaed277625d7c071f48663dd069
t2t_L10000_2789	e6baec7f223dcddc3cb58878a53dbc7fdbad5ee4c8b4a2cfa5d3bc499962058b
t2t_L10000_2790	8444aa021ae900df943d850758715d0bcce1966f1a707cd857a4444c9a284270
t2t_L10000_2791	5d9c2bd33c28ee5e9905abe85cffd1600bcd4570d1d4e3d0261d042e437ec713
t2t_L10000_2792	505e9e1265f25a712a2f3794379e04d9415655dc85c916e1d3721739a05ec96e
t2t_L10000_2793	cbb43ed4002968d68bbb7005ceba31c4ada20e7bf4311c15d459a504270d42a9
t2t_L10000_2794	3a95873d782274a20ff5a76b44e78511b6392efdb1e82280139fb64e63305741
t2t_L10000_2795	79f40d570e3fffd16789cdd28561fc6ab4272a4210fa5e33d5d13505ce1b5b4f
t2t_L10000_2796	6a426d3483efd4e1c69246d62e15d369540bccd1e37bd4e450239392b4291638
t2t_L10000_2797	ec84b63efdd2071968162aff0e57c47a856be18e8fbfba069b5a9c4a2eda8caf
t2t_L10000_2798	498cb730339317d5131db069cbb752bc57cf0e1d0eb643490402168375ecf7a6
t2t_L10000_2799	35019f74d1b133498e8874ebfa55c723f68dd17a30fd9ddf37c7edc4b430997d
t2t_L10000_2800	ad7937b1e26a374a55569a168eca42a00ddd2411416cf7283d8cd8734611a82b
t2t_L10000_2801	fbfb8df1a4f359a783363b85adabe48c544d2ddcd2d428d16a389e14fa8ae42e
t2t_L10000_2802	f98941590ceecd60787679868b61370a30abedd5588aee48a026bb0e3b653460
t2t_L10000_2803	b66ad0dbee5b6a053ddcd1186528caddb52549ea243927acb4e52f0c02249b3f
t2t_L10000_2804	7d958c8b01be32b60ed6852d825e7c70594888491b65e64651a820721e308a36
t2t_L10000_2805	ecf52b872c585608d76d8d489428286908ec7865c75bf3a4a3bc6baa91d6f5f2
t2t_L10000_2806	a9c897fbbe8485c5a9199b743d9ad20740e79b36248b4b00b2a638b751f7969d
t2t_L10000_2807	a32c7521ae57f26806c12e1e832083f6a7ccf7b23af89d61c8dea99920957ecc
t2t_L10000_2808	7f009b3d36c23d9858ca9ccfa3feb06e0fd71bc2573242627402865599928dd6
t2t_L10000_2809	49cee6b19ce5f04178b7de5c39e52e12187b5a7efc3a5a2565719a50beab1ac8
t2t_L10000_2810	f669c5b9f36896c8298597213945e1f2304085869e60170d44df5da05381ccdb
t2t_L10000_2811	d04be79cc41859cf083a70dcbdbee45473843394e5ae94e579d2c9bb71632d45
t2t_L10000_2812	85c8e0fe49caebae359b48a4dd860a43ebf879b280d48926782dc03abb80ac2e
t2t_L10000_2813	9a9004e79f3c1adcda2e2323e45a064ca82a9e68a759eb59624dd6b0f96032fa
t2t_L10000_2814	b816313b398ea63545f8953c0fd365441a0aa96185418f9025fadc0cae5037bf
t2t_L10000_2815	c198c59f3487092898c2eb1e633c500d730473455f6dbd17d6906d528b76c2a2
t2t_L10000_2816	141daa4585f850f6ddda68aa913dd51e2cb636e84e9c4210bed3a867f56c0065
t2t_L10000_2817	1bd9c03c74a5fddf70da697b415492e3b090cf5f1025308d0955650fd6414187
t2t_L10000_2818	fad3bdd9373b43e9f712136ef853bfdb3d9193aceff179d76972e7ad6b331e96
t2t_L10000_2819	245358003df422e703e18511f45b3c2a65942bb71aa6ad4790fadf10e6955e36
t2t_L10000_2820	c06d59705e014f3090e58569663c9b0128692734a8abed3c8cabecad25f7c94b
t2t_L10000_2821	fdb2461ff8251259643ec5d7e243965a26bb14e108104d6749cd48de8c7ec31f
t2t_L10000_2822	e3476c3bae2a37719d98d7ba3d9815e9acd43f43527e9aa423ff481bb5abb3c6
t2t_L10000_2823	c09ad9c78e28a1ae25429bb54e9fa33d85075048674df5eaaf731d83f3091c2c
t2t_L10000_2824	316b456c20650d88b28a065d02fa05b8fb5c53e9a4d36c70b3c207ce9639da5b
t2t_L10000_2825	2f4a327727b7e4e5d79262f35a8d485490c5b620edf0c07b1e2daec249f5f682
t2t_L10000_2826	5b6ca430e1b0fc6b957e818288743f3a933c413bde1099fa2616070c21e54497
t2t_L10000_2827	25bb1cb2dc70a2045ffd8dba03223822b72f27d9712d600725700dd532a10c48
t2t_L10000_2828	36fa8dd1361a39a4592894afc82aec274d098029ff773b0d954386c74cd61718
t2t_L10000_2829	e57a21181727ddcbe17090099dfa23c4c5c0cb784db300a1941a59317a8471c2
t2t_L10000_2830	4752bdf9248645776caa70ce559a4c963afe359ee7a89c83fb2d10e45fb766a1
t2t_L10000_2831	0e5e0075f354c73671ec0976274cecae1db03a23adce76af5809b74dadeabf05
t2t_L10000_2832	5fa11e80cec2f95255e9b580a381165401a34c94d8f16e1b2b9c50829928088e
t2t_L10000_2833	12dbf6b685452cdfdfae3c58c0cd101db282f1c09bc229f31c79c775dbe44ceb
t2t_L10000_2834	5e4171e75ee2df191b80bdf6e3be6c521a640331bd746c7f88a69dee5a61be2d
t2t_L10000_2835	d6f3aa0654c171cf9528176934771d1841b8f3309e19c393b87651e9d87b01bc
t2t_L10000_2836	7566848d5eab29f5f602632d927f2b3a6f8610aa71d9345cd10d815c67dedd8a
t2t_L10000_2837	f49ab5c76b094fad4cf64ed7dcea91b6f435f0fbd0c8c76b708a8e8217c80796
t2t_L10000_2838	2b0bb2301c66d2fd7d0d1fb0b0b70b4e63535e72f64e98071a66226e6832b2cd
t2t_L10000_2839	bdc0c0d171663076a3f705bf19ed0e29513869f035bb54a16106e7e351ad7456
t2t_L10000_2840	c6f4bd87632e0147ea22824d060b30b5a8d8fa7806d682208d5f25f28323e8e1
t2t_L10000_2841	24782c60aaf2bd79fe4584cb68753a0ef3e8d8187c8558c94cd430d18c33de78
t2t_L10000_2842	dcf62090e5f5c83d1e3c0f18d6e0b1785a6f71506dc1848eaa74cd28f632bcb5
t2t_L10000_2843	e26b2f0f7e2085ea007416ab2b99cb749dec255984f264cc40ae15e8f9b1f83e
t2t_L10000_2844	02dd85667a44662ad7fc8bf4c038ad563c40a94d4ab07ef5aeca9c80ae3be5c0
t2t_L10000_2845	e7a8b55407b3ad9e4be7601e1f365347284274913d8d6a04a9120e121441c258
t2t_L10000_2846	4768bb3de6c29632c766b9bff96891e809b6ce77a3290feab136909f6f174a34
t2t_L10000_2847	1794d2f3e58fa78b0fa4fa6806ac3dbf180554da993b366c30c5cb4c2f327db9
t2t_L10000_2848	f94aefa205b97e6d39322570b601749729658eac49c4dd1e247ee4a5c481f402
t2t_L10000_2849	9f4664b330e82c7555855bf8aa739c37e0c34a86b4758d4ee454a865138df9a8
t2t_L10000_2850	8574d82a3ce966346b8fc92b2cb4487133ce1a1d217376d540d4170479f47069
t2t_L10000_2851	fb54ed7dce946b460758badc9e2d6c25df671a053dc3fc803920cf41d25b47a5
t2t_L10000_2852	78bbc22b62eca75faf77c24da4e9c20c0aa2c891c0146e17fb80e7ba12453f12
t2t_L10000_2853	6078ff82ee811251b213f961224fb5804d823aae09adf7be7ba6ceaba50e68c9
t2t_L10000_2854	20e206696787a32d479516e67c95fd329b1921c35d04a75b7fd4605c23b52b13
t2t_L10000_2855	4493f008cecc03d09ec24b37a36b1cfb76fb4c8eb45b3514c8f2eb0c83e78283
t2t_L10000_2856	c9d5fa9e48c905a82fd1ee5fdb382f085352b2df558dd6c46659115c072070aa
t2t_L10000_2857	82db5556ac89af4461234b2b09ba2df06a48040f69364c87f8f903a8cc7f8c6f
t2t_L10000_2858	44dcd9295357a02ad9518b045ce06f07c153c2dcf3332da1a0571f660b708915
t2t_L10000_2859	a4318ced9f98cc124fbea9b81c214ec6f4cbffa495ac2f53826058809be3a5e8
t2t_L10000_2860	b99a5e2eae5e9927db1d15d0650bf40bc492561741bcea44643bc2b0312ed9aa
t2t_L10000_2861	b66d71869be3faa2fc56f7a36bfde50c69284b52ae90847f6c9f93957a3847d9
t2t_L10000_2862	c7174cfdd875597b0e98e92e88bdd7f162ad17fa088c1ac68ad0e416e174d2e3
t2t_L10000_2863	1d82f7617e67abfbf21ba4331eef7865547a67ec5eb6223aeddd103d4470b123
t2t_L10000_2864	0a3d003d938de6e65af1aae09616637df554882e23a1767b8c93088569d27a89
t2t_L10000_2865	8a8c19639015d4d837789d3c9649a008505d04811d39a5598c86066070411e73
t2t_L10000_2866	fb0c9328b0a69221a1f966b24c7d3284e7a88f59709ecdfc86bf2bceed8d35c1
t2t_L10000_2867	293d8c10ec3495b3c325a97093ef846edad43efe0c182b9ca533a8a53d6669f0
t2t_L10000_2868	1b8cb94a1fdb1678b37a6e4e14132dc33e5043ba0ccfad8fe39e198def5ab3c0
t2t_L10000_2869	dca4034cdcda463be171463e0b7aa480f70278dac08a1b39e23f5b814e9aea4f
t2t_L10000_2870	d56875152d960df6d6ad69fd66dbebe9aa7a0714e4504157c41b2bdbe7c0f710
t2t_L10000_2871	a08e497dc702aeacda50927b6549dad99df46ebb792f4018faa4f71d114903ed
t2t_L10000_2872	6df2b40fc58947073b4cf345e3c647a384f3a0cd9a4bc1543c4422a4b0cc87f8
t2t_L10000_2873	d2bd51ce5b75e10f3d0f167c53614b7b0c74d1a7a8269cbd0c3ec0d0268f0af6
t2t_L10000_2874	be179ce6004256f81a771cd4221af7d1c71c204ef0b8cbd3465255184bfeebb0
t2t_L10000_2875	4ac3c8fb98a44579ca0c8f300a5c717ec6eecbeadf31e511503b8524c93dd8f7
t2t_L10000_2876	a16dd69cbefa4abe50a15dcebe2aea6d6a9b63ffb104919fe8382a2241310447
t2t_L10000_2877	a893a6db906230cc02f0fce963a0c201d2a6bc157f6aaed2817f49fad09586c4
t2t_L10000_2878	5610b190aabddff8d33952c226183ceeb50f63324ef087d6cf44ea374c77d537
t2t_L10000_2879	a0ae0446d58838de145c6a67327a3bc59034c11682cd43e839fda478ccba0402
t2t_L10000_2880	55acaa144110dced32dc2f1fa378e80b642b1143afa1cef81f83537fea21ebcf
t2t_L10000_2881	311164426fa6849ea55e9248fdeb4e03d3f29be9ddd6b7177b5678579a43edc3
t2t_L10000_2882	238b18321fa85b0c65b22f94ad1053668255e9d3db751828e352786fce2495d2
t2t_L10000_2883	ec5882f428d90e015332a0f2bfbdc3280491d61659dbe6fee7486dc5f30b7298
t2t_L10000_2884	745a778f2d9f251b22d3c7f27a0881a725a758d41a2f259dfc7b9cb6ab13c15b
t2t_L10000_2885	60e875269ac08a3bf6c65b23cb2cd084a457aa0e9cbfdce998547aadc48f0bb5
t2t_L10000_2886	8cdbbbb252a1a8af346e5fb1aa48aaf785cee0c64383f76dae641c65f70aa00b
t2t_L10000_2887	9ffaef3749b0068b3257ef222b07a1c48e8cc0529e0a181115d858462d7d4f8d
t2t_L10000_2888	f8e7c3912e5a88f489d02ddafb7bb559104af8847408531449ae486d93463e9f
t2t_L10000_2889	0c266eb360018ee5b779c6ed6358ddc062fe954d5c70bade1c327f9255e85683
t2t_L10000_2890	d65e59aad47f2399c3cb237c31d6d84dea6ae52e3de8fbc0d8991d41c455b635
t2t_L10000_2891	19c82c6543611f6dfe228280ee0e842e2be52b77aad2490f537daad0e7f413f9
t2t_L10000_2892	2cedd98ab61bdf8a1c3f1468c135a2357533b9fd7bfb83887533e00e0ebbf329
t2t_L10000_2893	678ed0e2d9793c5554587685aa2053f41af2ff07b8e0d7d3cfd3e245c3abd576
t2t_L10000_2894	1a252b8a62949c042e88cb40fac6b39c3818af3ffc48225e9fcf6f1aae6bce62
t2t_L10000_2895	00bbe307cf524634069310205cb38d8ebe8d309df587e46adaa5817bc524a451
t2t_L10000_2896	120d91fe2c70d54837f86ed0fe3528a2fc11021be5771bc24def60b77ada1fe4
t2t_L10000_2897	2b8c5db927ad8218eb8ab67d903e4dfe1a2f9e58c28a1d529b30929cba0ec9f5
t2t_L10000_2898	4fe478a6aedad2a8006d16235874ae344490476b9c93751f4f8055286f006fde
t2t_L10000_2899	8c445536be522a4840a2aa46e0c114089a0aca838301b53a12536fb14aa35eb9
t2t_L10000_2900	5b5dbc79c213cc681c9a7eccdf8c72ff9aa4ee71b826ad28ae11b542218f7d6a
t2t_L10000_2901	8799668246b8c90bba2351f9f5fb035ab80a4a5f45d8d7c216969860c1da54b7
t2t_L10000_2902	1b4dcb636452f7ef3a4e14f151bab3e9ab45399afedf4175f91ae29c891b9da9
t2t_L10000_2903	6d962384507e3dbbaf8d3fe658449d04bea73694fa08418b08ab4dcf08d7b6d2
t2t_L10000_2904	d3f2f6cdd17bf9c4c7c627acd5c53325f5e9a1e96a0d420ec5817679d32ca93a
t2t_L10000_2905	50bf7ba045e15c49040d30b9974d9ee4e71bdfb240cf8c30b499fe36f5a8adb7
t2t_L10000_2906	816737ac6f3ee103c9946d4f8991711af7ea926188ee49ff21b42da5384f599d
t2t_L10000_2907	0f5ac259a638a7facaea5028fdd5bf23dc0190d016775cac62e6cf6769bda15f
t2t_L10000_2908	ade511131966dd9943f6e267a42d84c51c7141d58da4531e5ceb47732ca0aa04
t2t_L10000_2909	c0e63bad089c3186a29749be42b02caf8b38855fb7aea4a1a895628e91d732c4
t2t_L10000_2910	1b61789a44d31d477a92647c61aac615b735b9ddd07e188998aea38ac6933a8c
t2t_L10000_2911	94aab19f277ec8b76255fa47f901c63a6f9dc7771ff0045315b4c331c43d4392
t2t_L10000_2912	b29035233d6ac27813c5043036ddf556bc7e016a69ecd6aad6393fecf828a02a
t2t_L10000_2913	dbcde29e59fbcca52757d59a19f1d1f8e94b84b77b1309462d73168be5f54b41
t2t_L10000_2914	4d1eeb4e9c9088575c7cd8c3293e0cd2c329546379510c69e8090e39afa8a985
t2t_L10000_2915	5ab78136243b2b0cb1591470abc940c8b644d6854e7690e66a289a7c01f57a0e
t2t_L10000_2916	4297fb17fbb7bb0fc91f9bbaaedb1e357e710db43e66fbf59e1c37e2d43dd2a3
t2t_L10000_2917	a7d3718724bad7e898e4188b5d68d53119b3deaf71a28cdf3674d70aed5ddeae
t2t_L10000_2918	e558ec0243c33303c8ab99988220b6feea7285266d65cf724132c0d45923de2d
t2t_L10000_2919	a009208215a941813803e6f9e01fc9bc0592411561def84394a0ef67a4545fae
t2t_L10000_2920	50380d300235f562b92e4b4e574f27da79a3dc9b18923c1c347b970df5cea34d
t2t_L10000_2921	f5a8535a9efdb4e612afe941f65a86d32f5405b38157e4328210ba2d6d885fac
t2t_L10000_2922	04d97a3ca4f48a024bdba59ccc09c5935835df72c139837f95fed5a7da93f4e7
t2t_L10000_2923	d6e5ba5382de24b9092d2066ed6adef8ee923f9e2e15e72939ce9943dd950ceb
t2t_L10000_2924	094e57c8f7857ec5bb7eb61829eeeff737dac4ab1a1efac5dde5839e24d1f057
t2t_L10000_2925	e9c0e3a531e73ec18d2bb3845e3870e8af0c83764f30e04bb4dc993f130adfb5
t2t_L10000_2926	a5962b711a087873d5804fcbd972e029ed4e25b44b81dcff20ca6e7fd0d3567a
t2t_L10000_2927	ea84b5045dfbc1ee5c13e198d195084e0130c13e3b2fb6006ec3ee625db4027a
t2t_L10000_2928	93994a6f8fa6836076ff26c4bf2f9f6bc1c6f2b0eeb67386d6b52d23e6ad0ce4
t2t_L10000_2929	a4a779cce435f9040edcb82c342af9d69c23e0daa97d4d62e1cac7f422285fcb
t2t_L10000_2930	3f650232387c2404c9196b97f053d2cb15fa142c561ca3bb9b145471ca001c1d
t2t_L10000_2931	146be745a4c77ea43bb5377c45894bd833d1e03fedcfb6def4c3b194690a308b
t2t_L10000_2932	6b2b478cc8e349ddd156c2317358709dd843fa49cda7e905d0f4a37bd00249a3
t2t_L10000_2933	1a748da2cf908ba7e624cf9610f2f792eb0218c83dbbfcf166079dff52c55e9d
t2t_L10000_2934	d9e3705683e153c0caf670b9da2b35fb4a1f16774fcdb42549701bbed4135cc9
t2t_L10000_2935	04a77d3d5675dc4e70ddd7b824f0f574fe052022e0e4bcbb36ffa68dece70e31
t2t_L10000_2936	89511f99848d1d990b02cb5434426845d339dd6d4c4e29978ee5c81571672a1a
t2t_L10000_2937	f75465149474c221ce20d7d8c2c161ef7831c1c6ad796a18ca0d6cfbd74c78f4
t2t_L10000_2938	1eefdbdc93124cee1aedc03dc3487ef4956a0abb0fc06d9f369dc1c212e72977
t2t_L10000_2939	7182a5ec684552a5b545d540da64d961d1854426d58e53af070e4038684ab25a
t2t_L10000_2940	02ec6cd7c873677943ffb80541b63deb788321e00e6faa3dcc2ef70b7d4324c4
t2t_L10000_2941	8eb5fc8a9ae97125a03542032d3c9bfdec7df149a742338e7d4a3a6bcccaa901
t2t_L10000_2942	cf126a71c5dbfe008279ab34ad282a4602ff36a0a51049924d6d38aee1031933
t2t_L10000_2943	873d9867466e4b42aabc5119b0829273c38db272ce4fdfe08b9af6f051dc7cb3
t2t_L10000_2944	7bffbe778c95b5075305ad81effc6c8b38029574fadc0d1708c03c9af1165036
t2t_L10000_2945	9104c28415b4ea818d68a52bdda45d02ed07909a177f196d1c773a4742f0569d
t2t_L10000_2946	7d9a566b992ba8d42f8cc6a84b57ca95b2c38b0c4af1205b459bb463a364f1e3
t2t_L10000_2947	c3a095d4bb923eae93df8571fccae4a173954949221957acf8f6b303ee391312
t2t_L10000_2948	d8435193dbf175cd0fe439c004f40b05577efe6d0d2bf6bb765b7d711cc4137c
t2t_L10000_2949	dccf77ceea98d37a89bb825f9a788533a23ea9c9e5024e505038fb6e697e211c
t2t_L10000_2950	8b981c8591faa8b4e2a9ec41f70227e613e5dafc01a2af74713e00aff73d83b2
t2t_L10000_2951	ad5963d2042854b0f2ad913f0c1fd2349bbf88af66a11d6b8752fea2628b52a7
t2t_L10000_2952	8c8204d83b2c0f407a56419be1e9b07ac35e6aee3238586a4d1c8e32cd8ff10a
t2t_L10000_2953	73458c91221120bf661354559971da5f734602afae2560ea20f591db28b0de1a
t2t_L10000_2954	16028c99a952c18f8af66f070cab1fd01b1c776dedd9d0597fc3c3ae34433935
t2t_L10000_2955	4066e23749a360b3c23a5b06ec0383920617fa8d5e7558a544ebbde1bdf2125c
t2t_L10000_2956	3a8c7a5bfb6ec20c002403ad26cc442e8606bf04c79175761e8357697c574830
t2t_L10000_2957	7478b37048c79cb32c98cd583b29d0148d4b917f672cfcd6c17509270bd2a578
t2t_L10000_2958	c85e563d4f03cf2305bd042ef9d0c50c7ab30e60c079b77a7bc9cb575f99442e
t2t_L10000_2959	054b254e4b97d1f5163e114a0db07267a4e3df79c2540c8225bef8d9bc8078c4
t2t_L10000_2960	4c9aed7f34ffacfdab040c129453d32e4310aad8c9460e3df4fa4b87fa8d5ea1
t2t_L10000_2961	9558067503d6dac2d8c01a41464051b1661bae57ce7ce5addedf186566400357
t2t_L10000_2962	599ad513d3cd8f7f811b9742c43a3e3e6016e58d779773dce14d0329ccca7c50
t2t_L10000_2963	d495abb7928738987a27ab1dc15a277f062c793b729d4e118f4db06cdbbbd21f
t2t_L10000_2964	298cf6d70009cb4fc0eed253ffc6e9edc6dfbac0271d8bce6cb663d9620ae7db
t2t_L10000_2965	097389b9a10d6807ea124f12df45c928f0d5229f7f65502fefc3dc71cb41b749
t2t_L10000_2966	9fb8ff2edce01330a951a790d3644545eda465759b3f969a460ecd8e73fb6c5d
t2t_L10000_2967	31d87a1ff9201ba4b1deb92c2c3b571b653c001c9d2e70f1f5c770df623afb73
t2t_L10000_2968	cd5c269f0e35be935a0e0ead07ae764c398eb2ffdd4cee2800bf6afee87cf2ff
t2t_L10000_2969	91089c94f86f0a05baa29100c7b02e0f1fc7a04a3982bea1a647f2f9949bc82c
t2t_L10000_2970	fbcb2bb8795bba64257b107a4df25d3343334c3946140a69d936d5d37b377184
t2t_L10000_2971	78fbd80a97196fa20e221346c999b3572a3f58a4d8d42c6ad23a2e650dfe0fe9
t2t_L10000_2972	4247937e899f7705cbaf3d36655e7a2727f3a138fb4f73f5480c65e09b20ece0
t2t_L10000_2973	8af3361483234ccf282422ed24435b2624df1e3f1af25cefb4137addc3d35e04
t2t_L10000_2974	a8d8af20647ef569bf159eab030db8bfd86b182255901efd473cfc3b03f44f86
t2t_L10000_2975	ac89eb4a172fc4bdee7590de0e543555ad0793d952b6822bbfcc95347d23991a
t2t_L10000_2976	a093fd8afe74a3b8cb36886e074457c9d9ea69b61d93c269a2724360f7813f72
t2t_L10000_2977	77c261c6374662134bba1efbe23b71d444c669b8e54bb9387a72eba6ff1e79cc
t2t_L10000_2978	5c50d14a51bd2d9cca670161d699b7ff99943e7cdfec092b96c711e0a34ac773
t2t_L10000_2979	4ade70efb4ce21867ff1bd7dd580c9b8778860be9fbe0a1ef381859c8fe2d161
t2t_L10000_2980	e528bb13db607bf195543a1d9f9b9f436cb11857615898b8eb47ce094cf2ef02
t2t_L10000_2981	61484694d2bdfc45fa45747d7b6a3f549c0fb7e074220e8617a83e8384a71840
t2t_L10000_2982	9dee22edf73946441766353f7105440114e2241c71f27a0e83590b612814b92a
t2t_L10000_2983	d0f1c1e4af77c09973ca1d28799e50ccb8385efe8db7038952ba22a5545a82e1
t2t_L10000_2984	92f3d4a341725d629ddae2e9e062c5cf4dc06f664dac8b8237918443adda7274
t2t_L10000_2985	fa7546312dca98c01a21979548c34e2ef453929069b096b34d24379d86545f6f
t2t_L10000_2986	a3fbdbeeae70e361cf28984b45e4ee57d5de3b81d028344cbe175023f819880f
t2t_L10000_2987	3f1eb1bab0d6ac5ae9856881e5a77789158fa6cfce57236b611ecaf635dd9891
t2t_L10000_2988	fa5dea70285937da446177715a544cda9423fa466508d16b91c94b99a647f5a8
t2t_L10000_2989	91ee6aa905c722e058563b7c44ea644834ee665e832a3f4a842cf096d1306938
t2t_L10000_2990	a29bc9062978159fa6f646ba4b736b098621bbb934aa5b0d014ba21b5ba3f464
t2t_L10000_2991	9c086d5c095c490367395201fdae706590eb714356e8edebca2b656b5a569d36
t2t_L10000_2992	d46c486c53bf1de55708027124ac09a67c408a32a83a25ad42035d8616a342da
t2t_L10000_2993	385a863b8c9f82802fd32143c8047044e1fed4f356ab83f51b42dde0b400758c
t2t_L10000_2994	b877adb584c54efaede6584bc09f006021bd7c62c6d716ec59347fcca62dade4
t2t_L10000_2995	01792ef99dfd12064ce16c3e3ec8ee40cc0eb604559a6206803f374ff2ac8d57
t2t_L10000_2996	da475dcd29f3e9a7c1877bf1fc88ec2fec7a63b82d5f1bca768150bb75ec6c58
t2t_L10000_2997	4e828800ae9d4b7d3e3990c02b30783b209c94c5dbf79be3b39ad7feedc6e006
t2t_L10000_2998	90901143d2e4fc47e29251d0ba71e5740cb0f137026597d14cec9d8c8329e81e
t2t_L10000_2999	2970e01a29e9466690d9b72e01c11442ffd153f94b202db924f228d1f61e8b00
t2t_L10000_3000	1d2590e9a6e19e2859c6d90b32cfad910c7f1b98bfde1e1161143b69c6130ec5
t2t_L10000_3001	2a6af05b9a63c85738b6becad40bcbc9cc5cdd9191275677819c9d279d37fce5
t2t_L10000_3002	0409a48314526434f46514b376ca6e9271dbd7df04775cc6a5b88c09fd53b2ca
t2t_L10000_3003	01343b9a1f7f05eed7f38b27f9ef380c168f195939f3e5407f6d1dcb3516e28d
t2t_L10000_3004	c86d7a3c7c3d1dee40baf31b7acb54ee975968714afabcfd6319a91cc52d6c84
t2t_L10000_3005	3037de2be2873596738ea420b77d8d1332beda39276fcf56fd347a56867813f3
t2t_L10000_3006	67876e250b5cb9321c33e4fba723a1eada5a63df47336bdee246e56233decdfb
t2t_L10000_3007	a0ae7c40bb88534f8905af64a53610c3ed8a017925e74605a2f9990ef460a1f3
t2t_L10000_3008	4d2f494711439a361ff6c4631a69b7197575d767a79e47d7efb08fde27f8f1e0
t2t_L10000_3009	9b7d8a92f536ed5f35fd11a2c0a5029a2c3e02794bdb52ca2970a7be102e1af9
t2t_L10000_3010	fabc0750c03c02fc06027cf32d46a1e9611c55bda2d98131fddca8f8578ade07
t2t_L10000_3011	3a06cc523fd4271e4f1769ccca9f277a486aaf54049001bb7d474b57d824a7a2
t2t_L10000_3012	17c39e9871f3b1f8df31b39cca529f8d1e912ab93725fa55af81ca9885ede96a
t2t_L10000_3013	b5adb1ccd4ec25206646316f03db915dbbf0b525e22e2676b6ab7335b5b59fc9
t2t_L10000_3014	389e35c92a116438d68a3cae87b495f928f76ff5ba623b193b02cc267b046cfe
t2t_L10000_3015	e63ab3f5130f04f82d8eb3722a1bac4a6acb197d33358584be85144ec492981b
t2t_L10000_3016	23f4dc13f998f0c2d991daf7933e28aba026a8591aed9f8bf11149e01e052b2a
t2t_L10000_3017	9e474d8f468bc320052fa7bdf8a9f344b98d6aaec2b0c25b73669041d4b87bc2
t2t_L10000_3018	64e473131618d211f45d74847d05140987ecf5c612237c4a1410c7fb25f76750
t2t_L10000_3019	4ecf0fa4e20b28d2ebec9ef0c5c4ba21ee939f00b7843888a177bc8787fa33d6
t2t_L10000_3020	353c5114fde5122b904b4361fe18120503d4a985f067dea396ab22cec2c998de
t2t_L10000_3021	f6f4f2f252045dceb6c7879a6c0898c5b09ff9c430dfe31a1f69c962d0641419
t2t_L10000_3022	e2ffc4dd43d0ac2efd711be2250f4dc7f5a942d9e6577696cb1ca63215d286ed
t2t_L10000_3023	444866082441a3ed0c181cfdcfb17ce976b57e4a8a947a091f36ed60d8a3f497
t2t_L10000_3024	d0d1943795685023516efad210edfd6f310787b766a29ac411f02c8f94b9a658
t2t_L10000_3025	10b76252e200f878a4d6c95709c65589f89b764edc50ef0de2c0e418ee2548ca
t2t_L10000_3026	fe8c72a774ee4d143057797bb2754775fb29130b430be1bd06c90b01dfb487ad
t2t_L10000_3027	1f4084e8052b00855677ef526bfd92df5058a2500e384d19021f0ad1237dd791
t2t_L10000_3028	c32bc23a7bb501aa0e11c3f1b3b225880332802109f33102df119caad8614f24
t2t_L10000_3029	fa59b1068fd4b9769811954b0d58129e70a36652e29ff393384337cf099ce938
t2t_L10000_3030	e7c494cca36a7989c50de8a5598c4037f7576da6c733d61641e211dba6f72dd2
t2t_L10000_3031	7d2256fa0221ebcf07e77bb4dfd82da8bc47391fa85d8e71644779f291754286
t2t_L10000_3032	a9f76fa57d60c3618fceffa6f7cb527b03df94a49bdf54a069108d3693ee4d77
t2t_L10000_3033	d0a33bf9398312c5659f847102aa77a2828b96587fac55afee731e0d1108056a
t2t_L10000_3034	ed3ec93de83cb5706ab5f54f0b271d8d1042b312187fc3b31b8496decb0ac1c9
t2t_L10000_3035	868103c7d46c6f445bf1301b902a227d85f628ac8bd25505776a2dbe90f310a2
t2t_L10000_3036	23de47beb856ceb497dc533dfd91ef529ae7cdcb8a308ad2fd7d5f426c2873b9
t2t_L10000_3037	93e663a0c70c7730ea51f0d2e581d523a9be5c453fe8eb8019b43e2716a006eb
t2t_L10000_3038	086a9900287f30ec87e83ab3d7eef85a2fc8de96184cada8dddc45491465cd6e
t2t_L10000_3039	30caaf3c32bae88e217b2630f84c44ef174b0e7fa65993ed1043d3a7913f35c3
t2t_L10000_3040	a412e0eab41891ac00ff742e0cdc49a2bcbc656758979ffd399ba712e682c01f
t2t_L10000_3041	42778755dca8fae3b08606e6ccac62fe1d1eee26d8a7f882c767ba45d3e01ad7
t2t_L10000_3042	2ff4de1624bf867d2727541fa2e1e500af8dac563b4c2670bd994b4dedc56919
t2t_L10000_3043	8f0f642a19307b4559bad9dc310cf8f717013d40c4fdf2d7f00a1392786b48df
t2t_L10000_3044	78bad9014b26dbe2d7750c6c9020cdf09dd5d8a4e9394bdb7228a392963fc64b
t2t_L10000_3045	6dbaf72754e41fab15b611eb8b08a4ae405a2b7ce1d864bdc3946388b232e5d1
t2t_L10000_3046	b18d9b2f45bfc48003b6f1cfbfc9a91d629693e07896fec7425abff55716ee34
t2t_L10000_3047	df2f20138d974914bd84d8daad08c9ccf51c2e807ea43d669e3e54dddca1d4bd
t2t_L10000_3048	6367827427dfb76ac4f2c20245f6b730598cd3119481b7b9e9701b1c83ca4dcb
t2t_L10000_3049	6b4f2efedf3774881a452ff0b95d57383b5d19553876a3184eb430f2e5bc04f0
t2t_L10000_3050	49b75bee84a056d41242784ffe0ac450813d8922da1af258403bfa88983983b2
t2t_L10000_3051	f3466163c3b3bdb31333d05556fbc16b5fd9fc9e9b7b8667160510ec9ca7e93e
t2t_L10000_3052	543dd2c02453414653827c1ca07cd2bc1578816ee8e598cde4d073a3201fa516
t2t_L10000_3053	55c2ddcc0c8844eee7f36850b56eeffb2f8413f6a5a727a48ac78d733433bcc2
t2t_L10000_3054	0fcdb4b47c6319e79fab80979ab68edca67d0fbddf41870803f1c2252946d33d
t2t_L10000_3055	9206cbb610cccf33dac457b8319b6234cb04ac8615f6f42256851b9821b5b4f0
t2t_L10000_3056	93e43d5ca74dfdaa21885467965e6c690ca00086b2a38a0244b157acaaccea61
t2t_L10000_3057	8d82034a3210f52199c08448114d6e68e93e653d6bb8328e8cef13146a7aded6
t2t_L10000_3058	ddda74a32b68394b97806fbb8f082b9f669cc58a013edbe27cefd2163d212677
t2t_L10000_3059	57bcb4c267b7e9c3aba5d7320db4dc70de6d02fb5277c42788fb988fb16aaa32
t2t_L10000_3060	ad914f487114fa366d47e1b62739e9aa4b69ab047eba563422c211ddeaeaa7cd
t2t_L10000_3061	bec413704caf02c9e72d453b8f4a3a35d15af51b6aeeabec5b2321fcd8bd10cb
t2t_L10000_3062	0e14b3f31aabdd58da95b3b6842c6c0b440f0d018e1b13f5a4133131fdb45838
t2t_L10000_3063	d2a803e766e3412c4123e1a0a9b02f7bb59392b360a7680bd8b062ee1ada3950
t2t_L10000_3064	d3b7b9170c4e56d0b28e64797c68461c0a65514c4500c769576e1a9949b001bf
t2t_L10000_3065	bcb86e434c8497bc2bfc8c06d37dcbb96add74ff8fd5c831f0310a937f5d4e47
t2t_L10000_3066	bbbe964c24376809361de7c7f15cbf0d39303e0b3b919ba56d064e7914cae073
t2t_L10000_3067	26a61a1f7f97611880d5c4b612e917878fa621e147074eaf8822031bd4a7f584
t2t_L10000_3068	e206e4f39c44344e124a7326851e8442e153149e24a1a90a25dc2a3173f8e9e6
t2t_L10000_3069	25ff2ae0ea82f41b1a59b366711bfa971fa3d4da1847c9c18fe744330c15d60c
t2t_L10000_3070	c0034b6c9d4f39643cf75ad08f4ac892c334e295cfa3e3da2d60f524d3e16ca2
t2t_L10000_3071	791660a0a7c2869df98f1ce317f1537a8cbc770931c32056fad6a5ffc538cad6
t2t_L10000_3072	03fc03066d743f8205310edcba99915c76df8ae789d8ff541a8bdad398188397
t2t_L10000_3073	6a6231adea47961c2f52cfb8a09e93b0ad829d49d7b88c8daa10a8c6c91ed7d0
t2t_L10000_3074	e46006838801bc43c75192596e06df7af1e84aec616398cba16493c1e2587fda
t2t_L10000_3075	acf07b38baae1ec4583a694ad53dd36ba05875fe4a85de8d0d6e76ddb6b743a7
t2t_L10000_3076	a86e6386687b9740cfb7323681e5c2dad15e0c3a8a621b6ec983bb97532805ba
t2t_L10000_3077	fe67de0a0119c7276c6d06305bd26479c18288921dac0a40ad90dd6dde25fbcf
t2t_L10000_3078	5f9ac3d091a3eb0e761fc31a4a9a52955d21b4fa441f20ed6e860b5cec5e004b
t2t_L10000_3079	a3c45da1ba83c853ad2d2b420bc10dccf7c0b181937189a5d7158eb11aac1ffa
t2t_L10000_3080	0ec62f499ff8a703c3a8ef03f6c68bf250fa3665989cde2b7c41119ab80563bf
t2t_L10000_3081	30cf5d564b76d08529a76cecc163444bb9b77d99b27a24eaafcac3dac4d48a12
t2t_L10000_3082	a714306d2958250da08cd05130f321f1c3f1ebd5f7d967e6e24f29d7d624fc41
t2t_L10000_3083	012c2d38b10b1ce0ee576958e64a51e063056481126962adde34d2d2a0983551
t2t_L10000_3084	caedcc0e092407977e1c756fa064735b205bbc76d3a0a0364277e11bda0d6710
t2t_L10000_3085	ee757fdd2b28ecca44fca82e989d0dd5f3091bbe32a5f65f5531fc121edd5dd1
t2t_L10000_3086	e95fd1e3d49226a4fd5cf728b8ae068b0ce4086783cd5d2fbeb7553d211d8baf
t2t_L10000_3087	0fe85d73f71ad5f0b7a1dcc73aebad1558b75fe3260554a87ecf5c7cff8f9c5e
t2t_L10000_3088	21a62886c9444dfba7a9faff6a1fd937d7cb1af9c007f2e6e79861eaea083809
t2t_L10000_3089	5ace9be0f284a6d5ee145b853e14bd70f41dc3c20dc9a475d9d87a13eb61cc35
t2t_L10000_3090	f52528bb598ce0ab5a1a07e87615a13bd6dbfbe15e4f54d28580c27d654c9b80
t2t_L10000_3091	a472eec54d0e3ac3e423f06a0f5e2dc7a987c5c97e3461d335d8c220a340f7be
t2t_L10000_3092	01bbcdf87d239d43d3f003d3dcd9f854644727a01cfc5fc693d3c82a5f4edca9
t2t_L10000_3093	7b07b47583f654c54324bced364d990bdf99983ea81e4be9556c917edd0afe2a
t2t_L10000_3094	f36daf9e371b074168fef3bb6b432012bf5710fea326ecec97e7d5ae2c97779c
t2t_L10000_3095	48591ab3191483a641e6334c4bc5a807d53e97a85d2db87de75444bc5072ee22
t2t_L10000_3096	c867a754ec063d854eaa923e8c4fed805fb640a3944f76ea6126144154d50d5b
t2t_L10000_3097	240b66be5f997b07ed26dc36a65005d71be406119581f01eab884d978845c0af
t2t_L10000_3098	ac26cdc8f3e21c7a6669c70c873f27be25d0b06162ee9f6af7bf6fb791913ef9
t2t_L10000_3099	5268015be57afc13737c410d1b43c7b8194aad64591bfddb74e64518077f2500
t2t_L10000_3100	40b9ef7bcdabacfefc2232273e024908dd9bb4be69ab6e8390af097d0da2c781
t2t_L10000_3101	ec31326536658ee1d7fc9db20428488c1d6bb1cdde732cd9219fb2bae06bfc70
t2t_L10000_3102	6f75a48921766bdd3df9b305d832b913710337e2ffd8dab8fe1d385baa16504a
t2t_L10000_3103	f2772f95bfc0af9cb9e8e65c880bc7b4f56ce72c35a192942626d4f0108c3d23
t2t_L10000_3104	7ffa9f8fed56424764123214f715639f3322ddf99bb5cf588e9466ebc9a2b844
t2t_L10000_3105	6a663bf544f6fbae622333fcdf1258b0813e0d4397c7faf70e767df3808f9c92
t2t_L10000_3106	23eeeec695d556043cde06f9b2ac2ba0f570bf1e76763b645f415f1088627ee7
t2t_L10000_3107	60099a795525a35bfa59d728748e0fbcca81d061011944c75a0b8a6a24f6c2f2
t2t_L10000_3108	ad36e14f241cea912f3f7f547a43040159863db02527d723b20fce2dd4ca332d
t2t_L10000_3109	a4b2a027e826efa5becc126c780a369eedae6b7197e70fc45990f9c89204cc63
t2t_L10000_3110	8c22c64cdbfdd4c62215641d1e8cc62a0488e62f83df6a4df31215fd27ada6bf
t2t_L10000_3111	6091f912bb18ee9a91ac01d417f865caf47937a563380107eb128ff3c818d64b
t2t_L10000_3112	91c6bbad51af221f1b176972d3ac077a5a66d94ae1443184369e55abf15bd444
t2t_L10000_3113	24c5f10c080cdafd5a969481bea113c6055983a35b4e65ba49d97fcf9960dbce
t2t_L10000_3114	dbc1515e2be0baff88664936620faa2ffebe67578cbee87b0d0a4ce2b972cd65
t2t_L10000_3115	80c3b33d76143e7175569cba0440d58579a7311eea15e63f264e0393f48a6bd8
t2t_L10000_3116	81347bf0b741f2d555404ca1db15026896384a6d4feb16929d0e9108382a6f97
t2t_L10000_3117	362b7138d55a79841bd987649baf3e7ff417bb405b13c7ad5ca3ca44761b4d5e
t2t_L10000_3118	80ebba7e27ebdc04e4fe44d2e2a0b4aec471f37a2de5872ea50926056b2a67b3
t2t_L10000_3119	f5dd28e11b580c5fa206dae64a9975dac260c13ec54d5199e452cde076ef2a8b
t2t_L10000_3120	af37723cb7cc4b38bd391521cc9f94b653440e8c4c91d4cafe7e6e7166cce54d
t2t_L10000_3121	d6aafb0b3bd1db16de7e84779cd5162315487c3ed9f080bd7199e61ec4ceb927
t2t_L10000_3122	35ceddb0af65140835a35e037df116df68aa5b139499b90b7023ff110c943b11
t2t_L10000_3123	1765805f9128c2245d3bf5febb2f1262a30c5547897b48ba0f166d36d1a7844e
t2t_L10000_3124	fba5556a89f5d121fb3aa53cbb7c0ac1585921bd328ff9e2988febc58d607f78
t2t_L10000_3125	98a6037eee3ef29dba6dc6f05a5062a6e9644fb6f0e0d6aba59bcd661f3d92e2
t2t_L10000_3126	2fd7f1d913e2a647df4900dc3fd17df7cccf18751916744b0272a0e2343a0913
t2t_L10000_3127	ae38519031494b173ff17f78faabaa105336ff76d0da11bf8e7cc184b195f6f0
t2t_L10000_3128	f16a993a96bc4ec7d8c4d8d6ab1f3965f2f7fc08ad7ab85a5cad32624785d125
t2t_L10000_3129	728df6ede4f3d01c7c65f24ae10ed0c80b0e06c8cabde59f44181e872698a387
t2t_L10000_3130	e2f80f81526a2be2c90c45713d0f756aec6a2707dfd4689c88f6ef334aedcf15
t2t_L10000_3131	303923fcf156a905935345264e52a6dd08dc1172a29395f26c71b9de1372ae99
t2t_L10000_3132	a7109756e354c2636d61cd86351ea23f125db78e670dd9c2def628f0a0c48935
t2t_L10000_3133	eee3130a731acc2a7afcf6b7acc4717e9a7f277057b3d03b2f219826b9be84f0
t2t_L10000_3134	930ca09edd2a209af7165dc6da4e362388e4f30f762cb168253883bfe1ae5ce1
t2t_L10000_3135	e5ca70a4f681a1fa773b6f2b5f6231856069f0788bf60c58cbdaea3c0bd1279c
t2t_L10000_3136	42e2d4f2822eca92223d42eea6e387db042f424e3e7edf22a93be5c5c81888ad
t2t_L10000_3137	da2df355a25c04a4b3339c3e923ddcfe299639a74cfffeb6aeff8e90e81e1adb
t2t_L10000_3138	2cf6a65001c7ba0ce8a8148d063cddaac6c3533051127f4c9ddaeac0fd5f4bdd
t2t_L10000_3139	2fdb0a18c44d18be148b67c01af017aaaf126ff69b6c82a4875bea3104c13ed6
t2t_L10000_3140	8573ee0a722fbe19cfe6b0161724f3b07043644b6668f4b3a17644a74ebfabc2
t2t_L10000_3141	e1c71210e1ed9084e6a38828f75ced81eda76bf5cd877b95ae9388cc38bab9bd
t2t_L10000_3142	8e9bb0cc1e226afa3d7fd9138e32937c7d19e6901ca90143f01cb19f6cc70ea3
t2t_L10000_3143	f097b94d63870264911d30eed32daecd8e873ca7c3251312ec23519727a1bf7b
t2t_L10000_3144	3f404398607c7bb3e70148821e9849a8742a6cf37f45603ce2f399e46f1da53d
t2t_L10000_3145	c4b6964d98cea48faae747c0cbc193033596b5c1d00615bbb34c03115238af30
t2t_L10000_3146	4f96f3a3d7651fa1deb30f9c065154148804a84888a86bd69df1757dc4461709
t2t_L10000_3147	e1f7e33dc35679489ecb0ba650a5912267d180e0f6d511224266765fde78f573
t2t_L10000_3148	6a65ba49c1a6619fc3b013afbfffb2b4a7c0f23ada6d23b4b59a5ea8aad0fc18
t2t_L10000_3149	c7752075a2bf7648cf8e8fdebe1915f8d4d6b4718c290109f5389eaef3c564a6
t2t_L10000_3150	05229e6268aa6d8753431770ba720075080f0f29899cf1918ef690bf8ec678ba
t2t_L10000_3151	dda7d4a7c683b376737746564c0fa806a0f3994913c49a52e07235d9288b1371
t2t_L10000_3152	2c2dd0232cb8cc961c5f8717d8a3ddbb17a82a8d5375b40c62c98cb077c339da
t2t_L10000_3153	76a5ddb5779b19ed4c1866bef7d840428e3241e7362a111d0703ce86bad0762d
t2t_L10000_3154	278493ffb6022e3722fe681b17c2735dcecb110649fc587cfe62633b5c987e7e
t2t_L10000_3155	3f11c09e87fd068e273a0bed4382e40d97302f665a0e91ed036f9c05cf119c06
t2t_L10000_3156	2204d59f8ee6abf11efcd8f839943d787e4f46b414a9313d1d38a7a426783a57
t2t_L10000_3157	74cc78c756b0a654695984393f3e2eb10d981e2df8727bd280b850cbb21024b2
t2t_L10000_3158	8e83a2fd6a1744286480c074bf3b3911d4f44b186274bc5a571354cb1fea66ed
t2t_L10000_3159	052fa1119a41fb31540d45acf6bca21bca7044f3254eb18d64ae4bc8cdfcbd8e
t2t_L10000_3160	1f6f24a78c1a157f5327e106549a2274a807fc3b3232abf7e8ecccdd4ca6e08f
t2t_L10000_3161	c3fba5046eca3d4b3277cb4d90e95b8488ea04db7ef798f1b2288da98310bfed
t2t_L10000_3162	9aa2de8989a8c4e99a2b0b35a0cf5d8b79457aa61c1bab2016f78b098645214b
t2t_L10000_3163	2a3a182f2403ac764e1855a8133b94531c4cd40455e0a8a8f27b4f63ad47a100
t2t_L10000_3164	095ce5d8fc4d307ef48c26cefbd913de9ca31f0840f7db1c22ff3a8bc5d15f12
t2t_L10000_3165	77be9aada2e90fc3cc4828b521b6126420a0ddd601216cc42cbba6eb767e9995
t2t_L10000_3166	c43d4436b742cc4d9a531384de93a1e22f9c5a6102beaebb9d1db8f430334af4
t2t_L10000_3167	415a4d67d7945b9e1f402baf8a82ae61ceb0b61b5a296b92d79813181f7df6f1
t2t_L10000_3168	c164c36c67989cfa3362ea6b1dd72ad7fff015a8e396a234ff1c285517d9ad25
t2t_L10000_3169	3f2c518caf104e607ce062914a57025862dbaee4765a749001c2c53077af80e0
t2t_L10000_3170	84ca7bf033d647bd45964d9dee69b56ee56e7dc5ab937e3c7b978198fde1adea
t2t_L10000_3171	6cd9a12dd4ef4b067661cbaadf551eaf810d92880f64d8ab555e531035b786ba
t2t_L10000_3172	dced6fa2752c24a62a0cecde78f5b5a5b143f4d2a3404662084d8da4713595c0
t2t_L10000_3173	d4d4547f91829648be20661d59a72cf5af02cdf803f0db34e7677daa4abe9ad8
t2t_L10000_3174	b39366892dd2380649919466b8b154c438474118719f8c8a93d44d2a22776e25
t2t_L10000_3175	89fa59db149b6bc56bac5d55faa8170188bdd5d7d33be433cd0347c8f4d8a7da
t2t_L10000_3176	a67e5995d3b5b37caba67631b678bea0c06481affd7f254cbb5b48c9eeb2e2a5
t2t_L10000_3177	af9a78c17d437e86b83921f47c987445b9a05348e4de8a1ae338663ef00dc778
t2t_L10000_3178	77749251ce16fd0f7158fa3531c04c516d993781dc635d5c009fcc77436b0d25
t2t_L10000_3179	3124af897b17e94a403f93d24df9276df54fc331e8167d5082918a914775fbf1
t2t_L10000_3180	62f91008a47df8b709b213c40edc81fe2df9133d8c2dab3c7ee3438544e0d1db
t2t_L10000_3181	bbab26b3cc84422b5621dded7e35742ef3b19d8ac95506f28b27e1ba23d2db8b
t2t_L10000_3182	000c8c14897dea32ca85966ef037c11005c906a599510d9dd6b64d3db7ee3dd4
t2t_L10000_3183	db1f77f9dac2a51a3e349d2dea21865a6995f04bdcc5ec611f8dd1cd011a30f8
t2t_L10000_3184	ba8c23b727e5e1cb7a899daf93d2630f41c25aa37108e3dd5b32b717b9b52681
t2t_L10000_3185	f224514cb10aca6845143b97b7260e0efe2a2c5aa449cbab79403eddaf0c3e19
t2t_L10000_3186	997b66a216f9a76cd7b9e1d12fe120ab570feb65b4c1f8d6ffc9f1945d05c2ee
t2t_L10000_3187	395d2735223c65f0e84b2415f8cc21fc9c3b23522b29b1638809667d20fee2bf
t2t_L10000_3188	51c70f4e94ddc9681cd319819f8c231c7104b51f9e9c8d60b792e4274afc0aae
t2t_L10000_3189	bee947ee452badc7e537a2167552e648d39c743009309558e7755f3752c5140f
t2t_L10000_3190	5ad244ceee2f182c9c473791066791a9c9a56226c165acbe5354d9ce6ff82e12
t2t_L10000_3191	5d18ac7001daffe839d1fc7e596a4e26452ab9e2d663e28aa65b541064a615d0
t2t_L10000_3192	14befacf6c60d385713d8546f1dac418546a01e9b6b22181b425ec930d15da92
t2t_L10000_3193	7121838b8d2509344934d572be2d224782b065f7acdd93ff9665cfbd1ee2c39b
t2t_L10000_3194	c6df80dfe1e36a01c458dd616f59c09a8005fe854e4138eabce40ef61ff9455c
t2t_L10000_3195	1b9015a3f1766333e313df13c8ffc965a0f85fa72db53688602eefff1cacf394
t2t_L10000_3196	babb8ee99bd8eefb7f8176384623d1358077839a6b0f5fd716092610e88141df
t2t_L10000_3197	3c13f7910c16856467ab76cf72c236111f6c76e5bb4c333b3fdcb61b80368000
t2t_L10000_3198	ece4d9dee83d6dfaf79a100f01322e0fa5abb540c13c2f4d5f0dda4109997e09
t2t_L10000_3199	abd0852b172c4f323712ad423e97d4e54efa90791c8f6809f3c0ae503d0a16c1
t2t_L10000_3200	008c1740a2399abe21b84b6f2be3a9c2cc0f7127bb60b9dc331f41e1c18f8f87
t2t_L10000_3201	0779125c55cbae8bcfba2a075c39e168c236710789e74f750c7e24a99acd8d80
t2t_L10000_3202	50d659418ed35dc56c9cb04535a111fb3f7da2e63f2149e4bda771c679f8b051
t2t_L10000_3203	ee8b19512961e165589e3f9418c6152e67c6f39f179d6907c5d2aaa98d6d87b7
t2t_L10000_3204	7deca389d82c93d5fb28b862866dd28a7c63613dc1461fd7973e3c826237479a
t2t_L10000_3205	dc897be4fdee13e9fb5361eae5e9baad111e57e1bcc2c69848f267d2a3ad2006
t2t_L10000_3206	d222f4be0b83689119aec0c11c72078fb461f42191dff5dd47c155ebfa434962
t2t_L10000_3207	6fefe65b2d6604bb6ac96e8642094a97c875840c6c90ca4fb6ef4b917e027d04
t2t_L10000_3208	155edec5cbadbf14635279cdc45f5c9f9507a91be07bf924e962618804a4c3eb
t2t_L10000_3209	7de2b986e580e5300602abb29a92e07c71754212631de424690946deb4c5a726
t2t_L10000_3210	1752416b6beafda467cb1ccd46d222df985335aad302b50e5532d88255e5d9bc
t2t_L10000_3211	addb339705420cbcb6181c5bd1d6cc68f8495c762a8446e0b442dcd23b860466
t2t_L10000_3212	aded1d46dab98a5352f5b221a56c3838895dbf47aa09b32a6d10610dc4e121ba
t2t_L10000_3213	e005dc913a575426c4b5f17accdf885b127373e0fee8e5c489071b4a7119800f
t2t_L10000_3214	0e486550b58b21b7ac359493aeb600f8a2e795a35a30a17c68c9835dd6af393b
t2t_L10000_3215	962751ecf1e7bcd3e093bc22c71bb66d182d7d18b081a86cdb96ccd0f28c0142
t2t_L10000_3216	e47313e9f55d0c26cd3d83e5243a329ec02da423550345a2df8f98b41d6bd080
t2t_L10000_3217	6aa6ac7e0a47fe5b028cd67e33c254bccb9297f8809211de6ebcd12099b4595c
t2t_L10000_3218	2b0b16f1319d73c4b8a8a8923982e2ebf54291cb7480f281fa17960a7c2b1462
t2t_L10000_3219	d2b12d7e6a816bbde26435ece494f4fd9eda0c2b4b1485ce7bdbad89c292678b
t2t_L10000_3220	da38d50d0798741e9cc0ddf404160d442288d8d84fdcb9c2da070837bd1781b4
t2t_L10000_3221	f12a0dcecaaadae31336d61d0923822a85c96f822b3d87a9d2cfe37707b64517
t2t_L10000_3222	662c94e2d0fa9c0660d6230a845028407c819984904682e66a4f9a82cb774937
t2t_L10000_3223	cff493e37a7951cabde9f33ded67959c37c4f282f680c9624ff8aa1f335812b9
t2t_L10000_3224	3d813af4f6218d3c852a1f5ca2f6228cc5e251e8271372873eaa13400688cc4d
t2t_L10000_3225	bc0751cf47a1773da6b993686612446a1cc82ce1eec92a60aad359364fd35947
t2t_L10000_3226	7cabc29f0ab778f889ce1ae9fd9a4965ab515eece3d0c917306f1145d08e77bf
t2t_L10000_3227	7a3c0052d4c30ac1931fa2509c1d1a2a95ed3035c9323c14afa491b7b7f00440
t2t_L10000_3228	f5b9dc04bba841532427d23b9f505115693a00396ac0158048949d0eefe40f1b
t2t_L10000_3229	bdfe0f28d4293df992cb7efe3b745ae8fff3d814e01baa6d1e247e30deb442c8
t2t_L10000_3230	7bd0d88931bc6e042349dca6ac1d64317f56f56eb2982c12bce244c0de3d40bc
t2t_L10000_3231	2108c8aa680cf00a190aadf38f4be0841bd3eb68359241e335b017c31d58d05d
t2t_L10000_3232	e5665460f4db953234fcfbf12e3d1a66f787605acf4cac2cc6432398a61b1f89
t2t_L10000_3233	84f55fec14d8bffe370c485c738fa719198d39f8cc9e4e61d6cb0e56171f3d10
t2t_L10000_3234	0d0b1f57650fc6d000b7028d3d8684f50e5e6a9a7349ec603f3b030c7c8f40a4
t2t_L10000_3235	635f30567662e063f4cab81dbdb3c8be8cb0c410d1dc13b3e51670f760d1bf26
t2t_L10000_3236	14de82818f1b4649c74bb2ff24e64573c581cb1d8918608e2be132f3c5fe0e76
t2t_L10000_3237	0cfca77bc6fa6195919314e377a2013019926e301039d2d3b5ff96d7ef251437
t2t_L10000_3238	adf4984253fd133b8bdc32e013e115a95df4a7e3c07cccd76f690804dc00d262
t2t_L10000_3239	da7ffe26f5deeded7b102f2fca3d04ac99d009098b52b729e86904cc9512c0e2
t2t_L10000_3240	cff73db0372612226dcb11af7f2c73ab605a0914d4e3d4883b83c9f18db86be9
t2t_L10000_3241	13fbebc128f20aa865f783641a92e044c3dbbc82f351bf9949d0b931d5acd1bf
t2t_L10000_3242	1853cc69b80545a1113bb5b404b53f1891e9b7a93447479e313d3444371c856b
t2t_L10000_3243	7c33f202701560bcc01275aef293aa6cb8ad4b6b877b1f386761a747d676b319
t2t_L10000_3244	bd9435cd55be71a15710f9fdaab0622d7b2c518aec4a51d518e7b256f55c454d
t2t_L10000_3245	1a8315cd75f066d94851d1f26765852182a1d606d648104994928c668aca27e3
t2t_L10000_3246	636abb960b76b841439ec21f591f5a107bf19e3b22659d8fac280cd04a7bf17d
t2t_L10000_3247	a36fc3f0d73d2fccc0e447168e29634a3aba18c269d1aed9d8fc6292ad249a43
t2t_L10000_3248	9238d98adac453e8d4258b0f895e8d59c2f5d6bd370986501e9b8cb8b4deb819
t2t_L10000_3249	e079478260dbfe953a1a6afcede391dfd7cfe83c42d120f2807f3e2fd2509d4d
t2t_L10000_3250	7eefb751f14d86a1a8eebbdca46b5a8753b84bde80dbd715ced589c0483cb671
t2t_L10000_3251	3fb099b6ba1dc6794977e4848037c87bd2745a5073e8de7f8664dac1c60f7f7b
t2t_L10000_3252	a6d218b53a0da62a4e5ed465707fa98f47e847178d230c0789b0a9f29f21cad4
t2t_L10000_3253	979a4fc8c971dcdbda2b4da0495227f732c556813a7b62fea03ced4188e5e743
t2t_L10000_3254	be102e61df1ca5348ffbad894839c5650aeefd60758aab24e14b32d0809d049a
t2t_L10000_3255	eba0f2c4c5730da2d7a72f224668c77eec8fc7785f8e916d33fe373b8c684997
t2t_L10000_3256	750b310dd97462851a8c46a83680ad7a20afa6d3ec110f8c74a80674a4628274
t2t_L10000_3257	f5821735c831ad36be3ee9966551cb39e02ccabacf6f00f468812918397beebc
t2t_L10000_3258	4df379516b0d3cc2c1fc827908f8e4eec78625f2329a4aaa8023613a03520659
t2t_L10000_3259	a98c321e344df83f1204d325597c151c586b17655873453203cc8b195a96e80e
t2t_L10000_3260	e03f95447f340f2c71d6bb6fcdc86f6b2e7387f110ef8f118724d657f0e7480c
t2t_L10000_3261	44f19008d02c2a46b27000da63368bb4a8bfa3ae906e6c50e1cf225e8590d10b
t2t_L10000_3262	c452fdfd0a7b351bac4bd85a36805ccffdba3f78ec07ada7973de2f553c86ce8
t2t_L10000_3263	5dfb9e15252cf3640446773973dc367a713eaa7e6d10f44bf4ca6c50677ac592
t2t_L10000_3264	0ef73f7f62cd00690a4e644f3f7411239934f20e461c923ff8dea4510064c1b8
t2t_L10000_3265	0b4106fa4c70ab5f34ab642535c447bd9ce09161c3ea17031d38091fb107239a
t2t_L10000_3266	4a22f236c3d441542a718c7462bb5610c5a30b4df9e02c8b6ab017f81f7baeba
t2t_L10000_3267	36a556139ab05d3989f5ac5b389cd645a9909b52cf6e9508970dd531db63d172
t2t_L10000_3268	46cb35c1fcbf4345e91ef990e1328a0b57d5cb3ef69899bdcd870e51f558c557
t2t_L10000_3269	d4d588e3bf7f5dd7624e0ffa7785931ee1bc5e1f823c3f2fa6bebcd816919a9b
t2t_L10000_3270	cb0fc2cda1e1d744183955448a6509ef199d92e33196a4517866e5be5d9b9c1e
t2t_L10000_3271	547d8165247d76668f40cced99b5fd68d897ca8e6c03ad2bc8ffa7155db9287c
t2t_L10000_3272	9f77880493deac2785da5751c7d83b10892fb29358496b871d1c65ace76a84d2
t2t_L10000_3273	dfb250d5928075c8c980ae185623c7debd11e756badedf1d84a3857da7e61d4d
t2t_L10000_3274	7cb0aeca12b0b20dc6c4075bc38ff84fe41baaeb9f9ca4b3c4edebea7d96f7a6
t2t_L10000_3275	67cf1584256909599ff3ee6e14f5a836f2cfab74ff14f35a3409da9e2ae7f14c
t2t_L10000_3276	53aefdbe7e6f8e5f7d3594b592507b17c2be45e8c3755fee408b3ca1bd995a50
t2t_L10000_3277	afbccfecb60e87e399a40283443d4f4ce9ae5a07c47e6d71eadffac1bbee03f5
t2t_L10000_3278	a94a1208a173c0b4883c195ca89381eb9fce64558eb55df09e0c719470f2f8e5
t2t_L10000_3279	afb0bc53532fd20b4ac8bf1b454c927d577714cf9c7ef8769453600d70cc4690
t2t_L10000_3280	6b9ecb72ac14b5e102fccf10806b3501a8ad9e87f1ba516699746b80ae1e5010
t2t_L10000_3281	0cb62c6cd925c235eaf700787c23c04ba2b99326ee187ae00421680d452658c8
t2t_L10000_3282	21bb4e6bb68f365737f2bb30c10203e309100741b8777bb457fed4504cadf6d4
t2t_L10000_3283	fd2705a9752576e947a372e261e6a2bc51635a80bff2138eaaf8c27c6636771c
t2t_L10000_3284	8636a1aad94338b49d4e37f0055aa8fd3a99fd96206d2d950ca9f43d05e44f5b
t2t_L10000_3285	191ae9750f482b3ee452ed8fca45d48c63c34c529732d69343962421a3f1a987
t2t_L10000_3286	ce7463f2cec34f306fbb499aed768a19e5359fa483a453194c4c459903a09ab9
t2t_L10000_3287	2ade21f13ff62b5c6d9d36360854847c95634e6da3071111527bc6abfb38ffd6
t2t_L10000_3288	84f7a59665cd49bd298b3f2a2ae352bb71ba385169422dd6f179e0ee2c32f702
t2t_L10000_3289	4708976d3fcdb707565d0811c98e1094dbace51cdec56384bb53d46f6da81ed3
t2t_L10000_3290	bf96beec1bcdfe8880180cb5df780ec925f04c69aa4115d594b034edee427ee9
t2t_L10000_3291	04069fa868cd5842ebcc5dfc68e74961f8e4c37fef547f6e04c26ea23d24b9a9
t2t_L10000_3292	3cfb116ab6bf7b3545e9eb16b4b305ae44393c92e16395addea948a7fc79e459
t2t_L10000_3293	f7039e137798f0ae74bcc4f2561fe3b75f746245b66de9059606e1dcb755715d
t2t_L10000_3294	bbf1237ca330b0983ab1d791d66a836d7cdd9e33e23d18d018af4dabdad5a72a
t2t_L10000_3295	763e709e05cbdc37886b8b977222c1d06ed64526b14206ead28abdb8077b597b
t2t_L10000_3296	45c4a2bb035be04a95e7cf502395e775be1234871e50d8c1a2e35cfe102a2861
t2t_L10000_3297	1e6b447ed11de3f8395171422b060fd3188289da0dbdc1efbf1a7d8eff9a9a28
t2t_L10000_3298	649eea6fdfec99137cacac7d77bf25ac4c1135aaca5b7649f87dc8432a1b9253
t2t_L10000_3299	f09cefbfa43fd10fa97874603577a4514c3c33c00eb7c0bafb0353e7cb185d8c
t2t_L10000_3300	70b9d29729e4736ccbecbde54c68eb7797911c99e879071288404229f9556996
t2t_L10000_3301	ca28437502da819aeefa3255423ba6c96ae49e3cc40591ab26bd7938ce81f213
t2t_L10000_3302	ec7c62242d5d9bccc94b36ff8c0994a76db58de104a751923bd2e63914dd734e
t2t_L10000_3303	f90cd7035c3f70d4eda1d6a5498f6c205161f45839244d11743eeac621813cc2
t2t_L10000_3304	68adff6c05bb303bcc6fd1311fb20b661be1632f75249c1582258972c5015c74
t2t_L10000_3305	28e9ec544ba7211d65d610f16c10f5587484e79b2545f9b8b16b9a2d0d654ad5
t2t_L10000_3306	afff88033c3a105d923958747627a7379ae9cbe8172f3f6d87bbdb37c18c1bca
t2t_L10000_3307	7305d26c564e71ae402c10eb914c79a20ffee5f9a65614f12d33d4178f78662e
t2t_L10000_3308	829d4b15615847fa930c18bfc755d56522cd3457c6619f8889bc8957647ed63f
t2t_L10000_3309	1bd3b72699b28d19604d665f14c08cda8caaf66053a9a781e70a4578f9705f07
t2t_L10000_3310	5896ea58e3466be827f3c6c882c64f783bc6dc313765f3f43a05b66e9f75fc1f
t2t_L10000_3311	43e4d3cf131673c9eb5b2f593aa0dd94542efb6e5b93b5b49c9c1b8565c64ed5
t2t_L10000_3312	21512dc2a5e3eb65d8709f678b4fc3cc25fd813c67d1f6cc42ef2de7cd4731dd
t2t_L10000_3313	c4843715375118df16a8376a27dd61a648cc94135ea56785f75cee2eca8a933f
t2t_L10000_3314	73e5b78eb5bb50e8341c62ba0773039d9232c9b920815aea647791125fc405d2
t2t_L10000_3315	4cb0ee9591bb01ba4b100d37076a8c9067fa377ff4729e993e98455bdf5509cd
t2t_L10000_3316	b53421e8735291a02d9e2ca812ec4b81bd2bb55a90ae37ed754033dcea49b615
t2t_L10000_3317	ba3606a0da7a6975c7a980dbb934c728f02b63b8f06a6440287e947a68376d73
t2t_L10000_3318	300ddcc9b018e94e4fba6d30abcb6c11f6f2d06de9755125cc85bb270f265a74
t2t_L10000_3319	317df4ffd3e820771b1e358b05f6206438f18f75737646af76501c4cf819697d
t2t_L10000_3320	fa30cd145a17992b15ac7a8befe37fa3affd32b2aa9e2b6b0a1fa4489878d8e5
t2t_L10000_3321	a02734fc5b5d538a549b8e24c28ff61934c74ef25a87d9ecb99922ccb9168795
t2t_L10000_3322	60e43e4f4da3a1295daba7f246afaa4d4b1724cc7be07565588035edb2d07b42
t2t_L10000_3323	eb7d1813d0ef7d04a30e00f8cb352677c55b442638bcf0a877e34f96e4fa9565
t2t_L10000_3324	d5ee1a28bcd87e9eac875eb8df5361d581e86b7a49998652ea5aff41a5a68fd0
t2t_L10000_3325	b8161e925c43fe52a84eed31eb4ad97873000c4fdbd5ed620214c92438838861
t2t_L10000_3326	e1127f6671ee189f57da0adf4c3d685146695b025f9b23ffff0e88e33e71e7d6
t2t_L10000_3327	73242277924a63e2ecf0038c8e52370d5e9d5d694f6be0da0d2bfa8f08efefb5
t2t_L10000_3328	b66bc2ef1f438b504389384467118d83156c81c7a68bfaac2b50441e91a01181
t2t_L10000_3329	d5ec9ae591fe442f564c738df52f50eed56e6d33ae714580fc3c796860991206
t2t_L10000_3330	b9e81229d305a295eab1a7d5e2e06d25331bbc019c048653787ac80e6360d953
t2t_L10000_3331	fc2d47da539e7da14a15dd79b32008b244329254e731305b203bd6a9def03d0d
t2t_L10000_3332	f333792394c88ef0bd204f82d08776601bb67337c01d36b53b2c637c2bfc19fe
t2t_L10000_3333	0650830ff49019e5522032f64d721a9b3ef1f082df0d92fa1514c0a6a4b770bb
t2t_L10000_3334	468aa276d32c64e5f59ae93686794339ed7e5f80e51a12931d451728be4520cb
t2t_L10000_3335	a32d78113c9b500266e4dd8f3a5da22734143314f5abc57401609b84f6d9f256
t2t_L10000_3336	cf4f515392968f89a9cec782ded4f4c6505b6ef2e96f20a1591a6eb48e514ece
t2t_L10000_3337	5dbcde4becc1e1b780f692c81302e0e51df7df76784f162cd4c60ddeef8ffd80
t2t_L10000_3338	9bd0ea96623591b4dde4e657250e9c8fd6a8ba49e4ea33c1527a3105b787f29e
t2t_L10000_3339	e6e0db241f279b70ccd05c0ab91d2d076031557011f288782b1177d1a416d406
t2t_L10000_3340	c432b280ed482f5011cce8d1c6534b021487984e3706b32ed566a62d6331025d
t2t_L10000_3341	af226ce6236cdce22a1aa023365fb3527eec32fb5dba8e73a777d20564f4b227
t2t_L10000_3342	33980c839663fbc50a39fc702be9ac8ebb3da977a4b11872abc73b4d4669e59f
t2t_L10000_3343	979d3fdac06adef51177146eb03681a0b1f17c42776d652cbcbf7709d25c4dbb
t2t_L10000_3344	f427a517c45d366fb86614b0c7efe99e359d7efb77a76d2439c1ddb5bb2ee659
t2t_L10000_3345	e239954c9cdac332e55519cda3de562dd5e566d8b0c89f83945c080b0a082297
t2t_L10000_3346	20da49f5afab0421c1e43fe8f31e0604572010a159697a41895daa7654f08720
t2t_L10000_3347	381c9b4f83656d936b9266799d809e8459c8a5184dac0dd9ea3893be0e3817f5
t2t_L10000_3348	562322b419e21e623683a03bb810b2d95de4c0f3cdabb992c48036c082b35439
t2t_L10000_3349	6489b3bc71ad2f7cc81124a10cae9ce580bcba13b5c914ed3daa61a207723b14
t2t_L10000_3350	a35979e7e289684602ff2761819117f05ff8f98043624c926bc2d16b04780348
t2t_L10000_3351	76fd03d0ded7f568cc56155b7989b865db93d1f6c7793169eda95cb57d4733b1
t2t_L10000_3352	9fd5a83d87878acc7fa30fc74ddadf9bb35e9fc042f0a14b408b6d77cd371915
t2t_L10000_3353	331a421ac55349757468883adb39125ae2d2c87772026e4533c9d8902d3f52a9
t2t_L10000_3354	0100fdd8ecebae557404ec4e6b9fd3afff06c9547c70ecb5d4dc1db862effe46
t2t_L10000_3355	64582a7d42363051063ed146c772901bcb56dc14f816245f850c08d85d8a30e4
t2t_L10000_3356	dc283314ffb597021ed215605085223b45e85d3e261a72e4585cc8321f0da22d
t2t_L10000_3357	56feddab02fe8c19ba389ee32012d3f55785ce956b31cfb41dc0e6be932dd755
t2t_L10000_3358	64be546d175f3d21b527e735a754d175fa86e12cf3e8723b39a846cf6d7f592b
t2t_L10000_3359	c3088220ad59aa80bb2ce157b7c235127401142c900157336878bf750134ae09
t2t_L10000_3360	19fee89013c0d01614f733b9c7c470723c1371a9bff7d04364622fcfeefa4de8
t2t_L10000_3361	cbcd812e01ae7f140c23c4aaaa8923ff31c79d44eda938513e89bc971dd2f221
t2t_L10000_3362	40b68ca8b59644f5ae6bd4a00e02f950d7f245bfbbb7bf3dab2a768304b1033d
t2t_L10000_3363	95aa4b3e827700280fd9e78a050c8b511350290f1c3ee74ec113c5687c4e3106
t2t_L10000_3364	1a42080dc9744a640c1e86479f0e5f5773966def84e999fa4f369d2c3a0b8728
t2t_L10000_3365	d11139235996b3de6fca020b5d012a792a4b3cdf29f12c37239bf08196dd6775
t2t_L10000_3366	9016a5c01409762abb0b495823393361d74de70297426ac2dda6564db894b193
t2t_L10000_3367	ea72b6c97aa0c4e4d9d82f8126b9da81859a4f3ae84399a028c30336ede71a7d
t2t_L10000_3368	85da9e226d400df04ace2735aedc7566a108c2ca3c6eb4093f563245d345ab36
t2t_L10000_3369	1eadece7d6e819467a89a82ed3794f7286d073aa9dd06ef7265f1fb57270a15b
t2t_L10000_3370	528115b1060f9fc6a65710918606700fa9ba983f5dc9ddde79e576770c50dc18
t2t_L10000_3371	2b44ed0ef985f3ba32076c4cda63de079c72fe1640ee8046e69fdc655328c05c
t2t_L10000_3372	7cc420f4d5c557a6b3ea717f7545468902519fafa0ff86fdeaa23d9124c53fb9
t2t_L10000_3373	ca56bb2e0b883555ba22fda13075eda35a7be2682c5b4125e4d9208a1dfd2398
t2t_L10000_3374	938330a5eb330b67ce4f696bb966813cea05526832782cd0c705b75eac7756fc
t2t_L10000_3375	5e894f15e9903777de5eabfb93a26f9cb2f8e4760480e68f131897a0e5ad2e8e
t2t_L10000_3376	bbc3a9aafe43374285881d51dd71749c022d5a6e32da32687bd508e1c47bf42c
t2t_L10000_3377	2f3c4235752b4f6dfbb0b2b423cf46ecebaa274bfe879a9c836f1e32f28de2b2
t2t_L10000_3378	b7ed8dfdb8e38dbc71a41f8c5df7d81115cbf8329286ea6d8d35a01b11efa236
t2t_L10000_3379	f090f78dd6fef510d14b59c4eb7b58553f9836d33b5bd5eb88b31c59e778d189
t2t_L10000_3380	d92977997cdefa0644087123406b6377cd847c4717528db0bbfd66195485b9bf
t2t_L10000_3381	c77f222cb598ba0b302ddd31454f0b3891309796b04c9de5a3dc58c460e0f78f
t2t_L10000_3382	25d9d3fc2752f0db1b9537a32cb0e61e8bf3c51a1fcec35d952af89b1015451b
t2t_L10000_3383	d336de7b2a1e9d078be5b6f1224eb01893bb7a82c13c6fdd794c07d811653527
t2t_L10000_3384	032416585bb70731ac11566d54d5bd397460573a6afe8aecdd51afcb191c9544
t2t_L10000_3385	6818f513982e61ab42ee4c0717478e821f1518b2fd44549776ac7daa23b2ab25
t2t_L10000_3386	f32e174aa7c4fdf67170a1407c64567fd07dc45db856f566497bc56071adb37f
t2t_L10000_3387	5682e188c16759c356546dd38043b94c47426a63cb32e49bd75a30ff4132771b
t2t_L10000_3388	6eea0a83ca5611ff5f679fe6aa4c9f6ed5ed97c509a599efe2738558f810c8ca
t2t_L10000_3389	70773afa6f02be64703232ac00d9db121e7d75c3debcecbe31345100fbf458bd
t2t_L10000_3390	bc825b9c0bb92fa4dc7c3d23ebfbd9cf867e5fe17a254475ddb1c7ab4c40668b
t2t_L10000_3391	78a56bfddf5fc7d6262b4f6493ec8fb3db21bf82377ab5742afed89f23c7246f
t2t_L10000_3392	0347d8dfe66af78d58fbc0973c092b62dffaa318afe5c6b84dc6044eda1b328f
t2t_L10000_3393	391205c1ab39041be6ec7860c29d2084c94cd43753fad1a9606924212d888755
t2t_L10000_3394	cb910b3ed4b89ffc38d7b5a1241db060fb382e8e206a6d82a15b5ba07f195f14
t2t_L10000_3395	a0be8b4404d24aa1c92827512bdfc2f44fd40feaf7b1aa431a29113d74b5cba8
t2t_L10000_3396	adce37f7b2ab5922e8f97e173fa9b98fdf75cda79b1abe9bdeebbbb1cce5c7c9
t2t_L10000_3397	63304ebd2cde77d87eda2e55ac31f812cd938112cd2de6dc47db0aca2cd47a9e
t2t_L10000_3398	400a8b38ae67e7eb9b48f71c19f477833f799b75848754ed75b093ed2740f6d9
t2t_L10000_3399	9e8b96c9f67695e15b5fa0ca70e07888c0fc5a17e4762606ddf53c41b3de6cc2
t2t_L10000_3400	54041207b122a2f0569eb51edf3fe7de389dede6a7ced31d4559d754b36c56a0
t2t_L10000_3401	ebeee2e691a5e9e0adc509d63c230aeb6c82e687973ac017d5330fd0dadf690c
t2t_L10000_3402	f0eba9e63b1578889fa8c7d83a416dc8552f6cca3747d78693a659f71314118b
t2t_L10000_3403	87336cb8ac2bbec5a290f2d0c604cee1ca95f080bf34077eaba9dd0da97f32f4
t2t_L10000_3404	c1a23c4199791e6071cac29c5ae1b263e7dfe85c041a050be20ede7213c8c953
t2t_L10000_3405	341bf41c592a21bf26730206e8951951852005094f5a985223eb744eaf0d6c4d
t2t_L10000_3406	4c0b675da6eb3bf68ecbcb3cf009208e4df2ae8c43763f43543bcb03054fdf51
t2t_L10000_3407	9f12ec4977526760f2b21847ac8b916bc75867a453d6be8b3277f0544505ba50
t2t_L10000_3408	6f1ea11c9fdcca66b790fc1eb76ad0ecc643f8458c16808917f606a6af842cca
t2t_L10000_3409	47692330f8d12b6af765d1436a331658bef8d89cc39829902115531ad2736f5e
t2t_L10000_3410	07bcf481dc44bb84d8ffb190300c629e74b9e5e60a4439becfedf0383db50f16
t2t_L10000_3411	b21cb87bb8800e4bc3bbc4aa0d9253b3edb78d0b95d766c3d23d011776fc081e
t2t_L10000_3412	86a1b3e0ce1842da61492c20e2131599774a325ae878017b816e9bf8e0b72292
t2t_L10000_3413	88dd15f112921b93523a7965de56963d7683ce49b242ca3cd66171b75245eb41
t2t_L10000_3414	7c822202cbb1941120bef30f0bf0996f250de0eb91d55ea18472a583aafb93e6
t2t_L10000_3415	067a0c242b9fe13cbbe228c04dd596351f39ae0e41979eea65b10fe7ee87604a
t2t_L10000_3416	e8d46503ac0ebd1b6d4dae6c8da5448f2afa72974299f61c383bd9b2b045bd8b
t2t_L10000_3417	26555353f20fdeba551e1ebf58151e0db5aba29d257a48c73cbaadf1a251e29b
t2t_L10000_3418	67c241067eccf3c5a771b1b5c97ffdc7efd43aba2058b0fb419db0ca95ae31d9
t2t_L10000_3419	5e1d4529bb42ceee59d210a0ce3f9a0cff5899420a77fb4f375fd27fd7fec0c9
t2t_L10000_3420	d37883789e105b4a2cb19f7c3f67d6adc5d12ea48ab68c7cc9df3e15c437dada
t2t_L10000_3421	774042933d9fe5f925fcbd05777c0f03a34c1c5a4719a6916a8bc08a8bf62c44
t2t_L10000_3422	7be3e241b6d7f68d94c96db7932aa466cc55fe108739f71af06935b1c9a53e8d
t2t_L10000_3423	915d6a1d1029dfecb67833ca8b8cd53f57557f34bc58ec81d68af7c5b60f3e96
t2t_L10000_3424	10a0aca8933dfa079bd667169b5876b3a876ef49b6b2b9a16faef97b7043348c
t2t_L10000_3425	3ce78e4d25e82c0014c834d5d391e8577dfa5b85fa720e63b64089005c4c1924
t2t_L10000_3426	4e3c33d6fe22571c22e8c3766f7f051b0758e343b79162e7ec6e4a76998d6da4
t2t_L10000_3427	0f4260f107f4240afa0d4f3e32c531aa5084444fda2bc383943677d1b365508b
t2t_L10000_3428	2d3bdbfc0a0511ab9444dc39b85bd5c264080f00db5fcfc495654093fdce6e3b
t2t_L10000_3429	d68e41403f8318e64b62d4d7acf8a505fe9f4a855631bf04dfdb87ecc587aa2b
t2t_L10000_3430	de0906d57d4b1a2895486ac5e119f365bdeda797ac88fec87cfe3828c9a12f9d
t2t_L10000_3431	41b94c4834eeaa471185e84280a2f0ef5699d03e1bd6ccf11e49107b2ab61dc7
t2t_L10000_3432	86bfbcb9455a909fa818f78f61bad221380e554db2308c8cbe5f4cb1360b6ab8
t2t_L10000_3433	227904d5df3a6268695ef8dce9ea845c7f370c68360cf90e9835513c9f763dbc
t2t_L10000_3434	71efeb1c85895855a964af95e1359bad13065492a860cd093f04bbeac55a1b95
t2t_L10000_3435	068efa61b8eb36d9e30adbe3299e8493b4cd0ad1d6aac648224fd1a889984eda
t2t_L10000_3436	f296763d534b0e41231e84d041c47302daa5aea16baf1acb8e38775c6a5d56c5
t2t_L10000_3437	8dde7517f8397b61f75ad83b480f2aa4e05ec4cb404c63ec7768adba52a2dc95
t2t_L10000_3438	b7fea47b458f0582836a9ac109c70368a83e8e8cd892363b22e71b1b6f4a6d49
t2t_L10000_3439	db3bf835c4090a216ebb9ef8655fb3533baf08b715131956a83ff6df34e1a666
t2t_L10000_3440	d6ead0da2ead9c611abc0388c7a74e2b38ed3a458ab69b9bc792bb4a93fe5cdb
t2t_L10000_3441	7a61c4e3926cc71abbe605736a396a229149be1b1c93e267774a7d80c48709ca
t2t_L10000_3442	7232b4b7058561a104e7ecbb0429c427447bbd78cc0bde4d846084b1fc6899fd
t2t_L10000_3443	694ecb290e087a90968ca721b8d726b8751972c2c8f7dd8d8b0084b340c6339c
t2t_L10000_3444	91ddb3875a6dabfd00c76fd0ea685ed3216b36f698074e94edb56b42cb19bcc3
t2t_L10000_3445	deae58984335358521baa6d9da2d4d0c31d79c380528775cacda94c7b367f0ac
t2t_L10000_3446	29612d13f269ede97ffd56aa0ce23f82f9657a168d9c6fbf43a9a5c84e1d306f
t2t_L10000_3447	281a4f2b469616a5c952930854572146f0b7504c072c645c69870c1f47acd280
t2t_L10000_3448	bd9b9865d330155f5c303d111b41a6837763b7a0422e9add51e62214daf22b74
t2t_L10000_3449	bc89936feb80fd30cf277713c5bbfdce63a9f1f490b831b70e282815519ad889
t2t_L10000_3450	4dec74e9ec9b01d9ebf16ad49bd25872758fe0e0363be71a5ca61a4bc87a3dd2
t2t_L10000_3451	d00634dfc6c67afd65da0480265b9c99efbe0340ff4678315dbe1addbca95652
t2t_L10000_3452	89651cbee33353eaba92479053020c589f88345056422de0a4c80d1d69a4ab6b
t2t_L10000_3453	67f0b9997558e735c23bc90907dcba246132a08abf392566e33ab5aab0ee8a0e
t2t_L10000_3454	52119fc116084852fe694a80a9901360845ff88d6eeb1b6f436a3b5d3733691b
t2t_L10000_3455	fd779aebe9d03e295a48326af8810706bfb1d0d831154c01d2b56223b5bdd22b
t2t_L10000_3456	bdf68f19d666d2f1696d3ca71dc49d2fa84ac493e82fdbe3f37d1b6d418d3016
t2t_L10000_3457	6adef20e1011f418c9b75aa783368ccbc4b38645bc044ccc8c846e717164c199
t2t_L10000_3458	9f27d95835f6c83e01cb838586d8c4b275556c1177e7177344809fcb66014a56
t2t_L10000_3459	083fab3e4ee9b1379c439ae4729cb92c7beb797e6788d7091aa9dd541007cc44
t2t_L10000_3460	951efdd460848a8a7dab424ae21c49c6777f86710c8174c08d49a44f244bc4ff
t2t_L10000_3461	dabe9b598ab462d39ab3b980b4e114c43f11a197969556221d56b077e5836aec
t2t_L10000_3462	abd097d1c172c093e6a8d85b4b973f64f5a132fea2ad8deac6af52a6cb1b5087
t2t_L10000_3463	64f3e985a0fe9625a3653cff78531c1ff5f1f9277da26c3f75d7f4feab8e7667
t2t_L10000_3464	1a84447af68a37a30069f416929b5118c4577e23d9d7f5d7d5df4c6dfbf79a2c
t2t_L10000_3465	ca485c39948a4d551a770ea00a1a5317dbc1b863bb2c05da323e0b78b8a6c97e
t2t_L10000_3466	1b3579e9dac67d95f6bb28393dd3bdd4778fc8c27ca6ceea45d67051a8aee9d0
t2t_L10000_3467	9ffb44fdb0e7b143a24eb927d91e6d09505ed6c6291311f399c4ec1e39794d50
t2t_L10000_3468	d40dd6455eb9fad9d211920a5d927cf7e06b836b3ae7100f6e3ef99b175114f0
t2t_L10000_3469	eb5f21dad8518b7e9504e359864d837a6e08ea323bebd3170f4966f39a0a95d4
t2t_L10000_3470	5bf3c34cce75705f55a4eec464f9c407a8f26f16337983a0963af2e792318f87
t2t_L10000_3471	3b81df778b85ed74a225da6ae91ce315458b9c7fd741f502c7b35010666a0099
t2t_L10000_3472	0d1879e0fff733f9f4789abf143745cee38c328b0df8853cabc6e88ccf36c4d1
t2t_L10000_3473	49ce6f5d0ce8e6cce35457ebcee51bad62c25ab99ed5978ee86c258429c14911
t2t_L10000_3474	e384cc1524af332db3517042a9e64e1e661c1dbaddf9ffdef9947d99c0568ec3
t2t_L10000_3475	85534e8d8e6cb4737bdb37422e99435c9e11fba03b10e13ec4a8b38ac9b60e01
t2t_L10000_3476	d25ed2e1167b5244586c14a1f0c4480ad182c71c2f9931d670465b981164b70a
t2t_L10000_3477	2b7572229a23cdbbbd5a1c3ee66c4ae95094eeeb69746c71e3036ce3e89554ee
t2t_L10000_3478	e8070dacb69afded10d3c9f5c2ee09aaeeb120714894122da32d6266551c608a
t2t_L10000_3479	d793a3328fe67b6a9010e36eddce183af3a27639e24888a4a9a08945a85ae6bb
t2t_L10000_3480	9c3bf5c58b677bea56023579ea7b17e9c205b1634c0af3a503d4caf030024d95
t2t_L10000_3481	f0e98a668639632f638cde6d7dda9ec790d3dc474f3311cb2fb67d73284cfba9
t2t_L10000_3482	753d767af22ec583cd897c2f25f378d573f98a9e6d52f6f71aa7724f1f9ed905
t2t_L10000_3483	bd25604c836eae96f5057a495a3c1a913733baf324886f515dccd4e66ed1a7d1
t2t_L10000_3484	f138876274715e31cc1e5e4f1a16d4bf446ad703bb5d5fbc56aa21031d2f16ac
t2t_L10000_3485	b6f437475b306ccbb38a5ef7a83378d0201fb1b93953d2de8d902eb67ea8d495
t2t_L10000_3486	ff96a3f14ee380e9acb7321044cad995c4dc8a9c37e7ef384c3cc128e51d8614
t2t_L10000_3487	180b6529aa009a3b0fb4392ba754b5e54b2be20381d462e150ec7fb66de2234e
t2t_L10000_3488	93d3e5def2a74991ec68142260d841666183563894513e31f8031d6a81e41f5c
t2t_L10000_3489	8be7d32194ba61571f889d06579d0a5927a4df3965a018a21260aa27bd9637c1
t2t_L10000_3490	4560754ad02196615d4fe63dd3991a0dae09a144a0ef4d41d63dc041f05aeec9
t2t_L10000_3491	f75ebd62bace06ae875576c05e6a5d68c1edec357ee2998090da6e0102459777
t2t_L10000_3492	f3dc61ccb38f7698c3f997cafee0665e42c79af3c84f58fae8f423ed35742808
t2t_L10000_3493	325176a8a74e5b46f20dc91aff614cefd35acd0ce68a429f5f23d7721721f5e0
t2t_L10000_3494	9bb75ec8102682c9344690b425fd7c8e58acda611d32357b7e4cd7817f5a96eb
t2t_L10000_3495	5430ed3433a2b24bbffbc8ff4d72f8db6082f3d581d21cf0e4853c088914e181
t2t_L10000_3496	20e2dbdd70266dceef69425fb3a176a2142bbb632a57aa8bd449964afa8b11c4
t2t_L10000_3497	dbff73accdff28413b68732f7f8f1f17a7956098c827801fc114b409e6102193
t2t_L10000_3498	8d7a63321c672f1a449e95cd038f633022b5c499ba1e4a9ae0dff6b4175b27e0
t2t_L10000_3499	4a8a77fbac0fd38460c782b59ab39c19a89fb4b4c48bcb7d6bc90037a60c4776
t2t_L10000_3500	bd68f936405678ab7e71c0e920f4833b0d8bd60745486b3185f959405be90e89
t2t_L10000_3501	9322f2c9dcbcf2a871f6499e7a915d75cc8adb3ee6dc90edfbdda756ca9a7440
t2t_L10000_3502	28fc2711ab2d920c3aa9264d3933d3207e3370435d2cc9345b6e8a8a8d057c88
t2t_L10000_3503	1031514247e649f15f3b6653eb873ea9a381fad8fe9bfba3cf033245e76c3092
t2t_L10000_3504	34eb4aeadb2e40d972b9d3fb129d05e40bb7b18d4cce59250d611859cb4acf7f
t2t_L10000_3505	7f7225bc1a4238fbaf1cf08798e3961d3e92025e6ba81e08eb0eac767f5f78c2
t2t_L10000_3506	6f08f3826c46b03999f16c0adad90170a99f3ed4282ea7997e1c237f520ba234
t2t_L10000_3507	ce8b4f6966c4cf7e3b263d85ba12aae47af91fa3fe7b6342cb057614c06f5e5e
t2t_L10000_3508	5522bf9983417b16d1aaf3e328c612fd31a10cd0782762bf6b127319c5b486ff
t2t_L10000_3509	e720e7a5337401838a987a73599ae7da0a1176029507b9242af8da8ce31fa789
t2t_L10000_3510	d5e539a4769358c25f539223f410b999522d08c7f3cff42156ce6e3cdf4ee69e
t2t_L10000_3511	da5dcd5460a0f4d733f510158307ad7e2097f9978b8e7fd40a1403c5e56f5ee0
t2t_L10000_3512	4a228a0d9464c64a654e41088deaea010cba2e6f9ee5c883c778f7bdc34cfe5b
t2t_L10000_3513	0164dcc6058ea72d632171951e321da2e787cee7bcf7c56a12fbb1ca3a668aa9
t2t_L10000_3514	e207706229f814fa7c43b44824e9d09ab8af60d2bcbc6b66b0ff670b35a1df95
t2t_L10000_3515	d175866a182f3c92aa28b8449906932ae5416de0c0462360374e1626003a8a92
t2t_L10000_3516	db1f02d36351a5ae77984970296d77e58644338aacbf80107bed2eb7c573a491
t2t_L10000_3517	6646a51fbe9c5b03eeec39c628e82748e0c2758264ce8997356743da41b98f31
t2t_L10000_3518	4abb0bb7bcab10fcaa2b292e4608ef4ca82f4af22f9068d8f7e5e49ea77b76a5
t2t_L10000_3519	7a1850e362b226bad86ff1afd85ed3db25d9d5cc555d2cf5d674901220f52152
t2t_L10000_3520	284a74155d97f57a1010921aecd1157d72907e4d914b29a1021ca11fe3bfffa4
t2t_L10000_3521	31864fe1d7e4e6e0a6de4c4fcec94896c77773bd32b8fe18cc59c696dc22942d
t2t_L10000_3522	2af280a08aa39f1d1008b43de02ba05e656939e0b3851eec3272c921c20f582a
t2t_L10000_3523	bdac58057dc8f6f8dd18f0571eea2a089d85c8d3c3a6f92408a6c3301a69c8cd
t2t_L10000_3524	4cc92832b9081dc6d87f5790bf551df920543adf7016c70d5c1bc256e37c5dca
t2t_L10000_3525	24dae338d155b879243d0cb2a023243ce4ecea9201d5e76e6abc35ef944dd06f
t2t_L10000_3526	fa29c035d1834bfa136d7a15f7843dd78e5b3fed1e5bf3039f07068dae992fe0
t2t_L10000_3527	116da74eefb36d40f2787d07639e5e516c03deb44c9bef731438a42ed30fa378
t2t_L10000_3528	e3ad9d2f0e32e18771842480005b1c29cb2ef7c234385444f06069715274f098
t2t_L10000_3529	cec0dd061920c0d14f4e8814c118488b344f312832f3ca80027ad0a49bf2c01c
t2t_L10000_3530	b3c4ceb1dfb7869a54fc7c222671b08d56d9d32e9f3bd56143a7c8498b953ddd
t2t_L10000_3531	92ca83bdeeacad166a2f9ad9efa5ec0cfb5e77eeb98586ab916ddc7baadf7cab
t2t_L10000_3532	7309cc74b2f57a555a9b6b7c57a18afb3064ce3695c0e8e0165d556a34adda3c
t2t_L10000_3533	78c4335407d7f872077e115753e9d941f0d92f3a6dc821f20d811f7b5c759d99
t2t_L10000_3534	5bff40b3e895d0d61406adc349fb7dbf8834000e9413934090fa6f27014b402b
t2t_L10000_3535	8cca05ef88086b28254c5404aabba91223a8bc142d14ea6404df24b9165a3fba
t2t_L10000_3536	4778a5e7dd0f2ede7254702d5f88c607d470dd5ae33cdcdf0420a083203a7cd2
t2t_L10000_3537	d204abb596c80ffde64be468b749f34189c7d97337a17d551bb3c747b1bd391b
t2t_L10000_3538	417dcea0a382ba45eb2579ca420bd4dea549c13f2cd2cb23cbdb7041256bbe18
t2t_L10000_3539	43af2123a691bce8dad8f798003ab21c699a9b9847082f75a26579d4b481bd37
t2t_L10000_3540	e0232d0de21344e5924adb90ef20c68e9d4fd942e7309e0c89562b5c58a0e3d3
t2t_L10000_3541	715f06c91b2768b10890f273672e2b466567e31b8f91f57fbdb938c043c1dfe4
t2t_L10000_3542	d2108c6422d399316648c8ff6d260997040d9e8f3ab5abc0c1979c66fee89053
t2t_L10000_3543	220e494d9fc2383238cafb0d11032f820f86c8a106c235464f3ccac48b58b005
t2t_L10000_3544	d539311a3965728a96f5476735c3e39c961183c523116f41c6933afa038bb2be
t2t_L10000_3545	6dbb02762afeb29a3ac43652276d95d1c8d2571c4d1aaa5434e1e527fdea1f0d
t2t_L10000_3546	1df3254721789592193530c05df9034f3334c8268238b8ebdcc65fa9e192214c
t2t_L10000_3547	9b6c94d2a3ac1ec68994c858feb6897b5220d85590430f526e77feaeb13c3647
t2t_L10000_3548	6b6b5b781ec61a8f5893c1815b34587b1e72dc78693517c7704fdcb235bf45aa
t2t_L10000_3549	6d79cca748ee8b9ee9d0e53990035d4e076d19c4062512ab261dbbb51fa009a2
t2t_L10000_3550	1ddded000fcb0d008edd6431d080f119ecba079602a2c717659cd37027a94b3b
t2t_L10000_3551	e747e13883e92572adce853734d4b37652bbdd6eded195235193b85c3314c274
t2t_L10000_3552	1f69f205c9ab0829ae1403dfb35731bf88d1a0b6fbba5aee26564643e1ee7a52
t2t_L10000_3553	f45b6dc3e39b2c3b01899b22059c48a7219f7ea7e5b3d3fc336f53f032d34deb
t2t_L10000_3554	225d8f01470ebd2a5ebc2965c692808467ba1c7e4fa60ae66b27a5b273847eca
t2t_L10000_3555	4db35b9298b35f8057333636340fe1342cb8e9af771941b33a6a2267eadfcf63
t2t_L10000_3556	0e0769b18878b5c50bcc14462bdaa4d17b22dbc7d7f16f0d0ad57f7dab2337d3
t2t_L10000_3557	9490defb4a4a7b3cc01455d513b597860244cb0fd8c2ce9c9e9eefb155034c8c
t2t_L10000_3558	4e95a5c6273e0d79130dd2af817dbe21c44c6e844b60ef9f769c39ee12ffe171
t2t_L10000_3559	1a471036675f7aaf4984c4eca7aa2c92de9726aa753f191428836f70e7c8a6a1
t2t_L10000_3560	31582491a21bca7dd51b9919b114529a08aab48a4802935c52edf0d182cd25fe
t2t_L10000_3561	f88f2558f7eff2fc9d25bb1249358836f7a83977298eadcab039814bca2bd475
t2t_L10000_3562	8fa63b55180fed3dfce695d8f623bb51cfa3c01873fcf7690c5b52fab468ca39
t2t_L10000_3563	4d1f90058e5bcfd5acf9fe788ed53ed281cab58bf1a221c838f97afb8da80e3b
t2t_L10000_3564	3880ab7063f4fdf95131c9417303c9db5d6de21859ad566999f0d3333b7f1ad6
t2t_L10000_3565	f9c523d366506d4b26f5e91de83b4d4925e355205b7ae542572605ec998265d3
t2t_L10000_3566	bcb6503326a79dba78dab5cd33df1c1e0ce1974d0e4d629a0f0370b5976d74a6
t2t_L10000_3567	62abc781b90f8aaace805a390455bdaf01df09c586f0610414e85f81706ac466
t2t_L10000_3568	5effaa383b51dbc0cbe84dcbf969c86255417743ae7561e36be1b23a4783ca65
t2t_L10000_3569	7f363a147f6c804c3783d08ee439dd3d95a2facc2815a1fb874ffd992ae09401
t2t_L10000_3570	f5d1164ff1bb2394a060d2593169793c8b9fc1649b271659ecae709b12cbc86d
t2t_L10000_3571	086e8cc60e65a82155d2d2a8251afbbc4b5786cb378e48ca1af94e57ffe76234
t2t_L10000_3572	0b9d480fe1bff8591f18b7b49d6ba4f573259b3929a5e07e379f604292ef069d
t2t_L10000_3573	f4df276a170645e95123c26cb5c6f71f6e9364858140d359d93ed009a4089062
t2t_L10000_3574	65448d88217c681abf0792c3a096a6204abab3a3c4a99ba75a731e0abc3a77fb
t2t_L10000_3575	115446d1cf557d51d8edc1ed314836c8675cf07e83aca8ac764b9c10a6aadd66
t2t_L10000_3576	e35af77a3298a3e3a066cffe53c4bba1c510c614460289460d72ecb14a9f4fdf
t2t_L10000_3577	3a2dbec149313a59b2e7a52750fe64a6607a679aa106fc94ab5aff2203f55713
t2t_L10000_3578	cdf6945799bc431171fba9a4a7d4f0dd4674d9da903735fe0250380f18ab1dcd
t2t_L10000_3579	0667e756acd523d953d52253a06c11b8209596acb33394d6b98a178ebf89cd6a
t2t_L10000_3580	1550e4c1f5c3dd2e2ce1e5587f0655322b574c42b944214cdede2fb2c54af9ba
t2t_L10000_3581	05bc687b81c2646d9af15f388c8943a0da4bc317c7536f66a647bc28746e309b
t2t_L10000_3582	d172e8ac583d8f72143999fd01c7b2fdaf99204158ea75b4bedd4b9925745aef
t2t_L10000_3583	e992aa42140892e16ff7ddac1566b45ac224e747abf7c230de076dd7346d7879
t2t_L10000_3584	a454792287661f6e840500d1da5ebe5189402289adb9b9f6762486f209475ca7
t2t_L10000_3585	41d7e2ada9595fec9157daaeb71e035259947a88e9b8bfc75d4bcda1bdebc0d1
t2t_L10000_3586	d0aa48361e20a4db6110041a619153746578fe5924adbf3fc4981b5ba5832ef5
t2t_L10000_3587	9ae96dbf8e25471c73196b955634978e6c05bf0d786aac1be71b8801899e713e
t2t_L10000_3588	4656782c3dc8bc64d547a523a6729622a3bc1e60649e229b07d971078f5bf355
t2t_L10000_3589	710a1b225f63864d282636dfcc22a911cf930b17a2a320d5a7285643ea27e258
t2t_L10000_3590	29b50cda49d689dcf46587d00891629fa041e337a18026486880883701dca397
t2t_L10000_3591	9f5d36c8340e7948115d4c96a5b1776e31b9cd849816f0c7d0ebd7f4e30ff45e
t2t_L10000_3592	1abff902feb40622f7cb6a55886c46d29f608a8a9ecdca80b2e81c5f0f3f5aa3
t2t_L10000_3593	6ea02d2afa7d88877154c82b331077655c42b46b65022dc2a90b7a2742ab7e37
t2t_L10000_3594	aa351627b64682ffa672969b334438bd640338c35848063bf441c650acaa5577
t2t_L10000_3595	c597253e5059d4ba2556dae97310ce6b912915735135e1df8c12a5e43e47c924
t2t_L10000_3596	f396572333ae3eea71463e3779e24711e939e8c8e4a8a969c965fbde31fca34f
t2t_L10000_3597	125b95deb8d5a39b4358bc5657640b862c1e7f8027543c2993476c3dda8ebc2a
t2t_L10000_3598	d9cba7a0bc131d462658662d5de3b7b8325020727e3efa23406361371deb073e
t2t_L10000_3599	e7d6a75bc333df41f4f85b8713383da528aaa2be963fd620a25c035280cac876
t2t_L10000_3600	7e9cfc55ff032315fe44a249155fcbeab5be25410e9ebaea0393d4f9b2d940a9
t2t_L10000_3601	e9d718eb40081cda6cb79f15c40b1c9a3a36c41ac5dc5a576bf0653d220d4ff3
t2t_L10000_3602	3f445504a58e1583f9c0d0660b4de09d67c59cc6fee58949240ad7c58d302507
t2t_L10000_3603	39d0bdbbeddcb52479f0c04e234102614409b60a59cc51f0bcaf5baffef94c9b
t2t_L10000_3604	f4b423a7054a6dbaf877ee10bb465ad6c0bfec8d07324062158bef538eadca81
t2t_L10000_3605	3ba18ed343754543a6ae07d770b5bdf2c11d46c7e5465c493559898a6332c46e
t2t_L10000_3606	ed6789cfe88ac14ce719aa409e35025ce8b44e98e39ace816f7c863944a63f9b
t2t_L10000_3607	30eeb9cf48a30a39c94b3cd1626cf17c61667c0efffdb9cede71d8be57677fbb
t2t_L10000_3608	b51dbaaa41d2bc0593ea728a38e02fa5431e895040db05178c777572404d1bf2
t2t_L10000_3609	2ccdb4a4773ca20761f6b6d744e11bf3885b395418635f86bee729c45803e9d4
t2t_L10000_3610	eb3c19ee0a44d194dfdb8a0f1da7c9fdfb699e18115f0744c6d54dd18bbb9d02
t2t_L10000_3611	349a41bdd1c2f71a8ca1d4380c5424f5f82026b8085affbe86b5acac0935dd9d
t2t_L10000_3612	4e91c33d0fb248febffa5082885802a09e34640454cde6c0813bb48b54f854ca
t2t_L10000_3613	a270ea273c6eb86ebeb068b4861f5604c3cdb7c5280a24befba017418a838aaa
t2t_L10000_3614	38c1422aa41d9f43fc9a7d523fad1714d6fdb618d3f3b675bccc83a604d39f78
t2t_L10000_3615	6c0323582a3356ff0e4a03d55e1a320472ee8edda21d631051688ca8caff15d9
t2t_L10000_3616	436a92a039dbf06248f59607fa5a95595b3427aab5f79aa249b3e173dc766860
t2t_L10000_3617	ce8a979a617074e608e8b0878dd63b6a18a5c03d6718b63458153e26f5d47d90
t2t_L10000_3618	010fd6e30c6140969187ed08b3b3ece34c1850633b873b2c029f722f440836a5
t2t_L10000_3619	21ac6ba6da300e9935ab523ab852ee817816c894eb20dcec798e446338269fba
t2t_L10000_3620	7708211ef07cae68848d520724d06201cc23bc6af1a0eb6868c0f7b9b81d078f
t2t_L10000_3621	a73c6046735f1861e7119d65d669e64c66b73f21b8355dbd8c9868bd4f5080d3
t2t_L10000_3622	ba4609140350b40a06cf23333fa1e1d141999201d7eae8ffa819645c3a820c87
t2t_L10000_3623	5d54d4c9a9bc6c453d4db4408f1f1d33053b43b4f36e4e1366cf9a17c76cdc02
t2t_L10000_3624	fd2f439232586fd7b879cab6167a46e92c499180309c936335c92f4b8f876e15
t2t_L10000_3625	cae766fdb0e529aabd2dbc6bc6e0b48e8584993fed654d0b6bf177c8d979016e
t2t_L10000_3626	85c69c3e41838d5e6ae00aa82c54c9eb5dfbaeb52b7dac2ade2baefcd9314a9f
t2t_L10000_3627	df60a48cc04bf38b2a475cb8e31690abfb9ad2e9926d14e43c89ce4666d16731
t2t_L10000_3628	044374fa9304129d470990547124f1f0c7f1b469e69ffcf5c9e4d3253d91e270
t2t_L10000_3629	29700d292a70a2ef86148c795617c5bd7420c37d4c6ef9866303979a8b3430ea
t2t_L10000_3630	e1c588555afd1a345626be9d0f2fc2b4c26b2a73876fcd040d44b12680671b0e
t2t_L10000_3631	67237936410f65c127a4000810c21d61b75b42be9532d621d372b2dd20d8a862
t2t_L10000_3632	2efb8db8466fa56c608e099304968c4f1a8aa0f98317c60d3148ec63aef0e93e
t2t_L10000_3633	646d2b8710d589823e3c7a50424faacc8b9068a0946992833c8fd561399999ba
t2t_L10000_3634	54f1765e6cc89b31c2275ebcdf5dd5d7f43538b620a04248279e2166ea2ca3dc
t2t_L10000_3635	cd54d70ad81f83cfaed3826d690a150e42fd6d05f342b13853a2b7c6e10d6068
t2t_L10000_3636	6b0794d0ccdee2b737f73001332297c551db81f22b2b2e06050c3cb5e60c97e6
t2t_L10000_3637	c6e99b04bf7cc8f3be5eae87052c6029ac17dc1764b047617bd9f7a70f4ac2e3
t2t_L10000_3638	f85d32a0a726294b398913a1ec7374559cf60e3d3439c824b5dae47448f26c79
t2t_L10000_3639	74904237ec5a74c1bb247b027a04ce665360d813d4ffe28dcb4061b0ac2afb07
t2t_L10000_3640	295a2195b42fc70ac2352ac6f736e43079ccc5fc50f8448b6c8b9b6dd4a88a50
t2t_L10000_3641	2599fba178620888c257ba11417e4b8f3d6eedaabf6b0ac9fb15f53b81e596e3
t2t_L10000_3642	cb4f55322689bfab446b3d1cea4347ca57b597fe5d8284de71222602a135fad1
t2t_L10000_3643	68da2b3d47026764d5f57f5992d07818308a2ca41ebe81274d2b56e450d1a052
t2t_L10000_3644	66d982c65f74bf676d15b9ae670671972f646e467994e896f3970ef1c8b5c667
t2t_L10000_3645	f28f69a1f502ef1f2e8a3efd273c0b52e6dcdeef04ce2b148b915c7060ea0e47
t2t_L10000_3646	3ad29301ff9f9f48c5f502868acbcee7dfdf7b64144a356ef41661e7dca66cdf
t2t_L10000_3647	9b6b98eb0df24a3501468fe17f5f9eea796737f9a4fe087868146cc40e8e4b27
t2t_L10000_3648	b89b9242cdb52885d3adf78864ed5466b92765936807e3c2988eea962c50046d
t2t_L10000_3649	6b62a74589068db7e3fd1232538b76f228358ea2175b260cc82da191ccc98f6b
t2t_L10000_3650	021b9915bc8332a84809a619c8af0e876fa8c1227f8c471db7557e30f5af2f38
t2t_L10000_3651	67edef6bcf2b0caaa36ac5f747cf3f6c816a295fae378456a96cfa601273d709
t2t_L10000_3652	796d65fbb9e42a785e50532d9a783809947ada0db9e27745e276aadea4dce408
t2t_L10000_3653	560e47bef48355dd457cf58aefcc608712d7f12618070cb4929fe7e4e0167cd2
t2t_L10000_3654	85d57b2531b9a9407e6f6f578a70cef5b4434dafeb8a9c1f356e28a134b2de8b
t2t_L10000_3655	283c718d9120c84f34b8e81738bb982d2b91d5325092e5b8b5203b2d115b82e7
t2t_L10000_3656	c62f89181d8ff94dd1882c8725855d559dad036801eff710d36aab9176915d8e
t2t_L10000_3657	c11e12a6f56b4c61fbfdccc9badb72f5814a36dc9a009ecc1f8900eb8323b157
t2t_L10000_3658	9337a96090a881333687d918122fd0d76d183f9432d7282abafa79e55b08acf0
t2t_L10000_3659	2296453985d782d1f8b5cdcb5c60c6c921a73a7e4deb6bb390a0b6694864eb3f
t2t_L10000_3660	09351dc7e1ae324cfecaf70ed407673c9ffc638910f96c9c0d80bad03eef5f12
t2t_L10000_3661	4cc38b35a16b0bc297f0dde2e7f9526e6e14b9c6c2a3a7fc5f9016c86b840468
t2t_L10000_3662	13ef9706775ab86e02b78a96982712bd406b54bffc65641d72d5389183976d10
t2t_L10000_3663	ae8649932474cf31af4fa64c5de211619fdaa851c761b7ce37782907b5ee2603
t2t_L10000_3664	dc30396ac1f645d90ff38d209ba690478881c87b45611e4cbf5290b9c082d0e3
t2t_L10000_3665	76620ae054112d7287c324fa5ff987a6bb6ffcef0cf60381177847934ce66bf3
t2t_L10000_3666	ba3024c3e0fe739352f49c6348a1fbf8a206e15002dd8813f6f9f833613a38e6
t2t_L10000_3667	d459b8f57387dcb599c89cf01916978f393c3d5c66580d3729e749037f32e04b
t2t_L10000_3668	944ca4a5210d46f7bfe32d706e4379098dd032611d544f632607e46be0f4db51
t2t_L10000_3669	54411b23d5e17c442f9f9f0c697bb52a5e56ae83efcb7ae19957bc5b09efa933
t2t_L10000_3670	2c041f62066c1092dfd3706f9751a7743048d4013fcf450bf4c8e5c1255c2d81
t2t_L10000_3671	29adb7d067d0f6709f770b3cedc6f45bc24f3547795f2c29837e917c1999e5b2
t2t_L10000_3672	5d912f4ee7a9891f079929a0af294d0d767aa42392a87a8294634ccca99dd82b
t2t_L10000_3673	6f9d164b33cfdbaa5ff071743d60cd15f8ff9e3a4527edc2376b211faca79d7a
t2t_L10000_3674	5f3a9287fd40e6fb9900dde273db57fd6181cb232400c5fb74310b3055ed5465
t2t_L10000_3675	ca6736e35d0a850a1b5ce02f75b1f2e4098d799942ddd41a63f0882f921064cb
t2t_L10000_3676	f09fd7dfa22dd3642661109aa2313e49aa13e5670703dedddbca3a7f06a3d8c9
t2t_L10000_3677	9457c90fa9428eab8c8c92c09473ffe7e8ef86974344d5e3a68ca4371abfe53b
t2t_L10000_3678	55eb6116d069db66e7a3bad3e8fc4ef2e03f57e7fe8a19f9288b68a1a16efbc9
t2t_L10000_3679	7b415725097e2dea01f7e799412b87a87870e66f763de52c45ef7a1714fb0bfa
t2t_L10000_3680	21d15ea89e3c7677823cf6a4ef7013ef6e0ef17afdd49d6c3cd8f2620d9d40fd
t2t_L10000_3681	a8d2435e33cbe3fade9a7c2b0059ac8e664b36dfc5f3a8109f382811baeca24c
t2t_L10000_3682	62bcee31e6c98dbf181cd2cb7537e61f74c61c0bbb1bb3fca8d4c335461905b6
t2t_L10000_3683	bd64e65b4a65f1059cd3f85481635f754ed83f5a57725b605c1c77416d119d17
t2t_L10000_3684	8a2ed2b75a0f6e1e27ffee8f9f9eb18f09403631c272bda74f08d5dc5270c990
t2t_L10000_3685	dc71135ef03d3f987959f3fa520f347f9ebb7bb097227aab82e24aeea48505fd
t2t_L10000_3686	cd163ef46af9113cf7aaadafa26031fe569c16614711ed16265b77849640ea5d
t2t_L10000_3687	b201da48ad7dd0e8635ef34f18fba4ce11c09aeb75521f58d548108d3d57102f
t2t_L10000_3688	1f83aac16a66b235f9d2561db5ea90aa7b33c02e015999c87841426e775e5e69
t2t_L10000_3689	97ae518013cb7c946982533cbb6539c17355d59b2195082cf37ed081b696b8da
t2t_L10000_3690	8bb682832103447cd52ac8f311acc35c56e25d54382420b0655f32a6c9b3b3d2
t2t_L10000_3691	4e9edfc1b643100533385528361ea301166c159a5f5d45fe8c48b528e9df2b63
t2t_L10000_3692	84e092fb8eb7300d9c2e7e1e1adcd05f6f25ae52193d69da0bc87b1dc0f7c20f
t2t_L10000_3693	59469700732ef727a8bc2969181021cad44b520b92486f10030255631c6bcb9e
t2t_L10000_3694	ea0fda20820a07326a2f4a4147d49abc50d0ed23c983d729d477c1879e640ad1
t2t_L10000_3695	06b1b0fabf0bf6a18d20c9961006d1f85dfd65bac4b1b73a613571a6a1be9b74
t2t_L10000_3696	49f4e58fccf15a13c6a0076b5a273d4f4ce77be283630faf875a177ae42d0bb4
t2t_L10000_3697	d9745efbc7fb3a005f9af494d952fc567eb10785638fd02107f7eb630a586c04
t2t_L10000_3698	7beaebf14cb54a0a4bb9aaa6bea4287e6762a04d8b100a26aebd27f51a14255e
t2t_L10000_3699	72978ab9c8dbd3f5e50d647df2fa9f4b65d83f8aa26c845707068ea36334a353
t2t_L10000_3700	05da6ed03346c3de8522ba4f9232c2e70fe09db5132501e6f8b241569dae2fae
t2t_L10000_3701	8524156e22706da0215e575b355b670845c2bdce0cf4bcfa9370c976b9938976
t2t_L10000_3702	839201eff85b982431c88102058ac121eabc066d034c5ad7a8c4df261a0eca02
t2t_L10000_3703	2478b9ac345c9a1c9201dbc8593b5ca96c89dd2d8b6acd9769929b88ad5839fd
t2t_L10000_3704	e24abbc8841af3ed32c56210308b81eb8901090faf2096f0bde0bcaf751c29bd
t2t_L10000_3705	00f1b055538c587bda3dd78c6b371526468bf59f1f0eb7472d73b573ed6c6eb0
t2t_L10000_3706	75d5c244e623aa61103f67d0402f1553cb7c266da5576f96364fa7fd9296e7a9
t2t_L10000_3707	48d802a4b49a2a6191db0c9b1f77eeec39224db4e8d6f4cb294cd72670311804
t2t_L10000_3708	6b54a3b3ef7ab77885427d13ff6263082ef1dfaf07b5e40c8f03a452624f7885
t2t_L10000_3709	8f699b218302c59f13bee8bcc8239a119aa8b1215f05161bbf332757a94935d9
t2t_L10000_3710	c495eda0370447e6d2ae02f5e1002293e664933e4536359bea641003b6b4fcbe
t2t_L10000_3711	c5506cef2af51fc6c1fb833beec033c3ada8a9338e0c9eafcba66f4506a141f5
t2t_L10000_3712	aab71c34adda837eda0eba5cb6372b4940cf9acaa63119a509c402b29b1dfb7f
t2t_L10000_3713	1904a4266fbd2d8ae8db561f2a67967c293f14f7ffdaf6dd2535207e430be32c
t2t_L10000_3714	0335800e8cb0c117824401b537e4ee5e485291b2ed3185f9fda5e45d0c4631da
t2t_L10000_3715	7c3624109f8e68330189cefbeb57588bce2f04d53cce298d75b9952f67b9dd28
t2t_L10000_3716	13b61fb7644ab65cc3e48f1ed7704230ac74a1933b442986048d079d24ab7fe5
t2t_L10000_3717	60429513300685802125904b986902e6ee03a10e90c808e1e2270bd2d2cf019c
t2t_L10000_3718	2b74b30cbbd20f740e83b1a1a790688129aaf656b609c745c7340fea4ade6726
t2t_L10000_3719	682b18536a3458f2a9e420b5ec13e5351619c5d08f166f0bfb51248d94165465
t2t_L10000_3720	02dc63c317d355e359f1b71d07d0a84072eddd60a02bccfc7b7f2674711108a6
t2t_L10000_3721	5fec6a212048444fa97e74f1ce3653f087e69ddda99908ee73782da956df3897
t2t_L10000_3722	1e3ad2a43f8a2ace6dc2b31ca0733c1173c97fe28b5aa6992770a7bb5e990af0
t2t_L10000_3723	4619e19a99dc40170b61594a490a8689a238624362d28720bd8254cd229b8d7d
t2t_L10000_3724	f0ae6f51d167e72f4a7196403754f10ba56684ec4218a4a6776d172395fc86f9
t2t_L10000_3725	5138ed9a94ddd38de4e8e33a24d4e73e957177b743bcc9908ca8ca566645d5f5
t2t_L10000_3726	724493d369c75cbeda6b656dc39a2d7736e5282c6df8c290980e8a7e17cc50e4
t2t_L10000_3727	9d2a4a4a121209f6d40b5deb4bcc8a4a5f0ead74eec6cc72019f795da31f6b21
t2t_L10000_3728	def2ce0dda27addd1e229c45c04c4e845d1f3544cb566585c83d36585958c2fe
t2t_L10000_3729	2bde534ef1d9f1fa8108311860df5e095c5a004e74e1e485e6cc86097b26ac79
t2t_L10000_3730	76af67adddf88efcab349db74eb5a57cfa6a739f74057b5797e40cbb6ea4ab08
t2t_L10000_3731	ce655312bd9d79512a54bf9640e00ddc88d133ccd8ecc47dc28224b67cc81d16
t2t_L10000_3732	759bab89abaf9107f2ccbe7622bfce347dc19c408260be0871822aad55b9b51a
t2t_L10000_3733	227f01b614295533cf03bfa10cca2cfe434fcf996ccf1a339cc9c7c7190f21de
t2t_L10000_3734	faec9c45fcb5db26c4e47f5cf6082bf52b507afd9fb2152274239b705b641c24
t2t_L10000_3735	e11647aee17a74bae46f6e8be85c3568b19d3fd2b3798a868ec7c0922c60492e
t2t_L10000_3736	fc43191c1e38dcd72e7f550a38c0eacd7e423e7d293d7634bf864d62d3fb2ce1
t2t_L10000_3737	47b34efd4bbffefd30afd214414af7764b0b468a5716303140ca559b2c7ae6cb
t2t_L10000_3738	2e5f7c33ccce33ab964d9bf2013ee480383ddb6e266e7cc829af5881878101bd
t2t_L10000_3739	3345bb8e7e2c8cd3fa410c78b7da7558b3c96093ebd71f25858ff3361463e9db
t2t_L10000_3740	32d9ca2a2c9622e0928cd6e34b982164f531f28d43b4f5ba400d60f4e0aa273c
t2t_L10000_3741	0e3ebcf5cf4dcf8892e83af2afb25d8cf152b319613bd7f950f092d3bdb70e56
t2t_L10000_3742	e97705c6f28164768a1f0b0ff40d15c0c8cacfbadc87d350d312219fab662260
t2t_L10000_3743	0d1fd43f14997ca6fcea72e1f685bb93a87fe29f13b4b9e12d5e1f6a55ec675f
t2t_L10000_3744	7f2a4847a6bf27d2b4cd5f89dba1e0f5aed4fb16b56b4577d53ab5646a329bc4
t2t_L10000_3745	b1a4e77101d89941d3d488bcfe765dbe4afe0fa9cfffb3681c39d1160bc8bbcc
t2t_L10000_3746	31217411e21436250e97483270d17c8dcf1f824b8296d99e29a3cd8b62d88f10
t2t_L10000_3747	faf1488a6761c83ece8f24ef57e15a3cbad0b7cb6a4c353d2ecf36edbf2dae63
t2t_L10000_3748	ecd7ebd379e6152945ba0c81befbb2e19b47abb06c77151a3a7c86fb88238de8
t2t_L10000_3749	b7e9d652271176b3b9ef9b3098fc8c09dd9b467dd7243ca4036cec641a3cdbf1
t2t_L10000_3750	005682b6be893ba86dadc30df2de94c55396259943a1fa1dad6db472726acb6b
t2t_L10000_3751	5038b8f7409bdc5a64714f9071c66b6cc26dc04a450c9d2d87593bd23ef79a18
t2t_L10000_3752	3413e58c323430f8217c2cf24998aad77de18530d9023ab65bfdde92be7f867b
t2t_L10000_3753	70b36d253d0b065e4219ed2b0edf64785b193e3c949ed85591fac3c517708764
t2t_L10000_3754	723a13f00d862e4ce36c10768503f68ccaf2b91cbd96bead21fc5b6f9ca52f23
t2t_L10000_3755	fd07577a9b3a4a39686c976d3d1a999d798369b72bef071cf84927eb925f5216
t2t_L10000_3756	3e45110f44a1a3fe7c36d7064984bcd1cce0dd160681e7134e2d4b8e8de67e0f
t2t_L10000_3757	6582b7db2ba3459f0910f4a8280135b59b009a465d4cd3540dac88100962bf7c
t2t_L10000_3758	8af75843ca1e99dd84827084fd55ae18c21e3c03e00ef22bea89589f38db9fb0
t2t_L10000_3759	4d07f9d67407f81c1ebbf173614850afa8de4292b67864205107cfbcb6a3a9ae
t2t_L10000_3760	20786704812772359985fd9099cc2acd4bfad64349a50af4284f311db51aff92
t2t_L10000_3761	261b52b0401547f28dd245ff81cf6988253eaddab09270ca2e3bb76af4065763
t2t_L10000_3762	ea250a62bc1a51810b4320a6bb516c3e6bab6f9374e53d155df7c7bf8ecd22fe
t2t_L10000_3763	d972d1e3410e81dc6d7bd8564e9dfa1c298fdaefeb314201fabcbce65419ab0e
t2t_L10000_3764	7debcfd4aa0d0ffad715d2db9a644e222da01be306ef330ea89877c8a6e40ce7
t2t_L10000_3765	64a49d79cdb95ae0cd367d772bfd6da783430a84951f56c77b16c7330d1002f4
t2t_L10000_3766	ba48c18ceb19ec0b70ba7750994ba3fa77b898620b665012c77406cb4d8a3f98
t2t_L10000_3767	66497fe64274538d9ecc401ba511edf26d5a77a4e4b1cfc889e3c1209bb42847
t2t_L10000_3768	567eaab6e5c219f04c17756fcebb5ef060afbe403eb361ba8d944df6ae11edc1
t2t_L10000_3769	cfd138e1199cf7f24ff0b11b89927c9b052cbe957f2cec47b875c3c3f3643857
t2t_L10000_3770	e36e86675e716afc5c587b2b82317bf5256e971c9e0c07be9aeeda488f40b470
t2t_L10000_3771	ace4b21ac9941e7cfc5529927c00008fa1a8d0299ff668e29bd23319b5c1e0a8
t2t_L10000_3772	d199391d5fffb5714bd6bcf4e1625d1b62161241d72298e5a6e1e67b536a07ef
t2t_L10000_3773	a6451714e44df9d7c5b3c430ca13f5910906e428ce4f13aa60b7f1d2295e92c5
t2t_L10000_3774	ff95bc7387a8ccccb6c7b7efbfc6764b9ccac0a5959a5ee84b92da53ec51dde2
t2t_L10000_3775	c62c662da2d86a2fc8b1516bc69b25298d4827713dded5f286e04e4ffc2cdf41
t2t_L10000_3776	dae7d462ef75000ac90fa744246826f28011e452f79ceead7292d6930c18682b
t2t_L10000_3777	e0b6aaa445398ea17deaebf93891e333a37388cb3bf7b330be59468db557a330
t2t_L10000_3778	956db7e148b8f65bd0bb9a6ca150aeca4766cbfecccc3b83c6e172cafb5e0db3
t2t_L10000_3779	4b36955c78c9ae06700a011b228a903b529a995dd2398260992aa6435598ddac
t2t_L10000_3780	48b0ba68fcfe375bd30b268f637bbcb4436974416e1c33fa86507c5c5b3e6892
t2t_L10000_3781	e4bd6aa5c21a01d13ba01143e2f2b7f9d2b4d4c819e570e6c7ed59dbbbf5911c
t2t_L10000_3782	1c5c22a4b4d08d57fa74590f922d4ebc5311a5fdab19c3ee78d38e4e21eb8c6c
t2t_L10000_3783	5c73ec792e1c38c4e90c243556fff11e0eb3548e867ed0b021a9fc8527bf58b7
t2t_L10000_3784	2fb973089d7bf32b435f48dd640def11a43b67a7b67ece252b22276b43dda61d
t2t_L10000_3785	6f62743d7b685c27a0814afbb7c718a6f2c7ad06ae5a1828f7c14d4e8ca3d4d0
t2t_L10000_3786	d7140a6194807d5d51b5a3bc5643af1420466b04043e4d324c63482273d2fb59
t2t_L10000_3787	ee441615a8e3e9ba9092f1fc77004980a459b9b6961a974636a9d831e7ebe730
t2t_L10000_3788	b93da5aab1ae4ebc4f4b05063f043376e0de2d22ca9faf47778eae17b7cd04c4
t2t_L10000_3789	34bf6a56aceacd1fc90f762d16198c2cda1bcd12ddc3a7060fc1df09467bdbaf
t2t_L10000_3790	49618d41a754da39caeaa7fd8630d546ac92f57a2521f360064379806943fd69
t2t_L10000_3791	ac3d13ed95cb38c2f955ed7a792ef3dd62512474a98c9a78ae1fbdf7f919f8a9
t2t_L10000_3792	8a08981d7c57a794519b774c42526ac2e8c7e30ff16aba5d67a695ddf12d33aa
t2t_L10000_3793	a29acdc260055b5ff20a265dc55582e7ad0f891d1ba3d3b584cd1777684fccf3
t2t_L10000_3794	06a50ca650a1c09f3c33d1f5a790c19e29dd6325d0ce92f4848e9f97fe8f5446
t2t_L10000_3795	ed34eeeee9334baff08bf8e531e43ff83fbfd73d63e42f5b0fc848e979917de2
t2t_L10000_3796	84009cfcdeb2bb0f4856dc9321200eb3b90e9a18804541dfef2a4604d206e6b0
t2t_L10000_3797	bb46b70ae8142e3230cbef9b88860b152ebbf2d20704bd3d91aa1c3c658beb53
t2t_L10000_3798	bc91d6d2e37e322965a20bcc8962ac4f7d768fd0b4e588fb62945b3dacc17114
t2t_L10000_3799	64143237e44f410719657e622168f982be8721539604ab2dfaac684cf54c1976
t2t_L10000_3800	4c62f1748f36e3b67441be596fe6e9f0ef38f40324f56e743441c7dbf89a1865
t2t_L10000_3801	df1e2af5a75b158963ddffc23daa0a13dabbbc2c65841a357e76b05029c3a444
t2t_L10000_3802	d0245ddabe2978afbbe2d18c1aae127a4ebe0820ee00abbdb629153245d09b8b
t2t_L10000_3803	47d4373f805920c167bac55967393f9b2cf61107f44686cc3074f43b7d806e75
t2t_L10000_3804	9214e47f300b147d573e68b123c7fbf0dc1b6d6ffec75a5f5c0aadd6d1037ea2
t2t_L10000_3805	172009674f05a8fa7b797ea9a0c16ca74806ff415edbfebeae2d108fe7039d9f
t2t_L10000_3806	496412db04351c2fc9837c1a3134dc046b0d84c00fc462984d9ea2306c9563e2
t2t_L10000_3807	5e7e7858f319e1ed9a74880177761141aa7bb03a749ec997b61cf05e2d555264
t2t_L10000_3808	a2272321d240765dca5ed46a7920ac63be1f65512bcb5f32d91eed7a49b1edc3
t2t_L10000_3809	8d42f0b9b9f0c2173ef19212927c2166607d966ab068baac2b90c43293874ae8
t2t_L10000_3810	c65a6f9f94594c7a48e258abf7cd615bff4db94c673aea8c21ff9ac18fe768eb
t2t_L10000_3811	7cf9a3fd699c01d172e7b134fb8406e2edaa20cec5d1f22a0abff4eb9ff2b174
t2t_L10000_3812	baecb4a88fd7f94b22734d3643b195671af41359acade6c9488f4004e5cbb384
t2t_L10000_3813	d13a6e14a22aef8a3d97670505a72fc7fa52bafdd4f753eee356ca6b62841003
t2t_L10000_3814	f8e79b5ae7de8845937d70c140bbcd6ecbefc48d2384cda874afed2d874f7774
t2t_L10000_3815	0ad4e5d9e857f18f6140c41de16802ab149c6489c357ac0f8e9691febdfae171
t2t_L10000_3816	c0d942456e9153c795e595b0f70aa9a0fac39c7617cb4f53e332d88957a99755
t2t_L10000_3817	e04eea49a1b18648402465a0dbc609176066d82863fffd9a6e4131709d048855
t2t_L10000_3818	2a90d9c9b2909159221cd753c8e06c5917ebbdda5d5388adfd9845af58f45c07
t2t_L10000_3819	8971c81affae5f2245223b6e3ac91884882c28c2890f1c67f35783381ba6cddb
t2t_L10000_3820	61fcade259c16a4e4e238d4a14ac277890ef66291ed738de5bb51140ff041ec8
t2t_L10000_3821	c10c87dfa1b2d04540ed1808ccddc1ed529aacfff289d534a5603a492c1ef053
t2t_L10000_3822	3cca298c70daa182e9abc07579e6d473d7b19bbdb2eb92cedf091f0fb86010c2
t2t_L10000_3823	8a4a375d0705578e89f23ac72bd3136483937839e6783f20950cdb7dbea4fa10
t2t_L10000_3824	99fb3ab9d3efc401365e24d502b2822eee83a03098b5a16ca1378bafe59e5d70
t2t_L10000_3825	03b4b1db75568bc70b3e52325a9cc12d8630f31c3b21008bc3acbfe160602f0c
t2t_L10000_3826	2be5d8edcc0b5a6317ab6c8df1a25179056adee1cf0bc83d18d2db4832cce2e1
t2t_L10000_3827	835a9c1d4e58dff61f95d3e834dc2583626073aa27a21ed3f43c6414040a3852
t2t_L10000_3828	da13d2637bdf28d61aeb456b660a559cbb556950d22db00d91ae8b5b2b8bbcc0
t2t_L10000_3829	1d99ede2862e9f5791be2be2a67fade2dda2d7992594618aca081320038b9d4a
t2t_L10000_3830	4e3d9a2a85d04ed20ac2fb9bcd2f51ae626b272c40d020407898982123a2a0c9
t2t_L10000_3831	3b929853db258269cf880f3718b04e8fc2601f83646834add1b9378559c3b1c5
t2t_L10000_3832	578fe0e10fb49483471ba9eba4734f3e77ba62c0ddda91010a2030cfbd67a349
t2t_L10000_3833	a100388a3740809d217d1253af138a94bf950ae7aa0bdfce2ce3e531592cfdf8
t2t_L10000_3834	6392ba80d8cdde46897179939e9aecea87d240ba928ea15669261c82cfa526a8
t2t_L10000_3835	24ab938b5de051a9cba04a8945b431224b773889436361e5817f38174ad1f256
t2t_L10000_3836	4d0630f48f5c42a488f730eaa9860326e6d2b1cc2f9375813622dd1e87d08a5f
t2t_L10000_3837	c524abff643127fce36dfdf2064d38982e9bc87fbed9aafc770df32ef99857e9
t2t_L10000_3838	8c7c5f93d6bc4ec374c864f03b44fa2267f1172b742134c9717f40fe3a32c503
t2t_L10000_3839	5d4afb876d1bc6975102407cdfff3dadaef6f6fec368d79b198c8b5bc8042c66
t2t_L10000_3840	5e0ee86dab59410cf72eb4f316b140cb253b004eb8e04a82ae1739712758e577
t2t_L10000_3841	d8325ba2b9645e18334bd58b9147beacbae413f2f73c83745b8c9fff2155355a
t2t_L10000_3842	14d87d740a6c7b024ea31c0d1673f4cdb7a3a873224915acabe9523cc3857c69
t2t_L10000_3843	4112f752acb919b8d80aaca9a9489059abc13d4fcd078bf6c226e63853f93b77
t2t_L10000_3844	dc8b38d7596fb6790e77511d836fecf17978d9919370e7381d3a49e5f331bce8
t2t_L10000_3845	6fa66525c1c74bb88ae6c0911485099175f983df3dae415616fd2b4c335bcc38
t2t_L10000_3846	58682f27bf4733ff5b39a337f197f2483ab8dd52b87dd681bdfc683afb780073
t2t_L10000_3847	77b23a16213f1c2d8d0f656fbca184d42a1fedc433efcb404756db4c6d4b3bee
t2t_L10000_3848	38710419b394f3b08d49b06434b77ca5ecbe01f77f0f209792ad3e4ed33def2a
t2t_L10000_3849	31be07d8bcc76ef69d1e0b9de3d032462ed404a04a915328e710211058ef8669
t2t_L10000_3850	0367189bb237c8aa079c3042b92f27ecafcd77d5b05c23543fba1b79274a036b
t2t_L10000_3851	7321e125d634cb0f3cf3a6e98d847529e938b4a6af4e0e034002632b334f01fc
t2t_L10000_3852	85127ffa9bcc417d54f91316ad181b281923fe0bd4a716ee511e5a5bb79bb5e7
t2t_L10000_3853	09bd6d4d7290b3c2bdbcf5f3b171f4bf5dd9573ee7e4f45cd246d5e1d04de199
t2t_L10000_3854	a0ce87ba83c97abae792f8e006406aa9696f88ac1d96b25fbfec673534df6a72
t2t_L10000_3855	23c56577af83811093fc2e018eff963ac7bc85fc6c6bd2de10c9e0b5d63c2425
t2t_L10000_3856	527c7ffcfd82cf94c51ab8266a2e63f17dc7c2fb3ac70f7bbc59b57960c8d3b4
t2t_L10000_3857	3b09487e82908ec1726f8f66dd996245d8545229aed3aa530ad323c9af77d75d
t2t_L10000_3858	5694afbf94868979d91ca8627a55146c5bf98defaec97b549e631225f785602e
t2t_L10000_3859	73bd529d8836127c69ebbc46136dac1d0c5ec165bbd256c2df1bd69714f12e65
t2t_L10000_3860	e8dfcff079d60c0c43688633bb161b8cd35d3107723354443690315963d2d6f1
t2t_L10000_3861	ab418442a03b596014e5611339a73d10780cc91bdc8e6e7c5f1126d51583307e
t2t_L10000_3862	ac917316244fb963c79b2fb4c844a7c14307349db32362b2bba7848ef54ecea4
t2t_L10000_3863	24dae9aed0c5c1abf0dd6e3f51c901d826e2504431c17af7deea2f24a11e24e5
t2t_L10000_3864	00a628d3b2140e7a2b3b9371af3e850ba48e7bdedd48ca51cb8615a24c981af4
t2t_L10000_3865	73a95a08f57652c5a4d0fe9eedbd30c7f732b54eb9069783f1516bcc740733f6
t2t_L10000_3866	14f63a6f95ef65a695c29b6c68d775a8de0f8173c4c0b965b5f9ea34b9e0f48d
t2t_L10000_3867	fb864262e9d99706817779b834c62c130ca6b8a3c8ece9dbdb0dd43a73a9de87
t2t_L10000_3868	a625b319b2163920366d2a1197765e145dc1c4efbf490891a4006eafa6546a85
t2t_L10000_3869	0c50bc1a33f8634193925c6ed1b5c5c1d6c54a5cc3507ef3681beb2cddc0b2ca
t2t_L10000_3870	b833e03ad975c80b64ccc8d5dff4cc5f19a649a8c1ca3e04b6af2b9432455b39
t2t_L10000_3871	6b6fdd88662b490bd3fffa20e4438224c1c0b9f58a0f2a023cdc6527a420f5e9
t2t_L10000_3872	b12dff21687c48b1fc8b83894bcfc4140161873ebd4313da8e3e9a16445a8096
t2t_L10000_3873	a7b24fdb7d8feb8bf6a3f27c6beebc00fce5027ab6e15dd45e3e4e9340d4a097
t2t_L10000_3874	20fb1c67c7dbfc27c7d846099d3d12767bf4004ec4936858c31374c1886213e1
t2t_L10000_3875	53b9130ae9313c8da41864f81f26a496e13791230fba3f60f25b1ff4e9ecefd3
t2t_L10000_3876	058a5131db5695c589f9edb51547509866b0cc8e7f365b1d8f5cbedc0df0760f
t2t_L10000_3877	bd618ddf13a95fdfa6d380b80437796a0099bd7f0efa2aa367e4baa2d4fad7ae
t2t_L10000_3878	e1b8033bf7c9e4ae0dd367a702f50daf2822d0fe0555827dd291d6163848914b
t2t_L10000_3879	0da0c135f0d549d1f06fcbec8dd3aabec348d4900db7eb0ae8998667abd4494b
t2t_L10000_3880	04677e90e9c14e16503bd5df11f443516064c75396b6bf8c4bdcc30832de77d7
t2t_L10000_3881	bb03d76fc13770b240e0fa36a3ca132d6562d839afeacb63bd7af5a5fa2210fd
t2t_L10000_3882	7b44eca18510dd7814583ba13cf7311f3fcbfb8c40d77a1386b24b36af290fae
t2t_L10000_3883	56ced8aa3827e95152283133143323227e27e4bdfe869977d6d0c21549cb87f9
t2t_L10000_3884	8abf013e54734a6e00e1cb6f12fe3a5e41a092bbb0600785fe3b3543e56b3ec1
t2t_L10000_3885	8529ab4914adb447835d9576140693339193a8730129062a1ac5960bb2652e35
t2t_L10000_3886	728cac61eb7745b25b71d994733e8288eb53b1e39f038e8e7aae6f0c87cec7d2
t2t_L10000_3887	2ba68250b5d118695a3d3096b22f2e2a2e215a970aaea20a9ac666b290459d4d
t2t_L10000_3888	d2bc2a871158734ebc7804ecfa5caaca15da45ba3e58e27730ab0a3deb65a4bd
t2t_L10000_3889	fbed0175d3d7ae8fb26bbd20608945fa2ee068795f23f3ae93ab58b81c326486
t2t_L10000_3890	1b83f63ace502ba53d34991d7c3df4c53b9a3b8cde545faa63deef4d35b59d23
t2t_L10000_3891	adce6d6819a21d6825c93d3e79a953f80b1ab3e90ec70627e2e523a3876ea39d
t2t_L10000_3892	8ec45dbf52007af1884e7609c683be658dadd0b9d1f0673b9f207df6d4756e0d
t2t_L10000_3893	135c98e8bbebfc39b4fbf2bb5d73bf3bc68265c5ff28570f4bc6000d8aab68eb
t2t_L10000_3894	de27841905419ceddb18b25bb89b782fb84557884b7ec5dbfba60a16ab0af81d
t2t_L10000_3895	3c0a1def96c416d8274ce0793878aea4cf77a9705bc07e5324207fef8fe29ded
t2t_L10000_3896	ea1002f0d4eb72ed17c55520409298afa1d107345cc79405f4882fefa2100c18
t2t_L10000_3897	c592973ad90e05bee98df279b0776a09950cfa3e3f729df924b7024e2e73dec2
t2t_L10000_3898	83778f1085fc82c4919dbd9a9e8f1820595a6eb6cfa9dc11833aebc2388ba5cc
t2t_L10000_3899	6be8b9f67d72804ea3bf2ce80aea18fea7fb51cac2a8f9379c8cec03a01120ce
t2t_L10000_3900	22d170ab7f9d7f3ac1112817e6019da6f25cfbecd15864b028bb0931386d9f9b
t2t_L10000_3901	343503122ecaa007140ef3dcae5687964c8cf8e8728c22d9ede04d5f4b48c0f0
t2t_L10000_3902	eec96b54d1f7aad428c1176a7cc575798a3773c19378b0b07abc3e314c753dd2
t2t_L10000_3903	6a8f5ab4c9862c73c80c17fa6a6d8a63f113d3719694e919ddc834d8291bcc73
t2t_L10000_3904	fc7dc43dfa26d8343a81d64e4468647f07c8fb8d059d32d66235c22278eeae7f
t2t_L10000_3905	8080b2fcc2b07fa949798191467700d908bfa72463e588796946438a8de74b2e
t2t_L10000_3906	07120b4cfbe244fef2615fb62ea1277d2238c0ab70bfcbe1dfce0de949ec02c6
t2t_L10000_3907	15a41b58651b94db0ab34ae8e99bab5924dd6324aafb5e81b8327a904db9987d
t2t_L10000_3908	827be5bf66b368235f3cbf4884ff2cea87785e00b7634c7052eed6e15de4e0d6
t2t_L10000_3909	f90a92f4824676ab8b54d1c711508607ae7465dfc497c6a66d2f2dfca39401e8
t2t_L10000_3910	d53645f68a0a49ee3f08a418a12370a2020124812a19a64d0f3c6905b10c9b35
t2t_L10000_3911	3da0585fba6fa612f1023da8cf04a3d95e2136f5643e28991e687642d158c364
t2t_L10000_3912	baf06cbe5137f0f2488cc1655fe7dc0ea08e59d4f4926e164496f2742e184493
t2t_L10000_3913	c781c0b97bd04a6d4b2d4794e357840e4e2066dc58db6fe2695be9da7c2baddf
t2t_L10000_3914	b9e03ca9c3afb7f6d58659906c97c3d4b4cb774472aaa6271337168eabe6098c
t2t_L10000_3915	cfff110a6e063a43621c1136310383cb7c96e02ca9245255300f58afcf08d117
t2t_L10000_3916	2935b1b34bf9250bf5d4d7fcbc3934eb1a8c13fa623adf1d0c825b924eadcf3f
t2t_L10000_3917	0312817e082d7e41c8a5f121f669efc5f02a5cbeeaa6b1830c9dfcdc776486b8
t2t_L10000_3918	e97fdca62203cfe238a89f270cf81c9d0a851e776a18c145d9584686eb14ee17
t2t_L10000_3919	9815faf77203dc1367e29cdaeb4a8367d282f2c37dcccf5d6892f6ee60b5465b
t2t_L10000_3920	7869c8cc04428a0ecb72508d6b0e0a882334f19da3d4c8020d8b6bf99a3214b5
t2t_L10000_3921	ca64ed467492e24566aa19a4c90a79f6f899cc8f3e72779ff42cf0ac42158ab6
t2t_L10000_3922	ca352a6d92e81c6a7d59338267a39839129a9d912233ba4bd8e0a69cb6049b22
t2t_L10000_3923	42b42ea2f0511488e91ab6531f0ec64c108abdce27ebeb76d65f23aeb904a76f
t2t_L10000_3924	5281f691f502f419c7c30df4f17d0b3fca59a5238f4ed70af50430c2cd84b85b
t2t_L10000_3925	b79cc9428ccf4e68067b9d4930aa4f153d583bab00ec97ce1b501d6cba5789e0
t2t_L10000_3926	45a02087bc95d0819fb262a1781b3d38fcb591e17d7cd27d73f1a48a58c32dc1
t2t_L10000_3927	8d27e789036dc135197b36e05eb242eddf3edc72a3c6551ad1ed72dd6d84505c
t2t_L10000_3928	d5eb5f68f0f69ce9d0a71633b22a9442bd190a5274228d13fb4cd99b1854644d
t2t_L10000_3929	444e2f0e8a3ec7bd7a097a1bf040d940259cf65accfb75ab3ff4ca3c31021e40
t2t_L10000_3930	51c1213a01cc9afba4006459f950fc9e458a36b0801215812a9e1302acaa8e3a
t2t_L10000_3931	6cbda2fae0c65f78e8ae4a55bb6dc8e7da899ea0a4972fb654da23a4a7f929d1
t2t_L10000_3932	02d4486afe249f0b32302382d730b9d51ce2ae94bba6a8cb07a7d510c29843c1
t2t_L10000_3933	89fea775008f767de891e02138f7c99056fc8aca55043ff74a0533f92883db7e
t2t_L10000_3934	337b45e41d91d56bd6d3fde44c74daf81073ca76932c5ab151d645de01a3eb07
t2t_L10000_3935	dda97f10eadafb172591d601301310de35903cf93d268479045ff9afcb48671f
t2t_L10000_3936	b39792ba102812f119810e892c55568ba715c74b81cfeba4af60b0e5e0f3d83e
t2t_L10000_3937	fbd78fcaaaf0d2b8829598afecbbdc8c1db38aa5fb20304c4f630baeca4f15dd
t2t_L10000_3938	a49c2f2bc9899dfcc7636c9414d78ac117e4527921c1b9f42f6a83f6eb8c50b0
t2t_L10000_3939	e4b2d0c4e9d73c9d8097b21e99f15a4ded513b1e6536285b3dda701de824a854
t2t_L10000_3940	10975c6c5048d9cbf124c66a705db81b1de2638c6b100ef77d3ad1557afa973a
t2t_L10000_3941	1dff9e9e0efbc779cb6ff2b2269ffdc621821c808a3ff66de0d8f3be7b32e2a2
t2t_L10000_3942	21b313dfce1f7e156d19ef1c0be99f152f022b2a1a7a5b8b202dc069a7875767
t2t_L10000_3943	c214859694e0fe0eb85c98be44aba2336889746acd0d44cf1db05d6bb8b64804
t2t_L10000_3944	607fe765112336163f753573d2c007146d446fbc7ec21be000b1348e61c9477f
t2t_L10000_3945	b0bfe5332a23a2127cbb6480bc43ebf44489229546dd422912768d953c9cddc2
t2t_L10000_3946	14e4ce8b925613001a6ba779b152f880c0f1878d803d363ebef15f283adc7f95
t2t_L10000_3947	b14c844c0cec68130224dc5cfa1c710e6bac9b30691fc6e2fbaf7d0fbac67ee4
t2t_L10000_3948	bc8211047f6eb3fbeda32df06e8ffe823e4bbe8c5e0bdad907d9c99977940f9e
t2t_L10000_3949	12f5569de2c5313a60d2bbacdda16d7fedc41dcbcaf7287f6b1635506d067ca4
t2t_L10000_3950	3c10cd1e7f0f3fbe7a367e674183d8f25109c01aee715d18cb4afb6d93486758
t2t_L10000_3951	e084c1b2227ef6c0e1f2328d85fab9283b7a450bdd4959032a251c5ac5be5b78
t2t_L10000_3952	33ebc98e69f2b318e4b8eb2a96ce0b161c262fd5908219f1966e047a0b252a3a
t2t_L10000_3953	af73acbf91d6d487753c142b87f9478c882fc3c2a2c72ecd70b50c6d16ac5676
t2t_L10000_3954	a653209ac0b806fa71d730358d793db8c450c606587ff16e40d7258719bccc33
t2t_L10000_3955	1183cec92f9875cbe3bb5b1375cc1d4496e13003e411913d57028cd5dbfae642
t2t_L10000_3956	55416c60ba77e917fd51d6083dd6d28ae5ce7b5516fa7c7e56c2305c6d400584
t2t_L10000_3957	6a62a0e7e7eba9f34e906f0a975c7b1491e59a9d5b9475109263a0365453e553
t2t_L10000_3958	e57a543185f4616e28cf14be6f291cda54697d41c4ef988f0e037f541d50bbf9
t2t_L10000_3959	15ca0c988dcd31df5a0d12e640ed89a30295d91d7d53aa902e606065e45ed0f3
t2t_L10000_3960	58560231ca10e27a6cf15ac6735849b25e41860dd9411602cddc0568b44ca63d
t2t_L10000_3961	626374ecb98968da3e4362c883216a649faa4c699409ba7a869d28115a2c67d7
t2t_L10000_3962	c59afd2281bcaeed4b2cfe2dedf4ec19951df4048ced958bc9a20388d27edf8a
t2t_L10000_3963	f93d51e83b47394c40b27402dc07c9de2e2ff873d78fa6f77eed90deea3ebfc8
t2t_L10000_3964	6537e489d7303f3f7d497a57b6ecb1101b6712e2e6400673c2138cc71d852db0
t2t_L10000_3965	ee11fd118d16f1a1f2d590ab0f1eb47a87d763a0bc0a8e295caaa48ab7a07fdb
t2t_L10000_3966	46813517053a931e10dcb46d2c635ae3b49451eede0e25cae70110f26c2b003d
t2t_L10000_3967	898540fb32c50959dbb39d968344a537a58de9361c25725e724edc5318ee335c
t2t_L10000_3968	fc33f65f86c73b6e16db5cfb9e81569b9e7ed4fc04bbbd5432e645c29ca81a7b
t2t_L10000_3969	269be7d1d506820158e046296e12427719fa1ca539aa0f3106692ed54919d569
t2t_L10000_3970	1eeb9e2696ab472aea19aa7d5c2d78ade3405c7e6ef1f8421ad8fa02bc73c0c9
t2t_L10000_3971	83f9531f0b846cfe75119a29579fc7f3ff6a421de047a53158bd0e05daea7942
t2t_L10000_3972	76645aa15cab6bbce13d2af1208b22ea8d32c5930bc23e3d2c24f88e6d1f595f
t2t_L10000_3973	12350be18de3edc3071d523d51539157b948884ade49a4674e2755141efefc9d
t2t_L10000_3974	96f168f646c1bff2d6318aa702df873216a0bda6286ddcd3e339aa599d203e5a
t2t_L10000_3975	b76192723a9a7815430ca097d4780a42a82cf3d4f306db86fed894234824805e
t2t_L10000_3976	49378b4caf004c90495e2da44ed17dce5d94d0a2ec79aa2ba0ced57e479e71de
t2t_L10000_3977	433179035d12993f8fe67ce4770dced05fe1d84c6cfeee05b1c599b9910e6a47
t2t_L10000_3978	f943ff8fdde75c3f8c12e770bfe2cf0bedc9ab8f197fc7ce86cbbd7af6f5ccad
t2t_L10000_3979	d151618db2fa61f99ba99261a60c46f9f5d36fc403299a3a5ccced10ce020eb2
t2t_L10000_3980	8589a0e80d154a41d8e4391b80fe827911de011054b5ebdcd394243a2f8048a2
t2t_L10000_3981	d85b44cd03af5aeb4cd12ce6d14ba4404fee86761ac6ef73dc18593dbd386c05
t2t_L10000_3982	165222fc4e366b298e232022d3c9c55f4a92ef47b69df7d8d19372b4ea220510
t2t_L10000_3983	f9e5daa747e13fccbf012b0e063206afd8eb57be575c9fcf939a2d9baa33c964
t2t_L10000_3984	835d6b926f4fa9dfa8b76f362802ec05baf25378156a24f10ba77e9fb285667a
t2t_L10000_3985	2e312debdd7e7a01eb84d533be16a70ad5dceda85b00f7d9018a850fd70a0e10
t2t_L10000_3986	df7eab76483652df081df5e967897a0db4f10e1deb77cb66d106e2ceb5f96922
t2t_L10000_3987	08ca523a31949f20faec19e398c1ad8cc7deb36c4487ad7cbc8613ce2e8e04a7
t2t_L10000_3988	fcd5fdb692f0f71cdf585f6faf779732956da5b65619c563c0a8fc3828fc453d
t2t_L10000_3989	a2353994dc0faf782dbaa84e60c22a1d272bf26b0e20729832fda695c3392b78
t2t_L10000_3990	948bc9363f7c575a68a11401830219e31ddbb10708f4dfe209c276eb8ff7beba
t2t_L10000_3991	c8da21528983567125506c5222d32671212f5300bb6a5e9700065cbb979f8f98
t2t_L10000_3992	38df283029b55882cdb265801cfa81507d2fa88c854a67805e9810efc502157b
t2t_L10000_3993	d75a2d16ef8d77c21dd450dd8998a26baafd248b7f95eb19fedf5d71142defa6
t2t_L10000_3994	7c57505cc4982cb25217e05b10b7464d4fe7aa68981663d21b72fde3bf3571f3
t2t_L10000_3995	f9fa644293a081b85e1a1b818e6a52373e9a2026dfbe1417bea0b3adf35c8d68
t2t_L10000_3996	1211eb7a46bdcf7fc23f4683e80906b252a7cb7b7b841762c13f8efbf19d82ae
t2t_L10000_3997	330fdbcaa5c08a51f1aa8e87d7c6e08cdbb1b7f4f8fc08ce6a0929f2b3566a15
t2t_L10000_3998	f6bf900c92e9332d07a5c8ee476dbd5e78b69ace563c04ab35eae6bf8ecb8272
t2t_L10000_3999	895a535906d9f8f536eb38cb213aef8130f8eb6d2815ce0d25c1796c7bb0f397
t2t_L10000_4000	49e7e2a72bea0a99bf0d5ecd89b0ecbfa096dd347b10c63d9e396e3f885d8431
t2t_L10000_4001	663d942efd83d3124f377a36a49f19f866e488d4cadb0153f00524ead9e6b7da
t2t_L10000_4002	5167f4928893298860d277f394bd1c875004ea7d22650ec51bbfb7822f75a174
t2t_L10000_4003	706613321c04f00b9bf9a520ca141761827b9779ba8beaa0458ecf98c7afa00e
t2t_L10000_4004	9b63f31d6273aa3512a4b34dba6b357dbad38deb41ff06ca124f1bbe1c8313b1
t2t_L10000_4005	9096507d764a720edce577e63cf4bdec802a1d7ccd98f9dbf52450a19d99b809
t2t_L10000_4006	213ce808e760cd3d36ed8447ae02e22b74a6f68a41532d14deadbb132190280a
t2t_L10000_4007	b23220a88fb8c1d67d96240fa1f949e946d22d20789e8042d0c8b0e507d43b95
t2t_L10000_4008	e034d180ef3bbd5948afb92b16f5091bc1f4b7aadead34c3cf9145c46e764790
t2t_L10000_4009	882c70eb42b526592b0a55291d9d99178b87deddc6dcdc627d74c843758cf6ce
t2t_L10000_4010	2acdb327559b6d129cc577b5e879510fdd04a212ebec7627d44994ae95d89b80
t2t_L10000_4011	c8f275dc9c6beea24d47dd58be0a3421a17cc759f69260aeab0e870accb30cf8
t2t_L10000_4012	c6f2e8adac2ca0d94e0cab3afc6d3b8e2eb4ce6e00c855f1755f35f26d33d143
t2t_L10000_4013	ccc5f8bbcaee91c8506acb124d32192d2de867ed470740d6d2901f0054b4b655
t2t_L10000_4014	73b030c66f597a89b47aa701dca7276b9d3ea0e82900a29eb64460bd40a553c5
t2t_L10000_4015	e923bb13cf77cf0072dada869e47cfb09d303d274b9816532d19b12fb55fd2f9
t2t_L10000_4016	c4c66bac04d85bb8588fd38ffeadebab9f0738cbb53b733f6ced326dc1c040f4
t2t_L10000_4017	003f98347f939cc9819ad97446be566d39583ddaa3061b0a9e3f75a9d509aa57
t2t_L10000_4018	9b385ff7c790bbd4aa96dae352f24a8caf929ef70297e5758984f82ef08422c4
t2t_L10000_4019	d525785b9f9c85c991a5d4dad99642d8026fdf9137a2e1f21a28e1dcab822997
t2t_L10000_4020	3f3aff48b21064c2f3e3a06b06dd8b668c1ce42f98eea4f2d0f5b8a50ae5546a
t2t_L10000_4021	f90129037185b5887dd478dd92a0eaaccb77913b97f1263ec1266347708bc4b7
t2t_L10000_4022	2bd7e197608362c6fa5912ebab45282e580940c654c17bfe7e5adbf8d7615d0e
t2t_L10000_4023	8d107df3a2c7c35f7bdc61980cf97d8143646450fc531e7175522f74a463dc57
t2t_L10000_4024	2948a9ffb912036426a9092545f863208a06f7bf574854d253e0d8a98ac7fe86
t2t_L10000_4025	561cfd3e15429f34c6e8d460d55b520ae253c8ed7748b8a04ff761f39c98cf3f
t2t_L10000_4026	d6fc18dd97af3a71b51812a532ae1658abf668e385e09c51d4f6f2363635e792
t2t_L10000_4027	45a12abb6d969fa6fc07b18564bc67908a87e1d1ded51fb0cad5594ff10b2e77
t2t_L10000_4028	a8d44262f96f410f3bdb673ef3397ee433a7d5cd6dc8c89c73ca822cf51f31ae
t2t_L10000_4029	cbbc8031ce7393780545c7429df8ff0d30e2e3d95d9e5d48f57b129666a4eed7
t2t_L10000_4030	f8e17f43a872e408a4c5784a96fbc15b405e17aedec63ed6c950f161000eec12
t2t_L10000_4031	86a269b0f5b0d2b31b6a1affcee51c26fe7770228e8183a0a0c48ccbc580e580
t2t_L10000_4032	5e92fa76aa7119166ee499d7db8b0e55cd9761a50c9c3e1c98b8dddaac9eebc3
t2t_L10000_4033	3bd731284d9da41b76212179a0722488b14d7944cb9ff4de6cca29eb6f2931bf
t2t_L10000_4034	f10cc2851465e896b13f1b08b70cbd25b7f3225da270bfd13b04eb375c3a7e28
t2t_L10000_4035	b11e28a6730745e493bf65163879d846f66319d5e29470220d59e085c5457105
t2t_L10000_4036	d492142d1590fe6fc63e7aef1f67d6d27b3c66802aba6b9b388acf5d132656d7
t2t_L10000_4037	e0cd21d67e694adaa60cbca73723d62b763964cc02e7833f2fc74228acb9a765
t2t_L10000_4038	0e91dd37bba752866dbe550df00f7e945ae9d1ad96bc60287a6bab85cd5d9317
t2t_L10000_4039	e861a42f1c422d302189f50ce2e37690cbc939fd37016e3339a88d63dbf906a1
t2t_L10000_4040	2d9ca5d70806af0e9147bfa2ed60d42246bee3ec241bff75bb8a1bd0832fd92a
t2t_L10000_4041	c5602265c6737714dcde48bc8c4d009200bd012bf7ffc1983e5c6bcd902de4f8
t2t_L10000_4042	0e48bcd130d9ab657e9014a389e278af64aad1277bd32687794c0d96bf5c6574
t2t_L10000_4043	56d08a59594fc5f7f43b5e00c02b199c0fa4af98211766a6d2b34d3d9ce82098
t2t_L10000_4044	0a9dbf062e426f19d9ed654d57aa67bb509c1aecddb30243ef214725041a5fb9
t2t_L10000_4045	e83768ff5d08a7061bed76ffb82844b81d4c9302525bcfcafdbdfa88bcffda7a
t2t_L10000_4046	d31eadaf10950ee5706c24455183f81e0bbef00eb172c28a5330c0fc8a276b0f
t2t_L10000_4047	d310a433849eaff420528f614ead5bbf42f5464a932259f044c7afdd9a3cc14f
t2t_L10000_4048	f43f2ef77f4407082bcc92ff3ff99c25a7b88fb96edeac25bdc909edb3b095b1
t2t_L10000_4049	813b3c7a62d2c878a701e368863b9e36117d497549342ddabe5146028e75f56f
t2t_L10000_4050	969bfbd921137c73dd3c3e415fe5e54c7e3981986d98135cd095329b9eeccc4c
t2t_L10000_4051	1a925ba9f79ca440684026113b5930af96a6e88e053f920de10dac24c7866708
t2t_L10000_4052	7134750f2623bd9bea7bb054cc9240bf4f4194e6d38457b2dcf83e4a022becd7
t2t_L10000_4053	9ba0297600eff593a8daaffa39daca11ec7274f934078b00c87ea3180da6c135
t2t_L10000_4054	e43649400f4d803c39dfd2360ce59855d3a529f1d2e4ed97a04bfdeb48114e88
t2t_L10000_4055	fc4eb06fccb824ff485c0df6011fad044036449b682dc380e119796b45f770af
t2t_L10000_4056	fabc90f1d377c4132d70b3bcb6ed49c15d2f20c2bcfd3c491895a5be33626306
t2t_L10000_4057	8ae77aaa017f67e95799a59c55463183e3ad9862bd547e9d6cf47eff07a1c25f
t2t_L10000_4058	1ab56e106fb75500d4911cddf30a879aed58ae3883ac10a48bde5b0c4ea4765f
t2t_L10000_4059	2a3c5936f595656d306b0b5b35bd510f08d702d75a334fc3bce5faaa717f4165
t2t_L10000_4060	7f3b5e28bc52b977c568bc53884cd9e133c87e0e11395703c69d0bc6c0ccc0d0
t2t_L10000_4061	371a66bfb7ddc71116eeb2eef7855db8f0e255994cd027f109eb2350751b80db
t2t_L10000_4062	69408a6f8792df9e32e2d6473a2043de12954386fa73e2672c42ff2f29da3732
t2t_L10000_4063	c04385bb7015e84773428dbdf70f38c97518ad3722d8120280ed488a61d3aa0e
t2t_L10000_4064	171a5cc1574fba15c5404d486554b90146c86a2d41b479d8de9630007f9e987c
t2t_L10000_4065	5906758b7f46e981bf9f67c019971e2af23be1eea3b229c48f3cd3130f03d58c
t2t_L10000_4066	7eb60b141bfa697bbab1fcda360630aaaf1a77e5e1ce1ac62cfc1aaec62d659a
t2t_L10000_4067	c946f3747f199fd794084691382278f232586a99833742b51e73cf65cdc90f20
t2t_L10000_4068	d0661038168f138def2ace8cf1dd32e6960967c5fd160f54a1a3ae24abbcebd4
t2t_L10000_4069	e3b1ef4993a466623161caf47a5601094629c10e486f6aca1ced5d3753bc3950
t2t_L10000_4070	97fd0437ba19b90539616b02ce0243689cf95b2e423192e4a69448f11f5e44a3
t2t_L10000_4071	7c6f8f35d681481ca1c2e84eaf61e7d48fa80f261eea8c02ad8fcb9fb45cdba3
t2t_L10000_4072	01c1825c47ff6f3979011cc5a3028050a4b95a1947e4d7b0820b6633ce03f68f
t2t_L10000_4073	4ec5c6de22c9d9489bfdd7d45d818874f662575ed719336df8ef279ade486cab
t2t_L10000_4074	15abcce1c39ec1e681316c849254ee93b70f47b4c11660adf1a9e7b31cb6c5fa
t2t_L10000_4075	201c61a9128d5c4b13ff124ae94e5bc1b18401482e8df62734efb9010216f20e
t2t_L10000_4076	88014e294ba5efc3193759c00336a4821367b01d6e3e36d93dc0c271ff84a508
t2t_L10000_4077	726a0b7fa0c17d2b6ff5bd9251d0b6312a842ec66cc60a4ea95497d4c6d0d1df
t2t_L10000_4078	e9172ff7701efe7283f38a9a13baef15ae3cc768da9c26df6876fee5acbc6742
t2t_L10000_4079	501ed5498a8d99a2d36b3ab50edef04ee6b1a4a3d644b4caebc45a84fe7c7664
t2t_L10000_4080	1557023e4c9071fd8521350291dc02104427b830014ca3380cc71232631dc24b
t2t_L10000_4081	a4639553f527a5d013ae0fc1317c54643fe89c93973c6ea6ef36a71d3d3cc0aa
t2t_L10000_4082	3e286ea595e5220289dfc41b5eb018dab2c08678c7858c6b115c81dd34c44ec9
t2t_L10000_4083	ce9fae143b348a46838f826bd876a5156bb23681faba7d1abdb00fe78f0173f4
t2t_L10000_4084	9230bcc16a2403ac60681123a024b4261dcb94fd7db0a90e4a795a00a5d97259
t2t_L10000_4085	44caa9b5fcc95cf6f0ab6044222ec1d64e84d0397154ee0ce317b7a4d44cbd02
t2t_L10000_4086	95135e95a165ed425397b0114a844d22a62ce57d1ac1ea6863f200a4897b87b3
t2t_L10000_4087	278080bac74157dfb71ad0c89d455705f04b65d353aba4edd776d5b83d0c21dd
t2t_L10000_4088	ed44b3a8eabee09c243fb3f779e03faf361eca2be7a8448871f0065e8be762b1
t2t_L10000_4089	0896cb3aabd5a90b95106c1e614c1ff0099fa086957917b4f1c0b8a7f4c05b4b
t2t_L10000_4090	951b9c282317bafe6c5e057c4384b8af85dd94678c8c26bc1f1504b0cd57fde0
t2t_L10000_4091	c98083f5fa1203a2a6d9a30f09c60770de5cf354f356ac6fd7edac4c1d34bd8c
t2t_L10000_4092	bc3d61518c763786925befed3d3e5035215c0301a735a36cf84fcad2a608eba2
t2t_L10000_4093	cbf2de6a51f9d252c9ed1bfa93935fb0f7cbdc8c9b8200f52c1503d06e5c1cae
t2t_L10000_4094	922143a81e4e10974673859ffe6aa6e16efd40ae263e033e679e782ee5dda868
t2t_L10000_4095	a595f1641a5a70c162090fd21bea636596937780fb8c8c4b02ef316b6c312823
t2t_L10000_4096	66c47ae63cf099c9f891911219bd53d71a3b12f704852051ba928edff8aad21e
t2t_L10000_4097	c5177dfbbc40e52d158b4713921a4c5ab033a3738f86f89048e99b53e7729a09
t2t_L10000_4098	514ded9bc565c497d78b26b29ec0715d615c711fdb756e05da68a4e2ff7397cf
t2t_L10000_4099	5d14ee91268fad28cd73c82595d6b85c5ca207d0a6be4d12956712cf8cc4f594
t2t_L10000_4100	aa3b26dc0b6664f05d1193715d5bc6ebed4d0f1cd24805630e57fcbf5b9f5043
t2t_L10000_4101	34b6a4ce345ee5a7bd3d074d771753eee069e7b093dc622b37a73acfeca4dd9a
t2t_L10000_4102	f9030ba1eec213187cf070bc29c797e2c80a9ccf7af897eafaaf4fe1a0f22e79
t2t_L10000_4103	6b54edfe7bb9266f8279980bc98c545c43aa214a223cc6cbebac3c7c508f1fb4
t2t_L10000_4104	3f8b93f1f6639d373c6eedb2db95ed62b86b23929dbbeb5fa934e1f0b0befaba
t2t_L10000_4105	96556ff6f83d724e4cf06eb62f0f7f61f6f2d2460630ae017e0004e83af96755
t2t_L10000_4106	844d733c7f87483d5c1d412fc57df6e6feac81b19f2ca506254a298fec843fb9
t2t_L10000_4107	d3e7f6e1fd82e3bb2dd71a498bda6f00ad1fa487889065364d4c90d457ad5ddf
t2t_L10000_4108	e1cecd99d1c71b94ed55699fb8f8af268b409e43fc531b6bf124287eec9006c7
t2t_L10000_4109	777130ab002fb363f62d1f9f5e8206148a119a885431a0b2b8864c691e6c8b51
t2t_L10000_4110	fe418916edaffe4be0199cb819580576a853c5e236c1cb17789464cbb9fed446
t2t_L10000_4111	d0f3ebf101d13071ab0d15c89e0dca1b011e9d930b4dfabfa38547d6bb42b5c5
t2t_L10000_4112	d3d3778a28df9facb35d7922bf8880b1572c2d20e77c5c20a299bd73ee27b59c
t2t_L10000_4113	4da32b51fb85c491915cf4246edb5874ab8d62c420318ff35b59b1cb008c54c6
t2t_L10000_4114	e12e9e58c369792b4efce16ac487dc7b1d61a8c5cb87f742059fd43521778cae
t2t_L10000_4115	e0fc17706b961a6dec528484c0a8840758580a2ba74772051ab57cb337e6fb4e
t2t_L10000_4116	b897cb7310be25bd969c6c00c8c10a1dbd4d2fb93441a054cd1818292acdde0b
t2t_L10000_4117	51d271a849055313aa384600aaca0e32f12db2d7f6e0c2faedc5521154070340
t2t_L10000_4118	aa731deadc59abad110834c616abc2d03d9cccbe46dc2f5c3bb6b993495279b3
t2t_L10000_4119	c21c07ec819851d10e7f76fc658659606e900ac515825e11725ec77f820719fc
t2t_L10000_4120	2ae7b1f2a4f35661cd45fc5ecb8fe218ad511d65c68fe31036857b187479460d
t2t_L10000_4121	2a5e5ba5abc22ea73c5639d1d3cec7bd5a8a12626e000fe7e4b06e21e7288452
t2t_L10000_4122	35e3874d3bdca15ce37ce3869cb54c670f350c2a3d6bd4f3948fb08dcf691103
t2t_L10000_4123	2126b3fe4c8368db20af2f7e696a5f6106c335c6caf07d807f3d00d274da5e6b
t2t_L10000_4124	6ffdba2f5faab7916d15c9c2707900ccea7b42e45bbbdd532810f8ed0ef484ba
t2t_L10000_4125	62b2327aea357b199c4db7baa770eb12bb1573121b0d57616cb75b9e6713175d
t2t_L10000_4126	fa5909dcea263a44ce1ecd00c173e63fec77038e32853a472d1be7b106f53404
t2t_L10000_4127	b2f0c769655f3e9716df391d7b641c93395b2955526111269a4ba52bd306c682
t2t_L10000_4128	860dc3161fab4bcccd92af17aaf4c6cc74164484104a4c71e174144a9d06b976
t2t_L10000_4129	3c214d6207c75b6724297ef41b237b787a74839e28d7fa0d229c6a575901dc36
t2t_L10000_4130	e26260f12d8da35471326c1f1795fdc4a85bb6a8babae3a2fe86e9e58de7bd85
t2t_L10000_4131	b5a831b02e3e0f37da7e364b1c7709d264aa276e67a44adeaa2befbfd96c11d0
t2t_L10000_4132	5ea531251b4cd5c50723c4a7fce5adacb05e19787a3dcc0a458514bbfcab442f
t2t_L10000_4133	d191ddd434940ffadf5b6d6e9a07ded46d0c270526992101efc82130d4fd884e
t2t_L10000_4134	9a21842dc9d69fdb426d8ecd75f228bbaccacb8b800cef15952feb9e3db58bd8
t2t_L10000_4135	f8df547f628f58492dbc45847496f33786b5d48b3434d01b5dce424d56148d35
t2t_L10000_4136	80d51db10551f1e0d05e63d9dde1bd9296b46eedf1d5a6228f120eff8885092a
t2t_L10000_4137	e355a9225a8dbc43d2c75e76294e151085a2ef3a36be160712a8061376db62d9
t2t_L10000_4138	c4142478ea5ec933aff2b62573ad88602e0bf8d30fa70c01f697bf492786362c
t2t_L10000_4139	018dbf38b727c53203ac557e67adf5df5861ab8b14ca576bc1f6dce28934efa2
t2t_L10000_4140	b8c416ea906821350e71eda26a95263943aa8e4c5232f5476559937f4c4742d8
t2t_L10000_4141	d4c5a8018c050ffc59391d03b8396701c4a72a2d4b331566151990f37a5d67de
t2t_L10000_4142	eb27e2e50697067cb169f232310b04235aa459da9882388e0476ac5daf20d225
t2t_L10000_4143	7e777dcecf2f9efd7d7a8147186ba83e9160fc0f5d20c7f0aee0876d35632d61
t2t_L10000_4144	de11f92008aab973010500ec79f025f3480eef1cf3b26029e2a82bec3d85b8f4
t2t_L10000_4145	1c02d96e3e23cfd8dd4571dfb0bab74ffde79423e11accdebcdb327d46dd5494
t2t_L10000_4146	081028d71e379104cbcdce69938ba6712c77bb47c19a3ecf813443e47f9317e9
t2t_L10000_4147	f789daa49ddda234fe343355df91695966fa016ff443ff753e9df61ef38a5c00
t2t_L10000_4148	f3136d725bc665c4559b8889ea60b37d43bcbb9019f8c473be2fb6fdb649012e
t2t_L10000_4149	4ad4cdad96ec708f4cc8ec29ce3dc94fad2bbb381466702c2eb6d34c3c3092b5
t2t_L10000_4150	d64f95921f5044b1e8212f84e6087c8bd83f9e12321c626887ec6983ac3be7b2
t2t_L10000_4151	d76dbcaedcb37e7c589224788e615cbb6235ea8763c525cf8aed9107c4397141
t2t_L10000_4152	3bfacdce8de671d345611777fa7a492104de1c2de6c20305fb4a4d29e4eab776
t2t_L10000_4153	7da5d63de7caf13f33f23264c283449a6aadbc010c897932819b0a7570eeb638
t2t_L10000_4154	e392a6b7b39128daf609399f2808c5c8e4767821265e835efceba790fccf28c2
t2t_L10000_4155	fb0e39d7aa365425428279516021cba3ca84da1705e636a70c488237ed9d5ecf
t2t_L10000_4156	2bc1b3fa13df0afbb8a85a8780191c55a9a28fbf9c3b91c43382f4876c82de3e
t2t_L10000_4157	2e9a325820f436775b4399258253b079b7d53b5a507edeef6407484abcae766e
t2t_L10000_4158	bc8cbe208dda28ff35547d313ca5db98541b3231c0ec5965b8a40792f143809b
t2t_L10000_4159	c72af4763b187db17ade01e29e7209b81b0a4392ff419797a0ba6e9884025778
t2t_L10000_4160	1e22681758b23c621fc780d8838e0641141ce47742dda9e762ff3667d24ed983
t2t_L10000_4161	1e95a775929b677c5565c57d9ded44c506463db5f06c6393bd97cc980057843a
t2t_L10000_4162	89605ebcb471c8722aa02bf839f6c0454540973f7e5d5fc0e85b7a35cc03e30d
t2t_L10000_4163	369c6bf0fe387c4cc54f4a6cee1797006b512a10a716ad822c5f28d45692411f
t2t_L10000_4164	44b78a4b4c724324825ce09b2007bf22f6096fc377c4fad83b6e791aff4b5019
t2t_L10000_4165	84007facc4044dcd316005761a747fbd16e60861e869697db8c9a0f8a61d8fd1
t2t_L10000_4166	929f60e21f13d816dcef143139e07bc8f973bba4f7cc0c128f09c47338a8b39b
t2t_L10000_4167	688772f49505afcb99411774c791e09f23a73391cdb7a329d0f797d7f1af1303
t2t_L10000_4168	31161a994b4deea7e137d8a310972e019eb8415a82a7cde8968f700823c6b212
t2t_L10000_4169	561ad22c2602b48d12b2fd11ffc1cc06beaa42096948a8cb5dc274fddf3eae75
t2t_L10000_4170	7137e9ce5ed7793530edcc245292d82fd199240db61308b8cbc177d97cd44e06
t2t_L10000_4171	750b7ca8266fe3b74e4a75082f5b23f6c50b1c2bb80a25343198f9964af83404
t2t_L10000_4172	ac60777e8166d6480c3ec5768537996701af0fad6d1497efdf2699861301c843
t2t_L10000_4173	80c192935d3653468a92fcf8fde37ad549f9a571d4b358334f36927a7b526380
t2t_L10000_4174	11bc89650b1beeb0350a7f7144dede922fc8f60bf18ee466be2c44272de49b04
t2t_L10000_4175	9d1ef88fa1b0fc8f10b8dc0a92f9e7d5eafe68e15b7a84edb10934576f9c8ad3
t2t_L10000_4176	27386e89271e6d3d209addf80a19a6c1f3ea9a15508a69f607d7b09b744ee561
t2t_L10000_4177	5563a976900ecfef66274d52efd7090c149f002b35d0985620dbab0c6a9c8269
t2t_L10000_4178	07400bee1bd1f1cc42d90fbc178235db69f34ea30c2335ed83d1596a7115d4f4
t2t_L10000_4179	2f35837d85632330ae878e4e1f4267fae1078264998acdfb147b54264f032bf1
t2t_L10000_4180	2fd64cddd5663c6858f412bed8b0b5ddfad07afb995e06f10964ce35f7d2af1d
t2t_L10000_4181	949873e624b3b9f7c8e20e44f18e997284f2c2d8f029fcf5f77dfbf068b784af
t2t_L10000_4182	18d519f5e07bc3e8a1a53b70b95704b852f462cc3aa711ce3bde8c5663998baf
t2t_L10000_4183	02d85934764af889aebbf7b185a93ae8f2bd4c2f1a3f0fef5b4c5cff8b0cda04
t2t_L10000_4184	dc7534ab1cfba31dcd51eee84a9008206105dd3141f5580e305634038100f157
t2t_L10000_4185	584d1db441a75cdabccedf3ff3563b7dada38e43efdf4a6576d23b81d143e404
t2t_L10000_4186	e048c5019e608ae53bdc7523233b778f61bc6397d4807f631df44ace760c1df5
t2t_L10000_4187	07a759708c4e334971376215f31290645527ed5c113b3310200fa2200054e8e5
t2t_L10000_4188	56621ee0308258b7cb58eb62b00258b37816b523af4168ca403cfe757ffc3781
t2t_L10000_4189	ab227a8a6ba6ac2024d8dc084009b1d0f42bd02805a0acf951a1e2631f31ecca
t2t_L10000_4190	7a815ca5068168f3655321bcdf7cc9d37611d54558f4f2ad2860d260c1f61097
t2t_L10000_4191	38dc4d79d19254cdcd90f957d8646b3a5d0d066534ec9c1ac9e91be42369fe3b
t2t_L10000_4192	bd17124a69019989ed802131948ec867ee05a2fc8572c87a48fdfd3e2b1432c9
t2t_L10000_4193	531f29638f9f57ad6ca92322c287b591497c370ebe911ed571dc3b6dc3de3c26
t2t_L10000_4194	da84e225e198e315e14493897fe9f79f4f315b69a61480e3a0bf6c4e6d73bfe4
t2t_L10000_4195	5ac43d7ee4282869d56776d659078e1b224706d6611abf1f073edb8ecc9b3414
t2t_L10000_4196	9e394fe87467eeafb1c600c04e2724b71ff5c80e20c287f66ba42dc396873ea4
t2t_L10000_4197	185e9aceac83d62e93329ffc058b74353903f5bc0f0c1547e041613b1e4a40ae
t2t_L10000_4198	e211fd748c9101688569405679bc45740480a643ef38309456e3f81134ffbf03
t2t_L10000_4199	efe8ece99222b372c690852265b826d37224f2d5846c015efc7d0f8991a7473a
t2t_L10000_4200	c73ece5384efe4f310243015abf77cf85631eebc3e0f70a73b6a2ca32db9ee02
t2t_L10000_4201	72f61a851c1ca592288013ee8383dc501190004be7811d81d0bc261e890252ba
t2t_L10000_4202	7f18fda0e16766bd1d97b87faef9f6734e180d29704f99fff4d25b7a6b81a118
t2t_L10000_4203	08ad84cd8f112de921f1d05b02c2bea6309dcf761119ac2ccddda5778e2c1c98
t2t_L10000_4204	01e5089b289c8577a8c504d608cf7c3c66453eb643c9988fd1c3826b95f00e66
t2t_L10000_4205	0542054ccaae3d4464b655e9e33fac9469464e4e0f00821c86957303b639ff52
t2t_L10000_4206	ad1bc83d4c8b47e79348b0a4e1ffecface96a1b9bc1f0e34107e61ab413e87fc
t2t_L10000_4207	e6847749936debe28da0da7d6c72023b60504f9b31b14698e650f1833a9792e1
t2t_L10000_4208	4c20944a56ecf75c6989d6945ef7354b6b59bb43c52f67bdcebf0b36d08739dc
t2t_L10000_4209	6b42ad255a27d7f32f7d282c40af921c68c8577f652326ba7714f52dc938a37e
t2t_L10000_4210	04e09fd9eb0fc8f9082dc06182d765ba57771cd39ee1de4fbf4588427fa87470
t2t_L10000_4211	c6199afc5973e7da4a727d2977e165632e16113f38526aa6e22f370510fe821c
t2t_L10000_4212	e72bed9076db4efc7c293e578e8e15248809bb9faa7c2ae60f8a47709d2ba2e8
t2t_L10000_4213	8a042304fdd65ceff06326f679c269d1870df09a0cbd2d08e3f5f16d23587519
t2t_L10000_4214	4662672c762a25a4cdd6aa1e4f57416f70982b6ec8a01be1aea350b42cb37e19
t2t_L10000_4215	c4450888055a23535ef6e82a39603078d353332d6bd830a5361810f68781df09
t2t_L10000_4216	7a25efed947058985deee00afc4b37336a142d05bcd1ef60d3cd2455e6342825
t2t_L10000_4217	6f6f69460c8d45ce38af39763b8394a542d2b5609d7fd72f096f64c96f96ead0
t2t_L10000_4218	88f43c850c6d942813b7d7de209febf8798a3be362527506c7d29de2764a1769
t2t_L10000_4219	fe0c25879388864f086cbd9f9cb45b4cb7f1649fc9a2aa96fc186f6d17c1919b
t2t_L10000_4220	1704f2d9b671487bfb66456d8663642f86c5485437d68ada159341da2463ff0a
t2t_L10000_4221	73ebf0466b5c25871317beddc66f01c6f4c9719598d6f217fb94261d045b111c
t2t_L10000_4222	44b97d882f9f0d8d5fceabd90c9dae04ade05bb93c1a4996928b0722dc214bd1
t2t_L10000_4223	126b57359d6a19782161a41d444ccdb3769e67e1b46fe3e972b44512f61a271c
t2t_L10000_4224	c08b19d0d16f28390949ebafaddf190fe5f93dc0bad9c897c02e138aaa33bee7
t2t_L10000_4225	99e2d686d112d5db0221736fd3f3ea2de7e952e5ee9bcb6e520c514d5cc98fdc
t2t_L10000_4226	4ebf75bbaee1fdd21a51839e80517ef593b59135b9aa75f36bb8ed162e902013
t2t_L10000_4227	bed46c590569bb460a61f5a8e294ca83ccc34b9d86e108efac538914132b4cb3
t2t_L10000_4228	efd9fe77f8bb83cdfe4e00555f37d586d3e9fa15c55d60c643e2a2021c6937c3
t2t_L10000_4229	83c55399ff18c87c0e2fe2482c54d8fca16fac3d5a25ebd48004a36a8901915c
t2t_L10000_4230	e14587cdb9e12e2c164eb9cf69e199c6efe8d9862b853bf5a091b3e0cce0ca56
t2t_L10000_4231	41439266f58bd20acdea7d2c54d5aa2572c5d80bcf29a24b5d262a0d7ea44d58
t2t_L10000_4232	6982d2dcc188ffdb718b523f629d9bd935e9cc247bcc232e6a5c5f679061fd31
t2t_L10000_4233	977a8d646679ab9d4dce1d9f93378e15c918df831f4b55e9ec1ebbe9e18d9f8d
t2t_L10000_4234	5accf90228545e590b9b8260b2c6038e65ae6f721bce4c60efe75f35757747eb
t2t_L10000_4235	924dd9ae6639b54cf9b28a1e5a06adb7bea54c614864990f92d157db23dd34b2
t2t_L10000_4236	b7ca718db4c07589c45b16f546b0b30ff66d07e71ed73e4bc527989e420a6edc
t2t_L10000_4237	26cb5cced4d262d104c3cd7ba48fdd8bed5b58c635e99b64184059b097e032e4
t2t_L10000_4238	797f9caa13948a0eeb2bb409ee1f56f89c5351d70647a84486cd02001be31795
t2t_L10000_4239	85fdc6a38358eb5b2124c6fbce7620fb412eeac80e32f1299ed205a2c4481f69
t2t_L10000_4240	0dfe4bab468c7687d2b88fed9f39c280a3ffcd4e0fc1585b346adc6f9265f1f2
t2t_L10000_4241	f0c149750deee1ed16b756e34b5789fcfed971c230a35c2c34dbc7dc248b7354
t2t_L10000_4242	329683d9773030144f07f44afc3240413d04dc2aa38ff5a7c354d09174071287
t2t_L10000_4243	06fc03d2dec2f897c642f054863a2ff6bd4cfd4493412d465d4b00c40192f1ca
t2t_L10000_4244	95ddea8ba5a31bd2bc1699f14f4d59dee0f7dd9e96e310fd007b3a3d88b94fec
t2t_L10000_4245	7306213684d2b010bc0f8a48c1b9f869098b39a87aa6e9dfee0bf9e1fbe56da4
t2t_L10000_4246	c18cded115efa318e1a7a81937efd3ebf54abf9c4cf93044c65a51236a9e2a02
t2t_L10000_4247	c1f84bfc3d7a453210cec765cfac7fbb7dd2eb2ba915e5b034cc4832b6c537cb
t2t_L10000_4248	ab3d4ccd3042ffbd143d9d7ad10e017f00bdcce5a59ff03a1fb24930ace3a14d
t2t_L10000_4249	98022426f7e52b339504b2b81fffb0b56d088a68edefcad3acf0af620f213b82
t2t_L10000_4250	0367c701e6beaa49df0803a7e898e4ad6ad2516148f5ac4c68e0395521de09c7
t2t_L10000_4251	08a5b07e9136d215d574c00d6fbb9e4765b34f8ec70085f465c00b53462e958d
t2t_L10000_4252	a16b00bd55802f0d44c5c0106d8e4e8027c27dd89504175a3e93984b3365c575
t2t_L10000_4253	ba9923833800422b6ba03e49d5ec812179a8079b1b5d8e08feb1fb7cf63dccda
t2t_L10000_4254	6293240e4ec7e225366a0e59c0cd2c842bb942d63e17da97ec72c0de6494bb51
t2t_L10000_4255	79c9d21158a5552e22a4b00339ba2c923a2f4d2da2ba3105b5591be91bfb5000
t2t_L10000_4256	40f806cdfac7e58aeaff7393679496d0ad4e8a7c9a26e3dbd6551afa5756c75b
t2t_L10000_4257	b3d596fa6b69586b123707d8f844a9a30e7534096c4dfe5b48c28e9fde272602
t2t_L10000_4258	3ddd6b69d3933cb2147eb8043468310521f5f97c1c4ab713e0e872081a851a0b
t2t_L10000_4259	c1d77fcafbcf94266e95c4e26d3b4c44e9e9c45a901f7db42137758595384afb
t2t_L10000_4260	0a1f2787fb22f04ab2d27f132bcc39424babd87fb0b4cdc61affe99d6af88490
t2t_L10000_4261	2dd42e338241acbfe0f4aa4122bcde1d2625cd0c676597ad727d298b6e988fe8
t2t_L10000_4262	e43070db2ca2070ecbdf7dc403572e1efe6c2961b3e4e3839f426a5ba47a2896
t2t_L10000_4263	025b91f23f4d41881cdd76d736788d49aa986659123034ee0062e5489300f27d
t2t_L10000_4264	d81eaa750fec625cb821836adb89f299ab35db3d41991d4a54535a4f4ece0107
t2t_L10000_4265	cac87e6e2ad8cae2057697dd17136504325250cc634a3ef61fb1e49c68a9a5ac
t2t_L10000_4266	6d26581f1de90794fcae026826d2725523025cc324057c9e46a4a37dee67d07f
t2t_L10000_4267	4d7ac3d2f3ff9acf71595b71179f5413832d79b6020eeefb3c96bbca40ba5977
t2t_L10000_4268	7dd26affcc876544a4dbdaee6f7f67616176e073e57cd29a60cc50cdb044fe8b
t2t_L10000_4269	c42d9df0ab280b6f5c75493ab0c7dd2a32b4694688cb3b9e67ddbe119382e32d
t2t_L10000_4270	9e4c042a20835f29d9f8f9c65ad1d18464ed73d740ceae65843890181593a825
t2t_L10000_4271	4c09f99b5ea3a9b06347d4e0279e608b8fcfa691ef4458f3f2c51fe836490cff
t2t_L10000_4272	93ddbbfd92c8186377eee1b97eda638ab1efb3c92c862d5ebe4e0b8f854e90f7
t2t_L10000_4273	181c71294e9b733200537219eed8aeee5d37913f00a0396e30eca25f47a109ed
t2t_L10000_4274	90241659b9a3f55bdc448af4c27bdd7c930044ffcc82f6aa6d46d98c76a40c6e
t2t_L10000_4275	8fe1247b217009c251269d3894ba4c5898bc66521f6115a4f86b46db47398399
t2t_L10000_4276	163de67a01570afa38165b706a8f11d4c5efe1f885b0c15a59c0d25b34fcd29c
t2t_L10000_4277	1c4123636c102d87e931f66bca916d40a2d62f4bba8dbe60ab9742e47e3faea1
t2t_L10000_4278	180e63cc3441e369b324082a6b9b013177d9f328d730acb9a0ec7ddea7c8554a
t2t_L10000_4279	49e1dcd5eaf3608fb4c472408c65ff0cdd3311dc6c6bfdc18d8acdabab4b6eda
t2t_L10000_4280	cf3a6fffadfd9fec1cbe0e3789f15e77c70c64a72007774f0f0bdb4959e3ba34
t2t_L10000_4281	0cc8addfefe3e94d6e7e7b713f4a540e13b6a9256d6171d6c589539b986d53d3
t2t_L10000_4282	8e16d2627c340168c89fa999dc1f0113078326e4ebd720beb32ab5d1d59f93f4
t2t_L10000_4283	658876bc7d9916ba2ba3816466fd1cfc2875b891fd2406f13cc590298271e6f1
t2t_L10000_4284	2367bc0d8ce8af00f16cda222d5b830c9e32d568bebdb5c4ec5b088b5aa1f935
t2t_L10000_4285	96c0fe485279b6152da2b799082bc6e337281456e3a46b0b4b87cf138b64c26c
t2t_L10000_4286	368d55767703cd43008a6077ac57fe59ebba61295a9d567cb9d4fc959429a024
t2t_L10000_4287	90c92f03f7f0c36743cd068505f05088d81bb14e2f08759131460d5911a3e58e
t2t_L10000_4288	b6087b89697bdb2d12a055aaab85cac8aa429df18e68f8e9532029aced2ca774
t2t_L10000_4289	157bd03b5c41674224ea91512c6ef8c0f6f5339a14ca4a218585a0db972bbd41
t2t_L10000_4290	12899ebda746b64ff3a3da47320163d6a112e7b9ff430741b5e50162eab63210
t2t_L10000_4291	ff6ae22e6ed2df4de719e5ab1e52caf921a825f652aa743622e2509171ebad3b
t2t_L10000_4292	a258cb77b3975fffd5ef1f1dad020a4cad74a054ab7392b2ef4197e1befb365c
t2t_L10000_4293	0b671b53fe9916996c7f630a47f724221a986089e4bdfddb1bc36baf3379915a
t2t_L10000_4294	98b8e17286ea60de38df372b2c8ea30ab1f99b4dc8b79d61184879a415ade5a7
t2t_L10000_4295	7487e26d24a3e97c152f3b11f4e0e92f86f3ea1a939d909cc2296a1d4e562718
t2t_L10000_4296	edf55b76b8f2cd832eb3e15fd404f419cdd06401f9a5dbb7e60747afb380a03e
t2t_L10000_4297	674d5c4e9707bed78199c9c5cb8a9213ae2d73f6483ddf140c09019e14b89b9a
t2t_L10000_4298	cae153b23172e080887f5a6f5d5dd6d2a8352e54de3263b4e938ab7cf5db9f18
t2t_L10000_4299	bab7827c16176f8cb89940e27ad78cd5c0f30f90fccad092729193f89ebd04b1
t2t_L10000_4300	5c09fdc46ad20c32f3dcfe6ff03a5b224c570fbe8c76dd10ab2a3d5dea78e470
t2t_L10000_4301	52e27bb4e619e7114f1209997951190a96803b2c412e6d784784e1de47f9f38e
t2t_L10000_4302	140cada071490eace9e4e1e006e2710be59607207ce790f564739d239049c34d
t2t_L10000_4303	c5d41cccdca143f2a8db36408f0e44406d6c36235b90869130621b43add1e037
t2t_L10000_4304	211c75e3b1d47a86a252ce1efb11663c577a7ef3fe945f4ef0d1a2f9edbebaaa
t2t_L10000_4305	32a767183ea5f3c5a56c7e926ee7e51f352ba8eb1eadf5cc6f3d9424371a168f
t2t_L10000_4306	dd6e48ee5243e351329ae4abc35561bc78e9abbb81b38acb450310a80895072f
t2t_L10000_4307	a5663809ef70c89ca0fa3d3785b9949600eb12125b2ae8e137f5f7c462611294
t2t_L10000_4308	ee2219e5b4016fe3b6525edeafc2512cbd13886d47d809460cca1a43bd043768
t2t_L10000_4309	ce77af42b503bc2bfd744e78e72da49c94c0af42587bf950e486c92cca94df19
t2t_L10000_4310	42d448ac880c201a1228572f0cd6dea2711bb6010845f4e8c8a7770e1256e1ac
t2t_L10000_4311	1eae02297833c9bd4385bfb77253ef138d2fa80c702bc7a275b8af83efab27b9
t2t_L10000_4312	6d58e26b046f0420486ea1ec4a60ff0aa04d4266751f79b9c06bcb3f4c69cd27
t2t_L10000_4313	464b43294988ca7b15cdef9398dd96bc72a17511aabb987b86a573abfc826190
t2t_L10000_4314	298b49cbdae480e7c1785b8ae6b5397974f8a391e285f81bfd000c4a131db310
t2t_L10000_4315	b1aa49abd24c024f7d81e97f40076b656ae6a31aa5eda1d3bfc085ac30d09f77
t2t_L10000_4316	73f0cc6364f38a53f575cdeda343aeefe7c155043764860ef203d784127e1dce
t2t_L10000_4317	7e8bb2c3c416209b83bbbca34badcb8fa56e789a62034b8052f43d24817959d9
t2t_L10000_4318	c2781d08b07fe429b7fc661aa5c4404f685642c8ae31fdf74f73ebd75455c31d
t2t_L10000_4319	d6b1ca39f40e88b2cb8375aaff64e0990c0cb7989b880009e5ed91375a15911c
t2t_L10000_4320	2c01d238288362bdbf316893e497921e1d6db7dbf01143b3e27917594454744e
t2t_L10000_4321	d0b6f8126becb1c6acca4809f5bf7e8fdf8d8b44c34d71f1be54165de02db6dd
t2t_L10000_4322	045e7d8519b09408ed371734eb3690340714296389e6e60f446caf35f395c4e9
t2t_L10000_4323	ca724934856d556be016680b7a1b81127e560e990d73bdc6cadc3fdc05f77c73
t2t_L10000_4324	7b7126fe6e7e2a21a4ded025b16ed9762a0d8d2fefb1602e07ab390075ca1109
t2t_L10000_4325	52ded0bb2580ed180c479ab432340b4170464e6b1a749d82e04d9f86cecabad7
t2t_L10000_4326	e1727798562ebfb20ddc6f3ffb63b65949ba0861d075ac65cbba5384585122b5
t2t_L10000_4327	19bc114044cd46ee58773f76b55d96960ff82f1d1fdc12859368a8aa76844e3a
t2t_L10000_4328	cb3902d099acbeec55fe966383cd8cfca75c03450d8ef3ac16babd3100b31c03
t2t_L10000_4329	7f3839ba0b9b24a25ad3b89791c00f59efb0caf85b468c53b52f32417640319b
t2t_L10000_4330	5de9779ea03e4f1d2629b8ea6208730f2c8a9a2eea3247fb648b3950f8a0bd2e
t2t_L10000_4331	afda60dfc804653ac475b2680569880233e226b46237c33a8a6a6ab716654d05
t2t_L10000_4332	bebea5e036be9d6eb6987b7164d941513648a868510ee71262b1d8af7d45f373
t2t_L10000_4333	ad0296e6ec9b02ec04fe76e887f28a7a8978d28e1d1245b5b2858aa8c4e8d8c4
t2t_L10000_4334	cc96824f9f112720bbe9edb787cbdab1ef634fe76b6940686a3da2e58841cbc4
t2t_L10000_4335	c027ddc5163d16dd1c8f4412cf3963b4bbaf8522322caac56d896041f4ed3e5b
t2t_L10000_4336	63974efdbe26f8bfd7f8fc61f3969cd7be8f4b6f297d9a88d5ef5f42a40abeb9
t2t_L10000_4337	da1c13774ffa5bb6308626ac74a5b6287fef98b3221c94df1d0585e7d815b411
t2t_L10000_4338	372fe462448e5dc239cf9f505ced7fed799356e0062aeaad3fa8a2989780bb02
t2t_L10000_4339	0d747a59d244386129c51a4483d2f660b80dab132e5783105a29bf9695c7c8d8
t2t_L10000_4340	201d2ebff7ce5a720d6f832377901ab26b7fb70a24cf336497071d0e787bb909
t2t_L10000_4341	8f3c53c0ebb368ca20af4b6e9b43e9d25dbddb2c81c2a8b2209f1f0ae4debf07
t2t_L10000_4342	062fdaba5b5c142909db85969f14ec82b7fb95e9a50c71296fbf4c50020a0f79
t2t_L10000_4343	43625e6abaad9c1e41ca0751b707224856435121e26f5523f660dbb21bdefc69
t2t_L10000_4344	b79b2fff77c66a3249faf47e6a0396d93c5cec53896b6571f5b283259ca1adce
t2t_L10000_4345	a0d0377889d5c5c6ebff357aeaca2eb6b6108289bb6ca48aad481001678e8a2f
t2t_L10000_4346	c12a44cbbb50b93f532180f2f5b66550e7478ffe5ae7e95c63ad6c01666ebd2e
t2t_L10000_4347	574308549f57196fc70759de5b158c8653618d079741b1ded8498b735f0f32c6
t2t_L10000_4348	ba3f7b38c5a0837cd08a4a4bbe852b2463e22efddf571ac341c7085c6c7a7390
t2t_L10000_4349	4eae34fec3b6f4b2ad8aa4a515f9ca77822a7584aeef3a8a0992a81eaedac93b
t2t_L10000_4350	5de0125b14ea71d7d1a065b128e734a467447ef89ea048b7f346ccd734f29f0c
t2t_L10000_4351	0bfba1dc2ab21345059c2977850d270371a4da8a7e7bc182ee055c7b7ce92c45
t2t_L10000_4352	9bb758f35156f27c9613479d08b517a36ee8455095ebc83d33c5b71ac4a35d3f
t2t_L10000_4353	02c239888ab16401042049b1a4f08f7912a603eb32941d2fabb04bbbf292f089
t2t_L10000_4354	5eeb43d2a787722991cfee327a03cb48725dacc53cfebb229b4985b85b276855
t2t_L10000_4355	b2dd01f18b6717941ee33c55304519240600afb192ee3e2048062a26e35f9f3d
t2t_L10000_4356	a176309a1c325058942fe22f540a978f446e859fb42b137d62ee9fcc5133a940
t2t_L10000_4357	a81d0f381655e4724666c2b4472fdb1a20c97b12118dbabb02055fa4fa1109e8
t2t_L10000_4358	5d531962e5426ecfbbcb694d4b7900d2c84507c79aae696150a93f5dd0c78992
t2t_L10000_4359	55352975b3842a21e485cab367e19f175f697e786a4d3b61b356f199a74c6eee
t2t_L10000_4360	09aedaf471a4e8098df1740be067ca0e99bf89722ca0fe567e53c3f3f83cfc43
t2t_L10000_4361	71b9de0ea2ff394e10f2540bb7383ea9423664ceb5ca167b90a24f1539dcbdee
t2t_L10000_4362	5f300c66e66d95eb1cfec7b477254a563aeb70f47d5f03c72d3d8c943a2df9d7
t2t_L10000_4363	cc91a2da826583d2e0f225e4af1d390859710d21cbdcf439366e811429916713
t2t_L10000_4364	5109e000fbfa5d078dec8882a40b30aa14682b3b105708f959eb46ed4df0f2c8
t2t_L10000_4365	c64cb7aa5d35e2f47dc5732eff975bcfade21432b8cbc78a024f073b77cb00e2
t2t_L10000_4366	b2f126c5e1fd9bdafd70a6769ed1a1a02a25134842f1169bed06b10560248200
t2t_L10000_4367	cc46a154864773911acd9ca407870f5aad0640862372b7ba1f365354a5a6335c
t2t_L10000_4368	a0921239b6a8a2b05db23173cb5a445b9c2c016d21643993425819394749ce8d
t2t_L10000_4369	95aaf00223dadaca0d5ca4c496814b5d33b1ced5f58f389a7b39f458c3cf92d9
t2t_L10000_4370	9caa8424b2953681657b8a9a64c9cd2164e6a0186e55a0ce9568e4d0a267cfaa
t2t_L10000_4371	1900efdb540a5de6cd5b087a77a36d77681f24f0e16b6284f769866430afabbe
t2t_L10000_4372	94d423dbe6067197a56d61e9f73705de26d6e56be9c826d9cf86948c815add68
t2t_L10000_4373	b6a864e095e2bc41f8352371841902d470feb0ca9c82516e5924e449bba50b2a
t2t_L10000_4374	64d0abac07f885abc04fc6a0dab81babf3ffd5defbc8e00481143bab4a57069f
t2t_L10000_4375	82f0a911139923179807fe7cfb74f59e8a92a85b73680c57be091ce281c2b243
t2t_L10000_4376	0b6aaa3266c8c9ee121b350c2f91c022f47b453038f3bf549ca712a41180cfd9
t2t_L10000_4377	39fbdb445a7c15e8ffb279f12718d39e6293b29ed70fd5e1742c74346e4cd2a6
t2t_L10000_4378	ab80521f48b6630ac63c50b30b2b0bbb0c57ece32e5255cce6628b016cfc70d9
t2t_L10000_4379	7fe671d4e55c528b7d5e26cca610510578c7d36cfea67ce50657105e7e7fc355
t2t_L10000_4380	669b57da4c5d2e47809333b007a9e396a2960d592d4df98c443709e32b5a9c7c
t2t_L10000_4381	cd195d50d00e60d10689bca0e40a945dc9b384c617134f6ad5a66ef0fcf57d7e
t2t_L10000_4382	9796b87f8e5b2b971e8d594dcbd07ba6b85d8e5019256a41126aca6182105224
t2t_L10000_4383	a98b64b3b579024782f725e8502b0fa9b25600b699a75d54bf05f5b226153a34
t2t_L10000_4384	a12aa5a9011a1df411939d64d54f46697641b34a32c503a84cdfe446830cfd6b
t2t_L10000_4385	66ca4ac35bf8ea0da53f7c3974bbc6ad1d83bd34622eda9db799663bf1525485
t2t_L10000_4386	9842707087b86d00b29fcc91b52f649c835e4cf2e73d4ae556b3a20bcddfc7d5
t2t_L10000_4387	c6246d6a94e5ca3f4107597036ef7fc6319d778e52863e96e4a2add8f523d071
t2t_L10000_4388	26cc378ddf2805480b1507fa428a5cf39b654c9b8265404df67772d2e8743e55
t2t_L10000_4389	baa73750e0af556d2f19863e989801749eca59ed97ab690f9501b37c349778c3
t2t_L10000_4390	87a3857d1ef3e63eaea1ad713646c5e273b03760f749601ad8a2fa3403382abc
t2t_L10000_4391	6040e8955cb533c331bd79a1e328816f8ada9237a5fc7874401f8c8a4bdc2f10
t2t_L10000_4392	c8a9690f4969d3149b40c7c6606e982c4fbbdeb574369108a556629ddbe1789d
t2t_L10000_4393	d5212db8c58f027d9bb783378255f60d9370fdbd2b7599309809b9b812e237c1
t2t_L10000_4394	a50171b0ee9f9d3bdc8058dffe15d7027ecce104ce6e25666da40ed497ee0c2d
t2t_L10000_4395	50e8819f3766efec8e520be0bf25272cee61759f396e44eae16f69d06058d70c
t2t_L10000_4396	9c9506e075ce25c5174558819764c1799aceb70a26cc7cf7eb7388b9d28ee7c9
t2t_L10000_4397	cbe27f1b1404547174cd4104bddad97aa5f571790ea72fd40986f2b4324341b5
t2t_L10000_4398	58a6095cfec89d8951006ccfb611e025f34e684334fd623da561913694ff35fa
t2t_L10000_4399	4fca2ed0d5bc44b052bc54eed09510f1bc8c3648a6ba397d8146b3fbcadbddd8
t2t_L10000_4400	b775adff2a464f4acabd05d0bec649475d0b9918f0976ba180588355586b6b0d
t2t_L10000_4401	a9173b5f476f63c7a199a8bb036cb316bd1128fbe717fdc2126582de88e2eddb
t2t_L10000_4402	cb9f8a982c08b84d28c5889676952810ad085f3f4c739df7ddc4a69213d5441d
t2t_L10000_4403	20b131c4709b7eb936724ae73f227e723400d940e02dc95518d2de99f9ea9c72
t2t_L10000_4404	3606efe97a35eac8ddc5cf1ceaed781132c8efdd7a37b5cd3bd54ee2dbf37ca7
t2t_L10000_4405	e417cbd5480063cde045f769a28f407a26d50b7ac05a954e1fa3b282430fbf0d
t2t_L10000_4406	c03ae041d9fdbc8b0dba05c9902ee2fb54cbb98a4afe432c2373a0e8a8fbbadd
t2t_L10000_4407	10e75c4a9095fb10a9893ea2b56126253035cc91ed28bd06b9c3c9f61e1a7731
t2t_L10000_4408	f7220de9741cefb01ef1bd3001f9b46eca95b1034079b71eb0b3b99a5cd49220
t2t_L10000_4409	902faa2f6f3c3280c6d624bfc15ea5cd7308a8782aec185b786801c820c6cdb3
t2t_L10000_4410	67e14021a6081445e6db519a53ea742b632017afa09e64f0a43361966f8fab7b
t2t_L10000_4411	021924ba1973850d2c79da62d282dbb20e16ebe013bc81450be085c7ad843b9e
t2t_L10000_4412	b78858decfb58f93998b5cfab83ca55d46934da3a7c22b60bddcd49d54a0d162
t2t_L10000_4413	186028df17919d201835f8e0c12fe7eea424b2d4012c2b7738e8716f54164b9c
t2t_L10000_4414	23f95d358fc74b457b7270adb33b8e0044e6c0eec2342e406cf11608ee6bd419
t2t_L10000_4415	d6ce2a26c27788733aee9dbddf41a17ebb2976d09f9fb7673fff95203925ec80
t2t_L10000_4416	55ccf01e07e7d22ffcc51f0276f3f477b480633d1a12b573f643b077360ea913
t2t_L10000_4417	b0d452b96b29f72bd662f6365894012bf78574680892252bacee9066073c4220
t2t_L10000_4418	3bb0fe57a79a433176e3257517c8c288b47bc21ad37cf1a262bb80488b31b261
t2t_L10000_4419	111012cbc8faf279334f023556392764c2f0beac65b1281eddbcbf6d78ad1c74
t2t_L10000_4420	4ae16cbcba204f88a5e3a22f2de85e7e26efb7c65c98359262924a08d8834342
t2t_L10000_4421	9ed2fce7657e0dd773eab13288d5c5c300883c02b73d26d48861406636c7baad
t2t_L10000_4422	70264f1500b430428f943b849c3eb2e2c17f6e0e8fe2f791dcd15a19e590b86e
t2t_L10000_4423	1ca558dbb6e8124f765d274ac77466dfb9ed6ba57ae4ee3493678de30af36e87
t2t_L10000_4424	e893ca01d74cd584f6a2c9e94aa74344290147fd76c66d6aaa2b9b575edaef74
t2t_L10000_4425	ddc9bf7de367113dbde05bbeef6bb7ed64e2f3620537a693ff328691e9a2de82
t2t_L10000_4426	1993e4e016fa3def293fb852b5cc42ff8e75196224dcd2f19c6d7a5ce2ce9919
t2t_L10000_4427	69ac3fdb95d12d64a3032e43f55faaf0f76f8f168cc0f0b9e8fa330a6a3930e0
t2t_L10000_4428	aac1edfab81a7f653076d48b0e7bfb6bfe0b1efbc28b1fdefc219dd5620d3a35
t2t_L10000_4429	13bae6563c69a66eb518844694c9ea0d7fbda62f9ba0898d587cb2a8514d6c28
t2t_L10000_4430	717866e186bcf0f40e15532b7ef91f8bb2943e040a446b6495beab5ee3c8c3a9
t2t_L10000_4431	223638ea58712a2e4253bcae7bd6f5a53c19959ff0efd4b0d327f3f53ef33811
t2t_L10000_4432	6efd00c49aa92eb7e49ec19cd93cbdfa2e5a5be501db7778c597e946701e8312
t2t_L10000_4433	9f4256d4c32fab4e87ccd46dd4063df329cc23d24f839501507bdb649e9c0187
t2t_L10000_4434	14e77e3cc7464d08dcef53d2087c1f801ae31e3ec2927de17d8f54a15d9c3960
t2t_L10000_4435	33e347a411d9f31ecfc068be942ceebbc29c0ea6c5fd1d15354f14e2d25181ab
t2t_L10000_4436	89e5d5c3532b34d6c171ec6db3110b515ae68d3156cf6e81f0625d755499afb1
t2t_L10000_4437	68b7975c0af9335b56ab0397bd6b3ebd293ad0b8b6e52308c02654c89ffefeb2
t2t_L10000_4438	609d8b9f9f32fa7087a17a19bfa1e51704ff465f9f7c3da572670c9f3d7cda90
t2t_L10000_4439	b4e9e85cd79e7c8f475e194a84659c78d246d51e330111f97335caee25aeeeb3
t2t_L10000_4440	ab1d3fd0cbe5baf8b7dac2e1bd1ef74da4c76b67826eb48625c686362167d79a
t2t_L10000_4441	b1051fba3f0179605d2b013ff9f8af649da0bdc76526ca2a2fc0fe32d846c961
t2t_L10000_4442	108319b1dcbaad854085a6749c31ab6bdeaee00abbfca12818b26e0ba884aa14
t2t_L10000_4443	50ec9cb4c73a77644b44b493ca9984cf0032a46eefc3eb60f672e7c0dbdd3568
t2t_L10000_4444	d1677dee27b9eb561e51242e85674da70e3cb7bb661cfac57eeafd7878819d83
t2t_L10000_4445	6b6f6ba28fe3361eadde1737e00bf5c13777640b6b6ea97a61305fe18fa4ecb1
t2t_L10000_4446	2d3cc2426828d6fa736b65e561438c90efcb3de618d5b9ac48de559e36a6c175
t2t_L10000_4447	f38357e6b48117e6a1b7f3ee3528fe83ef639eb7d841cbee7bf66942b3541dfa
t2t_L10000_4448	2fdbe9c44f4074caa729adc36687ee153fc0e2613c2ab4dd2617601b1898652b
t2t_L10000_4449	c16ed7490c563b0ff02c60b19b32aba11ee389d403627944d11f59de32858fae
t2t_L10000_4450	71dd9bfc0220de91d8994c8c63fdadfa5311f165620a5e64cd096f701d869d77
t2t_L10000_4451	ce5c4c8b854cd9894571aa33ca46e64c37764ddbfb491b3379d9cf23ea1659ca
t2t_L10000_4452	286b02600308b51e393dc626054f07d3245d529e0e6ea218363e338ea29e0cb7
t2t_L10000_4453	8c9eb640e38fc8d0fa6c4b9725e7655a89432fd91bcd5cf06f04724eb16145d8
t2t_L10000_4454	9fdf77517699cb2f7afd6686c20c22502dc2249a6a1e074c5a2f849dd355191a
t2t_L10000_4455	f5302ea565a74f4d31d1877c1cc865a86ef808b1a549d3b22f86cf31b3369aa1
t2t_L10000_4456	92ea6a1579fef07308e450bcb89cb9ab9b6b121034c7ac63d127f5f65bfec4a5
t2t_L10000_4457	16cc2cf355bb478c62ed458207eea33e8e6a23239281f0b7f4c049cf11d006b5
t2t_L10000_4458	62e83631f23e624f09d171fdd1dbb1422e45280245562a0e99c9714cd5c1e62c
t2t_L10000_4459	a426e750a48f4d59f2eb55138caf825a127c40d346d014ac303d6164926fb888
t2t_L10000_4460	5d09c7d7433f5926d4de7f3c769f3449dc3f09824315a7d298f14251c6d94d86
t2t_L10000_4461	980816203ee43f83b71d403ad0571ad4ec5e3d82947ffdd4fbfd3901d7b3f03a
t2t_L10000_4462	a2fcea1f7ea3f6aa8037f5ac44c72b293f5d2fd23035ca1835eefea22f1a2053
t2t_L10000_4463	4530ebf3e97c7b454ea9dabc4121e92eec9254348bdbc8de10d47a0b035ff819
t2t_L10000_4464	dbe41968189777bebf383cc4165b191421c09aa77f99c3e615aa3bbf818cf573
t2t_L10000_4465	a804bc23b7806c6fd9e1b4af80bfc6bd3ee51a1662070806d978dc31e486e98d
t2t_L10000_4466	ad2c4f3a8baba816de1ac8ad71a55d13855435cf2f728f7db04fd8e1189ff231
t2t_L10000_4467	b13267e8cb063cda7649a8aad5c0651c114367f8f9b7bf8d13e034a73c73c8c5
t2t_L10000_4468	984a593388c493988f0826d88356827fb0c7c665df047bcc2bbb740b50da6cd1
t2t_L10000_4469	4de4443d86d1ca8e170d1a642a6e6530abf379261142bf3dba3ce0807484c4c3
t2t_L10000_4470	262884eebad8e08e38758ee8451907ccddce8bfd06d11acba04886f6e42e03c1
t2t_L10000_4471	6f336d702f51b14dc5b149f8139107be7a15d3d541b0f1b884624e6e82e12d82
t2t_L10000_4472	02f806a131f6260ef3952f9bb94dd40ab58483628ed708a3c1d9b58dd17c68c1
t2t_L10000_4473	541ecf5e096d848628975d1e05c366b7266b96c4efc5e94d56de11da328ca0ac
t2t_L10000_4474	4da57e49cd1a2760f5df2c9312840ca4df5806fa2d774a69b49c917d5eedc071
t2t_L10000_4475	a18958d09c99a737d5ad85f483a684568d6140ee094635a513e589ef5aabb81a
t2t_L10000_4476	7ea08b8e4b8fa4ed10948e276b7bfc5c7d247e021c53588106723729f67f88df
t2t_L10000_4477	21332dede88c604c5f3ec358913efffbba02c47e5e2251d9d543bf61d0ed9baa
t2t_L10000_4478	15cd32475f617cc983138c6e431d10b5cb7be612b11f56ea408113d2ebefd8b6
t2t_L10000_4479	bfb7fb1ae6f1db2630269c47ae5d938a6246f7dc89b9d89597721077139a8735
t2t_L10000_4480	b9c56ed035b249d4c58eb5cd19b7d99c6bcb8c90adadef4f052758f4d45b3aab
t2t_L10000_4481	90924d0746fa4aeb15a915282b6752efb49931d140ab26263f19f3447f29ecef
t2t_L10000_4482	85071cc1e322b85d8dc5b747657d6c28baf31089ca440dd5d8c2f816db796820
t2t_L10000_4483	424fb1e19c654b5b0966472828ec831d6201698bce8fd3da6a14c1228339e33e
t2t_L10000_4484	eb3e02bf42fc4b4e1365dde55431a7a84049ec620f1e26c3c63987c06f861626
t2t_L10000_4485	8828eed3542c8b6917f4358b25cd0e745ce9af23f68385ab4e1bc541a428747e
t2t_L10000_4486	914fa885b9d8d0a803237f7d1401d2a805a56a742814a2672d1caf0e77b3a3c8
t2t_L10000_4487	c9afadb8d1c6fe2dc1097af0e58c1e787b0df9cbcc7b3d38498e55ed90689147
t2t_L10000_4488	f989332c82374dd21e2df44d2bf1d0b1e5d9fd3d212efaec701350cbaedaf3ca
t2t_L10000_4489	c76d36d9f991bfcbb3e12d2af5b73d416a06003ed1cf7132618a81e03bff6fc3
t2t_L10000_4490	bac47eea2849fb81a22f0f665208b3222ec8b282feb8aea1c6e4e92033a58966
t2t_L10000_4491	446f4064f8d14e0e3bf19cf26732f5dabe8092bcf575be8450765631afc3591f
t2t_L10000_4492	c9c051cd9671580c143d8623dbddd7c8d6de21c4d67c0a13efe0eb12ebe564d4
t2t_L10000_4493	c00ba9e034da8111bb68b38f9cb64e06d8c13f47d9b9bec2d7cae38493216b46
t2t_L10000_4494	eb1c99843916b3b6193f681cee9ff92bd09dbc56bfc4ae3944803c7707a1cb52
t2t_L10000_4495	9043542bafd64c82a036cd444ea4184c1fe934b86d9a8da135d2c712ab1e1362
t2t_L10000_4496	d1a2dce4e50a7d0b8cddb18e95d2ceef5231375b1946cde53c095534ce037e4b
t2t_L10000_4497	ad860a3d5d5cc3f4b0098d4049a99644781b15bd737bcc4644c90ff236d4e63e
t2t_L10000_4498	b47b756389ae60b428a15b735f0b2af63943b08fc1784bbb80eec3e1f9701c66
t2t_L10000_4499	63825c9a6758c4cc69ff2b290d5089e627ecf2b270761e1904c19bad06dec52d
t2t_L10000_4500	212d44088937aaa1ff3a3e824204425d0b27a6e5efbd1f6df4bc75468fafa1b4
t2t_L10000_4501	d0fec0c619536404c51d9c084e9ee49504869f0a8fd46c09fdc248866c787ae9
t2t_L10000_4502	d7f28bebbea69f7fff41563afea8258f4f2049749b7c982fc30d931d3d81276a
t2t_L10000_4503	de7b9a2e2a870e012a9a157391083411c66731e54f6f493e946741768a3808e5
t2t_L10000_4504	9e726962cb1adce057b69f4de7eb3baf9c9f0ca37a01362f520fc9c18354f085
t2t_L10000_4505	c58118eb72e1842ccec94072603023acf0ed90a37854b387e208df9ee3d02d10
t2t_L10000_4506	8f53d75a5136b1d182cfefdc2cd9db6402738e56ff77d4aacd5a01fddd4dab66
t2t_L10000_4507	1b185941236e0d6c2f38ffc5e1c60f4bbfaf059f4248a6c1154b0b43e501f571
t2t_L10000_4508	dba7740041a752ff701893aa0bd19e0e67308252ac7463f92a62c720fa408f27
t2t_L10000_4509	fbc6846d6aba2c02f706054ff7c5c8e81a5006d4a3db66330e71932d1462d82c
t2t_L10000_4510	da4df2c0011bd99ac62ed29d3e67aabd1f9d37f7a5f4c2554533fcbcc20286c9
t2t_L10000_4511	23fc8af78002150e2e36f09bf583c52238910fab51a83758ec65e6976949078e
t2t_L10000_4512	eab1e2bbea6a120131e47f750ec8011da24ed02c584189f7a1eba80965108752
t2t_L10000_4513	e3564600fb88875d52502b31bef48d488780f72e4902f7251f1919c43d382da7
t2t_L10000_4514	a4930ca192d00bf2ceb5884871b3d2b72d1e784729b00624aee7a35fc97ef736
t2t_L10000_4515	a2b661eb084a13171d38d73baea2f3399a6c4ad723fcac411679c11293f63890
t2t_L10000_4516	a0e95ec16f747696e7d0e6fb0434c62a1d63b5f9eaf533a6e404efbe23babd6c
t2t_L10000_4517	ce3a3336896762b5ba12bea27f9340441965e97133a678f2265a19a47dafc5be
t2t_L10000_4518	be1662fd97d1799bd3dfc27f0e33149fa7540c3209b5bdedb0997f6cf8772416
t2t_L10000_4519	32bc320af115915c53c688647d5db80a157663f5026b9e0f2f8f325b845bb2d3
t2t_L10000_4520	8b58bdcb33fd34839937481eb5b8720f373e8797fa68e8ab56369dd41a9c70a9
t2t_L10000_4521	161c85741cb8ff4eb62cfd7e18e7c59ba6da69b89f9b5e0ecb15d23450ded484
t2t_L10000_4522	fa99afaeda25295b726ab944a30feec6c9bba3cbf001a28cfc3c3a5c8222c012
t2t_L10000_4523	2ddfdd494b999fb8799bb0e70c9e595b19d71f42e0919687badbd0dae9c035cc
t2t_L10000_4524	2576478e5d6f50dd40da1c6027cba11653dd4b473dcbbbcb1a3a184d1f41d188
t2t_L10000_4525	7fc5537aecd0ffff50a1dd93afd38cf0683d434059dbad91fbbdeeb5d3ea2b20
t2t_L10000_4526	b1f17742bce707801ac847d0b42940736151105cbf48e29059abcc5e4a002ab1
t2t_L10000_4527	7be26c1c1a5e637bd2d51c70e2fe1af9dac71b52b74d4f8a36bc25dc5d28f40d
t2t_L10000_4528	38dbafc172cab9ccf301a57f5df98e6e0c70bf48ce316d786d1053c3f5f527ef
t2t_L10000_4529	88758b98a1a8f472c331c339d52e2d12b11c624b92bc699b19ae767b01834523
t2t_L10000_4530	afd2c745c5da8b9b2aeaa641503f17201a0f12eeff537c26e5291ea69743160f
t2t_L10000_4531	54a7674384dfd4df870364e67f47abe3bae0fc50038720f64e08af93a51f9a05
t2t_L10000_4532	50ffccc805383fb15fbba2167c70aca26d45adf164d7f2546c54a99076c45bb1
t2t_L10000_4533	21c8bffda5992ac90c81b3c82a858e07cc2187fd40cf1d0da17d2d3b0facb883
t2t_L10000_4534	443ca524dabed2215a991eb293b364743b2bc2ce59e5558362adf8845e7c6c1c
t2t_L10000_4535	7ab1fe127cacd08928ad0dee617a6dd25c561bc390112ad49678f787f49a9db2
t2t_L10000_4536	5ce9a1637de980db3f7aad98cfb767f5e4d70261c93edb877be3804bca6cc36c
t2t_L10000_4537	08ffb4f8983bc8234f7f0b50d3c7aae040be280ae744bea4cc349c3ff29fdd3f
t2t_L10000_4538	d4e3632af4d3393ab4eef008c76ef7d286374c9dfa0cfe8823c1663aa9ea59f0
t2t_L10000_4539	c813a11be5e5b6e7ab7737b5e57bbbce85896990d7ba39eb424bfcfe3430740f
t2t_L10000_4540	52e60bc3dd0a716cc6baac24bbbae3a309849a26dd4ac987b8e2c7860e733964
t2t_L10000_4541	a4aa55eccf3202ce79a61803910a85594182945e3957f217882638e0f5fbd419
t2t_L10000_4542	a8a5c70a9baf3e338d0395cac472cad35f6b628d98ae7d922be335c455e7d3cb
t2t_L10000_4543	175fec6cf48a6fb06b675ecd66ceb708c5e1c960a80f333619ab9e624774f37d
t2t_L10000_4544	b4d6f85c7d8dcd923302ad72258856d2d205d270cc8aada1f25883a3e8275b38
t2t_L10000_4545	3eab2a469e1e9211e4509a5e291cfc5563451d13536e7e7ec69546382a1a140b
t2t_L10000_4546	e685b546141217118acc21df035945c70ce163c8a3f0ac5df78a12f5fa729b82
t2t_L10000_4547	9a1ba9b572021e560e50131e58c7888a944d3898a76700d04ac1ba2e27224e02
t2t_L10000_4548	5a14bc5b9c925a9888ba18e7443b9977ef5997bf2131b3d86f200ab0972bbc71
t2t_L10000_4549	90336ff36a0121b1415ded5509f878649674ec2221e73c3f2b36dfa7ed593099
t2t_L10000_4550	0ab98ac6d025bf64b4185adf962c49afbc5d53ce3c27292e704ea7263922a37b
t2t_L10000_4551	8b265ed308a729dda4a390173bd5619661ec1cc126e29478411771278c524c4d
t2t_L10000_4552	b8370127c41f96b381b9a89717819500adb77b14caac5b6f88e92fe5f3744cea
t2t_L10000_4553	c212a650af69418a87dddcd62a11a8e6af67c29d77d0ea1050c487ede9844585
t2t_L10000_4554	4d23fb1445465adf125703905e40445d1bc56d38f0abeeaa70bcf77ebc1f28b4
t2t_L10000_4555	d702666260a3154010fdd642dfc9c817d811ad0c177975fe620d6a9d2a5d2e6d
t2t_L10000_4556	e5f6438732fcb4a7a3752de160508fb4c0017f60e71e8cd018c70d30659ead72
t2t_L10000_4557	be1914f2b7c7560e1ef16532be2dd1efd9169f953e95903d6d1db6770673f6ae
t2t_L10000_4558	8b7217c2f2849dd60b2950ff9c1cf4e2b9ca21cc17b9d77f31e838cb9b3b5860
t2t_L10000_4559	157953a7d3c4752625621ba9d18aeec4b0ef93a408a2e05926c4faba5da50330
t2t_L10000_4560	424a7aae290626f2a841d8b46ae9c8ca63c3ca7149decf51ca37e98674e07d83
t2t_L10000_4561	8a246e127b073baa956b55076d40bb34d8586e3528c1c07dadb7f688be28f7d4
t2t_L10000_4562	85fbb152b7e5ae85a521b14008b0ba1f27f1554fe2fdd495b2a79fba74518d5f
t2t_L10000_4563	86cca9f01f2fea2599adc9437d2a2c76e85edd16b6b93415dabd21627f8e4f8e
t2t_L10000_4564	1e1ef46276f46ab0ae47d1b1e93eb993db78517aeeeb3e767d55f6d62c183e2c
t2t_L10000_4565	ea9f7d5e256be8d2d3e7d56b9cc11115786e5f48a2a6d3fd7a5553368a0072b5
t2t_L10000_4566	5fd1f17c27bfdc5053d21c41151bc1a056d2a726c7cc1c774a9ea2cc581b34c9
t2t_L10000_4567	9d5fc0903ce661799ed0426cc11018eda1c24d42513ddc623aa1dffe47dd413f
t2t_L10000_4568	daa4ac4eb3b7a3418b702814d25c6c7d72a9d8fff08e2a7b2bbd27462a3e77c4
t2t_L10000_4569	16f06745f999b2afd7b9f0fa80512fed1dce2f0a3954d14a7729254c682f32b9
t2t_L10000_4570	6a55f55e4e95f6477cd90194de7b02af73eda9c79319ea9b88f750057720a070
t2t_L10000_4571	69f212c4a76152835aab4288f1603d467557da0619bb6ca320f3b6b5cee7fe12
t2t_L10000_4572	aff1154dd77c519996d150425d460f1501cb5ab998905c0fbc96a7d25306d397
t2t_L10000_4573	18c154000f0c93e84b450bf3fc648912adf671858d7156539bb15985e83c020c
t2t_L10000_4574	c19b48ef0c82d06a14c4e74e952dc2ebdcdd31aba6662d328396c907853573cd
t2t_L10000_4575	c58c07f47d0d6c5c39f7a70ad8a7efb07f3b2abe1963d83d94729c53c525ff03
t2t_L10000_4576	83fc5e9dbc324052ef1c72bb9334380e7165d2dd2a652711c03b8e26522a810d
t2t_L10000_4577	2e4c728f8110426c15180844edb89b568dd613d9b79af0e1716b43615388a6f6
t2t_L10000_4578	77444f1be644745e9a3d0d4fc365d02df11ad6ba74046eaaf6e348b8d8a5f302
t2t_L10000_4579	2805926095123240b6fe5d93c2942df8b1ed4f3e1cb8938b018e31b9a2784445
t2t_L10000_4580	db2cdc4eb9472a64cf2348782f8ad1341748cba07542cb874ccd8c45e2c713b9
t2t_L10000_4581	04088bcb6898f517daa56f0b3e67667447470e6659ca001ad5560f3eb6a24797
t2t_L10000_4582	46c8641adb94abdc12d9241dceafe712edc946f666f00c01e94cc75d4290ab59
t2t_L10000_4583	9330c1616b58ba1bf53a03268892722c92385498a22a2a0be1c98497ece23fe0
t2t_L10000_4584	92953c94fba623868942ad1fcff10b70d50b7aba45871a1c4ece7c9bcb03b866
t2t_L10000_4585	58da3d0ebbd034ae8ce99d268404f3e9e8e792922a874090a54081f82a1e1925
t2t_L10000_4586	a9601c721d938fe4adbeb3d1749a40d3af82982d68b899cf6c16f83c8685bc74
t2t_L10000_4587	028ab7e9fe3d6f43a36e3b1ffd60d9341c6305efe2c7a45093b3e11d0196b4ef
t2t_L10000_4588	7c1ea7bc93977ea421a7fe1817a2e63f95200b81723f622f91ac814c5917d0c2
t2t_L10000_4589	2cb24df8e82a707029c05f6d809f9dc2a584537032c79bf2d977cb1fa743dd6c
t2t_L10000_4590	5467741246d1e8e36aa00cde4f8c4641bb0037fcc448502a20410a9049137e0f
t2t_L10000_4591	e7aa70ab6e501c9720e1985c11280624716ca605aa3c94e7efa8a9f4699d611e
t2t_L10000_4592	ca26dd30d265ebc8864e95050e2d61f3e468322207fb27da262a0ccc3b6af16d
t2t_L10000_4593	9127739d34ebf9e770439d968444cad85b0dd1ab6176850be3737bfab54defc1
t2t_L10000_4594	ed2280a354e6cf838d6c88ec0eab72d44ed9ab33616a49de5b877970a74e176e
t2t_L10000_4595	610277907604a47ecddd3671d833fa16c583cf3d1241d09bc0a6e97a1afb3b37
t2t_L10000_4596	cdc770b55bf144edf8e1f839b664d060997f7e2421a08ccab1b2f645d18eac7e
t2t_L10000_4597	0187d56718d682a1be9d07498813357fb094e0ffd138613253c75edbab173378
t2t_L10000_4598	e2c0a22fc4c5f6583991273f683580cc764fa323c09b98f81b1189502537f49f
t2t_L10000_4599	ccddd460b2e39f21fb3936599c54ea93183b3a015102d838e5d128bf6b1e2815
t2t_L10000_4600	b424f8c7e6dd396b811d7fa6fdfd0c0bbfacceb4e26796d4655cb6abcbd88e48
t2t_L10000_4601	ba20db0f1a338a3604b4cd34b7eede34da250dc0a2f7ced2490fcce7f375219f
t2t_L10000_4602	e2b06d9159147e2b5c0df1714d326a171b0009bce87447d7a45742d28cf6613a
t2t_L10000_4603	d23cb9a8141f0b122bf00e7fac9aae5288a1726b1214ca6be119fa6a75e2a9b2
t2t_L10000_4604	193464eb6a7aa3ec6ca114013819f03b2864d4fcc8847e2e72b686ed1c009aa4
t2t_L10000_4605	83bca194dc21194517efb3be5ac464b01c56411b4e7f0be26291798296d7e19b
t2t_L10000_4606	f6da05658cd90b40e5b7ae9fe165f56e9097f2ae2ba295aab5f9e67275cc58e9
t2t_L10000_4607	de18c099bb64b8e79edb2fae40103129f71f9a86090b59c7656fdf0bbc8cabb0
t2t_L10000_4608	df83cea3f2ae079cce4d0aba886a7cd0cef128fe9037c10574aedebc1c06add1
t2t_L10000_4609	c2a1e41f2098445111f7743363694a9ebbc18d5a83fce4e97bb20c8dfe435de7
t2t_L10000_4610	0dd0cec94c2277bea1ff8e04ee2f76ecd8abd457a2c3cfaf64454f1199b1961a
t2t_L10000_4611	a1dcc9667d6cb364ea3f1ba78b73ade3c59ff723d123a298b3b88fc0a81934ea
t2t_L10000_4612	5195fc1f34bd1d923dbc7d36f6ddad6e565ddd98a4e919e2d10eb1896fb2a109
t2t_L10000_4613	4e0836e5fd115e56a0144ae57f4f8dd39e4477c98ab8fd153d171cbff0babe55
t2t_L10000_4614	5917e4a7b14617ade20f7f5cbff29862ccbc5d60db4cca26ab605cd7f67c4496
t2t_L10000_4615	ccc870cbb578c2944b6075ac6ac8337e3bbba05603f15f8799bdf0bc50f1352c
t2t_L10000_4616	b56accbdf63b1b64cb76999c221f6452dbacc907c9e0eb8527b87f5c426d68f3
t2t_L10000_4617	1aa8ad6e9d72379f1a70d1d94528ba743f6b854cc7993f34d38111c105a24513
t2t_L10000_4618	5a7a5edef4a78fcfe62ab453326e4fff7b625d57e72600d92115e0c5b86766ee
t2t_L10000_4619	c77b828fae3352e92a6c5334342973d1b7490fa1ede40bcb2683a3cc37dc4613
t2t_L10000_4620	47e88a5aa1fa88af542d6d3c532ac247265c8b81926555a7d73883f4b1390515
t2t_L10000_4621	02b8bbf26136f8cfbaf98f584c71c250e0f2f8079e62c4c1bab22b5c147bc076
t2t_L10000_4622	2e9c5e4a24f89c909f03fa214ed4d1d1b8c0b16aec80680feb85dd96e631cddd
t2t_L10000_4623	92d661c9305a63b41836b05f1c62062f17de68abe58f615d92b719fddf8afe37
t2t_L10000_4624	4cafdb1a5b5799d30c37c93af872b0c51b420b00c51d78c76af90cfbc9593ab9
t2t_L10000_4625	b48cff573adad3b398c6db8200245c48c6658180d8409f9d6bf5162ae971fbcb
t2t_L10000_4626	2e5c0ae19a3c276475d3e42452019d292be83072e75b17d4c8575ed08f330f85
t2t_L10000_4627	38ab704f25800bbbcbdef9b98dde48317044ec2a5b867bf0e0188cce26b4bcb8
t2t_L10000_4628	e0e6616d9b349cf75f1fdd70f32d9e70b0c48a92b42a2237b2611ca62bd3c63c
t2t_L10000_4629	d7b2ca675edd405b2c8209ef42d17c1f005c26b089edcadd9b3436491b1a4ddf
t2t_L10000_4630	94d8285a13fbd68238d111c0e0552f8a8ca7e08c2d03961e3048b7b238daf543
t2t_L10000_4631	330eb2bf540d4304d37670d690e7499c56388ce494ffd15e9ea1f90e79f95564
t2t_L10000_4632	eaf90cf4517aae05dbee08ad15ba3a672d2b7fb1a451a65944da7a3cfab07d67
t2t_L10000_4633	b07bd2f659776affbbb8800e778766d7397cba9764587e4133ff7223bf32aa3e
t2t_L10000_4634	07d278a2482fd83a7df7378d3eeadb163e09a0bc05b0553513b8cab3fc815acf
t2t_L10000_4635	af0a613c9f5c8dcf41a89afa9b1dff2c737d8f761cc39116d8170d934b730c6a
t2t_L10000_4636	f42f4f764358c62332f967cacbf2eaaa6a063ec11e9d0a9bdd0bd9156b0bb529
t2t_L10000_4637	ef03c6dbe078ce4a47e4a03ae53efd7d7bc59e949028a71b99448b1de44670c1
t2t_L10000_4638	6d3bee2495af64d0f6fb157eed085bdc7cbd13cf57be33a812f863003703a9fe
t2t_L10000_4639	5151d80c5abca5eaf2ae34ab79fc84430fad9b54fdc0feecbc6bcea83d56ebab
t2t_L10000_4640	2c7971b52729d5335664237108caa270bdba257b308f0d8dea58be492e3c26c3
t2t_L10000_4641	54717ca25dcfe3f7858bf536ea3cc36685f1933ee5a71f6bdf8d336d4b63213a
t2t_L10000_4642	f276dddcad97efa70a2ac2606217a68c4040974fa4f2fea410fca4b125f24fa7
t2t_L10000_4643	cb76ace2393a4d8f6e7ff0052836ff434b60787b2b8e6233e7998f926327f591
t2t_L10000_4644	c642e9bf77ff6917a620f38fd23cf23ca71bf57e518e3defd027f11d55741da6
t2t_L10000_4645	ca5ef828c003bfcd5a7a3b5aceac959bd2e66b84f5ee16ed29e2fcc2305bb394
t2t_L10000_4646	23062c5b5c38d810a0ce0bd3a7db16e4ae99ba597f1f1cbbf31cc4ab8ae021b6
t2t_L10000_4647	0d2d0aacbd8c3b4dbc4c51eb7115f843b22c219c6dc15aa6cab4f725277c05d3
t2t_L10000_4648	3f9ca3fac59ac4433f89c5d6d215f2e088c5028ba0ca7070d00ff3c73e859b2f
t2t_L10000_4649	1942ee2c3d5614fa2bfc8cedb905172cf745534c1bd145440f6cfd3668c9e183
t2t_L10000_4650	d3f046f9a8af4d7e86e0c2509f6b9f2f61ab904b44529855de87955f7212c533
t2t_L10000_4651	e751c6e476371d6e144f3d9db3d795b7ec680ed174179e7fe591eb6ee139e141
t2t_L10000_4652	43df51a2a9aeb8b2a3bf64c6eac8c8fe318d6f8fa6ccbaa18e490efa72b8fe71
t2t_L10000_4653	3aff8ca467cde718b51953544122b072c7ba7a301f68988cd5e925c3a63b1f60
t2t_L10000_4654	6b5ab91691f631894dd7b4597ebe952c1330ad33cd374855d4548868492e36d4
t2t_L10000_4655	32569f3eed5adf6022b2d3eed93e60d25aa7e0b1f769a0cee5cd73fa934c5aaa
t2t_L10000_4656	0b5f66d840a8c98c973aaecf4537b8a36774e64a09d8e43578f49253588706ac
t2t_L10000_4657	6877e7eaed1edf079501ce915e367a313d145a709d97766c4fa42c05488c7c62
t2t_L10000_4658	1f2d4fa5f7056fb6902bfc9100fd79d1c6c69e369f34f9a6854067b36fccb180
t2t_L10000_4659	acd74845170eae5621f1f4f82902cf8d812cdaa3f6eabb6900dac142dd2d87d3
t2t_L10000_4660	51d35f6398d786d9f3c844afdf21c3885d41ce03be3a5fa21f9ceaa1c9a82010
t2t_L10000_4661	fba25cfe81d6629afab399e249fd1d423ba219bbeb514eb0094f2afa0355b360
t2t_L10000_4662	c6001aa5e18fc2a9e356ce49313a025b6e0c8778f5792ce52f807c9937fb690a
t2t_L10000_4663	f6df25ecebcc89c403136a2a1e57bfbf022ef1386227475d31dca404af8489fe
t2t_L10000_4664	dfb6afa68330a5196ec3d5dc8aa44ede517c7589f06323cff43ac3c96bb2d12d
t2t_L10000_4665	776a7d13beb899061d2274eeff409b0643e7b6b7624ef76ec8a802ca9c9f224b
t2t_L10000_4666	d209c7d2c91b856f56d6dbd9e02dd1c3518616ada56b60cc09a524f64639d320
t2t_L10000_4667	873e58578a0eebbe635432fd9a419d3ad1597d76e76388581dddf852f4abcc6c
t2t_L10000_4668	d12e91ae2b6ded11fbba16bf6aa33af9b8d1fe5f2b1c20875aa4dcfa6d283d2e
t2t_L10000_4669	a02c2f9c748d5ab66c7826a6f36d8d8ebb62a6d7d83fb7d29ccd5fab5e051801
t2t_L10000_4670	f7b06c4364ea01aa10bff006a239ed0399ebc57bbe46155fe6e9b856b4e356b2
t2t_L10000_4671	9c64dc11dc2959a2c45dd11efcdd0bc0694ad0eef26f4b5024fc6a7038ed1b25
t2t_L10000_4672	487b40ed62cd37056638852fa060654f082f0ed48f15f808e5d69b35b3b3eb3f
t2t_L10000_4673	e811b5417ce1783411117a4cf1852d33e008e2250a369d555dbc92930db7859f
t2t_L10000_4674	560be9e1f6fab5ff856ea4d259302e08e513bc0aab73e498c7fdba248df00646
t2t_L10000_4675	6e957e3e2bd701d70f3e02857246baa9878b5820ba5d03887e27334b9a6f6b22
t2t_L10000_4676	a9da1319f107daba0899df38744b014d23e95cda0e300363b4752901023e95da
t2t_L10000_4677	4265b52cd56f14021bf88a27a1fa98534fbfbd62d6a8b509fbef2986f46d1966
t2t_L10000_4678	2629d9d8893556472352053e9777f8396b9df5b134476ee8153500910a857566
t2t_L10000_4679	32fbd8e7692e87b5e31575bd87004f3185ce506cd447bc79656d8c9688e2750e
t2t_L10000_4680	76ec86f48517220ee2bb1e2f424aa2f3895ec333090ff5fefc86bb3a37a697dd
t2t_L10000_4681	cd6d6f0060a47603edf40aa2d36b9d6eb9abd8ae774ffebcab838ed10e920f3f
t2t_L10000_4682	948b15c8726d3bfa9314f0771f4ae6d1e5090d29c0a5f6ad55d853dd14a3b6ec
t2t_L10000_4683	b573751bbb44477afe46ae94220726bfe9366c7b62585635b9345b93177784e5
t2t_L10000_4684	5d733e64a593854b0be825e926b16460215a2558f9f1b01a836a097da21cd772
t2t_L10000_4685	49d8add9587bb0506e449635c5f014a5ac5f12dd6e631acc6f45bb43c1403e17
t2t_L10000_4686	114e9c45d56504db5f8e83bcfdb7a1e36abec3a8b4e8de8bf24f71387f8ccd98
t2t_L10000_4687	40b31256bcf0fa53a80092fbbcc450c6e7a4da2f90922d0c6ce52531c98997a5
t2t_L10000_4688	a7eaaf0720d620f053b6b2625332479d8c6dc394b15549a339ba00a01c2a3acf
t2t_L10000_4689	484a96188f5acb9ee2b5cc115bfd9393ce797459d0639c1c4223ce5cb7e8cf96
t2t_L10000_4690	18742a97fffef5843f8f7af0dc89c386c2e8d2e98cee86b450b2941daa7f1896
t2t_L10000_4691	d82f5b202c68a5a8ad8ee4fed8edfdf34173adf81731994a39c1d38e63fdd070
t2t_L10000_4692	6910a8cfb705a9e0c4428c683bd9080b215a02a0f9652e6d7116276495ece049
t2t_L10000_4693	23b41f3d1c9a53e26d75ee27f75a72d34106afe066fc73f40ab6d7ccfacc9544
t2t_L10000_4694	55689457a00bc0a66cbf438e79597b4a174d30cec6035edf4c593a600cd07274
t2t_L10000_4695	7dd05ad665a302572549d10a19ecd816275604d2278120825988ab594fc02093
t2t_L10000_4696	509524cde7c2ed771704b4f8ca9162cf091c973a6ca774e90d78369e1531be57
t2t_L10000_4697	91aa219dc607f551fa11a3eb00a5748ac19ec07de5143c092178eadf49ef303a
t2t_L10000_4698	d5822a8a540931e5d7ba0e8b4962d00cde3f7477b80901b99cbacc26289f5759
t2t_L10000_4699	c04a0416147a1e111cf8ebf2e788ae928f11200bc7dc3c322e57d4bade8d7c67
t2t_L10000_4700	44bd07a0ba759e7dc0265b623e011dfdbe717f4a764a1a61c8467b6e64cdac14
t2t_L10000_4701	7f9dba37330d8ddc2afae5e2a03a3926435c45d35d57bf986d342831c670d0b7
t2t_L10000_4702	d0137b6f6e3bd45976e29f439daa87270610269e9bdbb7d28088265926e6d02d
t2t_L10000_4703	7915e5fa5aefc4c1209da46383b7540fa08261488e780b9336fe1b068af404b9
t2t_L10000_4704	2a4fb0257128ec33d81831b84f91966f66deeb63780ddad1f760f4746cc90f27
t2t_L10000_4705	c2e4abff6d1e475a1bc7314b25617e67259907bb42b1b71df0109ff5e6afdcde
t2t_L10000_4706	fcd18f9041e916596e340c7cce44fa44e5768fd99e524380c17c9bf9ff3253b7
t2t_L10000_4707	fb746bd04ecb2a60ef9bdbd70634b4f89fdf3115c7132476377297ab06ef90d6
t2t_L10000_4708	bf0a8212d73b0ded0dc82ab2e4707a0ce8745179882bdf628bf61e5d9e6f659c
t2t_L10000_4709	beb2f25471e592537a9456b61d900c8c9f219f2e939f6c021e890c4fcfea9aa4
t2t_L10000_4710	2bb67e3bb90d79ace2d38c8dbfc39e0b267bd8aa3b5b3067dd165df0b27df2d1
t2t_L10000_4711	a1dd8dec890f2769233e93ede342099d08db2465975a431fd3e9ed1f8db6478a
t2t_L10000_4712	4338bb3f6904ec852d09dbc802b2d7e18bad3ed3c43d6b0c75848bbf0adc9b3d
t2t_L10000_4713	508794861c2a1241ddf312681e01d5472078854056126b3a281c856ad73b4661
t2t_L10000_4714	fc1ff31a9e25e00aafee2ae18cfb56f10d861d6f45167a17432eb008c3c2491e
t2t_L10000_4715	247852c7a1a23a5b41d82711f4fc42b4a892ee3e3a303bf16c38b3cae335837e
t2t_L10000_4716	cd952d6e957ba8858aad8f205c906e82bc1ccb8fe6cb5f4aeb602bd4eb1d054d
t2t_L10000_4717	d6c9ca2f0047e02ba93b3c547b5e6df5bf098a5ed89597551a713e9f1f4e1497
t2t_L10000_4718	e4b560a5bbbfffe36a5f15e87f8ebb3aafcae8c85a77fa9ab66c7343465a3c13
t2t_L10000_4719	02d0828b29370cc5b2216606e43cac54579b028c12f5e346be74ed441744b43f
t2t_L10000_4720	4ca55129dee12354e7f200d84da75f5b3b3729dd07c1198f1385a562e626f256
t2t_L10000_4721	9d1570731ea5dd16c4c5b87d2ac1b2b92d404d45e137b85d1bb1c7db007e9723
t2t_L10000_4722	2a8d5710c05c23932bf8f0f34a3796278c8ed2193b02ec29e400bc00722c505d
t2t_L10000_4723	8cc5c36b98ef81d65e1f9beac50b2959cc98f420a650bdbff7753c36e4d7f55f
t2t_L10000_4724	3f20332677c4a96cf1c28e2858173c03355697e4f40f37f25c69a8b426347d3e
t2t_L10000_4725	09ebc7676c104b1d78d7a80f86187ddb2548cbf20777fb34f357072bc35a55cd
t2t_L10000_4726	90d22360a39592a70a067f25ccd34c3607e40837cd851f668106d353e00c6594
t2t_L10000_4727	24665ee6d3536caae962a6d7936ccde824704d3d92627fb328b20db9fe998196
t2t_L10000_4728	45a970fbcc74c3dd3335ae866447feca1a3185af69916664ace5ba59ef9389f3
t2t_L10000_4729	58be36496ad8e3159ea164b76b0f066d545759320f1bbd703e8d1a11d744befc
t2t_L10000_4730	6e6d09112fa371e48864b8a4ff114af16041b1a3a48ade4d19f47c59f135a2b1
t2t_L10000_4731	bdf02f593ac1f490a111be7a69593ac8d8576c9e053db6dbf228d5e98db2cd06
t2t_L10000_4732	27c3eabb528235e6f3c2f61b2c909d54170e6e5dee7dac591871454b17d5964a
t2t_L10000_4733	69054e7ff6d6bb77055ba7170b21a18ba9fe5efd9df1b3c40e52e23dc81bd97d
t2t_L10000_4734	630e6fb4209b400e03458ed665ca8c7aee634683ee3efb525f930eeca8fe8127
t2t_L10000_4735	d9c5d3b59017815a1e4efc64f99c9bd112a7e5f8cb802fab368e5ffbd174eb94
t2t_L10000_4736	38ae1d1408d58e213ab2c3543e215242aa1723f8b0cfd914ef6ccf42f0088f62
t2t_L10000_4737	67458ca1c0b32eb6a18eb4172ad9e9664f1b1f8d28bd24306a0f2feb67c58b1a
t2t_L10000_4738	d1c3602392b73c2745895a02ea26fec26304d405d5dbf9b9599634ca12ea4d4d
t2t_L10000_4739	9cfc8d4998b59104a599b14790345c3dbd26738e69dcdfa5a5cdcec8e1450e32
t2t_L10000_4740	5f46c62f7315557fe8303bc1ea3a1070e94c6b7da99c2438b20965a49c105a77
t2t_L10000_4741	6de0b71725bff6527a91b1cd342f7efd0eabf0d12b2329db354e812888bf2d6e
t2t_L10000_4742	742f7f3e9ced63324338e610a2d43c1e75a6f30459a5d7790c5d4278ecbfbd51
t2t_L10000_4743	d72ddc89702a1b815d793651dd5ed3f84933f49e988222e1255ad561733e14aa
t2t_L10000_4744	148656f3b486052c357afabb42fcd9b47c122f1290d3ff0f34ee8e3b509d4769
t2t_L10000_4745	7c1f4c90215d40a4a11a94641678eb0e45e5621eb82f573223916d55b0a76748
t2t_L10000_4746	6e9f621208491bd6ae4529cf69230fa879795fcbca5759f58e07c08910b3b869
t2t_L10000_4747	b00a56df3f5a7a837854f7f0b996868ea20a887027714fc08afe409a093c3ea4
t2t_L10000_4748	498c0bfd3003ce0f990997cb6ad162b2c94b8e0cb0e0c4468981f6d3facaa19c
t2t_L10000_4749	7f8b2ccfcd187e0a44dfa0ea3bf4081cf5e2da8bd9fcd6863a80a504365fb44d
t2t_L10000_4750	a3b208bebad6d126174d9847f5e3c6658bdd26fee25cdf2fb2c19bfba1c91ddd
t2t_L10000_4751	4b5c0d526b0625aa50dd38d3dc8fc304d864b8c78465e111aa7180ae1ce26e3c
t2t_L10000_4752	1f1b6528cc20257c098641c4b776dc2991e7b4ecf5acf35b56e929cdcc376497
t2t_L10000_4753	22888a9b1a76b57718308dc93ff221ca7349b9271574d5272aa7c70301c9e5e1
t2t_L10000_4754	e18add750e772690e4775ea7702c145a2be8ae06cc16821a0fa78c8d8604f199
t2t_L10000_4755	0906079803f975aa7879d086a85213a331dfb986ddb90d7d4c41f1a37a649621
t2t_L10000_4756	334960b79ef9972b6bd2dabdabd257f657dd81a1841395409775093cf3a1d6ef
t2t_L10000_4757	0cb5066b4b879062a89376c48c190a2939a85f6c58e8b0f0c1c4ee8dcd7fda75
t2t_L10000_4758	32972137b8f1986d25139d93ba40785dcbb389e9a4949e8a9f649f4b046061c7
t2t_L10000_4759	a3da84fc1d2348470ea27e6e3f004f599d6707d71d1038a5cd0f64b3e92aa467
t2t_L10000_4760	f8f3dd9e9f4c75aa6ce852177fd059c7119ce3b84333fcb263ff11760968e0a5
t2t_L10000_4761	cfe4f4315387ee8c62a6c2eece342afeb8bffcbc347476f40fb21c0fefa5659e
t2t_L10000_4762	13ad5e2254286a46ae259895428f6e08e1f1540b76a6648d162fc367ce490d80
t2t_L10000_4763	7e7745eaba52e79297dd19f6903e2c994bb2778a7890870eac11af11add8531e
t2t_L10000_4764	fd70f162fc61007de8b8f5419a60389cde99bf02a16173f05f26d84a69e9615b
t2t_L10000_4765	efbb89cdd49339fae8aa81cb7dbca3e544d766a870b003c30744845663ed5d1e
t2t_L10000_4766	b3deb11ca1174fec72dbde2dac1aaa882ad60c04cf97d2fb3e3b8b81e0ab9e44
t2t_L10000_4767	9f13a44b4bccaef2bae46b66415b0db218e343f3e260f6a3f751e66c16ed9a2f
t2t_L10000_4768	8a2b0dfbc94dee6adfdcd0eea57b7dbbf5e4889ed5195bf6fd00b2b08351de1e
t2t_L10000_4769	dc48b1516ef3d5feeb43853c7e094e158a21c1f835300adb831ef8d7d8328a1e
t2t_L10000_4770	464134a6d6f410a8baa39f555cf674201f64f604505b6031feb784ed3e14dbc5
t2t_L10000_4771	caaffca115e8e5f998a8b4d320544cf110805d09ea27f51fd76c7023f91ad295
t2t_L10000_4772	ed098cff21a01c74dac70faddb01a8e06899b0735fa4943504051c10c587947e
t2t_L10000_4773	63d580581b88d99b6477f310077d9440ea84cde11aff112acc06a1ddf79baac0
t2t_L10000_4774	c5469004d0b8d3c9ac90b8690fd75453197da619027ee3629aceab3b54fc6a32
t2t_L10000_4775	f77c51377715785d12b5a619eb8f5b1d331d22e1cfeb66410da8cc05546c6729
t2t_L10000_4776	a89ea4ef05ccd73da0714f0a3db76f08ae6518753441667469cbc4267b379afd
t2t_L10000_4777	20b62b43a334d122bae0e42ad0de5d5d476931dd5fd04e1868dd0b1c99941d67
t2t_L10000_4778	8b24530e80bb42df078bb198ae10202a6bf4328f9707b0ff0543196d667c8c97
t2t_L10000_4779	a117483eecf74ff272becc95fbbf4e43b2f071e549fee7ab6e640d7a2a42fdc8
t2t_L10000_4780	eec78aab618ad89950f33b203e3f462bc93fac4b0af7c2da46f175444ece5b00
t2t_L10000_4781	998d58711ab210d614f4e9eb9a3a1fa56a18cfff77d7a80ed573288efff8f55f
t2t_L10000_4782	e712d3aae77711be991c901e55cf8a2630b14527328df246d5f541c027513145
t2t_L10000_4783	ef15af8696bed3e3e671a018b4ad37519f2610dea5eab1d724d4ab268cc95262
t2t_L10000_4784	636dbee970e882399fbdd11bef1ad217af4c98236f4dbd5823d1a69c61f996f0
t2t_L10000_4785	6fed82a13deb9948f7777fcfc97afbca78888c779a3ed3aa39096085db493a8b
t2t_L10000_4786	3c861e813499941e8a73a6e71251978c4d4ae9e3e8618aa85f88d3e195297b72
t2t_L10000_4787	2e770d998e87f76fa296cd4d3e23d057255d5fa3bc81a4548e3f37b0d1386a38
t2t_L10000_4788	0d3a7be2487d669ecb0ce59ef6d88873690572732a32dc95d936e050e0dbd2dd
t2t_L10000_4789	536ee4fedcdb649a2768ea885127230cdc8f1ea866b1705aad399b50b2e1eeb6
t2t_L10000_4790	328bdebfe29e6f6c4b7ca594bf6d9341227fa599968525aa0f09b20af92ea32b
t2t_L10000_4791	fe1170ae311ae3e31ab8f2eefcbb9e944e607bf5a6f36e735b0ce2ca3196ce3c
t2t_L10000_4792	1d4c46746760498e81d2ef7e92283680b079f5b6498db7334e3e1dfd0fda9e8c
t2t_L10000_4793	4f26f2601fc3aefa8064d8c1678e1a7b802d1a5bca37779470b6ec3a3139de61
t2t_L10000_4794	7bfc950c77fdec26b43033736ccb8b0c8a6c7bad2e4b5028f29ea4fd99dabe72
t2t_L10000_4795	3f4e524eabc821eab4d55c0b1d8dcd88f132897da44b745ad62ef951822cdb44
t2t_L10000_4796	84a0f702940d4cd893e6fa68344c7cca72cb887a9f006c8d53315ec392bfd8c0
t2t_L10000_4797	078b5aa9388d1ad864314da1f5f563e9022c43a53e74bf0e98063836aa92211c
t2t_L10000_4798	ca45560c4ea25815f44407e6045398297462cd64d8e8ee741e627c8c6439e087
t2t_L10000_4799	e07fdbc9b91a68c8d05d3b56a7971b462d60fdc4c41e9c62b422c45a6e4a8fba
t2t_L10000_4800	d939f298919b11579a84a75d4fb36266e5ce63a10431fe891a4ae5011cc6eb3e
t2t_L10000_4801	e77d0909928ea099d3a71f2b028a6e6948223fa42013c57acf300a0e139d763b
t2t_L10000_4802	3a7c1ded5cd3988f05b6865e5aafca1ee41df199d50ab534455fe7d5c8bbfb08
t2t_L10000_4803	ad55a638c4d76d17d94ca34856b75c0ad82778f5ffa9d844b8edb872876d7ccb
t2t_L10000_4804	374383109e43ef35bfa0a31a2c62d637304902fb0b5fe4475ec862f95053e810
t2t_L10000_4805	ca0057e1e9b872b05c20d2058df06b9b50480a14bcc6a569f55a1baf983e72c6
t2t_L10000_4806	8472d659bdb9a8df2de3842c3e7feec9fe5bfa9f19ee42bd1476b399a8db7ae3
t2t_L10000_4807	288b34e3b0e8c82e57edad5888615ce9312b2467c92fa1f117ea4141056b01f2
t2t_L10000_4808	23af91e0a82460d1087bbbf9841c87e8d5784ff98731d2295ac36c61fe5c347a
t2t_L10000_4809	ccbb43739542dd2cda37719e2d8cac65a586e2daf16753677db6e6d75861d2c9
t2t_L10000_4810	4c6adb4d92506639b553ff160dd174867726fd9195b1fa16831b1dfdc239233e
t2t_L10000_4811	fedce1a9ac2976723f15e3aea666afa361142d56b6a90f4e0173e4d3de2c661d
t2t_L10000_4812	d4987eb164ade3dc105326cd0391347751eedf0eeef68bd4a3c2ddcfd194eb78
t2t_L10000_4813	0351153cd100a7c266ab3c0742bf2dfa9c12fea79f7f5724f676f160123708e3
t2t_L10000_4814	753711cd421a374707fa7d22fccfa9c6e7ba854c06706bf5eeb4f8cac9b1850a
t2t_L10000_4815	f21d0afca1cc515b964ef425a30e9b45fd3f4145d33d0732169263b6fc5d5123
t2t_L10000_4816	dd630ab764959b1b81ac3a639c21fd837bc029da049e5f8780d516fc9884271c
t2t_L10000_4817	c5eaeddaad6ebac65722994aad10bc6fec6ed5364bf240515ff562c70e3006bf
t2t_L10000_4818	a958cd955fc88998594aaf4c6fb8b7e2b341927eb69b51e8eb970c48d66848e5
t2t_L10000_4819	874cd5aed98b57cd5f20891950dae437d6c584e06c61ff3922af848b6872c1ec
t2t_L10000_4820	a82f817fe958004dd4837eb9060dccde32b4d385452fb7aad1e69c5f6957a9df
t2t_L10000_4821	215687b74dc89be1f3293e80dce09e507e8270de209a81248e3420d39caff809
t2t_L10000_4822	517c416461e8d9fc8814854bc6640311abca089fe6c2f25a748a90892e74de86
t2t_L10000_4823	492710c3396fa656c9834c33ec1a4c87606c15242d7ed6e2a7792270f28c41d2
t2t_L10000_4824	2536ad3c42c826be52c654a7e9271c4950a021e657f43e778abc3a6097b5c1af
t2t_L10000_4825	1888dc4b61d0c300c643bea5ebec9c6e85aedc8305bdc61b43b452d298d70777
t2t_L10000_4826	109c2e51fdc5796e6b40d3c3043e570f22b8b7388c02c4f2b0dd1ad77a5ac83a
t2t_L10000_4827	a8a7e8fc0a8274d15f648d7ac019e90dc3edcfcc3dcc7e8aebd2381c748438da
t2t_L10000_4828	bca405977a63960db3645e13a4470da6ccad997a5e131302eb9cb7384055abf8
t2t_L10000_4829	b5a3f2ef275ee7e973910612c8747f6b10c9fa2ae92dfda4f364bb43047dd3ea
t2t_L10000_4830	4c791f44ef0a12c528b3f710d5878a1649361c6dad95ac0baae963f133cc12eb
t2t_L10000_4831	db64dbb23469e38c9be1510154aec8eec8b19626aed8a0c17bdd442620fa22c0
t2t_L10000_4832	98f81a84bdbe67d6b8817db266a1c7c29cfd0ab2e2e8cc87ea78a4f3088d2566
t2t_L10000_4833	d09d2d172cf7a2e3672c52be0be8f64394a4dc49b0c6f2548bdbcd579b8368f7
t2t_L10000_4834	fdcd547ad05632f19fe693a075cd43026b91b6d7e72a05d52a5d638d870edeea
t2t_L10000_4835	6951823ddd8de3b6cc3c8cda1166bc931d708b194d26b4ce05fd84b7d462f320
t2t_L10000_4836	ec52e4c03360a14b1cb1c4525108e4f046dde4db6bf425a21b2050b386ebbb42
t2t_L10000_4837	8165ad4e8ffc2a83f99d8ce114926d1b34a3be51c0ddb1cc6d53a28a16795156
t2t_L10000_4838	04ff2b7dd41577fc271b2a2a63a602e9417024ace0385a3c93c4e17e78367550
t2t_L10000_4839	8de4b3b21445e754415c473c47e27ad4ab672d73eb095179e92e64a2270b90ae
t2t_L10000_4840	bbeaac05084fbb196a6f29108cca606b9ed1f74b947fe215d81988693adb8473
t2t_L10000_4841	51f7bf014f98dd7bc9f443d3d7df9545441455a8bc8d651f8bb2fce22599bfd3
t2t_L10000_4842	66bdacfe504515fa4c1e4bdf860c785ba7c3575ff62793c99e694043d873164b
t2t_L10000_4843	07c0579af2a83e142f8e987a691c30fd9a04b3d1b0d82a13005616b19ea031ba
t2t_L10000_4844	0e756434cc1be255aa05aec06a6c657e44b002fea077ae23a276da9f076021d6
t2t_L10000_4845	a7c0392c1481423650f41125586ce9efee54956d8f4c4fb9fed27eb597e1a43a
t2t_L10000_4846	d02d2452698510fc704570aba749d891e7a923c138f6e5f9920b3239ded0e32e
t2t_L10000_4847	9db2917646a65461e4a034f6df713392b2a983f7982a43f5fd5d3374f0205570
t2t_L10000_4848	42e193cecada040150ccff2591a102ccce6e0e56446a87f2aecb84f3f6e478fe
t2t_L10000_4849	dd71e183367fa0b0a22f323bf27b87f54e2bf08cb346dc482f9900c44e723e88
t2t_L10000_4850	a1ffd05c5face78337f34c70ecbef8e48df61ce52d8f5146dbae40af398db3c5
t2t_L10000_4851	f481c231c61180bd330426877da814c4415778c7834a022f231a3e5e40d2993e
t2t_L10000_4852	24da12e635ba8292070e76a23de623834308b9d21e565bae2f04ab36d7aab653
t2t_L10000_4853	0ff71758dee6ac6ff4607e8a1049aa2c9404245617d9d18dae009770e701b43d
t2t_L10000_4854	c1efeb0a1f6c9cc6111a1b24104a22f7fc797dc8068bea2ca53db5ee0d06f3d0
t2t_L10000_4855	f61c1501dc21df4ec4be92e124607f79d67c0773ccba9bfb995095fe04441bc6
t2t_L10000_4856	20192a7e4d8e23a451329af5848ef71e6e5586c92e71d93ce93db30cc556939f
t2t_L10000_4857	ff4afd01d62ffa3250ff720f9eb928f99dac85aee55c77dfbc181837e60da736
t2t_L10000_4858	8bd4bdedcedd6d67e37aa60a8169fca95f35b9b5a7fa673e9d6eba4124b5919c
t2t_L10000_4859	f6be42aac917b12513a2c61e9b199dbc1d2b2b35906003241f27d9764e823e9c
t2t_L10000_4860	cfffcfce4cc345f8b1df2293474dde9157b76fc9323d7cc377b18c634c94458d
t2t_L10000_4861	9d77ace9bf5f6a399460a7ff46d5196244abcf3feba82e76e7b3e5e96750e88d
t2t_L10000_4862	5244760e1beaf81bc48e72c2b47887f1391697432a36ac27644489aa2c08e869
t2t_L10000_4863	5545374b1875a3201939197ab180e5a44a577bb9e39c23e8266e98f0dce3abd9
t2t_L10000_4864	c8d71ba79129ac8355b2004d338860002fa173e926d87defd13d8405eb9788fa
t2t_L10000_4865	797623e13fa49c2f39145bccb40f60cbff39246529d5df78acc7a59a0d803ab9
t2t_L10000_4866	f0f1f4a7ee0ccff6ae93de06d01536efb47454b94066a70501a209f200f75304
t2t_L10000_4867	873f7543ee6a34b407f013e997d94356b9900693703f9f1431276498683893bd
t2t_L10000_4868	b79eb389b4778653b86f0a024e6d706f843d2c477905d43820cc4d6e0662612a
t2t_L10000_4869	d78e7651fb02636f1eda9c3896d5f9c5fd9cf256f1680a8231fd29d6865c52e9
t2t_L10000_4870	b34ba72405d29562c2574e218a243c71edc47f5b67f6324354221e2dfb8eb51d
t2t_L10000_4871	5a8c5dc711d82096471f11d376a6901608742d3f14edf738d03f41be1b80bf75
t2t_L10000_4872	07907cac5cec53e19e8821961b4fa33182c209045581e57d52c9d5ada050655a
t2t_L10000_4873	157340ec7e8ec2389ce0447d6809b759ffcec7ba9f839c7c728858bc99558ac3
t2t_L10000_4874	5f3a699e3f7235f1ecfc72b23e4467812006147a1e886d54fc0d60a545c4de6f
t2t_L10000_4875	eb3eaa2d2eda6d490b13093df23735e18b074afe700cbfb161d2be45ee0c68b6
t2t_L10000_4876	6f319305f41ef6d9660912bd937b6f92b8c5c144686e68a78d2d7a6139d5d9c3
t2t_L10000_4877	93a3f8ed263135c336f747c6e8cb7ef959d48989651d8b6dfbee38df01be2b78
t2t_L10000_4878	eac5fad877dc93c51bfcfcd73c1b5226a99952ef22a68dff7322a67c2a4312a9
t2t_L10000_4879	f1f293d56e8b24995485e8788bfdab0c102d58bd0577481645c5252420f82d6f
t2t_L10000_4880	26dbe4dab0323f8216411cb0df4e109c5a002fcf99b5100fc35fdb788ce5a104
t2t_L10000_4881	d3c9df9d4b1087e9ca5bf0f46c0beae43efbd50fdacde5ea7aecf85d07a0cbe0
t2t_L10000_4882	d91b3334dbaf7ee773178c83a3309995c739643c3fe8ccccc8b784940cf08b7e
t2t_L10000_4883	1302b93bd7f572068a1f09dcd1b3960f3979e6482ca9aa91a0dab7ab55c3de14
t2t_L10000_4884	e70a338056ac01c099e06eb59ca05b89a389ad278dcfa36f87a3619b0e570f6f
t2t_L10000_4885	ab2b26fc31fbd3290d60374c08bf0de167fd23290749fa70f3dd2d899d9f82bf
t2t_L10000_4886	cd5e654c6e676cb376a6f8804b9b3714fed6309348b715c9156519a6a7a69a82
t2t_L10000_4887	d795e9bb573d7de72504cd3c7f47a847eea3444be55e682e19a05b48bc4de700
t2t_L10000_4888	699065986a53599dd69750ae5ac4c71cfd11c29a6eccd30d4fcc4ab6297e9c06
t2t_L10000_4889	f7fcd56239d0d5cb62cd73e012e0612f5089f40647c5c3a34418db9cf66d3aee
t2t_L10000_4890	73f63564b029f0886dde55f655c3336d99ac3f451dc5584fca008adb5463348f
t2t_L10000_4891	a85954760964ae174927e0fb3b2054ce91da717b6c1aff81799bc915482bbab3
t2t_L10000_4892	c634bfc0cff947e68d2f8e7e07d026d92dfa17a3479a1140a43aba10f5bb4459
t2t_L10000_4893	a965d8e0984ddba557c3abb7e70a6cbf5dd8c3e29b3e558ffb8c2af37b4aea54
t2t_L10000_4894	9f848d9250ba07a2a0be276727ca3dc3640f5209abf586fef06ddc54091ec19f
t2t_L10000_4895	4515fa163d303fc83a834d4bae2f4a76f85f9ed9d4524bef41e767bc0a8718af
t2t_L10000_4896	9a3620622beb3ce04229d8d5662accdafcd25b1545d6ba3827a927e126364953
t2t_L10000_4897	0dca9ab33ff8bcadbfbc7be5ba318769125bbe5c2bd32d9a2fa157935ec93840
t2t_L10000_4898	7b7dc35e8ea2a4bcce363ea546d035170bf1ed9c853930dee94e5a1662072265
t2t_L10000_4899	d7091f1f535812807eae15a7b081b09d55915914d7c85777857311025a4b39a0
t2t_L10000_4900	377dfb0e728fcf20b94c50ee328fe8a06548cca2f0f91a852ec6b552a0a6e8f5
t2t_L10000_4901	48a8b2565b74030af7a9b3aaaf9248ae3e5d1c87ab5da0a13cb425bda3b40288
t2t_L10000_4902	91fdfd7f8d5b0a2c4d8dea913affa3e028a1f7b52f2c9e541df50fa8996af470
t2t_L10000_4903	b3ca7aeb4a51baabe2b123df9c30af3989f5e5855b8e0e00aedaad3a22980bac
t2t_L10000_4904	89d64df6c9847214255a28fc45bb5fafc5704853a29a912df2c0e4830df8a2d3
t2t_L10000_4905	d76429c1ae252d22292a22010851fba07d97f37ee2ec4a671071dd4e8539ce5c
t2t_L10000_4906	ba7d437ea93788222646a18d43515a918c05b768dee6302127ecab12c4ade6e3
t2t_L10000_4907	5f35763f1c8412f3e0fdf48b0fac7256bf2445c6798cdaab9f5d996febd136d2
t2t_L10000_4908	5412873ad5ada1d3ba358ef888b387b93be6b650c99f4fbffb07b076215ea515
t2t_L10000_4909	0f4e74b306997d82831b0e178aece8b19d749b5a67b965ab7687223214eb4141
t2t_L10000_4910	8bf826b7b17497297376ef000cb8979337f569a6199a47cabc8093a6bccb2d0c
t2t_L10000_4911	c085ec0a17ec2eaa38c135a84a1fd209576bc53ba6502cce1cb9c5b3d5a972ac
t2t_L10000_4912	55e32f5c767b5f7247c32b783e4c973d4aa90f4910360265b5e18ceffd93c25f
t2t_L10000_4913	0e94b3287118b737e18813c3242f30636c048c94eb592c7d745085f4f4d817a5
t2t_L10000_4914	f22d4bafaa848385308e63e9f396770c871da3aac614bdc92b0979116d174966
t2t_L10000_4915	ee3f674838a129de253e5fb989afb2b5f461bf4aa545a17dcc577277c648efca
t2t_L10000_4916	e5bfe2ec8d150f03e7424c52f80fb7d07942bbc3d131d5c1dd73e9860b63dcc7
t2t_L10000_4917	5cc9dbcaa423a2bdd728955d44a096e0d7fcdbd8642673763018ac069cf85eb9
t2t_L10000_4918	0431b7f036de7422fdbae6acb02d0c96bb5d83ec4ff191cd8450d85a1ae3a5a6
t2t_L10000_4919	1ad344213632568cc56877acba40bce93900321689a8af81c5fc1b315766a448
t2t_L10000_4920	de01a49c7d7bb7fed74a647e556164dca9d08d27bd136f06d65437a8db883656
t2t_L10000_4921	1f172f53ec77efdd6250fa29f534404cee109ae0033d94789492cd55c1c96bac
t2t_L10000_4922	6be00838410efaf1df33a8d12e8991bb1292844ed64fd4a50799470e617ac45a
t2t_L10000_4923	fdfc21246228f0f01355a5948f84b8df98c1f3fd9f19124544d7588014a02c8e
t2t_L10000_4924	9605c89eec16589d7593aef6dbe5337656c911c77243bcee456f89b6fdc17ce9
t2t_L10000_4925	d7f8729e55c6857ca43969ed9594250dee978009d8b5f4b94614ab0c1698c78e
t2t_L10000_4926	2183539aba8cdbd9c087d0bf902b8436baea9f6a7b5341aafde7bd2a78cc3caa
t2t_L10000_4927	3ad84b7a1b1ed237c8daf8aedebed787750e0e23e9bfbe998b632f978f485932
t2t_L10000_4928	fc855fac0b05660565a2e2e9e0ae02c5449547393b83b4d8f168d9335bc4e12c
t2t_L10000_4929	dbd5f48c0baf63a5763a236b21dd6253e67ba379336cd5785c65bb80f79aaf80
t2t_L10000_4930	3ee77b295d9165657417e4df3316492b4bc2c5b6bc8996d8780a5bc1059d9413
t2t_L10000_4931	cbdf8a18b9825c36952368fc0e28df8ea93586a77af64ec90cdcfc2d1d6f60a5
t2t_L10000_4932	55507447389536d7e4b73fb635111a5c00c9dad3df4311ce6f9ea78d383f5c9b
t2t_L10000_4933	c4cb2c454793cd266d10f4ac6f2a1542d8cb255d8b94a0e85e214dfb67428692
t2t_L10000_4934	e7071599194186c0aa900a4f1ea28c3069bef3fb8a57b5d8bd90ff58c29cc8ba
t2t_L10000_4935	924680392065715c561e9557d8cc246be0ca77ee1e7bef93074d12d53d7dc838
t2t_L10000_4936	7204a40c7ad7024c21f4920368aca23893c2e82a6ec18f9ff708e3ab4a49eb81
t2t_L10000_4937	aba78c4f307a6954957b281855986b5d0005013dcabeb488b1b7b065cfecf5f9
t2t_L10000_4938	d713165ee514aac76b7b6e8064019e262df480271c87466cc2e89a8077b24015
t2t_L10000_4939	bc15e24ed81a67ff65044f2b963bc3ccd9846d14558379f375ad456d4fe8e642
t2t_L10000_4940	e452f691cd51fb8d309e9aafae8f1014140fb786cc86a0fe046b38a0593f1470
t2t_L10000_4941	f4d05846366afa5058ebaddffb0578ae616af305ccadfad792d6dd91224c5bbe
t2t_L10000_4942	edc67800faa236025e9ef4952265e3bccb0f8c5b4d15be807c7a38033e7ade97
t2t_L10000_4943	979a0d9ffd3eab57c125137c85606c035fe8b586411de2c94921af4313248341
t2t_L10000_4944	3f61fdad931721ba3e09f103ec40139c36670a2e881bcc3076b8deed8a0df1d8
t2t_L10000_4945	77dd1a142f8d4575a244223904e505f929270209089e90419e3240842c5f9122
t2t_L10000_4946	4e213802d76beef13a1b5263ccbb60b6cd7fbc141728a9556b91f51386f457bb
t2t_L10000_4947	6886f8f86d083b608f13465e9da619584dd12774b6e54e2bdb2576783753e2a8
t2t_L10000_4948	ebb9183a8a28e69d89500bc6627f0035ba955b104094b56959b8b0521b57ab3a
t2t_L10000_4949	dfe46ed5c4018fb02afc74d430b6b25ddd5fbff8e28ac4a1ea0852ed7677c4af
t2t_L10000_4950	fc428039dcd1b86728042f6b411348fcdc250642b3b43f8a6655fa66bb9d4517
t2t_L10000_4951	dc57c044c0871432d98d62c23d9d292540baf73f0dafd633d1b4d69bb32b837f
t2t_L10000_4952	84b6b22bc0cbce150159afb6d949120e10f0052a54ff9d6e29c2a8c5d14c4b87
t2t_L10000_4953	fd061b1255e2c5ca25293aaa2bf4b210dba030dc0a1ccd3b9f1e21e2b76f5f4e
t2t_L10000_4954	2729f5921d1f9af4bf3a84b128aeb780cda03490049f534f34601f40460529ba
t2t_L10000_4955	9aa01228e45d2252713da76e436e4ab67fe2b116d92f8b3f7694a5ca22803f9f
t2t_L10000_4956	9b0f563830d7fe0c29e32e60ba4bbc0f30d69e3e34fa6ce565fd935581b55a28
t2t_L10000_4957	2b29bf4cee668f0bed1ed7bf6a395868806959d47d9c26c13ba3daa082ed037a
t2t_L10000_4958	32c74d1c1cc9285e871383f4aa333e74d38a099b408616fd52dfe270325804bc
t2t_L10000_4959	6dd5159ed9a7a614c388c8dcba60218a43dfe8a2273fa4a6e8c27385ed014494
t2t_L10000_4960	417125611f27377e2cc95d660cbdee591602313b705998c2d9a0cd3c0930b12e
t2t_L10000_4961	20e2b6ecd911c5e823f2aa7f1891e1fa73760773ac0194d8eb3513572d977edc
t2t_L10000_4962	792cd04fadd204977afed231b004dd94daa311e7dc54ca466f2cea908b01db67
t2t_L10000_4963	0927c93ad943c5f4056d004a540b3baadae33b18f8068b47cbb8e772ffc7c6d1
t2t_L10000_4964	46a40013b59dfa3f781cdb7a3e5b3f95f053a4bb85b264ca0ee900972f0559da
t2t_L10000_4965	3163c7211e06e5c859223f1acd9116951ec6691260271394cc6742e1be612a6e
t2t_L10000_4966	4736a15260ff40b2f8eb3426ab65aa1ef3de379614a3c7cc67fdd1fccf032ce0
t2t_L10000_4967	6a79d6f77b5e812a56b437b3c25da29d710eb6a8e7767894886f9a0e4ad6ea29
t2t_L10000_4968	377920a0cf3b5ad7a9550f447cac09db2e648670010fe9d9028d0b45cf52dc54
t2t_L10000_4969	580b41ef2b0e89a0bcec337a6d96a5044c08f3813a0b342ba32659c00f798984
t2t_L10000_4970	f31b1d7d8060898e7b7e3015e58b0417a857ea83e7ad776b34f0140b2bf3fd16
t2t_L10000_4971	619c6dbaa3ebff2707a1f12a79b05690768e3d16ef4bfd399f51c5fa621a4561
t2t_L10000_4972	ba61d855a90de8069ac2a54828c4f33a5f42c38d934274ffd0913c4799b7d251
t2t_L10000_4973	e244eba6169210b940f993ff5cf7476931223c5337d711189565d4d80b208064
t2t_L10000_4974	1a39dec1ea8b25b8100470379e0f1fdde3f97e44f0d37b0642ba5d01c074fb98
t2t_L10000_4975	fd3fa4cc872cf0efbe18f54d6374c340bce649da0638cef00150c39a8b2eac11
t2t_L10000_4976	d0171c1379a0612f1c5eed9d4e43f0887277a9fcee5e1a09c457a930b7f3fee8
t2t_L10000_4977	66f3a3e99bef6c4f9a0a566c7abd61cbf7cbc0232ecfe798c867b67cb2e5d666
t2t_L10000_4978	cac4407a2435d7b7c1a97ed78600ce3b54458f64950e0feeab753438b85b5adc
t2t_L10000_4979	252301438f8fe7e99dd9fb2f8bb042380096c9e258645e007e5b969d2611b7ae
t2t_L10000_4980	a458470b2514e268955c5794e408d2993d931aa602b946ff894533a5be5f642a
t2t_L10000_4981	7fbe3cdb6e30a0b7e22146a3229a69e8b34781a39c0be0e571c6829a8cef91fc
t2t_L10000_4982	147c13d7eaecfea3d77858750ddd04bfb36ec697363007a8cb30acd4cd8d1739
t2t_L10000_4983	13141ea49b5b2210203b5e8c2348c9a77a4752064e847493f1b6cca0799cd44e
t2t_L10000_4984	e9fda42ddfe1553226fc93e657204eff78cd13eee8745c6ff9876425bf9e2cf7
t2t_L10000_4985	4a398a45f991efc8120bad0d1b813638573df0dcec279bec68980dac0894e3c5
t2t_L10000_4986	90520c4d3581a72be940d6b07a58be4fbfdcdcae019178bec4a25dbc598b10c2
t2t_L10000_4987	8e8a4f7d2064bb9f3065e5880d26c3f92a699de4df42ffc01f24fa2c7d168804
t2t_L10000_4988	5aee15f8b4cef21e752d97b5722657db5d9057d5511560b9ecba7236b1dfcf1d
t2t_L10000_4989	46bdbc7626a31ab3b88f9b57ac8262fba8cf12d0b191e71a8765e2bbc2f234f1
t2t_L10000_4990	991591ef26a9a4f634124c9dd16608b471366ea4ac29446241ed68e15003ad3d
t2t_L10000_4991	c8e69fe691b9094a5d46aacaeae4fb03ea97b73d5cc5edcca1e6e7aa7d848a3c
t2t_L10000_4992	2e5cbf636b1672e31868218976768885639b19a5f2db2fd5191cc193c4532536
t2t_L10000_4993	b5bf3bb4b2cb3a52616adedc6258429e2d683ae4ea78763471a958053062ce6b
t2t_L10000_4994	c0774f124ad1f1f3e95921b3a488326b8948bc3fa07b2b4e879987781283f67d
t2t_L10000_4995	b5cceb6714e1b9cb76a52e11df37aace26eca6b30b305e38147646e6ed40d299
t2t_L10000_4996	e023959227a121e6fc28afbef9013ac29445cee6a1b05add45e1019bac5edb56
t2t_L10000_4997	3f4c48809d6ec51cb3618adbbf31229ec5152cbffc480e3034263ae5e808ac96
t2t_L10000_4998	18cc62c1a13013615d672b9aa6d550fd59370a1980f80ed57a91d8e85f260a3f
t2t_L10000_4999	b7e65eaf7206c137957d58b75ec946e6e51414348d519b041dbceb2eaa553b9b
t2t_L10000_5000	63c1f2e1af1d2078156c240abe0b1e6f13242961ed914d55a734018a7b0fc8e5
t2t_L10000_5001	18ac00b15a44853e201da4f8996879346fa9d9e6a1b2f45c3018faf61724325d
t2t_L10000_5002	103f571d9088b79fdac65b852dc010dfbb313575a38b03270a360778aa6d6093
t2t_L10000_5003	49b2110d63e85c9cc09190dd95bc427d8d0562d2e1a93b81bd97b86ea1d4316d
t2t_L10000_5004	889d12cf7c18a0112cdf1e76fe1354c3392407a01b7ac621c42a094a5a2fd82f
t2t_L10000_5005	51d94ecc9cb273633caa934e0b93810125944f33cdd5e53aeb921aae7fee7195
t2t_L10000_5006	bc3385af0ac2db9b82a4f9d159140e82f83f38619b23c18fa08d0ad36f10d725
t2t_L10000_5007	f8eed6a00876254b0d7b11ba3f4e8bb23573a604616e81fbbf4ce7050253354c
t2t_L10000_5008	112992c90e74e4a074d886dc88ea12b0ac4502b3b93f8be7e60a20d39ab1b330
t2t_L10000_5009	4c9a08b640b76ca35099f3d64243d98c02cde63830efc4a64b84deb182e15ec7
t2t_L10000_5010	124b4cb5f0cad185fb6b9058c67a548e24a2f81fffc6e01905cddaa283786106
t2t_L10000_5011	e2abd12f838dcaf9921a075313fd6509372f8cfca7af40af92eaf0fd95486e5d
t2t_L10000_5012	c2ef0fa475015aea2e6ca3bda90b3034576525e2cb1c15fa32359e802cfec51e
t2t_L10000_5013	175f9515cc7667cd12a8cfd0a0302db7044576ce0f68feb33a54db2916307b9a
t2t_L10000_5014	ec78439cfb4ac64a0eeb0dc252b38815024b4e018155f3a7ad86b40eb1d7f447
t2t_L10000_5015	f56daa9eb2d7b9e51e4c6c653ef9f2cded7f6fdb1b617038690c859953768285
t2t_L10000_5016	c8b617cc470281b49f2bdb002a50b6544d8baeca232a10cb9e9eea696959d30a
t2t_L10000_5017	e3c89ba5e0001b10e6498c3364d93e113b26518bb73c32e88a2d4de60ad80e46
t2t_L10000_5018	d0a9ad64ca54f89c330baa222e7cf93e319dc04ff8663aa797c5c32bca9a1b28
t2t_L10000_5019	a66c710576f21d54048578c971252f140bcbc36a4b5da24efdc35207ed0c338e
t2t_L10000_5020	fe4713bd01dc9b40bec92c5a3c35ba4bbfa82cea66c2c7b085e671d307aac1c9
t2t_L10000_5021	81ee37a3318fe5a14e9a110043e2c3e1f78e48b20512f26045c5ab999ae5bc82
t2t_L10000_5022	bbec776a92a797681df389960be04f2844033494329f65a2b97f59ace91dad3a
t2t_L10000_5023	4182edbf7656907eda6f64e7529672b7f1427dfaf735e0888ab5e71b44a9bef5
t2t_L10000_5024	4ac5fe06979cc0f9ad9e01636a6eeebe79f50979cbc45ca353e06978b8dee7d4
t2t_L10000_5025	e4411d29feec9d3f5d83d7e70a0dbf1f064d32596a06bc39f1d2a377f2a89e5a
t2t_L10000_5026	8ee0c562b4edb7cc8211ac3ce65f46bba133a76a76f2449b83e443ac1030b14c
t2t_L10000_5027	b107afc53ab874b5720ad3dffddf37c6eba7ba43c5f4f8b23e08515e2e3d662c
t2t_L10000_5028	afab29756b3f79fca6e34f01b630bd4b213de6af69f8397deb10e1deaad0eedb
t2t_L10000_5029	310cd51ff09e485cfd642aba6e31a377a377725da89a428c9479aa628530d540
t2t_L10000_5030	74d02582a9976632be48ab41e3ea409738e56ade1a9a774d73122d2acc1884aa
t2t_L10000_5031	499ca133a440cdd4ff903bff90262604ea3c370adf18dd8764f781e7310b9758
t2t_L10000_5032	8752df44dfce10dc307481f52062f2d86f4bf03c39c5e9b396bfd1b7215c4826
t2t_L10000_5033	c72ab23445934968f91990146db1ea1334379b9e3001f57451a8cb648fd56e74
t2t_L10000_5034	714aeb935052872e8b464f14aaf2836131d190ea11851bee89d20b14370b9f62
t2t_L10000_5035	20c36ad5dd6caa9657ec1f345de4b35cba4e4ce7fe8aae20d7581051bb0256e1
t2t_L10000_5036	39e929fc04583adfc56bd099ddc126817a2ddac707f77c515f24c287578bab92
t2t_L10000_5037	f397218059abc0dc621b079a96dca9d9dd0a99a2992b4914534caa51928526ad
t2t_L10000_5038	8f2f897958c167c1c32532a5210dc4aeb2612ba0812b195df71c6deae7528f9a
t2t_L10000_5039	2e5b2e79f520983b68545d84d220dd2e650de0f381a1c1c11f5e7e3d234dc431
t2t_L10000_5040	736e44d2fd4140b1cc084a754b91d5cf37b466e653c7f6880909252d9a83f059
t2t_L10000_5041	2926356698ff1f076838051ed36d4d3de85bf472a484191ea34d194f6a4da216
t2t_L10000_5042	3135842384a59c6ffda103d9a4c0f36a3e54c10c9b5e3c18231fc3b27965b623
t2t_L10000_5043	27438bfd2ae4d7fe38502ada5fdd02d4bee8bbd0bab33cc7155d400f90ec85ac
t2t_L10000_5044	3bac5c7c6ee8e25faab89f5738d4167cad5e538b6621a853f171e310f7a048c3
t2t_L10000_5045	c11f00a10e54ff899aec8ce726296bf34980b77a537bfd5c800cf9a989abb98e
t2t_L10000_5046	a8b2cb7bf79369fa837956e84122f7694549b1662f137f3f287f0dc830215dc1
t2t_L10000_5047	0e49db061d4dfee6f5f82f9b9338732b62f0b6bf4698901ed184c3316ac9b688
t2t_L10000_5048	651d16f539be3f681fddef3f80b0a21f804d56ea51efdb572d8e680ac6863a4b
t2t_L10000_5049	c9335b42dc929a2bf72ca739418656cda0097ecef7f69cc8eb00ee66d11175e2
t2t_L10000_5050	9f1dea17e7d9828518cca90f7c2a10a186913eef16e8b7bc2befdbe1ce4a1cfa
t2t_L10000_5051	0d9d5deb60bcc153e32cb459b3b04fef6a4955acdce2e1165ae4d949fe2a430c
t2t_L10000_5052	894d10323690d244a5986db4a29bdf7776919c55f814dd2810882c7760454023
t2t_L10000_5053	95548b12a73fbf49f1db9c014f67eb02e4da563215af05bcc532cb5c71554bdc
t2t_L10000_5054	c38607125dac71893ba8a20b26e75a98d6be4beebb6c291b8a6de66bc64fa473
t2t_L10000_5055	09d3021e8ff6af10b0b6f715ed912e092676e2236f3bb102fc9540f3f32fc26f
t2t_L10000_5056	089d88369989eb147678cf73488d6bd7ca12b8cd7ffd096a53ab95083e250eda
t2t_L10000_5057	9ed01fff0fba253dc5fa1d0a2732e205fde58ea65faca5ffaab961426fc313da
t2t_L10000_5058	112dc581c0a36f6418bc7f474eda3379118613e5b19895f1251893bf9e0ba3bf
t2t_L10000_5059	83e87cbd8ccd85bf265b495dc596bc44b8bb6441ecf944f266e25670f62256d5
t2t_L10000_5060	71bc71e609413128cef2c5e0a172f7afac3eb1a47085b1b9c526f71f32df18c0
t2t_L10000_5061	dd512bd2141522aa57ac71e824f26185fd2515aed5800642eec9c50dfe013dff
t2t_L10000_5062	5b8f125635382b7211f3148545de1e997d298c41298faeebee060d96356d58f8
t2t_L10000_5063	c39515c0a76244c943fc559d8b69ba4ab51bf6a3f46a6bb815116e182be9b112
t2t_L10000_5064	316b1ebf8cd668c4d057034a86c85e9d8d5b88ba6b1e988f5cb62dd3a664767d
t2t_L10000_5065	548d6c92552374d4f397a657275fcc0fbbdb9800796371990198a152295f9fad
t2t_L10000_5066	6cd2cc12333f13a83086644e220fd0fb2de3762fd3d2fd2169c3c2fa438542a1
t2t_L10000_5067	a6cf7b0dcc689ccb052a2e3782ad8e96137ff48d023baaec793b1166a10448d3
t2t_L10000_5068	e49f64036ae02af3cc05bba5659af3d9a09efcd5d62ecdc1029ff589b0dbb615
t2t_L10000_5069	e2d0ab173afbe40ecb779d76a4cf95f5bbc5e94588d81a7fc0f2edf99a9e6b46
t2t_L10000_5070	6ca938dca883d1ea2444b709c108cce9dd59b10befe52f1fb7f06808c2d84345
t2t_L10000_5071	1af97e4017ce4f82c177a9dc9edd8253d82198386930652cd90a64a9bbe747ef
t2t_L10000_5072	09fcc79313087cc262668567dd40d04b5533bd79c36aa1b96a6bfff0b4f14e0c
t2t_L10000_5073	aaf3e36e230e52c82f404ffd598094568847a39846d13ed05f20950f7caef5f1
t2t_L10000_5074	41927764e3b2caa77d33ce48fbbc2e1f28edd7fc30f99206681a383d5373e22d
t2t_L10000_5075	0944995928ca7a254048c787d84123e05e746fdff9410ff3f7728f29a05edee6
t2t_L10000_5076	75b4a97080ab94fedf9b4f04b667f5121c7fef39d0b7fccb311d1da7235e5377
t2t_L10000_5077	8a390e671b4160076d0d5f43374e9481a309eb03a10417435573db9208b257f0
t2t_L10000_5078	819242edfe7d329b5477ff8a3e3334376aa0099da4ac43b08e65db691fb1e178
t2t_L10000_5079	e05f672a8e12a311d10fa1abb2cb413c998dbaa9dab8846f4ff54310cc5f36aa
t2t_L10000_5080	14c7ae05f2223433f149d4b2f921d33819edef8567528b18ee90ca0a836a51df
t2t_L10000_5081	6790c93a7d92e139a4ef7a80b83c9e31ba6651450f121680398fc92a7faa16a5
t2t_L10000_5082	ffaa371855ba4d05c3336ad6296f8b1966ca30b00809039142224f387946424f
t2t_L10000_5083	27c35901ea0acf9b87b7175d49b75565492b78f12d77aae23bf5b85569f015d9
t2t_L10000_5084	e04bb9e8e0c442e7290042b9b5be372afe50cb67325e18555ac0021ef94cbd81
t2t_L10000_5085	7fb776067f92ac7c8193f3943ddba6e9939f8c05cda75095d9f8918c9b4b9864
t2t_L10000_5086	efa82380f83af270de333bb6f4b72480bce9ebd0160f3baba20cef49f34ef91c
t2t_L10000_5087	9ab1de828148ff8c77f61900e780503cb70542b8ec91adfc837469ca2d98c8fc
t2t_L10000_5088	69f057f17accabeef39d4426d5fe5d595863570604757984e45d78d2eee482a4
t2t_L10000_5089	15ac1168898982cf2ece928045f0320c56ebae8f7f30a64a2edb31d589ed06df
t2t_L10000_5090	f558c89be45eb169fdf083c037d1b293b09f00b9ffe154a43b0c324040791228
t2t_L10000_5091	453af846f38c86c665e7a224082fb995832fb279c453ea88f384e0059110d4ca
t2t_L10000_5092	8e9aa33543ca389976301630304c98518699a54b46aef8a624de2bbe987b0f36
t2t_L10000_5093	3884e6cb147ac3b69f238b860372da13f37aba23e9ef25826e12c6cc84726917
t2t_L10000_5094	172e46208a3b02adc4d0d423e5a1c5f00cf1f2c32db25430f5adfbb588e9d58d
t2t_L10000_5095	a5ef05aa94a05e697511c8635112523d70974bf05bcb1720d0e2fe7d3ee73585
t2t_L10000_5096	a2cc3e77db62b540df27007a053fbb4e5944a9408f4c2703f70eedd8ec7b00ab
t2t_L10000_5097	ff580b862cfdea1ffefebae3a7d869074fd4cf8b85c24634723e0da97579c5d3
t2t_L10000_5098	cd664e5bf3072e43d6d360925164d6ad99b9d650aa48a043458f251e0e9ef5b8
t2t_L10000_5099	a461ed1ac7cc73e8cdd7c373b8d6086c615966dccafd435e08675f6340fe0fdf
t2t_L10000_5100	e2f59d6839a66c6b4bcdfdb23ac82b13d1d03bebb2d010c788d9eca654076848
t2t_L10000_5101	8f80ad73e7fd86ba106c7aa966ebe3a2b0f41ee1d3258750c46cade52d0e939a
t2t_L10000_5102	33f13963cb6d02bd37ac2459ad5d8454b374fadf5a31802f04fa0faa2c742e86
t2t_L10000_5103	81258e82079ed6de75b2f296cd7195d1a0e6867a00a3c68ff90a84df49ecc582
t2t_L10000_5104	8b7595d3c1077ecf347edd31e37ca150eb2efb8b1d7191311523ad9811698d1e
t2t_L10000_5105	7e5419d080e9b420cff882dc8f3b73953a34d3e78cb333bdb5d03b2973a9958f
t2t_L10000_5106	e32deb986bba33f9d63f1dd558512f1bdc32df0fc177de5d55322348a6a15188
t2t_L10000_5107	d468392d579baa41e30889f580d7bdc38de38adf968993667d4306820354b68a
t2t_L10000_5108	bdcb2846abe214dc656bc94e9308b96b1859b1763693864fc0f61293a840c79c
t2t_L10000_5109	c0cd3039c77584af69c0f0f11d86ea6c13948ca5557b76b127b217fa103ed0b0
t2t_L10000_5110	461a83f318d7790d440537ac76877fbd70b6d7a35ed752b5c68e0af3e9d2c14d
t2t_L10000_5111	e8894961c454d880218c4524f1a051083f16baa2462b06e19ab0a0444c0b3021
t2t_L10000_5112	280f57fd94cb73b5972135232402fa0d3e42e35b621c3a50829da874122154ed
t2t_L10000_5113	c18b25c86bf031de5a2b6cde27c89bb1876cf4c633cc657c2357f549add6f7ea
t2t_L10000_5114	5ca2c5db4f7b4fa343e74656264509f8b4d733e9972fa9f340c11c9cf4f2422a
t2t_L10000_5115	7fad409d328dc721df67c4d5280b9eac4b24383ce518db0619d5d61aff3ee7e6
t2t_L10000_5116	8ce5e913e50bc174298e9d14388ea6a069a3e7099f7bfdb54cc27a33a1a62879
t2t_L10000_5117	dc196b63ca1969f936f98fef58c959d2ee1302c07f8f172b15b5141d4fb690c9
t2t_L10000_5118	1b349c510a01512c2eba1a2c984a266179bba0cda0c1741e7f28210d1c891f82
t2t_L10000_5119	8f952a3d8bef55de85200546bd169ba4e96af97f5ce0a05c175ca76118609739
t2t_L10000_5120	b028879e32dc22a838bac5f810b8fcb9375f3d19d76280421e01ee2d4bb6dc04
t2t_L10000_5121	011438e93f41bab099fddd81035a9153328f7f02295982781e8a716f3eb1476a
t2t_L10000_5122	a63bba56260adcf60aff63163a6461c7c493a0c64b6c2094475dbefa566d42ff
t2t_L10000_5123	4eb9688d82fce65463a2bc18775180f3ce49f6cab60be1f3929310648fd50d9c
t2t_L10000_5124	66cd471d3f6b2e1c0fe60f734215b06db9896473f080fdf512e2c93561319eb4
t2t_L10000_5125	b7de5a931d7da65b121b0358de64880e3c158aeb8d124ea4a7aa53843cfe55e4
t2t_L10000_5126	0361afbc6c9867d6b1e2441a6abe990d11ba55db185050304dc66d40fef32446
t2t_L10000_5127	4b611c84db3158be58eee8452992b1aa3fbf01e99773b6bf45b724c0cb6bae49
t2t_L10000_5128	70e5fcdba2f260d488a108e35fbfd0755afba35c7a774d4b6bb2ad93902497c2
t2t_L10000_5129	1edac0a374d2d7b4a30e81cbfe11acaa381155d04a4b87c2fd47e10685014c26
t2t_L10000_5130	04d4175b4a0c3ed53316fec6e0ea4b1088e20ec5fcaea549158922837b2503e8
t2t_L10000_5131	e766681c900ad6e85527a8c6ca243d7fd58b6e3bbfabfe284e5e21a07a686302
t2t_L10000_5132	08e2889a6136eb94aedb79620064b63b90a6c059bca5e9b66c36476d73a8bfba
t2t_L10000_5133	47b3c9bafd0f1e4f36e6ca684e082fa2981502e7a12ac14238b1c361e1adeea2
t2t_L10000_5134	eb279a0799768be54b55deb3af7fa61f8dc5a83c740da8c9b061c380ec700667
t2t_L10000_5135	b6629b23a8cf0e96a1371014219fccca66d12c2c05055abd6a904e85e2f7ee33
t2t_L10000_5136	d5fba679648950094e41372940cffd88e3cdc6117daaf96916a8a387c1814e9f
t2t_L10000_5137	ec77031f19d61db3c7031eeb6efef57c83aae191ead8cd5d6e1dc3574b82cf89
t2t_L10000_5138	98ee49aef2261abaac1a58659982fff1743704a37be31500e85229a817b9ed0b
t2t_L10000_5139	01c3b5799feffb52adc7b37a4066bb9425302cfa90ec643482242145d8e6d089
t2t_L10000_5140	10ad7d82eb71a60f8523a499a837c1dc2693dd6f355c77deaac9e3e8d9e6b742
t2t_L10000_5141	d907d7990852f3a11306072eb0648a791b2de751e49a42b7a33f34fdb9331763
t2t_L10000_5142	3dfb01980f2ff6d5fe342df92c2f2e7be0c0f39fe9aa417844cc36c5e851d32f
t2t_L10000_5143	64ddca4d605382794a3e36a95730c5d1672c7431d03d2b2a564cd82934bc5a41
t2t_L10000_5144	ce38dcbdc7e006de91b6fe614f71c3f053aafefff8eeaf5881aa690f31f071e6
t2t_L10000_5145	04aa713c09a0765324c5db08765ef171f63ae50e1d298f75a75cc7927553ef4f
t2t_L10000_5146	7f36d14addbe87ccb977e129466adcc919ae2dfd716ccad80b3cb94871f016c2
t2t_L10000_5147	f1b6dc90452e13887df0584da0b7235b663295667c1df2cc7534fc8b61c09a20
t2t_L10000_5148	2d830a846de4840bb32119bb0ba4539465bd6a4f614b016e4d0de18337627087
t2t_L10000_5149	dac2a17899c11831911aea8215a184906df7c54c373ddb2ade7ede8061c6dc9c
t2t_L10000_5150	89c0de67e358d962cea24e1ed481426a894a96245d1046ff8aebbf49fe0f666f
t2t_L10000_5151	5a5b22f3be3445391ba1e80ecad8a7de070254daae7ffd9a4ec90587ccde5806
t2t_L10000_5152	bc944a990cc5ea5323a8afb258ff06ff105aae394b9c005267f7a45d5d2c2459
t2t_L10000_5153	0d7c6a6ee2d2970f28eaa3938a3c563034ed0b321aeb46964a4f4a26d7f25a6f
t2t_L10000_5154	880df4a77909713b2b1e21401e34b74d1e0f7697381248ccf42b7774941dd6b2
t2t_L10000_5155	54917854edb5952335c7a933484a7cd8798b99047a0671df528137680b099621
t2t_L10000_5156	ed3a5531912fe7cb7dc69167dea968905b9014562b86479205c15544d2b93c26
t2t_L10000_5157	f944c495097b6f4416bda16ec041c53c2c3b9203cb9c4c7a5d8efef8e1f2b402
t2t_L10000_5158	b6aedb285fac825c224cd26da4ecd229eb99dcf151b0e26388a1812d263cf046
t2t_L10000_5159	96f9a2b93f36eb45d3941b36e56848c162e94281d2d806699f768b65b0246617
t2t_L10000_5160	0c0beb33732f1636c901fa8070aa136d7cf1e5abea7cf1ef07159ea4652f2f90
t2t_L10000_5161	75acb972a22a31158c56497e198cd5dd4c7f0ac000a82840ba450efb3d92e623
t2t_L10000_5162	89a39c4a7dace3620f7d5f011cf4475f49f68da0b56725e127127a86eadf701e
t2t_L10000_5163	65b01d7522e05be5bb85d4e106a366f4eb9bc4feb061bc1a5ebb16fed8f943a7
t2t_L10000_5164	e2ba7bf7a77685cb94920cf1a143b5197cb65c13f787a0e72cfebee007c71bbe
t2t_L10000_5165	51094b9d55e22740fed1895129c1fac6abda557df5ce6ba0c1a617b284c7d585
t2t_L10000_5166	b4d482788e7fcca23b7c2accec687faafeb26441ef083ad0e11171ee6345bf10
t2t_L10000_5167	a35130ad14b22df22d3ec12ae5728a60a82fe52c37fce1888f49303f5edf69dc
t2t_L10000_5168	f1d0884ba23818bf8a85635e71aea351808990ea3b1f4cdc0ac4199cfee7017f
t2t_L10000_5169	ba7392ea43c9b13a47d4912c52a6a652e3806f41775d3c3cf282f3d2087cf1d0
t2t_L10000_5170	1434bce209085f3b573f477b86e6875e67d68e44fcb31f841b4bb3fca7d7f7f5
t2t_L10000_5171	31910a39be8932b9e11c33074eb0c68a7bc22984d108754214373379f2553022
t2t_L10000_5172	24f09c80e0134123c16aa7b34296f0a0a386a17910e97061c463ed05ceb68062
t2t_L10000_5173	12520b9654bdfb779578025933fca950b0dd175b416121750414cd3d89a54216
t2t_L10000_5174	9c840b61d8996703beb9a29fcfa3c8b171ff6095f22538df2a72cc30e6f198af
t2t_L10000_5175	d5be2ae01952b126977bc44746977e146cc2cfe03d1a96bfd09ec9fc49e6e216
t2t_L10000_5176	c9d92652b3d69d0f7bb41ec6bf3592a51299cd4e6355513f3324ed10c2d57856
t2t_L10000_5177	78f33f830dc475eb1cf61b979326a8e089b6662e74c6b1a50abf1ea51a90f4f6
t2t_L10000_5178	bfd2c2d86fe585d057367bd88cca2033b279ff369bf6d7360e8d655871ae2023
t2t_L10000_5179	cf76396d2f34598ca400beace12316c5222af4898a4fd23c4b8a66fd1c953e8d
t2t_L10000_5180	1d8427586fedf4791c0d9a41df77a7499940cd6a80a521c0f61fa87c5724246d
t2t_L10000_5181	45d92ec6ca2174e77fcbc11bf4c3f9323b00c77673a3345676398159d8130347
t2t_L10000_5182	a3349982e5a238de5f776cbfeff72986097598fc27aae88cf86a67746f622b71
t2t_L10000_5183	144b1a1b5dbca1d8d92fbd0de663069cdd47a6a82ec7e3d9460008c9c83a1f71
t2t_L10000_5184	606b435ac47f8eae8203e49f92479215a79aa22c404307112b2bb4b48cfd71a8
t2t_L10000_5185	6761187b0cac195cd8d4247750f1ec1e261281f13ef1ffd47d27ac8aafe59c62
t2t_L10000_5186	439c182fbda1af3de35e2e781022c8b2367fec662c20471f72135d7e68b2a364
t2t_L10000_5187	e63dbc561f540b3e0a0de147ab82c1b49f80755b5753f4e0e1851b3426873818
t2t_L10000_5188	55ecaa6c187d25caa969813b1340033822f63317b4931d73f00cedc87746a617
t2t_L10000_5189	c35e6523b65a64f464259f78fb7a48cbde336b734c20973b11fbec47cc4b17ce
t2t_L10000_5190	8dac36af659f7d5f3ad9604c4b0fdfe5fcadda01cf396b719d95c0f3747fd3a8
t2t_L10000_5191	3218661f863722a6f11cfbc5d21892dc8fc3f7843c65c0ee310749efa393b2da
t2t_L10000_5192	0f378e528c476eb7db0db4e259da2ffa8f5c59f195d004966fd33d98ef3f62cf
t2t_L10000_5193	068b62e0aa1e7d260a30c099c2f10fe772360ecc5f648cdbc5edfae66481a785
t2t_L10000_5194	f2d73ce26884773255c180b140ce59f017b0bebf721e5de3f549daa0020526b5
t2t_L10000_5195	47d76e10935101e5d20bb9e3ea20fad4b58723503a8367bdf4742ba4a5cb4537
t2t_L10000_5196	7abf2e130e56a9d5a4967e4489358c773f732a6bbfb4cbc48ab6513d0db1748d
t2t_L10000_5197	8b6f322a9efa448a16ee4f0495fbc9b705d7f33a3b41d51316d6a6d8ead1b586
t2t_L10000_5198	2f2f3493d5d4234ae934e54772501867a844b959ad0084fc42187994106882c2
t2t_L10000_5199	c5729febf72e76105d8099eddc29c2e0fea1a769ab9d2c4f5f524ca88b3d548e
t2t_L10000_5200	8bd0f95cf6abc2a656c4cc7f468bb1dbbcb9e7c527f4c854917f57c961c46fe8
t2t_L10000_5201	f8bfb64a3881336d23463390e1caf69510ddf6071264dff6a88f89e968510b9f
t2t_L10000_5202	aba71d73f0ba66509c4b5f74b339fd25e55783f7321211bb602461718f5b5882
t2t_L10000_5203	5b9970b8156461466a9d02d8ebfbde261e53c0689570e592b72b3b2921331ae3
t2t_L10000_5204	9274242652c9678657af7704e88ee421525097e1b56b9f7f5749a831d83eefb2
t2t_L10000_5205	d55f2a5492715053b1404b30c2655010351191b3bd23048c4bbb854f1d0e5c53
t2t_L10000_5206	c6f78485f26316b6ecb689c7de6e3d804e57f54d1b00ff42152dae58402176cf
t2t_L10000_5207	88b43aff2a2a20ef0a093d5c52a4d50b6cc68172b4558387ed5616d97f96f0ed
t2t_L10000_5208	ad78469569b254a65f57afdd30ff220b60a07656e5b731860a896f153e7730fe
t2t_L10000_5209	4371e1c23bb4836cbcac4d47f433ee2090730c592c89aa81aba600a0ad8e8a46
t2t_L10000_5210	af3ee4a6021684b592c31d5b3504ae63b763cd88fb74387ae2253ea5ff9a1559
t2t_L10000_5211	b3b9c5aceb5e2eab8e32acfbcc3857f937c706678969c116f8a9ce713dbdd4c3
t2t_L10000_5212	2f8ea1e52493c379e0378f6840f6662614b1efc68f42055680a82c9e7dc18b06
t2t_L10000_5213	7ff5ba377bba6580bf47994885cf75607afd7606ac5c4422c00543555dd563ef
t2t_L10000_5214	377397c313a4257a9f6df56e13006d13db4784053fec42a49dc5e9e1bc4ff20d
t2t_L10000_5215	003ac9950809404732b0bc71686ab6f5b206bf7ccfd48b5d6adb90f502200607
t2t_L10000_5216	5d304c9f66aea88bfd77e6dfdbd19124ee2b46c7eee48d092de418120a590f16
t2t_L10000_5217	71ea87dc4e8e25e2114841d16a00b1e9c273e937f934205aa109e389b1910dc6
t2t_L10000_5218	914106c8d359fc79c1c5fda6b0f51bb254e94c4b6100ce92ada293619fcdabb0
t2t_L10000_5219	e3f74836ef113e39be82ae29291d7e3263c05e933d81995d226bcf6563813d4b
t2t_L10000_5220	7d8883deea82229eb838dc3f41b07f3e94772bd396a414c964095ce910f640d0
t2t_L10000_5221	caffc720f00593d39c4304323a20729cb914b5b661a4be4a368648ca9e23344e
t2t_L10000_5222	18583f73b807123ba3c8bf9ca561c49446d2e8da7d7a309b705b2870573bc064
t2t_L10000_5223	411ce968f5fd0c6bc726d41940748fe899ac84c97c46b407d4df0e86328bb46c
t2t_L10000_5224	5ce61c143009a4023c5fb339e48f0f63199bfe462f76eb581048f0c2053ed74d
t2t_L10000_5225	8803263c38db183d009bc8125b98fa42a29b24f6d0d83477e366a04c824b557a
t2t_L10000_5226	3eee77f8ad0cca0927b412052fd464a55e7afc978a12460c12d759537a4229a6
t2t_L10000_5227	1d4d16f31cdc6e17cdb05966dc17fb8ba596550abd946346fae6d00e38ace629
t2t_L10000_5228	66a856424498ff670c10f6448eeea5ed453a0cc43c796cd98633ed175c7a95c1
t2t_L10000_5229	96be765c20e20397b32d61c59bef23cd61e7f7d465abd3710b22fba622906f69
t2t_L10000_5230	6e5be603ea25868df482182a4fb53845b3e0ebcc3ebe1d999ccaf94185f03623
t2t_L10000_5231	6930cb084092c535e68b7334a0ae8d23ae9159d6f59622f6aeb14407cf96235c
t2t_L10000_5232	67629022751d44a0525d1cdfd6edccd8859a02adbc1350693f65ff2cbee5b9fd
t2t_L10000_5233	19598f63f775ac2e8e1f58d47c8f8a8d2dec7db39858cadc2fa0ac66904f0af3
t2t_L10000_5234	07a3f9dfa1534e9aa960d265021b50a053aec7be941dbf07fe7302d69468902f
t2t_L10000_5235	1594530fd26b3e8e800ff0c8762b8c4c0a5cdd514b6f61cc94b1a0084b20bf4b
t2t_L10000_5236	c5f74f77605d5509b9168e128810e944808da5d617c60307d5d2d165bfe12d80
t2t_L10000_5237	d7e6b6fad331c08351934f5830e15bd3f0e7810fbb3b9b223e54c1bd1ac02fc6
t2t_L10000_5238	49fff95637b018614bd29b4667647fd7a589269154ece935bec62a467503fbb1
t2t_L10000_5239	b34258b3603ef14fe5846dbcfffe67a3ddb9d5ae5d45c5269cd4881a415b2eaf
t2t_L10000_5240	f8a63e237e04d0f783beb58df500e0a1f627e60bf31a445e486119300552c5d0
t2t_L10000_5241	8815b8b2a0fa5ef325b1434ed7380ae95cd18cf312fe78deedab5e6348889723
t2t_L10000_5242	dc98bd4408bf79fd6507588cab305972dcca17493aa7f7e168f87860748960b4
t2t_L10000_5243	559179df6c56edc4fff8b5ffa0f6334b1a5817abc70474682374b438b54a7040
t2t_L10000_5244	26d19dccea1ea6af589c3bcff4c19ff0a8e3282f958d7240d1635ca21ee9d6f1
t2t_L10000_5245	20b2601a3ea8f4c02886b6db94fcb612bce56bc31a1b683e0a7af5f7766fcdd8
t2t_L10000_5246	e7f0ce3ced5eedca637fa7b14e6992e9edb9e1ad6bbb603a10ca685ad119b885
t2t_L10000_5247	4178e610d32931953e9a603cd7a7d04dc841a71948c9d290b2a722b6d3a3c7ae
t2t_L10000_5248	3b111bfa85bbe0216c56b8617003368d60ee69f9af881034b41f88ef720f9036
t2t_L10000_5249	abb6eb08301853fb2cd8138750fd04503f51f9f09b22992ff3c966c5b6e476f0
t2t_L10000_5250	1fbc739610ccfbb75da1bc76d809797e061bd0957536cc25ccaf0dcb1d4fe2e0
t2t_L10000_5251	e4808d7600a6e42981ed677f2aad265a7679f1f52908abd9dc73f30209da473c
t2t_L10000_5252	67bd114ac1eb71700bd7ec5a865e651b251c8d164c29dc446a63bf76d1c8ec73
t2t_L10000_5253	edfb746fa4ccc91127916cf772d70338a0f6ca82375477c94a794ad60050157f
t2t_L10000_5254	47d1bc0c6f078d7609bd44b3428a377ab3ded87d33e2451942e23dc528ed70d4
t2t_L10000_5255	373de14e6ed283628f48f836d891091b06abd5fcdeff3c4cc0c2a4d33aa558f5
t2t_L10000_5256	4cb3ae6738f8fb7b4d36a095f83360beb52829334fadcc07f8220c7363f1de7f
t2t_L10000_5257	2c022bbfd0618b2dc9a6208fcacf49b877eb6dacc280ac3c1fb019104e9b6b8d
t2t_L10000_5258	6afc2c282aadba247fff88623f4627b8c7f488ada4c3f1f03d52b7b036912fcf
t2t_L10000_5259	3df1989fdb31ad9976347e957d3993faf6b0d12208c4f73da82beb698da744e9
t2t_L10000_5260	4f9ba43f893ed2742d31290dea0a1b1126cef41a8dd43c19341d6abf643bd7ee
t2t_L10000_5261	6f6d74358fb523731c5c41999d5ed0067c81487a4b78b109c5d70f753caf059b
t2t_L10000_5262	36edae2a86124b239a42b09eab202e8773081696ba90ca07a39d53c002600af4
t2t_L10000_5263	bf7bde44098cc45e7c9fc1b949c73c0a466c18ba0bbad1997c8a52ce5e3b7b86
t2t_L10000_5264	7278c4c914a9e5238d6e36b0c01eaafd8a15aa35ef1a8474fe595fde9aaaf566
t2t_L10000_5265	ec740461c78f028d451e3036df7932ffe3a685c7a58d6319c4c4d479f1154b6a
t2t_L10000_5266	385162dda6353fb200b0a50209da63c50b86505e98d31d143d52c714ef83b16e
t2t_L10000_5267	2f6e1fadc7881310f3b4289a0b859bf36398b406515dbbd97608607209582668
t2t_L10000_5268	66effb05c8dc631f7733b3d7ac4b3898aa0cf841581323cc5f55b5904a3c6391
t2t_L10000_5269	80dd4343ce6fc319fe90ad5af72c67aa4bb07933d8d5095fd10aea72552f80ce
t2t_L10000_5270	0d9ef2924371ca149620662caa62b9d86440d15bbfadebfc1cb4454ef98f0f4f
t2t_L10000_5271	42e24ad040ee7b40079951170b50e3ff374184a8bc8e4e24f2c9c4652a5f1ec4
t2t_L10000_5272	8553bc80bca6bb8535b1c20fbcbb968e785b82a373255a6ccdf9b91d3fa353f7
t2t_L10000_5273	1008ffaafaa4e6fb8d253a22320c417dc1cb010a51364cad97b441feb03aebd8
t2t_L10000_5274	4329196405dfd04f495f6d01afd4318a16f4fd7937dc976b28409c75a6d4f721
t2t_L10000_5275	6b4489a52ecff48b5766cfa736fd021d5777381b57f7e25ec82a22534d9c4df9
t2t_L10000_5276	6ce63fd48f98ae6fef015e9292e92fce756efb8579de9fe124a8a2182ed1d688
t2t_L10000_5277	c47f826779860c751533d536463369a461a5750918cd6e5cc2f67699ac395614
t2t_L10000_5278	bb61f6f0f60ce64442fd706c3f2a58206d124f997ec5294d5b25dbe2d52783aa
t2t_L10000_5279	78ffd228f4ab6c5a36ee190ef2f8abdedd3a12cc6d6dd9a4317aaf45e80b857b
t2t_L10000_5280	866b4fb356fbb55a94c9d119fddd562ea076b246d0404d60c47888c43070e820
t2t_L10000_5281	79092e2520887dc6b84a054925a432a5f92c611df2f4b1da49bb4f651d7cc8d4
t2t_L10000_5282	abfc48b04b6e3d3b77b8c21d1facf93bc67351d92cb61b85d09551c58e1eb923
t2t_L10000_5283	f274a15576dcecf6633bbcda3f3f317ec96c3be202eab442f21a5c5eead8545c
t2t_L10000_5284	b545dd1dc23f264f1379aa62de70297db3148763f28f93f5daab8b6386b50f49
t2t_L10000_5285	e6aeaa5b63caeacf57923755b14908164087ed47823393a8a89124b6c03ed15f
t2t_L10000_5286	40e2a50cd60cc5782f27c7cbeac5b24fd445d3d2b65594f855957ee0a1cf169c
t2t_L10000_5287	fb5050c27a275cb5f42dd4ba75d51ec626d5d40d6023e954d61e751fd825b8bc
t2t_L10000_5288	d7fbc33c3e9388ae22040adda4f7869899d42bc9ad5832f47e26f983fd78434a
t2t_L10000_5289	e9f0e184288b7a5f476c89664731681d6c805a0cd2c970f2c56345b90a3db435
t2t_L10000_5290	e7c039eb42d6aea2610281f34f74a4baf0d180f540189f546e7f87797da87357
t2t_L10000_5291	be336e4d43865febb14e055879cfa48a79040fd9ba2e23a2adf967b3501bc648
t2t_L10000_5292	340cc278f239b8b498f02847b817aecdda542a9549e4f3461ac9a7d2bf675974
t2t_L10000_5293	7aa1175b097e9fd803f19ab0cf9df2a53fb702e77c7b6e83e42d432f4c49fbc2
t2t_L10000_5294	e2d7cbf7bbcf667017ed99505bc2a028c47171207fb4385e5a80da626a2aa0f6
t2t_L10000_5295	ce2c1360afe0564b8db357c14a00cfa8c6eee1a61b1dee70fed084640d8377ac
t2t_L10000_5296	91d190e14a46f801732efc04f818ca397fa791907a1184c665537ee318efef78
t2t_L10000_5297	0a52d75fe1991829e6231cb6f22413a8555ccac318406e8db3be86162b0f8053
t2t_L10000_5298	4135dfca4398034eeb3539a5cb49edcd5c71c02e0ad15c6236b8f0a5196098e3
t2t_L10000_5299	193f8d8640a54e5d4a0c1acebdc86b2266096854ff6d09578acde1c4fee093a0
t2t_L10000_5300	8c12534d92e6cbd2930745e935f5c5978ae82e80b4009968a05454f259fa7b30
t2t_L10000_5301	d4f5af0161d6333ffc0f4b5add544030f3430d54173de663e4eaa2a755e706ea
t2t_L10000_5302	7e2b6706cc7044ec168e953bae6677dd2df7527f4f8b5434635be4fd9241bd78
t2t_L10000_5303	09db39c67c9d0f145a226d417a11f5658f9de1b5610b2e7176cca4154cc7dc20
t2t_L10000_5304	844e4cb5ac8acd164b93608e35273f67c175a6eebe3aea68158a8bbc8d6e3cfe
t2t_L10000_5305	72e064e9cb37cec58e8cea10a609eb3bdfe83e4b949834066578e0664c864e0c
t2t_L10000_5306	49c445e60ca75dbf6ac0013731d2039a56f83aadb6f00680ba0c9a54dcd2d27b
t2t_L10000_5307	986d9eb5642d405bb3cd7dfdcb9ac2b5e73a06d354b0bdfab525b6fe94a3a598
t2t_L10000_5308	c572d22ef38d14fa88275a03e2278754548d332a8bdb4f0d140d376923d95598
t2t_L10000_5309	fe4f1f36dd56898347b2f5161b967e0db41d62f1b73f9f991858c729c693400e
t2t_L10000_5310	a4fbeb2df88e8a6605b5131d265cd2d11cded9369548f528e0cdd727c088533a
t2t_L10000_5311	046a3d038f0ebc87641b7ff4a10f29dd9c54584e893606bd46d9be521b1ef67a
t2t_L10000_5312	0b69cf3fdebe6a10908af98392149d9bfe85c02ccf34fb2f39447e15c78cf2b8
t2t_L10000_5313	4746755fe36897865262bff3ebd7beab16202293328314acdba8177fd59c9108
t2t_L10000_5314	d5388df00c6d9e64b164785a1ed03143702b9168947308b6d7f77c558ed23a3c
t2t_L10000_5315	986405bb298fe70f2294d773156e20316be00ab828017f8b5840eac5838f7a71
t2t_L10000_5316	4d811b6f0bbc9d5ee65aaebc273bc624fe34c1db04c207e8bc2a410daa768feb
t2t_L10000_5317	ebc1008f6cc3e817fd4aee52a6f2a6e1ff6a4341c2bf992772ea155fd779a5c1
t2t_L10000_5318	1cf5459bbda50cb1a97ee997d1d879b350ae8afc5308e17c0976c4a9e3d1df3b
t2t_L10000_5319	f60b6202d57b0cd2c8d3cfadba52c5950cb52f25343f82012d6f2b5aae3df6e7
t2t_L10000_5320	e3574f4b816015f4344b84014b790fb4edbe9a9022331495825bd5b02a92eb33
t2t_L10000_5321	a978e054c8d63bc65cdd6e3edd62219bd779b60646450deb1e4bf65cf15cc836
t2t_L10000_5322	2299ade091b0459032dc3b0b88b7b5f8c0437849438892198bbd5fee6986fc83
t2t_L10000_5323	397a5b5b8768c3531faf6fa3535d266b4b61ba79dcc2f917999f1aa213a25940
t2t_L10000_5324	edac3e72326dd4b9ca0dbd48b31055536131ac2aeb3944a251c91046880db82e
t2t_L10000_5325	a07c45a24dbd9f897aefda2fbffa7b80bae9706cc91f5599115d7262d5b9344c
t2t_L10000_5326	f6513e958e520681cad3223daa2508cf0efb295e50666f5c2c4f1d06671b4d49
t2t_L10000_5327	767107091ce119fd917f94677f3f48d82ab442da2c5b936abc1502a018c281a2
t2t_L10000_5328	eec1eaa4c3ac88bb7c62502c7e333c3ba38b87330f79cac428830b4107be43b6
t2t_L10000_5329	f60244df465d18cb8df9f5354295bdbcc2a60542bb5948e793aa52dbec593a03
t2t_L10000_5330	ff074c4fd626101dec7921f63d58b57c14b5b2c50dbbade6adbdeb9e8c5a1ca3
t2t_L10000_5331	74a0af05f6e02290d0b7fe7453b5d9d1e2d9367667f52e3b522a78250ee64e87
t2t_L10000_5332	097f45e4746f3cc4e2380380a5876221ad9fc19c3bb0250703f6bda088ab6e8a
t2t_L10000_5333	5ad8a547b42aa8293d73cd8b8b1a4a18a30f82ba7c202354da855d76ec41aaf7
t2t_L10000_5334	7cae4a0430c4681deb1d69aa4ad15138818dfc753c09c38e95afda2825c5358d
t2t_L10000_5335	fe77e5993644a7aa5b61474d4a6c0b649d4dcc366f181ae030deebce91d385a9
t2t_L10000_5336	441c09dec2b16e4e2b23c207a4456da3e57661518f02b65665f913a291f5d92d
t2t_L10000_5337	8eaa408b732073be167f72c9af5e63ae373088f3095c4378404c309b77e6142e
t2t_L10000_5338	a43ea3173d4325bfc6d70680b1e0120e7f56a642c393f066fe9be4ec809a9415
t2t_L10000_5339	59dc7c5679edbc84f0bd350672be0ab2a315235aa376b7b2bc53aea932e58e55
t2t_L10000_5340	9ba6145999ee41c160fbafac822fd9ae1ae5705043a4cec36ff1c1b8e51a9452
t2t_L10000_5341	3d720934533bb343a6b285a6032e131900b310e4289d81e61018efd6ccd3eadd
t2t_L10000_5342	86319912c419b1f8d11a9f049cbdf9b257735ef9ecd22513cbc12c0746c97ebb
t2t_L10000_5343	21f68fd8b5051daade7c72b08909d5d010755a64310c0b86b28a744605c9259f
t2t_L10000_5344	6808bc3a30196005e80d44ad700484813abc8be57cc7fb0fa1b1de6087515300
t2t_L10000_5345	f058eb4cf1bc82279e272df7639059b123772ab5aebaaa5e157176c992cfe340
t2t_L10000_5346	7cdc5743a6615ea1adbbe779a02f25c5a2c6c5187309c829004d5512d35334f2
t2t_L10000_5347	9fb92dc310842f3e6b27b26421a20f759471c080393bf71e79541cc52f58fdfb
t2t_L10000_5348	c3a1912f740fcd5ef0d3c9271ebd48cb61aef7b86b3e2ca30889d1b07c6979b0
t2t_L10000_5349	e2759c7f22beadb7ad676ae821ed2045d7b84328300758b6788359f9539cfddf
t2t_L10000_5350	07813a37e67643d5e478c52f995ba5ad9b480e9afe852bbe52796e8294e2267c
t2t_L10000_5351	94ef59cff3954cc2663b47a79104982fa7bb2cde225ed8f93fe17c82e0f26803
t2t_L10000_5352	aa4dadf1c5cac186a8bcb4f5cc55e64ec62946570f382d7490064e8420066ed2
t2t_L10000_5353	a0e1c33cddf6fad45d4a58aa26c1d81c80a8b249545d33d3c331886a5886b1b1
t2t_L10000_5354	0513a70ff20b167063032a0edaea2b1d0d011723450f91247d13948e32f25f61
t2t_L10000_5355	cd8e289685dca21181e2d6de040d6dc26b3cf3c9f49956efebe617279bd37813
t2t_L10000_5356	453f54612a2bbd0cea523c40d325860e45b99c514e0c3cf0af5d9fc932be6a59
t2t_L10000_5357	990702cffa789a7d4f086b65c1d08a6b564c895e02c7292c1fe1826a029f12bc
t2t_L10000_5358	a41910ac76b4a529aecd9595cc8a60b1083df241e29edab8e099605057db86a6
t2t_L10000_5359	f4b5c4d5b1905eae27e300a8087fbc6b42d31e25d6336e669d1396d0ad15f15e
t2t_L10000_5360	2f3a78422a4f910c2b19d60afacd28f8535e42bc9ce0cbbb75e5ad25a9a5ea2c
t2t_L10000_5361	8636f3fd5a214cf0e7d726f6b840d2722f9baab9d891ef4f07cd92d300ef22a2
t2t_L10000_5362	cfaaa2765500fde3d8fbac7c3af57459a29943b7bebd4606215ff98345edb2b5
t2t_L10000_5363	285e719f9f5595148c7b91c3422817d7b48100c654225b0945e1514c78a595a3
t2t_L10000_5364	ac8c15cf5aa64db817902624695c8c927611c02fcc9f0a0431b53497354d5dfe
t2t_L10000_5365	7f10631af9734f8d5803a36b9c7aaf9fa89c250fb602d2519516171892d8ba04
t2t_L10000_5366	465c28486138ff5de3706139a03c535e80f7ed26bb0a0029f7d91313cf50df41
t2t_L10000_5367	67ff80ef4da3b79664937a25b39d88007df2c4f11840c1ee63588bdc741e80e1
t2t_L10000_5368	9404c4ceb73e184d099aced4f6155b4c8e90c64882e2962a08555b7a4be7d9e4
t2t_L10000_5369	0c053044452c6953a9fe0b1c13fa5404cc39ff87b9275bfd69cc265b8adbd99b
t2t_L10000_5370	dcb6feea91ae6c63187ff83c8ee7d72fb5a0e3b8f5f0917d98ec954b6f321c51
t2t_L10000_5371	970c06508a1647598bf1376adf477182878fe18965108f4fd1f75d8477eea5a1
t2t_L10000_5372	3726b1c0e9909eb3c92a54aa68e1e6f7846cee9538cd23253a30bf94ff372818
t2t_L10000_5373	875a093952a6564a65b489e5a2b68350788302c6008f15dce23efb2271cab9cd
t2t_L10000_5374	9e3e41e26addd886f2378f87b823a9575d82105c0842ac600dad9cdc786b724a
t2t_L10000_5375	6a7fcebc15c76144b966532a7ad45ed1d662a57b5662704f63deaf329b372c02
t2t_L10000_5376	a530f2f765a1dd395a79a80d3b75319437586a128fe99cc2b15033080557d6f9
t2t_L10000_5377	14f59497f4fd9774c586f2f26c5bf01a6f861f850eb9d2d2772e8650aecbcee0
t2t_L10000_5378	bbe26e0e5c26a9d7757a4977aaecfe19b6d82c5cb491596e512b7780df9481bf
t2t_L10000_5379	dd6118a00799e3b7d917bc4cb03aa747f75789ef599b0d122aa2d4807172fe8d
t2t_L10000_5380	df0b8e49586c912815fbd85b80eee2f69c73cea6be0865a215f2f274734d1d14
t2t_L10000_5381	94b4f8cb4bfbad54f27961a52088149fa6532b868b0acd0211ce24cba2c3db0c
t2t_L10000_5382	da4950960b0b5be0c2de0f941ffe1a71fc8350eb9744d17abfeac7edc2e7b068
t2t_L10000_5383	8f46c0dff06fd7915bbf066573b6d0ed36f7977398e6c94cc5819e1ccb8bada4
t2t_L10000_5384	e233a544fc3eb9823ff40c0a698b545cabbf4abf8daf79d4da0d33c55fbf5826
t2t_L10000_5385	f574957fed1ddf42677061b03fc912999ae6b1db6a3488833975ceb68bbee4d6
t2t_L10000_5386	eb1e7c03defa064ec1b43975b2fe208f4da5da382e0084657a5a1d4285679962
t2t_L10000_5387	d57c421e33197e8e9b289c26c7fca83496eddd6920a0069d0e77503dbebc3e5d
t2t_L10000_5388	8a027afdc2d984bdf5c2d90a63ad4865189d48686956bf6b125001c74f3051ca
t2t_L10000_5389	52af92ab9ef0c37ad228af133042c8607a6f8de77ee16ba5131ef5648b5644c8
t2t_L10000_5390	07a05df25d44e00218a0d40e012f3662a9273a1634eeebe6c24cf8f3592e93c4
t2t_L10000_5391	6a8ca31f205f03773469256f0d0b1a3d53dbbfd888982ee4beca054de2dd9d7e
t2t_L10000_5392	ebebf27c170062a9c200b7d30fae7891374bc13c10d7f55415411b8615fb95ef
t2t_L10000_5393	78e71f55b010e291ed06db156f17f4ee7a2db5d32b03fcfb2bc0e557519f9bfc
t2t_L10000_5394	2867875a5d3845b60fb5110d03f636ad1fad01c491bb7e66bc7a2466428efb95
t2t_L10000_5395	534a266b9908c4251fefd6241fceac4de5bc90b35270950a07b0bebd9b2a14e9
t2t_L10000_5396	b2886fdd9cd289e09a9d614c51f6680f2453baf7adc136464cffe205e5763aa1
t2t_L10000_5397	ca3dc946bc06956efc5eef7ad4c3164527589195dcdd9eed95c9a29013d79306
t2t_L10000_5398	d0c39d3c90d5501b01f795c2882d0c7908a329c438e9c60a7b4202acaeefd1b8
t2t_L10000_5399	29495de0366a525023cd85fb7ea05cc788e6c479b8d5ac44a6634ede20cd19e1
t2t_L10000_5400	eaf693afc762b2686d78c8c6139e6fac81ad977c3e6fbd240afa017861f0ea8a
t2t_L10000_5401	4cbf2a77ae8b914b9fcf00ff294c7d2642ca7e1c6efe8267798bf57f32b572d2
t2t_L10000_5402	045c2f0c675182e8cda4c3aa014fcf5ada54b3eb180abc9a2d2b8fdfd461b97f
t2t_L10000_5403	26931d2e2d0f10e4e8438360dd3ac02272b595c0349beb421fdd853cc9c148fa
t2t_L10000_5404	5723cda85e022cc40825cb9038e9976e1d48988a3724b299050a08a86b2f83b1
t2t_L10000_5405	3601ad8c2aa981f6280b6aac87cd9404d04908a8f65933b1ecb82a04a04a75eb
t2t_L10000_5406	47748c4608debc5c7b12db346c763cedd8f487d4d4a64fbbca78b8b6502a08b2
t2t_L10000_5407	15c6566d25993c8da5bc22708d76f98c1f6fb9071f8ce48ab1387664af68268b
t2t_L10000_5408	a0a8843c9d468c58cdc301d6b58b40cfd05dfb5d45ff22d1c2bfb889a4878a04
t2t_L10000_5409	c3d000d45983a4ecd4f064781365c6135017af9800e33d650a25e521186b28a5
t2t_L10000_5410	1fc7b51578c1d0abe86a528ba582c0377d9ad69bd23503b0205ec67529bed857
t2t_L10000_5411	14e78251e36fa6c292569da2b082236c7023f85a594f943046c2e505e544f1fe
t2t_L10000_5412	70420fc7db6b15b70a3cd6befd5b445e26aa36f83e9dd61023cb78d659c81ea2
t2t_L10000_5413	ca8fbcb04ff72a67719c827965b477c882c9b4e6c86183e0d3472011482af1f0
t2t_L10000_5414	70e00c811f2e17c46f0f7ce70c60197ae9459f1e845df7780e9f9e8c183c0852
t2t_L10000_5415	4c091dd549fc613014f8414d6b722892b404b3b3fd963f41a132d619cfe63883
t2t_L10000_5416	6e996e2d147dd28e507df9b23bd6c4dcdc46c1ace827e943bcfd6b1d9f1d1b5c
t2t_L10000_5417	5fefe3984f1f342c9b0df50da4e61c453350a279aea5acd2ba4474f35c2eaf46
t2t_L10000_5418	44daba650d4d30aac1d5bab421d694bc3a9d0fc2b3b841594bdae724c24e59ae
t2t_L10000_5419	3817f2f832e05630bfe675d65edf9a12e2a268ece5b6e032db7ee33a64d2fba7
t2t_L10000_5420	9e408dfb250d53b7368343989928405c6a8feedad65f540f7a237c45d060be13
t2t_L10000_5421	44e574887fd3e202a7a4f1171be942b04e1af546a0455cf5ea703a7a823e0690
t2t_L10000_5422	4ef29cdf7dc4a5e04d2bbe79439b1d4701764bf72b11191062a163c3bd614d0d
t2t_L10000_5423	7a6a3d47ce2508634e18191fe2b481a88d30727630285899db5e82bbc4adae94
t2t_L10000_5424	33b521ae2f4f7554e3319ac0fb74ff1b02b86945efc95e6e37159985232301f5
t2t_L10000_5425	6e03736b928d00a06d12f2b3cf579ee3fd2bcdf80afdfcfb5600c5798609bc6f
t2t_L10000_5426	a2b702c35e6e12ee4a5cda54d9a2c657c0e5176382b4bcfc050156ca0a1ef7de
t2t_L10000_5427	b7bd64cf3d284075d52e97254a3a23842e125ef5bf644dd20788f83b76f5cdd9
t2t_L10000_5428	3d445f34e067b7725c2532b6271b8a5b79bd69f1a05704e78dc77a3891c6a4b6
t2t_L10000_5429	4bbd0b5781aac2edabd9df090c3ba50c0c2b7759a49529beb87524a93a1d6701
t2t_L10000_5430	33668e46063eda6a4cee2f96668643b43218055c8dac8451a596740927fa173f
t2t_L10000_5431	c6740b8efd57e09ec0340f2dba3d51bafa4dfea70518f934f6532fcd3f2cd0b8
t2t_L10000_5432	8281dd0ce3b43ee83835b6134fa94b8992c2b9e9bb93394287c4c4a9d45b7974
t2t_L10000_5433	d97ec5da3fd3493cdd646351c775ada4e29b25a86067d8b85b70d504201f96a0
t2t_L10000_5434	fe792859232ca10b4d971225d5cfb165cb07b22c46c6151ab32d0e4a5378f686
t2t_L10000_5435	6604be03b3746184e54d4bd868f3d6fdd4595b46626b254f4628874bd0a25563
t2t_L10000_5436	49cffd1b51854e7456b9f29fbcf6cf28adc2c2dbc7de0d76b71d4e65ec272acb
t2t_L10000_5437	bb390ec665d0ae124f39b5b3f8bac418bfa00fe6459eea9c3c39b7f683fc3f68
t2t_L10000_5438	3c38e022dd6de738eccf049a30f1c4077e60219c2aa3459353fc2aba4f4ccfb4
t2t_L10000_5439	a4f25727b8c92cf4b85665ef18e68f9586909f0d73a5d7ec7f38890921cdf8b8
t2t_L10000_5440	485da06c2129005eeaef13f107620ac56dd897f12b670eb002ed8f41dfbe18c9
t2t_L10000_5441	d9b47b1e80c2745802143f9632506c715f3ed37d0955bd1274dca4b2d201bed3
t2t_L10000_5442	ee15df25fce136de05a1ef2b98ffe607591c6a1813e6c2f048303d8785cdc978
t2t_L10000_5443	3af41755940ccece6af7b3768442a36099d1386f51761a1ff3b707c141d1d5fe
t2t_L10000_5444	362d719e18411b554a560922bfa820ed78285caa232e177a321bc3077e122dff
t2t_L10000_5445	81a633b1c048273772d42ca0be7f4f3b7a4fe7e34e9b154e1de98d39f738a900
t2t_L10000_5446	cb121f8212f4dd5c269fba115a2d9bf9e35d44e11c0cc1dacb098ae4c3521ebf
t2t_L10000_5447	6a0a05e418f5e555742e777e21af58ec5c5d4dad07bc64a6fcf3e65a077c53b0
t2t_L10000_5448	4e9c86a6d05b8c3d88a96c4b7f4857eed6bd3a6774721c638a01b9d391e01949
t2t_L10000_5449	6a3a6bd993dfeb5a7f24599e078d5f5de0af15bbce18ae83def1c266243f78f6
t2t_L10000_5450	70f062de1c311149c3e9d4a11a1af67f008d6a133756e10c4cb417ce7c05b0c7
t2t_L10000_5451	d179a5c2f65d41140343bfff75a611a8fdfe27e5aabe0c89f202a3c527e277f0
t2t_L10000_5452	c9ba2f5223c96073f578ca7dc4273c482acb2a23b418bade46b14fcf3cb3c697
t2t_L10000_5453	3851cca26d4d7a538f61196634cbb55ce60cd6bf89a404cbad8fd21a0358fd67
t2t_L10000_5454	cc8405bcdb5e0c4c85f4450c8e6a9b93c90a9a6be8b9568f40eafd3f4fd5bbf4
t2t_L10000_5455	4e1927128d967576348cfd5085880f749838bddcb15fd9ab278324cdd7a13ec1
t2t_L10000_5456	4173991fead593d2ea6284688a8eac08b9799cffa587401000d46a6cef2d6cee
t2t_L10000_5457	1dfee5d5866779cd2470b9817ca4ffaf380dd386dc2c07121a780f7e91a67283
t2t_L10000_5458	b3f239e51834c74dbeab124e2d820fcd575de07a7977a11a86a5e7ba679fcef0
t2t_L10000_5459	ccc7981fe211e12a934fdadac7c012d2f6cd5eaccf0e3e5a9270970c20daaba1
t2t_L10000_5460	72e7f42f6d266da624700a21e4ca5ed8feb380f3b2fc4e144a95c4baa569dcf1
t2t_L10000_5461	e2fed94b6d7bd6d063d530b34242bda574b321f7490ff4da26bb76140fd0cab9
t2t_L10000_5462	1aebe5aa53b14189139b070c9178335ccbcd8a79e692e56578dd6d462e1f97e0
t2t_L10000_5463	b59e002c8dbbe7beb95ccfe2e02483f971cce2db71c0b58b9ee4cc0dae8dcc25
t2t_L10000_5464	cc67813094709ca3ac4a68825d9db84e56ad0971241e1785276d95569c3d27c0
t2t_L10000_5465	164cc0033831f85aa83200b60dbb710b72479b870d51713e9525496e05a2ca00
t2t_L10000_5466	de4caaa14bd469e96271a8c34cc3a89f2d1ff881cb948f0e8c6eab53183a0413
t2t_L10000_5467	77f92bf8c35640b782556636ed145db6b75984e2634fcb847a093adb7d5984e2
t2t_L10000_5468	60d0d6ae66e7a374d33b0930204750e26c42e44768431ac8737cc6296be891ab
t2t_L10000_5469	72eb5faaaed152663160cbd2729d846acbce5fdf1ba56a188a9bed177fcd2c65
t2t_L10000_5470	8fbd93ac899d02cf181ab52a7f9d7dd1ed9dd97550d00139f26d5cc15d44c76d
t2t_L10000_5471	1ae1f1d6eb515c36aade8b8cba512781a9103ec26af6a025c6ed4f532d29ca75
t2t_L10000_5472	5725e8d1b5ddf4bee1e8ef9192a59f219fa9a48cb2df3f531152852ec2853fba
t2t_L10000_5473	ce66c7063fa5ab19948fe4f7ef8a65c084287489be0747c4cbf4c32dac079569
t2t_L10000_5474	faf5d66802d022ebd8da446ae3079e18378d2729157af86430d3e405b2a43e77
t2t_L10000_5475	6805db3f3e1fef6c77fe7eecc0eaa014a88c2bd2c1a781cbc9319f03f29af776
t2t_L10000_5476	d6adceb1f37df21f3e2bd0704d8c08364bcad07287293f0a2b41b4fdca021fcb
t2t_L10000_5477	1993eebfb410c1bee0593ed8f921b9b8ce62a57217ba7314d5567327bf977fb5
t2t_L10000_5478	985d788d63037fdb71e6e1a53bdc630928665203a04af92d88a2b5fccf49e7c2
t2t_L10000_5479	c8e0af8737528c7fc94887b81353e49d9e4e72f92d9ea8b8164114bc5b8aff14
t2t_L10000_5480	9d2af6787449abb68a8878b00514f5a1dc9dd2b63bcd189d3623f461555d5e57
t2t_L10000_5481	27ba2a57b47d526be0cd57d3a702f3d43e11c1fc4e4fa6c85593b5379c0cd108
t2t_L10000_5482	8c484e3c593d8cba648fd601626309923d4101495f7d7348e3c2ef9b9fe1f8bb
t2t_L10000_5483	a2761953caaeeba55dea73fa0aa7598432cff27bf9dd761453302d493dcea920
t2t_L10000_5484	f83d68d6296016b966338e0821d54545fc21504401787a3c7043455f1eafbffb
t2t_L10000_5485	d47b18bba8806fb05ccb3c3bd768ce4e762d9d2a0f2ffc65b1becadc7a584159
t2t_L10000_5486	1664052d8b92ed6af67177fee73d6d4466fc586f1698da3e0a7c318b8d8c676a
t2t_L10000_5487	b98e3a380e8d5f3fd200a6ed3eb79641df583dcd7563edf64fbbb0e74dc040d9
t2t_L10000_5488	417f91386f7dee89156282b04d59ee6803f5d59e04edf9d03b570c0379600f44
t2t_L10000_5489	01528086f6a7ec50e90c16584eefac952b03cf75a6db16d92591b0aabc341b19
t2t_L10000_5490	8796d7c74e517e68167a85c12dd0bc0c8e32439459e26e3556a43ead91db4de4
t2t_L10000_5491	9d3cb324faafacceaf8a844502491b7d6eeb022684ff2faf2778278d593df9fd
t2t_L10000_5492	264af6dca5452f0dd08893f15a4081cc2dcec4f5025ce5f6e1d4acf3403d4458
t2t_L10000_5493	e0374e42bda499f49daa845677760f304fd00e3b663e9dd0967ef39a809d485b
t2t_L10000_5494	abf9203b4b7949e55c24dbb56579bd61c8aeaba30541effe1f108a9ce2ed15e9
t2t_L10000_5495	63e66d77914c0f52252843111b4f1f6f8d17b6e7cbddcac55d648a71d3c3bf7c
t2t_L10000_5496	fb8512f3b51e2a42786da13c062d6b536e8d132135d92c696f4a8412e8b386c6
t2t_L10000_5497	53cd55e44865885a62c8587157d385989ebc494f1c42fe8fe0514f166e064db2
t2t_L10000_5498	b88d4956db23c47bf49c46f6d534a26b76d7ccb6d79a099bbabf21120b435ac9
t2t_L10000_5499	e53c91721c93464b0f902850598dd6d92567069096a7e28415f7cda053ed478f
t2t_L10000_5500	c1141550d81eff525d4f1bde4310359f869abde60c66d32ca8e2fa18728109ba
t2t_L10000_5501	5dc572c18ff151ba4f6e4315a0341829e9b9d429bc7f0c46dacb5e40c43a7aa5
t2t_L10000_5502	32addd32342255841878b0763256e01333f7f89c5c583a721972b73a797b0ae5
t2t_L10000_5503	3b9299951e8a15a94279b0c2265cf7bffbf08a65b162dc7fa84f465b9f3905cf
t2t_L10000_5504	9c99ed1c0134c40f01a3aaf403e0edecc553008e55f387d620537278b9566ed9
t2t_L10000_5505	cbe844a76a19a0498573ab9cf3edfc08a31c3bee4d71112d0e354a824f7ed784
t2t_L10000_5506	a6a34a9260e75885a5ea0323deaa22feac6abe375ac31e0aaa1cf5837a62b864
t2t_L10000_5507	c32f9ddb9098b812ce843cebf8cf546573969e12efcd3fc423516a27cbfd3004
t2t_L10000_5508	7b0e40a120028acddc8ae329c17286d9029819962520fc8a9037ccd30473f983
t2t_L10000_5509	c210f6dfcd559df39f2b5fa8799d5c52886167834739e13d846d3b46cd02e0c5
t2t_L10000_5510	c15be67c37d1b5f484d62ca92fd50869fec485254c21166b7f831e539862e78f
t2t_L10000_5511	8d5fc37381d8c423092e02200bdfc0283ec570718693041208b3112ec24f54a5
t2t_L10000_5512	091edddfcaf762395577226333648ffbb2ba3ba107b393289c603d22b3750354
t2t_L10000_5513	82b05ffbb3dfb6f9fbbed5ba33239c563288c0cb38c30445bbab4c7393af5102
t2t_L10000_5514	45812dff71f0595affd991434e49cdd831d68a93277020644e224df08fa36650
t2t_L10000_5515	1224150a03a369114944416a0fb9a598484c4345d0ae943586a29e67b61d5654
t2t_L10000_5516	0cd032bd156ae4c6b2e17c2e1bfa029a0c5f31da2c9b7be8fd29a4d5891c598e
t2t_L10000_5517	747d4cad98de72516210e90ef8a869cbe2bb2d57b172a1037cb5db832954fa10
t2t_L10000_5518	ef908ebf294e6731ba4ad6368b3887345869ce68eed0792680eef84c294a9e75
t2t_L10000_5519	ed688d0b3c35dc26ed60bf8607b86029c99c5e5edce6a61f234004ac17411166
t2t_L10000_5520	5cf84328c8ce56e36299cf7f6355ee7d7153954528de7e96e32a2c90306eae3e
t2t_L10000_5521	222883fef5fad9a0c6327d7be155321d3cf0dffeb2770df462e87499e41e6d7c
t2t_L10000_5522	6eb0818fc4b7f8f0694bc34f48822f86ad1313441a33d62eea96c9f638e3e28a
t2t_L10000_5523	19f195697b8b4ecdd27bc22a526f340d03399187a138c7d2c789cd3098c1ab7f
t2t_L10000_5524	c47bd988b65968ddf0a8f13adfc023a619b707168b8c019953f185b7398fc8c3
t2t_L10000_5525	893c7b5509483def076a4db6883295b833b1133b83c733115bcce4f0914dd146
t2t_L10000_5526	3e7824e6a45db137d4d3c22e89d1cab08f1158e23c6f01e57a4090e106fb6f30
t2t_L10000_5527	d7dfa85010a944607f63c1979cfde10fd815c322ac61aeccf90a75708544bfbe
t2t_L10000_5528	761b1674e7d57cf41c377d6c6510a39567f92c461d0ab5c7ca00afc10c2df40a
t2t_L10000_5529	66a45aca85516113a082be55c776cfcaa83f19597b70d0c799d7e23cc8e096a3
t2t_L10000_5530	b3cba270266f8807bdda43598e6624ccb07f40d1bfc101ab4ac60b1844340c55
t2t_L10000_5531	224dd91b4c3828ce971972e62ce37da2049b932d794b3d48bf0a1d219a391434
t2t_L10000_5532	8459350e101671eaf6655a20432460c2db8a4024f1ee1b3af603f83aee8c1804
t2t_L10000_5533	2eb30676ad180e46026f771d83495aeedd9adb6416673da0ceb2083988c80c5d
t2t_L10000_5534	5d98811f18e6ecb933814d9a9001303295f0ef2c4a07828c90365e2795a77315
t2t_L10000_5535	8a5a4ffc1eab0bf747b3211de65ba789b632a0e537689f2383e8631f8d0d5c1f
t2t_L10000_5536	ca7233418e250d9999996a7403938a74a378a18f3120ce18e3b838a6db7c0ed0
t2t_L10000_5537	ec5d0b344c0270aae23a213bcd49665642f4328a6a3a65dd817a3e604f6ced6a
t2t_L10000_5538	c7746b416fff523577238e0633defbbe0d8217ff64717744422a4ad7b7c67c6e
t2t_L10000_5539	0c2aef5a1fb62a6ae683dc285240c7462b62b43dfe0e0229d45277fcc32aa56b
t2t_L10000_5540	79f1686bac09361d2e5b48087be8e40b39f43fea3bdb3abba2fd25607128f983
t2t_L10000_5541	8f961f70e3d238d9486ad3a3a78b71239e9504c3b3caddf70327a60dd1340776
t2t_L10000_5542	6882cd89df1618c402d3507cfb9b62cb8aebe2d198c59d290da1f37fe9bf1c8e
t2t_L10000_5543	fac47f625e8850b7a437b0a2f8114f19ac377aad87f12319b5f6cb975a7369b0
t2t_L10000_5544	699c85184ddbeeed61eb2a7025518b496cf144413ebfdec54eddf54abc963bff
t2t_L10000_5545	a0c38475c8ab992ba98023a370bde719a604feee37c39362c264cef989e727b4
t2t_L10000_5546	c47095c562b771d292d83f50ad591d31bd20a84c836f0569e4c6dfde19c03d28
t2t_L10000_5547	5592a6e31e3db95fa3b9841f067a4caa3add4de28fb0fd19e93ba80989b71a42
t2t_L10000_5548	05106f3ae9d06d5a792d2b74a6208fd9aa11ec87156eef96e9bdfe8821608170
t2t_L10000_5549	7f9c4c586121a542e74ae282cb0246a09eaba7335689f6d9409a8fe06c93d66b
t2t_L10000_5550	8e1ae7ca8a63f6758430e28c5eb233b97cec32db29da305ffe8f3d472fd0f266
t2t_L10000_5551	47e49add4c53f9d1cb40d80e703a5c09d30cac85a82bb485a52a4bb88f8478b0
t2t_L10000_5552	4ef25da54c747728e5394f337c49640e9c86d7790677cc3852d3a16ef82935a0
t2t_L10000_5553	b8f27b8cee0e9bd81440758ce1867d6b392c6b682f6760a7a0b63e4af0bf5ed1
t2t_L10000_5554	a0a5a68b9ccfe8adfb45b3815787725808d802e2e34a899a1f5dbb861351e2c1
t2t_L10000_5555	8c2ddd18576404d82b515cd8f054717ddd52d8d019ca4035cdc0b437a3a112d1
t2t_L10000_5556	17570d30d2ce0da75cadda2c7b4a22236d99401d30ec4136c21611fd5db844d8
t2t_L10000_5557	8061a9f2aeeb7e1eb3fb66024870723d857eb5b91c78611c15171db632f99205
t2t_L10000_5558	f7dcd0c012d7bc4553dda1fe9cb2eb310bed10219830ca16b30edb057398ad86
t2t_L10000_5559	59d4117ca362138313e46da97875a466416661e8b42612c3899a7c09e3a1d354
t2t_L10000_5560	03501af429cef46256368d1e0c6a558ce3b47e9ee7482dd618085069c75aa3ac
t2t_L10000_5561	97c62f87b926a1f81d2d4709f96187aa22bb2fcf3d6933c5f5431484470b69cf
t2t_L10000_5562	5b4ac107ceabb0bb184bca675d21b8ac556d3f21b389397061fe3e831916a0c1
t2t_L10000_5563	f53a5fe3c97899ef45f7791a155c47b14a3af5f503f57a74a8a007936b4ebc91
t2t_L10000_5564	eb96d54173dd77ae207947758956036608b035ae81a41ca0a8bd8420e562010e
t2t_L10000_5565	e387d44f8418f3bab9adf9a8fc8c663dd97ed6c51f978ce62c64b6a823fe7ef2
t2t_L10000_5566	8abf6602c65fa15325c1048ba260687652d513bcda219b2391b7c1d428e8e4a4
t2t_L10000_5567	464ae98bff1d82f74e65ffca131f7fb6ae59fb14d7acd6820bb660ea8398bd4b
t2t_L10000_5568	f4d266fde077efc080e7850056179b13dac9de0a7fb14b3be40b531cc529e264
t2t_L10000_5569	5046372f0ff2c7fd3b9154a4c4c1c9fea700f64d68ba3bd0450ffa8c8261c6fa
t2t_L10000_5570	7c9ba3ee62b22afb86381ea641db16bd89481a98b9b7450a272eb7cfdea4aa47
t2t_L10000_5571	300329e95ba66d5a3802b2d79ce2f195b4225c9ed53d78cc59cbe227bd496770
t2t_L10000_5572	2ff9fc683d08070fd345232cb1024bd8ed1d98a7f486a260862db0771f0e284b
t2t_L10000_5573	73b7bf0c61f81f76669edc961c8e7b398d7f205971bf528e303fd29b7f040d6b
t2t_L10000_5574	fdcfd03d474864faaeee75b819424b5531104a8c224a53494c05e8da2745c956
t2t_L10000_5575	fbae92ae0b3f743098bfccaf36023cbfa360d9e6e3f071aadbd7716b0d22dfd3
t2t_L10000_5576	8e5849f28f455cd109beb9512e49924aa0291cfdde203235178974acfb4a4b6a
t2t_L10000_5577	c8893f66c226949fbbfbd00536b44d2dd3b1b2455a00b379d31ef37adb159ff9
t2t_L10000_5578	2120de86778158eae7194b47cc5e325c34343b7a51f284a8589b13afe432479e
t2t_L10000_5579	f90422972347f059c439c73fdac3416b06e1423a63d66e76db1e705245f5fee3
t2t_L10000_5580	f8a226e8554c33f1de192f931b22c3dbcd4e8774499ff5d023cb896129861641
t2t_L10000_5581	b594e80fd5b5a8ad3142da3b66ba6bf78fb0be2c37a77cda588a0787b75e4fa5
t2t_L10000_5582	5a1cb613e6db0a20b70a7fe9f07c791647d4eb7f660d043aaffcc90ba0127ddf
t2t_L10000_5583	94b879c670de2343162582eb49f1643447794df56857e52f737139c4b73d53d5
t2t_L10000_5584	d399f6e5e894fd812d1e4a9f5cf7e0a214cf12f9e242a7454ead7d1579dda7db
t2t_L10000_5585	278cea262f069ac1ea88e66d0bd98dff3dcd5612d78754c482499fae048c35a8
t2t_L10000_5586	b5c7f17a777fbab19050851b0731e08c8c1f2f162b404ace9f89ade0e87fd363
t2t_L10000_5587	25fe720ade34a0bf24e7e90f01d0fd3736fbaf4e4d1072a95a52ac349d680a20
t2t_L10000_5588	97f022c07c273a641ba43f3e7b47329373589c7ce25c3dfe6b4ebb4176538ecf
t2t_L10000_5589	117325a3309ece171b92924e0338f8b2e2931735ba3a321226d67784ba27248e
t2t_L10000_5590	f520db5b1c322fb261c8485fa20c7601d13bb54719d427dc8fed7efa71ecaf7c
t2t_L10000_5591	c9a4d365b117fa746ec42444e2062e4a3087561ebbde48636b1e409ce8a56915
t2t_L10000_5592	ce31999fcd479adfaefb0d0f1681848bb9937f3f51f6cd08c82482a1d625e68c
t2t_L10000_5593	4ace00b7be2a4eab1b05466c6955d7c7db5dd3891130c891180a2072cd6944b3
t2t_L10000_5594	a4fed6ebc65d64e423076e0c379dd10e5024a0436231a7ec64e6653d882a4a2f
t2t_L10000_5595	01afa17c9f2b000f468bed390ec4cc4d2b5ccde008ea6ef076fb0b542ece8cae
t2t_L10000_5596	439b93aa8e69b91a7c4c482961493fff0f25615c5a433761821cb4015e1b765c
t2t_L10000_5597	235e2d069eb2b61f037796deefd6f37e9f105d3524812048110ff076353497be
t2t_L10000_5598	5acb867de7d8e6fd2a55d18c63968e0032aa93cb402e7f9a650008b292fac33d
t2t_L10000_5599	e0d10b88bff25625880e1069b7aec7988eda09c419df6cc587b0ecb20a0af500
t2t_L10000_5600	1e385474efaa5e57f725b8fac3f0f2e967d1f58135b4be5781cae2d943628c7e
t2t_L10000_5601	f4abbfdc924a5fe5a97239afec9665ca87d500a80cc2d595702eba4ec734f12b
t2t_L10000_5602	6723bad0f890f096542aa5117fd98bf8e4969f33c76ba7ed01ffe425d9c8a632
t2t_L10000_5603	a66bee6cceb509a34ac57717a46da4d28cb83fb58483c14e6cf3575c16b9ddf6
t2t_L10000_5604	428d832f746e5b25a59923b9736e0a9945037c7750f04b671845ecdc3343aba4
t2t_L10000_5605	efb4041b959ff200519b88f8aecf13126d795e6b02811827497d23c6a28b053e
t2t_L10000_5606	e4fdf3ae974dcc0a3a241f133ba3adde537fd458eaea912eb5b7879e96737796
t2t_L10000_5607	847c3cf397b7e6f5fd68b32baa23c7707da16189bbaa4793b2475491aa01f664
t2t_L10000_5608	4429933f6e60593c2676550100feace9999bef2473b0a99f65b73599f03f2069
t2t_L10000_5609	a443e468b408b75b89de016528aaa33be150ebb2c9310b9554b9c8139cfce00a
t2t_L10000_5610	2c10eb0868a57e8bb2665e969d2d72fd8470c96d6edcbe22b1179dc8798f56a0
t2t_L10000_5611	d5d3f7a3ec83f0b9eac8ee014553d4113b2888e302f180303657046a114aa1b9
t2t_L10000_5612	4466dd6db49174e1dddac54248bf435e0fede9d3d3775a4315919a1b510e92a8
t2t_L10000_5613	a6bce884beb9231ac95ae69b63f663ccd3275f12e6f5b4aec8f422dd0bb42958
t2t_L10000_5614	ef0302f2c9fe6b65297c771eaea9c8e7b10918b3cc0c6d5bd93064687f14d967
t2t_L10000_5615	4eec6bbd2cb5f0d8c68843b7800bc4bf8ef3a842a6a048b17d35880c795e944e
t2t_L10000_5616	a4298324368e619013fabed4297dce613b8479102473af2e74dc0473a56dc6c8
t2t_L10000_5617	7f3bcba3ebcd180fe4b07496d6c07cd6dca23e42ed7b38534503dd1b94557002
t2t_L10000_5618	eb39ee198f1e2619b50f424784c42360194adbd16d832752374f725b6cc2a666
t2t_L10000_5619	db6e6d93b4d8cf93a4cee7fc26d45b4df0a629c0365fd99862a2eae3a9cee58a
t2t_L10000_5620	19ecaba992cad4205516690854338f49ab59565fa28b53e4471a9fa3758eee52
t2t_L10000_5621	3c86e7051ad014aa212afaf419205563f4c4ab6e1cce793aef873daf668b0c55
t2t_L10000_5622	cb0831ea40b2239d79982f5aa7732f2395540de6e8dc7dceb270737aacfbfd66
t2t_L10000_5623	cb3564c6f6df8424b3426ccc1ed9e8976eae10192566f08641bca369f435c2de
t2t_L10000_5624	c3b928406c4e9beb0e212430289de57bdcca8d3df5b82893923eb8aeafdf27ff
t2t_L10000_5625	9655ecaa25ebd3d3ab34cc72b91f2f31a88f617033e1e01386fa29f885d25bb7
t2t_L10000_5626	379a8aa5c292bf97cd4576b409dc573943bf34b37859946704583178fbb3f1b2
t2t_L10000_5627	1a8c52a2267d62ea7d26782a4081c3971217217b43033debac9bb3b4a276c277
t2t_L10000_5628	1815138f222d042f9f204c8b9924d2542520b95ed16d5064bb28965813d9a6af
t2t_L10000_5629	37fa5e42a59a2b380de689bb89e0f6b6a9aee1299f66ec98b9cf8d0c16f5100c
t2t_L10000_5630	fabeb5dc2974776ba3ef3bdb08f4808885a05a7746000e471128645d84714f8b
t2t_L10000_5631	1fd7ce84584936fd7b6adfe581329fe4995a43b34e45042035cca4349d3eec16
t2t_L10000_5632	2163ce8ee61a0d96474240ac7a16a2e6e542fd99d03c879819d867f1664a3563
t2t_L10000_5633	f7128adc9632106b022237612db17560a8c62156a3f0b6a72f84c59d2a88fb5d
t2t_L10000_5634	55a4fb5532637bf3a20530b78989a211f18b0e191b07bd8bd6ebb81006c2531c
t2t_L10000_5635	8b650dcda3b233689f978bc053d3d246f64ec7ad2a2015e3f1fc5eadd0eb802c
t2t_L10000_5636	fb06f76e7b41887308bcc14bc98788428776648b77442558a181e2f5cfe823f1
t2t_L10000_5637	c98475861847ef1b1a64b6c2026206a0f9dbb36b86f60151b2aa5b3a70684cbf
t2t_L10000_5638	f2325c67638e20718cab212a8cd26b9df519fe97e6ea2bd3835eaaf7862c8a84
t2t_L10000_5639	2456fe989cab4aed6d9c743ac12f4b2e2fab89dc5b20414dc1bdffe92b218cda
t2t_L10000_5640	190988641aba576c1ec570a92bda25ddc9b9c4273183e1e889e1bb1d3b04ad32
t2t_L10000_5641	7bd8d41f047ce598776330e0048941119a006ed1b4813616cd75ff9d2687b030
t2t_L10000_5642	f5e6dff368130f7c2c648408eb45fb81768f6e02fe306728e8661c2e7f6dddc1
t2t_L10000_5643	bbdb760ecd39a276595b02438e2820b2a7ef909369fd1e6a2c63e6703b0e79c1
t2t_L10000_5644	52ecdab42b08d83570730ddc3edba2d37c55418302fd552b00fad059a4b6144b
t2t_L10000_5645	1a0bd61e4b0a1a7ac606163ff07b0c6483da0e1d20191528c646846f1574e23d
t2t_L10000_5646	ca30b9bfdab1fee7332a7258a524948603bd7ada5b1ed91519cd35dbbca3e026
t2t_L10000_5647	a0b0ffa1d338e21eb8c57a13b23fbf05e298365d39e1d6cde27557f8785cc54d
t2t_L10000_5648	25f1c7f5de910df96f25d947a89b2c2d724051a32e6091654572edc7a02bc45e
t2t_L10000_5649	ff1fe7d6e803c41499c48bb60ab818a3aa396d44849d96ffb27bb1055c43f5f5
t2t_L10000_5650	3703f6ad5fc117bb4e3238291d38f13780bf82396cc5e3af364c3527efe00825
t2t_L10000_5651	58abb9f18544789515adb20e25d70c6bbfd858635117367d596b8d8dbc930720
t2t_L10000_5652	2d332599f84f905151020d4ea801ef5fa679f1eb4bed42bad752dc93c6590ae5
t2t_L10000_5653	c53af8611f24db105c236b471a35f7baf0aa32a628ec60f2ad154aac3aa784b7
t2t_L10000_5654	2bac639267433cd2e3f8f0a2a4950a6c56566d0593a08b478bc507ad72f55449
t2t_L10000_5655	58da0027868f7ffe366876c187b0c3c78bc133dda7a012b99feccf9a92eb880b
t2t_L10000_5656	af6699161f777400fecb810aa7f52cf294824d76c4c9444ead11d80a7eac0369
t2t_L10000_5657	4f5dbd492c84f988fbce726882c5a882351581aa2e88c4b40723e25f702937e3
t2t_L10000_5658	0b2020e120f9188f98d90c507b96100991d259615b7e704b316bcca4308539c8
t2t_L10000_5659	c05a296aab925b53c952c58779fe0198ab75419f264affde44592fc1327ff93c
t2t_L10000_5660	e7d3f19771397189bf2a9c25db1fa079ddc4eccc02e165eea0685f87a324396f
t2t_L10000_5661	c3cb926982d57c4b4a3b938e4db63f5e93d2424c2c5291c13cad6959edf52644
t2t_L10000_5662	03772fbeb172335d5b43d9ea86b0d48ab7ddb43d016ba32db99647678019a944
t2t_L10000_5663	225498c14f9bf7b36838b0eedbf0daf42480f673209d96863a20647fc2b45b0a
t2t_L10000_5664	edf1c6b9e382f8e6bf8a3052d1c3fdc5c9e86f38d1c46fc5cd78b2b8b0ebdc0b
t2t_L10000_5665	29b9d646d189e78281e50e0b76190f31473aa7f6385316160ff24a4cc9a3688a
t2t_L10000_5666	d921705ffdd1037974e7aad7da183f618c177a205d6213168c22fbcd5902a80e
t2t_L10000_5667	e8c3466fb8f7c2caa4ad68c717e9116f476b47c6c2425cece346a8124bde8ba8
t2t_L10000_5668	3218ba6b034ccfba0519c1e630b6574ff9baef3b5905fa86b5c91e21d305e112
t2t_L10000_5669	d2828fda1f725fc19a41181fa97695b89627bcc981457c25732904e3e35e52b7
t2t_L10000_5670	ea35d03844197abf431d8e1f632fe8e91f51b5cc1d7464360b87f72d4eda32b5
t2t_L10000_5671	3df9914e90646b7fc43ccbf04b2c54d2e605d57e9370d9c876a3d4cd574c6d90
t2t_L10000_5672	d20cfc979e573c2996a3155d2bdaf8f39954a6e6f21e86d67e7a5f76019f9566
t2t_L10000_5673	d12a7054f9387c4abbcb57b2de3d270796700588cd6b172de62b0f278d1648b1
t2t_L10000_5674	704bb898ceb36c39f8d07ff5eab0af7f0bfd809c0bb4e2654d770dc3a387ca1d
t2t_L10000_5675	157567f1dedd83c88c469cb19f1db01149a55589bdb2817c349b9a04d147e4a4
t2t_L10000_5676	af328c22183641180ee69f275ba8363fb2f0c87f422d13d943dc53fef5c189b6
t2t_L10000_5677	20318ac29f6870d87fb39a888c7b75c350d18f53f7d4bbc7179d290a7bab37ca
t2t_L10000_5678	57ea4d1d2f3ce74cc2a87627b855b3bb550af6832f41fc5c41c996e76f172595
t2t_L10000_5679	443d2278b1031fd6230f8b8e0577e842dc20e127904dcd491816a8c299bb101f
t2t_L10000_5680	949933d5a5cca9f1d7cdd55dd51c6294be19fa1e7b0a74983cc53f8bfc4af4de
t2t_L10000_5681	db581ecde79d0b701eeac2efacc2fa722b2ef2e2b3bfc939a7a646e8f7349f73
t2t_L10000_5682	8ee2b98c7557f73666c5de09d0df9d38cfdb7995e56f89ce2db559f281d49322
t2t_L10000_5683	02adba0bfba73e48dcf659b46f8b3fe1ce3d2730083b7e1d78e24839fbf6f757
t2t_L10000_5684	6cf8899bceb37022c31206a8ebf517f7ef6609dd3c9a9a75fa93a717c3b27595
t2t_L10000_5685	b63f937a6e54822e1c2ef0405a3d95f6f359160a2421dfad031a69f3ea84b3a5
t2t_L10000_5686	594cb08fcc9f84079c4a5e27c169cb60cb29855e403c7003a6edd656b91cb447
t2t_L10000_5687	68fb3db202f8d5afd38d959fc61475db07e38c9d4f6410375ed386bdef3d2586
t2t_L10000_5688	a7f5e959e10aa29dbea16060a91804215da995ddd3d3d3abe57d0e37079fba9b
t2t_L10000_5689	611465ea1e4ae37e1a93bb75406f5ca11f1eb143e611abe1b5b0ca5f47bf7cea
t2t_L10000_5690	a7ed0400683abf44f2bf53c292372bd43b8e1121a2121225abe54fe351700cde
t2t_L10000_5691	30b8b0d54a48171ea6e18f0c1e127b4036f4420fad0c0779c41f16911925ca87
t2t_L10000_5692	ba05be58c2153276e7a750d74fbb8513b4fc0ae1c6fae41cef724acfbcc0033e
t2t_L10000_5693	7ffb98bf2d13e66fa50835458fee8f51a4d379e72c82963a70b87d417dcb9d06
t2t_L10000_5694	2cf025f0ea601cd4bce78188c3b7f90c0a575c79176fb9c1841bc9ba8bbba4a1
t2t_L10000_5695	961656db17033c466f479fde9fda7ad25de510eec1d52f4b6fc6cd918fc9ce9c
t2t_L10000_5696	079b36fc7f92f1c27a150822a0c5ebbd2f8419e20cca2e09e9f16cc59da0c044
t2t_L10000_5697	b3c27706ff595b18587d9c93559d24e7c9ce015ee563d6a4d40d2249a0fc4752
t2t_L10000_5698	b9ba4feab73f991c886e6e2b780e2c9c9d4555033bf4ae9c8097bf9d544b55b2
t2t_L10000_5699	6c98ad95fdcfadc7e2736e686aeab2669c9e8077af4ae49f6f55b08deb21aa17
t2t_L10000_5700	9c8ded5a74c8bc1db8f095dbfe4959a7e45477dddf412c5f516625708c74705f
t2t_L10000_5701	0c9e97aa37d127c772beaa87074c8a0d8c679772152e84319c32df83a33193d4
t2t_L10000_5702	d548c31ca00fe29edde45369c15e57f9048fabd1c88de393b4504ad98c09a185
t2t_L10000_5703	624a630a21ed504f0326bd87b4b724a4f1550b63f6d7eb9d9797fa83fe07c885
t2t_L10000_5704	7ffc8d82817d77b932be931f2db860e91c19c0ce5d45c2c218824b2f5effbd8c
t2t_L10000_5705	0d74c89719fbaa6b6e9495333d9047fb72b77ca60c94d2e6ea2fb065a0c1bc8d
t2t_L10000_5706	6e4a0891d86814b591e26ce63544c0e062e64ce62e96b90ad9afdc1d71ad84fd
t2t_L10000_5707	01b133bec695d7d0ad6b750db9b862ba92372f855b7c250511bdd8cd52fae112
t2t_L10000_5708	df0fc09be00f15187cb3f990bb6776a07d2afd936095060c6ce585dcb3fe554c
t2t_L10000_5709	d2b3416aa2c430a10b275b6597db43b6352ad5861dfc9d34158ab0568c2591e6
t2t_L10000_5710	b879b281dca79973b42e34352fcc26cd94b69709de14224dd948cc8eb8c8bd3f
t2t_L10000_5711	81e646411dc3dcdafa5c4d8862513bbb2161524eafacf32ecfa3fc2f706875f9
t2t_L10000_5712	86e8f7ff124924f6aea6db146ccc5225836f12a4fb8bc4cc238ac6b9a4130b4e
t2t_L10000_5713	057dbc5d3a8dc16ceeaff9ec2443f3e45124af572f257af7523dcb7cb7501006
t2t_L10000_5714	a6fdd547687049da26924d23db6a57a267b802304d04fd9bcd5acdeffd9031d5
t2t_L10000_5715	74bb69bec07b5a3a4716760088aa97eb1bc432d1ac8d0712726d678c21d7e244
t2t_L10000_5716	cddc59a6c037513166d1ea074e80b7126448d2b045c273ba556b50854578e81b
t2t_L10000_5717	0f39faedaf4247c4aa545f4f73fba53fdf1d9242b68c47d5643eb500b47a44ad
t2t_L10000_5718	ecd30a404498d5250e8de83185250b5338c3f5f288c24e6b4d54a47b62f6e82f
t2t_L10000_5719	d7eb8567a1a8858f992fdeab7320ae6487078e3300f9b7451bf61770798e74d4
t2t_L10000_5720	a2cc1a33855b6b6791cf6c117ff28c543413d179a8d460432841be126e53a2b3
t2t_L10000_5721	7903575fdf0ee25c4a2d6e831a95f03131f5e242f70654b4ca40d5e432f7542e
t2t_L10000_5722	f2ecc1ffffc6da0c51c7e484b4b96a3bf23f3e97040c8d94fb70103d0959c31d
t2t_L10000_5723	f056ca645578be931ea04cf26b2bccaa8feac31236605867ae79c67469c9171d
t2t_L10000_5724	16c6ead54c33e7c32026f110581bb4a4caac43790841b5e71fce3c8a74e89db2
t2t_L10000_5725	1f97b15a1f1f1df3d6005a00cd80a7747babea927e4440bd94eb95828823a5b1
t2t_L10000_5726	4b8b6d604e76523317cc991fdc6ce67ada032ad5dc0943165dbb973e37e85df9
t2t_L10000_5727	06fb5fd5fb6a278ec0d9818140c46057ba544d7a02cc40fba249cd4178d624aa
t2t_L10000_5728	b433a0fb5020308bce22a7e582bd331bbd648622779f2bba0c71ca1eee4d4c27
t2t_L10000_5729	bdcfb5a82cea0623362394167e3744eb838c543dd73c9595cc00690465a29044
t2t_L10000_5730	3fc2da464c2aef6aa78f846f28ed2dae5cb9576e54fc156e7da5cf40daabc041
t2t_L10000_5731	88a2cb0233aadd979186f018761bccf83f34b15c7423ee89191d7ac17775064b
t2t_L10000_5732	d999ef626aea864d4cc6489aa71e89bc17965b500fe7a2259dd895186cf34d71
t2t_L10000_5733	2893596bfe063814f6c5a46facebff7c28732229d7df0b994d9ba31150fa0261
t2t_L10000_5734	7feb6224bff50f21e50768d48496e6418b1e309fff7c82b1587c63f5fc57d661
t2t_L10000_5735	c488e476ea7355ac7efe0fdbbbc72aee7f7897c8975c647b97c3c2578360ded4
t2t_L10000_5736	fa71ccf363e835de3003cf7e7a645729d13f8e725841c45aa227175a1ad989d7
t2t_L10000_5737	cf2370a8d6b44c86d65308491b3413f8beba225f3136d025c6ac43b9baeceab1
t2t_L10000_5738	67664e733f34a32f98c3e164a7b40c8c6ab512c864644d8bf2bf2b4ed923f42e
t2t_L10000_5739	db5ff58e5f21ba03c66ba973f3692d33e9506cc7048b3ecef156ae8ef58fefe7
t2t_L10000_5740	5adac1c66fce6f052f4a3f5a75d77726cd943c8a9e225168c8c41c32f42028bf
t2t_L10000_5741	4fade397b35da461f637daff6e81b07e33e01b7e148429b624ebe0d053f1a1f3
t2t_L10000_5742	0691e7a06c2c2dfad81ebf23a16428794f9de7315358fa17b91f5859a45ee8d9
t2t_L10000_5743	b42565b3dec5d1d10093d0ded1f1d94395aa8e0b59e572d8d38551cb394e5c8d
t2t_L10000_5744	22f782e02ca397235a3090261e1db793e575c3aa4584da34851552a1fa6e36a2
t2t_L10000_5745	291a4038f9f57ae042c07c70efc3f6c1afebc54d3b6038cb4f7f4606c6ef1d07
t2t_L10000_5746	025972aae4fb53937ea6546d30b2e04946cdea716f0e98542d9ceba903b3c6a3
t2t_L10000_5747	049055509146eba0e13b0125502e841627ef554205aef2d303527e9537ece9d8
t2t_L10000_5748	cf4007ce36453358fe443880909ed2f43f368cdb766ea4688850e96317b7f483
t2t_L10000_5749	3990f360aae23c2d8308e317f532e530ab0e148fd79984359b8f22c41f7006b3
t2t_L10000_5750	c32f24a1b2ff01703193d38c6063a6fc735b8b18d2b6b25082d9e7b18764df15
t2t_L10000_5751	41195859be1689af9ee2f42901b4ba6667816b10190949dd20f42be31e4f811b
t2t_L10000_5752	170bdad2f312d99417b625772c0e92b88799b26ef90cc9c91db76bcfd4e8351c
t2t_L10000_5753	639486568e78f3fdb99f8927740275304892b15e7f7614caae20da91ea86e68e
t2t_L10000_5754	63893b589e3397353b7a62a17f153148ffe5985d2d608249b1f7da0ee4a7f25e
t2t_L10000_5755	717ea5c97d547d63dce9638aa781551c2a6679d4a76d99aa2fa0c9b32f4e1947
t2t_L10000_5756	38a77d3c38408134a5d39dba5d0a8790889254ccd56ea59dfc49c07f4d6892bc
t2t_L10000_5757	967c4040607271d65761fc957f742745db376fdc189111956cfb909631457d07
t2t_L10000_5758	71c2a4acabdf6c8ac5aab10690aa5ecb517d46cd3cee55369449bb4e2babcc08
t2t_L10000_5759	2450b6f97a9cda7cf8eb4e393a6e478baacf92813121ce362c969855dda558b9
t2t_L10000_5760	d40f1c8ecd3d0d5fead06be567b1d7fc9889c626f6a130eb60c21f374603e1b9
t2t_L10000_5761	f4b89898a1de8abc3357a4f54f295e928b01af3454832a4f4fc584e6c0194b74
t2t_L10000_5762	63d06c984f8dd1473dcb7f25eaa0807f00b504b80868317ce501c89b5360a935
t2t_L10000_5763	0f2fbd667bead5a2de7c28da97d703a3fdec69bf30d534388254ca271655fbc9
t2t_L10000_5764	ebcddbcea22f441f85fe8189f3c17e7b1844975b8bfc19c99b98f781cac35091
t2t_L10000_5765	4d50637ed79cd7763d3ed0cb8097f2c83949ba6ae78a1acd6e3f9fe19c58a9bc
t2t_L10000_5766	f370e057984b15896731d113100f7edc5191039c683e1d7fcd2d2722ea1f91a2
t2t_L10000_5767	efd23d3a2f74bcd6de4e12adce755f57b14a977fc4f36acb31a8d5bedc1412f7
t2t_L10000_5768	9a594f079d304bf650ab203b886f84a5464a7dd366bdf91abe01f4814f1817aa
t2t_L10000_5769	24ce986b07125ed064cbf1ec0c1eefc0862ccdc3b067f6f9df0ce2fd8affdd3e
t2t_L10000_5770	cfecedf1ac35779414acc8823ce7263e1fff7ede105b9168ba3e0ae428c43bbf
t2t_L10000_5771	1436472e810e3d4d2be868c612dda14196e6c94ac5192ff9aba05f03cb874bbd
t2t_L10000_5772	2d03360c8e5d8c1899f0a58a296c0450f34719d4cfb1adbc8b2b3a621c0fef2a
t2t_L10000_5773	f03b37a893c72e213bd87102286240d4b3d3ed18c0fe2510fd574b407330f8d1
t2t_L10000_5774	7e00a8ee9dc783a10edd8cb4d15cec69f0245593647e2f702e8858014b21d88d
t2t_L10000_5775	302fc5ce5a917224b6907e5aaae7495ebedb94d3285163bb0396699da9dbb04e
t2t_L10000_5776	a78de722a960a7fb49b67c8d538e2372c021f98898021600f0e7ea263e9cd60c
t2t_L10000_5777	f0b55df509e614ae288b465c6f8b25e1622810ce4436ffa7b657f02ec90b39b9
t2t_L10000_5778	134e47a6fbcdc7c08474128e7328a28248e036794bbaf0661bd296aca1c4b816
t2t_L10000_5779	c29087cc54c95edbb543d6aba21f93e6b004280eab3c9e9ce141d9320126b33e
t2t_L10000_5780	ba48ad952fdae6a114fd7f31bb805ad655e203bf722135da99216e2c657b0e6b
t2t_L10000_5781	7b4e6a95a229c9b660d6052af8f6dd1646e5575535f1438f7fe28df23360309d
t2t_L10000_5782	778e9613147c65ebf69b3edf6f2eddde609734fd40710b28ae0a4740e8814288
t2t_L10000_5783	731a78775f5951f14cc66b6f06229e1e662217f1be738fe4dae945ea915292e4
t2t_L10000_5784	339f0967437db61066a71fcb4f9344e190f858fe73c5c0fe9c698788b8acccad
t2t_L10000_5785	f8ee3b6ad289975200104bd5b6642c07cfa734a4e9ad859fb7ce5335c897dfce
t2t_L10000_5786	5a4dbb0c6da1dcce7883b1e36d6238413f8e8a02dbbbced5f74f0f42038d2036
t2t_L10000_5787	78fa18883f91ecccb93c507f12b1167ce9fbe5d21327afc22af298dbbca927ba
t2t_L10000_5788	716fe84dd0669ce6dc0bdaec01ef902d57f59500a7701d7ccfa184c119455349
t2t_L10000_5789	e4f0b86d4fe0ecd6c3dc617e8a8cc6eedf3085c9c7d3825c1c7cf1dd52ed553b
t2t_L10000_5790	f89706329d2e21c03626f61ed6325dbd80f3d395f11028321e207954aeeb6c3a
t2t_L10000_5791	369027749160b3633f53638e26308d5a86d049f0be0384c9b4da27b4951bee43
t2t_L10000_5792	87c636ad352686330ca0a7d09154c4e0cd91bdbbdde4cb6a9f198a934f273c16
t2t_L10000_5793	906b1b017a53bcf87aca5864329650232721e59b1f467caf6b0d21ee6da9898f
t2t_L10000_5794	937aed2675aac30eb5a58eb5f66bacca970f7ebfb2aadc4079943eabd979e7a4
t2t_L10000_5795	06b2a6d38a610e5b6c9928e617aabb5a5e062ffac97a4e1e94df30c17411579d
t2t_L10000_5796	6b61ae434e762a5db9d2dbe4488d644c040799c09900149cb85a9cca4f312393
t2t_L10000_5797	dcaf6f1cb346d78485cfef52d6078ff3b5bea7767d803a862ea3876e5b5048fc
t2t_L10000_5798	d3dd8b4c43a1c9933a5b39d43b33e1450cb6441732a0f8569bcfbee3a3ceafce
t2t_L10000_5799	69a6cd80814646ebed85f8a7d2c93a50d5b01bddb99395f9086baca9f5331c1e
t2t_L10000_5800	72850146bb0e8a3a4d64381a4b9433deab9ea0c3cf3f155dcf7f2bdec9266b4b
t2t_L10000_5801	f66574d88f523fcbf79970d6b6d7a03767d687c2ebd5cc470b67d405d1737a16
t2t_L10000_5802	4c2735a250c27917463403e95ad41798aea6e2d41bbe2445a1bd082997fe0de3
t2t_L10000_5803	c68fd692a6675c95e46360ebf4fdcacdcfcde4bafb12b44a669fb88fade29e55
t2t_L10000_5804	b7dca29e34ab4fe0c4589d1d2ff124f2427698bcd4bf6df1376c808eb058728b
t2t_L10000_5805	e34238873e948b21e2e324565e058cac8624b06ccd5f219913d4c499d85ad5d2
t2t_L10000_5806	9eb1c0f488d562be13c424b0ecaeaa8906835170af2fb787ffb0a20c48fb7d2a
t2t_L10000_5807	001907136e9e03fbdc765164de145e6e5f058688d8cd03348133cfcd4ea873dd
t2t_L10000_5808	9354023aaa07943992f4c2a35f27486f8eaf496f47298828632200232f5e3250
t2t_L10000_5809	bfdf1b29649fe139bd05f1b8c6f3f701995e063a1923b90c7eb0233a12d2e914
t2t_L10000_5810	c0731c50e6db586f1d9c919dd4c5917792e7d60f09c927548dfde75bca781e2a
t2t_L10000_5811	6a6cd210b242e73467baaed6a49f228e0c8a00d18bbc437180b274af9ba2ffc0
t2t_L10000_5812	552f586c93d228b24c44dc9c7bf448f65a2fac39860da07beb096703f3b26fb1
t2t_L10000_5813	be911027eb9610a20a7482f80723206885ba5ee0474833f49d76e818242584bc
t2t_L10000_5814	6ce16fff889988c1f069878b7619c50230d2b8ef9b3a833d22584859292a3a91
t2t_L10000_5815	1a3bf6448eaf5a7d4f29044cd35a674d33b666ebfed3dd442ea5a5699a3e780f
t2t_L10000_5816	eda2f7e33e8be1766bf25abfba999f5fd965ec67d5476d5546b51ea85c7bdb5f
t2t_L10000_5817	94f940fb424ac6a14617bdf4067ff76ced86e5ceb7aa73bceb79168b17a6aefb
t2t_L10000_5818	d7ef9af1c3fbb4d01f7018ff1b7a34740a0d4250a9477cf581c5516282e1d7e6
t2t_L10000_5819	639ce011aa969024d5a514026ac35cf503f3f52a0c2d909e029bbdf73e41c6ba
t2t_L10000_5820	b509523ab257625198270450c692f359766409687ea4f6aa13e72b60e38d4f3d
t2t_L10000_5821	58ec4c3785c88d75d6abdfcc1b9f952fb3ee0336733a9ce4fe46d0f1e6360102
t2t_L10000_5822	c939a7d9d39c160fa2ec73afff34f631ecd09064b53da0839388ef42cb69d1b8
t2t_L10000_5823	ba17711daffea4295c38129fbabde68eda9b3bc608ea9d2e0f364abab943fa6c
t2t_L10000_5824	9fa506eca1692dcda7cdf09c77638c93c10cd946ce5f7373260b0c478bfe431b
t2t_L10000_5825	c6bf9cf32dd1e3c2280d47f46ad7f204499975ac314c577356cbe480c9280958
t2t_L10000_5826	e216603cb55482d543f1cc937de8048213ae60473c452c89240d657e72252f55
t2t_L10000_5827	110a6894abfd8ca8affa795fe2c38a5877624a7b2bb873a936c133271018aeed
t2t_L10000_5828	bd3cb57aba0ce66a3336d883604c681200643e17eac6983c58fbbc9459565aa8
t2t_L10000_5829	043ec28c84490effa967073e11c16efa849ea872cc7f5a8a9b807b809cce3e4a
t2t_L10000_5830	39817a157ad2ef7557776cde483d9c0299841d24640b2e565b2ce81758faf0ed
t2t_L10000_5831	de7642f8df56df74906ce30a333e33b205482e3874e998dbd9a9237c92dafa4b
t2t_L10000_5832	878de6e9925050909433d6df1aac855c9999e23541cad37795542a4261d87ec5
t2t_L10000_5833	8fd29312d47ae9e4e5278978f2987a3b95c170297422d3c10853208a1080ae5f
t2t_L10000_5834	6d4ffb6d7294208bcc467375b0de693d92ef610dac93fef4ce3b102f00a64180
t2t_L10000_5835	be62cd4961eaf7c0c8d5d47da87a13b03a7b254a94f3fd44d3904e5fea9851e5
t2t_L10000_5836	d49b32f704404bc0fffad0577cfd03eaeaa03ddba077652e6e0458eb301dbc61
t2t_L10000_5837	b396f04928fd17fe7d9134123de73bfc3950c2d77d8e5064e205bd6ef792a474
t2t_L10000_5838	cee36f9c4b1519737141979cde654dcf55520a54938084e51581dced90baae39
t2t_L10000_5839	22956ef2825a1aaeb37e9b90951eb1b244dd0c72edf4012fe28f7b54356acaf5
t2t_L10000_5840	67dd8eb6727f70e10b51f1c16ac90b207702d20974839d7d55f38e147fc1e1ba
t2t_L10000_5841	9b33c7524b3d1935a6349ebeb59552d629b71ecf14203d424f13f5fc79830046
t2t_L10000_5842	d48853d1315764961e66e05c357d959d87452abb8e5c19ca0514f1cb723d6ef9
t2t_L10000_5843	f0e5ed9cbcb35b0d46477b410bdf06f384dff1851faee338266a314b3d797cc6
t2t_L10000_5844	fda1fe685c27cf18307999db14266f1a65a61da12f6358652cd2489cecd78351
t2t_L10000_5845	d21aab296325e02158d3fb14ca0e87713ffe85e5d1f45ea564a4f7f613ffb19a
t2t_L10000_5846	4c07ad66bd41d385853860756e26e499949603252d784166cc3fefb583e76f09
t2t_L10000_5847	d91139862a566a203d347efc25cb79a14c5d1a259e06f64deb931df43ad9a668
t2t_L10000_5848	45bf3c112ee9cae0023167309f568d5ec9d6bdb55d7a7201f29a5bb45ec51613
t2t_L10000_5849	93c1d9f1b7145e871bd528a670c19420a45c98b79d72bac888d6f4992a840761
t2t_L10000_5850	3197bd82abe49dc156e10100ed0d6bb1d8e437b89c461f95a4dfd9023faa0f5c
t2t_L10000_5851	1a1d55418bf3280f16e14ab3bbac55c103fea364ac44d585595d53cca09b553a
t2t_L10000_5852	0d95b802ac5ab6c53cc9f8be8bc6c925df8ccf6a619d51fdb6d3956ef408ea28
t2t_L10000_5853	4dd0c1c7569aa578da69903d7d98dcbeb85821cb88f0d01960ddac4c4ddf0b9e
t2t_L10000_5854	7fc93518484a0a79d4d8d6215b3fee8233b8536c29dd899eb06d4651e54321d5
t2t_L10000_5855	954f1982ce6da0cc1403468ab9a28733c84ca756253e452ac0eadbca0e72fd8f
t2t_L10000_5856	92108f3bffbbb3c0360959da339b2e45cfd9e98709e3b7b428eaad636450f9da
t2t_L10000_5857	52f6e87eea1b243897984aad28a53cee9b4e766bc7b7011f50601b6cfb79b3ec
t2t_L10000_5858	c2a30e8d8e57556b47c84ab687102c112aa710d85e14692626d3f19e3b7df664
t2t_L10000_5859	dec22db1c466b6636f1f1428d4d77a5e207283f9fe06fabf5d337d49b8aa6395
t2t_L10000_5860	c20271975a183376ec52dbdc811202c0dbf02d45bbf706d0cb6a3056af43cd50
t2t_L10000_5861	0072e282d67a2bf07f16e02acaeaddb3fc6307f3d6ca81ac7414110758621648
t2t_L10000_5862	bb30b236a2c67a523cac1a7f48d7a05c5844f98c26b21c6d1a83a1097d564ec1
t2t_L10000_5863	234249e1142cb87483f79c1c973d7016432142a08e01f8bf2bcc115c06078530
t2t_L10000_5864	91fcd20887384030f7b0663f49af627e64e0e912853df40f776769db4cc79c81
t2t_L10000_5865	1b7d0510fc62f0efa5b705c9acfa8da99bb3a2d5649830d5642929bc8d560ac2
t2t_L10000_5866	d2184c72e8d3f6e4d0e8d9d49d40d2354fe3a51944773f8587d347bacf0de8b2
t2t_L10000_5867	c955dcb136311201e41c64b132cc915d058255fe440056729b465b0d044a6a49
t2t_L10000_5868	0f35db8d11da31c069b9916a0a2c54cded9350760d0737761aecd2be0fe68488
t2t_L10000_5869	a155370e4cb7b05292ea24c053e0a8593360f91442ba7c03199c2e5c74648418
t2t_L10000_5870	cb5f2bb429cb84a01d54d4b3bb5b2cb1126b6f8eb4f78eacdf34fb646326624c
t2t_L10000_5871	332af7e7fb0e5393af6c5249ca0d78fa1d805d1cefef80f70031e1527209b40b
t2t_L10000_5872	b5e7d0eddc0d739b5af2fde08ea378630e3078c6714c1d3dce4f48acfffa7937
t2t_L10000_5873	73b73abf58c81e6273cb5fc1e7134bc052076af442643e91ddd730da8ebc007a
t2t_L10000_5874	2000400323d57aec82b595b5a0eef85a8c455faee6d40e91d83ca6e6e8e5aea9
t2t_L10000_5875	d07128a2e01477cc5667f7313620f6d344227af13c313ac5ea997a653557663a
t2t_L10000_5876	eb316f8f38f708bea4932f760b7c0dc46dcd4ae20a7861df845c3649b48c4f52
t2t_L10000_5877	669eed805caffa73f6d6809f7dc29612c3daf1e811bfafdf215b3d632f9db5dd
t2t_L10000_5878	091bff83ea515f15a58b1b98a1be65aac13eb594794d4384e90d56689131ff11
t2t_L10000_5879	5798347cecd965d212a2d358a43c3fc896b45e3391936e3101e573d8179ba244
t2t_L10000_5880	672a15f1cdd837133f68d969810e523b29cd2458660bd6003573778a076c820b
t2t_L10000_5881	2f30e029d6c552192ea197159fc49c83366a76484d255141e615cdee77d04c09
t2t_L10000_5882	a71597720e35b686c35afdff92af61683001a44ebe187b685b75eba0ab639b0b
t2t_L10000_5883	d6316a666501f338262b4279073b3fd742e9239c7484c67b267c05c3728e839e
t2t_L10000_5884	cf95a7122256b38c227bacf17815a144c3ae20089111d8d9d86202f325e1895b
t2t_L10000_5885	54d432ad5ad540bb25ba77c4e470d687504f1ef96b742592059b12ebf3ed0255
t2t_L10000_5886	66ffe0477fad9bb7295b6df797e2509d4b56835314b6a55a472376694a9720c3
t2t_L10000_5887	b24d1f835a91f3ecc21984131b6c674591d90476f102f2cb852d8c93211a7838
t2t_L10000_5888	fe9218024ef100783b925673d6acd83ba33c8c04bfd32f6826f43e394e66e294
t2t_L10000_5889	da9ec4a54d3d46585bafd25a0fc1e8e8107095f4befc6934ad5afc5fcf403c2a
t2t_L10000_5890	ec1c06e535f62e9e46503a625ffbbaaa65a70973a95ca0a9897cdcd329a4529b
t2t_L10000_5891	3646160dad97646578945dc06371e55963efbeb876ee052f516b1fbe61d4a5a4
t2t_L10000_5892	33247e685d5d7744d4724fbafdabb76ae8bbdfd44631205228c5f7dbeb5f8202
t2t_L10000_5893	b29f1d7df7dc60dc182f2ba12009230c9d6098c3c37277e18ab29f33837883f7
t2t_L10000_5894	d08901e6158b0f457d89795350e73c55dbb9f770594cc77789b0c6124f12bedf
t2t_L10000_5895	c2ad99555077be397540ce89243d1ebcd499834d2946d3b078cf62f1c87a4675
t2t_L10000_5896	41411d0a7e084ed2d1ab787feeac29e9f5b7e1120bf151613bd391e4b68e12e4
t2t_L10000_5897	7aab261c77d1b0b35dcc1fbfc6f2634300f95b65d8293ef66ef335ba7d71d081
t2t_L10000_5898	c011fd4f747a935e99ed98af1c42bba5f1582caceab4e5b2e0edae27b9dfb0d7
t2t_L10000_5899	cd7d2f3f43ebf75ff127b9e8d43fc5ef18f3c6e9ca5dd4c4a999fd09eb770044
t2t_L10000_5900	6f8a6fe390cda051ff0df9a663395c51de26e7afe3eedd6a4bace79c051bc5a5
t2t_L10000_5901	00a519ffe2a851e568a0b37cf7ec5ba5e3a64532a8dfe3eb43ec364ba49eb83c
t2t_L10000_5902	0408df5e22880c71fa7496d767f577a9aa8189fe88fcaaa3a5bfc7ff2b2e2e51
t2t_L10000_5903	69f3cd5c7b246c25fa02ca83605876726e1f06de7e747260cf62c2059d8817af
t2t_L10000_5904	b5ef21b62e517bf3c6a075ecbb25e297ab1ef70ffdb8384ecd77c6ef65ceea24
t2t_L10000_5905	5c05bbdb6989e3bcd0786ce767dfdbb1b19d3b313a9789caf6ec1f6a67206d9b
t2t_L10000_5906	e5d53ba629ea518f5ad567d95564dc075955f4138d873cbb5fabe6f15ab1ddd9
t2t_L10000_5907	4e777edfed00f308c0352fc7c3d433c3b682bfdd78cc1d3845e8ce6901dbd080
t2t_L10000_5908	ff0990ad03c378e72b0c7c79d982347be8637fdcd92eb5e289bf6b4e40d7555b
t2t_L10000_5909	71d56b1ae8168d6b3191bcc29a34771b0ead590ea6b527e07c17ef5aaf431c82
t2t_L10000_5910	5ce950f4f3253a28d5a31fdabb901e44d492ffb16df8ee18dd9f0bcab7fb0b44
t2t_L10000_5911	25d19f1ccbcecbd7687af845284344904e877caa340b76c23b0c05a1df424b23
t2t_L10000_5912	df8c0939bcec101f3b3a8ff11a01d9413d41c2038ac80c55e2e44359d28b24fc
t2t_L10000_5913	84cd548f325f8ff677f5207959aa39e0fb4403f3e8a3edb46f73f101a765d1fa
t2t_L10000_5914	95a74f06c1658e36da3145d7a9e63a8a579fc8abc790d8474fdb775a26e04132
t2t_L10000_5915	7821c641f0015c8e36a52a3212d19629dee585aa50abacae1fa6e50329cba227
t2t_L10000_5916	e343353563f79f06dce2631e1a8d7aa37c3b420a5b83be938c51f95fce79eee8
t2t_L10000_5917	74881914255e1a3cbac7cfaf262d2bbc0574343d874bb99f07597e238192cf46
t2t_L10000_5918	96d79e06efe30a20a0698d04ab816f1f9c9faf8ac93f977c63271243e7b1d73b
t2t_L10000_5919	08f899c83d884e765ac77f834c74b7a31fdd195932c5805ae7d2a930450faea5
t2t_L10000_5920	7621c4f880b9ea664665bf2fe045d6fb77d2dcf30f7fb79227dccc3c9952f22d
t2t_L10000_5921	e4b10874687c78a8046881cb480637ff2755f7b505eb4f6dd849fe951372ed2b
t2t_L10000_5922	36fde303038b1f7f965dd5a5c6fd50b410f153b254dc38ad07d7534dd9b738fd
t2t_L10000_5923	7e13669e2123b2ec945bf42f07c11e8636070aae36e88a68f71dbc7590366cf2
t2t_L10000_5924	78194d369d903bd8c062a9f7fedac8bbb84e470d1088202739e820a5a852e075
t2t_L10000_5925	922e9a4f6c415c0819a79621ecae7c89974b91623e6749e11b3cf1f8628d7502
t2t_L10000_5926	7fea89002e62e03a7263ff735eca9ae9b08a20ca4dadd3bd02d0c90b6f39d47d
t2t_L10000_5927	1668006a506880dfbd75ac932869f2f85251a10494557233ac43e9bfaf657ccd
t2t_L10000_5928	7f560c0ef196d3d88ab54438c214488c923f920b8d57715b0f2aff1faf93e2c8
t2t_L10000_5929	7dc0bec139007d615cd9e4771521fd51a781452e37655571be8c5018ec82dead
t2t_L10000_5930	eb5c25d8f855b8698dbd78481067c5d20d2991eb193157afc5fa15f760f5c076
t2t_L10000_5931	fce4772b73cf756893f7687e0535e9fcea9b48c934c17526a2e85cd028cc71a0
t2t_L10000_5932	45d8ec80a875f948785abb56243c51b13e9051c879acf5d4cf17f38c9967e5d9
t2t_L10000_5933	50939b94e958208b786bc1b6c4b037150596e2469b2153971958dfad2d36857a
t2t_L10000_5934	08fa1d3334fd7da77eb170d0c1ccbab0417b347656ccaa38c5854d9603b75bdf
t2t_L10000_5935	3402b7721254307e2c209c8f4017b2b82c76f85e58648596f87b6a27bf114808
t2t_L10000_5936	ef23e5146262e850b35b81e3de977291505b13560df9fec72d65f06d9a47c344
t2t_L10000_5937	911d1fdfab2efab2326500274ba57965db8654f6c3cdf0ba39c7f1b4f54b030d
t2t_L10000_5938	24a59e008ec9d287824b53a84eb81d2fd16fe66e94ee798f70e5ac3b3b6ba9cf
t2t_L10000_5939	23d001e18dc9fbb76d5344a58153e940b2dc697ad68b63fcb9a72e7841ca55d6
t2t_L10000_5940	b93951ec76c121feebf41f5ee32c30ae7d675e96a7e1c6baf48d3ae1f0a936c6
t2t_L10000_5941	84bb89ccea2df81570ba30a698f9dfd40359625d2dfc7656a9f3a742c8281c69
t2t_L10000_5942	9f8d83d392e4bb5e4a99eccde802770a9b5cf1bde0e915586bf9c8650d430d7f
t2t_L10000_5943	1c052190d055be76ac865caf76ee654394466ed9d046fde5751c183aa75f6220
t2t_L10000_5944	ae7f29fba9a0524459bf036469726648a13f8ef43960d4da2305e115f7740238
t2t_L10000_5945	9af297d2f2a233cbbbe6bddfe663a3f1d1bb3b1f5fdcaf3093b1dac65f515237
t2t_L10000_5946	2f0a351bab1a1cdd5f0e8f256bd07a51cb5503e102e6387880eb6d701c9fc438
t2t_L10000_5947	cce9b757d5278d94ad09aa0443a0ad5f3236b4c428f89d960265eea234493dbd
t2t_L10000_5948	4fd0d2254dbc395259b1fb436d139fa09f767faafa1ab678459345e81f53da34
t2t_L10000_5949	af77159fe077108cd205c04e6cde8bfc52fd4c752cadd688a2530aac7952ae3a
t2t_L10000_5950	7be170d1a12aa9c481cb6d3364b56f0ac5a5e37c0931067fc88ca2ce86658243
t2t_L10000_5951	785ed6396f2f808cd16b0f02205f57f6659adf3e51b547c17cb7593df67bec28
t2t_L10000_5952	bbea0ddaf3a6c0a5984f59fa7bfad7118797be15d3f5dfb9203b26aa6a1e0434
t2t_L10000_5953	8dd991d68176a3b51207c411b610d970aadfa4caabf981bc1dbbd35329b1492e
t2t_L10000_5954	dfdbda492b899be2715be3568e3699cbc942bba62274a6965dd04553cb16cefb
t2t_L10000_5955	c6af8df9331a059cb697f9e844d640848228221b9a91fb682981c734c5878545
t2t_L10000_5956	29eef158749fd34b42803d60149e977fb20f8d487c19f97c8f236219cce996bc
t2t_L10000_5957	8799a25651db7b78dfb55bc1889e74901b6c02236fba5e9da0c99322dca81ac7
t2t_L10000_5958	df84789ad1859f79b33f6ffa0ef4561b01d92306018a03350c7b5e396c686fae
t2t_L10000_5959	a48ac07c5f030ef0f43acd886f2d155b5cfa186499f153928ccc4cc1de7748a7
t2t_L10000_5960	65c4046c21995c3231145570caaf22145aa8630b9061ef2aa5018eb146242ef8
t2t_L10000_5961	3f814047026f6ab79d3d3726dba907882d9d2d5d910278b5d7cab4c00d6b58b2
t2t_L10000_5962	e33c79fb98db959fc739ec3675cb1a8d08cbe39a14f7aededb1432071f6350ba
t2t_L10000_5963	56201573cbe6b8d5cdef569babb2c1532287a32e5e4b200d8bfc3f82301f54a9
t2t_L10000_5964	08318938b384858eeca486275fc5ac4bc20099f88d106d755c457aacd44603a2
t2t_L10000_5965	8d472d6838ca28b8b2a79f3ea50348bb5a434e3faa9cd7970eb3c9d06ffb592e
t2t_L10000_5966	54b8c4318eab3dc6013817c301d9c84cd4405c7ab85e8cfd5a3cbd4b5fc208e6
t2t_L10000_5967	5e1f915531ecf82e41c4568ceba54e8f9d18eaf10ebd9762697fc8e1dd436f94
t2t_L10000_5968	e9486911fee82f549ec5c4c2b5adc9a0aecfbc10b34c702e8a73ba7fedf5a583
t2t_L10000_5969	39af9ba6440949e53085c10a03c4664b68d7c8693f95f275dd0413195cf60cbc
t2t_L10000_5970	dfa728d40f46cf36ce40966a7ad66ebc7640e988d1ee9e3108ef43f3d1714b17
t2t_L10000_5971	01e2ae97c7e7df4df16ec19115b6bcd0e3d818df6c39c2df0a3b62291d924410
t2t_L10000_5972	3a72aa1921685aba1a4f4d0b4bffc4ea6f4bfe1a10360053bcd56f9a0a5e3723
t2t_L10000_5973	de51ec7602eb03a13ab732b4afb1c9784c996a92656e1d76f077a230ddfa9591
t2t_L10000_5974	88d2ffedbe831ab8810f30545ffae0e31b887b55664264edbc152d823dd23fb0
t2t_L10000_5975	fd79a40cae1a29970b21bc5b024245c596711e97f7f5da423e6eeeabd89056bd
t2t_L10000_5976	7eebfd5f9fe969a66061d8b24dd4089bcb2db764a0450b5fb08dc7350bc286ef
t2t_L10000_5977	5ecfb2524e14006d75b3b10065d6b2cb25334feb396f5d52cc8e2f9ca7c3187c
t2t_L10000_5978	a5d5b1d22f7092f2a6367fc0b99689932a26944391a528f1fc0a994ab9c341da
t2t_L10000_5979	ef891898a6fa35852a7ea4c7c60059c91e5acf58b43082c2d75f64801e25af24
t2t_L10000_5980	aed359201fb189f83acd5b84f5c387b1c0819a30d32723afddec0b24c6c65d67
t2t_L10000_5981	41b8daea622c9ed13324cc101cc39c1d0113db4c4cb578c697a02bb831c458b7
t2t_L10000_5982	a20cce2b557fb6e4416347d2be4127d15a608b5e7930d85a8c0bd6b8c1109683
t2t_L10000_5983	e49401c3fcd2b542d1aa40c7e0dbeeb03e643db91741e8a5239f139b30701abc
t2t_L10000_5984	777d0ed54636a9ff174b6159a6d9b3a78a44e3c3bdf3850774ecf7e1eb7aeb16
t2t_L10000_5985	fedf8e27a05b455507ea0f019593534f028373f9a0eed914231f0eae12bb1fc1
t2t_L10000_5986	06b5564ff35e34f62df658f597c75c05c5db7d35e0e36197b5813b70a4e0fd63
t2t_L10000_5987	e38d1f7faff71ca5748916c6c05b1087beb7ea10b34f004c75ddf53462d1520b
t2t_L10000_5988	6a65be3e1c6e820ac741bcf23e5ec0c8b994a4d78afa2a1519903442ce7b3bdc
t2t_L10000_5989	a4907e502637a32ef698e872cf9bfa6041bb1b159646b05e8ed4a7731c5d49d2
t2t_L10000_5990	6b23f1266c5b871be52a1cc00395f3bf93bb10cd0e0dd36981c92d8835fafc18
t2t_L10000_5991	6876bf4eb4a40ed0fbbfdf2f096510d294763659763515d75098ed6a0e7c86ed
t2t_L10000_5992	553ad59d1af367d664011907a47fd1756261116a77f865135af01eb45327128d
t2t_L10000_5993	49a675b23f70de6356f3e52cd5288917d501dfc6324b36f49ab5ff126157b4bc
t2t_L10000_5994	d6707c0225e58ec4a96ace5998d23dd7d55f18cc6ea84f0cba84892a25d7f3be
t2t_L10000_5995	3cf38b3300bbf8a49ddbd58b6fad2e952961b782787e0238037c34c9682a2528
t2t_L10000_5996	ef3ce8673f43acec091938c6044bdbf8db9b9b2bb46f94a64906ed1f8f9ab551
t2t_L10000_5997	424eb65f824a33edc1a91dcfe68fb06dab7403e45f398b11fe0895d9a6fca1b9
t2t_L10000_5998	070a582f9081012f3ee3e0eaf3c275a5b2f9f8df01c5ee670550ee7d51882ae8
t2t_L10000_5999	cf1556da1e5d96cc39c66ae63e52d7cb054454a21c1fe7ddbc2fcbde6e11c12e
t2t_L10000_6000	d9cafbf68f6fbbce0dbf2a380a452b41f9394d8277db00bcf0720edcb9dcfecb
t2t_L10000_6001	f3c82f76db9d80b3e73e9e1e857dba07f07f138d7c261637df5e5de98174319f
t2t_L10000_6002	35caf84f9332e7b5e6a26f3cdb36e8baa4ad1c649fd3e5e66cc2f311f28a7b29
t2t_L10000_6003	f185115a5a1d44a19b33be3b1dfc90040329574478c35bcc22f37d9a0704698b
t2t_L10000_6004	6f479d9a59159dd0847a0136a2fe680251b210054dc28bc07f22814c13425a1e
t2t_L10000_6005	ef11c2e9ebe1e2d9e0442515cf6e2831f4909b7f33e829d7e96c4639adab4825
t2t_L10000_6006	df46fc9862cc7c38d5d1560d2820c49c8a44c92f0a1e829148bcec7d339d6b02
t2t_L10000_6007	2326897738c315c7780a9aa450e17354479f4e3f1717a91f1fb3b7ba2e4b5190
t2t_L10000_6008	ea237e4876116d253320213ff8a342bd86b47141f420a6c1e8d240bb3201fffe
t2t_L10000_6009	3604724ee22240270bba93f69d7fd6bb884c4d4cfd5cb6c175b06921dd16c659
t2t_L10000_6010	54b77844155e961b9e6cd1e284b87658537806ebc07482e664a8d43b952cc986
t2t_L10000_6011	5fba13893d3acf0f918f4626b1f8ca04fd942cae1486efd0bebae14eb0df5690
t2t_L10000_6012	0b235cc93a6e229c123c25d1ce08988939ed340abccf1d3380e774348c726d87
t2t_L10000_6013	6b003857555935896fc4c3d6bfdc3385e79b28b6388069f64aace69a6217c969
t2t_L10000_6014	6df485ebc4e567186d04ff43e8654feb316bee7f25c95abed8f929589782f0f8
t2t_L10000_6015	2814764c3dcc2b2ef5a2ddb9ea54a1877ddab6d80b961c366a174c72f22193e9
t2t_L10000_6016	c2bc70d5e47a7311387913babeb2063d3620e67ceaefb5d315bedb0f658a240b
t2t_L10000_6017	f7c49184c240080e1560598df6958f74479f6115919c4a8a0e4956a237faed97
t2t_L10000_6018	751279665f1800e6f5a91d192bb244b101ba75106efdd7da13dcdacae2da32e0
t2t_L10000_6019	f29fa42b5d24ace3bdf22a0bb68852bc222aec0dc987427927a7de9cf7dab279
t2t_L10000_6020	8bc70cdc31232baea2c85cd3c015a5581ec3013cad1ab7a5282eaec82abc09ef
t2t_L10000_6021	3174ea67985b804fc728628dcd9b621d78179e42e5d9afc94f45b5307987121a
t2t_L10000_6022	ef008ef535ef3fcc481f01f918728b307e6abc0d79cf3300b2eda3a37c608ddd
t2t_L10000_6023	3be59f5b7f7385f000b5e51ab0a30197202730f54bc0292ac014257460653be8
t2t_L10000_6024	b79161d24cc7bb800828e808b752e118ef32a0035f8d2fd20a219081eb894ccf
t2t_L10000_6025	76e27204fb6fcaf4bd09f506d57ece577153008d0c727d4f8c52999b031945aa
t2t_L10000_6026	6f57207b99c9c7f7599fad454a73702946bde1d80dd466220b46eed9ec975043
t2t_L10000_6027	d92479bdaa2b4c81054c3513f5f83c61dc88878b5d65caa899897cf4a7e916a7
t2t_L10000_6028	70e6b15d4c02096488229d05b981e5b615c5a1cd104ff64408dc208bea9d4a75
t2t_L10000_6029	ecc6fde427610751a0c901eb5cefc08c76d59737f9dd3fcf0552621909c799b7
t2t_L10000_6030	dd912c4cc1bb18cc949ee8f9652fd842da57257d87a904dc692e76133a042fd8
t2t_L10000_6031	6792fd67033712c0e235b65095b15c158a3c997f235bb1b051f58c1ce01cf10d
t2t_L10000_6032	2ca132fffe44116f6ff7aa573816416638366899e0a402c679f88263b7a55a6b
t2t_L10000_6033	5bb561e12d366439e341f88710fced1f39879513db2ff35c3f64bfa0ecaf0667
t2t_L10000_6034	7f29bbe0fb642e4fc1d69b4cd99e57e5c983367780f17abdbf4745a191a2df02
t2t_L10000_6035	bc9c790de20ad3437c6a5a00e111af34479ef652232976aab769732598c2f1d5
t2t_L10000_6036	d677d52e4178e89a91ba1f2a188a654e6d24006fd87c72d22017fd8f7f583226
t2t_L10000_6037	09f7c179fe307478d5a85971b221ac269322cc803f6e7f9e2a21b93724fc618b
t2t_L10000_6038	0ffe0041fb3d63acc89f6ed4719a7b5a16ef4b4fc5fe4371ce78ae3b1c74354a
t2t_L10000_6039	2a4f637cd63a7e477f32d41fcab417ecb688c94c1954e455a9365c185a89920d
t2t_L10000_6040	dfb91a147b685986469b7e9abfe1b43fe651e2ed6cc803db256f48518a3a8365
t2t_L10000_6041	a7d149c68aaba9421bafd0a42ee72d0696f581e74f2cd3fa5b903064abf75a6c
t2t_L10000_6042	eb8da9d56fb740d5f5cb4fdbb1e9cb30dfb29997cac5359357cd0721cb327f91
t2t_L10000_6043	c5a91676c52b4161dca65b0a6c09f52028c5dab2f1ab1b9e93df75d8886b5dfa
t2t_L10000_6044	812f14b5f09ad61206149261e234554097999b08de8b8408d7f2482264f9edb1
t2t_L10000_6045	baac9f7f543bcbf6e42b0b4170cca93688c0b0dfdf69fff120e2358f5e52b3af
t2t_L10000_6046	56c06944b9123e32d09e4bcbd5e58f37f69f65e0f111cc95a3e450e51e1d96a3
t2t_L10000_6047	771a00cadcf5e0fc577f1f76e68b190b467e1b63579415a50d53997b9d27fe87
t2t_L10000_6048	d0c785b9cf2cbc97213d385b3c9a4ef093983c227564f57c35e476d17fcc2017
t2t_L10000_6049	eb465da16dec27cbcbb882f3a0d45e45cfbe28d90cf026a2bdb15f209f4b9344
t2t_L10000_6050	b5f1d21b20acc40325e055ad9b6ab01afc3d19a8385ddbefa940cc211b9167d7
t2t_L10000_6051	d2a0ba940abfeaf4ac80b62eb9200d060350578d165cc9fdf7625ca7c612af22
t2t_L10000_6052	4dc7a746d5c4431244d9afafda7bb51087469607d3d0d3179b798d711474281c
t2t_L10000_6053	db5e736d2a06f5f5a6c61d764262211dca6ee2456b041b540cb77b44d9671e83
t2t_L10000_6054	e6b0197b2d7b07242204c25c272efee113591f0e6caf4c59e50cc1acb67911c2
t2t_L10000_6055	8c34d1ae32ca00454eba068cd4691bad05ef662c290bed55124806c5f3354d5b
t2t_L10000_6056	a4fb432cc744ae3d3f5b09302765ba51bc20090da658a003962376d76502256c
t2t_L10000_6057	15bf2d8ea3f23b5a5d08b965ed35d179b1ff8c01c56f182a71edcdb193ab1b89
t2t_L10000_6058	3c6235dbeb186d118c86fe7373eb47825303df96e152222acf7ca45ff643108f
t2t_L10000_6059	92d4e5a902203718a1902d5e354fa47c7056d635314f4c347217f84bb968b4bb
t2t_L10000_6060	59784f64a908c37cd4f70da2f8ec89a66627d3db97a5dd42a633f8f14f9cfaf4
t2t_L10000_6061	00655c44be0ae9a8a802b1c7def1cd4e08c711a1bf43f39dcae78622275d9ba6
t2t_L10000_6062	58fdc0796cc4ef87d42e28073f67ac33e74d667a6b9bc0c59147cbecc7e1a741
t2t_L10000_6063	78d5a900e70ba9c664f414ecd69c58b56328f68f17640de4236736b3ff555ea2
t2t_L10000_6064	eceeaa9ae0a94d3df373637898fb47fcad95956702d01dcbcd04cd3377a07770
t2t_L10000_6065	badc53b68123e327d54e25fab557812125070aef934e1529dbdd172a0c3b0dae
t2t_L10000_6066	fbfcece49b5a1c92bfb4e7ff172079df6f1312dbbd48e2e2253a902860fc4acf
t2t_L10000_6067	4bcc542d9fec7e137ed7cb49888327c81180e782010d3a771b4b90556acfb6a0
t2t_L10000_6068	8c4e6dcdfc8524ce8f506c18f45dfd7f035c1df8885f7eba2987cd715154f4a4
t2t_L10000_6069	7be2a8139e81631c50474923d18438288decd7b8cb02fea3633a218cc13a4939
t2t_L10000_6070	b89d1d09688b9ce1dea35501e55cba6aadcec65e871780e5afa7ed06911362cd
t2t_L10000_6071	0b9d204a51476e40acc3c744cc78a767936870ea2148fb1adf281987430f1de3
t2t_L10000_6072	c1911360070959ad75be366b1f7ae1ff6238fb7ae9f8aef45a777fa5be692ae9
t2t_L10000_6073	11cd5e709d8c3ec01989aaf02282244e4f5a71f3f2e34a58c4c0f7e492ff8b25
t2t_L10000_6074	ded5f32a8220f40dcf05697ebb893440e214caab381d829edd4aaae3a7fe64f2
t2t_L10000_6075	a52cacd594bc9020698fb5c23c2ed06a8416c638745a109c5e38dfd21a6ef2e9
t2t_L10000_6076	1d798253792fb5fb32c73c38f1e8d2af86cc64a89d0090d98811169b0888e2d3
t2t_L10000_6077	f71b91c4fc0b21dc683b66476c94c600001b32bf265124775e1f81e9733174f3
t2t_L10000_6078	ba733477c33ff2648c4757d4ad7d0a96d0f90a3accfe609f4ad499e9095f9f4c
t2t_L10000_6079	db9a6fe57428d721693c2539d64b6b39b8ba9a1c9cbb43da9604ec30d549caeb
t2t_L10000_6080	6ea04a5603d0db37f9e3087ad5e435d77ae45795e5bf1228906a9f1146a272ae
t2t_L10000_6081	b6faa94594ebe9a8cede1334334b4928917a818ad311158e92f9bbb22fa34227
t2t_L10000_6082	1a5145bba924651f292f5633654635ea31be49a12893011deda88c1526fcc897
t2t_L10000_6083	2afd1c9fb397afc22075f75c4d2caf38434576af83c6e646a0e6c081882e7348
t2t_L10000_6084	da10836353855b2b34eb514f83e6afa7cc3b3951dfc6f61c6a265e6b05b72f1d
t2t_L10000_6085	46ee6eba2ded97e827c33435e1fe64c3c2695f419326a9a3ec4d9127e4c4ab5a
t2t_L10000_6086	d34332ff648bce37b2b3de11098566d455f43eebb7def481b50a7032d6f468d1
t2t_L10000_6087	1e0d687db1709dd08835e040a5cf359b7702890de0350d6eb29075147b4abbbd
t2t_L10000_6088	b21207a7c5740d20e799405b595d311468cfbd71566adb811b817a0c559f5c93
t2t_L10000_6089	cf72ed48b30314739301d31f9ef37329350d9bd5e152d1d69b519978a1046e7a
t2t_L10000_6090	baaadb6db540ee1798ed2c226fb8d93b24722f06280ba3c2cbf4f01073b1f1fb
t2t_L10000_6091	dc33387bbe2d68f2d3d196a93f337089a3ae4cc6e0f210962f23d223497b0dbc
t2t_L10000_6092	01570b7260f05c7943c7c5e134eefb24ece0224526eba8684b1fdb6408838fed
t2t_L10000_6093	ef3724c9bbf5d4533f76e1f1be925aad96e6dfa5a49e23e6028989aaff0146ce
t2t_L10000_6094	acdd80d0529db6ddb24997278045e6f3b6a7c6bcbf03c5aefd73210491fb6d04
t2t_L10000_6095	91d83ee24ecef2ec6300c6eedae56ce3412df6d6679277e723ad0c4b512e9fd2
t2t_L10000_6096	aad16cd3300d4a4cc63041da3fa9707b174c835b77d02a63d445e5d3a8e2c806
t2t_L10000_6097	4251f60c7ccf7112dda8ebf3c5b6264b95066949a1bc823ae26ec09862840786
t2t_L10000_6098	2099c4383bfa84e4c0e6a18c8e7493c58f6c9d5f598bb7c330a57898637867f0
t2t_L10000_6099	911aa7827aa6abc1ada579599c6d614c86c7d13b9206463bdc78ee6d5069f412
t2t_L10000_6100	9f40ac4a8a515ef5474681847f28da25edb4958dc9966bb9cdcd6618ff86a9ec
t2t_L10000_6101	f1215a40f0bc5d6d5f9d6322e4056012adf15c29e1273015596a986beec9ee65
t2t_L10000_6102	4e1e25cbace03010b0ad7fb5f9b630ec2b8e77aa7bfba4ccec36328ed385554d
t2t_L10000_6103	dd7c16cd233878b6d0d2c221c92d75f066ae3a9384740bd580f59c836a13b05a
t2t_L10000_6104	ceaf2345ea9027fccb4a62badf43605642d0775c7ea3b8c1d7276da0346da05d
t2t_L10000_6105	ff0771bfa649190d42a8908b3156e6f77904777e8476dc704f401cc214f4fb79
t2t_L10000_6106	9857136d75f288899ad3c667ea600b19b9c8f5167c7b7ff978344f1ba1e329ed
t2t_L10000_6107	e7fc653dadceb306c17705b61cd15a334bd0d3c9cb00949f3f6b95af0a78f23f
t2t_L10000_6108	27b732938609dda0ee15f594e8849db1b0c34188b16de12fb410181a242c7404
t2t_L10000_6109	e2de1e9314df9d4ed62e310a84afb523c0216ad89750bd2afd256cfe34771ff2
t2t_L10000_6110	acb1e19bb272cf0abd6f67fd85f65261cd13787037ad644622008444ed1d763a
t2t_L10000_6111	f0aade704c696164e513b7832044ac81943430978ea9e7930d3e61a15e5e4bf4
t2t_L10000_6112	807745015fba676629bf0c760658684d0fabc5eed473231159bb536144993dce
t2t_L10000_6113	a9ce80f2d889f2682e5b893a35ba7824f986a47711fb7b768eeebbb7e9acdd3c
t2t_L10000_6114	db8ec87509b58d546c681c1bf969ac2ee0ed6ae9f4a1549c8d9979a92a95073a
t2t_L10000_6115	9668bfd5c86ed9e5ece1420c130d4a14824e0fb1b9d9649f02ca18c95fca06d2
t2t_L10000_6116	fd00a2e93b3908fbe4ae82e2c4f9079eb2d894b26a375a1634d4ec38330a3fe4
t2t_L10000_6117	0481a72c2f1206eade1f74832674ea47ee7852b2ca0ec79a1679fe5332ba5f10
t2t_L10000_6118	548297f878ddfed7149b7ad7edf9bc345527fc7c574058b214e1ed230a6ec198
t2t_L10000_6119	ed9c8c426a65add49aa090eb6390f93fdaa96cd110bbcf1dc5c64b13cfdea5d0
t2t_L10000_6120	894c9b8cda2840906c12d4fbbcc2219c08b9b5e69ec45f3911c27b739219d7a3
t2t_L10000_6121	37cb7afc89540a0c5625e22fd812db8f864ef8f94541168d41225db57155ab08
t2t_L10000_6122	ea531763748709d6dded3126ab518549835a17b97f5ac5a5ed74e67f2c3f3808
t2t_L10000_6123	a44f6eca2be8ba6b8f96f582a288a2c560911defb51651b3b30c892dafbfe046
t2t_L10000_6124	2894fc07a3e6e97bcc7422a8b4cfa688f776c76d984947a088f4dd814b66b886
t2t_L10000_6125	a5eb2536687a926bad3fece6283fdd97d664357df8f087f8d75a1e71b757d708
t2t_L10000_6126	4512c259bd628947acfa19b344f60205bc5030f2e90dac405714ac876d64329a
t2t_L10000_6127	0e1e6fbc719c5b7eb6dffec19c74bcb83aed1ac54219ea1dc1109abe9d7b5e37
t2t_L10000_6128	7df9572756281c313b376a41dc032a331e63091ae8d0693ede5ede990d0e5a79
t2t_L10000_6129	39bb3a407568dea34c3f84f4f56fb4f95f0fafc1541f241b4a2e14fa3adf420e
t2t_L10000_6130	2c16cfd2a55f0f54abbdbae3c1a5a83e28ebe2ca2e1172bba8ea90d0ce6bc364
t2t_L10000_6131	21d2027df744fe734bef1af8e58fad8380fc664ff2901b65ace1627367df3bbc
t2t_L10000_6132	18476bb55f317a342154b6fe49bd9d8550bbf1c1c30b97a64733b0c63d8087b2
t2t_L10000_6133	c06a807f6a8422dec0d28ade7edfb0f07ff86ad81fcd74d12489dc621bbe7bae
t2t_L10000_6134	e0f2d06ef6cb7d51654d5d5786471413fda96e3e39d981c6b9757dd3c9336b49
t2t_L10000_6135	b5bbb1af4b30ad353249186b0f6e851274a556a3900765ab4c52717105dcb40c
t2t_L10000_6136	52aa76b80e229ca70e6c88f836d5ebda1eccb6bbf235ca37216bb59885cac687
t2t_L10000_6137	42b4ea7a44b9a947804c012838a73877826a96298a0d49079601b59a92eef981
t2t_L10000_6138	a747b6cf501fc8146fad9629db6dedc4cf7172c9de4043075e2f2a5bde8a64c9
t2t_L10000_6139	69d04627bb7b90a53847574af2119be80895b9717e062b4a99be8f07b51ad481
t2t_L10000_6140	5e748eab6e6765b43e2530a8974007888da239812ef35cab8c775a1184c82cbe
t2t_L10000_6141	cd3aa260573fedc097b9d740eba702151b2ceeaacbfbe2667da8369e1eadd4a5
t2t_L10000_6142	f0c093eccb791c3658a40e1392ec0a49dc6d389f56eaa1d5f346a44a902c50a0
t2t_L10000_6143	65201fffe053666d60ee532fb62f93e05db9897ce9027c2ac14f70d570d62c80
t2t_L10000_6144	32077dc58f0a3bff7f0acd8c787d7ddfb2e8fd4dfc52626376c9480240668070
t2t_L10000_6145	eebfddb727a0e713023c172413fa22d722454bdc87a33b834d6b0431e6fe92e0
t2t_L10000_6146	0675103a09657ff52852ae6b2a29259d3ef6d97e66968f252f433a801b7faceb
t2t_L10000_6147	1533e6209e7d885f5d3ec53547603a4b8c9bba904360639021df0634bccf929f
t2t_L10000_6148	55d724359e228973567748b9ce1d6e0cd5ab3ed58afb109354e0de0c99daf2fb
t2t_L10000_6149	7203cdddf1409dc6832952f5e4096519000b49c85908099c59c136765af8ea34
t2t_L10000_6150	cdec54183cb94e46a11185ee163cdfb498791e14d94483b7ff13aa75da98f1d8
t2t_L10000_6151	580b1e926d74422ae15934ebe578b47349e773b9bf1eb3023a339a1433010154
t2t_L10000_6152	67791021bbe4526cc0ea46316b2ac4fa1ba0d16092334994b7ab4ced1bcf9e8e
t2t_L10000_6153	a4fe39c86f9eaad472bfe5c7ddac0b1d96ba1a592c948c98ed7d80793a89e772
t2t_L10000_6154	4d74d948f32042bde4a5faca1eaa9ead41c843a3a4def35694e9dd954deaf411
t2t_L10000_6155	462de75994138d1b43ba2b3d65f66a877c7b5d32376cb7437b0ed802d9fa8e0f
t2t_L10000_6156	6ab84c05cc6933f384eca9ffb261934067ac2021cedef3afb80f1b1f9f2ba5cb
t2t_L10000_6157	0f08376fb3e4d67a1103f074ad33a45bd7cb6d587f44000fb849dc16d04e6cb8
t2t_L10000_6158	aac8b3e345a4f59b92776b18ddc21d6ee3261e714875d148e57d948b4d7c67a3
t2t_L10000_6159	baabb0154a6a1af98bf137b6de6290dcdb9555c7feea779fcf625529dfc3f385
t2t_L10000_6160	b42ea1bf5308fd52135da7b86d88d531f91d01633d73cec21a1fbc924962bd0c
t2t_L10000_6161	ee344fcdbeb317df457c55f64e9f9330c1c80205d985c69338558e617cf6883c
t2t_L10000_6162	394590a1ec0ab1533beeefcf74fe1f01c1d10e25cbd5c18410616dbdf46a464e
t2t_L10000_6163	2f7dfdb0b786ec30fa793d263e21d9d1e9075b2b7a3f8a91e080c4e592b2841c
t2t_L10000_6164	ddcc72b2e1db806bbb71591fe7933a4642ea8a99c48a3669e8ee6dc9ce4114a4
t2t_L10000_6165	be8b1432c83cdeec7f9a4fe2a5801f9f25a57c65bc843e1f8a559fb776d4f68b
t2t_L10000_6166	ad88060a0a1f276f9972fd0260bbd07d60f4ae1197fd37c451c9135dad17268a
t2t_L10000_6167	09e2c1e7264b0ba1bef528fdf7f9fa7040b024d62a6454b0b27de3c4dde57741
t2t_L10000_6168	d1db56ab145cc1ff12053a1ac438f0c0a03cad5e021dde5689199c0409beaecf
t2t_L10000_6169	385401a5b330700948a220585b8ecc1a30a602f2f653d62d08afdca739e5c615
t2t_L10000_6170	b2932464956cda12036c8e0eafb6d0b8f63d9f9808cfd37b27727b537af1c193
t2t_L10000_6171	75e7db268cd77fddfdbe041b573a66be49c2eefddee926c315c3f603cdcc06e7
t2t_L10000_6172	6554a4430c0eb7b4c8dd022a4ad3e87de01ae94c5e34cfa6195ae76e4ae13348
t2t_L10000_6173	e98f7c57575f5e7710d7a305e6e8565e2163043381b681475317ff92a391e6e9
t2t_L10000_6174	697f44b35ba49a2e92867db0c8c6d1eae6df7e4fbb9ff57de721f3c80833f3f8
t2t_L10000_6175	c3c7f876c3343a830308f02109df7b529f3bc6e50245addfda478a65646da809
t2t_L10000_6176	a633d34b2edf299e3b2dfa069f752ac4a28d9118658995dd97262a70b04a57de
t2t_L10000_6177	3004aee57588646a1db82928a23e9ac777e3f8db5b390d7c179a719887d008ff
t2t_L10000_6178	484c9ed1490c1c8f1d180c0606a4c5ddbc839704bc089255ca846aae598e564f
t2t_L10000_6179	65c3b2d501bc56f2a065956a476a13cfe8cfcb6cc0bb24fe6934bfc48cc4d5bc
t2t_L10000_6180	f64cd691f40a7009a97e124b07652107c50bd44bffefadc3de29fc8df71b8cc3
t2t_L10000_6181	0d5052fbf5db36b01915e27091fc052f09d87b6d316c5181a6f540e08f3f3a24
t2t_L10000_6182	de42113e78550d17779c055fb4798627801548a0d3e21dd3a375e996e2ff81ca
t2t_L10000_6183	c1ac41bb6034e1e92fff6419b40987c7033fb92fa49e71bfc88d4132bddecfe0
t2t_L10000_6184	67f74d97dfcad4349d9cdae5564ca19415b60bf314c2504b981a342687bdba10
t2t_L10000_6185	3b0dffabfd7e3fa7f7ae7cc7e9e10a04ad725be34b952012ae0afe8f062be3a2
t2t_L10000_6186	c96742d9aaf09c044d98923a8c50ec33f70d100b04bd88abde9d37d307dee024
t2t_L10000_6187	6d20d3b1b172594f99971b289860bf7656db168abf499734553f82a6212424df
t2t_L10000_6188	b2850674de53a38e9b81d1f9ce00b1884fcf5f51dc590abb30186dc6f26f61bd
t2t_L10000_6189	6410252629879a618c93fc399e31f59aa61a5a29bc7a94b8b14be113d87d6241
t2t_L10000_6190	24ff7a15eb73710b90114e72d9fb6c16c0a9cbb0f65b0a2d03e6dc23e4760c1d
t2t_L10000_6191	9dee5e0ac166068bca3f9f6ba713d7c4f25ccbc1dbc0b53d346b113f86bc4315
t2t_L10000_6192	e747acdf8d7307494eada6d5a3054061371f0a16d8f56962091c2cea1600076d
t2t_L10000_6193	b765d0d7a06635c9f3ae91f7efb989f649d19782c9747effdf4ba58d69a0b12c
t2t_L10000_6194	3dceb2541815aabbc7e0a6bdc8af087ef749365a512ef2b7ead94c87adcc8aba
t2t_L10000_6195	2e60c826614b76d4668121f3de82e45e64f37158b7756ba692ea397083e33acf
t2t_L10000_6196	d9fd3afee172d21b13c9ffc51ec2b00b53d8e318d5cfd65ed28fa73fda96324d
t2t_L10000_6197	b5694467fc4350974a8c529ba05036e50973a34d674c4b1966c59fbec563fc6c
t2t_L10000_6198	1b30bf1413342179b6b905e12b9d843986b75dcea1ca494c5aecc45ddeab714a
t2t_L10000_6199	6e86faff06a7bf8aa55703575fb37466ed2007c5a1bd853b0a2921f7a3774569
t2t_L10000_6200	ef9b90e40a35fd4a96d87df4a07c3ea9d2a7f5369386511350da90caa7759f9f
t2t_L10000_6201	de7830e89be82ec9aad0d587a10f525330024a043b643dccd8c669d2765b80f5
t2t_L10000_6202	df9d001468afc7de4ca035574e325584bcb05c49a028db2c09dfb903558df3d0
t2t_L10000_6203	ead45456fc26cc11346ab8f57d84b726ae53387895698eeed4fbf3bf75a5af78
t2t_L10000_6204	ff82847f05e52361b7351576697ef3635ab8bc1839f2d21c1eaecc63749f48e8
t2t_L10000_6205	3447feaf078bf9c35213c0c0965a4b253d5fcdfd6d2983c994475df029ebcbb4
t2t_L10000_6206	3642f28ab9dc36a8451692b88668fcb369e1bdd915e37aa34cddf08b9feac094
t2t_L10000_6207	0cc134ed75ef810f4c398ea202fc49ac0e9cf849140b221d97e6eedfaf0665f9
t2t_L10000_6208	630a2acda73415abda6f48e2a3a10ce1362f6bab0a739233317661e37cffd33b
t2t_L10000_6209	e563208886df532ba215e2a4574e7340144be3d4bbac3574156a15e5d0abcaeb
t2t_L10000_6210	7d2cd73535e9a419b88cd81eb2fe4034a88ad7a2925652a926620c8cbecfb0ca
t2t_L10000_6211	870e85685a78a051ae19424e31dfe816262f3008c5bd0571283ffd89d8035bdb
t2t_L10000_6212	28a48e216ec6d4899aba2261f5ab77f6d7f7c7336e2901efa1a3d469ae6be223
t2t_L10000_6213	a8af532f27ba98aa7e56788bed3a944ad2bdbeff23d2c5d1b326744920a36f85
t2t_L10000_6214	a025e0e3c6d08f21c4614d1396270fda779d1627c7eec3fefc41420544557bf4
t2t_L10000_6215	f8bad4da573d4670f16707a05840bab396142ca497414a58a435369608988ba8
t2t_L10000_6216	776d7bb9e64a78137ab7f45b726aff21bce82f038cd9604c967db4cef35eaec2
t2t_L10000_6217	0f2a3f2ed0aaa7fac0e976b9788418e3408a51d8340cfe37818c82604470cc5f
t2t_L10000_6218	1a32c5f6a357ad84d9686fa0f19e2a76776efbd86249424a05cb5208418c465b
t2t_L10000_6219	70f88ac541dd75a5930470793b22e6775ac3a82471fd8dd6a436c6b2ab07e921
t2t_L10000_6220	eda5774a0b8a18ff17ee5ae99599c7e6c72202040939a2913d246e1a90ffc56f
t2t_L10000_6221	7f8547fa1745655e1ee5fa4f19d177443d3c4df1f52c9350dc3a5d16510df71d
t2t_L10000_6222	0db4c1a172e354e619c0e54b270161d9ab38b838637a4c17ca4a4e529be49950
t2t_L10000_6223	1472df12497a8bbb0420faaadaaa97a71ffa6cb44c1b18f7d825272f7282e65f
t2t_L10000_6224	0780e0787700fb5c96756d97b7275a28304239c855d6e632ee2623bcaaf515c3
t2t_L10000_6225	68263efc92ff6f313a68a0d5ab0ac1531b2ced3c0342255216171826d1ba9267
t2t_L10000_6226	bb7b05c7ce37ad046468e610a233195a2dcc522ff83be04502363efeedcc25f5
t2t_L10000_6227	097bc1d8a8f5f2d125fec7ec51a043e2c14f57a1efadaf1879523d6523c3151c
t2t_L10000_6228	3a66adc184687094176420a055e68d11308cd076cdc9732b13321c4ec3f74bf4
t2t_L10000_6229	f0cb5627e64773c26a0914f68cf508290ab6867d2a0813c2fd2a7a6e33aacb2d
t2t_L10000_6230	8fdd4675135491f2cd8e38e97d08bb9bfc47920669c6ec96c1c23dbb4ddbc0fb
t2t_L10000_6231	77e4b8fcca901e75ad23aee2c3014723350cadbb78379dfee731cf4e0f7b63d7
t2t_L10000_6232	5313679f6a52ed00a4c749ec06f9cde6557518e2066ff9369b78679b5418e1eb
t2t_L10000_6233	e3f89253ea606a8ad87f5179a24ec09d249fb4b1d00b05800858c51c648f8efc
t2t_L10000_6234	b4dca4ea2e3b33b4c5c19ebe35a7fe9e92a3deb7ae62db59f40bdf76ee474bed
t2t_L10000_6235	3667796997c866c0e0f76e9cffcbf268e5348ceb4c90228556aaaaadfa192992
t2t_L10000_6236	f34df6126633aa8164bf42483659e07174680148472f91345da1ad61e26e4583
t2t_L10000_6237	a2020e07b04384448b2d83cae4cf614324b9f631b750bed0c895bba0e1df8bff
t2t_L10000_6238	ec6054c4ef493ff458eedf78d6335a7a904c8a43cf04124ab94f92579f9171b5
t2t_L10000_6239	33324dddccfa279fc58a3101e7182462ab248c030ce59ca0e0c47239a015d3a3
t2t_L10000_6240	cf7948ea9385a252869be44b5a4162a3a7cc65375cc17469afdd1944f554c34b
t2t_L10000_6241	24b916e761ae94c699a287231283a897a5cb7cfe008ba6e9005933d6f8373de1
t2t_L10000_6242	ff3ccade58ceb61dd1a489e90a6b13e4b00f5d86aaebc886a68f904d09de8c07
t2t_L10000_6243	57fff518d9a33849289d357e2af4d20ab1570a248b92bba2b9eeaaff26bc7107
t2t_L10000_6244	6baa1b337b3159ec89d47f56408c012229c094364a75a7eba6b61f559e013da7
t2t_L10000_6245	afd5f2c2538c76e495a8dd54a3f3796fd08495ec6c1bbf5034c939040cefbbe6
t2t_L10000_6246	35be60376a11adc89010a520d52ea8d1c765082ce24791fce260e5bdb69b699f
t2t_L10000_6247	416a9e8eb01f4236cd1af328eff9b2efb38c8854f307b6c30533a6eb62cee2e6
t2t_L10000_6248	8a1c6bce2e6624e7c8b26f3a8adbccf12e7e74f5375b99b14b7ee3ba7898b64d
t2t_L10000_6249	07b7c7fd7dbcb243bc4e6661e8b267c51851a9e06ed1f11f293f5088a08e8f00
t2t_L10000_6250	8784fd39599ecd89414f935f19cdb72ca3ce4b5cd3bdf628ff572dc40f50bf05
t2t_L10000_6251	66105a6c7db3f3c43d6bba39ae441372aafc84994b629606418a8254d295ef31
t2t_L10000_6252	5fc7115819c45b6e85b3dd8543dc4aff44e6c3fbc17199c7f1848849a4af1e6e
t2t_L10000_6253	6f13d2bc91054f4eba7348feb1cde1706afeed44e00c1448644264871558c828
t2t_L10000_6254	0708fb7485404329281e33d7186d1199b9912de8e4daed748407db9ec7f9a25b
t2t_L10000_6255	9a4ab05741fb5f40cda6cf1d95196b41ab318905f590427276e04e3bd028710f
t2t_L10000_6256	1e2eaf6c4100eff708e5934c315551f6397bf45bc11bb1295ace16c9b1b8a697
t2t_L10000_6257	e18294e24db67de9099ba94538a5114891c7b4edaf560a47eb8fe1df06a79f17
t2t_L10000_6258	00bc7c429821e88b4852037d1cd62e886db36930f952a6fd0e6f6949b20775d1
t2t_L10000_6259	409bdbb53ebc7f652b1fb44dd1dfe1ad48ca3e55e5c0c1933b99ad432ca89d64
t2t_L10000_6260	0fec310486b8e629f2cf6362f0245211729db7dd577feb4b747626f591c6a1b3
t2t_L10000_6261	a94d3cf17eb2d298bc77f93284f8fa083486db85fd1dd7bb99936a6a7f45a121
t2t_L10000_6262	e634bd5b6a687f90e15cec078278b5aaff6f98b399ebf594bbf7ccf2b7d5acd3
t2t_L10000_6263	9ddf042ba7f2caf97309733d70540b2082164d5b95e197c5ff60972253fd22e9
t2t_L10000_6264	0d015a963307e9425518e18e418ea29ac41c49d43fd9d7d564861b602bdbec08
t2t_L10000_6265	a801e6a3d6a5fd5c8332d7bf597e0f764ca801c1143f79a7b949c5cde36c16ac
t2t_L10000_6266	4c0735c8f52b244f992ed5682d73f8ad6371a7985963a5b2f392e244830c555c
t2t_L10000_6267	b68a0f3422672831c08cf8a6f7d1a5490c1a5a688f75e33e9ea49f0321cc5f35
t2t_L10000_6268	38a64b9ef66eddc1f50443bb3fdc74ab8e5d729e92b529edf00ebd608f78a81a
t2t_L10000_6269	372094ae242ec93b054886a8a2f60ce6a6a3b784a8e67471a836c7eaaabb4dc8
t2t_L10000_6270	913ce507a62c6b13519635a95b07a6e111817d4eba37eb68bff5d14206d11d4b
t2t_L10000_6271	6f074098fdf5fc5c977629e59b78a780e282faf17bc1e899cc0b6f26acf9ef9b
t2t_L10000_6272	7b9dc9d6405f581c2811946f06c2e0e12a00504318ffb5f3538cf02b47c21db5
t2t_L10000_6273	05d166e93a91bec4b352a9f7d633b35f99959e294e5a1e432d44666084204e46
t2t_L10000_6274	a02fdb7069f0a8465fc4ce60fe9d22ae0ce1793fb5abd710e73c28d24f69bc19
t2t_L10000_6275	f0bda216f9442bffd49abcaa523409f9a78f025ac88e40e8d46f38cf37f0d378
t2t_L10000_6276	312678bc903069b6055b72ae8cac4957afbd1a2f0708972cbcabb6da01a8d336
t2t_L10000_6277	ae3edeecc63b6d8ac23335c9af0b7b6686c1a2c51f895fbe5b4e12ced502a467
t2t_L10000_6278	136852e322f29cf6084b7ff7c48c8807061dbe1f8d4b87e2b5d037670d25a89b
t2t_L10000_6279	d07e8fe9edbaa940b825dae31af9f9e5d5ecd303b533f1aa2ddca580892a6ca7
t2t_L10000_6280	13c947d1de1a43f6848278245d1805bbf3a4da4a9b989f16942ba0ea13e9a4ec
t2t_L10000_6281	a539e2f4c1887b3c15c4ec0278ebfcac2c61aac0d514485cb8645510d36de78d
t2t_L10000_6282	cf2633c5c1441a78afe75206238644d5458feedf6a79ec936438fdea7bdc1727
t2t_L10000_6283	1b45d52b7e14ee8eb1c559db19cfc6a9f4242d1177d2e857bf12a413da89532d
t2t_L10000_6284	a8cc78ef856afb036a7a8e164d2361c3d517d7a1db2d3a443b25c09687a070d9
t2t_L10000_6285	b225c7fb75e5f7b959dcea19521284bdfd5730d383164ebe3c21b79e7f35d55d
t2t_L10000_6286	057d781b41b88b01537f09fa51260576a5d3f055d5628185c23544862069d1b6
t2t_L10000_6287	bed187f061110149d5cfb58e1959f2a6e688e0ee8e74f337d95389d7acb3360e
t2t_L10000_6288	3528f6b6956382129f89e7cfc86a5104b5560953a753ee3eec9d7ef488062b38
t2t_L10000_6289	20bd35e747d6c6dc9308e2b8b074cf70b47c7c0b48ab954e433dfa3474e07194
t2t_L10000_6290	5d35bd1dd71a034773a007a71d5f3fdd094d67255d027f1858b640deaa151cd7
t2t_L10000_6291	f667a2fc43cf3a63f690e6367fe9d252486ad89e1d202bb6d496eeb0356f7590
t2t_L10000_6292	6d7476b83d79bd0bb8a613a0b4fba4e6fae974a09270b21ed41a32be1b5412c5
t2t_L10000_6293	88a96f71e8d56049fbddaa0e98785a325e14feba326b408a6e6b79ab5a54ce9a
t2t_L10000_6294	b4fc61782a17cfe0bd0af3e5215a37a31f854c855114d4e1aad7c54838d436a2
t2t_L10000_6295	3809041f347ed961df8b365b04e8d02441fd0cccee8540a6759e5693c4cbedbe
t2t_L10000_6296	537e9f1b8dd932667d3f61fcb4984ab813900a2663cc5558c1c6905f9a31b87f
t2t_L10000_6297	12df63c557ad8f4e3dbed06da8fa08ce01bfc56c310f92fd85629f3a668f0e65
t2t_L10000_6298	e654545bffe242aa0cdfd6982fe77b28140ed010fc5c016bbf173dc3d93c0422
t2t_L10000_6299	d5b1b29cf4acb9c8cd7ef062572b9c7d93dedf871f80045f81e0c73a6b974240
t2t_L10000_6300	72e555e5b2a543014d7d869df248c01e93264660bddc92107755a5628020be26
t2t_L10000_6301	d9e00365a3e0901a7e1a6160e4490a871c0b0558112eea58c0fa9446ec90829a
t2t_L10000_6302	28a3cd649d89ff98dcb3949111cdabcd23e70dcb91e48f9f8fe60948b80b59c9
t2t_L10000_6303	db3d59cc58ad11e1aadd2b7d1d96de9f776bad6457df51bf67cd4f0a0d2d3d95
t2t_L10000_6304	bd47c8689beadf056272638b0e74dfc14d84c1c16d63827b455e965e68206fc6
t2t_L10000_6305	d167368ceefa0d1ad856940f7af72283d33b2325417713e3797fe448c237a81b
t2t_L10000_6306	faef2770ce433e66fe60da3182da407ffaf9a37f292ac11e2dda2053981d4f6b
t2t_L10000_6307	dcddf9b48aa14b265d687e68e25f2816fe07bfc3b1f3fceff38a73972a65cd0d
t2t_L10000_6308	a057fdfe1ac0a056f103768651a57674c4899bd7fe167fac07729e124cf94c53
t2t_L10000_6309	4c770a322568217047725d002e23e64dea171a55d0b77f00fc0db848fd62a3e4
t2t_L10000_6310	4eabcfebc82bac11094f0187090b2c921cddb9678eab3a573008354c9b4d9108
t2t_L10000_6311	a977b8304bdb3a11622c131b12b1697d29c2b1c5d5be734ff1c78bec547a8d2b
t2t_L10000_6312	d5445d665d9c5b7572cbec03a2b599c5f13b6dc72936fb2dec7b6d84e04f7ee7
t2t_L10000_6313	ba790d4956e2d0d8d29f074c886703c1869f0d80e5ffa255760ab76c340e6c06
t2t_L10000_6314	9ce042a9cf8076319957ef90c8a3279767670f26dc8d08e90b494367325a85d7
t2t_L10000_6315	9976cd981ee3e66e5c7d64bba5b284ecf2c3d8aed350ca04a2817d58bbd77ae5
t2t_L10000_6316	a6c919fcbe3d20d6a2d268f417bcc0ed8c57565f7da0e831a81aeaa79e0d63a5
t2t_L10000_6317	17aef3183ed4a917d4ac15350e3cdfa652e0e9ef8c51fc191835888e013cd373
t2t_L10000_6318	f58e31d15f433f1361ed3bc6dae220bdf0b7b0b936694e37203af8ebb6f5a629
t2t_L10000_6319	14aa01356bbc7c0186fbf2a1d0aaf45af59faebb85fe20a7751ef481f183ccd2
t2t_L10000_6320	f8cdef99255ed594669a2b963ecc57d9f6cf37a3af09db4684e27f2484dfc69f
t2t_L10000_6321	c253b67cd5cc1604c146197b4d0632b173e494a90c1b23c2ace3ca0310b43224
t2t_L10000_6322	b8f57098ca3e3d9b7a3e7172f0ece4fabec918519dd4031c81b34db34d15bb5d
t2t_L10000_6323	f0ee7639e6c0aee3dfd77caafe810de1d02bd9ae25e6a696678e3a4195f44dc5
t2t_L10000_6324	fd63d4c3eec81f491c160417d29896e56a94c1c001e15c4ee2ded1528331d09e
t2t_L10000_6325	bc93bc98affd9dd53490344cfe15e4cd968065083c123cca964e4d399ca6f014
t2t_L10000_6326	c3129fd95d332d14cba3c075ed154c9b83b9c213e5597d09945c87f3b27a0027
t2t_L10000_6327	b70d40b3c967248c3ad05a1bd55addfafafeac9b2a56fb3fe5c2ec0cafd2d5c6
t2t_L10000_6328	72192b6c6fd7d6923284ba1a8ea5b5010afa454a4f0c6376e9ae0ae660914bfc
t2t_L10000_6329	ca9991acac32c94a5be568031f2413c72cb68759ec9175366ba637a971f1d4d6
t2t_L10000_6330	01c1dc425743f15985bfab3810aaebe62baf1f6b7153e5cc9d4f85d996c76a08
t2t_L10000_6331	02a1125750a2793c1a15419f2ae35d899fae3744758fe3dd39fb95643008bdc8
t2t_L10000_6332	f69f25a59f2586c2c688970289ef3441c21534e329ba82083e3446daf6a2c3d5
t2t_L10000_6333	97d8268d672b388e2e9d3f4d4e15c40b94ce3b2de4d45401a8802880e520784b
t2t_L10000_6334	8fb776197d09e064b8406e187da13d4231465e6eada3396ec5fd9aa48e54be2c
t2t_L10000_6335	4d018332342925b114187815298e326272613058ba4338a26a4f97ef7904cf0a
t2t_L10000_6336	2739ee73e66bb833fc7397ddfe62a997ca3dedb9b00e10d7a4cc91653f9de525
t2t_L10000_6337	91c2ea2d2c21cf37125a848a034150fb4f61300a88c419deff1f5061b9be1fff
t2t_L10000_6338	d4ffdf9db13752e25105a66d7373d6920f5e9ed031c4392cf1b20ad77391f9a9
t2t_L10000_6339	05ee6ec8638a9d060f42cc7fd75d15402230b0a616caf95f68e571cd46538583
t2t_L10000_6340	0cd39168bd5f1b959c7a2eb3355cb0e7f2ed72d10e979c7679d2f48b0e2f834a
t2t_L10000_6341	7a24048ee16404ec94e32725b47fedd4ce20adc4b464837ffe831c46ea562e22
t2t_L10000_6342	defff94216169002f8a4e583665d216ced6e66a131eef94e61971ed4fe97cf01
t2t_L10000_6343	63c44c3d8e5102ad89ad64295573ab919d5bc6488e2bb5c494f5b6f481c8ee43
t2t_L10000_6344	a12ed9688d48782f1c9261fb788d63f5fdf8a7c0bfecba1fece185d2aeeefc69
t2t_L10000_6345	170d70227eef728d208766a13d8451f60304b1cad7f62db1cb937c9765b93fc7
t2t_L10000_6346	d86144e608f27cf84caf6e134e95c9ea9409a40688c41055b542f4a2c4046f24
t2t_L10000_6347	7553c12d7a9c0b3d5590d2b8c4b3cfc7b2742ca1ffea7995733cccbd58eda0db
t2t_L10000_6348	37ca5523b3347a51bab4a9ca88692edf687c545d79b38dd41d08ba3201f6b628
t2t_L10000_6349	28af1b7e4a0a364540d2a64621e6d1df9f202035a246bffd9a11b676625c4647
t2t_L10000_6350	6f47f5a59fb8c0035f3f7f28738915dc541bf37937f871abb7c56aec2b95eb04
t2t_L10000_6351	1d34e16c103555c9b3acf618b8b0582af3f16b048e627b9d4e2726642cf0f934
t2t_L10000_6352	88956bd7e96c68b93d0743fe558544ef10378c6841e14c77db685df7e5326ce9
t2t_L10000_6353	36a7ac517b82a5feb2553d4acba48c23f7a2cbab14ce196ce40d599496718e5e
t2t_L10000_6354	a45d9b6ccbc8da8601f461a5ad0e2ebec973b2dafa14c55470ebbb63d79ec6fc
t2t_L10000_6355	bbfe4fe139c66baaee8ad70c17906da6b8f182fcabb29e91f48c58eee14d86f2
t2t_L10000_6356	5d8b80ae37c27e27fc1d07272c7a29c0996002d4899f84980f506473a1881fe1
t2t_L10000_6357	948c2d3591aefd86e25de011fc49a323f06b72f92a3da63e38a07d322a9a57ce
t2t_L10000_6358	4fae825fa4141dcc3a3d328068e128ee85a6f8447b2988bbc973225f01f42753
t2t_L10000_6359	3c73068bf9d2af1129c1b0136d9d95cc65e99373d7cdd6915fee97780fea6156
t2t_L10000_6360	e0587196c170e2b6f557a3fac818ca6386dd6fc43274f161c85508f3d89f0f0e
t2t_L10000_6361	c6da41c68b340e948d15159a352730b6e44b7d66788a444f8697aa5292e71cb1
t2t_L10000_6362	357044b71b015d1e0480c9cf5678d7503e75d251bad16a04d5647783ea565d4f
t2t_L10000_6363	ec4e30401d0db38e028c3fdce4209dac3bfd99b61eaef5fd481efb59acc63ef9
t2t_L10000_6364	bda433f9653eecd1b2f0a91aebc11ec033c53b2194648eb66f69d3a4ec476552
t2t_L10000_6365	6e186e1b7f5ca968d6b01058f478e6e75f4e977012fc3f97850e4e73048ce837
t2t_L10000_6366	3230edeca61332e4ef24a82145741d4a3802f3b8110236e5001dce5019e99ae8
t2t_L10000_6367	11e5f97425a4dab678fdb6281ffa977a22826326a008828d3301f2f6d6e5e6e3
t2t_L10000_6368	10c69cae8bf3553637b8c82b345946851116d96ddee5b96d0ab619b386dd5117
t2t_L10000_6369	432fc43faf3733b4549843c0db2754055b5c7de437e11927fb9ec09eda5becea
t2t_L10000_6370	d6eb765b29d090bf090f45c2228ae3a1b41e72a450ee989fe0eb2ba5520aecba
t2t_L10000_6371	6574c539d9ec165f77e4e02b1eb5d73c089e3b6d3100b87a0000011b122d8b26
t2t_L10000_6372	d22e69ccc413ab852cb2eedca45b3e20ecc78015896db8911956a849753fc980
t2t_L10000_6373	ce747289065f4c2fa5da5d49d74974864efed64357a002dc8a5685cd13cbe175
t2t_L10000_6374	bcf3b48539e97d04b16f5b949951dfcd1c2450b2b7d7db96b6ac971a8c4406bd
t2t_L10000_6375	76ca5ed01a3b32fd19649d146e6bd9eb7966856d91698080e4e6ca046157645a
t2t_L10000_6376	a109af6bbaadd19750ee7173aa984a8d8091c3498b85b0db29d640e6e383d375
t2t_L10000_6377	8ccdf1d3f46c5032e71134873ddc2c31a64bd5da17d05cd1c3df269d7c6e93bb
t2t_L10000_6378	44c90bca6636a4bffd061f7f2c44f017b36d16749c877e6994acae287fc62bde
t2t_L10000_6379	918a6e617dd4798dcfaa17bbd5692b5b2ffbde194e09e8b7f5a7980af78ac6b7
t2t_L10000_6380	81395a493d84f03e305543e58d92e427f413a47cc2cfe46881aecd5f7709a061
t2t_L10000_6381	1c4f505b569ea189ac9395039d4a050e51d2704bd4affd15f10878031250161a
t2t_L10000_6382	9a82d94ffe6b7339e82533774c02a894d22ed80b7a2e109d6ff56d60289870aa
t2t_L10000_6383	049c401c2b3a4afd46129662c42b5e67a8f558821be6c3b81ed253aa8eefcafb
t2t_L10000_6384	ba46b3c9d5a6133bd9ad7ac75f9c2c84595e27c42c01789cc5d225ebe7f36099
t2t_L10000_6385	81e0751520bedee4a1e59d207be392c94b867eec911c415f2b4bd3e24fa58df3
t2t_L10000_6386	e9e7972c373a6141750cb76e8d80a16eae49ae3b0a2c5d7b3ebadd654b9f23c8
t2t_L10000_6387	ba03f4fcf5bf06bbcb84bf692e29aa32fe493c0d3c26edcf8b67f0406bff494b
t2t_L10000_6388	aced9ecf14be92f7d046ae434b276c2e3d13c40da9a08c89198619b3f8803b87
t2t_L10000_6389	04e3f72252ce47f5ba452a29e9bf22bb1f6c2915df65b5681326f6451e2d4d35
t2t_L10000_6390	63b95550efdba9d4dc9f45ffc9be784cd77d75ca8163cb264b99d9f4c30d39b9
t2t_L10000_6391	bec91d51c4026973076a1827dc1df6e1942f80cfa7d8575216182108d604fcdb
t2t_L10000_6392	7faf40ffd824778c6486e572516d09b390bc6d4b6edb32ecfe89205800745d73
t2t_L10000_6393	96b19aab1158e6fafaa2035366891531458fd8cdd15a43a38af36624b6202a3c
t2t_L10000_6394	fb9ec0199115b711058ab3353fa4deb380f735a33233edb4a3e702bae687b7c1
t2t_L10000_6395	37c2ce7e09f1e3946af900329472e04e34784e4df7eddf9b7e15716de7cccdfa
t2t_L10000_6396	17f6e5be7a2d07a6eb6a8224f7891bd5879791a2040336954940be219ffecaba
t2t_L10000_6397	d9d9c5491997f3cac1d58524e4fcfe20468af9a4a62ddcfc0736ab89b1e0f1f7
t2t_L10000_6398	762e55bd1c60964e484914ee0c0ac4ea0367a4242117bb4dc912d2a8ea078538
t2t_L10000_6399	3d9179aa30abe2dc37ba31c2734c4cdef78a139b90833ecd9e4e8427ad947e77
t2t_L10000_6400	89736a089b7c371d71e3bd30f9778d1fc6881fa411a2fa53c533df8eb82f8ed4
t2t_L10000_6401	7fc3f28eb7196b320ad9b908d3447c7ea46eed3af35a0dc44d7d174657f90fec
t2t_L10000_6402	fb23e981be2d98e029d48d56d4a88380c92b9ef80ead173e9d93f9ca9eae4fe7
t2t_L10000_6403	a0dcca99ffdba617d13bd6b3bbc970de5f12fddff4c4b85641e4d3d565ea8f1f
t2t_L10000_6404	0b334092577862f5d9a3a3f352bae02b57d03c8fce1edf10fce2805513a3fb8d
t2t_L10000_6405	4069d726b7172e4737029c6f3b3fd835e55cee03649c8601ff3fd76a32e8cc83
t2t_L10000_6406	1dae4a0827923c5ba9f8abccc6839dfea3ef052218ea3f06f9608bfc8ea74954
t2t_L10000_6407	bfdb8900e13a1b9d57b750c65535bd97d98580f85a7845e1c84163c2c388a05f
t2t_L10000_6408	335fa1c7b99a45a9246199b8152f12b9a91de0a44267ca9ad2a07e710d0f1dbf
t2t_L10000_6409	6e51892f03e697941e16127956f4f85a6aa2a0482c1b15f49ae606fc35b1da8b
t2t_L10000_6410	68fb40b8fcfbb09ff7c4a5bd07d8843cc4c4fb527dcb23e2e5baa9afb318ced8
t2t_L10000_6411	3caeb87ede33d151cb461f5850231980259e2f05aa0591c6b02f214d181c28da
t2t_L10000_6412	88f8657e5ca75c7da91c721aecd502a63df1d5e6a890e1a059453f18b9e9427d
t2t_L10000_6413	ca1a60506b5c08507fa496c0cc6cbac2bb4926703be20823f43a867f7eaad899
t2t_L10000_6414	26139da65d7a413ab3a907f035de1025f18e959624d8ac11af26e3aad62f6edb
t2t_L10000_6415	339f391276455d7607e2b92b7af91331108810e73aab0f0f146a5e647142c4c5
t2t_L10000_6416	a3ea33ecfb16b8cbeadad7a09ef773fd84a1f42e8ec09ff763a5c70e2f69be23
t2t_L10000_6417	d1217cca2419e5da0da9f1c1b78ee3979d14304319cba6b4cf618e6436202c19
t2t_L10000_6418	947d3ca7fecf68df5f541e5cc17555c726782e207c71e105e021d5904c08b852
t2t_L10000_6419	9eb7d61bab5f92a220ad3b71593c3a6737541e205b558375aa298e1b36464c1d
t2t_L10000_6420	be7220d88aa4aa0f0cd0d704c502a707a958fa3db6462302c2ec7076b1166696
t2t_L10000_6421	a79529d5e11073d155c83fdfaad75ad51e81c7a305dfca543b241b0a579ec8e5
t2t_L10000_6422	26fae852a98cb25f207f407a3bbe60d41d66ee33bd70bf5f1a6b995765611b79
t2t_L10000_6423	f2a1cdc640dd8d3eac079ee740de7708744a66d7fd3a3c455db9c134a8d23b4c
t2t_L10000_6424	f4d8a55be3d3835abb0b9d5fc1d59d05af36424de91e82c99cf56abf57fb431d
t2t_L10000_6425	caa3dd67e5e036b3eb869dcc95c937436774fd30c4fa5ccef4965277cd05b605
t2t_L10000_6426	75d5cfd7582541622f574032051ba2407e2ae4799f9f662a21611dedadb343ca
t2t_L10000_6427	9bab62acd50f3ad0ff74e0360fb6951ae7c3ebbd74c6b7d8d7c7d30bc26e4d71
t2t_L10000_6428	2aa58f5cb83f477410723de309f4e4c5097bf42e7ac895029bb7c7f2320579c6
t2t_L10000_6429	7c8b5c6de03608fad7b1a1768ae9bbd6bddf4f993a5f9f36fb939ad4d8e8da7d
t2t_L10000_6430	e7885a101069a89523662c6bafa13041469182ca9a26704bc88bf6e8a41ab1a9
t2t_L10000_6431	c688f0fa43ee4b249415f59e453948a2221b8f4c79af72a95baf04d663ac09a4
t2t_L10000_6432	30b3672145cc996f60b20c4143f0a078137e6e7ff694e119dabafd57e3979935
t2t_L10000_6433	5cd4c49d87810963bd7420ebf6944ccbff00f20604a3c47a7f267aafd7fa5731
t2t_L10000_6434	f2fc839d654e1b4bce8c803b4ec3d867d144798fd4ad896133115d089c009f40
t2t_L10000_6435	f552016e7be4ac10b6a3dcdc6c24be00cdf6594b099b975ac5a6b82392467db8
t2t_L10000_6436	ee7b45171c86f2328e6a4e8d750a4d92a0aafe2ebb0d28b8807e91e8befb335e
t2t_L10000_6437	e4f946058cce292734d2a40e52d7e562127399661aaadbdf019725fc7f9e191a
t2t_L10000_6438	debca7b56b6eb086a3b5ce50e5659b6031577f0524a57313dfbf1f5b16eeb9b4
t2t_L10000_6439	283e32a634ed38cd634b018f5ca42863189548211b761d0777a8bf10511db9ca
t2t_L10000_6440	93192604c1c192f0fe6ce6f80ca61f9d690de2b2be8f4a9c79c2ec1d2f9bf76d
t2t_L10000_6441	e42919cf1b7f69550b4958ec96f279bff5d013d141366ac64fb25d3cfee5bf0b
t2t_L10000_6442	3738f2e585002451b85ffc095e9842ebeb4cb0d457980f96a1ca6b1492256a32
t2t_L10000_6443	83a221f588aa788f30fb732cf52cd6699a2ed5d26bcb6be2b50b2fecfba247a6
t2t_L10000_6444	e00fd94d415c4874f59315e0b55129fd2bed1488b3e6a2263c585cc3423e64aa
t2t_L10000_6445	090f734e0b8c6a020b070fe596e63eed216bde441d5f0b5b9ec239e8bc477a32
t2t_L10000_6446	f7075e75494fdc71e3f45bb4b0f1e00f10abc6a82b21c22a3856eb8c2ffdf72a
t2t_L10000_6447	9466c38010d56dc56ae035b11e7e937c7b37938d51de06f3cb128507553918dc
t2t_L10000_6448	b7e45c68dc4b7b4b2c6b36cbcee243b1c6d4935b606a4d57f640ade5a36653e5
t2t_L10000_6449	c0ad56c4e27db2179eab408ab64379a2298fdb54b075857c9d199d30f16b2c3f
t2t_L10000_6450	2935960c973454f7b38cbb927679744c316905f8e8b83cfa09b85e60b16f1ae5
t2t_L10000_6451	75270801d7ce9125cae201340012e21bfcfdd30681fda707602601f3411cd41b
t2t_L10000_6452	793caf25fa5b7cf47bcac2ab810deef84126ffbb860f928a1511fad4904c2f8b
t2t_L10000_6453	6874b098c3dcf12b646c4c57681ebfec71ba86c7eb862a36fa107bbcda650970
t2t_L10000_6454	762146d20374d23cf23a50d1a27c062fb7588796860a498ef29fc63ed42ab79b
t2t_L10000_6455	c58b666cae8f9c9263b1e07c8b97b39ef1609d024f1464e06ac6dd8ad95f35af
t2t_L10000_6456	616bf4ff72eea4a435e659bf5eda964beadb57be3a44f617785d6bb84ff63812
t2t_L10000_6457	bccd30b1d4d9235839791e7ee6175de699eef19c886d1927cc939a99bf0fdbc7
t2t_L10000_6458	c7e9a743c24ac42cd2a02f84ba0238255459552b8c9823b34df81ce7ecd2c7da
t2t_L10000_6459	631b7f3c725d49befeee5cf4572635c61f01ffe7d09cdcc1c82e0fa5af485b05
t2t_L10000_6460	2eb629018b2be9f9736bc945fecf98388084c04525ea586458bfa1a9cb20dda3
t2t_L10000_6461	0ee0bd66546973cd99a04244a65f381ca89d23773b66972fce42e5abb9d31445
t2t_L10000_6462	85931fea9f4f8a7759204fd0d61eb5ea7aaa8b48a2c6af28443916519b883539
t2t_L10000_6463	23122e5f4ca0d3b92e45f6b07cbcc278cd4c694b9a6d791319d250975b031bed
t2t_L10000_6464	9acd04804dcdc0b24eecd55ce952fec783522316f67eb4225fbb69ade1568795
t2t_L10000_6465	a5a621cff8a9da7b2b351379dd173815e54581b3d7dc07b353c2a1cde15a5a13
t2t_L10000_6466	1c1f78738daa6f609aa563eb9063c09f5cd97f168cbb4fc7f8fcc4bb9aaf22c4
t2t_L10000_6467	75677a9db0f0f019e25aca29a448a551b5f020d652a757c741d3b807d3ac41f2
t2t_L10000_6468	8458779775a4ff2df0a99cc49ece6ffdcc7c7524a0b68d0356bc985615148f12
t2t_L10000_6469	d6268cbafca613f793c76fde85f87a86390041d532476bc97bb6d556dcfc1486
t2t_L10000_6470	144f8da3d973fe18486c4fb78e0a20d4b48fcde7be2c42cd4d243057c0a651d8
t2t_L10000_6471	22b9d474299789c82ed84a2d36c1e5c7dde5b8e3824a7afec47e2ddec1bb94cd
t2t_L10000_6472	1b5c7ff475a35516dd00122232357d197b3a5b023fa3ac4508fd6f2a99b12135
t2t_L10000_6473	a82fdfb0c807af4b86203aa3682b4637921386aefe60c28d8c02638d4db2ec54
t2t_L10000_6474	f6b6db7dfdee61c9f93d5c64765d559e5b8a3f18c828070c25dc9edf915f89f9
t2t_L10000_6475	f8c06ed7b61a34f8170d4fc31521058a88c9b6d3a9886a98183881d140ceeb5e
t2t_L10000_6476	d3a4010ad21ec641fc722cd8d3bafee2ae98b419d1f33a7a39c85fcfc97d9995
t2t_L10000_6477	6481c2a0f4e3e9e31150f85607450c203debbfcedeba81f0f7726d730c96a291
t2t_L10000_6478	ac8749920ea2bca6fb841912c333195deef9f67e2e2bd9152b7568b35b81d3f5
t2t_L10000_6479	484a366f4391ff818733b46fed71551c5cae1d59e989892d7223259537d7d862
t2t_L10000_6480	bfa358ea3abeb22d5801fdc5b26ca0616f2e6fa3d75bb2a648910684b324dbf5
t2t_L10000_6481	ebcc682b63209e89e2f109c68763523d813cf2f0589aa86f783205473862f251
t2t_L10000_6482	98062b75410d7d97e31e6773114aafedc4356271460fa57450387fc2192cd1a3
t2t_L10000_6483	35aa966820f4685fda886b4ca07e0ecd17e57ae05f1acc94857f20062dd7e3c1
t2t_L10000_6484	da4248cb9fa1b8fa83f60756502191a198e3c49eca3a587d2987f5253fb2c6ba
t2t_L10000_6485	806cb4927e58107387ce7e5ef313871b8a1624867921f4d3bfcb85681dbd1944
t2t_L10000_6486	ca57732f2d3d9a4ee57f9674ed5294b9353eef6745d9f889a318eef849ffd7bb
t2t_L10000_6487	b540ce55ab15e15121b029df1ddf326115372b455df56298667717e2121d5375
t2t_L10000_6488	46187ed7ac9ba33e40a47f2d9b73ea711d0ff2ed1c9de7963bcea0b101742e16
t2t_L10000_6489	cc726f18f270ebaa2d4d6c94d59533867584196b351c05db60655f885e129d45
t2t_L10000_6490	921b80a4172f898567ac9e2a3919fca42e69d8c5ea416ba0fc485c01eb028741
t2t_L10000_6491	187d48bbc346fe696dd3ed475f3ddc13a93429d72a6c2dcdbff26f7ca04f4e63
t2t_L10000_6492	71f1548c458fc2f67aacab086874ac59f92964b00037a0da0632d1a4762359c1
t2t_L10000_6493	2fa965f8331661179c2e6249852f03f390c2974127b02af75a9693cd8ba923d5
t2t_L10000_6494	3468e647e1e0cd97494e29d2dfee4454e2866b52ae092d7598f29b255ee20dc3
t2t_L10000_6495	7cb4a1f6f68e1914f8be19ef3a8e775385d0bc512e4d826b064e38d86c121138
t2t_L10000_6496	bea128ff849f0565726b5cdb03aa5385c3d163a4dbe1191a273750a7c741409e
t2t_L10000_6497	e76e4caae52c4872364de9a07281cbc7ee20e18797aed5eb1bf5c5ab6e92067f
t2t_L10000_6498	dbf1d909357c518527f39944c80b4fdbf19189e3819ed616328b82f8eb6b53df
t2t_L10000_6499	11f9e76ccbec23619a1f1f3ed74c84ae50250dd40ea8d4231b39ac027030115c
t2t_L10000_6500	9c445d1e5254c86974463f644d1ab6f205f558e7675c769a33d11d9f4bdbffe9
t2t_L10000_6501	d2f53702f487fbce1a57b2f21b9c24f8e880f84def54f172a69646ef536c159a
t2t_L10000_6502	59d51f46eea7c8c6be2d1b2960a5a94ed5f759c7dd5fb670b3edc281ad348380
t2t_L10000_6503	f6589b37209e681bdadc57c76cf1fe1aeb5655e5c4c1184e50656819085bbf03
t2t_L10000_6504	297b930e007b751708f8118163e9e6aad4960278e6781c583b44c55a2a4402ec
t2t_L10000_6505	05e5dc9decbbe4cbeabf2970f0732933e91cb1fb2183d6d340803f044c99fe9e
t2t_L10000_6506	12772153b5ac4887b5d9240c92a135e732277a7aa713804a3f62a8107f060a0c
t2t_L10000_6507	3107a6c84e1902e111a33ab05d520496068d00285a43ce06dd0156f4f999cb8e
t2t_L10000_6508	fd58754f688e08618ad3d5295c4c0791141d530529a417ee72789c6f1c7e6155
t2t_L10000_6509	fda16d92c9a0debacc1c2bd126f1a3d53bcdea8e9024d2494eec3fb924a373e6
t2t_L10000_6510	8028572508b44352192a44b7a7152081c07d3c62b8207696552c062ae7e715b4
t2t_L10000_6511	ef994c3aa712f720d1780aa06fdf672cf73536f20df82b59297508a781773ba5
t2t_L10000_6512	ef4766e6b45fa460151b9babbfaf1e75c4a95659e860db55e1ff4fc667dc81c6
t2t_L10000_6513	518a12cceacb71f8e4cd031d207ff108c76ac815900e183cc20c542d5b2578cf
t2t_L10000_6514	ffba7a1c59b0cc431e2a4a2109b5327d84d7316e522d15522b62ba83613e7e6d
t2t_L10000_6515	f2cb6a2bd674de71cd53c396e5838f661290db4f1af49f5addc3b41a0da69a0a
t2t_L10000_6516	d0d9248ead295b9ea05fce4fe7907473044f6c8e2aca7f00a036c47963b0fadf
t2t_L10000_6517	729445e776f790138cd9442cbf9732f3f12e99dca83067ba8840f5aa68285f3a
t2t_L10000_6518	4109c2d7c8c99a0f11e480caf62c1472ea1b034b8a6687ca1a28728d939f2583
t2t_L10000_6519	99964342eba32389684c5fe520db3dd8865ed556560f17f7af5686605fcde2fc
t2t_L10000_6520	5d045bc9f93df7570c748da53ca8c80acd29e94d06583631db8a599d28eb16af
t2t_L10000_6521	22b10cee3551bf0ddbf595cf2bfce58e598f692e84a322f447ba7679ff490ae2
t2t_L10000_6522	fa3b9a4756f48555b503a4f87ef27bbfcec45f4791f85c80a61ca5d3adbf89bc
t2t_L10000_6523	b8820e1a48ea08c89508270513a6f76ad47892258ac60088c0168ec93c8a0d85
t2t_L10000_6524	64973e6dbc569b934c71e090e97ecb917f73bceff6e2be21c275e41fddd42f1b
t2t_L10000_6525	67f50051908bed9c473980b8db06aa76eaef856bec16e6430f78ba03a327c472
t2t_L10000_6526	ed2831de3a4649450e952b4d4eac59ecb4d13619761de7311715c6f265c854a9
t2t_L10000_6527	b15a2e730fa34c1c2f31809cdd1c1d3d1ea44750c82fb593777f9f972140ea44
t2t_L10000_6528	cfcfee1f6c30e22f5ff63ce26665aa7e832e32dc0c3e5fb191e37a9bce7324ba
t2t_L10000_6529	5ee07f614ac97b2c82cf7c8c93a494b6c68b5a0b582c10f02032ab7e6f5c0219
t2t_L10000_6530	65cf91cc62a9bc747a0ce64eefd83a0cd29e3659d81da5fd65c995465a35172b
t2t_L10000_6531	2a27783277f55caf5810471f8520ac93b7c22d384da8a6ff83e44b8e514b9174
t2t_L10000_6532	30f39a176d203240ea1a7af6702468d4fc5d21ed0bc7e1e1cc8c8e59d0e41e92
t2t_L10000_6533	42aa4ce82166f7c82def5ec26ae3e824fd5ef5163909c743144743a2ec5659ed
t2t_L10000_6534	374f26b005f9caff4f0942da278de58179ce36776ee2b643a46342929dfec9e2
t2t_L10000_6535	a21225bf29d2f8d17c4c064677ad8b8b33d9ddb595625966200d4bb64b79a396
t2t_L10000_6536	21ccb47f28b4f44c94588aaf74aee942029db57520d51a763e245b64d523d3c9
t2t_L10000_6537	11cdb6703c6207ec2b2ae2d000aa87f4f0bcdda2f96e17a2c0dfdb3f959dd1fe
t2t_L10000_6538	01d1b2df6fc6e4fe851a09660732a5e942a3d0cd664b2f240562ea77fd76791b
t2t_L10000_6539	bb1e714971fe63f068dd0502c4f94bc29292dfbd47a1336022e70ede7a92f864
t2t_L10000_6540	83eef335d78d7208326319160830066f1b0beeb0b7e3ebf69a441fc35b6fca62
t2t_L10000_6541	c1737d6eb3e38e8f4b0acdd9c88193d76182bd37d85a5e4ff1702627ae9c54e4
t2t_L10000_6542	12b1e82d3548796a668a89386268a7a66bbc760d66154f2b940dbbacf56ac7c0
t2t_L10000_6543	0e46ba7f2a4edd0723cf995c32ce336f54b5b94c07d27fdc864afe8edc83df1c
t2t_L10000_6544	206838b55cf5dc7d1b15df731b04ccf3ba9f647fb4e68de6b0763bb0116a413f
t2t_L10000_6545	041e30dee6952c36ab7224f62090903d54015794d1f4dab3e311dab475cd94ff
t2t_L10000_6546	8ca6063a343f8ee94aedf924cf7d88248d15a63c1251bc312ff4ef7a4041b0b5
t2t_L10000_6547	e2f4e650880f9c3fc843964fa7b3f7e520ca3e0d51905368c1b16d624311023b
t2t_L10000_6548	c4c8edd7844101c80752e26c1d1a634a6e69f1afafc34a0bcf03fe641af6ccdb
t2t_L10000_6549	42c94d2e14726d896bf7cdf595147f9780802a98dad3ec06ff373f71dcd6b2aa
t2t_L10000_6550	6e1fb3858704490f662e6616d240c7bb0ba2f3a024a81c782a902b72014ce669
t2t_L10000_6551	9d548579679b61edae287cd91da4c4d3e8890317793baa070ffbce54f2942f4c
t2t_L10000_6552	0d24a5d9159fd8742910fd1840630fddcb352bc7a235d1270b7773dbf6ccbc90
t2t_L10000_6553	6dbf2720f2c9cc73628a2aec0544058646e687e066aa91d75b16b25884336f40
t2t_L10000_6554	ce6596c022b20d46d51703c9649c86fdf2db5d09c144d6f74c9a888f1129c9f1
t2t_L10000_6555	aea8e4cf41d5b31575c4a51414abe947da28ddaba2e0c65894deb0aa475bf833
t2t_L10000_6556	5e0d3e5a1f6b9ef3aec9265b812a2b23d331042a3dde1aa49a4726721c13bde1
t2t_L10000_6557	26b267b947e99d5b5dcc402cf8863fbfabf9760e22518d23de34fbe5befabc4c
t2t_L10000_6558	cfc949fa18ba918abceac5023af089b8af7085ad3196e038fe424174b9154e53
t2t_L10000_6559	4972dba25d50c6769c1af34862ab136d32b55ffc5f5036c45c4a19c2c5e14564
t2t_L10000_6560	4b6583d2cecce5c3980bf588ce29f56e26e23fb25574a5c0c07cc2eb18f6b098
t2t_L10000_6561	6d9b1321bc88ad1c3ade93a5aa999f61e38f5a7bea98ec930b1fc5cbeb3a4d65
t2t_L10000_6562	eafabe7313fa6b179d86399495bc6d42dfeac995a884fea3dd36c6c0ca7c1bc9
t2t_L10000_6563	b9c6fd0b13cacf9ed4dd01fdae9deb14680a327405f00f5bf3973d7ddce11680
t2t_L10000_6564	43992390858f343363c8e4579e651b67b6b0f276babb240b8d31f0bb24cf39bc
t2t_L10000_6565	c832afe9e07e992237a7e5783362b87e2b98de75053dd5f72002fc7578f6ef7a
t2t_L10000_6566	f631450a4677167dade56cd87864b6eb8924c5685e56e6681360c0cbe3163a1e
t2t_L10000_6567	134a674a30094a7def30962f8d2f9549c40db15221a12ed8fa487d4bc3a8964c
t2t_L10000_6568	56e273c1abd1633bd98e8e3c6c221abbda4f599934bbe511b4ba057ed68f4437
t2t_L10000_6569	dc2035db3c11043f2d61d54e4b6a915b2bb2775e9a95ccca464e69662ebb4c46
t2t_L10000_6570	eee1b15817bdbca78b04e31e875e8156b1cdd8277c62e4f8cd890b919815bf8d
t2t_L10000_6571	88a90aad3809c26f98a76abe702b70b0bfc0676a501910dfae1a269df609bc33
t2t_L10000_6572	2410276863361052a7f8718047381cc4c4a4ceeb7900bb30a829e1ead3b9db1f
t2t_L10000_6573	4da42523b90f1e547a60c80f3693c9572ee87ea8c3d4db6475e4514d75908b25
t2t_L10000_6574	239007c2d61d0dc47403f175f19fa9131adb08d486eda781755eeb7df9002b73
t2t_L10000_6575	8b5235c33289fdfc07c31b34b8394e929965cbf5a819d575f43e49239bd5bdb5
t2t_L10000_6576	03b637a299fd25615d2edbf5a4b4fbeef5648c14d70e1491274c0bed4e4cf896
t2t_L10000_6577	02cbf550133ad207a5353509f4d35f11b5671a16c199ea5c5007be0377248fa0
t2t_L10000_6578	dc83085c969520a180b0c5e6407d83f1bd03abebb26864e7435c7e2b5cfff4c3
t2t_L10000_6579	cd92d4e00c77ee40fe6bf773ef9277d65161c8658a3ebc5d9ed6759e0b9c21cd
t2t_L10000_6580	a101796863d37c391d932d603168bcac07da973db36357d8f70825682914e551
t2t_L10000_6581	2e6838a077707d3677596d048bc19d8c355f08f58f780e2da4db0d5a5c9be9c0
t2t_L10000_6582	ad27d77c45a11a895a4827f2534f3f7ff884b4e02fb30be74e3523c16ea5722b
t2t_L10000_6583	44648dea1f0980af2e65683a0868e0d34a05b2772b2d4944baf42aa76801ab42
t2t_L10000_6584	358694d8c97a5dfb89d3ce1c07a8843230a5a9720fe144093bf0c4e7bb5d5fcc
t2t_L10000_6585	2ca348dc375591974075af6ea4db68645f1cbd95dbbe0ccbe0099f8f97d70cad
t2t_L10000_6586	4c94f132bf4b96f9c0465ae339ac948387366192093b32830bafb2c6b2ea1c66
t2t_L10000_6587	44a34f26702e783b358f40faee0e561cacb082c7840b88f6b270d06134608ea0
t2t_L10000_6588	93dd49fa3ffbc8178a5a37a2d57c84ee8ff7ec1297c7e92bb4ded496564991b1
t2t_L10000_6589	b93e6769b6447b83a6889e6e3d55df553b1a1e3110e06723ff1c2a6d6088faae
t2t_L10000_6590	d4bcc979c7a9d5340000526563db03bb3f5b09843da5b78e040aad987d5225af
t2t_L10000_6591	d02d025e9c5b79adff2bb79b7dec5b4f52001ebc812b878624dadf76248eb9e0
t2t_L10000_6592	890d72496561fd7232ba55fddb33de30d1ffefcb696e1f60b7d9c24527efd00a
t2t_L10000_6593	313db8d23b951f4afdfbd33170e65b2c54cfba5545cae0382f259ed39fe7a3db
t2t_L10000_6594	d2a4e06af618a317868cd01e0d758678ab1578d0247ca2644a03d2a41241c83c
t2t_L10000_6595	b2c6867e75de14b7298d83dbf1fbfa7abc3773e2af4406f5bb7e115d522109f1
t2t_L10000_6596	0c55a70c0a526298a0706051ac32751975477523cec6e2546f0c07cb6b163721
t2t_L10000_6597	6e518996532769c2da59b9bdba3edcd88edde755c54f81c7a3917b6ca04a3fb5
t2t_L10000_6598	c3357721f61c3c61e8901beb0905de872ebb9fc3484693aac73cbdb22b0c1c83
t2t_L10000_6599	5b2837c21df5722432d281edb133c7a9a8c7cadb39d84f59a9f15b8c8fecd387
t2t_L10000_6600	ec524f4c4f09831d4b43c457716ff2f0063b707e119ad30d3d08ab74a9cc6f87
t2t_L10000_6601	d0707b58c70b3bdab54d1b6a7349333b75498e88b999505e865d604b1ca60422
t2t_L10000_6602	772c17a0cc91612e471c263f823045f8131d9e8966b152ca375a0758511eadde
t2t_L10000_6603	ab6b5371ff9bc9f1c14865e3ba159ef1190ecc61485940bb559b56ed662e1da2
t2t_L10000_6604	ef18c35b595128a94996ba8d605072098c046f91fcb976bc90caddd890589403
t2t_L10000_6605	cc07c299c84907b904380b472c62396a8258d9287be8ef89f259d634c070e164
t2t_L10000_6606	3e3b69092fe2c671bd39a290fcf8a9aa5a81ed5a9b32b9505ff49f5f8da7433b
t2t_L10000_6607	214953579dad2da14b6462c8b652f55dbe1020588012b95f689752ea5bb4256d
t2t_L10000_6608	53aa798b34ba7c7e2f4051466e41fabe17899c756dc15f87a8ceb1cf604c81f5
t2t_L10000_6609	6b2a403809ca4c18bdb64908e9bf1c22ba9c2f3d787bbc369b24ccce4dc3346c
t2t_L10000_6610	a1509fc95267192e70af6950d66880f7bb169ea7d15861656513b8149fc5909a
t2t_L10000_6611	017b894e0bad8a67fe8d08997f075cb03b01107762994d6bbbede6e39eba508b
t2t_L10000_6612	c58fc61d0278c68abbe5cc5fbd8b64716fd6e06b256735867b28c7b77d38578a
t2t_L10000_6613	4b4c7f291a2509a8cc332e1bf87e455a62b013ea00a3214132818ae747f83d47
t2t_L10000_6614	b78a0e665e43af088b0d8f97b31ca2026333ee39d5b862a318fc2ea168aac7f3
t2t_L10000_6615	cc90a93a1c9fd4c7335963481a620bb609db49f11bda7633291b7798c43cf23a
t2t_L10000_6616	981152570e6dfe26cbf884c1bd322bcd997fba7e327d1b6cd44216f6f5fd22d0
t2t_L10000_6617	6520f919dcbb191ec6423536a51fbad8af1fdd5ad52f8a4e988f33953c7bf57f
t2t_L10000_6618	0c24cbf4788f2a2a90682820e2248f36ee5ecfd1b01edb8dde006974ead88951
t2t_L10000_6619	b3fc85cf53fa5af676c3e325314df6f457122336b56a01f32b84db2a715fa84a
t2t_L10000_6620	bef41db1199ebd509584b4f44e575622915c4869e9506979bff06dadd631933d
t2t_L10000_6621	9162d77e7a060b9cc72bb4c8ddc121b3d19b654e162afbc548aa14aa8d34e31b
t2t_L10000_6622	59adcad9f9a860dfa8df0b3aee4df7f069b81a546d28ba5bc36d10d1e7956ef8
t2t_L10000_6623	2689a9f2eab8acb5422e7a9ad65ae23106572ed354a988f29f4a6dc17876dfff
t2t_L10000_6624	f72e764a0cb249f10c196881eff695735148bba180e5643f488b0e5e756a5e30
t2t_L10000_6625	6a4733e0942cfa926fde32a647d6b41c79de89113fa2d5e1cdf4e71e751daf07
t2t_L10000_6626	dbc2b1f7d6c853cae4bcd7a372b7496bcb3c3b8cdefdd910ffac2798ea9b69f9
t2t_L10000_6627	4863378184d84f7932332a5d2cd81b90c8401ae565b3a3a977fb064c8a7931bd
t2t_L10000_6628	9982ebd6dfe4e47d295de0ce8a3f306439ec2e78c8d2695fab2882fb7f2e2962
t2t_L10000_6629	40190dea4372fed63d5e9631995c88873e3a5e7d9ee5a131f122a212acf90f40
t2t_L10000_6630	6aa8fa92622bb310af6ad0268923cd288b4cc95f461d8db32172ee3801478763
t2t_L10000_6631	be2cc9736f73b88b517dc0f3a32b1688df997590bd4ff2faabcace910691d767
t2t_L10000_6632	e530a1eadbdcfdd2d61245d77ac3c9c63d8139001121824a5ca70e91ebd5200e
t2t_L10000_6633	7c8e1500ff48cc7b2050086ed59cd95ec397f4dc21fe7f32457d6a9ea72a03b3
t2t_L10000_6634	523bd784e263074c3c9ccde91aa0a1f6b5138023c440b18c34dc4f732b8faa15
t2t_L10000_6635	0264f42bbffccd7e8d1cf2dcf7a319cdf7549698fa62822b5ac162eeecf3e719
t2t_L10000_6636	96896f0690b6219b565c2554b288a0a3e7cd47056c25a0eefd43fb56e4784914
t2t_L10000_6637	0d64b89da51abf073e9bd22585b54f80d10cc2eecf800e7fab894989e532ddf7
t2t_L10000_6638	d36bf748e401af3ae7362a29e08321b608df4ad62e62eeefddf472b54daeb9ed
t2t_L10000_6639	4533fb474b1655dea00e7f8c8e653359c31f2dbf2855d00b9b198ad76e36e6c4
t2t_L10000_6640	87450a1c81455c4ff35410ed2cbb69741a9962c42ea9cbf54c9cb4d06b66c00d
t2t_L10000_6641	98b67112fc416276edcbdbb2aad8d76f176e97060e113787a7534ce69a891ea6
t2t_L10000_6642	ecd93af9bbac13e4ef80f229dea501750d1780669f31bd016b597743a01ab33a
t2t_L10000_6643	e2dd3047d60af557b0f6ba3a692773a5aca7628681586ffe83e46046905af5f7
t2t_L10000_6644	d1b219c324b320545e12be1861d2923ef510d50222e6a67d28db2e91907a2173
t2t_L10000_6645	3b01d6d75e6c3e501fc24be932359adfe4ea516d643b41866d172c6ec50f55f8
t2t_L10000_6646	92b8b093802669010bcff0fac6dfae470a78ea8b7de68e6341094b98fded9bc1
t2t_L10000_6647	d33918c2bd2685808f87730c75d18f2d00f8477c8ba82278267f55fc9867de11
t2t_L10000_6648	2e302c864211d841abeddb70de397e7a581622a63b5acac7d95a67cf5ad9baf0
t2t_L10000_6649	effa0f9e356d20d289b620b9a9fb77cbb0f0c9e2706d4e77645032e58073fc50
t2t_L10000_6650	180b4a16822fcaf563a8f32a2dbde62c58acc60d9558d3d68d2e53cf141e5a17
t2t_L10000_6651	9c948f048f720fbcb901a74fec85d40e6f6aa9f1a4f5a9fa6f37e9dceabc0953
t2t_L10000_6652	36937efae39b39e9231544408e9434f7d131e09c1f89824d8d5821eb1945b5fd
t2t_L10000_6653	ce84a93a9ff8abed9d5de9c0a730c41640e151917d2862a9f8113c5d3adc29d0
t2t_L10000_6654	a6b4c40843db5688413ea01a0e3dbef28a49431823f38258e84ebad883284f37
t2t_L10000_6655	058558e376e8ed4e2f99aa72623f4961813b53b4376820788ef7a5fcb2e86348
t2t_L10000_6656	309d5f4213db7877661a0fc27cdd8f1eca39de848f32b1f9296f4ea64780ef23
t2t_L10000_6657	6d5b1a01227ace396874554c188bbfbac54a9df2689b3d4dbac2100914d031d9
t2t_L10000_6658	ac39e3eacb949316b0910c0016f8ea6c1e931c2931889ad07a3f55eef30d6ceb
t2t_L10000_6659	4f8674097ab427ea0351b572950ed8fff1fe4b789ac5b25e4cf8ea88c1bffb10
t2t_L10000_6660	27ec055acaf18390a3b6e2ade91a6b681b1c2f5a998d1330ee218cd21dc82581
t2t_L10000_6661	90bc87ace54b6cda930310766235a4e00cfe4c5dfe3fc1627a4baf85fc714902
t2t_L10000_6662	8a2228f84f97ff9b9c2abff60050c5b0f42c9b49c26b408dfa50bf2fce35fe02
t2t_L10000_6663	b7eebbe552964cd4baf18b5217492bd54d5bea56cb19675f65bbaee857259230
t2t_L10000_6664	348ed742a1db1ca4692aaa98267f05cdb8770db3aa080f54f0ab87fa43b705eb
t2t_L10000_6665	04968db2190acfbeccf93ecb70165a9e54243bbf6843f26574f2ab754e3fecc7
t2t_L10000_6666	d03c136367983d871327b216ac7a94c864ef69439bf251f61690fc1da527c347
t2t_L10000_6667	c30da88024f1695c581a6c3de8e92fb9a360acfab71850641c1d06a608dbad44
t2t_L10000_6668	35f827c7c75e3e5ff2ce2ce3eb99a7657fdbdb6601c30dd1bcf74687f03cce12
t2t_L10000_6669	8c45a82441af39c0eda070960954ebde0aaa0281532df9b8c700c99db98b517e
t2t_L10000_6670	a867ac97b6e27945129cf2965c97d692774c91f3dc08d9b77ee8b9adcfe9b8ba
t2t_L10000_6671	747116913318f520a3632ccd61bb029394d260c6928fa111efb5b16b7a3fbb0e
t2t_L10000_6672	f37d866ac8c9f31108db75b624065c04869ac18738c54b5fe1ec5827bed849d0
t2t_L10000_6673	6439ecb16ab5272e1272d2339d234cbc80fa2429682251a43676393bae3b5790
t2t_L10000_6674	2f8e174798f8760db70a1ff79402e85952c356fe932bd259b4c9387bb7597744
t2t_L10000_6675	164b7991469b3128bfd1736153c1cf6df510e61b1ee706a5ba2fc8f14991bee3
t2t_L10000_6676	1cba34f75bb04575ccacd5d21300464ee3cfa57a4b92c1cd9ff953027e8c7ff8
t2t_L10000_6677	d69b581a864b091ae0edb011f047d9d1a37072b5822a4d6a4e6bf78ad03bc5a0
t2t_L10000_6678	6bb9b03c54782662f6bb962b3827efc3a1bb6f8079f7d4a441ff93bafb8ea85b
t2t_L10000_6679	ecc5b8ac9c69cab88fa8e62c71c6f649e646b5a3f8d871cfa8b21512240c6bb9
t2t_L10000_6680	e2943fa6a18173d28084a04b81c77f72c48ac494e994c6caca481b9a2fe1b44f
t2t_L10000_6681	860fafa3df97a457f4030cc81a8aca72c6c0f155118fab280ccf4b04355d607d
t2t_L10000_6682	4992999346e9990dceda2d3bdb9c606c3a4c01a06b436bd18b97371403961425
t2t_L10000_6683	fba2c39656196c0f96f3a3245ef51ee87a23d87fc67cb712852926593c109210
t2t_L10000_6684	f8a24db4da1a27271ac9cb71e808696ea3e740772e5340bb63ec5bfe6ddae5be
t2t_L10000_6685	7c31ecdbde9b0ae365b31c44efd5cc3c15c18f5b63df911270f542c8687a35e5
t2t_L10000_6686	92fe71acabe8889e4728aa9750baee4e27f5c6b5ea5afaefcd6f8b4443b027e2
t2t_L10000_6687	1e4af487dfd1dea7ada16eaf6b2108f61df7e55750bb5f2f53f08dca94e32e77
t2t_L10000_6688	f3bc2b47814a0e8768fb22bbae4e72a7701ef2b81c3248a9b9a99aa2fabba0b7
t2t_L10000_6689	7ee7227cc236928d42e585948a87730330fe0987adab80b1f845bf065a8a074c
t2t_L10000_6690	88a1d1e0b488516826fb2cd8b6b914e36b6cf7081e748cc93235485f81640593
t2t_L10000_6691	fd972af30cf78539a01f838a63393be9ed52bdfce8788d4868d1c1a5c943386b
t2t_L10000_6692	4a5fdc0250ed2cd65c5e4adae0800261a942a3a0206125cc2158070650591697
t2t_L10000_6693	9c6fb33ffbb832c8d4523ccb7286f150615ec71ccad017a44a4a4b2fd27c2f46
t2t_L10000_6694	e8f811ad04b0e36b686305aa7fed7372022b5186debfebbdc2d10db24ad8e8ca
t2t_L10000_6695	7ac29892b689261850095f30102c234b94e9e5f06396eaa1517fefdaae16ea86
t2t_L10000_6696	26d6d385712dc35ebd47d5efe10d283a9acd8712a68c934986e8df5a378224b4
t2t_L10000_6697	d8523c4b18c5604389c49bd99d467a1998720ef4fad0c3b5413d1fd95012c262
t2t_L10000_6698	e04deee23a417841d91944b204ce56ddaa25a760631d1fb719b2efb11dbbe7ef
t2t_L10000_6699	a057f9c0c2a44cf63de36a20cfdcac08f5b6b9aec9c1542145e4388843862a57
t2t_L10000_6700	d4c25bf866708e02e8d718d58f5faf1795459ce3894e28ba768b2c8a009e84ed
t2t_L10000_6701	3d4ea99f369a358c8cfda4dbe5c7ef39cac9116612b8741d34716e03b246dad4
t2t_L10000_6702	99723acfaa6bdc1f45847c54ed1ec68a9ee10a78162ed2f013d1ea8e40f2b4f0
t2t_L10000_6703	7cc30e10f43a2a3d2119bc78dd9bb2fbdbf282e39eef9b7007f79dbabb61aacb
t2t_L10000_6704	800996a2ca5babe291b112ad85bb90886a8149cb19d4258af80f7994695b6813
t2t_L10000_6705	67ae571ff19760d346cca044d2ececea09be116199e43273d20499cad9bcce6f
t2t_L10000_6706	a34e1d719a923f409c142069deacf234d72f47f81ddb3bc5f2d8602dd22f5120
t2t_L10000_6707	30aefe7b0f0d996851ba0fd9c8bc3aef096501f6bb0adcd3939e070b15118874
t2t_L10000_6708	1cf2162bb6d97c6cf68c95276d7b0efec1a502975d471286d4cc111475ebaa88
t2t_L10000_6709	d8ea5c37bb1544a71a441ea7605e18be9ff20f4282801866b617307463bc1bc6
t2t_L10000_6710	2d251aac8ada45493fc79b6305d7a6b0d41d17c3a40ff1d18258960eeba891f7
t2t_L10000_6711	b7164c05df545fbeceb2a860bbc21971c26141180043433dc6762ffbb99be691
t2t_L10000_6712	34f0b8f0dc94b13e0ba167479f8fb89bfcf705b3a5dad2bc5c93a30f66f40234
t2t_L10000_6713	9f24273c44fe3d6951e08ad564a747ffed971953e95a74645be7f75d808ce57f
t2t_L10000_6714	87b1891dc99e13b9e2eb3c21c042874847ac09bfde98e13bab380aafbc8c01ca
t2t_L10000_6715	faffa0058db156066f6e4ee0e1cff7635bbe04d6e4f591ce7dcea60c89d5e697
t2t_L10000_6716	588bf64ce340bbf8b090c7fac69e82f20c868308112b78a613d7b3be1631babf
t2t_L10000_6717	2657178e6f41c5588901a7dcab5e9d54afd4e9660ddb8a2b86cf872476988132
t2t_L10000_6718	51ce03db4b657d7b6dcb8eeedf8fa6ee29d85a08b7a4df98fb0579f84ddbed9a
t2t_L10000_6719	c8deed8a48fbc0898197075b997a67bbee24603e0e98b2aadf51d96e87992a9c
t2t_L10000_6720	9a5752338c54896eb973c85b68d2cf11bbbb5b9067da9cac4d68d13b5d058f54
t2t_L10000_6721	175718411f89322091d9b0b47be07e5bd98b30c8445291708eb5a6a7bbaece83
t2t_L10000_6722	e3437babe62835c9c98be470b9f8ad37fe3c8d78dc3d0836c16d4b86d0e5eefa
t2t_L10000_6723	3daef688f08c45b74cb499ffae42de7260f6570476127dcd6e6e5b186cbff936
t2t_L10000_6724	60aa8f9b5735a7c1ff2af6b797c5ba969b71c1365daedde3f48e63c20f4b2afd
t2t_L10000_6725	98b1546c293cd87f4e077e25ee3343f34fd3fb747cec79b42bbe8463b3996d46
t2t_L10000_6726	a8498b49ff5b9d2446f83f51bd738b9f07b4cc6c352c767f9b2c2592b8054915
t2t_L10000_6727	73c4d170e6888b3608cc4ee4108255f39708606d37aabd6cd9e6b21c7de4792d
t2t_L10000_6728	2625c216dc6f98addfce1bcbce36ab937e84c6710fbbee2e127d9463f2184401
t2t_L10000_6729	dcd4fda673dfda70109fe64d485d3bbec90106fa0728f3664b6e9c0a0f27c4d3
t2t_L10000_6730	e417709c6dbc5fe5d5178b2d1d520d756047381f31198e99ba184737498ef7aa
t2t_L10000_6731	9dc6ace8590029e9d3edee92eb3cb70bf2b4029d46401b1af3c848711c1d4839
t2t_L10000_6732	68fabbe01415b8c5a6c63cf4f9eba07f234cbdc1d12b7909275dc78981bed2fc
t2t_L10000_6733	52ec3c36ad0bf1f53effbf89d9f5d98ba53f58767db2b7220949cccb763d5042
t2t_L10000_6734	5ebdfd7889759a315f00080435b05a469ee0cdfc049e00e97dc956bccb7cf0d0
t2t_L10000_6735	fd2c992ed8b28d44e58208dbcddfc801d8b5b0fff6a10f144f32e27edb768575
t2t_L10000_6736	3086f6fae00c2d46f512968a1399d7c518c9b3f95b81d310cad561ac3e0950f3
t2t_L10000_6737	4dd9d914b7c69f34c820732641c152a5206d468857f73142c85d6a8ab42f8ee6
t2t_L10000_6738	e8f6f90864114ea42150d32514b7154ea147410a0de120cc89fbf1d1a184e735
t2t_L10000_6739	e9219949b3b9519a6ce3121e4006da4bc8c74939b96d1086ac2986635be7fcff
t2t_L10000_6740	228e30f053f8c6ffe97c78eb85b312ff1ab880d155801daae1d483169aa8851f
t2t_L10000_6741	dd4a2f61e28e43e893680ed63681051802422904e116ccfc550d87c05e93f9d6
t2t_L10000_6742	6192942b20ba2e5c6906d09ccc6ffefd9e7f2d31dfb98a5c0d6693a838c22489
t2t_L10000_6743	d5109386c4adf4b4a0e66ee94dc8b2e8879d4bd97f069044216d8ff4b303d231
t2t_L10000_6744	407128bba4fc53c6d58f8575723d1d2f0904bdd23fc382a4b12a15f4393ef8d0
t2t_L10000_6745	76c542cff343c268e0cf492e5f15bd351abdaec0d8ecfba95c3f56bb9ccabdf1
t2t_L10000_6746	94ef2dc1c0a1aca797486ebac66fc89ada4ddf15733a155eb7ceeab2f2e50a69
t2t_L10000_6747	64fb81c165916d4a12ac88905246db72dfaae2d67269cf21d7fccc23d8f3eddb
t2t_L10000_6748	bba5751dcf9edee4c1c74dc21e276b3e01eb68adecf4b56fd6fd56c3bde76993
t2t_L10000_6749	8e0bdc5ef8ed287c40543e71f24df5ad56bdf17092cde87dca5b896211281d4a
t2t_L10000_6750	80d3063dea19959c13b34d529191e2bc4858132e68033634c95f5105cd524551
t2t_L10000_6751	538b6af30901585803ca4435bc6e5d4891e4ed7ecd3207f7d992138d02ce50ce
t2t_L10000_6752	07cc0fc93cab0a6d3b370d9240ea35674b2e785eb16b4075714568e48946013f
t2t_L10000_6753	e42db4ef6e9a3a1b0ed6d5faa05f18a8de1ff7c4919f7f0ac9b742d28390d8e4
t2t_L10000_6754	ca7d4657dace887fb9b09aa4041ff95a795f0d54fa7de83d7218a939218a3c30
t2t_L10000_6755	59d4f1ffd3fc123f38b623e0cd3c9efc8f339beb45510189a5474781f6c1ec3a
t2t_L10000_6756	55838b6f8cd3b297f284c449a19c62464df77d74a238e1ef98badafd64c224ec
t2t_L10000_6757	5b0605584b371cb1a080c3f4325104b61635dae118cd7f673167bf3b78d336c7
t2t_L10000_6758	2cb448b0ac0426ae6d59e6026826c848894a6326e54f8ab72be1d2c4014cbf16
t2t_L10000_6759	d63a7db19d4afc8e7406872cfa5e2b30424e127e470bc0d527bdb759b9c5a8e9
t2t_L10000_6760	ade8a79659e70c40531d184a1770391eee40855371862d2f5a5282ec37670c83
t2t_L10000_6761	709a22423062ae1043b43c4b097a3deaf45239f56ee0b2d8c808bc24fb624c28
t2t_L10000_6762	1cba00bd57f670b9ca7b5be34a585f7ceb87d5208c43f8defdbda7cda3cbf2e3
t2t_L10000_6763	ca0b898fa157fe370ee8efe793ee8b4876c969186e2094495daa128e69a869bd
t2t_L10000_6764	bb51d15ca015082bb0797770e957c78e11d8cef93d9884b409c9d206e44f99fa
t2t_L10000_6765	488060b2ca36cc2596e16778ba6e53b547b73a5d402006da36aa00dfffe90782
t2t_L10000_6766	b276d37ba0c2dbf010c66daeaa17b122c2c10ac20dd4409b663aa000dffc0947
t2t_L10000_6767	4c9dc4d22e211f16e6b9f5960778b5d768711e86e4e0f6da03c67e96ee41c3ca
t2t_L10000_6768	c7669793f873f10fbce8feee782b29af0f3a71f010c8ff43f74909c195344ef8
t2t_L10000_6769	0780591f3fe5b43355fc73d75bdff8d89b6494e458d0fd0c2bb7f72359b3b4aa
t2t_L10000_6770	24442428c87b76dfd7548e511ac58a554c30f415175299b8441f383c88e2b6f2
t2t_L10000_6771	fd21c77752f9916066a610b9134dbf6ded5776f5d8ff77fb3d479468623fa42e
t2t_L10000_6772	c0d27f2014f818311220025855f0c5f17d6fc210307183dc93cab95421df36fa
t2t_L10000_6773	b1e9d09df39454509ba38be30db95afc6588e6318aa9a9e086ab58b9ba812cb7
t2t_L10000_6774	283cd07f8e16fdc5ecab134c7d5dcc72dbb2861de45c4a130b843272f1e52293
t2t_L10000_6775	73e92badfe9f2055dba34edee35dcea3c9cd81eee872054779821cb995ea8b65
t2t_L10000_6776	3f4e983bdd1860f10148aafdc36b56e5824927c6d8c2c22c235c7554c5d34027
t2t_L10000_6777	0335196925251a381152e3440b44cc2076157962fd3a0a4159c264d0bcb68c20
t2t_L10000_6778	41c1ffcfc9e8f9aa74caa17f647db5844bba588fb6e72537a975117035b60557
t2t_L10000_6779	adf22ccbd223c614c82c2f8a47648506482dfecdfbb3533d14f3112570959ba3
t2t_L10000_6780	cfbeefe3cc0a9ef3f3f8a4e981be539b1477a1f0faa3fee508fda35b3220a381
t2t_L10000_6781	dfa47ac9327d5564ea5e3fb5710597f73869a656da61709c7a8421420d6cc247
t2t_L10000_6782	937e6bdc8ad7e2398570373c1199e04e6eaff11b3238b85b23c2afaab2c36be0
t2t_L10000_6783	908a799a5a95341f30d570e9e2637b10994b335960ab8f38e8e9b9b891b3dc65
t2t_L10000_6784	336c5298dcd9948d690f163887f5f27754f3ee6d63255d36e87decc9708f875d
t2t_L10000_6785	c2afee5a7bca8058d79d2a562dfdcef8db49a670693a90381e49809264bbf972
t2t_L10000_6786	3caa6fb8c4bcf03f0a16194e40a1df40cbf4dad762e8b9a91acecb6f30861945
t2t_L10000_6787	261c6f2c46153e1ebaafef092b6013a99d9056b978eaa49ae450644b606192ea
t2t_L10000_6788	65ae89f0a1cb0c8f48c90782334449fad00b65766bfee3655fc7152cc9f64d20
t2t_L10000_6789	750b97c24d15d8a3debd6b7d9e2c214df95ce29a0b652afa06d86fb285ffb1ea
t2t_L10000_6790	4788323cc8fafc5ca0cd2b3e6f4bb5c6197dcc0682261956c038d7c9beaaf0f8
t2t_L10000_6791	be39fe45cbf151ad5ec5801c764481e3f9d3c307bc3895518e15de86482dd887
t2t_L10000_6792	f0db1a661f3b103f3fab6fbbd06e15640a9971f3ceb4a356af209c7a00893c1b
t2t_L10000_6793	9eb2e80be6f8c69b7078d48ae5518ade20d5941cdec9deecd381c0dc0371c5e5
t2t_L10000_6794	82ab72050932c0a8c934311d8dddd1d9fcfc7712bc0f17008f620beb20de019f
t2t_L10000_6795	8b40648338b066452adafe0234480d0e4b17119b71b882625fc3e717be50ef74
t2t_L10000_6796	5d46cbde77d085d7803ba6e6a81aaad9ecc3bb1b02f47065c3dbed97be0dc34a
t2t_L10000_6797	0adb58104907c93675c72f831d63ed946d54b6ad709e996090805daaa481a933
t2t_L10000_6798	a8f9804c50884a76c575c0f6916a7835dcf45cbceb1497617c039af0c2008410
t2t_L10000_6799	e1eacb8d0506145275022b3087580b61699c4892076c387cb144927aff8f111a
t2t_L10000_6800	6827b8bea73f7b3056f8076a6ff56d23dbab107995e2597984ca93ac5cf86ae5
t2t_L10000_6801	e2a660c040c7e331ac1f6abb2fd7fe5d8ba13603bce92e489b342b348925a982
t2t_L10000_6802	ea10255a3e567d241daaa0c76046f282d374989a968cc22ec808b0893404bc4d
t2t_L10000_6803	5057df8bba9c7b48558eda92b5674659ccef679f3ac4b30c9a28753dd90609c3
t2t_L10000_6804	3b636409597cba7961ef18dc7799e9cbbf267ada6ef996b754006964bde9013a
t2t_L10000_6805	989ec143f4c935c3f7c95f5a000f0b2ab78dc2db2a99c93546be0e003fa71e07
t2t_L10000_6806	6949bb976d97cd424756b9637422c3282e47cdf68a66d4281b38c8661ccf7eda
t2t_L10000_6807	9b4332c6a46e1b9b8ca4d4144c5e9d2f3184e2183de94ed775649f69806d35bf
t2t_L10000_6808	98f6d6c0638e16a853a96565a2cb0889feb409621bc5d20b88297e666dd67a18
t2t_L10000_6809	127d45fa8af8dd8fc4da947ea1e5211909eb53f90fc1d45235aefa6faeb836de
t2t_L10000_6810	15e4cc060443c390c3a876e829a13597db4145007c371e37d6c6d9f40b167a2a
t2t_L10000_6811	50b7f642a256ba09b946116455630f1a6d4af56fc091510c2877532b97734a95
t2t_L10000_6812	cf19cc7c20fe730201a6ab18613342ce0d7f3444904d75bf0d731ab67d642b43
t2t_L10000_6813	5b5d490c8019c3ce131ee1a2442e28191945a8274d3ec92939d38fc28b7be3a4
t2t_L10000_6814	214d9524a3759f09e5bfbed83f69f6bd685cc45183cccbeed10db4da3941ca0c
t2t_L10000_6815	95faf7cbd338a8799168d64c242b601c3d2a2963de079c6506ed7b6c7081e5cc
t2t_L10000_6816	84faecdc4d10ee14f323f0de623281debb1aeebb67b39fcd7ebd4a67bb26f448
t2t_L10000_6817	351e954af14be9d09f758f16efc3b062ab8e8c8ae2ae222147efd03cc4d18712
t2t_L10000_6818	6e19332dcb24d27c95c06a8693cf30baf177a167b3013018cde951f5c58bd047
t2t_L10000_6819	585841dfb1e09a5eb47fcaaf4b5a64c7fe02fb5f9e4c751e6b8dce044799c59d
t2t_L10000_6820	a3c00b341d89d6c81ec8eecc412c089f3f1734193abdc086b08b8962af8ab286
t2t_L10000_6821	0f9b380030d7a63d93ea385c9d41dbc0bb6c99e38a63aac3c61747dbc38465f0
t2t_L10000_6822	1a013f8eb156e834c1ed7a5c8846a0e1a1b55d4ee90ee098939efd4b5c20c7b0
t2t_L10000_6823	53d9a236c2fcdf9d271e5891fc610db46824503ccb721094504fb1241bb38b91
t2t_L10000_6824	fed98ade4a846aa7d60f2d289fd1c04ad4f5db9561942995eaf01428c2aad59a
t2t_L10000_6825	9893d79e7953afea208776eb3362e6627502265760826b312b2729714d56557a
t2t_L10000_6826	e75fe5027a0fcffa14841279fd2aae287093282becb5c847ab301ee841c16d57
t2t_L10000_6827	e36ee2548322ce6d9d1740ec74dffb667a82f33b197beea84842c33b4ead7ef3
t2t_L10000_6828	821e133147855348dd525d19befd4fd30e0c88a4f6e1ff2b42e58c9334975c99
t2t_L10000_6829	7fc50afc06f878a2e27c305ff9bd4e16b41f5fe41cc3d27a204775fcbcbeddfc
t2t_L10000_6830	3994ab5c691a3780477293c613a14876495c64368d409e3b5770aa82fd57b9b8
t2t_L10000_6831	714d2726b7294979939add77c1ac3f74270cc755c31e1b0a1f40f6be371d9c89
t2t_L10000_6832	31f73102c8dc5077464555f508d22de966be1196e0956c0c458d75bfc98543e4
t2t_L10000_6833	5738594ddc1bff44eae2218a6e915f1951bbfeab08189cbe661691c2481698ef
t2t_L10000_6834	b358f882a46ef278ec3802cdd63b40324ba6c33e332efa2836bf266555757eda
t2t_L10000_6835	c0c9d3f25a09d7f26c75efd0779dd8e4e1ba07f0118f75d9a54ab1bf2738ba18
t2t_L10000_6836	1fedd9c8e4c7abe7bb116b19cfa9c9d0f76c37c588507177e5d1b0f9ccbe0bfc
t2t_L10000_6837	fee2191c175c1d75b2127488c0385a5c91d1aeacc307e129285d402be1d46de0
t2t_L10000_6838	e66a8f6815a5ed4240dcaa7514e6e7fb4171f16e66d5f400a101ee9881ec9baa
t2t_L10000_6839	c1b508087bd673baddd85bde6da3d1d2a5448137152e7fd6e43ce2e6e52eca55
t2t_L10000_6840	0adb397ab6cf18099252d9b73b3379469f290c9ff1c6a30d627c9cb347db4594
t2t_L10000_6841	b4970847c56b00d06b22c076ebf802956597350a025e0c690939ad064cd3ef44
t2t_L10000_6842	b6a040c0db0b35aa9dfc01ab07f4a7a1d7e702e33265af3deb0afc916944cea6
t2t_L10000_6843	76938db5c322a6525f6a86935762d1b778b3ca52038fd2a1e892765ba5eccd84
t2t_L10000_6844	898e48d6b79e729ba291fc52b3ea946f6a38f0d6027d5769e980fb7fd41619e5
t2t_L10000_6845	05d446d8ebdd69b9a7b6a1ed60d4771cb69e487f346aceb1886af4d0449ba8cc
t2t_L10000_6846	ca63115ffeadf7bbf5e13ad8531fd88d10d30d675dbcd8c4b75858c55a474ea2
t2t_L10000_6847	6f7ff7a6a2c9ec462182944bfd6b76026f453c307061a68f46042c1d7a8759cb
t2t_L10000_6848	062926039effb988cb8b2f3d4195d3cf693e1b5b6eb24bf82796b53ea3f373d0
t2t_L10000_6849	436ba471beffce23a81726255523e988762b36175425042c7e069cb0e78fe736
t2t_L10000_6850	722055b322dc2a1de8e7a039230263bc09d367f3d01e688068e0eef028835fff
t2t_L10000_6851	101d1740fa3eba206a073c6da07982854478a58269b9ba0643d330b35be24c38
t2t_L10000_6852	eb225e8f499705a072d8c23132b196a5c61156f79f185fef64e484a90921aa29
t2t_L10000_6853	d3bbb9cf6261c8e4d72a7edde786c1ebfb64b79e3c4b5d20558513ee4cb44fd3
t2t_L10000_6854	3771ed8b4f3c1afc72d5a2f46be4688d04b46ab70c953e2b199dd81e1bf3d87b
t2t_L10000_6855	a9109444e2a7b99df9aca7a3140ed197dcfc93a1016592cf7f5132c978492a0d
t2t_L10000_6856	087427ec99df4e404592b55742ffaf0ad3455fae72a60e77f684aa9f4333a9f7
t2t_L10000_6857	2ecce9f0451d5b8343e5ee5ae1db08f0295dfe46a10ff799fc0119574fd632c0
t2t_L10000_6858	70c67bdc3d3a35fcdce0149a2f34e01e298deedb588cc45a7b3d7cf5588b454f
t2t_L10000_6859	7ef732d9d592cb90100747ff329c6ea49f72cca8285936e219aad5bb217dbecd
t2t_L10000_6860	4f0ffa463aa5d27cdcbc4ecbbd78389d6f543ecb519c833b2f88c31dd89b867d
t2t_L10000_6861	2c5892515d712dc9671e9d52acddd8225b383f17fa35c6470ac0210108829634
t2t_L10000_6862	f3b308bbef7a35ad61b7c553c0dd3387ad91bd8b4ba4838d0ae7ee106261dd64
t2t_L10000_6863	c6fdd8de45dcff592b43de32550af15315a6fbe6420aec3b0fd990aeed70a5f8
t2t_L10000_6864	e59048df04830112bf1c182cd7d250242c6dbc572228501ae6965cc5576ed004
t2t_L10000_6865	efc1fb709f3d725c726694b982d0aacd2e1af770e6db5eef9d00067b3d56af6c
t2t_L10000_6866	549da0bad03d360821ede0d2543cb7f1ae5f589fe8231e9f4e440520895ecf2f
t2t_L10000_6867	60da42061c012baf00bdec15880d73cac38c8f318e59b94c265f51925cd85e8c
t2t_L10000_6868	21480cb0a0b4c6d6fee7bbc1f68bcd6c170f4643bedc5acfd79f54d2c062b50f
t2t_L10000_6869	dcf0fb3661a22a316718722eac371d6100eba2263b74d904272d825703c5c84c
t2t_L10000_6870	12ba7f645d743db1629a342fa125656a590a953f59bfb96d629a237ade54af6e
t2t_L10000_6871	1173b4b86bfc85822b65fd203f74935c13daf9cbefeec91408d26e39425f3824
t2t_L10000_6872	e96168ecc65b137ec510d13f20d5eff118a08399b92a69d3fb12b835ed5481ce
t2t_L10000_6873	10de392aeccbfd3ba002f091c8c8ae098e16037bc4917bae46d0114d8d4c762e
t2t_L10000_6874	abbd1336f1f6566878ffbe209c634d12fcf3b05bd39c483452aa86c8d4b49bde
t2t_L10000_6875	32e3f2a460ce2040f8ec18194c7a1be4ff177c48f6e1a7ce665415a98919c25c
t2t_L10000_6876	f6d24b980d695326a32e06f592f3c0f727ec5d3ab61bd5f839ac4fb2932da3e1
t2t_L10000_6877	ce12491ad52d78b67b2532e23e7069712d19bc04804a8bd10f633a89d065b099
t2t_L10000_6878	10cb8bfc7befb08d0068493e89e1f9e01547b26933627e074bdbc73fedcfc49d
t2t_L10000_6879	5e10b24433c705d9b4c054a8dc23cbba53988e8d70a8f31ebafa3b88001cf468
t2t_L10000_6880	da02d0c6e8a5b7459efb71f76e2f28a800f4a6cb7967806c2e0c8fdbf8eeda80
t2t_L10000_6881	4688fdf08a2a32b12cea135e143c90934f2fee2a70f8df1defa9b3d98d78861b
t2t_L10000_6882	5267028ff401ea823f94c5cd5ce79ae889e97bdac15484a543411e2af1538573
t2t_L10000_6883	b1310f58f98c1647eee5649c1dd7c5efbcc5da09b820171d84b1e1be2bc614f2
t2t_L10000_6884	f5e0215addfc3c47307ecc043ad893774fd7f8f7a46d7b4a6ff9982bb43d11a7
t2t_L10000_6885	eb44a0d39148f0f887b35295afdaa6bf838e964a5002340783bba5cfbd2ce192
t2t_L10000_6886	ea17913b6f7ab28bc371186a70545ea42ec716e23c8e16446ff8995a71200c9a
t2t_L10000_6887	ba371a09fd368911812afecff69da35cf4a18654755cdf2dab96e07594a42d4c
t2t_L10000_6888	6781fea33a2e1cc5fa867cae00dfe1b836dbdf39a91adf64ba0ffdd2850eaf6b
t2t_L10000_6889	35175d7e542ea3d945f331d2e81bba8d818164832f4dc959e7eb7efe08c9fe34
t2t_L10000_6890	4876d78d3662fcb493b91f65ba9e101a8b4742baa172c63735fc76639e14386a
t2t_L10000_6891	f3fd6b6fb70ec1076a25bf9d81789feedad0f1b68a44f0c1205435fb127ed36d
t2t_L10000_6892	5aaf667a672b04a8d975b18e0cee0d41c99586cb60d768b1e3076645bc41e9d2
t2t_L10000_6893	82a6b76b7acf55bdc0b0ead72b1400a3735ca368bbe27e8f0f361aa7af350fa3
t2t_L10000_6894	29ec7d29136228e4ea451902426aeb1291fcc1510c73de3530a77a77b226b9e7
t2t_L10000_6895	4ae0393724216b34ea2872db225581c124d6c8b044e4c015ab937c3cd43d4157
t2t_L10000_6896	67e4b3bfaa2ceaa5004e7478515dfdcc73af608bca5b8a4c3448875d835cfeac
t2t_L10000_6897	1616852b9184b9cac2042235895fd1d1e2ee919a9cf82523cdd477e839d4f6d7
t2t_L10000_6898	9a766675e806958be7d9ce123c276b6fded0ab53e470523387262d03223f0197
t2t_L10000_6899	eef55e7b1d2f4f862bbc978a80a173e4fa5988cd32c843d60baded0dcd59ae2c
t2t_L10000_6900	c2234ec8d8028f84f670a1f1155286f6a9cedf593159adccb69c22deec275c3a
t2t_L10000_6901	9cbf04dba01a7f2f8c5e8eea58329ff2cdf8353d49b832732b509680fe7874fb
t2t_L10000_6902	9ad88b0c1225795215d4e8ad06774de1dfff9f1d68b92296e44f4985ecc4f7d0
t2t_L10000_6903	b2167a924e0a64219ff9ffd6791b4d6c2e35612a21e65fac7c053406f5d89cf4
t2t_L10000_6904	1d50b5accc6531ea4c420e1bd2d91b2735873819eb22bd95c088457d4a72847a
t2t_L10000_6905	129c2d8e2e14299d246606947818a39d29414e7fbcd94331f2870e88b6edb11e
t2t_L10000_6906	f0daf5c60028494e1cc55a2d002a9f01bd1c6e381a52ab7beeace2db755fef8a
t2t_L10000_6907	76c0212193b126d15dc4a347db22c835d1e08b41c10a0f9a35eb51b67b481864
t2t_L10000_6908	79df193d74fff50830b6850e1f607c0a64029f624efbd0e6d30a29bd5ad72cb2
t2t_L10000_6909	20e723f4cee23591f3d873110826e0d7cfcf36d92987f1b7605644f381986481
t2t_L10000_6910	3ad646d9b56324361cdb3f264b6a1843f52af7632e0eeadeb248ac77454994e2
t2t_L10000_6911	3f620b61b0ca6b37b5792a886a580d8ec411c3bd906181ac5bf51bbf6756cc0f
t2t_L10000_6912	cdb541af72a617f820cac4bf7d9e864b525dd43a590e3533e1672c44cd64159c
t2t_L10000_6913	c7afc0070650c4db26205424d2e4cf850535da46ddc45c57a70529e413240e70
t2t_L10000_6914	960113f64b496dcaf415acbb6ba3137a7e12a39b3730b683a44786c5dd14386b
t2t_L10000_6915	c0ece360bfcca79c544c16935a4601852e0d8990fde16f0012cb8ca895bb9f65
t2t_L10000_6916	1ea7e3b7451dd537c6931a80396e13036e0c6f4b2404e046d31b562f505de8ba
t2t_L10000_6917	f2aa6cae608fad212d834e37b09e2a50eb929b4a81af8b1417038af1f8ab5463
t2t_L10000_6918	46d58e797a66589c96f2d192edfe4e3457023cf8917110d3193dfa72c549d291
t2t_L10000_6919	42846205e20c702fdd4e9709e92adf14a7a13bef38453929910819ac9c7007a8
t2t_L10000_6920	bb675c87599e31b787df74fd09ea305eb63ffe8a5d4faf91d3319650752f107f
t2t_L10000_6921	1211255a5f8ad6d2d8849b8ca2d1bf1b9eceacd7ee26cf3de0bac4c7877425a1
t2t_L10000_6922	a2cb9c73c016cd1878d876972777f70b97ca0d66446dfb9a6a5aec0f32b46eb0
t2t_L10000_6923	7b072e6eb19359fb49797078c0e5ec9fd0a57a4fa08e1cda903932ca189dc848
t2t_L10000_6924	bdd1e6b4cf204767085a86b8bc66b98bed5d654eca2dc6645da970ce7e67b29a
t2t_L10000_6925	7c9c7d9a620c509567cdf1ac60a06d39ab7944ac46df849d75ec0222c06a6677
t2t_L10000_6926	7236f290ef0f1682fe1e8daf53224f668d44c8e2be7d656bacaadae5f635f26f
t2t_L10000_6927	b368e2b38c5d3d77f0d26672614eff9eba306dca0ab1c51f3a78b3df4eabc320
t2t_L10000_6928	daaba1a49588bceebdef562b3cd55b33b9d29ea25aac7cba9515cc5a4cea6c21
t2t_L10000_6929	3691059589c7945758404dcb1bf11d135b5d52d4836739125227d179fef6733e
t2t_L10000_6930	02ec5efc9dfac49a7b69e7632e26cfcbd0775e1c1e9730a2e56df9b8a5c6893b
t2t_L10000_6931	ba78fcdc28f0fe7be748f50da2df9af161a8107e5483b7f8a0492588773c4c73
t2t_L10000_6932	47d860126021447bcaffd753a1ea40eeea00f1aa68ec251f8aaf6b715a1c8268
t2t_L10000_6933	a2780ebcb070709344a83a66fa9d5451d01dfefd271ff1448b98d7fe2edc1149
t2t_L10000_6934	f24e0c6bf0961f4a1d4217dce799f0e7d5b8ccdaf07fba6e27cbf22c74336948
t2t_L10000_6935	8544e094bd53f80c787e58c31e4319634c1a667c09d3a8c2a535a962012a210b
t2t_L10000_6936	4372c4b6a34d8c18fa6ba874e10149bfb58a366a475a4e9695f4788b0c307dca
t2t_L10000_6937	3c9cf6aac9c4ae428a31853c198ca8f22b5eae0cabaf935c4e53e93bfb544bd0
t2t_L10000_6938	086bf5df3e1ac8365ffc113ad2e1226ee87b1b3abcdb21b43000f5c82c3a7345
t2t_L10000_6939	47f6b6bdc9dad549e602a6ace28da8df1925918fc3b654212264114e1361b163
t2t_L10000_6940	12c57dc17cc455c7f6dbe2bbc5cf1161c7cb998dc5fb52ab27645507a5baa7ae
t2t_L10000_6941	8fdc5dafb1bf9589140ffd56a1a055330a391e5efafee6c6af5606ef5144c649
t2t_L10000_6942	9605ecadf5e590f992223a2482796f0ba40d8b3cbe7d2aa8a897ae871a0296c7
t2t_L10000_6943	a191e22f78610cd73174238429a10353dc513eaf6f1df2cec368d89520fe2e2e
t2t_L10000_6944	2f5629a65157201559a7b07b6514e81e6c28c2575b2f3330e796f8b3a28e73e9
t2t_L10000_6945	1a31f0fa222a3a852a5b65f6999b4d88b3de3e34d9ba6a254d3fea455bcb6376
t2t_L10000_6946	99b5b734ad1c5686872f069c8fa4a3807bb8e890da59138c408cf98e2093df5c
t2t_L10000_6947	a25af4546bb2b53a749291f760d16868f4d300d4a36eb8499b2bec5fa2a406fe
t2t_L10000_6948	485e166cabed390171e70453c7fc34f648d62c3618f54885fc73d29eaa3e146e
t2t_L10000_6949	ac7adc626392ed5fb21b302d9974f5de76d61f664f96e37e75799e505f29ab21
t2t_L10000_6950	23c304e40dbbefd0a472302dff8b3d7f0481594a8cc25503007eb53e28b26788
t2t_L10000_6951	225ed18911ab68b603a88336be8a709c564ff92ee5a9a4990a52f626aef5e413
t2t_L10000_6952	a347236b10ee26f403b98c82ec73c3b1b09a6e2f83859e932f9e27dafb03f5af
t2t_L10000_6953	1f46ae8e70384bed41e12abe3033445f6fe2bced2ea6901a4970ab7ecf5cc252
t2t_L10000_6954	6d6eb5b4226bb7ba8ea75812ba36ffa6a492c28acccd9ca938f02ad7f106fb8d
t2t_L10000_6955	7a70ad69028081906adffa50105242725490134a190973ce931570dfd35115c9
t2t_L10000_6956	71a735018ac3b61789a6612d51ab0bd7eecf248f1d6f111180f4183cf39e11d2
t2t_L10000_6957	7da926ffdcdfdf7ec70e1b72f606d8533c9a4bb16aff4696c9ff692531f7d773
t2t_L10000_6958	33f8996c42833c3d8142a14e359ebf9b46aa2ae8d552ba5942bfdff9044303cd
t2t_L10000_6959	bed228930cc72a1552dabb7d86cdda9ac0b6e457f82dc305cf5cb88f4463e464
t2t_L10000_6960	745e23efa8c6baa309f3991524d892e924dce11029134e3bd3b43b132ecef102
t2t_L10000_6961	3243148d2c9c34da495ffe33f8507474577d348d2752cf0aecaf2eac2042c164
t2t_L10000_6962	67f5a3159af3433261fb9a8c0ff1f955d0262e98e281848260dd0a8c40be43c3
t2t_L10000_6963	fad54f1577c5883f4f37ac0b84b657d62f36bd212e84679bd4e364ad4a427753
t2t_L10000_6964	139ce0a1a29bdee9851c628b8cdf5c7813c307285f3f639f75b65013e7d40bac
t2t_L10000_6965	39c10afb7aa16ae7340580f68446160faa8601a7c6f5417d3a48136b352f20c1
t2t_L10000_6966	06b06e9e0292c5c86ed909004b68e474dcfbc9c726b484e8bb6c60833f66a4a0
t2t_L10000_6967	86aead6ba9dac57c6d8072827a2ff1a0403b638e81cf9732344b7b02d1f9960a
t2t_L10000_6968	2f6913178e60045bee199d2e85aae38bf79a249c712ad7a88adb7c3bca04a69e
t2t_L10000_6969	42de356c9ca0ba4e8d5d791e682857cb6edd25349aba7c62e34f310bf81df881
t2t_L10000_6970	b25844c20ea77e6a582ec9fde6e8d60ee795dd379540eb7eca86154a161a1f23
t2t_L10000_6971	d628b351fc2c3144c011e6f130a277703c741512420755f2596e88cc7167b835
t2t_L10000_6972	52562aea34277112f4d4c2425339327b4578f0d867ac73966a978f7f779b1a53
t2t_L10000_6973	b9f0f43ac82574ed7cf86b8fc13c786c41fd7d933bcbf3ab004d9549558d51b5
t2t_L10000_6974	3ae91b65f3483e9d2f8869ad08746c2659ad4e393cd7f62dc81f9b6280071d0f
t2t_L10000_6975	19b3bf08b8ad1f8697f0a921653f5cdd7a4b5856d17e74620acf738d65284d8d
t2t_L10000_6976	4c98019a86671e7759165161389beb99a510cacb6e028204957c9ee2f3247099
t2t_L10000_6977	43bde6d9f230ff0f0e538476d6ff72ba1cf432c08316155ea5e92e546e9d642e
t2t_L10000_6978	39092646bf84d88f6bd358bedab61070fd5b7753207e8859fec158fd65566c3a
t2t_L10000_6979	25213d697f94d2ee8456ed368cee0fc947979e54ab2be82975aedca06b304c37
t2t_L10000_6980	c30db0a98aa53c5666285da93ce35cf843c5c6a14cf77da93919cee5c9046410
t2t_L10000_6981	8bb85aa9eba7e0206cfbc2ae5e1d5e443719c4f89b3b73dab5f02bbc96fdc2f8
t2t_L10000_6982	1563717ccd9c5964448f16c0fce9a8bbf480b6b595d7979722f656f0607ed7ae
t2t_L10000_6983	f356dc9e41c9739d330b124f39aada0dd8456a868e41137288f1acaec745b2ff
t2t_L10000_6984	e199b7125534a4aa5d98f5417061836d646687a859f132db48db95c2fa4d2be4
t2t_L10000_6985	a2e17a5282a0bfb52c96057282b2ca92171cf5670d89e6f069abaab336888b77
t2t_L10000_6986	4f05925c34bad915e83905775dc21b5ac7cc94c3c602a9f921e44bf964fedbd3
t2t_L10000_6987	6c5569dac11957b3100b249fb31d2e923b0781d06a15d1ce35a90f51aeeff3d6
t2t_L10000_6988	a0e0da7d7fb77e5c5c56a8359e2b60f562f1f66e990942099aab16c4c4739771
t2t_L10000_6989	f047b2b58ba979818a026079d1a7164fbb66af9cd6ecc31b32419d2e63322d2a
t2t_L10000_6990	2d394dace2176316d663257786b432746e80363053bc56d54de035e9051a8eac
t2t_L10000_6991	fd18d23a4777ce67541a2d21d22fffddfec5fa96fe81e3715d1ad08c980a4b2b
t2t_L10000_6992	58bc43df769774765585f4c07f2d1edbf6c99037fcdb3b878e81768813647c41
t2t_L10000_6993	69cb8abde25218d8a269a53f8d44cb125dab0ebae988ded0157abebc0d778e43
t2t_L10000_6994	af737bd883d804742742d8f12b62b4346b33d9aaa50aa9773c1153bc9c1f6f10
t2t_L10000_6995	e14b3cdd5da351518605c8aaa2e460edfd1f7f13be3f4dddf21ddfa27238c149
t2t_L10000_6996	93ce60266519d510c27c3bf113353a5cd39f610139337a9d68900eb252823491
t2t_L10000_6997	47b7c478b1ccfb580c508104f77fedb01c79cf0bba5349924f439fb9a3e015d8
t2t_L10000_6998	00804bb4083495b880b2d6467e86f068d7c535748a7c40f1c595e6e06e6324be
t2t_L10000_6999	707db50754b76a8da45c0a013e053077b7925e062198e59253b050e1e0ecc16d
t2t_L10000_7000	d54e58b9be3ff9943dde1944532e0c9b120424d82385488bc08a85096fd715eb
t2t_L10000_7001	27bd8c7e66a1680889f1ae5b370347f3b90012e63c2e6a7dda0295ec6de78388
t2t_L10000_7002	0b2682da79a5dbf3a513cd697e67f5026550670a8d202cbc4852b7f6889f62dc
t2t_L10000_7003	17b4eaa5e826eee7b5d74c4adf5351f5b80feab3cbbf85503568d72fd6e99a62
t2t_L10000_7004	d3e4a6cf0ec45d2667934fa8409ffdfd175fce3eaa64a64197b14a8d5ce01ff5
t2t_L10000_7005	4df082ff5b85f815b514b93c630ec8ac923150e8f403e2edab1ad13be75505cd
t2t_L10000_7006	ca303b4610d98ed5a1b75d6d4f3c229b425bed55341fec9814e4182684b2d6e0
t2t_L10000_7007	0e80c65872face34a9fc92df6ac4504bab192db43efc11c10a893cb57b7aa5bb
t2t_L10000_7008	7ccae471a25aa9c156e842d8a9eb155a2d5d72f6159d14b41420a928d4857dc0
t2t_L10000_7009	bef0f77454fb1578c5dbc4319acb9fab029d0f39a892d2ff28919ac3f7e42bd5
t2t_L10000_7010	11e5b5b7292b252b59362da62597381000adc3766ae7699d89dfef34c521f5cc
t2t_L10000_7011	5b43125440bd815e028f6f615f4c6a9733617698e873a5aa96d5aa46e5c8fe87
t2t_L10000_7012	ff54c19032a7088b40b9efdbd062c79def883b3a202617951f305d609c546b14
t2t_L10000_7013	d7e7a9368a890c92517fb5b522f151258de27fb189d2f8f479149cfccb69608c
t2t_L10000_7014	e26d24a56685a3ab7eadbf66ba05ebbeb2fbb2069a373ac602558df991b0f6bd
t2t_L10000_7015	cf0024cdf130e7fba832063a5b5e5fe85034f7652444e18d18d17ff9fe522d96
t2t_L10000_7016	7d97d513e5251f36bf80885658b32cf2d5656baca659afc3816cc3d7bdadb69c
t2t_L10000_7017	d85ea1dbb8563e5468d61fe8d26e04261e6094c864e1b84bcc5e5fb4f55f1e2d
t2t_L10000_7018	6253b97c6d95360d67a92094881dce5017b42ebc621302ddb53e4a1c956581fe
t2t_L10000_7019	51f3335ce18ae670376c19401eaab296e22d8d240ef5b6824fc0f4cad6601f47
t2t_L10000_7020	95f7557824b15569791b97abcf773313cc7b33ebf02db641b68db6b05c857427
t2t_L10000_7021	3e922aeef4234b20831e1df265d7c69754886e4a6d5d48db6c60fbcf5e9000f5
t2t_L10000_7022	a6e2b1e0877a24af10b50fde016032b38d29f4a0dd59ca85747b8ed340fa8241
t2t_L10000_7023	336f09a0a25fa7e2d35da3b8ae900e426e6b72ad0858fee1d7a0466b28bc8f86
t2t_L10000_7024	c1257d3cce73f1c6dc7390f050d44af9ece9a5e38e28c681af57e223b24d2f3b
t2t_L10000_7025	d472938963fef851aefc390190fe3f5385650affda8e86f878ea4444a9338b92
t2t_L10000_7026	c0325b1e6babf169e344112f9bb39a4bdd0a03f7274f8aa560c3294b842eece5
t2t_L10000_7027	cf073d395a96ea15ec6c319f46dc20041c804026dda2b85e281fb1d96390a7e6
t2t_L10000_7028	00bba7af716fe2892bbf4f7a50111ba77dd470bfc314a9a7563b943ed766a1c5
t2t_L10000_7029	c6aec31fa0ff5b9383ab4aeadff25efda16d744c80fcc0ddc7a4922f390df397
t2t_L10000_7030	c156eea836ee7c5745bcd3fc797ae6b92ee37602a5c1b81b43f6e9e282124244
t2t_L10000_7031	58c14120a8fb49dd91e0f1891a35823f4da14ff4b920072686e8ef51c2c5bf9e
t2t_L10000_7032	1b382c4400bf3113e06bcf3ee037c32b46877088c0ff7d031b6a4b5023241180
t2t_L10000_7033	25f8b5be10a3a83cdeb76512eacf6fba5247a514228b400365ed7ef2f214849b
t2t_L10000_7034	cba4ec43ece01a9c8cc79a14a39a1ab21cbc7b36996aa34416eea0f9a622c42b
t2t_L10000_7035	907d6640d0ed5e078ec513f6e4c537815db15e7756c80a8c9b59141514970d91
t2t_L10000_7036	90406548d05e95cc9b50885c8119830c954915f2608cbf50f25f032f052bfc8a
t2t_L10000_7037	512bbb6f28a6d6fd92341d43804c540ec7130ec83f8df1b74b7aef9a4ecd2c9d
t2t_L10000_7038	a09b8584c6ba79eecf3a31aa4535c3fbd6907e2547b417b3c17c593881238b8a
t2t_L10000_7039	bd74dbf98d1080a46dd518fc4f65bac6ae9a3da8e6c56e67d17ece58bc0fdee4
t2t_L10000_7040	461fd0444281766ba711d2d18c8844ab48ddc40f2f3a698c4af8e88c32189a5d
t2t_L10000_7041	d9a85a87b97233c5aa71fa7c9b17251d33616bcfcaba09333aa9a38b4695f0ed
t2t_L10000_7042	74c30156f5b603b17629a5bfa395556a907bc56df33db2633b2483e24a98aeb3
t2t_L10000_7043	a373bab9bbe9033257c3cae944836c41683bf3951baaf02912bf491c63a2d933
t2t_L10000_7044	8d13a50daf0a32f03ccfd9e22f6e14df81b1e4ee4ca18d7d65f634226c588b0c
t2t_L10000_7045	1faa88ef7c341eac335dbb80414aff94920a72f8a19de36bb1752be83785db65
t2t_L10000_7046	e540e46eec81481b898e71e81969845dcedbb53334ad014f03e712a69c2ed085
t2t_L10000_7047	479908d31169b1e49e7f07a84c2048fa2114d8329bfb3e68a80197e8a2bf5acd
t2t_L10000_7048	7894ec2d02878aac07403cac77d40790aa9d13116c4a79292c87df9db6aa84c5
t2t_L10000_7049	f38f4d939f2a52a3f40183853a62367598d50f4d92ff3ee42c1733c14ef6a8ed
t2t_L10000_7050	1a126587aeac818d2f0cf8641977450e97afa51b781c7ee7add1110af3e985c7
t2t_L10000_7051	67f02b6d710b9d88c3725f047822e2fc72ad99d9c1490e2e3e72587420af7088
t2t_L10000_7052	14c54e72bf875c48d86ac54901cfe9ed45f39a89ca27fa294cfb93b0e9010fd3
t2t_L10000_7053	4e10bbe8fa4da5643ff34c67ae088795570f4ae22cb72a64bb0b5dd959a2bdd8
t2t_L10000_7054	d0048a85c5e7bd420fbc1703b1c694e1d851aaf9d7c514a753bc02fa02851a9c
t2t_L10000_7055	105f8ac97f93d2df61774a24ea73e7f0ef6740656b0f36ce02f99203b81cf956
t2t_L10000_7056	95d6d0218283c658d5ddc6570d8a788c0f0df7d281c8d44c38648635a3ac6525
t2t_L10000_7057	40acd0f14e9288bfccf463d75d9bbbf4b1f89ed0644c3d20a255465249aca8c5
t2t_L10000_7058	11722450c03e098ac4f314ac12a141111cf1e13e8ac32f0e0c0608dc0cf8dd8b
t2t_L10000_7059	e4b26f797ab303b286179cd81c9f829754cf04d487244d6670058d5d9bf1c01b
t2t_L10000_7060	9dcc343edc8a4edb17c3954807a4572a07d48da78c7202f45b9f29264351c24c
t2t_L10000_7061	e0535aff6edf7e995b906ed00913b3fabc3217393b25d79bf78281c3339d0d59
t2t_L10000_7062	5bbfbcf9179ccf54cdfbf78a2d9d2bd5cf9f7b4b974133987cc41b0df0da3a52
t2t_L10000_7063	e597e8e62c5acf0c6ab0fad944ff9dcd19f9c8e2f28aa412801cda6357766b1d
t2t_L10000_7064	cbecf14593453eabc0ef3343f2210c36b61ca05014c74afb29ca8a865a32cbdb
t2t_L10000_7065	62a3d0188a5a1a575d1f8353c7147cfa92cfaaa307ef761b35a61d36e3bb24dc
t2t_L10000_7066	b986663d0a5a8eea0b92f9b952c6bb051ffcfae11acc79498cad4c4b84f5afc0
t2t_L10000_7067	84c71a9a9e99c8cdc9ce212983c6067aa3caa863e91957a2cc102c71f377d8a8
t2t_L10000_7068	5c12ea2485c5b13022794e8e26a5fdf6df4caf705306ad7691eed5eea7d50b11
t2t_L10000_7069	e3b2da485c101b253443519f261e2412572cf6709eb0bf15299428ac9cb85c8b
t2t_L10000_7070	925c0876e9f3de570c93ad791395ff4b4a7eae41b46258951503552326c554d0
t2t_L10000_7071	5c80b371edc582193618b37c28c4fdee0c0a41b3144bd4f37224c1d05c0c1800
t2t_L10000_7072	daf094347e266cec13a7718d131eab940b380c4d294bf0dd509476cfeacfad5a
t2t_L10000_7073	7559f81df31915d70281ad769d84ff4409d001d5ef7cca1503d35fe39ea93a38
t2t_L10000_7074	3e04b53e267217d85f63e5943abd78e989bb769389f7351fc126299374558786
t2t_L10000_7075	03733c68687263708b5eda18fa1990606e22def320f36ec33fe5183a3ed81bd7
t2t_L10000_7076	643c540bdac544142a9f42939a661a1da0d0d55c63c1cb6c0673d5e57feccf0b
t2t_L10000_7077	a6483d80441ecf551547177d45285453eabe04298346d4681b87ac7b963f8a68
t2t_L10000_7078	f721dc4cff2f5761553f5790afdd235086f588e0b31afcee0da81b150bfed793
t2t_L10000_7079	874191f0804e6f4efb57741f759002e8bdd29f353f2a73d7335b5d216ae684db
t2t_L10000_7080	ff0ce40279d43e9b997d4c14d2f4ad0d42272a8ab566b87633b3978d929467c9
t2t_L10000_7081	9b30a323b04d72dc6775f03dfe586b8714150fb553a610ff2b361b930a7eee6a
t2t_L10000_7082	ae830d20f94729143fdc162b8c9b20099e1d6f6d84f8b1581928c87d5e94e329
t2t_L10000_7083	4aebd524fd4631251bd7c4424f0eaa4ee4b12b655a2848d6bf5116897151b120
t2t_L10000_7084	d2ca4e67d17e808dfd1f2aa40bebc791c74c5549b8abeddeb1c65fc024f8adc8
t2t_L10000_7085	abfc2abbbe22798c9898d92479b2dd1e7f714aaafac223f6d28e8a3ae93dd883
t2t_L10000_7086	ee02f1d50f1f3cdbe0a00ee9226050f325736ff0050a6e90d9e3ea9cab0e93a5
t2t_L10000_7087	775032b99542cfe26c7c11e9e0f755a31d157eedbc6ad027b8c14cfd0692c2b4
t2t_L10000_7088	b419cd8785cc4bd935799aa02c709680a02da8f0e794c21fe75b80c2ff4e575b
t2t_L10000_7089	716827e114ed071337c2eafcea0266fd45aece03a28f1387d62679c861e0ff6e
t2t_L10000_7090	0a2e25ba481593c2aa8bca0cede870e163f3255bcd444b6a26df95149868c024
t2t_L10000_7091	becae9a0e37a33f3221ee5d6d0c575d9d2adedf1be88aca8fc693bf939f390e0
t2t_L10000_7092	2be6f5bb13ce870fae4c482cd65e417ecf9a7ed4cadc8d76dcb0dcad7ba455b0
t2t_L10000_7093	41171fcc464619bc9ecabc4ca86ae80773ef09bc63d3d7ecd29e809066306ee2
t2t_L10000_7094	1a19d91a032db2c2374f94265fdcb56305d952d8a825a54f0fbc68ae1af4bf35
t2t_L10000_7095	c1d190177af8e326991457b1640f068ec148ea2d1f9231f3c6e4cb2255f8ae4f
t2t_L10000_7096	b9da925141037c8a3a5e2bbeefbe270ee99a07715b5905e424682358e9668145
t2t_L10000_7097	391b498759269949a771f0ab69c05961321eb0a54271c1d87b0f87f6ee748904
t2t_L10000_7098	b6a77b9429f30b9d7f2fff1f8d95068e422be345d8246497dd81b4f9c8a7fb01
t2t_L10000_7099	5f00aff83d748c4d47e2c1c9ebb33ddf8c0b49c12dbe55843cb24e2909488ca0
t2t_L10000_7100	f8ff56e229734e25c7bbb8bc8bb214e4dd34dd0082fddca0165afb2f650dc74a
t2t_L10000_7101	34d7232c7ea74570af793a9f5314f84ac21c513ed3958a33e21d2e60588917f7
t2t_L10000_7102	402478699cea6a57358b4c228881b47998bd70250e87b546550e30d147f6b230
t2t_L10000_7103	2fbc6d8000ff5844f3165bffd72d21a279137bf65689691ebd0be1ad98318d37
t2t_L10000_7104	444307908e61a9a4b40e4abc6641b5f580feffcff54e0ba22536af399d25ad46
t2t_L10000_7105	25d2e3dca7721ee9a09f1012e07ff3fd0351dc747fcba0b0d24db2046d890019
t2t_L10000_7106	60e1fa624247cf7b9869f3d9e976635696da3a9d8a3c749519d40aed15b5ae27
t2t_L10000_7107	1f7d795e2736059517434166e0a0d31e73e567e0c7ebd662a43ff3c2d0d28e2a
t2t_L10000_7108	5735ad8208f67e2c90ec8484ed45a697175f7ac963e96fb06dd0969da6a67e0d
t2t_L10000_7109	7d09753c094c6548ea1d17c81eccd1f355d35dac7654c173f1e5727da0fee368
t2t_L10000_7110	0ec58ea2ea272a3f2890cb0544ae5051814c0a2587e04d1c8dd37a8fecc74741
t2t_L10000_7111	ada82ac9f13b32d4ade044cc7978d6bcd1c7f7d455d940d45e0e472c42d22bef
t2t_L10000_7112	46541e60bc2fa03f23239ef4bed41b1ae2c298e4489305f16783eaec783e8348
t2t_L10000_7113	c6e691c5e3592240983766f110079e84f6390fb601e783586cbdb30317622303
t2t_L10000_7114	c7eb6bfdbb62d137dbd7a90267874a9911b3c3157230c0209b7632d52601b868
t2t_L10000_7115	187a2284a1b1865cc31a18d821e86686a35f52a1e6695183fe525c2950210b67
t2t_L10000_7116	a6602c0009e03e302487a34bda589996e489ccd92e38859392635d1e7ae2b87f
t2t_L10000_7117	3fa9277fc440a5246a3cf2ab174cc005e125f538b4027eeebb049bec427c61a4
t2t_L10000_7118	bd436682906fbd39f142f24013f0a60e90ae5670f863bf7501cec935441dd39f
t2t_L10000_7119	559864312e1f18755a65933b7e398ed3d7e9f87e29cde87161dfc24c6ce7b8b7
t2t_L10000_7120	4f45483d09f26e92b7a12f0b900ea44e249c8f010ffe122f9d483810d007a5ab
t2t_L10000_7121	ff76c4056725b171ee5b8af97ea96dc43f270d47f568c001e3bcdafb3daed7e3
t2t_L10000_7122	8f47d172730f1e74f669d2d156d7f2728641d69bbe889bc586ffb53eeee1a21d
t2t_L10000_7123	a002fe1efb44687f933ce614b33fa046b15318e1e0012785d823e3c6caf03d5f
t2t_L10000_7124	f2cde31283e177e11a1ae4bfd1f2663032be55d63f719f3b82bdc0920aaf4a7d
t2t_L10000_7125	0d6cb847d460f7a82b8c59cbd3ef0b00d6ff4c9cef414936618217365706578b
t2t_L10000_7126	54cecfeceec50c2e559add4cf12d27578f71c4b982502391e10f4b20df581d89
t2t_L10000_7127	3dc40bb83be83d90af9cb056b3d2a456852fea38114e16d303b6ec4d88fb1696
t2t_L10000_7128	3c5d7169b2b3bfb89242a450c8776d32b6fc6d9669b94c94d28563714008c994
t2t_L10000_7129	1fd47697571cde912dd795767a23d03b83b7449667f99d7f9f5a871560ccaed6
t2t_L10000_7130	ed8dd90a2e0821c5714b495ba298db3d14af4520ff5e203c1ce5c77d33c9c8b0
t2t_L10000_7131	376b9c0d3a65e6df085e77a7ce12a73208aedbe3f9eeeca543fe44ffb19d6ff5
t2t_L10000_7132	6842b7d0c42838f5e4b2853be4fae85845585ec8dc8c1b134f8af3ec501229a8
t2t_L10000_7133	063fd4a6b6127bb94ad071cedb296f1ef4180e2cef80528147687b59e169f7fa
t2t_L10000_7134	ea83b79ca4139d460579c5531387b2a477ec85716ecf73f0fa0b1c36784b8eb3
t2t_L10000_7135	85d5689c4595ebf7827437bc3e3aacdbb537d3a5a9712ac3738a690f2026b0fa
t2t_L10000_7136	69fdd6e8c93d9f0cb513e5efab39370876c62c33c7aed30576e457696ae7f2f9
t2t_L10000_7137	e23d57452773b89c858cf05b43613047680a668c09b192b698dc946d55a59655
t2t_L10000_7138	ab7b90da074eb1571040a154ef071ced5b36cd5c2412c1b99042e2acf1850006
t2t_L10000_7139	dca1c873ffcb15a3581e1cca1a0615d126e4cb1b85d080c9a64de35d2e1a4183
t2t_L10000_7140	2a1236915a84e57f787c9b6c67d4e07d1171389e34c74fa722fb68e231e0e654
t2t_L10000_7141	fb433f4d0df0ca7eac7f5c73e5610fa90afea05f51cb4f514242569ae1e6d7cf
t2t_L10000_7142	471110bfc5955c59d07fd8b55a757e8d9b58ab627710d5bd198279190e32b016
t2t_L10000_7143	108e329944a20ce7025f3bc8f2b437fae3ae6b879fa238ff1cf40bf43bb33f7f
t2t_L10000_7144	8f7107b38a0fa930b90d5a6e70c4ec73dc3276b95dbd0acf94b3f29b919d58a2
t2t_L10000_7145	d232d8b7051359d9645fd41a3d3814d763cd7e30d52a6731e7398ec0f9205259
t2t_L10000_7146	f687b7118903dfba5f71d6d5bb1fcf9976a2234d468c12cdfa400a8f31592188
t2t_L10000_7147	b3dd617b317a8b1256a76a6bcdbb3291574b76470b075365e4313cba151e1aae
t2t_L10000_7148	619d97a1893d6843ffe31f6ae6c0e5ab86b82076e99b1fcfb959008fd36fc211
t2t_L10000_7149	38cf57865c0a62f948e682e5820027f0aac58535bba349a4a78302350ad60bd7
t2t_L10000_7150	4f667a75764aafce3d141c3105689b34c97939996081c63667a19245b95b2d21
t2t_L10000_7151	cb860a76ef9c788c67420baadded2abfcba4b75576cf3769a4248147bb315af0
t2t_L10000_7152	bee9f07be059a98ec92da4e6ab4e240906a7596ccf0962a04541f61b623c2961
t2t_L10000_7153	357a863e590a30b44cb271ef8e7b044f1542fca303edc8016d7fe8beb1a728bb
t2t_L10000_7154	fad0532c5a55ad81d0aa42bfd4c1912527e5ff5ca445caaa0014e0d614832f78
t2t_L10000_7155	74bd30cb4299f3c1c31c9d1393995d6a0781f367e8fd9465fc19340a4c47766e
t2t_L10000_7156	06864ea7788f4f83b611375da7eccfec8603feeb42072e8a9a05f00bc56d3532
t2t_L10000_7157	e2e31177847a0cb96a6338a75f5b1304c44ea023f48ebadd77a3718977ac4fee
t2t_L10000_7158	c98189c82bc75c203949cd4ca2654dba80ad345d0ef86841fa0603caab8066f3
t2t_L10000_7159	c20cfe41af3e524c7dd4a9224cc2daddb05843eca985999d18af8b9fa3c523e0
t2t_L10000_7160	a06f3fc0f4897a6ab285aa13149f703a674be5c01e523c8ff629f5c53887dc29
t2t_L10000_7161	6e9929edcb5d15242b033835478722624d4d30237fb79144f2265078ed41dfe5
t2t_L10000_7162	13fd65417d5993d5f92a88abf3b65fe3da4dabb96f38441c040ed455873c0d3d
t2t_L10000_7163	08190eeb096735d05704b82fb89ce70434421fd7f1ad310d6f2f8b58d226f985
t2t_L10000_7164	ba8c47620512a6a7c9720780d2e452bba505f43a43b96b21376287eecc487475
t2t_L10000_7165	ce11f2e9bc5088ce820964ee17d108e831c1706c9cfbb0cbb1f6c6ccc62e0ef7
t2t_L10000_7166	668b37c5acc3cfbb248cab69e7cc337bbc387472b89177cb6ef061e749f15c8f
t2t_L10000_7167	11adc7757a124ba57cd56d2dfe5a554acac65bd3227a304890bafd2bccf7ee8e
t2t_L10000_7168	1ca273853b79b43930a7e568404db2f55f94b9635557c84104d5f85a646b053e
t2t_L10000_7169	3e79a4405505e6325ba2bf15a781d544803f395bc83dfc907626466a3b444f99
t2t_L10000_7170	29fdc510f39082e5368af662db6d6f8239539c45b73b06a874b156f3aaeb86ae
t2t_L10000_7171	296d49dde2820f5d6ca11f70a25b6086cdbea9fd6b963b4c51d560ad8fe884bb
t2t_L10000_7172	671d7129aef58497bea9c9435a4e8719c8f594ee3f60c6ca81d89ba0e840cd94
t2t_L10000_7173	068f8d3f7179da85d220aab8359dcee74d160c53d7e696970b852914feaefb8d
t2t_L10000_7174	b8312ef2c8faa1a65585d8dca32079be0497fcdd265ffe2994adfef6c7f124da
t2t_L10000_7175	534d97774ce4562833bef7fe30a6a9f2f5b99d72345b3074745a34c1de39c441
t2t_L10000_7176	9b85494e80045a2b7cbb4bd5df36c31e4ab6d32d3e1830772294a6b9f6074417
t2t_L10000_7177	2c00a92621ef3adc243debc4b2240fb7ff752419dfc33174f3abd09770240e34
t2t_L10000_7178	5e4f4b017d48ab40249e5677a5a08376572d17011fdecda51946021a058a3595
t2t_L10000_7179	7e0c05e31b59dcff30086abd9b70341e98cec4d1aa0d9e8c0505b8229dfefe92
t2t_L10000_7180	42039c7e2a2191fa892408d076dd9e02311579fd74ea31b5ac8d14dc33f1ddac
t2t_L10000_7181	6a6a40239cb77af6463705a325e008a99dc5a9de4df4c8bb099d968a359badc1
t2t_L10000_7182	36f09ea7dcc63b27461176262897e0034d660beca62a5c4e8cc4b2a2c445cc67
t2t_L10000_7183	22b59cff2623287dabfcccf7294a5a20c6f5624c859d71ac7ebe2c5cba44610f
t2t_L10000_7184	2c8a4f8bef396c73021aa5b454dac0ceeb4362fdb85c973a23f8c2117d027a8c
t2t_L10000_7185	311a938f8e17d5aa82f7a0c1bd26f9dee2973db132512f7959af6f024d6a66f5
t2t_L10000_7186	fca5b70daa31af5ce7f003c064a20840c124d8d9285f6f5303de879e5e3e9c58
t2t_L10000_7187	011f0b9e78e3a1915c343fce4b988569a82d1cab2403fe5565d2f798eeb7364b
t2t_L10000_7188	8c8b9899d54556fee240f0f0e33fc57064bc99fcf9adf6e599bfeaecd2dba0f0
t2t_L10000_7189	96283b1ab725a85def6591377dc486ea76b218adea684e52b15ee68fb84221db
t2t_L10000_7190	f68a4cb31db8e52b6f008a633adeb15c5bb9a27f7abfddecc92b06cb1b541120
t2t_L10000_7191	9aed22753e6d381ab4149164dca702a8b71cd968a6b64b920cd4f2826738753f
t2t_L10000_7192	ca2bcfd75c160969aab486c8d515b6e7e4a2b288000c0a6a973d9370e22165d2
t2t_L10000_7193	853b0f2fad395b74b2b046c157a4d2d61f95ed6ed37d6163bda24c3e32b5c23e
t2t_L10000_7194	27b8ae84c8dc8ed94ceeb89f62d85c28185912c35a0460b1e49d53f163ca8a01
t2t_L10000_7195	594beb489745f9f28e337d24fac8756300f7ed7815ad54eeb7fa8983464c28e4
t2t_L10000_7196	aa770c870e4d9b390f90ef699cfd990f7e7a853174928f6c7fc70f34ff4a5e43
t2t_L10000_7197	4d1c884254ad0279887f5a7e7bcbcea52f3a125af44c04149fe5735301929dfd
t2t_L10000_7198	c6627a1f6d7e41a0d849f747d736df93d6d886091be70abf9d46dad0ccd450a4
t2t_L10000_7199	4eabf7b6424a160e890dd5e81c5c66e526f6d60255ea05bf6b06a12e203c2aa6
t2t_L10000_7200	39a8d61d05e94a65f3a7e77a0c54e3b144ed30b7f59f408dee0dc6d2078888ee
t2t_L10000_7201	eadb9d856c63c20ac1e8c6030ba0357acfd0839079bbdba53fec67a9c5a63bb9
t2t_L10000_7202	1fefab33261f438bbd2fc4601c6d97474607958d129ad508dbcea67ea3535691
t2t_L10000_7203	0bb1445516f074edadf037fdd588b5bce462f845cad0c9deb55b06419b55ba85
t2t_L10000_7204	8c727d7d613d50db84223d17aca0ffb0b70acadfff38d9a184b2f6b2d0ba4aa4
t2t_L10000_7205	fa960eb906dfdfaa69882e6c7dafd5f1be3c9252a5549f0f900bde66601a1cde
t2t_L10000_7206	ac912fd59d9aedc264d0ef876afdc9b1cf09a60e91765295fbd8d85bb3cf334a
t2t_L10000_7207	0b77f7f155cf90e5dddfb2982e56f7f1d9a80782861be4eebd3877a90309fcab
t2t_L10000_7208	0f0eac4a8d75b778c5564a6d12f6a0fb4aae5bd2c96add629196285da4d37632
t2t_L10000_7209	7ce72a9503a62c04495d9b5e482031a8a0e0a3a6b30e041f087efe69c1734946
t2t_L10000_7210	fd0b3a5a963811349f7b3eca72c0a1acb325316dad8856c1cf2218fd3e2d9b3a
t2t_L10000_7211	05e5987aeed37376e3c9bff05369f29d65a88b2d1fc2d8a91913eb271680cc5b
t2t_L10000_7212	6354281ca459344e01714e0b906d43f6af38aa2744e8c5ec0bb73b402c6427eb
t2t_L10000_7213	c301fc614aa327076e3f4ad56e3373103268277beb28edf6f88cbbca1fa31bb0
t2t_L10000_7214	ae1aa79eaf5ed769cea12d813932da2cf1a2260a88544f3d4aa922efa044715f
t2t_L10000_7215	61725e6240f97ea6b9bff153e99f4e4dec50121ba557027ce8a4bc3536363a5b
t2t_L10000_7216	c49ee9d1120eb9ee79e19e1be8897ad66113462f71bac3eb47eb94e05704ec93
t2t_L10000_7217	c3d8b5c1afcf9be23e9dae5778d43198fc280e93b52228d693aa69090a3c50fd
t2t_L10000_7218	6fa3654fc648c66b7ab0287556291fb8112c557b164379882b268f328f5c066e
t2t_L10000_7219	96d91f17a7be90c279093d6b3279f98b34bd9018b6d9d0ea7e3b6c60177e140d
t2t_L10000_7220	3bed192274659f679bb3147be6043f5b0f1ed21e1b306ac87f758797ef2fae82
t2t_L10000_7221	c171e45041c67d6c5cbf41e6be28ec4d50044e9ce31629e3857c38d0a0cba547
t2t_L10000_7222	9dfac524ff9f7bc288228ad97a6335b5970ac211d57cd0938b4541c7bf703bc0
t2t_L10000_7223	425ed24a3993eb8f1c826f5eeb4df4ca920ccb79fd87733a7ee5cc569667e254
t2t_L10000_7224	27490646c33ed5c384173efed7694bee7076bff4dd8db07e5ee834b9164efe05
t2t_L10000_7225	7f9a4404f2cf826380221f55d51b927399339df593fc1128c13d8e8e2a88bb80
t2t_L10000_7226	5bcf568e7f6b52944f8980d3d4a3de469f18d76e659c3ff6bd322ec98c8d9b47
t2t_L10000_7227	7248eda493d9ce7273290fa364b799607e1e920a6fde8c9da98293c3d9fcb56e
t2t_L10000_7228	f75d7bac822eb5f341f72e060cfe890c738de61cd156e0a914d9723f270f0022
t2t_L10000_7229	4cdfc5b384735c49325e06da63ca0703521735ace885ad7ef15950c382c833f7
t2t_L10000_7230	e039d1babd09cf84d608f5e3b1972879073a522e12f2fc44b78a6dbb024ff8eb
t2t_L10000_7231	09a48b6fd79da8e87c034d2c845854d4907a690b418c052b785ad05213bf1f3c
t2t_L10000_7232	db65d8d96b4852fed5abd573b4b3a08a4b80c900253cd77ed2a49ee6d14649c6
t2t_L10000_7233	d052542e8fba381444fc09540a33419092d6be863b8b6732332ce5164b25f3d8
t2t_L10000_7234	aafb7e1c80b80235e46c7fa86e52b9f55dc78a56c2526b1fcf8f0bfdc3d4e3ca
t2t_L10000_7235	11e3ed5ed689a10d0a3fd3f09c3e1dbd3324dca4073948fedab7b9ce003beaa7
t2t_L10000_7236	0497d38fb62a8f057cefa0a77d86a26f60bfd1041239287b6bc2c272e754dfa8
t2t_L10000_7237	738e563d69f80560a9c9a191ed12cb9db584c5b600b5ec37631582fd844bee0f
t2t_L10000_7238	eea75bcd159539f06f424e270996ba0b3f293c95d1d433de2e89aa1eb0644e52
t2t_L10000_7239	1c0f16a3d775305f7aea61107221fc7ef5d9f21d51f01a8f6bbdfe1d24b9ee1e
t2t_L10000_7240	42de5f67928f632fdb0e05dbc5c158c5380d13d873d4493d5ce9cd3b8a0600e8
t2t_L10000_7241	c4d41325ef9687090f2e156e215076c76381af34f4790107f5413886e7b3b5de
t2t_L10000_7242	39360dc51d4c33f9a435870c1b6cf3bf7fb1030a4373cb9403f03d6ffbcb419f
t2t_L10000_7243	4a2f85baadf2fd0d2c40fe77bd9a0a2c5b33d5c01fe5dd98fc21d2fef8617138
t2t_L10000_7244	ea15647ce22b144b7e659c949ec32655b2ff142536cb93fa10e6a7df6346ec7c
t2t_L10000_7245	94821921512eb89522b00848f55fb673dd8119321606141fa900dbdd30d1622c
t2t_L10000_7246	1c0b27c6710cd5ee09ec340dae8b96bf3f0b36bf084d69cd07b30f33e0a6fe0f
t2t_L10000_7247	185529b3e1527a440132def5d3f44865f65d67c2a0f75d4f170fdd48c6844f30
t2t_L10000_7248	1f1469cea93cd13512a84b723b924463abdddf2b7d9962ce12b9cfcb0ef0dbdb
t2t_L10000_7249	68e6e66e6821d2ff22206fbe3bae3cc22d30a1a8bdb540f91ad3062dc42eb585
t2t_L10000_7250	f08c17223416f8a6b1030c59885c603aafb0d7c552c4441e87239fbdb00ca77e
t2t_L10000_7251	d03e97118701b98de7adb1f0a328c1067e4da243e03260821392263ec8d4278c
t2t_L10000_7252	207a9cebc3b973b518ee62a14a0146086bfce5f6d90fd3e3e1a782aacad411d2
t2t_L10000_7253	70711a1bfa0edc8b38002bb26fab2d19b9a4a5a46141f61884bebdb08171c4a1
t2t_L10000_7254	1804b7b6aee2752647e880470d19cb4db1ebade5d19bf581d254d5b1c7f291a9
t2t_L10000_7255	3d6a26fcfde7e1786c5f90a07aee27417950ff016bc807dc9fec4b06bb971d85
t2t_L10000_7256	e08cde950aea70bde3ed308e793797c2300805355427e61e3bca2bd7d0a1a637
t2t_L10000_7257	5cd70ca67b478663adc0c18c21c28f3072deb92f88e22f42bd66eb40b36f830b
t2t_L10000_7258	ba2ff08dcc5e313266b7217dbaf09f0369355e8a86e0267e9b1261cc15627d77
t2t_L10000_7259	3c88495488b7b46dd9b4fb2fd3367546e0f5e8d8288fe6ba3cc2be91147a0959
t2t_L10000_7260	1d42e99b1d1186e3d03adeca5bf611ed6b9208d9fc8d1fac1d626020304e1197
t2t_L10000_7261	04d21a083949a655763449fdf2184bfba7d85baad9765cda063a5ef6cb606ad3
t2t_L10000_7262	e7c42f7e300f92069d9f99258ca15c12b8668db8681d93ddb4442c1cadfb6c0e
t2t_L10000_7263	2c60ccc5e6d38fe3e99519711bcea1ae451e524082884477998c43572659d21e
t2t_L10000_7264	a76c3ba760342e3aac051cf2cb263dea0e4876d717e9f2383f6166977542541b
t2t_L10000_7265	e134decac54d77f136243e2e601cf08a9a847d8c9adc6f370e17004e4724045d
t2t_L10000_7266	c1f6a855dc507e5d74d4526d51aecf0d566ab5b861f4f161fa4b85b1da564b35
t2t_L10000_7267	96d98dd3ba82a4c4e86d6d7d3fdea789ef90340053337a33c883e189e3b83ce8
t2t_L10000_7268	1f812d7f1a7a5a14187ee13e4162cdddc4406a77556b0af852fb5c9b66d8b346
t2t_L10000_7269	01c7d9c35bcb650d8e4f65e31771398bbe89bd3b2524547ca5009c4e9bf1fdd4
t2t_L10000_7270	9a4c50f70705df0bd98471e25e8aece31d5bd8b2f5c674e362e46491a9dc1177
t2t_L10000_7271	e2d5fdca69ca4a83c8ae2596d86c5cf3659b52449e3be875fd2e06b867ebebdf
t2t_L10000_7272	4fc419f86c9dc847c4302a50cae73999c2057a273bf355ed8431b7ffb253c6ba
t2t_L10000_7273	94ffa40e6a876087b5dc6ce36945948010cbbdf184bb684d3f5022cc70bcc45b
t2t_L10000_7274	9edf1b2b0cd24ada6205d21fa264c02ba9ff446ba60fb0a2c21abe1004a1c60c
t2t_L10000_7275	3ac526226b59b6bb23533ea73e6a924c7cc1ae161f3fb34b511fbe0bb3c43d0f
t2t_L10000_7276	3d71dee237185ce1f86ff3d421a927f1ce9b50c219a0ba78c27d43c0bb0b415c
t2t_L10000_7277	a8ba520718a94c8790f06661055c15a03ce3bd6965798577d2e3f0636610f260
t2t_L10000_7278	85b2bf3bb39f1ac36edda2a3b20c9e63a35a8466a533660d31d947306be3b119
t2t_L10000_7279	26540466b568f0d47e03d11499677d6b012e107238b8008f93d75ef8d78e54d4
t2t_L10000_7280	7441df5c241986a73008cac87ff01f22e8f56f48ef58ec3fff24511dc8b65c6e
t2t_L10000_7281	b6ca78c4fbcf3ae6213bb868dc2f809b9a3c0198e8a5ce3dcafee56e1a674c16
t2t_L10000_7282	c94eeca2269c6a1bedb79ddda109b4c2b6983694d919adf496a19637e2ffd987
t2t_L10000_7283	937032d62223cfc774b6b53fa1ced5f620fecf28fd5664f55a9e254f663f128d
t2t_L10000_7284	b2df864f3b669ad349e15adcae84b39a7e4732ace4c2eaf60cd443fa3531bb08
t2t_L10000_7285	1d8ff80f1cd99bb5dfe84d59f3c7f490ab2c70e2787dbb235277e3c9ee20f890
t2t_L10000_7286	b32afd73daa0015a17882161d9952fef308c68939eb9e9e710aac5d2ba5fac9a
t2t_L10000_7287	b6a4d136c1e7d2d4f4f17fbed3c4f4d67ba367c72421646565042a472d8e01b0
t2t_L10000_7288	3c16581b667c94c29e09b573b539c5685a3fe9611398c6885f1da8117e4fb93d
t2t_L10000_7289	91c6becc5e7e60b5c797ca46777045d4d460c49310a3833b95d66059610e1c41
t2t_L10000_7290	ed6b15a7f21957bfcf2f475e3eaeaf51fb8c41aec156df5fa08c76920c066fe8
t2t_L10000_7291	f89362d65a993f1519becc4d18d1b99ea50d939ee82caf469ed96f3363845a1b
t2t_L10000_7292	ccf93255c4c3dd72bc4cd79e4fc227e675ce82ad11029a199123df8d770df3fb
t2t_L10000_7293	6ad58de4db1c8cd308d214754b64cff0ae53959686a34019aa8d8dcfdd091756
t2t_L10000_7294	d57da643af9f28119128cd686450333868df2fd59b823a688184d553abe95d32
t2t_L10000_7295	fe91d3a02c2603082e3702f03e5206220f26f24384857ca38dd42dd02a25ecea
t2t_L10000_7296	fe7f941fb206d3bd960ce3af43f66ebea5393c4f33389d6e490c67306dfe47b2
t2t_L10000_7297	bdfd47bcd9eb7600224b2274a645603c806da21c0107501dd5b131ba374f64d4
t2t_L10000_7298	ab99cfa3e425816f2c3ab40cd62f1e5b8516d9ce8044e0ea06c456555b572a78
t2t_L10000_7299	06fe79bed5cb7a5d3a8e677168294f123c473ff98850201d3dd46e21f4432c84
t2t_L10000_7300	6b7311abc38f7cb1172a2189e5d61f61a363d072aed5eafc6c57ec9bf3f90f66
t2t_L10000_7301	45d0d656c6b07d2da4c356cdcd1b7a4c93ca13efb79e5d1e1774507beb18d0ef
t2t_L10000_7302	531caf98428134e3f0e6c60835cd3e97c735e62b45b889d8b64817438ad4c7e7
t2t_L10000_7303	9166bfe988e4b387148acf34eedfb258aca1ac1ca17302ac629ff0bbd27abdfe
t2t_L10000_7304	7aff20e3fc197e192ab71bdb305764d6d9d7c8ecfafeabc001832764b367b488
t2t_L10000_7305	2163b33cade214f0495f83834e77f2184827c2e5b672989cceabcff64ac9a5b3
t2t_L10000_7306	1e86eff4ae72ce82fcedc5d101a391ade79273276c0ebfa1ed44a9242768d9d7
t2t_L10000_7307	b880b9146781e83cae4674507fc37ef048b643040be75ce5ba333a00a7ca1f71
t2t_L10000_7308	a379a3a7540bd11770344098f5cde562cf804665b81dfe9b0ae3ae9c12c84f69
t2t_L10000_7309	81dd41031d723e7b37cfd963028cb0154c070d3e15f7debff462488e1e92572f
t2t_L10000_7310	6df4df49106836ba060378466584044de21cbc97aa3a762861b3076448ddf91a
t2t_L10000_7311	beb5faeaa501d49456d53af44ad22d7e96585b1bdcf9199e3e549a5f39e0ec3e
t2t_L10000_7312	333fcf541ead9ca0a3396d3b08128b37307c889eb42ccdd682c0002202f3289e
t2t_L10000_7313	e366c4f4d64c1a1c70bcc522043d64377374b06e171f366e011e2965cf5e49e3
t2t_L10000_7314	0b1f4ed0d9b77d7954f38e2ea624311b029cccb3aa13835c1039748d41ac33cb
t2t_L10000_7315	c853f11afa3718dd5da7c4350be23774c211324e232f02f63ab938d5560aa770
t2t_L10000_7316	baa4bc4157002673721d77e704413fe558f47163e5554c9926dac7b7ad9f90c4
t2t_L10000_7317	d2a7ef955b291e2d5bf7e54c6bcc06aed1337fbc2ab7bebfc5ae764f6481a94e
t2t_L10000_7318	68713a579f931420847bed01872242ba0eecf051ae38461dffa6733b21c75c3c
t2t_L10000_7319	63af53b3c6195ca3064404d6bee2405edac819827a51b02efc9275fbba3e4227
t2t_L10000_7320	482ffbd9a47b023838dcf692690a104e38946ac9acbba38af7326abef5b92886
t2t_L10000_7321	565a991c75133c70aafdf21a8bb874c9c88dd14f4ce8113dc1b52aad60b19d36
t2t_L10000_7322	207d623f46e0ee20a92c0ff50fb67a8136aed2dee57af541eeef9da3e9e83e85
t2t_L10000_7323	24320f8d79593e6e3ef6f01eaed35a7df4fd0ef8236fe838e5fdcefea1902a9d
t2t_L10000_7324	78f002061271fb26c2bfee5c01724ea10d97029a3ff473bd73d9e49fb3e87020
t2t_L10000_7325	032b8dd54591f2694272b227ef66f090b44f7b58fce80bb6b2547f1a326a689d
t2t_L10000_7326	a773831d23deea0c5bbbac284af49e12b28542feac5e547a0b49d62e705347af
t2t_L10000_7327	518b355f4e823d66750f3e779dff8dd00a7c18e38dd27a0c5461221fabeaec9a
t2t_L10000_7328	4208f619f285ea57414e2bac1dd45ad173923e44cc5e3dfc716abff7dd51734f
t2t_L10000_7329	f739695b08c8d9c98471c71a2b1c0378e24abbb81b5bd56c6a35b67851d4235b
t2t_L10000_7330	183544a5db32eb99e11a6c5f3afec71c1fd0121312a0c851ea41fa4df070b374
t2t_L10000_7331	16aad245ac674b3d23602395b09b26ac98814416a3aed68ccc51e6b870cf337c
t2t_L10000_7332	e31c41255e79c766bde35b2cb4ede2ccc7843b4638b48006a0289b4db5e3ace8
t2t_L10000_7333	569151fa6c28e20c04ca7d4d151fe57dc1bf03afd76ba2e2965f6394f6ce4e5d
t2t_L10000_7334	e9f40620fd3b45830ffa36cb794da5412a5642ace569bb3f1ff7ed0ed6bf4072
t2t_L10000_7335	2b22217ee4f857937680f1662e894205a9a8e3e3cf67561de1be834b9ee2daa3
t2t_L10000_7336	1311bda68ead33491848d31e65455896fdb46dd0ddc274f522fffdf1cc120829
t2t_L10000_7337	0317650ea0a5a15293dccdfedffb8caefab78770d33568742f72ed5d77af6242
t2t_L10000_7338	eca32265bb92b56b8f08d8563fdfc7bf61fb386f79d5c9d1160460f493fedb10
t2t_L10000_7339	50edbb1f6864c7e9ae735ebbb1491a1e9bb50e692277ae9fa20cb0b60b3eec28
t2t_L10000_7340	44fe208fe9d5e5392cd455a130916a57f4ac150a6303820b1d95e82d24511990
t2t_L10000_7341	f7d9617ff97920b2809206780c9c25e90d7fa530e54c3b492a155f082e9450db
t2t_L10000_7342	9f743dd35340da21cd7b0f2190763ad2c62f967e58883d2a50b925a85487c461
t2t_L10000_7343	72dc2b215236c08414d2e57034c4ab465872e6740d1a1bff892bd38e688d4fe8
t2t_L10000_7344	f5b382bf7fe342e60c66ac71112ee5cb2024bea44c5ae381b3a5492dbe30c8e4
t2t_L10000_7345	0baccf0b08b38a199b8a40386e32c297f871173bb9bfdc150666c167dfaf71b6
t2t_L10000_7346	6747eb000f63d4a631454e652abd021fda46ad19b7dcba427a7ed08b6b4f41ec
t2t_L10000_7347	5478a47ba2f683c81efbc81f3ceee55e1cdc1a0d68180aa6bc34abe2b1ee8069
t2t_L10000_7348	fcd99bd1b5cb36344085b133a688cd49834823ec73661f0b11372e7e99e2c599
t2t_L10000_7349	437a9d6cf43e6d0174d49eccaa0094780c4ac664b87f7ceee26305a527fd45d2
t2t_L10000_7350	75269d1845a0c419de010725c5dd3c5db0c6c09c6ab33188f2aad088d4268e49
t2t_L10000_7351	c76fc25e66408b81fb9776e71f704006270773ecd13d75a3c4708e1193436f76
t2t_L10000_7352	036fa41932e3d40bc0c08ddebe7bbd3ecb24a74c47e29a661ff587418cf6f79b
t2t_L10000_7353	bbfb73446e36434e7ed7e30402308e11f644e16cbb9c4977f329c64ae34ae0d6
t2t_L10000_7354	b85e7ff149f3e866eb3aaddc9f3cce37512c665262a55aaa7e4892c60a5a757b
t2t_L10000_7355	eb041aa53e93578031e0a9fe53aae1a3d77a3144774e5fe6f6a07d2cbbd99ced
t2t_L10000_7356	7deeb16bba2867575929d3796c38069618194066d29f5bfb5e2b74d0a8319ef3
t2t_L10000_7357	49909ddd0635dcff06c2d1327ba5b7338abd430cfaa8d36315925fc283ba9de2
t2t_L10000_7358	994322aef687bfec2c807f62b8961b91ab8b840b25af90e819b11be854e52471
t2t_L10000_7359	4e8d7e99a57e9998584deaa64b6a04c1359978bd6e2e8f75687c02b39c6675b6
t2t_L10000_7360	b7e362a8b1db32b886858f6ed6f2da84ccf91feaa887ab76e1fea842bfd76b3d
t2t_L10000_7361	e70c2fc5a09bd5bc0a1f77b50cbdf351f260b37d76c71d323aadd954024dd334
t2t_L10000_7362	4db7b5c6ad0def506c8915faeec7f9d9ff227325d764d33a3c394d8afc27b54d
t2t_L10000_7363	7b1097f9533226bdbe83f3421d788095aeaa9286d5a1a9c6c90fb5034c50d898
t2t_L10000_7364	739ef8a2f7bdbe5eb8adbd3cf4aed1c87c231e4df7129767725980452d54521a
t2t_L10000_7365	df3842a7cd165ac87f47ce5155f3c774aa2c4a439d44707f1f59caf7ea8b0c2e
t2t_L10000_7366	505629f5f53aff49e78540cb67ce0416b67c12f793f62c5ae4a23b081f187cf6
t2t_L10000_7367	f6c4438ba24d86d292fc5783687cb907fd7e65fddc8caacd96bd4d941ac5b050
t2t_L10000_7368	0c3ede2ec24bd59bcc9b436c03e9507b8a1dc683fbe67cea9ddb8e0fd281b674
t2t_L10000_7369	7463d39a972f24a297c9b95140fed0a8f1bef997b14b00122f81185e5fb24b44
t2t_L10000_7370	accc89cdeb9cfb87945f18cbee84830ecc0c73cbf09dd37f762a1f4a1908e0e9
t2t_L10000_7371	9201151aad6f9fc8fa26790d28df7187c7ca312906ec3b5d3a23ca6799582175
t2t_L10000_7372	a6a9ae4b24898076a471f829d89d291cb53ef2a0ebcbfec2e6a8a3509fbdeb0b
t2t_L10000_7373	e3f09ba698fe4af87f1923c53acc09245247b12e5470d0a12b664438c6fad0eb
t2t_L10000_7374	87adbb40460c2fb1ea8ef242b58d61d4f8a990cfa4251c5c96c2eb987b0875fc
t2t_L10000_7375	771c74b8cfae932823b7e95cdcbc720627485dca06477bd257a0813fa0e790e7
t2t_L10000_7376	30fdf8e10d51578302a2265cce62f44a922e7d36684460a40f813a0dc9559017
t2t_L10000_7377	c57bcd3d077ff613db890e1afcca0c2bc9c209de2761d766dba6e45e854005f3
t2t_L10000_7378	1b42afd3e4c005da8fc39682dc2c06ef37da065be98fbec78488f3607a9ed541
t2t_L10000_7379	1bbe62a47c2d046ad6b3057b2268b446543307f6370606a9333a55f7e1a17f66
t2t_L10000_7380	0e686225537e0ab5f727145a7fcd0c9f4b717515c1f3887795ea14b3d5bf422b
t2t_L10000_7381	0f1bec13ba214e9e501d65884f5035d165c188e858a11def5173261cb0cbcf1d
t2t_L10000_7382	aa610e386696d25fcf7bc52f8978d7a898e501251ede6dd33d5580a9b6c97158
t2t_L10000_7383	ed03d596d1df84db960ca5dcbad7ddd43d7898ff089825214cb941b4ef954bcc
t2t_L10000_7384	ec34600bc0d96874ba990853f5e1e6da7a6df3f783bbf3eaca72e0a2c7ad2f3d
t2t_L10000_7385	e8db1cc4d1fdb8b3782d3e1807b8810bcc2f4dcb8fa533637844efa89831ebca
t2t_L10000_7386	2f90f6d31208a6cb630f36e88852ffd5589512b390f935a3f51af69e0fc50368
t2t_L10000_7387	5d8d96c5211c2c1719bc6f68749895ac073531cdc2f4db5feee03e456be3aaad
t2t_L10000_7388	a2bf910071ea844d06ce94966c450eef472a1d6f1ba6b6b707983792019b4edb
t2t_L10000_7389	937acba180ed311a734d0f6c64a6cdf21de78eca0e4ed9aa1a8ed25f73830547
t2t_L10000_7390	5e2322f86c2313371307b0ea316ce7d976539fa68617525c857661bbdfa610e1
t2t_L10000_7391	4f283ab0cddf5c19c78f6ce3eece5a4f148d7a57f12d505fd47bca0da8ae9635
t2t_L10000_7392	596f3ec8b8fa8de5e0b0b465d05057b31545b41d46c749c0f9805a4574038678
t2t_L10000_7393	4cbe99cda87b8362793dca1475f97a29081a266dbbbdaac69ee93337c4185d79
t2t_L10000_7394	9542cfe0875edeeeb184281abc113c5d54dd7a8242b2477075a685cd3c267cf6
t2t_L10000_7395	8819130c0aafb5d0cc7ea04ffe5cd947c28cac0a5f7d6799fe9a635f4cbc45c6
t2t_L10000_7396	bbd88a22fed899abe6ebe99de4b161de6224b6a6f10d6bfbea9a0b3c5a14ff17
t2t_L10000_7397	fbdf0f95cd3189a55c1f105ab590175b1226868b0cfe51b2e24cd99f391a83d6
t2t_L10000_7398	091fde2b707d7f5913e6bb6104101ebc08459ebff2a5d6f31487d7a2d05c68c2
t2t_L10000_7399	df8a07940a79ddbea7338f4eb1032c96e867d92b82a6eded04d2c72d945aa35f
t2t_L10000_7400	2c9e6dc45f461bffc02bf650e2d4665e710fa86c48fc5cacce1d31eee719bcb3
t2t_L10000_7401	1e435ab7232d73f37fc8c093b3adb125fa576cdd6567c3b6aa59e06d826920f9
t2t_L10000_7402	0d80896478080de8ce94f913e1cf422a7cb5032d750ad04f6f880e0b11a9a5a4
t2t_L10000_7403	f1e8db6645342540ff1d34df9453e494cfd1bab8df6094e4c048696e84a8d911
t2t_L10000_7404	c359859763b6981a3888e09b048c58a56f5e00258472b6990f14def5525c43be
t2t_L10000_7405	8d77bcdbd5c05fdf650ce4a017db3af99d163f4c510998a6fbc0d9d7c23550ae
t2t_L10000_7406	823bc7dad6fdf0ebf5473b2bc266e5baa2f78bef1da683bc57031bae19aca684
t2t_L10000_7407	5266c6ed4a266744dfa01fa76d3a6f40e062bf5c0798dcfe9101c506ddcd7dfb
t2t_L10000_7408	94587e854dbfd0a4703f17e54edbf82251a7f3084fbd1482e9caae64711f4a8b
t2t_L10000_7409	3a20ca5ce1cdfa91c513bb2b876fb636c59b2cea63f9e59a71362369e7cead98
t2t_L10000_7410	4da2ee822549790467479de1a34be61adad0a70fa636d2460150ecf0002a7128
t2t_L10000_7411	c3dea7207ef4a1c050492d3cb628aef58b2a5457d7d7f272ca1149951455c161
t2t_L10000_7412	65151f4da39d6d322ac0115c23a86e9f0ff62f81768a0280e03c7c0b9b1435b5
t2t_L10000_7413	7c6d5dd2da23853d6edbdd68933f06878108de2afb40e6f1a39262ef270f2187
t2t_L10000_7414	d9c4028b3920ed292082e85c924f42a669ff937f623d7196ecc51c63e981b372
t2t_L10000_7415	a2a6e7cb7dbe7f965828de0a33776853c2cb5cf85c74fb4da0ca865d99dce6b5
t2t_L10000_7416	1a1e5e6724e0f60449cf6d4e7c1fa7b0b8a71ebdaa1a8cd4209db4338fbe9dc6
t2t_L10000_7417	921f6882daf8fb5b73564863c5007567822e58d303cbfae6477b203d0488a25b
t2t_L10000_7418	8f281bfbca3bd1d98626c92a043d3792df874ac235048bdcae70bdf1189df18f
t2t_L10000_7419	3dfc704fb18139186fdb2523a52f4740bd23ce7e4822eab83dc0e475deb90517
t2t_L10000_7420	00d793f5f0a7b7e5439f05b7ff44463b0f5812b4ab8ee070a073d74a1dbd4258
t2t_L10000_7421	82743c821c3a7065a2d0ceebe0057f3d90a883c68cfae375c038131f35c49718
t2t_L10000_7422	0bff19b5329b5b6a3ecb90ae5441d317b4bd3497751da9b267907e5d417f9c2a
t2t_L10000_7423	7028e88a51055a2141f63473f2cee925d71b7be6fe11b8990e8305f241e43469
t2t_L10000_7424	f019f6fe57657fa9b761d1f2a0378cf2b5afd923a68b8b9041a0d93508d12445
t2t_L10000_7425	6b2f0b68a085587a0969de88dc5098333d895b8f45d866a6221003007c40580a
t2t_L10000_7426	ec8e6448de18e76d3af57ba7c27106ce656feee0b3beb49d5955d363dddb2b8f
t2t_L10000_7427	1d6e4033c477b26fdd8e631feae19cdcda30b8fa5964bf8f4b5474151052809e
t2t_L10000_7428	964b748d3ec05b0575a1b5917d1706ad2c51eb89418e855cad0ab614e5d60b65
t2t_L10000_7429	d63cd8d2bdb9a88d0be71c351e705258745a45e5b694cdddca84a3469af98ebc
t2t_L10000_7430	c21e30cae5df96fd7e2553af46fa0104a57592659db6c59511249aeb329f8bf3
t2t_L10000_7431	9d8b4c4de9acc8b42f86132954481717e81da31ba33c80a54962d5abcabc1301
t2t_L10000_7432	cda687a9986dbde1c5ddfb20ac95efa7ac1ae3797d14f3d8b40f121ffb23f3cb
t2t_L10000_7433	49deefbc89f1db250717ec525f45f4d4b411ebab8a34f54c345938717257c074
t2t_L10000_7434	a30c8ea3ed6f289f6659218c78345f87f02972eafeafa7f880e8d8d9c6d67552
t2t_L10000_7435	1a8f629a948b0d48b15cc9e27581840327052c8df945d8e79700dc86a84fc93c
t2t_L10000_7436	1b8565af9939231f463188f902d141c53b23c746fbdf0b1ab7cbacfa7fe5fc6b
t2t_L10000_7437	1f4505ce2b7133bafdb2a0059a9c94bf5250bb418edf67eec126f5bca9a26c15
t2t_L10000_7438	0f4333c3c2311debdfa98a0b278ede33bcea798af5efd8a9ff9f8e909fbb7b4d
t2t_L10000_7439	566d1f8db13a89d6be9cd7e8eb99039c24ce6672f109e5ca801796adf2150c95
t2t_L10000_7440	188f0cb890bdd5ba223ffba76474efb1331bdf9938618f25a3214f9097eaef8a
t2t_L10000_7441	6a550738344ab189bc1da53b0d29686e077e4d28066d2bf1cb2a17ad3a6b48da
t2t_L10000_7442	29a3be704f796f7b519021df548ffc39a8833a3d0d9f414d484d2a78aefc38ef
t2t_L10000_7443	81c1b18f17b9d846d63461d73582e0773a4c7528feb2eb54c0df08bf54da14b0
t2t_L10000_7444	c2276d05621ba7f141e8c9d4c5ce3d321ed642969228241108f1e7afa8291144
t2t_L10000_7445	d27cb90788963377482a7cd3a1989d26a5b253b4427abf4d411a5759c6b355f7
t2t_L10000_7446	e9aa5236e81d5df632f25409c02fc905a75d87d122fab3001115bc60c3219389
t2t_L10000_7447	8836605c1e8b65ee741906f01b47cbfd2f993c5a5ec61167c84499de239fe863
t2t_L10000_7448	e1d27819519c90149ae92ac9e4fb93c6b6559d832ce27033872d25b74ad2561e
t2t_L10000_7449	e62339ba3474dc196197f617c4366f538be7fbab981ec713733fb988c547ea3c
t2t_L10000_7450	1d078aba6c1b98bb84264f0fc2661f3d2db3d031e240cf52604dcd66d23fc9a0
t2t_L10000_7451	97bc1ebea27f06ca26f21c201f264df787549c4328cf944ca38113b1c222a774
t2t_L10000_7452	c15b450cded7db9ba80e45c2b443fe0665daed3825b092dc381b6092a2a7596b
t2t_L10000_7453	5df38a7d42e2d61e5d16d145d8189c74f0c2704afa73114ef515db408dedf640
t2t_L10000_7454	586ec61b5077edb436337e72d0ac22a93562a93a59f8e955073eb78cc0dfe762
t2t_L10000_7455	8e8b7610ad3d8b5765fcc13ae6eaa1720413bc38a0c6ba9594a6f761980c8917
t2t_L10000_7456	931854d61aed5b0378c373d31f102ab05a625e2f77fd0de2739b5c28fbfcb9d2
t2t_L10000_7457	47667c3c66a482e5c440191c14c366d49510cb9382ab4c577e3367857bb4a851
t2t_L10000_7458	8b9381c2a5c9cad8a6197f030cf7e12df40f1c5a45f041041277728d2c2353f2
t2t_L10000_7459	1fed0fc81bb3b20afbc81dd3cb9de37a4185675a14bc1c0760428e4dd3bbe88f
t2t_L10000_7460	ebc8eab1da6adf5720fec12c34dd62943c1af8d1fd373b680921caad1d2157de
t2t_L10000_7461	2a62c28c482a3028782cd2d5c452e9bfb98cc6e51e5c26a4bae4257fd888cb00
t2t_L10000_7462	8fb548e5dd5d496d20b95c75d2e2232fd6a45407baa98bd2b32411d8fe2d547f
t2t_L10000_7463	a10576d85f8caa60ace272cd2f8590ef4ac0c95bb1df3cd26c1af02d462347b5
t2t_L10000_7464	0a35a91a3627cd47c3f6b56916caf8ad73b5e2cd2dd52e3409a8f6d928f395d5
t2t_L10000_7465	cd555bd424217791f5b1421e539afdac472c1ae348b573f1e243c92fbfb9f648
t2t_L10000_7466	e564fe5e2a8f9f177a4dd04e2521c3c6bf77a46803d2dfc28fccf6868ca2435e
t2t_L10000_7467	5c71b8b2e53ff30d47eb7f1115e0ab8dc24ef33d4664854e0c640562201e3860
t2t_L10000_7468	d81c98b6bb8bf6aa331a6e0096a2507a3511c18dacb57395d46e275e89fd1979
t2t_L10000_7469	866d0736e2fd37b746b8ff009d2c4cc12921684552969d3736e1059f10f01251
t2t_L10000_7470	47e7ad696da28361dbee0e18ef3efb08a677486feb376b8339f1d5355890b088
t2t_L10000_7471	b1a86b3f3b3d929aee77d27067863f60c38b4a572c9d0480deb8e1385fbd4bef
t2t_L10000_7472	7bdb6c4f13a3221d357f00d69571efc8d6270c129da99177786cf0186037ccc3
t2t_L10000_7473	b6978be54a494fb5632054b946c4eb4a8ea625336c0b998d0763139f45f13a6f
t2t_L10000_7474	0f6ae51739c2cb447d04c4fe12d272357b247829e374b9b02effbfa73addd9d7
t2t_L10000_7475	5d3ebb86ccad0abaa9e5990cd6627bf3eec1a5c0e8b43a3d0827b63f510b1890
t2t_L10000_7476	34d8e0ff39aaad245f31cfc8e35e8684db772a3dc746a994ed8d4a85a10af78e
t2t_L10000_7477	0bf6ace67ad4751c61973ac374734ac869bd14d5641bd072850051f4d660d827
t2t_L10000_7478	18c6da24417a83114f44933036449795f93b42145e9f5582b2a548a68bc65c50
t2t_L10000_7479	f553fe83e9334d2b8c7528f5e5cf73ad4546db2fbbd39ad3d38da7971e49c4e0
t2t_L10000_7480	d84f59db52146fd70b0a84a37dd15055c0baf9770a899491f284d37c2878407d
t2t_L10000_7481	35863af9034458be8a8ab0a0317771b8794c021c5cc22b0ae6ccba57fe124a8e
t2t_L10000_7482	a3b7d51963f55cf4b84c93572f6dc8806530ca19f79b6ae69662f61fba49d58f
t2t_L10000_7483	8ae5d894b1624459de10b15bcda81a1dc05ff6da7360c517f9c93530eff0d1db
t2t_L10000_7484	c23566dec47681ae3427988fccfde24c8d2399b03c92cd7704d743a03d8e8ad6
t2t_L10000_7485	c46fdd6758a710b6632998d3e5b04ec3ed2dafcbc4e8fe921f009028148d07f5
t2t_L10000_7486	cad61b3077333764859008591ad81bcad4d665e8ad9b370c0b91bbea6f11ce4d
t2t_L10000_7487	0e19f3a988eacb2af63a71cbe2d44522ecc35ea8e078d0585b71b17d6d1d30f1
t2t_L10000_7488	eda815f1f11bea0fdeb7f4743bc555441a1aea21961938e275951bbe1b9594e8
t2t_L10000_7489	ea04b703192d3420da69df720acac948244727ff429445db355570c15a53316a
t2t_L10000_7490	8b68dc0f5bcce1080b7f40d38e6b53881864fb59ef1434f57476381812e30111
t2t_L10000_7491	3d43b365d96573113c13666250f5a63458cc55203ccda3c2a470184a89af06cc
t2t_L10000_7492	1afee2644c1aaeb866f33aba803cf2303f1389cb37c8642ac33a402aa3eec0c8
t2t_L10000_7493	70cd8e16655e75d8939122a818c3d9a00f2b9798ee67151165449216690ce019
t2t_L10000_7494	725fc090ce85cae2bee79fe00ee028f6eaccec818045a75005ba8f07eff2a6dd
t2t_L10000_7495	8ebdb578b83cc2480dc56e7f580fe76c6d3f3e2871eb9f5b56da5e4d9047ab15
t2t_L10000_7496	4cd33852cf129e8a952839287484b075cd0bd0c156dd624d46e86ed435718738
t2t_L10000_7497	d92cdb1509b34866d1d2a23c5f81b27be5b7abd872ee5acdb62031c1010d8573
t2t_L10000_7498	635c7bfe673e9a63c51bdd545f8fb1c81694c46d745a39572721e9ce4e1798e3
t2t_L10000_7499	464a528edf4c53c443678aa746aa69f379c5b0f762f9ddef4f5ee7152b3df319
t2t_L10000_7500	8069a6aa9aec69f871573d51c943e216a0fa3838bb8fcee3e4f916c83f9c1758
t2t_L10000_7501	d3ca4fe5aae8bf25b00898f754afe9b0bd8cd7260941ccbd67fe371a429b0ee2
t2t_L10000_7502	4c26238b1385dcebb159373b7c0ab412d57130bc177707bdf074e31ca1270fb7
t2t_L10000_7503	dfa21da68b268179635a9738bc0215d47cd7529bc2b3e8d64c4426d135107c5f
t2t_L10000_7504	a72390737e812bbbbcfe50661e3d97500091981b643851dbe692419f571e1d87
t2t_L10000_7505	705099e37539bbd4095b69177940c75ce59c77a602ad395a2cdc9007bc5ca2d4
t2t_L10000_7506	666c9c885e04a3228730f3e0cf2a762c6e2befc1aa01b983aa59612996dc529b
t2t_L10000_7507	6612037923ebe7a4b305e000d3a34ce6308d7c58da7479aa3eb9a50b8df86753
t2t_L10000_7508	43f51a98fe53938ae0a6b9a5199ddcb9b27f62e4dfb91803bd4a739281fece85
t2t_L10000_7509	79b5d39690600eed52d18ed29f06921aa1fcc1eb593180b45d3ad355224c10f5
t2t_L10000_7510	69670ea56ba14a078b12f8f9ac2f3d9934a17b9976b88130b31fa9654cc43c04
t2t_L10000_7511	b0334eb30f1f1602956f3f0edb795fcd919173ce2409100a8ce4f10a6230c820
t2t_L10000_7512	6ed6a05fe6998b1be892a5ac2b23dff2365c4f1c2e4fbe320d2d6336337997a5
t2t_L10000_7513	a4db6837d0c42ad3ca8dc7fd0b55213668dc83efeec4bf13a13111f726e76f7e
t2t_L10000_7514	b5ec8eaec76ff8c7ebc17ed4077e5896320c1d64e30eb1ea3bedefd6958864d8
t2t_L10000_7515	3843ad41897320d42ef33d1e32da31bc0c4700bbee746b5acbffb43aaee7be5d
t2t_L10000_7516	b6a75b802b8c7a47cb4aa07fc5b8a1f7963c8cac96ab0955772af043dc364ca7
t2t_L10000_7517	f0905abeaa7350936c679e2361b646bee126943e19225ac45ebe948bb7ef2b19
t2t_L10000_7518	ebc489be915cf8e6e5ff4da0d3c32399a4afed14db2a0eb7c478a78786c1e01a
t2t_L10000_7519	1f8beac9922a80747b4efac3d84a91a04f89cffdcfa0a589fa6a70514c3f7359
t2t_L10000_7520	cc1a363ba9e38746894c2662d9c012e52f4a8efb5d1c18651819672eaebd1d5b
t2t_L10000_7521	f10ee775020451119b6d97121c64ddbb48e05da30305a2c20f49149fe2afb7ab
t2t_L10000_7522	af4d79d12c51bad393bbb3b632f73f8f0092a206c5f485bbe9923b813b9b280e
t2t_L10000_7523	756a315f6da656f87b4e9a4eee241864706f0cacd72687fa4a149be64911e424
t2t_L10000_7524	ba9123e732cd8aefd8183f33649d5ed3759e63e2933df1a2ad9b2491b5c707b5
t2t_L10000_7525	57d2cffbe0eecfbfeac12bd9f7caa58eea38464517ffbfabbf6e06dbd0bc8c40
t2t_L10000_7526	ac57ed331badf7953ab4cf53b960ca894b2d02f8a28aea80d152ca627f97aaf0
t2t_L10000_7527	3ae989063a5c11c1a2aa523f12d5412719e18141f2c435ea01196a3cb9669be1
t2t_L10000_7528	3d103182941a33fa982bbe00d9b86e1ff2c057c6fd2b4d5dcb45affc40f7c1e1
t2t_L10000_7529	e562be61efd26c9c5a7ac9c04049d770a04c23e4e90c6b916c9539d303d6f956
t2t_L10000_7530	a968fe216e7c598d37fde82ef96305ab7bc1ad4143a2160fb250bf23d86ead48
t2t_L10000_7531	a74b0b6f0403b14cb9d37c6866cb5ca2716d1416a3fcc0a060e57dee96add2a7
t2t_L10000_7532	6167b21ea1a3752eaef5657f4cce41c435fa676705e917afdfe349fc8f1a77a4
t2t_L10000_7533	33f54e67b424506a4f365e4b4b906714a4e0bbb601ea8f7d1304636fa702df35
t2t_L10000_7534	f90b939444f1f4a8cb1c97f823dbae47186ab4981136923a86df0112f5ce7a0f
t2t_L10000_7535	3cc3fc770be79ecdafb7ef713538a90734c170c18b0c6183178729b26ba976ad
t2t_L10000_7536	db7d24d4de411a6cb45aeee592764c3827a606e1e0c0d18f4101df5061b10ae6
t2t_L10000_7537	e4a88213ba87d41d65370bae11df3de0e9bd20a1bb70a88b02810f8aa7f16fa0
t2t_L10000_7538	6dad3df52f387120a08a2f9aca6e422f21071caa9c10f20822870c179b22d7d7
t2t_L10000_7539	451cfdb54114070c5db46b4bc42ed7f5a5fbf98d74edf2ca89b03279f6f661a9
t2t_L10000_7540	95f251e5d14dda4a9eac48b3fc15d0ebbf2d59cf614b81c6de88a37f3a02cce2
t2t_L10000_7541	1a766037a9c360171d61b767965aebc6ce7bba9e453332e78d37912b13ba5c12
t2t_L10000_7542	14b49d8762e6aa395d1fdd0aa07ac0a2a643bdd2f9e98686fc89cbc87fe3b925
t2t_L10000_7543	fe186d90f0558795e8a4e016a83b2495540e0c8c87abd0b58e6feda6973d8fc7
t2t_L10000_7544	6154f3b903e6a6752f7964a9818af8fdd55104933a2ce4c0ff539b8d61e91b4c
t2t_L10000_7545	3a0fded7c54cf1fa3c3003ac91af5c6fc616565591bed30bdeab3c50d52e57d4
t2t_L10000_7546	e440ed276c61cb053e07c213a0e082d6a69fa7f77d7a35c7c43ffd2e0abf79c2
t2t_L10000_7547	cf38a841954548e5858baca3964b39ae99bf626ae99d3c218ae2dcbea7d50781
t2t_L10000_7548	ff3bc6ee46d876c075943d9f243a594931a71bf68c6a9dd4688be0bf6efcd059
t2t_L10000_7549	645039eb03e82295e88a665423b5b57f3a015db99e3d15326d7cbb4f61611855
t2t_L10000_7550	fc4ef4d252ac95d9f239a1704f77e25d4b537824f474e79fec7c1e0fee527471
t2t_L10000_7551	04f4eae6f1f06de4bbfab30f176dbb256705f77aca9d12d641c9074a46e84d8f
t2t_L10000_7552	aa2d2cf1336daae22424ffeaaa644c0e50f8387019f888125e74ac7abea8dde7
t2t_L10000_7553	0c34f4b4a7cec028db213766ba97d05f1e915eaf316bc3927e0de12fd076ef28
t2t_L10000_7554	d6ca9de742de6e6544499ea977acb0504449e5cf6649f89f8583c04c2d9c9b9b
t2t_L10000_7555	38756ff77cc468a712d3c6c11eb23b662fd3451eab3e890ff6d9f00970733d37
t2t_L10000_7556	80d34eecabd92dafcabab5edb2b6b9ac496cec51bd825b867716978865fe8885
t2t_L10000_7557	d3f7a569067278811e533ee814a4ca707183493f7851718e1fe86532989d0b76
t2t_L10000_7558	014d08067106edffc6b74f0b37197156c7fb9f88440bb8f6191e0bf8ab5118dc
t2t_L10000_7559	d8f6489147e7fc6d6e4159102f5dad56d755b01db0f7aebc652a69042629df1e
t2t_L10000_7560	9487ecc0fffde912c592f7be8352d0c860d06b67dac599b984a65c23e176b9c3
t2t_L10000_7561	a7802729c319f55c885d2185587c2afd08466608086538bbc7afc9d96e8f24fc
t2t_L10000_7562	aaf090818a854968668503f2a38815d80877ee9cd099940d06effa8b710e40a4
t2t_L10000_7563	54fcd150c6deb1d35da4d78ac935eb288bea1ec9f0518e3e66b23528e5bb359d
t2t_L10000_7564	5d9dc6f4a8ac3fb02d310413ca177f4166ba8209a333b54435175efc1afd6ddf
t2t_L10000_7565	ce7ec91c3567536c3f25cc907a4822814709d53d6cfc89f76a0adcd12c82be02
t2t_L10000_7566	8ffe223159fd808acfcd4f514e83515d52655790333d166481283229ef514001
t2t_L10000_7567	42ecdc9fd2d6c62abd2c883f2a9f13e65d29decfbdb20bd63d87856fe0f57df7
t2t_L10000_7568	733ed11991a8dc0c29b3ca3ef1231a031cb1b2bfe8c0f12ce589e818aa28e331
t2t_L10000_7569	793d5d7078fec898afa1c7a5d58bf2cbab6bcc21674a54b6406978512a88e578
t2t_L10000_7570	be3dd3ce5d64b220bac8a0d89ade70547cb7bd319bbb8c13d571d802130d7eb5
t2t_L10000_7571	bec2ac56ec2179d249f10a301f32a41879c1a822b83f0e56f5b390b7ef657223
t2t_L10000_7572	96659ab99cfc700ef96020f1986229c83891474e90aebd0d33ab8d93c11015bc
t2t_L10000_7573	b3cba668dd7aa2ab8275154c3cc5376d859bd69d1ee879cbf063b54ed9770d6f
t2t_L10000_7574	bbaa03029d82bd80a9d2dfb97f87d00fe652661f5b650364e9ac9644e009343e
t2t_L10000_7575	01c24e72849471f8d5d6ed43fdb1dbca73393e75ab988bc50f5e4ecbae51f1b3
t2t_L10000_7576	f81210d8265e33c63e1819079712409c58c63eae0028d3725c737ab10792d174
t2t_L10000_7577	d172f739fd916789f174a18d63e61c25e1ad198f7201d64b5e4b3f8f9e4bee21
t2t_L10000_7578	9ac59b7707c09db657380df059f40a945b6918c73e3fc5ca0a1e3d12fa218303
t2t_L10000_7579	7292d4d33e0178c22d29d489fdf0e2f260979dcd201250ea1e0e6f4bc63dbaae
t2t_L10000_7580	bc2a247d3c4551db0ad178dc0ed99e520128f382a2bd81081ffccaabfd187ad1
t2t_L10000_7581	280e925eed60dd18c739bf4a81ed9e82e198da3b8a1c97cb1d2f6d0bf2d3a8f0
t2t_L10000_7582	6d60da79215f8ab4099c005ee8e7c82bd16719e027bba7fef09f1728d99f8404
t2t_L10000_7583	0168966d45baf0fa06ab51c10438bfde455e2fe08b53e68b97440ac0a4d1ee9c
t2t_L10000_7584	a038f01f7c12214060f33834eb17a07cb8390fb5d94cf1ee487976ef65af795b
t2t_L10000_7585	072ec7ed765224d733e01ed2516b0f327afe2358aa0fe83d566dba3e437332bf
t2t_L10000_7586	60f802d9b39352c444bc67d2e5cf9dfb1ffde77016232a36bbe60a92960350c6
t2t_L10000_7587	cd16ecb970c02a2795b1947444ab23241635dc3865163d7302e8e8feea2e9f4f
t2t_L10000_7588	add1150a9059efdcc4df9d8bfb7207be0823157b4c0f2ba692de6d8983a4ed83
t2t_L10000_7589	94b5a01c5c4cf54630fc82fa436f80355343ad01bd45888a70d696b96ac873bb
t2t_L10000_7590	9c73062362afe623589847df88360da6ba5cdae2076e48edd65dabe629c94238
t2t_L10000_7591	77aee29749259208bb48a079e1b049173c18a94cdfd137f81be12aa4a0bca7e4
t2t_L10000_7592	ffc5d954b5370a7580da3f48f9f4b664d2dddde98838c323b6c0626f0a4bd48a
t2t_L10000_7593	a26f94cd7126de77fc1091df4e1dad11913211606fa0bac2acb699b17c002b6c
t2t_L10000_7594	8dafc8079d587d01521d7195205fad73b89e3034c47ef154524201c8565d7187
t2t_L10000_7595	164f043ee982c03e5c2f150bea0b04010f753130aa6750e73c86251857ed7422
t2t_L10000_7596	71c56cdfc8da6ad0c9004a82f529aaa37a6506234de523c70e3aa7426cfc9c03
t2t_L10000_7597	0567f8319b5609e034f12ab454c3c023c623714051f2ad6434542bbbe4b105dc
t2t_L10000_7598	819b097864b1e1d12f2017531c9333cba5c11fa125152aba196606bc266d2629
t2t_L10000_7599	8e75e9db65da0e0fb69fa99aac71bfcf02f3efe5b620b0ebe72e452c8d9d7b92
t2t_L10000_7600	0e0c16bf13433659bd3eb5d8af363827ba663a89053d5ecd3981d2b6c8fbfe57
t2t_L10000_7601	41a077f11abce9b137f3719f557a2bdd08cfc9c295c89ca19bb58f4709bdb454
t2t_L10000_7602	4a12969b0af89834d9976fee4226f9bd3e26451feeee6a9dc7952332609014e3
t2t_L10000_7603	9c0493cb9dadbd9f2fd664dbe60794dfbfb5927e44f29fb02107c3d664c6e762
t2t_L10000_7604	a352cc076eeb97652e5988d138f3e2626def226496fd167ab2c76f6b1fed9bbd
t2t_L10000_7605	0ca8a0288c809a499ce4f0fb376c46a1d0199bdbf1163045b9e4f8b25e8f0932
t2t_L10000_7606	064ecc995b624ebf8b19a80384378efa1abeb0cef4f7ecc5c49b578067e6348f
t2t_L10000_7607	43d7f067f86f3cf3ce5cfc3a1197a43637f584188f364f148e4fb6f332e75ea1
t2t_L10000_7608	469508039701776cdc431f2ddef783b86a7d29b9fd11f6ef58421ec8ea00b8f3
t2t_L10000_7609	61d6f7b4409a5f3291f72b93346dc9c8a8057da0671c7d193e943d7b8f69dcc2
t2t_L10000_7610	501d3c58e208363842d6a298af1ce80bd6cc898f3a6eece11d68966b64fda866
t2t_L10000_7611	b2ffbc4680e2246a778d2de1b11d21bb82dd11c979f045969754e6bdf9afbd76
t2t_L10000_7612	0aee995f3fb4c217038235befd41501726bcec51c75badded2e038eb8b31be9c
t2t_L10000_7613	985a1df86131245cc72e69811232d19716bb3e2214ea4df3fd41dd20525ffab1
t2t_L10000_7614	8aa12c86eb8a07be1d3149ec2155f2f8f319e7876e61c1479753bfc3ddfcc843
t2t_L10000_7615	256c421cd05964cd3a8b28827620530b30bd94a14de4024bcd2a540c16db3702
t2t_L10000_7616	36e55c61b083e393c43161ec7a8d2d3b0868bf2805d12be1077a22b6894f4876
t2t_L10000_7617	33bbb3637f4a920d0b56985a29f78728458618ca6785e15edcb544e76d347483
t2t_L10000_7618	21301c8347da34c29572aace8a5dd2cb411160a652811723876da04e992fb76d
t2t_L10000_7619	0f00097e2bfd8af91600d76694168218a397aa3b2b79db274dd2bdaa26cff7cc
t2t_L10000_7620	8efa8dc26e75b2d94fdb4afe7dfb06ca2bf65da000c47b3201069a99f2edb7ce
t2t_L10000_7621	5c7d2b69eba844e091752f3f461c8ee0c0399dc11b797b433449f51dcf4a5d9e
t2t_L10000_7622	5a94a6510197f049a471e67a3abb27137ce3789fd7ae9b415f646b8fb96f6633
t2t_L10000_7623	cc273f5a20b4b55cf7f63e8be22c39f77f58e9524e95e8b5adf83d9ef61f5313
t2t_L10000_7624	d5197d658db2677d4edb12e4b524947a5fbb1df2cd39d729b69a049c949ca945
t2t_L10000_7625	86ca2c7c609cd5e38fe0f72984958b8b562941fd48435b1a6561d55b040a9da4
t2t_L10000_7626	3d73ed5b3128c17dfd5b649c275ad48f6dabe01a6b2700c35321978eb941beda
t2t_L10000_7627	8fc7a64b395d6d61d651136e2de19c02817591141a2ca5df5f8caa386d0e4ced
t2t_L10000_7628	a463ae70b52ab01053a3e24a7d069174c4fcf7ac4a0896938c93f36fd854a007
t2t_L10000_7629	00c5c84893ce27f14d4069376ecdc5fa433c3a72cd1ec7f54db71374e62a8205
t2t_L10000_7630	f9a7a2a5bc1aff65ce902aa789d531225545d2cc10359ebce4ae7e3b04a876f0
t2t_L10000_7631	9b8273511f59e87f599c4f8e2adbdb149d2f4b60b79af0a00d3788f73cad4052
t2t_L10000_7632	92421e1d4b5574ed8d3ba292f45d5ab849d0e28603ad1cd35a17b2f48212f470
t2t_L10000_7633	1e46e0abbb933d452aa04218c84cb680129b43d639f0fde9abdc35db5f8e265d
t2t_L10000_7634	d982e26b5c4684e8ecde929f92b071f348d4ed9f004fba55c145c64ff6e17210
t2t_L10000_7635	d0196c18ba9499a3e2c696e49b16369fe36907cb6021907b2de9491dac19020b
t2t_L10000_7636	712ab89b6cb334249a9727520106b4c6d3969dc3b05a60c0a1616f4081aedb4a
t2t_L10000_7637	926b9003099245f19c2b7c69ed9a987e4e1209fc7bff5445a2c45cf8e9d08458
t2t_L10000_7638	3d34d5ebf0347e0aa1e719ccac33d32a9d477c20a04177d160a7399382280568
t2t_L10000_7639	f695dc8652303ab2efcec7b6d558c14738035714d30db81273f398381eea89b0
t2t_L10000_7640	bd7888a3fa75dcd4c8d163a0c72dbc23345719b1c6cded11e0446635458ff7c6
t2t_L10000_7641	3cd0a780847effb16c0a03c6f738d22586d0eae3d6c58aa0483fa0a9eb7f17e2
t2t_L10000_7642	4330efcc31d7b7359632790126855ec94e7d3648ad703250251e87c5b8bae0bd
t2t_L10000_7643	dcff4732fb8f105d0591d67aba9969f793f24f6512de597d305aec1160381481
t2t_L10000_7644	35da458e9b659b2254c5745ace2ed2d80763027592006bb2a789877210da99d8
t2t_L10000_7645	4d5098a87380cabe5c5f6a2c171616deb76a872b5f2f7a8d0e0dba66a71ea472
t2t_L10000_7646	eac354bd909380d5b7ab7d56966b2333e42e63e8bf499c86e9b9decb306883ec
t2t_L10000_7647	83331180466319d3b4abc8e9a5aa96587f4eae0efc8b82a1f122b976fe1d07ea
t2t_L10000_7648	dcbf6ab3808a865a737989f00e60ae93995410730780a519f4b15f821964aa84
t2t_L10000_7649	de69273ece1d0d0d2bf1a5c09e1b938c3b0aed303587250f3233682cc78d2912
t2t_L10000_7650	ec1119ac949374cc7c05d4c90cdb0085222b4b8da54c689a81b169b06fd5c1f1
t2t_L10000_7651	f745f38cb2d11dbf856477efa654ea9775dd8e4c9561e1a9330248357760c50f
t2t_L10000_7652	0195e8e31a7d8c34e2fe50339458731335470637c954a645c8d349b7b90b1e6b
t2t_L10000_7653	c23248d054bc62ae55a501255e5655efd10c75098a258be2837a47cb024a7303
t2t_L10000_7654	e5fce75c09510f7838e11f4776718eba903bf99f487b8bb065658d13b6f07571
t2t_L10000_7655	77633f8a86af5b4be17d92fd362c8e7a744aee9f4a0a33f4f1a73fef3ad7e071
t2t_L10000_7656	05a3781ea2162d1707ff40b27eb553a7ad32ba2bd6b3230cb8eef996deaad4ff
t2t_L10000_7657	493d43ec472d72a409eb2c45685809a3a0ba54140ac4b0cc616e332e1d134460
t2t_L10000_7658	5e7ec52ef5213d5489d6f9afd22faa4da0b1e59b977ffa52530c1ff0cc6521e0
t2t_L10000_7659	7b0127f1d1ee95b804a9836caaf1565e9253320bd7a87757786ba3a6596af24a
t2t_L10000_7660	de5a6c64a434a1676ffaffacd5eb2c337e6c51f1669f9871e311f09923e56cd5
t2t_L10000_7661	42866b84996157034e6409fe073bd3fda29dd8636ba6091d250133df47ae9d30
t2t_L10000_7662	4d086942553f298c62a4c1b5fcf47e8ffe675bdf4187efeb3df410a15e8e4371
t2t_L10000_7663	367ab46d53e89ca6f93eee1d0683e56accbcb3ae50f966593262dd4013ca2d02
t2t_L10000_7664	d6472ac23004b545f1d05314870fa6cf4c6c3d4b87cff41b774891e243eb159d
t2t_L10000_7665	7ae85e6f6788d55b53ae3b20f07ecde839f07512b905a7d93da45ecb6ef9bdcf
t2t_L10000_7666	80d97a301b71bed69d87956018e7b8918577661e01a90e648d4d4c630bcbf218
t2t_L10000_7667	5b1c98bafa7e7a9a47c7531813ae623d5171a3903b055fa2ae80b4d5783b672c
t2t_L10000_7668	8985d8d3e24a38537818d40fe611cf430ec1810907b97bcdd42d227d8c39c609
t2t_L10000_7669	f27def52298f149717ba1295e2d75251f3d533da2b2d961817202af62155dd32
t2t_L10000_7670	45fb5ba74931dec778502c9ac43b9659c3996c7a956785e2f5e6b55271777d6e
t2t_L10000_7671	bcad5621d3e48a8835161a452e713f22bb4252bbf841a408319d6358526f75d6
t2t_L10000_7672	1459966f61c70f9f6e062e529443e2e97d3800499361ae210a6ffc0a44ffd753
t2t_L10000_7673	13d918833ba17aa7ff06f2eb44ba9b6f2573a200efda9ddb4348ef27d4d57444
t2t_L10000_7674	c1a929a1bf21826d92ad2f0c1b1f96c83bbb2b1c68f58e69543d97107fe6794e
t2t_L10000_7675	8dfdd810f45eecc08e2617d0f4fd096fc21f8406793a0c72cc231e3c4150834e
t2t_L10000_7676	c9f5da095c3af8195c2ebe5341c56fb098c28dd682d55ad57b0160a6ebbbbab1
t2t_L10000_7677	f9fd04b4fb28ca29af591038d5f9c9c484cba5cba4eaca8c69db2364149c737b
t2t_L10000_7678	4cc8cddc4996b2010357409f9c8b7462b8263faa5db689b61ede9693abe86450
t2t_L10000_7679	86d09c5f3c8c0742be39a62c808d56266dc3a54945e6193a15620a8b137fecf4
t2t_L10000_7680	5d33ea4e27a64a9252a30a49fa640288efc851073d32256c13ce6c12d1f59b61
t2t_L10000_7681	241ceacbb8657eaab36292aaca63f781797e190f64a1cd14f0c9ec561e31a2ab
t2t_L10000_7682	ebe89e1b82ce50201ca2b43dcdcce3ace6577095e4ccbbdd57df97169e9a3b2e
t2t_L10000_7683	14b9585aa855c86307f6ae532a49f0b0dca2c67a5fc6749119e9f80926579fb5
t2t_L10000_7684	adae38733a2d3b0058e11afb4a0460db24c8f51929159e2bce37ac2c1f2390f8
t2t_L10000_7685	da250e14715ecf7bedab4d651062b8e2ca8b78f6c0fabfd8650d9adac52dd645
t2t_L10000_7686	86d7a2c72ce7cb18a4d4ac696a95a84d92e061c272cf7ef15072989667a54668
t2t_L10000_7687	0bf825f06feec8eafc8c0e39ca8d30ca8b83ead81536a843725a4fd2cd7c722e
t2t_L10000_7688	18833c1bef82b902fbac3ffbfbf5abe9512b918be73f9f56b861d8826af550d4
t2t_L10000_7689	27f8011f2ca8bc9b7cebadf9cc4a2c9d4419f86570070e942e36188ab6c46ad1
t2t_L10000_7690	dd5fcb929273ea4cb185e8e5461d4539b615c983e89fb1cfab624ef9c7f900a2
t2t_L10000_7691	4ea45d88a2b68d1a31fda4e8f3ca05b2bdba1ce839ab4fc40debf698044ff96c
t2t_L10000_7692	776d6c75d0401bb809cf7adb7b0a773189c1c3a8391583818da2224570a20f36
t2t_L10000_7693	0e93d7fda5f31b5237633edc583ff348e3155efd987621bd6d77fae1e1976150
t2t_L10000_7694	89f602a8232ac05dcb4b1c2ad75c6a3c1f3d8405ae3807fc5fe3ad9505501975
t2t_L10000_7695	431c5815bebfa004ffb22d9a78d302d7bffbf0e44c3051919e1ea84c7e6d6e8f
t2t_L10000_7696	fec41b37f1a5399fccfe7bb5e69b5e0471a01865f955abc206866a37aeb18167
t2t_L10000_7697	29f73211fb54abeb628987292297c1f27b24662c32f25dafdf3967fe043d6e7f
t2t_L10000_7698	164f5a769e1cb2e9813317dc5a104681828219ffcec31b57e1026efba450ca04
t2t_L10000_7699	d3237368d72d716da7f3b734983b57003445e8be2e0eb756864a5300353ea834
t2t_L10000_7700	e774a43724009385587604d0dff381aa78a7166bce380fbdd4dedcbb7157994a
t2t_L10000_7701	4233ed668f7f1536b90953e43e99971485fc88c5fadf984c92c9cb7a60f3b31c
t2t_L10000_7702	f03386e375d791ef5e008b58964089aa351d809862a1c94e4fe46846ed2b2fa2
t2t_L10000_7703	a7db56eb8f557d2587a912712025d7508af7a30a1b2a4ea36fb21d66eb83d008
t2t_L10000_7704	4cc226b2d8f0e45080f9a45cfff5ad241dd33fbb660a4c24ac864ec101197fe9
t2t_L10000_7705	1f6a896fb9ebcdc269ca1e8d4887108a2c3d791566b514f7fff4a7a5a0271109
t2t_L10000_7706	81ec8a0a12db5c9ef69fcdbd784d077c0cba9bc51edfde74def0a9626178854e
t2t_L10000_7707	7b1cee11c27c76e65efee5fc9a834098cedd08811a17eedbcb52c88899b90174
t2t_L10000_7708	4d1173c9a709c6d6a48bcc74f1cdc38d4876fc86c78e1950a1456d059a659f75
t2t_L10000_7709	c335230782ab7ebb2afa57e2ef9ed3bf954daf8bc6bf2fa5e1fe657514c28a1a
t2t_L10000_7710	11b0af639802faedc557a41939e72dc0756e6d37c35de05441fcb911d744d5e0
t2t_L10000_7711	b4c9496af9086cc5c078ebbf08a22bfef86456d915e922646f2c6c86daa9d76a
t2t_L10000_7712	0da66462ec61c2f3d2288f4f34ce8d9943eaa344baac0451ef06ce4b955b3f18
t2t_L10000_7713	19ad450dde72bf1f263e19b7184438034601c019385782a3a6c15d5a5d78c3b1
t2t_L10000_7714	66babad83a97325f356a8ce55e563a4afc8f355d00d62bffb4cd86822c016c18
t2t_L10000_7715	00aed29c276761ac508789661b0ee6a0c22df72830e90570c1d678c079fd53fb
t2t_L10000_7716	589c2f30af47e7f949a254f06beac2f9f8b5c15bc6727b7ee02deaa2aad3f06e
t2t_L10000_7717	313c11064bcb20d6ef92756226f65bbc6d19488435821f7b7098ccb956666b30
t2t_L10000_7718	7caa92503c0056764a356fecf03909ff3733c4828d6242274ef4f0aaf7ca3057
t2t_L10000_7719	a329cac7229947336b5441cc6262573c52576cc3c37878713da7f5a2547916f3
t2t_L10000_7720	787521122dfa3ac239a4aabb786de71d7c21f3a2b8d5a954aa8a5511d7b62120
t2t_L10000_7721	a54ed20726a15faf04e1b965b68ff4c114833806f18dc97253f7eec70122e0a0
t2t_L10000_7722	75902a64f03251023174ebbc8545676af2551f2bdb3172b59d4f4ae2d086da65
t2t_L10000_7723	4956730e08d33eafce0ec90320a59891df76fac30ac4e30401f588fc30cbfab4
t2t_L10000_7724	6b534e23f0165e2f83d472e1e625fa59c1cb876bddc0a8257129582adaaed371
t2t_L10000_7725	55fd2c988e0792da0a41610d750092f3c53dcf156a8bf8fdbea475dc1349e79d
t2t_L10000_7726	83b69ace3a8bb07a80d0b6bb994d3c7b68ac4bdac42dd1caa9d1238e0fb303ec
t2t_L10000_7727	1fc7a853dd20a3c3bed2f731a018227c68f5b19c13be93b321c50274bb2890f0
t2t_L10000_7728	9a27f4fa5c0267c5bca361ebc84a8595eb05c89d98c7f6589dc1be897712f051
t2t_L10000_7729	731ab9914b24dc9606bb6b14e678404a4884d497852dd37b832837abe02870ea
t2t_L10000_7730	483421b45ed0809bb6da71bd9b3c8d12002939323d08971671c51e601368739f
t2t_L10000_7731	006b5a79b402d4d5f049f0132487d370b53793a0b0e375bdcc1e25695351e2e0
t2t_L10000_7732	426727544a97beb2968aae85c327eb633a5e52c7a4115000a4329b6630074b04
t2t_L10000_7733	7f2fd6c66527b4ea6ccf553623b2cafcc1e2027252e5369b2440ba7489a4a2b1
t2t_L10000_7734	b4512ff0cc3e53cb7b8d6855a68a724a7ee9b10f023bf4b651c219c9e95231ba
t2t_L10000_7735	31be8f1064c10ac40ed1ac6ed89810897b35a6bdfce42bed9dfc546f7a8f9c1d
t2t_L10000_7736	0ae56318a75c60c7b9ba1f6a63f97c7d405a2d788c885f89afd0967bebc0e5d8
t2t_L10000_7737	ead2597acb02d4836bad70061f86a4114874823a0fd5f06db0806c7fed4e3bc4
t2t_L10000_7738	641262c9974f62d1b8329f05366da5c590f8e8306347eff58f519de3c3e66e80
t2t_L10000_7739	0cff167195e18d1734e8b0cddc25ab31424d4e4d473adbe5daa1bdcfa12c95a9
t2t_L10000_7740	fa7e81d5841b7f43bc8e6772c21f2060fca6780cd405c50877934ef9b6b52e0e
t2t_L10000_7741	dd2491c9c44593cb1705001fd4e3654d90f8a357c6cd63a7fa2dec9badd64f75
t2t_L10000_7742	1d4b3cc0a842ce53b6bef6fbd3264b859cfff3d49ec2f91de63e50725c4d7b85
t2t_L10000_7743	ec7ecdfe456736b2d3d30f80604b06b0ed625cd0212e8ace75a791e7db5204f2
t2t_L10000_7744	c9fea739361c5e5e51682f782d98dcaf631bacc6c0f2744d219ae02b591b87b0
t2t_L10000_7745	2ea0a10b5826d3fdfe8bca7f758a88235c2055a9ed591d8acbffca71872d5df4
t2t_L10000_7746	226aebf59a86bb8ac5e59e10be130c5fd9594af0f0ef4466fd7473fbfaeaba7c
t2t_L10000_7747	d66c09a9511d94401b632f6faf69ebe127ba5877feebd63ae617538aeb7859ac
t2t_L10000_7748	fc455c96062f977882033e4129ea507c91ad5b1564bbeab1353931bb0b05aa21
t2t_L10000_7749	9cd7b77b48511ec0db62914b2bc3475e1f361d6e6a4f94e1529195c50adb70ee
t2t_L10000_7750	5dbc17d61754af11481afb2d40090a01cfdd6781e21773e9184368b1e794eb96
t2t_L10000_7751	8ca32280d725dd53a32acbe8c1ac1f76259afb9dd347be4269ab3f04cf48ffaf
t2t_L10000_7752	a047a3866bc454c80e5c67d849404989da3b56d1b6c6962d2263c9d816090ec5
t2t_L10000_7753	5f6f8a888aa3d102f67ba372e3e8e52b9451fc1ae77914280284f2ab6d5639ae
t2t_L10000_7754	7aaacdd74d1fd185b19cca3bf45f8d53efa365e2c4e83bd5403636332b602776
t2t_L10000_7755	1194d405448aa4821af93da590300f89b9ce14fff38e9f84b517f36c34e64c79
t2t_L10000_7756	2c2ad1282850d2b7f09081191db41230e295c24d4cfbad4eb58bd3d9d5223df7
t2t_L10000_7757	e8a6cb0c5c69b44f1806b8626d9e3965c655bb34aa0844612739383fd0d337bb
t2t_L10000_7758	d125c893a148295c154eb87e5a1b0726c39dd56e278e30cb1856ab1f198b3478
t2t_L10000_7759	44e9696ce42e1b5da8afcbf6c4a23fe95f874792a2f75a6be5b2efbe343f58b3
t2t_L10000_7760	39b37ddb0c38e7baa4aacdf815f09531bcf8f31a4aa3ab0f8734bd2d1c51a9fd
t2t_L10000_7761	e33160b595aede71bcb437e66e5eb7762b58eb9fa0bc6e2cfa664e28acfc409b
t2t_L10000_7762	0a287f8248222d4d40ae380a39426efb870affc19a171426b039f92ae751c5b7
t2t_L10000_7763	3958470b31121f322457586d261dadf4ad12edbff49d301f8676f724b6a2d043
t2t_L10000_7764	5a4770b95ab817beae8df5e7774de0862e2da6380d66a22166cdd66420d51f2c
t2t_L10000_7765	ac4ca686c86f206763e26de25b3c54ec40b20066e8711ddc910717c0af878583
t2t_L10000_7766	9c21cd16e3288a27401bbb62c6be8dfb1a164e74d75b4b46a698ad67e7b1682c
t2t_L10000_7767	ab7f7302c5c60a84b035994b7fa17be7c867a06a063f1604c777ded795519e01
t2t_L10000_7768	43838182e55d8bce58a1b8ab249c328796f93aca6ee16bbcceebd164f3b16dd6
t2t_L10000_7769	867bcc2b8c66b8c173fb35f7f2a813e9866dabd6b44842623cc4eeab1923594f
t2t_L10000_7770	d2cd153176f873105c2ee3d3aeea0362107bcef9d2c7029631581ccc0b58d586
t2t_L10000_7771	a206ee29ba511a76bb03bdbf1c48e7c0529ea6004b39d94f97a4d8dbcac04ded
t2t_L10000_7772	6071ad4c97f3f5563d63eadf3adfd69a420de6e5bb84248b8762133782d8856c
t2t_L10000_7773	40ab383936252416389ee7794b3e3eef08fd3945dd833f5e0746f5bd21b7caab
t2t_L10000_7774	ea6e9592bcdd7520f81b49ffb4743513274675f5215edcc45d887194ac65e29b
t2t_L10000_7775	8b693159c81421b68fba4c72920f1d3fd2905d7452470614546da59f17ea24ac
t2t_L10000_7776	2aa43ea5bf0f4f318d8adc74995965f0d3f5d9b2e1fdd0a70aa5679896876939
t2t_L10000_7777	cca82d9c47969f45021e5a0ad12c708f75b26e33f691419f5727ab2942bab831
t2t_L10000_7778	e02d962365dae9df0bb3906963cbe3659562235ea9c7b738f5b5251504ce950c
t2t_L10000_7779	9589a32c7882d8e49112666836a6e58d0371ad8d306432d82786dc0d9bde3064
t2t_L10000_7780	89d056675f1e1ebf0fb27a210055c42ed756be0c802c235ddbf51451c12cf978
t2t_L10000_7781	581f34e3ec15bcf679a6299ab085f125e4b63cb8b21b9c8d4c1267482fa03b9b
t2t_L10000_7782	6c4530137161ba28d46f90eac69b41a62a536c9895cf995e5eb029e70cc2c926
t2t_L10000_7783	b2674c0c48184f54df4014a854ab0a4fae1feaf2a30490ee0e469ce4b1e6b587
t2t_L10000_7784	1f6721822ea8e4ffc0e69d8ad7c68e5cc62000ed584102addb16849a05f0fb66
t2t_L10000_7785	85334039be1aa7251ed9a183f23ebdbad8eee45bdebfcb681d626b1c7fb7f720
t2t_L10000_7786	0e7bfbf02239815d9b3eb8db8df33f7a8579f184bce5fd883e3339b46124e788
t2t_L10000_7787	ffb989a7507e6ee096ea26c3a8f0fc75e1b2dc329471e2ab3b8bca47d3c29452
t2t_L10000_7788	c41038b5f90346d5bb13bb280fa759fc570399480b270edb994ef64ce4fbc6b3
t2t_L10000_7789	adc3a546661c2e5815a25c2c0165ca37d5a8adf06787a2f3d645cc183944867f
t2t_L10000_7790	ab5e28ca5c61720c4f1d6775a98aa10090845e63f2e1a624e1b9965e1d092e76
t2t_L10000_7791	a88c85d0be53a8c984c6e33d43956928783a9c391632b565998f47c00215603c
t2t_L10000_7792	4e22e40f5b58a5a47bbb254ac1d3376fcebbd4aa12ce423041b726e3724da8dc
t2t_L10000_7793	c5e6721005115c638bef99077f4fba0fe8c0adf1a422d0cb45a22df7fa501e5b
t2t_L10000_7794	c01de13c04d1dbb41454f823dccb02f0442677a646122d5c4589c24edca174fd
t2t_L10000_7795	239218cb96de7609540f779b2657cc614610fa0e7cbdf76e9e24b60f4bb6e554
t2t_L10000_7796	ddd7d970107153caf41e07eb2bc7cc414ec9fb15502d1bbbc91369ffb5485314
t2t_L10000_7797	6f70ba8f69cba274d81bdc49be4effd355c8a8326eff9ae045594f6bb3c0349f
t2t_L10000_7798	c657e7d1d9f2ea1c4b2578b778a87025c9d74066ff4ea6c8387fad34dd3cb277
t2t_L10000_7799	6c62e1298a39bc98472969b5ff72b6e24780a265c31e73bd7e211c316212c3f7
t2t_L10000_7800	a54e0c7eb654e9c43c15b1e1f9c3329dfb5558dfe36b4ba560e443bfc9abd144
t2t_L10000_7801	133d920e95f52fd902ce1ea80e7073ee0e5578e642b438269d37b15595cd563f
t2t_L10000_7802	28dc05edda8b8600430723eb4934bfc07d06fec073b7f0a86a4e9a06f7f56d89
t2t_L10000_7803	437a24c66914917451653c02e2cc111d334575916bc24a53aabb77706e6d7ce4
t2t_L10000_7804	e5e9c3108dadddb2654479ac425fd1db81c0d896e851e5ed6a38a8a0d189d0a7
t2t_L10000_7805	39aaafa909efceac83036d00e031e97b9ebe1db51bfef84f2caf5d175796d07b
t2t_L10000_7806	6ab59eda3077cfa31bf8319f42a2be00d233f2943850e0fb80e2a2f5cf39495b
t2t_L10000_7807	f5f8940cddf02560c955c586a38050b52e03f9730d3420e4e98c865ff398a6a2
t2t_L10000_7808	9a02e877ebc46ed33d2ff2b7adf73460b984fd66d892eb5f04d7507a609c5907
t2t_L10000_7809	e8a29a5667e27481326b7b22dec572e1bb9b413fc3c2c682000df4edb3864986
t2t_L10000_7810	cff8fd5e529499c6680d9cfdd4645d586da31fe38e776897481163a457b556f1
t2t_L10000_7811	3812a7ce9de3a1e65c16e1340140ea7ef1e5cf23b9b90963315adc3624911648
t2t_L10000_7812	8925693948b8089d86bb3fdaa207d14707645a16d3800f0dafd5b8ffb52372a8
t2t_L10000_7813	d5308c4cbb39a4fb7c3ce9cd9eab5e97e194c4bf7ff029eccbd007ca02a9188d
t2t_L10000_7814	3eab436c2476e8f4dfe1c8339e4ff3f67a4e9b907a3744fe33dcb32cf22ac5b4
t2t_L10000_7815	ac7dcd7f26bcff67556df936f4c56376bd3b86cceba704c5f391e6033ecc3d67
t2t_L10000_7816	ee1f768e983ce349a229c9f18366605750eb361cefbb1b99163db9e46122e979
t2t_L10000_7817	a395663abe59ea0e53cd55c3d63fcf6abab90ddff57845a55c04e2c08f6781cd
t2t_L10000_7818	abacb92a5d8e02da0cd807b7c15dbb059dae819790036f4ee0795e1a4817c652
t2t_L10000_7819	58790e9f7fb66b58519cbeed41d28f8e3ba5fbb278877739bbc532386a82ef45
t2t_L10000_7820	532f2a991e5c3fd556d57b7dc7013cc2dd6367d0abe318b55da5e912032171aa
t2t_L10000_7821	9f076072d2fdb1e21910f3442a8d3767303747fd22b0552d1a7e836632b281ee
t2t_L10000_7822	9874bece78a01bcc1049e108a25dc677f1494a3050d778c1565cfd6465fdd16b
t2t_L10000_7823	62c3bc1d0bcc03cb84cc1ffd906d5f3ad5d19ae595c933653dc317119ae6b327
t2t_L10000_7824	2df01a1ad8f97b66829d31bbe09a4beb02e37539839b0f7c49f29cd226fca39a
t2t_L10000_7825	00bb54064f2c2925b43cdd4bf9cbbb4ed0e87de828cc22d50afc3c682dcb431a
t2t_L10000_7826	246f353036999c3390edc93357cf530a907154e7bde4ec8090aa30d193327808
t2t_L10000_7827	ad7dd926a89af12764afd8b141000ec858ee6b35f4c1824bd836601ffc0b005e
t2t_L10000_7828	63cfa32fe196c058d59eae051f623067f87242c7466fb149366ebc49ec6fa9ba
t2t_L10000_7829	78f7a9a99ae3958f6fcbaae077a7f82efbfe2b43355bfabcb11b865be75d6994
t2t_L10000_7830	24f2b240da50e742b455d19860dfdecab8463a9c1cafa48b51d936da27bb8d7b
t2t_L10000_7831	88a0aee1d5c74746ef465a83fb45059c658b79dfc49b1eaf301b3fd9df9e30b2
t2t_L10000_7832	ef7f2ddd4c227c6ef2f9fda2daf4bbe8ecc953361bd6553aeb1bce81e1a7ebae
t2t_L10000_7833	fb26e74d8a2b91c65f399eae8b20270569d67d52484f585beab6fc19c05ba2a7
t2t_L10000_7834	a149f4fed0c4a88aba1e821888a0ea0a42c64320459447a763e80969a8b45df9
t2t_L10000_7835	62ff256a660926d08ddaa2993f52322c6724589ed3ceb76e3ce4de32d2b32f7e
t2t_L10000_7836	e899a1540c53ebb79e9f335248f438c13a6d74c516a7b614ab2f0c807945426d
t2t_L10000_7837	6282cfc5c82630b7683ba70fa48c8c29390a151878846512a1f7d4a692b7a21d
t2t_L10000_7838	0b3f3c8de62c89ec98584dfe7da23f36f41c88db6cbeeca5cac327eb946d8f98
t2t_L10000_7839	74beb6a89749dff93c9a909e2c94981d60a8ea2a0e352300139099c1602790ab
t2t_L10000_7840	dcc32005564fcdf2c06130b81e4eb87b4a17686551e3447da3dd7940237859ae
t2t_L10000_7841	759569a443347cfceb0355efa1445ade770ee6dc4555d252a6e50f1e149e4759
t2t_L10000_7842	901ab7069694a92b7be31ebfbceb6ecf054149f1476a2fe5c3c2d474905cf0ee
t2t_L10000_7843	40e54d320a083a44d7ec08d868b569aab3ea6c0089aa06522dc07993055c44b3
t2t_L10000_7844	1efbd56e126695107c327aaad9140a7616ea918389df447b174bd0fb545f56df
t2t_L10000_7845	0af6038e6803e922b5d90d940de95ea9c22da8e4c64b904ee7d63908eaf34da5
t2t_L10000_7846	3a5fd5451aaa07ee70b61057ac29473af37075295b5f81852aa84bbbd81e0d2b
t2t_L10000_7847	9dd6c8da26454a3594482513184f0eafe667acc7ea478e27047de6dd53103ff2
t2t_L10000_7848	bce460931de5470bd31930a1624e33d9866368ab2e79f4ff7c7b9784c35c3519
t2t_L10000_7849	18c9b6fb489166080bf4572403da746ace3c4d90a60d7b93962a556bf7b40882
t2t_L10000_7850	8c7f6d320f619053eb14ce3479afb15985f0568ed20477bbf589b27046db09c4
t2t_L10000_7851	a5ac6a8b0c00bc86c1e0a2406792c8e190260891741578ac1815288075fde867
t2t_L10000_7852	cf86b76b9e890ae3897f7ba9350754ec2bc7504ef26fb8a5efda2519534ca2be
t2t_L10000_7853	af7e3c463619ed49ac47fd8e055c282218c6138bd2dc9c07c22b50491ea5962c
t2t_L10000_7854	f634659fd469352433e9909fa6f9d16047cffd2eb456cfae0029be64a47829ad
t2t_L10000_7855	9edfe4cb6226c29a9e38c3c78317caa4b9d8b9d98633139d4e0d1cbaba8d57c3
t2t_L10000_7856	a6fc93882a60a655a05b24456ac750c33f432a0e1ccf44f66d157490d730013a
t2t_L10000_7857	b63837a05fffbc919f1d33db22cfcc23b9f393e16c27b43fbc4515c59d8a779b
t2t_L10000_7858	6f88fa77dafdcd71d94e83727cb9d8a70adf58fdbaf8c2f9f7b637081e6ac6e2
t2t_L10000_7859	dbdd46802c19d03fa81e3d7149c6359cfd06e498ee18ba7c9bd8b635c859a95a
t2t_L10000_7860	c3ac54b95f0d5c0eef7bd9d48e0b8b745bccf6cfe65a2d03e676222ed0b12291
t2t_L10000_7861	b19a0f589cb5fdfc5ca86f3c2e322ff7ab4bc6db71a2e3f693c98469349e8608
t2t_L10000_7862	fc981c1a73653f9f8b4db67c27b88ba64b95f6ddd6c9edd5a43e35667adf1642
t2t_L10000_7863	865d2bd4adf77be1965dd08285afb624fdba7f71f11b97449b5a3996bfe8cce5
t2t_L10000_7864	4f85cf00b54ebc82d617e8d57bf78f4a46a61d5f6a7f37b2763eb231105a6959
t2t_L10000_7865	78ce9dd8253dad2e0827a36bcc0f21e20158c5cdeb5e6983ea70fa51d770af18
t2t_L10000_7866	3e24c4269ec17e21fafae830de659ee554d34f78a6f4fd71dfc57d0b63dc6853
t2t_L10000_7867	a0d156677bd4fcc2089cac85c204a6a5dfeec6d27902b2f7bcc653a33f81d484
t2t_L10000_7868	76a82569b893ddc39f42a6e4a4073ef137d1c3948b1d593c001f8ac869e75125
t2t_L10000_7869	8c6b9109c1a4199fa823f0de6e67cc59d641e508f830f9c8b2803b79fa9f3e80
t2t_L10000_7870	4ff4d35c567b38da9554ea25ca9259596362ccf97af9e6f4a81d5a5092c1430a
t2t_L10000_7871	c37378e23d10aad69dec28c9f9c1ea2e5b3afc90a30d8072f37d1ee7bf7076ff
t2t_L10000_7872	864b07a727d3fd182e18794d830b6659e84bf057ac22f2a57b72e59d006bca04
t2t_L10000_7873	2fe5c157f53ba86c3fd680c82fa162dae9c47403ac1dde37a42577b619c714ea
t2t_L10000_7874	684eb6980d0a59c35795e3d9cc1b5cf966603590e80f4717a647855fdf9529d4
t2t_L10000_7875	acac6b7f6facb054b24756ed12b5a419a62ed5242246d11cc173cb254febfa5f
t2t_L10000_7876	db33788744dad7cb614bf2812f7c404601f7085f83871ab4af4f5be0359b0d07
t2t_L10000_7877	3d74356e0895cff25cacef508e145f975490b19b71c6436ee5c920bd98abeb81
t2t_L10000_7878	b15a281640e4f8c1ea07a5d29e794b9f82e30f703b377975922cd889ddf4d3f6
t2t_L10000_7879	d6031002036d9fe3e959774356792277be1fc6ca176fb4944abb533e1c0badd0
t2t_L10000_7880	5e7813bde96a40dfb526f8c1e1bfa69bb71e11c449b73c453ddb897251574815
t2t_L10000_7881	694e5f4c7948bd91285bec361fd71dd3d254c53f123c07dd444745ed819adda1
t2t_L10000_7882	35449200bf09eeccfba3a55ffbe70a6f9ca6c4933ddf7d8284ff42d9f0ba9c9d
t2t_L10000_7883	f9cf32c72412fc908b0066cc7f4f7a82e320c17be5b776c2b3353ce82827e129
t2t_L10000_7884	3970327369c32d043d777545b1e965bc73406f05bc235d0468fd864225d9c34a
t2t_L10000_7885	d594af53705d3090fd45d20e83d38494a04c1991f7978f0388ec496978631dac
t2t_L10000_7886	e1455f26a0ef5a91f46eeb3fd15861e3b481c9833bc9eb75ea7dc46d212205cb
t2t_L10000_7887	bb3777330a586ff2c434c0156bb8725db54b4eda4fdc11cd52ea24b071997f54
t2t_L10000_7888	936bb076ed2327e469b5fff7a361114d0b8c54cb3b2eb252f2db608a6dea3cd4
t2t_L10000_7889	3ca8cf27935e3e82c031ae2710b59784e276f13590b39e0e245a2fed4a4dbb0e
t2t_L10000_7890	39f34b9c356fa8db5901a61b10fbed5eabc7b525a0d46b3ff4202315628940cb
t2t_L10000_7891	b683f2245157636e6fcf72670401af028a63c618183c5f7ae797c1d340b98e80
t2t_L10000_7892	63763aeebfd2ec96ba6fd63c827af5cb487aeb2d984c53c689eabb0e3e0b4203
t2t_L10000_7893	c8b082c950c72e90ad924e544ba0648bbbc27a4771650f0fb01372ccf134dd6a
t2t_L10000_7894	9bb0399f9e79d8a77f54dd21986e215421e77011bb8be72270fda7149a9f81a0
t2t_L10000_7895	3460a449520da046bf676d57441d1b5c043b235ed1431f67d533807610353494
t2t_L10000_7896	fc609574329c1ce2c5a35729ac58bc09dd6ac97598fe09b394203048a718d183
t2t_L10000_7897	239cef239a70448f6a15a1be84a3966939a07c5c57baba103ec53e45f62559f0
t2t_L10000_7898	2ff8f85d9dfd6d45940e4124a03720f4845766fdeaf0f3a903f1a468cf988f3d
t2t_L10000_7899	28812b9cf36278ebbc2b7e0e0a56a4ae9b2264b3242d0008194a6f9f31e67b3a
t2t_L10000_7900	fcfdba37a0381f426a77f276fa436f217803ce70c3eee3170276729cc8fc8e9b
t2t_L10000_7901	37fe952372e11316b070d6b693c16b9e887076487a5f70eb53b9e93f0db8a1b6
t2t_L10000_7902	ecdcc41530695dfca2b1a21b2d9bb20436b5c0068ac06c8c478d335bbf9a21ca
t2t_L10000_7903	6c4f5a8c0180a86b1818308dcfdd63d5792569791d5f35f6bdb44d5a59b59e64
t2t_L10000_7904	ff19368f9a3b9e3b666c41d96795073fdd6d0e4fcce38457a191da60560f2447
t2t_L10000_7905	6770e0b2e114294fef2043affd2ec150a61deaef85299fcb939b8253b5c1d0f0
t2t_L10000_7906	ac03e37d9bff0e6c68ce13a17d3e4b37cb61a60c195ff4bf7d248e97ce712606
t2t_L10000_7907	eb117ebdcbb3b961f53b348d0159c0ce7c437ee18d8df542f7559515b20e0e1e
t2t_L10000_7908	304d4c5234d81c7614d6b29fe71f9c714f246e1cb913a50fb667c931a1a3e70d
t2t_L10000_7909	15e2cf856da3d98ec076ad51d4cd5edb8e79fe858d93fcdb1f0d267d75792660
t2t_L10000_7910	10ffcf9c06f8d07bf245d3ffc11ef71d5067e360ea7a193bc7a7eb77c5ba5429
t2t_L10000_7911	255950829b9c116ddc02d8a07b4b449373379895b4b505ca7b6bffd18bc05a00
t2t_L10000_7912	5c9c187d93aad7752630c906afda70253f1419c09f419aa09676e1a92efffd06
t2t_L10000_7913	4da6ffd32eee564bb5c8484643739303dab1915bbdd22843e5687850db75d9b9
t2t_L10000_7914	58a384346112ae14ff6a5689644f116a6202e5d2d365b7749755ffa20ef104ed
t2t_L10000_7915	d5a8b49d4aa235f4e850f7bcb3f8f63fa5413d62461d92fa3ce035b214b4a233
t2t_L10000_7916	fbdf9260962c0321d3365db27603f62c347cc9fd99bcf2ff9fe7e263f0eef0a2
t2t_L10000_7917	328e8c1b16f5c345e74925ec2c86a471ced6b36b8cc44bade06308c25ebb45ef
t2t_L10000_7918	24c78baa40848ee21262679e13ce4d9a34807fab15dba1c021244dab3d222617
t2t_L10000_7919	6c02210568dc6bcbf8c8e82ce4b5254473fe31a12433657a124336c473446c32
t2t_L10000_7920	3c039fb7667507b8e9c11ad4f6d0262e300ae265e10e63681b2428714cdf9bd4
t2t_L10000_7921	2094adf285ab993a50470ba99c82b3f0576da8e3fa349cd685979fec8b0f19e7
t2t_L10000_7922	9d16191849bce67465b0d0e777fb2a5d154bb9bb260379e7398f743c89b6a709
t2t_L10000_7923	f5eb361cc69000ac9b1d4914fce2c7ec1c558fb8108f353d106694b597ef1b2e
t2t_L10000_7924	8a28109855ede57c02fb88c5ea084f28100d97e02af33ceb3e65ad2437b4bcfd
t2t_L10000_7925	68fd50ec4463a6fc2b56d9ef8d15417a7d8aae79cd986ea3e1edeccdbc3cd252
t2t_L10000_7926	c2d378c86432b185879a03c680cd0aceaf20e7f4dfaaba443f35cf6463eec717
t2t_L10000_7927	5a322e208e4e34efac4fa195cceba55b1790809168da488f5e10b6b75db108ca
t2t_L10000_7928	aebfd9a56ca4dee830b3e17bae5efb105ff958b1d3fe5c2eae7c82894a85ad43
t2t_L10000_7929	beb412c524be49a4bb8df8c29b77b2cde9e8d87c24700a803f097ffe1e67134b
t2t_L10000_7930	28ccafce8b0f0186873de15328e009820e1d465650f791d2de2aa71cd8b7477f
t2t_L10000_7931	9ef9230f062e70ee23b244fd6abc1d2dac835fe1ac91a7d38e3a4448665b6460
t2t_L10000_7932	f636f296cb8117bd90103d245e56a1d35b665db0ad30dcdfb8b48e5090a9a486
t2t_L10000_7933	717228398afcd9030474d95c227624c80bf1240f193bdebc0a48e01ae84d9596
t2t_L10000_7934	5b52ab3ccfcbee5503b515efd88575f28d45e1e2c352a0ad22b49c3f1ffe5602
t2t_L10000_7935	429ce7f0223955ac291c80ec2c7fca6f47b7f94e281c6aa7aca006db4c795eb8
t2t_L10000_7936	5c728cb21b255fcf049a4e74bb7615aa19880093733703abaf1ce54ff30f142e
t2t_L10000_7937	6daf830b02553c139a87682b4c59e29bd96d299f73e172045f44812a0c2ee07a
t2t_L10000_7938	330638e797a26caeb4d8dfc5dd6e7fb9ba51bef7657eea033d11415c5b7e0698
t2t_L10000_7939	99039770bb61f821a0081da837a84245f6bff239a27ce7945c4042764ddd5dcf
t2t_L10000_7940	8cebebcadea443089469e934a6763ce20fbd6877f6d028fd3d7c6fea7d4a805a
t2t_L10000_7941	c29b9eda43bf1b88e1d6b1050c5b4383b7d6cb41dbbf7b82c3c094c7edc70c09
t2t_L10000_7942	9d78bc04e028bf962c4b2dbd1a402e9237dd9624120c44884c65305cb05d882b
t2t_L10000_7943	6d0ec8dc16aec621fe579bdfe54ae141c818937c880626d1273c422f1b1a1a93
t2t_L10000_7944	2f77f8f57dc08421cdada5b48ef353818966324a76d6bd488130977a4c175a2e
t2t_L10000_7945	a95945af4c81ab580c75a502350f641650f6f7cbf6f20a85e24dc0dee7ca2bc6
t2t_L10000_7946	b9a0bd474b99d468fcc5206c22b4f25030f349993809809180ad032bb5f4ffa1
t2t_L10000_7947	623a56144825407b097e6db198bbe896ddbf894cb20a6c2ba7d37f938d74c4d7
t2t_L10000_7948	f67680e15443c7c7e1032a49169277aca1e0bd09906f1be16c4f2d1f91c4e8e9
t2t_L10000_7949	35e7bbe0e2b947f1c6630ab3880d767c2c0ca124873553c132b88e95906f34b4
t2t_L10000_7950	54d55c588a0924a6e14917d8069ffad463604baaf8b81fca53240cfe928c0f0a
t2t_L10000_7951	34f86059d188d2191b6434cbb69be26b74a033da2df2cd63ea394b89fb97361b
t2t_L10000_7952	0498373d7c03e5f9f811b1b5cd9200ac8e41fb41e8f756188d1c57bc015b4d6d
t2t_L10000_7953	7563a0d7595b0cd46b0214f26ace337d12ab152ef509010c59b460a889594c66
t2t_L10000_7954	5e183b36f2379c729e877f9244946532a8febeaaa0b5842f288dd7eba4fde74d
t2t_L10000_7955	edbb537e1f6eaebcd739efe0a850a0bd3d3a32e1929e193f004e89a396523e73
t2t_L10000_7956	ccce599ab4d4711aecac8fce4ead22b1ca1af0a9c084353c8363a687068a38bc
t2t_L10000_7957	fe8f3b113d231bd2827b2a3d89ebdb2c034f7dd30502118e39afbd4432de5009
t2t_L10000_7958	1a83fb071f43a936c5d7790fd5f0c19b7c2ac009b0ae3523703136e7956536e2
t2t_L10000_7959	77ec4992a617798c3631fd6b99a3e326ef1bb58e5bc67103b14f9c8a4ff5d035
t2t_L10000_7960	023cf020d0b5f1bca4e61f5329d3a1c89f4683706fa79007e467d70cf44a644c
t2t_L10000_7961	8825864478c52fcbbec19f19b17a4990f878632ffd858b9281728155ac0443b4
t2t_L10000_7962	fcf375fc837ce885dcff596d368e5d767345dd414740b3710a9698284f5083dd
t2t_L10000_7963	0d29902beb1b77f04b8d4a0a8512a7a762d5522dc0dadb9893de8da6ef46c8fc
t2t_L10000_7964	884f7f1f5b217f863094afe1add62e5ffa76ce1bee1d5b6fd510585f54e4c335
t2t_L10000_7965	52f9224451cb57e922436c8063a72d422e06c292b25cedb2f02755c2f528d2bc
t2t_L10000_7966	230749265e70e3876fba43b2239625d1ec92b7759914176c938d9be8fda01a41
t2t_L10000_7967	f545917d2e1a3aa7a15c9e2db83be3f5c84e11023a435ce42872609c0b8b248f
t2t_L10000_7968	a5825a9ebb9b775da1b7c06d21f97dfe9f19ab0cac11cad077d5b45acf1ab776
t2t_L10000_7969	94dcdd24511b6751634526a74204d8732f8ce05deea55d17ff933b92e26241ed
t2t_L10000_7970	d38384fba9405f235f85ee24e09e7e0d546e51124890405829eeb94e7863d5e5
t2t_L10000_7971	145cde9e799e4b1f87104531036160df12f74cd1c32e0178e054110fdf177cd4
t2t_L10000_7972	c8b04d95299b7f0f43b206bd3aba5123396b7f73f538dc1b63d49519f89f38f3
t2t_L10000_7973	f8e8ab9098b65aef7bacb125a0a440d07523c76ebbab5a4094bf9249ae295b4c
t2t_L10000_7974	dcc449740087a0fd8c9e264f431b45747e56c5c714f8e2aa26e4783c1000d625
t2t_L10000_7975	1ebc96a3a073d462ed3a02dd414e648beb15ca33c29e53ab84242fab90855cea
t2t_L10000_7976	462c08637bbfa1caca2558e2b152a5f071e042616e88230e6105dc1d1848f880
t2t_L10000_7977	192c205485acb4e8e790246b0df89fa9ef084b0ad160b3be2462567cc27ad24c
t2t_L10000_7978	9a27ec81f37b4ad26b5277a2438cbe107f29da925153c8aff8a2bd4ca695e376
t2t_L10000_7979	bf286a8acdce60a00ecf0c2f2750294c0557299bab804eb124f740c0445e297d
t2t_L10000_7980	e9f19aca593c1c6e622e1f7c27d75a6cb139a5593963dde054540f1f2dc4af08
t2t_L10000_7981	7b1706d9fd55f06472abcfbed174d44ab429a0148c458646fd1f53fef89fe53f
t2t_L10000_7982	a028cb935c04d161f57215c268be408e557a76e22f2bf259bd9bff76fa5023c1
t2t_L10000_7983	3a65da56221dd61e2bedb9d8265451c98d4289f7eb09360a512984a200a6a7e3
t2t_L10000_7984	53713281afdef8afea7072a8d32bd97529cffdd406e02fa572408ac5d3601267
t2t_L10000_7985	07ac8e1a896f7625d779fd5f204553084fe6eaec10a573a9e5091f3b8effed03
t2t_L10000_7986	494ece9e76f3b7ab8ed70c67008f421c9ed17ba2704c6c5da5a93a2ccffb0619
t2t_L10000_7987	bdae321ec357e790fa8827707748c8bdad82b35bc9bb843cbcf9430fd4a9b4e4
t2t_L10000_7988	e403e4963ef8bdfa7392b83a41a49a313dcccf202d0ffbb2a0bbe75cfcc6af30
t2t_L10000_7989	c2da987b8f864f3e9765e4b5cba433b192708651186505935e225162011f889d
t2t_L10000_7990	c636b474186a756444e8ac0f2e0b6684f4a394a7a67a3185e1beac19fd70cd55
t2t_L10000_7991	c22fba9cbbdd7fa2de2bef985b4e01fc8204a1bdb16d47869bc74f61dd4b9eae
t2t_L10000_7992	521c6bcc64af5eae10d321d13c7d6238f6d180fc3b3e22e467aef27a505b7fe9
t2t_L10000_7993	f21cb80c5411f5f02905a0a2e9ca2189d83a72bf5f39cf8b519265e03dfbb6cb
t2t_L10000_7994	14bf8556ad72c65794474a1aac091d70b1746ab36667027adc38419cda5de57e
t2t_L10000_7995	ec1c129e001c57720e91e1c08bde22658a2f5feef4738cdc82c6179ad044ab6a
t2t_L10000_7996	4ec31347787fadcadb9f5fe94f0eb1e6e61c66a9b1fa20cb7a98a4db4a04cec7
t2t_L10000_7997	b87f03137b68fc4b25dbd63e7a6bbe4bf7d2f43f00ab1fcd840ad3dd1214477b
t2t_L10000_7998	113265aeff0ff58368c8a2f6842e7da259e7acf2b2f6d183a960549297dd8d5d
t2t_L10000_7999	20560fdfc0dfdd84e0a1357d1b96e7b0718edf141016d0e7c9d9dfb85da7a924
t2t_L10000_8000	2eedce0e01452493e588e88e7245779b8ea5f933ce604d03f333cd43d7a1390b
t2t_L10000_8001	67a6d96c4b74247569f87bcd61564b553b2464f1008be59b0cf38be78044bd6a
t2t_L10000_8002	21f5bc6d51d8d69151fb9d9b0d9e4ce9aea4194aee745db899f8a6581d914632
t2t_L10000_8003	b223c458f6c06af00ab7cb43fdb716b22c52bed534e7a21f77b0a4fc453a5c20
t2t_L10000_8004	3f40c49a8979dc72b694518aec9352c7baf496adc31e841decf83315173d34c9
t2t_L10000_8005	30587312c7fa8988dc550672b695ec7dd88b331568c2a25c0c0edbb9800facb7
t2t_L10000_8006	88e9e9b40eb095606a3304ae739636b32665043c3d567be4a32795565ac3e143
t2t_L10000_8007	eeca1a413f44663dc0c511090e8403fd8c92819f99fd628d20bcb9568f518720
t2t_L10000_8008	fb54c274467f70eb0fe51578266baf23a1ed275bfc6bb090b42e42798846744f
t2t_L10000_8009	b7828fd6a1b25a5e5e0be7c310abeb16575c9ad7225019309b7e06f18a278705
t2t_L10000_8010	1d5711a37028c2a7bfcfe67248a817f7c6cdbb240481850a6f878259129f8309
t2t_L10000_8011	512809394f6306f3d8e0924d4552d2062e559445ff9fa2fd37c689ddca40578d
t2t_L10000_8012	893377a43f0f1a13af55c885f8c2fb6ef8ee46ce71c2dbaae1f93f6951de2ed4
t2t_L10000_8013	d6e84147d9b595319fda6b561be74f8b0e3cabfe543e4731c7f6aeba93da900b
t2t_L10000_8014	dc84b9ed7fe1b60707344a0ee311002b193528fb5a600875814e9dcb4060d898
t2t_L10000_8015	254640a773fadec2c9e9c76392ac6f101d87f51ada0fdda78d2a2f240985d5d1
t2t_L10000_8016	ecceccdbc1f54ff7aafc18075234922f9fc22797e8deca9384a1ab07bafd656f
t2t_L10000_8017	a39a907d6b44aea87bc97ac05eb98a28492f19c9954a631fa98796a4d8a23253
t2t_L10000_8018	51ef43d23425ae4ec4159019bc4dd6c6e89b1564da237dc615538497c89b75d4
t2t_L10000_8019	d813b054d5fedaa5fb518d9fe7fcdb2df208af9b1c3f90706806aa05b593d748
t2t_L10000_8020	a30b401acec7f477b5df83c5dbbdf5a40a42dbe6d55a59c116e4a87109a7d0bf
t2t_L10000_8021	1efac1ed7e1c538b205b77b6ea61554678f2bbfb6481d22371b233df41dc41c2
t2t_L10000_8022	fce6eef4ef3c0501d0feeaf2e909ffe5507ba664ac8acf8b2c95180b9affcaec
t2t_L10000_8023	e2f7ba841cb7d6fa2e6378fe79d109556443c87ed45c84006a100f81f76536f0
t2t_L10000_8024	9686479d1d5eace3a33f667e74e3fa735ac005d0347f541ce0a6ad7777c712ef
t2t_L10000_8025	22f89eecd887a1902c30e761a493f407037cb64214032370cc410f665e6432d9
t2t_L10000_8026	cc8d3f7167419cc1732911939b3432265e0d33a17803b866d40df58bdec91472
t2t_L10000_8027	c1beb1210675e9bd108c82de8f4aed3110ac424b0d24087864271d8c6087f8e6
t2t_L10000_8028	3c31bd8e7b5e6c1337de765706017b8b783aa5f3680c697c6c78067a2bc1fee6
t2t_L10000_8029	c4a0bcce70f1b38a17fe5eff44a4b72eedb3c6a371eed36457e313702ea6420e
t2t_L10000_8030	6aac46966b4f9fc8b1462f400a30f4fb4422df50df9ef577f652c9574cbd3cd8
t2t_L10000_8031	eb537e7ce9fe5504ef69ed0ab45da06afcef9b431e4f408dd4ff8fac8cd3bd86
t2t_L10000_8032	b4a0ff09bc0f919579f6bd22e01fce727545d9edbc830fd02b2de58a05f89ff1
t2t_L10000_8033	df91fd24324fc288440094456544f71c48d784cf1525707b3bc30eabec10ffa7
t2t_L10000_8034	0d6d7554eea1b88b98ff62d4bbb477f15cba0ec7d4631125cbb7adbe77c1d1d3
t2t_L10000_8035	500c8063df32bd3b157e82c352b5013722bbd004362abc64f8ffc88c8582c79b
t2t_L10000_8036	c8336dcb73bc5f58e16255bbc2971ec07720a3ea5e0a738f8b3910552305b94d
t2t_L10000_8037	b76a1e9da3d18fc24ab7bb3c5050b31896f9ac8339f565c312a13281f6472d5b
t2t_L10000_8038	d888560afc25d9022643bab2ece6e58f7418249dcc2beb5c4909c4f21cbf1493
t2t_L10000_8039	adf80ac46e00f6b06beb0d4d02254d257f26ce8bcec698aa2ce217dbf6e4049e
t2t_L10000_8040	578d38c3fd2f8c5ab6543c5d512ae6cc8f74908c51bf86c6714074f6a4dff1c3
t2t_L10000_8041	c180ec540ea5bc5af70c07483518479a679bc942278e0eff9cdf1d8fd6d1d172
t2t_L10000_8042	aa96d240b54b6badff59dd1ee94918fa21212c3101bb87052c5f2be173df2a3e
t2t_L10000_8043	1d36eba91a4aafc4532ae748c99b1d57df3fb4250757e90da2c9553d9b836d3b
t2t_L10000_8044	85bc112ddebba2ea278968ba31226a522ecac3e7b73112206d3eed5457cb8774
t2t_L10000_8045	774cf1cb6ebb3addacc4f369b16c6a40b551537fd920c5a088fdb73d52b5b1fa
t2t_L10000_8046	a37f6b218ae2d867543af0b0ae05b80b5318588ad3dc3560e5638b47d8c0df80
t2t_L10000_8047	98fc85f8a47f1d7c87658070b8154a130081eb6c476a6d557a55d2a218bdf9aa
t2t_L10000_8048	bfdbc4deabfdb0f4bd8e62f3327dd4c58ab30eb8f3a7030bdac1e8ec97eec19f
t2t_L10000_8049	291ed0d35cb9ff91c70c8a9e4478011f4ed7388b8f0e0a9879ed73e14312ae77
t2t_L10000_8050	72d14ba3245d2193b889ce33b666b9caddc0e5a9fe6cbe77bcfc985d6cec6915
t2t_L10000_8051	8dd306b4dd3e0bacbdde487bfa48c26f4e10d424c4285980c21186e976dce235
t2t_L10000_8052	ad8d33084a590a8b410dce5eed8d21343ccb67c94ee54695989fa5d5ec95b9e5
t2t_L10000_8053	883f3daf53c037b31f9f9279aa33f5b12b8fb375ec33bccb904b34fb57e1df64
t2t_L10000_8054	dbfb3eca363b7caee7836ef6d43c54e6f6a13c08ab6acf07b5465fad36b30c5b
t2t_L10000_8055	7c82ab47d0ce22a70ae5775f4ebc5dbc3958708224a6c55aca49f49ebbb2cb1c
t2t_L10000_8056	cb8a45cc8b3a9619e686a2ac3c5451817392626b58b5c64d5e35d321a6804dbc
t2t_L10000_8057	428a9e3240347409596279cf2c3fd57449ba4b9c53bb3b17a10817eb0767ec61
t2t_L10000_8058	1d9f3a3eb5135e6cfed566a7cdf9f41317fd788c3bc8e92d28974cc76ec5fd6d
t2t_L10000_8059	be2f674c575f8ba111459ae277e9c7cc809c4c17b0fa969051c136a13064c9b0
t2t_L10000_8060	513f5458d4a35e59e334032a2b1955977cfdc538f497376dab29027b0c1675a7
t2t_L10000_8061	16d4aa01db01f865ee90f38eb7af45693dc0b25aee9617558b39e94b37f22ea8
t2t_L10000_8062	6e171562ebe9962165e1fbfda0dbd802609785a454c5ca390338e1a3cac42933
t2t_L10000_8063	dae1219ee63d64a02f79b556575260e086045b38531e4e6782bfd05fcbccc0e0
t2t_L10000_8064	768f0e08e4a7f5f359e0aa1365d438fbb528c6c93f40f6f093ee564c4841593f
t2t_L10000_8065	3c2db23bfdeb54ebebebc9965407cbd0e064f251f000e6b4552501f9cb474b47
t2t_L10000_8066	df22336667a6efd9a702cdfad4ce25a4de41b8a13cd9a3b5892c19442f99d8e6
t2t_L10000_8067	c9f55eb9378adf429afd2344fb93f01cf762dbcef175dd479ea70ed2f93ec86f
t2t_L10000_8068	faa6a957c7488947e694675b4df69f516563c9c03717d8337eadbbd579c86aba
t2t_L10000_8069	e8e3961f29099d9e6539198d6d9803bb05c8958ee5078537c67f606e6a425351
t2t_L10000_8070	7b7725482b808890518cc5885657d97bcc105d48e8abbbdb1c9cea6084eecf5f
t2t_L10000_8071	7c72a39d6b8c3868d6a80a84cc4e53a28199708768f0ff61aa79e90a88e3322c
t2t_L10000_8072	e2e36001865883422f5bc0048bf18947b2333f473dfd6ec1c5baae6711e410d4
t2t_L10000_8073	7fd152e2e2c4966b575950cdbede295f7475bff4bc1d4f424def62f84a146e37
t2t_L10000_8074	e0315681e7b1049a0e08e94a328b90e9efb92596776a073c6346954ff94a8a79
t2t_L10000_8075	c1f029303de7052c3dfb47662c1696742bce39b3b2e23386816ccc2568881279
t2t_L10000_8076	3c680e78ae2a38e2f3eef670132c33e96a1aa1b4b0692028ee26acdcbee755d6
t2t_L10000_8077	436b23e886dfbc5a2fa510c0d6275426b5881e8ac4b4c4c46a503c3632818ab2
t2t_L10000_8078	16ce01d42a2449f9a1cbec0d287f9008f5a34dcaaac18d446feeee0ea2a3070a
t2t_L10000_8079	aa7afd2a7b0e4a0b1c84e0923923f3432c03db04d16abe286c7bcf65cf3c006c
t2t_L10000_8080	2da97d4819b1368835b575429403c2f6295c4fd78ac1f8cdcf1d328be6dc919b
t2t_L10000_8081	2cf08fd2516c19247edfd99950139562437cfff72f749fc440bd9ce2a88acef7
t2t_L10000_8082	8c52d6f7dad4ff850e8dbe00981b81e8875600f88712777ed8a542762df0ee0b
t2t_L10000_8083	7b7a1d16daa99547aee7f395e3da7437d4192a0427957719e0c5cd7036c06c42
t2t_L10000_8084	fe8825cd444ae7ea1fe3628cc68f50ce4388480eca27cff334321726e632d81b
t2t_L10000_8085	be82a42b73c0d6cc99b48a6998df20e27618cf80699b1cb2ba3197235eb35a16
t2t_L10000_8086	dda0d56ba10520e655970372bc4331d9ce22ec648802f109719f420be9bc378c
t2t_L10000_8087	ec7f45d27647d155704a65d3c7f42ed6f94b1d04dde8f094f5d4594ae5f9606a
t2t_L10000_8088	571c2fbcaa71ee3c5d46b7add20775ce5e11a738b773516e60f7d2ab304b065c
t2t_L10000_8089	2ff01c732828573a1a07a9ea7f647170680088b36e611eebbe3479fde17e5a22
t2t_L10000_8090	c49581aea42229bcd0d869b91706874650c5f65c6469c99cf75af6cc1b1f85d3
t2t_L10000_8091	b2ff61750cfac00b5e52007adcdd966bc9541d3d2e00303db7bf76567f2643f8
t2t_L10000_8092	5c38feb5867116cfa63624fc9549fa1e64760075b0e336aa04b2777cc76e5fa3
t2t_L10000_8093	5fdbcd82eadef1e2e760a4631923d5feeb88d888e9162266a3ccca626f3cb0da
t2t_L10000_8094	5f8e67d0720ae7080d4cc905ca6a3b1040631613c3ee8effb208edd00465629e
t2t_L10000_8095	17e805f688b849c1a3aae67e2c0395d756bbad5abb8f50a396d1cc02ad1e7334
t2t_L10000_8096	7e50fdb3937e5a1d216748607319b449c73b0078b566f41833d5508cfec5cafa
t2t_L10000_8097	0557f82fbafdf505dbb582415cd18c5e3a542d865c76ebe5ba72c16a9e889a29
t2t_L10000_8098	866c1a10f2dc94798253d41e0bcd470e437dcb19a13461db74b611848087fba1
t2t_L10000_8099	ac6182353556d05d9a6b583eb1f1ec1f62c08cf44ff40635f6a6f9efda419745
t2t_L10000_8100	ccea395581c8003a2a2561b2a9607112ed758fc5e10c6703e6c1359c2dfda711
t2t_L10000_8101	74487a14dcfad31eeca53a131dfcaf168ae1b48f1f88370278ee0a2b2091c326
t2t_L10000_8102	919ce2e7e3437efda68cc68cf7d3117548faf92c7fa1a7f971158e989105737f
t2t_L10000_8103	4207b752bd9583f2e4232b54d953ad1f772712b4e3d8a01ff29fa7b7df62c169
t2t_L10000_8104	5e50c4a1af7b843f650987763805ef34d37acae153d7213da0ddb1c591b76462
t2t_L10000_8105	4f7060387af992fa6ac4c022f6adb00bea8e1890fad4a19e01986e6477dff9f1
t2t_L10000_8106	99b1c90b13a64239524d04f3183de99961d45e27a0fbf4362678433b98b04abe
t2t_L10000_8107	aa61b4af7c0ddebe5b9156971540ee06b5727e6a5f76fb2dbb78e13239788dcc
t2t_L10000_8108	d552946f622407194df1c4383c6586642a230f80e562f0ed4683a8c6e5151d17
t2t_L10000_8109	208d2e0bdfa476e607f63518b881148126d8226d60c1309756ae2a5d0b5f48d1
t2t_L10000_8110	f411e65a476431eab95af7a8fd58f17824479de49a00966344c4e639eddd7f43
t2t_L10000_8111	110a7f51313702536d77f8ba00db98876df1f3018f84a370643ea83a8e9189ce
t2t_L10000_8112	54f172b45f78bc676291919d68a1f897da28304e23d54fd85b25562890a12c71
t2t_L10000_8113	0b88057bdb2e90e7ea78b4ea79ae78837749af8d89fd06a94398f6c905e11c40
t2t_L10000_8114	6be8127cd733388e0a1ad4f3ae37d9584d448463ac474013461ceb0825b6cbe8
t2t_L10000_8115	80a628c13b78087d06636224a5e970bbbe0e81060fbe4143721ca28273faaee8
t2t_L10000_8116	dee0773c104bada381085edc0ce99c87e0bc19bfbfdb8329b36d032424e2709d
t2t_L10000_8117	a6b8d3aa90686a4cf24f2b448e253ae4f024716b141592616026e602d653be5d
t2t_L10000_8118	1b6cee7cf9ee6c6ceb7d5bed7ebcb926d7d63571902469a7927ae53fd90831c1
t2t_L10000_8119	74c8fd9f2fc47394f84c956761a940ab83dc5b58b432a7d9af44c93c8778525d
t2t_L10000_8120	cd2ad05dfd6271640919ef84b0d7a19b00201a6d0040dbb192368a13281949d2
t2t_L10000_8121	9c7786df9e9d780db5dd08369227a25fb3eca644414f5a83ea0997b07628def0
t2t_L10000_8122	827ee1e0bbe597cc947f93106207dbf373e126bf59986954ee7cce36e0f210d0
t2t_L10000_8123	04d4eeefe3d09288c351827b0642c65378aba246f7aef7358b81122806b44fa6
t2t_L10000_8124	990cb994e3ccc9d52cc26b11c1da9eef01123dfdca5163605c4a22da85895347
t2t_L10000_8125	6a775c595ce9b8c46cbe9cd2c8eca25b03ddf602e6f22ff82e7d45b2e1caddbc
t2t_L10000_8126	4398cc83c0d3fbd289bac8f6d5fba3c4929678a994fbc908920be07e5bc51782
t2t_L10000_8127	ac7640821a79334998ef55e4b79e4cebac046ddadbb923797174a60942c10106
t2t_L10000_8128	c6b10dd34e2a17682b48ce919f2ff9cc38c8f5e8d82ca1bb4509070a77e45563
t2t_L10000_8129	dbe67f8486a22619e7dce71ebc768a6ef0cadc7bf1d2661efa8f8ec52b65f1bc
t2t_L10000_8130	3685f53c37dcca3316be3f0a22c910b7e715f705d8df8737feba85e5860868c4
t2t_L10000_8131	24b8ed7cd57482d53c69cb8fa9469a101a9799c17c76011544ff73c1cfa4191c
t2t_L10000_8132	c49bf77d20da361b9b69274a49b6ee277a4f6d224f89e84b7070dc7d9dc8efa0
t2t_L10000_8133	0b6585754e1798642e9c8a50fdc429f43eefcbe14af919ad205f38683572d8a2
t2t_L10000_8134	e54e84f2e6189402ad878520392eae8b1781d5e091b4cff528fac07e88d49769
t2t_L10000_8135	fab5a6815680925a63d25c2adb200d25ee6a28718e35d75c80687b6c29c3f7da
t2t_L10000_8136	88ec2fab8685250d68b264256eaaee141fac674268c10ee4febddfc0eb74a2ca
t2t_L10000_8137	ffd846bc69831bfcda2b64f64110e4dc0100ec9579c1fa9fd82db50a61c11f1b
t2t_L10000_8138	da7cdbe5a6dbe3c41acd0d487bccb8044dde518edb850cff33583d1c629018e7
t2t_L10000_8139	299f5f731ec3185d8f1d8ebb6af3d7eb51a9badc02f37053315e911a64587c96
t2t_L10000_8140	59c04b7c22697f05294a45781985d99a044d4aca171cf27cedf7f7a0cbb48b77
t2t_L10000_8141	5750b123853ed6772251c0a40f5fdd63f4401982cfd91dceea8c22361c6256cd
t2t_L10000_8142	bca7ca03b968ad47af8666e0b15493e316b6a091fd37eeaed6fe793293362ac7
t2t_L10000_8143	49ca016be530c5d32028d2f63e2c6b8a24d7e6d2c468dc956d1d7550f61a8cd7
t2t_L10000_8144	d16f4fcd4f1690f6e2988966d6736060521e9f9ad69dab31a608de40f6e0ee69
t2t_L10000_8145	14ce51f47c64fe8c46cd0e1f1412ebaea70f0a293f39cc90fcf6446042b2d3cd
t2t_L10000_8146	e90fed90e349831fa21bb8df1e6c379112e82a20e1f890e61b0ea3fe07cf6d7a
t2t_L10000_8147	73eea76c77fbcbd670c7b18cd52f91452b7f8442d1022ea7bbf91aa00c8444b7
t2t_L10000_8148	3abc609742b26ea0d087bddd0f698623f975d7d16415887e8d330729cb7a1607
t2t_L10000_8149	71a48b5929aee36cf3af26269431b0a378c21e6955aa663f538eda5c110a2e97
t2t_L10000_8150	2e72d053e28686d6182850f4060d45bd770017e2f58ec51d329abe0da1342997
t2t_L10000_8151	d80e6c1ab983f4dbf32bb98d8c8ef6d05e8c97961dd37a79dd2817cf074f44ff
t2t_L10000_8152	75b6863578d9bea99579df5150a3bb176ebb26b9469fffbbb82f2ecbb7266e73
t2t_L10000_8153	0a8d3d4c00f5d76d274acd8a4981137816fdf66274750d5145af8b8ef19d3e1a
t2t_L10000_8154	942ad0dc8c18f7c6d83b3192699e72dc4d99e77d51562b64de8b4ec0d18eed37
t2t_L10000_8155	8da72368dec426a15a3d58f1a49bd5030e779c4e8a6d6d80b7742f56ab593c2a
t2t_L10000_8156	fdc74c4d7319328f85936b6a20da92532c0755c0ce792060401c6a2fc5ca3e34
t2t_L10000_8157	94047bb56164a97b07889eae5a1c12cafff2ba5498395c64d70b21d53ed6e3e0
t2t_L10000_8158	be7d0049b64c6ad549318ac0c99014bf6cd2edb49db0e4d27acd7853bf328de0
t2t_L10000_8159	d7824048893ab53ef67ea75d7bf4158f6e7ba3901a4e7ad92ef29df6adf3a95b
t2t_L10000_8160	a5ee8a5b1a28446f43ac79b54ca86966dd06dff9f8213794457dbed09c0df593
t2t_L10000_8161	0b8be4180863fc3af81bae2231807f3f8caa7614bbf21c7644148e7ec93b3266
t2t_L10000_8162	c485c5a0a20f2eb3147dc652157ab7cc99ab0e6811d6e7c71fa551fedc93fdbf
t2t_L10000_8163	e19c723e1f01008f23b78fa0dcec151d48daf81b0e445d883c657f817a7484ad
t2t_L10000_8164	9fb88711644ab74e390ea14137c935213141815e431a5a2ac6a3ff498a815586
t2t_L10000_8165	2b08ae6625197faa7c2b874ff59265f335436f86aaffd21491c7eaf263493ef4
t2t_L10000_8166	b14483f56871d8332bb8421862f6a70b9d9095a2e845477f82105c60bdd4766c
t2t_L10000_8167	090830bf157a88418b83674fb2192d511b4c8b9add77ca4b87522a420d7a8f5a
t2t_L10000_8168	9def6a5de8a25a3268d3a80be064303b49dc0b027170cdd1380f87f3b26b6b22
t2t_L10000_8169	d449f68a6a80858e7d78eb68dfd1473579d607edf9afa62a5afe3a756c2df0a2
t2t_L10000_8170	d72cff034053842ea9400c667ea38ee593e980c8ba0feefe9af62582eb8e0a93
t2t_L10000_8171	61d3e924346fdb9127a65409d2d89aa7fa0448b6851b8a0d12cd7266a840f007
t2t_L10000_8172	5272dd48beb83c5ae02ebea6541e705ca3d96dc92f50c6e9a539e675e13e9903
t2t_L10000_8173	c923f9d5d9a7b502f63f015826a042abd3fe20f467e9d3c3e35af1984368f742
t2t_L10000_8174	d5fd19d8332840a5a0c175156256c23137cfad8d9e1cd7348febcdd78d56b1c0
t2t_L10000_8175	0572bd31a503464af65d1bc99a3a7d3e5712c7ba5f62c76240f22d790cbaa0ff
t2t_L10000_8176	b20cf5774e04dc6b42d1b7677c5f44cc956f107baebe4b34bec9c5c129f5d03f
t2t_L10000_8177	3c64452cd2ab75d44fe8a0847f44abf7216be8ee4ddd5ee1633db177e39d6ada
t2t_L10000_8178	302a31ff936c996739557b65108a0d8bc8eb5c0e10fac0ad2dbf0d629837a8d1
t2t_L10000_8179	68fdf2f4f863668d04c611519673e025e2771f149e8efb8f899a36986e88c5c7
t2t_L10000_8180	3e813a80784ec98e80f29f064e35e3127de5be0c1ebbae3d9c17506a26efb121
t2t_L10000_8181	178afe14c10a17244d6df30761c691a666e9fd3e99ac489421aa1a1c5d2711be
t2t_L10000_8182	8d3ed77a9b077def3899eeac449efb04681f1875852016984ca9df20bb6f151c
t2t_L10000_8183	1bf373094391d7b713ecad5d924cf88b465e883946136d367c5ae224cd36524e
t2t_L10000_8184	149c050f5b6de945b69fc22b1a3fe494e16358ef8ed1dc63e9c37bc6a3a917b5
t2t_L10000_8185	af84b5460bb8e1939138430bb0179572754facb3b01f9d28c99ccad8addb6484
t2t_L10000_8186	42d7e16945d6959ee8053ea5fb676b44e2bb687c4474db8462bd2582161ef54c
t2t_L10000_8187	addf22d9b4dfbbbbcfa610f3ead7d0f6f116b86db58d8d377afea80d108e123e
t2t_L10000_8188	8498c4b642c0281b119f42964d2c93d2794c2b32f6584c0e6251b7dc212447bb
t2t_L10000_8189	3e898ef69a1397e3e0ca502cd132759fbce8e333fd9b77902c03c46cfb048d11
t2t_L10000_8190	a289cbef0598374c3b1f8d007568ba9f0fab58fd3299a147cd7b64a42ef83b76
t2t_L10000_8191	f3488eef722f9bc5b1852fa94e7785199daea74dcf523cef28adb0c2c84cbad1
t2t_L10000_8192	3e70dc8991ca4b626bf2ec955031c334e80ea1c4537c7a66d202c0f7c8a8301b
t2t_L10000_8193	5824100a8d7eeb67979c54c6454d85afdd554069ea31b4182dadf177383b6352
t2t_L10000_8194	c1c32f7d3a7e51df5922bbaa2d7070ed9a0241a04921f1737aaac121f3283bb0
t2t_L10000_8195	2e91ebc15c887182aedfd0a8da70f6c8b35bec62e641a9e9bded30ceb54b524d
t2t_L10000_8196	d21995a22012bea9adb6c7f6f86d8111910338035cffdf3d825f6f72fd9e4587
t2t_L10000_8197	55c40c4d28175124011e5413cffc214070003b73117b44305ee494ee5bf34f3d
t2t_L10000_8198	9259d326abe4b0bc0200269460f29780006d58b95935e830648e2c1b3f67ceff
t2t_L10000_8199	bf14aa8b02c5d4e81b329953f6b548aac36afcd9ef4d73824851e9365ae1db56
t2t_L10000_8200	d3a529dcd8aa78eb3c9859c2e8428afcf062827816ea751180673aecea8ea1b2
t2t_L10000_8201	3b8cbd537b6b9a1f2bb60f603bdc4031339cfe39dd358ed27d6a53526de456a1
t2t_L10000_8202	9bdb7c50a55a2ecb1a81b6a5c5ec988c0ec8040b6457900bff2b80488cb047f9
t2t_L10000_8203	b9abdc064e48adf4529a5e3142d4e7f5874096c97d448c9b8a5feafc55618355
t2t_L10000_8204	5a6923afb9bd42c7087db32c062eba2d2c8efc60f6743496f317ce5fa39ff286
t2t_L10000_8205	90b590089fc60288a16bec79842badd3c48489909331a1611d6368e0b87afb3c
t2t_L10000_8206	8c3c71b8fa8fa1d214dbde3f9c68e4e477ec23058232222af49ab55769305630
t2t_L10000_8207	89187c5617d052f6d655f5f1930d0140daf63549809d53790e94ce059729fe26
t2t_L10000_8208	3d8b285f6e225ff09a33787ca0d43fe93e5d1ba25558b2cfec06d7245d4331b4
t2t_L10000_8209	c1e5049ebcae086608c45c8c45a41de072f5f7e59a6eefc4ca2644e0782f1ee7
t2t_L10000_8210	218341a03fc9fabd5271871132223f946cd3ba57ce0fa4cec02295c34cb73c1c
t2t_L10000_8211	74e7395e161705350e49d21a3bf33c588647708f93ad642817f14fb78899677a
t2t_L10000_8212	4b239ca2a659b91d0ebe76b96254096a0625fc51c24100a181c7960a3f9de362
t2t_L10000_8213	1212955508905ec6f6cf8fa1d343f6887756dddaa711622d6a9aa65f89b39382
t2t_L10000_8214	63c87a4f7cdfebcb747d1eded4dd9309071e9fed666b5b71736e355cf769cbb7
t2t_L10000_8215	c8f5f610415f195c55d3c69c9a3daf9f09a686c1278663d6de24c4545f1d5fa7
t2t_L10000_8216	fbfac077579b2732bf2a1d724a7f8949929b19ccf3185d572d543e009bf27a04
t2t_L10000_8217	5289a8357ce7c855c042a29129dd75318201c1ac4ea1155045ac223adbf02a2b
t2t_L10000_8218	f2f9c2dc653fa4d7502f74c2ace10273f2df1e9e69b09f6e08a3067db3343387
t2t_L10000_8219	af7a8b7421bc8e346ba167660a200aca50c67bdd62c9b13d760e5067d868e1d0
t2t_L10000_8220	874ef8ef86c703a03d626f5a01a86956d01e244ac38242d726f6bea5515576f7
t2t_L10000_8221	5bd26b116170df72c951e8981db82310ada00ead9d7c1193cbca0863709e854a
t2t_L10000_8222	88308de6972ce8a79de93c496f8ddd2e199cb02e8017a18a6a0ebd8da637b73b
t2t_L10000_8223	ad328792304b6c93be86fe5adbcaab7b23c59fffb2467701c9e29cee9694c344
t2t_L10000_8224	1f2ebb88c714995c6857635f8be76da9df2585948bcf92c1c32e5c9dfd53486c
t2t_L10000_8225	618cff1628da3067a79271bec1854654d719cc1a76168202bb31548ad0d16ffe
t2t_L10000_8226	444b0ffb27671eaf7c373098dc863ad65db31aad472c8ef38d2de32b4799bd80
t2t_L10000_8227	e573426bb42ba39f37d236d61ec19e1bc586541fbe7b9196058fb7476d1bd4cd
t2t_L10000_8228	ddc99f0307c8394f19f981be68ce7b4bc2bbdaa589a211e8f3f1c40232c85fd1
t2t_L10000_8229	137397a2ce2f2740308b23a234e27d9633b13bde4a9951f635df137227a802e1
t2t_L10000_8230	3af41fe11e288f42117397a99773133515a72ebdc14268ff0750c6742cb2900a
t2t_L10000_8231	5e19f3e8e51cdf50677bd1ccc53254b93df43172bc01f7a5ad7626fae7cfa947
t2t_L10000_8232	feb632f6322be3e33ba777e07fa292b3ad1b9007764b6a4cc891750887f3349f
t2t_L10000_8233	d526b599e5b424ece3cbc1a830722e133b4eb0209e689fc62d7b868277492159
t2t_L10000_8234	7bc0b9417b01f15aad82709d12f9f078403ed0734f12447d2ba982b9d7d418d0
t2t_L10000_8235	c44e8473009ae6ea8bb7f489068abb167642a7552c179fcc347a1a9777f36326
t2t_L10000_8236	0372a788b7b65f37988bb569702aaa2e653033da6b43879d1efc7088971f107e
t2t_L10000_8237	b3db13e6e10c9969a5ee5d214fdf8f7b03b2c624d2de45685a4bb7cb38ebd435
t2t_L10000_8238	9cf04e3b119f6f38957078967f13b94149032893bfea8b6f71706f89a257335e
t2t_L10000_8239	17b0fc962a5fa63af72566c3c3cbec11b1c54b6db0560a22b120b817a51c2709
t2t_L10000_8240	41fd1c464cd92c599e808a22d8d8c9ed23a276854929ea32bd039da40347213e
t2t_L10000_8241	636e894f1c4da69bd9633d1001cfbbfee8c1121996b98e19b630dea06811fb1a
t2t_L10000_8242	4c535b77b615514396c1cd8841bfb711780161ed8d7c1fec0a6c79b2e75a83eb
t2t_L10000_8243	9ee1663ee1d8c106b7d3e6169487abd90cae8f56c0914672cc07b5ab4b43e9b1
t2t_L10000_8244	66e17454b8f4fd17a3d03e5ecd6d49373431c9fc545f7f24ba9a16953e69716f
t2t_L10000_8245	ba3550cb2bc0d3dc43fe0cabe2cf4f13fc8d32c010bbf4b8ce8c988c643963d3
t2t_L10000_8246	166d136eadb78c7f54191423a494f74273a9e624b6e81de61e13ec97203ec227
t2t_L10000_8247	84d3c22b2cc10b018662b8ed185d816716ae68eba16fece6a52dc4565c6c6bff
t2t_L10000_8248	35a803ae83ec1243abd58c96ec06f4c9c6d474d29c1b3ac4a0a6ec5e5f3d4902
t2t_L10000_8249	546ac21d92f5b31e7b55130b536f7f3bd77127e5330bc638c1aad2d2d2e4505f
t2t_L10000_8250	daa3b1c312d043f295a9b60066920464bf32ee3e3917f4ab03ce953774d1ffc2
t2t_L10000_8251	9f4da385db22fd1ba59b2a585fe3a5eae72c89f1fcbf4ab8004705162d3321ac
t2t_L10000_8252	246158aa26775e427d28c1a2906f82749a7dd9d6fb40c2d076f33f8a7077f7c0
t2t_L10000_8253	0d722d697112800bed32ea61b6fbc29afb6c4968e2a63e31327fdfcb79549d59
t2t_L10000_8254	c7e5f68dad903838f3b8589c37d542e49c4e23aab55a3f353fdc30735f7ddf11
t2t_L10000_8255	52ff029894cda03fc3d4775d87ca600699ab36dbf289d134c1f97e4fef0d4cd8
t2t_L10000_8256	983d9b696cd2958ede0b786e7a90d6e9974b2e2ed2e30fec4660f85811b09536
t2t_L10000_8257	8b6cd53a70051f35d7e512a5492853534f26bd2c09e1f55ad451fb43419755fb
t2t_L10000_8258	2a126b294aff50c75f9a7beb503a3f186a1f8dc011066f04e340a1f7649dc1a5
t2t_L10000_8259	dba4c09bf1214b94cae16d6d024c30ee4e2b74fafe38670d058388577b157fe1
t2t_L10000_8260	c1f47ed5f616d28027e01130d46bb0989ede728e37084f53da00ec01024722d9
t2t_L10000_8261	83d35be391526af959fefeacac99fdb244e50fb04cf9b717f69d4a422373e3fd
t2t_L10000_8262	63a5b550918f76dc3267698abbd6a45d1a577602967df84ce42852c1e67a1637
t2t_L10000_8263	84bce360aeae469af5cbb72943ee5971652fdaaf8a1305e83c6c54e57050061a
t2t_L10000_8264	865f6a56b3cb299d1304ffbe07a4cd98e033f7a241dafcecc729143515e5eb18
t2t_L10000_8265	5244c64717f9330a306436576603f065d3a48e9c76861bcfc3094c9035e98af1
t2t_L10000_8266	86f998c78bfed159d5f923019e58b3474a1ff71ddeb3288f7bfe5b3afaa796be
t2t_L10000_8267	f1d2f77f11480cc130385af0d1fff74f9bec4ce9d6342777d7d9bde30b324124
t2t_L10000_8268	2b1f8830ac05b88ea1b85eee99fa34fdf5eb644f6a70a45e4db559c5b7bb3149
t2t_L10000_8269	ff544e9feeafdc7bb5a9e26d8ceb6b16dd925734f86bf865621c0aea9dcd8992
t2t_L10000_8270	9f544b07d49569cc3122a2307df3a67e53968224453d80919880b01500b9026a
t2t_L10000_8271	c33fdf59c332135914b1c666d73bed986aeaf9e0e21b5dce61db0daf1ac30c6d
t2t_L10000_8272	8e3996dc2abbd3b19313db18a28a50ea693fc206ddcbc8769cf7b56588fda3ed
t2t_L10000_8273	02638493ab7aec2fdee90c81332cd7c22038b5a6b097c354407f2010f26303f8
t2t_L10000_8274	d7bcb862a377144c4770a777ea9b3296c8da63e312102141ee0dba77918440af
t2t_L10000_8275	138f3f99325cb993f59bc276b34ce2ea60257894f2562e621d1a30fd3b8f121c
t2t_L10000_8276	ac7569caca20198cbd74b3249df38c94f9a8b8809214c43645fcc4580757055d
t2t_L10000_8277	5ff38d4b9f610dab2fdc7c5c9ee4d5c470de86756f4432c59bbd56ba72a49192
t2t_L10000_8278	b706cda3d100561fb16b078a4c091cc3a44598b0126516e1b057b0a5bca23bd6
t2t_L10000_8279	18f12833a963c4da706e67afbed7624e5a1c47ad84aa6491abc1c2c5d6d9372f
t2t_L10000_8280	0f0beb660f7df708be5d5e9d7a3a206543080d86d78dbb5a8b621fd4c2fc3221
t2t_L10000_8281	b7c371074e3502f3111c93296842a6254ab195ffcce872dac49fdcb342bbed3d
t2t_L10000_8282	1065ca5012bdff0e38e0c15de88b70ddadf5a14620bf1c39fb315377241f7525
t2t_L10000_8283	0e7a194d71fd8866d28418d857de21a29d77eff6f5b2f26252872bb8b6c171c8
t2t_L10000_8284	2cdaa30e1ba100401002a7eb24463785a99816df0c18cfe00e9be6eadc462291
t2t_L10000_8285	38203168025145eabe75aea3734a00ac636e7b03779ba3bbb4061e6ce9010de9
t2t_L10000_8286	53ad64dbb76152678b4ce9257ec06434916009a0579ae086f386fa2575ebbf33
t2t_L10000_8287	6739ce2c4581e9c51496897d2ca5135ba1b7531d545fea53ddeba771981489fb
t2t_L10000_8288	0c278bd88af2c99896f176d61dc75169d71c83af3175bd5734052fb041772d13
t2t_L10000_8289	2214560c0372eee71e85610f3f9d95ce4383ae31437256073b8605f3aaa9a6c7
t2t_L10000_8290	84bc0b0718fbcc2e68aa8cde6d6277b01b6075680a1c9f48e7633c01366abad9
t2t_L10000_8291	2ffa073a77a4308e4e4db642a00012a7d7cf5f258c52f4f3a6d3b730d6044376
t2t_L10000_8292	8b379b11228603cbb0cc566f568283ddb609525b5768a85116d00c4fb540d6cd
t2t_L10000_8293	cd841b78176f452fc344521c980ba4101355bb11beb08021b7d09fec98888ac0
t2t_L10000_8294	689d8b8c795501c9ff30e592f4b5f4427f3b52da2e16ca28ebf26009ddb12493
t2t_L10000_8295	6796227e997487e73c10f474492b24be7dea8a6d5f91a78170c87d59f236facb
t2t_L10000_8296	4ede2f58db1f69a1c9690f6604c7650e2c3a7a1072bd4e13265eaf9c50769e9b
t2t_L10000_8297	6784792d5761ba210f022e41e680988492d34be79d8824c2178e96cf56246542
t2t_L10000_8298	b43e84f512d08abab8a1318839c7a9172cb15370abada9d843b199730ada527a
t2t_L10000_8299	d1a71d9e3e754e237bbf73245fa6dac776a36cc35e63292a0c32f510c97f48fc
t2t_L10000_8300	0c99d3c2e34b4a71fd5fb90a984f0651f6be38fc5b5b29a07a0d13273a1382a7
t2t_L10000_8301	960eceb273ccf93250bf5fb4bbd6e4a81cd4e8e3e8a360a4e92253670fd76e48
t2t_L10000_8302	a9337ac1d3be565761b8effd20372fbf90704cf7ad43210ba99d1ce445fc5cd3
t2t_L10000_8303	a26490e89117e64a61acc456a527f57cdc4ca2290e408a7a3d6aaaf58a1580f9
t2t_L10000_8304	fc34b902a93a46186e797bfe72fa75e713d29b21b77774c8416fbf2e630c5e4b
t2t_L10000_8305	46cebc88a5c564990aab3e24944c28316e2d5e7a7f23527ff1587e113c10953a
t2t_L10000_8306	ba6f7ce13fb7fa65535b52c89c6fe30fa82f73cc3b4ebf3e4bd71ec2dc814428
t2t_L10000_8307	163e9471816f471a7457d5891714b47be6ca3a8b92546c6d5b4be17a2fe8462d
t2t_L10000_8308	9e8cefbdf678b2ea8c23a1d5516b1244e205e8a02d4e0026f7b55fea8b69bc1d
t2t_L10000_8309	59db14da7d1af94c98f0f0b30bc552df28b3c1223f47ee9c7d2b29f87784896a
t2t_L10000_8310	bd1191bef7506fe57439848c6a915a5219db60a03e47e060c0cfdd41dedd2c5d
t2t_L10000_8311	21ebf0280ec8d14a016ee2160e5ae1ca68d213eddc6b8cf81079478961e2d07d
t2t_L10000_8312	6789b5ed7c4073def10400264cd474e40e15527b734b5e3d4385005f54aaaf02
t2t_L10000_8313	03f24d1321d7f6408ba40eb04cbe36c0c0433daf9306c74306fed5f977b6d94b
t2t_L10000_8314	0ab95eabb615339c94b454f3cb866be2096896d38e30983c5df26c7de364e140
t2t_L10000_8315	cd91b2321a7a367a347734da68f68b4b7b8a260d5325e8a256276e99f78ce456
t2t_L10000_8316	29b71ed43ef8936a6564d39ef0eb945eaa1e6dace02737b7c11a952d6dce9465
t2t_L10000_8317	233fb4e4e91343554f0c6700126f0a5353385b268f0e44fd4e0b5489ce33985c
t2t_L10000_8318	09e470782dd7d010bbe79da36aea5ecd7a5ee698d6b3991d1bd3eb8c9ceee8f8
t2t_L10000_8319	bf5894650368408c85d38cd571f020dec32449e9274a73bf4186150dcf7aa136
t2t_L10000_8320	3b47554524d18587783c60010a0e909654d2837743a475ae0d07f340ad3a282c
t2t_L10000_8321	663c759e0dcca02f77c12277d25188872782435f21153bfa835876b623940af6
t2t_L10000_8322	ac22f221bea2b80d4cb1fa6e8bdde4fadd717d7c1f6aa2dc15bd8dc633362914
t2t_L10000_8323	6d2e62e3f83f5c0be8b82b40fcdc311663702d65d191b8af5ad176007059118d
t2t_L10000_8324	0684e195aa584c43e68b133e5b9bbc331e88f5b3ce220bdc21c747586af6ab49
t2t_L10000_8325	4b0b08d011373704b7a3e2093f0be8852c2a0d18f47b9c2317c0c0df1a6a85ef
t2t_L10000_8326	c1a1ff132c59260ef4661272732c14f3cf9270bfb0f772ff8df8d5d105aa5078
t2t_L10000_8327	ac6fc9cfa7219b3251985c162e967ba6275c1cb5d31d0f0f70d1022c11f9057f
t2t_L10000_8328	e24374fc92fcaaf121243c53367b3b7a354ddc7b6c7d3315882396cba30373bc
t2t_L10000_8329	4e6e37879e43908fd990824ffa9c575fb72b4ceef00cf657a47b80f9f63e302d
t2t_L10000_8330	a279839cbaa5783a89ecb54b82aeb62ee7fd4a679c31ceed9327b306142b8d05
t2t_L10000_8331	76f085cbbd3d200797cd7498050c65f95b6f17eb56b65ef6c16c3ba6ad1d6667
t2t_L10000_8332	4c73a701840f30d044ddac2aa55d19faa9f86c0842713138e6f9ca711ec72382
t2t_L10000_8333	54cf75cdfb777b4e7c815f29e29d1870178ca6548735b8689758c07dbf6fb29a
t2t_L10000_8334	3157cae1e46890898f26c267324af4f2d640692dbbe6f2a49569601e2dcf1d43
t2t_L10000_8335	19cb7ae1fc4ec800482de3f4e0f38619d2846924267ea5882c91308bd0b4a9fd
t2t_L10000_8336	8c5fe342efbd8929a81e06978e21a83450bf681fe78ecd9c8109ae6d9a3e1a8d
t2t_L10000_8337	ab6cccb274545496f29fb3924abe977229b92af90bca9cba8b03fba2b667e8d4
t2t_L10000_8338	d94db43f813ba6622850b754d902cbfd56e81eca81aca6aa78079f19344bfc0e
t2t_L10000_8339	faf590fc8c7eeaa069e6e7ba5560c9b364fe839eb43a92691602f0def5ab6943
t2t_L10000_8340	2c36cc56484cb968523dbb4f40ea8537ac9a608781c0171c78e646455099c2f3
t2t_L10000_8341	934557419fcd37c9675d0e16706add5f56bc5f43a382d7a1adedeb88d2a2d309
t2t_L10000_8342	019603f801e33c74145773b9de31ad0258fe76b15d74fac531ba87cb9f0c4189
t2t_L10000_8343	ddf9e12532185f590ec10bc07ed0a8d024b198791e28ef4e2d4ae16ab2370a56
t2t_L10000_8344	a95024c2918f09a825b08587ded76e9b3ed8aaa47c68730dea3a5bc9fd9837cd
t2t_L10000_8345	dc334db386b182d6ec43bcbf6ad3177d571896cba2027b0298bea3cf7f43c38c
t2t_L10000_8346	7eec62a04055ff5b39e4a3d6e5606088ccbb848f245aa29db969509c31419fca
t2t_L10000_8347	6cfda0126d5a9db364c54ebe6f347c4da110aeed1ccb2b2e25a66e5af24cd7ae
t2t_L10000_8348	eb51293e8f1e54a43b1212229319ce854e3615a67ebe4c020bc0b0e112838392
t2t_L10000_8349	48463383ca65edf54de6a23387b936884f87d957b70d3904b5a769d0314d4943
t2t_L10000_8350	73f885edca82cf5891db15ac9b77e53e93b6ce4be36f0ba4cf2849f043921e3d
t2t_L10000_8351	8d661285c9aa7045003cccc91c4266a17926300da14b1fee15a7e84f32f6a3d9
t2t_L10000_8352	e0c6e44766626365669c9f9dcec8f759c8e9ede54a0a3121b1e5e9c9a20649b9
t2t_L10000_8353	12cee53ae1b32b2cd1862336b8f1b64bb3c5b09e3cafdcf861bb244b5f7eda01
t2t_L10000_8354	b98dd96293be6aaa0b10f73d37a1b4517d7215591989d3b2ac8bf0ecc7e3dde3
t2t_L10000_8355	1b0c66e3c314abb38f87732910f7532a99f39105e1bd0e842cf21d06d84ced0f
t2t_L10000_8356	93f2e7b48f06fd66c4be0eaa0eb365730fb33926bf2d0d52b16d1734b4ab6545
t2t_L10000_8357	a77264a38ab8e8f186b6887980466b75a073c120ee263622643e421fd2e268d7
t2t_L10000_8358	ba9bd5527f0d815c4f431fc5300955cdb330eec72e494c554c5c76c414769946
t2t_L10000_8359	d7dfcc765eb00661e7cf82f5e77322942f770a5f9744c513c449977521a2c117
t2t_L10000_8360	805ca58b1eb4877982ac6f5af80ab6672e9b4fa9e4c3edc09bde1087d71c85af
t2t_L10000_8361	97ec9a67b2f32e07232292ce622540d26db28fc86ab8733c72c3a69b1e0ea6b9
t2t_L10000_8362	f5d24d816bc689f0c55b9da09da16a341bb9ae221f5a0a763202a050742ffdce
t2t_L10000_8363	dc493d3f05fe81b30ab1878be9db8c842c39dcfa17a223158df3b72f1a8162c6
t2t_L10000_8364	5dedac63fb948e18e2406d3dba5f5ee1510d79059510aebc9ac8ada07ff21b26
t2t_L10000_8365	813beee9a353224cd693ad0fa9ee4c5eb81590ffcd1235db17018df94eec9696
t2t_L10000_8366	a7add594541ff0e7039a7bb151a2b4a4b445dcfa76cfb4fee7a76ea29002004c
t2t_L10000_8367	4f75ba5947f326cbf65cf0e31416bd25b04e4864e4ee26f24a6214d11143ece9
t2t_L10000_8368	f6d59114321fcbd0d6f25cd6e5df2154a12213a2cb05081834b732835f2fe2b7
t2t_L10000_8369	c26d6e91e8366239158e2e0e919fc9fd2676e326954a184b19f7b7575c51fc5f
t2t_L10000_8370	a3b1f15b61de2a965697caaa86d45e9ce5d403f7e096739430692f6a29920c74
t2t_L10000_8371	7d1677ff654449d1ecece6ad30ad22a0e53207d440a70da2469f7c986b8f017f
t2t_L10000_8372	f3c6d184f95af0a9974be77c2bb69061d5fa8e2418e5a383cc5735dfabd4d109
t2t_L10000_8373	0652e5ae1a0c41650d76d69edd56c622f858e5aa1f40f4ddfb572be609966ea0
t2t_L10000_8374	d31a4b80c9d403a0c65ece0fc73392a4385030700b51cc14839e976f945ce262
t2t_L10000_8375	e30149cf1def5474b06cb8fbdf6f5164191b8e2c1139fd0ddc97a50ec3959768
t2t_L10000_8376	47ff0339ef5faa69694f386e442973bcfd15134101366de8f1f6bd4276361891
t2t_L10000_8377	3c67c9cd57c1289e8ce91918be174c29421abfcf9c06db6550a10d71c01cb36f
t2t_L10000_8378	34e7012947e0c213c6a1f6771ae0d3b053e2630f61cea26bed89cf0b409e57d3
t2t_L10000_8379	a5371447a30479ad025334823271cf35ccbbfd796e22e5a0e2364254af2cfb06
t2t_L10000_8380	cdf8ebf42801be2b3651bfa163af56fb886d2e995f8f96dd88983f719ea474d9
t2t_L10000_8381	c27612ccc822353e11be1497b69b14abd29c04ce0eb915949f52e51b42308efc
t2t_L10000_8382	496337d64dbbfaa6a27900c1d14cfc093431029c2c1246413f32cdbb45029963
t2t_L10000_8383	cf801e0f888cbdff15bc76390c4a031339259f19add0d6162ddac2cb532cce19
t2t_L10000_8384	d4009326ed97153f92e46f0399dbd210b0de406b17309b8cceef5439daf83e65
t2t_L10000_8385	3402d3821b53785ec154e97591718c56eeebe04e35ba2088e59a3ee94667490a
t2t_L10000_8386	4c299a5ebd5ed5fc69af6d3e9a537fee96fef589137cac59ddc948c18670551c
t2t_L10000_8387	d5d296e48bab0cca05262543d099975a19e8f1165c4cc5270ce1467195aed9ae
t2t_L10000_8388	50e0063d3f6f55cfbb6c42ca8ad42f73089671c632f54ece526ef8d357a6a614
t2t_L10000_8389	d2b4722476a22df08b75649fed414eab53f7423ce428bcafc656701b7e9ff047
t2t_L10000_8390	1228171c83f543b9bd815518650f5820a66815ab426caa3a95df5bd12a12f2c1
t2t_L10000_8391	c74b5b918995310b0c63b0c2ace2596b6d008c7dfeaea9b742aa9781e1a4851c
t2t_L10000_8392	e4e36035303fa0f5d64196cb34b4c39c98f98b9f4e605587d6c2f4f3eb7c06f3
t2t_L10000_8393	2f7c45eff0c6bcb72f992460ed868d6fa5966e6ca6bb1e90e17b50042f9e8eb6
t2t_L10000_8394	de1c66fce25c855ea9db47b5d2fc1237a84d4b7293935bbd1ffac57438d56b17
t2t_L10000_8395	23d6c2df63267ea392d8ba8fc5f2fcace833926ca7e000922400a6cda1d8c7e8
t2t_L10000_8396	2041f70f63934cf1dc1dec5dd20fe5026448c698280c74019369f068b4b30d68
t2t_L10000_8397	08358653b39e82ccdb7a4705a7075a7c2c1983048ea4887fa24160c916b15a94
t2t_L10000_8398	b45c9b42130667ff234c65521f58482bfef28ffeff63c1c1ef0b4fc8915008a2
t2t_L10000_8399	8bc2b7f4ff905985fafc5d296bdefbd6ca3272fd25203fd6c482e72fcb739273
t2t_L10000_8400	eecbeb03a644880fda744942a997acf6bbeebff7d9275b375e0f25e4090d5d48
t2t_L10000_8401	cf93be771dac83be41e34de1b385bf6cc9c7dd5582516df935c853ae6da178a5
t2t_L10000_8402	ee114dcda90dae0b61ddef1f6115ca554a7a9ec51185e918f7e2a0e619bc829b
t2t_L10000_8403	2c9bc41cbae7a1c1c05be8b7378c243014b98387e9e4240b43b1cc995a62f748
t2t_L10000_8404	ed0eadb760de4ffad9226dfbffa0ccfeddf62f39920e7de9cd302e3840db3750
t2t_L10000_8405	39109e45beb1118ae61675bed0f147528a86ce3d3035f9a0debadadb0fc94005
t2t_L10000_8406	20e63a45bb4a2366320e6fa3820a59f6a854829c5779732467deff688cd294f1
t2t_L10000_8407	f94b4245fb5d4ee6f8547e9dadccb58133adcd1c426b7e0dcf4c56771618da34
t2t_L10000_8408	d0c5a4d7207993d26783dc08882451705c1313361205cff457dcb2b2f5cb8275
t2t_L10000_8409	83581129a5aeae3e6b53218549aeee2e8da9ebae1548bdf5eb963ad9bbcd4f9d
t2t_L10000_8410	3ca37234914f46859f2775e6191fe694e6946db418c62a952d76c65eda81b3e1
t2t_L10000_8411	1bb36ca780c3aaf2cea71512dd858ad8bd1f36d48b30024fba3cf4d1e822256d
t2t_L10000_8412	e25b1b6cfd6c363e4e7e4e77a91021712ab8d66db30c10795a748c2e09f4bffd
t2t_L10000_8413	2b219f22a2c43262ee06f50d65f4cef908a75e8cf543ba821bfaa87cca5a6431
t2t_L10000_8414	cec8cd6fba56c4bdd401225cebfedacd2470d66fb7aabd2f674e434cc85cebff
t2t_L10000_8415	1d0e0f1e4930bc7ff715f974b41c863f661c8ffb06aff44443e09daeb1e4d8aa
t2t_L10000_8416	197b69be26db2bc5020d6ca58012a1d76a319f4a736f6d8a7770deed20019d70
t2t_L10000_8417	67165f694b41004906dfba7ac9f5554acae377fe829d36f261b04a168dd5159a
t2t_L10000_8418	4826c5dd18483d52aa61210ea7cda4489897be96f2699ff06fd187a908ed71a4
t2t_L10000_8419	11c8adae52d7a5f3e75e037dd0535b16a1472ec9cc7ceb1fff05fed5bff70b54
t2t_L10000_8420	a4fccd1d514752c9d3fa502381c9e0e7a8fc3596f861d923bc2287951fdf2801
t2t_L10000_8421	a71f8f12246a113a0f92c8e7dc1929e1546d376e8a478626ab6f62385be42155
t2t_L10000_8422	d04cef4bb2ab5ad3d7f6c5671b65788d51d5c9ec882ec36cce5121567fddab3f
t2t_L10000_8423	bd315fc8a4c29aca6162db04811ad2e215f6b1f96eaddfb23413834b2d943d6d
t2t_L10000_8424	9029cb949b6657fa975d8b184227ce8f22fa594f53a0c8198ae94d5c0320e517
t2t_L10000_8425	2968051355550491362b4490ffb2cd2881e23e85dff749ac69c09238b62f91e6
t2t_L10000_8426	3015edda6706c6f133821b6f120e931cd168947847615d69b6788880de5be28c
t2t_L10000_8427	764a9193d8c9cf352bd847317aff79c3eebd8fe13d1d4f68ee37874892cf6b86
t2t_L10000_8428	591429f1e5cddb6ca09c7afb4b94ba60adf6dd8b94f18b026650f62c35e62afc
t2t_L10000_8429	2b114a166b09062d45337f90519930756fb0161ba59a8da0bcc3df45be98df7e
t2t_L10000_8430	f582e461b20a3b3a0959e754610a27f2aee7678cbcbfef92bab2754f586738b0
t2t_L10000_8431	2e665b513d6b4605aa091cee1b5ff61d1ce16bd3fd3e0deabae17809337777a4
t2t_L10000_8432	d332019270fbcb6f48a5feb2bbc2aa60a8899c7fa0e39bdd56d5c34271e733d1
t2t_L10000_8433	63e5364d7c1342f61048f464024595eb7f31a8bd55251c40895574e7236168e2
t2t_L10000_8434	e54b23514c496eaae106c8ddc1e81cd8c437bad2b143548185bc0a2a41bb08a6
t2t_L10000_8435	84e5cf0b30ad47aea95f7707a01be4a696819a936aea11763e46a0516bb32381
t2t_L10000_8436	a142b97e7c205639e9b3f4ea5d03c807201ee22b764fb54a8316624c7303530d
t2t_L10000_8437	66ba7d69b11971161ff61510c454a281e645a61dffd0ea2d1edd2784feeb290a
t2t_L10000_8438	0242f13f6ec9318e6f2c9c4c845b5313a91c872ec5b398465dc1c3678f366120
t2t_L10000_8439	1bf438dfab3b43cc4cec3b911fb625a3eb60920e68332524fe54b8e9d24411b8
t2t_L10000_8440	4d3bff4e2081fc9ea278df60ce178b865a0455c51aefe49d6c057e04df265ea3
t2t_L10000_8441	52b2962b080428bc9b7d642673f52e28cc13ef7cee49657433daccb843bd1148
t2t_L10000_8442	f4409850ae24e76ee5b887e156392e4040c602fcd0e7776e09bb5e9c9f9a029e
t2t_L10000_8443	2b0ea5f4d42179fba7ef1bdb17dc42499a6feae2385aeed0c84ce3cbabde7860
t2t_L10000_8444	cbf76cf2691f1fbab4cb0b978bdc7eb620973507b99678e7bf8dcc4a66feb77b
t2t_L10000_8445	da5816c3d100e7c40e5eac80950b55ed70fcdf380794ff5667b07d02a660b6a5
t2t_L10000_8446	481eb1cdedffc2b3f2bf247c7f28e775f4466ba270356b5b0654f1a279afa9eb
t2t_L10000_8447	454410ca4226b02c7a663613fe33d7def41f6cf4be3d9c1192d957890f3865d0
t2t_L10000_8448	5128658ca7d8d5ca9cc65b269d3efea46e7f405144c7be230804d7147e87b0a2
t2t_L10000_8449	f93a744ee31a326c65e85ecee8e1211dfd044d271897ebed989de379f36f876e
t2t_L10000_8450	0acb361db9b4f09ef3245ecb4edc8dafb18e9951034890716473f13b9cd66457
t2t_L10000_8451	c5b82485a5de387ef9a4d79be40afb44171fcacaac8e89bf7863116090f1ee28
t2t_L10000_8452	495236dd3036b8b99a539669bf928512754d8bad76bc317ed5b0040ca3453365
t2t_L10000_8453	5a88e4c2623af22271ec6df7905e7c780040c555fd8925853117ff67ca19e7d6
t2t_L10000_8454	5b705f76669277da87c7d175d514ec57fb9c795577c1144b507bc6156d7b3471
t2t_L10000_8455	c40024d9fb7ed75cb7a00b7d40b9801b44d3f26f7743108885bd6d5da91ab05f
t2t_L10000_8456	761d88d06a2ed80d1a5b731abfa7fd6ca1fb1e50e7bef9b6ab9310262666c918
t2t_L10000_8457	579ae0b188b1e674080ac0c04c7a9227b764055d378da7d29ea239b6ccbf21cd
t2t_L10000_8458	f78a479c94ece99a2ac81d679753a0d8212fc4a722c000a7d2208255df702992
t2t_L10000_8459	7246704b4791961e669fdc8652be9ef630263ddbeb8062cfbff96efaa10e9f4a
t2t_L10000_8460	c4d73cc6bc06672358a2c82d26d7285fd401452b8e7369b82326b9d3c8b5e963
t2t_L10000_8461	4842b022d074e8c9b26577a26ac5a3a8191d5f7dd884a71eeac74e99d4210a6d
t2t_L10000_8462	51aaf31f8f4ae51194c551e663e3b45615b7536fc00d89704982361acb465973
t2t_L10000_8463	42971d46ffd5ed0a24059449ad0ab19b7deaddddac9021113931025eeb7cfdb9
t2t_L10000_8464	3dc37ab4d34c7548a1dbc322f0517e16d00e0115bba8231a57e989c7e30e5eaf
t2t_L10000_8465	72edb0cfe0afd383e4d2f1e75dd3fef84e6aff9cb2b52a122db91413418ea6d7
t2t_L10000_8466	2321e15e10370c87e8b4fe2e036951161ee4de89d35e14b214369c7a500f12d8
t2t_L10000_8467	cd08c15a9a7fb08a0d4498eae2633adb0b46fa44dcb422aebcfd72b873aed2dd
t2t_L10000_8468	690ce906313a14e7a17652a374cbb197de402d3e0421d73ae485f6e087c75344
t2t_L10000_8469	1a0b42d990fe9435535be3ae88f6493cff878ce54ed4a0362bdc983f3576283c
t2t_L10000_8470	7685e4225a46cab29c0f477d61fdec5cddaa93de8239f1085ad9fe094c1e23ca
t2t_L10000_8471	8e59f002ea1a95778d3bf00f3f64c3c2cd69c533cd3b526ec8b22a7c52d8db40
t2t_L10000_8472	76f17540ac8930aba1cb30de74a4c9d5d742170cdfa754e7443e0362f31fe464
t2t_L10000_8473	96b7823fac08a195fe99382603f7a07d4bc60684089b95fc79bfd62e9b5a7b2f
t2t_L10000_8474	61defa2d367dcae5dcab0eaa9e9559524f38caecb2915620cbc226ace359ac6b
t2t_L10000_8475	74bb812111156f94f36c42bd74157b9341359455115f1548706534974eb8b5ac
t2t_L10000_8476	1e857effcd170564f2fdeaa6eb7785b3423f04eafa832f770f64b1cf2b94ab33
t2t_L10000_8477	96a2672fa5b2cfcd8a25ecf1f8c1d1888f7b34dc543e860aa291e5a4b1dce5fb
t2t_L10000_8478	b0be5b9a8bf48cb96c4e8af6fd159cdee7f0cc590e6287385a0045cdd48e38f4
t2t_L10000_8479	17e550a73d27bfb903421818cc0b1a5c1696877a9c7ce24d74c0bb5d56749da6
t2t_L10000_8480	30ae4b4e4e1da6837c586c3342347fbcc2b3a9d5d9922f5eb2ca1085df7d5606
t2t_L10000_8481	10da9c23c94694c31d9394c1973e5be90a3d86367d90024cbec38fba5948554a
t2t_L10000_8482	aa2f7f2935c2b4ffffbdf927999994672025854be8d8a00628a891630a6ba16d
t2t_L10000_8483	77c8c227c3945a17cd411e9757aa0666f6a27951ec20ec21987282dca291d25e
t2t_L10000_8484	274a1474383e9d13bf97dc8c929e6612d8e7599ad48ce4e71d9c5ae373a8cad0
t2t_L10000_8485	24cb6f786b03736f45f2da4b5ff8bdc9caf874892f1978424147a7d3fd175348
t2t_L10000_8486	699a7002bf4a229e75f29642556bc09acdab01555ed439d94e2a571b51b80950
t2t_L10000_8487	b4729fa8224084dd73dc51d13e50ffdee0934c6633cfd5aae72c5d5a41d323cf
t2t_L10000_8488	fb6665897511e298489104c2979f96053c4281cb1658b1a77cb4c0256c47c0bb
t2t_L10000_8489	47c6aca0638ff825465b2a1c7390588a4087cf147b636cd37cd3be35111cb236
t2t_L10000_8490	c2cb4e32cba7f3f38153d9e6de8e3e95b0403bba4f7e8c861f41c839bf914e5c
t2t_L10000_8491	dc4bd73d22c6621cda2a100b3a183a8ca546bd6a8483c8d0febaa1ced7df633d
t2t_L10000_8492	2757bf99cdb2269e8f4dfabafdf6d874d878be5a1d03f944e3eca09672ba4067
t2t_L10000_8493	6bed70ab0e19ffcf3869185aee1ceaca660a7099ba0ae30f75b6f98eb4d67bbc
t2t_L10000_8494	50c8ad38cef0fe71b9ca4c43f81e974b813a408ea93178c2d84efa1c8adfa4d2
t2t_L10000_8495	5fc596c5331f342e2e7d0d7956964ad0b45c5fcd36a71f52550a068ed7ecb667
t2t_L10000_8496	d43ae0d64ca43fcc4dcca1ab73847914455109458b1bfa51281a23855dd44803
t2t_L10000_8497	a9562fb7e8fcf3cbf6b0bc4ab0ddb6c3ba4bf50ed5f4bbaec67d12fecde2f56e
t2t_L10000_8498	3aa4c1d6fb49dd5eb98fd8232f1461f49b98b3de2897a4073f392b945dc020f5
t2t_L10000_8499	40da1dbbc4d9e82d21afb0a41b1f409bf0b5b57ce5ad6cba6536674a171c7835
t2t_L10000_8500	e8c4a5fbae08928857ec460910daba21b1eacae37749ebc4a91b5fffb8ecffc4
t2t_L10000_8501	c1f9b240d37661c7e6d3b2a6e3879c80702640abbfa4fdaf1510bc0f7fb7634c
t2t_L10000_8502	efbde4b15166dcf48abdb4e41d9236320a9b437dc3fb6f3acca03ab23b26dbce
t2t_L10000_8503	f7343e6e1ec471227017469c7c43585670b1bf884ef7666936787a0a61afbd33
t2t_L10000_8504	f35b3f8f9934f1feac7519b4d8297b32bcc68229916e9c5685f261826ca1e8e7
t2t_L10000_8505	1158fd5a4695f764b44c5b05167432dd8ea6aaaec955803a1d00787286f1386f
t2t_L10000_8506	889382da3e39b489a1e3831feea735b42b7da73ce82ce6c215e73852bec0f94a
t2t_L10000_8507	f2c6f4b2e83de463b1b962702ea135cdfa31f8bfb957f9adb125234db9fff3ce
t2t_L10000_8508	21d2d8cea9eea08cc1907ef563492dc74e9e40f63881e460d36ce8de480b89f5
t2t_L10000_8509	6c79e4c835d5d9813dd79cc599a43689762447b47b58454d676382c1f8ba8c9b
t2t_L10000_8510	932026d356b652b9fc23c1167c93fd17451e2838fa88e9bb7301fe33658f6d5e
t2t_L10000_8511	e664edd565ad639ef4033582e4948aff3a8c5559240658e5d84f2c92e600e536
t2t_L10000_8512	43d4d5026db5002842a5345759afc5a715501fa4b35d5f4ea079f665f8df5a5a
t2t_L10000_8513	88fa0eb3818ccbb13c28208318851996a41d4c3433f561ec383cbc4bfcdf7dd6
t2t_L10000_8514	b248f42ab10d4a140f2e74adc7215e0d605eb7fb00e89db886e5fc2e3f7fb0d7
t2t_L10000_8515	0cae6d4713bbeb3032bea775bb7e0f2971cb0c6c600ac14b6af26626b4af15b8
t2t_L10000_8516	75c00115613010ef1623db789acfdffed2d3489a3bd0d11d7084e8c4149b00dd
t2t_L10000_8517	50eed2b2698f47e0c4dae84292edfdbb31b9b70156af339abe19d6943f82b187
t2t_L10000_8518	4cb1ab99a941f5525fbb87660223a997dc2c70193e7f1625fec8b8371999ebbb
t2t_L10000_8519	0d7e280fcacec4d2e9d11ddb214fe459ee3f209c74c3d516de122be69e1272b5
t2t_L10000_8520	fa457f98f381decab6442a7e4a8d811bd6fd01669c086178d68de4369303fa28
t2t_L10000_8521	97b9d8f7e25307628f1b5f28e23b1af5945a1d36308e51da0231c9dc19f6f098
t2t_L10000_8522	6e00505786d7c5ce1b727a2358c78a0be5e93fd1f69208cbae4d7cdd541e4882
t2t_L10000_8523	786b0952f615e35f8b51108c38a6647cc80b751d3027101b07d4e5a09a831af1
t2t_L10000_8524	e9b80958ab043b81729ce1dad7131aba35490afc23a9cf8b7e0aeb14105313ba
t2t_L10000_8525	848570521d80f9ad52f728da7e411318185c654916fefa018eb2249e622dba37
t2t_L10000_8526	9bf1b3b3fe218af7b4605d830a308fc507f9b80a0b67c1fa4e96ec221c3bc5e7
t2t_L10000_8527	fa8b7024d7d6c625905d903f12c93380742673703765219d490487e9145c33ed
t2t_L10000_8528	0041336048a865354249177e738462225f8f3b7e4b98c59de114153b1dab0a36
t2t_L10000_8529	ec1df4910cdcea7e161693490e50675ce11f0b5fb5e56a905ccb425673c2efec
t2t_L10000_8530	57c977457709600a0d8603d8ac292482142ff98b392c66f856e47642f168c2a5
t2t_L10000_8531	f4b01a001e8150554715579e1a940a8240b6a8a9bdd3ca4370fb81d17b15cc91
t2t_L10000_8532	ba1f72e77aeb35b306f58e54c8b217ee537136816f49bfc943cca031b44d71cf
t2t_L10000_8533	81930e855bcc482c6192fea9641629eb97d6f301c6db2117e5e2f66ae32cd957
t2t_L10000_8534	18c538f63ab018648fe5831a77fa2ab25fee68015213338ca9e7edbc12dee354
t2t_L10000_8535	f7b25895750f72bd44f1fcb386d2e9e3c28d4b221aa961c212aff33980990cf6
t2t_L10000_8536	c2382b94e0f2fc83b73b10baf53930ee159c48713df43031538ff17f3acb99ea
t2t_L10000_8537	5bd97c99723fd82c300b19d99d00fc51593932cdad1cf725320d42e341b3d018
t2t_L10000_8538	b2df32ec20a9b96694d16c7aa895602c4addb03cd40e43e191a342a00e19e713
t2t_L10000_8539	cdf19ed9561f400a94a51e2c247a1b8355f3ee69a27148ffa3d5da46f0818aa6
t2t_L10000_8540	79d351e5edb352f06dd54927f3f46ea749d7d1e1b8f9771efbd5115e6c7526df
t2t_L10000_8541	9cb88aab9e34aa7ceab7b65ed944779b81f081e09dd82881cbc60f125905ca3c
t2t_L10000_8542	66339661dd41e8a12fec5f3811dccc8d762eb2f64d57f0a84edefd616c4d0ee1
t2t_L10000_8543	6d1bade67abbee51d529d056c08cc1f3d08d4884a113b26173a8b159f518c070
t2t_L10000_8544	2c6c57f94f43abf57f0e3e1f8362bd9228ac3fac7c4d939279eec0f95fd3ec24
t2t_L10000_8545	0b85933e99941af682ade468ad84f245ae42633e01105456fc2bbc2b7b006cc3
t2t_L10000_8546	b66b3c0b4af123a899b0db968d8ddc2fd37090f21b253c6b29114e4d74c3d50d
t2t_L10000_8547	afccbf32e9401206769b074bccedd543fb7dea44b8a5f08ca29b18b4f3d1055b
t2t_L10000_8548	499f422e9e3fe051995e25e6f2e3b37c731bfb80135323f5654b5dc2739577dd
t2t_L10000_8549	75db7f4ac28cef4505a8b763f0f4cb68b5aec796eef66de977c106a8ca277a54
t2t_L10000_8550	6565c622bed9461bf7c9f1f8ad3d9e9884e313a1df640ddfc846c3aacb8555aa
t2t_L10000_8551	b8fa32031a2aec7026a6be67f027a11b063d180ce91c79779a3ff3e674c7251b
t2t_L10000_8552	121c315c927b5a91593d7f9dc22818d11f93fdfe483814c5bfe0d5b31782c532
t2t_L10000_8553	982783add6bc9e6b6e5efff7997127059ceb97d9b514f6d9ebe598d1ecc0a0d9
t2t_L10000_8554	f5104e859f31d7b17bc8deef68d81455fd85c42ee9f2cd2ba6fd491930d171cd
t2t_L10000_8555	c1975288540b26ec4c78a84af8c79a947e9fae4cdba12642e20518e3c62576d7
t2t_L10000_8556	1fca00bdc644207ecfb389c46712971487ab80ac058ba93d9eb2e1271b324fad
t2t_L10000_8557	53864d8ee33e06ee6845313f5f4f0dd399f304bb3b891f35749dca0311af6b5d
t2t_L10000_8558	a6bde937f6055be8f955b1caaa99ea3a8e929053d7fe6240b79668e525e2e95b
t2t_L10000_8559	98c980d8306f6a75a7e9287fb45c35312f63ec2476b4afcf7f417de7ed06adeb
t2t_L10000_8560	9e61b1a68e8467045a419e6d57bc3200af4348c646c63ac411338f3bfedd4c83
t2t_L10000_8561	2e712aa6aed21e19b8ff9285d0666bcdb4dd9686d055e1dcdab77827c4bcc2f6
t2t_L10000_8562	8a4b3944aae08d41a7cc0433927de6a3194274eec8289b31afd53d6e3bb18856
t2t_L10000_8563	101cd47e1cb611f27b7b063b3881ffc373e36ba6e87c5cc70f579f9154bd27e8
t2t_L10000_8564	9dc1f81568895afee26e3bbc42e90de72859f5432729abc85b53489da6fed38d
t2t_L10000_8565	66e3e2599a3b27ab482ad1dcf2727b064ca571e74f862818eb799642138628b7
t2t_L10000_8566	310460e08b958ce9635fc3491653784d50a1ca5aef136f6a7b5cbce53ff0127d
t2t_L10000_8567	42a83eade2e9d239c523d7780ab32a0ad19ae3d53d4591db6539b62507c70991
t2t_L10000_8568	5cdc9a92557a9f65b6f5149282bd38d53fa7462fe5d34a078cdb0b1d8d9c97e6
t2t_L10000_8569	e25fd6eb09103d93626b50507cf03767697a2b3a9e8f29e7ef64e66f3c3a3c3a
t2t_L10000_8570	7517ea3ac953ef3c918326e93db67c5de279a64cd69e211a71606fb7cce1b23f
t2t_L10000_8571	221a09a993217fa6cbf94eca5ee5b872595302c2356ad496a269ba3feec228d8
t2t_L10000_8572	fd2b3dd920cb11a0e11cb761fc657a300e2e3f1569790cefb7205f9b87d69396
t2t_L10000_8573	142fd6b49ff72d4e9a963bf5aab305f2cb5170d2383b198b647a3d0fad9c4c96
t2t_L10000_8574	e30f417281cc107745c97a0be5b577d554b65c23bded6e0d0a0d18e5f03b4c9f
t2t_L10000_8575	2aadb0300b3c6c76c907a39246aba58126d4278dcec593d2fb9cf614fe659d76
t2t_L10000_8576	56c315acfbd7898b28d19a06b8d93a11f2b349bb10aef8876300c0ce698a88a3
t2t_L10000_8577	a100460d384c345c5d1db14aa054b2adf32e4406f011625cc8eb64125c2d453e
t2t_L10000_8578	1d8cf98169346a12218d45c704580ff4c69068bb391168c8a2712705f28d9b87
t2t_L10000_8579	1dfdb22e899b433b2fdacdbe6507ac93110c6b32343bf94c05ab83e81561f2e4
t2t_L10000_8580	a79285c2c3c43ed8c5a5e2a9483783562323b8a3e10f35192922bbe578e773b2
t2t_L10000_8581	a92508a63f5dd29854e9a673fbd2f6c1426a98c166a8624420738dd19c12e0d9
t2t_L10000_8582	2ff200e84105fa92ce2d5f95b8b8ad4eeff47f9e7afca7f8fcae9417804ee832
t2t_L10000_8583	a93e8fe8d219ca43c103d9b092c2dcbe6afa6e8e42bf2fe114e5b05637441b32
t2t_L10000_8584	3c09d3d8b0c9575ad1aa0db9d4144bf8b42c0793c92ef374481cc303790bf380
t2t_L10000_8585	5332760a3913d67c473b904ed0b4ab1f099253a69f77289a2d0982e95694d0e8
t2t_L10000_8586	176d499219fdb6a4d256fd8a9958b90f85d151c5e02ef5567e2d6863a11e31e2
t2t_L10000_8587	97998d724c3f7096b33d12deaa984e8b945a3b4b72cdf4bd21d5f55255c55bdd
t2t_L10000_8588	974d41b83d048ba2728ab24aae4bfd29e236a26b50c14bdc44e636657944c5a3
t2t_L10000_8589	a5c5a8d32cd5963cad63b32fb997a666c37ce40eb5ef8dd4c8bdc4faac0e7105
t2t_L10000_8590	971a4773383597440b9f120fe6535b06d35283c174541baacf4910c8839bf666
t2t_L10000_8591	dce8853c9024526060fb815893bc9f6eb2a1c34dce3896c8a98bc7f453378153
t2t_L10000_8592	abf1efa9abd19d8a931e40749e7d2adc9e9a38813a3381bf54519c1c345e7b16
t2t_L10000_8593	34b8699032526a666f4d14712c21429c2583ba7ce389338418b9c37204973e42
t2t_L10000_8594	0aac79a3c18f13c4fdd35f829dfd28e0eca53314589d2620420a3ff3f6987e64
t2t_L10000_8595	acdb6bc728f0dceff12c38b1f815c0c7e58d407821980450f28007f070196a47
t2t_L10000_8596	559887a122eae4baad1c2bd0be340ebf8b37af3b127a7b2f22c09198d3d301ac
t2t_L10000_8597	2a24cc5c9544f50e0dd9e44171741e1cb2d20db35bd52b5bb2375acdc33ee67a
t2t_L10000_8598	ad1e310dd306fb8f8cbd28e879147d93aede5dc4a24e0cda3e76f5d05113c5e9
t2t_L10000_8599	af9b00cae11455f458e5979dd0a4ff3a3b857a206317dcc530f250117b538ecd
t2t_L10000_8600	36b360950c36e927fa657131826553d97f4d58ea2e978bd6b4ec25867dcfb3e9
t2t_L10000_8601	5318f101c497df1209d6c090287b8c12447fe69583ca8f5a3f33e4aafc54b060
t2t_L10000_8602	047279e260a15223e95dae98e26bfdda6bd2b7d11b3cf923dc059cfdfd50c0a1
t2t_L10000_8603	53affd30c9bd0aea01e005e64548f153ea2b580081fa2b334c082e1606adf81f
t2t_L10000_8604	aa5ca3f4e7a72aed664ba8c8d01c903bf9f632094c8f6fbec0ff22d89a7e79db
t2t_L10000_8605	cfd5c69c600702dda523e55318de941c1601c878f7c133a63aede58cfd1dc5b0
t2t_L10000_8606	acfb2b1be509939bcb7a2ea159ccb2769b92b99e1333c2b3b316907e176283b4
t2t_L10000_8607	7f072cb85cf284a2e5fd814f4d94f9599bed720fcfe9818751af55294a098e35
t2t_L10000_8608	1a0e2cbbb4a662b4c5e1d9f0bbc17f3124d1f915fb47c4ac6a2a76dc685f9775
t2t_L10000_8609	40d2541768dbc03675a26832abad857144f6f87e039af0fc999139dd524f9468
t2t_L10000_8610	b6d40478040ee16e332724da106c79c40b63c208f9e58e06e5e6a8f4c73e5751
t2t_L10000_8611	775f601fbfe6fa9e75b0fbff01389f4b3bdcd3bc26461ca3a849e3b646eea4f0
t2t_L10000_8612	d6bee284e89c78ea5acd66148ef1abe33dd30773d557fea34302a3750b2521d1
t2t_L10000_8613	22861df329a4d06cf0e349ba63e41239c684caf0dd71e62645f02841b2971431
t2t_L10000_8614	2044757db17483e22c910c8d3ef91cf042fbc86de92e86980dbe76d07cf01a2d
t2t_L10000_8615	1a67d446da3746060f4fa09819c99481c16ed80477ba8d03d018af76f7f5f26d
t2t_L10000_8616	cf34d94531a3dfa0c3a95be209ffa922a4ec06f72a58fe94413fb26ee4ef9175
t2t_L10000_8617	079ef48521be28718537229ea552de61e9ed2d7a946d0626d85caa5699af542a
t2t_L10000_8618	62ec8359fc67b856ad3d7ee2e12fdf30a61d1d57634d629cce15935f6e6d3300
t2t_L10000_8619	a940cfd83cc87d26a5021cebc9f0683542073384eda0760aff6a375f385046f5
t2t_L10000_8620	fb6c6627b7f43484c5e81117b974d644c2aec68cc45d372de52d5a5085448ee0
t2t_L10000_8621	e9b84bc745d59cc5726687ddb148fb87ca3d2be65748acc769205ac0d9f1936d
t2t_L10000_8622	3b4fb32e34b24580f322cf35001234e791f2a272fe7c2876ed1465f58b36d0ad
t2t_L10000_8623	45eb93e7813efed1cfe0be5b336ffea5ff6d59cfaea774689fdbc9ad96860345
t2t_L10000_8624	679be2b0082c265363a1f1c917c2ed528bdd0c42ddf0c486438508881a9f32cb
t2t_L10000_8625	82467ede303e8b13737bcff0ce8d3844bb9a5a00b6ab9d3e156ff06b6fa0eb28
t2t_L10000_8626	1608538bb0414959ceab7725e4bdd1bca76693f9e633bd8b2fe6bb96f1b8d64f
t2t_L10000_8627	3c7b82778db846bfe3c32e5a1f4bfb20b7f66c9035000a807711e5aa3884fe59
t2t_L10000_8628	4cebae74012e970380cc5c909d38a8d724d6114e232fe475185ac42241ce2fa9
t2t_L10000_8629	d711c7d03563c2cc5065d4d5459d783c263b034d3ff08e13a11eb2f6ee2e50b2
t2t_L10000_8630	b070b2eb4c835c80a26392f33830b72a6eae0653a08b660230bf91038be80f27
t2t_L10000_8631	e5281587d9ae56aed5f4e69ab04aa9046eb5aac44964aaa7a0fdc6c331a5cd5d
t2t_L10000_8632	d8fea0e33923ca4e93c69c26d820dced1ebd245b84e5f9747299f2448f74233f
t2t_L10000_8633	473230b04a85fb4124e868b63c195b57ea6a6b627cc3df7d2cd1376722c074aa
t2t_L10000_8634	54df38e4dd8d393007c2f9ba7adce0634b9a7de0b6f7fcf200fb819ecd55e1ef
t2t_L10000_8635	b1b0e5a141a01725254e0d0fc6a155a38edcfa7656904039bdd3443f309caeae
t2t_L10000_8636	134872517d6a32bbadc30f1b11a6222fa24cd41b0a8aa5e6943e7cbc76e0b714
t2t_L10000_8637	25514fe57f3fc7cb60e2a00a5d939a55928960dc8a94ceed64f966ba4978e9d4
t2t_L10000_8638	644bdaeeee1d0a5e74e59da9393b4441bbfdb9503448325d516ddb8a413857cf
t2t_L10000_8639	ac235da77dc9c0362efde4df8e53ed7b0bd10ea423ed573732fccce9ef93ccd4
t2t_L10000_8640	91aed975595e9a0b701bec70648248e3838ca3b2489ec3434a71d8aa6ce10883
t2t_L10000_8641	6f99bf3087df69a8afff817c160eaca20f3126bfdc20378a391a2f629ae0cc22
t2t_L10000_8642	65d0e0fc0d9aebe55c1cabdd50df7d990387f2444fb09630aefd3a0d89c05772
t2t_L10000_8643	76073c01ff308a8876aba52239454b578c58f9905e231e17ebb5ac25d97920ef
t2t_L10000_8644	aa1d4cd772ba9b4acfe01122e601939fe52e0bd5e8d17ea7aee17a60c80b976c
t2t_L10000_8645	0ab4a5593f826a2b40b9d192e824063ebfd790a22bdc1f6ee2e66386f8fad839
t2t_L10000_8646	085d73ef2a117de0dfabe877d30520ccb1cd41413086207093181d5e8905d797
t2t_L10000_8647	f7739c907f9f46ae4a9f4c983e33c51b0ed0f7499ede1a2713eed3a5bdbbfbeb
t2t_L10000_8648	4482c32a9915ab551eda78a8b70e09fe0165199a929981d7a5f7f2b0770fbed1
t2t_L10000_8649	00cc7e889af8ee3a749ae23d10630fcc3b3baac0f42b0ab876113c11b34dc59a
t2t_L10000_8650	69d9a4b4b95724e2e62a4303cad5355e305a8094e58008856a6ebf75acef7f0b
t2t_L10000_8651	51d715ef8104732fce6f25e2266b31c9aa94b83c74a4b324fa1e9652f425bddd
t2t_L10000_8652	eff898907f70e517fc2b891c6d12a186cd9da4df8faa44b137838e99251476ae
t2t_L10000_8653	8a50bb4c5f191fc982da86f813ba923efa2449ad2f4f750a5d17d68187e011cf
t2t_L10000_8654	7c9143f70bd1ee31caca58d435dc50ebdc24465c3f8f245b38c03d01ebeb4a1c
t2t_L10000_8655	13f9c43a6c4467759d77e0a441ca602d64f5849e2df2d35f046d1aa7297f03d3
t2t_L10000_8656	aef69541f2081910d293be4bec46b3942e64eb38223c93e6be074543e77044fc
t2t_L10000_8657	0a1442bad20c54b0b687c856d6fd59cb3c0f2a8aeaa670831e395c328deabb87
t2t_L10000_8658	3027100958aa87ee0cd4ee0dff445203d2e9081b976f44051123f1c8bded39de
t2t_L10000_8659	3b5c54f7b9d1bf168aa064464bebe0e941e69411c7833a7010b958ad58588eec
t2t_L10000_8660	01af6d09bfc39ba07c8a27e44a56c1eabd1f0f3fe301adb033a7cb7bcc541c31
t2t_L10000_8661	f88c379f55cab38005a61a50266abb3f34bd0ad99f07050d032279e12a1cd875
t2t_L10000_8662	cda4536d641711253de67c967942bec8697ca88a12e4a214e4604e60513a619a
t2t_L10000_8663	cea560cc61fde93dac510624ae21fa8eb187729d741f1106c4c4fc3a6d7c1da9
t2t_L10000_8664	fa173a862c659d540f9927f863090bb1ccab7b9b90c83cb37b0c74ad4197a91b
t2t_L10000_8665	56949badf14ba3031ea764966e0aedc5d1bf569c3ee1e81272bbd0f343436bbc
t2t_L10000_8666	fc92900507748ce59ff4db2be502d54a21e3ca3528adf29d9993109a5792a360
t2t_L10000_8667	49eee6d512a6f8388f25e7311f8ddac8783f28a69410dffb332a6b86da290266
t2t_L10000_8668	2adad37492092cd07d6a39ec1997bb524e37b5c9f1d5a20fda5921bd2e40a7b3
t2t_L10000_8669	b74fa5b0aa85ee04c936628f9f4cdd44283384d43b7fd9162cb60f173130b7ea
t2t_L10000_8670	e9cb4c450507b5d9e241fb8f4182c600a3420a46db394a510bb94fa4c6b6e272
t2t_L10000_8671	4425c664f3192de4a2b16f7a6df54f0db4b9093cdab07c0d61df0b1e80a5da7d
t2t_L10000_8672	e6e46434715f8ef6932b98a9589b0c7d97298b4f0a29a3063bd1aefc8d31694e
t2t_L10000_8673	839c7d7e7e522355031e22545f7eee4c21ff9e6635a5a44ac1d618d121fc170e
t2t_L10000_8674	5b70001f7994ee1be4463d8bfd0cdab8b04ab6ac2e83ef83610dafa8a1eb99b1
t2t_L10000_8675	a330a8fd6b1a3f82e297e9402206e2c65662ada28ea4b4d8052742a3389d676d
t2t_L10000_8676	70e9c767ff4590b0bbbc1632016d5e1d5029d8421d2334f6d8bfdf9478a5fe7f
t2t_L10000_8677	781b605cac9bae8b63e808cae1173135854e05d1c89ac1cc821c0d1094119e31
t2t_L10000_8678	d4928918486b9b2515ebcf971b20cae1787efaa3a534ca5cfdbda4d25c2cb8c9
t2t_L10000_8679	34e5bf23c9ab7aae80bfa94aeb5e75d3ebde0785f14ae952768ea6dc0bbb2138
t2t_L10000_8680	e33533b8b49a59d13986917bacfd3391fabedf79bd556957243f26dec42df559
t2t_L10000_8681	29b73e5ed09307fd47697d7c7dab262dbdb93f92e59ec00d2829ed2ae035de28
t2t_L10000_8682	e1d6f7f521869b6a8ca85ed9cc8a1a4c88858cf0efb6b9698ad4c12e18de3b82
t2t_L10000_8683	e6f3130a3994cb3c0e0920c9f5423615a87f91dbf5574c011a6e9cd43437091e
t2t_L10000_8684	d5cc7982ca69ee96b19af250e059c30b92848c305ca09ec841a2e61ad49c27e8
t2t_L10000_8685	ef72521341a8250cff0803f1aaf940eb23e5577620eb49259b018dd0a1be3513
t2t_L10000_8686	94f8f5fa2a640706ff96532c174e15890b4b02441baeda09cfc514d00fe48528
t2t_L10000_8687	0a683a37f911f07a1bbba1841866f3bb3a6aaa057c43a1e372dd493c98e43dbe
t2t_L10000_8688	e7c050bc52611267c0f0a3fb536c24dbe7b8b4d012d4993870f0a95d4cff7d0f
t2t_L10000_8689	1cfdcae9b4654ee4e973d5d178bab42759480a3dc29a8a0b5f727d7a2f1e19ea
t2t_L10000_8690	65b925c49732ec73adb403441c9343fa2c4fef8675ad83485ffb47843bfc42dc
t2t_L10000_8691	30cb13a6450f634e606bd553ce98de5b3ccab220f27e0a8e0c9d833c41f8de4a
t2t_L10000_8692	53220755e9f1e653e578201898e984856f977c4a79f91133e2f788b5020eb961
t2t_L10000_8693	bc2fe11cbb11236db6501a49d3108f6ba1369f1b78171f7b84d88c917a3b88b7
t2t_L10000_8694	259f8434c6240a6609b6d95ee278957595b2faea981686073d7e758d3a9e22c6
t2t_L10000_8695	b70b294b75f2179352cfcc2449ad472e249d6b5901b1030745829f93e3a1094a
t2t_L10000_8696	3f94bda2aaf6df4fa52fb5a14afeb39439cb70cafed51cf5032035792996f403
t2t_L10000_8697	f8645d3c5655d221ddd4732ff0b13d47af5a08df53278956da8d93393b74b667
t2t_L10000_8698	9ba5cb8a044ce527a06b024fde798cee58e52c0e4c228c59794023760ccf4917
t2t_L10000_8699	c4be0f8cb18395c4b0f24d79352bf1ff53bb41d7e26e16f08f87d54c444760f6
t2t_L10000_8700	cc0fd00ae4b594096c5b0a1b298b1a5821f0217d0885df2a3db9cb3113b0c62d
t2t_L10000_8701	2f8386aec5060c17678861fecb3f5615838a45b6c3d710b465d9c033565ad7df
t2t_L10000_8702	9c44a75085e77c7b15676960d352fcb27344c47933abfb4122f32488a6b595b0
t2t_L10000_8703	eae3b9e0502851be6ff7a4ca072d505747e0dcd00f43d84fdd10388e6fe14570
t2t_L10000_8704	129a6431bd8c22e8538032e09998857bc7a1dc164b5d45b64011e714916441d1
t2t_L10000_8705	6b643e92ceb6141563019b1c6a92537880dbfd20cce536e2015ea7b97bd440bc
t2t_L10000_8706	7ab99c5ca2ea3aafc70183ae9cdd1d30adafbea1bb009e8c90374ec5f1c14809
t2t_L10000_8707	56b0aae9cd080356dd917f6324d4f0dceb9fe0f09cce8f94a05a9ceb2aabd166
t2t_L10000_8708	f286338af1cccc44ec1b9bb635855d9410886aefbedb82081d7d5cd78d4104c1
t2t_L10000_8709	2ceae64cd404e8b303f3750baf2c47d742b1258cb21ba2d019a037155f13b6a1
t2t_L10000_8710	6376ab1ec703a95c46cc7651f6a81abf2af742ba55796d5bc9eef8f48c3b781c
t2t_L10000_8711	353566031fa614ce45f20d4a93a9987bfefc61631c991718620c7894a7af177e
t2t_L10000_8712	7e87d9eebeb45c9db8263a2a25eba021cd9132af12f79e922a917948b04fde41
t2t_L10000_8713	97f78940be296010c49c3b302fc9cdd62c2788a7929eaebf6d3258750dc96ebc
t2t_L10000_8714	6fae1bf43351e3855a4e7772f083099ebf34eb544413f753826b2cfdcc32172b
t2t_L10000_8715	a4b8aaeeea1d0e057f52cf5ba64295e4dd4c20ebe1e7368e68714376647f257c
t2t_L10000_8716	32dbc43986e0599d784b2fec49ed693f6ac47f68fb55a0fa5f8ce5c402cfd49a
t2t_L10000_8717	d09791595109ca217c9d0bc9980dfcb28e743bf353be57c29e5f756a7831f0cf
t2t_L10000_8718	a274b6fad05960f250cc41336b25b3ae9a9144590c660100617415eac6d9bda8
t2t_L10000_8719	882b7110ddcb0125c60c944531050fe456719d7a4dbf4f4543fcb284a2c71be9
t2t_L10000_8720	2d4f89c26601048469fde7d77b810da2b13902ef7c2677e312d99639e926c1f4
t2t_L10000_8721	5e1e3c9bc39420f16c15bb652ff9843071a831b8e51a9b035084b40d8a206432
t2t_L10000_8722	ed6cca921af73b43a4a4f8fd9871a47bd3522bf5171f4420ba807e281398d462
t2t_L10000_8723	170c027fadd8407be3f48079b4e0b46648714ca5a11fe4be8e5535af9453cbda
t2t_L10000_8724	87bc8e81ff84538547b46601bae3d86b6a0e7b891bfe68ca67c7802cdef3b08a
t2t_L10000_8725	3e7312c3f333824b940560435bd702b2a23a0c7b6c8ebcdd6164df39c8cb3ef9
t2t_L10000_8726	c5833606ae819a09b65a5ea04f86e668258e2a333eb0d64b3d359834eb028d89
t2t_L10000_8727	8d320e08610dbdcc3e5b6ec74b44cb7aac5a07a226785b2b800aa116c798aeb3
t2t_L10000_8728	753cf36ca6b4c3c7dfdb2795402c73c1f378ec3caddc8df8f30ff531616bb7ca
t2t_L10000_8729	0f30742b59ebefd304b8758c44535ff89f3a95770c978a15b40bc18b33ee7d42
t2t_L10000_8730	4c5d3314057256d0f42a64afe4627a730be6bd8ae03a40905e169cb3219f8335
t2t_L10000_8731	4e6993f19577198ed3218f900f19560a37dca44697eb6108f7468507360535d8
t2t_L10000_8732	2999c03e91372e3124cc857e01b46ad183377403402e9443dc1ba864e545d00d
t2t_L10000_8733	b501084953ec83d5d594d842ee0715dcbb481618654988627f3514d716a36e83
t2t_L10000_8734	d7192ab03234c8064dec9c3b14ebbdd6356711b0b7512af018e1ba21449af56c
t2t_L10000_8735	9d6799edfbf92376c5120ae00e452ff476f260beeeaaab83b1439e2bd3c064af
t2t_L10000_8736	31c7552b1b1042bdec07c3175e207ace9859c952b22ebcdf210d794dc19c4c80
t2t_L10000_8737	6c543ca89d3dc88d42d07690dbb7877d805c917081f284e21f66d5117eff4535
t2t_L10000_8738	c7127458696cf587ba2703fde73ca3bbf07174042740f8ad6a1700414442e7cd
t2t_L10000_8739	9e10805b8fcd831e5d4d04d57c931cc9f9749267196072288eaf0929bacb4e34
t2t_L10000_8740	8deb1617d82368b3a8c3d3a54d3e9fd303bde36d18b061df4a050be8184b37e8
t2t_L10000_8741	e1ec086b5cf4001bb23e52cd29c747a2e618388ea0019e0dc9d4cf036df09399
t2t_L10000_8742	9ba3d26324b7f953074cba6d358c6769b38c081bc29938a1a38d96c1a0c2b186
t2t_L10000_8743	8019995c15d11c4ba178e5a79c1085908090629be547f0deb291cfad87006ba0
t2t_L10000_8744	9417f6b246eae1615955da25c635857be481bea2df0b4fea4091d023d6d5f1b1
t2t_L10000_8745	d579251050af4d8bbc856b4b38c4c1035755ec9ca037682d501f57eccb3a9503
t2t_L10000_8746	af042e235b6380972c2b61796c8fbd7d1b508d2d329a17d120fc2a0025ad90d3
t2t_L10000_8747	ef8f9cff2c48c675c2bcb3e368075fe54d0c2c43c590d38fe726d478bed8ba61
t2t_L10000_8748	889b91962cf7285d55859a7f6e2a70ecdd8deaf834b43e739a9a744602460812
t2t_L10000_8749	ca45db1ec5868849aaff2551783e6a9554ab815320068eff90cf500ed06e2182
t2t_L10000_8750	ffe32a563275d78ae1280e171494e59dd370e49573cc948921290ec58b78f990
t2t_L10000_8751	4b556cddc8bc52fcd9f846d2c97c867930b247330b9e012feba8df3e9fa22f37
t2t_L10000_8752	3062298215bd5c1fbef1202f35d7f86d71f3824accb8f73957464a139ac7281b
t2t_L10000_8753	08e1337e799f547b76ea7a524cec3a1276d03727dc986cdc4a702a1819c52b69
t2t_L10000_8754	2ccc89e65468b0462d1efac3659a417a4b8938a157d8905e5edd3a7b5e59bc39
t2t_L10000_8755	88d265209ca0502cbccc25499dad776e3187db3d55920335abf8b966bc9c5bc6
t2t_L10000_8756	9e0344fa0c8c91dd5d6b57625cfd165cc82e3ccb64e3a957b69ad86eb2ed3d29
t2t_L10000_8757	0a210797df4744c3fa92fc9170a78a7b0adacab85fea52b861ff7bf85c58e063
t2t_L10000_8758	914ea16c3e6042423eb90d4b7618dd75161beadcd7ec7e95009d80bf979ad52f
t2t_L10000_8759	d02b22a2c5c40135d6e8e5bbc4aa096d7df0ed79d0f42124e21e6aee90639108
t2t_L10000_8760	dd91fca808004585fb95e6dd772f13030c1fcae7ec4b95bfcea0f2eda3eec7a1
t2t_L10000_8761	b3405bc402a66d2693506650b1401fe5bae7603ce13fd26c27f0121db4c81755
t2t_L10000_8762	b8c07e0456d1e2565605cb251afc94f943997dce9bd2279a1564ebfa87c92757
t2t_L10000_8763	1983562133479e3f155effd4dcc88380ac583f5e9e4a82508328fb61dd37fdb3
t2t_L10000_8764	a69f06a65806a1f2dbbe49bf5b116bf6a85e8afafd1f2ae1bab375ba8803ee35
t2t_L10000_8765	61753ca4e81a380f24a12167b3691fc4039346294a23bbe161b39a28be10ccd1
t2t_L10000_8766	1a52968e8473407956dad1816787a249dded75787e910a9ba04cabfeca696919
t2t_L10000_8767	6725ecd182bc3cddf45d9cac86e72899fd0b4cce5ba1194acdd12f08443d07be
t2t_L10000_8768	4fa41aab9adb311d0e1e003566021a9ec9f780f6f2ce9af84c974ca5619ab686
t2t_L10000_8769	ca4353dfdba98a671fb6239e3e807708061d9c43f00cb55282acf8fe39428798
t2t_L10000_8770	c85220418942e24ad07061914b6e1be856a16fdce7848cb4fb5b6c30a3862ef1
t2t_L10000_8771	aafaf735b8dfc0e192acd5ee7037098dc5cc142aae1ac569e22ab3d1eaba1b1a
t2t_L10000_8772	5f3856c094724a3d1e8032a7b84466190ccb6e7d6811b53aaf49d815cf9873cf
t2t_L10000_8773	a9aa3cedb32bf7c8c9907d80451a99d763bc1f4a7d513613b0075b4b66f9f97b
t2t_L10000_8774	03def4dfab6560fe1b416107b4a5369fb43d1a474f6590dc28f1e0baba4a2d11
t2t_L10000_8775	7aee4aca1cf32bebc02e80611d69a1c7a9f32c52b00e8fdfd60f1e6fdb4f0fd7
t2t_L10000_8776	3db2076f81d9023cc1d5446e7f5e8a60a861b9550ae510fa2bebaea0ce1ae8fd
t2t_L10000_8777	ddc908d91c467faf3b0a3cef74edb83c50f33f11348fd76ba7bed9ade14318ae
t2t_L10000_8778	526e019d53579993d25e0ae25f62b49157a4c0e7773a3341b567ecf3f547d595
t2t_L10000_8779	564891a811a7eb0cf3a5714ef1de9b2a6795f739302bd75522b739da77f9d0d2
t2t_L10000_8780	65ce94b2f7ab377aa03c1fcb8c451ed96b6749d0c8d9db74d2dfdcfddf299443
t2t_L10000_8781	21bb5141644e3e9a3c553ef4ff6167d21df86d107ac253ea221b6b1cd9f6831c
t2t_L10000_8782	14e43f4bf6876f91463d3783d7d3188d77d465c785e1bb315e5053074eab6769
t2t_L10000_8783	4b2560b589b5f35bbacd9a2e2b5036b5e3e6c64787e10d23e63c9fbbd08a4b36
t2t_L10000_8784	035a856c0fa79e2b90216b940cc9a1bf90a437625c4755a707b5742c90f0f084
t2t_L10000_8785	06a697cc54e50acaaea663bc3582ed1283eba84ec0bc51b2ee3b722bcec9ba08
t2t_L10000_8786	99a5d4afeaad900babfbda2304f7fb42a003dfd8a993b55201a01e5e9187ae2d
t2t_L10000_8787	2f868be45886a7f8bee9b6708bbde96f755847e439e2f7a2a6aa7eeb16c463ab
t2t_L10000_8788	39c59583e38f31ee4a16db9840950fd0658b479af14723ae941366549e7940dc
t2t_L10000_8789	6903ad710f073e02b370f62e8193d3f33c5f1888afabfc007bc30fdf0e390813
t2t_L10000_8790	ea3c215186bff0495f0f70bdab8922ea3d369d943d8ed0808417827da3a671f2
t2t_L10000_8791	c28a47d302a317a8bb0dbe66732337f6690185e114e4aff6f8ee50fba6b19d4d
t2t_L10000_8792	7a405cd29e433fb12e4472ffa56905ecc0e009cd5751eae77163a14ad0ba9b3b
t2t_L10000_8793	d7d26019911b7d96d2cabe8d3d4a7a0dc1f30992359669bb1629a4cc1912f124
t2t_L10000_8794	eabc8df4c1ffcb31d9a7ac3d5af7ab45740a72bed97679fb11cdfd2dcd7f6879
t2t_L10000_8795	96d4914dd55e6157cc9a510bf4231aef4c85d5eedd15624c7a7805ee97bb2ba3
t2t_L10000_8796	48db3e5d937cf6f3d3d085a28c953354a2e59a02c0dab6ee5e926f64c09f8951
t2t_L10000_8797	9893d8289a9f905ec65fb851ceb62508c17538fa54c9624052062d951b4a8919
t2t_L10000_8798	1db1342074284813cfe53b0555821cc8cd99d23b10a93f038e3b0e44a4ff8bbb
t2t_L10000_8799	d25f2cc919a88548e4d14839703e3333864349b422bc9f4d0119a03ed3142af7
t2t_L10000_8800	2726a3f590351827912ef1a6c3ae69d6d22eda6aad0bcf68cc4298cf4007d2a5
t2t_L10000_8801	e8c1b0f1f233ce877b71f4e4eddda929690f4fc723d249429ad1b4d5ae9013d1
t2t_L10000_8802	e43cef23018a0de4c45ea401512217d8e915ff16b259f1328165ee0ec0437ef1
t2t_L10000_8803	538dac6e9252405e6db79fae9a20f9fe5c40f26717255af3622feb08a8f10c5d
t2t_L10000_8804	f3451b90b7e594cf0a2694cba3609cdcd294983ac6121ee53611c21ade39dd85
t2t_L10000_8805	6bd33ca1032be1b1f0bc232bb7aaef259f0d9a43d59a0add8b498f2ca05322fa
t2t_L10000_8806	c52fd06e98dc184cc33fdc4943543aa1aba4ba6e47342a113b54d22816ba5648
t2t_L10000_8807	ddd77f38c4f73cf031a85189b0a11155abc0dbb570386da4d1343ce0b0a6f3a5
t2t_L10000_8808	dae5e987e4534666b386e7ff18c98340a901449a9647d8201fc9fcd648ea1982
t2t_L10000_8809	9491293ac3c221cbe8d5242a9a23e6b1dcdf3a7b14681e6cd5402ac08969e5c5
t2t_L10000_8810	8c09b54cbffdb0fdbdc1a1d19555a5ab4e13e7717cd578c907c3b931861d218c
t2t_L10000_8811	6997bf198966d72c6c13016e79454bebee7ca17b22dc70e402ffedec0ef54caf
t2t_L10000_8812	c9352891dd1cccaeafd8e05c449cebb9c59635c27c859924a836afd774f7bfcf
t2t_L10000_8813	243a2f7a6f53c63a7b0a557fde4f4bf08ec88b4cdcf973b08ed31f30869860a6
t2t_L10000_8814	118b8f7028c90380ef652a01601bbd2bcce405527277901655b5cd21931d01e3
t2t_L10000_8815	9dcf02739994b7c17725c0f0eb0af3fb1e81a71d3f3ad421997fa4b2944e17a3
t2t_L10000_8816	a4e38669d581c988b973dda069024a42f69d1bc2a2503096bbafe46a269f79f8
t2t_L10000_8817	93fb9f048168a1e330fd00a56cc2b2bda9a14957fc94a0be1eb05ffcbb4fbb19
t2t_L10000_8818	c3e4240df42443f2b1e906b008f62490be2a40c17c4e0569a298c515b0200637
t2t_L10000_8819	36863025e58e790dfbe052fcf3df611ef52284c99a870322e52d310fac97d407
t2t_L10000_8820	6f558baeedb92e04f86eee94296d5f7040ac751415b99d481851f94df763e8d5
t2t_L10000_8821	1740bc91022204caf39af77193652232a24b8899d3d4f6e5af19897795913c46
t2t_L10000_8822	dc3ea0cb11b533b91ab2054314940c998dca9db986127ee48e4d6516731f7a94
t2t_L10000_8823	30b9312a88ee451cd890e79da99376f8379b804059445ddad94ace897f23029a
t2t_L10000_8824	5421605bac2dbc6d09cb91753aa5f5e3716fced139824612c40f4ef9b85161eb
t2t_L10000_8825	248e70d5fd9d245a4e651192867084b90106d0ad311d8817d501962ce2266ac9
t2t_L10000_8826	6fa5c06b95642089b2d7c71cdd229504e2994eee0708673fcfdc65159966470e
t2t_L10000_8827	d063a7080917fdb9c1de3c7b89dca9be3e2594779adda5d67f7c861be2c6b6d8
t2t_L10000_8828	283999ac2af7b4cc5de8d0aae3534ff957d8f93685900bc4e629840e71c7d49f
t2t_L10000_8829	14864f608be3068bcbc9d2556b4daf5a2ff93e6cf5193e85dc8731443608c0f6
t2t_L10000_8830	267b9882fc992c90659454745d747ef5c3ccbf2547cf2c9d9ff811b4c1cbf86a
t2t_L10000_8831	e1f2cabbfcbe142dd61999320cd114f65fc9c7cb887f168c9df910d21cd886fb
t2t_L10000_8832	2f157f300f3904b8772636aaccff1141a6ac4899249a054ce956c5ecb7c2c0b3
t2t_L10000_8833	862c87def584affbd85135aa4f832be6e75dbf32f8bfd1153f8b001cc2f990ed
t2t_L10000_8834	25cfa38e10f5b4e3a47a92af5a4fca8678695c2d09df1d9d0c4835b0d2621491
t2t_L10000_8835	851830291f58c75b9c933ab6810eacdd8211039956b7e1f02988fc312d04df35
t2t_L10000_8836	f2004a2e0ab74350dcc1f93187218334aeb455704b43d7d993de564d734c1302
t2t_L10000_8837	d77ecb187b1916d2c06a2bbaed1013172da0ae2755f23e5fdb52ae9519dbabd4
t2t_L10000_8838	99fc2c7c6308bc0b1c516950a90d5e852a765a929b08c9653255913e3724c582
t2t_L10000_8839	a33e9eab9672fa3e038d8618749042203964348d7d422352582ede026228e406
t2t_L10000_8840	2dafbcd96cc5bd4df2f811315272e139de01239773063e2859f5d277f916cb29
t2t_L10000_8841	e2c4e43608fe1a94d77f466dd4a530046bf2ba70fef0e59d739c6cc2d6c1167f
t2t_L10000_8842	f8342cff76a14c74b0cf41d058a41c964140a50a2881e8902b7fdc6d9be6b3aa
t2t_L10000_8843	e7235ae1096ac6c832f9b916da82488d67bca3c00db33b3f37cd16aa89633433
t2t_L10000_8844	95b2984ae3614a7beac9376acfe61ccffcd6f0fae97df725e4795b8ee4ca90e8
t2t_L10000_8845	05310ad3df45efbfce0f7413014c7383b169181bbaeff8ba754d3d6ce2156511
t2t_L10000_8846	cba285ad09878ddaf65e7f8670e6728da43a20d3d432a0e5529519916e0896a1
t2t_L10000_8847	aea62aac3dfc27775f99107482915385c63adc6be57729a068c9535b0db11545
t2t_L10000_8848	a6ca540541a137ccbdb5b89fd459a06dd50daeb053ddaf1918f01852fc198d61
t2t_L10000_8849	238b1cbde6cfa3729daca78b609bee39306f413abb0f4ab8d5c2c88f18e05061
t2t_L10000_8850	81273e4b48c0735a8ba84de48c32b98d9851ddf84a56daeca1dcae1534eb9f4b
t2t_L10000_8851	b3ac82f73002d43fe558c831f24144f9c25a053613342a4612a4cf2c55ca77c0
t2t_L10000_8852	a15881ec178776cd69b02e72bc93ea14988e5c16087a704cfeacca3567350926
t2t_L10000_8853	4be777f193b5899b83a4be4f53bd2d509ba877aee8058ce98655a3927a877746
t2t_L10000_8854	ff23135eb71f96e49cb847bcf632c00ff1d08e79c7bbc99648d18229b3868470
t2t_L10000_8855	8bfd5dc03674bc3f6db19d5419a73c8584f43dd9781a3b2b1f84394af416363d
t2t_L10000_8856	b2cae38697011bb2e57df3fa4cde75b0973bbb0eb35dea10e06e3aca58634d20
t2t_L10000_8857	fc6fc5f81c24a213dd14608b1d0b24170539b3b4883b6eec00c236398a9cf581
t2t_L10000_8858	bdbfee13f0aacc6db85bff71a8851ff01fe54a5d7dbd549b60637a5d2d52572b
t2t_L10000_8859	3c92c0321c2126d85fbd4990e99c029e9eaa0865a123d107ef2a39047741d9fe
t2t_L10000_8860	fa707e1fab6ccf23b204c90c995009fb3aad3848805664882c8b85d056d5b47c
t2t_L10000_8861	5b34ac39a2033e1ff01bd90e070bd724a684baec4a8a09085843906c83a0b3c9
t2t_L10000_8862	1f9635d6f027a213fb1993bb2651283a0697219fdb7479f0ef302641f0ea7630
t2t_L10000_8863	6c5b6b7102347015fb366530bbc24567b05af3227befb1b77f0cf7016daebff2
t2t_L10000_8864	17da034543a31cd33bd7ce241b77512b07f1ef1f918ddf0bfb662f5ef560ddb3
t2t_L10000_8865	91719eee76eac77cace74b8ad44f7dd1d53af7bf77778d580d16f533be37e7f1
t2t_L10000_8866	e92a4f5412a266c6e2572506eee98b4ddfa8ae8125c18b7ff8fcc0654b6232f7
t2t_L10000_8867	56a8adc6d5ba6fabb03f7f204dfd3d550a877f39df003453bb62485f3d0ef315
t2t_L10000_8868	bef1399c8eec671e9b87c175b1ec6f14ff42074a19b1b29aeffec93e80ae7ec0
t2t_L10000_8869	b82f7f27b8e17a9e75e8ee58044fb82d51aa4694cc4f7b6c9ab4c097e70f4e75
t2t_L10000_8870	3c3fec61c72f9103f167c1528f93a08825c24d89d14eab40d4e846b513ed37da
t2t_L10000_8871	05e4c306a2b89de902ccfdebbd617631ddfaf3e73730a310893f7c9731b6457a
t2t_L10000_8872	9bf5db69162d7e23686acd9f4905abba7bc801d23bec1b1dc3029553823d6249
t2t_L10000_8873	f1496e22e9bcb815da045d249fba05a821dfda52c18634ac791e45841a4b0f5b
t2t_L10000_8874	d397fde59885511d7709dbf0263ec0f06aadef397faf746baf9974b437031e6a
t2t_L10000_8875	fe33a6963bbb90e32f59d82667ccb798ca767c2d1812a0f8d3041d52bffef950
t2t_L10000_8876	937d54c50f14de307dc78af053ebd6185080efcbdd2252ce12474f50f3afa3e4
t2t_L10000_8877	55c7de2f9d470e1306c54fa9afd7670f80740a173e0f010ba57f4ab4953102d8
t2t_L10000_8878	53ecce21076f7325449702d5ee63fe5e3b7d8c2c005abb61ef627723033855a9
t2t_L10000_8879	da27675af49e142b4cba0822c4eca8762091a7d998064bb681571d358f951c73
t2t_L10000_8880	331356f7a1942e0e9582e6b3cd3d2fcff2f10d67f100bdba4a08efe344a0f627
t2t_L10000_8881	5cbfc6068543271050678435a0ca27d2e1c40b5cecf16ee443d499c27db4b728
t2t_L10000_8882	4798c724d555f33bf2b8db499f864f0a0a4a20aa81b3b2ee7b97c8a83b0e6cb5
t2t_L10000_8883	69aac8c554e2e288622a9f0ae09ac50da3fbf18cb19832f54970529bc9bb7628
t2t_L10000_8884	41b5ce319837e8538fa5cba8abee45c82d5c199c65be0e29d31140df5dc5405a
t2t_L10000_8885	45887b9cf7f10490412a90ae26e16db32f3f43bbf00f579a5798dafd6b2e3017
t2t_L10000_8886	dfcd6a5cd0c5f6948717df5f1014a66fbd9a18a038b88d409d1fc3f59f40148c
t2t_L10000_8887	2c2e9c7c9501cf6dba811a931f98804abc837d0f285057383b11904395b94ca0
t2t_L10000_8888	d99825957d0ab63dcf021352eca139c4b221eae7f846d524433470a19f6205b6
t2t_L10000_8889	2cbc84d6aafbe26c185e045e5af0c4a72831afd8fcdb4a4956e9828837edafa5
t2t_L10000_8890	d700a26cda4b78fcdcff3e17997078d7ddac16cee1f88c003db93667249ff283
t2t_L10000_8891	328696906fb7b65ded5a02351e349810d64bd661fd1da11ddc211283325d839d
t2t_L10000_8892	8be03f834d5df911fa3ce8d33849276c0681a93db1c718b8d9b06be1416ac0c6
t2t_L10000_8893	4513ee7b8f3485ebdaa6279142f7fd0d11a048be9c3682e65d9b4673131919d3
t2t_L10000_8894	674be185281962a8eae2201e0e909b9286d5fe68d043b01ee2ccce5cd6aeae45
t2t_L10000_8895	171d72d7131f476423fbc461181e912d3db068ee8a8290bc0e535cb6924cc26e
t2t_L10000_8896	a078c3d9133f232ec4a4b89a5ba4845713d057fb1a6e30f5aaca04a44f3c608e
t2t_L10000_8897	a4fb7be849f7527855595a368342a7c3e0531533c3f889fa86d776f5870a8de1
t2t_L10000_8898	5a0a177b8a76a240f99afb2c6ad7737f29e07f6525b1604fe3116b802aac9cd9
t2t_L10000_8899	d9d0d98a604dfd34607b56d5167f5d8023c9ab0b4ea9437030a28a0678b38c50
t2t_L10000_8900	240f752213295a8fdf09033c5d5ea4156a562070f8055bb550bd94169c303837
t2t_L10000_8901	80e7fe0cb238414e5f4524e8e1e9cd8e7ad0db0a0c1788cf47b295cb4b4c4067
t2t_L10000_8902	42f19029c15765f49e04021103166bc4445bcc4c949bf90f176df67994dfdc79
t2t_L10000_8903	d9b9f494153a77b1e65a4064d18d860028966c058b4db1835c7cdc7b00e0540e
t2t_L10000_8904	c530b9fd6f515534f7cfe85311e58232e62c24c00c48a082c43416d5e362e21e
t2t_L10000_8905	34ef3e1ba8229617b9851705068bc0793aeec42632bf6debae18dd7888de20ec
t2t_L10000_8906	c1e51cdb8ebb5f232e2c4d42c1594f2752b161b24b004408560c3f803d5ad5ed
t2t_L10000_8907	dfb682fa98b22287bcaa4f27b539d1e3402f219f096961871cc3fa1a0063d2a8
t2t_L10000_8908	4e2b04ac2ded70daf50f04d93ee47c04a70b503e78522c7fe851edc73ada8f27
t2t_L10000_8909	16d23ef3de7e9e1e52db5dc773588caff50ac82e9fc392d0fb6b641c407692cd
t2t_L10000_8910	380a8a76f7b029ec37ead354deedfdb67c218a0a31a1e54f2d1674417fde72b4
t2t_L10000_8911	70e2233712a515dee6620a8bcf543c700eaf8793148ed15cd419673ad40b68b8
t2t_L10000_8912	628060d1dffbb9550a9e22469e6057c5692c22c58e8006bc6a5eb794dfb7e542
t2t_L10000_8913	be5facac37374474f128ac30da29f45d6d35c77d9471cb62b84050de6162df4f
t2t_L10000_8914	0f67e82e4d6a7f71f1157e86a406f2524bfd9db8ddb3904fbbfeea3d99c121f1
t2t_L10000_8915	cdc3fe029db18896522d63abb8dbcfb55f9f48613ad7183170366977bbc910bd
t2t_L10000_8916	0e751f12823c1375f743c9ee5b55d4545e3029984bd23c7ce050b6918fca5ce2
t2t_L10000_8917	70b8f3b4161dfea3d9fa48a4261ccbf9d2c04a3ab0fe7c2366b82b9f2d7d5b32
t2t_L10000_8918	4102e5fe4f4beedd0797c0cc43e42bdee54e1fbf515675bc341b67901219a86c
t2t_L10000_8919	270028766de83c961fa7d6d492ddb72d4c14e812765b80541c02013edd6fe1be
t2t_L10000_8920	5c7f604660b2277308f305f8a4c354caff37fe6339542e644eff7c9c6b3f7c1f
t2t_L10000_8921	5006ff8da3afc2c658b70af4ab826a640759f44d409f395382d314baebdf7ad2
t2t_L10000_8922	61bdb927ab1bb90cc127f860eb30bd6e07a3d6b98118331c4868010bcd6e8e38
t2t_L10000_8923	5ed3445df025f2dd9680eb7679fcaa8f4a22e8169de61d403fc21c9ee9a840b2
t2t_L10000_8924	b5f2de1322fb2a73928da76f23b176d90b5cbac5e818b2dd48fca94f1aca12f5
t2t_L10000_8925	915be80a7cee15f2354bc7b280d4eced83186ec6bbd3e79422277f24dc532e3b
t2t_L10000_8926	1635f5aa269a25d0edbaf8166a0ef2615bdc85ab60fd9bf820b885e68ac8511c
t2t_L10000_8927	990e0f0dcb2eb6826ac7a559b540b616d4d90f3118a88fdc72faaa438d0bb742
t2t_L10000_8928	957e4dfbb2a8585c19926f8d256d8dce58ad9bd4d050a466b4c3728cb0a0541d
t2t_L10000_8929	d53602485d7fe1aa91d05a571d29d78f714fda0a904c52c4f0dc84bd355ad97d
t2t_L10000_8930	9fdd325be59199a41a39fb35e33541a4798c1e230ff0c75f5ce07f83cffd7b5c
t2t_L10000_8931	9c75cabb11004a6752b85d1234a1612addabc6605f974cbcddecc997f4362c9f
t2t_L10000_8932	c6b1833a21d9fa50f7384881256b68a4d3d3ccb6fc0d193aa03302233363c817
t2t_L10000_8933	6137c7c3dd57aedade192ad43ee3005079abe2bb753c87a67347e98fb8de1848
t2t_L10000_8934	76fe166540d6535b2c576eb4c06bbdcbc2b0e9252ce71b2b40bdc97fb9bdd90d
t2t_L10000_8935	1bf799e3a30898547e9b191b5a9adb10de0b4625b0e87dd2b0c0b07ec8239d9d
t2t_L10000_8936	64411dbc24717d9022770a9a16fa7a43a153abbe41051950038cd0b385d55710
t2t_L10000_8937	f03e9ed65af86ec3885f50bfb8165b16994037a680a936c751b08231c52429bb
t2t_L10000_8938	133bfe6eef38eaa5236b8269f9c0a84c76fb513beeea3d9a8d3e92e849eeb119
t2t_L10000_8939	711add4f77ca63a078c46e6b2e1a1b78c98a44f3d391f5cac161e8f912aee009
t2t_L10000_8940	75e683aaf771e9851e895fc418583fdca68c201985bf3f782ab518495f33be9b
t2t_L10000_8941	bb3ec2fd96df16bdf957c24eef5034e4bdbaf41110387b645709c658f2e9e1d4
t2t_L10000_8942	0a2b1faa983718fac40c34c813b122ac20a11f4d34156bb3d6bea3fb8d15f96b
t2t_L10000_8943	5a52da91b88248d79626deee8ecb58453544f47b98af3e19c61602e39e2c4c88
t2t_L10000_8944	be599a8df0d379abb7c921bb6e0e2201b401b1dade4b6fbe1ec02cbd04eb8f9e
t2t_L10000_8945	656587d7b33ce7fb7b4d0649e0d8123e151a5f786e8f46c9c3555ba36f7a1a63
t2t_L10000_8946	d21481820ea2ac94a535f2e75c7b46f962ee0a04720b4812ec0e1d968e3e5391
t2t_L10000_8947	8e7a61ab2ed18f94c16f28ad1492ebd1590520790b75ea7fcc5dd9847fdbc08f
t2t_L10000_8948	5d08e6d1c800658932fe9ba0f4694359a6eee6cab22dd849c8da2e5f392aaecc
t2t_L10000_8949	03dbb54c5cf3498909235ca7deb6cdae145f1254cf1822b4d9909415b5fb0631
t2t_L10000_8950	f5654c21a3f5c42d80dd672772ac66b7179204d10dea6bc65866894e8664843a
t2t_L10000_8951	9a833b9332e35a778f58d21112740fa5bc186cea0164c5fdab414a1a49d593be
t2t_L10000_8952	1d1ad5e623c65fa6343ba468c5be1e046eb73fa7206661d4ec4b564e3806e532
t2t_L10000_8953	b70c9baa2d406ba8b7da412d1f261a21a38fa41527b6865d19c36d9290bbc4d0
t2t_L10000_8954	962335b9fff87191553062e4cec8f8a1492f83ae8ddd1635d47994625a6a1f9e
t2t_L10000_8955	333789da8183b0897abb0b92827fc47c2edc608a975e35c0084a33370077a058
t2t_L10000_8956	c8c00f44a74717396b2c865a64d960b853673855fe633ed61f2316bdc1f49313
t2t_L10000_8957	2a874919f5d89679a8513abcd14b843a0556b151237d198f86762fc8e758b647
t2t_L10000_8958	9e580bbc3571cf4bbc9b6a2806fc3438f188c2e9e1edbba07b6b27e972619f89
t2t_L10000_8959	9f681a1e6db47fe537534fa6b03fcaaea76f365505590e62c611e7e4f1dc3bd1
t2t_L10000_8960	fd8e6e4120ecb039a848bcd1e370a74474b6af52a592a006526163a530706d0a
t2t_L10000_8961	51d1e41aa31b28759e9c0ce488c1ae16a7b03e5844aae9e3e8c9698f6d36ed8d
t2t_L10000_8962	838a8ed403d9da2f433179f89babe6b37b9f812a9215992165f0667ec7a656dc
t2t_L10000_8963	6bcdf764ae0f335767d21e0553cae7baa04c8cfe54fb03d953798f3612f73d20
t2t_L10000_8964	06bb541d79d78eb53f4b3b4b90961f234c710b3f5e430afceb934f8566f0c297
t2t_L10000_8965	32d0e660627469716c3cde1648d90c998ed972543e4cc2c29470473702fdd50e
t2t_L10000_8966	bb16c4a4e497ef132ffa215c29b9d977136c0a003d8aae1b5176bfed5868b7e4
t2t_L10000_8967	8e71c0b7b946908f2dbbc8c8ef143a5182ddf940043402a0454e683f7f4b6dcd
t2t_L10000_8968	5ec1880e29ebea80bfd6e411abd68e690162b089d4027525d3ef43cdeb761b12
t2t_L10000_8969	b9ba2769196bd91c868a1d40e51fbfa7173f58f9ea49897a597000546a3d045a
t2t_L10000_8970	1b22a2ba155cba5726718c5b1be4fca442b75530eab7fee685dfaa56ae1d279b
t2t_L10000_8971	640c60a81f179a97d0045a6d0f463848939c52b230e334af78215c6922e1de2e
t2t_L10000_8972	4a784447145989d437f1b09bbc935020b6790c49a7f8a15e688ec771efde2188
t2t_L10000_8973	b38f13fdf94a505514a1b69c8eb709c4b559251283668e9002300915db1a4067
t2t_L10000_8974	c9d0cf1e5fae2a821837604375e5f58bc407688fc17cafbf083ebd02afa14c97
t2t_L10000_8975	65eee9bee0041714e5f20bfe873674ed0cf2fb0fa65b6e3ccf0e18f02dab96c7
t2t_L10000_8976	99c4552bc6d08aa779de9576da8b05d733982cd9ac4ba9325ee1dd082ea4959b
t2t_L10000_8977	c2fa707dc1c982c10fba6a437d3561f06a0f26317b0a792760b557cea73f7a6b
t2t_L10000_8978	bf4edc38f155383abc6f094baa2d300f97da5b58e064af2c9236c0496af60244
t2t_L10000_8979	af746d102484a249a1296eb5e1a275af3b71f1ec7742b74d4ed9581b2d67a2f5
t2t_L10000_8980	5d458a955193d2c71fc205a27be84d776dbde1940931b39f9ce657f362c63ec4
t2t_L10000_8981	642d51f59b61f398e3f7159cf2de669a4c67c36233d5ada6de65bf0742375578
t2t_L10000_8982	63b79596929e8ddb62932fdf3dacf15bd805502fdf74bcebefdb2a94a9daf591
t2t_L10000_8983	2a9dc0bdf2661665c1b73fcd39aa1f60a1e14eda124cee92a5c51293cb77dc92
t2t_L10000_8984	e5a2b0025905ac99047066a98c6c9320b4e78e62e96cf60c7afc8a6d4b9b312f
t2t_L10000_8985	5f580588a32d6248aac190fbc0b1ab87b77ef65c5ed1412987f9d32e2cc17302
t2t_L10000_8986	6c1b32632fa6e721a6205cfed0273991c06c92e4aabbfaf90008dbce5d28aca2
t2t_L10000_8987	22515ffe8c3c18656a4456887e23b588ab16c08cb257f387bbf2d56aa234e5c7
t2t_L10000_8988	402e803135c6c74e23d63257671d7dea53e1e0c9e5e612255cbd8341cc9518a2
t2t_L10000_8989	01ed197b394d3db92e8e6c78b19cde2caa77a4a7bbaf83080020772bf61db28c
t2t_L10000_8990	439f1f99c6d0088e2bbc144b5527097d586c1575afa5ebe04818e48f94fa4899
t2t_L10000_8991	4c842f937066372f794a0faacb826d7ee39840c63c77e10126168f8b71491824
t2t_L10000_8992	d5d5b5541fec969f7c71b038e6c57c7115afbc6e51a02ed0ae66c19c2cf42f1b
t2t_L10000_8993	ea868917e6a175f46777bf65c0b8a9b4989205bef4e4c03ff63533f320373fa3
t2t_L10000_8994	937d53c01f97a5a987c1ba25b7cb848690205452cfd39ac6e88f7c6e8e09a0d6
t2t_L10000_8995	c7aa5e5d10bd23ec73e136025b1cab8d6c7532a092a523101d784ace6c6bf7ca
t2t_L10000_8996	ee1d01b2ce42afba75ac20dd3ed93e1565ffe4ab6561aefbd80ac4db182b4162
t2t_L10000_8997	1ccfd3c8cf9c06ffae9343629621d857ca03ad527968c5a45438eb9a781115db
t2t_L10000_8998	f1eecf8f04bc07e9243b91d2fa85964331a03586e829211820d53717d7084203
t2t_L10000_8999	7704f42ac7b18283674538b38aba8f25203718eda7d130566cdaa0ad5313ce95
t2t_L10000_9000	633bfdf9e0090809f5bed066db9fd4444f2c0113d22cb75597ad72d30df03249
t2t_L10000_9001	5894838a777b622aafb2e4707da1699a218fd3b72d712d15a0c43bbcd77b9468
t2t_L10000_9002	090adeebef01deec4b04cac952dd87586dcae541e77675c83e611bc05b442a12
t2t_L10000_9003	ad59c1341351a00e3b2bfdf454d06146a130c52d38bcc8b060c40b68cfd52da9
t2t_L10000_9004	1ef4d3f355b5bf72e6019074b5094c43077840814f76bcb6f650bfdd9f0526f6
t2t_L10000_9005	970a328036f57be02f6e2c9ad1714a4bfefe1bfff950401e68123e9cb4ddb4e4
t2t_L10000_9006	bdd327672674a673afc7c1b4c8e338a9cd1a4da954d3b6feb44972259ec1c893
t2t_L10000_9007	df0f315122d1c92ffe47f017f6bd47aa1347145961e147553be766f1e5188ac1
t2t_L10000_9008	067977fd7db3eb039af70f70596e1f6fa793129e21397a3787d3cb4bad7a86fb
t2t_L10000_9009	d2f485bd6d10adced57cfcabfaf8de7297e005bc6bcd03ddaef6946f8473a1d8
t2t_L10000_9010	3f486b50d106090c6821c4428cdf89e665f9bd8e399d7793ca2568735542b446
t2t_L10000_9011	da31e663756e73d08f801e935d4449cb7c4b11c2516f71572ae312c80bee8578
t2t_L10000_9012	395baef89837607dbbb9019b201cdab1bdfa9cd6b4e5bb59d23c6a2f34336ce7
t2t_L10000_9013	4ac718b1c7fdb77392b24baab569ea5b9e3f2ff8746132e6f75ae54e6113bf35
t2t_L10000_9014	249dba3896c0644cb1b9c3d146c78455b1ee3bc142b4b42f9fecc16ec3b7d39f
t2t_L10000_9015	4a48d5bf6595826b3629e2bfa706b6431310d91b5ee697ba47a79838846650d8
t2t_L10000_9016	ae713819663d4c3c641ff8bdd0bf760bb55475db8a42203fdbf34884713bd811
t2t_L10000_9017	f290e63d3d57280235741784c9cd83d14496f57c01a8b47e9ef6a02bbf6b307d
t2t_L10000_9018	47f2d8846e5ec972f5c1ac77eccc33f87108881afad24a7c15bbb3ed4b4dde37
t2t_L10000_9019	9afb8a7bbf61065f8905371e10e68b48d423b42bef46ce541a312e1aeaad8513
t2t_L10000_9020	30309eada47db53ac6d383463cf9577e4587aec8c6797340ab8b952f4340bed3
t2t_L10000_9021	9d632ba72f53a02a007aa2dae04e434f32d68a0af5c99bf396b8078b61ca00fd
t2t_L10000_9022	ef399664b7b13da7061f9bf06d9ee7574eda2d0686b7dd5c4e851fe9678ab2ab
t2t_L10000_9023	fc08c1107d5329c1bd073896df328c9db7d9557ecb39bbfb274cd6ef0a5de838
t2t_L10000_9024	985da4a48357b9c04773d181f13b697247426cbef1937823db590182e6cda523
t2t_L10000_9025	610dc2d8fc2c38ee1c601a19dd5aeb080d82467c543f7d17c13ec2f59a7dcdf4
t2t_L10000_9026	12781abb5770ce6f8ebfbeddf84149ee434f235fd2d2ebdafc90eb5237062f9d
t2t_L10000_9027	e5d477fe4088bf4c6c344277c0190039944b0ebb59f39789405868002fffd473
t2t_L10000_9028	3dd865824f8a2b9378a1b6232893950f7cb1541a608dbb2a0c68c7ee05eaac2d
t2t_L10000_9029	af6fe527156b78c17680c98021580dae3f09eb54dcf16842879cb7a00fb4e394
t2t_L10000_9030	5df1f75c1a38b088fae2a67f01ba87c51f106ff7a7d0fc52d1010c62c74ef7ac
t2t_L10000_9031	ade9aa530e69963446e16c7122a52b2f3125821369d5902911629c9de6622803
t2t_L10000_9032	e95b0d17ed8d854cc2de4d0c8b7b43df81b1775147dee6ff82c216f477ba0859
t2t_L10000_9033	7d80a5ded3f21f4e0f4229ef86093f8291538f02f48a8d4c624731f459ca6a21
t2t_L10000_9034	23056f5c657fec9ab5c39e86455485df607fd12463fd7a4654d3815b58df5d16
t2t_L10000_9035	3aa1f8bfc278e8cae7f55bed08910edc8381521734d5c551ac882729f730328f
t2t_L10000_9036	6d0e3da2326b2a74a75760dcdf5e661b3ce6c681f7f8fc60c49af4de715d01ac
t2t_L10000_9037	672fcef63a6c48cc42c1db97dc2c1784deb7532e775efa9b3482b33b160dfd1d
t2t_L10000_9038	87d6ae515cba84e017e7f7936d8139f7129de1b15f09ab25b4bed6ff4ec58b26
t2t_L10000_9039	7e86fa3b52db26b43c41e74e9891032e08573b03d9d19a14bd25a8a5079370be
t2t_L10000_9040	4e743f01e525141085dfd9050eed5312e3a0751d2f1c2b02faa594dcb759e79d
t2t_L10000_9041	d07c71bd703ad4db812a0bd2c519a53e5aa9b22944b9f5791c6796225578d491
t2t_L10000_9042	124fa09c5a49f903f16313f0e51fd406e98c8bd908d4f7f263ba11832ea51bce
t2t_L10000_9043	e46f92d9a3d41fb5df13b4c5abb7104f7c769ba25e5896b47ee47b6599e8ad15
t2t_L10000_9044	081d848d215dca7508571c0339d132be28abc0a5a664e068f18b2aac8f3039eb
t2t_L10000_9045	b692e8e2451d9681633ef09d315a6c5a26f12fcc9d0ea3ccaa1143088ceea899
t2t_L10000_9046	f84c4480c5be019a927b665602f3f7777382a683bcff32b7c642f5cc484af7bd
t2t_L10000_9047	30101b9d77b595573133a9f39dd36196a90e7601128c4e2632a4b0b80ea73bc5
t2t_L10000_9048	17e0249c50f64b937539f60bb4e174c14a33bdb32d2ea5473f197ff0f12ab097
t2t_L10000_9049	bcb5d238d0771653664412326aee7ded3f5a8d23861e12a534cbf3f107ef1952
t2t_L10000_9050	5dd39caf66f2e60c59bb6cd98330a9512280fbf1a3676f35f2df821757201501
t2t_L10000_9051	fd808f4a3f5b66a5f819bd000d009ca53dd0bc0b23395c425625a7cf88b649fb
t2t_L10000_9052	b3e3bd83a133d0542c99c101b3318da833d20a3ad3b104dd07d9dd19a22394d3
t2t_L10000_9053	31500d6011f35491d8d14a3b915975a946b465611c7dd8ffb1ff2489852adf24
t2t_L10000_9054	466f462d49c107eda62e864aac327b9224859328996b035d4a65d7bf601a5ab1
t2t_L10000_9055	6cef6c64ac3ebee703598911bfaa509aed9e41fde759b411bb494c4d9cc47473
t2t_L10000_9056	30086dd0b2168f7b3045e603f6ec430acd7a29de73661366aa5f4e5c0b516edf
t2t_L10000_9057	fd167847691c69fb6fbffc7cce47d685edaeb7da8024aedddfc173f30272eeb6
t2t_L10000_9058	52b5bce4f8d682c152f09c82c28ff33cc8170c4db9b0551f391821b349c34c93
t2t_L10000_9059	6babaa41f30226d64a5a98c68242e9a7fd5ad78375b8b04fa95fbc84788abdd1
t2t_L10000_9060	677c937e0ef972b6b3833406a765429d133a6ef245018e32c08a9a18ff51a29a
t2t_L10000_9061	b1849af0793c7d6e06a43ad18b83ee9bfd03fefdfb0988dca2cfdda081cb0f06
t2t_L10000_9062	f0603c9b0f18ce402f3d312835eb34fe89cd2f888254b557a7467ad46abaada6
t2t_L10000_9063	da95d4eb26e9ee317f535acf4a10f523592bff015a6b83e7e6ccec756c3f96a9
t2t_L10000_9064	c35aa6bf65ffedc32057bc928a24c1bbfdd63847246a9142ca8caf56726c0953
t2t_L10000_9065	27963bc0e95469b1ea627cd8c7ca25aaa466345eafe06dc2e36750c5dc476de1
t2t_L10000_9066	bbda0655ffb8478e7ff11d8d8e475be317d26a2a5e5892ba92e5df1b08b250bb
t2t_L10000_9067	f7eda82d689476b5987c7702f72f5f05f9e4e08d25a5e0a4b3d9665ecb0e8703
t2t_L10000_9068	9c5417c4b5788458943603f7e5c3c32a221230782c993ae03ffb7a5ac9df8fc2
t2t_L10000_9069	423ebeb92e7686b78b9d5ca5c1788aa79b5940442f55ee0b176889e849b8cb5d
t2t_L10000_9070	fe9f843abc1ab16d3f76abc6bf787a28d29ef83aa3dae011c6407e2009ac9a83
t2t_L10000_9071	c69f9716e4c3257d0900b93f8148d244a591e5728954ceb831748f3c956fcd52
t2t_L10000_9072	071ffcf4c3ef2e944f39ac1d1da0738916276cefc5394ae878e895d78eb03eba
t2t_L10000_9073	4c0a1a1175c819f6a52d5e26769ffeadd2da689634e66ed4c80fa1d431608559
t2t_L10000_9074	4d320bc328993c79a11c5d06cd56ec21521222f5c9d9f86a19b51cf6e516bb57
t2t_L10000_9075	b212ab1adff66567b02f4da884faf14dd01e84fa3ab8a4ee70fe891c12f791f2
t2t_L10000_9076	2501675aa67f5acd9f24a031652d71c91e8677089d4ed583ba841f1536fc6986
t2t_L10000_9077	1ae3c471a24b40b0f7196f77406b5e66e6746d62ecf439d34f94cc442f10d162
t2t_L10000_9078	040c8546854a4d86d71dc68f93aaf1ccefad98ee37e5869f8c0ee71f2828f3ed
t2t_L10000_9079	edfd91a851ed004a2e715177a53d7e7738e63f67f6cd1da0923e3a5e9cab5eca
t2t_L10000_9080	5688d4eff31650dd25ce185f009313c4c37a9ef3c709717acff9284f1f7e0c27
t2t_L10000_9081	beb7d8a4cf9cea6260d111fe13fef618b483de6eb047dfddc1dca90c0b08b0c0
t2t_L10000_9082	5aca3f46371e0f4c1a15e22879f367e7c33cb79e6c41c4a62c58a33514d03b00
t2t_L10000_9083	53390c5a6bf2d14176dc6598d348ef2fde4d4e2d53440edf911a121d137c41bc
t2t_L10000_9084	5837cfdb9ce6c3b1d4a76dbf4a10b58e92a9a57934a4a4343ca68b33ea9b4372
t2t_L10000_9085	df8a64dcd2803ae7c1cdc9700690be237f74f6b9adc498f1ff0757c848ea98ee
t2t_L10000_9086	08e7084a392c14eeef30668e6289cb7c63880202109260233d6cf39eaaf4e89e
t2t_L10000_9087	7696c22358a7faeeaf70ad46ded20c316aea9feb5b99c595046f36f8d1feb7dd
t2t_L10000_9088	a0c3fda9df694142c33d2023177c3b9ff1e37d44a045411eb4fceda8ee89214a
t2t_L10000_9089	535f875f16174474fbaf3963c7061dcf5d1f035fcf24dbf5fc282f8747019928
t2t_L10000_9090	9b874803c334750deac7896667ceabd60ec8aa528b8f77e13fbd33ad912aaf10
t2t_L10000_9091	4da62c2d6e2b042453719ca06f4ac76a7c9ef8e29c547db78f5fde0fb503f6d0
t2t_L10000_9092	47a1184d35040df1dd5e67b2711057b5a0827830e5f89284867608139c065ac3
t2t_L10000_9093	c79a95d3049e699e6122396a918ac0d5acc9bd1eccb3a7de706ad4119a7d7953
t2t_L10000_9094	f564d5f3cef12d8a98fbe98a482b4b26732d54271a8494bd7023dfda8268a5d2
t2t_L10000_9095	35859c6f57f1419a5e6f8fa32b44d0f1b3d93938c46b927f047b1215546468a6
t2t_L10000_9096	39e3b4252527cc08d860ff9d78d248fe74e31eff312dd71873e7f52d8aeadb0e
t2t_L10000_9097	069573d4135d008a8653dcc2f8e907c0dde206dc89a594a3fbe5451bd8e87d75
t2t_L10000_9098	9c25a57e8c5cd849584faa011573594066045c0b89be34b1c415c92567969f43
t2t_L10000_9099	0ed24f11bb6644e924abd6ce76245274c11a84f72b6b7a45b33043ad4b25a166
t2t_L10000_9100	1e3b2f82a35653bb51fd74400ea8936ed8170e3b22290a20cbc1605cf17c5fae
t2t_L10000_9101	1105e3bc4310a9e51e37d248206553493c9efd5c295db349d2b95e1a24d31cbe
t2t_L10000_9102	ee22d30620048bc73466e9362482acb4fe500be8c7cc347c3b98702c857fc97f
t2t_L10000_9103	c81044a5a35c54cfa2448262d701a6951bccb94a08f09a42e144a6aeba138c9c
t2t_L10000_9104	fca94970f0ee2374567f29b4b4ceb3d335b71c42b2c6ac3cce7b1df22cfc3ff8
t2t_L10000_9105	73f82b90abe03d440eccca2fedb1f055ae6bec794022cc59a94ac8b02a76e3c1
t2t_L10000_9106	e1a0aa6b9e5a21b559af0e91d83beac0afc47a9725fe62245d5f709dee080ac0
t2t_L10000_9107	1ab9b16af6d051c904ee70a16cc88902c160cdb65fe67550ea63a9cef8ce9245
t2t_L10000_9108	6238395fdf36ef4ed051984f5ba0d9fdebd887de3326c254452326b8f4394630
t2t_L10000_9109	eac4d52c3b88fd1f58f0827eb45eb46b515fb48f8d8d8cd8fa6ddc8f79838c6f
t2t_L10000_9110	806aa2ea50abe363c24cb2916474fad79d8faf49dff341d9b0d63dc961c7f22b
t2t_L10000_9111	f2fb648655725b24f3ea5bc4825810909e62459f8f25aaffecffadeb6214ab0a
t2t_L10000_9112	6066002a9b422f872fb05b2d0d193f1a6c3c7db968a8c1d2d707c633b7324657
t2t_L10000_9113	67ee51d000558a8692f8f7598a65dfd497a01a0ea30add965916f679bb5208dd
t2t_L10000_9114	465f4dda7edf74e047dd570910546a848e99b6577e4bf4bc0a3a1cf40fc92d54
t2t_L10000_9115	37ff7f5be3532364c8d07fb0e033f15246353be383affadf4c0c29f3e0927467
t2t_L10000_9116	2aeb828bbfab19fff4234de2f850209be04dd5cdc87051de0106a385525fa412
t2t_L10000_9117	de06c8634a813ac716a67c56f1a1b3396fdde6b05493a137bac21a1d6d2de142
t2t_L10000_9118	b6f61fd22bed4bb15dacfdec491d19ab578fc8c0ac593efd7b42ab1f2f0a167e
t2t_L10000_9119	8b96877e00f1a1f7031974c37055c1ae8d5a11223236168ebf5d538558ca9e73
t2t_L10000_9120	ad5adc375c2480b29e613f5b742b77800903fd8bd927c7dbe535c0e4234f55bc
t2t_L10000_9121	e0590bdb10382c156200963d146cf294ed1a70fae633f59d4487003cd466a294
t2t_L10000_9122	2c8752fc62b7b6934ed095ff9b857a59b1547fe51d652ed2636ff9dfacee78e8
t2t_L10000_9123	4c7f962ce143edac365946ee9ee96b7ae508bb1e9ec57566b15496ef6b162961
t2t_L10000_9124	ec1f09e5dc5d32902f70a70308e37f872d91c20e451242d04d336540896a2ccf
t2t_L10000_9125	ce99fe160e45a81ac84fe0470d842624af2b46c06cf724bde1c5799a83c2d6d5
t2t_L10000_9126	bb6a249a2114cbff3a9a8660450d4023c2c24d4c0ed08fc2d253fa5816666191
t2t_L10000_9127	8c209e5cb66e25c4559a22f9972c4c400c050139c8a1aa08250d67deb9e8a858
t2t_L10000_9128	45c7f7115e4fc42872957884ab595964f5b24a665afa40b828e98846ef927d94
t2t_L10000_9129	f2d8ebf745a51b7aa8ede9b517f81df5f7f62f1ec19525002e22c82bd4e9d480
t2t_L10000_9130	24f5f56b5a31b2f32c268a9de25f5b2b885c480a1d58f5495d8721a5a6590dad
t2t_L10000_9131	d58483353a0ecbc32afb3850d389f10f1bea177495deda91a3e704b8bcc78d6c
t2t_L10000_9132	d1ce7f72cee405dd9a0d4e2f721416a709cf9c5241960b2655ff3c0221a6b5b9
t2t_L10000_9133	7e2f252e79de8ae614ed74db853dba89f190b204fe59ce7217acc6c57018a574
t2t_L10000_9134	7ff2bb27507fbd8d2147e5fa847784a79f4e616c8c076023a5898c1c0ce92a4a
t2t_L10000_9135	aecc101a533e5b3b428ceb2c4f8fc0d8b550b640d6c8c8381061d0dfd4e2e021
t2t_L10000_9136	af9ed3bac35f43c0a3a012703e736e8a7513e5f06f2eb136f1f8f8451e3d96da
t2t_L10000_9137	590eb8e2c3887fb998f3719bc4886cc3e8f31653c8393fdff1365046029f5ab9
t2t_L10000_9138	3c9c3877ae91c66a05feae40bab105299d2b033c9d889c360b9a2ebb05cf6704
t2t_L10000_9139	49735902a32dc04d6701694a4fbdb40422c1c3aaec217fa64504903aef70d477
t2t_L10000_9140	abd29f5e29dedf4d56a8fe07092203b55d13a35a6d62ba2277f292a4f6965151
t2t_L10000_9141	d9b6b738de39bfc0b8eccfb6586c7ed0dee99e8ca27154dd3669a115c893cf32
t2t_L10000_9142	86251dfcf411fc734b36b3eef515d55d92e2d8f85502d7580f6d08d6d72cd188
t2t_L10000_9143	727197374f971c210c70be5d5b7e3e38ef592b8081bc7d326b6bb33a238ad302
t2t_L10000_9144	57b6d6c61efc0b8e784cabb2f5d70e5b5b4e32298ebcbce6bf51024eb53838cf
t2t_L10000_9145	84ca1d8fd0ec2f79f7e9538f00c540c8f9956331b0789437d859218d13659ede
t2t_L10000_9146	956d46e8b223841fa292c2ed39def1db9cb74860d94e2950cb58be577606b909
t2t_L10000_9147	bd7c22e228d93e2ac14299a13f8e585c5b4a358c269e0173357ef51ee084d86c
t2t_L10000_9148	92681387d2fbc39d809fcb45e2d3f7343109810d3f1941e7d8763bdd58ed0e3d
t2t_L10000_9149	e3e6e20c26e18a2eb366a131143aecc13b04055ceabd406dac169ded270b4662
t2t_L10000_9150	bb99eabff418b65baa3226dff09b006e75e2b105e4215ca752f71e018ecc45cb
t2t_L10000_9151	20fd8963b08ae7fd9a16763992c085ecb2e8fd5ea9487b61421cce60aabd4954
t2t_L10000_9152	8239a8a2b360c27073bf983f56d38159362919cecd4313faf567a99bdac61aee
t2t_L10000_9153	357abdac3d1c94ce23e94a1cacc0d0ee7708243ec3969ddbc7688cdcd3077f53
t2t_L10000_9154	de1c469f4e90f8ca7fc088f28d71435ac71ba68b1e4c434a9006698cbb1cd676
t2t_L10000_9155	780f1a4298ec49e5fc188dd0c68b4b6808159471317af51cf8595c616727199b
t2t_L10000_9156	1d9ea18736410fd4751dc19b5acaee57264063c99d27c543df185da7e3994ca9
t2t_L10000_9157	f9018949512ce40f8d79f268bba7db4e84c92d82711f7537b84207b0ee4d7bfc
t2t_L10000_9158	da634275c4b47cd693d204bb21013a7b0ee139fa1e697cd333b8949582d3379d
t2t_L10000_9159	d9d935d2a161ca2acee61398be09b4659b938f4690c2dd09b637a7000441ed20
t2t_L10000_9160	ac3957229d73527da21443446bc69ce85db7ce789c344b16aa96a7026480d507
t2t_L10000_9161	08d5aa664a2432977491eaddace39c41e0faaf349018d6c6557e8540ebefdc8f
t2t_L10000_9162	e21e90d6930b05d1356ed8462f4159d0c5b76c5e2faa362d7d9c532e75adbfc4
t2t_L10000_9163	6e9154e087e8357c691257ac3f4aae4af43553dbbdb02531365994ec55d637b3
t2t_L10000_9164	51d54f388c30ddff653852c7de6ebbb0c361726fd1c59b4c83efbe0eef094b16
t2t_L10000_9165	8fcdf6a0b80d001e1f32a8b9da351c2844f0f76f4d8fb682492b2735946a11fe
t2t_L10000_9166	ea616e5f755b6bdac89764313f21c0b04d90b59821d33524791ea16fae4786b9
t2t_L10000_9167	b47624c486487c2b2d5fcd5bdcad409246854d9e4ef66de7b8ff91585477be62
t2t_L10000_9168	ddf834a53ea9b7de91309d2da656bbc951eef76329030f3b1c3dad53cd6b1295
t2t_L10000_9169	c9113bd4b8f2fb5b3f1fef1a52209bd698634fde83c68e61d37874d191061196
t2t_L10000_9170	67e2d96a177f8215b06a69f2d1e97d68b45d2e0d457cc843c435e31bf36cc1b4
t2t_L10000_9171	28b193cf4143d51f0bdc0ace4a80bd6a1334c35942bf0128675e1f2237c197e0
t2t_L10000_9172	643b83bac70e0819e83cac56d65dd32bce02168645f002ef6f9375c025a1b27b
t2t_L10000_9173	929a78b227e711b2acd821b008ba5d76bb66d460953dc4e40547a6c936f86287
t2t_L10000_9174	bc6a6be7c582750787595378cd2dfdfc3c8c497a42b6e89bdb2526bebe45fd33
t2t_L10000_9175	bd20c388fb82b046a67a91cc77213caa0fc6dc3ee3184796a6dc87a5b9c48919
t2t_L10000_9176	4cf81f9f3082b3d435f863e6c483e8412cbd65adfbcc1b87d1f711c207c9e336
t2t_L10000_9177	7c46693eb54a41c29d5f77a84a198c26fe6bfbed1113e451b45115e54113ad75
t2t_L10000_9178	6a1db761b62916490b23b99996daf3d37c0d6275a74a1b93d033d8649b9a2f16
t2t_L10000_9179	3413823e532ac63008fdeb8ea53be1271798f8aca4063c2b65042aa39e73ae9d
t2t_L10000_9180	6fd0ec4101ab411865a90333baa0b9d7ecad3caadebb5da4582f9c5b9019dd33
t2t_L10000_9181	a7aae2a76fccae355a1d7fd42db8c86f15384340c5a4f2bcbc3fb3d5ee4be491
t2t_L10000_9182	32769fec1561afd019f633b8e9e7a2ccce57e8c1b13a67e7257c51a580e5bfe6
t2t_L10000_9183	28aec9f7854cb109b15f59f36ac0f5f29fd7993b5566861ae2ae432a013eb11d
t2t_L10000_9184	7868313084cd6819a591c351f63405ba5fdcf8a9dc42d82feef193acc9e3d666
t2t_L10000_9185	3fab94c3676eba07b7c6322c68e39f22edff47432b445e8b4968e3e71cc69dbb
t2t_L10000_9186	8bf68b610c1bffa1a3c587d61a9650afbd054d24ab5b82ab8a78e7862f3fe870
t2t_L10000_9187	b6aae37093a930fa2f70823698573d11d84522e2097027941b697435b6aa4a8a
t2t_L10000_9188	231ad55864823c781b1e0ef16bc56b6afcc5b6ed75425edd3ac8d7bb0e1dbe82
t2t_L10000_9189	b9ec1ac20c50f3f8a64ab2c98319f0998d2542949f0806af39bf87dd1a21d296
t2t_L10000_9190	7073186b627865529f240d9f008e8508162e94f002dbd08c1429ac0b2eb47d8e
t2t_L10000_9191	78da642f2a0fc5359b8b5a7fa1017109d07ff453d8d8f630598feb55fa3eec8f
t2t_L10000_9192	f5b63f4a216598e45a806a2d874b43b0668b2399ad6d8f7d0c7887e7ceccb65f
t2t_L10000_9193	d9432a61d7accf4c5eda6222935b6981acc880afb17b94cbe57872798978e571
t2t_L10000_9194	0a0a4e33bb11b4ba466cd7332bb2e8bc89e03876d2427a733651522ad0d8b334
t2t_L10000_9195	16b7f3efbd810ef326cb7b59b1c52e9b818c23ece80affae861da1983ec655fe
t2t_L10000_9196	249a92eee65be055c4a86443841ae42c8c6808fbb6ca8ec097b7bafe3fa22fc0
t2t_L10000_9197	a366a993b20832ef4ad2e24ccf938ecb0b61f3fe985237d49c1d17218c9b882d
t2t_L10000_9198	310e31cda00f163cad4a0168d75bf1f8ade90cff865d0b0c430f5c975b482274
t2t_L10000_9199	b821600b9187347ceb586ebb3ff8d757dd13612b8ad93c9ad6ac25710adbe30e
t2t_L10000_9200	29e41d4aed95d1e49d8a6ec5a157c078af8c063a3ec1a1b845cb232a59ec85ba
t2t_L10000_9201	d0bc3dafe33ace19d6aaaf0a2cf6c55ae25d097d813f5fcd87be362a9d487490
t2t_L10000_9202	f8288b4b4c6e4c07b3413ab9c26151fcad39cbd7f17ffffbbf6135213bbc7a34
t2t_L10000_9203	1c6aa1ed426cd6c05b2ead3aaae626c5992fa345e0feb41ac3f4340121c9cb39
t2t_L10000_9204	829c85a539b255c589b350fc216a8c16ccf50c4f3254e4d8ecb8cccd8dcf9659
t2t_L10000_9205	2af1bcd9b2a2e07e3e1283eebbb0d1042ba0905efb0e8da3ceb06379f1af6171
t2t_L10000_9206	ace3def21e3c59d52f7ea210fd7b1ca9a25ce5ea1d7ce8a4191d38844a75f212
t2t_L10000_9207	32e978e904b42d4face76b40d2ed80a2bef7a7373da09425688c5e92a6c8cc1d
t2t_L10000_9208	dd9940564a943fd581eab0c0a7967e6a591b2f333a723f9a2ac1f7b863e324cb
t2t_L10000_9209	18d3a4b311e8851953811106badde4feffdacf38ecbbb01c564f003ab69ed10c
t2t_L10000_9210	fa8c96b169fd73aeea372cdd1b4cd4ecb08b9e1401e6f6bc48139d19794d3d46
t2t_L10000_9211	86f5dd7c367c2961708185e325857f9a07bfc03808a7d8aebaf68213e197d2eb
t2t_L10000_9212	bc73dfe959ebc2eed81d8635bcc9f4ade39e02e54472d2b4fb0d1cd90f3a7eb6
t2t_L10000_9213	02bce2e4560cdf1df44a5b3c04ef8e63b652cb22ed1b5725c007b5009b6d6a0b
t2t_L10000_9214	c6821d45731c3271f65635d33859e1325ffd2448e9d26e5cf2eb5123338a3424
t2t_L10000_9215	95eb1162f560c378288a05e9479da2bd86dce78ee3a9e6ae2d3af1f204d0a738
t2t_L10000_9216	ddc794d37d0e83ae731531beb357a001a450fd29597d3cdf47199668b2326b2d
t2t_L10000_9217	aa768227ab6392c2ad9da8ff4e1b9a3232d1e89afe81db2fc9742f5adc2c8ee4
t2t_L10000_9218	d0e2d5977246449a61b422238b5116eb49b5fa64950fc856b0f04c3a10984a6d
t2t_L10000_9219	74a5eb960a279c57762200dfbbb0107489d814028819e12d2fcedbebcdab8548
t2t_L10000_9220	c92e902c0828eafdb20224c861227fc625fa9444e62d107f0714559117d03dec
t2t_L10000_9221	b91b54b1503a750c7bfc7ed82577ff1ceabaf999438248c6c9e666a5bdd6949e
t2t_L10000_9222	23784b0b9b5c82889bf458865e53cdbce2b8e0f068c7a4e329bad91425afbe5f
t2t_L10000_9223	cfe1c887dc7fac01f1493cde0e04eb8a70bf15a9ef59c8322b25a824cb15bcc0
t2t_L10000_9224	2de81115f19597dba1a55eb9c1b31d820ade772b7c3ebd2945d31ae91dc0616f
t2t_L10000_9225	a57e6ee191e241de67d8bcde3f3d9d8fc0cda94c6b7c990d2c755660aea6beca
t2t_L10000_9226	40d1cb89b08cdb1bddedb6826134d9a9b9bf15699127b8f4160af94e4d4adc82
t2t_L10000_9227	2584d688a39862ca8df71a99dc02354f684c1663b8244048df0ca242f92daa4b
t2t_L10000_9228	a231ac2d841beb48adfc23b4d9f5e72c5607d35a21f74b5efdffde94340a7783
t2t_L10000_9229	f845e2dc1fb106a6e681de149f8d7b62f19f74a4bda260278cd1d4d0928b8b76
t2t_L10000_9230	e58c4de35f1cd055b78fc5909f56a03f2c21db9a715256adffbb92e00dd8176d
t2t_L10000_9231	f518f23fccd2791e9ad1084801e150f27f60329bce3a84c977a94b007197dd97
t2t_L10000_9232	80edc7a5f91261428a485a84349284864eeed65b600017b856ba615da5d4505a
t2t_L10000_9233	7e2d7ea9727956c9baf4b30ccbffee65d78215f0ddd97edec7ca494972b179f8
t2t_L10000_9234	9c702f5163a278945156d3b88a762dc5e8936580f15809ea3a4441231b2882b0
t2t_L10000_9235	95c26e9096d8ed65fa962bce2ac4788bf27ab54d1c6e68f857765108ebb7c036
t2t_L10000_9236	22b623e5b6cea84549cde677d588f8cbe9575818b22bca8a80dab1f30ab09718
t2t_L10000_9237	2ad86bd5c59332ad1eb611ccdb25b6d0f0f479d2e5187a739cd8644d25dbe936
t2t_L10000_9238	23bf554cd4cd64dce23916bb3d835fd5e3ff14d9cff0dd3bd5fb01fc2de35798
t2t_L10000_9239	2b6c3f14abdcd6cd2da89bb48d384ef3d4a6375b180eea97d5e07654ee2e110d
t2t_L10000_9240	75114ca4592c24494e5bacb1476e39e7e8d4ad30a5d57f489abee44becf85aef
t2t_L10000_9241	c75d3ccc11032dda74b3d04a2a2a4397d5499f5f4ffa41299304bb4deb142270
t2t_L10000_9242	6115786e86dcc71b46264ba1d4579adbee0fc429faa711071415124aa6c04a22
t2t_L10000_9243	317d099a94c4e8d58698ba254ef322764590356064dc6d5ec70f808ec8ccfbed
t2t_L10000_9244	fcf102a5037b0c33dfeb106f0243f1bb8ed0218945e96a60e27ab0ba6c370fd3
t2t_L10000_9245	d2bdf2de3321f243e0b8271d5027187e95f50adeaca40a37be62d5d049c09cef
t2t_L10000_9246	6678011966a24c99ea68f4e8809835c984cc4551f883129b52f1e528507425f6
t2t_L10000_9247	f33fb012bb9516ac9711f845aab3b7fa81a05fe48d5d178043fa72cddd17dc19
t2t_L10000_9248	720fd79fc36b4295f6c83a54a06ef14259ed280e1fc81b3763f16b5f3e5fae6b
t2t_L10000_9249	4ecbe5cce778ff8bd17a44feaaa909ab0bf1a39011480d9e8440b63ffb75eb60
t2t_L10000_9250	215d6f5ea42c10f2ff6326725e10ccfee85654bce02a8d8fb8a398f1148b849a
t2t_L10000_9251	4b11fc0312221783f2ca1f4e1dba61ffe3d9373892e29aa99b3abbd73c54f478
t2t_L10000_9252	b2c4c6844dc3e23db1b8398324169892823c51535de2611ffe899871fa44a06b
t2t_L10000_9253	30a667ecd7400432d84f898674d5a9c1e179ec99df5305dd28c8be5e3190a12a
t2t_L10000_9254	b2e6970d82caa390c4443ee894ac41593e9936495f51a1b6c51891e63dbbbd02
t2t_L10000_9255	86a6b01aac31fc7eadf1a42929c95a095a2a31a9752299ce147c17784b2d763b
t2t_L10000_9256	cbe9a00ec0f747261e6b3b8f1b1ef1ba931af2fafca5770114c65aeca99ef3ac
t2t_L10000_9257	ac4f676e872b77f3cd3f3c358c9813988637eb5a3c0b007291a8ed861855d616
t2t_L10000_9258	ad5b06d45ce75b0985fb78faa4ce181ba47bddfe2e8dd889ac4630cbb62cf65f
t2t_L10000_9259	1b90d307c9ed08b9f20a02414d3765ec5a17d1bb5dd652d8ad9459cbbc9d6724
t2t_L10000_9260	8b0a2fcc51239c1b1c975f702bac3eed366cd56fe7deb058c946a362f0916a86
t2t_L10000_9261	2db740cfa2e1e61898c1ec4b4d4332f24e3d34bc3d82502b1683b62539587b80
t2t_L10000_9262	496bff74ca34d60b922392fe45b8f01b15bf341137f10bed6fc23bb673f35602
t2t_L10000_9263	3feca62f8cb8a3f5f770b389c790bb0c8efd849cadf63c26fe605fe453cef7a7
t2t_L10000_9264	353df5c086d3d84c86a49c0cf8c07d5ec558c38de7b44c3a51881f4b4939d173
t2t_L10000_9265	cc2e2a027c792a953bf96417b9fc303d66a39943e8f83a138ce0f4962ddab515
t2t_L10000_9266	203affd24bf69ee5c682445f384bd57970896424a5357e717f6b42ad66461238
t2t_L10000_9267	64836fd71682cd1b086d4825db414b0a6041aaa4098c014cd5ca538f916cba4b
t2t_L10000_9268	6bd61091e018af38a1dad46517eb700813c05802517fe6e6571f617c6da19e37
t2t_L10000_9269	b2c728032fece2e9e26d0c2f1dcd49085c0bd4654359f4729d1cf8905791e3c0
t2t_L10000_9270	8e3dcba293ef90b92698c45175f1c7cd3ad23ee18af044259d63fd3263c6318f
t2t_L10000_9271	0390584f761c24e0f675761af7a5a320b174469f8c5dd2523070b094f6b93f85
t2t_L10000_9272	83259723b9b3a56447a849b527559fce55272cf8f4c10c5cad0751b92c89e0a8
t2t_L10000_9273	26a80537f8cb35285a1b445bfb56a057b67a248adeeb048023f62155ea79af1b
t2t_L10000_9274	fd2a252a6371d5bd4d9959446d2159003ab3a13300f31d9ac4b932207b7b335b
t2t_L10000_9275	ebe6210e278a73bb6f5c79a02e52d53f5a2a6d4c95c6bc07af8ffb4b40d6bfac
t2t_L10000_9276	6f40fd32df2c5eb246d0c1ae62219a8019233085403c62532d238ddc31e0b497
t2t_L10000_9277	7092c6b05314d6b86005cae0ff918b0cc6258103eec7fdd26154ca9c05ae9201
t2t_L10000_9278	3b4a593c410df9555eab855819254b3008b9d21afa0a7fea4ecb29376abfa454
t2t_L10000_9279	56ac91291fff880aad4083631e038d2107946764b6d64f6c2540f76c32ae4c2e
t2t_L10000_9280	8caf49c2f264595b1b3624648cf425934a6ca9da5dfeba5e1d5cb5986d645254
t2t_L10000_9281	182897dc47c332b5d79607008ce0cd67ac73755127b02f4a6de5dfbba650e3a0
t2t_L10000_9282	b09e44cdc50d6f9dd3b206cbbd4951cbfaf6421ef5dba3c86ccf86ab44842293
t2t_L10000_9283	6f33c42f1651c41bbb16d1bb47ec959260acc25a9bcf3986eabd46e8377ba848
t2t_L10000_9284	b783d2fe904723ae2ad09a7e4b0240211a9c783e9e7a9b1812435ae064fa5ae7
t2t_L10000_9285	b2706ba3e6260a35c29f68e494329464f292b60fda004cc7ca62c7f6c1556c13
t2t_L10000_9286	ef528d517f0b292dbc932fd4cb70e000ce5f5c7632a021b6375ffa9ad00d3014
t2t_L10000_9287	6e8f988291aa66d137c2be1d8bff14f54af2d04426ef7768c45cfa563203551c
t2t_L10000_9288	4a5c14c56eee859ed06bc58caf03b959e4d1b831eda764053fff936968933d70
t2t_L10000_9289	2605261a5b1de275ef25ebe4f1594c6b345361cb1a6b57d93c62923f604cdc60
t2t_L10000_9290	01f8b384fe9491f9e95ac5d3049687a7d95c3b0b5b6e8ff157bae5f202928be0
t2t_L10000_9291	f93f7a33632f71b1a2470e94d75ccbfe6b90277adfe17f9ae11a4b9a6b497a53
t2t_L10000_9292	209137095c9553ae371b530433c63292bbae362fde52717d906a344865c1714a
t2t_L10000_9293	992a1426720fef6851113ba30272dd79a8d6cc38335a779ad5f9f431d55248ac
t2t_L10000_9294	938d331f069cdfe7e3cf3fb6cf1b6ecdfb5f14ad0311dbf6b27d07beca60cb66
t2t_L10000_9295	daec748d4d7b26c45e65a5ca77164c7559a83d4327be4776508eacd344119eeb
t2t_L10000_9296	56989159b78ba993fe8a3e013ddb0ea6a99d3f9fa19e92147a68dafff71117d7
t2t_L10000_9297	abfe4114f3878f89ea8120d50e66852bbe50c8a8d8a94c09a91e5c80b62ce5ba
t2t_L10000_9298	3c6642476413b313c1389ce9e22b3618e4a7d7ebfbbd601656cfda5417da3c69
t2t_L10000_9299	1bdae9722ea95eb35b0d58b2f6640a0f19611110f6ae849278a15bc1613cc450
t2t_L10000_9300	fcefa44dfff40c10e874eafc3c80cf59177fb3bc4212680dd78d363e0d2ccb24
t2t_L10000_9301	8f2785930d9fb8c3733a8c389874a93842d038587b2e0f6ed6673959a53ad49e
t2t_L10000_9302	18c0138ce99b52312980ee5168b20723170bae9ed2e553050c2367e122df415f
t2t_L10000_9303	44acb56581ba157fb1cf44cbceeb413a9e2a65eac2c816f836b651748868c76c
t2t_L10000_9304	0490ed5fd5412968ec8e035bbb160641f240cf51c25474e4d1aff857655dfc6e
t2t_L10000_9305	78f940b23f8ac1a9cc9ea31e2ceb3583151239e91684e942883a99fc5caaf044
t2t_L10000_9306	d76debfef55aaa1ae35929a456da6d65f96c32fcc500a2bb98329c73c1b8437b
t2t_L10000_9307	9c711c2b745db7e0703fd0ac5412b636e6e4df704cd9f4ee7483d445d2ac7d15
t2t_L10000_9308	2f141affb9ad61735df161d4899de660de933c75f498091b98ba14219962dbd0
t2t_L10000_9309	32b851f607727d5cf64de35f8c1af4f494b4f2b061ec17e9b92d1df676cd353e
t2t_L10000_9310	b540b134b0c754a246066495c74994e8d188999915b0d3c36db36f5be1815fae
t2t_L10000_9311	6913997f48ebb8faaadc35b37416e045d4f821f1532695422670ba533d212a55
t2t_L10000_9312	8652dbd54623a71d8cf8ffc52fa1f5f9a82b0715b64d34318369575dc8dc3be5
t2t_L10000_9313	5f249fbf52c6216b498744f4818e5f5a800a05642c4a2720db5f32612a99e2be
t2t_L10000_9314	adff2a81f3c50c7b2442fb5a874e9f6164f9a5b3d53da34aee242b9345f19b28
t2t_L10000_9315	489dbbe69800c5a0cbc23d2c76a0c32ddc3bdb4914b059bd08f51fdaf2ae0b1e
t2t_L10000_9316	fe24f38ba135bb832207c068aff931a09166608ccd1a4a3893ec605d7daab751
t2t_L10000_9317	0480be90aded37249c05ffcd61e19401aeaab72fd27b1516f13bad2dc025e53e
t2t_L10000_9318	262037231570203324c657a414f2c21913e00f6c6503bce87b42dfbf8f3a4bc2
t2t_L10000_9319	5008f219ca25500d8bcd56e6da61ae8a8166b8343ccf0e634d03e98794f3699f
t2t_L10000_9320	fbdaa9a46343025cd6a8528566a65c011c900ac61fb9eee7f23964a3623f837d
t2t_L10000_9321	aa9eb707cb99d619076a0cc4227bbb0187308450c77b40e3b1aead42774dd7fd
t2t_L10000_9322	3d8d33dd713330004c27b7ac7b5401ef2676b4780195e11c300138f00d4e2b25
t2t_L10000_9323	87ce38a850e9c472541ef2d4cdf4dceed5105f0f19a90e4c853647ff13c92b85
t2t_L10000_9324	c79b234c1afbb269c47cf3e562ee6dcd308eece1a2d6419e32d3533d7c66f7ef
t2t_L10000_9325	3aa33520c2fe8f11466cd509adf296b8d070f4b8cfad5ec97805b94c67771b4a
t2t_L10000_9326	e3c2143cae89ef7a5dad5c268e82bc5d1ff367900c2e40737786f14dc06a3028
t2t_L10000_9327	8093950c8930b1b66b59df3e5169670710b86d4932670746f4cead3bf0fec0b6
t2t_L10000_9328	11bc24724fe39ebdcbadb61cdf2679b1e2cbd3d8c39f65ca9ea8a63991290b33
t2t_L10000_9329	92344c3bfb1bff607e336812d8d3fa2cd1e3fa8e250a4192c5bfa86051195bb5
t2t_L10000_9330	9c54087dac4919e3c90bed2371fd3b20a2752b06873cd4564cb29b72aac54424
t2t_L10000_9331	c1790e60340bf4b332de88cf2f812b133c9fe734c699775d6ac1dbde5a5327d6
t2t_L10000_9332	a5b2ec96431545194e7b6172da1e1fb732840761bc857459d4f7a3cabee85152
t2t_L10000_9333	fed126b30796db0ae3313caf2ff488fbd939318bbeb0ee961fb9ee665899d905
t2t_L10000_9334	583ee239315ebf18efc74fad7d1480b8cd958bbc344b3ab05f001ab5a817bc1d
t2t_L10000_9335	55abb8e3c5d5e3f1b3e493f1d3bb82602095150c629d1dd75e194b74879fc621
t2t_L10000_9336	4c884f23250495cf291323596eafd44580125e14b80dd4bf0531b0d0e0937f10
t2t_L10000_9337	4750c0b4c2478dcf1cbd51b4150566a2cb2e525f6e3ef541adf14e2a9941fe86
t2t_L10000_9338	82aa99b9f23cd1e35e370dbd5c662976c15d6759441a440ebc23995b56f444e2
t2t_L10000_9339	ba3d9cd3ea4243713557c7df845743b9812ab37d176f0efb058bc9860c0aa6c0
t2t_L10000_9340	226e56d19fffd7cc2c86e40e915af29d5ec89ec572d5fa65076d41c2aee16907
t2t_L10000_9341	7ac2b5f4ab5d10a2e4181ae4d05d0b08ee26f0952cfbeaded458fd7ce66529d0
t2t_L10000_9342	506ec251e3ad510b12f08da07a46f563476794d2111c6070eb1779cfb74980c1
t2t_L10000_9343	56e9eb76db3f78c84061cd51af1457adc0bdbdd70419dc9dbb8ccdad9678ea73
t2t_L10000_9344	77da1c5b19ba3c82a1557511a7b907b9acdfb49d90c838a2f7386c1f0d1e52fb
t2t_L10000_9345	52c0fcd26185c8f95f56993e27c933e271cd7736862970111015a1fd45b8fc8f
t2t_L10000_9346	49fa5c0fa16b502804b496b0b964c5482774cd7f9fccbc6b2b2ca2909f54afa0
t2t_L10000_9347	0a80361abe17378f9637bcfd293a8d50c9752dbd022944a6bf090123c6548662
t2t_L10000_9348	c19f7a6affc703ebee8bca9355ae7af898d88b60c2f0c9ab920b30f88650c4e9
t2t_L10000_9349	5f28b1e043f757088af9dc60b27da5564781febcab702889963ceda66cb1a28c
t2t_L10000_9350	1514a58c4282a74221937f61c90babc1c9388636f0ab3391b5521e1fda57e6db
t2t_L10000_9351	79b30c15d653cc1730e554dc937079cab42df14cfbac601492c97c2bfbd7e9e5
t2t_L10000_9352	d25d14d0a32c3a5dca7c139a904a1f19be4ff9bea495a5248f320a65c2f53da7
t2t_L10000_9353	f73a6dd86719441fd3b54624657e485fe4da837945bc34d1865c822e0d73b9aa
t2t_L10000_9354	0276e6f8bf9640d494712d240b6158710517aa98e5999ea2b3b92a53d84fb2bf
t2t_L10000_9355	81cba775d8dbb12625a8abbdab62743876e1700e6b21e79fc6e1afb9ec45cf81
t2t_L10000_9356	eb7b91cfe6b434ace9afd05b20b4ca322d0b98465333065cfda72edbbb311f5d
t2t_L10000_9357	3fbd6088e21d3d245da8dc03ee746ebada12526404fb594c0853385310b756f4
t2t_L10000_9358	344f86902e091c172b13345b659de2670e2a539e01472645e56eea49b687f734
t2t_L10000_9359	c17b27b3b95246a1a6e6be6ae540e1ec4580640d846cf14a6f13faef723f5dfe
t2t_L10000_9360	35c02cdcfbf6f06a69ec7ea5901722ba62452c5a0eb927ec6156f4c289012d58
t2t_L10000_9361	1abb4dec6d30096c5fd0893695125ad6ac723904c91bb0dd0a9d467174d9d1f8
t2t_L10000_9362	83894ad20bf3d01f8895f01438c8b9d0ff7ddb75809eac145670551006383d22
t2t_L10000_9363	438d728bf759702015dfeb77768e3e4a471ffa38deb42eccb6f906943f2f797c
t2t_L10000_9364	6553b8755526fc99a78d898f40469e5af485dfee0c1f9d200fbb9290bb260515
t2t_L10000_9365	3b2fda736284c82c6f965045031f6540085b5a066fc2eaef8da2cf0d07e16885
t2t_L10000_9366	cd6e8697e13e6a76af536ea258cbd05b89175ca6c44ff3f99614f7287066ec26
t2t_L10000_9367	cbb325b3e19acc220ecd4337256d28cf3d4150fd49606e5564383bd2ffb900d3
t2t_L10000_9368	fdfa92bb8ab216e8ac7dc5ef57c485cbe9c78be7330be9cc7ec92dbd335a57e4
t2t_L10000_9369	0203be813c367f1b0896c4d0aa4c5ec85177a2ec3c833d6e9a75220f567148e1
t2t_L10000_9370	193fcf888994d479a2cda1dd1d1923f12e4b1c9ff9ebc36e9423b4bb0781f28c
t2t_L10000_9371	37d296385e230028a5997f743abca26f2d36769e3fe9a555f1ed1c9f87b9997e
t2t_L10000_9372	013aad523461cbb468a3c4f6f40093f0b7d5919b5417ce7d779f27e53475649c
t2t_L10000_9373	668e2a1a296994b150b14f05ba3bf151826f393236cd72a4fcf2f5d4d8e6c270
t2t_L10000_9374	3b4290dc31c69d0572ba29a1d9f9892f055250cc50502bc96db66617d2090a2d
t2t_L10000_9375	0db4eee10e954ab0ed576579a5e56fee417935c8342c75fd09ab55ea02af5258
t2t_L10000_9376	f3b96dc35036fd6b87ec74562615ba66260cc4b28e523d2fb80438000262982c
t2t_L10000_9377	945e9b4601162cc7b55f33949430eeb531013244da5da92e4eed7e2b84cbd4f3
t2t_L10000_9378	13a28676528595085e312025c6d54b1237916290022bc5ed3551633412ef4ded
t2t_L10000_9379	a587796ce5e182805c20b9262daa2f087447a6840a7bcf47fcb6d8ad7572f174
t2t_L10000_9380	2b994e375bb1f6f912dda491330fdb6e123a466ed08152b5948fd1888426b314
t2t_L10000_9381	ef48e70b4dd6bb3703d1ec89873a820d38641b2f4e048b9c7e13eec581758e77
t2t_L10000_9382	0ade8361830d8fe73877366da2ced540fa3f7f899e8f8be8b941ef6a95b2d790
t2t_L10000_9383	a88b15c99cf47d5460df7febeebbfd6c480304492c302971fd63b61a5d449a3d
t2t_L10000_9384	b38e6e8d7c6c1f59c489e41721675fbb093aa91998252b5bd8873eb9f5d90436
t2t_L10000_9385	033f5ad59baca7c462846e0a6a0d7a9168be821c9b801a8c7e16ee9811aa20e6
t2t_L10000_9386	ca4c9b55c50899a0a805bfd9bd9d1385b28c76c7771c2e35730fb56b73f06192
t2t_L10000_9387	8adc9d9d9144644142d65bfd4cd6c34755d9cf861f8bae92f7c12ee7ec8f4a51
t2t_L10000_9388	9a7e376d24f7abea5c6e1f95d39834e516b1580c590a04763d0b2cc036e7f5e3
t2t_L10000_9389	2f3a34c4ba719fb777646e05b58fa1d385b5e42362a31fe391c1b4eb5d476788
t2t_L10000_9390	f6b033aa361500071499ea05fc1fb60b09420a152e3030f3d66b32e559832e0f
t2t_L10000_9391	d57332b4b9661f7d063d4ee83a8e6aea0e65aed1d58213e307598238624773c5
t2t_L10000_9392	16013ec4c38eb03aead65794bac93113f06b2a1bad320e5f021dae95033334b2
t2t_L10000_9393	f484af288bf96c144df0f43a18db0175a322dc7f975f779d87fc9f3fd167d007
t2t_L10000_9394	09ff41e2bf330b97ac5e457dbcba0996a65346ee6d6a42e7a73f1808df774c00
t2t_L10000_9395	63b8615405e82b25853aa1fc33c977ce9e7270c6c55ca0c5e5cad09742786ec6
t2t_L10000_9396	65f4930166ee06f05dc021545ff9cc36c6803c2374da9a356ea9e03bee872094
t2t_L10000_9397	758b477e462437d2f4cc034ae2163c34e052a22277ecd67ce3154c8f3952646a
t2t_L10000_9398	637fbc0d29d0f0b4a5fb6bad7eec2ab3b7f6ddd07cb6759945260f83c1922cc1
t2t_L10000_9399	5ea19359a64aa48478508ccaf3d95adbb51d7e5a0f68ce0d97697a0e03b85a17
t2t_L10000_9400	7e3a6bda7c8336991a8021b622df2139446696d5b3749661ed4c863f1e365be9
t2t_L10000_9401	e625e44af88919fe008b9b860c886fdfd947d1411eb060a582ece8020ef81bf3
t2t_L10000_9402	83732f9c89a24758a4c54eb844e23e3ce15abe10e8bc62e3d09ec646551b088c
t2t_L10000_9403	4d20c43cf68e1c0ce34e90c2c5b18c0bbdc56f7c735a6809fedc9010ef2e79ea
t2t_L10000_9404	cff64e9f5413201d92eb8771dbe6febade9a8f5c63dc12173cae0dc1ed52ad5f
t2t_L10000_9405	04d4c333b3aa8c21af38ee1d85902756304e480f2173417a2afbaa4fbcf38b6f
t2t_L10000_9406	fd29cf757d135fa0e3a1c27f684b671caabbc32cfba4d01c01b33647df259641
t2t_L10000_9407	8432b67d6f22e91b4ee53072d621e4fa4c0f9d10c9a61909b06905933f32e69d
t2t_L10000_9408	f447a80f1f33186d40e7bd24a0830ccfe0262c900d86d41e51fda8675dee5c2f
t2t_L10000_9409	639796b2e2e404caf3d2f28775b3fd65e16d9d75fbd0b1bedf759fb7caa2d853
t2t_L10000_9410	1ece6fe8b0d208ac5f7b8284a848277dc820b7eddf706ca38c7c6578ae01f812
t2t_L10000_9411	a8745dcfddd9d630dcaaad9fe81fc227fab2102d0be1aea2efb3aae6161d45ee
t2t_L10000_9412	ace3913fab77fdb7587fe387e6c881ffc45ab06271aa799a89f586f1704a9875
t2t_L10000_9413	9cfbe6354686ced3abd530f196dfb83c5b2db322df2c7565fc41fe68dc6db58e
t2t_L10000_9414	b02d5b31c988a8a9ab0bfc58459360fb5c099510dd7c36ed7d10b61ef840fb20
t2t_L10000_9415	c9a1db144b4a5dbc36ff16845e8d2e08cb3b9339c72b09156ed2159769108be4
t2t_L10000_9416	6e74298ab3029cd1012838e8c94746ead038cbc3a2457bd04b6996405b7ce78b
t2t_L10000_9417	6699b2204ae05d8d222b8d86d52e37dba82c7f71933ebdbe826f2f88d305d3f4
t2t_L10000_9418	94dfd9fa7b85bad2962ee8d29f95eb8d2bbfbcddfb403fbc22877741742633bc
t2t_L10000_9419	e981f94460efd44b5f4e414bae0ce54b32e9b4e30d1fb377d727caba96706c72
t2t_L10000_9420	7c8ab6b09dfaee394e3e0101bfdc50277e3f79541ff89b409cd98c15d5c69824
t2t_L10000_9421	f91e351dad8def530eb30da72c7c38fcbc3aa8e09e1184bced221713bbc42bb5
t2t_L10000_9422	42df63991c4da6053e93158b95fe82304b3f67066ba3f9daa479b58d03511cb1
t2t_L10000_9423	cd4162ddbb1ad4a762678696b3935f836411ed5d41a48220e1a697b12c0ad74d
t2t_L10000_9424	c9329ded852705e061a2e13328af59af2036cea85cd1ae791b0c8cbfef5f7868
t2t_L10000_9425	3a65955cd8c62b5bc07572410ba6d127e8224e862caa5457be351f1352307531
t2t_L10000_9426	7a7f13b86199522b38991bcef280fbbf018552bcd7d1848b76c5a117b331f1f3
t2t_L10000_9427	de4fa2b1f11f8d880de9c79844884555e54936ecc761ead17e7b82de5cbbd768
t2t_L10000_9428	cea2194c37ccf712cf0d5a9afd40b44c63571347f8ced34be3839facb8421696
t2t_L10000_9429	38461f1d6b64c689caf416934b6f24520c64f90536cfd742a168955aea2c798c
t2t_L10000_9430	9af493efc4ad1d140a860e1b322ba6c535c277570617983810f79631561e4d5a
t2t_L10000_9431	bdc69f01e189903ef9ec22cdd147abdd3562125876c7d2bd82b0a7f74a48e596
t2t_L10000_9432	5f537a516b8039393ff6faa666a4be2ad48e47e8b74635a8e73ced5d2423e1f4
t2t_L10000_9433	6652c9d167a1f8a23fcd5a836d90cae6685865f76fac03592437fda423308580
t2t_L10000_9434	d3e157b065abfc47d0f83717f5154d28c738f5f62b1e965cfd8872d68f4fc222
t2t_L10000_9435	9701e2f1ee8d1f373d095f1b3878e5c04b3781cb52fb12a2356fdc18f44caa2a
t2t_L10000_9436	9307105479c9f8348af30619f0f913e61ec33c42234dcf328d4bad82a4cf2721
t2t_L10000_9437	3d90445fbc7b16041e61cf3bf2727f58332af5f2d93efa99add79c0919a0eb8f
t2t_L10000_9438	c9e9352390e351e760437063aa657756e6a901ac24822f5fc20f9b75a662b899
t2t_L10000_9439	6611a6dad9bd50f81ff4a26ea00b2bf9c38664a0d7dd0f33253c7e13caa1dc49
t2t_L10000_9440	9c749777b8196422b0d5875744c0a7860859eb16963f4f7e700565069b13e552
t2t_L10000_9441	420393774476c0875090f69e230998adf0ebd407e93a3acacd3f946b407c9497
t2t_L10000_9442	9b962c29f82a4b854f18591a08f98afe4c4a6ae6974e1a905b16d9dcc2366f90
t2t_L10000_9443	625ab218aca2bf5508e75d65894e18f1a21fbd283526bd37650c3291f650f88b
t2t_L10000_9444	8199fa4bb459bbc7552fccc4fdd516b089326ebc97dc5ecd39f65a956a9af066
t2t_L10000_9445	682a12ac2a0175cbbd2d3b64ffa7cd311dcd6b94fabc24a5a6699858c877f5ac
t2t_L10000_9446	68a9450f47f6e04dc9aa81545b44ff83ed044cc98444536d85cd767c8276f9a9
t2t_L10000_9447	3a77cd21a64b0abbc9e4450151594eba4e39bf6a6c8e5b77c684b2de47f71f30
t2t_L10000_9448	25881344e10c2a8bd7580946dd83d0971847023a0d26d1b9ea81e04b9d660e76
t2t_L10000_9449	7d94fab98a50e5bf5df7c5fe31e4285861fbb1dced3e85a045799e399f5cafd5
t2t_L10000_9450	438666f35d70311f3a521ba05c5e129371c7efaf0140df0a4ec4d45f3e6dd5a2
t2t_L10000_9451	bb3bfeac2ef25af54512e1df46361cf8633acdd3ea2c92f7f8172aafecc6a515
t2t_L10000_9452	85468eaeb75b1788df39d4dd966318ce7f7df0b47abad77ae8fa22c859220d46
t2t_L10000_9453	25c766cc8558472eafe96ae4ec706986340bd16458234870950a834586bb7f0f
t2t_L10000_9454	3f12dcbde68a500e1e3fddfe22a09ca969c5ff17959d0684ccc92c3dffd77eef
t2t_L10000_9455	929d2bf0f06cb2d98d739d1d29a73d523931e7878895ed3c95942a4671365b58
t2t_L10000_9456	18d99dcf9f714748458a472333d21b34258ca9f35ea3ad638e25adf82b9335bf
t2t_L10000_9457	955af8d9f096668fcafb05906f12367657650261f4e28af29822f43cf35e9eb9
t2t_L10000_9458	7fd83abea4e61eda72e63e926c4e0c2f3f6474c13a2577863333bedb52940967
t2t_L10000_9459	51f938fa41a6eee593f995baee5ff05c0f64c130aa3678519e312a2067962c29
t2t_L10000_9460	1dd8e9b7ad3503f9ab828cd4ebbecbac425dc85bc70f07d5af7608245c5d4bab
t2t_L10000_9461	3d1c7ca5f7995671b62d831cf2f836065f8bf1f5e329cae9e770040d3999d868
t2t_L10000_9462	d1218f8546276e94053fecb4fddf5cb42ee989c2f8dbdd09c6bddf9cb18ad4ba
t2t_L10000_9463	7fd70cbf90b41c4960b7ba5d0a5bf6dc92dcbd30de458f93dde946c8dbd01bee
t2t_L10000_9464	e4a944d623ed2a7de85df4e0e5f696114e30364219190e943822324ff1212de4
t2t_L10000_9465	81369ba4ca29f5616701cfed336dd915255a4c6c0a44550cd57dfe79e5a18703
t2t_L10000_9466	73e095e8a6e8c0b949da6bf702b22fb15dc46de352eb70cce87b305a09ec739e
t2t_L10000_9467	cb62a14039c62d5a9a6e06446ddcc13ee46e5febada2e2a58a5cc470cbeb64da
t2t_L10000_9468	cc38b8b53c337f8de4a140725e00608f3aaa75c346087988309d71dd89e9d7e3
t2t_L10000_9469	c3376344aab6946d066879369641dd1ed213ce6d0870007ac01a3a9539d2ff76
t2t_L10000_9470	01e353ba19752e60c95511ea8281b53d563856e5a790740109a80703018946d5
t2t_L10000_9471	a59f90e8e6746a283df90fc2b8fbb833e33a06472a9063111a6fd19cea26ced7
t2t_L10000_9472	a9b094d2cbaf1d956a2ca36b7c003aa4168b7e348df5637f74c3f1093ef182c2
t2t_L10000_9473	86d7139b3fcce974f8bbaef626dd38a778fb7e78a54209c189f9fbd5dca464bd
t2t_L10000_9474	2cfb5bea878970612026757eff66fb8a9e37622bcd81646d8331e2dc3e439b2c
t2t_L10000_9475	4099caa9c93d208ae1aa7290a483018ba9b6e6717d635e597b3c9a6eca38988e
t2t_L10000_9476	4405934be3d9e6b90fa7a606ea625ebaadef59a211a6cebb316267b17384cee3
t2t_L10000_9477	d0c936fad963c29c36c585c156b223f230bcd74c0a9e8dd1b04774759cf0cccf
t2t_L10000_9478	e8d02b60a136fa0bb1b8dcff8fe70141de98b9d366bb984115ff5937971c3515
t2t_L10000_9479	558ae4a0a7df2440e65dd87d5904c9d1ceafaaa31d715b245536c1e968ede472
t2t_L10000_9480	6c2d82c9bc488ae1c8a13890fe2ad1badf461097d9340fd04dc42206d09bdc7c
t2t_L10000_9481	8e2261ac8f16fe0e23be66106411f0def7eeaa4d8382be1ffc89bf679975d07f
t2t_L10000_9482	36b0e7f427538ae1b7748c65d09d3e811949470b8d2e572e3b4394051cd5069a
t2t_L10000_9483	1b6c5108f4cb59289fa907b847d651247a857493c339f59c7a8b465f0ffef28d
t2t_L10000_9484	09740ce43cbd4006558608dfacc31af7e27acb87bd7883455913ee99a8a17e19
t2t_L10000_9485	e689de43393782924b19700eaecbf2dfc9f9e40057f1677b8b5928dd10f2a9b6
t2t_L10000_9486	2cfed2db944fe53321adffc8f380dcfb65d8a131294ac01dde8ead3ebe510ea2
t2t_L10000_9487	20d5763d90cde7eafea270d94ccf7387a7ba83542525376f82011beae4ffec4d
t2t_L10000_9488	0bc185e020fc166462f8e86464b2948ee2f7295720f2f66306ee979388a9341e
t2t_L10000_9489	697acc2cb9b1a22fc3b06e8a0c94f4b84772f9add4d90e1b0520db88f3c691c2
t2t_L10000_9490	9954f6c3e8759506b9b86321abc75fd37e17bb9ec6b858d2bdf8084aa8045e29
t2t_L10000_9491	21888d4a3420726231d96141bd060b6ce312028d98f7f662fba924eb041f82b9
t2t_L10000_9492	67cce7ddc5c2d32f8d51f658e8b06879d2dfad23f94d16b982bcdb1f6b3ec2bb
t2t_L10000_9493	2654dfbd7d5dc9aa69343e9083658d4b6d1b282758eeebfd58efda51d578bd6a
t2t_L10000_9494	813192f63ecd54a39e39cf27eee62a3a711df69d715216ea655c6d5df09d4972
t2t_L10000_9495	4fe25096403a078ae5110e3183f0d990941e4e44179cf70c4115ab1a70250b7e
t2t_L10000_9496	3c82229f4af9953b84f9ca236bfba92f8074100469ef00cdfb780034daaa0f5e
t2t_L10000_9497	18034e1a01e451a22423f690a9a257f1022800328e7e9ed13d54f06b4feb5221
t2t_L10000_9498	28c88b002a9c7a9b494595322266ab20939f33948a88b957cf56c1c4f6310869
t2t_L10000_9499	c12a155598321720148903a6fdc9678ff047ce5ad38e14a7da4efcc15b6aae34
t2t_L10000_9500	34362567bb8ab6f8582d7a498e51b5a1f6443de731261adb874e10e323f8d6bc
t2t_L10000_9501	15f7436457bd7b5adb290fa705a8b20d3ffc55836cc8bbb96727aa9f7054788e
t2t_L10000_9502	10d0a69b715584b87fc2cbd159a62a6c41de935ba5787349ecf11c20c7a0ab17
t2t_L10000_9503	d79686a2a02aaeac1b60441f55059bd4f7ee1912929efbcfee9ce3a6495caa52
t2t_L10000_9504	66423bbdf6fbb446284819436d6c60dccd06bdd0d63763bc6f367523042944a2
t2t_L10000_9505	ac169d386770f721e8d1e7bc4eafb9fa930e9898eb1df09d1bd6c377b182a764
t2t_L10000_9506	24be4852cafeffdb8b8807f344678ea73e223b3078b0c4ff4543ad302b347089
t2t_L10000_9507	a80b8d608dc793f61b8da55998e231b720961d42e533d59334c8f9698bbbc624
t2t_L10000_9508	58d3d6df4a64693b4d697e8c29ae96dbfd7ce20f7fb8d63985aeec157d8c3dd6
t2t_L10000_9509	e024771750a4de8f32fe12d7b8776eb648a14c00fa87510afc81231529470b04
t2t_L10000_9510	7d0962a9cb92c0c0c2cf094c2a6e4d06d12cbda6dbc0310f70b499454d1f29bd
t2t_L10000_9511	caebacd612241e414eabc5a4a912959c2a86fbad1092d109556ae84a55b0d51f
t2t_L10000_9512	c4c89ff3c112d9347ddc74c9678cb339d81bf68e7a456b103a562a4bdc4775e2
t2t_L10000_9513	0259b28433516156a2efa50564f0853913604b3603486a2a49381f9c61e698d8
t2t_L10000_9514	243b0ea8d985a40ce5c904b7cb367f0deac876dcb9a511016de29dc04a147009
t2t_L10000_9515	b117982c8ecab5b9929a9f9c585d86a8b6e12324e250167a94684798adbfb255
t2t_L10000_9516	18b2874473d9e661847f96345214a1358c64e5687c01f792b91eb9197fd3dbdb
t2t_L10000_9517	35976e71336d7bd7c58aacaa5f1478292b7ab23d6a6c19c67c643ee8d8d8f9fc
t2t_L10000_9518	8cf0255dd7abd60479d2e4e9b7a5791425eeea8846df968229257719531d216c
t2t_L10000_9519	e354d91a6baf8b19be8f2e9f81619211675e8718dead677c4b4530dfc040a43d
t2t_L10000_9520	0bb578489fb8809048e15fb7f4e6413fafedf7a89684b8c926204c8b6aa5921d
t2t_L10000_9521	8b0bfd1fafebc237dcdf68a1d67739f417373eb24539a397da895f24f5a2cc9e
t2t_L10000_9522	54dc11005e215e279cf2045ef0c59e93dc6af776912a6e9e1a01d224a0f0adaa
t2t_L10000_9523	74008f30cdc31ea5dc0bf18b914be3f0dd9a92a22c41197466150de5eae225e0
t2t_L10000_9524	a4bf8ee400d3f5cad197466db6af8547f2ae7558941cb7bf491187d0393fe287
t2t_L10000_9525	f908561d98823b8099042f2425ded80f49e2e48cfd0e7e751eb5c9f858d115d2
t2t_L10000_9526	e27bea0eb1b718f2cd706dfadac38e5ae2ce7e316f881bf9f8ac1d84d28444b5
t2t_L10000_9527	c5e91ee01ea43b438886af69e8f7f277d554e3f0fa944850fddf8d92f06fe357
t2t_L10000_9528	245d5cf12d5e8371c7a2a5e4acec4ac8074e25c20a033fe12afd9e6f2d066067
t2t_L10000_9529	3efe6a8d99904f1fbe544548ef8d383f69e95130b36d92a9a984a3a9982d5052
t2t_L10000_9530	6b25a56bf000babec21213fc8e31d56fa1b14b40a43cb03e89cec186954cf842
t2t_L10000_9531	f57a4c82d4fb8ebcb8ff1e369d1778cc96e416e29e80ad522148d48a060e5a13
t2t_L10000_9532	92fd4c3d42421f8fb565c90f66e75ce4dca51300462ce8656baf2850dc543cf2
t2t_L10000_9533	46d887faceca2ce73d2c0da70b97324cf56e114a6301b1808744dd65f174be4e
t2t_L10000_9534	4d8c770881aa4819f054bd63105dd3ed19741a887a791c42c564034d78f1316b
t2t_L10000_9535	2780c206ce7fe3b346d00c1dc51e2a237fe98d5966ae79bb85f44331c8515bde
t2t_L10000_9536	f6f13a06dada03e1071e60f8a750620640a607b5877cedde77b0dde8caa2c1bc
t2t_L10000_9537	cb2cfc7bc81476a9036a8f87bfba2aabe52c9c88937aeda11a239660290b98ee
t2t_L10000_9538	0d88b6b49b7ced3b4638f09922b822e03d2286e571d893419950f32158202af6
t2t_L10000_9539	a238790198272d36a71d72a869e290d2622b8d14e55d06000ebc17ae2918ee0e
t2t_L10000_9540	fcec0c16eeda77e5a9424a0c3438d4c283244535e325d7950268b22e059cbcc5
t2t_L10000_9541	2730f74875b1697e304681e522011bcbb70f6e5c1f9ac0dd83ff542927d2f18e
t2t_L10000_9542	a32c0599331482578243e68fc721b19998f7a3fb587ae880af24bf77152a1979
t2t_L10000_9543	db442b4fc3e023b15498abcb5185846494c6c99b93ebdfe78514f3b5e6d6602c
t2t_L10000_9544	b0d7fc928d932f739b969410c96e22add1fded726c9191bb27b56ddb1f5c6b70
t2t_L10000_9545	bbe3db5f0d62fdc719aa8dcf5bdf153591eed8f6cc1b6023c3691dbed0c6eb42
t2t_L10000_9546	7b483ea9cfd72c63be670ec7e6adedffb7fe088d3f108a5e1974c49ad460ad8e
t2t_L10000_9547	26cc70856bf3ede6e3c1482936594d589d352024b65b28dcd6c1145f8af0b3db
t2t_L10000_9548	9cedb1ec4435fd6b7c2be5065408190a5154447f1a6e2e9d7c84f399883cf63f
t2t_L10000_9549	bc357f2ea27e715309c365ac032ccd7cac73905323f88293e7906e45ffc4c12f
t2t_L10000_9550	f0413b64976ff1b634b250cd8789adb879ee7b63e2c7ff9dc10493709476f578
t2t_L10000_9551	ed5d2417027cd24e7a99cd3a01b7ba65bf17058016bd15a03e2590a62cf438c6
t2t_L10000_9552	3540407635324e7c087924ec38a0d62213fe265c808b414cf865a501cc22bf10
t2t_L10000_9553	185bdc8b7b3eaf9469539740f606392a5b083d6f156b83c4be7732ab5085000e
t2t_L10000_9554	1094d2cb6616e6e407b4934778c85e4942892f313db47199882d438bd23b278e
t2t_L10000_9555	0a38df938b1978a59623cc0fca1b53cccc4929621c96e94c729ab2a6cfe81582
t2t_L10000_9556	c74762add9b50ff885d8161d8ad76ba24b8248ee77e1230a46a0e37c01923de6
t2t_L10000_9557	6cd7de9895669cec3d4db1fad2e8b903388d445b89839bd61c1b3dfa4907c796
t2t_L10000_9558	c65f4d696ecfec6c53b5422a8c81cb36ad38bbbb2b75e90f744cbe42cdb66f5f
t2t_L10000_9559	4a37b25924aa4a840491a6320f8f63a652ba4545a539e73be34d8b7edccc3bf1
t2t_L10000_9560	9064bbf2752b6b105bf4234fd378939b9d55c64635e6746ceb8b3da142583d53
t2t_L10000_9561	6a38b28e59c1005784c0b55ccd68aca0b94291c61b031747f5d4795aaffa8f26
t2t_L10000_9562	1fdf07775150919e8264a3041eca68f7873d5d626966bf081764ac02941e6bff
t2t_L10000_9563	9e9bcc2b5eecd4d8d08b2fb4e8557ab5925d46977130b18a22226e0217217c8c
t2t_L10000_9564	00cc360a7d7e12dce2c203a117f919ecb71c1d954494c67fa47bcf788c0dc24f
t2t_L10000_9565	efc13acf1b69eb770e859c053bd7260dae8591a81ddee0e1c9880b754237ffe5
t2t_L10000_9566	5e660a78bcd022dff5db44fc253fff30993ca4e18f922c8033c9e918d8c5ee25
t2t_L10000_9567	a2ee083679ac7bf2a670a753c477bf7730f3771786f88eb2395a2576ca407a65
t2t_L10000_9568	95a6413d2fb56bedc3ca518cdd842b95b63bcc28f4072251f652d103065d5c56
t2t_L10000_9569	2a09c74314db452fc6cd18406f3a326e39794998907086dea3dfe42370d5514f
t2t_L10000_9570	147d865ca85ffec819388417c81506c7b9430ebc6d289d9d560892d6c0be5704
t2t_L10000_9571	ccc60f19061bba72bf786e0ba9eb6b5ac025b981156bb1890a908913aa60c8bb
t2t_L10000_9572	1e458a6253842ea7868193c237e4aae29a94be6ce4eb3398ade64d31ef8c7f73
t2t_L10000_9573	e8eafc1bcf7a27a67c3f4097ae2a614bda7a31cca2ec592da28868e5ef99da9b
t2t_L10000_9574	133d1b2ece9036f2371d42d461a9062f3aae07ac1645845555e27cca29c4d2ec
t2t_L10000_9575	29aae4b9b69b459bc68692e90703fe549e339ed06b20fc416f170fb494aaedf5
t2t_L10000_9576	f6db8a8a70ec66679f5c8dd4086358a5972fde7b92b8bfd1f2a8fd02a637edb5
t2t_L10000_9577	63d155cd9ea5320718a3da9355f7738543dbc36c3bf4982577bee488d4092786
t2t_L10000_9578	ea0760b1986d7993c258872dac6b867b05c06f43aa6d37e9e41ac2bc7ab5b03d
t2t_L10000_9579	fccaf52318b8057f56bf88bd60ba2d28b70efd0e75cf633397be835a8d1b3382
t2t_L10000_9580	bb85644204b0f4f92029c96478b1962ac01119f1815ceb9f96eff9fb084b2ef2
t2t_L10000_9581	09998a783b2031b3797def7254c788c90f5448cdb61931ea448d8becc0a7a927
t2t_L10000_9582	807b2da89e421f26d647d6b6f7f6a30e05e78b2b927a62f80648a8900f962e41
t2t_L10000_9583	7e8466cadd653dc094edfd84b8c815e394ce093a0819e3f20f6031fa6a84c26e
t2t_L10000_9584	b5c66941e52dd61948bead2b77fdbecdb258e134e7c82be7c516d80bc2f7815f
t2t_L10000_9585	49793925cdea705d0a370354a971639f58b481b4da392178eed60a72dfa58b76
t2t_L10000_9586	c63e427586afc95ad79df0fea3d0e522599df3ac9a966514bb2abb4b74b3ec5c
t2t_L10000_9587	b33fd0c98675dbaa584727ab7ba460c1456390f585aae49a485d92c447766f7d
t2t_L10000_9588	3c84cbc3de1f41691a82c5ba70168667cad4d7ea0c49a5250b63aa3dd2a6ca52
t2t_L10000_9589	8e1a068afb7c7907772391f464cfd0e0e6efd34102eb4a4a5b8ef32d75760408
t2t_L10000_9590	eea18eee8a71ab2e538f3d9adbeb3226efad54cf41c58a8a87e4b3c4b59967e3
t2t_L10000_9591	c6d9f616c8c7a8d7d228562590327c40889edb401dcb510bf396baec30d226b7
t2t_L10000_9592	65143b473fda07f528424ce02642d8316f71ab727f77286606480823420fa4a1
t2t_L10000_9593	08c56a4e883f30f00b236dc8fdcf9faa51f3982c87186800dacd5c1e6811f4a4
t2t_L10000_9594	cc11e25cee6a776e9b6405a13f4323d9cb18c761238cbdab1f873db319518c59
t2t_L10000_9595	d2f6ba3b61ef3a1499bcfb8fa40bdf3de2e8c8b6e01ff50af4897b63f00de184
t2t_L10000_9596	bce1e4d72e2349eaccf01aec27c0daed9ef7e1a02b9006e67e3b13a368555f4a
t2t_L10000_9597	185a0ddc2ce85b5bb6b067823cde44b309b9118ce65eca7a30692fd5b1db3629
t2t_L10000_9598	770871c55b10e2103cab3ef96937893f9c06170cb7d006dc3021026a18ce4140
t2t_L10000_9599	2404f8805037aa36e43eff7ea22c6e09a338a646757f692efc5b7841b979d831
t2t_L10000_9600	419409de4d91079313187684955102b184529b31500a71a1da8df020be58edae
t2t_L10000_9601	e877a24d4accc4e13d47b6b0d07add7007d5e18363759706dd7a7e238a97d40e
t2t_L10000_9602	bf9ef73de83c05415f63c0c335da7bef982bba2b0151be62a0782f04345120b8
t2t_L10000_9603	31bf295bd4576a36a662601f83258e20a9a9e27e167e17a54784e12670ae59dc
t2t_L10000_9604	cd31f2331653db0b4ccec9868d7fddabedbfefffabe3499edc86b284d004de87
t2t_L10000_9605	79395f736240410f2816edfde7ae26983830902be0995fcead1f13bf084f72f1
t2t_L10000_9606	304a5a771315b81e2fdece7f7f6f2714b152d905dd84afbcd52573824658ba9f
t2t_L10000_9607	a5cac24bc6163d495e0e972299debceb4c56c4956f7d1f58bed55dcefad7dd41
t2t_L10000_9608	8204ac4afc2beed414d9564dee9dc766422515cc2c4c27b5e97cdda9a4b8f63f
t2t_L10000_9609	de812dee0546903eb54058bed87e65f6585e8628e1621f8dc7eeb3fa6f15db6c
t2t_L10000_9610	4d1b50c15b8a89ace36c2a4e3f2d0971fd3d78010e9f46515dd1b964b10676e2
t2t_L10000_9611	5595c1e264a02fa4e172fe118184b02cbf90ada7b101f4d58589044e734d0f97
t2t_L10000_9612	b92842bfb07754f342d19668b1ca889f2ddb3dfdeca322197c39fd6f95135fbe
t2t_L10000_9613	cea21a10b2fd7090ff286944ee5e13610679f35b09a436b6c387dae5114de7a0
t2t_L10000_9614	5c4be2b274809d0e627413c36ca1ba894eb3fcdfa84d5cd882b08231236c797d
t2t_L10000_9615	b89a35e13bc6cac0e0d2d1a62ddfeb6005db449ae191fe77e2e969cc52a3ea5f
t2t_L10000_9616	df3186f4dbee7d29f6f199ac9fe1d429f7cb895c0a9d41904b56d70a55da1d17
t2t_L10000_9617	a0a2dc7ae0ae3c2b1a33a0d246c4a2d5bde101e5d75f1a9492881b8faef5456e
t2t_L10000_9618	30f092c6ecd983c4a825323877d8f7be25bb7638b1170526fe31f9bb3be64ea0
t2t_L10000_9619	edec8f0b3c44afda267aa7582ace828f0ea9a11c862321b7453cd758b3d39aa5
t2t_L10000_9620	623492346f4371ceff327070e944309827f56ba2f767b85d054c94e8eae16c5a
t2t_L10000_9621	3a22c6caa634f0dcf1da3557412d3a1453bbdddd288f5810fbc2e17ffeb7764c
t2t_L10000_9622	986c72d01195368c441384895512af78f961facd54b44564e70433f88a46434c
t2t_L10000_9623	a54ed0538dfc7ea51c599dd31616779e234336b26488c4ced681c0f3f9069c8a
t2t_L10000_9624	0b6ecd33005e7e9b41a9a6b0ffc37b8b235012023ee5041eecbfae478f1ac90d
t2t_L10000_9625	e1d1f77a360722fb574bf5d99f04b2cc0adb5c54598cdeab18fe445c6be1589b
t2t_L10000_9626	186f41a63a79b135a8e7b1da13eb33108ab4f1f454aec58c7a634eeb8f62ff5f
t2t_L10000_9627	92edd8119d87bb9c15bd8f1a905e2a6c1132a74c8db886f38a5b34a559aea7d2
t2t_L10000_9628	29db5a39b81ac542a207b863571cefb314eef1cc0133b191960b28c7695e7da6
t2t_L10000_9629	53eb72428e8758f70ed6f0c3f24d7875a5ebe6026e970c8b8f4c4a7cd3e3bcdc
t2t_L10000_9630	f05578c2ba6ea412eff75e29fd2ad80d0af283160f6d55d07bb39be7bc592694
t2t_L10000_9631	1cdd75d5ad2886ab265eedbdba1f5af15b7d35611b1ae59b8ddb799b10c9e7a6
t2t_L10000_9632	a3d34a9ee4092a8fb762f88cb657e09957d02eef71c61cd57af8d7b68a82ef9f
t2t_L10000_9633	2d5a9c8a03f2df1561faa2408115bf07ab212accce85a0803a0385252dc6cac1
t2t_L10000_9634	f991338e8abe1b795466aadd219ead0d17271ee9ee51fd57ff7ca69de0d80f1a
t2t_L10000_9635	48c0cfa4e4f453c0ed3630f9664d61a01b1691f69544821264a9e95c9f4a1777
t2t_L10000_9636	01bab1324c4660d75397a0875cffd6e292242a4e0d562e1fef6d7095eb5d6f41
t2t_L10000_9637	7f2a9fc4f28b6062dc4457b848e8350038a1a4be0e1b9bfb7b82570089052593
t2t_L10000_9638	31ff24f7e3773b067102bfcab7c9c772d0125eb5eb48ae5a7ba02a8151c84e7a
t2t_L10000_9639	6fb979bdd51fd21d0c345be6d2034f31ca79d8426bd49a578fa0c49c48a7ea34
t2t_L10000_9640	0c232843a9d15506ef72349f825230b8b97e33456aa88f267568a883f3c0dd8c
t2t_L10000_9641	a5f69f4f93abab1d46ed20b21cea3a587d460ac2e91b8d3b22c0a7cb4d6abced
t2t_L10000_9642	6665d48de78e8a8c742beae9ad85bda74604c905ea867a8ac63ebc6184a771ba
t2t_L10000_9643	5071cff65ba8c3da50b1de6844d83ddce2d80d3c7c355b1030ca87d332b57019
t2t_L10000_9644	8cc873fef882983bacecfdcddb0c5b5dba499a44a419b4d39634b72cd71da23b
t2t_L10000_9645	40b27c32a4435fcf476f9e779f8fcac0858ed56d4d41a126ba7ef4d4282580cf
t2t_L10000_9646	f57415f0f9b71d182b2008c6ec4b0d348d5586550af40af567b21243dd20b7d9
t2t_L10000_9647	93b1d4a7aa69d476705f8ef7e671540912d94e824d3adb3961b37d28af21ba30
t2t_L10000_9648	7bfce30a8ec74cc11fb96e2082e73d9138f05a28c9275210b37e3e4cc31d4895
t2t_L10000_9649	8a3b488447848173c4dfa859aaee474fe7b35a2165fda692c047293da146b66d
t2t_L10000_9650	1f498e32a50edf830535b1f8c7a3c71457e981f33db5b17dc164a8fbccf34462
t2t_L10000_9651	6a8b3082645f9991f60706970083ed37dab9ea8b353c68c81b487d9e22d6db5a
t2t_L10000_9652	6f0f35e350d04d411d1605da8876b5cb0060846179358ee2c5bcb593a335ff80
t2t_L10000_9653	0957717948bd2b00c72b3a1b49406a191ef63880839c22fb1561ac531066dc45
t2t_L10000_9654	2ea18701e409ad15620c624f00fbd07e8ed6299c4dcbd26c1992c9ab81b3d0bb
t2t_L10000_9655	a31b0f419dff5267d88cf2cf38b99a79c9f2311e2ff437ef62b9e85d8aba031c
t2t_L10000_9656	53d55ac1a28105b116bd4be0e75206a440c5632e68bcef5da53e3d95bedce456
t2t_L10000_9657	c97a82aae3db58389b9f255fba0b5c67edbef4303fd1c1dd178192820ef85e5e
t2t_L10000_9658	efa35bab2af7b247cece8feed42830b6aa1bb39636b4cc6d4b0bd7c7e0c981f1
t2t_L10000_9659	0a4c3d1a452900690fe59c7d4a852a44759c40c0ce80cca512b4856b73f19ff1
t2t_L10000_9660	58672b1171b5791e24bd5757b83a20ed8f9c79cab292abd61b56e8669ff237f9
t2t_L10000_9661	6e7dbbd031f6db1a0751f12e1196b9302295377fc476af346af42553607a130d
t2t_L10000_9662	ded5d6fff01cdcd0e26603bb4844cb3ba03a8dc17e513c38b8253540fe0ec3d8
t2t_L10000_9663	1b0b840e18bc998956d36982ff695a7269536c63b5ac922d434878e3de256f81
t2t_L10000_9664	bbd3c32b6d013730139a0dbe676bfbf0d49d77d42abcd91db3b310e85200f4a5
t2t_L10000_9665	d61003e7e91f2fcdd554a6f95a8617452908afb6f22d4a24c92bbe0f0fea766a
t2t_L10000_9666	c8cb263f71d5c012bcbf35cf66c5ed2f24d9ba59a1b471d06e3505d4b85aa4a6
t2t_L10000_9667	9792883ae15beb4d3b7aaf6be379e1946ee034c91c3bb3c75694daf5e48700b0
t2t_L10000_9668	984f1e76abd8e6faf966edf16d47c3a8ddf702533961cb00c7fb6bf8da423d86
t2t_L10000_9669	61837f15e4371992afb5393dd04a2f9bef9d9bbb50ed9a6462f5e867c5a9f2af
t2t_L10000_9670	9c7fec04bc22546578a721c177e39aa5fcc335d9aec911f10dd4e20e73c32347
t2t_L10000_9671	dcfb69c3c0e474e540a940b899992bff215650ded49ca5aea5cacb1fa7cb7146
t2t_L10000_9672	63ab970787412b5f0ff586617079224f134da680ccd95c85befeb1440ebb64cb
t2t_L10000_9673	acb8185cedc4291879d27edb616f06b3212bc88897a190916ccfca574edb75d2
t2t_L10000_9674	8e551309e888abe026a02268ad12ea9e0bb5a08d37ecafeb8111e929b2b2be97
t2t_L10000_9675	d55232634ee6c2cd8cb36a8e8bcb0d7157d41addb486a1931d541f16ab659728
t2t_L10000_9676	ef7a14e8965fc2b39050d755a057f5284c7afb4a6d2c4fcb31016c103eeed8d5
t2t_L10000_9677	7fd0966661c99e64f08495abc92082e842c22bdb8d8a34ae7fa76dcded7f9632
t2t_L10000_9678	1ca6f9b0c428bb407578f395862890ff8b336ff345e5a1e67a5966863b71ab1a
t2t_L10000_9679	a4bc5776a128b9316a1b87dfe98093ec3f1a669960f91d37216d14e810cad947
t2t_L10000_9680	5e2c92129f9367da36e73691a3532d05ec345786d8e518c604678b11a2c5b6dc
t2t_L10000_9681	1d59f08d7f764f0c6774d1a28a2322d5629c388a8ca6b9510d86f74e49357044
t2t_L10000_9682	30745b7027d91b8fa50d54355c0bf5d61fef97a3c8f975ab58c0ada5d41d18a0
t2t_L10000_9683	e01e0d94e13f9ecadd9946ea4fa8247bacc86b8db03e2ea8ffe190b062147ee3
t2t_L10000_9684	c202c96814d253497532e796314c51218ff73161a97c3ff823a01c8045625a0e
t2t_L10000_9685	6333f050790dd1bdc8790ce9289bf9e1a46da7d9dcd596af7e8a7d279d495829
t2t_L10000_9686	070700e3ef98626c5cbeffb79b1acf8b28525447edd7f61549954cb11f8ffd8d
t2t_L10000_9687	b8552747dd0c1b52bae3cf45092b4b42d8d4cffbfaab765dfcd43b20ec4f38f6
t2t_L10000_9688	b82ab33036b7d334abe5962477e2f8e9151330dc1a87e375f1e2fe90c8ec8d00
t2t_L10000_9689	fa11246a0a56ad5f813aa8d4662946c28a482a1dbf5e5bac4254a527b5f61121
t2t_L10000_9690	2d128d27276261b02472af579d1144fa3d2a0566a494385c62850be36d8dfca5
t2t_L10000_9691	6e10596af1cb4bdc9b7e25822861be48336068a377b76408127c6a4817b7afaf
t2t_L10000_9692	b252bc3f369f9065b9360ad1183771b5b40844c6ca6a480e16cd9c7648b03d58
t2t_L10000_9693	5e53c54ffec5d6f3b8c8bc81265903e75157522e73f27b28a25dc28166a1874f
t2t_L10000_9694	dee165fbd9ab43f04a2e009e75f255eeccb8a980d97c721a5fbe7ad2298ada4f
t2t_L10000_9695	eafc6e58e389f245a6f232daae87dc90f9dfb4332d4401cc5b8ed03c160d5462
t2t_L10000_9696	2e03d8efd991ad69bddee6282cc3086767012c53389ccba43e2d484e13b6b016
t2t_L10000_9697	c650a98a6139dadd2ad2064ad40fd38ff1b2d39dbb14f4ecaf7d35e8eded890b
t2t_L10000_9698	d2072ce453355463d838fd0dedfead5b28bbab2ae6cebf416a783b389bf3c8df
t2t_L10000_9699	ea8f209e80e2b64ac4821239ba9e2f76ccf6d905cd2b1d7887f8f8cce991e923
t2t_L10000_9700	104e14422d8aab2cd0417892a7b55eca045ee06fac73d557dd499c20d3e75a53
t2t_L10000_9701	22174735db7b4b0d9182f90653a42ef39be7c3340ffc4f3204d20836ddacc5f6
t2t_L10000_9702	927c2c2d44235d995c028db51938c60efdd7680e336f6e09622904589fa581ba
t2t_L10000_9703	863c0f2ed8aa9a85e855801bf24295945a5151713873755fab7d32f3500fa5e6
t2t_L10000_9704	be9690a5bcaecd6dc1919720ca890cda13766267269e7b1741e3145360a8284d
t2t_L10000_9705	0c0baeafef2937854b6d697e2158340335415d5ed8aead839edf81e9ba9c998a
t2t_L10000_9706	a8dd1c5352ff569610c263097982e51b069db64431836bf6ecc2bc1ba3bc6807
t2t_L10000_9707	25c249f540278c29c88a1574b6ed14ddd30688509c0c7d08c995d860d2cee388
t2t_L10000_9708	f518656b453402d1362d216d2510244ebc5f0780c04491a4e0d1e388fe8e5456
t2t_L10000_9709	4b4300d3ad063b579300d4c23320f16b4f42194bd147c3ea2c6f96ce1b3accdf
t2t_L10000_9710	b7eae033635b5f2da568355eb19c0a2868a0a2fd8e16b202eebda374f2c9d075
t2t_L10000_9711	fd6fbfcae4b293c3a35def14c82c9f3f07a8d5e8a1faf6c8e6c3d645dae70a5b
t2t_L10000_9712	5836b739a040cc8a6651babeeb9495122bd620d5b883c0df4db885242fe90320
t2t_L10000_9713	099b4db9005e74c5eff2e2874239913355c4646af00f208521bd21ce375df2d4
t2t_L10000_9714	8cc733aaa2c0ab5b3dfd9dc20780926d0f81bd91faeb08524b4be64c9d7d6e0f
t2t_L10000_9715	1debfd08f1300b14fbcdf91f627b1262cef1db014677e05a811c94bc3a89eda7
t2t_L10000_9716	4ebcef14f7da3976f314cead92b802e31c7dc110ee0f81ab536e924b32ab87b0
t2t_L10000_9717	0aba5c54416545d934a956fb3237a17cace6fc68c880680b87a8d72fbc739524
t2t_L10000_9718	152c8cccdcb13f7779eb3a50d6eadeac498a191c2624010b6505807c3a90840f
t2t_L10000_9719	f062e0a6e0bb12c8f52d35aac66e1f1f662f82f531a4a972dbcd9c4a04ce413f
t2t_L10000_9720	7129feb8f18c0df286265b100ecc25ba14ba243fb3e03e5be97bafc138888a20
t2t_L10000_9721	2cefdcec56f675588ab8e968a1721cff56fbf57afedfb7b1f696ad40fe912522
t2t_L10000_9722	fef98a48a368946e527c51de14cdaf7383edbbaac7943cec7ee07723d450a938
t2t_L10000_9723	658c41b0ed45dc95f1d0f95e02b42441ce27d8953b365f01a238025b4876346f
t2t_L10000_9724	8608312d13bbfa799d2646cf03974b120c0a0b7dee2a9c7a60fe7e119a8b3f79
t2t_L10000_9725	ce31765d32f7b7044ec37645ac12a322e822c0059c3c7713256a1f3caac6bc17
t2t_L10000_9726	6e1c9dd1abbf47c43ff05a1c63d8581fe0dd2af232766adb5dacbd4490074f36
t2t_L10000_9727	3c1b41248d6baaf7f77dbe7fadc71e1d7c7b3f95c448c825adcf7f7cf07e3fbb
t2t_L10000_9728	d197498af4afe5f0936135c7037940ea73c9039f7d807a524e2dde5b1aabd095
t2t_L10000_9729	b7860babbed41a254f748940912f2cc4aa39ff06766ebf582b2d6a4beff58ea1
t2t_L10000_9730	f4bf2fbcb1dacb50d0e799eaf6c15cec1884779f5c2ad8327db392b0dd976516
t2t_L10000_9731	fb9ab034d556596df2165fd883c4f717d19a537673cd6090281ccf5e042634a1
t2t_L10000_9732	b4b31a53e70729c9ba00cc59b35ded60f661a201b7020656165aae206bdfcae5
t2t_L10000_9733	4d6e4a7f08ab40eddf1ac7783551e527964b7bac5ef3fdd7bf69571652550c14
t2t_L10000_9734	4c46fefad2b6f30a54b33476960e25dca19eb61e4c6b2019f7f4b8a5db46de3d
t2t_L10000_9735	1874e735d5e9765f1716e1b30409c24fb81e1e29b0297eb0c4e2fa9c97433ca3
t2t_L10000_9736	a7120b20f0613f99c02b70576982b68a45f10f71cd998d0a569050ca6edf5fa7
t2t_L10000_9737	ebe16dd65eb357ee033e905198d049fc0e3740ce983f4541cc2c5d7e853e0061
t2t_L10000_9738	29830d1d6f1f384571bc97654536282843ef76d1b1d560b3fb6964824d297691
t2t_L10000_9739	d62e06c874453c8f6547d9052285230cbb546eeb1afd823ddf94792c6c629845
t2t_L10000_9740	7431e0ce92ab47dc59aaac320dcfca3f20df958c221296edb159a9b3275cc49f
t2t_L10000_9741	84eb0851df456e3faded1e2fbe88c9351fc6456bcb22a97c9d2cabf5b2ef727d
t2t_L10000_9742	e5fa0855337e0b89d97b093249487325c068f5da2c75523ca680ca8358bc6007
t2t_L10000_9743	169fd4490203ceca72422de7b233fa2634e075eedb4607b757d0f694197f3700
t2t_L10000_9744	a913d23d3cedc49412d0810e9452db13a5afb93ae2bcbbb5cf3926eefde7ad49
t2t_L10000_9745	768bbc956d4491a13967695bc2e432b5e16315f3da22242910524ca82cb5393f
t2t_L10000_9746	430ef2a67ee83b9359664ddabd976cb95f24d4270de2d4f7663b2d3337630c66
t2t_L10000_9747	9b7d3bff1bb7b7f2cd14776cecfc06ebb23ac3856547da56b7ed4dbc1669ae90
t2t_L10000_9748	77a12aada4139474017a5c3b4bb61f49a9f3db769c5d4250ad5d9b336fd08ceb
t2t_L10000_9749	45f9b7d50d10f71af312bddcf29e1a92ab10d448d16a4a46a704cfad427eb81d
t2t_L10000_9750	67335f9c7a576dca001f89e99df45acfa5df34214524a0aad6287053383b367a
t2t_L10000_9751	a610ecc265fe4144fe0a1f24d625ab49c5db495f55f2e659e8255f855d30b55b
t2t_L10000_9752	7a8675514154b7985d29fe5692ae170a3ece981400bf800947b572ca38fc1e9c
t2t_L10000_9753	396b68720845d6c1015413489ab132cc34a37ce53a21ad82983f5cea4c11c6e6
t2t_L10000_9754	b9c228f241d2840c976bf1d1a149279cc354384244e9630cc6df8296db921144
t2t_L10000_9755	c775215e42c348c3ca213cde61cf8e072cdf518c63be41fa7d957ae0eba39cf6
t2t_L10000_9756	a48d53e199a8d464356212d2cd5c08e799ebc62a8831b2d8bfe45efe8f78994a
t2t_L10000_9757	73695dfd3f3999da4dffeb8d97de62f4befa5c5981a0c9fd38a43abc6a2329fd
t2t_L10000_9758	c511de48a1a2d59d695eabdd69487f8d741a154f8b768f7091bc1f5036d2abc1
t2t_L10000_9759	c1097be0e2a6308fe85f31fed4c4f1e7b5726ae85c61f6e4d7e619de45517f38
t2t_L10000_9760	ec8aa1a0eb432dae7f877489761afc365ead901da1894625a4d15ee90ebf0f73
t2t_L10000_9761	e865a768405e4fb50f8f65cfdd62fa32a02b19af027e5d5fb2803e7a8908b62e
t2t_L10000_9762	f5ac8c7878f83dc307c0a277b7c78247b9fe91d8056da2e6609a90183aaaef24
t2t_L10000_9763	04e9dbbd33f0e953e3eb30ae8949c79906032f83f975f67d599c77927ebea04b
t2t_L10000_9764	9eb8244e8e3569422f113d314ba7388886498a37df3b669dcec2d422afb26a5c
t2t_L10000_9765	298476516782958f0ef473df13432594e303fb056499880cdfed68023026fc99
t2t_L10000_9766	e9062ec9bca4861f29420169f1135376569a56ca25f7da14b6f8fbedf0d73241
t2t_L10000_9767	7fd7578568e401c1a1a6c19f99284a67327eaae07e5101e7c055ca87e0eb8c47
t2t_L10000_9768	1171ec8846c2fa0927d1d5149e3acaa62dc49eeb8656558c47bafe95c3241044
t2t_L10000_9769	602ec8dc5bca3db12b16d3ca143f6661ab48bffb37b04e86cdf687a78ab09d61
t2t_L10000_9770	22e13df18e9dcb0ed286baaba741d1f08d70a024d1224b248e6f5b9915efd755
t2t_L10000_9771	6965558de351b0c215d16839780c9a26ce7dc3d987937034b1415335a7f7167b
t2t_L10000_9772	b1a8fb017b07d6d79263b5832a1000d456d96a81def8d9fc468d1e5c980bc397
t2t_L10000_9773	541848e327f314488a8bfadc46d38610fbadddf7d373affb7cd14fd75454efcf
t2t_L10000_9774	4c6fc7235ff0092f2d56c56832867bbfd19d0c07bdbde4576fbacf52a38ca1a4
t2t_L10000_9775	f8535e3a32e59b9479c1d457cca5d19ee0aa5c0bd2a620c9b2705f87f4822a63
t2t_L10000_9776	5f8cbbbd7602fa87accab373ef41279b8836c44137f16fe529021ef5e1960bc7
t2t_L10000_9777	2bdc069887799ca3b246fd23ae71381d3c014e0c8dddc119e88caed8267decb0
t2t_L10000_9778	3a837868addf434a1d638bb81007400fce5a710104453f88fce456fffa6040e8
t2t_L10000_9779	2d7111a55c74aef080267bed4d0f9015639b0ce5f275f77b6e64bdb7a9a46439
t2t_L10000_9780	f0897158548348fef31ab2932575136a4dcbfe1179e70cd48512515f6aacf6f1
t2t_L10000_9781	6609b4af6762f2bd2e224c6153127edbc162e0cfbf95c4f0e1dcbb9386f51055
t2t_L10000_9782	008ce7e814dc2b64efbcc48968a76b6677d1068f4a9fec82d4ea1315b7704089
t2t_L10000_9783	51c6f2f887189a6480dcc54e48fd5506448c8a35c28fb91184243c44f6aacbd3
t2t_L10000_9784	202e12c70b213348ff1fd7b80867da058288870996fefc1401a1505b5634f5a8
t2t_L10000_9785	1dc404327d2b8cd2334ed747c279fcf57ef5b58f6c9bebdedc154194f81beffb
t2t_L10000_9786	b0646c8e3e67932574c1f7fe334223b04ddc3f73de2b1278bd4b1cd92d09b67f
t2t_L10000_9787	1c6e91537116e70383d60b426d835eba216e94dc34827220501a27dece1d4eca
t2t_L10000_9788	714ab0ef6e92c7ae76952563a5af2ddf2127e0e6d246b5055584c3304e57daaf
t2t_L10000_9789	13c9be6b385e4174d467f6ecf06892d0fa9bb730fda6c3458709fa989144777d
t2t_L10000_9790	b3226902a1bd4f4551c4f5401556747bec8b9c49c5ba5f2bf882099b7f2503b1
t2t_L10000_9791	0341f819fa11322a44be582c0e42870a2c77fbe878ae78f595c10bf076656d33
t2t_L10000_9792	e3ba5ded264ab17ef3058506474530dac820f81c96ed6985873a66f793b17ecc
t2t_L10000_9793	c89c11d4c4b200e06cfdd8d0e41bdfd2618e46414ee36717fd4a5a38ce3ec3a6
t2t_L10000_9794	6b9dbae2be1ec204d6603e95f468efb4914ded61506c79d5c053b53544ba0072
t2t_L10000_9795	0146ff70144ce0de980da98e81b6b2c47c3d0b27b29970ef113413c24e1cdd9e
t2t_L10000_9796	def9388e279c74dafafa8b4bbf4f02905184b8d0f3ea8eb5352302d8771e71e4
t2t_L10000_9797	c26e148b03629b80d49d79682ede5c1cd68c35443537074fa1118ddf57b503ac
t2t_L10000_9798	0a4ab5ea6c84b74b8489f71e072363839697a181a8c2515872e5968a0b1cb7e2
t2t_L10000_9799	4ec4f1be3cae4fe8ca6c1619582fa65c16a5bf4590e4e04a339ce5c322c21299
t2t_L10000_9800	6a7241b32eb9c0e85c6d06df4c023ed39b41bd8f9fa4498ce747b7cfea1e95a4
t2t_L10000_9801	54daf64eb8a4b9e29384b5a429652f797db24bc143c2870584f16567232b27dd
t2t_L10000_9802	c03365585fcd14e321dbe3cdf4022237ddea84356a7441598945a4a3cb3534d5
t2t_L10000_9803	24266c9ecf4337d0eaf46eb7ad3128bf4d32e88e195f6b9606dfe87b683cac7f
t2t_L10000_9804	c0ff688940c557d25e5a87cbc4f8e09260ed9b15b61ed3e334353ca887b8cdc8
t2t_L10000_9805	ef6616befd0e5ea28e077c0afb07ecc78c0cb4577d5deba0d76954de9295febd
t2t_L10000_9806	f9bb41292cdfbc46104d8b434fdc3333cc6dc1fa746db31ca56d255dbe701025
t2t_L10000_9807	4ed377649358c354d75882314a39f231714a7adfd85874e82585616cc583b03b
t2t_L10000_9808	0a49fbb0b4ff1a21aafda7b4ff067926d7ef0e25edc9fa2e036f7c4477cfbcb6
t2t_L10000_9809	55469a59a540ffa605975c9f53498953ee87bb930ebe6c199e8779566b0eaf2f
t2t_L10000_9810	ba5b9d4cb020f8ced97e772b8ae87c957b8f6ebc267cfb80ca71a5ec06e1a60b
t2t_L10000_9811	84d8c0e2b37c12ef3dbfc9af840cc66d991601a747f2ea59fcfcb346ef9b21df
t2t_L10000_9812	b31573448d294851a170b1bfb52280f4b75f8b79561a3b4c2310512e8514cccd
t2t_L10000_9813	e45008e5acb83d6cf9c319875d628fac864c0d4b0b75af44f6a8e012806fffa0
t2t_L10000_9814	f19827566fd3c36b0e33cd8ea72af0b82be43ed5dfcf3940a7ca015fbe9f90f3
t2t_L10000_9815	ff229fe799cb4a7cd3bd29dd290f46d9d213c092e24a5e1232ef733a14a215c1
t2t_L10000_9816	23c9cccee3d8cfaae70a0da63e4107820703b8413f5e10806e16060fe4e353eb
t2t_L10000_9817	4bd770bc63779d592242944ad547c92d5bc4261a44ee245ca27859c5f57df4f8
t2t_L10000_9818	742c3da5f326c391a56f47740fb3cc79b45e7675c4970d66d1ec14fb74dd36e6
t2t_L10000_9819	f861b05f376c0b451f4d53d7c00cde57b3845935a5bcc20e38f395468edef773
t2t_L10000_9820	80e06e9edac0b0682640ae1f919e20217335e712bc56eb8c22155f3d6aefb008
t2t_L10000_9821	bb68b9d2da5e26dc38bf51382e1eacc28a6f8276d674368b8eae4499496ff139
t2t_L10000_9822	32f763c57d56d7eb7f245eff1d01c2bb505231aca91b5310a78eacb2f5ed93a0
t2t_L10000_9823	d441f1399d3afeb05b546f56d58fa21e1f9e0c121f81f043f5874d5c58b68b35
t2t_L10000_9824	fb04b87362ab10296a72d8173f3d994ae0188cc94fe783a6f400ac4894ed8e5a
t2t_L10000_9825	3d20471d9609e2feb4f408ce694b1df288dbb58014e8551fbef5ded75e496b05
t2t_L10000_9826	3651bd3f2198b76532a102caf29a2d4a6ebbe2b4a3e1d63ce609dcd6c4d66787
t2t_L10000_9827	5d1e02912b4bcc88434613d801f77928fac0ad99607550bea67682605a95fa09
t2t_L10000_9828	70382669015296322bfc13b7f8d32d50cd013214148d1fb651c5b0442104fef5
t2t_L10000_9829	d1f3ae9c0b100ced7585571c54522ceb61da6b1ceab6eb8cc7ff2f0f7a9c1b84
t2t_L10000_9830	c25439a82863c2694087eaaca44919b094a25dd0b975c8a4eb31bc8d77f907ad
t2t_L10000_9831	de6642a5a2edc9aa45417bf84ac964349be11f73c38126d64f283bf684942cf7
t2t_L10000_9832	96abd6d00ab1500503864cd409dfd8fc378d0bf3d9f1d956a8779d38973d19e1
t2t_L10000_9833	d44884c51b483e229cf08b0520005909658c1e32d666524960618abb0580514e
t2t_L10000_9834	c02649f5171cc8f1df08c50e5fd253d3eaf3d88d75be5b54833d3199c2e90234
t2t_L10000_9835	b1767ce71fbeba99d615e69353f284ef65b168618bee0c3e0f1768d146962f49
t2t_L10000_9836	a091c9b59c4b160da650f6a45226dc649c476021de5467db431916581e1ccd9c
t2t_L10000_9837	1bc80990537edb47d5812d9ae45cd5889296b31a53f4a4a1796d4d338e9b099b
t2t_L10000_9838	b264e69eac01f3626b35b4bc92e0daada18dd40c7c2da4a92f17d5476b6b0521
t2t_L10000_9839	420498c8be521b8d520c767f1d4e42aaba243b970bd155e31eb0b7510c08ddd8
t2t_L10000_9840	5d346ee7001de9ad75e77acaad856711373fbe1ae6b87de2b9dc34eeb7cf237a
t2t_L10000_9841	46a9b6bfc45ab5134e29b6287d490b2ae484e77b6ae817a2dc9a047f06fd2719
t2t_L10000_9842	917635d6494e3c6ebee35c116530e9128cb9d4a853c70649a6e6fc919970abbd
t2t_L10000_9843	e86ce60bbf323a73687acecaa3c5820abecc75f541cc7972431e4cef690f98e5
t2t_L10000_9844	28266db37a376b76c09c7189ed3792d74039270f04d0cce88ced40170f5444df
t2t_L10000_9845	ed494c88b7bc4367304d710e24ce9cb0220091b504b959024220e80d66ed9f66
t2t_L10000_9846	25358823efa4faf139c9eb3eb3b9df14d1e1bfcaad7a278af5a18c14dc4d4dd4
t2t_L10000_9847	8949a0e0535df3474b2b3c394785a544cdf8216181102bc503caf943df4ca010
t2t_L10000_9848	6154ab5a8a5f0f01be9a31574856caa28ae0df75d8a75491619608b40f65990e
t2t_L10000_9849	e9f83e46da7c7108ae13aa7559a60e541bb3798801bb62136ddb00c74ab23331
t2t_L10000_9850	8e126426723b444fd8d68d8a0248129054523237b2039c86f6350c14076ba8d0
t2t_L10000_9851	e547c3271378e41db413f020b6c9cb8b105a6840addf1f7c8be228df4a7aa056
t2t_L10000_9852	ba6be8da8d82695699d12e198a894377503f61aee40230f6cea4fa04bdada85b
t2t_L10000_9853	584b54274b6770b6ac5eb3f3ecf5adb137ea2e5564115688519217dbff94dbe3
t2t_L10000_9854	85017f706332a04a32a53ddbf1998afdef0ca7e1046027345b5ab9453d2b82a4
t2t_L10000_9855	c001726e8f89cf82fd7bfc25c59810368c3168bc23b2a805cf77986ccba0e255
t2t_L10000_9856	d88943f902bb334c03e1cf616de27f94a4fa15583097812abd1ffb6d528015aa
t2t_L10000_9857	e369e6237f2f9e71f98e6880165f052f713498bda61127ef2c8d119ffb13cecd
t2t_L10000_9858	1be3dde4eb38917748456cc50265677eddf797122ccc2c7b5480a9102978849b
t2t_L10000_9859	ddcdf6a98b29190412c8a8c7bd0565c269998352f5ca77f129f009ca3eb17398
t2t_L10000_9860	26957560a8bbf5604fb1fe02ecd316f5f27af6dd514af4efbb9c81e9e739923f
t2t_L10000_9861	a3835029969355549bec9ff569f4f5837f4253ae15dccd1858675a79bbb966e3
t2t_L10000_9862	242c46e14d687cae1ffc92a3bfc67109ed9a346fef0ba7e1b3deee591d39b303
t2t_L10000_9863	746d4f618a95ad9dd039453c77946c965a822d4c017aae37e871282ab0a2e55c
t2t_L10000_9864	9bd84c2e36d67afa121b0e2f21b57c9c783dcb293d3f5df6886b2868a271e4c3
t2t_L10000_9865	8f1821a693522e7385518184e52ff2b01a0ee4d41be2d96f5c2585b0f2bccf19
t2t_L10000_9866	67400796e984192fa5f7d202243799f5c43386842cfb0fee8ae830cfdd27caa2
t2t_L10000_9867	901dd367427c9bc3edeef6c984efb8d985c38c975561269e4b91a42f6d6e1c30
t2t_L10000_9868	7cc5a95c66988752b13f43139353bb4921f5cf84547893a9f62d1490e701314d
t2t_L10000_9869	e7836ea6d611b1756078061adabb7d5acee166a78909d8c3021583470bd1221e
t2t_L10000_9870	f949b17ee2d4cecd0b8cfb8d396b1fd2534626d18263f75aa03c2e0c1977e0ac
t2t_L10000_9871	d3efd2245b177a5de0fb2641129f6bb04f1eac3f5465fcfa5a2051364151a27e
t2t_L10000_9872	f3b2c3ff7838a23eda5d478b30d96c0dfc2bb0f8744480a3cb6ba4a4d0969002
t2t_L10000_9873	d3c7427f5d44a9b364a8e03123817a69d371a5d9084514c4fcb397dd325c924c
t2t_L10000_9874	152cf54ae1731beda96707c3b252048fdc0496facf7b2117beac89a26ba41a22
t2t_L10000_9875	cc4d3eb5a80f66abc8de988faac7daf8a89adeda0deddb665ab2269bcf05effe
t2t_L10000_9876	e800606f68dfbd1b616c590329b5a6e69c5ac63252cba0574fe04a8a0897c5b3
t2t_L10000_9877	284429fe3afad111ddd394bb8c577e150cc46df126175d826432610f3118e753
t2t_L10000_9878	df2a9f2925bffad50db016df634d048293af951eaf18e0805c85c092e4b8dac4
t2t_L10000_9879	e8c37ab425eaec35e8b8f20e2a8207c9fd86fd21f02645e058a11c050d620ddc
t2t_L10000_9880	d8c543998b6123c64d1a155844f3adf7ce7334c1cc30935bfb3a6dca74d555e2
t2t_L10000_9881	006cbefc24204a76169f6b2609d0a5ea671db689cd525faf70fd2b5c565680ba
t2t_L10000_9882	da86b114e4e8b2467177301a8c87ba4dd6972857e0003c694d862cf922632ee2
t2t_L10000_9883	a21bd4ec61343e6206947016bb46fa9c5b86930f1c27ecc1158ad027b0ba0877
t2t_L10000_9884	3b17e5ada38a4c3508f0b099f1a6291ba06c7692ed3f545225c5fb57d4e7bcc6
t2t_L10000_9885	61a544e89d6c2c95304050acee299e89af60de9a02b938202081008fb56c9b72
t2t_L10000_9886	d1ced0e39b1bca0ce9b5be5b0ca9c6fc7435ffa1f64e8ca49fb149c58b19bf5b
t2t_L10000_9887	ac5ee2396c69f1ca388fcd592bbd0016f4e945d1d7f6c091f4fe0f1cb8a251c6
t2t_L10000_9888	4ca4b030b64c0338215993bf14a9c48eb123fae65b95a4b9fb8ef61257261ae2
t2t_L10000_9889	b044d2f2533a1676d8749cf65b969d5c7319c7e8560c0e1693eaf79644b2c210
t2t_L10000_9890	54b9678a6a126e6b0dbe6b6c51742c5e2ff442b60bd33d5e6098e35b1d86dc91
t2t_L10000_9891	c12bb100e53e60b5f9cb5e78bcf91bf479b015ac81a8682afdc855ab9d8c4f9f
t2t_L10000_9892	8b89d0086b3d95f132d6bed9fea8f9ac284fefdc8ba0599295e8679e396d5898
t2t_L10000_9893	ce886e76188b9abfea9d0b266a820dc1010a9037e4a63f6fe54d286f7ba1dbf4
t2t_L10000_9894	a80393c12f0cdc71dd08d1ce9e6647df767f1264f5d7e2de5a4799706f4126cb
t2t_L10000_9895	b50e38723ed6c71d3ea7066fbd5246b9fc5fa4ec16b497cd62b88da64f9c0f67
t2t_L10000_9896	d0ae52c12cb1367a26585f3ca4dfd9a4cbd165d52d16340334a71da09be5670e
t2t_L10000_9897	39d8094aeabc4740d54e5264d76bf9adc9830434a7ce1120498726212e3d49b4
t2t_L10000_9898	f0faf1c5d91e6d68a82319caaa553fc155e5ef4ff9bd4014885bf5bb7824f12b
t2t_L10000_9899	0b28c813017712bd51f2b8388deaacf4ad259d4375be08c2e84913d1c8f7ca84
t2t_L10000_9900	cdacced82ee9347ed3d4377728202464d33214738a2c41ad53410ccf897e5b7a
t2t_L10000_9901	fac5a8d6f309eac77adbe568718e927a79113187f8243ea343a818fb85984ac2
t2t_L10000_9902	c07e5a2c8f5bbb75cd75236e4fc930b6a5d5e5f54f4842effa126ce559affdf4
t2t_L10000_9903	cd2717bda35b05d2f443c50313e71363859b59dfd980395b17e92c8901a8e0fe
t2t_L10000_9904	9105ba5ec3e5819c6fffb1572e56c787b88d1d3d07dd80bb7abcd23c0d890eab
t2t_L10000_9905	50126d45900a07e8500e7cbbba07ef49f872819ad36041a66f2c01cd527b1cc3
t2t_L10000_9906	925517094d8f5d2cd126070e9c4ed0ef5c844609e0951975d1c6949754fc8763
t2t_L10000_9907	45bc7f0038a38f119218d4bf88282f34b10308068a1b7663b470f530ee1d3887
t2t_L10000_9908	5365a4251d878cd95e471a627d08ba09bbbbb2c490bf05ba66e7f7fb1de3e6bc
t2t_L10000_9909	5675c2760975bc12d91785feb728fd710eb3b008761b533575714716ad7451aa
t2t_L10000_9910	7b10a83ab991ac942f801a0f737bd79d8379bdd83266ad0f20208866c76c8c40
t2t_L10000_9911	40a420324cadcfa94181199e3c59dc831021e587062ee535f36e748c632fbbd8
t2t_L10000_9912	14df7c417f808c32c9e4d213b112fa3ce5c6b270f55dcaf509389c131551b0f3
t2t_L10000_9913	2fd4810a6157a2dce117b0289d5272528f8777810cd08d41e70dd68faabe3759
t2t_L10000_9914	a8285fbf43804c188a4af4e6b6e920475042f0374d53412edee22def4cf9742f
t2t_L10000_9915	dc2ed554af2d98cd1eb9373754545722c6997c8a1e1e4e355965a8fdf246259b
t2t_L10000_9916	7496bd27a7978c6459d1072b7f60ea781681e6b525dda65a201a5a9c34f0c872
t2t_L10000_9917	3e70ad9a006759066973ee39fc98ac62ac0d9d2bcaddec0e74d83a90fedada76
t2t_L10000_9918	1f3cc8ad7094eb644d94dc85928f0131e0943f8b5663e98e6cf88a8b55d7eac0
t2t_L10000_9919	ede9490760340c595365f209e5e7a676be84760828dc1e9f43ab6c1e3ba73f2c
t2t_L10000_9920	7b866a005ee4be43bd6e8b5829b48a3fc3628c64d083a518a25abb4992c2989d
t2t_L10000_9921	991277634a0a0d03ddbfe2876d773894453a197220ff9524f0a194fe488a04ab
t2t_L10000_9922	df5cb374d248abc5fb2d4b3165b093b3b27ebdf29407bdd4a8a1265bff916969
t2t_L10000_9923	e96be9962140d5693257d92e28a07aeb34370b3626f6a213520f652f13d90e8f
t2t_L10000_9924	e3584dcadab6092e983a062f46122b51f9c7e9e46f5bc63e179e528b7d13577e
t2t_L10000_9925	bd5be029fa29dbf50ab8377812b20d2272e77ce91a35ab93a7cff05557765282
t2t_L10000_9926	b489f4767388f9998501337b7fc3ed7299dee0f4a9e0c9690341e21e7c97e407
t2t_L10000_9927	2abb08ec7ec26985f699cfcc9edc75fce638765abdb551ece4a5fba907b24864
t2t_L10000_9928	0c863e34a17fc2d665680b2d495d641ca12efaf594a1c3e99c8c6781a3588699
t2t_L10000_9929	bcdedf8f132ec22e3a03125e053847fa2b7ebe810fd74ed1632c28858ca194a4
t2t_L10000_9930	214e010cb69d9f61c17140d7f45c551216c4f83a37974217cf42a9160c52a003
t2t_L10000_9931	1af23b1080d11046163e3276677a6ea9382c50ddf6c59ecbef14c5f7ea8d8e84
t2t_L10000_9932	6571cbd7883e878143aa564dbacfa3955899d367b2c21a61f8ebc0611034ffd6
t2t_L10000_9933	952404a4385dbbd41b7730ec731826fc29eb16b4e0d2bbfd56da1ddc23366d8e
t2t_L10000_9934	a0d968dc63830217c0b950eef927634730aeff18549eac44d646e849c88dc4a7
t2t_L10000_9935	b6417583c33d883bfe37c961d1b18f2db1b8e87da42aea09c4c3540350c55cca
t2t_L10000_9936	c42b97b921efec39f72e522e633cfa4c31369b410fc5536d41d1dc0439ec281b
t2t_L10000_9937	1201dfe4c58a03881c22c257dcc62f6ef424ec5a459b217072bbe5b147d44db7
t2t_L10000_9938	5c61cc81121e9cd0454d3df451945b3c8b7229356c5a57757c11e1f798622155
t2t_L10000_9939	7acace83b38d7aacfe881aefdfe899e70589dc193942327abb99787ef721bc30
t2t_L10000_9940	85e6c79961ddc3db8339a137e1ee2f2e5b23bd3ac29b74a5a7bf2e215debe9da
t2t_L10000_9941	683d9b2611771ad4851d0fd016f3f0edde10e4a8eb369baa762ed0d97b0a9f15
t2t_L10000_9942	14a96f78092f118c11c689c531102f70c158a13846b7334bd73e99da9b8540c7
t2t_L10000_9943	3454b658a06e655623b57d373c51aca0f7b5c2924b607bc188d9f9345aa3d234
t2t_L10000_9944	1decfcf33ba2ebcd06262ae34514c2a1b8c25a1795b958e001ff47cfa98618ca
t2t_L10000_9945	1fbc4ee29e3e0239d1e0636d8496be91d37f00cdc2c48756b4575a5c587ca12f
t2t_L10000_9946	eab0aad52eb185136b295c3ebdaa5e26ec38620ccc7cb414f7a24f6762d5f290
t2t_L10000_9947	eb64debaa4c012520506f2f8fe177ef7a588028b377f1b67e47eb699a841221a
t2t_L10000_9948	4f68befdb6bd7f9e3cac841a97085742d7087a73dae802bfdfd4321ee8c60d07
t2t_L10000_9949	56947fba9ec9b9a4ff53deae6449d34ffc17238d0e1cb6631f387e1a441cfe81
t2t_L10000_9950	5d157f388d57ff65985f22c90228a453fa782010fa6a0069fcc7c02bdea415c7
t2t_L10000_9951	8d4d458fcfc070db5f47b8806277d655a2c88f12a6b5910e9eb357aea63910b9
t2t_L10000_9952	2ca30bc636a1a270d948fe4d8a2c00480ce97c22fd7ad060f155e21135da3dca
t2t_L10000_9953	9f3119eb14d3cc07348b9db083ccb9d45a754696f5e99dee1eb6ac617b785eb4
t2t_L10000_9954	94d129b28969279aa2c4a5f6ee027a40a372a774b4a80ae77e461dff2b8fd4ae
t2t_L10000_9955	71aedfdb0294bd86380b9bc72520f4c02c9e8b480eee80348ff7faecb54bc5fb
t2t_L10000_9956	60ded945a0907415ed25d1a74ac824631dd2b84eabb9459f6dff242454af83cc
t2t_L10000_9957	dc8ca86f87708e315b77547d725c380b30c116ead30b981ae696cec0bd8534e1
t2t_L10000_9958	464e5f3ff238511e0a90b951d979bf19a9b39464caad2a510a409de6c5b55ccf
t2t_L10000_9959	8cd45c4c8f8e0f068c0009d7db25cbcbfa09318a81d832ddefa069b873640935
t2t_L10000_9960	f63fa8afee1839bdf1d5d9990b9d2abf7c97eb22bcce053e5b3d1f7f6e26560e
t2t_L10000_9961	c16d75e04689523e744a16b64e72d6a8e8c63f67c76f5c130383356890350c56
t2t_L10000_9962	b69b788803ca90a30406f998d298ebb66450ec91033dc4a62323776ec12a26e3
t2t_L10000_9963	8979fdc54a99dd3eefbc85b1ba9d18755f7420f978ecad70f991e45ee15b891a
t2t_L10000_9964	67894b88e02b0b909917bcdcd86d88bda511fe0b2f0019c2928476871a28202e
t2t_L10000_9965	6e72d8ba7b660d08482ba6b2e6d492b450388f05e48e5bc7d3472e5aa087ce8d
t2t_L10000_9966	743de7dfcac9b4e236513f463e7e9f5871613303c895f63b1dc77bb962841e3a
t2t_L10000_9967	5c61bf7c765993bd75894dab434c372e0c555b3ecc9836fe8f2f1bccfe1d523e
t2t_L10000_9968	c1adbb59743be368eac51ca26907ff8d495ff8554fa1f9fbffa57a86af44d879
t2t_L10000_9969	cff920d207b02e402fd9af38404317b0d2be6b45bad2150226246f118805b679
t2t_L10000_9970	b28e28a38fc13402b167323b941cf06d853fa369bbcddd100a54e7dacb7e699b
t2t_L10000_9971	06d3f1acce6fff6cd63e508401fd9e55beb0c02b81bc7b5dcfbe083344d063f6
t2t_L10000_9972	3fde491485592d07e32f1c9c8a1fb78c6575272c9fc8692a6252c444a8dd34d6
t2t_L10000_9973	375bd058d6def7bd7ebe5255a514a9e6d8ea67f9dc6ba0c2db43587f1b2388d2
t2t_L10000_9974	9e40b01c850e3f94f6636cc7a3e17f935f1d5d8056630eb8e2c3cb1af826f652
t2t_L10000_9975	c41c0d0f645d2fcff1c9c13915446ece2e3d56d80686d713e300cf69b436c39d
t2t_L10000_9976	8c94166fa6e44d9d0e299b0f84f42724b8e75c3573ef245f4ffae3696715d923
t2t_L10000_9977	d072517c0b7a479cf123177b1525f5d06186218ae8d049fcde4b8cfbdc4816d7
t2t_L10000_9978	542d8a94fb6279e230044057fcaa2d516bfabea82a90251ab28df51564adbc39
t2t_L10000_9979	fa3d726ee0837ba63d153d9d3ec7194c4ff17601f719f0cadee468b7c4fbef8a
t2t_L10000_9980	fa1fdce399999b85ad387a5e20887a972b6b93a6c15b2ed6c9370e6ff6ab45ce
t2t_L10000_9981	22d36c1ab22bfb6bb79571967d3cd984ceeb342f6ddcc127beaef0b4ae5ab85c
t2t_L10000_9982	f229a331318dac79ed06032c298318f15a835a391884b226a2a7cb26bdb22a4e
t2t_L10000_9983	d6dcf77994ba08b37ed75a2865d0fc71a4fb5238c1b74d325f805f7c08d81409
t2t_L10000_9984	1571976857b4e1de644908e4442b3550d5c6181d7d35de0871115908de1d1062
t2t_L10000_9985	acc876bdc65e5334bf63c68813f3fdfe582b367529c8ae83e34d4d1e29e5414e
t2t_L10000_9986	1f9641ad6baba79d2a65318cfb1ba93555ef25b2ff7c1fcebff09cc3d0c99086
t2t_L10000_9987	9cbc5abe20aaa61ca6c78b3403a7205acbc2b3a43dc2fc3ca745a823b36e8c4b
t2t_L10000_9988	8cdc96073e829ab9d37ec7638cba748587b8de3b8187f7669e58963cb945749f
t2t_L10000_9989	881baa5b842df939874e66ded6b3d8f7f121e83f036f132ac0fbca0307946b41
t2t_L10000_9990	e1da961980315f787a250d8305ebf7c482e4685e56f92b9b431397af7152c36d
t2t_L10000_9991	862ab3e59b42acaa46db103da1d9bc745d92ab4eeb0dc0b5b6bc901d582c15ef
t2t_L10000_9992	cf9a5cd1688ee98818e5e3276c8e9ce22660e92b73fc95eb9a11e02e8e37ae90
t2t_L10000_9993	7214458628b268958af65e6b8a27b018c0acb37a0310b86096ffedf15b1be5a6
t2t_L10000_9994	a4ea544c0131e7bdf13dd79514ef483bf1f744f150013062a2bd280abfb90f1f
t2t_L10000_9995	2f8bebff2bb509a696cc922bd9deee83a462e7cea76585dea7bd313f02dfec85
t2t_L10000_9996	f5ec8547b9aa2376d6f03eec3e530506327731292b516d59ae31c5c5d661b1b9
t2t_L10000_9997	e252f20e7d0d69e601d65b613fb7c3de083879a193d49f3e82e1be3906c9a217
t2t_L10000_9998	f883c7dbfb8f09edb574f37c5e9e7cb6ee1fe7ac2b572bc853fc2b08b73ced5f
t2t_L10000_9999	dea78deb1366a41ca7d62989180f918259b751bf11a0a7ed272e3f312fb5fb34
