id	sha256
t2t_L1000_0	52b5bf7fae608b893cea224ffe803c5553271cbde41e55bd6380131f03c1fe28
t2t_L1000_1	f5e5b10ec5a67da5b623053d00355e7d7f0c9c3179407caf1acfce00272f84f2
t2t_L1000_2	79ee72b3279829c931a67f4bf4fc4e08391cee55ab557ee33ac7c6801afda4f7
t2t_L1000_3	d790e2f2703971bc3dedaf80cfd073a6f7f5876bc37c40f0802d29bad5d0af48
t2t_L1000_4	1b804c223217a3d6818b1078660c43b3337bbce2618f8a270fabd49fb2a14c58
t2t_L1000_5	d1a93b95523bdd76cd850a4e4c0e40588d27af3ed8975541026440ed82302b53
t2t_L1000_6	a124f1b4874dc9dc3d18e04e1498a408e12e97f6f2f7c01e0f7f5c5e9b5fdb85
t2t_L1000_7	2ed7d1c9a74ae3589687b37e5e4f323979b2bc8b12ce77992355cb81ceb9ab1b
t2t_L1000_8	89c40e7fc03504e43cc4a247ed043a50d31a22b2576ae2e1bc386fea25e42aa5
t2t_L1000_9	62cfc2ab5360bd4a43c2ae3e3f5f6a169e2d4028c92c4dedbf700ab88a78b855
t2t_L1000_10	70dd2c36d52e20cb064646ccce4c3e2d42c8632e58a6026612a1fdf5787dfb3f
t2t_L1000_11	8eeb53f8bbd25c846f4d98e880efd62011ec15be1044a6ab01430afb89e9213c
t2t_L1000_12	e5efae4b86eeb31e7c0ee207c3d7f046bcf8cfa598a2b89eea49b8898f338729
t2t_L1000_13	dd1f710060893c95926e2631f788fe8e9d03440abb96b3b5c902de6362895f82
t2t_L1000_14	d05b3fcb31e2d6a4651862e9c22119101b3249f1eb7c6314e7b061f08ecd3748
t2t_L1000_15	8851d6e3931d8a25d65f2fbdeab5c3405cac78471daff11ba7ffdf5caa5502cc
t2t_L1000_16	5ecdefbecd6d187050bd5b1f72d9a0fa15cd94d8166e9573e0669aebccc86d10
t2t_L1000_17	9ad5de3dccf65ba6d71a13598fd49b175a352a5afb0f22d3f3339dacbaa42a99
t2t_L1000_18	c8f5fad705fa9dbb9cba7fe235a02e1f2c5d1b4db9813a3281f386823b1661b3
t2t_L1000_19	a464d57fd9f0464d57bb580f71888f3b742827a7f83123936ee2c730dc58eff4
t2t_L1000_20	68beff0f7099a96e524ffe5242786c210eecceda897fd6cff8c8e736aa4c613c
t2t_L1000_21	6a29990bbc2cf9d9bfe4116588e633eca028ddf52d8fadc559bfdf43025d92dc
t2t_L1000_22	701f9c3be48f616b1a0ed23511d8148d2ef85844caa8483992b0512a96ee702d
t2t_L1000_23	959ab04f9acbe0ff629581e168458591db89bc383570a50f8cf2b08cef0cb09f
t2t_L1000_24	a67acd41eaed486123562f4b404069846fa0b76c244103d576250af6548b24c0
t2t_L1000_25	c38a1fd33decc824e0016c3ba64336ada68b1765e9b8cffd7aca041cfce450bb
t2t_L1000_26	33ccecc313a3629889a885cb2c84dab08b9f66f2101835226d62531162afd22b
t2t_L1000_27	0713193693669c2d7add0ca4afbb1de43bd447da088421e56401dd226e64e14a
t2t_L1000_28	d8a3576f560b27f57f4665fe8d03a713d5e9453cf8cc6c92cab6c6d2a8ef83bd
t2t_L1000_29	7efac1deeac95a885f9477835ac9dc8b7dc1708f7a8b0606d505ca5bfa2b8829
t2t_L1000_30	588349c125b74d83ebbc2fab68c4c5a3f9d15ef09f7d8ac98800f3ca5eb1e8ca
t2t_L1000_31	1302e0a73804e2b7d9254b4a41f6cfe103fe1a00848f8c6d6fd7fe9b41e702ba
t2t_L1000_32	9d2a51b1e7b12365c04c20f99f35b909fc7593790f63c85fe5688be9ed948d7e
t2t_L1000_33	ed236b9461a65e2e591633031dec8849bea7cb82b87f0830f15ccaec5ae815b4
t2t_L1000_34	9e4462580eecc3f2474f7898fd8f75d42930bcc3a5ad43f8695af3f88c37acc7
t2t_L1000_35	d9e41392079fb71d1a57c81f7a84f7fb2cc3b91de33dafa1f4f56ebc1c3da1ae
t2t_L1000_36	86879240121c1a3f2084f28e119ea2fa6a6cf8765126e36b4728b9af43f27958
t2t_L1000_37	9ad02591bab5e0aa813455dc1639d55aad510b6ac408a27a9f06cb8504bb3046
t2t_L1000_38	93e5c890365cfca84536c3a655ec1b02e3e710e426487d17b543b639122ca201
t2t_L1000_39	042ffa33bbd97653f9a9ae4731c662dff05ca1c6f10f839acce7bb548b4e24e0
t2t_L1000_40	bf37349e095da90387c36704b879537081c4de7e482f23e22e3b099a9cbfad20
t2t_L1000_41	49665c218da1d00335706367ac5474c57fc7d4d33c53e01130e2a756259fd61d
t2t_L1000_42	d8d7d98a090e143e44e22ed7d36f41cd45829c4d70e3dd3e07fec4cd320b23e3
t2t_L1000_43	05e478115fe27f3fa28f4b212a1e258360eebeee41a7cded78c08f52ff947103
t2t_L1000_44	a0a6ac972a8fdcdcfd2f44b302962f543a6fe21d4fcef987af1013127cf08ead
t2t_L1000_45	46f6b387c67dfd36d78de99c8932c1b824228dac3e1fa9960a507880a47f7660
t2t_L1000_46	cc3c94331264abe7c467fc88bff6e35ac2d127bb20e29b5a3ff63c1045a85031
t2t_L1000_47	3dd22e1d6e92519527b6344f421551aa96d9744aea8e8f1b9dc11eb3b3f60d7d
t2t_L1000_48	19d1ccd95538dc1046b0a4677b61579181ae986ba1e17ebafa561097a81b7397
t2t_L1000_49	859bb40b47b08af1cd30e8781574955a42515a3a81a438aa69bb4a1e28d761b0
t2t_L1000_50	1e91d2788d813279339228c6c145b36b336edfeb25c3bb519646376b052855fa
t2t_L1000_51	e36a08a87d4cf2a608097299096b6d9d842cfe7d24c149e70e75332a509a7da4
t2t_L1000_52	04b65c662ecd5bbfbca66ea2002af31cb93f792d0855b5061fd696c523924c5c
t2t_L1000_53	a7eefab0db97b8b595593f476f966146d2f887873a46ecc51967284d3dcefe47
t2t_L1000_54	85d9992d119c81f2d7cc8f043cabb5af8e5375e302b196b7abbb4b2195b67d36
t2t_L1000_55	6ee74b242478fe9a75915733a92af3edb346dfdf80c0c6c6accb08bcfe512d06
t2t_L1000_56	88439496192d2955d9c0db209b205ce56e763e5e8196a2fa79ca706755f2cbdb
t2t_L1000_57	2827c3516e23b375fbd64eacd48b293b4bd194851b0a208c4571c1af14e87da3
t2t_L1000_58	a4703b1a497fc082bc81eb30923d2e6aed0afe39e22ab9a190a0f98b3caafc2d
t2t_L1000_59	46fd26d0275634035d2eecfcc0fcf179fa551fe68233cd97ff6d50c444a0a3fd
t2t_L1000_60	6baf7e393777c859810cbcbefb61583d5a30e64d7c631e6ef76a464bca05e296
t2t_L1000_61	d1a48bd88847eb2da5848c17d58ede74be672e34b75434d0d58e7ccbb40183d8
t2t_L1000_62	7ef943519fd03dcaaa0264fee24fb219d95022ff24df9e58d075d8c32a52ce21
t2t_L1000_63	d3db470814dab59d48658a3882ef7cf2d13392a4a724b10d3d108a12fbc7b67f
t2t_L1000_64	9e6ca1f18049a37029aa8da2a7192bcf1ae6785e261253d2d33a271d5d01dbed
t2t_L1000_65	626c90f98ade919a5182bef32e99b6f6053593fe2b9370a2390c915898b72981
t2t_L1000_66	46a435cf15a593f9a65d3bbbc63a82cbaf9d99aa91a56cdfda34843f4b84c0ee
t2t_L1000_67	8501575767543d5887c8498cfe9dd9ff0098985dd28289c8edae493333b37d6e
t2t_L1000_68	9f3007683d1eecdacf7b095083aacc05596ad68c329e6d8d3b156780c628dee7
t2t_L1000_69	22689392bd288917a4987bf0c9309b64a40199bde34eeea2abcdaabcbdb22e68
t2t_L1000_70	08c55f6893e6af444ad919776a3d6da3fc2cd77b65f58efdd1e1551952cc8209
t2t_L1000_71	e8e0a34dd681bb92280aea824ee68d76c0b591258c58b4de88a1845a6909b67f
t2t_L1000_72	8a9104c34ce417aff8d304c45fb72e3aa728b2afb7a9e3dbf3824c7f30fb07b1
t2t_L1000_73	2abc4e0ea6ed5c06297ce9d0ba9f6eb4a4b8d14d89b8c007ece6791f1c26efb5
t2t_L1000_74	fe74a3005cf661467ae1828a2f08822c00ea85a652392f4a8e75f9edd985cc2a
t2t_L1000_75	b9c94323cece240cbc7878d87ec82507d5f9cabaf4a341034517b0636a0c46e0
t2t_L1000_76	a456e483dae2975c479cf61240ee9faa6338c2aaa4b46f637def4259c3ad1b47
t2t_L1000_77	f5306031a21d187ddc03c047d31a2a97c287ab0ed40960ad8aee03ca92633531
t2t_L1000_78	1bc1bba0c38c0cf86d70f716c2b521ac7ccd755db0075695bc6d84ce3112a60c
t2t_L1000_79	c40fa118e3383ac5f41449e5069ae050b161daf1286689fbc54ff6f401427afa
t2t_L1000_80	b0220f914fbe8245ec0ff06aa6ee6fb713c66ee2509fd2498abf2635a07676f9
t2t_L1000_81	659c3add8eee070c64f6eda32e7c85931bc501d842e32abf9b250f66fe1872cc
t2t_L1000_82	a8ee9074c69c1191ec96cae97018f9eb8bcf82e1eb0f9f2d08dbf3b7180261a7
t2t_L1000_83	4bd61db4be11b5e91f3c3e2a8da32becc976208aaf338c5c7547235f876ce494
t2t_L1000_84	7da63d3898884629a8c15db0af8e4d8b0687a3dfcfdc9ef9208129487810a95e
t2t_L1000_85	79102200a7f7a92945498a7b528044db7e49ccfcf77981ca3a39ff10eb7a6bf9
t2t_L1000_86	e8a0313aca2d93320045cd7ceb5f4e12ff794d6d32e069e2617b00409c1694f4
t2t_L1000_87	d16660fa6648733249dbf9fad32c1da641ba48d255a6a386eeefe94be78b232c
t2t_L1000_88	80e165e42a2ddec62c49971eb25dff51ae70462dd8ca5e2b170f751b9a34d1cd
t2t_L1000_89	df85afcad177bf656aae3ef0c33a20ecbafa5f374a6a4be4bb5f57039bdb225a
t2t_L1000_90	b1b31b6c237c23fec72337ca7454cae2a1eb5fb455ec762452d464e8c0e41587
t2t_L1000_91	b68ca81a1cd98e929b1cbf0ed9da38523662426c79ce31fa1cea2b5fcfe51ded
t2t_L1000_92	74e78f0fb1e0187bce779b3b77c1df59951e07278a9023046a38d468c0b10c88
t2t_L1000_93	7b94a17a58e04d6ef7f02765b7eac41dc2a701341068250f8c0c378bd02fe532
t2t_L1000_94	d0121230c4d19b18a022d1b2defebfb370abe34af8cc1ca5b8d08488dffa6852
t2t_L1000_95	2df0aee167b06b0c7a8b7339efb7466dff4067a536295d01071647e8eab1fba3
t2t_L1000_96	0f6370fa5d609061ee0374061d985d6aff228db4f6a106a71aa37f500a1305f4
t2t_L1000_97	e4391b3e5142648922752b375c847a9209f91a617d89b811b2a36ea3a27fc03a
t2t_L1000_98	7c40314d849b66642f72066f26a0ca4a1e1d7c174a3099a6d0c23043c21e1543
t2t_L1000_99	5bab51f9aec782744d6366e7882c725b820fb6d889bae63641e2aafef2a8dbf9
t2t_L1000_100	a8a8c1fae348d2974810595fe03e20a4d7caa2a0a096a336e640ee95c82f0090
t2t_L1000_101	26bc496148056a0012494c8bf91bd24c94eb2f18ddd66b0780a57f5f217bfae7
t2t_L1000_102	2f125fe8bcc68210f06af8a8f1f2238c93592ad4e6ea72c5f4462b89da08ce26
t2t_L1000_103	251a36e6d32a08e4d96b1d1ab9013b8ed12e2bc8ce0777fb739b8337d703d239
t2t_L1000_104	8b4fb105a1b44c0b459b23f8e960fcded7cc51d920b157cab02543816a3a9bab
t2t_L1000_105	083cc3f6462d888fdb9698824a896fa855e275ee118c7c688bf02edd83f9795b
t2t_L1000_106	3c9d5dd337b2f968bfcd0592fd27dd824d3eb848faaa42b21eae0745acdcdfa7
t2t_L1000_107	a5fd0d284e6e7b0a3d37fcb8877757b15e492acb02ec03d17784e0a108da6aa5
t2t_L1000_108	70dcc9e16cf710023a6d384fdef432e50c2c49d6ea2f721c6d1a6ab2bc9d6bb5
t2t_L1000_109	57f28b83908e3d1d03de13c64ef44ba8f8b5e763c316fecff2b5e54ea15752ac
t2t_L1000_110	f1523c7735b90821324faef9273fca089d17c589c86c5339c3b6df3bc3e3c7a0
t2t_L1000_111	1b93b0487e0138fc886796bc26850be702cc0904c15d4d303bb4eb37e73a16fe
t2t_L1000_112	278c0f5a7fc36086464ddb7dda54946f0adf65621310dbaae327998fd13b8261
t2t_L1000_113	9c33efc68e78fbdffb2b5422cd95fa97f524bd3e6f9c0d8c2a1132c62795645a
t2t_L1000_114	41f653cfbe0b78f25409ba5e167949021b78605eda6f61e2cecc786fef51d6b4
t2t_L1000_115	d12597eea98f0f191b0e6b91dcc269a012cc55f137863ca5ae9340ce18073e54
t2t_L1000_116	a02e3c35299c97743d205f6c8711be04ad12475cd3e9de00414bb4120b639610
t2t_L1000_117	9356d3f8c1ab43faf297479bbfd91676a7bd42966d3294070512d5e03bcf619f
t2t_L1000_118	ba1b0aaacc6414572640740a658b394431c7e5760cc55471b7fb8bd34a2d801e
t2t_L1000_119	ddef49b0118e176ed9087e69212f7416d2bb117f55b1afb5ba2ffbe4acd4cb22
t2t_L1000_120	74302794a9d62c6ba3d3a44fa92f8198a01e1a85fa08dc0e53767db5add6206b
t2t_L1000_121	69416cb7306189d7abe2cc4b985cae0f2c9fd7fb3392da75a30a27d1821189a8
t2t_L1000_122	31b43ac3ff82bb15cbc39f22471a2e010e910976cbd0f420d96b5352af74e1f0
t2t_L1000_123	1dcc69010cbad1b78e4b30c2b57e286d444e14392948f6c17b4b5b499487425a
t2t_L1000_124	b78f10e67b1b29791e8ac148693cf1b23eb46abaf1fdcdacac0cd9329d344770
t2t_L1000_125	c1592603ac9dd49fe82fb28a71b2659fee17ae9235b871b8d2cf633bac4b6012
t2t_L1000_126	c41198c4de01a87aa3de59ac76ec0750ddc1be5dfc7af74ef1007b0317857c9f
t2t_L1000_127	2f3255aaedaa31555a15019613bf8d74bbc41107286d19651d40c78d2dc333fd
t2t_L1000_128	9e5ce8b1f24b158b4cc3f7b8b905051a7c956126314e96c42cbd1a70b8865000
t2t_L1000_129	d04b18f22933e593c204f1951c65aeeeee44c72707d5e78ec5e4c1b70ba0556c
t2t_L1000_130	62821d2cb2a1072b263d2fcac8d97f7ed2907b18933ae76d590d7f0fc2d6a0f3
t2t_L1000_131	adc61fb08abbf02f1e7e76f8a9b44530a948241eea5555bdd2d6a61bb2f6e949
t2t_L1000_132	2cea0d4b32d60c666300b7fe8bc062fdeef05dc9e2c43d6ea9c478d99fc372b6
t2t_L1000_133	c7d5521eb2fc083541ed306a12e1a6272ce16ab5e045b2b597b36cbd98a3cb29
t2t_L1000_134	3c1fcac0f19f0e5a0020d316013c9851e560f56795be734f5d14bafb6b3d0c39
t2t_L1000_135	3032d69bdb3e9a44dc5555222304e168c67477ab045a069e3066214e6ea18707
t2t_L1000_136	94b6d8616e06632656ff2b2232a62bca19592eebfd8e8c5d8fb3d8cf7d3e7dbd
t2t_L1000_137	497a561246b4304f4e6121c79ad052a7385e7f6684d25caaa350b1384db7ef55
t2t_L1000_138	6d89f23e88c6d3a899ceeed30e14593396a854fee364ef65efa7619144298722
t2t_L1000_139	739f93ed720754c5f19732964fc5d94541389478e0ad12cc64ec6fafec43afcc
t2t_L1000_140	44935472453e3ce032475ec88f57b86d05cf56ba28999bea601f3807c987270d
t2t_L1000_141	d75f09dc231c12cbdee62dca5f13f101d6d0cd2b858df68cf969a8f0c6385aa5
t2t_L1000_142	d07b92e7902b168de397ab14066717e9355bfc3781b8e2ebc31d68db79fbc044
t2t_L1000_143	ff692f3a15e206162952f3be0a745e83e81ce3b8a5e1f69c6e8923fa57bb3fab
t2t_L1000_144	4189cc0b434a8c36c5d867b8e8aac4d559428d1e5e2f26492cc8eb939d9b4fd9
t2t_L1000_145	90c7b0f1616505e31100c0770fdbe0190a6bf53e8e39f25ef5598760fdf83019
t2t_L1000_146	b42e3466f5afea182351eec07a176c49a3ad891765e44aa93679551e84b01459
t2t_L1000_147	6991003e6c370a06d0cb11bee5c7ae88d8d47c457a75a0d8068d18d0f2e2d73f
t2t_L1000_148	341242f55f9204da93e1f5c5274b38e0e15f554f4643e10790852023ff908ebb
t2t_L1000_149	ff28d7c3607be554bbf89b69563307c02546b6f49daf086a20a9d2fd01a10af9
t2t_L1000_150	04313bdbd775048340f4babc1759d3f960baf1140f9e03338062617e22eef50e
t2t_L1000_151	cc968c80b1a40d43f1ca317c69dfeb280145cf290bcdb7d27826dfd951a5cdf1
t2t_L1000_152	3fb2a15ee1b6d2fbc53260f3f16c45357349b25c8542a2248664e6defc0a323a
t2t_L1000_153	863c686344fdf978df3fc81a46cc29b262e713107c4e8edc45a544acc1f347f9
t2t_L1000_154	e44f2c6f2c98a14614c060883eb64a7103577c38f990f6efcd12ee15be29d274
t2t_L1000_155	063b28207425351a47330dc0fe08288e1038bba0d08e1cb89b7e9ee6c89ff718
t2t_L1000_156	008a275df90b974347b27626b345793bd3785bb3438a9a32013b6919cb965320
t2t_L1000_157	0e96f9a209321728b499b62afbbd4945943d70be5e817001a7578f5ad364f7d5
t2t_L1000_158	35032b8e3a2f44a7f4d0f5e7978112434123e7ac50d346cecce1a4ca4d743e87
t2t_L1000_159	5b172a1d7f6c5ee1422c08b338f69be870903697e80362586c34bc205e52152a
t2t_L1000_160	72f784c7f9ac1299ccf0a286b7ddb11809622f00d9faed0da413d222b763434b
t2t_L1000_161	193e48cf3d2fb8cf8954e46a5c22f6e7c8857b1bc6bc447f99502aa604e30646
t2t_L1000_162	2a331cc47d89fd6688229c5cf417bbd02ede32af3ba0805ce47e86f115668373
t2t_L1000_163	cd84f35257c6a83fe893789d1446ca217e23f120f693bde04d1fb48ef8046ccc
t2t_L1000_164	fb59dc11352a07cfca3b1fe090c862a52823c6667cb51436ee4545faa96aec5a
t2t_L1000_165	aa83ad49077c63fa5cdf42edbd5c76a2cbe144b6c24aefae310126050547cf0c
t2t_L1000_166	8813f602ba5f424a07b01b97fc6b865248f5c5bebd6904dee96d8c14cab3b206
t2t_L1000_167	4e5e8667828e02c3e3954728fc3ebe1e03d4d2a3f0741dab663ad9aee300093e
t2t_L1000_168	5910c9ada1d2f54738f53bbf4ad291d7e674fc392720ca0051a2504948bfd429
t2t_L1000_169	976f1cede2d5592e7f4cbd77e157a9ef20f0132849fdc215561c0ebd1bba6f5f
t2t_L1000_170	bf3b5dce5ce019dfaf4fb66d6cd014b206ec49b72cd168a868a6cad4d3ea4d3c
t2t_L1000_171	ec8ab88166effe77173157c7b02503e79ce98094b5d8a496ce9e3cc531c98ca0
t2t_L1000_172	f98c03c85aa74c778afedf1d4c76b07f1a82f7d9920492def7d2846e25e688eb
t2t_L1000_173	29a81256e436e9271c550ea43ff3e792b414027d69a506c7e6360c238839ae92
t2t_L1000_174	e5edad6047bde22b6cece819d68b39b7716f42b791dce839e83fa55270926087
t2t_L1000_175	6d1f97939fa89faed45f4ae735ee21708ba5d0587d420d4d315761cc02ac1bfc
t2t_L1000_176	cd3dc4d79a05910e10e8fdd258b8d4180203b8eccc1a6c70c2e4f040b5cd94b7
t2t_L1000_177	1ed769d811fc75849364c74cfee7a517f378607f450c1e657f3a869081a4323a
t2t_L1000_178	ac0a2bb5946caa29eebfd878e150c6096ae13ad5ce0a9bef27469a1f76b30d84
t2t_L1000_179	3fce7d3a5ccb5adacd1cc1e2ff2fe130681636fac74a8968f5519ffcf554634f
t2t_L1000_180	5d10fd74db7a0b68b0f41ddcfd87312fe79dbd86012f3f1986cd292c7e126eea
t2t_L1000_181	c846981218e2e472d7d7d5839523895b73b525730158a83b6f03268ee3f1d596
t2t_L1000_182	62b8748817fa8c198ec97edaa22748274548619dfa4f0db1771cb9ab30074f36
t2t_L1000_183	801b307b91d0b6f92524c4fb13d014e6416b3e64fe023c5ba6565675f130c210
t2t_L1000_184	a572a3f3111ca496cb3588dd910fc23042ab024e85f2648b7d201931f25a6f4a
t2t_L1000_185	668982c575a63b8b04bb47b184ca189ff9b2f68068d46024537a42bcfb0b656b
t2t_L1000_186	16e17d51fed1352963a3c565dcc1f3ef736a7ce419190e1137885d4596cf6b9a
t2t_L1000_187	99722888464addc748a54c17572b239f5007cd652ef3b711fc7c34484e34ef10
t2t_L1000_188	2b349bda8147bbaaf6ead09a2e2564baf7708f0d05035bec349efdd8fafb391c
t2t_L1000_189	1f2dfdacecdf479730b5eb3b02944eaa4712160364fa3ba14ce6574f125c2bde
t2t_L1000_190	fa2338bab3b09695a7bad73222b1d7daed2ce5348eab319556a6e520533336a6
t2t_L1000_191	db52b4fbf50973b255381bd6c53ae6939c77e31b4d7d794ac863a89063a5a33c
t2t_L1000_192	c0e2b63340dbc9d46e07d5895dd902dd052ffb2d75e64fd8c650791079363889
t2t_L1000_193	1dea84e59133be58d7dc51b9c76df64f5cdc256d2c00d5cdf6497fd1f6040e87
t2t_L1000_194	90e1f7fc266813e5af3e9524128e68de78b81e1e73dbfac6fd0d25591f3fbd88
t2t_L1000_195	d4189466864512589127ee098968c545c9976d1e4019691f0fe0aee9876f5f7f
t2t_L1000_196	bc8e980915c694ffc4f8ae99eb5e3d3bf7a362dcd7dee7d9e07d82fee8e79a74
t2t_L1000_197	c1ce4b038920b80229efbd1d256aadb3732563fc72a54967bdc266c98a849e31
t2t_L1000_198	8a3cee8e043d7e04a4fa3d30b50cd0bb9160e3c165cfd1f8d6f0ab728e5fc996
t2t_L1000_199	03f459c93fa59b0c1bf2a9495d0b0d88ad1ced129ea9ecef119a8150259f1ba3
t2t_L1000_200	de329a2de9f005ae73750543577572e1c0981980e3b7c42e984faa47e362c4cc
t2t_L1000_201	54917fb02aaaf11e7ded712026cdba01ec13f097454adb82f856f4231cb7d7ce
t2t_L1000_202	1aea3b73c62289401ea671439e0288ff8cdefe3e9141295d4bc5734ce69d5968
t2t_L1000_203	1f99b347048faa1492054d6acc56d731e412dfcecc47234ec223f1143dc494c8
t2t_L1000_204	d6d6d2d72939813566794a50418a13faa6aaebae25eb761e600f468dbea59571
t2t_L1000_205	3bd1cdf45cb87e91865254467d6a8eeae3b3bb388890e4162d6e04f3d5ada199
t2t_L1000_206	b6f7ce52869421cd7243aaffa8e21d1239d44c55c6ed06de9227ad7bb213b9cd
t2t_L1000_207	4865ce23ed77a80d4ad9b6e594dc6d489f691d0b86fd98116ab453ce18b4d199
t2t_L1000_208	3e4c4e29dcbc31ad6e5ba9773be6083050f5359ad9ed1a58a5d8be47016434e6
t2t_L1000_209	e65cbb13b8d2d1b92caf7d416ad319c5b6cadd226f5633d33a33aeca61183460
t2t_L1000_210	d33916e99d6d8ddf45bd54ee93e611062de1a22e82791f82bf69c9259c00fe7c
t2t_L1000_211	485e3286b37a94ea893690eb92ea159251ef7e4c4d5e314ffb6233e6592eaa19
t2t_L1000_212	04b950af3de12c870d5b0f9984bd4168a17ee1621662133e35d5293484465eac
t2t_L1000_213	0efa14afdb9a74e1e7294f84c259828c873d28531e43eae92fc1549a3f7365da
t2t_L1000_214	d3f73b3518b1df433488e9278c5d9506b9fc1a7091ae61530fc8dd1bcb20328a
t2t_L1000_215	c149254c742ecee4ac982754984ccf85a0c5b05281af4e7919d16bee118c1098
t2t_L1000_216	527f972eb6b20eaba3615fd8940a29267d4f0902d4f455caab65b36352879119
t2t_L1000_217	fb4f515c417ce7967a564ceb167fbd6e1eff9b74cf440aa7664144d3a4d3a8f2
t2t_L1000_218	4549deae238333aa637b1566bf920e77bad18d06b283bd77146c0d5e1a008fc8
t2t_L1000_219	81bb8e50e2072775ebf93ef74997e90148eb9519663ebb0439a0bd3a427da906
t2t_L1000_220	24eb441350cb561713fd5d3b12f850d244e3f841868155956bde5d94b3df6596
t2t_L1000_221	bb420da276ee45f002f9a6bfb27f227c53b3215de5064b288ef24099daa6adb4
t2t_L1000_222	1bfb00da77a4292fd7473e00f9645146d678ff189bc51802ec5fde8417f4ba05
t2t_L1000_223	0fdbde363cf8b54341d4cdf36d0ac22f1e0b9a2243b7e5870956b226decf5faa
t2t_L1000_224	6749b310fce76f8ff8a506dc566eaf4c76b504cafee7243a645cef50926d6301
t2t_L1000_225	8477629be8ce749c651d6991327ae9c0df464a251fc8a69bf79dffa75332f09d
t2t_L1000_226	0bf41f16e351854f5b8b51abb09d364a1e6d142bffb2cc8c816940af69483749
t2t_L1000_227	4cac60d34bb1b8395985c316f9520417e5ff7348f1fb7008299aaa8f44b9de15
t2t_L1000_228	2c518bd6149266e0d351a8c37543601473f9693e5920c888f8741c7b798553b6
t2t_L1000_229	09ef7482aa900aa09e877e67366c627c3594f7431568690c7e4af8dcc87a6e58
t2t_L1000_230	359f447e41cdc5e88c4e84e8c2f4ee325a966dd2b46c83080b1aa9770137333d
t2t_L1000_231	60b9c33a5d8cfc205878111521e6d6601e74afb246d0867ca0ecebf5ee0e4d74
t2t_L1000_232	26b8de246eba83842dec7ef0e8d7f6fe61c0f13260171a257a7e3b825e646ae6
t2t_L1000_233	8af95bf7c035a78bdd9377eeaacbd66efbecfd76c94c41888ee1d2d75c4650d9
t2t_L1000_234	e5b3a868c80e727607eac83d96710e24ecee627d10ad35c0bf14f41b9fbf22c0
t2t_L1000_235	eb11e2e17bda5669837f7c56f3573bc98f9e3d78895892993a2994a224e0ec65
t2t_L1000_236	2c3e422ac6e212947ecf8bb573f0f18264b76f50dc22829d8fb5db7bf618aa8a
t2t_L1000_237	656ab75afb444cdc7efaae87d1f2375d2dcf3e2aed8cdae953c086e9b1cf485d
t2t_L1000_238	f063b61c456e863de34323f3f9f0d6d4e1aaf578a9b1974dd9c27919d29fafce
t2t_L1000_239	078eeb555dd01e52adb296af1af33118bb420fa799421cb265e3d8d6a970112c
t2t_L1000_240	90e8117abf4d7652f91fba1d69da73c781d25b62ab265d3d0d947aa1f2efd814
t2t_L1000_241	af8d01dc46f5f08deacfe195047fac02fd3a5c4fab010c3275b99f5a0ffecf4c
t2t_L1000_242	37a8eb7548b1f8e9f91ec332f3bc4041651e8d142db60c0c432c72c000013eed
t2t_L1000_243	3ea719d7d107b9addab0a4b3e5b5165518024ab7c1b4048f8a7755f9744e7865
t2t_L1000_244	e814a403de506efdc549c4b3ed0bba82f3759429efda42395d90c8df157c4f6c
t2t_L1000_245	a9c1e8ee2f2dd121442792d03a710c94a39977afa461893f4bdfb30842696102
t2t_L1000_246	2887766f28aea1d68d60160fb7ab880c7c4e6059bbd2f4be97bc2e16f7305632
t2t_L1000_247	faff8986318d2811a43588e636bdd837ca9637f2013b5208201961ed35b03d6d
t2t_L1000_248	6f72d71c313e30af7d3e20d93f55eb370d323659064a11ff5ca0d09b8fc8a497
t2t_L1000_249	5825cf8c744fa56160a19faf9c86244680639e922bce7171cf860651222bf1d2
t2t_L1000_250	cb81fe7d5839892048b10e1d5e813a4ef1eed710963b2f124bdf9053a7f53c94
t2t_L1000_251	2dc5836d79fc0e75b852b116d0318aac2e51f0483b8d8bc10e52a3de9923fdcf
t2t_L1000_252	9a577b9674444f0b10b7581ba2ba64f0a52aaec20bfd07e2cb8341eb1558c79f
t2t_L1000_253	9cb4edb98ef565d8b8d29a921f9ef5da605c38ab7ebf7446022c5b73a110d145
t2t_L1000_254	86006575190fbae080f069cd93bb822b20a211f10fba7870a1011e0c24151542
t2t_L1000_255	b3aa9a468955ffdacc17f4f5a1128c51431b44b87347528861f289943db03690
t2t_L1000_256	d29d789096d268354be2db73447b9e68ba6a06435ab22c1d4522b79155fab798
t2t_L1000_257	8429e0552ca6352a8474b2deb045201267f41f5ebf89b6de83675984919c0222
t2t_L1000_258	8d15ee6e84effdca30da2f0c5f75d3e83597314af605bc6f36401bcf085f4d8d
t2t_L1000_259	083f70ee942ab4621b3b2da52d6be7944579c647f517860e0830adc3b7c2889f
t2t_L1000_260	90108b83f864f3c7ba30fd05556083f40862d0f9244ae6ee4659a094f4f3fc62
t2t_L1000_261	106997f5364b55c56012da600885ede2a47fa41de0ed815b0f9ecee4ac7d6807
t2t_L1000_262	bb60a72603bd0d779fbfc4c8477085a7511f1df767b31c43eaa5fcbdab94cc0b
t2t_L1000_263	8c1e03a9d481ec5d09ad1018d5a6b7555d9050d4bb33a36fb9532fda62a50313
t2t_L1000_264	6afd4644a2fbf0e3548bdf572e60ae39389a1dbbb5c3c457cb6efbea2237408d
t2t_L1000_265	be77a20f1bcb99626f46976c65deab6853ce6a0e6075c83d3d5afc2a0d3de60a
t2t_L1000_266	d84f7368dd0b596238e300346db9bfeae361b395c14bb0a9f6478e275cd3f32f
t2t_L1000_267	4900a4e767148d634a7c200b23a0522df4aa32c4123bf4335b11613ef1930576
t2t_L1000_268	e34fd7990cdef8ba8c2b8a4cef4e4b517586e666c8d595772a65bcc2f96bbdb0
t2t_L1000_269	26b69f1feb154c3a527787543adb2405bd6c909224fb4d0315e010d63c454f60
t2t_L1000_270	4fb6da6ecdf0d191e9736464b97e364e11d60914bcf94ea111ca9e711aac1454
t2t_L1000_271	cb9b7fb7110d59eb5b48c5a76ce11bd9498d16c9bc99c534d38b2df00a2960c1
t2t_L1000_272	c2e085d2b95f5e6dd08efd6be99f2f11ad9348050fe39b8fec9f9055a3e65983
t2t_L1000_273	fbf7afbc06511d50bb121d5fc1ab73f58a0f662f8b41957e2415d0775065165e
t2t_L1000_274	e495ca7269f77bb8ccdf55cefc79e521d660ce137f2b21917802c889b47afa92
t2t_L1000_275	f65e94db0fa91ea88296127b237180f7f72c5ec71e90002822019712494a9d44
t2t_L1000_276	a4f4f70d3ee49c8a708cd7c1356cb530e631fa80354601ea64955dedb64e6811
t2t_L1000_277	bce0feb93d32aebd83f79c172ab9a0443b5d83a8364ba68bb42931767c3ee967
t2t_L1000_278	b31229aef8c3596c57dde93c0d73bbebf05e098944d7e6de4c1e0653945486c0
t2t_L1000_279	966e05423a869c0ad016a05147e10c04239566dcb76326c33e5066ee9c66687f
t2t_L1000_280	733d020594ef68d316235f51b17414c6e1cc3ab7eb2ae5ef9414b8d002018f94
t2t_L1000_281	830979bec6f77b3fee8bd66af18672244527d92fed101fdd9679f6277e13ea76
t2t_L1000_282	280eaa1feb138076281ec17a7f6545cb3b83b322326617c4e1d93230c38aae1b
t2t_L1000_283	75f7d384134c454fe8fe9317bb49fdc16343e695d732c52339f959fab57bf399
t2t_L1000_284	9cc28099eee7dd585a309c65eab4a51ad4656080cd3f2fc95b2aabfd644816b7
t2t_L1000_285	580ee250161724ad63fed1a47e8c13287875d903b5dc1bcb73f07bb6e74ea5a5
t2t_L1000_286	014a69f6c7d55b20a07bb7285f3ff467d5249846ac52c2e8ca19a5ff0cdd376a
t2t_L1000_287	40330d326bf48550f362b599b7550aefff54f557c3122830c7ef094b32b841a2
t2t_L1000_288	7f098b4f32f96df73f3ba2047b258cea2a798bd31924b1bc23939a491e10d175
t2t_L1000_289	e882156e32d5642d91deed8d94a4482cde9f2715ffb9225fd4f9445711e620d2
t2t_L1000_290	e5705791ad9250ec80cf3c042b89047c95386fd83b5cc3672a6c32db161b7293
t2t_L1000_291	e9bd79b4a086803aacc505c46b75bf6d8df5750bddf912134794555ddf1a4f2b
t2t_L1000_292	bd2ebcdeb83ec01928884e13bf88b28706fab518945b8c6aba0cd48ca055acf4
t2t_L1000_293	1239bd52ef32155848014e31f888c1b3511bc490d23b29c40c4556ea45817547
t2t_L1000_294	92c9a95b323736ec0dc63e51b392b0dea63ed04b1e58a9796fd037c43a1b9ebd
t2t_L1000_295	c538940786b4a55905325a40db220a8e23f0b2dcfb8a21d1d8a2f9261b250a89
t2t_L1000_296	5897711bd2e4fe383fff4ec497fc1dbb1dd69fc309d44903d5653c172dcabdda
t2t_L1000_297	d8926b4aefe8d12ad8d4b0a3ec8e6d21a2bf1a3898899488d905fd4b1cd7e8f0
t2t_L1000_298	a9881ae14b1a1ccda21ad56c953887fd776d2254adaa2ebf01525ad72cbe160b
t2t_L1000_299	ad5ae6f80b712eb0b63370c84f912e14e296d3f6115e59484e5b27de7811b0e2
t2t_L1000_300	aa3185c12b315f664d91f2ec6c3e77023f1d223cb52d651148013bc67438b552
t2t_L1000_301	3172020e708ee443dde36f3ef78d80d19f89887cc63370524b629da23683f3a5
t2t_L1000_302	f312f561ee93833cc9dc26949bdc6179e7c15944a0a5e06d614fe61a714ca738
t2t_L1000_303	58f952bf08b904bcd6a3f98529dbb13bf96f6e6204038e93bd744de1ddeefacf
t2t_L1000_304	96af8504ecd9787249d4303b16ac2296404dc9f78a3fb0b656f88f43e3cdb404
t2t_L1000_305	3fde0d4ed5b7710ea8edf15447388563eeacc6dec0ac1acb56f9fc579d266195
t2t_L1000_306	7497e00cb8b4151ed84f127b8e1008181ff4d899281deb03052cc176ab2ad3a3
t2t_L1000_307	7974690eb2eadfbe1e89e720657254d11a7e6f48f7f0905074337b7fdf5bb76d
t2t_L1000_308	379e4723fdc6a8560dfd4087f82929a4c56f861a13cd836272316af1f60c623d
t2t_L1000_309	5dcef2919407f150bf0dc8659d55e0dfce4190b38b0f78fc74e7abc33f28379b
t2t_L1000_310	dc57bd414c8bd31e15e8046a8c10aac753ab7388d5d17ce1e34f86dc21da7797
t2t_L1000_311	773c34a8a2f003ae8e555f08e04f2abb3cbb1182a2bad9ecaa997a77a35e95b5
t2t_L1000_312	a146041867f997d304a221b1bbe8d3be1f4ad3dfee3dbc4b10c26e72b10aae15
t2t_L1000_313	beb08127fe540378add7d47768020ce82facc51743f396935a7edba59604700a
t2t_L1000_314	e70fe9ceb42e444cb47e085e683074f116f229555a8aea0f2a44373704569c18
t2t_L1000_315	db42656684b1837d16b49921ae573cba76efa97505bfa4c0191642e606a2634c
t2t_L1000_316	e54d903208d16bbc4ddf2529d73e47d8d7a3cc5c4f179cf513113028f01cb07a
t2t_L1000_317	0d84ffd9aa4993910921f3bcf1587541cc1152006adb51fea92cc26d80e98c49
t2t_L1000_318	b8e7f7c633f5b1cdc8d6a1c9a9b0cfb349fdd7be38f06364fbb862640bccfadb
t2t_L1000_319	a5545201b97245fda72b709f5733249f8c3e5dbdf96b1ac76fe7b376c7cd9d84
t2t_L1000_320	ca897db2b67691614a85e1c28718dc81cac4e3c187f419acfcf2096a06f7d4fd
t2t_L1000_321	a1453ca0eb2349ddd3e9d933ee4b0b262e56c40f5fd314ec78737013c9e6cdb8
t2t_L1000_322	7fb90fd05e2d0a73c950385fc2723cf18eb1869d50b691431cb214f2f7b8792b
t2t_L1000_323	1a38630518b0fb0d560723392b06158aa06c240f4bad9a7e0db643e972b0ee3e
t2t_L1000_324	4d1b801464ff26e9e73298077264dcef9ca2ccaa185800ab403dbfac52905bb0
t2t_L1000_325	0d9a6347b96c44a861350f02eefdfbdcd3e4f1aef963fdd5f24230b34c688f35
t2t_L1000_326	45cd9cfa4834bb78c948acf4947223630c2c3e5a7226e5f3dd09473ce57197b6
t2t_L1000_327	7b8adc2e0bdc60974a4ae8f9c69b0ecd4a0a997c1f6a4e109e6294462f846ff5
t2t_L1000_328	a75b38be6a21c7e1637c8fccd0d1e3d12b2f8e10806a812f850a9d3f578e3a52
t2t_L1000_329	8dccf4cb91a40adc779a05b4a765d2975ba72a891692482a77ea6b531ca89269
t2t_L1000_330	f64b4c6928f68af27ac75487be087cd56d6669737f8fb381dfb5b90c110259a0
t2t_L1000_331	2a61170d8ae393b530bcb668e843da9948f70c0399cb1ef724e608ae04ecf00d
t2t_L1000_332	79924f3ccb1ba7a55ad009f2e31c228d5ea6642292b73a0724eb6cbfd65677ca
t2t_L1000_333	f2d40fcc079b1e280bbd790c13542ec63ad86cd80c67abbf7fe76b678d7ab1d7
t2t_L1000_334	d98d53ff2719b35d4e4b66657f3a7aac3d9c51cf72a3f9fb9fdf143795749a43
t2t_L1000_335	6d9e66838f6e88751c6dfd6ee0486739c2d5a33f091312c2deabfb5467733e48
t2t_L1000_336	650ef83cd9f766c5ead3ebc4273a9c48fff7f47541b7e104363d007b585f4de6
t2t_L1000_337	f697ff8c9bde95543c181faf3d5a5f112d946795f2ff83b56089692780e7e25e
t2t_L1000_338	a1e6f8e7ec54ec62667fdcff33165f0812aecf50c631efeece5c7ee18a5163ab
t2t_L1000_339	3086168821a7979e389bc7fb10e018b79ddf06d7fefbaf1834bb4b5dc5596efb
t2t_L1000_340	eb5d5a521ed2b7d8cf7dc9e50bffd5409fee27a6598abbffe09654864302cbf8
t2t_L1000_341	adef0551443ebc8810b2b31cd58602179ad5587c7d89924f4240818c688667be
t2t_L1000_342	69427f658097de3b6bffd4fe98a80d4b5b9acc1b7fe4c84800856a6d6acac12d
t2t_L1000_343	6853de16f086359cfd3cff7f974137374da63e9fe4e346e29086cca5ad32d8b7
t2t_L1000_344	de7d5b3f1eddb1e51642476db44e61eacef19f1dd7fcce255f71f1a99e4f2da4
t2t_L1000_345	267f481a9991c9979c14173cc52435fba15e0bd6e55eedb57779fcad26489dac
t2t_L1000_346	bb8c2f6e4a36d6eed68488ae251649a85b10dc062d1cfb15b5d52964e5fc44ce
t2t_L1000_347	7212a228278cc732702d023ebc121ad4ad48049207abe81f73303059a1ad972a
t2t_L1000_348	d7fdaaa8b3083217d1e77c4584ca9536d0d0a32fca87f3d1ecf4a8d839caa30b
t2t_L1000_349	0335e3193a361f4620360fc9f5b752271ee2b8b712abd3c66ce9f94da61225b1
t2t_L1000_350	923ddbfe6e88d8381452fccd1e0b4ae591e6a9e0ae360ab7ecd26197fbf8d74e
t2t_L1000_351	835000fcd719831a5a07c9f5e766072eb9ecd0a9e62e4dc160a44ee889fe4d4e
t2t_L1000_352	50a6b1f10f3990ba5ca929028e58d399a7c00e90f974c4b13961774348c9ed44
t2t_L1000_353	e9291055337f40faadcda07c2a8544928a723f3b896cda1daa4eabc4e4b83856
t2t_L1000_354	a8ac0ace1d15d21f9913e9bd3c7ab91702fbfa18fc858a44487abcfb1cf48846
t2t_L1000_355	74a4f3321012143bf3e6b39e98d7306fb5c0268ef4a8e9bf3721da5b3244c8e8
t2t_L1000_356	8a3c8430ac5f2ba5b8d07291af1b7ce297438271f2f9c4c92d3c96be9ea26137
t2t_L1000_357	bbcb0576d49ed5e5647cce74e8b702634378ddaf1f435afe9834ae5c79a6ac27
t2t_L1000_358	60cde21e95c950fe1542f555c249fee2dd629040962bc4ef9f2e344b7fae02a5
t2t_L1000_359	cb65515f104f6a557e05c4515515f24ccaa389729d62195d48f96492672047ce
t2t_L1000_360	b7030f95e66ac304cbeebb88f8975e1a0560fd19760e8ab5946e9883f9f1b60e
t2t_L1000_361	69882839979c50b2f01e827d192f05edf9948dc35e505841d458e9fb01b3e288
t2t_L1000_362	7f18e721e1328a2472d42dc518e80df026d080afb4f9d599b9bda48738b351d1
t2t_L1000_363	990531bfc568b14b14e1f9a13c875536e14c5a7126db0fb4e339fc6a835289f1
t2t_L1000_364	b79415432cbd45607de3128141dbd4a053a2d6fefabb2be66ebfd03d341c7190
t2t_L1000_365	c193b80297912568589ae232fa44176b929562c82136929794efdb3017a565cf
t2t_L1000_366	e871e01371e7bf94b83eae94af714445b0e7be27fe87eeaf74db884b46f0dff9
t2t_L1000_367	eb1b8afa09d795867af344ea02f4c41ff4ce4ce3f843fe376d512daa5372a9ba
t2t_L1000_368	7b1aa15ef110b6155b5884969c010a19691e0c88f0766952703c836bacbd991b
t2t_L1000_369	d4ef636fd490442d8c95d793a89ba4c0361d61a0f5e0869df8399c09d9bf43ec
t2t_L1000_370	3213046c2f8cc9cbfe997aa1d47f3bd0b8d1db398b20e3d20830e3b379b13934
t2t_L1000_371	d94a7ef7f0c8587b9ecfaeb6451b508989e7fe93842d09c9f2fea35ee7f4cc2c
t2t_L1000_372	d42145d1db202a05f16c0c427acc8b40db36f321963f587d4999c408e0e108e2
t2t_L1000_373	3ffcceea45172405c4e03d57a268e224404bc011145e5c604dee0e64b5998e6e
t2t_L1000_374	e8cb46e6c27262cd9a96ea84e719a28ddd8a2ba31c4707455f9b52bfcbc7ef44
t2t_L1000_375	facf138d9828098708207c06d1b2b77f7e9564ba4b1cefbe207cf68e2ac950d1
t2t_L1000_376	1fd1c49b24c1f013b41685d9a1af4d68d14f8d34661c1020fe204e6c91bc0ed7
t2t_L1000_377	fdc8bddc2cfe04e17753735950e96fce5a1a20bfc4bc5df7884f5d33cb85988a
t2t_L1000_378	835157ac4610002619b468a19eb26b3108e1a9e6cdb8e36ea4317fa1cdf4344a
t2t_L1000_379	3b0220a5446b7c2372a0848c554b2218d8c89f19f3bbc350ab904113af0eb22a
t2t_L1000_380	87772b617b84ec371cdc9ebf8e18a6a7b64ef61798fa0364472bfccd3a0e216a
t2t_L1000_381	f9e5f4ee66492df38abf4bff83553224f8df2deb6cec13fb71a9b48054fbdb57
t2t_L1000_382	fd73e6f81a98ba2e0043c211fef05ee3af12da6df772fe0f5a9394df61b106ec
t2t_L1000_383	81a38b92eb27ee92abbfe35fa8a6ccb89f1e9b087176e60ac4910571267acb48
t2t_L1000_384	ea4a37e03e15382f54dfb0329e1859f29f6d2c02ebe93956b09ab5630dd9d91b
t2t_L1000_385	824a8f97e9eb9c3b797d1e5d5523c5475c8edbc5698fa62b43dc6a8cab8949cd
t2t_L1000_386	e06f0d1d10422ffb0f2b07eef886df1a2b90ccd18fec1b2dad1e15e30fc27ffa
t2t_L1000_387	f6549a32146b1cd1d274ac8accf916266e79adf47e4cf3dfb05c2a535dca9aa8
t2t_L1000_388	ec5d0a3249d7c0ce653a4a876afc2d77ba770a197f5e3d63394b01f9439765cc
t2t_L1000_389	0da60cee8c6adf8d49b4a46d924147073dfebef9ecbc802690a6e63919b2cd56
t2t_L1000_390	0282bb201dce4304a3a94d7e0e750ad450dd8a507135eeaa6444a5caa5576776
t2t_L1000_391	39dd588a6f54918f3563d91d84c9043805798cc4f5c9a5e584c2a793c817e4e1
t2t_L1000_392	f4b721cb9c00237eda80fd29c8506a6b315ec82abff22ee19ec62e8757058aee
t2t_L1000_393	b47fc9844b23d8f52d326f88b78ea68c1668c703270fcd81ef37177199c475bf
t2t_L1000_394	74538e6abab75f4cec65704c95a201dedb2b665a6d3bcc4429d45d40f1a37fda
t2t_L1000_395	3188a6d5102514cdc0fe11a7c69fe8832fe1cb5f797b51516944289f2d1b4655
t2t_L1000_396	9fe8f9b41f4a0f5b9117d262096dc6fa3780c57ab8873b658a2df9c757ac0c43
t2t_L1000_397	b7be43ff6bf85fd1652937eaa3225a2f19bf95adfa7f7c2dcd3f9bca8632ddf1
t2t_L1000_398	a955ddbbe423446f1922235583d2ab263804fdd2db6da8102a5b3b17f5b73405
t2t_L1000_399	6604f925a9e8896aa65ae98b5a3dac7b6cdf81ca531bff74fca2478f174257ec
t2t_L1000_400	71aa9eb7fd12d4339cc7c7c783fe21989e10e7bff2074104dd9f8462820c3160
t2t_L1000_401	1cd3b37a76a19bba9c0f37d2511ab20284247224380615c2d2ae91aca82c3de5
t2t_L1000_402	d53cc443e999611181ad76a42af1f8b7dd8bb0bb810ea21906674a03e6ed5f23
t2t_L1000_403	4bdce0be2fd2cf27242270d8176a3f4124df216ea394e416d076cc8aac26e592
t2t_L1000_404	38f1da17cd6888acc5be3f875e0ff39f350be22c36b7bdda4ea6289b4b34e35d
t2t_L1000_405	1a70e00427fc80b60480eb5d0cdeb87d36dd1dafa870b4b6f86bee9c58df4628
t2t_L1000_406	87175ccf202458e266a51def3b00bb53126832d30cf4868c248ea1fdd6313bad
t2t_L1000_407	db4fe6e07a02bbbca7255df2e6447ef1213350045e0227a11aff2fefc38869cc
t2t_L1000_408	60ffeeb4b0b29b4886eab90007a23a2de0a13a4e897654dce5531f10168b850f
t2t_L1000_409	67030f9e6ab2f0321edfa22748cbd4359497374c3550cdfc0fe6bb8256bb0b91
t2t_L1000_410	7fd824c24abbf3ab23574b105064e97b7226a92149e908463ae75356d3d07327
t2t_L1000_411	647cd1686179d1ffb690a5ad649cbda02cf84fc6c8793771eaf8e69c02e664ca
t2t_L1000_412	76144775bb8e2ca852addd25d74264511a43609fe6e6e865bde994007a59a695
t2t_L1000_413	d372d3ed1931324195dd420b80723909b3ec5254fbb5ef6bd07f1ef32c1ad873
t2t_L1000_414	7bf39dde8ca24776038b9bf57bf3a18baba80cb7456112b463a8d44accf33207
t2t_L1000_415	59b0a74a69fa7548dbc8e051ced1a7ad24eddfcd2aa6bc205fedb54b758d7203
t2t_L1000_416	9a69de19946d8716a957cab69f85de2e06a19b63945d178ccbf155ded5a39155
t2t_L1000_417	108fc671498c0838ff4fa8c26364c840a4e4411aaf858c0f2253b66436bf53cc
t2t_L1000_418	6e7615cf5e4e6e1dacc24e516fbca69ebf26ab8d62131ca6cad632e84cc8a4ec
t2t_L1000_419	a70aa801cfa36f93e5d50f1a5f048d2ac135a5cc4d6dbd706de9ec9fcd3c1837
t2t_L1000_420	b93a647c43a1b812b2fa725386cc2f642cd6f06641b93ec0dd07a9dc3a1f380d
t2t_L1000_421	7d07143aa9c38b83a8b96c71011d5663394a8f2dc9a90e1306e634b95953da2d
t2t_L1000_422	9ee28c018563b322b61d5531fa9301bf43771b36ba21db2e0cf74d87fbe85bc6
t2t_L1000_423	1db16559c5c344bb3162414cfb42460a8211600334e35e220eb548a00f3d8e76
t2t_L1000_424	9b32ff412b151b75f8245b6a7154ca4cfd74c9226827fa587621c9a58ca40d5d
t2t_L1000_425	b76200d20ee118c1e6e1a3832f0e3aab1aa04894a7e649c66b6e470973162802
t2t_L1000_426	d241e03a629d316995c9f8ef0025e55759fbb30bdb29a2e316e5daff0f6eed71
t2t_L1000_427	77ac062b20a0c2123b69730df4451311ba950ed894bb9933be7367d683488778
t2t_L1000_428	7cebd271affa75fcfb5dea338a9c1390e089864a65c1b40403cfe721dc18571f
t2t_L1000_429	2d55263181ade878c757a8139a2c364bc1170b234c2d9db96f6b1fa8b2e582ce
t2t_L1000_430	1711c18e4bbacb7ba686865c04bc3a27014b1088acae12f7b7d33d70e85d8d9c
t2t_L1000_431	0d4fa6e9ef81d881918b571f30ba2b21d0d4e061e85e90e4111d426ac7e58e22
t2t_L1000_432	22ac1a4884c81cf8c6cbef2b86b60f94987074957f6d29e14faf6fc4a527310e
t2t_L1000_433	75e812b22c865dab97769cb23d45e22680a9a443454760955b1e2609469e3a18
t2t_L1000_434	60f9a334eb0fc93dbadd6db7f0a06536d32381df35bd650a0387a66b5c99f489
t2t_L1000_435	803704b9df5e09f9a7b27ab5d9a04fc5e7cf931e92bdc149195e45335c5a3034
t2t_L1000_436	9e7035fcd07f7a60d2b9084c0d13205d2feb60bd64c1e8bbadf013c4cb9b4a5f
t2t_L1000_437	a06525958a55030022608038bddc39552987b80a71b7ad0675522b78ab43530c
t2t_L1000_438	c9583577fbeae7f4837edcfb06941d1d78a0d8028f7ec5322bd17f60bd3c10d0
t2t_L1000_439	05c94b06a9124eb7c97d4e6a4c41cbedcb1ad3a9d07e4cddf2139255a3e48bfb
t2t_L1000_440	72cb6e833d837531e61ec4394ff4ee1e2d77bc974fb0b4ab11b1f7bdfb33d041
t2t_L1000_441	65a4e70b27d614242d74bd9e57bc7cf6e4ee2bbd129877923c2b1bb5072f1a33
t2t_L1000_442	c4baf0537e2332eb316268cabb2cc80f02df9da20fce453cc97ce18629e5c837
t2t_L1000_443	7edec886236cd099c7dc3292255d210b98d2ed169bf4201bab8ffa375602fec4
t2t_L1000_444	3c17687faf41b203ff6fc061d976976e4135df9ec5d834c1d0bd083631b369f6
t2t_L1000_445	7ec82267fc0b0359d051a744cc93ae0edc80cfb5ef1f54288d00287883c5e012
t2t_L1000_446	ea18df0802932cfc9131fed7b797562d072c5598d6531d90385281b2c622114d
t2t_L1000_447	e3b354f96875f28057a76f4201c974d4f0528b0a8937be9cf7569e148b3cfa4c
t2t_L1000_448	97b86c70bb99e0ab5e5eb301ad222e144ab4ec1593369f6b483f784256c33d33
t2t_L1000_449	9dd2c2ce4993b9cec8cc9a2e66c5d4a3b0d25608cde1b8971621d24d2f2a1e23
t2t_L1000_450	5f8174f361f932b19a563b206512cfaf5bbe89f75db1b42b1dc323c08693a311
t2t_L1000_451	21f7710fe911ac29d256af1bee0a69b3014b8d3735a008e77629bb373a519e01
t2t_L1000_452	df2f3d30417f5165a711c3023fee1063e7a89c7e1798dea1e2998c5b9dd0ac72
t2t_L1000_453	b4201678e8ae209eedb65e21c16d7c879beabcb85640e3db726b82d7732e7484
t2t_L1000_454	34ff7b103d8ea284a78264940891980385f113171cb526e090260b78a60b7e02
t2t_L1000_455	c012ac83e1d41dbbfc5cfbf8aad0fa68ae59c9d6738f92465631de7fb732395e
t2t_L1000_456	37430e05225f9b4d1e430f5f9c26ef48d19629646c11e95bcefcbf94811e47b3
t2t_L1000_457	1e317afab8408aa12ace419ee37f94bb9ae63eed59cf90623cb00b131e7032a3
t2t_L1000_458	2334f5c862966796758f26a8ab3b8e9753b2b4f07bbc8dd8ad1d69f8e2075091
t2t_L1000_459	c49458825776ee4062c0c70c36d55022fa84718b27fa6e2f330d44561e55cf85
t2t_L1000_460	f72aecabb26731d1d0c527d00000b77b33e7440920942d924497c40c7f47eafb
t2t_L1000_461	921f1b74b918febb899ea261cad5fe6201641e263fdb9d3f8aefdb3e76ce8b43
t2t_L1000_462	2193c836a3f0a2212806819a5ca5e538955a1f81f33b3903b44065bd86d03b44
t2t_L1000_463	243c4466d55431a7c57175b9dde7a7eb97b9d9c7ca79cc49e14f68c1b818a2e0
t2t_L1000_464	78591d34ed9c4da1209f33bf1395f65f50050b4baec86055ed2fa0887952dd19
t2t_L1000_465	103e0907197563571367ee0403611a8477cd2adfd2073075cfaed0d50ba256f7
t2t_L1000_466	24ecf1997bff253eebe1c15cb946fad1ae827772d6ef1e6e539437922c7a2ad8
t2t_L1000_467	898092fbaf97da6d93f33243040e8e013d21d323bc213416a7c9b411cd1c5890
t2t_L1000_468	a98c49b7938a4deae458329ba4453cf9e6da3cc87a0b1064cda7f4a14cb1b630
t2t_L1000_469	92677c947bcefa26182935297d8b4beb944858e6a8255d6947e0d9d5034a8ee4
t2t_L1000_470	66d83b89298f05b25776c29d89023a14926abff7edf059484a94203668fb2f69
t2t_L1000_471	cf6049e1c072474b7ffa4c5ef3d208eaad7f14fdd349cbacdff694707bc056a7
t2t_L1000_472	1bad889aa5ae185ea95d4a1946074f3a8b84b091317adbb6d1c7936a5dbc74b8
t2t_L1000_473	55bee41e2f3eb39192417730af50cd043fc80519c63f8df0e8decc9b60549cb7
t2t_L1000_474	6331130c88aba61df4b4beb113cf72a9231722dae26a5fd38d3d12e8ca1aae59
t2t_L1000_475	334b4ce35d1bf61c8843017a158bf9a9e3daa0117a152643cca7e3f39aadeccc
t2t_L1000_476	b26311dff084a2571d306222c0105150ac61bd0f4abe27ab2d3bef93fdf5d0a7
t2t_L1000_477	e142a52b8fb5060e454b92ae9acb1db555d8aa00b342cbb5d1648254543efed6
t2t_L1000_478	73c94589d9bb03fc3b2e98d44b8773a3ae44397a19e06faa34c4a210d58e4500
t2t_L1000_479	bc10a95faaa1e07063831d1a4a88b2634fbe822d5c3eb42ec3e47a46c542aa3d
t2t_L1000_480	6ef18c327620ea1fa2d54c4fe071618c0b0087dbc12f04c794f841d5387eb30d
t2t_L1000_481	f2516e7002cf915a52b9359a2d1d7082f8b020e39def5edc97efae48f725c35f
t2t_L1000_482	725bb841a15925b87d3a977aa451a670063fe78d09cd4f78666acb3273f58338
t2t_L1000_483	78671f8c3228e31c6efe3cf0223459301d06f4c051c5a77adfa9de69067322bd
t2t_L1000_484	9abb37630cd347d135ae086b8e3981785a6dee0e3c9d3751c88d89aba0ab4acf
t2t_L1000_485	8bf0fd1887ee7ad3cf5872d46974eb96add652a8173d664c6ddc11a1dd5f0c62
t2t_L1000_486	5b4baad7708a18eaf00e07a9480276f0c912166f43a62e5b19e3ba91056715a9
t2t_L1000_487	082f244d8edd97af065927c08d42aabf6623f9dc1c92e987ebe216fe5fb554d2
t2t_L1000_488	740f229751df0919fba349e6de7b0e30f9ed45e7c8553e14e18fab5dff90ee83
t2t_L1000_489	7e8a45d778a0d8322538cb9dcb1c46a57d43d377b4ed0c8eeb5a04d1bb052d1f
t2t_L1000_490	b7e2b98a91cd509c10d8b99e9856030daf385fbc115a9fccfcad8dd3583bfe7a
t2t_L1000_491	5c2884814d37e943f0d03b6ff549aa7e678ab6f681ef31529fdaaa6e693b59bc
t2t_L1000_492	bc6366354ac78774e5329341d0cf69ca25dbba1b2a27939e37bf059d34bd8791
t2t_L1000_493	d5aecd25adc59de11acf42298fb75da9967568a38fdc2fe28e3fc4fe47c2498c
t2t_L1000_494	be47b915b54dece102fb77a136201f186a7ea0c26da0989fe21d4b298e82bc08
t2t_L1000_495	6798eba4b59683c08b961ff2d335910d4b6a2ddc3eac34aede22b5ae8a9d9075
t2t_L1000_496	1db783389cab6c4d25c1e0749fe69d030214ca96e7c6fdebccbcb8f48b4503f4
t2t_L1000_497	740e2c4fd063eea4250cc0d1eb5afd2c0a42c5052d6d93f36aba1816e50b0785
t2t_L1000_498	fc9756fb88ce00867daa7d2dca6582363141700afc35c5fd476c1bba84cda9d0
t2t_L1000_499	0ec784f785d9e68764bfa0ada1d9a5fd5ea6a9725bbad252ca7869a3e7e26651
t2t_L1000_500	86f2da9beba275ad9469294cc1d176efdd42e4111089dc408bbd0dfdf1eafe24
t2t_L1000_501	c29ae454c5a35b43ddaa842c98453dcf92ef7713d1087e89b47e5c4f054bd134
t2t_L1000_502	11b525fda0e0ed78bf65376f1ac7cd529ba38250a504ddedfbce6c335e692215
t2t_L1000_503	cdf334efe3746e41d4613bac3dfbf66efd1efe976b69efb89f21564b7b0328f1
t2t_L1000_504	a509fdaa415c8d55a355b1926a2e808e810a8bec4f6f76de23e14e5602286daa
t2t_L1000_505	c792fff902a0e1307f4dd62ca46ba065ef57888df8394c926c9327f8015cfb9f
t2t_L1000_506	4f8974cdb0a2825eadfc7f431180233b379b3914b53a200a87388589a3327a6d
t2t_L1000_507	1a8161c14d71402d1e7a9566a7e099adb588ffb3df101b47f610fe21e56f5a47
t2t_L1000_508	5b72469f703dc5cfe337a1af006c4c5f9d1cdf06dbfa6045fb1ba1d56ec4eb43
t2t_L1000_509	e9adbae627d6a702fe01d125fa182190d552ce0c3fdef28389a194e4630ed4c0
t2t_L1000_510	96d3a0831237ef67cbeb34fcde4f3f34a13a1dc99e02a2a29c2998e9f3e4b3ff
t2t_L1000_511	77a9220055a75ddfefc0ff7a8a20a8916cc5b7d7840dcf91f12976191f3e65e6
t2t_L1000_512	5a24cc0efd3848bd3f27f8cfd6fecbedc25a61465fc005f5b9ada9a6149c46c7
t2t_L1000_513	2a50019a16563f29d2f6cb8c7f89d7bfa295b15b04b73c3e974d2cb20d579cd5
t2t_L1000_514	d0bf26074306acbdde7e6cb05cd6934d5230af8bd9be6b4b8947d6a7a12c805c
t2t_L1000_515	fd46ff151c49d022059811ae2ba97b276a9806ee6b2938681fcd8a09794632e3
t2t_L1000_516	f3eb94eecf8e46a9ab75798ed92e0e9ceff87f77a9af7419246bc03746b55501
t2t_L1000_517	b539a1aa535bceb166371f6f7fddec9cd60c3eb8960be1a460b1636d7839c219
t2t_L1000_518	c86d1949afd5150bf3443413aab9f16ed26696b9b410105d330ad92b951a7105
t2t_L1000_519	a6f551f818a0475988290e4cb41a7eeb7ba83da645a4bfc51a8acb85ad03090b
t2t_L1000_520	15e938d6152a96aa6557d5476ff0c6e39390e497f8df8aea471ee616f9099f57
t2t_L1000_521	6e624ab775aa039f9e6d12296dae688755dfcb300ca3a6a6be2ffdb96da3dc78
t2t_L1000_522	9c2248389fcbf91b93a7288d2849df05bc9de7e80797ca248c526592d1f813d2
t2t_L1000_523	e4816315ad99ff363648a542227dd6b650353789851461684a85fc011e3706f5
t2t_L1000_524	525c741d1c265197b3a5e633e13599d830c7560633a22da421eafc75db5bee28
t2t_L1000_525	68573313c105d96818406deb122a310507708d21cdcbfa569025c353ffb09900
t2t_L1000_526	c6fd77d0594fbe29e269e0483591395477da83cc0cec8bc61447c46566683455
t2t_L1000_527	116a3602bcd7e294d8c3ebb78e8e097c01455eb8a99b32c099b28963d1647896
t2t_L1000_528	3e06adc3841ceb0c0075256cd687d7f360b0111418d4b407a064b5bf974e5ad4
t2t_L1000_529	5c993b8ef74d267d132da13f579f5f45f1331dd21db625a09b7aa7fab5f5b353
t2t_L1000_530	7df99e1bd2bba4efd9e2f00005574e5ee719b00a6e09fcfed16bc23209b2b20a
t2t_L1000_531	166fddf27fa872aa09d71678748a9c02dafb121f26b7e60fd632abd4ee48f7a0
t2t_L1000_532	a0e6fcc4983e3af84acf6f54d51d1973c430f72e944bc6e2d79c09d7452e5b93
t2t_L1000_533	87f30fde833ebd965d534f62aab7d2b663c292c2a3b5865b8d2725a00956198b
t2t_L1000_534	921308aa33dd8c705d389063eac6b198e7b2245178c56271a412add5f523c260
t2t_L1000_535	7f65b1497166b7f460e65d3319cf37f98a60d6f080db83cddbf1383badab8afb
t2t_L1000_536	c3d4dac091d43fcf6678b57fb5133ae5e2d14a12895a26b77ff2f5fcf8c0114c
t2t_L1000_537	a1be91c22c79fcd9159732674450ff4260d2cb8cd06879844433d5424645c8de
t2t_L1000_538	fdeab00cb540414f9d09642b57e9ea2bf98617feab62dfb9d6b1805f42a3e8ed
t2t_L1000_539	a7703f55d756eb579049a45596a29c9d246401c7ad0a6fd54cf48a168a1486be
t2t_L1000_540	a271166ab569ad912671711e17db1e70460592c3e8faa3db4e808aab9bb36d6d
t2t_L1000_541	f8622e50af5e028b775ca8c1c92e221143952f2e414e019d6dbe2a16ad1ad0f1
t2t_L1000_542	5c2ab06acf54e67d79e7e4dbea9e60028ec0f8009d4cc86f94581dfe2812a4e9
t2t_L1000_543	21634dc3805cfd7ba662a25b73fee4917bda61a51dec608013f4702a1358ea57
t2t_L1000_544	af8d500eb6bdb42538c309eb9e1f5b0ae0f731b067feacf5817ac76d8c7f20ad
t2t_L1000_545	236326ac50984b896ce6c2553d900181360b5dcb1c044129bba2bf0958be98c2
t2t_L1000_546	95f1c51ac33fbae1e27e14254e8cd68302dbb57372f7a22885f141129d1b7ccd
t2t_L1000_547	248dbbe03a894f014b4984e9f2786616103ebb5f1adfd547d157ae20f7f8af29
t2t_L1000_548	3fb0378ecfdcc440ab30459b8a28d53333ccf3b7455129a9a80752e731728bca
t2t_L1000_549	f85339adee408b577435fb63e6616ba885ddceac6cda6ba783d069fca076813e
t2t_L1000_550	9d580b32145ecef2f67d2551d096161bdab2541a8bc8a138b981ae56ef35a752
t2t_L1000_551	d8e809185b7a06d5ed32c34e601828d833160b21d34e540d784e0193926f6b16
t2t_L1000_552	9fa7daad3d48625de37f694c82f32a706f8a95cae0578670b09f8a541baf7924
t2t_L1000_553	d69ce2cad5027a0c0390383410a5e85fd468a62eb1bec1e7e592db5ca8e6b4a4
t2t_L1000_554	8a4967474d719383c2edffce356a60a622c43e22da6f031f951ad715edc5ba05
t2t_L1000_555	588655ecc4642da64546de3a555ddecf63ee4eeb05602a682e38c28094d32ae8
t2t_L1000_556	4643e79fbb890fb0f048b198494e06451150b35be32d0a281becc963fdb88ee3
t2t_L1000_557	324543d4ea7544b22053ab1178aa21c5ec7d96042348103c0517892de0382d85
t2t_L1000_558	dfcc863414780e55d1090fd8b13910a9c0e74340a9352ecfbb1ac0659fd1b2c0
t2t_L1000_559	88603e4fb49ee8f1c190cf3b9694027e9ff7933b1a11efde4ffa137e845464ae
t2t_L1000_560	3608eb4eca33f59b02c7ae0fcd195fbdf0e189664bccbe066a67c8cd66a5f05a
t2t_L1000_561	85a27b0abfe8fba7d31e14dd061428d8d5a05b422f3e9c74ce102517c20b1904
t2t_L1000_562	a22d091f75811e6c97ececb89ab4754b3143be1773a07f4472b4f080bd788a45
t2t_L1000_563	e10dbcfa21fb89be1deec2ea2242c4c4f878b6937f30237fee9dcd71e8dccdfb
t2t_L1000_564	c327d4068a17c7f7b23c4f5400e29b2c766cbf2d44b138e1eaf580911baa53e0
t2t_L1000_565	fa047c5c20bb9180e1cb4ceebe65d208454eca24dbf63e68fb1469f714468a1b
t2t_L1000_566	67859cb30946dc744c9747ed5555cc22f9749d7965506c32fbaa17616a39c390
t2t_L1000_567	3d5df0e87e4b003ea64bab86ceeed2feae7331a2bc4bcf1e09275ae7d9301d93
t2t_L1000_568	3e94ceed273adb9a5be4162dab818e6e6fc0d64b0da67a428f57ad03fc4a9a2f
t2t_L1000_569	324ba142bb24ee3eb1f83600238e16e3c9275f8b6b2a8bf995fb607b981696e2
t2t_L1000_570	aed47ea384af62856f02c4ac3c35dccf6944e6fbad513f1062ca1bcd7749c3be
t2t_L1000_571	66c2ccdea222c4b0a64cdcd546849d6c2f8aa4888a35f348cd0736f2b8882c1d
t2t_L1000_572	cdd3389e6e46f2799185eb38be2b292fbad927374271e1b0f9f3a6d2ce3c6c69
t2t_L1000_573	b9198f2d3f578e71ffe571b82166b68b40819eb0df3151b9d6bb55a0056855dc
t2t_L1000_574	1be7f0e3695c4531c59725029e8b9a31c66f701c924bfb88f467974c4da4ec3d
t2t_L1000_575	5b9b6e266eb0d748228dbf3ef99db123d3ab6b78b1a1345d16e57da611e2557a
t2t_L1000_576	de93910814b05cbc9ba085e749aa92168fc5a1d9dfa72920de5aadec8a4db4dd
t2t_L1000_577	dd9d6868aa732c5a16f22dfdfd3e03098a508539edcee6d50e50f8b33526ad13
t2t_L1000_578	91b7cee86fafa93c045e042e1166f0a79820bdd0a94b37901b8b29c8341ee513
t2t_L1000_579	9be5f5035c3d7052834a14491c82d96eaf5f8e0ad5e305ba590257d8fad87da1
t2t_L1000_580	0e26278c02e73dc9340a684a53909b49f2465a935d1ef6b6b00826186baea79b
t2t_L1000_581	cb7d4327c22bb36fc3478d15adcab6c2dddac044d5c30bd834b4f445f8776a22
t2t_L1000_582	dfde93e0b461bff2e9ad8f2d1013981bf4ecee93a8cc49cc9a53e71a0619bccb
t2t_L1000_583	1cc83ce7af016a2b393f6863c093b625d50b66dd0c777402002c2c937781a681
t2t_L1000_584	250e6d31bfb804d3ec354c0fa780d67a21d09b75063d4442db5ec070bfeb37df
t2t_L1000_585	a845a222e3bb202001a6e3916beca6a97211657be078448ae29b98f81e7ae2a4
t2t_L1000_586	82f6744ad4e8b3c8b2ccaf0185182cc23e06a5de26bb4a2fc30a4b846da70dab
t2t_L1000_587	5fbfd6ff886e1cb2a89353062b11b0afff23a9388f47b7d2147dbf4349e7415c
t2t_L1000_588	d13fb380773ba12bba4d3f398edbcc6ba038e5b46556ab1be03f348f72cbac06
t2t_L1000_589	59366afe05caf9564b153e55ab8533f796d383149998d5d2331fe5014d8129b0
t2t_L1000_590	089faf799599112a3efcc469e9980f5ecdeac187c0bc6c477401d37a0124c078
t2t_L1000_591	b77be6ce8098ac3ac61502a4bd2441d6d7e38a0a71ead98f37add4f8e54b26d8
t2t_L1000_592	ce4c3c839eb5c4bf62cbbb5f17227f5dd9086d7a758f24d3c1d53cc3fb90bfab
t2t_L1000_593	7b72cdc1d647059cf133428e3edacd7ea8bb580d4a01e78d3ce420f1663ab25c
t2t_L1000_594	518497137631b868924c0f072f842dd63a00a6a422cfe7dfdd8f771e897b0218
t2t_L1000_595	fedd06552839752e8d571c6d5c270fa2a0d94eb3d9e08008c29daced7b05e985
t2t_L1000_596	ae2dccbd2983510f5a882a92581bab2cef5a500f73dc6aa16ebf370c78e1fd9c
t2t_L1000_597	240eafbf958d4b2e84bd6f6baacf33667ccb58ce72902c14b466ebfe2690890c
t2t_L1000_598	be6a1aacb4beb1ab40232323438c59445594187c20d2b80fe4d380cf81e22180
t2t_L1000_599	85c538e7b32b2674411cab6ab864edfbdb9ed858d0be15e347447f355e29abcb
t2t_L1000_600	cfb38d60deb598423e33e6b14a65bbdda22695a85b1814e13a12d5bbdd00a575
t2t_L1000_601	cac6db9592c97cd8d6bc2fbb962f057592372fda87361601be52072a21fdea57
t2t_L1000_602	be839594798fecd2708c357d158ae6ad41e0d8f15d0efa056f6633958826f330
t2t_L1000_603	f274dadaf24c4da655afff82e26f53c54392a09679b9fa543fa8c68904d585e8
t2t_L1000_604	4d7b7d54e3b3dbb3b194c18d7e2995fdce31614c66917b3f19a7fef6314b9322
t2t_L1000_605	86dc624ec35be31085c84babee56abf10ed59bd5b5d54f93b1ceb5892d67d9d4
t2t_L1000_606	6b68c35facdf38be65842b37ccb97a357a762b0a177b2043216e5a660734fccd
t2t_L1000_607	3eb96a8b13a4945ec6fad8a3ea9d0b9910993f05dee5fb7e129be41d2b9e2ae5
t2t_L1000_608	efccee270eff542c5228b43b60e0242d558669f7a76df8e8b9e973069d4cc67a
t2t_L1000_609	d3aa14d39171b6ecdf8b62ea374a2f48cb13694de5acfca44bde6c865ca1d5da
t2t_L1000_610	f7d055e4701dc62faf5200226a66ddd3bcd0e5a97748dd74f4f4eca144d4e334
t2t_L1000_611	e0b86ac6fe5270ede566718e13256052fe56b4f1b0327e539d911c5157be5d01
t2t_L1000_612	13e5322caa4c9f4b0d730f89ca37f079ecc07d68e590b81d62dc0071f9edc01f
t2t_L1000_613	f7428d8d25224da1437009c8711397b50be33482390fe476a848d36d8c5b0cf9
t2t_L1000_614	978e229f323611296d1446b19a13b03dcaf18c4b5f6d7bb249837faaa524f4ab
t2t_L1000_615	3c405b69f61e377685aa470e256ddfbef380fb4eb2832c29eea04f00fff7f319
t2t_L1000_616	790a5e61f4ec7415b35bd1c12cb501abef1aedbbd01feb9c44785ea2b9664ec1
t2t_L1000_617	96e39077ee507853b1b55da46ddd31e0727ad1662a04548a67188b6b296012d3
t2t_L1000_618	ec5e8f10a3f1403acb97323a15b2c2c3d4c01e0591392715ff1280b3796fa869
t2t_L1000_619	ff71d66f2d6a4298fdc1c0e0e176acc59127b3145567897e2baeefd13bbd90f8
t2t_L1000_620	e315853c012b60b273efbef1b59ead683e0163f282df90eed78eccf9788d4a69
t2t_L1000_621	0dfc7320273c2a96c2250eb4c5567e74e4fd87c00a86e363d6b73dcca68c5e7d
t2t_L1000_622	de97513e5b9cfbb115019f9b178c9c55da642964a4538189bd59d34403b1dc65
t2t_L1000_623	0c2dc68c11e62a69281ea448b74b9db4ae365dd4ac707f6a2b5a4803b865e413
t2t_L1000_624	25d506f489d01049b5843f5185fde967624fc69cbda7b56a54262f4e57ee54d8
t2t_L1000_625	a31c6ea9c864b772b2b4ac3eac2fbe673eedb04efaa4c19b6b023c2daabfbfc6
t2t_L1000_626	35d34ea81e346f105ead8fbd4a9da66e0fd7e53012087e5f30026b208d9adbe0
t2t_L1000_627	d1f1b82b8d34a5081442962b48942544431869c312747067172e4fb21b8f1f02
t2t_L1000_628	4b7f64ffd15d0d94470e9def2118cc0a24c44814b3aef4e2bb852cb5ead9bbf8
t2t_L1000_629	eb2a9036623ada307e610e64ba4b47190452f6f08eacde32b9443f10c69ae76a
t2t_L1000_630	297223ed5f4787b14b628c74ba2847a7e7db2a25d30c2c87aabd81fc16b4b0d1
t2t_L1000_631	13072a1436ec4751383b970cc10b9d70e0259636d154b46147fc8cc2c4da6807
t2t_L1000_632	55d64a45abb28826674bdb868df77f8309b55b6dfcad746930bb804648dc9ce3
t2t_L1000_633	58af49f95270e17e5498cc4b6b9704e1bfcea93a6aa031cdf39aa59db6f314f8
t2t_L1000_634	a0a56eefb24574340c31f93a034b86620756683f823e33e8acaefbddfbda99b2
t2t_L1000_635	0106c1c02cee75db7f0ba875939023142b73a3e20c726d61eff7b270fb5cffea
t2t_L1000_636	c9c5beb15a509c29c53cbbafe0eb15b94438b3cfa8da671ae4b1d99562cffe0a
t2t_L1000_637	27994f13a58a14b88d3ca2ede936b539f114de5717e610624a63cefc8cefa06b
t2t_L1000_638	f2a634d9993d812de0bd65bbe98776c1d885ee93a3cb00fa7fe0b47f53d356f2
t2t_L1000_639	a91d692d857db895635057e5133b343ad11928323208248e0609191a3ac26739
t2t_L1000_640	4f33fcecef3200231a89e7512bd8e785cc09ab0120dac76e4072264449c5b1ca
t2t_L1000_641	18ecf92796003fdee718cdbd2ce62e6a06c5858b79ce5e7a5ea1869673400989
t2t_L1000_642	12f71381f24c9f86d8b2bba50d98639a97012003c85810007f208acb57fcd13f
t2t_L1000_643	a99743441ba1dff271852da7380d791e54c2284bbf01d5215884537116b8323a
t2t_L1000_644	8fbe184ce04bef4858c94f4448a494e75f93a3ccecf9a162ef0f007bb17b9a51
t2t_L1000_645	9ce239edb211d8e129306a874eb9f5b76f18fc43c94e75d79f303fe72134a9f4
t2t_L1000_646	bce048ba063beef6310c553ddce893ddc22b1f49aa7eb010b674c18ec775089d
t2t_L1000_647	561d83da7cd90ab9ce97b89c98ff1b9c4399e169411b5cee91765060588a081f
t2t_L1000_648	3e1f03b81e9283db34f7efada4e7de402818638d02d42b94276da15fd184f69b
t2t_L1000_649	ce7a3f208541c6e655bdb860fdb16cd862b34334cfb4ff296408d32002e52e4b
t2t_L1000_650	40c6cd642d71e1607f6a144b2927bee288471dd3de80217369d64ef10619d641
t2t_L1000_651	43b03a61504b6f4b3e8c5678bb3c470e4beb69aec214568c5a84b11261088acc
t2t_L1000_652	d57cf931c9a31a26e9eafeb4ceddffcef8bb2274fdbc5e68bf824589627fe7cc
t2t_L1000_653	f7db1339b58f2a39cccdc660079717b283756ef222eeb10c547bed12c8eb797b
t2t_L1000_654	1928a41177d570e67595fb6154f99d1df70d8c6fc11c5db0d9a1f5560ebae9e8
t2t_L1000_655	d3317174de629c9ba9b3e2fd6be7a6f67ef05d5122f80528db6cc10b0a726aae
t2t_L1000_656	83b04df42ff867b4ac94ae8a0215b4db848376e456a99f68c022391b23bc28d0
t2t_L1000_657	7bf66943029b090efba3236b32d205cab21d32df352e01d0217dc8e0056f1767
t2t_L1000_658	315169174f9a99030c6fe194464cc6b8a114cfbeeffbf9d7aa30b3bbc494d843
t2t_L1000_659	ce8973d278dc6ca9e4e80143502c2275f56fa5d589627ed402b9d24d81b011b0
t2t_L1000_660	08521bd34dc12310d4145a019f2193541b16139b1a095b9023193c8e8983a5a0
t2t_L1000_661	2bc5392dcc67b886d6687cc930a5c4f79f1e99b05b7c01c253d8c8403da384d2
t2t_L1000_662	6f06187c5caa23f349e51e4415f497b6492f7e4a065eb2c182b257652860fcf4
t2t_L1000_663	f99c86d12dd578b8f39acd45ca8a9a08664e74bb121bf42f7bf21688368b813c
t2t_L1000_664	73bee27c775372283c0563c67657c60992df1a7c106965df8f44237b583d92c7
t2t_L1000_665	3b2514be643170e030206d7e0512e182870f4eb886eb01fc3b94e54a10ab9b00
t2t_L1000_666	c001929920168abb9a367ebfa8f3043313bf432901e650a3420037014dfa4ae1
t2t_L1000_667	b231f1e50847c86ca5ef1e63dd3d9155ccdaf558466cadaa19e47ccc7565157c
t2t_L1000_668	24f97a048ef1a08d1d026dca1b2000c481bef5adbb9061d3a88306654aef11b5
t2t_L1000_669	ca024057ad686a9c093607cda4ae8fc5b4bab4a9259cc26cc5bb67125a67fd06
t2t_L1000_670	1164dcf23b946391ae2cf9870b8fe747723e6a68c19d20dc7bc205c41ccf2e7f
t2t_L1000_671	9846ed6ac76b6e481d5912f641bf0530f148503a22916199c9ad8468842ad29b
t2t_L1000_672	66d367c7661698d9d688fc69624ef3391d03d46ada64af9618fd3d230f4ace36
t2t_L1000_673	0c6420816bda933277d19c4b14e9434638105567dfc19197d1301d9128d688fa
t2t_L1000_674	10952d859eadc31d46a1f4fc29c70674c3dde28a1ca7d51178adf2f2fd218575
t2t_L1000_675	7843f67065af93252a24aef8465412a67e545b4be9e2773fcf3da8e77b976a39
t2t_L1000_676	4b192ea46b88256771165e807c7080b91f36da12fb7d74918be49fe377c87306
t2t_L1000_677	9f934c0aaf2ecf4419b2eecfbf0c12152c54bbf62646e3f154ee3ae10e53ef9a
t2t_L1000_678	c3c5c32ccc26ff73637761b03e371a9fb40561a5fc6316854007eddcf86f0d4a
t2t_L1000_679	f7d1cd87f111d47f1218f002197efffc56262da559af006cd089c31fc0c0f23f
t2t_L1000_680	95945cb2fa0321a2c53f0898ed7929521ad7d639fee5f2d38b09feb0b70155c8
t2t_L1000_681	0885d8daef73d5a24b34a802c0283e3099b2d85388c13106e8692e6acb475c11
t2t_L1000_682	451c3b41d9518535a11de2b8b42c33f2aeded6dbfa02eb26c8e03e60b032ff33
t2t_L1000_683	7b1500a4138dbcbfc2c4b74a46a01c245bd88f420b980ca5d3a7981cc42767ed
t2t_L1000_684	c08f15287bf2a134158591268422b3bad93181f05ec2240881e0a7754aa5027e
t2t_L1000_685	7637e26595b23af9d23f1f6331539c50a1379ab7a5e361a5f3f3fe604ef68b99
t2t_L1000_686	cd8a7522a3788b9b2d1f898d2b1c8a567163da35fbd1a5d7808bdacebd3ab364
t2t_L1000_687	8bfca1304c6db9253ba3938cbac6c534817adae23dc666fb659cce11f1dc22c0
t2t_L1000_688	8f84287a5ed6bdb89bb5c338e6984e541c8b356625c3c6e981df235aa1a75892
t2t_L1000_689	3af2b13a318b097e1c70ec9e865300ee3ad36562711d3c753478c3210d3dbe0a
t2t_L1000_690	303e60a22e5fb74925898049edc357f68eb46152e910049709b0e41c8d32ebf4
t2t_L1000_691	fea21987af279631aae01700849d050d272392f5ec98c11d1c7dd9d50bc1243a
t2t_L1000_692	fd93d9671a5f0919110ea8b59f24b08b8061c9a41562fcbd6a010aedcd7c03a5
t2t_L1000_693	88b1c0b53e4ee971f9adc78c14c64fadaf620d4619571a00dc96a720ca007c01
t2t_L1000_694	e4296cb6da07915b20068f9426c2a9ac146bf778c439187e6f4e493cc3b79337
t2t_L1000_695	596bf70bc73fdeb7b3c19c770b531d97ef9742586084d6ad0ca2d760b3481142
t2t_L1000_696	4de89a27e6314032849d2da158c21a0e9a00ef22b47bb7647923df1f97db8932
t2t_L1000_697	8783601707afd819fdf0fd12627cbb5c8b45d24fa48573234521878d36da2da5
t2t_L1000_698	b2248fc35542c0a013d401f4025b5e0efad18291e301e77cee0ab20934d5947b
t2t_L1000_699	11ad8c52d00b25fab920b517f570521fae3398eff5959f3316f9c918e88eb8d7
t2t_L1000_700	cd6bd0adab9cd106a3360a1467f0f09545b066b8754445cb16d3508308019b07
t2t_L1000_701	43cf0d75c8c07f05c92dd869c85ae165f00e77decdebc4d37a35ba353da503c3
t2t_L1000_702	7424a153198a3849bafd326d5ba945c348e3ac5d69edc288ec7b7fffe6ecca04
t2t_L1000_703	b73fb376a5b2ea96b6ffb009b86abf7f30caab191f1b9415e4625b16eb377bce
t2t_L1000_704	cd59d47f82ae3034f9d27639eeb6a6d262055ffcd95cc7834fe5747520e92fe4
t2t_L1000_705	bff90ae28317b4a750291da0f6dbfb23fdd9bc66c5159d4c1410e06ce58533e6
t2t_L1000_706	4a402527204946918d950c458abe8b70f7bfca5817b198243c5aeec1d137a4da
t2t_L1000_707	5e8a6734e57c4cc3bed760a717e05cf2c1a9ae27b0b0243eca2350e9948e76c1
t2t_L1000_708	7289e062e006515a29b4c401ea078c2458457d34124039f2ef118653dcc059f2
t2t_L1000_709	a731fecfe6e737998dbde588fe8799aff92f115967141c5b467bc782588f7920
t2t_L1000_710	9f781102fef9765a51a917a32b33cd67f88a6abba284fa83c10eab8901ad2893
t2t_L1000_711	114b04f3313228dd43fd30be7b26c723a8a73f2cdaa0011ebf19b5c97332109f
t2t_L1000_712	69ebd4efc46623896bbe63bd708e290436144e1a6e4b0502051b939aa62cdd99
t2t_L1000_713	d77cad9cf4000b850102d5823875b0939424223bed1580ffd36432ba46e76742
t2t_L1000_714	30e9cf884552553a701086e02eab80d4341be0be88857b5ed58987238bbcbcaa
t2t_L1000_715	4963708be3a815b629eee7c4af623532c5c68a9807619b2f5417686475a881cb
t2t_L1000_716	4c2601c954a365dda478d01a68d617c64fd6f2493f793fcb0cf1134e0269739c
t2t_L1000_717	6f8c10bbf9dc1fe4ba3ad70dd7b8918b619f9767220face44ebe3963ab030e59
t2t_L1000_718	5a956403e0750346099ea122c752f5a8b0b473ad2bce2e79ccb8b242a716b637
t2t_L1000_719	4041a8267ae47ff9d7d0b0ad26a3472860b62cc7374b969b746233b979b48f33
t2t_L1000_720	2953e6dc560b3652cab56b2f1f98ea67d289daed4066632878859674d9c685df
t2t_L1000_721	cd65243c3ba64d8161ffadb07737d8e03734460ad233c51e7bb81bf3dc92ea74
t2t_L1000_722	d3f2572aeefc8eae4b1b24c7a40b7b234f78d2c1c0a98568ca66511295cfeb9a
t2t_L1000_723	84a4fc54b95d9bbf72b370709097d5653fe5f2a85dad6b7c973725bf4e9d88fe
t2t_L1000_724	f9680e2c3be599d053e29ae5b1cae9caacfeb38ff827732498d1d377dfd72c51
t2t_L1000_725	bdf10c0e4fbd320909f2e2a15e96b7bf46fd1a58e5ac1a962166a0e7e4f5474a
t2t_L1000_726	72e5f19c5c4490153a41299e9da309c921746dddcb05d722187d7e688f8a5b5f
t2t_L1000_727	17fd28fdc5a5d25464eebb37ce9920ad06244c41e07a74a9bbcc0b8282ed94bd
t2t_L1000_728	f0916e3f387d41a53ce30fb5c71fd14596a5b3433ee8f9f0546331270ad70015
t2t_L1000_729	2256bc776f0742166c3d26e1a1f60d854b08c813119b5efd9e6c02ba03c08cb1
t2t_L1000_730	59a7c6e072eb83c98dfcc4fa7793155501e2963446e2af801b4db008a6944569
t2t_L1000_731	51bcd11849bfd922994b287ac1deb25399123457a9796c3ba401f3c21180036d
t2t_L1000_732	9993448dc55abe6d182aff8496aee35049f0c5462a7e7df6fbb56c14a43be65d
t2t_L1000_733	4422fa45b466fc5718cf16468668807f7aa2ef62e79ef6eada43cef7ca3c4f9b
t2t_L1000_734	69e538adb7bd984dd8ae101547462c08eab6f56a2111d2edc78c22fd76d6f013
t2t_L1000_735	840a9ff1c6083d06a22f59566e520fc49500cd209f9b2ed3870b6e0b7dab006f
t2t_L1000_736	446f208b5e52142f55556143cfa39e3976ca7d64a64e4e6b4cf54eecc549c874
t2t_L1000_737	8c4e6ba57d10d4799dfad6942f62671cdda887b170d2cc7e30a98573d711d3a2
t2t_L1000_738	d27a2b5735787a396fb1eb9f72bc23b09aa2cc0f7cc06601faac9ed95ba31809
t2t_L1000_739	db587f7704104e3a76f0fd7745a093471cd74930c743925576210b7b96c6ad12
t2t_L1000_740	546cd8607bed95570724189a58a520783a02d16d5ee1fb326873adca4cc84376
t2t_L1000_741	28f238ad3e4ff38193410fa1d6ee801208abf478a4b68f126c788071513a5326
t2t_L1000_742	b4b730876450bf56d7a7657f63c0fd0a10c10bcee6c75ec860a37f337599bb71
t2t_L1000_743	46b0766cef981eb02c7e35d915d3de9b90c5c2d9d4cfd7ac5d695da95c4d3973
t2t_L1000_744	f0377fad572bdd55c8d598c6f1f7ffeef5f87e7f7dc4c9d1bb5c3cc38d65f5b5
t2t_L1000_745	05d6114d4f012d27127ef2aa28de931e71a5976d8e7f1a97f549881f5c41d62e
t2t_L1000_746	07547871569f85fb97733fd56bec92960abae689caa6d1028396cd3ef5446c72
t2t_L1000_747	25529c6f4a98a43abd919714033f0efcab48162c57fc920c283ea9e68b48384f
t2t_L1000_748	8ead7b12cbc3b60c47ebe2090120c0122b7966ec975cb37088c27714d1c7422c
t2t_L1000_749	5e6c591382ea652a1861260ac37e439305a37327cf260d9e3523e280b87cfa95
t2t_L1000_750	0befe17f85d9c849641228a052a8a3e2d732718f99e3c676b45711565532078c
t2t_L1000_751	7f01805029ff3670ddbe6c166b531e71f0104f533d8562d745c9dee5cf83f026
t2t_L1000_752	8756e8ba43a5d00d744abffa3ea29025aa1b086114a1efa34e1906d02f7ea888
t2t_L1000_753	2b535caeb7ab7ecde1c62194771c8c3f2510456aa83ba32644173bd4fe3061d9
t2t_L1000_754	deb98b11b7f7e0580441394942b01eae6fcd82417f2ed5d00afbb7724594310d
t2t_L1000_755	ecfe455d56d03001197207a60d13d41eaa868409cb9b3a4f064b020a7d68c57e
t2t_L1000_756	306c9150ed1f01aa1fb78a6284df4d801f0e06c1762ba362269eec01b0cdc2c6
t2t_L1000_757	486a1edf600019396c5d7b95eb715174c56f6016a829ccba30214582b2a7ff7e
t2t_L1000_758	ad4f2030c52c41ce9ef859f9c63034103c38f5020e4563f0aafdbe9f2af73e27
t2t_L1000_759	d0e905b3dfbdaf971068da1994b54cd93cf2f16238771f7b52ba3df4594936f2
t2t_L1000_760	e41a4aa9f558f2d9396e573aed9fac3374d87c0517d14c587655736eb7ec7863
t2t_L1000_761	dbc65e25746330bdf20b3b2d22c9c381b276a3a9bddb1e505cb2896461b09736
t2t_L1000_762	2e2b441706b2c758fbcf54f4fab2c2d273c88fffe02fc659630bbed931efc1bd
t2t_L1000_763	e23fa70d6d243b838532c9cb8f3f83195c4a68e2453e9833b3c5f185de944bd8
t2t_L1000_764	3882054279d8e11367a93839d0d3543c6568b23f338c8a7fe5fda0c48bcbdd5a
t2t_L1000_765	9f31308ecf90f277786cb029314100026ce2f09801fab70b6320eea7888420be
t2t_L1000_766	d8d81d96afd0a77d4c3103c6fc8d05814440151cc1c4c80642c3e2b57a3105fa
t2t_L1000_767	f2d9d3958b7a904d650bfd08c345379d3ce998d7afd9def3b3c52498ca1def7f
t2t_L1000_768	32b81e4f5ce369106a1354e80a1786c6861694ca5326b0b9b9babbe51b1c8ab0
t2t_L1000_769	2b8f00c0ddeb80aed0065ac9b61f4b2a1ad8f229e90fb4999431334e9e43da7b
t2t_L1000_770	7a65be71ad042c34c05fea3ae39546686204d3cdd60dd8df916135b73ed922e0
t2t_L1000_771	dadccc2205292acf0514838b263b463842bda7ab0f705ba34d764129e0afd3ab
t2t_L1000_772	0ac6a80cac5208f18f000c53acc1f68ba5220147be559979980076ca83602c22
t2t_L1000_773	7ce408a6d9804e35e6f93876a1fe91bbe47ec979a622369bd3cbfc0d8ffff23a
t2t_L1000_774	9854f4fa8e2084dfdde15d94d1b4d7e5eeeecea6cec3739c8483fe9890f0454f
t2t_L1000_775	bbb6e616982c9dedc348450897a529f01ea8eac6a6e16893291fda7eb51db3ef
t2t_L1000_776	f0d064e8d42b107ed65a1fae25eb3ea2162e2260f96f2eab93cb617ff01478b6
t2t_L1000_777	b52f32b6d23842473ab61434d3abbbf0aa1b119005740d12cfb8fc937e246dc4
t2t_L1000_778	7b33a0dda0086c346e2c44310e4b3ed19669f7210536abdce921f3270e6c8dab
t2t_L1000_779	3ac6c719b0d5dca1269796108bb1f5c1536f576eb636b60a884022a84632a0a8
t2t_L1000_780	373742bca17c9d424440273c5c16ba98dccbd225778983dbd4ee0d3f19daaf34
t2t_L1000_781	217097331b663866d6c02a463f1220b191544666171e15282d47c110d6b7c55a
t2t_L1000_782	4b0846653476198a71f904a9e3c7e8afdfecd3ca641a7181826c430143a2d03e
t2t_L1000_783	77f88bc6359151bfc1d46f351974109d6a24b2d49516294be0788cbceb13cd2f
t2t_L1000_784	840f3e3368de3e72c971d19632d41e829f6e546b581ee556270a486142f648a8
t2t_L1000_785	8987be5eaf64440aec5f4a7b62e2cc1f37522436f3d6f9984aad911c7519320a
t2t_L1000_786	cc72ac27372685e523534953a0833e2d43ce60a0799f5e1477853955263ff4ef
t2t_L1000_787	dfe17721be4b70e26ece903371aeb3f854767a800105816a76327210599e428a
t2t_L1000_788	e068e306a48d5b9b07050dbae9d8c13b8751d5be12d23199870630d1f65a72dc
t2t_L1000_789	aaaaab378ff39ae208268e33cc9c0f9e36c27b5bd2f11a9ae0fa96f2bfa67f02
t2t_L1000_790	3be398d056cbee5b10473fceaf27558bc0f0ff9b0c1c045910b2bef3f16b41ec
t2t_L1000_791	8d9003b1c5d2a4745f668a4808eee23aa17b6c55a4d1dc653f53a0fc683e4442
t2t_L1000_792	ca4af185c26b898ea022b51ca5c846d5dc65b10950fa9e0f015b702064647af1
t2t_L1000_793	cf4431ead6f1a8f9abbd6a1ee3c13e5dba0fe2696efae22f7ddbc867f24cacb6
t2t_L1000_794	028e483f49976c27a0764e2496da2c90c0582272d8971708e51a85b3cd85755a
t2t_L1000_795	99d904fecd61db8c770899a90d20adaf24e4d623d6165653d2f647955e90e397
t2t_L1000_796	5c09f2051b2ef55e9024bf71baac7204bf488627d225b6454ff54c264011e89f
t2t_L1000_797	fb656a9e63c5c42dea15811c2d374988f14988d4880f5e6ef914662d4b855c6b
t2t_L1000_798	3a3c7d9eee5f87a48743d1c04933c40d4c23683be8a73197ef606a66870d054e
t2t_L1000_799	c230478c0edec364927972249c9b9e5673b0314e6975944ba9b38a177328f2bd
t2t_L1000_800	2391871ef2411f44cf88dd087f40f856372efae9c7e79626b70d3bad30ffd7f2
t2t_L1000_801	7ef6492395946fc9983931efca272ba1fd5e14cf682f47359809bd04c15740dd
t2t_L1000_802	b4088f0e2d08aa54ee73a1df15a469bc048e15642a0051ea9a9b038250cd0033
t2t_L1000_803	906877b53c2d948cf6da72efe60aef8f01a585dcefb2619295d9ad6b8b30f8e7
t2t_L1000_804	5b1fb14d1123146c3e1316e183f02c3deb14caeb2de70f3d885c0dccec754039
t2t_L1000_805	3574e78a44e89567f6585f2ebc5136092d562ae00175957cbcbfddef978e2d0b
t2t_L1000_806	d12da425eda76ffd107d37fbfc8c193cdadbc0f4862617d4b97baf175cdf5091
t2t_L1000_807	b4cdbabd800a8c129391801e87dbdd15e82642fb7b6141238c03acffc693186d
t2t_L1000_808	87f780d8738b56967b88eff4b771e329e466a9d80245bd4d68b32e5f7d688d27
t2t_L1000_809	6b0cfe5853f5516a07b83b0ea1baceaee3fa95cf9aa6f6b87c0422de44fc472e
t2t_L1000_810	d327a5a2ab19a1ea28bf16a53170b6f9921185e2c92cf39baa64452021929082
t2t_L1000_811	1e9e7c5a9db610ba9ba96607e28eede760ff4b5dc6bae3fccf7a111402de56a8
t2t_L1000_812	db242a03336af9af3962721a6d51855f0ef1a2442fdbb61c18be906827fb6e34
t2t_L1000_813	4c09419fb5b67949a54c98b60ea07de291fad08bfbf406657e48a6ec7440937c
t2t_L1000_814	8fb3769e1f357e9eeaf480bd4d25121b856ada4438048274d9257fe7618b14d2
t2t_L1000_815	91838614ca3d8fd7e053140560d01a8aa26353f70e049346deb8fd0e43026cd0
t2t_L1000_816	b53a3156ed10ded27856ae2e7d8b978f48404a510ec74e9379725247d0a9c398
t2t_L1000_817	861db8d1a83cbec8e94fb771f2034a785f33b44d4d06d2a9dc5b861f0d717964
t2t_L1000_818	23832055f5ffda39d7d097291cfe317c5330362d0487e3240d7c62af9b67b09f
t2t_L1000_819	0bc25091c72a3879cc9425ae0b45622aca205f7b3ff5b7fc358b7c63caf28fcd
t2t_L1000_820	f652db5076fc400184bfc403e9d4b54b82767c90dc0574cab18b35c5164b73b9
t2t_L1000_821	67f76ef0dd54fe3e015c18dffb15f64ab234e3e7f59832f568c915aaee6ba7cf
t2t_L1000_822	df786ec5923fc35f993fd1f7ca424b27e0eefb020ded4049ab3a5eee9b2de188
t2t_L1000_823	26353e3c56294fa51c85f28f0b81f26484ddfa2fc3f1684d8629d0e4339eb0f8
t2t_L1000_824	456b2fbc852b871fbc5d4df45e650691c11112398ce742a6c1d3192f76358f07
t2t_L1000_825	b4e546f7b1c048446c0d51724f1e61ecb92ebef5e21e4724c53f601bcc36ef10
t2t_L1000_826	d75d2253968eed782371d2cee55b86d4aa4a35373da838d0ba0f12715cb85a5f
t2t_L1000_827	2e7be6106b5d56eafec0630a6c17e161f03fe26c74b44cb0b6ba6cb9909bf47f
t2t_L1000_828	cfafaba2c219d7a6266b38219a0f0116f1f74b39cfa5920f6100775be1a0bde1
t2t_L1000_829	7d70b030af2e2c21294408d0dde2f900bbaffedb74bd44c61ca74389ed8d1289
t2t_L1000_830	5c88baf38061583d3cfa796a1cd40b5e849ce7a752484275dbbf4af792746771
t2t_L1000_831	bc674ff6978e809b372f302e96d38684f632c195fee8be278915199a70689a01
t2t_L1000_832	2fbdb841deae153235f38cc5a5627523f6efb25a4d1e41a26875343261febb10
t2t_L1000_833	18649d4be9e18e857f2d4a7b849ef3565520d24e0b584895305bee69b56c7555
t2t_L1000_834	84f038ff2504c9e92829cbcc498c443aa08ab1da84ab3f8994dbf4c080633a12
t2t_L1000_835	adbdf09c4343b7432b35e60d2aa0163dd209438f91e6453f77f03297be3d028f
t2t_L1000_836	5d57bbb2549f70c0b8e39b70d78c414a7e89c14a1f57aaae1fda7a6c85925f60
t2t_L1000_837	c91b1dd67975bc788b16628cacb69b4ea892bdfbe41ea8922574e1291539c9b8
t2t_L1000_838	38e50769f1461f2f155d5e564b8d6e4c796a1930308fa93ef3181ef8c69204d0
t2t_L1000_839	5456efe6a1065052179f4abcc7bf85e3ce5bf9c054891fb2e6091776c894f02f
t2t_L1000_840	a743318c144a076064928e90a4e9cbd74b38bf1c49bf612301b802b6b1dce30d
t2t_L1000_841	388b122dd6519049eaa855627342ae7c0d7331ba7feac09d34e2ec40b99fa615
t2t_L1000_842	982ed710feabca7e0238973e27f7f61bbe018fa568911fb0f85f8aa04ecc83f6
t2t_L1000_843	821f26dc17974db6f8aa5d45d4aa6eec702fbee166f6c8f18cb9363ecc478e7c
t2t_L1000_844	ecf1ab645688f1323347dd12d532642064be3dbef5eac971df27ff057a9a9b0d
t2t_L1000_845	4569dcf33467083eb65577290a7acaf5ff4c3a3265c6909a9b35471b1e74c8ac
t2t_L1000_846	a6c87e8825009f1e32d5adb0a48510ce84c8a93f31f89bb78cea70254ab97c5c
t2t_L1000_847	4322501e901a87c115744e252e7baa2a75a2d408e47d20592770054dc1df795b
t2t_L1000_848	a4422d530b24542f7dc49b7aee9d413e8a53c0e92595511fb70ca04366ccee12
t2t_L1000_849	f276c7f6a47ee0494e3a82e8a56c640695748c551ed532f3aa9d9344180ba75b
t2t_L1000_850	f67135cfdc1cea2ba22436ff4cfa39862752de04ebe90f105966fbb7b61634bc
t2t_L1000_851	f5dd7c0f374cf7c1db37bc75c57547e9c5f7523a6a0d6b01bfc5dc1858bca35f
t2t_L1000_852	ce794768e49b2ad56df8cfcaf58919f04a9abbe98ea0680ba6f2126187ac0fbf
t2t_L1000_853	2b1ba074542cc493b98c6c0ddd2cabebde3cd8a44cf09bff10319cfe1e419a90
t2t_L1000_854	89d9c6e90c8292a97a52b3a40608ea210cadf79b3cf30167191d25ee41b7d73f
t2t_L1000_855	afe0d2dfdfedbfb2a2cce145bf735b421526de220aa285ad198b83f9f3a1c984
t2t_L1000_856	67dec66b94d2291cb0872a89e29979edcdf17261e5a24bc605a29ccd6d40df1d
t2t_L1000_857	ef17ae5cee0ba0b42172a2ba36f4bfe85e57fd9ff0c71c9f240f877ce691fcae
t2t_L1000_858	8064b5d0dc72626f2c8b39d9f5824bb1c28e9fd5f3f30d2f0a240feb4e2cf83f
t2t_L1000_859	2352cbc3f3d5a72ab482c0443ba00b298bb36efdd334fc5d4527d89f4b0d54bb
t2t_L1000_860	8e4467408b0bad68a81601a06f9dc622bbc5e3af34b2db24b057b8dd5c387432
t2t_L1000_861	1bbeb347672ae34f8c8ae01655a620c79367c1c73a669e721ca78f82a87759f5
t2t_L1000_862	84efa721d63a08781f0deebffb67edc9483d1bf62ea38026b167f2aaa0383135
t2t_L1000_863	573d72f75385fa69ca52e3690d19086973e1cee11028a96e7f54f1184a6391ab
t2t_L1000_864	d3e4e690194bbbecd81c0e458fbadec3bc3490f2100e7842f4d8ef1e02c68c7c
t2t_L1000_865	9904fb0ac1deebc391fbc5867c514d70b9b02bb3bd9ff351b6b6f6dc3c16278e
t2t_L1000_866	bca385acd2c6de7252f785843d9bd4a9df877e490f3aafd7fb5a753a20b735dd
t2t_L1000_867	105f2e0f0eccc701f5a9db9f441c7da04a5d7ddddf481a3067278b8d165d3844
t2t_L1000_868	62f0bd9ddd760567bb3d044aaebd4ab0bf43e41223eef5a5c9bf5db4a001606e
t2t_L1000_869	d7fa40db9498dd1bb2b81879600655015d5b26acca9b4096ad9dfe6b842dc57e
t2t_L1000_870	803f9934370ee246fb182482528ee4ec781f08d5fc2adaf49d9a3e6e4af182c4
t2t_L1000_871	d0e6c48d47006d28026ff9ecea19c6855868eaa810b9316ded69905a0da849aa
t2t_L1000_872	30421a3ad62d96c96df92e2f59fa1a2380c2044a5b8dd33581be38942e4eb24d
t2t_L1000_873	4fbc78558b7b657476fc8d806e57bf85c27279c16f6af3eb397c1825f97ed6f9
t2t_L1000_874	79fbe3b771feb2233cc1405f4c73569264212cd26ad1594df099e55c9c32ddbd
t2t_L1000_875	7e13afcca380b7e2aa410da68a787a7cabeb595964ed9c8d8cc5ce87b26a5b5b
t2t_L1000_876	3757032d7c4d878b8a2298d7b552974569c1048e6a2d10705eadee4058e47bdd
t2t_L1000_877	9a54237191136eeb3fc1b6a410776ad9c9e2c96be56f91a11b32d7e65e4b1160
t2t_L1000_878	95b31c3a2079445d5f148dad25aec20748ca2df2f9cd8db5f703e3dc0ce84f29
t2t_L1000_879	5e9c125100f22a40b98a6d16b5d6d1b4609d5ea6baac597170c094d93579e05a
t2t_L1000_880	62fd1a2b82734c79bf26b9a31f751fd5d286e2afced64a8812de254e473dee94
t2t_L1000_881	d5426ee4b2ee472c98ba0dbc6562810c5d889450102d1808b24b03705cdefe2a
t2t_L1000_882	e08f5f90b6259d0121658ca120d775a11b07de57883da7a2c43185db633685e7
t2t_L1000_883	82cca848333a4c3422a423563da31e95d80c72acf23ed575c22edd6f53810537
t2t_L1000_884	7d19c6c86a317bbe0cf3cf67ca5d95ae2b37cb93ab715f31a5db50bdea44c5aa
t2t_L1000_885	960ece6893ef42d11d3e966f743cf46b2ce8c6692b4dbbbcdcca2f3a4fc8bfeb
t2t_L1000_886	e1243a3a629c60c43303a9f642ddfb96715eebd47004725713ed4b7bbe416b3f
t2t_L1000_887	53e1c7200e29ff2f1737aa3cc293ec0bc26848ba4ea20b6d80d20e76a2846c68
t2t_L1000_888	0318c330c3ce7a22fce183788fee7d027ff168b8052c08ea869182ce08c4fb31
t2t_L1000_889	66e3132ad34683a582fe67ff762c18fc9dcb18452079c4e64c3f12021a76eda0
t2t_L1000_890	afe1badd6a1ed1e65e161b37444912bca596267f42cd49797d18d860d945c589
t2t_L1000_891	818d5bfb17b52d6f332009a44bc74d99b452a8717f6850f47586e196a4717c7b
t2t_L1000_892	d10e6d57229a758d54c71a023763ee8ad6cecee30afa7f3937de2f35d0b16ea7
t2t_L1000_893	1fc4973f1c74b168efec0bf113db224137c1d53523a6c661ee94552995f4d46a
t2t_L1000_894	c244ef0fd61a6d158e80bd9c0bc33bd35151fa06af496e5027a674a417bcec6c
t2t_L1000_895	e4fb2132ac025d02547e7bea37919386d4279c6637bc34a0837cc737493fdccb
t2t_L1000_896	4219e8fecb8347a207f069ffa0df1f87508ed77ebc1ee049c0dc8df0b531d6b9
t2t_L1000_897	c70ff40a1e83f36512f6d19ff1dbb59e3e4d3a0a251ac293950cb2fed13f1756
t2t_L1000_898	7e6f494cf478867e7b4db00f8074df5fe643a5583218ce6ce5f828fe2777cfd6
t2t_L1000_899	87a039baa2dcc2327cd9070972b115eeaf3a3ded20012f0c831617c551c5a975
t2t_L1000_900	02837b5a66bf8d4d8168d69c266cd59dcce08fee3ccafd73c480a9d2e3dd23f5
t2t_L1000_901	58b5b822d661a5392f681db45ee5f845b31cc87cea40419efaaa24494f66c2a8
t2t_L1000_902	32e28b23072c96f3d2448939f83116a7d7ed0ed32b51a888f951acff7f13dcd5
t2t_L1000_903	499e1900b8d142099c3916a880c160557f5e1ecf44e439d835f5969d3ee047dd
t2t_L1000_904	cec22a6337ab9d0b8e20f78021ea11315a43004172b415c0dc539b59eaf7d12c
t2t_L1000_905	3b18d4bbfec87ec558fb27f8cb26ae37d51013e2189ff737e421abbb3da22795
t2t_L1000_906	3a8a5cb116204a2017ce39cd4c530791c7e57f36396518bb29adbfae4e1277a3
t2t_L1000_907	aa21425a35301d874122b3b2b827bd801f5df5ef5ce8d587c29bf310e77fa378
t2t_L1000_908	abe98cf2db331359e54e25c8776c4476a11c098ce895fd06d4937fc3f1097e57
t2t_L1000_909	35bb84393fef897a85cb6e9642e0053522acfb2e22fddb69aca197b58472e3fc
t2t_L1000_910	cff6c3028aac09f1d1fcc6b3675e8ac26f99a77972b4c27778a23eeff67ee11e
t2t_L1000_911	4740e91a07da80eec4f20b53eef758daf1a8fb5c05e4b0a332943f7b438f31a0
t2t_L1000_912	f8ec0842e187877d2c3a92dabf3a91cd2bf27aea8d82e50278d26e413c3f8a19
t2t_L1000_913	189ffddf628d8b3e827315ccaec8863c7afe6cba1b9c15069d1afc9967f5f4a8
t2t_L1000_914	1f3b24144bd0627ede56e5359cdae1b6bd3cc879b942b89bec2a33dae984b518
t2t_L1000_915	6bd96b94d77a916ef6526c125558e94d0029471d09c47a294c08079bb19a58c8
t2t_L1000_916	08e5264e64ea20c732aa07b2e921540a0d4e6b205617dfcc80dc1b0fb4d1f89a
t2t_L1000_917	8d238287805463318aa97b1186b1c577c4b694de8c7ed12c4dfc92de1ebb98e8
t2t_L1000_918	13bde6ed8a6739721e42130e8a13374f76534af83fece2079ef6ee4d0df7beeb
t2t_L1000_919	1008e506a5174e03e5bed1e6ba4b804010bf258d3fabb71332e03422c4c859d9
t2t_L1000_920	1f27f88ffe5629377295278e9bd4705679c9691921da59cac54346763c40fa7f
t2t_L1000_921	8e54adcd33134c91de2b2689675a0c219cf2b2410414e2c5ac65f2e3ec67a981
t2t_L1000_922	3190e76b6bb562a081d9a87c43040ad2de277101cef815deff84a4ab79a9a407
t2t_L1000_923	10551cd05e00cf418db683a47e06591dc691374c8252e9d7651fe6d7c33678f2
t2t_L1000_924	9f7f8d4734d355a07b2a87a0f43d5f9bc7fc2a6ee85ece044f95784a3edea955
t2t_L1000_925	374b48258d1b9afb3d384d4c4d2755c6b437eb4916275a3054e8e03e1837d75d
t2t_L1000_926	12c279cffcc4b8d7801ed34466fdcb9bd20197097bb5167c75b289ee855a0a46
t2t_L1000_927	4fc2a481c58d4268827b2e2c6623e3fbce8ab877257fa5db7d5ec0e115284c47
t2t_L1000_928	3bafb3b2d90c759c1e1f301a520251bfe31a19d434f5125d9442369a0e9c8a65
t2t_L1000_929	ab42f5b35b0db4394c18fa3700acc811b1d0c432a2276edb363d3e24e0a7d135
t2t_L1000_930	47f3c6b24732830e37a645582c13bd0f6216d85a8498934110b24391584ef3da
t2t_L1000_931	9052b63b4af559740d8c7e825527f5075a770262d32ec63100be04beece8e2b1
t2t_L1000_932	42f6500b6a0234c19b97fdadb236b017dfaad65ac7570049535a955f5768ff7d
t2t_L1000_933	559c9f607e19cc7c7087c09fac34d6377946f884cb697e3d4bbd7f99d707a0f8
t2t_L1000_934	d40141bab6a6ba35fc7a37e0ba79870d686b93f34eb4f41e90651aee1b271555
t2t_L1000_935	1c3ac2188bd6a6f800d80d94a988e1e6971ea8219ef9ea34a52f4a5cd8f9ed29
t2t_L1000_936	ff4a641b85ed9de071a04a219ec54b8a80ab6958c9f46c35bb48537f97105a54
t2t_L1000_937	cbc3c95588204398aecdd62fd97abb95c8e6866f6417909e45b6b6977c30ece8
t2t_L1000_938	20554afb696610fac9771f026393c9d3df0363fd98ae033f0d7af19bdf234f17
t2t_L1000_939	7a01e59e7e5a31663be847c23d97f3834ca04a272690bc56f218a578598bc457
t2t_L1000_940	8e6d33c379822c430765a36662bb343e16dddd416685fa549eff70814f1d8ca8
t2t_L1000_941	1ad5d4cd41e04ceba8889cf3d8ce68540887d6a7aca07d0da80af8dad199679f
t2t_L1000_942	356b3ad4be2b1776fb6cf76d8beabb56818d9a27332628b10f52778b0c54dbbf
t2t_L1000_943	2f945069f9557238cab046c6c93b03aeb9c930f5c825a883f8016b9b45d9f527
t2t_L1000_944	2cf2a43275f5ffab4053b5f935349fc2059875b6a01fdb356af43606de272651
t2t_L1000_945	0c3f0e5f471cb9e2fd09848a8e0a16995afc77118fe32ffd2b83a095790a9e34
t2t_L1000_946	b0f55a5d5aa087617afe5fcb32ed8794fba32bd64464d535a5be08b0ed9f4bfb
t2t_L1000_947	93a6bdaee0dd4b943ba37c9db87f64fa2fff796eaeaefc637aa64567d072f93f
t2t_L1000_948	8de654c39e2372a77eb5dfe7b7340f57e6acb6bc5bb85efb83032ca22572b9a9
t2t_L1000_949	bee74af2cba8310058ee303587fd086efe1a1ed32c58645f7f32765a6a06f03a
t2t_L1000_950	f2dd7cec49f0dbcd09deb81da0e4d6fa39a42b89619d96a760242214edd0be4e
t2t_L1000_951	86c6b961307a6c4ee8c938dde486793ec3b87712c14e3f76066d102af069ee00
t2t_L1000_952	0c6b5a4fc941e53f59e78de292ad41b6d950b0af462285ab1806b58ff837a705
t2t_L1000_953	e0fbab5d775bcb0795a85f06bb0040c17d215dc1f09379d2efa16ae55f5dc69f
t2t_L1000_954	4c51161f399b8045dfaa481bb5c76d23ba90d18f0a24f41b818e3fb70293b4d3
t2t_L1000_955	dd355c479a2ce4f649077bef92277a596d7fbf14e97e52f70ae35462b214f2e4
t2t_L1000_956	1425ff82ba7676b81e86b891d3ad0b9721aa632df59c6767af13846232d03927
t2t_L1000_957	52e69de5497c37e093636a1603b6c77b839ea7a585e1f8717ca09e391d365ea4
t2t_L1000_958	bce3759f9e6264b074c9365322a94dd052cf7df136d0a26eef1b274c2066bbb3
t2t_L1000_959	3579f846094a698c95e9b6356afa65800cbc3a5e0c33b245ec8be14dbae8bf1d
t2t_L1000_960	195aeac9d54a97a7ecc5400012895646f3b5921a7906757e35c1c49e47c3c62e
t2t_L1000_961	3683e11b627de5ea9205658a5ffacae7fdf98897c23f5b5fdbc6d3f9453977fc
t2t_L1000_962	2b3f7e30beada911afa5852a5a853e8f3b9a19bf09f397378bb9ec0cf8371259
t2t_L1000_963	17b1d544a991506ac40c7fb05d88047b077761295a2b21a9e12c0bd86f4bd548
t2t_L1000_964	34624793653adc06019f16d0b6f43ad34a12cf571f9275ec7ff2746330d916dc
t2t_L1000_965	2a3e17d19d5052a6bf5c52eede1fbf7bcc0fda122d79e1c9869d3bae3647e399
t2t_L1000_966	5b63e9b708bea4a8e2de8799df6ba03bcfbc4fa623f8e57b4a40aa1824a9a62e
t2t_L1000_967	47ebe13e831615ef40feb305e0cbc5b6083e70aa5e46b53e2e560dcf9c979f10
t2t_L1000_968	f1b0b7e7678500cdb3b8173999b6c3aa6f0dbf9d9caf630c20588c7a44a701c2
t2t_L1000_969	97f81a46ef4153c6f3a66a7c3e42b3d88a9292f10f689fa2a4b66714fe6b35b6
t2t_L1000_970	4453a88136f6381d115e80caede475dc986eadcd6c66c59b814486fc61583270
t2t_L1000_971	0f13752d17a472dd91b92d4eb6f90045c395df6a80d797b771553986e81dfe3e
t2t_L1000_972	42491a64aa8e39109f23bf6642ba8b62967af04411002da6b55e44d486287253
t2t_L1000_973	2fbde7e18f58221b7dff225d0a5da112556e1329af7fe729cb1918e8b9547e6d
t2t_L1000_974	d58c02009a9ca34bb26cd8aaab57595ae65f69b4c283d9c244a01c4bfb18962c
t2t_L1000_975	918fc91df1f890d1ac3af2e931512f2d7405c2e962277dfab155e96d6d3253bc
t2t_L1000_976	ca6ad84b86cf74cf15a1fd8a1a28ea0bacfe7b09b24ba7b8cc536deb89f8f7a3
t2t_L1000_977	f359e178546feb7643b865cc70de3c7e365cc01b0093f5e2b72f89746c88725a
t2t_L1000_978	1ab91a3b744705c215aa36f31a5a6a1bf2aac83770902ad9f1c0039dc5f63bee
t2t_L1000_979	f76fede8c40b4e1e71a3d9a8ec8df9b44e16eb2611ffa5e5605ffb9e32836f2c
t2t_L1000_980	660d2f35e8e495c8beab95b93d01c9117fdaefbc8b8a9d9a9c7f951f8051ae42
t2t_L1000_981	8f40efb05de4645f7fbf551ac44a234c51202627bf377ba9738f0845dfbf20ee
t2t_L1000_982	e9307f640950ef672f93714e2845043e77601e5bfb568be528960c17843dc835
t2t_L1000_983	f31fa72403491f774982d6b1eb78321d4d6f3d586d03609e9ac7d70799fec731
t2t_L1000_984	4e87813793531ed484bf48f1032444a032d52d7b1bd3e380a518d95c48829c00
t2t_L1000_985	4a53cc48601a441ee328817fb651cf13290dce943a8c09246067be5c8ec29f76
t2t_L1000_986	1cc663746adfa519b51008ad1111855fdd50f975ba85a56dfcad88e168c1a70a
t2t_L1000_987	36501d785f08897d7544bd902551d7df3a6db074aa376beffd1fb20b7c309337
t2t_L1000_988	b1c7f2fc91c3af54f30962fc6a8f819455996107eb5264f74f28ffa4358f9f74
t2t_L1000_989	6c64a532af9a2958a3d45eb6dd7dfcc71a520e14fe757ad957933df97d7ac931
t2t_L1000_990	f0415b329928f059d1240841b95aa68cbca81a17057f6348b8723d4e664c93b9
t2t_L1000_991	212b21e85620cbb865fc6366cd8f48798afdbf3d9c324af4801c2c8d599d8bd8
t2t_L1000_992	18302b2683ff51bc36581d8cc944f3d2f8c9916f7da9daa5716caa460cff1bca
t2t_L1000_993	5b974d27692e4b096975f3e6f716ede73acd5a626ba23139329d30f99bc69ceb
t2t_L1000_994	40d97ba4f76a4bc537150f4d60b58cc3dd2a74e1db9bf7b54a6eb2022dc2e8ce
t2t_L1000_995	2d5b5ff9643422d214a7f77bc6ebc6be38d68c881916c707687ed2f1067e971c
t2t_L1000_996	a4c256f365e2a7eb2c776971a7b971792f4c60bd22da2c44ca4d752790258c64
t2t_L1000_997	c1aa515e1bcb90b65d2dd874d0788f2f39b45c482a3d4ae0743d71227f38385c
t2t_L1000_998	1d524824b3032456930cbc936c38c1b603c62e03462345c8ba4ca98c57e274df
t2t_L1000_999	13f51b3b8fd7de0a00b892f7065b97aa192803d387f244e3d431c64fa3425b7c
t2t_L1000_1000	3e443c0bf1de840ff54ec88a3cf752070b60a4bb3409765d548d49b9beba1f2e
t2t_L1000_1001	bcf9d9d8149c7ae063e82a3e9b98ed18f3e801bdd2824e30c39507c6a1aa9f37
t2t_L1000_1002	a2a753a509778e07f6278de9824afcd2c28b6868caa072b7c026f3bba6ba0a28
t2t_L1000_1003	5ee360095d1fb2022325fb9057cd35f99736cee3d761d7f3eb1da083eac5b26f
t2t_L1000_1004	490d9a931b58712f1e7b800b1a4172681e75a9c2aaa43e5c5ddd4e47cdf635cf
t2t_L1000_1005	39e1188748fec358f99e5f2b9c85d491da286ce4bedda0ae722516918f9a99b2
t2t_L1000_1006	3cbda1b50b88ae88da2d605f1e1e0533a0ca4170a5569844922d8c0689fa3f18
t2t_L1000_1007	cab31b8b6d6a679a19d5d379c25e1f40ba99e979112f9b67f4b4cbd72f3aba91
t2t_L1000_1008	7d6f042751106f3cc37f0cdc9421d707e7832c4cf44898c0ffea248aa4e37a42
t2t_L1000_1009	d4597f92e8615b54357630279c5473fb6c9f5089ae5cea076bb40b079dd88bde
t2t_L1000_1010	01f842e03cdd1b73d5bfe8645916f0d835cfdc15a714a938f2497b37e022d1af
t2t_L1000_1011	355c114b04dc3be83b618b8bf0209ffdb9f61becef35af8d1c9d36ab26d4d78d
t2t_L1000_1012	0667eee9fd4edf98724a16539043aeeac9331649a5e890d7520d656db18bf5e6
t2t_L1000_1013	da4a0a037048399579e01fdff705edc9f78c0a941ddacb746ddb68d9cd3ce19d
t2t_L1000_1014	5c8d49b3cc9f3c6b0a48ded21f744d56055c170c097ed382f54d51b818d2eb9c
t2t_L1000_1015	573e10e5d07aee0d4f6c61d635529f7645f2008664a3377ce93e274fb64554a7
t2t_L1000_1016	7fa38dc8ec2f1a71ea7a4dea753c019b5f3aad0a6682437f2ed54287d02e44c2
t2t_L1000_1017	be179ef9d0fe1eb1d78101b35b2d6440b5aeb65f16e5a3902d563dc8e980847f
t2t_L1000_1018	b4a9b76ccc2b6adcc06f6e6859feaa4957a8ee0f23273b0a4f6d647d21f0bdec
t2t_L1000_1019	b88bd23f2e4c71589e01ed5f939a0008a739c04a7aaa790da1ea204052794a9f
t2t_L1000_1020	932b84a73890f8763da4524a27f40c2378142b5989ce64f280425ec66ae568fb
t2t_L1000_1021	61c949f4e3f17cd3c1d8ab5562f865649c30853d62c50343ef82fb9cf32ff7fa
t2t_L1000_1022	bae1a45f0b2fa2e212117dff579c3d8e5b45b2fb59e064386867808cb989fa6e
t2t_L1000_1023	6b574a8a01e8cbf298d311d58e8c516b1cbe5c568966f814a793ca1e055da906
t2t_L1000_1024	2a45405afcce4bcd92ef4854bbb8d16ee9070a91389bc2d0e51fef71ba201699
t2t_L1000_1025	99ba2478a3dcbaf12549dc4aabdc86b0320fff218662e97a5e72e1cc74e77511
t2t_L1000_1026	d53ea98a6903a385a7186affa941b591abd2f077b4a36a6d7da214f3dc37e4b9
t2t_L1000_1027	6c397a03a8ab9ffc5d57ed5fc62ed03b23da633516ca36bb4aa179b73c6200ca
t2t_L1000_1028	96fc4c9622c995d0b9f391599ac4759532262b246186c747cab6c89ed9da79ce
t2t_L1000_1029	bdf3464e704f21bd7889ffa05aba60756f209bbece25c7d7b3d1efc20c73089c
t2t_L1000_1030	2588abb0aa0608184cb1b07179117387e3d90b4b1652a6ac6d084edf671b2956
t2t_L1000_1031	13b81d7a832d87d8cd6224720aef234198eb7912635f658ccc97d37fbd596531
t2t_L1000_1032	c4778d112a9df468836d66e65d4c69be8c3e10d156287285b80df2e992e813ab
t2t_L1000_1033	d2e72a6eca455914a3320767d3a50a1c1cde1117669d6ce58fc1542311aae1c0
t2t_L1000_1034	23c29065bc12ff86c289997d9959c37fc87bf0b54fffc302e91ccce1852cfed9
t2t_L1000_1035	d4f3b667b450e1ac124cedfa2eb29c41f13391c2c6beea2d1c925812becece57
t2t_L1000_1036	310124fe999787151c23e6fecaf01d29ee3811bd791e1c01b1ce5568f0dcab76
t2t_L1000_1037	2074d284a5f06c566122c04b61dc051475cfa6015acdf3f02cc6a7d0447b2cf1
t2t_L1000_1038	0d59599997624c26e9e51cbc6953d0c5942ad3562e9258a33f62e13a1908148c
t2t_L1000_1039	722872a87f657560b98e9adfc2ca9f1ddcf86d86a6dc0b28d278490ca9b3feeb
t2t_L1000_1040	2fdcc192654e6969188b155cf7e2e61292a5d3271290d7c1f5a48335a6a17ca5
t2t_L1000_1041	8944b31f678702f294d5291c0219771b365815c6ecafaf4a39099b925a715a0e
t2t_L1000_1042	9ff7f2d613510e77c6ba83d025cb777230b1d4e530532a7cce303caa87e4253a
t2t_L1000_1043	db03de6ced58b9947475659ed8f327c4dd629f339f8a4278bfbfb732bfc3b287
t2t_L1000_1044	83f77e297293c995cfafe80d18c1382ecfdc0046ab0e84d0441ba25a54fd0a19
t2t_L1000_1045	085822718cdd0e6af70b08626de10340e3934d93b69cdb6f6d610858e5f579a6
t2t_L1000_1046	7173739c5bb2c83492168e420b518b585d182c7601a2beac62425e5b15b8fc6d
t2t_L1000_1047	d63d0caa868e1cfd28a66d939da0de6b35c015b7a5399ba08e32bbb979b0ad04
t2t_L1000_1048	2cf56b0420bda5a2eb16aaa36744097ab142e9751fc0490126eb9dbd1fea8c93
t2t_L1000_1049	fb3b4f8536eeb70e803bfe1886e58f1dbc979ca6d4d37b7b5a2b058bc75bdb6d
t2t_L1000_1050	417209abcb9158c6dcd0b0daa715c3c0f5b4572349eba287a5e82ee18e757b75
t2t_L1000_1051	136c07e30cc9b0e9b1a46c447df3661066b6a032616bcf3105fe6801b00d29a4
t2t_L1000_1052	546119d14cf08344ad84fbe2f2bbe7a41f8a74de74a42a9ef74b26770c5551b8
t2t_L1000_1053	5a8a0227201e526ad6fecf10e180b54ee0323b544f0c8b9af7b57ad5b015a568
t2t_L1000_1054	681627edbf1577cb73f41c8c9c69afd3f5462fca71f451b3a3d814d366fdf120
t2t_L1000_1055	69b73e174a63f4db36e5c278a08405da80f2b764cfce9a27403f725310d05ae6
t2t_L1000_1056	ac7448b92785e7c2350e7d1a72729c38d1dab3464dfe5dd419ec24d84904c9b4
t2t_L1000_1057	17ef5c582f266ff98738a3e6cc083e97bce86377511ea1e927c11b0f50027dd9
t2t_L1000_1058	f91222b9d7b25d1e6c6c4806004283a6850f519630ce0d9cf77ce579af6c4299
t2t_L1000_1059	dd902cd27c66e1ef1efc73d3a003e2caf005994b446d77536d8cd82daf954d25
t2t_L1000_1060	7054dca9c8f32aec434ced2938f7560b5615e605973285e657aca95a56fdd8d5
t2t_L1000_1061	505edeab6d188eb16ed9937896943d134e07b0a8ea5510e12e53f74c497821f6
t2t_L1000_1062	257259d9bef192fc0f2f741bcd9f36522d7014f918d0b9ababff202353ccdc33
t2t_L1000_1063	4c6e21c5829a7eb80bb47a0ba6140da84d6bb2d93459bd6b99bc225e5724f3cd
t2t_L1000_1064	90fb0c247dbecab3bbdb9973df5ac425291e47ea1ac625f0e5a67a65c3fcd619
t2t_L1000_1065	6a6fc2cddf4aed730d5dfb9773259fd9cf709454bd878004e134afec90fdff31
t2t_L1000_1066	d7d93408890b3979cb7242a86ee01ae777692ae8beaecf26c0b707c846e2ea16
t2t_L1000_1067	88723a1ddd0765a63215239805464918012d6d863fe0a75235c41db8779ce394
t2t_L1000_1068	164992e4761f5dba41935d5e7435ba9b9f686155e104e62e7f41488274f2c130
t2t_L1000_1069	1b8e528b998629ba2184e0beff60faefa634274135624b84fe3772daa5cdfebf
t2t_L1000_1070	d5819026e3548ef1a149decf4358e0e2610d084ccb114427a32587ecf5421745
t2t_L1000_1071	e078221a352e56a9e3b0f2cbafb6b3c559b348fd57150a31506b80772df10372
t2t_L1000_1072	c5dc8a34a13e8c4872318829bab1da1a01565e512f3428e1dfbee8e5b8c45388
t2t_L1000_1073	5433610468a7a438d7ce0a07e95cfad723d7f59b61f57206ab3eac39b0344066
t2t_L1000_1074	0334503b422365a0282d066a4ed348d8304deed05ee0d7df67e8c6c74c1c0db0
t2t_L1000_1075	a1a94658f0bf62506116eb27750f61eb89ba94288e684de4f1b2e817312ca196
t2t_L1000_1076	5c0a8c9c2a871ee8ed3b4d061da9b9287edfa430dc061cb5586ff708239ae45d
t2t_L1000_1077	44b413a03293ed794cf8416f4b33558252716cf09e184c6f581e864610471f0e
t2t_L1000_1078	4a5033f6f5f438e70b90cc488b88bf529646929cd68709eab2a9057f2f28f8ac
t2t_L1000_1079	48bedc80ca6db481bed1cc1d11a70bfbd8a3270be1a06aee614b641c8d7f4128
t2t_L1000_1080	230e77a55273ff698e2a35af1ba817c6c9f7137c96e56192e4ae3289e657f1b0
t2t_L1000_1081	a1d92d15af4d8f63e2dcee608ff911a1045314fce83f820783640604fe190958
t2t_L1000_1082	6911f258fbfa9431080940a0edf368a434a4bd7268424905b6d7b5ddbe53fcf0
t2t_L1000_1083	5ca6e48475280c173c5f50f8f76cd503d46b7aee248374823f4945584fdd03c5
t2t_L1000_1084	4afa434e0e3f2b5de1047e9c656a45e29c32b5c150add58a39189e932e2fb5fc
t2t_L1000_1085	8c9f175b5d00de1fcd6508f141d3bce0461949ebbe055c64fbc6283b7b514292
t2t_L1000_1086	b10b3c16352d0de1efb5365ddf5363c1bac1494a86e092f4c47f663604ec19c1
t2t_L1000_1087	5c3f0ca199c0703dcc73a243b3e19aae743bc696e4bd82080eeb351df3be9602
t2t_L1000_1088	70131c11d7d76296e0bfaf4b6acd07b2cdf512b2abfd98df80128cece8736bb9
t2t_L1000_1089	c92dbca72875733e490dbef47f02868d3927c391f027146f3aecf04583237239
t2t_L1000_1090	77c151ae2cc0a9cfddfb72ac28c75409451c008c78d0a138120cdf1cd4866ccd
t2t_L1000_1091	859dd1c718a73a6244f37263a2c2ee184c6a192e71e2676ef5f87dea4eee3e0b
t2t_L1000_1092	f27c40dd1aee2160252bb7b12d11056da9449231e4f58f57ccc1b25f5358a80c
t2t_L1000_1093	c3de6e482ae5c8a26088dc0725900ab884766ab00206454fd7cf49776949a118
t2t_L1000_1094	9662436cbe9ee7acf2dc8ea5b64a457e5263754f4c9520ea2a639e1782c51ccf
t2t_L1000_1095	15a9b0b06b83083735f8619273c075924c9cf14672f995f0f302b1ad1c4eded0
t2t_L1000_1096	aa3a2744b4010ba9fd01250215f425ec1b47f68ee70360892cfad8b1d882b5ff
t2t_L1000_1097	e6dd867419f5ac7093f7c4051bbafb1cb5b963c9a4a4d25fd1377d5e68c3a440
t2t_L1000_1098	c29c45ff955e0cab5f435f02f2cc03299c87c2f07d9890aed033ce7b2d043a57
t2t_L1000_1099	fc4334aa9548592a328e0713ca40d32c5514f022b62d4e196589bb244043371f
t2t_L1000_1100	eebfed0e819d0a7fa955d276157b987b8c36b2aa7d4db8d2e1372dc7ecef3d38
t2t_L1000_1101	ae853aabffd6809eb2c6b44fcfe3fb0c060810fe788bf5fcaf6aa04119582a4c
t2t_L1000_1102	8bff863a5a0fb57e1d735a2eff46ea7f48d8ace8fdca13be8ee075db4020ee6d
t2t_L1000_1103	1e2ba2521c101a5a22ef6d95b52e0833421b01e6e1b2a299e34741d619b82eec
t2t_L1000_1104	cb1a61f68d53be029bf02dda27611cd9c5f1c7fe2ca8fbaa3dba1674bf6ae785
t2t_L1000_1105	95fbaa41a6558bc6c27930920014dfccdf20168d3ac43a4a595a32f2bfbf0a9c
t2t_L1000_1106	fad860979d268bd171c33bf448ac938957653c04b46ea131ae71f637a7b0ff65
t2t_L1000_1107	721eed43154d63fa4778a16f6f54b9911d80ca295e1c5c660f464da99a8e6ce0
t2t_L1000_1108	808551dc2e2c1a0b90a8536968b4b4d9bb3439f55467258d70e5bc98604d822c
t2t_L1000_1109	e596177aa0d2d023f515f9b833232d3bf25f03388e35069835ee2673d712b1fc
t2t_L1000_1110	0d7f1fc090a45409aa02d1a8fc1fc9ab63167d814624dc4ab1841afdbbf3b234
t2t_L1000_1111	b1bba708e56be99420c0e9a8e7de1957120e3a6e80b3ab6d52d4fed00891a1e5
t2t_L1000_1112	65cca68b9f092434f06a0a6326face0e15362320a5cbf8e53fa740845eefe0f2
t2t_L1000_1113	720fed34d4eb393a81d26ae2fb71ee3dee84625939ef2dfe79050495a577396c
t2t_L1000_1114	d5c36eea5f24ec0ddce4bb4bac9f0cc2195ad01b59404d1a554a5b1634f9f96b
t2t_L1000_1115	6c802d864bde84f3856a9f608c801dcf8d52d4faee37c05153e9cd0c72a8a4eb
t2t_L1000_1116	8403b48efdca928f62fb61a96772aedb4e3cb9e848f523e5e32f2965e626f956
t2t_L1000_1117	cb08642a1f83eb1bc7714305c5e1e603d37f04ad2f4686e2efcded74e8674ab5
t2t_L1000_1118	f3048f8473d8188d9e6b21ed0f224275f3b0e95a5e737b378a6e3315a102825e
t2t_L1000_1119	171a0b3792efb3b3323656f05f84f5236543f8c965f97ce92a4d421a0637d0c7
t2t_L1000_1120	f0d11da6d826a8b2014d9cdc9f1895f8d2b2a7181d012b7cb9adaed9c5e34c1b
t2t_L1000_1121	63d14b8154b3821a3eb435e4fcd94c4cca37aec5809c3c920faf9e0731df954b
t2t_L1000_1122	0ac84d240e1322a55f0f75b47609d46c2e86030f0c4ddf63e54e7dc587f918ba
t2t_L1000_1123	000efd3b495500bffae6981984869cc502fd0c524f71fd2bfad1f2d489b9c36f
t2t_L1000_1124	9e636150c2517d58056700fff853358e1328695ad76c056462289fdda9dd4563
t2t_L1000_1125	35d064afc6952724b498db1c304f2bc7673c8eb32538c981c276720ef1426352
t2t_L1000_1126	474848531ba2b7638e91845e370347da74e5674a2924e812ed6613b9be9e76d3
t2t_L1000_1127	eeea8502c5ed621613ed30cb68e7875e77815c41d54e8f41aaaadc389899ba0c
t2t_L1000_1128	5179cea90698280667f1739b9f89300bd52a972b8f2dd14e64536d766bd3934a
t2t_L1000_1129	bfab4936e80e413c68fb9706a6d2a4b1128cd757e4ec24e4de4ab610a18d3a50
t2t_L1000_1130	f87f6c1a6788d17666de6b56d6c57835db25b7962d5f59dd4a450f1f7d48d391
t2t_L1000_1131	067d8f21b996e94828fe884d36a3aa98bc50cda92d6af8ab14bc89c1151a6c84
t2t_L1000_1132	197a63a14b8b9622af54ca4469da54985c6fbc30e7fef014fa00df7f55085470
t2t_L1000_1133	562aac45f4414b27e7920767aecec5e5d1bf6b51e287f5b8a2546eea6a05ad6b
t2t_L1000_1134	fe170ff26c0989017523304037a41fbf12cd53d12520e555bfdb2ba9a17a5ebc
t2t_L1000_1135	f47652c57d884e765db4cc324c62417f0f4060e747aca1eb4d7eadb09265cdd5
t2t_L1000_1136	d7d0e8e77b11226e7a5a585522c90d43be1cb2d09098d09b60b8907940d98a5f
t2t_L1000_1137	4f4d51aedfd478ccbfb9176859137664adca308e15778b3a1f7a5addf8a681c7
t2t_L1000_1138	862e244676b90c3b380928cbb72a8abc3e489a01f2bc78610f74115c03643e9b
t2t_L1000_1139	6e600c39ff52cae510a7b8817669e9249018f7a438b3e94927a560c830f440f4
t2t_L1000_1140	7884c029494e8908b80cb43fd7beb7b8334fd917dbe43da86c47c53af58163ad
t2t_L1000_1141	d5d7378c8e25174b5b93ec4be725a6746ed0a4c36ff4a240aad83631ff076af8
t2t_L1000_1142	0ffd1da43ef5255495a95c5b4f4493d194835885304cedd018300e21c1c025c5
t2t_L1000_1143	f5482237c42ea4083ef45b47051aa64f0b7ecba060130ecc3df34aaefdd99ebd
t2t_L1000_1144	00a076f08d9e2b0e768d7eeb2a4360ee7105f102dfbfb3c740c2b87edb9f1abc
t2t_L1000_1145	ed3716d61f09cafdf9ab780926e84d3cf0564d8331a7903f42af01e707763369
t2t_L1000_1146	59bade87ffea6edf1f5c9f6a58d88edfdf5daa9118da0562e72a1c4a55391c4e
t2t_L1000_1147	3f2f33816a2b27fcd841d82b66ebfabd7eb149f6d07d3a9cba61a4db4ea9f54d
t2t_L1000_1148	4cf17bfba494cacfb36bf07b16d64f0f580254bc00ce1de56b30bd7ce7e4ed15
t2t_L1000_1149	7ffdb2fd17894354477c9e765b075ecbe1d018d392e299c98866c95e8ee540e7
t2t_L1000_1150	0854eaf766c59f57bd1bb435b86c6d69e8462649a8bffbcc65aae00f63d22102
t2t_L1000_1151	e3f4002d1b99e7b5f3b2b670f60aa72239f0e5f4f4ef107d40dbe84b1f3625b5
t2t_L1000_1152	f19adc7243e49e9e5bbe5238c804ffdd8f9721466b107f956fbab39347b093bb
t2t_L1000_1153	ba7ff5385fabd91808a2692ba6af5f8b88484e8fbc91693b799bfca276bc4e28
t2t_L1000_1154	40818280e6c437742be81e468c1fae07a5c21dd9f4323c2954b6fef6952f59dc
t2t_L1000_1155	041d6a70ac007530d67c1e6ceb049ecee44f0eb9311542cc92206f3ff83fe3ab
t2t_L1000_1156	817a7f7505f63ae2859932d023d4de9a39e1545a3c6c7f76b5a9066b42df61f3
t2t_L1000_1157	17991d5975f3c2d14a48a83ccbefa033447a666df13d6907d17fad53d87e6de9
t2t_L1000_1158	13022b4e8c6abfc4a5f569fbf559c1cc72acb39fda33b9284f2a707a64d53d34
t2t_L1000_1159	4457a60e8ec49d1e1a5a539697148489c633c968570c52adb229e0c0d07a75e8
t2t_L1000_1160	b5813db7beb96086d3c756888ec55971b6081c26aa48f195a433b64a4e7327d0
t2t_L1000_1161	408403c6a1f3ee23e703ecde2a8cc392e29870f3ca60951ece905822e27bd341
t2t_L1000_1162	d9fc573c92c8ddca47b089b6c1af11da766b9f10221cd0f12d88d0edce3039c6
t2t_L1000_1163	18b2175f7e2af83655c82f21c898ec13b34e88939180bc4959b79e6bff1dea8e
t2t_L1000_1164	966cc13799ba86b24505d2f0b7e097b959203d82e463b03bacd769f7fe5740d2
t2t_L1000_1165	7269bf6ed5d8b09cbb7516a789e5866e0968115800fb0a3632d52a9b4c9325cb
t2t_L1000_1166	9591784290d1dead1d91fd416a532d1892d30c7a72b7eb87346dfda73d132eac
t2t_L1000_1167	85d84b6ec7bed244851d6e69e41c3ae99c3fcd1df8992362be769cc78a8d3db4
t2t_L1000_1168	e30a9bfb62f1c5c2b44d063ab50228587fc0340489c662ed75445d5a864050d9
t2t_L1000_1169	36fff5d72987b6ae13de9fce02c3c8fe22b5715a1e03f8c9f5d2a71819aa4a45
t2t_L1000_1170	7906576c1b52a44a2c62ff9ae5d943f73a7f1e9973f073d24a947d8f32180da8
t2t_L1000_1171	fa9951d914dcb07cf9ef3f3443b8ead760df4c34c10884cc37d4d0f2c1fa80f0
t2t_L1000_1172	0850d3d5223b8ad74116441f212c8c97cf94fb09822aa6068f1c417987f18976
t2t_L1000_1173	22ce337136c4382e62c30da1630decbedddd6c85c0c857342eba9a0eb426bb0b
t2t_L1000_1174	e24a4651890a3f43642c2c004ab0cd65b6430d997241013a35c20847ec6807a9
t2t_L1000_1175	9b690290def1d46182dc8d8a185b46261b0e1997be2cf6644508c47d23d73598
t2t_L1000_1176	24d1aaaa140d7edef5fec2f7242c2cfda580b2069d1718190adb71e2937ea3cf
t2t_L1000_1177	553a9fb377a606e95e2856436326259c4c83e994c71a17ab567d27fb3a77cfc8
t2t_L1000_1178	3062983c17a77e3e815f1d9f41ebad72810abde4d0ac595d668cc02d6d968e90
t2t_L1000_1179	793d2b5dedd1623c3ee2eef61b2bd1833171ebd035f258726bc622f8c30c2795
t2t_L1000_1180	e9faf2b49eec3cd34b916289e5f599a25c6ba237dcd6f1d671e4cde5b66650ec
t2t_L1000_1181	3a91d6a021c70d4c0fcac46d97195665f185a804b937584ca75ddd1d559e75b6
t2t_L1000_1182	f5bca5c09ed8225299225d23bd5ab22f34286f4593dbe12b415a1a77af4be3f9
t2t_L1000_1183	ff43c7f5881edd6409b2ab56cb49d95c253c57b4fe1273ca8996909f8dc9ba37
t2t_L1000_1184	b3186ba24751e418d923b44236b86e69ef20e0b4e0cb1823b18a0d68a3eb6ca6
t2t_L1000_1185	cab98dac019b7df766b74edd4fa1a7e19257c850d0de339bbaa3b85c11fd9dfa
t2t_L1000_1186	b1b5dd24cb5b0956883ad0908374ef4ee91ec713f75b6d7538aa9a36b237cf6a
t2t_L1000_1187	480197bd25bf3bf650fd84a1a32f6873ad3dc6218a15f164f39ff1ea27e5ea61
t2t_L1000_1188	87f4c97ad6a916312caef58b8b941a9c4cf613fdc77761cb75cff90257ca543d
t2t_L1000_1189	28d6abb63ed6cf895490732ccb805d6cb09e9129bd02a72dc0a5b5e20dffd363
t2t_L1000_1190	a5e25a87377b3f3fd4e8f54196c0c1940f9324f99df0a2f0c8582f697c63dd7c
t2t_L1000_1191	c597bd91f35b3d69ee72dc0e37bbb1c2dcce53485aeb007f862e3b2357a39481
t2t_L1000_1192	3ade48dd5e41102953fc1149e7a2d9a282a721c89bb4145846c9b48364a58173
t2t_L1000_1193	572c9a8b9deaae382a7defb5748b3ee261935952b78e3ee1fd87f83cd2b47abc
t2t_L1000_1194	d8dbae636e000c4344ec8305f2338f309f14714d08bd9f1ac1a025e1d9bff067
t2t_L1000_1195	a7a9b8a4a71491594d6ac3eef7c877ae813dde9ea26e9a44f77524dc22e1ec9b
t2t_L1000_1196	fbbdc5592a50fd6238d5cac4670caae2f05412fc0c12610bde8c70bd0f291e86
t2t_L1000_1197	827955a8e995d0b51185b7763298d0a2d0e3850f2e9cf85baef3795ef4ac75e1
t2t_L1000_1198	0454ff7f7a030bb0317ef12596c141a25e0c7e6ba03476d86e087d53fc783af3
t2t_L1000_1199	9f0ca654179540f39feea133d5a2008786fe95996a15182e3622076b629ab64f
t2t_L1000_1200	965de308ae44585e1c5656585f0270aa06982238a559235a1fd8ec07f7eab84a
t2t_L1000_1201	0523c502c8d6351231cbded539e8adb03ca34d76b548b2d7a576571860a498d6
t2t_L1000_1202	0c4b294b3a3c2df75bbf8ae0955b193887d3fd348e269b842b30bf62a33e4cda
t2t_L1000_1203	9fd9f8a43cb054aeb2a5b2262be7e67ac26cba49fc4b4ae4ac8c9800ed97958b
t2t_L1000_1204	d8d84dcae30fb05fda4812553dbd9ff67d6003f5af2f0139fa0cc4838b248242
t2t_L1000_1205	250bce75d894bee43a933b6cc2c0945e81ab549f30788e5d46a5e8f8fa54711f
t2t_L1000_1206	29e580e97dd3bc44df3cc5c353e0f90a679c2e90d01bdd1191e0b168a464939a
t2t_L1000_1207	f841c387a6a2ba387ffab0f719a761455982bcf65c31a629d6c0bde71d932550
t2t_L1000_1208	cf43a31c1f6c07e91e14c535dcef57e35c63692aaeb2802e82f927fb1f77aca4
t2t_L1000_1209	8acc26abb07dc93744004582ec44c41d6e11a52caa262d85fab0f2c49fd974f6
t2t_L1000_1210	fa0de4b70115f1c31e546d6f471de46d4f4ada75752515f9c19a295bcb37f910
t2t_L1000_1211	f9645e16d0d09bc539c877f5c3400eac6291349c4cddb53ec8a29250785e2e74
t2t_L1000_1212	f085903e5f16211b6ba9011eeea765e0e271daf2bde969857e0109a82017ddf8
t2t_L1000_1213	d12e2bf2015d645238d044b4a032acb8fd553b7df55a68a735f09869c6d4f1a4
t2t_L1000_1214	093f0fa9894acc0cd7bcf81ea554bbf6c95251005fd7c21060172947289e957f
t2t_L1000_1215	1c3e41930e9a41811bd097ecf3f487c1082bd1d4a9481faa83799f10cbf24ec7
t2t_L1000_1216	f1ec3b3ceca18c908abbaff1899c886a9a4ca03a1048bd287cbec1ef1527efd6
t2t_L1000_1217	b0276b168f18a1e125833ff9e1ede3a1715b183ec705678092fdeebdd16543a8
t2t_L1000_1218	f42a8ea955b154aa0723302b435b1acea5355b1a88c3530d99952bf6a713501e
t2t_L1000_1219	a6982c44e1a3abe88c16c07b084e14c51874ccb03e0544185c4909be6ab42798
t2t_L1000_1220	32e479cfec76566578c14bd19bf2825dc1812450575420c10b9b5647ae10a344
t2t_L1000_1221	6f4f1f232ebc9f11893c8a8888fcfd31946a9f907accb90d183f3a33e881a7e8
t2t_L1000_1222	553e1c9e25d8eb14ca3b147466c2caf46fdd474db6cf5bd6221f06cb6fc213a2
t2t_L1000_1223	9c45fa9781af11bc37539925490398c230df7dced178877530d3d005f50599b5
t2t_L1000_1224	5ece0c0b1a68e749a4d493346592c53725564dc9c003460a5aa0eaf3a547809f
t2t_L1000_1225	94e9c881837e0cf8872bdd955f209dac093c773ebd87dcc75da251b72977f010
t2t_L1000_1226	95bc157cdaef5db31fa5c39f18c4a18625328c3a06697e07fc05c7d82e1625dd
t2t_L1000_1227	ae42a66104f3601477e9d10e7c97ecb5e68090649a2a63ebe932de64de879ed9
t2t_L1000_1228	4f0a6996e2ff2d3d62bee31765fd9129c88a4e3167bfa2738b0746a6cfced6bf
t2t_L1000_1229	22ba0d8c1520c21d7d91f873495e868bd3493d655fa9cdf4200b2a1f8c17710b
t2t_L1000_1230	2bb50558aa8234abf8d7f58bf6afdba9c0d459c71dc954a9a427c8b04fb7928a
t2t_L1000_1231	cb8f060b907ea6392a745518026ab53d2a20e9962296aaf5e3d4f19f05216bc6
t2t_L1000_1232	462f14f9f2fd7d429a4437ef8e791ce0701b0c20ee56a68de77693b3f7b905c5
t2t_L1000_1233	a3c53371f42cf950cd9e8067e9b2ef55e4cf1324682c94072062a9caacd89c60
t2t_L1000_1234	07efc244252f1aba8161659233e026f7d22f21f3c7c5a6e95ccedf76d8f1db16
t2t_L1000_1235	89835854d5e1156100c1affe8156f4f3bf99633793815f7389249023e2963b1f
t2t_L1000_1236	f733a522978b6d53678a343d31346fe3caa15fc9cf423e18b52e898d7b878707
t2t_L1000_1237	a9d2684006d07ac5175d95df48cfdab74aaaa19d3f30af4bfaa073860fdc0476
t2t_L1000_1238	ed207224b4c2f63f94051d6be3e722321435400db968775f26c61240938d10ed
t2t_L1000_1239	10ed92ffd4a0d1519e59521a0fe40e1321d4e668b7a60b6e65fc1b73fbc73231
t2t_L1000_1240	1a473756756a4a993992864accde5d2e3d12c40dfcea9d0f26a0657d653580f3
t2t_L1000_1241	9c9694e173203d78897dd0766360b81b930e0636ff24664b13a60a1b9ca9b6d3
t2t_L1000_1242	9e67ef72f3003f72597cf1086c6df6d9c76520b50c9e62cdb83af8cca0ab1cfd
t2t_L1000_1243	ec75edaaa0e4ac2f75355a593c5546bf62cfec77dc57ffde2a7cd72c869bf7de
t2t_L1000_1244	6ba4f656913488aec944ede2263bafc12387da4b785edcc7e1a3a1eebb933fa4
t2t_L1000_1245	162552b39450084e8eefe224665d478e5364e545b5c58cb5309cb902c3ec21b1
t2t_L1000_1246	e537ed81c3dcf9edc48cf6cb3bb1760c1c900ef82aa60fb1d13a7e0e9d0bfff8
t2t_L1000_1247	66b660592c087047539121254d4b8857ef5c7465c9850c8691e37748462d9090
t2t_L1000_1248	5f4c12a8cf026011dfe1641ec587e31a635bd204b5d1e43c7b4c8ccf20deb498
t2t_L1000_1249	5416a00aa9913c3090874d46d6267e7c814a3fba6bb77dec075c91c743a90278
t2t_L1000_1250	9313fa1d192fbbb6dae3470021180c15b9cf831c92c859d0f40c3e7e7d077ed3
t2t_L1000_1251	bb17ba3d9103e74d9323f95e4d2a043562b4be55d7258e8fa2e1d07020f46ad5
t2t_L1000_1252	fa23e6094ddc6e0825a504b1d400dbbc5b8ed9a74e32fc3c4cf4e5effeb689b9
t2t_L1000_1253	bc33a2107c5ca9bf011cfdededb8f9e449db7e4adad953f7abaeaaf0c777f99a
t2t_L1000_1254	377ce048c8970bc184891e45a03b4c24587450fcdd6f34ed1e24a65327c5ff17
t2t_L1000_1255	eeb35f9d0aaa59518041e98ea84200d7d34efccd5d5ee937a209fd6fe270521c
t2t_L1000_1256	3ce649bd6ef3fd5b18747138fd3b914f0c0a6ce13d9d2a30077962a9f917b270
t2t_L1000_1257	f4534592177174e9128f86f8d54480607e711490848c54736316bfbbed67cb8b
t2t_L1000_1258	799c72431484ffcee63148f38d9939cfbbb07ff642fc8c812f1dadaabf4b5798
t2t_L1000_1259	22f46b8360e81e2e48a17fec2f9149ccf95b9182bb6e988d9bb9c44e50320f98
t2t_L1000_1260	40fcf70f5594751ef77613ba81a84c6bc593ff76504813d51510b41fe5a53bf4
t2t_L1000_1261	a2d61a933517bffb855e3403d70cc4c6e5f53f78a3b1ddeb08904117685d5bf7
t2t_L1000_1262	d700e428fa1e8995c4df708dc3b0b2c3839d4c4e898619fce2fdf59c37d4c6cb
t2t_L1000_1263	435fd629cec4f5a6861b66717a3d04ca03f46177962d79ffa6bf51673bea88f3
t2t_L1000_1264	c300c4d9c9ad57f872a7307238472d6b47636e6d61ffb2ee42897513d71cf6f3
t2t_L1000_1265	79deef094eff91985c1e2cea28ae9957a00812d9aacc12e7fb7c7c617fd79852
t2t_L1000_1266	2782385ac6aeb4a1a9e7c7297b0323dc360b50154b9b890dde3b0e1dcbb79460
t2t_L1000_1267	bf43d04dd70cf784e8b0af6df187372db62e82cb426f8161156ea2476af124cd
t2t_L1000_1268	1a2691290ae19bc94d3dddf18fe684c3fac1df3daec99521db3a53bbc7b01872
t2t_L1000_1269	22e20121f8fe11f12fcd773fe7f2f408c72b0b98ac14e845606b17fd309b3d08
t2t_L1000_1270	727ac01c38fed0de1b492e302f2e43c4c8c8f96b9a47e1b20ca8793e9b50a1ba
t2t_L1000_1271	7f07af5a886d81e87c8765fdc8a984ae0f2c1892e86007cf9f6bf09fdf86bad8
t2t_L1000_1272	cbd3e8799f1a915b9847e990bc3d9c45b7a17e059266b9612e22ce9e5f0a02af
t2t_L1000_1273	ac694d53a5dd61ac78c3d3d15bcaf04bf531ba132f84239a46433941aa407c47
t2t_L1000_1274	82929ccca7cf9a05224759a7cf1e447ee9e6726c386233108c36aa48023b7f21
t2t_L1000_1275	4c6a21132df3d9d9b6e62ba08cd6bf43d5ec2985ad61335ecd3bb2ab4aa03f33
t2t_L1000_1276	d219841d79b7c55b5db15df4e57f045373d17d85190c6dd9755cebcd18d65a12
t2t_L1000_1277	3246b5adc83662344542177a725d6244983dcadf275f2016874c0cc7734b6563
t2t_L1000_1278	ad77eb484e7a15fbc3fb5c76969e359d2b2ecbe1bbd9f29f01e11b8a1c4c44b0
t2t_L1000_1279	115dc2986872847dbf239b56250169eabc832817e1a57a5546fb4acbd9786975
t2t_L1000_1280	b7df01520b4410aac83b0fe6bce303e4b7f3f45b352140aba6217ee7265daed9
t2t_L1000_1281	d3963edfdb05bab8eb586c4732ed8135605f391de9aca03c887e3e14806823c2
t2t_L1000_1282	cf1e6635e43f8642aa7eae147d54f658954cf2bed884fade9684acaec8911586
t2t_L1000_1283	1885f941af44b77b5f1b04e0a531282a3b676009a1de6581498a75ce992eef36
t2t_L1000_1284	fef8ecf355679bb17c4d24f13abce04cbfccd1fb2fce7d87d6db0fc75ddab49a
t2t_L1000_1285	58b539e58186c4eb882bebeba9367dda93c87203de1cde6503c775b9137eb14d
t2t_L1000_1286	7b4bd147c2ef1da86fa6026bd03fc09b8b5b871ce960855a0276a6167d4fb18e
t2t_L1000_1287	a40c6c66e2797e76425cdd386fa60c944641e8102f9f5a06fd62d82ec9734b20
t2t_L1000_1288	8045d509f6b3a2ab91a438ea52c9be75b54c1392a3f724637546f5ee6ff5622d
t2t_L1000_1289	bb11324864165d123f2e93cd19990b87665659647855766736a9660c288d30d1
t2t_L1000_1290	0de337791b651288a706eba9ccb4a977933027480fa44840f585868acf50d7b7
t2t_L1000_1291	7e19b928bb637b1c195b78dc7d7521c6a53a9bdf4c3c92f1a046a1d390a41609
t2t_L1000_1292	e5d027556acf42ed831be00d92a30115cca7d260c7176ab7ba45303b7adfff95
t2t_L1000_1293	a80d929c310ac80c10031ef1b3b6b69bc7e042867858ce087508f78e694dad55
t2t_L1000_1294	b6472b1e0c060c6d52c988e4e225a398725b08d9e3f3e5c177747a5df3ac8162
t2t_L1000_1295	3af01874f3d0fdb0aed9d686f7da3fec57b6340162a5d913b14d634465326a42
t2t_L1000_1296	bbc60931c7f84ed482a590f1d9bbca6de98edd2a6319891adff15964d2ebc6b9
t2t_L1000_1297	d29720d88ba721431b23c24c357a803b1d5fb6e865adb5919e217db8d254e48e
t2t_L1000_1298	7d619944ed495406824586490609e1e533361e7c839b6000ebdca6d6e6b9e704
t2t_L1000_1299	c901e5d4c474383523447aa975e95b4896cbbcf12db588f436c4a05279bf3288
t2t_L1000_1300	5df7a167118e268c2b8196320a2178ddbf00d969723d85d289f215ec2c2e06fc
t2t_L1000_1301	87b80568b4ece34a2bf2ea381b98cbd4413e90caddb571e4abe1955f7a580cae
t2t_L1000_1302	02ff439e7860f800455da9c991eef0935f5e889442fa98a9b1ee7135c552529c
t2t_L1000_1303	d8e3aafaddf79337a738d9018e69f0b5c2383553617992b5759353f02df40e83
t2t_L1000_1304	2f68e808ff1c2f6d66359089e93bf80f84525ae4c0c506097474585a9b84cf5a
t2t_L1000_1305	698525806e6f4e06e5dfdf1ba92ea47427aab07c713ee2e6471d493235da0a98
t2t_L1000_1306	5d73a7dedc9e22ecac24c5a045586cc979ae9447d47e16368014455398c7f9c9
t2t_L1000_1307	81f0d8dc35dbe2b1a3c3b259a2242e64641d2921248f7806682d37c4269b1a57
t2t_L1000_1308	de6f854b07b333ace2a400d80192f59af7b2ebabc06e4d2f8d033c92c9ca13a0
t2t_L1000_1309	a48fe8f107305ed2b553fe4279130a95caedd2e4839b8a660e5979c4ba2b478c
t2t_L1000_1310	0d3978bde386fc935f25c278c65c6d580630553f41c0dd1b12629799e4a3e6b2
t2t_L1000_1311	5c0e7f52cce49eff82de8f7cc5569ea180264fc89fca756237dbdb2fb26a62d5
t2t_L1000_1312	5d9ab9b177ff9591647f8d97d8520641e5474059585706436fa6e4a1b1119a30
t2t_L1000_1313	2c401a5412475220039f003907cd536fbc4ba90ea7e89867c165b5e31677fe1a
t2t_L1000_1314	e6074cfe5330dd7cfa59e3d05f6a772a2a6bdc2c8c69bd041733bddba2d74738
t2t_L1000_1315	c7dcab857259b7a0d6c40d6123db755a6fc559becac7b6131d0c06f8d767f749
t2t_L1000_1316	ae29465b2bc5a22c9d9851fae684ec57518d45b55556ada7cb5a7e7da5c3b69d
t2t_L1000_1317	f0a544f1d9f091d07ac7d622eeba2abe8dd5e3d35233319ec1bc3e8c2187a8e6
t2t_L1000_1318	9a7a48551c4526a0a189cc644c36043444a3870a725a05d93ffefe2af2860fc6
t2t_L1000_1319	f4762612e5161104fb39a7dfe8160c41929f6006cf78efab2b825b98e31ce642
t2t_L1000_1320	943722240d856c93d097412f1b4eb411b41d018797df741a9901ea9811d8e2d5
t2t_L1000_1321	e338be4c4641241646c50137bfb3482926e4784c7726d38deb198f09d01d79f5
t2t_L1000_1322	b0a0b59cffb8342933ba2f6aacc442ccdf605ecb3cfb32835165b72eb3291819
t2t_L1000_1323	0b8fd26b77c1a8f969408320798a8500fd78d7c66c5214441b95e0db42ec1ad0
t2t_L1000_1324	685170adf35da732fdea67acfd0390cf1655345c594904bdcf4914487302ecf9
t2t_L1000_1325	c347074e650f10d396a2b800f9e581dafbf3b46f2f484983ff6e76a022a77647
t2t_L1000_1326	aaa9ab98382c4f636780849b7da6ed15ddea9a9dfad529e92f80917641207d0a
t2t_L1000_1327	df1d1fbb9af6a353ad5749db7b2f009b981329e6d1a4dc391c27c783ab7fb75e
t2t_L1000_1328	2dd7c424ee69383be853e9f3663ff655b27caf04cfe5bbe4f083ca062ddcf525
t2t_L1000_1329	e64ac470adfb2da5fc4f10f3a68c0f090ba0be3e456e88a1bd1098ebe43ce200
t2t_L1000_1330	569c8523bbc922fa47b7f9bd3a3906da7e3ff6381f21bd6c360fec1b5a9c035b
t2t_L1000_1331	8cfb18431cc219d91b47549fecee5d269270cb28d896ae4d21be41b1fde2c6ec
t2t_L1000_1332	92efed7034981736b2f53e38d3b4cb4d5377251dec6a3e3f7b50014b6ab979fb
t2t_L1000_1333	404995153cf8d4bf697c731b73f2bfa16910195b0f45e71cbc33fdacac3877e5
t2t_L1000_1334	aa486f3b7c69bf9afe9d7dd03142bf1f9bf3a9830a1146ec4b345b9965a8f57e
t2t_L1000_1335	4b91d504b19342d1e13baef1e520602cab6ff7f8a7513dd965f2279fa1395b08
t2t_L1000_1336	44c012dd917dedb7e78266c1dc255d879579fe695fdc27366925f16d687d3d5e
t2t_L1000_1337	20c596fd27878d3197cd1a61428ea7b24ec648553fdf09a390b8fbc4c71af5b1
t2t_L1000_1338	1592b9c5470e4831def482c6ba1832c5be4b4c962641a4cefda76a910608f7d3
t2t_L1000_1339	3773cf956f126b25fa0b0baf3d7dbb8dbe46a481ecfb1817b8886fd19898cdf8
t2t_L1000_1340	7705b290671b8c4c039268c9169c95bdaedbac0fd72f85f244b81e17c77949dc
t2t_L1000_1341	26c58e0af972fd2433ecba0c2e307c24fc01b8bd9ad3b4e09b79762e24d7b9f0
t2t_L1000_1342	d226e43ff8b8a1a4452227e0af2be423cf15eff584a2387494352c8f08c27d25
t2t_L1000_1343	bdd509522dcde9e509c5d22e9dd1a016d736814407871019fb68af91cec590c7
t2t_L1000_1344	e0b314514e4b4c068a533530d59d6994594c50e21b2545b9cf3d2d43d4f7ebf5
t2t_L1000_1345	23e997701c3df23322c05789239625aa5bbeaa1e2c2dfdabe8927444b0e95dba
t2t_L1000_1346	b8839213ec55124d0466357bf79b9a357d3e9c31c83db9f5dafd04b9ab188d41
t2t_L1000_1347	fd4e39a1d757be66be22232fa3de1d6570b392b02c1f2b8b4d4f27a5926683de
t2t_L1000_1348	e1eb9efae22a5430e22a84278fe5205336fa98737b539d30a7dfa1725bd5b95a
t2t_L1000_1349	a05059d91b473dd2d71314c9670a1ebcfb6303e8041fb791c31b7a57d863de91
t2t_L1000_1350	568e7402af564a852cc21acb72ad5bf691a197042da1b0ed4869ab845453d72a
t2t_L1000_1351	9722b765266054c6e5cd3591a331228e3e4eb67f390859de13e1bf7cfdfd4b49
t2t_L1000_1352	00b41140eb2df4a04bc402a43ba76f5c844c651c0625d8c2f58109f228f62210
t2t_L1000_1353	395df748b9a5adccfcd942c50517fe7289dec7d09c43b72210dc900f11b26c2a
t2t_L1000_1354	fd69f45f35729ef47d47745b7f50c15b859a5bc2235169a96401e320a32f4aac
t2t_L1000_1355	ba4eee40a8c2c0c87e148ab04d9b83c06c26e593ca833235c401df346345b931
t2t_L1000_1356	1a1f1189afde1b914d57eb73ce0140eeebe9176ecf9896ad5e91c046b3ca872d
t2t_L1000_1357	20d2898da1171dbca19149af34573d5aec11c5ae170cd8d2cb9b051b132e76dc
t2t_L1000_1358	fbbb39bd089fc1c52941764fa6720597ef6f39a3c858d0f882a283bf0a40ab26
t2t_L1000_1359	0e70b68e8526c37c56eb0729b3aa46bcdc56fb116d0e1e2a8f3880c7bebe7c30
t2t_L1000_1360	93941d38ce395a92b3c2fb211d32468b21211627d8f06a5ad3e5a9fea40904c1
t2t_L1000_1361	0335c2770b0767cfa79f8c97e9ee9c54ef8adf40a97f7a2c458d0802b6d28fe9
t2t_L1000_1362	390e55148621a57258b7b56eebce1abef28520117f3351a02f6eb305f7b16110
t2t_L1000_1363	5658d4f09f76f514a3d4ab1f14300a960e0b3d10ea2029372a3f8c5caf46bc37
t2t_L1000_1364	ab790c4cacd5debb81cdec32abcfd84bfa0c0f1df651bcd24b6c06020c38e3cb
t2t_L1000_1365	aa58a0cbdcd24c9001638ecdbc9ddeb2c0b48ecb97ba645e12e0d0f3f0be3477
t2t_L1000_1366	50b22ade6c64acd5d72731f887f21deb158fda6f84cc7f7e73efa41d7ffa809e
t2t_L1000_1367	554ba30c5bb91d7b9476314cb79e18ba262c186e6483fab03a5039d9e65ec4db
t2t_L1000_1368	73ad2afba16eae3958b6637b0fd952e687b0ff5e4ae28a53084319e2a8e27493
t2t_L1000_1369	81f72673b78a54a88c84648d3b1c22e8da02ecf4836c68ae55583919bf961c75
t2t_L1000_1370	230ab9ddcee336a8ae366418b4cf6396d176846f0b36ed3fd98e053c3bb3e561
t2t_L1000_1371	4070c7ebd22710d0bbccb2d86bce70bed4b0fa72c8254d978d6aa63eb92e9e59
t2t_L1000_1372	6caa9b5005308fc208b2f767392ebacd2a22b1eb933752dafaefa518165d06ae
t2t_L1000_1373	e8513f6aa1ffdcffa9a9ab7e5f90e5b573db07fc6b962faae59f3536c6dca74b
t2t_L1000_1374	a9fca9c9d638fa7e623f65005ddea551ae8b788a65ba93647a7b7a88fe74e541
t2t_L1000_1375	c28fb760deafe72f52fa0eb3b749c40e9b4d05d40987e53bb25106f2c64dcc28
t2t_L1000_1376	8c56b9ecf09677f43d3bdbab9062388e0407660e864d91ea3a2c080d34323cb4
t2t_L1000_1377	1ddf877ffba6908d7ca9a5008a174e8ace9c5d0130cb178130bcff433ca04595
t2t_L1000_1378	84a50eddb9d42f6f1e42eafb829a641849a8b1e8be2917621732184af7940091
t2t_L1000_1379	5e3818b51a5c36f56d4512d0264073cc0dd38b462478bd7bde6323708f96c6be
t2t_L1000_1380	b60798664c06f0192bc1990943fba58bc4ceb4b16007ad62c6d0d615c6b32d12
t2t_L1000_1381	21e3016b27bbe1e7cc9200f3227defbf0559848ee038cfc5825b0b05323bab23
t2t_L1000_1382	264ed819f052caad80b8221b717f8c2ac0cca855a1116351a2a3da477efa4247
t2t_L1000_1383	8c38add3952ddd5695efce90bfde8a210c42ec1096b8bdf61b3ab37adbb8e93c
t2t_L1000_1384	a80abd6f0acfac59a719e7fa78915a44061c27c1442cedd87be18ab72c51bd10
t2t_L1000_1385	e5e13e5a87342285c32d2e2e3671ccadea391dd32f58e131ccd97733cfcfa692
t2t_L1000_1386	2ea6d427de9384570f75062e5a4bb23a801a63da4d75b2473e2a6a7f75862df8
t2t_L1000_1387	816f7f6a0f37beb5053abb3bc6779fbdd9e0d38f60443a08cdf676e05a212863
t2t_L1000_1388	c7f71cff4064591ee8296ec04d014e35657c3b0606f4cf928678c45026e21105
t2t_L1000_1389	970b8da6854108af538d23da3f98ec823d834d4cbc14fc98b3aabc571f1a2d6e
t2t_L1000_1390	59221e88ffc1416d2dde33d371385892d3a075d823261efec979a70cc79da130
t2t_L1000_1391	a3621e10a667e01bcd3e227ad90d98eb44ee0fc18703c73121bebcb4e9e78292
t2t_L1000_1392	4422a932be777b9a8cc8bfcaf3522b5bc9a7e406b3ca37a1e0fb51e3ce9a8004
t2t_L1000_1393	c4733a09c554f67aa81604f09808ee439ee17c9ed7184be4612083c26f5201c5
t2t_L1000_1394	4f390428c38620a587881498cd10a894273c2916d3346a7b2637c32bfb378684
t2t_L1000_1395	36f50f8242fa2cebcb90f261db15b7ffa343120dea510d701a1c0a43052e6ccf
t2t_L1000_1396	990d6b8d716172147239ba7562a39208e259b51179371ba5606b94a43e0cf5cc
t2t_L1000_1397	7e7d8bdf101c991fdf2a73cf9d2b66e2239db882606f8c11b16ee75dc720e8b9
t2t_L1000_1398	6c1032df5ce08dd67fe3c6e7c994616e6b9e56859551b3866358c4fbc3780139
t2t_L1000_1399	3f4314b6715eb790c34b9ae764a8d09552e43b62c3215e6af5f3c1993ee60878
t2t_L1000_1400	f1b939a3876a219464f3918bc1d9746c839891b821df96122e4bcda007bb6427
t2t_L1000_1401	61bc10fb3c6e994800c3ca1015ce420182cc4b4836ed1d15663b06457fc5774b
t2t_L1000_1402	467fffc554821fdad73cf843f16360dba85f566f7bae8264ce2030182ceebffd
t2t_L1000_1403	8f6b5e3ce587460551edeec0a3cd13e13072606b2050f7d3d6accf74ffc23306
t2t_L1000_1404	0fca731fcc9c75060eeb72bb814020ce04eb80d400e7ac25a896a91723e62ecf
t2t_L1000_1405	e853c076a796bbb4516e7d0edc9b3683b86d87a21339ad3c8cf7a5c3e9ffdd79
t2t_L1000_1406	6d2343d8ddaad5ee022a46d584b41f4b73f1f141d4cb930f0a1aacce50a3c7f4
t2t_L1000_1407	4930d44c6c6b89203e6fa5b4c928c3930ae1908cc3114381bb7b1bfa65b28e39
t2t_L1000_1408	bcc74ea048b86124c8c9df49e8594bc1f9dcce2ddbdb69b854a7f82de3bbbad0
t2t_L1000_1409	2b0e2ed5a50abe9469405c54f535910e967ecd49d189e32de84f2ff31988168b
t2t_L1000_1410	682bab74f433862db7b1517da28a897bb18e3ca241a58a60f8b902b3b1679c20
t2t_L1000_1411	ceb8834cc77ab615ac55ce1c36dc31236c0fff29aac9ee60a172798f5e351857
t2t_L1000_1412	8cc818956a3ba9240d8d2894435850f6619ab765cdb93b20f6148e6534279e66
t2t_L1000_1413	c75da321f7bcdec05360e965557b029b7f745453e48c9031e9592a14e3915260
t2t_L1000_1414	34795a466842ddeeb3ba6955319c6fb96ac3dfc282a7a7680b0cb432de3b5640
t2t_L1000_1415	2f64b7076001ce8c04ae0f7900e2b90dff7af2ffbfba96aef8e55dea872f6229
t2t_L1000_1416	cd0fc5c90e5620518918f19f0bbd0a2a964d9e0cafae35a7c616f2d5bdf934b9
t2t_L1000_1417	3210cc62cf8c966c603a8057f4a24fda253020a3ca08eb3420f96b8c35add485
t2t_L1000_1418	17a9c6380b2ab299de76207f5ffbd7c1ab9736b1e88bc36374d3292999ecc8d6
t2t_L1000_1419	15fc795c21c5aed92eac450613dde9a984a3de6070db8fcf56bb0c583afea6aa
t2t_L1000_1420	839829e788dfec99a3a9977709de10fb2cf6406e4daeb0fae7bf524ad1fee9c0
t2t_L1000_1421	52765c69282a633e672d0482ef8d0bf835cc426329fcf2a2a0e548ef4732711a
t2t_L1000_1422	d0b7642eefcc2f3c501e99d774d7f92e4caffde697faac196cf43ebedeb6b912
t2t_L1000_1423	f5e26d82dcb8386bada7c97bec992b6ae3699f4b0989bbab69005f2df1fc6875
t2t_L1000_1424	5c29ee68dab41252f32a3e90c3a71dcd3808b6da4c5098c2d6c436bd83a4b9a0
t2t_L1000_1425	c1f88a0bce2d81cc1be3e4784759444e9e4ce7cae1d8d1c001d6d588b8cf49ae
t2t_L1000_1426	a90bcb59708f3ef067d3bfc6689fe35ac49df04ab21c300f9b7b770369c39575
t2t_L1000_1427	4cae776cd9cc9df62761dabe73584b778cb856d2bc84a233833e0dadbf6f30bd
t2t_L1000_1428	1d7d2dae51efb275df07b4385f281bb51c28facdc8e3dda5607b033d661b0f9f
t2t_L1000_1429	60bf7420074468ee53a904610fa22673ac8f02367656e0197c1333696d392ea0
t2t_L1000_1430	a646c4a566f178407fe045c981e6f9eb5ca47488f5d080e6cf1bb63d41e725da
t2t_L1000_1431	30fdf513b153b5493b442f3a34d9c3dd8b6cd7e997e0c3108d79875022c739ad
t2t_L1000_1432	9aa41f448e1544c5e3ed2aa2a92ae3d2565968f5bdad51233685ad5bf10eafb1
t2t_L1000_1433	07d09e878ea34514ae8ccc2a02fa3bebafa0924860587229109fb67201f1a5d4
t2t_L1000_1434	335312c7cf5bdd4d9242e6a3f31321b2d0c5ca72bd741e8148ce541ecc2929e0
t2t_L1000_1435	2791358818756eec523ff05b57980b48cfb4df3d8a3848aab72740b1682220c1
t2t_L1000_1436	4ad15c20086afb2c2d223f7bf1791a7268f5ce0e418ba2c100c79278776c4de0
t2t_L1000_1437	31eeb4b2b592460554b4378e53b22493450fcf2c546b2d6783dd31058e43c93d
t2t_L1000_1438	bcda133e971ed949911fced8f53807470f9826a44dc07cb3b9866f660978e51e
t2t_L1000_1439	e4e17e85176cfe6c69941ea24a8299080659a9ee74011573f25d0a06ea904ba6
t2t_L1000_1440	aa9b3bf76178b2f1aedcddca8a58ed277a78776efaf8f2c798584115f0ebf8e4
t2t_L1000_1441	14242a4fd436fc333c01a692bc8a8b91912c179529b9a12eea434d5018f63648
t2t_L1000_1442	1dbc6f21a9a9c0cc9f431dfca3de91b0581caf06d90ba8315d6ab8b9f10bd097
t2t_L1000_1443	6b0a9e99abd167ecfc432bfd7d1a0f5e1f37c89647fdd32a5470501d4ebf64e0
t2t_L1000_1444	031181b4a1aacbe830743133728d29866e4294a2d8cd77d3b40a741b895832ba
t2t_L1000_1445	955566e0d3285851bbfcc496d70e2fffed8a826f2c88a389bcaeef2e40b27ad8
t2t_L1000_1446	9c942a8a30cf4274efe2e5a1e7b758650d47980e5b305413e0a924f6abf76dd6
t2t_L1000_1447	9c62896171a29c6bde137ccec53b482863980dd319d9155a9ab18dbdeac0317b
t2t_L1000_1448	c339347d09138fac56a0c84c486be60ea7893a256838e4e2bf0c1e136b04e66a
t2t_L1000_1449	4de6344ce58d8fa1278c22f888ab5b67b996b46dbdd4770caac739d5e2cfa45d
t2t_L1000_1450	84ae611d368997c5ea4d764aa226ef320678da5758bcecd81c83228b6ebe1e57
t2t_L1000_1451	9f3a19fbd2be1fe0c656fdff17e5886d3c1fb4dfe4627e486e1ce5c986809898
t2t_L1000_1452	95b800ac4a2bd26f09d5c7a067ac36c974c13a394b8229632ee2cf7873dd8088
t2t_L1000_1453	51c0d6ed0ad1e8e76c475770255600c22758456b2ebafb5c4b1e538cb74da451
t2t_L1000_1454	9fc8ab2c6e1d3ebfc741c59cacb2fd6faa38116bad37bc145dc15301e48702ca
t2t_L1000_1455	035a49fcd3719454e88e852776a6cd040ca64c8b252ce14207b353ea54dc0df9
t2t_L1000_1456	84ed6acd90be7e58665e8ba61aa0e86227a629197c295d1df8e3776598b03842
t2t_L1000_1457	2763d495b92f4fa79e41a7bd420bc100ae78f7a940dafd25de8001ffc640a36f
t2t_L1000_1458	28ff0778d498a3c9612360a816edfbfaa2b9041c0636e55e347c08d14061386e
t2t_L1000_1459	0e867cebdd4cc8a14c3c94b0d7971c780837973a65c0ce5a705774592f17f176
t2t_L1000_1460	1253c8c9293428e4d9d9e7357967da87ca26994d774bdf568ef6dd47eed9b780
t2t_L1000_1461	81a258dea35366ae12a8aa11b49b57c59b7f9a66894a6b1cea500175fb00c30a
t2t_L1000_1462	b270a707485c1b31c50b41f039734fcae688bae7b0035628f9fdee8a8abe49bc
t2t_L1000_1463	344d95660e8b77c172d1046ba2a7b0b3a93a6e974790dcebe52992447c523e13
t2t_L1000_1464	dfb12087001e16f742d66d3bf017c44a8d7895f80d61e2c9485f8a6a4a91c109
t2t_L1000_1465	5234c308757bf53162f510e78395f09f76f375e01a9d5db3597661c0d6ea0dea
t2t_L1000_1466	0c943df25fa313e2ae690cebd30034b1c31919024e95321fba921dc9045e6496
t2t_L1000_1467	6e857159cc81671c634d805a7a5a4bebcf262b78435649310e443e518783d6f3
t2t_L1000_1468	f32bdc8e1853d23cb6dfd079727c486b0a6a0f8caa5681a44d70aab4fb56540c
t2t_L1000_1469	d2ab07ae5c0c771b52d2ea4bb9e48bb86eb720162465409b1a6e53d6775db220
t2t_L1000_1470	e3f7a0ba2e34edc317841084e929190c051644e30554b2fcd9066313b6fceb69
t2t_L1000_1471	071b8b9922274573d0e565222e44bbdd48fb4f534e04008bab363a86c9b44ba9
t2t_L1000_1472	f08f9e1cbc43b72a2606beea96d8b114241695ae2c7eccdce144b36fa047158d
t2t_L1000_1473	7345b185a07be1bf791fed57d1b8b846e93046aa84616d5dfe8500500ea33db3
t2t_L1000_1474	a4e0cdd47feeda6f83c5865e98866bd36af1e3d6276e3eadea5eedf424ef6eb8
t2t_L1000_1475	18d966bc6a1d3d4eb5792de4a36c601fc570b1427e60780b6acf7f3718a3c483
t2t_L1000_1476	c5cafa432d2e447d197ec962ed8cb03973f1cb73bd6912bf5c0d4df78bb2dbb7
t2t_L1000_1477	6f7630e3d1f87e5e4792724c93b5a62b2940a3b610e10403f5e328d2c35cda70
t2t_L1000_1478	d651d0ae0ef3ecc9caf5269e379adbacc3e78f5a476aac45b518e5c7515542f7
t2t_L1000_1479	13581c8f153e9dd4e27b1ca697ea34dd825d54528d4c20ab7188c0aca9c73b50
t2t_L1000_1480	7e5d211063f98f747f45fdd0ab44f1bf174ef5f8df2928bc8089c916f8e3f934
t2t_L1000_1481	9067d80f6fc2e01af46e475a1e8620023e37405529b4a879dc2c8d4ef8da1633
t2t_L1000_1482	977dea2f559a76c7dfc53f78e724b139d29299fe31cb5ea2967d219de37b9d90
t2t_L1000_1483	1adcb9e6ef50039a7d36e26dcb072430fc8fde47a7e5a74f381e65dbbbdd80a0
t2t_L1000_1484	405a77492fbbc923b3692c5a4f5b9a6adc960ba9692c58e253faa9113368c8c2
t2t_L1000_1485	0e7887397a598f1152bda086ba376e981923a12c9c73cd92377f3ec927c8113f
t2t_L1000_1486	f2349a7f6e3c912ef53d5c03320a77670bf900d49c709d5b534676368f70242f
t2t_L1000_1487	bdeb9f4688d03e4329968d862f11b8475cece7f78cc802d07c1b8bc3dd2daf78
t2t_L1000_1488	5588611225b282f58c2cd0f9368000b026311d63448a66673e14a45d13ca8f25
t2t_L1000_1489	cbac1702eb5f0cd73cdfee8e364f7c80561a0ce6640d6f00e79b4ad448c46927
t2t_L1000_1490	8011e4a97d2d45aa860db3a2b749288714856a1d592987d2d9586e52d260bebe
t2t_L1000_1491	949b85f9b8ae693f806816ef5bbcdd17eaa8e57894ad1ed8059f9fd9cd850d3a
t2t_L1000_1492	7f50b898036e8f5c403a43039c83cb7d5031ec30372ed48eeb861394042e48cd
t2t_L1000_1493	3d30a9f0643ebfd8b490fe63e05a1e350a50479d27474eb9f523c649f762dfab
t2t_L1000_1494	a0f194f4ef5ca539d859f1f95e507517dd4ef7ed8afba115cd2188e7f9a85ebe
t2t_L1000_1495	519908bfcf89db5888c74af227699be321142703227d7f2caacbc54f454311d1
t2t_L1000_1496	5b98e41f1abac3bea36f5d5ff2dc003244954342c9c79cc7966c994162484022
t2t_L1000_1497	8b281a5b397f1ea62a0b5485b98b95b757ca650fdc21ae029aecbaaeb81f5475
t2t_L1000_1498	0f5948895630b61c3e6e0ab15542dfa38ce34aebffbedad3304176362ba5989d
t2t_L1000_1499	969c075ea832d8e3f982121d59465fdeca54708dbefbdb6dc38e46ad6ce014ec
t2t_L1000_1500	6f60923e335bb1de9a68cdf3e9edd05500b20d45851325194cf2faa2d747745f
t2t_L1000_1501	f112ef6e5febfccbbefbac686f0ef25da19ecbe02fa5bbf82790bcd4feb57a38
t2t_L1000_1502	29adb9fc01a996d9ebdc78f4d90100815de6c40b092867936cc35e9b49c73f3a
t2t_L1000_1503	2e3c1c3f68c81e931d2a28befe6e294877d93c11691e78a105660e5ebe1e2500
t2t_L1000_1504	69d71c0955bbfd922bb111ec867ff4b5fe670478dabbb684e26de8f75f0539c4
t2t_L1000_1505	6075ee00885bb90403efb74754e040ba94f7b080a6ed2252a90e7c620ddea484
t2t_L1000_1506	90fa9d5e221e78d98835589fde1064a441fd2d0e2d9f7a5bcc702f06bbcfef88
t2t_L1000_1507	d5d40c8f80ebb217374f8cdbfff1022e11a4a93ff39cae85016b0d9f654caa39
t2t_L1000_1508	83595b7240ef871e96dbd8a6ccc310e5d30e656ed597298437c834a92bfee3c7
t2t_L1000_1509	cab813590ee06ed051474163dca63e1fbb97ab2e3c2f77ae6430c7e9cfadfd22
t2t_L1000_1510	09bbcc5da629e54a034639b4b9d6f6ce4b294ee4b8bfffb71a688ba1fd5ffc10
t2t_L1000_1511	8abe76296b0192cb4af342a73e2ac73dca1aa5c398a48c85450c5b8e133984a6
t2t_L1000_1512	a0d9b14ea36af992eeacd01a854ec29f95bcfb8f68059126ffa8f6a6f4278f8a
t2t_L1000_1513	5c63a75c5d3715b625caa55a90814d3df98f0d66204e78c2dcbfc0f65990fd9b
t2t_L1000_1514	c6c150664ef6c3642ac66c511dcc2c1a251c629a886794ab594de83d0e44a8ca
t2t_L1000_1515	ad1166667b51bbacc8e39bfcfbf6e0651c4d3114656db41d536e3267a6bfc950
t2t_L1000_1516	4401795767ee4686169b8c8c8f011a70783f36492b6f9ae845797c81fe3154b2
t2t_L1000_1517	c8e2c1cdc1e15271c71799e187e399f257668f3db341448e813b8dd1943eb6fc
t2t_L1000_1518	94fe9c130970b0683c64788948bbc94da6507d9ec0be27d305eb296d6425bbbf
t2t_L1000_1519	9e98243892528ad5d5639af9dc1405b2a7f41f7227269aeb43fa52304ccdd625
t2t_L1000_1520	96290496f42bc1520b414057f3a5cd5e10e919f44904ac32a267546f2ac7e0f9
t2t_L1000_1521	fd9e8d0235f03f19dcd820b8b7755df70c0d2aba65aa3fe7faa7c420a33eddb3
t2t_L1000_1522	cb77c4754fb5a907733a69d4f121edb912014289e5825291261aa55965119212
t2t_L1000_1523	99a7a97e4fc4309579809ba6f9677b1ba4704bbda42da92b481d648ca5c83998
t2t_L1000_1524	083e3315331ebc4dd97b8493008ef871186eb386569f537d513cfcf4037cc90e
t2t_L1000_1525	a230cec7ff6195bef3405720f4cc30c75078e9e379fb435040ccfaf9ef47c25a
t2t_L1000_1526	c3d7c930fb51e8748674b972a5850763b1e0031cc6016bbe3c28d360dbfe84d6
t2t_L1000_1527	ac62e24f96537e006a6263bce683b4b80f868cb45fa1be6bc9b8a270e20acfb5
t2t_L1000_1528	9bd512dce09a2b258734c1fa1d4cf29a2f11fe12e3b399e61581cbb2c3747d32
t2t_L1000_1529	6db621408457071a24eb2ffecf4498989dbeb74c7f8917a103e4d4c107f920f1
t2t_L1000_1530	58bbf47fcff7d2d1e89c19e89b61468808349443f34acb59426d60f9746f6c36
t2t_L1000_1531	f8510a6b1e700720da5200754e9faf1e83383be05b8e3a293d26594be01f7c22
t2t_L1000_1532	2a3394ce4f6bd0a7740a6a0004375b163ec44ceb8dedaffa96f0995ff84050fb
t2t_L1000_1533	c331bab2c6d8640f7c3c166679cb0a1e179a8ea04a0418e7af466204e25a3fa6
t2t_L1000_1534	839e4c8c059512f70ec3900131e4863abc4756c1d9c7e451c32a7c00a3e3ba89
t2t_L1000_1535	54c2e5c74c53017e7cbaf427ca39d491fc8681221f06e75f1c18cb0009474453
t2t_L1000_1536	77ba45dab1fc67daf1b8c310d1113d3e0a2994a2bc27a58dad0ebec059270252
t2t_L1000_1537	ba6a51a9601fd4608a45fe8861fde1b43a89f38e0cce02d96ede21138ac42dee
t2t_L1000_1538	702f66c5243752f1bdd208f9a504ee9ef5730ce7c7ac6473b068d2805ce82040
t2t_L1000_1539	10ee41673dd21afd7880a5b87ff45f0f3bb731f16ef8687975a570c728ef63da
t2t_L1000_1540	75dc26af85590e760cfc7de029bc8e057d30c0bf940cc19b40ded2847af5ca2c
t2t_L1000_1541	c40601f8c40647ea9296e95b4db76a269d0f2b3c812dc08569994050fd71fa9f
t2t_L1000_1542	8db43577458ea7a92d26097082119a11632114fe388a28cf8ea6578f547f9e54
t2t_L1000_1543	642815f23ef0631a543059c81603cd0f1177ca5a5c60a6889efbb2a00fe726e6
t2t_L1000_1544	82db04e8a76427b6ab06548e852d936e826d920bb8417e9200a4f2a2302041f6
t2t_L1000_1545	c3eee62998d9a86ae2bc20a389ceb81681961bcaf25d2a80c3ce5c8779a43308
t2t_L1000_1546	b7a372dd90edc86a76bb355faefcd9d20b5846f21232ea2161946f73375f552c
t2t_L1000_1547	4923b3e2adb9d6cad261d84b35320fe0f92a4f08bc222d806ebe6537f86e5ed8
t2t_L1000_1548	02dffc8417813bb1b3678dd9d6d8fb008ed0248e05cf37242f464fd22d2d5a4b
t2t_L1000_1549	9d8fd76b6be0f3a53f3f7c1037730eb67d34a15f7540180ed92f1565cb99ea98
t2t_L1000_1550	7a53014fb8de0ddd5cfd2e01be10bc08342f642d9fbc337b3e335a349b6e011e
t2t_L1000_1551	6486be7190bdce4c029bfe241e765d322cc518549c53fc506e680ef3796cf895
t2t_L1000_1552	2326bcee1adc526e0f2e49ada674a3c239b5b75a53952393a1d68c10f8c3cc86
t2t_L1000_1553	889246e57591d9f703a97539d6021b64d468fe1ea7557faeb831ecd2e6691ec6
t2t_L1000_1554	136d67ad86b0bd7bf2f09979d3e4c7c259b720afb39db90bef65f2be9d8b483b
t2t_L1000_1555	2a3eeb2eea3c30d8f3be29796360978ae141834f7feaba6b966e285f2ea0e507
t2t_L1000_1556	2402f7a3032bf099b863dcb576e86d5c735ea5db96b9d1302f67e8229dcbe536
t2t_L1000_1557	73cbae0f0a94ef2217908e3f70a16800625dccae7b161a3c4d7e202540c69ef3
t2t_L1000_1558	788b5b8af119e39b335115016acad7090c192a144bdc452632234f8585c40bb4
t2t_L1000_1559	70997ee727f5c6e7e43597fca9c4e22458bd5148265581035177e7202df2127c
t2t_L1000_1560	6b0196aff9e2f6f268ddd5f46cc8185b1faaea91acc0c97ba37e535a0f0f8df3
t2t_L1000_1561	8375d84d804d5cf2cd6be17ae05917ebd6d85aadd282dbbbcfa2a48d157c7305
t2t_L1000_1562	a40f9b7d05887126ddde8f08c432d9aade897bf60b64ea94df1fa517846feaf2
t2t_L1000_1563	4ff5046f45ec87dbc3329776eb80981442636fa0fc1143e84c579461dfd4c8ff
t2t_L1000_1564	b4d33cc09907837eabb6c3f97bba0928a401a9b4021787364f9aa9f33ada063c
t2t_L1000_1565	7180ab1f1310fdb97371d6229bdf1d0e4d4d4421e3e65fc6785e784c1b6b3c8d
t2t_L1000_1566	c7e2fa9f4fcc18e0c9540715d0cba4f9729ba59d2540da240079560ef60b3476
t2t_L1000_1567	747161f9c0445951a2a1ee514286fe04288468a14c8f73bc87e2ceb0d3cd35c9
t2t_L1000_1568	76211fabd46343bd55956a388ee285d8e6225f706cd191d65d7f39776ac98a08
t2t_L1000_1569	1ad4ffdbff4cdb3356bf6b38d315dcc8d5887f0dd6e77c6826f3c9be5632ad2f
t2t_L1000_1570	61ab9bdb168dda35fb31da0c5e86ba0efdcdb405d6b523d185aabaf0a611eecf
t2t_L1000_1571	1243c023b1b747f418510f897d39968d13831d10ac11d0c027311a8292e74eb7
t2t_L1000_1572	e86c495cde551cdbddfc5162731a20f3bd8f9faab71fe5fb6ccf5d84422b7aab
t2t_L1000_1573	b284d1f99a5e72d4fd0c897eb453a38418c421977521d8358cca952e51dedfdb
t2t_L1000_1574	0836c113b519da719eb81c4be15903329d0143f07607b4332bde7eb78e5370a3
t2t_L1000_1575	5b320c4a6bf790990f68363e42ee7cb4d36727376ff39308646238d696dfc24d
t2t_L1000_1576	1d4578eeaf5c5f52bad9d6162b7238aeb43f3afb369118d49cf34d9c628b18bf
t2t_L1000_1577	021b093fa0df43c6751ffee7e00166c683592638ab849b46ffd41fb6275aacf8
t2t_L1000_1578	bbe279145e2724f3eec0efb997113cfd0e449d4b23a57291bd1c23b247037ff4
t2t_L1000_1579	898a03c91e10a294d06d038c3725b15dc9532f000d7d2e0cc4c48f41b87d72ee
t2t_L1000_1580	5875f9f1741228adec3442d0a4ec6e839d7c12c318348cc51f529bc13adf0305
t2t_L1000_1581	f53572ec4e4fffc058da54feaacbf44d2fcb28280cdee8dc6c653a5c94bd3e19
t2t_L1000_1582	a4e4c0c65eab76cd98c14c10b6df8a467ae53a3bd2df6aa329c728e667fd4d01
t2t_L1000_1583	70e1aba16e5e6178078f665afc7bc100775ed1a3159f99cda78594ce12e08777
t2t_L1000_1584	5015259bde78c7d4b47a32677e7b9f424aa0e5403069e733d5a2adaabeb12017
t2t_L1000_1585	a00d5c8c0894a92e8987fe81ea5c3e99ebd4b7f6947ff4f5574adccdd91ff2dd
t2t_L1000_1586	a971d800e4bd98b3db44de6a99fe86d33dfa5b87e092b3b484df199d893bc8db
t2t_L1000_1587	d905c16596ab8caa31c7af2f9816ec210abb2ce5b8b03e2a0819b204edbdd248
t2t_L1000_1588	3533ae9145d7266e0a08d7519ff6d409d6b51a48b4a0efc6a40b90bc0305fa70
t2t_L1000_1589	ed87c2637f50185433e53bb012198c8ba972b2acf1a722fe3f7b92aa8c7a3957
t2t_L1000_1590	92ea7558a1629f276f80a16afada0f9f6c198e32b1c4bc4be8bbf074e32bfb93
t2t_L1000_1591	ab6e3003673fdab43fc2ceac260ff75148bd8aa3531e45777b2dee777ac50312
t2t_L1000_1592	f7f42932a63aa5d4f3912bdc48abe6b911c51992513e1bd5d8b26e2916d413f7
t2t_L1000_1593	5e1906739940ae8f032b2f2f654da9291e4f0742d4d4f70c1c16e26489841c4e
t2t_L1000_1594	d6bc4ce2505fd52e3b4caab61e4a5099536f04af5a8be26861d9fb3f9efde378
t2t_L1000_1595	0ac4a53ba6957ad443545aa8f4f9bf2d78abec59347e42a0685a4d93ec33c36a
t2t_L1000_1596	87e87a0f9b369ec16e49daf46e94d02ac6f4279b3600707597a1cfb3477cfa7a
t2t_L1000_1597	c8afe750b2c6fd59c3d8cd809970177a052a8a1b534c2657b7feae3de20c91d0
t2t_L1000_1598	a6e09c07451ba7d21be1e9fbf30574ae47c4b68f84e6e22a101e899c24b70a95
t2t_L1000_1599	b4f781fde4ab6cee5d38679bace4397458e2dce23bc8abeb90da75595943fd36
t2t_L1000_1600	42c09b81a492d1123ce2806e6dcc4094cb218b64c209c6a00de4e637f6103a72
t2t_L1000_1601	0f8faf42c58ca789058c6d0d80f8a909375c6f3b861a8730795f0581fc8216ab
t2t_L1000_1602	e1cfa3187f2cc47fe05360d32ac6b1299f11cac6a67f0c6d028319d02020524d
t2t_L1000_1603	e78b1091feaddad6ff178a9eff99790fea406f25da97b66da6c9ced449af9edc
t2t_L1000_1604	77f10d68f0ccd4e5a58e18e7068e85010f6e284d4d8b5aff34125c119fa33712
t2t_L1000_1605	38cdddd3fa30ba5e2cb7a1f3299bf9d440cec308f0b02386cecb599a9d5b4290
t2t_L1000_1606	349f6324a015b583735ed1446f48d496601ca932bca04fc789cedd732f39a89a
t2t_L1000_1607	558ada3928942b205e3ef7ac5fde0ef3aeaa9d55dbd6b70f8e2f515864ac0044
t2t_L1000_1608	530a997eea51a5fe5a7f70b03d6229183ad446e9674135d744bb2c548573f6fa
t2t_L1000_1609	565cf3cda515186508d5f19126dc855e91400fae5d58f41cf27d699ff9e91223
t2t_L1000_1610	fcf5de6310f60cd595df4d84eaf0fd922612534621d7cf88a83f15c040f4a73b
t2t_L1000_1611	816a32e3c7c34d0d9351b28dcb8e08a57eec5f25142b68e85b8f0d36d8b9a11d
t2t_L1000_1612	d0cc3e66894ed896c4bde04514fdd56361795a6d5be89a517c142c28eab131cc
t2t_L1000_1613	a8118cebca1ee0ed7b6d13cec271270a35e32187c6f27ca384f7a42d676461a9
t2t_L1000_1614	90a9fb57dfbf7602e95736db9054a1804bef21788dca184a13ab424b8f66d976
t2t_L1000_1615	fb39949067aabc1f321f4b45e17a98a1ff86389c5af0d6d72c67bda158435fec
t2t_L1000_1616	ca425e438c3cbe89411eb2635c5fb82730460a4cc920bdf671a59221976f1fd2
t2t_L1000_1617	403449b9a59658ae81329798a48716fdff47850530f550bd6addebb240e66d8d
t2t_L1000_1618	e3118ee78502f8322eb7f22580b4abc6537434864d541ad54ba22a92bf8be757
t2t_L1000_1619	729865468210adfbb32409a53703f417e129a0beb4b2703916dc3caa3ddf2b5f
t2t_L1000_1620	907d0987923eb3eb4c8855e17c4eb5da9975d9d8165fdf966d585b2929a85960
t2t_L1000_1621	6df4ba4b1514763f35437415d2fcff9dbae151835ad8769c57c239ffd8150e14
t2t_L1000_1622	3e513ebeef86ab01d386bf17f6e0c5e628baba2859efcccc18c1e2824963889e
t2t_L1000_1623	cada8128c39b39f826ce42f73630a13ac54fc98d3a826f8288ab69a33547d55e
t2t_L1000_1624	55c06f6c8c031d1246be2842c6aa6aef0655d1a21f353c123053e932da5962ce
t2t_L1000_1625	66ad6499565af53b34aab819f5b99f1de0c442e3779f59ae23e588ec11fe3f37
t2t_L1000_1626	0df613be4203005da54b306e790300b54ba854b9ff09ac73bd230d8cda231455
t2t_L1000_1627	d3e8483e57b5aed95f9c165b4ec6356ef1341fc103c3cec80f9f3357282302fc
t2t_L1000_1628	8ce3299167bf48c8971357c88797dad909da448ae275c151598a6f0b453bec92
t2t_L1000_1629	cfa8cb7fdb5bc4e4abfc03d04be23c4c2854796e38749a04b031b01515694444
t2t_L1000_1630	8b5b0914bf239f48e0700d7f08c844fc4d393772f4cf46e02be97414104fa5be
t2t_L1000_1631	97452f489c21e5216cc3029b3ddc560bd5a8a2218f4ecd09268db87984e401f0
t2t_L1000_1632	d86cbd34fe530c37be82f66ddd0f85b31c2861d0db0ab4076d474513d10f32e7
t2t_L1000_1633	56a5114e79538fa77f838ecfdc30b6f26bbbe21081ad6b35c6b4d35d7be335ac
t2t_L1000_1634	74fa4a464a9d1343c6162b607ae15b730e34e9a5acbd136eb0388e7bf73fa686
t2t_L1000_1635	de89bed61da17539c1f09d04ab13116a1f708d5e27d098e8af8d4f3cba8a2b99
t2t_L1000_1636	5608ec3c2c09c1970d5d1e4ac1ad18d12194dd22a390968a4a62a83e36bef8e6
t2t_L1000_1637	5a872e9a4dd91030b6b1e5395b8458784a8475a0703996c86fce22bee59647fc
t2t_L1000_1638	16217f3028c4e1b04fff867000eb7aff2a170579877af93dc585680450d3c511
t2t_L1000_1639	451c47e1b656c98d17ff15e602bb1bf4560bfe5248380326c919e077b56f37c1
t2t_L1000_1640	cbb7a5b5678f9e3a6fe8fd6050d8504440967a31cee2bfbdcfdd6dbd2f4a0f98
t2t_L1000_1641	f364b8bda6aa97da549a2cd74d33f123b6e62f639975c91bdc7bdd7f4d32f913
t2t_L1000_1642	c0e54596862908f435352bb94ab848b5115711e588a82790ac3283a3fd0d773b
t2t_L1000_1643	5504003eedaf901bc61b8ccbb91e4cd1a86813083b9ecc339d7babdfe2d33f7c
t2t_L1000_1644	25efe784ff75d72e9fe556f2ba131bfdbcf8d654e95273c5397c099ec6a3c702
t2t_L1000_1645	21b1caa4895c3449869a18d4984c4f402c73b4ce9b274be99de1129ab37a7d0e
t2t_L1000_1646	e9c7e550b5c5ab2de34c287b27ccc4a7e7b66652360f4a4f4350c4042549c95d
t2t_L1000_1647	c63109768bb46909bb13e45d8c50c4fd1d0baf71b63c4804d1d933f01cb2cf86
t2t_L1000_1648	f01c0da9250cb5ca406ad1293627fc5ed8e815410c1b770b6feccbb25c17f792
t2t_L1000_1649	d2720619ffd61a5b5147f5578bf2e3f89ceef5f550e347ef7f88cd4ecba5da55
t2t_L1000_1650	7374c1665bdccce360655451d434ce581b50959ec3602c25d80a9a215c889cdf
t2t_L1000_1651	9499c32f61cad6eec92ee2deeafe806fcda07c7fb5798e60d0dd5194f794233c
t2t_L1000_1652	29cca19dbfd90cfc4a31cd0e82bc6d0565bc3fd86b3cc80555071d4d24626943
t2t_L1000_1653	ee43edd3a5423237cd6fbd8b0a8fa5980d943a618b3a49d98fc590bc1329a7f2
t2t_L1000_1654	a4ebbd07f29f0fb8606ce126ca5d611e3d6f6d12c4912d61ae50d5babff786f8
t2t_L1000_1655	8f0dab24754d1b077fd21a01cc64dd85adc3d3409436c1a49dfb2a7ba80df2ad
t2t_L1000_1656	ead1021d72191f1665165ba66e46b25b53925f50d9f1b5291978782a0405359b
t2t_L1000_1657	49f35ff93a4205e1a5448ea14c4cc9521a987130d11b0ffbba5d6a17f901bdb0
t2t_L1000_1658	eb3c6c2070eb01c05e3e36cc2342c08cd1c9651cdd5eb3a7caa06a35a6b85789
t2t_L1000_1659	aa991f0608a0ff25da42e5f6ef22ffe3356b5e4ef4b4f8575a9cfabc33cb277f
t2t_L1000_1660	bad86d26af5c2222c1b973376cd133b22f23edf1a5b0e081d1b2e0e83870a9c0
t2t_L1000_1661	94cf0edc62cb7f1cb59fb3e9b35af0406695cee7cfc12dfa0696a73035d0019d
t2t_L1000_1662	c1e42c41bb3b112e0ddddcea999b9dbd5fa74887e5852e33ad99a7b81861a816
t2t_L1000_1663	1d3c21b3b9cb10dcd447325592f21c5bcb355fca1049d7b5d764e9152319cf40
t2t_L1000_1664	8dfe7d602ef4bf370ea40a87993dbf4c5ae15206e067dae1f52b3223c2f02489
t2t_L1000_1665	bf301e666c95351587e70b2e48f4739474f448c36174739616e4737507e63481
t2t_L1000_1666	ba37b658e5cf582a9d7b2259b2aa8b6158560683a5ac5a26f1f88ace2be4a136
t2t_L1000_1667	b2d6ccb775ab619a4a08375d3afdc51d900c4507472116bab4554d3665d2d84e
t2t_L1000_1668	7089166a37f85f504966dc8e29ad0af5b8f9855805ffae1f674e631de8b2552e
t2t_L1000_1669	2e594bf67d7ff326aa29fd0866a9dd02e82b7e9812d8243f83d5792da02d7a2a
t2t_L1000_1670	147b68d03b091fcc9dcdf6332847f34bafc8a02a101fe2663432b648c188c1e5
t2t_L1000_1671	6b157ae2c752b3068ef813318188686d699ca6c06a9c419b4b16e79e53e053d2
t2t_L1000_1672	cb8dd4c2d4994c3dac2ed37f75835713ddfa9c85a6a129567c588deb985bf4fe
t2t_L1000_1673	12cf0caef626d15d05a7b4a606e972bfb830dea1763839d734ea08278dbd591e
t2t_L1000_1674	7e0bcb4fd037e28d1890258be305ee51580953266385a0f72081accf435bcd5b
t2t_L1000_1675	7ad9bcd814c28fa314b45fe098aff36e9aed4ef1dd39acfeef86b8d67487d985
t2t_L1000_1676	7d25ef5e97ada081144b334f2be8e740cce6ca13a1258312113492e7b7860691
t2t_L1000_1677	defcccb37165129280ac8831178bc36595a150d4907796ca9e0a881e6b94fdf6
t2t_L1000_1678	e8a1a642f8ba76c4e24a15699cc324a6ba2057094697bf1b06bb0fa8c414b181
t2t_L1000_1679	3dc8e6a8bfb5d773a84b3f7aecb021ed8bdf79ea350f3f1aadf4073c8dcd593f
t2t_L1000_1680	7f373c7158878ea8b1a0743fa9562813db30eb06df6dab47ea7811133d4a6135
t2t_L1000_1681	b3b0a801634c99f4b8e3bf1a2ea587c9e7ee7d3122bea7b2a18f4b0a08c7b547
t2t_L1000_1682	9f2662dad87c6c0aec0e85622923de60f46f876a4ca47ac44964b7c5a712eacb
t2t_L1000_1683	c803433eb6b668e67084639b0fbe7e1284b1ac87658af3704f604b881332c4b0
t2t_L1000_1684	e1a24221006723c7a3b987a2882a418819e4ef75dd390a4c8a9d40f4fe5cfa25
t2t_L1000_1685	5aed9fbe5c22a5b1db1f273370f2715f3568c0f9a838b1d62431d4d38e05839a
t2t_L1000_1686	16600a3eccfc2c00e7175f8b87e53cf3dcb1308d706c2971c8241a3c2e83b71a
t2t_L1000_1687	89144e289c47a0fde4bfb9d07beb56319d0d9b231bf67813fdc64668f9250a3e
t2t_L1000_1688	aef2aa04bfd40a6a50f5c1b366651fd4f78d1774df0a0f70ed5abaa9535afbc3
t2t_L1000_1689	86c0488e9b97b2830bb6467a259647575d71645a6b3112344c7624b3ceb45750
t2t_L1000_1690	c10c16d8920a72d428e8db392ed736162efdbf5add0d8375cb526ab90dff58e1
t2t_L1000_1691	5a6ef91d038b39f31f6170554a663808136c0edba531fc96d4e7d1eb55699e74
t2t_L1000_1692	38cf9f8f825d2959d0335bc4bdad7f7ea16bdb7af2638e1eb2e609b1e0f3ce9b
t2t_L1000_1693	42f177d3d74535e94cf722e1a137b03caed438a9115554c2ffc6f3a10b680580
t2t_L1000_1694	e90774d8a5ddfa17dc9538624679b2b8077dac68893f20463d01e6921f5337ba
t2t_L1000_1695	42b75b7488b2ddb1a2c0c0905b5397bda7a37009d7a93a7def7966880a48f72f
t2t_L1000_1696	0b93f4efe116599daca2c76191cbda2738b03a67c4083976366826791a52fb5f
t2t_L1000_1697	3d793f7f32d8c994bb14d8d59aecc12907af83b8b7fadfb6a9c35e23ad387977
t2t_L1000_1698	76278a5972e3cc5b2d18b55965b8b26f2500653fd8d87aa4a65b06e709f0cb0c
t2t_L1000_1699	26924b92d45770e8f897bf9e728ca15c9fe077087cc68bc6231762762a549740
t2t_L1000_1700	7ba0f7e9c79459bf18f27962e0c93eb2d849a68c3762061383abe9982a09e588
t2t_L1000_1701	15d25be0ad4b1a35ac043f5e5cd4954e0adfbc4d2f76bab784317d7604aec407
t2t_L1000_1702	a79c42fe15ac6f9427970568f8d78d4e4a559524da8c2c4aa4446a4268640580
t2t_L1000_1703	bf2b440f8b640e2ea99a7023f0e61877f6acb35517b71b0c10a32394d069f9a6
t2t_L1000_1704	67bdd5922ad95cbad0a6abbd91d3530706640eeb98439cc9ae5031bfef0703d4
t2t_L1000_1705	3a1e5673fb2daff5e4035366106324832316ab31ab81e65c1890489d1a5748b7
t2t_L1000_1706	ec20535e7e5ee50182229b315119e5b322fa51b9f8200bffc87651d5978fd903
t2t_L1000_1707	1145178bcf7ebf89b93c98b628b875df9a6ef488e2b42adaa9ae8b6775062821
t2t_L1000_1708	cbc848385332a6f4f9269031aa5a1cbb26e3623c0601f98df68069c170191ab2
t2t_L1000_1709	55c105aa84b3eff73dbe21927ca07c2114c06eacb017c750ab589a134baeedd6
t2t_L1000_1710	369017dbb9cfc8ef45c798066983b4aa12ee9ba7578d1e7660e997da8e9f5a22
t2t_L1000_1711	c1fccffb68781dedad828d95ea250678ddd77ce8ac24f0b0a8942994c395d272
t2t_L1000_1712	986aa54d814190122b7c56002e0fc94d8a7580e79175f16a5a5cf0e96154ffe4
t2t_L1000_1713	19119bd63c812dd02b1f3757d58c6bdf7f5193434ba12d47a2739c69e739cabc
t2t_L1000_1714	bbdde241e698128d470f02bb4108159bdfe01020c7c906e9be9fe3433089d1ac
t2t_L1000_1715	534952df66c9408da622fefe8421e221f085ca2c2e7434031338623ccea800be
t2t_L1000_1716	b64ea76d28b7e4c5ef711cf6f71e64a62b533a5ebf8f4d195270ba237a427c7b
t2t_L1000_1717	7a8392678fcccaa2acbcf194a90ad6b9a691eeddf5ba72748adf4aa9069df9c9
t2t_L1000_1718	65288c01e2ee09869b79a26bc37728abf397e32a8a9fd1110d0858c4ff52f6e4
t2t_L1000_1719	3b7485d45ece292ad941313562f962000b51c60999f423a60a2a66f45a6bbea3
t2t_L1000_1720	4b4625a461c987ba589bb365649c4769789b7f11bbe2acb7526f752227a25476
t2t_L1000_1721	fb16f9f889f89247a2df885fe481a27c2038ac8b11ad939a3d7842b39d0c42ff
t2t_L1000_1722	c5e1fe5c85743cd7fa82aed5afdba058d7e6568a06e7e5a87326a15c41245d5e
t2t_L1000_1723	ba9153fa202bf2ecb68fd1b295892b4263e5c86e6b3927373ed4b9301d3d592e
t2t_L1000_1724	2632bdca4d24ede49bfc9c176b8979b54f0bd694026554e0bbc93441a5dcae6e
t2t_L1000_1725	1905088706735d5003d2474a28a8c10b4036dd56ebcc42252e8f1758c5e6bc7d
t2t_L1000_1726	d8b23ff475e38dead41f9cc2a9188d9ec0d9427f04441b349c0950845b1fe9bf
t2t_L1000_1727	8ea59bccf47b3ace1c505346a827948dc99e3eee86e11fa47941b2e58ceaf00c
t2t_L1000_1728	07ff4eccc9864b880abf686cf8999e741617f1db5e77623951ab5b5f31d62cfb
t2t_L1000_1729	0fe93c675887f9278714e5a4ed1117976a5cd1cf7736e0400ce26dc88856a0d8
t2t_L1000_1730	c0e68d56525cc2f6df3997c2a7067734f7a2e970c93262728669c0c3af854911
t2t_L1000_1731	317f6085eca1c090c36f076fa873655fe00c017070818f095f6f1e836c3a38e9
t2t_L1000_1732	fb1b444f2db25ff5ec405bb2222717f027cf50603b03d38030dbccb6574a606d
t2t_L1000_1733	5ee54ec4c4507d030601940e709ca763f41f907bcbc9920014ee57178c3e47b9
t2t_L1000_1734	84856260146b1b62bf2d0a857ff02a9e3e697de3248c69b1a28b4fb7a027dd33
t2t_L1000_1735	7573212f877ad651239ef3ef7ed6e99797f5e54acb00b7696db60c6031dc0c0a
t2t_L1000_1736	2effc148291c7433eac09b28d4e739e19f5256f5d04137dbb9c1ea14d76f204a
t2t_L1000_1737	5dd08368b9922903d34ac36d6b1777eb24b19aac6b6a2229b9598be2c0c6a390
t2t_L1000_1738	8981637f3589f291adcd7006b26dadfe08d07404c9fe10be35782ea8c1cec7bb
t2t_L1000_1739	594271adec318d0b33efd349ed7f2c1150a971518dc70b2c908720fb419e8165
t2t_L1000_1740	0519e725cb24ebc837beb8df68ffa5d34c9bae0b164caca063a3e16faf6269de
t2t_L1000_1741	d46dfb3335a55b0e55fbeba1eba27e5b0f5b0f6d14aa6947509d7d0a8e519617
t2t_L1000_1742	b0a87817a4a96529368d96f3b2a2f83cb4157870c274a79b9d68ee2afefc01b2
t2t_L1000_1743	4cdf08cd12b7a8d2830405989eba19c5d1f7a0c4e56d28703f4bf0e26b48999d
t2t_L1000_1744	33139a232e54cb4a3074f5eea7e4b61eed81aa4e580bbe93841e17e0206f4fb8
t2t_L1000_1745	bcb03a11c9d5895ccc4d2050213222fe1c50bcd922f6b3dcb95f716f83394b80
t2t_L1000_1746	c3079568f167b5ecb112f7a9538cdc815e98471fe9ea65d424bb19ff16b5a072
t2t_L1000_1747	3831f5bd15baa9517c4c9226dd39f465d8d2c4e35408d3ae0319d0366f0008fe
t2t_L1000_1748	65b71929bf282db810d46c3324ef979d8ce41f5d508a3bac3f51f2e3a56399f5
t2t_L1000_1749	dcec9b787300c9a598ed2b98e246e6cbe16a7f7d4afcc5f95bb5a577124800b1
t2t_L1000_1750	80938bb5b4c8e1f212a7617af8bee8b022fd7043c93adc92bcc4da86ea4c02a2
t2t_L1000_1751	8da664aa9f2b5302e92791e6ffda57576b1d6b15e0b167b3619a00dbc6ca0b5d
t2t_L1000_1752	5c85d94146a28a8cd8bf9ec081945b6be92cca7c7d7fda26d57e17f09799e7b3
t2t_L1000_1753	c9c767c324496066284336fe127a68583c409086ebe4a21b76f7174af4a61f86
t2t_L1000_1754	401d306725c53d4858ca76bdccd90ddc09c68ce17090abebd40fd45f00ba94e6
t2t_L1000_1755	2c21ee4b8b41111597a46a4bf8b59fbd1f5a5bc00ff963cbcbc0ac4f4f5ce447
t2t_L1000_1756	5ec8e116a72405fe9d17ba616d389ae0ffeb35c13b2497aa4843640b00b5ea6c
t2t_L1000_1757	5982632e1a6022ef3a6f8edb84501776ff685a0251238126be7f965c2b074b8e
t2t_L1000_1758	2e7d0333a5273e6c66b2335d44942da11cda6c3bb5020544ac2030a5619088ce
t2t_L1000_1759	57de1f2b29bdc15f313daee9ae148efe91b7b8632279f8963c75f17dd1a343c4
t2t_L1000_1760	3c855b4e4661d892ac607815395e789a86358720c0dd486e4dd8b3cf31983a2f
t2t_L1000_1761	8fc7088402fd58c87744f99e6e0954f967e20b8c40e577911c477960085474ac
t2t_L1000_1762	86f53bac8a1b606fb155a986004bd31559d71d0f93d037ec193154f7885b39e0
t2t_L1000_1763	6f5d2f27a3446ee5077216ffad62fe4b5d6ecd3dccd43ed168ed3834dce8e3b9
t2t_L1000_1764	4b1b5dcdbbff629369e3fa198823a406c2944baf4d04f8f7897407031e49c596
t2t_L1000_1765	d97ccb54a2284bf4a1c5423968659b71e3201dd5f99e3f99b9701211bc0c5648
t2t_L1000_1766	104fdef6245eb3c8e9c375ea1ad8756bf28358d4e37549d44e6779f3ac106f09
t2t_L1000_1767	e12f3312a5be5fc6798a1386c63be90967bac05f53b6e7885e2c22ce12bb5da8
t2t_L1000_1768	dd7c2262f491a2699dbf310f275dbd4cf4d5e3cff76cfad182e8c2db2c72a6ad
t2t_L1000_1769	d1a6b0dddcba0578bdda598f3dbb16d428f11cad8bf176da6c107eb323ca90a0
t2t_L1000_1770	6e681098a905da691b1caee41fba69caa70e3a9e932cbcb33eecc3bfdab62c88
t2t_L1000_1771	2c4a1fa549edfc59be1504de3ac131578e3449e47c94d05e6b16a84d8b8c65f9
t2t_L1000_1772	7d49ce3d9a991fea6ce56a93f4c3202c00aafd2182e12455f84edb9528e31070
t2t_L1000_1773	12c49e16d68aeb1e8fced7302074141e6076ddfa3b7c7e88cb300fea63c55d7c
t2t_L1000_1774	b45be87238dd263d35eefc464ffeb1fc978a804fd9e268bf34deae48278d0655
t2t_L1000_1775	a67409e38b0fe654dbb9c4148acc141c7b07b8b5993d330dfd1ea1fe840d1c12
t2t_L1000_1776	0f28277b640132db6e1da279a649f31e33bf50cc21c56a3efbb306778a86118a
t2t_L1000_1777	c7836959feca64ef81b9e37bcc0226ed2e105ee55880912371e005c2a6ca0ccb
t2t_L1000_1778	b4c0d7243b7f389acc2719fe7c09c4e7b5621d538752ff3fb1fd72a91ce8804a
t2t_L1000_1779	860a1f5ef25e8fec494202dd6ba8be096e5d2ed2588335a4b082e50bc1173736
t2t_L1000_1780	bd503efb46cbdaaf85012c0f82f955f37e5c906ebce84b515adcf857b8045d3c
t2t_L1000_1781	b0394f31a54c07789fa6625bbb699482537bafe5a2a96b5d9cb7a93c35a6c009
t2t_L1000_1782	89c42d16d4858b466ddbfe874af0e1b7deda4e710a8fa9ddc1a190a9f0c61f06
t2t_L1000_1783	af8cd0ee2bf5b9b4ec0cb660af9405007284e116074c77d722c9e8c35171f575
t2t_L1000_1784	136a8fe23ab176adfe93604c4491618bddfa96c8c3263aa07f580ba474bfdb74
t2t_L1000_1785	dc896c93c7bab2dff47bf99a4d06ce5b7f002540bc6f95798e1bbee0b92c34eb
t2t_L1000_1786	4ade1e0eee05a52d9bea9c136206224e890f1208295cc598b126b7ddfa910bf0
t2t_L1000_1787	9ef04d7d47e7c9cb243c5e4624a5ce50e3e4ca712623708e5fcb28a8523d942f
t2t_L1000_1788	75ba889ed976971d52599c6ca086d1feffdd41d3d840781508fd6bdbfb459bb4
t2t_L1000_1789	903afb52331691243b7cbddffbc831300d6ab817ee458e8520e18113e8d1de84
t2t_L1000_1790	96e59ac5b067369130a2bb62ccf1e35f9262294f934cc5288248fe3042043aaa
t2t_L1000_1791	4eebd2212d9c7997bdee2d15a8432899e943e9aa5bb77d116968bf3e32329420
t2t_L1000_1792	2d33469ab48e21c6cf21455247f560cf4e277e469587e15d355c9c938c5a4885
t2t_L1000_1793	6d9bf30f8cb29e302c2214b76fb84eeadb0ac9afc437e51d0cef8d51fac244a1
t2t_L1000_1794	daef775e62bb8da8adcc8cb95f71e235f4cd7e35ffd543e58e5c72cd26e2f89b
t2t_L1000_1795	e3a7e2e37051404fec67bc1de6c428345f6e8c9f938d38120a8ba0989826cd8c
t2t_L1000_1796	f7b09563cd4a6af26ff893f320f2d21ec764fdb1584199f826362e7c2000b314
t2t_L1000_1797	960e8aaad23e264ede45acbd75b9b6578c2abfe00fa34ce25e68a39e97282c27
t2t_L1000_1798	156baf310508a4d3ded43dae72cae6588c5dc30920606b80b433aa781bf6308c
t2t_L1000_1799	a8d884e49b194851277e2b2c478d440652623f6d7b87b3fb30e2d061a248b515
t2t_L1000_1800	c0848b3778c1def65700fb6c50d219f3ccfbd5949d3a62ef39e8c3140b8d4e7d
t2t_L1000_1801	2d74d4581f1c20663dfe567c0f2fbb6e77b77ec91883e9758774f2d7a535302a
t2t_L1000_1802	06c1e1cb64d864e7b996785deb341780c6ec0edf968d6cec32924b0b42d708c0
t2t_L1000_1803	03d5a6e8c0f83060443a503576b5a8515157b144d29cf3dd26271a8476cca227
t2t_L1000_1804	e58a852c987ad2c9470673a56c1d0a79bc5f3e9649a57a3cdb3d2f2ef92c8572
t2t_L1000_1805	5bcb75e9aad1efdaf770cf1e0f6c5e470ae7f4e0ab2153290b202c5e21fbb36e
t2t_L1000_1806	765960d57a601a960b0e6e4ecedca2d3c25f45b956b2777b73f46e529f418481
t2t_L1000_1807	663bcb94b7a137ea5d80cff812e8874f5f1c0c7027f1f4ebba63d8f3bdc62e45
t2t_L1000_1808	fc1bc7647983097ef01f6172e4c57b16805f25096659fdbf8d78da3bf483a5bc
t2t_L1000_1809	3a7328788d5bad05977d792c76790966ad715750ca6590773f2f4afa935a130b
t2t_L1000_1810	fdd74d6e9e4901af450a6b823151f58d2e3f07dacb2c2e08c9b0f458588b9531
t2t_L1000_1811	2f07b5843f17082fcfb6b2b12385526cdc3afa337f6eebd73deb36d8f9649917
t2t_L1000_1812	08faecd202757080d47763ce3f6e880ee92fab03b852126a68157f60c0d16da5
t2t_L1000_1813	9afb60644b665f78f029895af6ed0e1ec8b639c495e7210ca3c5e5c0f85d940c
t2t_L1000_1814	35c1e982d0a6621bf3a8f137bf1611fcf21f9fbadac8edc4271e28bbd0e9e0f4
t2t_L1000_1815	8980fd3fe2e5ab811f0f92a53210afc7868b8ec75c6272d0b92fed1341cc8af1
t2t_L1000_1816	c6fb6897724da147e708645af55747e2b6b4f41e87b1b4e6162426bf57182455
t2t_L1000_1817	712be57d233cf6e8ea3f90f73bf20e6a622cf8abc66ece88267849aa6398c31e
t2t_L1000_1818	469a71bc9d28509259e20ebd759071492698ad760f209b4b1dcb8f3973669d94
t2t_L1000_1819	c35ebaf616fe85afca3f984ecb1fbdfc91b04648917823727e245d14e65dc7b6
t2t_L1000_1820	5271cbb54600f2b96f3b6cd14d92792614ae92f49f52c929514995ffd5176bd7
t2t_L1000_1821	e72abe2de06d93ec4a35f6dedf99b73170300ed20427c8e0dea16eb71bdea67e
t2t_L1000_1822	0d566fb43b5bc3814b23cef73adb9ff3e1c79870d04dfa364726682f5d0a8742
t2t_L1000_1823	fb001ed1a4e5a961295d8d315fec3054bee15dd60bdbe14b88e1d31cd4421ba2
t2t_L1000_1824	ad8614a4b3cab0388aff8ef7bed666e353f37269af3acc5f841ce20f06fb2428
t2t_L1000_1825	8d77e244d6d6f68fd20f4798962f6c4b1f16eabc4a5ca135de7b064dd955e766
t2t_L1000_1826	1c3c1734973459372eb30dbc656563a739996e8cf3cad4bff3784b0efe88486c
t2t_L1000_1827	0af1de62b1ae1ab87641e883b8698d2978ab6d716c504f699e14459f8b184fa8
t2t_L1000_1828	fa7f094dd617f6b3990967e16cf4a496566d558710fd9916849918b345c25924
t2t_L1000_1829	f8ab9acc74ff168ded229239613bfb4951384ed8cb3d1bc5981b4efba600c91c
t2t_L1000_1830	ef20457cb0df75a56ce8bc0e9aaf5e2c56682990e53ce18d81619dd0fa7a3f5d
t2t_L1000_1831	6b0df03a4175850c7cf01d230117dc510d85adb85ecb487128a13da007fee80c
t2t_L1000_1832	057f2aaac485b532f3bf4389fde920ae0e2aff2944ee216c1011d2eb2538b158
t2t_L1000_1833	6397a251d3a41434110ad572983b58af7142f001c724eb72c77f4cf72d229508
t2t_L1000_1834	9cb12edceba22ce8f5b3674e20305281cd35746e72a0b357db76eef4ea0433b0
t2t_L1000_1835	909152a67668ec3eb9a5091f8a7f53cace909c5c298a866aa9daa21917b3ab2f
t2t_L1000_1836	dc64509b9fda9338a6c9791dc3b4bbf65e606d26f4a4cc15e9e0f6d78786ae0e
t2t_L1000_1837	75e5e18e2cd65be61a834f785df6305c34a84270486995262fecae7463d9c0a5
t2t_L1000_1838	a6f0d7400a27d40d366bdba4ec2386ab2b11b3f383407671cad7f0df7a7c8d3d
t2t_L1000_1839	ea84f6942700f678c33df8a3cacee842c008bc5019adb991f17f78f01338c1d8
t2t_L1000_1840	8a106602e65b35bc9a6c73f2e4cc5a5035111aa8b42ab966619473840875e96a
t2t_L1000_1841	12c2ec2d1519b49e317e4088b2021bd9c0b940598a58937a9b2a11519f4e8c7c
t2t_L1000_1842	5c90db9c665ec6d8724267b21994c548be67e9794436f8db76c3eb53559f3e60
t2t_L1000_1843	9cad6b20aeb9b03d2ab4be3ceef96a8fe235c0fe92db35b9d712dd6b3d07a34f
t2t_L1000_1844	bec4d6984c24c9124cafcbd9675254b3846960aeebe08d542d61790ac805b1a3
t2t_L1000_1845	c056dff2be1a4f9fa56c948dca7e2a7d294eb53bc82fc81a8f182ebe9e3cf9f2
t2t_L1000_1846	19682886cd8158477a85d3473045f5da7c945380fb76e7a9b2303ebf8dd30c68
t2t_L1000_1847	3d4e67fd530fde40e7646db1cd29fb4dc1aafa5f60b8cc9abbc073013b15dc81
t2t_L1000_1848	bfc85a5b74f8a4ce63623a485872211c0e3c287ba1109fdbcc0bfc0f7cb989fd
t2t_L1000_1849	5559e78757eacaf0c21d2162c1e6e180a6b7a28625ca74b9e9011b62656d649e
t2t_L1000_1850	b971bdaeafa06d62795c03e08c34ac37b2d9a9611763714b6d007cba5e2bab3b
t2t_L1000_1851	115898302a91891fd9d6a7c71ba5e0add44962ab17e52efe678b4163bb74779e
t2t_L1000_1852	1c611035744455dcbfd1a40d5f498ef19892a3a18efd6556fa8bef2c33341e7f
t2t_L1000_1853	cf3443c80fafcfc3959c5282c9e814258c549a28dfc893ad721c7338b8c05c43
t2t_L1000_1854	ff06a6de7d72c703e3a6e9015c823ad459f646aa3181232d3504387840c9b18f
t2t_L1000_1855	1a45182033a15466c16bfa4ca5dca0cd90b29f54ef68b15079ceac1fc41255a8
t2t_L1000_1856	f04661188f61026de5284607068d221ed4f46f3186d9f426b0aa5f6c9f58c5f0
t2t_L1000_1857	8580bd66153efd66dab9cf3519dd7a1fbbb2a6a4d3780618b47b207b12c1037e
t2t_L1000_1858	f679046016661478f0c29310c36700450eb06f49a60dae7be2c445d825e494dc
t2t_L1000_1859	4084fa3e11a14e6101a92f36811de310b84f1947e7bc9bf1459372b49b3d6c19
t2t_L1000_1860	fda22717cb34dc44e369cc773177a3b6012d21ac9cdf82d232283f30fc3af170
t2t_L1000_1861	5b40e240251212cb47024d8cbf51cb4751cca957397afd018e7f7d7e1e40fc7c
t2t_L1000_1862	6b0ed942f1707a055802e5869a914688ee6128fb518bb766cc6fa916574ef9df
t2t_L1000_1863	7d823e6c2d8c9ae63bf74f17c6f0706b6c982f5e98e4a97897e9b8f21ee7ff97
t2t_L1000_1864	bd13fb13d432f6fbd52f5f2c9bfb96fecc78fa198eb6f3874ac9ea91d9b50fd3
t2t_L1000_1865	cbdb4c1f622146778fc3be78ca50b0b574a27bdfc4453dda28d27371c6be0ab2
t2t_L1000_1866	f2fa288e4ebb8f26cc83adf45d5474370289232161a4e8eb26477c350962eaba
t2t_L1000_1867	2ceeb2fa53e4e71b7a35d983ac747468026dd37349346c93b795762425d7bbf5
t2t_L1000_1868	3ee7f307d00900b89653d1cb9cc59f774e2efe43750c45fec631a25cefbda26d
t2t_L1000_1869	5729e7395b14a3c86103d8d9a47e15536d78c677a1d654def729d61fea93e202
t2t_L1000_1870	7322aa1086fe3b579989b5ae16f17ab8d218c913c3b73fa23699c32252b56ce1
t2t_L1000_1871	2b9e804c10454b9559a58ee9f236ed0041363a2afb4027345f6645f03a26cd00
t2t_L1000_1872	a22e1933dd19cdb03b2b3a3e63afedc7ef9b298d7cf363b61ffa1d90118d3bbf
t2t_L1000_1873	b236ac49518f250562e716692de1d291ea87c1b7f715e5a3a29f31b34ff838c5
t2t_L1000_1874	159415b50d6a7f2338644ade77837e5ffcc57b64517718defaa3240cd5d6e831
t2t_L1000_1875	a16833e3c50c1fa402a3d001f5b5453f107cf35422a906a97f951b74b77104fb
t2t_L1000_1876	4e9cb87038fe3ca5016ef4235e5acf8be7b54f3a98fad9ab68661416fec32bac
t2t_L1000_1877	05003e5a82f14039374c3e5d830344fb3d9c22f6986f9eaec4fef623f0fe59e2
t2t_L1000_1878	1f8017f8c3099015be4732855a8bc92403346ba38420646efbc8107273ef9b1a
t2t_L1000_1879	0014c21563e4704b2b55e3a5b737ac8ea053c827189adaef80dbd5e226359c03
t2t_L1000_1880	320d4d044315368fa980ec52c27b73d7da2c8828d81abf3592add785772e06c6
t2t_L1000_1881	d4665893190dfcb7e0f0717cb5c83e15a82684eb2a23416de5b64b29d89d5335
t2t_L1000_1882	6b4b2b4dcd1da335f6140a64abb99f799969d409d66ec46386fb40d9c9dec262
t2t_L1000_1883	2e8c5a45dff9333e465040ed3e817da40e1c3eb0f9fd9768fce53f73a9304abd
t2t_L1000_1884	e78d37510fbdda3b7cb82d98d0131e1d2ff0105a5791f4142662f0d5bcee2e93
t2t_L1000_1885	5d5c4c699d835c43d874a2b9a88ae8f1737c2f00ef8c19610b0623c3a9fbc301
t2t_L1000_1886	f8b8ac18f343d0c6e1fe40d4f6438ea408a95640425d63202c5df8a426dc91a4
t2t_L1000_1887	5a952a5543acb2ae60d9d5f0058d98a05d3db47f2b2835a58191daa099e4f508
t2t_L1000_1888	31c7a38d6ba67b08397062d09311ef6d13c4a62cc50e1aaf3d2273783a9e90a3
t2t_L1000_1889	085beae456b8317455d10d525cceca0215c5149813a389f1d7bb82555c5566d9
t2t_L1000_1890	fe385a64b6a4db4ec0eb63491c1a7be02f01c0bf20b8e1fff37fa57fe1b7c5b3
t2t_L1000_1891	1c08beb4ce005d5fc5a34e37f505fbe643ec0b6d8db3e3d3f4274b1ff3c2e291
t2t_L1000_1892	eac4afd25a5e44ea9587c6e70b2c581ff7ca136d50ce1d71cad635f2af9ea558
t2t_L1000_1893	c99158d742a2b871fd135804156cc5bd2d44e3a6deabd4cd295527188b468620
t2t_L1000_1894	8fa700e9596862f10dd2d912d59c8adbe39fc05dac6a989a733fd7133ba280be
t2t_L1000_1895	3e88ff31d030a5fc1e2b1bb1dd8f9406bb1eca47de5377aee319dd43a774968a
t2t_L1000_1896	dc6b6608a6a34888dfc83ed6cf1ed908a7864a5746dca0236ffa4e2465f4f7dd
t2t_L1000_1897	0078a52a18d6b3c9122119d3d08d0b11f52312a2969053eda1f7765f3db0c0f2
t2t_L1000_1898	930baf7d6ab29906921adf8c515dbcd1f94f2d25b93a85fdf1d863100e3236cc
t2t_L1000_1899	0f2c05e624df8c53504b065386e3c7a8cf1e040fb6d4389460693289d779ed28
t2t_L1000_1900	bc003b7a8ce3adfaf733b6bcdab91365cbfb6c945eaae12bea893ba01449f0ee
t2t_L1000_1901	56b6effc57449013fcc8527a49da1241de0342b28d4b781b5e6a2b85e9c24e99
t2t_L1000_1902	90b73da6c9493239a084af00f1b1857730199349779b6c23bcf013721b30b80e
t2t_L1000_1903	b8bde3f9921b1aeee0fbd60f103a97c22631868d3958f8069261c90140cff8eb
t2t_L1000_1904	3aa16a1e996c8f9af2154a1b62c36c79519195d926d1b35711bf4e0f65a517e9
t2t_L1000_1905	f6570bbd7a6bbbdf690425cb90775a97e367a796eedf349959d3883560cccab0
t2t_L1000_1906	27c71826734bbe7ffa51d36b9d5b29d89adf9c6989f1754f7590ab6ae3ec4f43
t2t_L1000_1907	0acfdf9b0fcbcf155c90964554aba34e21717107e7e5784ba30a589fe57f35d5
t2t_L1000_1908	ad5ca1d5144397578893e456e6c1433b7e1dc7562cc721d6bdf36c0e1aa8657e
t2t_L1000_1909	fedf526d0eac7365316277271bb5ffd1d1da8fd0b9d5a390415f2663762b485c
t2t_L1000_1910	d32a9454afe36793750e75d3c3743fe10326c2c3228a407ffdf6dfad17a9cbf8
t2t_L1000_1911	7c77e948cce3ecb61d15e2574ab0d0a4edadec9b457ddcbd5673d1a16456d8cd
t2t_L1000_1912	378e30c530ff84d544bf1720a292509eb87fddf4370faaee7884c00d4c415edc
t2t_L1000_1913	e37f65271a617762f85887e11fc611df88d085a917b6c7e2384dd8b9a4044c59
t2t_L1000_1914	d213a3c11c4bceb262736be83f01dc4943e465a43193ce4b8e6a829d5ba54c0c
t2t_L1000_1915	26b6a181cf0572083236c416bb23bfb91a1af7d9aeae5e536f052a89487cdd1c
t2t_L1000_1916	5913a1e99317af5ad2e33f1716be58385431913c0fa247fbdc28a444986b52e5
t2t_L1000_1917	8c22eefd6e15923b8897e64da0cd16cb34a14746c56f07b29a943659367595da
t2t_L1000_1918	3da04927e0d57b2e28982814b82035c8168f841780063476f4c5f02c567736af
t2t_L1000_1919	6d5a393934af0840eaac0b61290a56943c86fa8c6b21cb0cc60eaa1173558e80
t2t_L1000_1920	9377aa4b35adbf9a35dcae7b782e6b47bab9767aeecd8f10a1824f6534c65d5f
t2t_L1000_1921	abcfcdea05c3b57f8b47bab81a46d4629e13cddebd5e3cc4d275aa0e4efd12b0
t2t_L1000_1922	196d517b20ccd3027bff699a43bfb6dfe171f174738b82e679bd54f1319dde62
t2t_L1000_1923	db3c1eeb26ceb7709319c55f204cdb2f41b8e16d42d0d8c7b4b52a1fad376a27
t2t_L1000_1924	b2ed36b0f9a5633e25e0c4e932f0f3ed4922083337b94cd9035094ce77b45c00
t2t_L1000_1925	08a8a0d477b2df0466fcb8ce337f6432f42b06689593cc561072194784430880
t2t_L1000_1926	0c90759c55fc9acf131a8f37958c8b2e4e74bbe37906a95bb516518afbf266ce
t2t_L1000_1927	e407f05c933b03e996057bcc4acc2d7d610f8cad730d6747b3a9039be7e593de
t2t_L1000_1928	1b32c0e8d2832fb754bd37b4303d3f6e064fe79391d8a9672308e23d2b07d0cb
t2t_L1000_1929	8103ad476a938db8782998b1d8f84da2fdd1a464304f5b1f270ffd4205d57193
t2t_L1000_1930	8849e389a078164caed41978b66924cc36952e8579e72dad8e6acc3906281457
t2t_L1000_1931	7f8029de11f163ab051169d7654655c915afc635f7c24a6679bf9cc017785695
t2t_L1000_1932	e62324f93bc73ebb248537e503840727cafc2189b25c029aa0c920112d4db23f
t2t_L1000_1933	46ca4d84cf6772ab770dcc98c1c93ce6a624ae5b4dc2e07edbb24ce7be36b1d7
t2t_L1000_1934	fcd4cadc6c58345b433b4cc302b88b88cf7d47e3f5257f59975a66e46a66c93e
t2t_L1000_1935	cde905768fcd727cad95544342ed743bf17ea9d4ce6ea0d305e07036634b9663
t2t_L1000_1936	363c69ebf01201f2341ec4548cae9d497f81fabba3abe847cdba21ee449f2b74
t2t_L1000_1937	4d2ae7f6deb553457ef1d0cbd8aea539d799abf083991ba255a8198b9a73e6ae
t2t_L1000_1938	0eb591990ed920b1de93869fa0d93791927ff2caa1ad8a3f8521ec4f3c1a667a
t2t_L1000_1939	7751d48570d39d727f4a87aebcd4623bc5fd7299b65e98347c2c89c5cfadacd4
t2t_L1000_1940	de5576942366b07f3f288884ca0bef0c578017c0bc38d543d6483a3c22804a85
t2t_L1000_1941	200314bd9f20418d02eb87e7c621c1afe184162b7d72f9c78bf334a410d01650
t2t_L1000_1942	1fab1b525c18e8db035d6796238d50283e356bdf7aa4f4ec30b14c49037d0dcf
t2t_L1000_1943	e8df97f43a59e794df9a7fb866953bb03dbe79d3b0973cb25e3702c5ac4bbbd6
t2t_L1000_1944	061df7785fe5a6ac53b24b730ea97b4220488ade22e0ad493481e79b689b1cd3
t2t_L1000_1945	30c256e9ecb7cfb1fa9bb38a444da5b969b000095bc5d5cc824f80d530687e92
t2t_L1000_1946	87090c537ee20bc836b0746ccd249468186b1c8c5c9b73eac439af542f7211fc
t2t_L1000_1947	30c72658df0e7b06e195d3715b49c59cc24496eafb9ea0b7b7a208ce6568817b
t2t_L1000_1948	96f7838fae9c40690d3733d7988a5438dc1f75a60354f34733be6b1082706ded
t2t_L1000_1949	6d077a4b71bf9d03d14538f254d4af2017ad47952ac98e3757e9a198eb9a3efc
t2t_L1000_1950	cac54d5ec0e3879c2b34feb8368fedc8a327da348f80cd2607c6fcf46652b05b
t2t_L1000_1951	4ee6f12778bb43eadc5a20b24446382b4d0f1d3e509fe94f454f2dd3355745c1
t2t_L1000_1952	0b9dafc76afdd97a63eb20d435435fcbf4754d5f214eab87d1c8b87476aa5983
t2t_L1000_1953	b5f505b97959c2b27c2c08ce70cc9968f968f61b443db54ec3ffa781a354ecbc
t2t_L1000_1954	63af3bcf22bcb33ab3301b0ff78fc03fae301382ee8cc0d6d0bf7ee516883888
t2t_L1000_1955	d24049f9a48d6dfcc76014aba77c71ead6d165d0cf1796928fd4530f60a5afed
t2t_L1000_1956	fe2e6d7712cf0dc7ff861164fbffde0502be0b09444584809cd24d3577e3ff66
t2t_L1000_1957	8d598a26d88012fbd03a113b57b072fdcd0e942ffc4977ec6bb4067a2fc1d6a7
t2t_L1000_1958	f6b71dd0b608fe1a46239c43ce93c1164e4a655e7ce8393418433b109dc58e96
t2t_L1000_1959	63e7c757b93a685f2537d18f4cc15e2c57b2ec91424ce624560f93b0eb276660
t2t_L1000_1960	2228c6f0fe8e8a842b78553a910d51f3cebd511b8cdecac9f324b76a459733df
t2t_L1000_1961	e1410a5d1e94fe848c3e23cd4a2796e30ef3da9113a389f40b281e1ac603aeb9
t2t_L1000_1962	0fff9e537fe4ae0d9e377cef6a726e2880ce54dbca8e8404882a7c033aa1f84c
t2t_L1000_1963	d05e0f9d5a9e50f406e98a4123322de411a8eb39431dbe6b3c71e058a7aef2ab
t2t_L1000_1964	25be8b7c20980bf8433c225896bf91663ebfdda1c897de9349dc951cc431578f
t2t_L1000_1965	c2d139bc7ade1d8710d22324d9672e9991f7aea517bf9535e3cb967993bb017a
t2t_L1000_1966	55cfd2c6cc7f7592ce82fdfcc0360d222b461b58f20d0aad8547dc154d08ea49
t2t_L1000_1967	d9937da256ee818a93c2cc7f43512a854e038297e47455309d50b4db225687d2
t2t_L1000_1968	cf2025dbfc049a4bc872a92d3273eff56b7446adb895cc0785e6dee30a54042f
t2t_L1000_1969	4f43afd87444c5f6b0ef306d7a98bd58f56b945f9de49426acb59dca263f58ae
t2t_L1000_1970	1da29b9be5255df6432861dc2e6b05c938a0152b57f3cd37d425af44a646c3d0
t2t_L1000_1971	f692b95384682095bf65f178c38e29d057b910192b8ce98fc7284b7982f38581
t2t_L1000_1972	a049f3148c5ab0912360fd740c846bf1ea6dd562369fb8d05b86bce7db152142
t2t_L1000_1973	7844cf47d7d7468a4cd2e69e6ec1b7a7d8da4a6165a7cc35012267870f01d5a7
t2t_L1000_1974	615269a274db75f3db8ba69440556d3391529285afefb893d83ae88f8904ff1c
t2t_L1000_1975	3026a5a6cf1dc4ec2844f8cc5566e00b609398e6de867fbc1aff83d8db9d3737
t2t_L1000_1976	60a911a05879a64b1d22dcccf5616fa7e3ed0ffef233356d1a18fac3f4e133f6
t2t_L1000_1977	b2db41f6fce5cd0f243705cd3d10188e6d8fd71df8f3640c0ca1190a72c508da
t2t_L1000_1978	7e89d6c65441822b6a935063f66d045765ba363b6a1886725be7f963763ceb4f
t2t_L1000_1979	02fc64ddb74b5ec3c3a0c36ca50986b067b91fdc668fde2fa5eedafb43cb3b40
t2t_L1000_1980	b71b944b81d0961c675b255af3aa6a2c2d2a07c3a745e20bd9eade37a07c25bd
t2t_L1000_1981	f40dbbec6ac680006cece06fec461ce8cdd27b039b265d19097e346ac163cdc1
t2t_L1000_1982	562d187de9e258a918eb9763ed632b1e2f6cb7b94a5eeec201b7b88d8a7e3a8e
t2t_L1000_1983	bb4ed8f55ead7fa30dd4b0999d79e0b3be73f615f4ee81d775da739224fb45f7
t2t_L1000_1984	ab2f07da815d392ef12e9b8968a9ac8ed62cf0fdcb40068829e3022ed5dc7eaa
t2t_L1000_1985	016ecb5f64cc63188e4a6df59d60d256b15205ab8f46385e1866155e73f74817
t2t_L1000_1986	17f04d82ec353cdbcea76a1d606fa4aa2e70aff6fcab3b03bea47be390e68088
t2t_L1000_1987	f4e278629e09194a0dd1d3854fd672d222aab0b7d082d98c12d641b46db6169a
t2t_L1000_1988	90adbfa52f88a1e074b63933594de5303c476f308619d314518035a908a9e304
t2t_L1000_1989	930436ee5ca636113478f17e7af9e5287b94620b4f0e9a2247c2be8a233bdd49
t2t_L1000_1990	710e0f2ba67de3b7e08b1fda558d44b0b145e72e7d1aef1fe6059c3280e5d740
t2t_L1000_1991	620dbcf23d6b1c9f974a0302b4484ee32a0fd5ffc41772e69260dbc653be8eb6
t2t_L1000_1992	2c9b6c4eff99d95310c95b0df57747f78e8b2449a2856eed3887639384050a3c
t2t_L1000_1993	a2dc1ad2609f9766ea0a6b62d9d1ccc7f0a97c6d3dd6b0ee5b3968b5b34499c9
t2t_L1000_1994	4df6e459e70403ef31cdf862d42551eb9979b03dcc76193991a03f495b4f7831
t2t_L1000_1995	eca0a92f4a216c98328cd0d8f2051f57b2b5df2fb3593a35cc2f71d335b9537f
t2t_L1000_1996	720f17244aa0aa71bccbb562bfba583af1ed2a8875fb2842ee847ac6efd70f41
t2t_L1000_1997	3799d682be60de8213d1c2495797ae3561592f4bf2255d05126539a2c1af9c5e
t2t_L1000_1998	934702b2ce87ba39717f99e7faa155486dfa7445773883a2093b16894ec333f7
t2t_L1000_1999	dc5f18f161fd58f8ceee7d64e2547ae25762b26a58adf03f5552ad69fb1e4696
t2t_L1000_2000	9a6c84174eada0872631bfe2bf2a91c79b8d6fa3a1b1160740050d8eb7466c22
t2t_L1000_2001	d08d0de0ae2dc84bd0cc3f0ca5e98bc042f0b8fea86e0515db9d3b2671cb93b6
t2t_L1000_2002	12ff2f181fac6f2f3f3216b69971b628881ae56c5f630de03935ec237fbe91cb
t2t_L1000_2003	50731f6470b4c1b7acb0436bcd7e45f1a4c853199507b6ceb9c9dc72b68659bd
t2t_L1000_2004	1ce9d2876176e9faa6fb05ec57c6e5599c21d8f5ce6eac7e9083ffaf810eda2b
t2t_L1000_2005	93948df5075c08d7015cebf9434f1bb713c05a967b526ad7084d070a6a610652
t2t_L1000_2006	4960dead88edda24fda7a4e7874d99f473c511b4983b0660447a25b4ccc422c7
t2t_L1000_2007	2986634ce9f7233f9d43293209c77ebc6589d80900852dc1757d236a35b4b4ab
t2t_L1000_2008	a655e812b73be013f371c2c952411a33f1a5f034069958c134c067069cb387ec
t2t_L1000_2009	c0d7be3c9ae269912c9b1352b5918849b5dd67e07898b442b6f2879ff10c8e70
t2t_L1000_2010	c0faa739c6b076bb7189b99ee6dfcd76ed2b2ed31642f896b7fb6b1fd1fdd7c9
t2t_L1000_2011	6819df5c6fa9c000079110fd973797f83a60d47d514fea930ce43d270e0791e6
t2t_L1000_2012	f0703d9c0a838c533f7a45129fb86e1fae2fa185c62afb0b78bb82c7911c27a6
t2t_L1000_2013	c21787d8cbb14ceeda341a6a8942fe9dd0b1fff67657e7e1359c3cc4fbf3370b
t2t_L1000_2014	e04620eb6b372faf14e3e0f2afce4360270927b566ab380726fcd6c6cd50ef24
t2t_L1000_2015	4cc8c50a7a7823e109b45c4dfcf6e330b3e0cad704827e4daff4834838518431
t2t_L1000_2016	759392e9271ff235f5b83d30736fe0181a0f97692bcce7c8f057a70e10b99e59
t2t_L1000_2017	617f914a7fde6b1bea81f22c8c1600094bb43b6462853975a29dfe8922aad82b
t2t_L1000_2018	ae65cd3a5100d7e1df70a0b531226d8209e29362c5387ad48b0e721925a73535
t2t_L1000_2019	4a66aa0e067e0c89696f88888fb7b4dcc9bd1d410db16a9eda7c52f0079947cd
t2t_L1000_2020	66dbc7609b9d9404c9f46e381b3adf98e1884af7cd47b40f40afa9b9265604d9
t2t_L1000_2021	d849b67e853a32469c95b6c9db6b006cdca58bc2fa5920637813d1fcc3bb2e2d
t2t_L1000_2022	981039505046d6c51b336f00feaad8f6232ed0ed3d9d03691fa192309cdea404
t2t_L1000_2023	60827d5f7c83b4a260c97947f9a8e636b98f71e4dae4535120f2e1a98dffcae6
t2t_L1000_2024	28e398a341ec115ddf0d529c11c8e9ea0f95f98d4955745888c82b4c33555236
t2t_L1000_2025	d3cd7662b01844902e3ab8267f41bc029bbfba5404f4b6e91364f9b367a3d660
t2t_L1000_2026	bd44eb0e22c748138e982d7939c46d802e31313b29ee7bdb6d523266979d1712
t2t_L1000_2027	bdb485fd0b50cd96f50cefb5eb2283197c8406844f2deaa5926f9fd3a21b0933
t2t_L1000_2028	3aa5253638308a061527d9a11c98192ac82ac132c9a77a03649479a394e3f51a
t2t_L1000_2029	13b707c782edc8f7c361fa4b03ba8a0e4ab1e2061c458c78faf5c3210be040aa
t2t_L1000_2030	d447581bf7d1596e50f0c861b0f4dd4511a67bd6fd5ff03ef36bc86c1fcb713b
t2t_L1000_2031	93681b5a6d7dbd1e6046c4e7534eda806a7373b6f91a2cab6a2a89087593317e
t2t_L1000_2032	ce36d996a4d74afcf8090aa572aaf415a27d44eac36269b7c21741c6eead49d8
t2t_L1000_2033	7914f19e33d35a93995af2e277c52f38c3c3153ceaaa6c5aa4c1ce19b20ecefa
t2t_L1000_2034	f1b6c6e9d476e1801b24682dae3cfcee9db43d13647146ece757e7ff78d334a7
t2t_L1000_2035	72477f5127c69d811594c4fa72b9b8d24038e2634eee481b43ff8ac3326972b9
t2t_L1000_2036	bbba90f80807ff1ba7b949d126a37de246413fb45ead0e60c9f410b2a9229b13
t2t_L1000_2037	b4ea825262e4915ce589681c8aa2c4fa9e523d86f0f6d242d91e5d23947246a8
t2t_L1000_2038	5abdebb5fbf5eba176e55d6839679408f4d3d37c1c55bfa122054dc689eda469
t2t_L1000_2039	5ce9d4e29443458a1317e976c5a2fabe502a756302a9d48f7942a361805349c6
t2t_L1000_2040	be4067fe16fdf42b227ca28532efd9e138fc64f857861237151aca5b8441b2a8
t2t_L1000_2041	c9e4b45a1789aa2ee1d362d6a19304f2964a54c1f34aaf96e132f600c52b9c87
t2t_L1000_2042	5f0dd51abe1d6b2447ef7298b45d404f9d2cec65f150bb91854119c545d752ff
t2t_L1000_2043	b4d65da08b3c2e638bbda6037bc8638552cbf2778738e9fcc943fba95a62c41f
t2t_L1000_2044	fc966235cab3653c3ccaa92ff45f76a6a73b3d8e274c9acf13b1637b9ca2951f
t2t_L1000_2045	663d672e9b08694424267ffdfff5952205ff1258be298c902205225be1bcf01e
t2t_L1000_2046	d2dad78d0934249542caf44cb3e8539cd1613aeab255fe5a14bcaff9981de396
t2t_L1000_2047	11780bf37d5fc4c33985292ca6d9c07cc9e7f46cef66e7b58ec796d89fb1729c
t2t_L1000_2048	7d22a241c1a81133d541d2640bef5fa21a1eac768ff55d6f567256a3313f2f24
t2t_L1000_2049	a59d9791189f859e3547c6e304840147fbf90557d40ca78ca5c77ce083c75bb6
t2t_L1000_2050	985338b558442c1c33bf58f83b741ebd1dbf385fad5a4b9514e5522938e4633b
t2t_L1000_2051	f6e481ccd148b17fdc520b3b33d80c95e3359934989fa237eab09a4a2162db60
t2t_L1000_2052	6991de0f97c46d2a96b730b6cb0dfc66a04ad085395eae5eb10545bcbfea9f0e
t2t_L1000_2053	d381c0d7a7232d39ff047b83476d96a3e630a59918bff0187c0f2045cd72d97b
t2t_L1000_2054	fb873f92b9b5f069929c28da585a51e1d9429125c872d4eaaa467b355dca4f76
t2t_L1000_2055	5386fe396825091b16e0c679c17e73a48e2519b9f64d77aa83eea24d15340d8d
t2t_L1000_2056	358f282e6f9ab8b179f89ee119616f36ae6c9bb0443ebb3eabd5b9f98bc5f614
t2t_L1000_2057	c00bedc0ebe3995e8dca96afca1a808cb6b9c2cefc91f53541a0225e17f07ad8
t2t_L1000_2058	5f4de2d3a5ce7c1835fc26ed611a926de9dde3b0a333a2f8024ff5de4a5193fe
t2t_L1000_2059	2ba9d6be6fa5e1d5a2f85c9caafcd92654472043abd0c9b180eed02e7872b39e
t2t_L1000_2060	7bcc04dd3d12bde8ce6861ee69fe42d1598045dc02c17b116b23eb98b218b646
t2t_L1000_2061	dd5cb760ff24f74b108503159070cbb59af8408ffb73cdccf468b5dd7815b4ff
t2t_L1000_2062	1c914fed8f1736f8cde1fc668cf1819372fc498481f590f2a5874a563efe3de4
t2t_L1000_2063	7ddc388465bfeeff065e070644e64d4b3167411f162ac44143619862c5e3a3e0
t2t_L1000_2064	d4e091fab313fec34de2266a173ee014c49434cf537fbde408d03d6794540197
t2t_L1000_2065	d2f3264bb2ca3c7a84f16e627c401be1c4c919b5d57ead4d163299d8ef28c61e
t2t_L1000_2066	880f9ee7dc0883f3ea03f01af23dc31d1c3324c5f525455de18d6d57aba72ec5
t2t_L1000_2067	069b303faf581e44f308341b6dd73d25ff8fbec4eaf9810bba61ff3610c9fefb
t2t_L1000_2068	d8b4501a0c46b955b154c9c549c864dd2892a4e044ddf715e5a4ca28b2efb039
t2t_L1000_2069	56058fab44dd47d559a850bab60eb2cec0af988bd38018e8d9a77bdf8eaebcd1
t2t_L1000_2070	a24507174d2e0091334f9a6f380d50ea946848d7adeab4020feea2b76c4d107e
t2t_L1000_2071	bc20f84bd12ad2fc4dc42bf236c9dfb315f4a980c40c06b211ceb3242a2ea6f1
t2t_L1000_2072	485b0d9c61771a2500cdf167f5c218b521f4984603028affce130c39165576de
t2t_L1000_2073	eecc5a304cff42bbdc58267686f3de91d4fae1ed998a8227fd15bbbe5aff641d
t2t_L1000_2074	0150034203ffd87a76099ab3e6a95815c0555d9115eea1fe48b273bb053fa646
t2t_L1000_2075	be1235c85658b0f24f1813d74c4d121bfa6e6e2187ca60a09954d55b558dc674
t2t_L1000_2076	89d14884b6afba765fd6eb7bf10395f84362f1aba3c7c0a7c489b6cd66288461
t2t_L1000_2077	10f5c4bc46410635a26003bf4085685253d1776e03f6f819148cae6eb62fa7b7
t2t_L1000_2078	564f087a8c7ecfb4bbae0eb839804280e2585d639228765652f15e95f67a7066
t2t_L1000_2079	b877b582486d5810c77a898f29e6885e4f50e4c73738f925e46772b94104d2ab
t2t_L1000_2080	02eb7b4a22ae03636c9993bfbcefff091a8c11d330b1a0b767ada05add0a8288
t2t_L1000_2081	e9d3b333277a254604e40044d1cae0e09a38d5d66b9013fcf7d4cab27854aba6
t2t_L1000_2082	877a1ebb168c8a7ee7d63fadd454684c4fe1f9dc7c06abce2b2db2ae45f266ee
t2t_L1000_2083	1c0ba9f755a5599738b0cd8d744ecad5cdac653bd952f19be4afeeac2d8d6efd
t2t_L1000_2084	ac3f331924da20ee3b986db7ad49a4c6fc7b7098ac13d424a17ba402d106e48e
t2t_L1000_2085	eb2dc5bfbb592bfcef97023788cc3ff14256869ea160a11a46dfa267ecc126c4
t2t_L1000_2086	ada19da1e9249523ca53aef9cacb06a6e4f09fa6520eaede7f52823138802326
t2t_L1000_2087	74173ed3334a5059fda864924a379f2b0f9f065e9d016bf498a8a71cb48ac3b3
t2t_L1000_2088	d22bf47bb94ec0ab1d981a07184d77cdf575dce7e66ff859f4bd4cff8293c934
t2t_L1000_2089	f41ff74643258ec4ddff4d0b588571c651fa48035ca7d197cc5646c6c80a0290
t2t_L1000_2090	08a35c42b7c0d30b4d81808a5f514712266bb03b10a5d3fdf0dcd3868ef10ccc
t2t_L1000_2091	810d1bff3699a9b3cc11f9886ba83d924b423e9ed7d0563766deb41f4e929bce
t2t_L1000_2092	4d65d31a6e515df5637a76aee56725da0c85c49a62d7c1b14e64c29871c11f9f
t2t_L1000_2093	819c64c1441dd0fc5a67329459bf750f4c988091b31ca5ebd62d486d7795b0ce
t2t_L1000_2094	d2181806317e5c8acad21571dc769171411bf64b9df03910fb0b6b1ee2f13ac4
t2t_L1000_2095	638ab1f1ad4c38b6910b69b5a83f8948c9756cbf8946ab10d88f85223dee9505
t2t_L1000_2096	9163576eccb42cc04870682cdaef928bfce1cc3b7c4efc6b2c55773d75d7580e
t2t_L1000_2097	5bf149910df65c1300f8b903323d307d8118c7c2e749a37339d4d13857a8dada
t2t_L1000_2098	ba8822f21cc6df63be9616a95aab745730c257946271e2192c2621c3199e0478
t2t_L1000_2099	6a7af575421f70e8fe7ac3b6098ed07b799e4f9d92fe94cb06d72adc3bd5f6ff
t2t_L1000_2100	e59f39f806cbdae70eeab0e51df570cb01fc0a6e0407ebf640368c08c1fef412
t2t_L1000_2101	c739e2fa7497a76a370ea7618b500c8b749f842d6c78e899030f6e405bbcbda5
t2t_L1000_2102	6d1ad7fbce2a3574c692dce7035ec851e6881acb7509646fdaa2c27e01749df1
t2t_L1000_2103	51e5fbefb04b03863ed9f9ec6ee04933bd7490cb61e2d67d350fdf8427637b90
t2t_L1000_2104	9a22ee46cb675207adfd8497326d622938eaffc2120d4eb875b538181d001b38
t2t_L1000_2105	e1f20b232c6f813a25dacaf716db882dec2f3a36480d99a4232e2575a682722d
t2t_L1000_2106	ddc72544e87026977257674edae067cb4ecc0c98104deea46f53a68f603bc099
t2t_L1000_2107	e4c5e41013a1efbef8a755ca8622de34d6d10b73e21167a26df5a2a11ad771b0
t2t_L1000_2108	79243f59aad8780c69648b31824139dcbfab9a3ee550964a7afebfe0bb9551cb
t2t_L1000_2109	cbfe2b107c4b4e20520dcddfea3a6f6da5c7123592f5710986d307d908be86de
t2t_L1000_2110	a92d89f52de8a877bc9799eb281baab52fd9f40d7c2776fd021ce965d2b65150
t2t_L1000_2111	aedd8cca64f53c5cd94e377986f0ef4eb50b4f73c3264022f3103351e9ab7104
t2t_L1000_2112	7869aa4eb48a13d17e1cbcc567f5e7ec99ac0a288dceaf06cde9481f57ee0e01
t2t_L1000_2113	b4c9c95640783fa63d81a0e21b0ba6747ec85d8237ea67d620c2c2b1cf466542
t2t_L1000_2114	6de15c6fc1da6d6aefbafa88ca93663cdf9177f8f2c382d9439b62bb8c0b48d3
t2t_L1000_2115	46011875887ae2a4b19b9ebb088b0eaae97ac92b4b7db1722c90d5f13cb1f5d3
t2t_L1000_2116	3aa5f5582649716d11a7aa2fa1d12fe931af8e895fb3c6e8f6f910ee41669677
t2t_L1000_2117	7a3e68a1d8387beef04f43ae4402288ea022f29168ac6a35b5dd59fbcfc35540
t2t_L1000_2118	e91c28d1d8fc68a20a5817fd703d8ce02419f49d5e5b9ad6de2dbf7c64ffccf1
t2t_L1000_2119	03483b05daee077a78e19d8d0b69ac35f54e45f263d093773e4fe1a81ed092f0
t2t_L1000_2120	9b5f10e97cfca19b75ade0e87c567118c929cfa070a5b36d136f32be74463c01
t2t_L1000_2121	efbf53c22e85b96e0a8ddbb18c6035b18cfb6b72fe258990ab02b2996e7cd5f1
t2t_L1000_2122	a403b3e8a4e2802614a548199ce8fb54da77b02a5a8d7e58e238f30c6044cb1d
t2t_L1000_2123	47a3e78f2549a1dc4c3452083dadbd00b33df716adcfbb0baf6a1182893d9280
t2t_L1000_2124	6d557b0be5b551eb637407cdf198ab5a09e6b9d5a5709b62a229f6ff83e7194f
t2t_L1000_2125	e429fb3aa23c97652d8f5b0c3eea18f56c200ded896c6e2b2e6cb8b6ff3cea00
t2t_L1000_2126	434644c3d45fd1651665258d83c109120293994bb05e01fa0df2170cafa43a39
t2t_L1000_2127	b71d27d01a6e00b8abc82cd847e351e0e0f0dfbc4200c1cc18e9a79994df9e32
t2t_L1000_2128	2ac740bfee49354844596456d177dc8ef0320871b3856b36e35000e8827b8220
t2t_L1000_2129	6ee267a6de5db1bd5e68c513dd09b46c1dde775ce5ca90765399a0c0c002193d
t2t_L1000_2130	367b4acbdb44a9a1c1cf7aad437a47e8a3cc9b0fbee33ffc6309e69d40c39010
t2t_L1000_2131	07ca80be1f6008fd50aa0e32c10f4633bbfc28ee955ade955b388cecc4eb6685
t2t_L1000_2132	722cc62d4d1e05fc3ce179e592d954d5cfa685db55ec48e3f2954fefb39b0ee3
t2t_L1000_2133	03c574bd2cae856d1dec23f7ca1a6f5af00dbef65d1312e3692c43af51daadc5
t2t_L1000_2134	bf03f91b13796ea5e450bf72c9b45e600908186691a7e21180ae945a83569a51
t2t_L1000_2135	9dce6201f8515446b3978fe9e9539b99ac0e4fbe0f91e36061303d8d9e30853b
t2t_L1000_2136	14ff3d413ac0d219397221cafa7fdcaa23cc3e4b1412baff677677e7a21758ce
t2t_L1000_2137	2db7f4a63aac72ae628d38db86e48ca07405fd2585fac096aa6560100d041797
t2t_L1000_2138	190fa0c3d6e817325b97bb3fe4c213d52db0611f83845a94713aead97743a613
t2t_L1000_2139	aca6a349dd752ef18ae23232e15e31e148c681fd71373eca2bc1434da364e70e
t2t_L1000_2140	e20e747877004bb981e554782ba84ca185d674edaf11a0e7c18ecbdcff1916c7
t2t_L1000_2141	17d9d25a0d8a9daf218941c9cf17b8493b8196eb35a318a798a9b0afa82af7c3
t2t_L1000_2142	20b7c337219bf71311e2ea294aa4a076e6df11e4f92cb472c8026334a9d44927
t2t_L1000_2143	699aa73ccaf9d7d7f151ab41a1286030bdcc7b7d4c1ee84212641340fa8ffbd8
t2t_L1000_2144	b624346b48ac56bb280ff0339d673b2ab98456f630a69b500cc4ff61a512396c
t2t_L1000_2145	6d1acb8e9b4ba6863773a54de08fd8b41f5028d071b1c5c83df56812408c2a6b
t2t_L1000_2146	99803b90fefa9c2b0b8fd59a6f4f3f1609345ece72a41bdce4c29a692d4f3d5f
t2t_L1000_2147	427ae00b20a3c32b063d8e0aa142d67bc9faa585c49d0230df6448ae7ea42977
t2t_L1000_2148	84756fadaa75d2e1a64a892026ca071b8de9e7b24fb05feef4d4277f13ba999c
t2t_L1000_2149	6d8ef964850ab78ca10b8a30cf481cbc0cd6a61fc772c491dfc958c2c4c12612
t2t_L1000_2150	264b3291b2d5578de75fa0f59605ff9fecb11f116b428646ca9baf058140953b
t2t_L1000_2151	6501163965a9609aeab2fbf13ecbc68537e5cff50369dc83c6026d2010473fdc
t2t_L1000_2152	5623588b7c35fdb43408049ee4da9234f96b10210c0eb308c6bd9d569e3cedc8
t2t_L1000_2153	318d9ef39ff05a8dad97e20325ca02ebbb9b25c88ed65a442442584bf9a5bac1
t2t_L1000_2154	e88387152089a94741ac84c323a164017c2e1c314b83abd2ce92dfa41c778b8a
t2t_L1000_2155	4903ef79e89e24da9c49d50f6e72a3407c559c91f3b6a91d867d9b74cf1c5d9c
t2t_L1000_2156	53c8b6bdf2b50cd07ded4c4e9a70d472d6dc7b9631ad6698e3e1fa870cbd7a9f
t2t_L1000_2157	57766d3787cd58f8014703fba97a7ab4e3788e675f2a909e1a409a7faaf69328
t2t_L1000_2158	815b49d51c3c2b800caa5add78ac47bc62f8a96f9078240a469edf10a1d54645
t2t_L1000_2159	680c16ff7a65d6e37be180b6004f1b6dfd342ef95da5b7bb969211dd8aa6c42b
t2t_L1000_2160	88cc826de2b744a95cbbc2fbb715c3c73f4ff4fe69caa4a36e80832bdadfeb1a
t2t_L1000_2161	06c210b30789923324549f6f35791f59ca4f7f84e85248f9bb3dbefcd04f5ee7
t2t_L1000_2162	6d612deaa69867d0e87edb4674ce172b0e30cccc6f5f6f737571abfecd5ec900
t2t_L1000_2163	af28e1db471e010ab27be8c2c8b9ffae4a9ffd2fea8644565ebf06784f300852
t2t_L1000_2164	aba4b33b9bb880eba9e0d1dcb910bc5a16ce1bb100c889555bce166992755544
t2t_L1000_2165	2dea03210e897f7e9701880a3910be7716ffc7c11fa55726802699a4068e4694
t2t_L1000_2166	622cc43886bad41c4c182285cf619c0b1facbb23c91e07be182d3353b0fdfe61
t2t_L1000_2167	02cdd6f3c860a63208313c85c30b53e293ad6e9bcf91b783e1216638bc1d469d
t2t_L1000_2168	335731e223cd15ab3c77551de5901108c8f71b2a175da210e91d673bf91277fe
t2t_L1000_2169	826b295ad487cdd6c1cdd42d4ce2929a0489bcf960fa30267a17f9731931e268
t2t_L1000_2170	cf5064232a572b8f94d1da2062757ee0496b25b1133cffe8b9fa83a7baad57ba
t2t_L1000_2171	4c751cfc16857dd778c68b084d02e1e49849958c9e59c1fb2e9ff2f81395facc
t2t_L1000_2172	37ad5c0fe96b0237fa1d5bcd2e1ca72338a42deb1cd3a3e5c55747061eaef644
t2t_L1000_2173	9abcafd4ad7572ab5782c7025ff69b74d17900e3b0f11fa3fd5267a1fc1985be
t2t_L1000_2174	30cc7d5b844ddfd0908f4f02b25bab76ad98fdcdd34d3274aed7a74cf45ae809
t2t_L1000_2175	71538b6defa0c757433f3c817843b66213b0edede8a613ecb7843e23bb07a3d4
t2t_L1000_2176	b3b4f3f0870ffaab58fbbfff011507559720c7ae8b056d4710e6658f3b80a999
t2t_L1000_2177	39579c13d62a29fc9c86d72518987e1bd405e367a9e37228a6e3dd537f69be92
t2t_L1000_2178	55bfa12ad41f3b7c776126fed5f1eb4528372308c4d1370b9d0c336279bdb4d7
t2t_L1000_2179	ae32dc67466c5e0fe2377b8488ce36328d02a76003c9e6f05bdee8d8b2911357
t2t_L1000_2180	836da5835ab2bfe6098d6eb50128eee996d4a2f1cb84c91d635fd4fb1af41f78
t2t_L1000_2181	23cc33526ec11ede6bd2836a2b6d8d0e747c9b06f295e9bbae23a6ae1be3d661
t2t_L1000_2182	9d906d59bf693d935143ee01e697fd7b6ff82ea1faae15d5da4a6865d3da83b1
t2t_L1000_2183	a350dbc792946f99426fbe36d53b1d34b5b3e88efebe32756717bb53fef5a8de
t2t_L1000_2184	407bef67ceb34102964751b63044db8af7aeb8c9fad43f8a39a209aca21fffe5
t2t_L1000_2185	0d6be522d3c0d45b3edc0320ca65a642cd7b7d4e7c00a9a158af83bd45be524b
t2t_L1000_2186	8cba0fb7a764d546e40f08a7e2e7ff43d1f9b86232717b979d587ba5c0f0a86e
t2t_L1000_2187	c15f174bf6fd82347db1258fc1e76b8008f96e44a31b8a98f85b1a2047a77e5d
t2t_L1000_2188	05d3dcc2d3bf0846c662652e2e2de83a10ae2e91e97c169f99db40978b8fc1c5
t2t_L1000_2189	eed4d945f70ef53c9ca2eec9470cee166b2e0392cea169d8b768587231b7ea5f
t2t_L1000_2190	17faef057a981564465690a7665ce4df0cc97b5ec5a4cd611ef0f0df4bc7e0e4
t2t_L1000_2191	d7dbf39469d79d79bff96afb071443003a1678960d13bfda118a027cb3d3d49a
t2t_L1000_2192	162b8cb0b9b5ba373e4d8255b79299c38a442a8bdf916ab9e5eac404e0a684b6
t2t_L1000_2193	5c54613c7527ca9b4a72d1bf537c27be86190262bd7a2e7bcbe6b67697a0d202
t2t_L1000_2194	e22c5fec42d186a0659df9c0fbc1a836d58d7b0d6315849c14917a861a03391d
t2t_L1000_2195	e63d466d283665379916422c1728fdae48d1326e35c5afc136926dcb6d5c2f0e
t2t_L1000_2196	0aeeae2ddb86a1c6c11abe95842de08f146bc051fb6c51f98089774b14c6de9b
t2t_L1000_2197	2e7f21a9186cb694834ee05c9ba90dd5155e223b2df076f9f8fd0b8710866e84
t2t_L1000_2198	e69608892271a0a067d52041e3988be279df8de238d10b1d6e37f47873d59277
t2t_L1000_2199	5cab976e22232cfeaea5c7392386fc51b81d60d639bafdc8c3db23b49b7d4d26
t2t_L1000_2200	75bd67c5076ac87b90fbd13567838c41a6d0ab0c47ebd30d862316172a79080f
t2t_L1000_2201	22e87a4f09f9adec3d5f53a6f21bf1e716a3b9d386cedffdf7b0e578ceb60c21
t2t_L1000_2202	9069c9df56b2c52f2aef52d06e9fedc82b945b7f4f1109bb4258313a42c52ecb
t2t_L1000_2203	f416ed4e6aa29f799c76b182e5dec8d51917c1849e7c53450091fe6d6bf1673e
t2t_L1000_2204	a3d4cba067838490ad861a7d6577cf33b24f7b72db15359ecb71230b8a7b07a4
t2t_L1000_2205	5776c9dc426234d9ac03d4ba2a76c2198bf7e6be84026417d2ca1726df8c1eed
t2t_L1000_2206	3f4be8bbd4d9cf8a163f8549907e043ec55aa65ca1a95f6f3f17e8eb02dcdc13
t2t_L1000_2207	ebf7457c0ec714dad2c04e12f1e0f6da7720ecf00a0b1c6f09fc1bc8345c703e
t2t_L1000_2208	a56302be9a8cdd7b1324901b7a8b6789316a638ccb2618039dfa609cfc59fcb2
t2t_L1000_2209	e762c5d39647eb5ceefd63344f105170058013d432506c90bda340ef00a092b7
t2t_L1000_2210	64fb719f2b5a83f1bb782f0d0463d6fe6595852c5c56bbae9bb2bd2ac7c3904c
t2t_L1000_2211	86833f46205f1935ce443717dacb24f3ac218439c757f6b9b331efaaaa494ba1
t2t_L1000_2212	5691322b0db8139a6fc5c1fb94151b49dfd6ec200cc6c79526b2f20e208e9221
t2t_L1000_2213	7145366d92a54bfbbfed1cdd53d5efabfb8c37edb84eb4033ff74286552a7c96
t2t_L1000_2214	16237942cbfe3a2c541002a9bcc597376357529ef74baee946c50fda7370e93e
t2t_L1000_2215	afbe9d942233c2b7aaed6de6fffe4dbba2ce182e0d6c854e5bc96f1f1dc16874
t2t_L1000_2216	4484a53a19c4f0cd4dd3579cb8e12ddf7ac15946ec648de6d802fd08488c838b
t2t_L1000_2217	5df5490aea57ba92da8d769d32dc8c4c0921dbb1882da03c54f8f5c565dc9989
t2t_L1000_2218	50a32662264e61589c49cc96fb222aaf7454b5384ebdf8a2cfe27e2139bb911c
t2t_L1000_2219	1fa93167a51d4315007ea396fdff4193993189211fbdae74538234e65d000f1f
t2t_L1000_2220	2fa0247765f27ec0d135ae1182da188f1f99f07192aeb7de7a2af3ad43215586
t2t_L1000_2221	b1b7bb548d05a31789ec78d51c11e9b62698ef03502d71b697cd46891fc01b4e
t2t_L1000_2222	9d81d5ad42d788d0c789bb6f1ab8c8b2f346f40512b8765de96f1b377c54ac1a
t2t_L1000_2223	add862d45ed94a91c738ed12f8bd93a8ea54cc03a879c6641dc92c458ed26a0a
t2t_L1000_2224	04758ebc5c37a84d4358b714de99722ccdd7b2b18a2686f8975f0b9cedb96c95
t2t_L1000_2225	fad32acb0d2a0576b1f168924ed24c96bf1d732e4349f71df560fd8af242557a
t2t_L1000_2226	79ce7ec0953197d5a389d72fcb5407025fbee020eb4705c3c427db0ded9e5207
t2t_L1000_2227	873b5982639c89e27cf7d21786551a0df8f59eaa764996c00f7ed173f4e7c81d
t2t_L1000_2228	88a9fafc22e676668a3b73f72794d5c667d570901f43f33848db364c68cedcbf
t2t_L1000_2229	0e62d2712cb11fb59e0d1376389c4546d324a98bca55c6f5e1ce1b9887f886b5
t2t_L1000_2230	011b41eb947c2f6356d17467f876fddf6483718c754fd7804d1459493c41d803
t2t_L1000_2231	600249316289884e8a398be0f3d6705b633f403d064c1a53dcda6069b10f4406
t2t_L1000_2232	6fa5ad2ea0e3736d606259e728012197846f18536fd8f078f8a03769f1b2a3c6
t2t_L1000_2233	58c585bf68d771cef5a0f7c9226776496bdb990ae8b3009a90a94d9c853f8ba9
t2t_L1000_2234	63efe56615250e057ed746f4faf8e359a09a2c758a359328b80190b81e23277b
t2t_L1000_2235	b920067707e750ee3fc8f8e46cf1a9518448773f25aac9e872a1490fb3940d27
t2t_L1000_2236	115f5ebecbba76a3c688b56d98bd4c0405a079d1b7fda251b3f629910f1b48f3
t2t_L1000_2237	1478ea10addabae7e8df6e5fa7d7674ddbdf02603c19f414c3d3982939883a01
t2t_L1000_2238	8e123c1fba43d52aca0eaecf58539d804d6a6a887b19da5bddb2cdc4cfad759d
t2t_L1000_2239	b338a70a326bc0444bd18cb5dc44f7fdf3d614871fa0addbf91ad4b4afa31f53
t2t_L1000_2240	269aa82afc86346e4e9080b11560f68ea1cda6b2b0d6e0b22b36f3418d315aee
t2t_L1000_2241	274df386d6273f5efe90e858c3f4cd5c972753e7584e3ae3c22467d0e99ebe33
t2t_L1000_2242	a228731ccc143c6e646ed3b3c0e39dd21fee04bb2f6400bc236013b4022b6bf1
t2t_L1000_2243	a452b5e2e823c042716284d69bbaba4b10b392e6ba6eaf5c41200e22dfbb2371
t2t_L1000_2244	726049ae7aea88ee94d875550885e16a05ebed457170465dc5401591b5065e6a
t2t_L1000_2245	e6be5c70151cd62410b7bc3d9f051b1f18cf88e581828ee272919f8b525bcc79
t2t_L1000_2246	f9df5ad56563551ba0ed98f1864af4ae6d6212c52c7797a3a78c1dbb2965b0f5
t2t_L1000_2247	6c8c90837e1309226659de52fcab10537de6da62ba414cc6b1b23600ade1d087
t2t_L1000_2248	564d50b28d12331c0e432adb253e345d913a0d5bce74f78a706d20a2f5d1faea
t2t_L1000_2249	aa58e86ed695daacdfce730d1650ee69cc3f5367e22772825506624a696ffddd
t2t_L1000_2250	0318174605172a3233f11f015a0d80138a2c9024acafd209f9952a43ddb4d714
t2t_L1000_2251	2a9bbab52133d989abadfda6fc1bede79cbb90ff2975d12e8d3996b43a8eb948
t2t_L1000_2252	24fda932230421e2c3489a82827fb15a46337c9107f70e15247d85dad044234c
t2t_L1000_2253	31fae226fcbfe19fe51bf0f27902bb2b8475b7d8a1f95fa6456b7ddada4d5112
t2t_L1000_2254	0e525e8957aaf77463c96134d58c066cef46828b96e5a758fa0aea0a2abb5a97
t2t_L1000_2255	ea342f7fe4124983202231216934dc15ef8e6dfcd00f7a1dcc8bb14213f2bc26
t2t_L1000_2256	6922df4b2d28419a8465599bd5c531a143526242d9b9ab2581f92b120c6b3fd7
t2t_L1000_2257	beeb0b24271ca249f7c8b489f82e81abba9239fb62eb11543035b7449874489d
t2t_L1000_2258	ee22c8a8f4e77fbc9639d147ca28a3c1cc5730653b143602ef8e8ef093a72438
t2t_L1000_2259	62832dea24fdbdc597b96f244c8d83b319ce0e0b7aed98a85e17c6075ed42199
t2t_L1000_2260	8e9ab48878da15836e6b72f715e6b1a6715be3442e87786ef799b82ab9bf0577
t2t_L1000_2261	886354add84373439d56daa9b793da621a6c097e1974135d5791f82057d3a957
t2t_L1000_2262	b68dbe8aa46d023ac3275066560b45e12524cb7f4a4ec1a62f876dd02631b0a9
t2t_L1000_2263	804b4e57b459f50a6a1b814a3cc659fcb25a91ad2f84619a69f66667e1343953
t2t_L1000_2264	9d8ab0f57ee49d5b9570d48ffb24dcb8fdca5411e6d950773fd39f00e51c3576
t2t_L1000_2265	1d9bd718af062cfae0fe45e9a0a88ab174cdb3bee8ddc889b05331f2b9237474
t2t_L1000_2266	cdf4c7ea18e100d0fd18f28a89a772b44f10b7a68304155678b43c3a812c0fbe
t2t_L1000_2267	33951353d460d550b0cfb40822618052ab9c910c62d3b6989fa627d4f6891b42
t2t_L1000_2268	7178981a590397919273cceb7df236e33c118828b3b1a3ef0dd23261179445eb
t2t_L1000_2269	2be2d3a301c08e934c62daa7e2f2111690af33fdde77e39dd34b07b04bc899a4
t2t_L1000_2270	b7926eec040959a1d54b8e2642975e6db3973f1f4aa7ab3ebacdbf830e591bc9
t2t_L1000_2271	89d1ef6e16829588a8560484e4014a16cfd317c8aaf54cc676f752d02aac7a63
t2t_L1000_2272	53244d898979d3786c2946e022d420b58e56a9e4f2b4f6e214a4461d7b8ae7dc
t2t_L1000_2273	fe95e7e6db41b4fe0fff6da403291bc64080c8cca42536e3da565af91db473aa
t2t_L1000_2274	f1bd885846775ed334df2cb81c6b519ca223a0258377698507daa95b6e5668ad
t2t_L1000_2275	8976bef5e996f112e2b3d352c92216cd256d76ef1be2456d383ef20db20ac768
t2t_L1000_2276	ddc75ee0dde14e2f240576116d6c16f125848d1f5f2fbf9fefbc7827634fb4a0
t2t_L1000_2277	792f64b1dcb569b1fae42ab09b8e2f718b0c88083196e22264734c8832969f49
t2t_L1000_2278	515d6a475564772da1270859fe3a4f1d68d77c6cf5324ba7cc4207a4674d2172
t2t_L1000_2279	742828263d7fde6797ada3e3fe2ebfbd9b7ea247007ce8c0a65f318328091df5
t2t_L1000_2280	bab4edfd224d6a63ef9cc663b13037b6bc9ba33dff73ab6ce933d941d86250b0
t2t_L1000_2281	ad65bce8b65a6ab7a24c5ccb6506c3672d2008d5dcfea99c1cefda3af162472a
t2t_L1000_2282	4c376d9ea0471c7ca85bf24b31d610eaaf3f3e911e06e84c5e682edc5a89eece
t2t_L1000_2283	593652c9c9bc738b3de332d4483431e3f2e17350df78bc94317f1ce893d0caab
t2t_L1000_2284	d1b3720d8598de4622f7bda0f4f15b585a0ad6dcc35f183342d18d70438880f4
t2t_L1000_2285	51d04947aaf2b6b1af11cb0d47dd2b0da5f2d0951fda82d61640cdfad875bfa3
t2t_L1000_2286	525e3b88fc51c3483d00b14a9c14304cf669a35ac800a0fb698154d859f8fca6
t2t_L1000_2287	33c67260a5133e215a7da26c3777aae13fc0fbceec82d5524f9fa6e241b8875c
t2t_L1000_2288	06161444dcc51e272be0f08ec8b19f9d9420a66877cdf7890f6ba12a1cdccabd
t2t_L1000_2289	27d622af37bcc42dd8d0fe08e3dfdcc1114a145ee74a20ad44d43fdf63eaa418
t2t_L1000_2290	90bb24196dac66f64711c1138628981f95680e5579fe5f2c82c3f331dbc13e93
t2t_L1000_2291	6432f079f4bc6ae66aad73800f7b92b43e8c6a35bdcbf4ac774b69ab8927a081
t2t_L1000_2292	48c0d13a70273099b301ab0923fbcf86e21ad892f18a2b1ebeca40b9c0e85cb0
t2t_L1000_2293	78e89d340068b3cd36f7b2a4151b7db439f98e83c3bb1d5702de260d4cca85cc
t2t_L1000_2294	15e30ae6e3e54d33f6028a8e4739ba637493b3ec81715557af9c06b35f09a8b3
t2t_L1000_2295	d8cd30a06a6abd150de344d9a7425e3e1e02c30eea9265e4c962cfcf9572782d
t2t_L1000_2296	bc8b2371aefd74243debd47c58caa05d5be45a22e1e52562d5ebf73f9e91a7af
t2t_L1000_2297	7d992ebc532d4565b2e43c9408f419a399ded625eab7dadb5da135bfed3f51ff
t2t_L1000_2298	fe19224ee0072bf929573cea72b6846f66bef3e33036281251123247d89e89b1
t2t_L1000_2299	084d500802b0629ffbcd138b7ccc6f752aadc8b17622de56d47e2cb03fffcdfe
t2t_L1000_2300	fc1759aadedc104e93d39e26c6f636522d5cefb494b747a92e1e596034761577
t2t_L1000_2301	dfa1037e0d54d79371f6b3a63cfb976384557bed2775b0413a3a584703fbcf37
t2t_L1000_2302	3136f63a7f004b974d6ffed1c42cd02eb3a01ec1cb1dc453f4050cb6495832b6
t2t_L1000_2303	b2e557125af26299fef459b5c7c156a0d933e597964905fc37b219f315d61698
t2t_L1000_2304	b98852ee4ffa2505ffa37638f8dd3d9afb84bccdd51043c10c9efc3294a19367
t2t_L1000_2305	f2e94625ace93f870fdafbd9b043b17d4f791d475f097c94f79b983e031b6174
t2t_L1000_2306	a9a9d11106db1657f48cbb6e4503ab2a092368cfcb5141eca88dc1941cff8f05
t2t_L1000_2307	c32d5ee6962c02db2a1133a25dc150d8a30d16e3e864d620eb20d2f39895a8e7
t2t_L1000_2308	bf01a43b8e8077b0d34d4c403d564f5ae08bacd6844f2ca927685cafb852f81d
t2t_L1000_2309	b169a47d220c0b2b9224f7276902f5b53ca59799e547363d828fae10f6230a74
t2t_L1000_2310	84b819c591bd4312fa4df801d06413647754a3f0b4d7b0f46cec1f878f464087
t2t_L1000_2311	f4f8606318f6d1730f744a449c577ec66368b01b8a1c86ea8b2260fdb272c83e
t2t_L1000_2312	a541e378fc616700952e7da996473c721a18c8528ddcb1d1af59da73a343e1c8
t2t_L1000_2313	8a73c63b3554dbb69ee8b91be5e61104624235a4b75b7681f171c30cb2eb5e05
t2t_L1000_2314	a6c38d2869da7b03016a3863910058f4967c2027b42062641cc390c7de7b50cd
t2t_L1000_2315	99185e8975f6a241bd9702c63bed4b3373daac65f648ef57ee2b0c081523953c
t2t_L1000_2316	fc1190331fe6598f4117d39073587990912fd0c25cc533a331f1f44ddc244aca
t2t_L1000_2317	eb5ab2949b04f387123f0ec7f3fb2d28e8452b84b528533d62882ebffbf56059
t2t_L1000_2318	a0e7e1e4057c55fe1425f8c6fc068fe3e3e3bb934f4c1573015712dce96607f5
t2t_L1000_2319	54dea5679d876c7f5663b729d7b2e85284c9bb01fa69eba94a7a8f34114e6837
t2t_L1000_2320	2b215cf3e912f25ff98c0639e141bf34278669442172fbdcec1e36a382786967
t2t_L1000_2321	6b80382cd5b9ae0a7c9430c803cf03ae9291336272ac54690a2622384f7ed9a7
t2t_L1000_2322	aac2411df6403bd788bdd9f7044e9b29b7223c7e53f9e1a637f2dcc693aa84bd
t2t_L1000_2323	2e7d8cd06825c5a1426adeb0d16560611a94be1942147a4f1a5a240362b72ee3
t2t_L1000_2324	795d328bcf46a77eb30b1f8fcd6c2b3e953ccae16e26741d799bf41b572f88eb
t2t_L1000_2325	fc962b936a3b68c59cef1a1111ac7c412b9ab68c9a093ddfb6c3e282a060c962
t2t_L1000_2326	d6914af8d53872bfb464520de7748f9186e1613d107b5c8cd8836ae1d8f7dabf
t2t_L1000_2327	b9aba1ffb99a65368f28635d618eca612d62004ec842ae586b4924b377f3ace2
t2t_L1000_2328	caad3c6b419a31478bc7bd12cbaa9915ba037f4f12c50f42f708cef88196b7f1
t2t_L1000_2329	87b6bbb03523fdd19925ab5cd2f239f6e8e717341579b28e8539cf6640eecc73
t2t_L1000_2330	db58c80d182fef09ee49457fe80f0b5e42f762e938b4482a53aeddb6d725ad02
t2t_L1000_2331	1fa6867dcd7bf00845599ceef33fdf006b258f7ef6d330a6b9a97c534a6b3769
t2t_L1000_2332	3f17b351e4fc2dbed8bedefdb4b929701f82fe0f6f70bb3b63240d00d6ce5952
t2t_L1000_2333	204493a1bcee76bad69d27a4c6f47f6d1df46d125097f60f87f9eea990fd9604
t2t_L1000_2334	6823bcf386d8b0960af9aeab2674cbeb981496511ca1e3d5d41ee26235b082e8
t2t_L1000_2335	4c792c60e37fed69ebccecb2d2b1cc63c4c9e67a357292313eea9c10c1cdad3b
t2t_L1000_2336	a0268f29752f9798935d289743ee3899c8a17d76a737d8c52c838d5351867e5c
t2t_L1000_2337	529b08fb781506e9ee27e15708edf9bf247008b9282fed6341c8f2cef675ddb5
t2t_L1000_2338	f4cfe9cf69f36130ff6a01bb997a8de68cba79aab6c6a0e79e7cacef07453667
t2t_L1000_2339	f88f0abbc3a75b4d3111e4a19358f5da6f6e351ecf619e6586f7dc6b0a582d11
t2t_L1000_2340	4201a50320998a5b16bc5dd652fa8a035bfaf251827b16e1d530c35043842879
t2t_L1000_2341	1ec5361fc0eb41b257b3b022bbb43c5e4d6a2cbe9cc5bbaaf97f997a394f293d
t2t_L1000_2342	2fae9f436b72ef9a8b4909d68df0ddc852e07140927c960cec0335dfeabf7fda
t2t_L1000_2343	0c6e5e9b7c0c8cc932c16a550b6ca63fd83eb239d4ba41a02d5b986b76f59a0a
t2t_L1000_2344	5a73f325d09374211ed6b2fc28f8948d652577a2900011cc5e015410891386e1
t2t_L1000_2345	665b7ca674261fd788101887bc7ee172926be2f4c7f5f396e1e9d0bca9fb73e0
t2t_L1000_2346	9f23a7777c45057db0c78c4cbd45bdbc2b9ebff2ec027a6160dc682a8a01cc83
t2t_L1000_2347	80ff56381f9d8f5ec474cddd8509d442ccc093a8d66f9b5173c01e6b27ac5a1e
t2t_L1000_2348	f4f133556e92c7e8141d607c7cb6bc86ecdf1fbab3be1bb90e165a0f345d9b62
t2t_L1000_2349	64fe232889bb778ddc86b5f433926bce44109698cc257b40e7d8f5782babc748
t2t_L1000_2350	4192cfaaf3102d728dd4bbe212aab8612465c9ef444ee6cb39f0246069ada95f
t2t_L1000_2351	c16e94fe1b81e948af550f0d38765c4a4303162982b83659150fc686406ab0b0
t2t_L1000_2352	44d1b53a39dca4235c59ddf53c0d8f118b97896cb22df6272700d00a25246407
t2t_L1000_2353	77c1a7cdead1aa02b5b22c8fab828f5e577de93813223bb267d9fb553ef6b31e
t2t_L1000_2354	771ae66cab34ef04f9d182328c4f7981f103c92122f0f838ba4570a4a5101915
t2t_L1000_2355	4ba4123ac6d38e50da1f872f18a84507eb2cc5b0cf34afc91fc017dd64d37aae
t2t_L1000_2356	d5c02c1ea7b94341c69c9f831d48ef2add9e973ebd6a407bf0c0e816e2ca69e1
t2t_L1000_2357	dd666a67d3492e9a5e7a1eba9a15d327983ec1084e0c578f7c7e3c509cfa5f8a
t2t_L1000_2358	255b60d1c68022bc6a860cdbe94931ff99a890c49bf81dce2f424c30940426ce
t2t_L1000_2359	513d76aaec95eb62d88e79607ce2db54f2270a16ceb6c9f5cfa93170df540d45
t2t_L1000_2360	94ddc93482796a6fa3551b6b9ae39f9c185facb107df1034b70fc95aad51be72
t2t_L1000_2361	75f12a0e7497749647bc75618e716f3a11c17d9b415f959063da40180294e999
t2t_L1000_2362	a865b550bf85d8a0d03a788547b7bbf44d8cef89cbff6dea47db4ad9507d7050
t2t_L1000_2363	cc00f810d7507dc0e7c2756ed36e1596692f16adecf452277f3b33a9aaa13d9d
t2t_L1000_2364	bca54a379e793211c08e8b7c0ae4de364f7e6c316baf3476410ddadac77ec07f
t2t_L1000_2365	77c2ed449538024533e4296074f787879827e488833d8e39fac73d58143fd933
t2t_L1000_2366	ea0c7e86517c960a59aa0e3751a23ee2a32c016cf60a6f617b3562551f2901ac
t2t_L1000_2367	4a770e38d7547ffbbf030aa384508840aac1bed3d7e10b87879e9831fe69d367
t2t_L1000_2368	f1d213385b356aeafc8da64b14bf58323cfb8bcfe9639f85ae670ca37bb53cd2
t2t_L1000_2369	669dca126ea5aa9b33ff60bc485a544d3c5f89ce11a3f21a81e6392977058148
t2t_L1000_2370	7596380faf1eeddc9efb3426b167b4ea6e91ad13d4e897eb7e9913828cd5a40f
t2t_L1000_2371	c0e4e7bfbe53b57dccc1395941d9bdf152f063ae31d0ffb653d0260afcce2ab2
t2t_L1000_2372	8962cdf2e63663a0ffc7cb5ae2e2d9486bfc7c7f4497dd4edee14a4b53e9d881
t2t_L1000_2373	c6b366a94fd3848ae6b38e338b65218bc07bf49bf5a666016ea734df874f303e
t2t_L1000_2374	fd83ca314f78fc80e85df490946985d63ab8051a947f0f2c1657e5e27209b132
t2t_L1000_2375	761dbb2546a557d2834c46425e23bc38cc1ddae0ee7519dfa95f705044ee01ac
t2t_L1000_2376	abc4758da1c643b2232a1fb66eb680cb30820a1379cde725e739efd5e5366d11
t2t_L1000_2377	d8fb6c839294f84e880ab375d265413344f9c0447c2b34eccaebb7aaddcf0fd7
t2t_L1000_2378	e3c19f257e43243bfb22b9fb59dcc705888779c7c0546de7210ae0e99d9b7b7d
t2t_L1000_2379	702ee3e58620955ea4810d2248daecc32ab1acd8770d3e0e9eb2ca280f00c98f
t2t_L1000_2380	721963a24a26b9041004586d10a68efbc76d3157ead0bacb94c67da4a6630191
t2t_L1000_2381	3628ae8689a2f9aeaff594133fa1a68a3f820e35185541eea1ca6064bd46a2b9
t2t_L1000_2382	8a0d05bfff1f816a8dd9758fef7f61854a60afa2b4fb34b4b293849bbfb640f1
t2t_L1000_2383	f3823fd6fbe23ff67e0e0a535e595b79733fcc27e0b889dcb3ee65a4a6be08f8
t2t_L1000_2384	6598470c475072f10632a2fab1db7f7743cf456ced0c7a905fc9f67875bcecb1
t2t_L1000_2385	de7fc1729762e4b7787711400727ff7f5dea17b0adf4322db147c0dbdbf54e95
t2t_L1000_2386	a46b630e077d4491494b95edd21312a84cc1a95267d5ec29ccb9bd011a697404
t2t_L1000_2387	bf25269ab24fc196494df9ccff408afed739716b19bbfa5ea0afc14bb990af2d
t2t_L1000_2388	379ab629ad971e5bb747f8cab96b2ad8d05eff0a2967e94cb75d693447a9ece8
t2t_L1000_2389	d9bcbe91e3d5384510358dcb98e0878bc2b87d880767150382a8785afef63072
t2t_L1000_2390	01a8579225a5fed644e7914bf3a13d923026fb821f77e15b409a8ccc709d59ea
t2t_L1000_2391	6e00112db306e8789e32e34d992c7f52d887bb30b970cacc0743ccede229dbea
t2t_L1000_2392	5f671c67da8ec3deb370b8669e84a079722c673a4a9511f87b4abc83f4cea8f6
t2t_L1000_2393	dd038fe539d9dc7468f97cbe9f40e6cebcab3e34a1e64801d355552bee7ba71f
t2t_L1000_2394	347bc318446b4c99b92a50db42f0c82c55f59daac94068b68a9559937206ba6b
t2t_L1000_2395	d50909a77fe6a0cf015f1e12eeef37f6c9f4d5f9c0eae68f9242ac900eca8b84
t2t_L1000_2396	91a4340a374df298e0ad86a5e69bf2a351f0b91c610b4b806c7c107d0029616c
t2t_L1000_2397	502d708601b8ded2b02b9e1cd518917ecd75ab35242a5f1cfb93c9cdf97bda43
t2t_L1000_2398	bca06c2138577921a402d3e6bd76019e1e2f819e3ac4d7b38473b33eb0766f75
t2t_L1000_2399	1dedd6644f0680ccacdccaa9d2db5207db751c9e6ccae76cbcf5615503afa9ba
t2t_L1000_2400	1ff97788bca7a6396a4d17acf130a8e86186e1bc5a6a606889002c931cc107d6
t2t_L1000_2401	8327618492c564990cbb36105a2beda89260c0d0e3c971eead26a2e9ff3e5965
t2t_L1000_2402	15bf0f6b3c3837eb6e441809c7fcaf03b83ec1e68f0272e0adb6d517aeb8cd4c
t2t_L1000_2403	70ab04395d90b01e705ae4efb09078cc51aece67f1ecb3847ae0109179ec4241
t2t_L1000_2404	d95db866a684746f78f9bc0b6db04a671811105304c231426172e23daa50469b
t2t_L1000_2405	d80c8c6c877250fdf9f06eaf83737f31df6c7094e8e0c2443c0d247af2f78022
t2t_L1000_2406	b987ee1ba1f7aa0357429d06d401dfc4b57ab64eaed8dca795577f329a00bbde
t2t_L1000_2407	93a81d68cc8184d6a70a49221efafb6eafd53605b04151ed9593726f3e16b09d
t2t_L1000_2408	6fe780bddd19eae118f79fa9e8facbf741e37f714af405fa059a2a50b3b3894a
t2t_L1000_2409	3394d1334db652a9632f68308e53f8ad0b66a6625b7a4bd21216690775dc28cc
t2t_L1000_2410	02fcc8201110669f9808dfeb2e086b131aa7879f3013e93319fb3c86c2a30d8b
t2t_L1000_2411	b6a4ce3d283c4b24a938b8c48e02020d2ecf2f2ddce850b2a26917ebb50cfed1
t2t_L1000_2412	52470941a14f9604690ca7461b6e881ed25da496645a3b777aa713220273b854
t2t_L1000_2413	ed84a9d8911b86bfecb31593a6524ac236db8d805a0df9d1bbd7377f2abd2523
t2t_L1000_2414	b0a92c25857527e54b1a9ea2240cfd584e241fb0795740588080d3ce182c533e
t2t_L1000_2415	2a2015efb30734ba1431314b38279ba3b4aed5546e9be3c06d065b166f609425
t2t_L1000_2416	e2a71e5bc6480df6c294fdc3692310ced4d487554d556701b6e7a873e0022764
t2t_L1000_2417	a75ef4ccea6f36a6aca3be4ac6fdec6a0075feda165227093882251ecb29a988
t2t_L1000_2418	48b87a76e9f2d74500782a6eee852f25008039efeb411d726f6a4856c53b641c
t2t_L1000_2419	89310b6056e4fe6c46109e0d2948ae7892b38144aa62fbc4c443c92ebde5761f
t2t_L1000_2420	8cf986796718148103a5e9ba88eeb3b538ed0478538cbb281eab0279f277088e
t2t_L1000_2421	7d2b0f2d95a970acbc85e0c55494c16de7c7ec032aa34c5592ba4321b33f8c99
t2t_L1000_2422	5ddc2aa71e1de0c6ed293141797b9954185a77e3c0b603679240f02c3d94b3ac
t2t_L1000_2423	5430bf58bfa88831ff329ebd16306433f66b4b3cc8e6d7da34d50bf0a70caaf0
t2t_L1000_2424	518902b385c71446b58eb7defbd1bebe42fce06e6a3e67b968f88b70fdea8875
t2t_L1000_2425	119129c28ce9777f597931a41ba326720d1582144f2e93e0ea41d8b30745c959
t2t_L1000_2426	859ad2b96110f9220172402cce47de6daf0e6669d45da1980f7c87ebd8bb3885
t2t_L1000_2427	861e14bc4bbc0d1eba770931d3cc43468bf5a903cbccd735b7a3e7f6271cdc9b
t2t_L1000_2428	eb32f7606522ce6e3c2275f22f25b00d29e1fe12297aaac99f9495cc75fa2734
t2t_L1000_2429	e76facf316f35c9059cf816041ef21abd4ad129fb25f44baa80c29f543542200
t2t_L1000_2430	66ce7ccadef2fa98d9bcf558510baaf2ca99035a39c1b9a859cd125cc1c1efb1
t2t_L1000_2431	9e02c7618197013f67d26277ee5b8f9a82ea033a0777a15b26d11b45ef31b0b8
t2t_L1000_2432	a326a5dbc65dedcaa5a1e6046117194445d6ed2591d861a88bd13f6eea048569
t2t_L1000_2433	a9ce11bf3a8987780ac668991bba09e6c08cdc354a4abad4e7257d0b781e4a48
t2t_L1000_2434	bf576c4217e9d2fec00c82a94cfe10e5e5c7c454793cf93b13c90537efd878ca
t2t_L1000_2435	a775bd60fefb38bda3f3bec79c3f2bf4f7ae5bbc1d781200c2fcf152ab0c8e2a
t2t_L1000_2436	305cdd2ed93e43c4db437837bbf3cf196830077888ed8b05cd380c77a9405b63
t2t_L1000_2437	3bec27de79ff4cf7d1101afc606b2af9c69f60ee2986c456845ca723ce707e8d
t2t_L1000_2438	d10e87765386631c9c6952c465894944f627d6f2fb67b68b1dfa17aed59841af
t2t_L1000_2439	50f59e75ee927a527eed01ae1597a316fa76a1d2251f4f8f1b8402239116fa95
t2t_L1000_2440	8f3b35b40f33f1ac19f4c7496fc9dca6c62625fdf1cbe62400dd738dd5054046
t2t_L1000_2441	a4141b757e59f9bea361ccce8a9f0bff884b2e0fa0f2b93156416cdf75bdc7d7
t2t_L1000_2442	b69b33877a108729493df1ceec4590775da077509e7021359d54d8d41c77e7db
t2t_L1000_2443	128c5e839aea8586f46a7f3fce9ce946e23b58751662003e0ab37bbac0177b54
t2t_L1000_2444	1a55e96a94b6f8820471d990f8e96ea71dc5f38f97a1d1ba7161c218212a3349
t2t_L1000_2445	00165433e738d31d3c23723320351ab89bd15ac95f7d9f5847ad2bc7680dc42e
t2t_L1000_2446	0c5143381750f942fac99357aff7d0f34c7a41efe05520d76d81b9432155e124
t2t_L1000_2447	29358d20e994db0c804a9c45d1912381aac0bd3af1a28800b22e8c4c02174fd8
t2t_L1000_2448	985106757fd1973056aab8058b8a0fa68249e0f6d69c74198db67c061e22f4eb
t2t_L1000_2449	d1948db7311e0ae8cba5f508155068e79161309cc6127476f382d3dfb2055ce1
t2t_L1000_2450	8be5116e140b84bd2043616735259d890309de5084a43f480100e09b3026c0b6
t2t_L1000_2451	20f21a395e906c632405a522a5419d24406065ee400a759fd02df10aa04e6076
t2t_L1000_2452	e4d9a0b94e2ea5fd346068f87d5f4ca08e7f57b79abe3e33004129c5b1cde44a
t2t_L1000_2453	b896a59065f30ecef2be38ac41e5e54a998d65d3385afbed314fcef5841adeb5
t2t_L1000_2454	6ce7beeb9a580d51f4d58b7b53375a3129fa28fdd36a05fc27749d539605fe1d
t2t_L1000_2455	1829395bc6fc391f57cd29e865f7eccd92da014d70d05773ac7386e75e55d834
t2t_L1000_2456	d0ef8bed574638c86d14d20f7372f0ee32dd1afdec1c127624f1c81b7d5acc39
t2t_L1000_2457	101a6d0d54ae5e7b0469f61af0576463497bdd8f7a381e56ab7d0e0831a8d9b7
t2t_L1000_2458	639a6771299716b556aadf2bf7541970ae9dd21acc4504e09eb64e30c9b22533
t2t_L1000_2459	4ddda6b50bd4e7a83dd74c13cc218c5de1bdf775edbf6dba396c2723c84d44ab
t2t_L1000_2460	476648391a2e43a5bfda410edb138894955942f2a6dc8a7acb26dddee0afbae5
t2t_L1000_2461	db7a4ededa3ab2f7111bf3e4bd54711c70811db779953e7218807d5077e63e9e
t2t_L1000_2462	57747acf361781ca657aab4e6ee6bf4592f855b5c9641b634365b69fa07b1790
t2t_L1000_2463	f865f161ed07b363e44859ca766272c61bd2654afd9ee0f7dce39be922d81916
t2t_L1000_2464	dfd52d87bf57f18e4cdd4186a552e597245c28989d4404fda1c04b72766377d8
t2t_L1000_2465	c18812e32a1e7f0fb5c1c12baab28cb6aa12219efa123d2054cd7eca387fcf12
t2t_L1000_2466	51e8b4cfe3f72876925f7833fad24c4a52c3b0d4adab16e0371fefa1dd4db2f1
t2t_L1000_2467	f010651e08187ec4ae143868148dd7b868805fdbe14212d4bb2fc03ba3d32424
t2t_L1000_2468	49a80f2cf7e745ccb31f31c49c6c095287c37dca02c6d5f99fb924ecae282dca
t2t_L1000_2469	905af967031da9c23f71bba79cc9a3702f04b753247cef676960f5a0d61d4505
t2t_L1000_2470	fc8ff3d66ad8a9c280bba2072211fe9c4d523eea8777ba4612d526d19fb37b72
t2t_L1000_2471	46b4c7435489dde48883b8945cfdacf9590fae8bdd963b4c75ee652f47ebe7d1
t2t_L1000_2472	61145e2ca8e03a139718a289da34504a6dd443f728c2deb2c739fc75508b8d1b
t2t_L1000_2473	671607fbbf8bf584211e243cab46f5799c69bf23562aadb57afc8760457e64fa
t2t_L1000_2474	447c48b215cf0d799b73f2ebab17e9b055e7762d3544e3a08cb5186e7638c762
t2t_L1000_2475	7ac321ce3ee73b7fcb30eef5cc4d10dd423b205972351d6112cce83f53f4473a
t2t_L1000_2476	b14b9aa5ba06ab1d663a345efa6ba9316c26633793b308f801f65987abf3e387
t2t_L1000_2477	6357b087ad952c9578033269dff2eb2de6c650b948e679e51b44722d84be568d
t2t_L1000_2478	e207bce248eab3aa6a32297ce1a48adf6db7a75a7019d9c3cef7dd6afae9c62f
t2t_L1000_2479	a553ca27121ee76ea6e85277366610ff7e3b62b7f0eedad730992f1e354b14cc
t2t_L1000_2480	d297734cf2bf7c55c0fc00f243938c571874a15e7cf212550dbf9d8d07556424
t2t_L1000_2481	df645c74506e5dda06cce066f3f15cba81f391cabf4be9f230057ecacb767358
t2t_L1000_2482	d5fb740c0d349bfbaf13bb653c6cdf17393ba23eb62f85e50bf02561196a45a4
t2t_L1000_2483	cd3a23e4157906d783e61525bacceece8950d61e57d0eb24b1f6022c9feca9f5
t2t_L1000_2484	9dfa8ec0de3f27c39af68e8289de80b45bbcd4a2c354f885e9e089afa5fed331
t2t_L1000_2485	dde18146aa9accecd341a0f3fa2f285c4b6e281862dab40a7bf35e34bee31682
t2t_L1000_2486	aa5b65065f11e67d330eba82aa617ac1b65cc881d8e8d89868ac223292f917c4
t2t_L1000_2487	5a5002773003d09c022859d7f8e1b11289fc62855996b92788547f5d7d2ec171
t2t_L1000_2488	88c9413306971bbf895a159bef29e2d4d503725f4074cde53c2d6ead7a93f46d
t2t_L1000_2489	3a4d44c3ca0615dcdd1c91d79ef62e17485fdbdd279ce07474be0bd97eec2321
t2t_L1000_2490	acf685c4e87aa632c8b14ff0cf30e49d13e1aca63679e9331ac5c4f765b23d15
t2t_L1000_2491	c31eaa6f98511d5138bd8fd389393a632b4ba120232fe2eb0c35d249168f34b9
t2t_L1000_2492	caa4b8a90a2ee2846f4dd7e4ecaf81bcc6ed8fab80f85458c835a43436fcae68
t2t_L1000_2493	2ca4dbfa80688baeb64a0afa597e98efb6ab10b8d394ea6bdba0a9c15752d766
t2t_L1000_2494	29c94e4c4e4f30657459c1b659aa483db7deb52b3cdb00e69fa3aa9ac879d49d
t2t_L1000_2495	106760345d62ecc456c4de8b55e920effa10f675887ff1fbbf4119e784d5dbeb
t2t_L1000_2496	c9b27d1260994af3ca90fce0839a0d5cfdc23a7b5fe310e5e6b42d0551583b30
t2t_L1000_2497	ea80980de145a18b3ee7d69b72c218c7da86ab44f495e53caf02132336a9f9aa
t2t_L1000_2498	46d78ad10b161a42d59451d3534419d8f0b429eae8ff9d24540a0fa1fc3d731a
t2t_L1000_2499	a0ed48da3c19ff20a829f2f77e96561069f938b3eb0378ac25e593dc9ec1be5c
t2t_L1000_2500	14c46ed4d21b99f5bdbba9542684ededa38017cf4b1523e4bedb6558b50c2443
t2t_L1000_2501	24010d1ec2fe8542a51d6bd1b7e2777a319ef7229838185e8be6fe91a8146d7f
t2t_L1000_2502	6679529726ec9fbbd0930b385f3b9c6638a9ad283aa82e94839b0741e05621fe
t2t_L1000_2503	3b5b033f761dafc36324f3c58d222f2a75eabe12c9d7a5b0ff0bef5992480dfd
t2t_L1000_2504	26e1bcd7ba53f62fd5a74361ad96fd11a8e03885c2c076c5052351a8d83087ad
t2t_L1000_2505	b7a175c1af77d25b7a1831f8d83afc0ea860145a2ae469a1f742c1a92836d423
t2t_L1000_2506	889931e5c33bf474eccb391ec34c076aa3d19de228204999b17bca7e1bbe3eb2
t2t_L1000_2507	79b038d7d9413726080175aa76ab74c2f3585e707856c001ad591f31dc2f3902
t2t_L1000_2508	9723e614393a7b9d2495a584161dc8fe39bda74a10389c91724a11cd2fe98b25
t2t_L1000_2509	869423c5ecb9b8e12980151924607c0648b21b6b50009905c8cfb835a373c01c
t2t_L1000_2510	fde880da36d3260e0cc636b0244933dfbd0a5cd7dfbd339f70b5347452b10269
t2t_L1000_2511	a73041d9c23f808cb6670ad51a77bbb97c01574e189b9f8c5df5797aefe824c5
t2t_L1000_2512	d1a1ed6620c6692c1e2d9f5821bb17ad0997d4105a574e77abbfa0095395f612
t2t_L1000_2513	d5e674df7109a51cc882655b530238686750efc6ef17dc6f7ddda4932dae8aeb
t2t_L1000_2514	d50b87d225acdd9546404120013f452329a9ce6e86ada6a002e3ff13cc65162c
t2t_L1000_2515	e7bc581b826122a7801033e648f7033d2bd3d88d2a0a752e0d1dfdbf22aa320c
t2t_L1000_2516	5278b53f1ad92fabdec429cda958a0cd2b0cef8e27dbbee9d9c660413cb24a6d
t2t_L1000_2517	98a8e8e78386b826817eccbad8d4101fdfa549f1f026165bce59ae429a428e61
t2t_L1000_2518	8869ffc878399e654c2bea43e3217169e6dd175906daf1bba3f7429f86fa4b4b
t2t_L1000_2519	f96452320e429abe233c6008e277a2f259a538694039db3a11ccad0a3b450a4b
t2t_L1000_2520	f334d9d5cc86aa8d94d5ec55c5d2957237357d2d0c465ecc8ab50b9babd0c890
t2t_L1000_2521	84bd51b331d05e8c64bd420f9d4c2891fbe662cd07fcf6441fcceb8988703f77
t2t_L1000_2522	0bd7854fd29a665e1fc6a9348fb2e4ff0da407c5267b6b92999399791c678e5c
t2t_L1000_2523	90d504b7644262443c27845c9391e00119323e94f1fce0462eb6b6742f4e2683
t2t_L1000_2524	b34434ca39501d5a6465404c676e11c8c0706ce477d7cd84e2cf684c7a9f5b11
t2t_L1000_2525	cd82d9c47a3af635993e84b002d477121a8d2efde0755f205ead4f4d6ffe139b
t2t_L1000_2526	1e2259c5f0bc1e9d85f611b7a8bb2661171590cb08a3d88365ff16dc8fef72c3
t2t_L1000_2527	a4bf471cbb637df56971a0d7c05cf333086bc64eef12eab52bc075a008c86686
t2t_L1000_2528	a4b5dccc3a66cf25190151f121e83806558654b14a921262cf675ddb454dd920
t2t_L1000_2529	2b35ef1d0ffc4291529c3479ee8ffc48f0e7a7206765833d93c6a43b767536ed
t2t_L1000_2530	5df89af3ba4777fea67fdc65026d274e071a090b90b6082b8402c3dc2cf1d5af
t2t_L1000_2531	63664682a8285936364c6805a63c60f7aa33be6d8881717509d390144a149466
t2t_L1000_2532	deac01b2e24f5308d13d46efb1f491655f3fb2005abf56b9597f505f7aa2b712
t2t_L1000_2533	6beb9acbb44e827292af32a9faabab5b10b96bada9a0a91e531cb8249651dd82
t2t_L1000_2534	f142110b343b5961d719e1030a0a890f4e6fa2d330a57d3b2ccb6fb43a25d34a
t2t_L1000_2535	3d9f0a81fe351d4a92e57dd339ecabbddc4322834cff13dfc2fd08808259058e
t2t_L1000_2536	091c3aedcdd19bd30c60404c3e2e0a6b6ec81dd529b3f61a8f28ccd08030f8c4
t2t_L1000_2537	f070195439c0eea69cd2f6187d7c004c24c3b97d09887466415f582698cd925e
t2t_L1000_2538	a7bb47f9bc93dd6fe9aea02b8edf2ffe479f905a4cf69a85cafd058c0e270ca1
t2t_L1000_2539	1832ecae9718358c9e18d868278f710ac1de74eeca0dff5627fc02c71cef72fb
t2t_L1000_2540	cd9d2234f1e430ec54c20b1fa5a255d481b29a8310f34ce1f7623223e48303da
t2t_L1000_2541	6870cd40600b0df2c4583842f624eaa910157c66704a129f140d90452804ddd1
t2t_L1000_2542	608d178a781c3926dea5635a29d7200714b740a3a904440c4d83148840848555
t2t_L1000_2543	660711a55049530c22f83bc409e6996929f67974c43cc5fb55b76e5ba8c7d92f
t2t_L1000_2544	526f1744411727ba465f54c826ce84fa05e5767743ba89b6d39cdf51fe5f6d68
t2t_L1000_2545	029b7444c32746a3d953e0346308fc46fc1c3a2702c2512de9dba7caeb3bb4bf
t2t_L1000_2546	9d5149556e13e2222ba028aac6b01ae11c121c46a777ce92e22b9e716b770ab9
t2t_L1000_2547	8449efe1c39cb4fdad61b3febe65d424173b4291848ae30ac31a92864d2249d7
t2t_L1000_2548	2217bd3e6600b315f8f6135d93813b3d4389dc2d11ba9b7a814a7d5d987745eb
t2t_L1000_2549	be67bf1feddfd82dde0353973194adb217a4d0963195c1b1887a5216d2bbdf1b
t2t_L1000_2550	c2ba5be13b8580909d79a4543dbe0cf9d0442a2086f9efc2d6bd0542492b4df9
t2t_L1000_2551	5d3351e0485227346192cb1902cdfbca502637321ba42b414fc0147ced765bde
t2t_L1000_2552	2ab06ef15361737c1bd3508560e75f9d8599ecddb9394e8e4a7863b8c01ea173
t2t_L1000_2553	7390e61c5429bdb2aa7a80f71fe2638f85a1109282d4daa9525ca0d632c8a14d
t2t_L1000_2554	ddeeefd2e6627e523859eae8628a0e82c85b7da8fc918ca7ab06d562c610877c
t2t_L1000_2555	4e9eeacfa18a8f9ebeedb76c504926e3b8cfb45dd323b1f02e2cf1b53d7f4cdf
t2t_L1000_2556	34d107432598cbdbdf3f107f4c986aeee2f8de301e40b7ebf86dbc154ea832d9
t2t_L1000_2557	3f636295c6f7f5400f1cbd8625cfe69798758483323b32bfce1e77a220257273
t2t_L1000_2558	458ad0d7d22c296b06270dee242afd2925aac82825ae5e9d7c0ef52c01d8806d
t2t_L1000_2559	3490a09be801cb44ecc058f6141f18b73adf8c7cd3b31e3ff1a99a0ea4e7877b
t2t_L1000_2560	6f484e3d888f4edf534ebb76960fdff5cd45afbf9708ade4e5147453fa6ee664
t2t_L1000_2561	72ed3682eeaebabb9b44c328925062911bdae7748f466f7664d741433ad4cd55
t2t_L1000_2562	f57c5f650d2d701a000e7bae91d950215538db8b143b73d3cd6fdbf8d031be37
t2t_L1000_2563	0e6553476503ff74a26a2af288e8696c7dac63c9f2b725f3d7dafacafa28209e
t2t_L1000_2564	ba53829095ef8ac292233b62a2373371fa4ebc071e7698a360beeaa91589620b
t2t_L1000_2565	b89025ce82a6317f935c160c741e033ec0474a06559b4c09bd797ea5a12ebc6f
t2t_L1000_2566	a2849eec50b790f5ab54f648b0f5ae9c50f60eef7300fdfef642bad8fb1b3a7d
t2t_L1000_2567	a07ab98b07d3b202865eff355768c06e92fb75e2472619fce42aa06e90dc4894
t2t_L1000_2568	e1d7b08480ff5f18b6bc3523e911692ad488420eb689c96fbddaa7f57175cb77
t2t_L1000_2569	ab59bb267f2e2d460b11d20de1da98bb30594cb9620cb1885892175138a72af6
t2t_L1000_2570	dcba8ad8da896692c7d303141a2ecdc481f78fa68b69c3de88a3d24faef51d17
t2t_L1000_2571	cf67782b431768ac3637a7c2f436a2dbaebac34e3aa763238ba37aff7755a592
t2t_L1000_2572	153035c492c9587d20ceb1106cdb0f08fb79a03bad0643cddad464d768591465
t2t_L1000_2573	15a9175c5d4744809492736f0eef77bc3be8618839af32b55051886dfeba77a0
t2t_L1000_2574	e7305169909d62c630db5f075a67f11c3ff51c3758d0afd5f144298ec5383c46
t2t_L1000_2575	8a59e89eeb5290bbde2a696c144fe5b293780f1792ed3e37a67844d296bec236
t2t_L1000_2576	ac5dc7f4e604f8969e93868f6056f1cfcc9d77ad89097a9388aa64c53f16ab8c
t2t_L1000_2577	7b8c2edf63d55c4429ea0532d2cb857d14395609be082552f65d75bdb0de96d9
t2t_L1000_2578	7b9554d0883575151ff4b123f3490f90b09d4987b3664d58ec624b8cb9129473
t2t_L1000_2579	a4e5313b5e9896f54512c0c444f5352bfc19c032cb96b562e656dbf84d2b1299
t2t_L1000_2580	bb4ee0db987c5ac20dc73b5139d7c36130b8336923a3c58d0d379016b63e6abe
t2t_L1000_2581	c68a26b4dafdce12de0d14cb19caed80e9780f3f5ff5bf29962153a0f635500e
t2t_L1000_2582	71ee3554bea5613bfcb72ab9b981502acf37dae39f9acf4304684ed98f39eb6e
t2t_L1000_2583	89234edda3574e570239377bd0f8a37697f098821b86320681deb098986ec947
t2t_L1000_2584	68d6d1bb820b223307dd25afaed95aa15d81be5d7b8e5cd43c6d887e1f42bd99
t2t_L1000_2585	d03072bfa38d347fa9a8b7db5502e2939c3b3c5a837a425e5206b4dc9844a478
t2t_L1000_2586	5c69960e037ac8708ee08cb0fee3593bf77d468369bf734f04fcdbde338c0176
t2t_L1000_2587	65fed4615bfc7a0c743fe10f3dbf5b625e43cea2d3904f0798cd8fa25541fe9e
t2t_L1000_2588	80f5285140b1bc1b29d4bb3c0b0bddecae92d48a1df17d26df95b0313e08b785
t2t_L1000_2589	96035830734b12918588f9edcf96f8f2a5c8c8c0125613539adb9eb0cfbc91df
t2t_L1000_2590	f53cf1f84a344a4124d0be4bf6a60a2b5005776f1b956bd6fb9439c9e09d529d
t2t_L1000_2591	02e40a0ce65a257cab440f60ba5db0efe95c0b33aec899294e47231ba57cc5da
t2t_L1000_2592	bc729956dff15d49166f9107cc142bed5514874bb387f9fd366341a14cb70bad
t2t_L1000_2593	49921a27ebc5293a2fc69512f534912d2a95d16d527e8a68fd3eae43f5e66ebc
t2t_L1000_2594	ef8c85fee3addfc33b09235fff7928bff94c0475ac1fb975083e5812b10688d0
t2t_L1000_2595	d32fac9faa48af43b9e6a94f79e4cb0ff75685843c63dd62bc9bd8ee29fb3976
t2t_L1000_2596	195871513c7430f49905baf1181446b0c36d2f5f0a27daed88c44f4d76629b5e
t2t_L1000_2597	23404fe4085924d8dc20c5a6b1ceebda336e7b5125501d393805bdd73d99166a
t2t_L1000_2598	339627d9cabd7d57a12bc9c23220d96224a77d5a300c8d7e30c4834158e44c8c
t2t_L1000_2599	cd9110db1d166ed8044b5eb91ff1d06cecb65eeb78d957037d6870e2812b31a6
t2t_L1000_2600	3e76be060e8ecb4c0eafb4981a561dd9da9997bc5d51a012c5293b28d356cad1
t2t_L1000_2601	fb66b72094ce6733a6b657bd033752a1e202d98376a2a14481ecbbc4759e5c52
t2t_L1000_2602	1f307a3284d4359d1607b1577f0888f567652e8e3d2df7b1fbc45aab4afe5958
t2t_L1000_2603	070b42b9c0552f2658ac856b41acb207725cc2da649f6dbd59b62e7096739fbb
t2t_L1000_2604	a2ba8a46ccdecdd53217f3d79493ba698be732c8ef0156b38848bf8ab1fc51f1
t2t_L1000_2605	b19ffcdacdeeeb635a25a825b78beb1443f7439e586192dbc70362639e8b958c
t2t_L1000_2606	d2323e712865c2f0b4384354b907576d479fe1ecc48c739fef220859ab5a73df
t2t_L1000_2607	1d1822bcc76a43e5d703dfe2e9c4a19d2c129ff8685a890afcb85ad0a5d6b6bc
t2t_L1000_2608	47a2a9ade6f90ddeea3d0b39cc078a03dc208009dddc5ca233c021d1cf5bca7a
t2t_L1000_2609	a49cb6425c73380631c4382eaf99c2782b38aed995009c9232634321b55d7fd1
t2t_L1000_2610	862e0b8bea21bb3c0c242fec14acf87017f1b95d1cb11240dbf0c07e00a522d3
t2t_L1000_2611	2f7a273969903aa64ccc2d9d9b6de0ddfe02ef0a6bafb4ca59c9c5695f561492
t2t_L1000_2612	c7ce0c22656154364f2d50fc8e65cd2610fdfbbd73a7b45cd00762c31650d732
t2t_L1000_2613	43ac50ede4e5d65ffbba117517db52254f5a1eb365297e3e6442e9b97e98cc59
t2t_L1000_2614	f7bf65055a8b3fb35992edf1ad2f63a041149cb10d8db7adbfff99270f68cb82
t2t_L1000_2615	ce57a3b4ecb6c77d3cb8d31b6bfe8b0af1adf678f88a6aefac475059edd41cbb
t2t_L1000_2616	615b957ad7f247ce607a7aec8af6bd5c1f3c2624f8a0278fcccc7ded7656c924
t2t_L1000_2617	fabaee23708e40ccdfb6598fc7a75633bb3721c5a491309e1265b3918075d264
t2t_L1000_2618	b46db7dfb508e19cf46c4fc62ed6a8c121eb7541eaef7a6f6e1ca070f5ef1719
t2t_L1000_2619	f2f0d8602db3fe0274632d57450e0d9ff4b933628add792c8f16a97acd9165bd
t2t_L1000_2620	e162590e7d07415fc0d7f31e99f9ff5cc24b9c6e702f0154b84151dc858c3409
t2t_L1000_2621	f3ce413ec1c6db14e70da34bfa27fb0d36fd807ff4e1f539529690c9bf4f1b25
t2t_L1000_2622	593443a6cbccb316ed97a7e6dc319e410a86201b4cc71fabbe5244b99e7bdf03
t2t_L1000_2623	ed1d4ba03613be82659b51c78c178dbdf1260e6fd7f3ce9ffdb18f674d9d91b7
t2t_L1000_2624	9efee62345e0963becb74769b0fe519aced71b8df95c2eb943443678bc85f6d9
t2t_L1000_2625	0a2aa7fdf6d64d67585a3be3ae83b6251b9bbcc309cc9b1fb7fd20fe312fcd93
t2t_L1000_2626	2931a72a0e4b17c65caf3af3061a9d14092ad82c897e11128858726eecc3e452
t2t_L1000_2627	1ec9dca1d0ad3aeb4625d87cd3da4926015d387edd5232ace7f1a5fc06187a31
t2t_L1000_2628	92d974f6ce3c68400e5e23f860a78ab6691d16a39aa106f1b39899c9af06694d
t2t_L1000_2629	032d560da8ca7ead5acf59de3ffa4b9b5de95185f57ff19410aa079de55f575a
t2t_L1000_2630	a1908378b9f7bac7a8514e2f434f4adb351732410bfa5b902736cc978c57706c
t2t_L1000_2631	7af2b93f31f12f3bd7ce5b3b0f5141bb30ec072e79b5f42c0771abb86d5a49df
t2t_L1000_2632	ec9f1abab55c16e117171d4982fcef87cfb23053ea01e2099ea3f35d290ae0b8
t2t_L1000_2633	9b47ada7a045f43d0f685e053514a79207998f0e55d2c8e8bc78f81d052b9e4c
t2t_L1000_2634	812527e05596062e3842ab8621d2f8a00f8afddf5452f38b86b672f620cf2282
t2t_L1000_2635	4e04ad4dc23d6d471095f341b5c1d2e95fb366e16eb7dda49c097cd3c7eb548f
t2t_L1000_2636	324921b315ecc5cf9bd5fe8e675f600a2a602191da0c43eafdc621a942532eca
t2t_L1000_2637	abb404085f4ac0df0fe700a8a6757859ea311607bf607a537c47bce2bd48f34e
t2t_L1000_2638	0e6bcd9b87b4f8478504e41a8194ac66c9092abe949513e19c22b0e3e0e42295
t2t_L1000_2639	12d52fcf64d57da419117ddcb06172adb64bf018c080dbbf21468eb21a1d0b81
t2t_L1000_2640	7b7b5917bc511af8c7f97d7ce1d50c1c2bcd9f7440f19bb05e9acf9dfcf67156
t2t_L1000_2641	f9210d1fc993efaab434d14ea80cddb7c7f379c596e4c42d567df595ebb9c90d
t2t_L1000_2642	a27ce8bb36c90c3aa2d196f22016e88ec24251136c9554a8a4cf9777f5869aa8
t2t_L1000_2643	64cecc06e676fc4e7842c22a94f5ae66b0fd41e9090df7f84418318b5b5ce7a5
t2t_L1000_2644	655d21d7914dc55d083861779afc2d7eeb467540c28fcb7949e93a7102566395
t2t_L1000_2645	c030e741c4ac2018b8d1b5b05cd9a9bdd7205a999bd18162a143829928ec088c
t2t_L1000_2646	aab4b08fc363f7f6b4301531111e68fbeb6116690e9afc49bb58dda858ca2222
t2t_L1000_2647	fbc4ec978a514b6d2bee314bdd2d123cce5183d56d4b0d145f7dd49df3737414
t2t_L1000_2648	3902b492711be07f5087f8d206821411d1b830655450aa9ffa8e018f74b8d437
t2t_L1000_2649	f104a3e4ff3025c4c5e0edb30eaa1eef3909a84656c067ec0eeaf95fc3e3296a
t2t_L1000_2650	88497293da5bc36b7014bcaa1697ab26a1f5931d5075c5f94f61e05ecd19d6d2
t2t_L1000_2651	d0a49d108987fa50ddb9e39c0b0775eaa7b60837439bb6cf6766516c508c4fc9
t2t_L1000_2652	b4299482423120de7c0036d6c0b10d2da5d91212ec1a1d4b1b6bdefb49de91c9
t2t_L1000_2653	7f8c3f76a8de14e22dbab492b5af71154315d3000df5f7e96dd6dea839826ed2
t2t_L1000_2654	08cf2585b737a5c4189cee6ed23cb445306f536dadb6816f4e893110dbd42e2a
t2t_L1000_2655	f862caf238894c10abd5fb7ffd4f5eaa9effeb67681293f38dfd343e89a27f77
t2t_L1000_2656	2e18ee76b6c9b08d1ad4dd7fbd2fd1fb44e8c4176e4471360d3e618bdb383116
t2t_L1000_2657	cc50d08b0cd029167c5c2e9797f6801ffd3f9a0b7bfe4a892576209e259e2086
t2t_L1000_2658	95fe6325d789806ae87d5d250477b8b305c5e9aaae5e8cac32c6e2c84413829b
t2t_L1000_2659	c680a0aa391d27582a49f240695b7a348ca0ba83ca6e7d9ca592e5e323e9f57b
t2t_L1000_2660	dd2f46cb19e2485f3221bc21db43432e670d3ca6f1476556eee925784baa2adf
t2t_L1000_2661	e997e1630999d6a4457ec4581d2facb3a8641d3ebcbe1b0a88c0b386a2766689
t2t_L1000_2662	0842e0c50467537d1e759c8113db47cc3c9a8d175d922907709ec7209b8325e4
t2t_L1000_2663	a441ac29be6d35115fc4d3dfaf92b7535203404200e488bc64f927eac731094e
t2t_L1000_2664	b90a6874edfbe12e67a6d7d6634489f18ee230dcf22b7986a9e3bd3b4966fd84
t2t_L1000_2665	25b0343957eb4ba9441a4632899a02b241091ce411994e17a39f7b3201b9b6c0
t2t_L1000_2666	f393fa77a2feb87011739038fc07e2ed4a5008801dd3b57750b07e67280437c2
t2t_L1000_2667	285b0ebb30df381f16212ab44c3a489ac2054344ae6fbf645e34c7130fce874f
t2t_L1000_2668	0c3a1956ce55428667af5677619b6c8e918c3bd1ce53560f53b776e48dd74c00
t2t_L1000_2669	244c8230e177193142b50040cbd1047ffb44843b4a89b27269446d99b67c11a1
t2t_L1000_2670	7a377437b60b2e47e7f8f20fdc0c607d77a39d41e3e468c39a9a92e4615802e7
t2t_L1000_2671	a27e090b0ae99dd332b78705115898cef0472f34b95b0106bc8778f284f150d0
t2t_L1000_2672	eff3331826ada5306b73ad52632265afe8de433ec68aa159a7130905a4dcbb5b
t2t_L1000_2673	112fbd5723736202829e0271820818425ef51a94c29ad1d5ebb18ad145d60a58
t2t_L1000_2674	bf9a3129bc3ba866883c5d1b614961260b62a264bf86829afdf061113ec012b8
t2t_L1000_2675	f667b20a89fbf87ca01ab8f34528aa1b5e01bd54c678d5574b1d6d77f4c519cb
t2t_L1000_2676	5e0555e91db3b592474b57829510bd9f57aecbcb041a6e791b82cca5b49f9690
t2t_L1000_2677	ac85e42e4ef57836339cbe8ab0c8be8a548bca93e18ed072ede7787a16ca89e8
t2t_L1000_2678	ad54c601bc6271b2edb77862141d6c7b0a5df6f77b9f4a6e6e3b118f876eda7f
t2t_L1000_2679	61317c86b02a935d3bced490da368df40a8e4431a910016041671de83d3849f2
t2t_L1000_2680	82cad576fceaec2490ed186bb540c0508fb17a6c3a7e4dd46a78adce2e704df3
t2t_L1000_2681	aae4a9ce46afec882cb03787de57e19f41211e595e8c34a49465547534754a47
t2t_L1000_2682	14320e0f7e419de4ecea3bce59499be7672241100d176b2ea4f30186054e92e6
t2t_L1000_2683	d8b84604e3bae9c96172f5c94d76580cf4303a9d80aaa6a270de89e2bc30aa3e
t2t_L1000_2684	ab55e0abde135c5e3eb5b1b639a0f88878e8ae118b5ef3dbe3eb74e90c988165
t2t_L1000_2685	5b1b0b14be8c1fffbc0876def94e7ef5c226525a1afacee45b88dc34a2b334f0
t2t_L1000_2686	e1603df84a68e52f060fb3e1eaa8d77f7700f672cf3503b54a1e31d1e4968d33
t2t_L1000_2687	19195757bddf74c308d08ad3601a7e70efa01e14c8135c1ab34b7d93f6fc1752
t2t_L1000_2688	bb63e52bf55c6952d6898cdc68c9fd59d0dd45ae6e1fddd02062e0389b620977
t2t_L1000_2689	a7028ace43b4387b7b807de4f33311be9b90edb3f8899d10910fde3989bfc5f1
t2t_L1000_2690	1090f4a8fd83aceef073290339ffd07c9fc28dd0f11571347cc69a2400b95dd0
t2t_L1000_2691	84cfbb2022198c621515ac33160235f70b4ddea01ab6aedf9a435399ba65b226
t2t_L1000_2692	c17a0055f9f90bebad664503218f3fca16fdf8d0fbb6c9e3a9f6993032a69d4c
t2t_L1000_2693	61c421680bab3a2c77d82c603661a691dfcff3a73142484dfba74a279767e868
t2t_L1000_2694	106e6589c8749ce86f6c33563f6224d008170243acb415bb8fb45bd6a974c7c5
t2t_L1000_2695	d74c6abb7351880f4c7e7a0c6dced0c54fd12a7b0d92dec52aed32b8a8daf3e7
t2t_L1000_2696	7c922ee16b6ffd63c637272686da26754f9a2e4af63465bf0fafb5caf0e5520e
t2t_L1000_2697	7c97eda07d87136e143a4aaf4606601d997b028541cf56b1704c004614299b1b
t2t_L1000_2698	efb169b47a0d50abd581035bf2620ce0e9a4a25028382f1621fe7c470e0fe364
t2t_L1000_2699	aae51e099fc1775d471392ff9c33fd72610abe6a1ccf83f0ecb1e109de4dfda2
t2t_L1000_2700	bf1157d2a13cc070c8a15b95e77f0559420471fb1a0c8205cca61cffef4412ad
t2t_L1000_2701	27ade58c7fb17cf30dabbfbe755d913782584e77e215beaecb8e24b5a73b253c
t2t_L1000_2702	6ed22666c14260c8ee5cb3c907f8fa7f6b7d27586e247a03e5bd6beb4310d611
t2t_L1000_2703	2a3dcf392b68f177844fd8b69c94e86e5e22445d388bdace2a32d1b8130528e9
t2t_L1000_2704	cb41dc353f9c9ca8916814f35d466cee81cf117e56183036e1cb9b83920e3923
t2t_L1000_2705	5597484690d17664a883c369f2b5156c0a486800e43a9117a0462ecc01c92075
t2t_L1000_2706	a2f740d6ff59d95208dbe75b2091e115cf8adcc7f0bd62ee58530bbc367c4e54
t2t_L1000_2707	f8b612ba1e627a6f1261076516e1b137d72dedc837813ce850def8c37a4fd31c
t2t_L1000_2708	b9a2514946410918b5ed4fea2013c8f72b1e38b26bf09a5c5de9eef58451b0d8
t2t_L1000_2709	369fa26d71a6edece2400d82ed3a868bbd326d99e21efa4f535bc9dea9eb62a7
t2t_L1000_2710	f66b0d6fb5abc6822e081cce469fbf53ab9cd2e2f49aec193b91006939ec8ba8
t2t_L1000_2711	088b0db636fac7007946706e9aa3537e1ea4f784cb03f3d76f6db1d78b9ef7d8
t2t_L1000_2712	e5450762a7ad0befdf507eba9bbe5c1c711d2b8b4b4b18ecff1561c6b127ac52
t2t_L1000_2713	84913b52b3eba1cf7f0c873af9ca6a48142e0a43e5dc093d61e9e975c4f5a4ed
t2t_L1000_2714	f2ebad186a79b1bec6b1df054af6e4c40f1f83b864dee09be0df5c211d0942e9
t2t_L1000_2715	3600b2c25862d32fc9b8e911aca27af23d2730f47f51a59df79b65f9b9beba7c
t2t_L1000_2716	bfec222066c9e3b8e0f858b7889d99b7a093031d274da8f1725b6cd7d4771a15
t2t_L1000_2717	0dd364a79974828ca91ef924e7d2e19fdcf8ce906a0f3eeeef5da93641601ab6
t2t_L1000_2718	a74fc5ea23e297f72d811afd41bf89baa2fc3e2987eb5f0edde97e25213f0fef
t2t_L1000_2719	c0d4e3e141f267d8f229234a608c677166e93edb3195227edcb36b218f04b940
t2t_L1000_2720	9b53e7283c69320e80561981f1c58899f123cbe7daa6ef347de1ccc928908b53
t2t_L1000_2721	a7d67ffb2459a1a95063ad4809c5871dfc8da269f2b59159005af9866e44cde2
t2t_L1000_2722	709e80b4198a2a7c918110110ca3b0d1dac908e1b98e46c8f868f3ea6bfc8875
t2t_L1000_2723	beaad667301c53fc88b90f192fead7dccbbd8fc806679f64e1810604ec436e66
t2t_L1000_2724	65c935a02b0eb8a29334b9ee7b6bff9b08ea28a8e10b975ceba2b4d1e4f566e6
t2t_L1000_2725	db5f57a213986c0d65ae9110a1c4514f7ed0514f178e361b7f9c46277f3db775
t2t_L1000_2726	ee1e16e7dc0755122f9bae5872a76ccdca8bb639bfcb9e9dc68f806432ab7ed8
t2t_L1000_2727	03da05c2eb87abe8aedcbcb0614b56eb7e71640970d34634efced180faba2aff
t2t_L1000_2728	7aecde2161dfca3bb3e92a3aaa8195ed724dc3c68cb654ca8e518b728b8d6c2a
t2t_L1000_2729	56dea6d41cfd3d8a6009dc01a3ec53ac0b14baf94e1baa1aa53c34b27f10c44e
t2t_L1000_2730	fa25951deb9837280e963860a2a0ae48269a789329c9611a53f749aae4cc2a9d
t2t_L1000_2731	e5541198b565ebc633ef9cb4cfe9e46723382b8657ec279ce2a92f8518355c90
t2t_L1000_2732	fa122e8c606ce2d8508b10ccdc6c42c90e9f90189432858a2d6fc749e6aca215
t2t_L1000_2733	2324ba9e0dcc2ad69c7e530641fc8e23fbd458ebbb6c3ee8d4a575ae0bbb4b86
t2t_L1000_2734	498d70d399a0274496eade89f6e333e580233e1acffb7cf06ae1980b7cbb56f4
t2t_L1000_2735	e6413d3647ec61d2fc0b48986cbb416a44e380e41b131acf3b994b80591f4ed5
t2t_L1000_2736	e08fdc1201777ba402975b7c5d788c89d3a3f65c178f9da319e8c4918740bf71
t2t_L1000_2737	4c6aee1d02d734547007e2aadf5aec64f24d7c0d84a32fd7daedc11dee66d52f
t2t_L1000_2738	bc788413790bc9652b87602b0f4a3b7cdeb2817e96320a6edf566bb108673907
t2t_L1000_2739	628b1dea5964c8b77aff3d04464acb46066c9499872a78ac87b829b8d93b17ee
t2t_L1000_2740	7568007df563c9f9f1631336852c09484d1392a5244c5425f1448005b81e768c
t2t_L1000_2741	43eea1b996351f7e0549f50f62754c423b4d176c166ba3a69847cf5afcbe38b4
t2t_L1000_2742	a62d5b80a7862cfb66736e8b0c1ec8568257af1815b52e25da4d3ac4d76c8c5f
t2t_L1000_2743	07929bd6bfabeed563174a5aa4a2d61544f57d9f83371c5e462c4100b064cc67
t2t_L1000_2744	67e204f88e9d7df2422e4f084a1832905df18e09c9e46f65d0320217575e104f
t2t_L1000_2745	c36e27c22744c2f11f6d23818b31af06f9ec7fe44010f72c000722f0e1c5224c
t2t_L1000_2746	aa2248cfb8eb4d0c38c951c3332e91822f9a2d210eecd0b4ab3abbb3112312bc
t2t_L1000_2747	72971495b053129ba18da57c9785bcc0cd5d30576e85b8c8e22f6afb9a9ddf18
t2t_L1000_2748	bb3062430839b937bf2a6f984ec45e780b78e87ce8a1581c4d9ceecff8fd0802
t2t_L1000_2749	a4a6524fff20b2c5a95cd2e6d8ca9c310eea01c9913d4aa59bf055cbc77c18fc
t2t_L1000_2750	639146496a123f00e00c2cbed08449bc7068fde6a8d67826632bfd2e76ddaf8c
t2t_L1000_2751	0a202dc28ee90c783fe0c948131ca9cf12b295b7b389d19049a49ae41e9f4523
t2t_L1000_2752	7e407975c398aeb720920c6154a1f0662d1fcd2cb3eb65f00699e8a25b204e3d
t2t_L1000_2753	236eed87d0648b6cfd089d424b255a3077109a48877f5cfaadbaaff53a872372
t2t_L1000_2754	7f447889291b5cc5b67dc09c723c229c4a5d7169837899e815cfeddb4a0601f0
t2t_L1000_2755	4fce75f0a4c22538d1dfa7460a4fb05823d27e5aba2aca06ab9919cc9bc7126b
t2t_L1000_2756	624f71b8ce13cf33d1267d73b292bf96a56d29662eb249b58fe19e353558e7ba
t2t_L1000_2757	69b807123aa9197603209f18bc220c4055c956816e99a4dce1f8c23786c9d80b
t2t_L1000_2758	5a060e9635c958e3646525000285ab62b5bc909e5b449c1cec540ac36800b697
t2t_L1000_2759	8f78198b3e939da7ec3bab9e6937698628f687713203dd6aae05699595b0bd4e
t2t_L1000_2760	edfa673392e477653de7891a08551b488a5d27828b7c439b73f1ad2ece5d1e90
t2t_L1000_2761	cb31ece42d90fb79768331e16afbe718222fa621c9db995928166780c209f459
t2t_L1000_2762	5de6b5332288005724ea1eac58be27334a21ebf89342fae6c3d81dd9ff08aae4
t2t_L1000_2763	410ff2a7582a3076fb4657d597b21e613ad3123c0969a594923213a8258d782e
t2t_L1000_2764	d27bbfd22841980f0137220597ca8d88680f539e90a4cd039ea0cd6ce199c80a
t2t_L1000_2765	bb7ac89b1921a1a96453e1e1c7a78d0ceeae537e13986d57cfb476b298ed688c
t2t_L1000_2766	170d1bba53cbbe47f524e33c36a190241f1ac7964f23d11d217795c4db0c2793
t2t_L1000_2767	facac6c15293fad62faf8c11b54be2f1424b6c30345ec684349048701fcd70e0
t2t_L1000_2768	b9c79de84960eccd9b71046b6d816d05a3ecdb77c76ece42882201d55e7bc319
t2t_L1000_2769	c36671855b3c0168830ec1e4cf0b77b71b87d7df49ca51dc4cadbfadf2a32a96
t2t_L1000_2770	7c1baa4ea69c962ea519330cad540a9f8d2d3b3526344f3b8440e90aec9ee1d2
t2t_L1000_2771	e8aa0f60d478953228c6ce85485ecc47c69bdc01753945482d2a0837c35604c4
t2t_L1000_2772	f04939f82850f6478b8fbc01a1621934981db0296dc6d9ad73c3b8a11a3caa69
t2t_L1000_2773	92d8bea51c9f622dd8532d9347f27b655b8bb31454bc52bfab29df4b353de2fd
t2t_L1000_2774	bd0b6a9ae58280878a6ccd316d79fccd88415c6fc63bb5b68788836c10b06ac2
t2t_L1000_2775	b22b4d3b3d08e184ceab978c117c453cce7991bbc31c883a1d3dbd37bcb694f0
t2t_L1000_2776	376843c56992f01a5ed91c6a22fa8ba283f6462564c82615e5e62dcb55a1c31d
t2t_L1000_2777	7c158ac0fafffbe20c819c6c6aef15fdc678109336acf66c1469b8f53cc33b2b
t2t_L1000_2778	9105ab72243805a1ff465ee243a4d180905a9f5222072dd062782dd55400c99a
t2t_L1000_2779	6824b61f2af67d7113772705e87539737458e777394703ce9fb52a86468c453a
t2t_L1000_2780	639414e23642a7596899be22dcada12b01e118dcce944a7b541f43659da2d4c9
t2t_L1000_2781	612e49c0aa5b53917628d49e7fdf719797aba68ea3ca4046f10eb1c1b37e4d07
t2t_L1000_2782	cfa211a53d27419e7f348c9b4386ca28b7dd8a150f84d2288b8d87ae5027ef37
t2t_L1000_2783	e0830e1d0830dff389fb8c01bdf12d707b0d57084547e0dfe9bfaa07421c028b
t2t_L1000_2784	b199b68d7d7207ac5ccef8f7a172a710703bb9d0d88d8522ba2d8cc4c82e8712
t2t_L1000_2785	e13b186704e9c124dbaf8f1f024703607bedc2bd9d6a3347ebf5449742c14581
t2t_L1000_2786	7159ede93df32e622f4c5766e4339e4e748f9d0ca658187fad6bbd8406d5e51c
t2t_L1000_2787	aaa191ef8b45e599569bf2dca387c913af3269f45040ebe854602feb7a1ee787
t2t_L1000_2788	48ca504b64cd46143c5a52f0d5927c65cb10c3ff71a37b89e816324792824c2e
t2t_L1000_2789	5fcbc1f17963b84eabcb475235638dcb90437ba155bdcc4c44ba6239fb21a913
t2t_L1000_2790	6640e7618fa83705777ff0bc0a8682b7b4b8d1cb30fee62ee45253eeaa193645
t2t_L1000_2791	8f5a1020e78c1745229e20430d50a7e4ec7d246695d05e78f6000a6fb537f6aa
t2t_L1000_2792	e873a941c003a6c0054a9afad6f82aee30e1640e9992331023ac1f1132793a07
t2t_L1000_2793	27d6e9bf0347581127241d517b123c4123d3db950edcdbe60542239a6396fcae
t2t_L1000_2794	e1994085b5fcb2223540e1ae3cd6abc000ce006bb59560807beb6c22433692b1
t2t_L1000_2795	40859d8b81dc003dcc2dc1d4d202397b217260af7f9f2a46697fbbc93e553cd9
t2t_L1000_2796	35532b198f2f950f5ad38ceddd32cd947db5dd21e9bfb996a88b1e8d25e328c4
t2t_L1000_2797	11c551b37a4a91b24a2f530e6b9a722926e7d2a5c76976bb8a0620d4d0f8ffcf
t2t_L1000_2798	2989481f35b5e4d4d193935d956457466805910a606077a54b34914dcc42749d
t2t_L1000_2799	404587eef67fa6e72bdf7be62fa087640725cbfa4628cdf2fd4f76deb054b9bb
t2t_L1000_2800	dcc2d67d033f346708d26daef891c3ea39f6e7d56f539e20057ceaeb9c844116
t2t_L1000_2801	cd08f153451475bff7aabbe9074a5751a1eebd9c871e94ece27a4cc8a05be4cd
t2t_L1000_2802	4cd85d45eb04cbfe00f553b5e2aecfc6c49fe67bcd79bc97e98267f3767c34f8
t2t_L1000_2803	f3b81368237c9d95f4cff10a66bcd3a159d6dcf82ec86ee51c61ec3a7d40af7f
t2t_L1000_2804	3d761f766fd8639be977e5111de5a11f88e4b5d7ee4c5e0d683446f1fa1cb712
t2t_L1000_2805	89c6666526387cc3624c118bf149e6cd860d08988427f64d4bbb06fe4499cf80
t2t_L1000_2806	9ba2f109fbe3d8618f3f3e20984a702b0f8c042ee9a32c79e3d6a25f855edff7
t2t_L1000_2807	27d6e45e7a919590e28b7e2c34b354c46f11ec0c2e4934ff2b07e5828c5c5f73
t2t_L1000_2808	2cd97d95d2c29427039f3510a9c74686813dec03f354775a4eba2c25394d2422
t2t_L1000_2809	565a200d0a34016ccec5591521a2ff9346d4d6110666e0e1c60e9c409cf41672
t2t_L1000_2810	1d6d1b03b3933292ae242db81ee7ac73f321c9c485120feb1b0beb62cc107170
t2t_L1000_2811	37033fc9f0f436a9d87bc868443f7998731bed0fb37af3d91f5bf864ef6b422e
t2t_L1000_2812	b7283b1f93ab9cfb3c2564dfc4dd8ba262c0495749d7127448bbdb8e572d7f6d
t2t_L1000_2813	a4d21857473719c0df15d6fef0c4ac394c4fcc022ec0a05d4dda6f88bf630e4d
t2t_L1000_2814	8ea6197228409ff49805705c4b1e9400e7ecc449ef907fd77a2a8ea163600a23
t2t_L1000_2815	6d80d0f114e65c230577edf2cdea1db5e39b34c57208110f5afb36fe92bbd52d
t2t_L1000_2816	b0490b8b58904e9dcce1e2376acafbbe2670613e9d540cb9a00e44ac8603f59c
t2t_L1000_2817	eb3422eac6788f8e7ff78109ae200f07c51f30c01fa2ddecbbc92cf3c2ed0152
t2t_L1000_2818	53d620d5160c20663c713bd137d7b49e34c1a8d8360e40d4d59b27c98fd3b963
t2t_L1000_2819	6d98823f08cfd46bfe4ecc6dc8c1b4546ea1555b028c68ba9bbe6effaef9590f
t2t_L1000_2820	78bd6eb8f806755d3eb332b5dabbbbfc2a430a41fc8e55133589ba3d6f32df32
t2t_L1000_2821	c3aef29e92a4272715275c9b468b259aedb35ff1e4bb67d949ce57ccfaeb3ccd
t2t_L1000_2822	73c7e8197475987f64ad0e2829e7882f2238c38e940afc8ee5709fd602f619db
t2t_L1000_2823	ef4fad68ae50d9efe0888cfef2d7ecf4f3028596f98b1473f6b7a3b65b779e4a
t2t_L1000_2824	a2c8c5e2c0ff8ad7e42443c33f1af1bf3361d93c5ecf1aea4aa1e3d9b7f281ff
t2t_L1000_2825	58cc61a6e5c099de5c4bd0a8fd45f26b5686fa2978b6fb8c2a189913b80b50d8
t2t_L1000_2826	9a71cbb5c266b40627ec9d5125df25ebfea5993023fcae57e013063773ac6d24
t2t_L1000_2827	fe49a64d66ce1f6b0d49364a13d6e881eed7e29e10d54eb092d8e52935280ac3
t2t_L1000_2828	adef3ef9a3b8dd6d4d2aaf0b1b944e056ee231d4d9d5c3d9d454f91b3b2b53f2
t2t_L1000_2829	05a0d1da102b09ee59604686b5092095b3c4ccd3e8cb62551c0e8a14129ffe17
t2t_L1000_2830	875e3193f363f0818f8b7266ced916f9b3ba98ee6c511e1a778a82ca928f98a8
t2t_L1000_2831	aa0bee449f04e91f8b48dfc703bf1e2369ff5767d662e9bc0be812b67516c948
t2t_L1000_2832	3b825f9b7e363e6b6903e691b49250c669bb90fbda485b812931d3cd82a874c0
t2t_L1000_2833	180b9dd01ced51e11354764ab087ee9b34adad8c8863c7b4ae19010e4380c894
t2t_L1000_2834	91a45aa8632140deceeba3512da60c7ca75accd0e21fc31ea074f8d759af540d
t2t_L1000_2835	7ec4635fc0fc4a818aff267578d942794f4156b5f43b93f9bceae26dbc77550d
t2t_L1000_2836	fbc7a2b473828147a0ce96bce48e43a2a713ba994548d734f7537ae651907f5f
t2t_L1000_2837	407acec2db04c18aa6409394e5e780a93d6559b8ccd50cd41f65f27232821eac
t2t_L1000_2838	552a463471b458d8ca7b38cb0447602a16810176619abe0a63700e0b5082587b
t2t_L1000_2839	61939f81831ec40b13bb4d1e2ec01fd0c769e7435d039301eac9481380497551
t2t_L1000_2840	4f3c957e44ea801bb58dd3bd96a472976bf3d82d5908967d592042a63c1d4843
t2t_L1000_2841	d01491ceb66b8ab4af01b2609d74d19345fda58583624ce30ca8cca7c697712d
t2t_L1000_2842	f55ceedf79e125363e1eeba91279ad0a7587e2ac79539a76a00fea91c5362314
t2t_L1000_2843	c138164b5fdc696ed24e3b14040ba1451cc49640d67d7aeb20431a2502a6bf54
t2t_L1000_2844	0797513eb6ad5a46c185db190b4cfd0d17cdc45b30ce7e340ca3939dbdffb593
t2t_L1000_2845	79c5be92d998df49a18651cb1fc1cdd835866ddf487ee7cdcd3ecac433d2a1f2
t2t_L1000_2846	3f9e054722e202318309a660ce804f04e4f4c8d8c867174c2a06b2121fd08a05
t2t_L1000_2847	7e661e1921a458bf64854a6b4f49ff25b520e3d9c82b6e6c846f6658b94a9d1e
t2t_L1000_2848	dcbe4c0eb0d468c064c342f200f84ff902cab0b201a376e07cd8c03305408840
t2t_L1000_2849	2ac8f4da73177c4fb0e62210bdefdc196cee7bc766928bed07bdfb07445815bd
t2t_L1000_2850	37c87021ab547eb6b4d4bdddf789c5b530df08f06ea1532b327359176142403b
t2t_L1000_2851	e2a1d66a51158c25e43dd9be224553f2dee677f965f6c9f53a9dce181056c199
t2t_L1000_2852	26adbccb68bc064153969f8b680d188a50d8df00bb87c10e26b56f3940a96f41
t2t_L1000_2853	977871a73cb75c475b2146a9d778d494c6256330ef694fc1c4720ecf6099509b
t2t_L1000_2854	9fb6c2eca3b995570df30f469efaf55318064a7e6e03010452c38f4f38c596ad
t2t_L1000_2855	f81ca8ee0f0e6750dd1616b70c1fd3308f701842ea0af3b94cf1017156e2a500
t2t_L1000_2856	f6254e2fbaf5ee968a4fe15db79866c93c8cb719e602d6ad08fb8ce05530b3b1
t2t_L1000_2857	7512a0445fe389262cdab555624286de6194cbf765c2eadf71974484b42be48e
t2t_L1000_2858	bf2d83a64cf2707565b9d3b54ab21d3418a40eff92fdfd3d6b6633f291765f3a
t2t_L1000_2859	6555b82527e964c199a41b6ed6668553f1186bb06a81c72eb92318fb10c26a3f
t2t_L1000_2860	3ee2d570fcf988692b93ab4660b7fbf4f906ae7fa8e52914a8198df30cd66e3f
t2t_L1000_2861	b62591485a452a4d32f08b2cd4e50926c18410face6534066290391c3590cb39
t2t_L1000_2862	151c57518653a6b3268a347e57b4696ec4cf2de23cd24a51c1d17cb7a2f3ca40
t2t_L1000_2863	c42e8caeb6792b37be1ceb2e2089357f6ac5eec31a2770ebaa9885dcce9be3a0
t2t_L1000_2864	1156bb410de3e07f8234a6b29f41184fce5d7225acb323716555ebd0a13eb794
t2t_L1000_2865	5a8e671c0234d02a7c6329ebae397049e9529cbe532abc1b56aba43175bceac6
t2t_L1000_2866	4063f6a36b493b7c112662efba80727c734068f1ee4554a583c286e59df15cc1
t2t_L1000_2867	4c5b944cb0742ac68fd8c4db841c9383206cd68fa165d5d3c064d0bffcb4c8ed
t2t_L1000_2868	6d0864bf3886b2ec0160e7bccd0b12cf28331139eb8176d66c5284711abd76ed
t2t_L1000_2869	e3fa54bfd5e350342b8f06aca5c8217fec64129369e9a30c91dd84534f935691
t2t_L1000_2870	8f0c13c54fb951039fa6efb079369a8445d7d617e251f396baf470ce345849d6
t2t_L1000_2871	1d570afc838372b34a6469cf2190dc9eb6b1047526ebe34d1394fbd510d97f96
t2t_L1000_2872	c3dd5974c345bcd137835a1bb9f5091ee8fe422bb55192b44b6364b63ace4242
t2t_L1000_2873	79f7df480e264f19d2a7ba326ae755517660fe816f2baffee5c40aa5ae884de6
t2t_L1000_2874	b2816fb72133245749c5dbfcbc7275ce936748a9d812a385ed50d0c9425d750d
t2t_L1000_2875	38c10b99b11ae447955f33decb5d04dd8ceee54fdd3ea0738609b9513cada6b5
t2t_L1000_2876	4e159b89bb97000f3a8a0cba72741e36d62688173f6ba54c9d02d14faad6f035
t2t_L1000_2877	2b069985ec3ba8f1831f848d7116ee7e8c3873e9a23b4f80a1a401e193601178
t2t_L1000_2878	3aa16d8278c04c1a28085a3076676b1a3b49e7df1ad17c26d79b29506a19866f
t2t_L1000_2879	532f27e4886631a6572dbe7b576acb4e8b324c28369fd1360dd97cbda33948f9
t2t_L1000_2880	059a19a8c304116052a4c592735fea5eda843740df6447df191316ab939db4f2
t2t_L1000_2881	24f7b65839410a99b117f38b2dd3d34796b0586cb6e2a5d9848a0bd0398e10e5
t2t_L1000_2882	2f4c148de31d84423aebf286033636f6d11f2fb36cf8c9ceb47aa43aef1c8634
t2t_L1000_2883	c8b6d67ec93a99734fb5984d977ab0d4169b75d9e6c5d4ad61b0fa0bdeefaaff
t2t_L1000_2884	151d4bdb5720281771b64ae961628dc6fbf6fa88341d7e94f6b738ef6ffd6175
t2t_L1000_2885	a4173e3f9322c228ee54fc5c9862c444b77df88ef013bd5fded03494c179abcc
t2t_L1000_2886	ff447c3e2ea2eb765a03f5318dc91abbb7c8de25ca0c96a88166cfd22a865c66
t2t_L1000_2887	34e993c26e7a55243e7dd53e82f9d2424e478874c61281a6646993829339591c
t2t_L1000_2888	71f86f18acbdf6b4aa565a31fde6ae7b734134d9e2a747c17dc22b8b34d7a264
t2t_L1000_2889	aef8e5b4adb0a30b8b8a6aa9d0c699f4013979a4202d75fdaf8be46b20fb2b4b
t2t_L1000_2890	801dd555a58ce37df14e27c304851803784a360a48fc92e111522f64945b4233
t2t_L1000_2891	2e93dd5a5f44d5302cc10114288129c32f87002f1b1498296db73758b8daa908
t2t_L1000_2892	c94838dd92b778fc4332918f3273db1e3b3160889a17f615060b4d64d3f946e5
t2t_L1000_2893	c2648414e90c5d11a3616135ce4ea950fc9a7ebc9b56dfa2d682b4aa28a19402
t2t_L1000_2894	0b9e7bf6fcbecad5c3620376820c11d76a9bb58ef9d3302ab99ea98aff7594d6
t2t_L1000_2895	7278a4e3c584eb653be07e4c84a0455a8d44941ace2344111bb5c839a1d2cba8
t2t_L1000_2896	21de88cd2225b158c5fcd39842e42c9633fe64377b2c310bf7e4b441753055ed
t2t_L1000_2897	554dd3191ff34d9ec8b3a187d9dc1263f4d34a9b586f68850995949eb530ffe2
t2t_L1000_2898	4885d80614f91f299f27d163970fdbeb3e222682093a26d82fda398353e7eb76
t2t_L1000_2899	7cb3949933a7266f55a24d5ab530c09dc0192a207c0e393b07f9d8ec301f0da0
t2t_L1000_2900	5fda9edee600bc2987fd2d3b4ec2fd5a0600f6625d6e86f951234100d7923aa8
t2t_L1000_2901	86c74a22182c2365ee6201f9e14ec42d14de0f1801d98aa5446444ceb7f56d32
t2t_L1000_2902	052894e227df5378ec9db79a0d594ad31f4f9a2e46c62361141674fe6108e3ea
t2t_L1000_2903	6008310f988f8ce76dfc0485cf99431a71187f389684c2594f8452b78e98ff29
t2t_L1000_2904	73af8b35f5c563af2beaa4d2bc8bf252b2ecf7877a4ba309da310c378143097a
t2t_L1000_2905	8e0c425e71ed98d8a7e0cf2f6b54b05a5e579cd34c8b14f4ef59318fa95bcb50
t2t_L1000_2906	f87563aafe2dffd128d188ef923945501ee57dfc7ac886970faeb8db0d82a39c
t2t_L1000_2907	2e829e1ad6a9b947f418cf335cbc14711ce41104427f17fd09940805a1b214e1
t2t_L1000_2908	b9cd9705d1f4b52161b4792c5f465091cbc32e46c3d6e27cb27fd4bda75a70f3
t2t_L1000_2909	92078d15d5cad10b419869769d7c28b38f514d67968d504073b46f193a762def
t2t_L1000_2910	f4e0fac76ce9792d5b100fc7b39d3e8e31d5a8613ba02a99c1d07ba25ddb0f3a
t2t_L1000_2911	28f4df9ea959c68c938a2d4ba66f076e5186bd6b24bfa978eab2c9e6596c0421
t2t_L1000_2912	7997002ac451a08ae26443ab41a60332d72de114ecb825aae2302a47a4d14d4e
t2t_L1000_2913	b65e28794bad9b021e6c03439449324a1ca8a85cc44da7e9bcbef5a346da55c2
t2t_L1000_2914	49dd48ece02e6d12a8e761625e3f4e6d71448de76115113d28aed28fa88c680c
t2t_L1000_2915	fe54fc7ca8e00984a4ebe2c1cdd48f7923f46bab7b3f64d46b21ce3071f6e9cf
t2t_L1000_2916	084dedeea04d55cb60b9d41d0c2dffe5d123221468ed53d76ae79f80f3c6aad9
t2t_L1000_2917	ad41ee928c8c879b222a5ea5e4c4ffed257f2f4ad10b4103e90ead73c8856daa
t2t_L1000_2918	76cb8f7a7b811832c439794715a8f8a4b757920639a0fa892ea81eaf4421ea64
t2t_L1000_2919	167a41bee7e9382625514a01cbd1e0d15a090671c15fefe3b3c8fc5d83ecff2f
t2t_L1000_2920	2ca55b023274ac8c6cd85d29e440f3982ef9da781e69cde8b1f93455e343080f
t2t_L1000_2921	30de0d80b2f0fc1f00e0ccbae80bd2fe00a4ff9184e4d2feb14ce93ba2fad3e6
t2t_L1000_2922	e8c77e84676d87a51ac9206471160175c84c2b7b8bcccdaaadff2352a0af3af3
t2t_L1000_2923	15d2e920b20303f5d9fb47c4aadeb95d0ce846c551749cc2a9608a2b82f352c1
t2t_L1000_2924	66dae68881db118e534905c0c71e1cf3c6f8563c2cb94dcce4d0aea318684f17
t2t_L1000_2925	1c37e6b0ddf8061f5c60feb7ee2dabbb9097f5900e17dca65457a3bbff860604
t2t_L1000_2926	dc0eb2750d76e09acecdc78ea166eb90cd5dd27d1d47b966d1af4fd4735d58e9
t2t_L1000_2927	98ec57830a954b582de26fa4e311b70b0c7f2b375380dc22c743f1375a67b4ae
t2t_L1000_2928	5b128de3b43069323706e02ba060182ea9e9360358119dfde39ea1b519751323
t2t_L1000_2929	beff9a2575180b346e0e1c6ad127b2d83dc301f95c0e8cfc657f5ed9a5a136bd
t2t_L1000_2930	c50d40d62a53ed02104b6a4f2a07b4fdff4249ca2059ec35bbc3a7e40a477521
t2t_L1000_2931	f7cb139a12470d703f338306b5f32d70cd3be6a4f9f27c81b81fd1e9ee04b9a8
t2t_L1000_2932	64a8d736a442acffbd7992bb15f934b6efc84b6cab359fc2a068f58286115843
t2t_L1000_2933	3fc6d8133237cf7ce7443bffd7997d6b2b27d50d46cfc676122dab2adeda3f43
t2t_L1000_2934	ca31c01946b34f09ebf61f09af129919d7b7107a0aad1b4d71998e4617e4fea9
t2t_L1000_2935	026ed7a750781aa6a1a46aeef1228408803015a15107810eb02d665e2a5e830c
t2t_L1000_2936	664255c2aa2e56fe87c1acf7fc31d71396b6b7ea4e70e43f70a4aaeee46d4bee
t2t_L1000_2937	4344bcd4607fe8093fc1436348f97fce1558bd512fa8171663ab166686d5274f
t2t_L1000_2938	202522ee6fdb9b9ef14e45c531274e4226994913a285e8b8d4bf1c40128a0551
t2t_L1000_2939	5ca7cdcf724b800abfe7844c236b1834626e35bdf2416374a23237b2d7fa841c
t2t_L1000_2940	239149c7a3e680989feba1a156f4ba29777c9d936f55398da810006f79542d7b
t2t_L1000_2941	77dbeff7cdcdd2dd0d2263ce5df9f787213321d23e947e7b415a9382d351d7f8
t2t_L1000_2942	a068baf8d34c09ca2351920fb7936eca8ff5d95326be383e8b38d3f3276b010b
t2t_L1000_2943	9e24634d1386256f61334791e86c739fcb5470c5d7cada9200ea56d17098a9f3
t2t_L1000_2944	2da658e951f12099ecfced8b1a10eb5dc0cfbd718d749796d534d0005b6d5c48
t2t_L1000_2945	811724353b4a7dbd1620e05cc6ad799bf44f904728a29ecb14d41dccd3a4d48b
t2t_L1000_2946	f67632982c769839df9a73a7fc7d146328f6ff17f536d2a9d11a924728cdeecb
t2t_L1000_2947	8f4820f670d1dcf2cd4f4d103ac6df5016497cf9f16bba54d6af671f5c607024
t2t_L1000_2948	944122949ac3b07975357a1b34e503c0096c09a28f18da73bf606682a9d1be15
t2t_L1000_2949	237d135ca6b3e06166d6dba08111970b6f6b73a1cc6d37a8beb8015ad5463e1a
t2t_L1000_2950	7c9cf3218e7911a9c0203630fb74dba6b59a71ee937339a04dd607dc6dcca4c5
t2t_L1000_2951	dd5294bc387ffe47e530fe0e9c0f7b36984df7d78371480fcffd594b5d1e9952
t2t_L1000_2952	43b38ad7d36d1371c4317aefa17996fa1c1627c86eea499a16cfde856a7c1a3a
t2t_L1000_2953	278cfe3dda256a8693b31935715bcef1970f34e1d8a3ec7916419f3f804387ab
t2t_L1000_2954	3d4ae38ef725f640695f6b3394d9d72d2725f239a1fa55c128f23dea86a6428b
t2t_L1000_2955	4ea3bfd03dfc7639b59e37b1c77b1c45d2a65e8aa0fa56e73f0baef12ad0fbe8
t2t_L1000_2956	184c3494bd3bbefbad574bd9764b0d0e3b420d60c9746f9d1859ec917af5015e
t2t_L1000_2957	54fc9548503da149f97e0c32a618c56e9671765914a9122c15c8e56e06b1d7d2
t2t_L1000_2958	97af8480212e840b61939dd229879a48f6e32414c2c7a1f90f49dab59eed8ba7
t2t_L1000_2959	da324e7f6f26ef1ee35e3cef02b09e984374d7bc4958f55b3412cfdb0267130b
t2t_L1000_2960	eda9faaece4f3a94dfb9b6f2f7e89082f55d50535a1458b329335bb53bc57e88
t2t_L1000_2961	24c741a33fe14b44ad59bc29924f240015337c270ee20a4e3d06662ec9491e6e
t2t_L1000_2962	ddd98e5f3f1e309548d97ca7755b4b215e1c5ea9fbd584b337a4cc00cd339ce4
t2t_L1000_2963	16c99c87e40e56f2412ff811ebad60ab6e481368c38321c9046890a65491a95f
t2t_L1000_2964	b2fec0c080e96b3708b80f1d3d2cee715c9190d67d8b932eece853fbe75d7e33
t2t_L1000_2965	44a013abb682cd790a193573d966507ca68c258b3489c0cf470c766b2b72b44e
t2t_L1000_2966	b792c6b09a4d7e82845323745474b2bf6474e942895f064366b4d63eaf3606f9
t2t_L1000_2967	194f2cd1897684b376be8186fdfac423bbc94976a7cd0af7cd857dcfaf392059
t2t_L1000_2968	ae9ac2c7ad44dab52cdc1a254d6949aa673453f7c13f1a58db8ae1ebd7dac081
t2t_L1000_2969	060f993a24b11bff81aefee6213e334f307231563e6ca62e502f8137c1fe595f
t2t_L1000_2970	938773e725bc9f1ac0d84b289adc2c0911f6e74b7c4d07ea15387e152790c598
t2t_L1000_2971	55d72bfc41ffcb05f22edfdea215a5e2ac6c8028014c426b8de87751a8eca40f
t2t_L1000_2972	c3e2159e0a779b5bb1bdcf2e5781736aabfeb139d51f3006110ddd40e8ce51bd
t2t_L1000_2973	365d0bcf8393b9cf037f4d6b177167639a98f2e6dfb7ffc46bd3345840ff90c6
t2t_L1000_2974	bad5bad2fc3f1e3c5a6ec143201241d73050efd915871330370ecffca275e85a
t2t_L1000_2975	76aaf6c1c56854ccafa75ef4ec9e5c9e1ffa7604d94a9388306ee1a1f7fbae8c
t2t_L1000_2976	e3551fee1895b09cdb9f526bcfe2d287897388f8a5ad46aaab8646724a75c17c
t2t_L1000_2977	afba10d196e6a76159dc7c385f1a3bb3c50def37a5f0c305d218a74cd36f9349
t2t_L1000_2978	6825d4b4bfc25f538d46ec98df5f763dc978d501abd5ea45d69d81ac23af8dd9
t2t_L1000_2979	68acf282fa7176374f0de2ff7216c0199d6346ba1288cefbf068a130a07c4952
t2t_L1000_2980	e0647c89d503b363fefc9fa21d71569c78e48e791785309d04c8281b3fca617d
t2t_L1000_2981	624b5643535e3f4d23d971963b875bf9fcb3f80587d423509ea4abe788d80d32
t2t_L1000_2982	c203efd1278474800d64fd04175ee7b0bd7cbf8a0f2e5f33ac4f79cf7576fd32
t2t_L1000_2983	03543c3203aee67d61335958ec825a4afd721ee4ec1b453c3d14a160539fde24
t2t_L1000_2984	eaaf2725304f38fcef858a5275c24aafae3e314dcfbd80b0df598f269042666f
t2t_L1000_2985	d32ea6b3818c066dd85de1c748bef7da551406c8144c657e89e2c0f8ff11c038
t2t_L1000_2986	6115bbf90f3f4dbd6f6c0a6d952bd0705cd74487b03b393fb77ff34543068ef2
t2t_L1000_2987	2c1f0b800f6011d6e1b0cb4b0a07db46af4af2a7da8e3f2a86eb2673f6dda4b7
t2t_L1000_2988	69619f6e284db6f91fe4a5c0e93e2f64939544ab5fe1e900917ec30f446cbf02
t2t_L1000_2989	e9b0f3aa93292324508b64498b73e5f026bf7011c812f795bfbfd367cb357f6e
t2t_L1000_2990	5bea87cde17e2ee9d162bd6ada1cdb12e7e7fba3bd2a8a3b54bd6b99aa19a08f
t2t_L1000_2991	d1320e3cfae3013c6aa51d883ac8569739e17b3b8ae226f6f8d438c069980ec3
t2t_L1000_2992	4775bab81b795c718ceb8f181798b3fc9a47c7e48fac57e77b675766c4d714d1
t2t_L1000_2993	85d616259d98ec4dcc4d6f2391b518416e426342f21cda568369c592b5bddd8a
t2t_L1000_2994	399111fe01ad21fcfedfb24e90726f2da42e665fd3b0dbeb301f8f9abadda37b
t2t_L1000_2995	063cbed727d8b2ab4877f66cd68a0e284d73721cf917a1a40e4558b4298c1150
t2t_L1000_2996	2593dea5e624d57ecbb1b7dda2d7e3e3f1fe99e7a29061f5940c95288e7bce57
t2t_L1000_2997	0cd3ea9475b336572091ad5096d4fd41d93734dec4c24e4ec6eb69593bbd7e8b
t2t_L1000_2998	7a2a7f6808f12df1736fcdf2e290bc981c134f1e8da29232c477edde82405849
t2t_L1000_2999	0427a5809be715799135cc0d412638431996d4e52e08e65983ce66430c7da222
t2t_L1000_3000	d9de30e7edd4ef25d7cb886db24c5a0ee51e7521da63fd179840eb4df75584a3
t2t_L1000_3001	0ed2e394cf70be3b8b1fefae858c93733b5496405608447ca04bfe90fe64f9ae
t2t_L1000_3002	c77f100e73570ea62019ba4d5031c399aa8ebbf46e69cb894b1f2bd019c28673
t2t_L1000_3003	a63570430a7368a40544a06eba4db3107ccd2786704b3374bea3ea5c85f4eb72
t2t_L1000_3004	dd7e178e2e4d961a6cf12281556ef600d3deebcb434d71ba2582171ac7a7a925
t2t_L1000_3005	02402f8fb650d5d6cd579f85ac974c89a3240680089cf8b9a1457ec2b51c95a6
t2t_L1000_3006	6e891ac68518482a7ec8b6d7eb4fc45c299c57bd10c1fc4543d67ca17c9f59e8
t2t_L1000_3007	3630c2128fea9c071ce45a94bad5a78dbbd00fc8cb90d4c7bb207c9ab7875043
t2t_L1000_3008	c5143f7ff1ae5d127d74bc6e953a0574226dea2afcb49d775e9fb4a3a2cd5015
t2t_L1000_3009	6733a8fe628d1d9d07ca6a0cce03d2c47a3ea4377aaace72f8bb80468c2b4e2f
t2t_L1000_3010	ff59dcb116550d54349d76ed48c4b68c862d9e4c5b04d5b31b49f810fe6236b6
t2t_L1000_3011	9b04b58e877ec26f18de5ea0d5ecdc6197157f589beb035685a8f6ce47539299
t2t_L1000_3012	49203d39b82f1d21cfd415cc2c7189ab4247178c81356de2be3b1993b9aecd48
t2t_L1000_3013	1f40d4ba757191936bdc9ddb0593a14ce8e1471766cc75f11bf7ccb35524e496
t2t_L1000_3014	3f3884eff8699886567f9e857089b41d397f76366e75538dfb5338117433b6bb
t2t_L1000_3015	fa025ebc5082322aa8d761767898ca4c1fbe00a040e6048362c73ef499aac2bb
t2t_L1000_3016	52b3cd2e5b8befb0020622c3150eba43453d3f475834c65bc81ff3d21bb027bd
t2t_L1000_3017	9644f680ce112b0e96c2975b146612bc8c730c4b5577f34d4af2e20d51fefc54
t2t_L1000_3018	c70293c6072d069916d9da4ad23f18c8ca93013118f7b60da1fff777a18d2577
t2t_L1000_3019	458734bda8d62e33b12e48ff862eed552096ad9a3062a0ab6d632b7cbbc472e7
t2t_L1000_3020	9ae92670061701e238bf955b30ba8e6809b480cdd4af41ac698e2edee010c063
t2t_L1000_3021	074d221fe76ebaca41c9432f00d1f2b8f45cb339157c9ad67d25fff23bdb47de
t2t_L1000_3022	b83403d2310e7be752a76fd4c1cb5e92702c50c59f0c79c40ca889cfd050796c
t2t_L1000_3023	4c13ea2f398516b76e0b97c9e6e14e453cbd3535de44a7c174cd2891b63e4333
t2t_L1000_3024	1725e8e06644307f102600f96a39cba833049457f062dc71be7dee781a3c5cc9
t2t_L1000_3025	0b77c381cbb9cf76d21cf3795bd3f5f1a126585ad4d9c1237fb86b7e662edc0c
t2t_L1000_3026	58990bbe4cd9f980e3720ec28ade3b0c04dfb3c9a9c1dc8b6cd99107b4beb29c
t2t_L1000_3027	3a6aeb64874490751ad6911989a83c05cc10814c7df40fb580124bf0f24af322
t2t_L1000_3028	ee018ba1ba59b16d7baedde16369d97a032da079b81193a2cc5bdc9260b8c976
t2t_L1000_3029	6f306f16d3e45516508db812b3dec733fe1e9443d0171315c9c9a765d56edb27
t2t_L1000_3030	478e5db220fff6ec8c56512c5ddd6e25ff034e1db5ed19494b4a6374ce498ed1
t2t_L1000_3031	65d609d797663dae277cea980f71e0fc82b067a6625e1c38698831f9fc591a4d
t2t_L1000_3032	86f6120d554357b46d5a665ed74a5d74e737fd14f66a8ca872484e2b588688ee
t2t_L1000_3033	d9fa918cb780977220696a1201831d8d1ebba880b43e5f2bff59dfc02f695d47
t2t_L1000_3034	231c3eda7dfc0d4251bb93891b32a8463c70ba865aee5610844a1807906a73d8
t2t_L1000_3035	0a4b3548ef3b33c5a5aaec46bf9581a5ab1b2e745faff8e652150d0a89ad3fdf
t2t_L1000_3036	07ed4aaf93f1a89c4a807960e8f3b0e1393804bacc15682b22441c60a241ba4a
t2t_L1000_3037	2964d5d37efc5a4d1d09fa5146b8a25896da77298b26085fb51e5c8f59c780c7
t2t_L1000_3038	012a322b97f2deeef3d58bd6cf49623b404ce4171a1becbd8368e64f362a2b9b
t2t_L1000_3039	b1433b3a2019a742c90d6d944418e91ed9db05fb98424d118e05c390d181a8c9
t2t_L1000_3040	2b2cd486da368e4712f07318f3c66f952cf8952c8c3fc1f66140331068dba611
t2t_L1000_3041	cde30b9be2cfc0d0f34c63bbe9918333f985fce780927ec465b849fb5fecd016
t2t_L1000_3042	183edfc56c2fdeb243abe4d069f0c8deb56972a6c705ee6af7a44938ca9a174b
t2t_L1000_3043	6254e837b645ec2776fa2e33e559771cbb1c37f4eddd3ea39db8e1618c79874c
t2t_L1000_3044	12234f7e36415ad5cc5785cc159d970949fc228024d87de0fc69a9d2c8804b38
t2t_L1000_3045	8459371214123e422b9eab2abcae361f982be32fc95e28cbb078772bbb6b8067
t2t_L1000_3046	941bfecdda87a7d9bf08409270d06492e3348df45c5f9b2139544639579cf502
t2t_L1000_3047	970f1cf46b8733ce4556b26bfdf2ce82e3bbceb636a99d3ad32b3d31751a9dc6
t2t_L1000_3048	ffff4ddf242a44c4538ca31f5effed8038a2792091ffb40f4844a9aa55e41cf6
t2t_L1000_3049	83a908b5090bab5caafa9adea301f121325a8bb132c29d34e5cc23f400f15131
t2t_L1000_3050	97a05f049d44006cf0ad5132a236b8608953be4f77d4cd94a6140e63918f1225
t2t_L1000_3051	16af0d44e03de17ee0d9c6d3c8de425b7ec7bf2d8f5ba65c0cfce62b81c396ec
t2t_L1000_3052	fddad38b945658ea470319b22e49fb4e530c86628338eb580543213a6e3e0e8d
t2t_L1000_3053	72333d8c179dfc894f5b0d4954fe87ec8576b36ab532344be45a0d876b773fd2
t2t_L1000_3054	e1e751deab74bb37b567bee201f959966de08ef99579449a4ca73f5369dd11b1
t2t_L1000_3055	1213967a855325eca9322b9ece87243eba0278a123ed70bdf94f65c148848dca
t2t_L1000_3056	b4579078f613370c7b0716f26cd02f56c9c9131b45f2c996d98b501681702875
t2t_L1000_3057	97e30d4ab85609cd8bf940ac81d0ab0b478b58f36e3e2de77dd37c7cb572af03
t2t_L1000_3058	78bcafc3cd2b5e5f2fcee8f19886b870236356669cdfc9579b994b60293ce7be
t2t_L1000_3059	79279e1b7488719bb3e931c6fec4733b21a324ef174ec17c489e09e415b7bd8f
t2t_L1000_3060	616cf4bec3023ffb38719746dac9ba0b8fbac360d28f6d487a231ea548fd7569
t2t_L1000_3061	5efbd694957083ce61aba8eb050bb229e3a7029fdc8526ef9145c8fc017386b3
t2t_L1000_3062	6c2204f286686e8630c877392d3758a4d0384c7ad6f56072e7caf7b802c513bf
t2t_L1000_3063	ac356522a61c7a53e9153ad44ceecaa7bb12b57002590f9264d0fbcb34ecc6e3
t2t_L1000_3064	8b714fc14f4c7e99572883e047ca2fe3cb74eebe7e69065590612f8f5ab5562d
t2t_L1000_3065	1f2de30403799809ef7cfa2f603e565b9ab4aac3ae7b7e5522ae4db3126cd690
t2t_L1000_3066	f3b5cef71f41876294244dc56428e91fe49cbf20cb1c7fb6eba45b7665c97f39
t2t_L1000_3067	bbd6349d2e09834cd444f37e6f2ac0628f22bc968ff0a665680b56a3aa3d9c16
t2t_L1000_3068	b5a8a65b9cc2f3a42ae089d5da0d78f380c67dcca197b6d636cb60f9725da8c5
t2t_L1000_3069	d0e68db8a7cebe4d14a0f80db8cc25e5d6f522bfe7f2709e0404db9740d57db4
t2t_L1000_3070	c677a21728a4d9a5aae354bda98256d4bb25bcc3a3ab7dacf97c41c04e32a3d4
t2t_L1000_3071	0f26f9f770f04f4cab99a20ae9db5101fbe8d2c9cc85c8637de94242996aa6d8
t2t_L1000_3072	c2cd0ed8023a29dcc6ef867bb57e692bb2bfd2802d8b64b2477b7643bd7e7924
t2t_L1000_3073	1dfe0231fc70da66abe86e2b053bc72007ba9715dac3b37232e64eb2af468fbb
t2t_L1000_3074	b855597da6fb4016de3e62c0468170d666cc79580a17ab8e994f5e146e46a3f3
t2t_L1000_3075	a2a123303061c9d0cac4968ac00cf9db81dcccd6cf931e43a74f38e88f24dbe4
t2t_L1000_3076	7347aa8c8c47ac2a1f1fe241b2e59ada230d7971620cf1c3093681b605cb1358
t2t_L1000_3077	2ceb831e6be72a76a98d785aabf7829332814e4ca43f918206b1cdcd449b8aa5
t2t_L1000_3078	0d9e4f6f8cf01672d854d0ddf7ed691bac8c3a7b908614beab615a7842fadd9e
t2t_L1000_3079	ce7dda1419896b7d7b6ce328cc41dc7b1a603188b69103c1c5dfa21bfcc1fcd0
t2t_L1000_3080	25a716b8a54fbc9e2f308293c9b1a1165409c9a4f6dedb648f866a66b11acc21
t2t_L1000_3081	41666b8cf5713d68e5aca8693b2f20c75b681dbb2d192042aaa7bdd3d5c21bf7
t2t_L1000_3082	f28cec34db83c19a5918b14db46cce39872547f48a3a4d9a842c0168ae32a017
t2t_L1000_3083	9492bc229ad59226daa82af160035f3f041140e03118da75b6bab2f926d82c40
t2t_L1000_3084	47a1c98f7cf7d7ab9a11941104e24e70d078c918010e0ff91060d8925f6d8176
t2t_L1000_3085	9685208e1927015a3ae1cf6d89fb29acd0b855e79798447e98088e4b0b521599
t2t_L1000_3086	caa8ca8ffafd2f8358dbfc7792e8686d3d13a76ff817b68033e6d9340f202c5b
t2t_L1000_3087	c425f1980f810335905be4fa5befe3781ac8b98757aabd61b8698ff0140111b5
t2t_L1000_3088	a1d4b616d3fdd54aec9df62a00255d41618d41d8880610fca1bcbd13daf7dfb9
t2t_L1000_3089	5a742952d32e87b3cc8736ce12c32a3f7156850b5c0058ec85fb6037211a5718
t2t_L1000_3090	a5c3f4937ee65331055737356c804f7c25e63b743cabb6125a32316f5a1c3b8f
t2t_L1000_3091	10c6ee45e0c921fd55f369474fba3d1fd779b228d08e5a37372850e5056913bc
t2t_L1000_3092	cc61f7be68471fda3c24a8d80b52fd1b9691b64e5b6c93654f495dd451fd9bf2
t2t_L1000_3093	db62d3b94a195ec9cc3e7106ee8501a9d6aff5978d2458721413e110ff268915
t2t_L1000_3094	fa9aa0a72248ff34bc6d33d4edeee50693aa5c1146834c350b5e820bc1f16f40
t2t_L1000_3095	cd1ca6a2aa01a7803953f95f03c0bfd805cbdf19b9ebeae502ca6e4205d92394
t2t_L1000_3096	1f6a5817927ccbae8b4c9405449d457e0337f78dfda96231e14a220f9939891a
t2t_L1000_3097	bcc11c3e055ba784cea39521bc257da667b45759fa6ffade0d4137daa507864b
t2t_L1000_3098	ef9cfa3c66a1d0c4a2813d7205e142ae833494b93b99bfdba251bc4d4b509ea4
t2t_L1000_3099	096c2f618974dbacb69567935d90ce3b80d40b945db44463ef346522b226e182
t2t_L1000_3100	bed4a6ceec3d3205b1b53b6fd2dfc218d7737a9b009d86b7ed0f4d1c11826427
t2t_L1000_3101	f591bbe356f3725c3ff4d5398a95e17c2ed4268ee1d549e227db3a8f7464473d
t2t_L1000_3102	5d7e7d5c4ca94e6e568736c2e3ebb0cf397910f1b0bd2ffc3d841a8d241e533b
t2t_L1000_3103	83dfe3f466866ee23ca11ed41a8e18af2b4c785608a46ba97fdd69df7ed89a50
t2t_L1000_3104	cecd6b061aa6985af9202d620ecdc007500ad67574e3fe8515b713d0d0790e7e
t2t_L1000_3105	b3e63f37e96f7694e3671231fd9a5d0eef3c0426c5aa5905349b418c95a429fb
t2t_L1000_3106	f3b778bff1d2119096096ac22ae17b83b8e1e70509805fea786d9d102d4b5106
t2t_L1000_3107	94c1c66f8e4277897e68d6daf46e31524da56844db464f306083e24052062699
t2t_L1000_3108	bd595f806706bceb3717177376e472237df906b4d085890add730e9e06f56c4a
t2t_L1000_3109	6b15715de1211b432160d7834f33e29f4b2bf026030620c96324c63a774d47ba
t2t_L1000_3110	922412357875ca2c1f97897150c31cabf59c9da2581d6aea12500e75ca1e7bca
t2t_L1000_3111	8c2c89f3082f27b735e55d5c8d06b24157ecc5c261a878733820d05c73b33018
t2t_L1000_3112	bbdcbcc163e412ae34388138e7c8c998ae0cb92bba3d61675b297ee688099f30
t2t_L1000_3113	eaa2edeef27b77ef1c2bd92a0047e12a65892633865b570b513be985701146d0
t2t_L1000_3114	ee474ef1a0e45f74ca2fa43a7c337bbd91e368fee356c4e2e548a02d2562ccb3
t2t_L1000_3115	74a39064941574770ae890c58fe6d8884ea83389035ee2928aaa78f5eeae609f
t2t_L1000_3116	98d71d9fdd0c80378b19134da6b16d91647d851c977f1344249a7f4368e5de5f
t2t_L1000_3117	b1ca31b4ac6d4fe5e1e3a960ea1954e6648b5c38bc9c7efc4e5ced9ef392c54e
t2t_L1000_3118	93ea3c6969c1fa4d55c3b61c6f3407e235e37b9172db77e26513faaf2ead1e7e
t2t_L1000_3119	f557fc11e834f96e0c5f07a4a250b3cae757f6bad3a7aa994b9cb04849b64d6f
t2t_L1000_3120	fc92d92b5e09c758f93befb351412cad0db0b3aa9eb59cff1f1b6287704b9b50
t2t_L1000_3121	818d5ca3bf95e69b1fb7cac0295479533e7d3f3d5baeff00a52f9ef7812a3e23
t2t_L1000_3122	e6c004f4b9df2f27498ba989fa6a4846c10dbb9911014a6c8e1d8f652fe95c72
t2t_L1000_3123	9129758f6b0902aebcbb3a7cdb79f493b695abcbc5b5d694811bf3f4f76cb7f8
t2t_L1000_3124	e53e9e653352c2ddcd0dd13f4343c12b0df6ccf092bd0835ea19a304080d4ec1
t2t_L1000_3125	01bc3849a459202e70248e8c174d6de5f895fe2288605b1515999fdd71118d22
t2t_L1000_3126	a1b0090b6ae07f2f8777d390640a363aafdfc1e52cbe43b9d087634f739dfa73
t2t_L1000_3127	3cdae149f65d6e2a45a6eca636a4ee2c76d1ee12d15d7759c4987360e8bfe5dd
t2t_L1000_3128	477b0d96ff72a312d56b5e71582b93d3dfd275856991cd9f7115671dfc23f171
t2t_L1000_3129	aca943bbaefa74d08510af885400d7793bcbddf61b6ec89b261c8ea95de365c4
t2t_L1000_3130	039b7a7f1f6f2284f8ef9be515bd974595ee460d5f25d6e3ed289ba88d4eea52
t2t_L1000_3131	65e525042c340e9129b07365040eb8e99c5414821f0719d23eed7d35b18bf3b4
t2t_L1000_3132	352c673d83e2287879954cdedc3316b7522f17fca06aeaba81e8aaf16fbe12d8
t2t_L1000_3133	e6115bba4a65a0777de384023b5e6089959ca8421dd913afc91e2aa5379fc1a8
t2t_L1000_3134	6545cc37b11307e36363622e412fa7d293b43901f123269cba32e5c15c95b828
t2t_L1000_3135	9886ff8d03663644cbef94eabb8920f5e65942a3fd57f9080d6e2f905f73b393
t2t_L1000_3136	5bf1a48830291de724102e011f6fee548c864aa1e741b9429759c7ead6ac9ef3
t2t_L1000_3137	3e5360711b9a9cffd0a3e35785612f1b78a8cafa628c388f586930411e7a31b0
t2t_L1000_3138	c89214fa3c52fdb0b9f5ab9bc10922f59d39669324a76a53d3ec8f067b0a3575
t2t_L1000_3139	15bb31c904974ed6f960c98b84b45ad8aaf6a772f3ac73dfe70fc1a7449f3dad
t2t_L1000_3140	5fde0144ed6f3b708ad81f48ebb7924f6e8d11f9044a4a1108c68bb7fffa9190
t2t_L1000_3141	bbd93e387168370b22b0e653e08bd578892fb17cdb8886cb66dc2d012a431e94
t2t_L1000_3142	20fede126cbb586a5023642ac00de7425bcf3c2f0d5da04a3c8f56f1039f49fe
t2t_L1000_3143	888b31082b82ed0976807fb59c46264c90a4d26c80e5cc3d4ced766bb98cd4ae
t2t_L1000_3144	bcf256f3b7bb0d38385ec1e20391954f6100c83278dead35cde6a6e6ce0644e9
t2t_L1000_3145	62dac107454412e4381bd24fe004cac62abb0139f2987090318b482bb1816c5a
t2t_L1000_3146	31caf0486c582ac68adbb8a0ba8a826b91361bb5b8796ce0edd362348fb8b687
t2t_L1000_3147	a9f8b9a8a0a49a7199db57d09241bda7a787c892c7ffb4a48e1ff7121d919d33
t2t_L1000_3148	41a7a2c5a8448ff5d02bce6916c7441a5b7223a919beed2a986447c02e909b9f
t2t_L1000_3149	2cbdcb55f7113ac9254e6f066d9cb44e1fb21e8abbec89e25e3afecf1e70fb72
t2t_L1000_3150	34d80ef113fca7efc5cc2189e45a93a3cd6390e4a5a83455fef6744c3120c27e
t2t_L1000_3151	fdee677c926046432ab39d22bdde0654ed5d04b80ae2830af04abe17d7ddddc1
t2t_L1000_3152	b8f1d5e3c06bd61b5359891c25d1e8e5754b11d43d3cb2930da3e444b1c21b35
t2t_L1000_3153	95f70a761258962a0039d839309efab2514a1be42fcba901b37e20a3a6e0697d
t2t_L1000_3154	f336752038cdd539d89b77f0899338e9930381beac407c1459c248bd8a315ca2
t2t_L1000_3155	23695e4cac266fb0988daade505182cbd8044611ee6dd0d59883720999f3c1e2
t2t_L1000_3156	02b1e184c1236f98aaf75af30cdb12ca5f8f8f8597c6649c00d0ea7454899f41
t2t_L1000_3157	cf9414fd336ff16046ee7d5bf649c95d68d7660ab152185708c4ac219d957b5c
t2t_L1000_3158	953f4f7d2f729e0d4ffd6d713f42f7467d7e101918c664f138291b226dc9da4f
t2t_L1000_3159	e9d916f165ab416ab23ec8964228fe3e869bc1954a2fd1b977ebeb04e4dda94e
t2t_L1000_3160	3cdc1d4f01d121f28d98ad3ed6cc53fa3cbe0d76b2772c6bd6092ca4181b1243
t2t_L1000_3161	24a28481198b7c32be829e22186dd9a50391e4b472e848235be2467fbe1462b5
t2t_L1000_3162	389c4836ae7e0ab2eb7150ee15031860932d57f547928fbd8c1339efc2a327c9
t2t_L1000_3163	043355e8236573ec34981b610828e48093914fde46a496a4631355405dab155c
t2t_L1000_3164	3eb4a62756f236e6a7603cc7e3425719b6fe25c47bf5f063498fe0db4837c5db
t2t_L1000_3165	99a3f9a916c8d6e0764edaa26c5a926c7ccf22e706ed2389cb8dcc837b3de50e
t2t_L1000_3166	8d8f65e85d90b66a2a188d7532607491974d086513dced3395c1ab7a407b986f
t2t_L1000_3167	11c11a4ec03dfa103321399db8c32ca07d73be10b7ff950e02a138de6421d090
t2t_L1000_3168	704e91922dee67f53199aed6ecc21c34ec444b946e9cbb5baa2a629cb1ae16d5
t2t_L1000_3169	bb5c4715fe014fc3fce12c91984b606b4a8bcb811bb799710d9e479c8b0632a0
t2t_L1000_3170	9dadd0af0eaf98253bfe3addecfd4ee360a03ab57c261826ad7e2c85d60e7610
t2t_L1000_3171	d37fb86d977c2b4d3e30778f2bc02c74e094a029e733652890d11f60bb526f07
t2t_L1000_3172	363a820c5ea225a0719407a77120f45a64c866ab09762c0693207393dc69ca8f
t2t_L1000_3173	497aba5812906ee07d21b8ba46c3c666f28e537a93efe8b17c6e377d79a4e8db
t2t_L1000_3174	35e6d4b834c22dcce29af327097512cbb730c74c781fc39e1bf7431d4279e9f1
t2t_L1000_3175	5498c57b8b00e213b7ae31faf8f45a2c09e95997592a5524585beb36655f169c
t2t_L1000_3176	6775de8501c513f06faa61bdd02f08285b69cdbea0d7f033dd2f5ff235fb2b45
t2t_L1000_3177	41cbde145a5522de2abda2ab01d2bc48b510e7e6b324862cbd2a855bb4c385b8
t2t_L1000_3178	95d52e468b6b181c164417b2d06a30b9a76d5e324c2864974b207e3f9283cbb7
t2t_L1000_3179	51bc064a7331292f43a2309da8fc9afea5bdf1257abf0bb8ed56dd945510e6e7
t2t_L1000_3180	cdcca47afe33ef5f6061c52f0a8fe7b21ad153c40d6ede7c08ffa8d6dba59132
t2t_L1000_3181	04524e306f15b85dbb80aa5fdb60d24488d28f68a339222fd5683482d92a2328
t2t_L1000_3182	a46715cb36a3dac6b99415cd70fb0a49a6ebbffefcec3a85253f2d4026175ebf
t2t_L1000_3183	185066658dd1fff4e5eab8c26d3bfbd6517674c239c75fd3a8bb0ee607f0112e
t2t_L1000_3184	e3b461f1dd31411fddc4364cfee2bf1e5b0ab77d67d9d92cba97d60f58b82dc6
t2t_L1000_3185	5ab8e2124c2e44aa6a532105ef0555f516744d4e2d2e84c5c978924d186b84b6
t2t_L1000_3186	60c67080410940fdf13739134f19cd75adbd55147387c623cabaca59a6d121b8
t2t_L1000_3187	114c281481adc883d407b3d6a6c2f54c20ba209ddba0afd5ec1a4e965ad8c119
t2t_L1000_3188	60bc000023d0c389f43401e274b7e047f7aebbf9cbcf4bb9edfdf2e302c921b8
t2t_L1000_3189	1774711e2172702ef3d2dc0ec6ce20e42b69f2d96e76f7eb6c5638b2b3d2166f
t2t_L1000_3190	7ef3a25ed20ebcc212486f2ddc547515e9f0ae24cfb6feaa1f8fbd40e9e90b58
t2t_L1000_3191	e018dfa113c763a588f9d58e76a741897a2a998a6d1577873aff618d3f55d184
t2t_L1000_3192	dd34cc130b4a9a9bbb410b2843bafae1e2fdbd47219214a71a020f76a9ed11e3
t2t_L1000_3193	9d10a621ff1436de8ef342391f2dc57ae1d70e6fb073a1ba8749a14056652665
t2t_L1000_3194	ad92dc9248b44c9736d8e5afac3c2711b762a841e87dae27b39e511a09635091
t2t_L1000_3195	a1a04eedffbb57c77e6e417d265d7a6f1fcab85b44cedec933dda0d0671eab20
t2t_L1000_3196	3d8b82bf8762be5ffa43708c1f07542955a2248e3c0e8ede5e0073f9fc14114a
t2t_L1000_3197	cf537392c7c2e8f8a91d22db57bc2372b0371591a0889f545145996403d044a2
t2t_L1000_3198	383766c3063d69cce0f9bea8745dc91123b8554642bc7699fa4c277eafbf0d5b
t2t_L1000_3199	d6f34fac18bae76b78ed006a899cdc01984918d7caf05092de834ceba6a063d5
t2t_L1000_3200	c979ed9b2a716594cddfaecc27d38fcb8c8353c33de13bc066f465c917cec467
t2t_L1000_3201	a96821ddb33187bb3cdfff85b09f47a7a1996a1677ce6b22a5bc47685fafa938
t2t_L1000_3202	ac57c12924fb59b12bab527768939e7f75f354884050f8e3192462b36b64a4b6
t2t_L1000_3203	e8bcdad7cee26fb1d59bcbad790f5d75949a54bcf97b6c360b4808545b31be2c
t2t_L1000_3204	494d129bcf6127f80f40b8508b49aef52edb844816b58fdc78cf3bb9f06d2c23
t2t_L1000_3205	b20cf203cb030e131341974a59895ee5f505cba030b044f2e31e6dd32dcf4da7
t2t_L1000_3206	50d77cc6c8f0e819b6e056859c25a78061b21927d8b281531ff3a95c21e48d21
t2t_L1000_3207	bd2fbfc34498657db8853f498a74655adccc6d651e9421155f8f9229ca3e8116
t2t_L1000_3208	381a7671361cd37f846384ebd78c2079c1e4718b1f74eb79b9b5f6d4c1f45d50
t2t_L1000_3209	7793ccf9ecca2da6b6dddc8628e7c44ff0c8cce27f8007f9ee20f2af4af22c22
t2t_L1000_3210	aaf5cca8b25e7560d360f5327ab6266e6e9c55fafcd8e0aba7159dc8156ce403
t2t_L1000_3211	51d9a7fc416bbda8e33c9d837373664b14a8636009ddb414c87baec160a69d73
t2t_L1000_3212	82d6bd6cacedf058c53dbb98ffde60a682c4f8c94027b5c50c95156dfb34421e
t2t_L1000_3213	0d8f270aaa6e8fdcbdb7cb1543728afe931184bf54f67d79034ef1e76714221f
t2t_L1000_3214	4bcf34b4b675df42885a4d96e07aacb9f7262d5aec641eb07b4e2435053874b9
t2t_L1000_3215	c77abfafd10bab330ebf327dc27aac512dc4701e8b2d8395a6d6e1e4aefdba4e
t2t_L1000_3216	5b7f89489366cefe11f6dd2032d4f8ffc076de3fec4ae6414a0e88e54298e752
t2t_L1000_3217	5406d1deb0ada7a9a740a5d3e5901a04eaecd79e8cf62fbcf1eeaf2def6ef4fa
t2t_L1000_3218	8bdd4a4571ea0caecffbbe6af859a371c59be0249e17bd9b210c560292f4c6d1
t2t_L1000_3219	80da8834cc18b0cf411590a2345e3955f43e8f1587ae4884809645d6330af63c
t2t_L1000_3220	a4cb118d8cc6a8817a3237cccaaf83391b18b31c2856b28285e108b4af9dd823
t2t_L1000_3221	9a034eb082f03bbee72b5a9dac77b864eacd79e61770d458b1ef4d27ead8c005
t2t_L1000_3222	a44832384aae9413a9ff338029d50ad8eadaa5a4e0df41680f154f711e585f19
t2t_L1000_3223	001bbcf6209ad0d4b2d17241b704a2115bbd4c1fe75ef7a4e94db8a0c58e3e9f
t2t_L1000_3224	8deace5f6a51af488b309e24be88859140595f06e7d2cfe29de239a959d48bb2
t2t_L1000_3225	61f276c493f520676d289a4202eba0952f9d04f7204afb5b36b6c7c9fd200cbc
t2t_L1000_3226	884548500b8a3d8b8835885d1fe9d1ef70afec162f009d8b8cab4e87cb23a12a
t2t_L1000_3227	7874fb4b95e4694c85b7b6226018ad72e5e31f9fa3bd8e94c4f9e74c7eabf8bd
t2t_L1000_3228	c8e930874c60c3133736b1350d60d67fd27b9d5cc147bfa24b4440535f5a711b
t2t_L1000_3229	2ebf7620a5fee208a9a8bbfcccc05a37a8860f853e020ee14c810d363a048af3
t2t_L1000_3230	470d0e0e9450e200451041d22fb98c9173ff89f8a0eb19b9f5a9dded665f1cbe
t2t_L1000_3231	20971c52bcf14d366833b185bb236edc7dbb36650fd38fea4c2b7f144104f5fd
t2t_L1000_3232	c7fe17c77f95aa9195ed8371e8f939fdd550d9a7711979c95685bf0ad7763d81
t2t_L1000_3233	32f73432daae1ff18485dde0a810116d188f6757363ec7320f3f39d3f119dda2
t2t_L1000_3234	90833c69a35e9ff7055c77346044c22df28bf7225e43b620cd18a162f0c7f27e
t2t_L1000_3235	420719422536f47651fa716d7a46c1026008e84abbef7f99a940572b1c77b620
t2t_L1000_3236	708243355008be8dd94eb402195eeee6b4d4392338e5b978749749fc86822862
t2t_L1000_3237	96ffaee2622a53afa8d7f17403d4c7b9e79c464dc7e16cc9a42fe684d16f97d6
t2t_L1000_3238	599369a3f591870639fe02c42d238b8eefcf7f97064faacc0a427555ebb80581
t2t_L1000_3239	9f06ce0386ed1eb0c892f5455c4728e56248c9b5e2551ecff34ff913874012c3
t2t_L1000_3240	9b87675218f02f3cf035c486eedc9e8f437667d9c065bbd0e09d9a2ef2135246
t2t_L1000_3241	f9fdeb2144c8c068b65522924ec6dc99f134918a961561cb4441edb8a0d45587
t2t_L1000_3242	c815a2417de964e8419d4efe7c5ff3ab377b4574079993a927c32da073f0e1f7
t2t_L1000_3243	38407644929bd5ec4027001cd08cdf97d28583ab58daec99cbb3066a05876d9b
t2t_L1000_3244	46e1f4d73829cad8af01dae64f62d1fe4fe3b6d12b826d4e856bd449ac6a97da
t2t_L1000_3245	f46079fc38e99dc1554b0b36ca30d93ebfeaf889e531401771c9e8b821987d5b
t2t_L1000_3246	56f0d5e983340289421985d5d714aed7f79dc1f74c6d18bd4fab5f5e11fdfc8c
t2t_L1000_3247	4782d47bab768221a0651a30590b79e82e0026eb461db96b6bfcdb2a97dc191e
t2t_L1000_3248	326eeabbdb10ec595dea37ab0e7a55307b43e1a3914297400ed9c8211a15038d
t2t_L1000_3249	cf964f9005bd8820889ebba9c2cab5ce72604407e2ec7b6a61ef662e2deb139f
t2t_L1000_3250	db09ffcdf492d01d7043b033f0906b40b795574ee3b307673d1a8189ac2f2d1c
t2t_L1000_3251	663eefcb106d6f57969ade42b53f96fe719d7449a75ca3b7c40b169662a94c3b
t2t_L1000_3252	a59c71f52d3b7d3869dfa9e959a65612a4a3b9c5c9a55d362afff19ace353238
t2t_L1000_3253	32eab73eee36968bf71aa197c4bc8c3e7f0cb3eefd5e96ae6b5f6d9ef1976083
t2t_L1000_3254	bb7352c72a83268bf0ded5e4de831d196aab3d6ec8057dbc92fbc9fbabd232d4
t2t_L1000_3255	79e048066d325ff3e3818dfd931c6b4c2d10db2ee5222505038932b884a49262
t2t_L1000_3256	6d8321990037ff613cfbdb5f6c934ed3995fa1bf51aee582f0b3c9e7b417e802
t2t_L1000_3257	57d9c41186ba5e4df0d952648d40fbef577033bb87196220488b1cdf7f98aa8f
t2t_L1000_3258	93a114a6e98b9be9909e496fa2942b0e20d076ff9af891c289c9e27ade41aeec
t2t_L1000_3259	0e95ee8d6c39e5b344554063350619afb51ea2053c933921e921b7c379f00cd2
t2t_L1000_3260	c099433ac37dcfd20d6c77ad538a3914e2c14ac696fec9f5652c36ad67046003
t2t_L1000_3261	bbf7e95a7af0c3483e35042e88c5828339e488b60409deda2382799f73d794c5
t2t_L1000_3262	48e0f4f43db3ddaca0f79f14e425d067b1064981bcf105f960226363d20a2927
t2t_L1000_3263	4ba613f77a8007c0b6b353c383585a684cc756ae877aa558b4e4cec50f6b9d2a
t2t_L1000_3264	c4ff7168e32ad141fc3ba49088793055e1c19d9bfb9be227d3e45bc3e52ab606
t2t_L1000_3265	2ed4bcb0b1f6c5b42512775f0949802147a33fe1b3d6b7ee3f0032b7bfa3501b
t2t_L1000_3266	e090513efc4a5675a246f765b0196270d9c561e2e99de5f4e39b8696c1499aa5
t2t_L1000_3267	5d97443a05da257b722ee263f496730bb30df45822335903422ce2ebc0b09b5e
t2t_L1000_3268	6c619f25b643dc0e91314e164190250aba0e3bd7fffe21ccd853616ff745329e
t2t_L1000_3269	1714b153bedb7f1f21f699ff1acaabaf32483a9c076d61823fceb43fd8a287e8
t2t_L1000_3270	124d4799a60cb454e75f24b87f140e31316f72386dfd5b9fdd18276d8bb685ff
t2t_L1000_3271	d2c943e053dd20aecca247bd21b222d4b5fc292780e6038c04d4b2878d96afa9
t2t_L1000_3272	e1c766439dcfbd265ba3699ca1f74a84c2c1549690b5f72a42a6e8c1bcc3e479
t2t_L1000_3273	b1f307be3fdb6d1e1660c95435efabf5e2efa6d41832ae0739bedc268cde7ca2
t2t_L1000_3274	ef857aa70f7bc09b5f4b91a22dd045a571c2a54d53bd38e104e8eaec2351e32f
t2t_L1000_3275	6d58902ff0521d785d8315665994b5b9589586c6f8008f87a42af53236fff704
t2t_L1000_3276	88382ba1a77251d8f36a7071572f80495b7bbce1532a5fade8cf874c3442b6bf
t2t_L1000_3277	e28e69214c59d5aca0caef1a08da99fbee8e97e20198cfe1241be97ff44c5b4f
t2t_L1000_3278	d5b232858c42ba0c0c754ae24dc9c5ba60c7bbb1ee594b99dd2a20f98526492f
t2t_L1000_3279	fc809aac766d111b2500c246373dd88a3d9d0cdb26e0889007e94ee7211a1fa9
t2t_L1000_3280	1afed89a83e1ccdc955f8e8002865f48228b38a3c72a39f3b0b2ff2768526b63
t2t_L1000_3281	1b66c5d8f73806912553162f01f6b09a33ba46b4b6bb107284fdfc469a7741a7
t2t_L1000_3282	e4d67b1e3ecbcf8b7596699b6df8b3bd56bf277d842be46e4e4451b964194166
t2t_L1000_3283	ebe471e3b834902e193a6965776755793a84c7b483c947da3aa74fdc53298576
t2t_L1000_3284	836fdbe3c8e958b39d8d4abfdebbc99e07d803e2c10c1b388f839a1c47db61fa
t2t_L1000_3285	772ab71da2a919b853014b76e40568c1c82070323a46f4fce1c79cb4d45f8326
t2t_L1000_3286	7641a6463b298ad1b22acd98298ee1397f3a65ae99b637187830b5f963a06955
t2t_L1000_3287	500f20cc39526fe6ebf14c5cb1b991c126b9a597d405e06d38bec21362ec1b23
t2t_L1000_3288	8e704da3acf669da735b8f4a375929f435c378b44080344dd33316c5420d2c0e
t2t_L1000_3289	6e9b0060359dc0c52f2c871250b766ee150fac335c9ac13bf8d23726ea8975bf
t2t_L1000_3290	7a14cc85f6d67e0c6b6e21e9c32af74e1eef204b3a5ec924fce6e51d3f4d9b63
t2t_L1000_3291	a82f099da5c68bd2e1d4320c83fb7f70c4e8bb6f53bd56d892b101cb826029c6
t2t_L1000_3292	e5d0c2e5fc2154b188fcb8dc61087690ed2b082c30b49a9fe1b95da667dd0574
t2t_L1000_3293	c424b893c7f0b1edd8ce466362f0b6cc5911ebb443c7ee0371dd98dd5c755a77
t2t_L1000_3294	60c4dea4b2f5bfa39922901c237a14308d542ee67ab078e140c5be6920738e4e
t2t_L1000_3295	1f45059a6f263fc87f5a99405d17a01eb0e2c8daa0c1e00766f81aac3905b069
t2t_L1000_3296	71b12c8e1a65afc89ec20c7d9040e9497cfa2e572436414148dc32f809fedcb5
t2t_L1000_3297	6afd6c444d3ce4d2b4dbb8576b7ff8113832ccc545f2e959aecdbd4889c65e42
t2t_L1000_3298	235a0d6cb975f7138e14154592434b59ac83303fbe8b7181ac8b09d178e64b87
t2t_L1000_3299	3348231a91ba311c9bb7a199818d7c0a6d23d03ecbd8f049fc9f2a59a9da9798
t2t_L1000_3300	8d04ddd528d72cc41a9544601e04ef8a3fccf33fe12bc7744e062dcc3d60daa2
t2t_L1000_3301	034f5e9a8e56da03b03c43d5678cec73db6e6ee00c892f2b00854d3e9da7f2f4
t2t_L1000_3302	cb73a10b6ba81a220402f3b0dd50f77f029451761de40d7cb2f5b5240784da59
t2t_L1000_3303	6b93c171da7ae1b61dbcd3a40d4fda75b00592dc477160115d6362a5e2f7848d
t2t_L1000_3304	59a193b1954444e7fd831cd3dda0b47cc0791c3b0207664dfd8435d4f55d08f1
t2t_L1000_3305	195f35fe62509b8d75d605e3be174f012de3a28fa70105277367c6e1f57e6434
t2t_L1000_3306	925c9dae1ff13a66e8194e08256e2fb1a139338def0e9a9a1c9849a1654abb41
t2t_L1000_3307	c8ff010b6aba0604cfe63b06bf6cdc1201152b53b5c5096478a9ff59904c604d
t2t_L1000_3308	2314d567b9c20386668bb5542a74041aabb002e9e287d5368fd560972b5eaef6
t2t_L1000_3309	816f20b2d88b18361b73b6ce8f2c0effec17132695ea4855620f18787defa956
t2t_L1000_3310	5b52dbb44e98ba3e342e83f44ffca02330b872c417e6092e35bc7ab8b0f1934a
t2t_L1000_3311	1d5e3f343e3c2434c31853996e42bdea64e1d8a5a228acdf1f27deec2aef3717
t2t_L1000_3312	0828fc187e103938ac1246b97cd80dabbc11b58e23d011bf85afcd03500eada3
t2t_L1000_3313	e1573273ec3fb62c4c116b6e444af2697939a3f64e78ad97f17fdb4b0caa1647
t2t_L1000_3314	e78ad07fc924c6066575527979bcf43a5a9155fabb2ea49413d86b4802224ad5
t2t_L1000_3315	49c318b519f7faece5806ec77f17cb0ce3b9ac938b68dd94b0c96fa01ad73683
t2t_L1000_3316	0bf8b92f4d16f570a73f254a907962acac2c1ea9ed0a19478519193fdae7c99b
t2t_L1000_3317	3b56070d01a5607919a010fb22e42ee3be640eba75e6d3fabf6d525dddcf35d9
t2t_L1000_3318	fd45f6f32287ae003e6923e2be590b7f27102668495b74721c546a0a4425192b
t2t_L1000_3319	a21a1d1affaed1bba409955843237503ae54b27e6e9775cbc8bed705806de8e3
t2t_L1000_3320	1b875c8605bfec1df57d4e9c4aae64b531d9c02a1615396d4d23d9de4135e640
t2t_L1000_3321	a417ec660100ff04a4ba13137d588db6c5e2946b1f6e15f3381d715b0bfcd325
t2t_L1000_3322	b614fcd33a1a0d3705f7e4beca5a6fd82ff33527ac1b259e6250fa5a01d0695e
t2t_L1000_3323	147bead8c2e568a7f2e4a70be3815fdf5c353dc1d625ad1057e777f4e0f66215
t2t_L1000_3324	6cedfaaab71c2b97e60ced7924c11469b4f303f5c35bd28cd28bebaed62d5954
t2t_L1000_3325	7868ff08470d47df7b3edcb3dcb039a84e4febcb2e5ab381536aebf3d08c727d
t2t_L1000_3326	91f4ee472d494b54b5704e3c2129561b73bf6d7861784d3ed4b15d46c1bd5554
t2t_L1000_3327	ae966a2c0719c466728bf1ce24ee203fbf477fe163620a53642c641f40b3bec2
t2t_L1000_3328	ab917851796d6f22af7ce71ce5ff7dd96ce6802f553c3784b0c3757ce7a64078
t2t_L1000_3329	de51945e4a36a31032cbe1d4522f18de92816ef1bde6329d61f4224d9dbd729b
t2t_L1000_3330	94cfa9e68cba1e8b79a0ff897695aefeca2b5dcdfd0b9e34e81dded8d3d58de5
t2t_L1000_3331	de49db7bf30d0377e71808f9f0f817a6988b52125a6bc6bc5860642b8ee4670b
t2t_L1000_3332	d055f1b7a5acb029e2e7e595fb962f0277c541885f84244fc16f83b34c92f40d
t2t_L1000_3333	94f7b8784e14efa91abba8fe709c665d11b358caf58b9d020425d3cefdbf38c6
t2t_L1000_3334	4d28821854f6a9e6260838cc96a15114e8fd8e09f03d56463b9c99e74a246e4b
t2t_L1000_3335	2e0174a5c44066d3a0d2cf5b6f6376a12ffb3afc8fafae8ecc929c0ba3918ad3
t2t_L1000_3336	b8e6f3a7cbcf4747ef5af5f2e429ada39dd312a4f78577e072d057f760b36efc
t2t_L1000_3337	eafd428cfa36d00e2575825bc615291b1ef9cf56e74ff8cdd38659eaec9d4f96
t2t_L1000_3338	292ecc30decf3d7f4aa96f3108b972783f8f28b28c0792af3f5959fad2946477
t2t_L1000_3339	282d75a0ce6265ac2f1748f2eeffa979a9e572372ab8420349aeb8083415ee17
t2t_L1000_3340	0b7cd1e4f8933291f8d7563b95fb7ec55dd6a1deb55ec4b2e165941e2a89a58b
t2t_L1000_3341	0007fd169dc312605bbb9326124c48d115b6470a5e6f122ea9a0986fcd5a93fb
t2t_L1000_3342	cfeccf55ecce090b10817c0b3c15b8a8d7ff714334ac3ca5410587c0283b72b9
t2t_L1000_3343	94bde85a095de95683a359a30c1d2772b29bc46384f7f43878fce41abb5588c3
t2t_L1000_3344	c0c4d8eaead0ca38c67c04fceeabea18a1ef151f5b01f230484364e3cf8570bb
t2t_L1000_3345	339144e6b90a9a0b2e8a1c88476dc7d8eedd42c38f7d1e747078ce6e8afd9008
t2t_L1000_3346	3b610e6c3e308d747a39aa7aee3878cbe7dc196cf4e3626f90ef4b21b0a5495d
t2t_L1000_3347	b7136b6a1d76561d7271dd62a00874da1f0c65ffd329ec7d0f963fd774de083e
t2t_L1000_3348	9a54052b9fe41ea053227c9a9108868139e28c4e10c1bbc1ce5516b83f30f456
t2t_L1000_3349	45408a005d30d2b238db8080a64869a0de7acaf86c0edf710f717a61b0b0c494
t2t_L1000_3350	798ba6f3a71c7e5acf53d8d370e269283087db1a0fd8e70813ea24418197e82b
t2t_L1000_3351	c7491bc8d9a68944a841448ad1cf9c7c85e7b3db7d2e90a6c3230aa59a3e934e
t2t_L1000_3352	d902e7c180b23d4992703899f74e1235caf2e0853ab4b6709162d7f9d9047adf
t2t_L1000_3353	2978d8d5aa76da208d355c9d157f9484d21247349c281cc869644acd108f9965
t2t_L1000_3354	fc801d7b6b0c098d2aa65f193b6887e02b34b7416e9e2fa16b01d921b9cf5b83
t2t_L1000_3355	a04f48d562645088acd399f8b6eaa857884e0b7e0fc8ab274b64aace6ba84c30
t2t_L1000_3356	2b1dc2027861fcc354368db7ffed91b3aefb4a34e9d7393ea3b6eb764cb4548e
t2t_L1000_3357	0f1a67a9e5b20d9d0209ad1b2e40a05b50fc9cf5f9e5422617e9b3abd38b131d
t2t_L1000_3358	c2d6d554029caa329ac07daa99c9cc7c6474616187a5fc6558721bf012c17d35
t2t_L1000_3359	fb08309e84df697281c65c548f1b3e21cea3b69d93b97ac122d5ab34a5dab6a9
t2t_L1000_3360	12bf6806c88d592ebad229debfaf642c674cbff02eb25ca340bbd477215bc8a5
t2t_L1000_3361	79f3b703b4344f80918bbd6517e0b634fb319f3832da14ed5446390063e83e63
t2t_L1000_3362	240ac871fe0838644d10627405fae4bf59692a33913c14357e40b99a1e766e1a
t2t_L1000_3363	c9702c3a02216622e662a17eb8c57eda0e7d91eccc2c81afa880077065400ceb
t2t_L1000_3364	79435aabc6572caf4e4b978b0d9848ad92c22cad68e9492a5ca5caf25633b50f
t2t_L1000_3365	0a30c4d6494a3e96e22cc3a771166d4872876b8be2b2eb1c7412c90cad2de063
t2t_L1000_3366	b6a685c1dbeb37c46b9892dfdd0b9a0aef15b179b15e8f6a0987e517051a8192
t2t_L1000_3367	09e3dc486b2b7264acfca0def97b8770253092f846b74c1a4434ecb0e36cd465
t2t_L1000_3368	474ff2e185810768ceb2281d45369a212625e04658ebfbe5b956651a39851c12
t2t_L1000_3369	944fde7ba1f1351fe9591f6c510a9f196bb94b8a366b93146683bd6e8c759bcf
t2t_L1000_3370	a4a6533dfcad2eff73d88296af095f9b0cbde5929762af65a120f666db9cdf19
t2t_L1000_3371	d5be12077cd294afff269c62eb9c696f60b173597788687b6aef9d25a494de42
t2t_L1000_3372	661e90a9b604562476495f5534a09f44c8f8e5cb8927ee5a60aeba91c4f1f7a2
t2t_L1000_3373	687a414873782bedf343fd6617a342239c6c580690830297a0c631f0511a7e4d
t2t_L1000_3374	293d03a3831bdd1ffb8177ee411283bf80e68d79c50fb2a5ca4196a619e9a0c2
t2t_L1000_3375	1f99bff5b095f3efe0ee2833ae75c582ca9aea2037576d5b869452e4e22f7238
t2t_L1000_3376	40a23df7aa915db927a6f98bde64e8708d8783fc78a17ea16052d8fc5f17ce91
t2t_L1000_3377	9506424773d211f511030b8ae651e1252ccfcd6d54e792ddb9d090b5c266f0dc
t2t_L1000_3378	1a1371763ffebb71397c9105876a10f277f075d1b7f6d5b46588ec18ff488847
t2t_L1000_3379	ab580c411491c7c5885b76a0bf6b63736d03988dbb7192e3b42e4779c1259e61
t2t_L1000_3380	af79fcdbf986508754ff0ba10bbb1db436f9f0db761c6ebb39040c6e26bb4d8a
t2t_L1000_3381	e166da836000fbc452bf9e5025bcb527893cdba9d554f19e324f0411a25e2b7b
t2t_L1000_3382	d1a9829ee76c3cf5981080b668cdbac294e29f075a1a927b84dc89a1249e6b80
t2t_L1000_3383	59e16bbc41487ce79568ed8d9b94809192770c6153d84168fc54dcd64cd6e354
t2t_L1000_3384	c5aa0e40023d8b43b95c7baabeaab7c25f5383dd02c4b915a5529814d07a92d7
t2t_L1000_3385	03c1ea2d058f5a72fb18e4a07a066a5dc053165e6cb90394bc28c03561d08b69
t2t_L1000_3386	81f866480de9acbaa0969d3bee20f03db896cbbbeb88152611ccd6478cdde2b6
t2t_L1000_3387	a45e531f8b7532752ff77d7f067e977f63224d9dd1f8b68866e02f944a44b8f1
t2t_L1000_3388	09082ad4621316c929a6ee0086fbb47a7fc33256474dbf1d55be23bc439e7f49
t2t_L1000_3389	ef92df24d482ebccecb0e90c8d7940ff0b20d7fe8aabfe6e8a05406b4e50a5eb
t2t_L1000_3390	61e77b71d36c2742fa952d6895da5c5d6a153b1b177afc26e837fdd448946137
t2t_L1000_3391	feeeaa2083937c565d4505e321960f299aa7d76df12e449f3c00a43504fd9f14
t2t_L1000_3392	cae719e1d42070d322e28467c42a1d33e3c21293458b2daaedbc7c3dac825d0e
t2t_L1000_3393	a7027a8451cee23a618dbd3f4468dacb1f4b3e65da755f0076574af03a668a31
t2t_L1000_3394	df4ab597e33fd117d7d67b524d2781a7ad8df5a1d200982b094288980b926f55
t2t_L1000_3395	fadb0b2b35acebb914df8ebf097cfd36b146cff40ef5b98f5b2b784b98035cf8
t2t_L1000_3396	2b9fe2ae0e53e2b025636afe4070e58ce1466ae549691bc37d7b8dd30e9ac9cb
t2t_L1000_3397	fb50b7b55e6b5d776017e79804484b605d0243a639eb75e1447f117492ecc760
t2t_L1000_3398	a47f6f642920c88aa3d82ac7c2889024ac79c4e8e4a7acf9c3a8ce4721c76548
t2t_L1000_3399	03d5d2431372802d5d1d0dafd9fd1bbd50c8bfbd818d12ab89309e9b6f969ebf
t2t_L1000_3400	61e99e2de09f660b4ee3cb8c36467df3f1d8654a75b30013bb3736b418b71d39
t2t_L1000_3401	3832389be9ed745b6dbc2ded2c230b509332af4d742cbb042db52a14dad9705e
t2t_L1000_3402	639c5953bd19578fd8e19747556c24ca5dfd3c970f119568d6cb957e452cfbeb
t2t_L1000_3403	12e8e0ad24d9fed73d17315582c88eca08a0eacf4444a26326a8fcd88ac2ef9b
t2t_L1000_3404	a35a7ace57be4af7f5c54d9b29225faa148e7472f4276a304b5ac12bc869aeb9
t2t_L1000_3405	91eeccabf96fbd79c2a92590ea5d73c1d15bce1a86ce51d29b874ff4eb62dec4
t2t_L1000_3406	7d8f0cc280ad4fdeda9602eace06a64f7b9690a3576af18dc6ecf21fef3d413c
t2t_L1000_3407	f9cd3f51c892a562164dd7f33ca1c376332aab6f45550ac0386a375de5827167
t2t_L1000_3408	95450642dabca881d4ceb4336de1d5fe096e3734db6f53ea5835db4f98c1545d
t2t_L1000_3409	835c184ae2cfdb93a3e9e65e4c841f537167c9df726d5942b343bbdb9de43171
t2t_L1000_3410	32f145d3d8679fb9e20678e733127087545f4c7e69f3efbae1b35b577521d7a3
t2t_L1000_3411	78a37fb1ed31f4633b2849a9436a3464a80eda09237d87bea70fb71c7fbf4289
t2t_L1000_3412	dda0c2da391da3939e0714df1dc234c01482f7fa1fde0278cabade40e82ef54a
t2t_L1000_3413	fc66e2f149b53d856234863bc97280b8132e1aac34136f67d7af23130a3dc9bb
t2t_L1000_3414	cd823cec3077f796c2104b6065ce6362e4283d33a8fa96dfe328e6674b117e84
t2t_L1000_3415	6ebcff7003ae38764e26c518ab38297543e638022e5b8446c5eeb09aec9e8a16
t2t_L1000_3416	2160734b96fc1f14fd5dc0600b78517c850022ef47d445adc193e658302ed51e
t2t_L1000_3417	41a5396b6aeea0bb58d2786c4b49e0a06caf1e5a6d809e8595fd3d0813afa7ac
t2t_L1000_3418	ec99bd85a2b5aebcea738e3f33d098f68ec2b2873a032161ae1f0dfec4ec2260
t2t_L1000_3419	3d7c840727f027fb39f0ff0e71acaaa858166b4d9366748bff00f99f3c445be4
t2t_L1000_3420	cc1ae959b0c180ad8457bc6473a4ce1da04cd9a0b7c419d5aa13e5df18d33718
t2t_L1000_3421	0262a8a9638c0ebfb86acf1ba2463878d0e0fc660e2d34d6209dc2d76c3f6f42
t2t_L1000_3422	d1dd526551d45a052bb87b061efc74f91630a42ac6218f833572d94711bb2c82
t2t_L1000_3423	895f78a712aec49359d374364e5586914f178a9c244564cc6ccf8a5ab38cd513
t2t_L1000_3424	4c48962e1e69b9f760526a5a5586bbe9430251129fbd67a61522f34fcd7d1a66
t2t_L1000_3425	9cc9bb4521406dc79854d4323861f6f955bfa05e9aeef93a170f35bff85620d0
t2t_L1000_3426	6af3d0559bc99ee5d4d51814c97e5a01952e180d539714960a0e08815d577567
t2t_L1000_3427	7caa1733f2579edf53855d2f5287b16a185cb8e22c708257cf9efd3d5276318c
t2t_L1000_3428	56469bf0c1e0e2e98ca697a8b43174620ae58d04611d8ae4aa2225b9e472f2bb
t2t_L1000_3429	8c00c9f22953bb43d2c2f402db4f6c908074372b14cc13c05dba30915f193675
t2t_L1000_3430	4b3aaf2721f518a500c1f75dd8fa7689e4048da69d1b04a144bdfc817487956f
t2t_L1000_3431	d2295bf2f5e3aef4b27f235f1e213894c9ab272b817e38d7679c98755cb66c77
t2t_L1000_3432	363d08ec510a2ceef06c783f8984acf1bd81f51f542dbcf62fd188097b6f3802
t2t_L1000_3433	ca9973e4b180ab84743d24220db0d78d5055f8cf4a5971250965b7379bc95fab
t2t_L1000_3434	48bc778489ca0794bc6f12a992d793d060253d452d813fd8e9fb83dddea432f7
t2t_L1000_3435	0c5a6b201b0e713ba671cb172ecda34ae35c570dc50506be6e93deae8e9741a0
t2t_L1000_3436	c44c5487772a1a12169dff2c859c27815cc2e9fec34c491d59788e46c14cf346
t2t_L1000_3437	9318ef2b08fd348ca069a928618aac9ac64a9891ce0b58276e37da059c2be2cd
t2t_L1000_3438	b3cac4fbcd8f2e791f8fa2257abb57b44defc0c3e86eb59a1c359a761107264a
t2t_L1000_3439	668f49eec70f793e329028354591c356f70b1d225a048de40a28c3816eb7aff9
t2t_L1000_3440	27fe13b8f56c225c4de0dda0b269b2a78268c199b8435d38b41eb331913f7755
t2t_L1000_3441	ee567d839dbf71a21f9871a6ccd85572168c0af3bc57fa2364d45a7df20b1d03
t2t_L1000_3442	240e2126ae3cd6bcda2283ed573495e7fc08e24d5f7ad34dd562f2f14e44a2e1
t2t_L1000_3443	94f72a9f8bcdfc501fab6d01fa6c6e0b8097344d73cf1dd8311f245554342f98
t2t_L1000_3444	3e890de5119c8df69ad804f649f669d2d49e69f296c3cc4df636f54303c2e4ea
t2t_L1000_3445	0caa7c08e1f38580430dc21658d93e0c24cbfe337157374271a1c9cd9dd85a13
t2t_L1000_3446	7dba84c95dc1c4160637d2475eee4dd17af28c5173205a9c1946517a4dfd8a38
t2t_L1000_3447	1b31995b807f3e6a76134253d0e73f2e7b29164c5bc28573b150c45a0bea311c
t2t_L1000_3448	66084ebdefd64f78e1a59517036556c3c091ff14f635af689cd98c946421bab7
t2t_L1000_3449	f0db204e0524e55b815f4017fcca2c7806f6a205b397a29f6397d00e5494ed52
t2t_L1000_3450	96941e8d52e695d69b51ea56c7b94a8ee647291027f4ca87edf87d23acb04ee3
t2t_L1000_3451	a0638eda0f6f402a185834b3a6ee1c1361f0e06a44933c5b64fa660183be105c
t2t_L1000_3452	e4afbc434aa21749f27c3a9b82ed56f5ee51dc77694e4050bcb57270907187ef
t2t_L1000_3453	7b90ab5b6b9d2f568dfcc7c93dd43b9140257a54285181987373eaad4807eb9e
t2t_L1000_3454	21924ec2c1cdb95ea18a92d9e46a88935135f1a596c01657fdd795513ddb8b6e
t2t_L1000_3455	d113f6d2878e638de5a9e483e9f23972c93559f09f2d71800b599ebddb22ef7a
t2t_L1000_3456	d0faec042ee9da217ab4b1b18b22abcbf05dfcebd36320dd680559b94e45538a
t2t_L1000_3457	eec74e344f614396967f95a6d7a68a9451ee4870926e4166c2546a1f269f5432
t2t_L1000_3458	0fb38fa5f4b8241c5f5153849503ff8b620681773f02cac15bffc630148a30e3
t2t_L1000_3459	c50fbc0425a59e3aea4315f393e28839d3eb44351f36d1145b21f31d146b5b5d
t2t_L1000_3460	4cad14f37431f208afbd15c8d6c332ad37b92fc62703ce371fa88a3860939da6
t2t_L1000_3461	07e6209bc803afe71f745708204be2a8d6c8b20fb7b7548577e5f38fdd9fd6c8
t2t_L1000_3462	700b99ae1c452e16037671342c49053f7b1fa1f53d3de1805bdf836bf0a257f2
t2t_L1000_3463	3cd19825b1a599121a17ffe5bcb664c1cd1e6e2e8b6f45dd1dc8ae4ded882085
t2t_L1000_3464	17080085ec169ef6a789727ca5158efb76be016531bbe8051364d7a56e1add58
t2t_L1000_3465	886e0da20b8f1d8af5c1479408871ad29d7541254285695cb79d5cccb3575055
t2t_L1000_3466	9330a4454b23e2f37e3bede790cdaac29e0b399cfcb63d8fa85728877ebd2b41
t2t_L1000_3467	97f9e7deee37ac2b8f38b271703866aa23e055657e7422da5f2b2721be634bc1
t2t_L1000_3468	97ecafa25790f5f4dd72b20433f317ae2a9e713dc7cb03c719de50958ec852f6
t2t_L1000_3469	191932b1b8a266908a553a00a2ecbf2f74c1c12ffb2a724830e7e525ff16daa3
t2t_L1000_3470	c86a4bf46688e28946fe39e43e6994b2c9b057e94548447768464d333af53c63
t2t_L1000_3471	95d5f1cf42fa1d99eca50a4ef3d8172889c4856837b3d82908a269f37ce9fa0c
t2t_L1000_3472	7df11458d270f74e57f2bcc9cf4d4dd747e8b8aa07db3c588b6b679e70c77748
t2t_L1000_3473	406b2ac4e56d091d827e8e7b8a64c977f15a83affe0b4ecdda9a9f28b187152c
t2t_L1000_3474	c1c0d9722bed6e28469f005036a4bc730ce5148466aa5373792a542ceea1994c
t2t_L1000_3475	4d73d59dc91594eb7d5f3b6362969e8157ee8c139171340e89d5ff8eed32a4c0
t2t_L1000_3476	c4e0f0a7944a0a64233f57066806ead3666d1706215c66714b8534da77b995e2
t2t_L1000_3477	5f35ea77bc2ecb6d064d54c45a696b17bea910b8126baa8362975769051cfaf0
t2t_L1000_3478	99a59d133a206568ba239228de1493cf25a37c83eab7fa72f7e43f8ce9a4606f
t2t_L1000_3479	80aff26aebe06aba6e1f38cdacfbd32cf5751be689765e675be4ded41cceddf8
t2t_L1000_3480	7e6dc495384cc7d789b9bbb457f892ce29d6d0b306bc7b26a9edff1c69c323a9
t2t_L1000_3481	2d862e519ffbeb47586f29040325aecca633f01a685b674e8e13c69c8130526a
t2t_L1000_3482	3ae4ec2da6f58480825f1248042759509e984ec1e01635a835d471f310bca936
t2t_L1000_3483	4e5979e089f107dd203f0e46d13a0b7d0c6fd09f3409ccee6b4eed6bc4f5a25f
t2t_L1000_3484	cc7c30f745416e1de9ef7997f0c4ea527e3af97fbb488ebe85f06853ea9c4c4e
t2t_L1000_3485	96d6ccfdece5dfdcb5104fd347f9671a1d13489943f527ed92651fac8c1a6c2f
t2t_L1000_3486	d1ab088a59626976c3f100ff1ff22e61900b58977d355d6db922ef1661899659
t2t_L1000_3487	d494d7d42eb1f5979edce7f9fcd105ec1e9000fe857340fe257c5cd98687c2b2
t2t_L1000_3488	625dd6cc74e7bcf6d490c69d96b6d8953636e841501acc41b7c1b461abe4fd9e
t2t_L1000_3489	59a5b9add4a9a31fcd5056de625d3a513ce7eeecf2c406ef7266922a683f3f22
t2t_L1000_3490	ed70f8679d09894d8728de93dbe3b73e35317d84e32663057725f88f807500e6
t2t_L1000_3491	d865084ac240f5f20f7b4f7aaf106601cb2a85415e8d754cf936bbb39500d500
t2t_L1000_3492	6974a02bd07a9638b9a3ed5fed2b8eff55001cb1ad7d80191d0dab0073cb9e8c
t2t_L1000_3493	a4435f071e72eb3b90ee3515f7ddf2f9f7ac93bd8bc2113ccdd2606e120891c2
t2t_L1000_3494	758a37f3e315d4b6eb8f2cbe696973abdb40d6e3d42a1617072e27f711b63930
t2t_L1000_3495	4c4ca1e00f018a900eb2d70c1c5e8451b83bda0064155c6b1840323eac5fb350
t2t_L1000_3496	6729207fefa7be1d4f5616f057338a7fedf3a3e6de55a71c3ce34193ff58ed63
t2t_L1000_3497	2fa185bd90a627e0f86ae954bc71931bb8de577fcd94d9479751cdb7afdc80bf
t2t_L1000_3498	85e233b77298e68cd2ac550091775313bb005b074ce032ef268fc2a8c9c9eeb7
t2t_L1000_3499	6e8f84ababf13c9344b04f82e878756f45b0d4200c8719654328e461f3d3d30f
t2t_L1000_3500	0383a21ba24ae38944c3c184ea68c795552b2c99701bf66bb7487c2acc09f2ab
t2t_L1000_3501	93b13405dcec19c2c78eeb052d84db979d363e16817a770a12f5395a854e6bde
t2t_L1000_3502	c66423758793b1b704eb040c7b54bec51003f45e70ae7e5e500c6a9c4850b5e5
t2t_L1000_3503	f6d497af35295e72570d0ac7cc57bb043352cadda53aebc72486d13607f9613e
t2t_L1000_3504	afa0a57f13a8a5f0d5cd80a4c79aa8147bc7a0ab00132e87776773b7093c5e9e
t2t_L1000_3505	7e68ef7bd826374d242b4cd08bf2d250859843e1c1189620b8e365796450e165
t2t_L1000_3506	f4134632dd7fc72280bb069ff65258237967e4810c57e0f5ae4eea7db9256fad
t2t_L1000_3507	6562a24eed285079e9b9afaaf91ba5580d3cec56f0e498b7d313e710add1647f
t2t_L1000_3508	b1a48b2d7126f3b20d0dcb282e3c01062755e424cfb8c632b43dbfee7af561ff
t2t_L1000_3509	3b5b99ab7ffd7e32433a69d649867479b924dbb3247f07a05c92128bbe68a025
t2t_L1000_3510	8f119e5cb604718edb7a0bc9ca820ebfe7b92d402e5672a7e30de58b358b4b45
t2t_L1000_3511	ad2ee68ac8675d670a20fd1e3de0efbec79215f21cf9fcc1cdfb1562fa828e02
t2t_L1000_3512	4ee7082e86fd982dde94cd559b6085697de94ce121601ba00621ddab18aff934
t2t_L1000_3513	1e1afa039058d4f77c07b73ef02343e7cd7943a98594f7b5787485081f4718e6
t2t_L1000_3514	10186680b3501941cd0e4d6333104431dcaafd965295100ec29ea7919509a2ae
t2t_L1000_3515	2aee4a1e00a0e5213593732dd72689780e8f3edb43e1a0740178404c2505dc36
t2t_L1000_3516	3d41e602f8611d97cc929541f56c25f0f4799fa2d7001963ca0408df0027584f
t2t_L1000_3517	bfd34473899819de3705e0cb4dc5d459b4c74e5f9838815e30b912b348251181
t2t_L1000_3518	126a33f43f2e1036351e02453b935c81826efbedd3f0e8227f7d4dd1afefbb65
t2t_L1000_3519	dd72c0a9e13a40e492d63f023f86b6b7a33ac23b65596627779e6412067706cc
t2t_L1000_3520	569fe130301d103350da96e00a18c3b3c7db010be6a98dd03797d6a5cfe889d5
t2t_L1000_3521	a886bd418c43bcd918fc5cd26672ed7fed1a832d0f74636f9843459f2d53d7ec
t2t_L1000_3522	49d8c3691a67464efaf204db882c55e82c5c004d1f5e06b047a571230e637b19
t2t_L1000_3523	ae4d88f46376504a079e1e67d833241d6a86c1560840b824f12223332eac3e97
t2t_L1000_3524	ed2af48af18236f0ccb043c5d98a89e636a3a6e596f7c306740c7d6e0f931f18
t2t_L1000_3525	ddb520683953186e80fec1a250613f931f0ed5ff8d688455f456ba93ca73a1c3
t2t_L1000_3526	a3dd517763891a9898c740231ba5600d8bb3f6852c01257877ffcf695bac2403
t2t_L1000_3527	1f7440abda3ef9386836540c6ba4dfd33f68d971c77abd7b83755392fdc424d0
t2t_L1000_3528	ef4696cab6fea5104903be3be4db61fbd40d8f45870e1314011fc5f78f3c389b
t2t_L1000_3529	ab2ceae6515333d081fd6f328f0472ece18f48a5bac3e602e266d1664e15eb4f
t2t_L1000_3530	eeda0addd75132d56e636c8f8be66cea5e31274f13555d97413491ed77790e14
t2t_L1000_3531	83c1b9b70688f07f7f16f28aad169c3d161b0558ebeb5f15a4b521923bc37164
t2t_L1000_3532	cb5ac84244f48e6c07055c2f07d80eeb9b41c874e01e815e01096a251d33baba
t2t_L1000_3533	ed4af48b8d8001ab7cc8a122264d17ec4ce249ff603cab6da4b5baf943bc8b1b
t2t_L1000_3534	95895eb3ed379f97e20c5e159d7bd08b2345ebc694cd8f1de5d9ee82eb487f12
t2t_L1000_3535	2419547704380aa12c068de85d1f039eb84a13fb9cb15e11fe3b5051284bd31b
t2t_L1000_3536	bdf7acf4019196dbf3ce63509a08d5f363696fc7f28b0adfc3c68ddbeb58934f
t2t_L1000_3537	d04595062007bc696d5dd13a14ccfdcf1895f7be476325fa7a37086f3e343bd8
t2t_L1000_3538	a4921b31fe7560e2a1cdd6b56009f34fbaaaa11d99b50ece6ea7267338abfc2a
t2t_L1000_3539	77cb73e11c9d9e62d2728117750236c19822b5ad543624363b6871b866ea9634
t2t_L1000_3540	6fc83ed6c47569e63e670df69fea0ad1354c4064d1c461cd88bac99fb25bc440
t2t_L1000_3541	01c0a9f8798b29a9c8487d5abcd0392d8d9f9923dd7a15d097251c953b269d34
t2t_L1000_3542	edd99d43be41d985b249ffc899a3fc6230694162a3a859f38c7450fc65162ce8
t2t_L1000_3543	917503a8790f260e46fbe63d1361409faf2b3d31de2dca28fe68ebdb138c34c9
t2t_L1000_3544	03384199f03cc132f09db8bec684b8c4cd5be63697e42afd7fffbd9e9b55cf66
t2t_L1000_3545	bacd755e3c7b331d6b562fd395763b8e00d2e3c6ea99b310bc5610320722357c
t2t_L1000_3546	77f61e326a3bcca06581dcdf5b4b8b02e057b6615ea87638dec0fda252242157
t2t_L1000_3547	f5b958005f3a4b46c0134e3d6d8b372b518ff9e90bd37d3450d74eab8497fa58
t2t_L1000_3548	1bd4a43af1917a9d4c8b1810d3aed9baaac4da432777c1240f8112f7612679dc
t2t_L1000_3549	5fd3a1eeea941b6e22f773566617c9a641cbd5e53dacc76826a85e225accc51c
t2t_L1000_3550	94b6651d869531dde299168cafa442e4c69bc62791ed3f5304c1bd811dafd686
t2t_L1000_3551	792bbe25e3799e1b7437e89732e491c06159256a80993dd30266e2c68ca3121b
t2t_L1000_3552	6089e14bafb8bf7e2a4ad0368448c67687c4dc8a2f03cbe5231395e92a9435f3
t2t_L1000_3553	77abd89431d9582e392a9b7c97137c86459365d34a964696575062e9ad643ed0
t2t_L1000_3554	2033f5a35d7329b89ff0d5071fececc3a80cec50b56ad4b97d35d6f803960415
t2t_L1000_3555	0bf334ec6f330a22cd700d5cd78e158472af31b580806720c7ae7cafa0f9886b
t2t_L1000_3556	01124259f345eb4c0c3fabf922a515c55b3779b61415fc902bbfbf3ab4d26783
t2t_L1000_3557	2565f8e1ab88c5e7b54de8611931f68b39b4e673911bb543318f25fc2d04e66f
t2t_L1000_3558	7b32f9cac3575c3e1ecc644ee79005c552196c36f21570f60c55ae1fc83c50f1
t2t_L1000_3559	e06dfdde721c592ca4711afb943e886ba3584ef1af695af089a72b3c2dafb24c
t2t_L1000_3560	9ce5bf2a0725c9bb7d26b4ea8fb67263cf44bcf2e856fa50445283766de625eb
t2t_L1000_3561	22a3643706b997c8100229ecea5db4fb7cc3e4f3b4510cd0545915a8a220f7bf
t2t_L1000_3562	56ca0fde4d0095d2bdade2859cabf78210ddc1d2bdeaa52551278e448e05d786
t2t_L1000_3563	27d32092361224c17a8e24ccaf9b082ebcdd1706dab5dc1d43a0907ef08de927
t2t_L1000_3564	2342e7138b56a8b4a4aeeff6f2ff6f84b19a6cd9ae1a8e7f22e05ac3ae7a3380
t2t_L1000_3565	cf0e0e8ebbb1c991ae4b7b7e5a23add6784f4e7980c57c2c0bfad2500cc6adad
t2t_L1000_3566	a95e5a0460b22321d86db2474b4bd397abc7e326391e8fb726d9fc60186dd522
t2t_L1000_3567	bb429213a902a414cd510b3cb1969982654a6bd33b221c6c6e05fe9cbc97a6e4
t2t_L1000_3568	c1f7b799da5408a0ba91220e4dab34fb2f6e2101c96927145c408d492c8c513d
t2t_L1000_3569	4cdf9404225a21e3a2033afa15db6ae5ccd5d5c0d2f801775284780a2023f67f
t2t_L1000_3570	9940c0444d22b9ed0277fe6a6793cdce08b92ada490340d714d61f497a6df850
t2t_L1000_3571	71071e5fd99fbb8d8fcfd1eb215c770d533c525fc2cd3a1c536b0aa1a7ba0184
t2t_L1000_3572	5ac3c2b6aea00bb006608cb8aa4e61311e633e13fed24f81346beebd2a4340e5
t2t_L1000_3573	8aa47b1c002ca45070d3f1c68f184997482700510fa766cfe00705b26f3826bd
t2t_L1000_3574	2d6fc4b828293abf8328634759a6a09fb15e92d1fdea1db65b0d82cbe72fd98e
t2t_L1000_3575	488fc0bfa02ea40b4c21826ff9def8171f0fc3599961f2dff289c3f4a5508c32
t2t_L1000_3576	eeade3554125007775b14f6f43b75482d6c94d4cca422ccdfc4399e00dd4d250
t2t_L1000_3577	c7161fa0b2207d6d40c38189456124cc23bb376b0dae260df002dd321ecd25da
t2t_L1000_3578	e9c1ca4798a69660c529bfaf9650611f7f1aef6db0058aba068a3c0703bc43c1
t2t_L1000_3579	7731e0514bea7c84e5d1fbe1bbdbe2d195f98f082281cd58955df13eeda88552
t2t_L1000_3580	8926f665a5230da1a4fe06baa9e8e8e97c9deaa6a3ac0ced144cf3dfeac39dcf
t2t_L1000_3581	416fcda39e237bfcbb103683bf63774653289cbbf1a4921ffa930ffa5c107291
t2t_L1000_3582	724c9e458595727fc4ac43d8e6eeabfbccd694e69424e378dba27278d7b45fa3
t2t_L1000_3583	c20f4a7a5aada7f8d4ccc36b0982d150e34ed39e1f3042d87e70987e7c3160fc
t2t_L1000_3584	ecd79b5c60a3a551ed9cb3af80d63a7ebd5a636fc8db4af1b1e9de2e16bde3a0
t2t_L1000_3585	ae8d0d77eb104e514ec83725372ca81afeeb143b62a4cd8f7d6415b4c3b261e8
t2t_L1000_3586	9f82a4dc3764c8a312c6ba1725e452c709f15f89ef9ee5c4cf1f7237467b5cdb
t2t_L1000_3587	15ec73e126fd58fc952d9e0da719cee3585443c3665e9783e48c12c634c08fc4
t2t_L1000_3588	dbaaf7847d0125dd8751259b095a2229a9bba1c8e2a934dc7368958cb008603b
t2t_L1000_3589	f3ec229a714605ce39997f9d0c9266a31192376f37bc13c3aac5544fd1726e1a
t2t_L1000_3590	d296875dcca067b17871ab6de47c1e6c3f65d72219546efd2d0c017ec2bfccad
t2t_L1000_3591	6ff26917d52ce37967d663ba414bfd091496f361f63e964b22043940078f47a1
t2t_L1000_3592	7548267dfb48116f4b19641f2d17264c81c8174146e20454bb68e55d46fe1a92
t2t_L1000_3593	32db80d65e2eb12bde570c7d087c8eb8a890881f12a9244cd3bd2d3e7eff65a6
t2t_L1000_3594	ee78d1bd3b28e2f8ea2f3e5e5580bc88642f3fdf0f522d70f62da6bdedd36939
t2t_L1000_3595	0e596404d7c51d7032113e698a6299dfb81b459773ae110d33a0204d5a04f175
t2t_L1000_3596	9b30b29b4e90c78d6ea6efcd03c28bafc59e6bfd95ca976a2a99275485bf3b2d
t2t_L1000_3597	cfeb6cfb807d5f0ab832b7ae53d21924218de5d87a5e70b805c432f6343d80dd
t2t_L1000_3598	759c7cd5737f7ae1134783761948957bbc98a5122b084bec74e73fad363cf014
t2t_L1000_3599	532da11017707e03629b1d7784378bd19d898fbdbe9389b3bf87885fd87d5155
t2t_L1000_3600	391439835512f1777087b6cc02322c3b8849af6490a69aee328b01b67d9aa9f7
t2t_L1000_3601	4b6fb04ef61a590a3dbe616d47116a0a8676ae3cf916157aeba08d9e77f61cd4
t2t_L1000_3602	24132fb09f3a042f6668bb97492d45d0ed7c8da40eedb33e25bd6455090f84d8
t2t_L1000_3603	8a3c85215549a4b3594abc1fde629a962562645b37bc65f076add046bcb4ff10
t2t_L1000_3604	3dbc9fa85395ac22e9b058a84b9f62e2e20351511b0d8909008f422194147513
t2t_L1000_3605	0f2652a804be903c3de1360d88a6a990c2ce7e6bde1dcc98f04979d8d2c9363f
t2t_L1000_3606	c08827fe824b52ffdaca2ca6a11ca76cdddf901f60c96146bdecce92091b2456
t2t_L1000_3607	d1c9c65d4bcd1e5428c2ec7e3b30257aaa73a1844476e787120d8af28b10036a
t2t_L1000_3608	52edc74494503c6e92dd6375621915664924e6687ca976e4755c8a1d227e5dfc
t2t_L1000_3609	e7afa60e89404da3d544870a290a2ae388a7c7371afd8499d7d8ab32adcd6662
t2t_L1000_3610	4eaa2965f34e028452beaddacf1cb72ec80d717ae1d6983836b7f471cc580d1f
t2t_L1000_3611	49cd2d85d87ffee367bb1f35712491cf4f3da5e3b6db7d55dac9398bb346c9bd
t2t_L1000_3612	23b7fb30c3e26a28e2d79fd3c0b44448dfae6568b1f76f721db9d9f78df73d46
t2t_L1000_3613	e1a41174d5c97e6d5819edc8662c39ea5cbb404375fcad1772cd24612361795b
t2t_L1000_3614	86be6da7bc65838a39fc331ff2d79c27a2cae0de65f4576e454c4738162bfdbb
t2t_L1000_3615	9db3dbac9efc34e51d8ba15f7f72f436d2187647fb57d20c6af6a7ecd95565fd
t2t_L1000_3616	c71be4cdd788eb780c280c5934f5e5b3fe06740af98ecc9849f8a1d793f9d0c8
t2t_L1000_3617	981481aed459d4322f65b7918c9ec00ea7f768b701c725c6c160ab0c6f2a4747
t2t_L1000_3618	23628e40dcfbcf8d3ee8d162bb7ef2e354e5a2de2e01f0b3c3012f0586b3d885
t2t_L1000_3619	a817bd4a9787e95561d40f05c67cfa60306209030a5aae41e142d796657c3cb0
t2t_L1000_3620	1c6d856cb20b406107f078b555e7c65997ef6cddfe1c0f0820122a9c02a57997
t2t_L1000_3621	8882d96365b9c4ef7d54e6ed81027464a3768575664d283f15c38dcb1502bf59
t2t_L1000_3622	38b5abe4523d31b6c9178bfa259dddd184a936acf23b0fab77b1b8dda64fbdfe
t2t_L1000_3623	df5adc8b8bd5ffef08b74474f27f279da2af9d0e906acc756a4b5e64c8b16fee
t2t_L1000_3624	89211ae18c8a587176450e81dc00b44e3703ff2f4365bb334c47a8500cad05e1
t2t_L1000_3625	fc41f994bdacecb98d3879d0d414025184b482b38ed1ec027c9c5951e51eb8c7
t2t_L1000_3626	149ea491284458520fc15980841c2d63cb2b9870c642b6f8667a841f2cc9688e
t2t_L1000_3627	91c4758d063e2022e81f7803e339335b363981ad359718fa8145187a14f92f4d
t2t_L1000_3628	9cbdd7e2a89011d07d61e7ac085279a37d4065a6277b172268b35bc96303f762
t2t_L1000_3629	58484f590f2fb59da3de53d1249994b1f63ef6b7d2c32c90f4f1d47b83ce286d
t2t_L1000_3630	e1681689e3343d22cb0ffd5a4db3fcf6edb3d6a0cb55bb740495d2483669f478
t2t_L1000_3631	32d353a233972c93ddf1536f057a36177d18f9fb9c8a30cf7a33a2349fd5b86d
t2t_L1000_3632	06aa48895a4f15d2a9615dec0847433faf48fbbbb010e51406a6e76f966c065e
t2t_L1000_3633	1c6f517a0c985d06efc3e22daba4f3f8f162bf28a900f56e90c858e75921c1cb
t2t_L1000_3634	f5f933169fbb7a09cd3a60a938c3debe29d02e54de3168e37702f1e2ff10ebdb
t2t_L1000_3635	67cfbaf24f7cbffb0b39e5a42d1f00702126b30d7dae578a2165301d05b8b9ad
t2t_L1000_3636	fdcdc1f4206c17d39cca14961aa8e0741db67e5c27f9a02ff1c19d0bfe148a1c
t2t_L1000_3637	189bed2f8ba6adf76b7f121ae95f2287b435681568c1e15ec61aa3ecfa5d5bce
t2t_L1000_3638	76220cde8dc1c13915a44e9984b85f847956fc24d1b129cdc89e5984a7fa2db9
t2t_L1000_3639	ef45f944e98210e00a81c7112a2679cc2bcd155310f679ffe9ebb44f1d95ffcd
t2t_L1000_3640	e3cca2b49ba88365357eec5b40dc5eb5f72fdc1d465251b735a00da6a8faf611
t2t_L1000_3641	a3d306c6cffc97b809dc943cfae638532a227388ad86b8d6e14ec66f530e8df0
t2t_L1000_3642	3d56ade9a5768d4f623747cd64612d7e59509112f2aae4694894393dba3d901c
t2t_L1000_3643	063fba5aa44eb5b51c6a213be8a776c4c627dd64338e9cd585fed4cc9832ce7e
t2t_L1000_3644	3680599f6a5ab8421c04737ae13cb8f24e4bc8a14cd0d0e8802a6879badc0220
t2t_L1000_3645	c2eb0a567928675508d79f02239b8fa93646b9ee49d0d79498a44dd2b954985e
t2t_L1000_3646	4786179c246acab92d83b67aacaaf8b93f312e4c8770114aa4457f5ef8b3055d
t2t_L1000_3647	3475c25b3a79d764343030622bb5f1770e734c7e76a5f1d28312f3ca5f60777a
t2t_L1000_3648	383d315fa2bf29aabb3dcfdd96f79352e58663010710e9189d784e252f3861d4
t2t_L1000_3649	6a00c3793b94275d44b21e974f49e621af92356ebd2ec4ce9e910ee8a677b0bf
t2t_L1000_3650	4c42a0f132425c36fd4b47c204f92e23c6ae71ee5141b7b6631787ee3561bf25
t2t_L1000_3651	03b3d40904a49a5edfee3052cf1ad9e2f645f5f099df3d761e7645c9c49237a7
t2t_L1000_3652	c61c5bfe664bd6c8b9ca7fd4db7c4dcd8bde4bc011022e43d6738ba8a7f22946
t2t_L1000_3653	226ea0c7dfb5276e174bd2338655d4c81e4890dba3b1224985145ede6508d7c2
t2t_L1000_3654	c6ac2815b3a2510bf471a5f4f6b7703dc46da868aadcf4401915ca9f6a137899
t2t_L1000_3655	7623b8555a2eab6cd0de3a7875a4c20bb04563ba2d65ed5d491ed3e2c9c5c603
t2t_L1000_3656	56480f01521d3e7cc2f6b89a8e6c2cca18a3d344ebbbe4d5c18ff7d41be23e57
t2t_L1000_3657	1302859580433bcd0ae2bdbbbb06dea612e7cbb4f4cd0fe95f56eb1ad3b2a58d
t2t_L1000_3658	7cd1d24b11ab2086f35199ab8d75832f52d622baceabb42d11c15e3241257339
t2t_L1000_3659	b9fb84f448e56d955c972ec607b2d670525fa20cdac6ebd5a9eae93991656b45
t2t_L1000_3660	361be2deb9de1b343a5433373b06ce48aeb01a89347af0460b89fca32377de51
t2t_L1000_3661	a720491c79d5e13ccdd36a5f72a9019d2f360ea147017c626075e43550cd9299
t2t_L1000_3662	a2ff06f6d03d5bcd906b9d73e796c07714ba63477630d2affbf6f52380596614
t2t_L1000_3663	635a9779fe0e42371262c78ad873514e7e34d2d5494d6a645819e00c6476e3d4
t2t_L1000_3664	040e6d34c7af1ee609a7f2504058ea949f6c38410c38186d326b7b90bdd57793
t2t_L1000_3665	76f3db08816bd4e4741203773ac9fdfcd83be5fe34a6d0e6dde3b224b4cf5141
t2t_L1000_3666	331186cf4de7793c1f56e7b427c57ca0a262a434c86a399deec711d847c71991
t2t_L1000_3667	cc709fa7d5dd6eff6be4fa12463efa701e823e0adf1ebf21ff0014c9ebd6e1a0
t2t_L1000_3668	5c64167a8bad12239cbd92cb499c39d59dddf111da54ae3e429fa2674e78af86
t2t_L1000_3669	2b70b4fed3312d9f454b229ba7fcc48075439699514486c6ae2778430cb5ad2b
t2t_L1000_3670	3abced0b0154857ef9360995087dc19391fa3f3a70ef6f7ae93b074ece483f6b
t2t_L1000_3671	5984eb6d05a9c8220751e2fd6641917ebffc1f3a9589e05ba476c41d36bf2ad5
t2t_L1000_3672	7eca05adb9889969d04e021f18d2052be03a4621cd202f1298f3ac3971a56de7
t2t_L1000_3673	e8524b48b2e4d041ce4cb23bba02151e06cbb6b31bd162e5e980a660af3a9ba5
t2t_L1000_3674	7ab1dcd94aa1c9b57885592c675bce96331fa0c200e8003d0e4d989dfbe707d2
t2t_L1000_3675	b9c1f4d1d1fa64642394040631f3e7ea74d7d670ec8e1f228e8b7e0b726898e4
t2t_L1000_3676	4528dfbef90c6de0df565baecf9c4435f649d7192c222a6d03d5fa5ceb5201d1
t2t_L1000_3677	409afe3686b76bfb6de22a4bef5ca3e8e144749c1caaa4f89bd195c0e2005bf9
t2t_L1000_3678	f90e010621601bc1546d63090056d4f47825a0daf961450a19bec20c99b08b72
t2t_L1000_3679	010dd6ab87ae6eb9a4989edd060a3c39536c066a3c4b58f1179d87e9d8906c3d
t2t_L1000_3680	ed54ed6896506b0746062b1b9f4892d9de6efee0345ef16c88ea72ce54b47368
t2t_L1000_3681	cc1ae81dd4419f752c290b8f2c3a28c29c3fe35d2be928f127ea07b1558ad952
t2t_L1000_3682	c87d056a054641dc32bf72f3b6fe04b2a99a16391eb630f2b0641f8c1f2e9ada
t2t_L1000_3683	6c6b5d0ccc5b81cd6506bc79e42915d51f0af1894897d07e662d55e6a6238ccd
t2t_L1000_3684	5d6302c6cf3510fb59bded6f851f66a9898150f5c0ceb7eaeef911d4ffdff798
t2t_L1000_3685	01a887e80002a37aa7e01757d0feab723feb4697a27c1f9f7857b04e4713c5b8
t2t_L1000_3686	1cdd6f352cab0418c39dbc7edff62466a7b40e49ff4b8b366601e342bdb54978
t2t_L1000_3687	ca1aad160ea8837977487cddf32126073cf4db89748c3663d870c024ed54b64a
t2t_L1000_3688	671ffcfd0def686b887e4204336d39ae8d5eaf3a77023542be53b4849828e73d
t2t_L1000_3689	3f318fb0a9bfb594ad8b801c04a082af45e5f6708a4563ab473149a3dd669db5
t2t_L1000_3690	ebc0c23ad498cea26fd05aa5dc63df47d1ca32c7c8b20a9c4409b3f17ce5be05
t2t_L1000_3691	a18d71ef85a7716e6a6ec5e6981163381694dbd93fc321cb548761b55f57d852
t2t_L1000_3692	c9a020d4b6bc8844c7850f8c48bdc49190ccb5b31ed9c0f4d8025d7183cfd35f
t2t_L1000_3693	9457872bebd12dc61f02003b52a75dfd499f22b351a412b111e7daedda865e91
t2t_L1000_3694	41c1e570c0f2e1f9684412e1ed651b70920a419d4ec8de1356c19df2beadc286
t2t_L1000_3695	9ef54ba0b04337ee1ceadd7e0f6aa5ab25c838d0620f571e1637b188a0dc0bbc
t2t_L1000_3696	fc17e14fb2152bc28df04e8d92cf169efe9a1b0bf3371834942026b32f5573fc
t2t_L1000_3697	24d2d3e053853882f2216ea9c343ff092a195f4870c3145566df3236d5ff3f77
t2t_L1000_3698	b009047ff1206aa2988efd3c2da69900be069cfc4d76f1a8a0239476e64882e7
t2t_L1000_3699	3e7b09dddf6210b9bab2710ef68d0256fe23cb05a030071350fc39655916c3b1
t2t_L1000_3700	d0441524c3c7be95be2c2fc33703c73e0b98db013913e2db17eb155509ff46d2
t2t_L1000_3701	615ae7bc20ac29894e2fd19f5db9697c3c1e7bc5047c2e1e5ccb28f37b8ff158
t2t_L1000_3702	8e2a8e3943b6e68295b42ad0cb8326e23e5861b4054d8d6411fa90892bfbc103
t2t_L1000_3703	b2edab21868ce7c6e7a34577d4936e2530055e5b7e483b7a29a3f98e7107d27d
t2t_L1000_3704	36050419742cef094bb3da49410ccdd8e03de19579f08882bfbe38f681b3333f
t2t_L1000_3705	672049f605566deff593173f3f525fba177537884c13ef4f23caeb652d63ba1d
t2t_L1000_3706	9da7e64c459cb3e00b77ec6176edf66be865f5d87b75f6d2e2b72db116a5deb5
t2t_L1000_3707	465051925eb551c30b2d31e959c3fff8c5f867fa834afc88be75f7fe0bf8b255
t2t_L1000_3708	97771e4470fa7c7022e4ac593f3318837a7c86ce6735501b9580c2f02be23948
t2t_L1000_3709	d3a0d595fb4b788796b6c4b4d839b975dbdb8a693577239c075ab8f8bfb51202
t2t_L1000_3710	66a9f6908879a3fad291bd3e1ae1c64e800a07b55297142da37bcc16e8abf41f
t2t_L1000_3711	2ba6faad9005b36cf8f1da543a1644f35e4b171f06f90de5bf3928f648b8e4d8
t2t_L1000_3712	b94d0a52eb39c6047359835b5867b96d53b1d7822bb970351fbfbf9cfe50f203
t2t_L1000_3713	5b8e865e7c37b46e3f9278ea980a93710276a9b0a890302fd44d7634968b4f2e
t2t_L1000_3714	db8fbcba71b6fc531010d4a5085a4c4efb90ccef54e888baf904712f4696f3b5
t2t_L1000_3715	3e448a2862ac7aea9fafbe48cdf5d1331081e04f4b2eabf26c763f949261dde9
t2t_L1000_3716	971e0e43ec5bcb9b19aabc796b942aa0ac70929a9ba9bb2bfc7f87d8fcad05ec
t2t_L1000_3717	6666099e23462c6cf393bf327e5f447fd2adfda5728ed2f480a12b46c046beae
t2t_L1000_3718	783edbd73c2fe7f82fef8f2787aba91517f5cdfd5e25fececbed6bde00b97c6d
t2t_L1000_3719	6d5bc813ab1daf9f36d434e8974f4d5c6aeecf755c2a8d1d605cc80ccf418bd4
t2t_L1000_3720	e39de2c1a7cd83a8db7197e8254e8fe6f08cd9b95242663364c34252135ceb3d
t2t_L1000_3721	8c8796178cf3b6b96f7cb5dff5e98a9eddb3efbd1655c6fdf10bf4c10df22e37
t2t_L1000_3722	a4d7d356a16d982d30c8ae7fe185ec98447181f24e3e26d0b0673ecbb51c8080
t2t_L1000_3723	2063da05932c96199cb166a59090affc5a6aebf22fd46c4fc442e3667ed17733
t2t_L1000_3724	6ff5a80fdf10dc50eb7998c681def718ef0f29ad887db7196ed3fd71b626dceb
t2t_L1000_3725	6ad59072aedbe2269ba6070d0e6e463f790579c16157be25e7b608ebf80c19ea
t2t_L1000_3726	bba8d963906543ab2f57221723fb35abc0f9bbf3f4d31a98ea14d337f56db4d8
t2t_L1000_3727	b3001df422a2c2fcae866d4b8f3fe092ac7d77cd76e4a431e1e757b827fc1068
t2t_L1000_3728	29bd02a3c36d5948c55d98084e81cf69ecd82baa13321e8d47d86a057a395c03
t2t_L1000_3729	9a910eb87f0727182629c48017a9568729185189a8adeca84571a75d8b6e75ad
t2t_L1000_3730	186683b869504f628a86b67a8de3d08bc70115b4517f0e3dde263e48b0986556
t2t_L1000_3731	dd806cfb7c30d50f3fc10cb6941be4b986cf084660e6fc09290fb2a9bc7d6130
t2t_L1000_3732	509980ec475ddb30ea19570db8557327fb9b2c5410babc6691c5a2a1e9e0cdfc
t2t_L1000_3733	4d6e1610e525c97a62802861b28b315bf618b0142e98c2b97b5e2c4b6fb502dc
t2t_L1000_3734	8ea96985ef2aaf5c69816cf081c9221a13b247a1498cd90a79705912868257cc
t2t_L1000_3735	3c599cb6e18d6384c4a632f437ea1fd9f58277abf472de9c77945bb4713b7e86
t2t_L1000_3736	00e1fe7f37491424f3ad7d16be45465b940ee895030991f39aee4c91f9e7e961
t2t_L1000_3737	532f8fe7bd45fc8e6b0dd3292da53c020d75bd274cff85be208348dd2c8a277f
t2t_L1000_3738	0ab916274fb99a49eaacad798b3e0aecead3ae096a0956c7d466c4396940de37
t2t_L1000_3739	41098fd35dffa09349b9ba57ab21f15b37a40711389c3652615c6fc1debab891
t2t_L1000_3740	c4594addaf5e1c5a4f29df68460e3af9b99635cfc2c4795b35f90a6db6abaa51
t2t_L1000_3741	bd78f29ede9ff1ea911becf4ccb237342c8778d2834c16a6af4406953b1afebf
t2t_L1000_3742	2829ac3a58a0911b93e3caa79a30b039dbb85ccd09e37714c670dc3111583709
t2t_L1000_3743	2777e5ecab4fa8c6b9b38a36497cabc6eb67071047a441d2d8826c297ea1710f
t2t_L1000_3744	260c89d0636d70fde5f1d72e2faf4c0090657d86e7e48e9402bc6b55866c3dcc
t2t_L1000_3745	01b954f7d027e4047a858f2b5e95e36da5dda724b4796f96ce9d4d43982ca1fa
t2t_L1000_3746	b10d2762b51a302d21f60a253e1d15cdb02cab18e22fd223d9ed8c24fc595c12
t2t_L1000_3747	f7f6a9ade7045d42f51610cbff9e3be0f2b637682a3840a53154b4f24fd1b26d
t2t_L1000_3748	a972edc1e42a4ce218d61289db8843552fca38f1c1f657c7d5342bb0313bd261
t2t_L1000_3749	ffab4539a7b239717e1c2051d9bbd74203b0bac75685479d0467576b4f26d34d
t2t_L1000_3750	61dc0683b35a152f6ef75ca0e493511d257b349d854627d312ddf2809cdac876
t2t_L1000_3751	786f54e8b51076d9b7bf72831432f9b8ecf2eb83b40a76496da10d175192e6fa
t2t_L1000_3752	87cab1923997db2b8f50d88c22de1b27e1ca70e2ecd773dbf1861e7f661367f8
t2t_L1000_3753	de6d586c394dce122128705270e584e1b97f800c861a9bec7d44023149100652
t2t_L1000_3754	49c2888ef9d6b11af2ec0b900b7f1009e72097a8d486e637c542ee2fdd09fef6
t2t_L1000_3755	f241b56ab70b3f5342337d06ba979b2d0813a2b8a4fe9dd10a272e5bc94a4154
t2t_L1000_3756	c121c448629bc83927c758d756d907806edb3b33f27eefff837e57bbf7cc8567
t2t_L1000_3757	94a86be9250c94d88fb884a55c292e4341f192cb685d1a62c9b9ee0605bece06
t2t_L1000_3758	ddb596d074b1a2ba0190ad394e7250c996c0b1482d937ad93759c1020c3cc71b
t2t_L1000_3759	baabc771c55eb0957d91e35404551c6d725727daeba3cfb474a9b3ac770415f3
t2t_L1000_3760	0eb488a5311df6166204ab5b3a2b2fe6e9c7de1cbd8d1d11c939c7e563644327
t2t_L1000_3761	96727ad1b5a4e1838c2cee31586261c4c8acdf0537b13222a7cd8f88c898f64d
t2t_L1000_3762	a9bd947c229632067b5aaa876592a3d0ec4c35d51ff5408c947ebde73b8bf842
t2t_L1000_3763	30f9feb18b460bb1ec3fa98f42d489475eb17e6b5cc7992eb2da21ce91b53c9f
t2t_L1000_3764	32f11ca90b588b2007064291d58e143cf215045113ccf9eedddbe6b93e47a41a
t2t_L1000_3765	3b8534a31936bb3365fed8b526f2d997c4bf8c6a2cb5215a4232e261c4e546ad
t2t_L1000_3766	6f0be70c9b06cf6d13817d6d2c04029ff5605ae4653a92871805c449f98af7e7
t2t_L1000_3767	90249a5fc829500dfe1adb73c1b7bf417acbf2f1f3065a7ab84c51e778107077
t2t_L1000_3768	f0f9f3a5c502925da89588bfbf385acc3f885f0827296aed6c389466add87952
t2t_L1000_3769	07773b1ebcf8659aafc07e7b44390769705c3584e0b76039e674d288631ca3ad
t2t_L1000_3770	31cfb52b897e5fcffbd7bc6888c18878cf4ff75197ab2cb8ea7cb2a2f648bdd7
t2t_L1000_3771	4e3b4a5c89ccbeba358bbac110c5b1723e0bbe0fa65055469b84d7c774a057e7
t2t_L1000_3772	ee3abc1d7ab94789dcac69bb56c2c0a6f0408104af81580375d1bf50190e8ea9
t2t_L1000_3773	49f99ef2e535284dac5f21ab7909c88dd388b0c293dccfdbc044d55f69f2845b
t2t_L1000_3774	7c1ad0212d22c4de1d86e325d6813570c338e5ca2b658a7fea33bd0a82647c92
t2t_L1000_3775	cf077efa43ac1f822483414c7bbea02d9dce9320129c862a432d5a37ed5c1422
t2t_L1000_3776	b07020a51618fe5f62d27a76e14188e0de6b4166eabb6c6cd41decee33f20195
t2t_L1000_3777	515e885b09536f51b13765741640d54694689dcb00168e00d0c36e1339bd4932
t2t_L1000_3778	78a3a8dfe0ccf824d6cb9c9365599cc06e1d3009402685720e28d77dc4688bc8
t2t_L1000_3779	5b2b280a9feae7141a15e2f2cbf060dd81c846274e5c666005f95b72f1ad1601
t2t_L1000_3780	f1afc0a0c92ce30dc3bb7089280862b4dcef664e0a261d2c604bd408e7805787
t2t_L1000_3781	7324f95d863253f3d6b1e7914590d65184034b2a5bac19f632b631b3364d807a
t2t_L1000_3782	3acc6a7b4b2f743f8f43db14737c16aa9ee72ea5151f8cd1f37d61c16869abd8
t2t_L1000_3783	f1925ae3e58c246993a86b55a8d21285f5de01877e9063cebdaf989d965e48b3
t2t_L1000_3784	ea9dc2b3758f0dfedf8b906832d9acd5adc8304c1cf091faf1fad5fc2c59a06f
t2t_L1000_3785	a89686c319edfe2c93bfa1531301fe0719f361aba3e74a0ec45fd3696a588518
t2t_L1000_3786	e1b39a4f05dd8e1a383c5e58edc68e48e1df442b47bf1f02626ee209edcab3e7
t2t_L1000_3787	296eb64d7a5770be927d46361c9a63d9d82f1a9440e413ad2dab76aaecf48c5b
t2t_L1000_3788	b1e16cced9c1ee64055292754ca053cb6931867906c7b553d47a21b1e6ae2642
t2t_L1000_3789	874e74d93515050241e6c5b693d8edae58f383e2732937a88e8bc90508815d69
t2t_L1000_3790	ca7ed32d125aaadb237374ed97fee1c3e081f7a7b5a8a8388a1d375fe7b0a2f8
t2t_L1000_3791	bd3fb90d7d0821dc49dd74e8e951a2789374b85a6aa3d0a9cba6441c52ebd64c
t2t_L1000_3792	52ed5385f15db8ae106c4df14f04755a995c53084d0a20be68702e5f9b5708bb
t2t_L1000_3793	573f3415cc3f4748929e188618f515488ef616fc991c18118f1507f31cae9dd3
t2t_L1000_3794	7ed0900be5af0689e93817f77087fa86302938e66e9411e4e31fa260beccbd9c
t2t_L1000_3795	1c0099a3b9fe482719a3ba143016be857cf6c35a6b08040e8f898da0d48dc60e
t2t_L1000_3796	536554f324713c27f0df8b3a0d422e7e8d7a5c8b5272e1a68da155007006e934
t2t_L1000_3797	e6dfedaf356695d7f26a4b91685c36f6348d15410d9d622fe1b7c71ad1b95514
t2t_L1000_3798	1561a72f5c7a1b7427b5d314d2667630891003009c3852fee5718fb97968ff86
t2t_L1000_3799	5ff9a005b72d4c474c2091b0f26c1724c81ad8f2f2c8eee0dc1418e5253b83c0
t2t_L1000_3800	d4b2aea7f9fb5e140bf9ec696daba67a55a010da24dfbcfc221640742cd400b5
t2t_L1000_3801	23c260682ed720ec06ff3630ede0f7c7e8fc65dc01ebc01ee47905685cde46ee
t2t_L1000_3802	d8c946772e35c10e8858b2679facd08edf0db07ad4c299aa77d7451cf9d81937
t2t_L1000_3803	a369a5c3e00e89ca28280e6b9867fb34997a3b4da5841d07e5d1f59f6be735bf
t2t_L1000_3804	f8fbf54701104fad9d27dbd46be53830ec0f8958dc57b24c069dae062a55eb0e
t2t_L1000_3805	2ebee239d1ffdfd10e9d8c29364dc04d2c739bec59ba14dac46642c809db59df
t2t_L1000_3806	6bc03480b9381926babecc41ffb8c58d1b42a4f3053d44fe89c5e08e6cfdf011
t2t_L1000_3807	46b985b9dbf95302f0399bc5c9aeb0d078ab508adfb2485be907522924ef2575
t2t_L1000_3808	4c9ce25c44b095078098cc4a27599393535fef8df00b1ef5ad00867579ed2e2d
t2t_L1000_3809	fa13bd022db41faca387442c7cf1469374bf967ae840fe8e8556bc11e05291dc
t2t_L1000_3810	318ce68432645802a0bc78ef4d29f52aeda0debf725a8d527f4a7eac804c1fa1
t2t_L1000_3811	f8fcd7d399f503a4ba4c84b90a68b75842832b262e0020264bd7c1c7dddf015c
t2t_L1000_3812	eed760ec33ee32920bb4a4d6e387c8c54639c5ffc7aede1acc34117425f6af05
t2t_L1000_3813	ebce871b12b70744cc247850ef54a374ed44259551e31c680fa5694b4faf5593
t2t_L1000_3814	784e17f4bb5c3c1cf6fa880b4796fd5db50737848f29a19e67d86b2cde180ee0
t2t_L1000_3815	1be625c6f36ec86b6fc8b86932887246bff18b89f6920633bad70134ea0aa37b
t2t_L1000_3816	732c4d71c8188f3090a675620149d5ca6fab2acb6b04212c2fe68c36d89304c9
t2t_L1000_3817	4e5718008e3e5b37476fd44e7d85cd53f3ba6094743e09f93bd3febc55dd5bde
t2t_L1000_3818	dd2237a27091f358d3c34b19bc7af4a79e96498303d0a9a7df0cc67f31e173d0
t2t_L1000_3819	f0d7096b2871ef0ba50e7f3023325469297518f47f8f1d181e039a7c70e015bd
t2t_L1000_3820	19a26d51a2973e5a9d519c19b1c715ce781644a3a7b373996d1b3026544959f0
t2t_L1000_3821	110bbc1c73f39cf067af7f65b33524db4bfd5be4f571ac874b6efe3119219af9
t2t_L1000_3822	a27c2b370b0e3665f9c0965df2ca941173cc56ddfc96f282fdecc8e08e3340e0
t2t_L1000_3823	ef1985c8d94835e24d03af6a8abdaa89cc1b24b79555c1505999eb57dbb1301b
t2t_L1000_3824	7b79b2d2469f99d0ac9623c5b0408a3e1db230cfc51a7a6843da2632d5171df6
t2t_L1000_3825	3b1d6c03298a54ea57441cdcc5f0b675e9727d67c4fc81187e3e8fff0ccad99c
t2t_L1000_3826	ba48707630cd127dc5823fdcee12567d465461a8885b474f7409055d22abe680
t2t_L1000_3827	8341fa9820317e6f663db0f8d49c2fc8d80f21adce575b0c3b0de934e0ff55ca
t2t_L1000_3828	2dcf76e4b91790c86cd5aa1e02c49bc0b17c90a9d5382d048d81f2aa37ecce39
t2t_L1000_3829	cec859ef724ddf11f37b839b852685c7ff09887215bd4945fd77968f73a553b6
t2t_L1000_3830	ef23feb27ff48a9c3f83d742912345e0b7ad792879a8e86b5306e747e6472941
t2t_L1000_3831	9cbf49db8461a5c854904a95c8af4615bebe2ec97cb8128858b70defb0390ef7
t2t_L1000_3832	2b69433fe10425d69d14fe1b3bebe0a39213874577c51cec56c57f7609ca6cfb
t2t_L1000_3833	fa8fa5782c385ffe8240fba556bd4043c1035c68385f5af2bdc9d77e51c2869d
t2t_L1000_3834	b443e75e2d248bf2a6f4009c906a80b286c218f95f04ac82117f95a3a1ff9250
t2t_L1000_3835	79f44011020a1086a93f82c52d457886afe85f88bd80e1949b59e1294e4901ea
t2t_L1000_3836	2095b2446866caaac319ef73b9a4bfdab9cf6cd618977a32f947eac696af7d61
t2t_L1000_3837	d1bb8c7f0dc3e115078dd026538876266c6937d2c5171b50ac09656a30a2fb8f
t2t_L1000_3838	db05918e12c480e9734d17ae9c3f6b21053f1153c68b464933eeb60632ae2f23
t2t_L1000_3839	9caa2e4f3beeb76d1e8a16ffc7e13a5191ed748bb29aa5d2898537b074b3ecd0
t2t_L1000_3840	b566aaef38821e4c0b9ef4b891313625471a9220c1805bd9957f7eef6f786acc
t2t_L1000_3841	d97c9ccb6ee1c815d6ed556fd33264a7b948a33813cd0bebb7c95c57b736cf8f
t2t_L1000_3842	668a682a0b7658e135acb4a35e9ecad0b5e47da883605613b1118c994ada6c91
t2t_L1000_3843	8f632f2c9d2f06633ba21787cc8448023749813b17c5754c864f4cda680e9cab
t2t_L1000_3844	3901ad7fad754334da3d7b84c2d9f17667eec5563bf3aab06e512245550480a6
t2t_L1000_3845	24d438ab90862452641ab2fe79b0cc69896655e4ee76af17070c85c85561cec0
t2t_L1000_3846	e3fa51986eba7de4058e0095dc013e1c2bad9c453d2e84dcd4b775da44f4647f
t2t_L1000_3847	4c2b5ed67707a5c4d4fe182fbc2d5dc0dfbaf67d442fd3ce3caec0479f822451
t2t_L1000_3848	91591c9068f2a92454fdebf91a95b8922496ed5fc95f7ac70aff37615bf0da3b
t2t_L1000_3849	cb9ef7b408c3c8e698eced641b6cd90d6266dad2c101d18c2541035b3c11a7b9
t2t_L1000_3850	b85481c6ebdda3a70c57b6c38d947950d78111d651e5ba1f0d21ae442e5b4a8b
t2t_L1000_3851	cd24f2699d03b1e392aeb831626369a21440771d34422801db1f877bbf248945
t2t_L1000_3852	6aac11cfbdc07b6a057319b5f844ef2addb0fd9e185cd5fd3e1b11e5b1251818
t2t_L1000_3853	c8fd6977153994b49fcf569be701117405601c52cd9ce57e7f0cd515f7b3c494
t2t_L1000_3854	0526474c06778c31695195439d67895ed6fb1933b3baeec93d7378c4530e5be1
t2t_L1000_3855	f1a17c7d6977faa5be2787320c5d7888351ba27d498ab3e1b43184ab8eeab825
t2t_L1000_3856	6ddeb166b27573d74234b3536ea896db536f50e61b2a41e1e4eecb73e174dce1
t2t_L1000_3857	2aeb8647ff9b4f4697707f2c340e222fa049c63fd45d92260387b1b07f7b03ed
t2t_L1000_3858	2a9e7483722b4ac9cf8f4dcb04505b5dac7df721388f2692da1e84c85888f596
t2t_L1000_3859	c667bdf47d9d19db7e857d3bc362eb5c05b94b97b70b9f0d444f0daec27117da
t2t_L1000_3860	30fdd6b921e9edcbcec4a1dc9ffedb3fc00efe197fdc1c07e8cd33ab21cacbc1
t2t_L1000_3861	9543dc162c66c8a40c9257a18cf2b18b919a1588a7af45cb2342745c7255b3a8
t2t_L1000_3862	6f37b1cd836f5a734ec15089dca60d7297f6306318b43366c202e05021ad238b
t2t_L1000_3863	60d58e68e21686661071dbe30fd61a3820c8c42d12a3db4e0fc78a5cc8714b50
t2t_L1000_3864	13b06a048f39667c7022f869f35542a1b0ed417e0ce30d5296ec8ca0870b85aa
t2t_L1000_3865	a90ffb9db5c6709e44e1cfc5bdca340863116d305a93718272d1fac925c2ac8b
t2t_L1000_3866	1b431fec893e408fe26e536e4ec7bf74a4f3506283b6a9932a4f1ed46996509f
t2t_L1000_3867	10db01b835a37c80099184780d5fb20b671617b00d6e526381ad4c64078e57c4
t2t_L1000_3868	e8980a31bb64dd1894d24b17557763af2333bb6fa304acb2171cfd9052ec7621
t2t_L1000_3869	99a3a85d4fa22bfe4e21f06b65d5e2b825d4db964ea3de6b81f55c99c9a476d5
t2t_L1000_3870	2c7a4cabbeb8fff8e1c0d5a9495a8932f6a63be0cd93a17fcd121186a429be2b
t2t_L1000_3871	c9de5aa682efada625a39c0061ee049f3e269326e3d7984ac1f9ed0cd1bd3ba0
t2t_L1000_3872	05fb4585b65605c4787c7d3849968dd999eab42c041d8c26e1678201e5da2103
t2t_L1000_3873	e6147fd47a471fb34aa615ec4b19c61ad526bf31db5ad29ac6b4c77af735ebd7
t2t_L1000_3874	90b2cd116ccd411babb1d38d4549411824699c8af188508e4d9e7ef32d41df8e
t2t_L1000_3875	8f0f78d63202e746f58026c0e4ea4cb7f0ec8fcabef38a25699f060b6b205734
t2t_L1000_3876	24bdd439ae8f8fa0d8f2c3603ea732bbd13b7aceb449e7e5b946fccc55a77cc5
t2t_L1000_3877	84bebeef72aca01ff8dd537e4b0ee8c16da58527d958e2ddcdc7eec0545b12d9
t2t_L1000_3878	c6de18e9d22d0756d35c8ff23a8af0e6281e9225f3acde0b1ea6e39a0e15737c
t2t_L1000_3879	6ea3e6c4ab1b853955443bd56dbade5106e9b77e03abb29119d28d9bae4cc359
t2t_L1000_3880	d4983ad5935be8347e74714e208057eaf51c640ba641e9ff87953eeee2dd5761
t2t_L1000_3881	e5eb73eed4b46b35138ce27b0f0a5e6d0c822cf97fc647e334249a8c93ea0bd1
t2t_L1000_3882	a99b39813680021a4eb06000a98e7659933d66bf7901cf658b5f585565c2f6d8
t2t_L1000_3883	f64241d7d81952a60e4c218c6bb5b691ffe35ef00fe4036f883c7f28464efacd
t2t_L1000_3884	ae47f22134a4c01053b04b1848874c64bb8b23d07b2e78d6a9bfedff1576efb4
t2t_L1000_3885	b2c55ff455bed9ffdc2c8c1e69e542c4c4ad95640169b1358e6404e2eed71354
t2t_L1000_3886	1ff4490127ccd771de063a16b430a6819ec14fc036bd2ebcc7a9e4464e4324ad
t2t_L1000_3887	5e63a3f1a3f9a7b28097496d4b71f74ec5b93cf4ca461523fc1d44571857a74b
t2t_L1000_3888	1d1653c171b01b1b531e8d05e187efdb07301e6d226288345f2cbdb830eb7da7
t2t_L1000_3889	e05b42cacc8dbef14ee35784815af9be3de26074ad568d476e2a4b4e001aed80
t2t_L1000_3890	7fa407542f5c0bf5c5890afa608de7a02e761c274cb80c084c5201073d713e5f
t2t_L1000_3891	5db0f14e1d9a9e60f9246fa0c14ae6b9a11bc565ceefc532528777091de04f56
t2t_L1000_3892	c6ba996377e1831289df7c7d202bf2872a85f6d53415543fb89a84d7bdf4a832
t2t_L1000_3893	872bb83b86ca724299cccd54427c5e59ebab20b2e6cd71d128cacffda8f68d0e
t2t_L1000_3894	183051d7922800e38c30ae09884d0ce41469cf4789a0c983fc44d37ed6779208
t2t_L1000_3895	1bf5467bba0c9906032780175fbc4ff800f5662cbcf47e840c4aaed27371f884
t2t_L1000_3896	6b6de555db7783d9f58b725763e16056a7119bbf5d4fb16fb4f4f462833811fa
t2t_L1000_3897	b09d56b82c6ca01a8818ff2eb7b20810201cd3fa9fd21bbca1ebc966dd7e1159
t2t_L1000_3898	4a8ee798326dd6544e7fe858490bfb8b6db725ac7dc1fe34e85ebf20955c3795
t2t_L1000_3899	8a08f4b8a7f27a3c67f1528891a1fc231a9ac54548321f783f168b54b4f32269
t2t_L1000_3900	9a5ce4731fbc3a88208cfdacde20891bab58b38fcf753306d4b0bc905734e895
t2t_L1000_3901	3b87866379173e877b780e7740ff692022503bbf8cbdd01d5ef068987ec0e4d5
t2t_L1000_3902	de0bc809a689ac1643b38087c93034e87a3e21dd762f1032d39247ffe2d9e50d
t2t_L1000_3903	ebf5be43cb4f80abee5c8b6c5316e28deee59420c3e1ac63aa57fe83c3756e92
t2t_L1000_3904	52b9d12fca66fb3a34fd613bbbf4dbd60dd2cc94b7c5bd4d7064f256f1fd5153
t2t_L1000_3905	87e29553870615053fd088ba3cc039c282c5c409b2222dbf83ef7bf51d7564b1
t2t_L1000_3906	d679542f07d9c359aab382cc823a9ed5a870631b7e6cec3a995d95469edf512b
t2t_L1000_3907	bdce5dbb23d996c4c527f267789c6fde0e29c470bdaf39d5f6ee7c4c43a05fa4
t2t_L1000_3908	c5a4e588f8b4df96167f9349e1b98100c2c1b70bca9cad52d8f2345acc2b7803
t2t_L1000_3909	9cf7cf431795d03c5856df7730b3e00602c716b5ec692fbd67860b9f3b1f8e85
t2t_L1000_3910	7f12c095f01020a15eb8dc304c63e8e00337fc016dd49cb4f6009ac9d659d65e
t2t_L1000_3911	b655fc51f461830c0b84e7835ddd1b090d26be192e5fe35f47e19acd8e001e4c
t2t_L1000_3912	ebf03800ced274c167045cf96211297f66d2c3d461bd83085e62db2e553b507d
t2t_L1000_3913	8d0a569a634d9bf235906b9bc97b61329deaf51bc6a1773d6b3169dedc071349
t2t_L1000_3914	ef322bf29c922c79ec1e0f0115907d4a98a943b4ad4f6df8361ca498bc4a6767
t2t_L1000_3915	3f58ea5a47c6b2e063c54ed22b778c6c82df58d8819cede015365ae81eb848a0
t2t_L1000_3916	012a26d5877c8a3006e2cf303d6fd76950f55baf466aefd420423fc9df1a1e09
t2t_L1000_3917	6121447baafd81c936594f4088b6d2acb55c2e6f65170ea2fff81aa059be2e19
t2t_L1000_3918	83987349c3f6b687cf7da7da562332207bc4b6d169513e81df69be53a405c6ed
t2t_L1000_3919	f9d73a8402ecac2a939e81ee880da8f4c9ce3ef2e3b8c92a6f73e2df48206be7
t2t_L1000_3920	028b6beac7b59fdb4eb2afa29833b20564b20c26561e72bf43fd5a9c0c87169b
t2t_L1000_3921	5fd2d02f3560255e1e1aaeb63658cb0b0f14dfff3b15aa13380380ba0e48703d
t2t_L1000_3922	521be6e4b74169a555e953a8514b35a0b5c2ea594538169fadd3c04020ecaddb
t2t_L1000_3923	a26765349282b4b9850db2c8a9b2c79f58283a74b2b0369768507da2d821c802
t2t_L1000_3924	d2dc1b178a7e2b81e2f518001f47dc22bcb9197feb95ca9f03adf9b8a783be84
t2t_L1000_3925	c9c27b06e0cb3d42abb22f00c5e101a078d7dd3c3a9de24aeb74b27b1f5d7f6e
t2t_L1000_3926	6a4a84370127da18a6c7ee38a8049d422f79e3da2b1fba27f7bfffe559602e01
t2t_L1000_3927	ea74fe670d06db01a239cf66aa91e59911adef5f431e3d872c69aa26ef48e4b7
t2t_L1000_3928	f3b5bf5d5cf862d75db1af648c6e4548e827b83d9e08bb27f477d62f5f07eaec
t2t_L1000_3929	8b9946c7bea139225e700072d8a8c11d8cb26dbc06be91f76a0c653bf0605107
t2t_L1000_3930	f6a236a1dd2ae6f798b25e7802a1cd1dbb1aa4a760538e3927de7178c4019683
t2t_L1000_3931	f9a8d432defec412480ea4f066441bb71bcdb98416007d67debb99e54056e3b9
t2t_L1000_3932	0438633e2ecac7d2d0d228d03854edd26dae3a3cd0608bc87f4440f8886dae44
t2t_L1000_3933	84fb02c20f63fe36d4e43bdda5f3b35522f92620b3e0d59886c9428820d67c1c
t2t_L1000_3934	837596e70ec9506624a55abc33dcb7e7696a0a378747b4c947381869a5ad71f7
t2t_L1000_3935	d54f4c6e861268d1eb0559250b4156072c5ccccad402a06bc6637fbd6f35a179
t2t_L1000_3936	6c65384e07e791c431d6187dbb998f2fad37d6b0332cef742fac4c7c3d0a785b
t2t_L1000_3937	e5116c6daed327f23419ab741a2908e44f7630949375d7ac63c116b35cb0465f
t2t_L1000_3938	08c77ba25ab89a7f2de8e46d839529d353de073f020bcb846574befbc9ad46b4
t2t_L1000_3939	1e4fbcda8e1ee1f919ba8fb640b79b2f8780d9a9f01d6bbe8649a79f6fbfd946
t2t_L1000_3940	49d044abc050477d226c1ade7966a7af8afbd5575b1f06cc9fe695be7d8c1fcc
t2t_L1000_3941	56f02d3dbc296d7c46db605cace267cbaf0f4eb4c12887bc14ac9eb6010113f5
t2t_L1000_3942	ede8224d96e772083e943ebb594fce1ac0daef541da71e87e26ec3ffb28a5d61
t2t_L1000_3943	06c4c967cb8b23559cefd8ea3dac276ca4fde1ed618b75ca4db972462a644ea4
t2t_L1000_3944	b7719ed53fd7c14aec4a7a02adc7fbbcac4a53dbb7056809000a8b2cd781c60e
t2t_L1000_3945	bba16abfa0d57cd20e721ead391cf0b6380abc218ed53fd30e918bf02cd600d9
t2t_L1000_3946	d25b5ccb9187003fb15f5e00e0a896d50592434a65b8db772fb8d810ad0c5c9c
t2t_L1000_3947	2c34430232243883df11a44211f3033f56545b988f39d10e9564af557596209c
t2t_L1000_3948	8ff4cc6d714d9d5bcb2c206f24c0ab544d9beb4c931042a3dae9a8a55687bd3b
t2t_L1000_3949	d294c6b93a3dd4835790499f131da1248131cf016fa2106f4fcfed965a216225
t2t_L1000_3950	971d8a6da8362ddb6366d89ec3ce02905cc1b35f1129b1d312a38d8db67fa68d
t2t_L1000_3951	caae5d6211475474745897aa825aafbe68aeda3847c599967f7c3b21795dc4ab
t2t_L1000_3952	01e12254dc953123b46b191284c2b2cbb8ae0109d55f5cef6cc42de40aa2d6c5
t2t_L1000_3953	754ebd73822910723d920c459f159c0bbf5b4a3eaf65ebc626991c6fc9b1e807
t2t_L1000_3954	7c19286a67557927115aeba1806419c5a8846c5335ce79067ac83fa5198ef26e
t2t_L1000_3955	b7510baf502d84e58741fea2129ccb2a94f7ea5c1c6609f2f62549b86b8a6cb3
t2t_L1000_3956	14e935ef0d5e7f6428d46f180b08cd0d9e677026e2f004246c94bbc77f7ecb72
t2t_L1000_3957	02ba925fcb3e464d6fe53f8dd7aad3a156688f37597b40163eb709924ac43d78
t2t_L1000_3958	368c24dd9b62fbafbf514860faeee94e57562b214612359d8924d18d19b0b5df
t2t_L1000_3959	4801a0ed84629f3df8041acaddd7e90aa46309ee16a324e67f26b574b1391d9f
t2t_L1000_3960	e6f51a170624eeb41cda078149082c728f8a3654c99ac9cd414e702145271fd4
t2t_L1000_3961	b9b51376f8fe4a1e16e857b02a7cba964475596576a475af24cb0e84de5b5d02
t2t_L1000_3962	792c8d496941bb22bf8ab9155e2ab2bd2c5fef2797065e97d892faa28a46811b
t2t_L1000_3963	9f418a15bb4bc58241ab14faf805f8018a9b1403e4433b54b59588a2647ea293
t2t_L1000_3964	128846576058bfe6f40148398f73dd7b3361b6d6bbeca697749c13017775fde0
t2t_L1000_3965	bf6720691ff2f5be26e296da0ed943d3ddf92f412a033637378a2c62e3a10ace
t2t_L1000_3966	48f8977a2ba6f6151808b75558199baaa2e6b3b9e4e9d6d41bf51b4c953a45d1
t2t_L1000_3967	b03b38ff2f154cda56cf35e64384d9256e659d6b643c742fc58114cf819b5829
t2t_L1000_3968	0ac54cbcaea2f2d1e133ef6cd1b994f31733df0381f7cca0a04779ab2bb7442e
t2t_L1000_3969	5c0282f5e08d99991a1d205f8aefaf800e8248965b5690a2f3fa6c506efcc564
t2t_L1000_3970	b5ba43a8a8def899869855cda36049ff2f9f2497a21815b4bcc57d9aaeed475b
t2t_L1000_3971	931e7aee91b44ad06629faa807fd70d47243a39e87d8724c02676c4d69117174
t2t_L1000_3972	76b59f533ebad06a4e18aaaea5a264f9c76ffb5ab9edb408e9021dd53de3f629
t2t_L1000_3973	3ac57d35599f5ca3fa988517b1660dc4405575ff7e845917805972cff6392ba7
t2t_L1000_3974	b56546b821fc838e1ef4c71e46aa08c2e83bcf7305928ba2776020aa709d705b
t2t_L1000_3975	9a00d005a3588e26bf2658ed8102e1bc7b058b0cfb939ed6ebbf793949b209a2
t2t_L1000_3976	19454e90ad45850191c33e947bee904ad1195f4e5568a57d7983b46c88003b09
t2t_L1000_3977	b46d7b2210293cb60c27a45440f861c530f3dbd657840cef6ccb6324fbf40a4b
t2t_L1000_3978	7c467079bf800fdd801a92093bc00f64c205109055248e7694edb3447b36ac81
t2t_L1000_3979	50778fb1ef12fc28d2ddbd5d1634f31b82f298cd435b00d8bf1d34df2b004acd
t2t_L1000_3980	c5983c567a73dffb07ca3d8a2dc7f52f87fb3edf0902d77aed32538d8b6912c2
t2t_L1000_3981	f31d40c158c786352f44acbd28ef184d985e417524d665e452bc82d4736dd0e3
t2t_L1000_3982	b5ddcac958f5e1c67bee550012f77c6573e105a2140a3051ebcc755887a674ad
t2t_L1000_3983	c76fc603aa9a753b11066cba84d497f711783f3a371e2ce5ebbd3cb413024604
t2t_L1000_3984	593529109a26ad66438c30d79aa703c8c9214b43963902e9bc9c9ec533aebad0
t2t_L1000_3985	835f731d5d04417e3b80c98646cb3d371c80f7020cea538a9878aa4a7f4519fa
t2t_L1000_3986	cafbdeb1b7a46f30176a0af14c9090b17541ab520418613766088ae87d22965c
t2t_L1000_3987	f0fdca66ce9ecf33c385e231b886c0f81f91170abea15015923f015fe67aeaf6
t2t_L1000_3988	2334525d467e6a33cee3da00f02693afa36438f87f417469ce1467e853426d4f
t2t_L1000_3989	09977dc9393202f7a11572a9066a1f78daa2368c5035aad1c01c6b91637eef47
t2t_L1000_3990	af783c381fdfeb6ef88dd79709bdba3a524236df2eb67aa66f325160e9e3c5fb
t2t_L1000_3991	50f15f407c3567f62f6fa8c138d80588b8c282a18e034635f1f482f7f61f7674
t2t_L1000_3992	112272c310a694040e98d763c1dbb04bc7a72182d774b08bd5d8caeb47ab25d4
t2t_L1000_3993	9c1a2aca7bf09ed2aed13c51dce1ee74131701ad952995a5213f57e2d80f99af
t2t_L1000_3994	12505a1a68f7a638d0586300116effecae465a03dcda78ca1159dcc6b9d4f2d5
t2t_L1000_3995	4fc84dde36e811c2b088a8710ad7131ba14c0cf7c48f6536073a32d9c3cfccf6
t2t_L1000_3996	71ff1ba268eb261b413e7141928fb90336133693e4777bd1143578bc9304c579
t2t_L1000_3997	6f35e35222b63aa3cee016331f2621967c621ad483031bdd7a87d70a10b1f578
t2t_L1000_3998	6267f828c46222d47be115c3c5c6696870e6164c00af61e804581b1693ef0826
t2t_L1000_3999	7e8e1ab006af417394cb179521b0fe9448ebbe52ca88a50d484b7333459010f0
t2t_L1000_4000	1d4acb8c33a113c8b34510c24c88ceb4a87e2f5569ad581237a0ece5da718089
t2t_L1000_4001	2aab033391c7ad73b3e706e4121f500a0ca7a80bccd1547f4748ff1e77f9d14a
t2t_L1000_4002	c5446b06ddb24355e020cd963c348e110bf5bc6532076d223784e76df59c8fcc
t2t_L1000_4003	a6204544db4d066fa2b9397491e5c87dafc597da3febf4442e57c943befb2efd
t2t_L1000_4004	8964b9a39b5c18e7fbd6836875064bf37c92e0aa0b5ef1e97d2d3eb1a678acde
t2t_L1000_4005	c0782e3202c3255df6fd4e6f2af8ba566d59a4361938cf09c7956198a544cb3e
t2t_L1000_4006	63f096adee77c066424d73c9b56fa9b7fe4f0fa74b0876844763cdd3bbf0aa8e
t2t_L1000_4007	5e774182bc4615879ced10f2f85940648acbc423b07319eef7b2c4af12c1e4aa
t2t_L1000_4008	16ee9f43dcce8233d41fae64a2fb5ffee694dc9874d5ec4057f5ab344eecbf27
t2t_L1000_4009	353ea1a8cc57607f755d2e679c3225677db2666c077500eef6a5be1ac091fe89
t2t_L1000_4010	b277171096935fd627c01016d3083bf2ab7eb80dbc16287545ed4564e76e2a09
t2t_L1000_4011	400e4b53e2129b264f2fe7505b28291d42dc1a258e39306c7ce1bef77e4d08ef
t2t_L1000_4012	48962a7f39a60b6ca204d02acff93a4a426f0f109f43df4efc51a0ff520a43ac
t2t_L1000_4013	55027f2cea6a7da192e87c28ce60563cc1c5ed1cc3567ec9e0ad8968327a91ca
t2t_L1000_4014	4e6a27a5cb61dbd6c4e1948a972b9f5e9cb5fda311aa3e5c69db79b9ec66a0de
t2t_L1000_4015	3910b76e188a801c33d8d862e527e0789b84b69e316721a29705a159569d68ad
t2t_L1000_4016	8b075bae87ee83f8fa6e6484fd05705c3d7bfd4bbe3725ffc2535097356baf73
t2t_L1000_4017	d80d2df1101007f023ce8bbd27085202b9865e9ae108d2aea29ed3691247169d
t2t_L1000_4018	ac022222a2adbe8eeb8db1800b3eb3f26329196d1b713762286cef98b19ff19c
t2t_L1000_4019	8fbd07f119020fd538202ff49e82f9b7c4c33ff753ab30adb4e6d2f333f3bcd3
t2t_L1000_4020	20dc8643000e135f0b7fb74340ec4b47fde1d7bc852d1203d85a2fd0e6351ae0
t2t_L1000_4021	38c8dfa296ce58f0f2a8c729d89728a88cb1dc6ae6eb175bce64fe27ac3ad181
t2t_L1000_4022	661ddeada3a6312a89f41e834f5e3d511ac3b636148711351e247424f94e83b7
t2t_L1000_4023	54d4d80f10d7e796e614806a6cded44ad3a88f0701512180c38fafba6003ca0f
t2t_L1000_4024	e6cc7a72a72762b6e1b28968a650b38848e564b7108120c058624945a8fdc048
t2t_L1000_4025	d7972fe122b009f92cc2045cf61ba68660ba18595e0e3694a34f1f000fd5f0f7
t2t_L1000_4026	b34218d304b2e3b697b0b545c07781e87526fe03801b8927cb458991d2fa3503
t2t_L1000_4027	e811d820529de56f2d3e2f73baa2adc255155b66ddd4a330537a72abb0e3c2c4
t2t_L1000_4028	c0a5dd0e90c02c57954c9a151d1c9fede3bf3651cf6ec5b8e00b8c2ade9ea231
t2t_L1000_4029	d86aebc2d143ea6dd97455dd382a4217d0f83f51d5573818d85beca18905ce33
t2t_L1000_4030	82c680f62c28d6881ab7596a65ff85a98fec26de90c669047124983f9a0dbc6f
t2t_L1000_4031	9eee80d1ff7d5e94e77e67128dea0bb90bf40ba0ee86c0e912ac55b5eb32b78f
t2t_L1000_4032	e18f86cb1ee6a695ed8c59c420f64d2b4c5482592d325bed64efa1ab913efdfc
t2t_L1000_4033	b1dc554ab8b989070338eb68ac806185bed59a2e9402e3344ff7f6f20d9ecb10
t2t_L1000_4034	bbfed2cf2d9ca69157d9ea92115b1dffbbfed4b40114311bf87b3a82987f9e55
t2t_L1000_4035	3e8d552b3b31aafaec84635b85fc710f9460d28cb40ca16d081ce9d1f7095695
t2t_L1000_4036	8e3866a9cf9f3fa28e7b1349ebe0f01e36370469ecd3e62853978dc636f742bc
t2t_L1000_4037	32adacc7cb3169a6c745efc4b589b17b3abfa380fc153f893159dea031ea2d31
t2t_L1000_4038	11cc755b7ea4943badd41bd58c5e8e41f293aec4bdf7dd6f025e69393f2c6f63
t2t_L1000_4039	f73d5f711b08f82a79d49c4ebfd6ede2f1025b0c51d90b28e979fd5b97d9d6b4
t2t_L1000_4040	edf9ceaef40503b3855ff5d0e20d7f958f8d82dd2afdcc73a8256ef5ff69dea6
t2t_L1000_4041	4c1f22c1c08bdfb73e73ac799aa9d0120389d83f2e936eb0e95b7791ec48df0a
t2t_L1000_4042	e64cc027333a3176106ca35c6d783ee264b3f13a57c9ad6a794d7de927ecc4b6
t2t_L1000_4043	b5e24568416993c4c4290e76750b1a83def21b7b5f7f6fd5a6e02c044faae3f5
t2t_L1000_4044	17aef60f502831b086a69df1189444257d05c541c773ae96dccd70ba4eaf1551
t2t_L1000_4045	970fd48da812bc3bcf8fa2d76cb4f8109421fbc2246141b6340f588afbf1c66d
t2t_L1000_4046	2d8b63880c6c5f5e4d67d9e11e02fc848f633061f787b4c5a5b1e19f16e553aa
t2t_L1000_4047	049db62bcc005c7278b8dd76c6348e8eb165d2dc5134ad3a1eccd503211dad59
t2t_L1000_4048	06f370198f93e1372c699a4d93660af230e8a1b1ff58c88e9542470a4fd7b80c
t2t_L1000_4049	5b842ecf540ddf10b7792c855280f25b62f394afa84ad1ed481b77379fcbad11
t2t_L1000_4050	a7cea4b6cc954ec25c052dd1ebd1f9239f4b0593c2881efb2570269221a25942
t2t_L1000_4051	501fcf2ff1e52ad94b4c416c446c6cfa0a8de6f5b63e4ae13a76931e088b0547
t2t_L1000_4052	d0dd2d50af5002e0449ebf9941ed7efe2f98a0863b96a3386c8791430985b35e
t2t_L1000_4053	6f4c46dd1dcb05b4ac14edad03311e2ff051f56336d3f3696ac52a46fde3b92c
t2t_L1000_4054	6d7b2d0731dc4ad3fc2b5f437253386aba2265c59e26ccf7adf3e4631a53b241
t2t_L1000_4055	1421400bfbcede37807a1792055e32fe46dab968482908f8a5ee505d8406a884
t2t_L1000_4056	23a4efb11b789c938e917ec4a8b3d7af446f2151bfdefa213ca21616d876770e
t2t_L1000_4057	534ede7405a4bc453552c7e07c896842fa6f1a27e97b8784d2f2f9126ce172f8
t2t_L1000_4058	c2051435bd4878d24553abe5140c1a7e9d5dec64a68d7ab89c4e5fef1b8e8381
t2t_L1000_4059	1edff386e4c0caef534d50b8804deb8539054be9dad40b7856a1a430a1bb8baa
t2t_L1000_4060	4975a356faef794cfe153563232dd414c7966ab5a0552546d2fed4fa1f056d78
t2t_L1000_4061	a24f3639d172e9039d057eb7713616d4ed74a5d74021815a38309d631246fc8f
t2t_L1000_4062	976187c8dc769668d72000ea01c2e3d5554f880f953e96d8ca26324d3367f001
t2t_L1000_4063	5ff41433f01704a09693758071910c98d94ef9830373fee0e182827b00dfcbf4
t2t_L1000_4064	6d741173cbaea65f58b61e55ef60b2570963cede916b9e07dadae22024e1cb6c
t2t_L1000_4065	1264524ee18672b8c8086a0c6f0ae798e03d29e0176c739bfab393b368a503ca
t2t_L1000_4066	b7778bf3eeaa9e1908a4b9e6a13b07fb92a30d8ca460a57ff0798c1b7236a423
t2t_L1000_4067	fddffae156f24cd770d431a9979f44e257d43d8accc5597f088446dc20c963f7
t2t_L1000_4068	e1fe5b06b674ad9310af322f98cf4dfcd0af68354bef2fb96ff9b72c73bb5caa
t2t_L1000_4069	d0925115454e81a360c0ac640fa857ab16a6820a3ff969bac2f32948453ddbb7
t2t_L1000_4070	2e635c844791f18e8ce4c40fd67b21ca46306a305cf530f6200e0ee2eac1b881
t2t_L1000_4071	b5af0eb1d35f81dd067f5bdf03a501f41d56b1970205ce73e119d23197fc8b59
t2t_L1000_4072	211ec03c66dfb87fee6b3f063eb3b5ab6b4266e5f42eb28a60bc62a92479be0e
t2t_L1000_4073	32c51f8bea915c1cd9d9c5c615572df8a039fa04492a17192017691bedb40e47
t2t_L1000_4074	c3fa693a6515d13ee4b675696b1a9cfd19e1c1a3e97b857cea25bb7e90aec78e
t2t_L1000_4075	ed5bb7275b8be79567b36e92d7bdef46f1c2faf6f16a38d7de84a0286924162c
t2t_L1000_4076	cb207be91fc887044f2e9018cce0cbf13b1cde64fde445d9071f0596b0e3b093
t2t_L1000_4077	d96d8b24094e5c438fe099cae913d307606f2f02dfbc28779b1654ba11ea666a
t2t_L1000_4078	755b7153a221e8773b5c366980f5e099fc64d420d8a1f32029e20dd0197cf23f
t2t_L1000_4079	10a8de425ea8549e7b5db73593441a54a02d30d1d29198fa9624ff9978ab1430
t2t_L1000_4080	9867dcaef0fe9d97c4ddf8337c95f591db1882d1ca4a39fffe8e87efac4ba349
t2t_L1000_4081	de14175d0e26a26a22d117ef903656067daec816292237d2fcd054e6be667a4c
t2t_L1000_4082	b47884f5b0277db95f133d047581dbc08aa4dd6895f20beb882af4d1d5106660
t2t_L1000_4083	8e1eb09574381098647f6168d6ce50763a91079db739ee7d079f5a9f5869bdd5
t2t_L1000_4084	a614519273c07c143b115cb0d18e75a532a4e2f8f4fb5f52dae81b67a8171191
t2t_L1000_4085	feef359de12cd3d8bc02f0ad34fe1df41b2924889e3ee0fedef9d51a3a3c9c65
t2t_L1000_4086	56f82ca6e1279ac708d751f2ee13a8ac423966a5dc0da5a19d6b9de8693101da
t2t_L1000_4087	d25038a566ee0a13fd4bfd556bda4e8bf3356bb19a55155234999a813eb7d44c
t2t_L1000_4088	d3d0add029b61d1f347c870e04755aec8a2d6f2a32a3f17c768f4050c8a9e611
t2t_L1000_4089	02e218091c0d1d52a701402593d4933bd3635efc8b130c0841d197d99179cad7
t2t_L1000_4090	5791bd6a4e1e1532b2b4f6e284c82bee3542e5db896a55a45d0a18b7c8b10589
t2t_L1000_4091	5a183b992499533a3a105848c26ccdc3decd5c26420bf1eda34cef7ebd7e992b
t2t_L1000_4092	b5d1db597bb104bf52b6175ad2d71815ae3ff2d99bc43885b483f79d639de590
t2t_L1000_4093	d6f77f25d674a47d9677dca89f7fd8107839121b36db38e8dc124c13fc7e852b
t2t_L1000_4094	a62936152856570b9ae1ecaa171f77bb2fc33d114c0b6358cf5b7db60a53fad7
t2t_L1000_4095	5e25bb75a969946c69cf0e3b9dca93db5402c30cdd72d28a5775b0a90a75e7bf
t2t_L1000_4096	8d8bb3c7f4c01dc966f442eb09f076ce7b9c6209c291429b883edc0cb9290ad7
t2t_L1000_4097	e4540381243e95680d896d5d76c7df0f71dd3dc20635bbf5a2bd84abbb9d0c93
t2t_L1000_4098	17c7a6efc0db7736bc7263cbfa307fd2b7c2838ce2b8dfb5937aabd13055b58c
t2t_L1000_4099	c77402ee3bb49a7f1487e2f61f9bfd5d1a01e4dc540b0f1bb337f38c95648684
t2t_L1000_4100	af65d4530ca73b84afc9a61a2b8798950d4e2d4a069330bd5ad5aa57db5d1dd2
t2t_L1000_4101	03c2f05382b176a6eb84194d9edad1ee7016ace0873bc3f3b6903d6379001ce2
t2t_L1000_4102	35c0d477f473bd4b92a255d51a36def6e40dfaa30d755e1b31fc055253fdc252
t2t_L1000_4103	417e8ab7c05592bc16e946b8f7063193e712912969252220f54370c9aaf87421
t2t_L1000_4104	59b1b8b5253b457a2a7e12fabd7dffd49b317a18d3da7c1c852e9d2c66125d0c
t2t_L1000_4105	9fcc005ed084d4c60e4e0a928d4b32642ded428c66db482e842a25eeaf20708c
t2t_L1000_4106	ae47517810c9f7bebe17cf9236611c574fb9ed11bc9bedd122ab58b4653395d8
t2t_L1000_4107	8a07a779442afd405f481c934cb355c592c711b453f5bee3bd30f2d8f16c8e93
t2t_L1000_4108	ddb3510fe7241f1516844c40c93750305d408f343a6c39c9822619c0f2776f01
t2t_L1000_4109	80da9572d0b7bc4150cd8f68d9b53961b7b3ba406f08885628732356ca9af5ce
t2t_L1000_4110	76eb7c3dc706dde07e8caa8ff17df814223b32e2524fec0cb1b60787edf4b46e
t2t_L1000_4111	d479ac063d1a711c4537a10bf8b1b6f277b10bdf38dfd5e56aef0c2471ac2397
t2t_L1000_4112	45c9e82e858e705812b9ca793406d33b411bad54d84ad88cfb9ac7d2ec7b20db
t2t_L1000_4113	e7a31ab3fba15be63d4c714d4e49f21884eea05e82225259c3c50b2fe3d8da47
t2t_L1000_4114	da30c0ef03be1593808ad20e494383d377686298d895b27e56469ba6453c82e8
t2t_L1000_4115	b1a26c268b70587c41f22a20b2a0bcb593ec76a4b85b63ee806de059513f79f0
t2t_L1000_4116	ee32c7c82458f839bb06a4fc4493192f5c790832af77f9315d45bb039556b9df
t2t_L1000_4117	cc2ac469504ef986c43f165d897743100692a157f64ae238010b398a997d843b
t2t_L1000_4118	952efdacff25aa8b34bec957b550b4e656f79e65e60656a25fb931250e61e663
t2t_L1000_4119	656c3df3377d539a82c816c4b04003eed2bb90027acd351e647524c53c92b3ce
t2t_L1000_4120	5277f2084e71f0bd332894ee36395d58a76e138e2d9e339d196976870b4f1444
t2t_L1000_4121	057fa2df47152f7d6f86bcffe3d9fc2a312ded1821cb38b196fe471878d678fe
t2t_L1000_4122	ae0e3b21c9d8a776b91ee9b41c39c3397044d8661f5c2f60993da830ce0ed813
t2t_L1000_4123	e41d1c755eb799f37821910c405505506156f8236f728678b4d05ede08899569
t2t_L1000_4124	373fca9407ef7c7d9360872ed315542ba9d562cbc0e2e1b4b0fc6fb94c66b18b
t2t_L1000_4125	75df919be137c9adc928f07feb0c1906bec245c617d5cd8f537fe1672dba909b
t2t_L1000_4126	948b8d0fd9149b01ba03f18819e635b7fe2c0a18b9aa6d7fe1cc23b6d6c26caa
t2t_L1000_4127	30a6c818cdb3c450de4777b1daab5a860291c8868a6432663de67156d33fa569
t2t_L1000_4128	f274a7e0f3afc839df91e032ff5907f54d4b6193acc59630a7a5b9622135e7cb
t2t_L1000_4129	468961aadecbdb86b43b905c9fec6e291a0658d196211d4312da0da689d6e5d0
t2t_L1000_4130	dd39ca133c8d82f6bba67a0318f97b1d0313ef46f8bc1ee8a37a0229f4569e78
t2t_L1000_4131	d84d62a1e0621fc13c79f88aa6752aec63591618687a61375ce7738ae3ca5b17
t2t_L1000_4132	959e6706dbc23f153f295fffcb508154d22db0f65dd18c311ef578e87fe95675
t2t_L1000_4133	210a4d05cfcf646fdb79f6b7152e540f34fc3d2eda871c481dac7549b5496dc8
t2t_L1000_4134	1cf5f4169d4c3a1395b57d6e78980c282c75ad50974bae2a37be392cddb256b5
t2t_L1000_4135	cdee9329dfa75e4d209eeda6675d9fd8dc8acd6de1b8cd624fdd726302c25395
t2t_L1000_4136	af35111e60c5f6f6268bf177a48a5a2e39fc69cf4afbab6fbc0006fec3b76550
t2t_L1000_4137	f909d7c1157868bb99d57fb962af6fc2c4aa40855eed8f67e8ddcf1c715efd92
t2t_L1000_4138	deca6a4b727169e1d4a449eb3786e05f05a3878f757d66b66c700dc88b27181c
t2t_L1000_4139	61a8610bc90a1bb806cf67440e6a6811af688e2b5f8dddaf3ca52cded80dc842
t2t_L1000_4140	8ab3199a31cf4597a526ce70c959c299fbeffb11d7223ee05d3b681ada16942e
t2t_L1000_4141	62d66547ee339f413a45519a489a92c5f72553478e3dcb8ad6a38d3cfde2e006
t2t_L1000_4142	7aa6da85d66cc872c890a5e62b3d8a79df13e2302e98f3494e56fc0aa7256830
t2t_L1000_4143	fe077cfc22c4361f13cc13c301085a27d83b6fe5439899e6325c008be628196e
t2t_L1000_4144	f1e5555ec84431e3fe319db66da41b0cfcdf3241e3bb8196510ae39ed58a106d
t2t_L1000_4145	168d7a53e21e393d80a235f0c5ae43636dcc120063544efd73aa5fa47a440779
t2t_L1000_4146	590e639d218b5aef106852b503818d0c4df03b6be1392e66280639327e2e5a73
t2t_L1000_4147	1e594124bbcbaaa908cdc008aa474473752d6f34a62b1721a7ac974831464e48
t2t_L1000_4148	65d913fdea366325b4d0bdb87ab268334344c4dc80401b3da47482d213bfb1d4
t2t_L1000_4149	63cca23344ff68d3137609056525f4bc8e99dd447a1da60d9241a00c4597caa1
t2t_L1000_4150	229028ac3a85fdf47dd967eb1aeefaa58a0ebedf79f51dd7c9c2c542b901de6d
t2t_L1000_4151	cd9882456bac0839e36eb535b3e577c4569841e791a27c8c4a9effeb78e77af7
t2t_L1000_4152	0126cecfe927a9f60c84c3c8e26ecea0ea9f6e90125f652ebb3e28c0cb544ba9
t2t_L1000_4153	1f5b7b44bc8afbb3c2bb7571b81b67d785e74ac11f60d3500d14490d1927b20e
t2t_L1000_4154	8fc5f6434ceba854cfb8111127cfb905db3aa46943011cb0b30da5526b5cdfe3
t2t_L1000_4155	0fe822879de63a8e2430a150257a0fa6632ea16cf06aa7a30625e3f0d86272c4
t2t_L1000_4156	ff8d9b0be342fef99b0b6b1b426ec6b32f8f53ca005dd9cfb27cd0734ec6b7ba
t2t_L1000_4157	a31b513861b14ef383558d33177c60f2c8bf5fdc4ba0c78c748877408e3db68d
t2t_L1000_4158	aacf2966fb4713e4b5dcdc4dc32c53e6612f11945436c4f71cafbc393f7ee8a8
t2t_L1000_4159	ea5bf65c0929f3171856d260329505cd78e8b151ac124b40648e12a7769e9d39
t2t_L1000_4160	bc240d838ef072bb99e6a92fb39db11a61a0900d121cd51c80dce98a71504d41
t2t_L1000_4161	9586e48203d99f8b2817f72c71c317ca02c6100e242b60bfab4e5bdbf6e1a199
t2t_L1000_4162	4adfc77c3d9a5e8b94863fd43894fc70e77d4f21c04eb31c81e7b76e4e887c5c
t2t_L1000_4163	4c956a36c9099c296d078a56112cfe086b80516cc7209248c02627fd716858b0
t2t_L1000_4164	26b7d5884156d837a149fe1efb80a4fd940f20dbee4a81b09442ce7a1184fde2
t2t_L1000_4165	694665331a3cb2548c1f5652f46dfbeff8a66a383207a89ab5c808f65f036cac
t2t_L1000_4166	f699ede32d8ac8b264a4d95588ffda65a35050aca19f4648d4e9299bb942f771
t2t_L1000_4167	54645f92072827e1ec916be0767ead919e0051bca02fe39cc8a4afea0b947b7a
t2t_L1000_4168	a112b61843e58d844e646eeba118401f76d8524726f86417c0a13459248fd092
t2t_L1000_4169	bc23e48079b003be39812138ece826d4228765230cfbc695f56c2bde8229df01
t2t_L1000_4170	2af2651c0100395758c045c6560378b41ec8964e0388322cd1041b36072d3a48
t2t_L1000_4171	14bd0f2bab76782863ea18342719f26eff8ea03d2d298a8ca4b66260289a2c14
t2t_L1000_4172	4f36e5e8af514a9ae20d18947b14068c665440003dfad84857b10bd5fa450ac7
t2t_L1000_4173	e665674907c3cf3c0e4559d79ec07c9412d27491004880f91f06e077aadec32b
t2t_L1000_4174	df5ae5b5b31b269f4dc7eac13ad3d3adea1fb24f562180b2adb0e73a4ca10473
t2t_L1000_4175	a76d95ba01d72434a59d199787f23d32aadf727460430e70219240304581749d
t2t_L1000_4176	ba4247048322e50dee19a10b2afeeb3c0056acac2af0fc28f6af0fb2ddc639a8
t2t_L1000_4177	29491b85d646f9a8cbf174e86e16a1520548f445ad56b62a0d50bb2dca17b09f
t2t_L1000_4178	70b63f6ee6838b410f7b6c2a1d01ea34fe979e1e0bcbde4848e47766457da704
t2t_L1000_4179	6ff41a6bc24c788bf6153066b0801d81b8b651c08a80657175d0eb640723b010
t2t_L1000_4180	9c0a503e98208e0ef6fe3376bc44631034c295ec206b789095ef2e1a24b3c021
t2t_L1000_4181	56db06f46a303262cfbf35e02de0435e9006dae1d3520160d411091676799d94
t2t_L1000_4182	f8fe35a963ebc423a3b40efe2e31abf61c9efdeb56ab179e99e9b512e227872b
t2t_L1000_4183	d5f0c457d71f7690d4609b00c48f7931d26e814c6a3fcff30e1d39b6dfd3d6f7
t2t_L1000_4184	91c63740cf172c2aff434ad60a4d97e1456ba40d5fcc2c6bc420e3bb802c25f7
t2t_L1000_4185	8ac039a7789033228b663225bbca9e929b7236a2246e1fc155ac594036c10b02
t2t_L1000_4186	73ed8945df798812d9cd51ba41d50fae4bfb5348126b4f0c9e54373dc09ef0f8
t2t_L1000_4187	a64970f94cb394fcdad4cffb9a4e247d780b6733d73ca9d34da05ecce483b077
t2t_L1000_4188	94c70b70058b4055038ef58eb8f3074af62a1157a4c4d9136f09994b960331a0
t2t_L1000_4189	50f624690310608f52598b9d42ce3d0814e4c334277b1532fa063fd3ded98aed
t2t_L1000_4190	bd53d7e24331bd98fb70eef19738353f1a3beb761450b26f8889a2642f0dbc6f
t2t_L1000_4191	b9e10382b3b011e6a59335ff26b6188446e9f9bfe861991660f2f292deca51ce
t2t_L1000_4192	b8c77a5f66b751184c54e3002597fa082b05e531d411660cb45f639752eb3299
t2t_L1000_4193	393af02973032af527307cff5e65360dada7be8739de7316195b692eba0aac33
t2t_L1000_4194	d26515edc9886fb8e18efb20b6d41a126a240addf7a3164b642fb26957c24dd6
t2t_L1000_4195	87104207255c967cc18e4ca03432d8881066d23ab64facde61b1949127526002
t2t_L1000_4196	bf5e19504e972d9b23ad21b22ebfcd39bc8e343ba2b4c030cdec042040b37bc3
t2t_L1000_4197	b9c35c89dc9a545cf5e9634fb1f0b66d85b92763efcd2e5e4527f046d27d8ddc
t2t_L1000_4198	ffb54cf19eb5a832cb3a32fdeebc15a50be665ba6fda67c62b2517d78b9737f6
t2t_L1000_4199	6417e24953cd0bf6e1f012fe0fd8a2ccf220d1e3eaf32f13fd993d5a51841c98
t2t_L1000_4200	943844302ee342685b53276f43816f692f228f50070031022970ef38db19037f
t2t_L1000_4201	8de16f1e779220894265b204fc04fecc1477e531de977a5f5f1691bac84ccd85
t2t_L1000_4202	a490d79b14669fd15c30de5f4872caa35d97d4756380eaddf97da356156cfa9c
t2t_L1000_4203	4e10c907629962e7694b550181e23f2cef988ab8576e92441252e244bd3f4a64
t2t_L1000_4204	3cb956a9fe7c25d744d13604e52d0d24cc762e98f2330fef2bc254faff4d463b
t2t_L1000_4205	78ec445aa72e354ad850d3d614035f3ab827050ec3c8320681b03e55bd19f131
t2t_L1000_4206	655f454b184c333573aed8b6c3265f9cab4adbbfd9a8d088040562b0a5f46304
t2t_L1000_4207	c2d90a7ad664e94749bf2cfcfbdad3ff6a02fbd2b5300ad3ed10f6c8d6c0bc20
t2t_L1000_4208	c332594d52773ffbc173cc4f8c4407dabd197bac85ad6ba2726248390f7de674
t2t_L1000_4209	fc1cb0de950be0ffeb1a9f32de9abfb5f1eca43092191f3ecf0a16fc7031dcc6
t2t_L1000_4210	87024caa4b1733cec4f0fbcbf188cd9014c2ae0ad1c94c3c37aab0fa325788c5
t2t_L1000_4211	082575d9b9ee83167540ba5b45e01108e18be46439e28b058d92630df7b3269d
t2t_L1000_4212	b4ed255ccbfea5eb617e8b31095c5397c0b96e448940352aafbe89de53f9d09e
t2t_L1000_4213	c06173f481828ed55fa0d30aa04e478d6471be578dd28f4fb94a2a9872a8d13e
t2t_L1000_4214	aad8a34484b9a93573757cd43a4c09eb005de26690df071526e0b9abf4cc02d5
t2t_L1000_4215	dcf81db5bff59f4505001742f9d859c6c340e0c131f1e76ffe0506d78d16cc9f
t2t_L1000_4216	2506f1c8575e15929f1ca55507d13963655baccf0f7d8532ad8b78457d6d7ac9
t2t_L1000_4217	b72ae13e6253408bc36358d376b0e7cb9ff93020c019b3b6cc5ec08636434626
t2t_L1000_4218	5b0a7f29376ceab06588514cc05cb279212bec2d6fd1956edc0e3d2fefb089e8
t2t_L1000_4219	74786e26ba8933ea6b716fb5a4a489f81943cf0de87f93afcd4d988fbf2c9edf
t2t_L1000_4220	1fb377d332e4af737e440b0b6d5c381597727fe8ed50f04d8ea2ebde8534c816
t2t_L1000_4221	788e36a7d3db3e8afb3bcbd3efebec8366fa5b6140849574c161d01ea179541c
t2t_L1000_4222	fbb8accbcf95c3b869d884e844b217c6a6a1cd1f4ea15f54c5bb28b94e4c2833
t2t_L1000_4223	858ca06310b9d1e8459e4a04cb58e81f356dc21d930752d0404eeb255ed39885
t2t_L1000_4224	e16b384af1a1233a98b7e15fb5172a41b264be0b6d6ef867cfcb956374171ecb
t2t_L1000_4225	93344a9d6ac4690a8be1c25dfebb4596a833c2aa4e652cdbd78e19d5da0ed1a3
t2t_L1000_4226	91cd493379c49d9fdd9122cb306def59ea7bf74c0e9eb1a61bee0212484d6bf4
t2t_L1000_4227	f791df9194793d0bff5e39adec0f5f07731cd303f46429aa6c16f4b05d8a6472
t2t_L1000_4228	ee525e41b0a5781e7d64a273cf2362eb21c259689262a802a779e534c9b94336
t2t_L1000_4229	700019da7d653a7482dd3dfe83b5167e2d1851eb37c08afe1bde19f72b4b6b78
t2t_L1000_4230	fabb126bc37c6105cc6725fcb86940a732562b5f7f443aced42a02da1c223864
t2t_L1000_4231	2595ed7fb76343d7853d580e0f2adaf448ccc550ea985926914de79ac6961cfa
t2t_L1000_4232	62689c4820d7c16df0008947ba6a552df17499ee1ec92a02b924d4ec365396ba
t2t_L1000_4233	91fd32ab900bcfb379dd8d26ec37ef2aadab4ec548994509f5f5a9757846b251
t2t_L1000_4234	490944c14ed05447eb02035c2125a5ead3dfb16770713215e6140fc05d7cbb84
t2t_L1000_4235	eac29dd1534a612bfc32c89bda24761e7f51db619f8600bdcd734a7ee3e8e14e
t2t_L1000_4236	6877b204c83bc14e13094a726b70fbec000eb00f8d2f19410f2b3996097be139
t2t_L1000_4237	22a20440bb8cf58d45d838f48199e09d8122767e5a12cef4702c346c5a56a0b0
t2t_L1000_4238	967a932abd5ce9cb2c4871b5e01930ca76600801bbc96f929e59668c2a3cc335
t2t_L1000_4239	4050e101ff3a2ba57dc9f8c92c9e9bb400b123a2f78bd427871c7992ab52490e
t2t_L1000_4240	4a91ad46e2925cd031341419a636c4e4e468f26ddb58be9f652905865888e743
t2t_L1000_4241	bf3b4327841e1c5806b917d3cca040ccbabb3bccb6d1d79b6ab4e6ecd3880568
t2t_L1000_4242	474c3206aa87d9f0f6ec90347ce87470bc8dda5fb0efb881308be2afc69d8720
t2t_L1000_4243	6d5c16f32c20acc3f04e6edba0065956b854b3927a64fff5444a5a53cb59def4
t2t_L1000_4244	09d99ccea2c9e22437b34037aa22b16e93435ab84de6ad128ce61c80952facdf
t2t_L1000_4245	3f30aa1e37681af5e91c510861fa3fa220b77d76cf546528b0c81200c8707103
t2t_L1000_4246	f24856b3fbb7e7db167d85a43e93210d14f80bb7b7c85688e92cd45a2f34b5ac
t2t_L1000_4247	126325b25244c97aebcdc1f89d02e6eb6eb9793da5c98ca54d9e95fe4e9158cc
t2t_L1000_4248	e215d095f79be0c97bb2722c2014fcea0100b287f82e7f9fc78afadbfcbdcdde
t2t_L1000_4249	8d3f72564c2654d4bf328a281c174fcfd4624e0e94c494cd1103dfa3ad6b0ec4
t2t_L1000_4250	1996ad9ec01118df228ebd1c4f25e73607b76e9038d3c0c76526bf2a539e894d
t2t_L1000_4251	ae4a8b7ad6b9678afe47a30be4dd2fddde76ec48b473f5ea0a3d04c173ff87f0
t2t_L1000_4252	b15e37e00a0ec15bc07e3780e0041bc683209fa0bafa29471dba3d368e1a6f3c
t2t_L1000_4253	cc478073d41e380ae70014ec4b45b5efb3d196f1dd6ea6d181f32a450384b027
t2t_L1000_4254	99c2b32aa0cc5c237959ad02d0e980261f9da840cbe38e6b4d349cd2a8411a79
t2t_L1000_4255	24bfc9a61e91355eee71cad2114c36e7ecaf3b979a98f95805792003384a7785
t2t_L1000_4256	57ff68f04e0aa36f6969f733b83e1e2668304550f56b837d44b554542e55f564
t2t_L1000_4257	8d2e455345b84756de61cf9efafe82097c763c41ed2dcef9b3c96eec1a233d58
t2t_L1000_4258	71acdc77f6a1fe209b9f55760addf1c04ce3eeba9b31ec0bfa5ce4f3e58605bb
t2t_L1000_4259	c17190e76b74843a65828b3b5d38dee2993687b58ff1c3493006981637a4b983
t2t_L1000_4260	412102feb2b05a7685d9f118b42577ab27a50a0315849aabb7f7d66e922eef96
t2t_L1000_4261	b7457993dbbce1e1f718d27eea44bde1f6250286c8cde13dc6de69c7d687fcd8
t2t_L1000_4262	89b5b5c53cd41e4c10a32de75f9d446e17efaea2b589c5e6c5246c672a6cc677
t2t_L1000_4263	f9a1e998c52ca714d5e2896a7868765cca33ae23e4c68ea27b7a8dd377b0849f
t2t_L1000_4264	71999d635d2bd9da5db3cdf5f874a77c19f76d07d0fa96e74be907e00ee47c50
t2t_L1000_4265	e2d4dc8f559dfb191f8a75481e4b21fe85d1a65faaeba13b06b0805b7aa01b1c
t2t_L1000_4266	34217412edccfaf746252e3f0d3ec1ee7e787805225f78b0899a1f31b7d32c82
t2t_L1000_4267	c1549ab61304a67bd7bdfd7695be0479f7296c5acc557514045cbd1aef0074ff
t2t_L1000_4268	cf0dd9bbd59e809148b82ee35eea6d60a5bcfc763121d25077ae90ea8ce8d868
t2t_L1000_4269	6266cfc64e242b5e551f668d1a0605452a5bc0fcc94c53b6e75adc7cb594ce56
t2t_L1000_4270	9c7fd81b53b5ef06029ef5369524f68e0338e5e38a4a119b08654e973dfaa3d4
t2t_L1000_4271	574c28054e50b5a8ef9c3e29aad2677deedcdadd209ea241aa6b7a26696020ad
t2t_L1000_4272	0b69ce05fdcbd7c22468fdad80382b76ee8bb3886dee4705aeac6b3819456d2d
t2t_L1000_4273	47cec2ac6af82b1679eeb491c4957f1ced80464c1d25fa3a6192a5da78e26284
t2t_L1000_4274	8426c00caf18fb02edad689192c1647f0c52e15adaf3f72d85c826529af7d86e
t2t_L1000_4275	67b0a7d6db1123856b3b196d48943ef55ad24a253067a9d50940ef1651ed0902
t2t_L1000_4276	b33aa380fe74d7c2c1b64ced5907ec9e061d69ad3d2de302b5429ffe0dd08b79
t2t_L1000_4277	8e0b573c1b75178c02d3c6609586d71c17b2ed4179431cc28abfe6065dee680c
t2t_L1000_4278	ceb7be688624696f8f602cc4fa5ac2f2e97416ab3abd3b6d8a28b8676d051657
t2t_L1000_4279	6a6fb28244193bbf178c49fca6e34862c0c49a8fa579f4f544986201e26adcdf
t2t_L1000_4280	f00a0698424570458340ba975a3a8b63893fffac595beccc24608667d3569dee
t2t_L1000_4281	b6e59e2c67c4f18407cbdf76ceb5437a05d980493aa3d4401a2683ffdb9e1439
t2t_L1000_4282	77d4a57dd98f1d3f727ce096dbfb3c99eb1e8f585518f30230dde3649f04a326
t2t_L1000_4283	1390256a3e0eea8a97e20b901b28e11716eff334a7564ef83d73d9a6e54218e9
t2t_L1000_4284	6978fbfde04474fe8e6c24a252b358d8c694c79eb4f377b19c0165dda8e5eb83
t2t_L1000_4285	3f7a88de89385d6581d0bccacefcdb35539b4ab4425118a16fc250b3baa07a7c
t2t_L1000_4286	2ab3ccae65d32db8abd7343ec702939c5df22d782acc432f8e464cabf81573d4
t2t_L1000_4287	8fe3f5d13f252d6d535c0292977f108e6e04c15c74eeb09a643462b8edb4c75e
t2t_L1000_4288	d5def34b7733ad50da0eea3972c84e1dbf5ce7010f5c7d3a4a436f296e7dd422
t2t_L1000_4289	8096a42a4acfddfd705c3da7645a07992623982aff00cd0d403d3e9787464006
t2t_L1000_4290	526881ca22b00c5ea1021fa93cc5971a16b29fef5054543874475fb6c82cb1c0
t2t_L1000_4291	0c421233d08823683d1268865e438ee070c1b5ca5710317839c2d98ed16166e3
t2t_L1000_4292	478a350dc2529cae499d30e6e594e49079b0898f3f8f88bfdb49e24b400c829d
t2t_L1000_4293	ba95d144ac3cf7d1953737b18958ad27214f5e4f7ebc002ebbf47ecaccc1f9b9
t2t_L1000_4294	ec85e7cc7e968e2ae2fb0426f36e928cc0601c79f2b9d50e822a74be34a0b764
t2t_L1000_4295	62332ee8c2b7a30dd150f0345e4cf7008fdfe8280aa1668e2a06bf1548ef9c8a
t2t_L1000_4296	9dd5708aae3d303c3104261a05eea217506e3f65f7e546916aa726cc69fd1a21
t2t_L1000_4297	f001b402288d1b9eca4bccd36cb1d13222577cf8d502406305320662abfc1165
t2t_L1000_4298	878caacf5345c651f17abb996959ec566de26270415658071bfc230ce1582e65
t2t_L1000_4299	2a5e6766655ea5374c729e212c5bd82cd213794298f8476db1e10fb9347bba86
t2t_L1000_4300	121f54964b6e96c77a26cd311dfa61596e48836c62640662d4f212994cabd71c
t2t_L1000_4301	1f4a798e61cd825baa46a821e5469bec12d45f05d8b89faa12e25b8c06117d45
t2t_L1000_4302	32bdced2b1545ebb1d24062918f2d275727425ba6951bb8549d6426338383d4c
t2t_L1000_4303	2b4ec2521c0d44aaf713ce4d7984c431ac96fe8fbcc91322fb16da1407a24c66
t2t_L1000_4304	8aa35811f3bb88258f963ae15059af8b89613106c1fae645effea92163aae591
t2t_L1000_4305	55efbc3f2592b6bd0cb48132609f8a50d2b93fdf470031969432356221692649
t2t_L1000_4306	2911f83ac5b3e829cd720f5236358df947003c1b9ea8a8fe3e6b5a6c6d6c021b
t2t_L1000_4307	047cc62da6610a4bab55ef63315be134e0e2afaab796ed9c49f2c79b485c55d2
t2t_L1000_4308	b9a297df807549a96125f812973c2f4c8706c07d63753cbb38d950c359663f58
t2t_L1000_4309	2e107658b8b8566a691cda078e2bde826a82e1005284d5c162a3b287cff29fb3
t2t_L1000_4310	c8c24b7576126db716ffd9febc14fcf61cc5c4c10fd287e5fb705defa45b1c06
t2t_L1000_4311	2f688e3dd4c909f4c00e793037175a26d81d3153c9e1afcd222b4e02dade1a37
t2t_L1000_4312	a69c56e66f2b0a15114192acf65024ff6e7582c711ed0ff401d2db164cf6d6be
t2t_L1000_4313	7b3da215b545e7bb5effd1e5c1e22fafa310c91edd01f506f59bfb2a3a9d09bf
t2t_L1000_4314	2ceaffca57e2d74d81f2d918edf0daea1896d5318e1364ab9476f398991858c8
t2t_L1000_4315	50f14bffdbccdfda97a1f704c52d322464312c4e21de558c10124f74316d0cad
t2t_L1000_4316	196b1f30eb007c4e487a19782ab4ac45fc5e04fc2e10ed015026d88d815a1618
t2t_L1000_4317	85ac42fef98c628c0bfc198e7afcceeacb48eb56cde4a40484be24a71a4a61d1
t2t_L1000_4318	86b941f55a608192450f35ae2cc9ac9aaafad51a9f6591d93d7a3facda101984
t2t_L1000_4319	1056aeb9d1a557d9a430d8d98d3b3f742a1280daf5d215ea8ec5ba6346d4311a
t2t_L1000_4320	9f01c0807754f6a11edd1a4b6b1e498476bc674a85111d98707f6c33c863ff53
t2t_L1000_4321	3f1bb3bd98ac1d4a076adc6f5a281ba4e06e32a70844b37c148c89b64a3bfd29
t2t_L1000_4322	518507fee2140bb850f3a0b5a5912511c3f232b1ce336870feb0c6b5be6659f9
t2t_L1000_4323	8d15ac73c15d2657394f42d4ad3c3049cff6f9c7bfef2c8131fe1cc9db3284b1
t2t_L1000_4324	070becd635adefa35f3ba8e1f528f2469ec43e5759a5e950bf41e2f87ec8ef23
t2t_L1000_4325	fc98e6ecdc3ca6f881c851c219e8ef0edb205bb1d8db915b4706c69903452441
t2t_L1000_4326	a8fc486db56d9f63deb51a6e4fe7eab85d46e13e0f771dc04b4a2b49b88ade5c
t2t_L1000_4327	16a4ac3a2f35ba9bdf9f473a93cff63f8efaaeda055e1740aa20b4ac520d17fd
t2t_L1000_4328	0489a7912db4a0ea67dc6ead723a48d34b54a000535f99b8f50796d3118c0e09
t2t_L1000_4329	980dd8ab17e4ef293e23c45fd064abd0a26e4829d1dd225627baadcd8a4eab1b
t2t_L1000_4330	9a4411bb78c204c6f2de38abfd4a72ab967efdf601b72d5dca78dd621573d769
t2t_L1000_4331	20405a4f92e35af6a3b7d056a31c7807854be25185ee1ec89da6f247f378e6ed
t2t_L1000_4332	b9ca060d21fb6dfa5c41b5438cb6796597381ee6571fea1bfad36b3eea163673
t2t_L1000_4333	cc1772def6e80424c055a6c1fb7c49e96f579924caf9fe4f8ce894384ec491b2
t2t_L1000_4334	9da665bfbee3c7ed1e29efbaad7b92d76bd7f269553370c99d43f6c4c04ace1b
t2t_L1000_4335	7f8e974f20394866ee1da08ed54e9f6068689450f6ec885a720cc568372a4b4d
t2t_L1000_4336	3dc416ee7f507ccb63e0e5181978a902d44f6c3c20fd939aa85ce355247fa89d
t2t_L1000_4337	ba29b1f772b1e133ccc983406ba84304c7d509500d3d4005d56ebb8648f1f33c
t2t_L1000_4338	f0694eac9bf69b801426c2b4594c52c696f330d11c9ddc92676776533cd8c87c
t2t_L1000_4339	250379aa7bffdbcff86b2cdb16a1e6ea9e7ec33b273fa1d4f0b976ef0f28f0d5
t2t_L1000_4340	25f252f8aaffda21782e3537aa799e94ec037e4c9708f1193ff3957b02331955
t2t_L1000_4341	ff0d95195dfe55e3ff7bfabdf5b65e63ce8576960cbd7f3ae505b71a23400324
t2t_L1000_4342	f8e053382b4ca87a9b8ceb8d2506fcb8e8058c038ffe74c67fc83c50d7a91613
t2t_L1000_4343	a249fc6937947a5b0507b8faee795f354f088f871ededc20212092ae6ecbf586
t2t_L1000_4344	9b835457c94060f66220475dc6ed193e983bff8d1ed57f85ff93cfe727284f8a
t2t_L1000_4345	35a134c24902fc5f892c26d0fcbf32214b09e10366c2e34df65bb700acca0f54
t2t_L1000_4346	fc8fd9482df39401a5a136cb1ab5351dea345882cb8bb60d76111ca06b56ede1
t2t_L1000_4347	c0b546eabf58f39b590c43ccb08aeba845685721b3e6144cd62bdb8a8730f393
t2t_L1000_4348	39ca2e553ba1319e324aef415beae9189ba35a77d57eec18be02f2be54e9bfd3
t2t_L1000_4349	8a106537d2d87c85cde6fbf3775f44d711f1818c692cc5306e52ed15413cd50c
t2t_L1000_4350	f8d471d20f5898436159b4a60109c4297f189548a0dea30ec94064dd65952b8d
t2t_L1000_4351	6be3a23bcb852d260f6d81d4385fc71016f11df0315d41b5dbbe7ca095aecd68
t2t_L1000_4352	6c544eaee8fc5cbac6592a93b387329758b006e9d0a5963e55a89f3ed28e7396
t2t_L1000_4353	6ff0507fbc3fced03d945bce3f85863fb055048212c2ec3752b824ca58e6c6a8
t2t_L1000_4354	61d8a451badeaaad200943f3ddd5ac1f2a14300697cde04ebbf16ff32d5542a5
t2t_L1000_4355	46990295b031162144c3772181e0cd9e07993a3de1d5ae77a7b7d873fd6d37f6
t2t_L1000_4356	cbcea1e1cede674507fd7d03f6b0b6546c02bc0e2b4c1d9a2781c67af6c416c0
t2t_L1000_4357	e12f40ef90fe737ee16827ea457380258c141d402b2a4735f4673f69dd655f4d
t2t_L1000_4358	08654798fbdaf83104d77aa2105a7f6543061df5f85c032dc795b7a579db9335
t2t_L1000_4359	eeab879d4be6a30d692c230d984df12e2b05b75515846ff30f8c20a0966b1f8f
t2t_L1000_4360	6b93ddbbc80a9cc35dcafde6c094037e65fee7ec04711ce528fcb6812a604a42
t2t_L1000_4361	e5eb4e814a7d4867d0a82033ea76e7434b39b05d6d39587c426069e8fd082d35
t2t_L1000_4362	1bb09f2e5d4cdb77c9268934bfe004056cf37889644e0e7bad096381e5db43a0
t2t_L1000_4363	8b4c57e9f427bc8b952091532967df61ee8b29b6b3bc8d978224d4becee90139
t2t_L1000_4364	2eb51371e51f65cfef070fb884a74f0b1e006ac26fd071cc9d53034ffc1b85e2
t2t_L1000_4365	2db93f1fa8b5c5118342a958f2d211d75547ffc0537537d981feb72dfcb45cf7
t2t_L1000_4366	b774059fe0a31d378e9a41a8011d73096adefbd2f054a5b0f2ddace8a88c6f44
t2t_L1000_4367	50ef6cbdfab733ff41aa7182134213f334ef3eb92c5d75effcee2f04742fae52
t2t_L1000_4368	602ccea6774a1c793509af7c60395dde7b4861d54a30d1f65c744021dfcfadfa
t2t_L1000_4369	8d08117a5941d99f585812af5ed1e24aab9a95526d60b8c4405afbeb9732c6a4
t2t_L1000_4370	7063685286d0e210fc0cf23972ebe5e2fe474a01f111f374081ea7ec8bafcce4
t2t_L1000_4371	3cbbfa5746a78a92c12cf3736c2037e4981974ae52e5b32bcd1104103bea72ee
t2t_L1000_4372	906dbfb47b5eb68d75a559ae4bb2f7a3a2df4c74cb5e557684db6a7f685a7d84
t2t_L1000_4373	377fd9d6f33a32ec607ead2c2c8a59a85439b88a39cd3e036247ea4e30d9ed20
t2t_L1000_4374	9d399d6d132db211138caaf5a3122bada943e7e7e158125ab0484c40ea493b3b
t2t_L1000_4375	8dd5f83581569b8142829390c6988d2ab41494d871b7b01b706c8d5bd23e5c91
t2t_L1000_4376	6330ba343fd2da702748e0df934c61502f9b957758eaf714afcadb22766575e2
t2t_L1000_4377	07036f6ea528a5415e08ef4d92367a8616afb98453b791035b6ee69dd7c9e4e5
t2t_L1000_4378	bdaeea898f95621b00800bdb56d5a63051156c6a32c8a6a0a3a3679f87a93726
t2t_L1000_4379	2c0342a4fe7b0ac0b7415438f5b029a06024474f9405ab3b96c0f8c6a7d5e598
t2t_L1000_4380	35995a49b83e67a4115f3c95751fab0d27c17554a0f7b6558810fea818313fb8
t2t_L1000_4381	f1d11e68d634ed9a6a0c478e9c8fa6fa50a665879d50a66762e4de598eaeeba6
t2t_L1000_4382	799d6107434202f4b8124c0e52aae7d28734f968125306193d5d95fa0455f215
t2t_L1000_4383	55d99acd29c815ce02c4a39a94cb2cc7cc40cc08efcf3c54588a07d7c6588b63
t2t_L1000_4384	f9c6c9d6bf368a2d8b34acfe34d1e3f669dd039d5a99e2a69aac472988598c55
t2t_L1000_4385	efa579f6fe684ef8e4a6cfef8add21e2c4ece1dab829eb9f08b9b878bdc1f637
t2t_L1000_4386	7337be81687ac7ed3c5746cd6c8163d851ca8d36e366878a14eb7a47b2a6135d
t2t_L1000_4387	c22212eb1504541fc85b24a71e9e2b7c1a860bfd05aa7af019e39bf9bcb2074b
t2t_L1000_4388	f7a983952fdbe5c89c69e74abafd4a7984f9770617c00f551a0d15c902505130
t2t_L1000_4389	8806a84587109cfd60416e16588edf064793e7e606f69ef19e2dfdc4ac21ad07
t2t_L1000_4390	06e44a88b179f2c1f5aff56764d5851cf1deeceb63b84a5c7c177b9a0c98ffb0
t2t_L1000_4391	23879815a14f2d050b385feddf99b7a7d50a6499c0669271263110b314d152bd
t2t_L1000_4392	7f7ec7218797af905a42508bea4d66e915d155af0d48db57bbfb1fe6b2b85c8a
t2t_L1000_4393	391eb634a792bb110d9bca2fe03e28e6336ba16d8ca59efde0a1f1fb6f31ca40
t2t_L1000_4394	18a12a84ddf4de0899e645e54f399fd21e7ecdc0f1c3faf3f72797e9373122e8
t2t_L1000_4395	cb775c7e18dbcfdad5d97b3a25f26f097cfbfa3ac8992eb339da07bee5012b6a
t2t_L1000_4396	6e334a061c707c16d5ef00e08533aad7994ebd0cbff21b802ff2f9022f5c50dc
t2t_L1000_4397	877017300f962f380863f901ff60b990a5056ffd8a21f36519bde982ef0cca5e
t2t_L1000_4398	19091b50a0fe7006d259dd19f11b3de6860e8d172a90827cf7d0966be2e4112a
t2t_L1000_4399	11f6e7c946b7535621d104bc726273de66d70293560668a5ca08eb124e3dfb2b
t2t_L1000_4400	6413d9e552f652e601e78fd238f99dbe9eb49144710f5c08afa0b7eee83c523e
t2t_L1000_4401	176203a6d6bc2a914084d3deaaf0cba7b6e7418a250753025a0db79c6b7be8ed
t2t_L1000_4402	9007bd17b6d04bfbd9202be1b97233758abfb83008475094fb1b002acff2abf1
t2t_L1000_4403	61a0a438ec098898adb173e2acfcabe59b733762595fff1434e9b15b417aeb9b
t2t_L1000_4404	3d873447cba34f3fc90b39ac6810304b67a9ccb9e5943d410f9ae7e9d1a5554a
t2t_L1000_4405	5a0ad89afee6ccaccd38d08b206d48c054d03fe52208a8ad6235dede242d8165
t2t_L1000_4406	db2290162f6791dc7689c80141514879ed33f68030715101bfddf0474b065898
t2t_L1000_4407	7a193e1f93f6b6cca936c3d1e491bc8519d261bef3285b58c927623c922cc13f
t2t_L1000_4408	687b8afa3e45ce98e8d7f8c52a5b269f245554c3077852b530f9b2cc2923e342
t2t_L1000_4409	a16aa197bb28251c3cd57433fbefa289eafe78bbaf5e9927b8313cbb4fa1a716
t2t_L1000_4410	a621711b421a8e1b5056a01a668002dde087b7da54411a13ce865cb468e214c8
t2t_L1000_4411	b911a4078a989946243cb61b3b8b76ca382bc6c288f46adf36c2fdbf752973cd
t2t_L1000_4412	6fd275388624409d8a2c7f2508378570b1fa20cbdbf312a6a80041216951dd01
t2t_L1000_4413	769607840e4019f16bbf738c4c6e3dfbdcf77c078699252adcc49293d978eb1d
t2t_L1000_4414	bf3f83796925bbb0976daa577561f5236993d27816cf6467842d54945107d162
t2t_L1000_4415	eb29ae7e935ae402ba92fce2518774e7ebc6bd13f4ea0cc06e3bb406d1d5b3cb
t2t_L1000_4416	7a7ec3968d33cda6fcfb025c99302f38c79647b9eac3025f6a7bc8fa8a98c8aa
t2t_L1000_4417	dc60faafa6b8d35b304e6e35e44d572249dc1e030682f5d76995bd364ca8ea4f
t2t_L1000_4418	2ccbf9c187958960f8cc8e5fdb19e301f4d11bc60180ca0b0acdf80169b7a55a
t2t_L1000_4419	996f00e6d957b76206baff429d51a5ee56fdd119ecc0927ce4ca48f3deed4f75
t2t_L1000_4420	e9a3b35d162a0125fdf0ff08f1372eb18f5d2831c0ee98640ce9838938cdfd45
t2t_L1000_4421	25ba83b041d9885434984d5ee532e662478d1a4bbc449cd044a13239ce0b7404
t2t_L1000_4422	484585a42d92f7bafc70136741bd138d2e65ad11a560e5e23ce40d61dfdb2ff9
t2t_L1000_4423	fb0c1808f9da0069f922951c77dcdce5709982f24a5b15389b492e92fc60328f
t2t_L1000_4424	3a85dce4d730c110ba3bce4e8f8b63f0802c854062545e633ece38ae1cf8f404
t2t_L1000_4425	d3333fa18514eec783a9b641a6996ed5792d191db72d6e051500bdd9d7dc21c7
t2t_L1000_4426	2f14f6c3135715d6a49f90f54bbfec1f03b6caf3a04144b047def012332c1739
t2t_L1000_4427	24eaf1b008bd68fa7e85b5f6f3cb2635845cc6eafa70e02804c6b2ed54d3088a
t2t_L1000_4428	76fc9e199a22e0205528aa42cff59dd44d866ae712a181c92d8ca72c7ba1db3f
t2t_L1000_4429	c60342d34093b3434f61e69ed78b19d12c99d53a2dfd89f680621b3bfd351e8b
t2t_L1000_4430	1e5a5281670a1aef8112f47ebaeb53668b12dad9e17e4fefb98d63c52ef9954c
t2t_L1000_4431	c89c868cb68395e516edd5aeaeb08ba302cc2a31e64766372d6d57003925cca3
t2t_L1000_4432	3527be56b93b1ba82ac429ef4fc1868ee4c974ad092bb96219a0ad754ab6b49d
t2t_L1000_4433	966eeca3aef6b42b57263b7edbf0a046c49469768826a9841ab853e235930a01
t2t_L1000_4434	2bfe959ef462632b8210b0f1f7f65ea37efc7f59b03078aea7025d426813320a
t2t_L1000_4435	f2d9fd206713822e1b274fa8607ed54404c1aca88f606f2e3cfc4c07948eafc3
t2t_L1000_4436	a221ac6b77f8aa51c13a19ff6c5c8d9b89ef5573add5be00758b01a581ff3a58
t2t_L1000_4437	ad50d253e3e9485f014e49d5034e986d6968e14432dcb36e7a2326dc52bcc390
t2t_L1000_4438	af1ee4302cd1f02970fb7ca9854defc838ce8b398f2ce809d7e3db544856c8e2
t2t_L1000_4439	b500cff5bcd79697b4b0f5c0a4eb80f24efe5b3354ca7f8e6f484f9dc13c21fb
t2t_L1000_4440	62da5cf43959b5d94f5089d8fb6f7d23232cf1523e2b0c343bf22516e25fc831
t2t_L1000_4441	da76eaf4562cec1d997f4bc7b95b29360a838b511a1e9baf924c898808ff905c
t2t_L1000_4442	6d27520f61f3d87efc2fcae901dfd06f6913653c7521a630d95a1a5f3cd102bc
t2t_L1000_4443	dd43501fbff81c0d3ab8aa3b53ca85fd1915f7af94835aa4c8647201fb67e514
t2t_L1000_4444	6e9dfde0b548d0a1acddac027c889ab23ce50e756cb36a7734467b42a60c32d4
t2t_L1000_4445	929247a5c354ef9c4656970a1999c012704c60abd8de53282ba6de968cc7746c
t2t_L1000_4446	117ac095b3058b2fecaa436aa05a4ff31fccde2f4bd7697079f92d1ba1c18a75
t2t_L1000_4447	ec8dcbe27bb287cd5cb9a099c81da72276043bd08672c49c24ff7a1a26a79188
t2t_L1000_4448	660d7fbc0688ebdd34ca258cbff635c20e25f9eaa8ee765da91ad373a868b25d
t2t_L1000_4449	1884fe15194a809a1f1268f60b8e013560464e70a36728ead119d2056601c187
t2t_L1000_4450	27e105193e8f6549691b05c9539352845a12d1bfce2fda21ae0956fcf918629a
t2t_L1000_4451	9617251a5dc3164cf0c9f7672198ac9b518ed065924edef4830c2d81297bc8d1
t2t_L1000_4452	6ff09155e39ea80ef29431ef093334d8d316c04e76b2859b79e9f6fd6a9defe7
t2t_L1000_4453	6fb837342016b150059807e189b414ed6fc1b64af7c2588b6b0d197b4f85ac46
t2t_L1000_4454	55c8948ea8113474d9acd41b77a91a14e3358f68c996e476df6dc0ee95e9fe58
t2t_L1000_4455	a029d4de68cf0a504a1de6f49e1942fad67e648039740cbb03d75b7dc52568d0
t2t_L1000_4456	d6a3b811e582f3121c144cc12556d8b77503f373d1a6197d2745ec391242294e
t2t_L1000_4457	1073591fe59a6d03af4e8e3b4556eed5be654eccf9013cc853489385ddb10270
t2t_L1000_4458	00e7e582176e41673d67605d8540f8bbb244c50f8b09f3b64030a6db0cff60e7
t2t_L1000_4459	69e83c485fce0dfac8e456598e1ef304a15f7280699762bfb87a769cad29702d
t2t_L1000_4460	597770d1c9a4060141b752e434757816105eb0593ecf1f3b16c965c4316eced4
t2t_L1000_4461	c26f5dcc1ff26bc7f4fcd4acab00e0d7e8ca8e8d917a9720ad23ab14135e99c8
t2t_L1000_4462	394ebf003f6131f37a394b9651140ac04904ae9e18489c8433781629b8ba6701
t2t_L1000_4463	6fa7bb1b4d68a20e5a6c8737e8535a7b70ad73ce20007ce2e6e460f508bb5569
t2t_L1000_4464	b35d2683af51d30bbed002bdfa0dced5e2e2bc04fc6a6c649993737caa6f8099
t2t_L1000_4465	f0d60a99b0ab23a297b54e0c228ceaab8c82d5dd8775dbf34bddfb25b11ebf69
t2t_L1000_4466	3d35ad2337ddb208443a6b65728daf6f91ff6e558000999d71ab267936b77178
t2t_L1000_4467	91354dcf24ff43bb0c7161009f36f2326011a23fccaf014469cb3c7807585dfa
t2t_L1000_4468	889ea1a0cdcef05bd9c70ff20b79d3e28b8bad018078d5d2fa8f39d95f2f5ddd
t2t_L1000_4469	e6a8c25506dcafa3d0441c30586e49f95914fc0024ae21ed4cad060b5db06797
t2t_L1000_4470	4894c4e9acd99fb3e61797a3d34e539c9c0c1bb1fb19ae7f84884ae7d994a6b1
t2t_L1000_4471	7972ec6b2af4918ea295524dfdabe42b816dba09c805cf51fad0121c51b24574
t2t_L1000_4472	439a8eacc042a9a3a9e6ae09a6b6e40e76e47eed241dd7adf104b141751d9eed
t2t_L1000_4473	d13ca10429abe1418ea6fe1b41efcc1a2e662af40cd0cb6903c6aee848de4a1b
t2t_L1000_4474	e19f3de99943c7523945cbb6e4cb59f36bb8a8a32dd12a761b037016ffeec49a
t2t_L1000_4475	cbcbeb275ff1ee112cffe60cf23acb1ec177913cbba6710158e4ef50fbd96988
t2t_L1000_4476	f5b3f95f4a62326e80853c6eafb3e29b0bef29146ad8ee9243b82fcf8152f515
t2t_L1000_4477	e3e19565a197bf96a882d35747fa877c638ca70911fb8d28233609425f6e706e
t2t_L1000_4478	45bc4b73469c50051edc94021f4cd6990f900aa60efae01d4a062922d7633261
t2t_L1000_4479	6ce1092e1f27239df07b093e7d5c7f90971c998cf1f24cee8f17b1f2dde2d4b6
t2t_L1000_4480	f812bd89b8634e07c0daa5a9aa9c5bb1da974da79e76a491cfc9d5ae990eb415
t2t_L1000_4481	848d58f96255ce969bf84123a0a596652bb1c806c4b5b6f327154762ea1b5c4b
t2t_L1000_4482	69348c2d7111aa0cd682302977478e47b048ca405c7a1a3c21f0d611e313034a
t2t_L1000_4483	e36271459847499f3a4b754d0c1f2bf0a136a5d1432f950aebda82bad23c35f4
t2t_L1000_4484	67fbc252e31253d196e1fede8a8c976ab86ebd6bcb9654dcc513a3a7f913d8a1
t2t_L1000_4485	26f33a97cd26e9947db1c11060e16eb083c8af59a01d20cd8255b63cf3e42a5d
t2t_L1000_4486	eaae9fce59b7417f778b01012ecafcc28a29ecbea867fe7f71cb27acaf19a06e
t2t_L1000_4487	b0d937eff6fd9236b9dcb4b31d3eb08b12c155ffe4c61acc75953f03086e9279
t2t_L1000_4488	0db660e8eafb562af09a95f4b6b47daf5f5bea21e7248627af81a008cc5cca4a
t2t_L1000_4489	e65cea7cd3c56727a382c6d19d97d91751419d7d9b3071ee919b7e09a56c8554
t2t_L1000_4490	09a27a0176396f0f0b03a84ce96179948bdadf7d0665b121046033e5e25ca723
t2t_L1000_4491	2339629dc7aaef5983833c3b8b5bdf72e86de132e0efe7e58bb9814cacd8c187
t2t_L1000_4492	70fabea9367807fd04c4f93a0678ec00cbc86b545663cbea514f17dfb80d647f
t2t_L1000_4493	0fbb0a827bd52c43c98155bc48df30fdf9af01fa24d82e34a36023c438e4ffad
t2t_L1000_4494	77210626a6d9e412d6a1db571c666c079651ccf0444842c5f2f257d0a35b4f2d
t2t_L1000_4495	95dda325208636bd47c02ebae784ac0ee17095171b5c95c8d11615aaaa547b17
t2t_L1000_4496	631c60e4c5aae1734785345269f56a655671342ad01af8217998f8d0bbf3fc49
t2t_L1000_4497	12e14a6952548aadd17711987e869ea46dcc0c9563663ed7df60c461977bd07c
t2t_L1000_4498	aafd73d8979882bdf8d676508edbba959648585aff2182b432635efdf49019c9
t2t_L1000_4499	e6fad8bbfca56879ed39e6953df992e9b9ae245f82eaa4634c26d651eaa281e9
t2t_L1000_4500	e8a9dba16e7a7524adc15b917a6f31ded677064543d90e2ee4c63094dacea402
t2t_L1000_4501	2919416535b2e3aec4f2e37ea6580cdbabde35c38daaf195d7a3c96d2b1d9745
t2t_L1000_4502	5c28d6121d0114e1506a2ac508305abc66c83ff1615ed445c185a871c36428ee
t2t_L1000_4503	b011bf5e79cbbf61cbc56b396513dd86ac93d17d71a6debc1eacf7cecf709e86
t2t_L1000_4504	9f0902dc46c5bb9fc7373081190b68063b59e57c861b80c30302f24567fabf56
t2t_L1000_4505	5286f0359ffdd9bf1f0b73277596f427ac2b1123cd2d7c74d80c0f17561c35b2
t2t_L1000_4506	b87b0911199bfb30fb123c11ce9ed0b028bc0582354e574abb1397268ef8d712
t2t_L1000_4507	31fc2ac1f1fdbc2ec8a51d0ecb04a393a473e1b4e764eb9bc53efac9d7866125
t2t_L1000_4508	7604b1f06b400553548b2e7f3c88599fc89b7c6561bed5ac36e72ad76349d0ad
t2t_L1000_4509	35642c73defb90fc1e6f91f89ee7b21bb4b02514de320c10d98fa02bbfe8503d
t2t_L1000_4510	025c946866959b5f5b8950fe33254f42a129370c25d47337ce43b4740100dccd
t2t_L1000_4511	882c9e5f54a0ccaaff23a4af9bf74553dd0cf2c7cbd77f738e6f86af46e933da
t2t_L1000_4512	4fbc4981c591ec5136d8145a12b6daeae25ab5500e0f2c1f7a28303c8dc3365d
t2t_L1000_4513	1a9bcd1744de37af7bb4ddf10af1dbedab6290fbb19e0d576dc623d8b43d7ac0
t2t_L1000_4514	d0b7c0052e8cc96289a36142769ec6d4914a6c445a538deee21f974fa01cccae
t2t_L1000_4515	3ac6e413a2aedf4861ed4181c34caec69a218532d441ef18c8ed958b2b95889b
t2t_L1000_4516	746ab92995d01da36efcdd430ada17ba64c51658043b14b08d3317dc6ccd6bf8
t2t_L1000_4517	b9c1ee0f632d86105aa38df8d7ce5155afe63361d1daf1a79b20ec0c6d43d1f2
t2t_L1000_4518	b192c7feb3281d7ac22299d64edabe1e4c1bb35309893cc356f298bf49d00147
t2t_L1000_4519	99692a0e529e05a956e057a4219446b020adde189ad5825bbe33096d8130524c
t2t_L1000_4520	6ae99e3ac8349a340231738ba83984b01115f5ee8db1d769360f492f0b571e9b
t2t_L1000_4521	5568efa9ee2944c2351ab9123f6392ea4e7e27606df74552990ce92e578bf429
t2t_L1000_4522	4f4e0cb4797f69d74a32170c40cab1a07c5d3bae66322080831750715bbd6ad7
t2t_L1000_4523	0e131905883705a6537a728d12c9f82642bd12254758617fc41e113fa57ce244
t2t_L1000_4524	5c699036d4cf120aac4e6ebbb85e62302e374641d32a21a1a7e7dd8ee5ab6768
t2t_L1000_4525	9ee06233f64ec8667edc3e492cc0392022f8f8df3e2b2721c608b92c5da69f0c
t2t_L1000_4526	2ddb112fc8e18d4ea56bad4767ac143c815ad30a1a3316a67c0df907ee533870
t2t_L1000_4527	6cab995a66e317fdc325858c78c8c1b4e5b6b68123aed994b27efc57921c93da
t2t_L1000_4528	3e3ab331a22c780719e2efbb2cb5471481f8a655a2fa437d27d6fc5ffb931c94
t2t_L1000_4529	6cd31f644abc850f7526a2fd27edcf469b93a4ec678ba7f8aa75e69aa719db08
t2t_L1000_4530	243bc32446b79d84f3c12a2d50e804d1cf68c8f5988b04238f8ec2757a2801cc
t2t_L1000_4531	e31f67d80638deaded082e9842da13f6786cb90fc509c8ed746bb5535348f71d
t2t_L1000_4532	88e2bd9c8e1ee86df1f76c6f23308b787dd47ba7c493b0f36c607f14b953b9c7
t2t_L1000_4533	9f8e3f1c399e0448ddf7ccb4fd9eadcc64d6098f1740387bde31f50baf98e79b
t2t_L1000_4534	7c6057744d9023c9fa4b06179c5f56a4bacf0ecd5902060aceeb21eff3eb8f46
t2t_L1000_4535	0aecb347cc0fcd50eef3fe7900420a63ca7c79e9890bf2d254d396d7bbdbdbfa
t2t_L1000_4536	61e45e340cc333a0f18605ca3383e8585a414bdae8a2dfeff868e8c80e50a790
t2t_L1000_4537	d4507db7edef8c0e482dcaa9e920306ea4d89f078cb7cded9081fe64751ca1d8
t2t_L1000_4538	c88d56fc1957753c50b3d9051afd723be8fa9ec481db551ae52a99c65643079f
t2t_L1000_4539	ea8f3825db45ed126bf781a3afc52610237e64e952b6cc8e915c6e546225ed37
t2t_L1000_4540	930565294b52d40bd347d3a0d440915ff180e8c0f2b134e6fca5a741e3a91313
t2t_L1000_4541	5c89e02ecd148c073452b64a976ba107e17204f1e0bd91e2f58cc9c8220ad109
t2t_L1000_4542	e8481366a1a43e043d5f11987d91dbdea823317b6464799953399fa923996f46
t2t_L1000_4543	1cd561fff2cf4981debcf993d57f045f16144b05f81ee9e1aecdf51fd9bc6ae2
t2t_L1000_4544	41c034f6b1d22aaa5caed22764aa283d2da5f6d0cd806fc043b41a38ef6356a7
t2t_L1000_4545	03cc771179875555f294c17916eb0d57fd6adee1908e0453d06c7c57c78f5df5
t2t_L1000_4546	7bda588607ba343eca3532f1a29d7a7312afbe1431767314b5dadb9c2a09a828
t2t_L1000_4547	766efdae38542453ff1ce36762f25eb9f8b19571ade2b305b8cfa354e30603b5
t2t_L1000_4548	76695a8b67caa416e016295751817c01aa3216ace409644d25d371409b71a046
t2t_L1000_4549	91b9799e0aa5ea67862ca7112ffd40794e7c202790165935ff450935cc74e403
t2t_L1000_4550	36eca1192d7d6f0602fb74d261c7e3084c2b3834e6d86e788a0691f68f1f3eca
t2t_L1000_4551	7a37cffed866a7aae1cf60204ed00826ae4ba374b0153f231559cbd247afb60b
t2t_L1000_4552	261c05109372f259a0dcf33df37f541042aa0a33abc2732d91481335a7d64c98
t2t_L1000_4553	a0b6d14a4d323b5beca61aa0e874c5eeb42f91e297adc959c150caf3486bb052
t2t_L1000_4554	3621d104c10199828877dc2145ea1b95a56b872f3ebeb98a31fc2269482c763b
t2t_L1000_4555	6a6ab4d41d529a0d2d68dde0463de40c345f411ee0f8e166b1e147e3f2616994
t2t_L1000_4556	3e480b2c20fc0b356d081a3d927798ad25143680e43fea936acfed1faf7e8370
t2t_L1000_4557	99cf5411b8b0d059d0d9f1daa2e5272a063c5a9fc96a20387edba14fdcaf5c0b
t2t_L1000_4558	db6ed945bb77ae1336890864095b94200bd32317bd8f833b7848e8aed732f7af
t2t_L1000_4559	fe324e7612135372017817fabeda622f3f56584afe859c75c8e785da7cbe93c7
t2t_L1000_4560	3a7eaa25acf49e78478e24dc5bb8014828578a149bf88f998e7fd1a9b027e229
t2t_L1000_4561	78e93ca99142bb51a257fc2baa55ae3a1714ffd39392ab108e8153a23eeee243
t2t_L1000_4562	1856998a5d02d03a6e5f6401d88dd90542c6a22da58ab2a080edbe07cb222d77
t2t_L1000_4563	9b07f287b1d8d5a0d86ecb67c6f60fae417b93b7cc9d28c23b8b40fdbb8ee917
t2t_L1000_4564	e7771752b308dab0193ce271e75c8aebf8c04191ef263f653c952630648817b6
t2t_L1000_4565	8674efc7f96ced97e43ab39a56fc342ac089f3d0af1cc292607eae3c0b9ab9a3
t2t_L1000_4566	bb52ad91b67cf404093ac3d488c11d22d6e4b3392b0eea4fdbe70b59d702c4f4
t2t_L1000_4567	776c5878cc445631949346edd175ac6ff1529cca4abfc633975af1c21bd6514c
t2t_L1000_4568	51a39c2a2fb53250282272bd736f984be342b495e0a86d707fbc7c883d7b1e08
t2t_L1000_4569	3283b85c4b2d3c3381b136eedbea518114d65e8a30e8d58f1a28d26d27bcb501
t2t_L1000_4570	00de3dc8f668857210db4083ee1f81f9d9fe7d29a4033b1f0933b1596ebadcdb
t2t_L1000_4571	b02492ac465b96264fcc5fe2e477e32449061ec4d2da52cf531afbf792a5d38d
t2t_L1000_4572	241123704c780c703a7ad35df89747a880a2e18349b6f413a65c2a03b8e09d6f
t2t_L1000_4573	b1d26aca7ee7e49e502a3b450cb04b7ce42ab090f6c5ed4bb4d4e3fa0e2b4518
t2t_L1000_4574	5a324acd7f9f8a3013e5ae2ed35dd6755002c07e72168108917c651799f7aa8c
t2t_L1000_4575	5afc2d12c36f7b801bf36b3aea3ee98295317b649ab9fbf10eafdef66de43384
t2t_L1000_4576	12ba55dc570ce1d845e418ffb42237833eca48732049e53d4bdb2a9cd61ba94f
t2t_L1000_4577	3d533e0e53ee4aa19dddc6abbb01ecdcb9c562e9873114f99d2a7d884b3ebd61
t2t_L1000_4578	944c2cbef2eff3f92125a9a20b436eae5488bd96cb088996ae594e3060163386
t2t_L1000_4579	1ed7ac75e110f834a207488c9a8641b1b63121bd34f69e49c3f41ec93642de00
t2t_L1000_4580	eb7c5560af34f7de3a296d68b21d9e1c5c7c20aedd089d4a203b3b35a2e236a2
t2t_L1000_4581	73c9c9e9e4f89bc2468883e80f1fa70c4b93c94c4bb7d54292c9ffb2ea2ce86e
t2t_L1000_4582	63cc0289059a77147968d417a8852178ed497923c1c434aa333d9719d0adfa4d
t2t_L1000_4583	07be4ab7d054977b23f9dc091301025d8e84be6d25d4d86b43148b83876a790f
t2t_L1000_4584	ce8996d2f028d58325d0e52c6ff97c20c362d0fc028142a34232c74f00da9bc4
t2t_L1000_4585	97d7bbce5f5b1a0c1353834bdb1ea0494ca0b1242fd96dd4e90a03f7d7b259ec
t2t_L1000_4586	cdbd4eb52a4dc5c4bff16d58e453f088763e124f85266c6c15731552dd4b2ddd
t2t_L1000_4587	7293aa8a8735243bc52fb66da230c03def4a3da47999df88aa03f6cd2e9d9d3d
t2t_L1000_4588	2bda1db6529eb21b908b274ef877a346a5e6036a97ef8a2d0aac38d2546c8f82
t2t_L1000_4589	a795434b05fa73f59a071fdb81ac3f04925b71f942a69c4d25129a74599c71b8
t2t_L1000_4590	044607ac6fa1332245f9c1b6af914824e7d8d0585f23adb1691204ca7d0ff299
t2t_L1000_4591	c9c5352f90a2e78d4d40b83b5d516c4da5239732aac01f6159e1d1d9c92eefd3
t2t_L1000_4592	1e34631d72f3f9e6e3a928cf49bcdaeee77e497bfbb34ec1976d44b8993a5a45
t2t_L1000_4593	72933ead1264255e3acce4f0c88ba242c25094d787ed4fc905d5e8da37e095ca
t2t_L1000_4594	5d75369e105bcfdeae223bca344e90df7a60aac0abf7cca0bb03ce5f197acf2f
t2t_L1000_4595	a4887551bd5e3642a15aad9b73a7389db9a8f7d53879efdf6cd6c494435ce536
t2t_L1000_4596	495797e4fb253f2be48b3408e3c411b42c850df8f40c763ffe9d05208acc1296
t2t_L1000_4597	a99a9e02eedfedbcfdcd22dedd594cb053023e70fe5d8c37d807e674bd5c0502
t2t_L1000_4598	8e317ab6cb5e0a910d6714ef709b61870912d1c1f4c17d8a3eeff37fa9d6e463
t2t_L1000_4599	5d70941b13e62d9e3396d9181a375775b59ac2ac276f15c917d35cc294d500ce
t2t_L1000_4600	49e5ea0f242eb84e0a9b406c3726f9a84fd5be6ba6dbfca8e097e288d153a715
t2t_L1000_4601	9f45a3b23fdd96df13501951ce193e7d4e6a82f46663064f34187b93e073bc21
t2t_L1000_4602	24877d6b92efb369642e77caaf05579ebb48030d276444e58552bde34032da75
t2t_L1000_4603	2d9197d0dd521a52c89dbcc8e54224799988c2f47f1894e86e4c14561532e9de
t2t_L1000_4604	352095222af29139ed6ada9553713824019f0ac9054b1db4ab0176767cfc8246
t2t_L1000_4605	45dd32aee576568844398bbcf08b712bb1b1723d0c6d992284bd8e14ad1cfdde
t2t_L1000_4606	eee332895445a386228f30fad7ce250169b329ba9ad86d06049aa9a0fc716592
t2t_L1000_4607	6d93db47926b9fe7f32ee06b986f3e804b9da7e296105c7e4bee701799938f4a
t2t_L1000_4608	430f59045a0cfbb2209158649e52d62b253fdd50f6a161eba6135369675bbc35
t2t_L1000_4609	3167221a7f0c3db754ae967d5e31aff43d67cfcc933880eb4c51128b9230b78e
t2t_L1000_4610	2a2eae7a537a9df864c99535b660e3f963db4e9b536c82ef5aa86a4c24cec535
t2t_L1000_4611	9458af17666fd42bec7bdf5fd5dbeb8079678e9f8567684561fdbcff3580dd88
t2t_L1000_4612	f42ce4e5e2f8e4017f0df6700b16b071f0042f6e88c7cbbbf939b8194c4b1148
t2t_L1000_4613	96b5233b9ed32a06567b9138832f6eacdbd0aff3147fb2cbd2291884a453d149
t2t_L1000_4614	0991071ed71c09fe27953ce7b142c7d9ccbf4777911979ca965ba9df7fc3bc04
t2t_L1000_4615	a4dc544f462bc64d2ff8cb0e8846fa5fb7e85da06bbb323a091df58be56b1019
t2t_L1000_4616	4a93686ff7d65909537350216a8b5ca85220d608b5987d8f27722a388dce695a
t2t_L1000_4617	0ff99c6f015d3d2182e300c134e0e4cb934f4384e816de27e2fedbf3e9b87266
t2t_L1000_4618	5e5bfc18d81cb000998c1f40ee31eca395af37d20437ecadf46b702a3f3468fe
t2t_L1000_4619	8ae714a24b7242096af524202f6800906c9ecffc6702f9d7a766f885b0de1ca5
t2t_L1000_4620	f12c67ac12361ad444e834ac360baf5fec49db04d5bad3e4c3edef6b7a0c1115
t2t_L1000_4621	a41d7a9a1cd9ab47cfb5d3c1f2174b661e07857ce8129d924fcba1cc36eb0db7
t2t_L1000_4622	9224b2f3bc819740aadc4eb6d4bdfbcbb021f6b677f611d2844b002cacec6de0
t2t_L1000_4623	434fd7aaa31ec0aa937cc5ec1d881d52413de72737c25210f9d01bcb340976db
t2t_L1000_4624	92304b24e810e83c531e1235958384b07c8c5f446c7eb726856fa1f9567cf671
t2t_L1000_4625	b602346f063abd447024817df114a8153cdea7c57874e9d79c9f464d9386327f
t2t_L1000_4626	ccfcee9eb42fd82ea261dc3039b060bfeffc8016f00540815c34156867fe603d
t2t_L1000_4627	add7148e955d133f224bf1c572ee045dfc16968e76646031923aba78929c055b
t2t_L1000_4628	64d66ff8fc17956a4e50881f2696f0f303c8ea1f0a6667422bd8c6fc7ee386a2
t2t_L1000_4629	d3176ef4bdf29461e32cf00fc33d637661cd9cf0df19d756520fdabf914e9e97
t2t_L1000_4630	b5bc5a44864a87230cc0f576e0c3397e6194ad1cc73b7f872b07bf67cbf6646c
t2t_L1000_4631	8a44e940d766527c7c03f825e6adcb3cc446b9448d37c325fe8d4acfff31bfa4
t2t_L1000_4632	c4bce2c4b357d283e287263dc7d41af5053d3681c1b27c1dc9a1205535ab7ff6
t2t_L1000_4633	cbd53005d6373038ca66512c29e3e5e8dc742f3d1c14e5c6844525caea18dc65
t2t_L1000_4634	d5708e8935e919a3e596f9f69d6eda359929fbe83422147e05bb6250979252be
t2t_L1000_4635	1196a6a8c251885e4ce2d06fb94d1ed6060ac3e1f32b626e483ea335d469ea10
t2t_L1000_4636	64a4b06fe340fd4de4472a623fe4253160433083229e5579608cc333a13ad114
t2t_L1000_4637	36e8c09c0a815085d2fc126e5617af9a8bfa76f18ae2dcd7363453dea9fe3cec
t2t_L1000_4638	83bf1e9d01c0babcbae7bdcf45c9dc948076b90e8fea2de5b4a1552a0ba6e598
t2t_L1000_4639	67b0a5ebdf8f3699ec0d91207ed5297aa11ea624985c7c770f19f19e3be1b76b
t2t_L1000_4640	9ac3af664980b486b13f66a6297571c2362c5edfa9a12a5d9bd9ad20bc0d5f2b
t2t_L1000_4641	b9214708ab2d8775221ab87748dd4aee6cdb30c3efa12b88cabc3b0427f465b8
t2t_L1000_4642	027895e67872da8d4685f3f2b81ca7d85504fbce8cf5a9deb59d11c05227ba4e
t2t_L1000_4643	9a82d305a90e38a718ed6f24bc85083074b1bcd060f35c6cbee9015372e9382d
t2t_L1000_4644	d2cd23d50c76423fb6a52eef454d0a460a7064259c188779f5e67f55e4e4ee39
t2t_L1000_4645	4197d6cc26109fc9f55e638c58306988acbed0f29a8bd42575f7d7f04aaf0860
t2t_L1000_4646	534fcd7a7b333a5ad75dc2ef49a77cb875e49705c1f4f1bf696b3a049785639d
t2t_L1000_4647	662047476dd0940d50f85c5ad51e66b7268d07ffd2d2f7e834f5c95e73bd4104
t2t_L1000_4648	b9847b6f625f998abe3370e4c70634624ea3cd11b6e2dc2a1947ec21726cdc9a
t2t_L1000_4649	2fb432842abfe7c93ba6da2eae6e17328b13ad881ed9e93b43696e398a34a6e8
t2t_L1000_4650	4c03cd583d6df4a3b4b2c3a4ae40687b270f5280f6662b125f1ab45c409d0f38
t2t_L1000_4651	197b73a307132f8edbd8bd813af5009ad76a0c3eb27c4430b98d22bc6b1a9401
t2t_L1000_4652	fbc43e338275f6339e1e6322821fa82b626ad7b4d39f46c26b97670ce49d558d
t2t_L1000_4653	24494bbef0d00f8df00d92ef8973e9ae84ae6144222fa7ae4d237e943bdf0399
t2t_L1000_4654	2afe03f78cb1fca2aefe2bafc16e89b5f0d8a7096a42aa738c19a484a489d4d1
t2t_L1000_4655	1ddba4fccc429c95d9e4af53e0135a958c17875db5a8f89f3f636c04f97a7215
t2t_L1000_4656	4bb775185de743bdd13ee3e017b7673b62d1dfd05fd92ce7dd697cf8691cb71f
t2t_L1000_4657	ec99db1a95c903529086e20f09cbcf5a430d5ba04a84d063793a093bb69ce277
t2t_L1000_4658	8af5a288a05273717471749c57c2c768c9ef07ae15a245d6b9d0d4841d319943
t2t_L1000_4659	0fbf680ad821b2d3fd599d54843de050170519144d2aaad9520695aafee78186
t2t_L1000_4660	dcb4e878e0df13cfe475cf0f996e1fb898d0a6bbefe6a4169921b1630d6bca14
t2t_L1000_4661	cb3d0091d7fdeb29aa97d5af668ca3df76ca7406ab1a9b4868ab3b8a87ddee2e
t2t_L1000_4662	67c8765adbd9cbebdadbf8f8f5e7463fdada6ca57b9097a7bb72aa06e8f77696
t2t_L1000_4663	bc053a89b6543ecd1b8f677fffe80bb98e4439c41a83f0759f15eee36179c544
t2t_L1000_4664	1c92960fe80916d86cf82123df98fab9b0f9a7ee903f5c8162aad4eee4c7c32a
t2t_L1000_4665	73ffd09431eac706172997beafd3fcd2475d91c6ffb77026da9f5fbc788bfef2
t2t_L1000_4666	d5984b148510c27410da916a4c7f34cbeaea2d4c78e6ac501f4341cd9388fd30
t2t_L1000_4667	6c51b86b9defa76c9ae392f3cc7138221a2ec8d2e15f7ab6cadd968b594001ab
t2t_L1000_4668	abeb219d11e617399ad92b51c899be103c414288d357a5ddd744586f4c2a4aa9
t2t_L1000_4669	24b7418487aa01345d24ad6daa07c6fbb294c7cb18c5407abef5a3ca8631804e
t2t_L1000_4670	e6ce2656e9c901256330c16e1587c2d19934f83a80a9819a79c438b6e3241d0d
t2t_L1000_4671	5549b6f55ca46a03ab578b1ee19fbc47251cf6b1ff5b973e3be4a7ece94aec4d
t2t_L1000_4672	fa83d0e7803a44c1eae21aa85c1a6801f6360f23f0f3d41c441c88cace9a5fc5
t2t_L1000_4673	477d6e4709d6dc5e8b6db1e7981084485c812a61a5bbfa4f5b9e0955f8196a1e
t2t_L1000_4674	bc47999b6c00f09cf43ac5b37bfd7fc54488f184cbfd964fbfccabc80709f70b
t2t_L1000_4675	f7b5be4828dad60ebc66b8d1e7028f6d35ec7b9cc54a4fe85ec2e8afa9361b98
t2t_L1000_4676	ed40cfe26b1052b96728655d67e79942dcf5b403cd6bb6b6ec5b2a1a15ff74a0
t2t_L1000_4677	7e10ca61ae3a580340bfc3b25eab43deb7ec1147e8c04e1b8ede669d9d16af38
t2t_L1000_4678	1f8f4b583219a8ac45475976ae5ade4ff2347b0aaeb68507f7c6babf774f33b1
t2t_L1000_4679	81a965d0715d66e547b9f63d62d5faf35a0b41a04179138410437781db56beaa
t2t_L1000_4680	c08a3a92c098b4a0e6fab238db9799797eca88d9c0e0bb25298df8fa245eccab
t2t_L1000_4681	b29fdfc31814a9dd8702a1472d41c68f7699edf9ef9f0a29d99d95084b9ab0df
t2t_L1000_4682	d6bfb3224d6e205fc1494a22afe8d18ae98548b2a2d01f4791717f14ec7f7450
t2t_L1000_4683	b08063176d95aee323fe6a3254a06fcb81a0107422611ddb442f4f83cd0c2935
t2t_L1000_4684	3574667d3ccfe7a3518f656d45d477216824e767f0ed29bf17d971f6a713b839
t2t_L1000_4685	10f984b4db895d72eafdbcba55e7166ba284cae61bb72864f5ffbc72c315c3ec
t2t_L1000_4686	c9d50d742ab50d806d48e8b629de23126ed6ac76f5440df66de09c0a5f29dace
t2t_L1000_4687	b6e900e713140af0d899f943989e191a12469a3bb963e60b05c521f7775f78fe
t2t_L1000_4688	1c94f1b81b0e1c652651582d5131a0a440ce6cde9cde70218b25077cdf072f87
t2t_L1000_4689	0078563f15602df8d498de3ad8bdd917752762bb1827ac715a6e726742633e35
t2t_L1000_4690	40257d6b44323bd3c50a74495aaa0681a516866b8297aa4a7dd5a31fc9ea7dec
t2t_L1000_4691	b99081aecd9cdf09f947c045186416639419826f8b9886dc96aa0b093ae193db
t2t_L1000_4692	118fc4b5e39db03a5c9b1f921f223ac6fc00c2d1375379c8fe67a5d6f3521779
t2t_L1000_4693	12bc117ca7ea88ad884f13365e4b2e00697e1c0463e7f513edc6938948b0e2d6
t2t_L1000_4694	5bfb75858ccbf1062febb7e1df015b0cc9e7f450db7ecdf48ab82f55fba52986
t2t_L1000_4695	6e376e7f66c5bdceb2575a6a75d9a4b941139c29ebc38da31722ee691e2aaf54
t2t_L1000_4696	6fd23be19f8f7812b10cd805f23957c616b52b161715306f09800520a4d0a9a2
t2t_L1000_4697	b7a0c37cb6125ecceeeb0777109b5d20a097b0aec2e157efeb1bb61f3862be99
t2t_L1000_4698	fc0e07281821c1a9fed8779fabc15ee0c81ad6320ec2396bae792b0bf406881d
t2t_L1000_4699	fe7d58935d73ec6555584cb869b6055fc44e9228c9f1922bd5a48a455459d217
t2t_L1000_4700	1b02296ab4c7a09f2bde2787fdf083d489ac05183146bbcb836a43ba03dc2cbb
t2t_L1000_4701	ee4eebdb20f734e6547ac51d11ebc37234f5ac8d27a950af749c405eeb8ee4c4
t2t_L1000_4702	a7e6dd8c047891eaa65be7bb75d5c020e6b836b4c4c7e2534ac5752df3771fb7
t2t_L1000_4703	8632a9473590b17f2f6886cb97ee6338c81da78f5843d432e8db08eb21fd6e05
t2t_L1000_4704	2853f1b4b05f01fea564c754d4d40f3db51c655459b9e9c656c55f1bcd51e358
t2t_L1000_4705	3d2010121f0c03b403cef79e48a94c70e036b1bcf734569362ec7786f38caeaf
t2t_L1000_4706	1ab9a66215a16a5d68f37253876d4b58d8133839e2a77438fbb0dbca024461da
t2t_L1000_4707	4f4d8efb6ce5b4ffe5594f8bb9dacff8eac5f4c1e39d6dbf99c5173574db4bad
t2t_L1000_4708	5f1ba1c80808160126da90aecd2af3d724e648edb5b91114ebe87a39fa83a75b
t2t_L1000_4709	e10da4c21927587ecc72dfd165473cfcb925dbe8d95206a4953e91291837771e
t2t_L1000_4710	6025241ce5a389bdc6fc081535580bc1af87f2e29cd75f8e99e5e487bb49cfd4
t2t_L1000_4711	cb6406b7338460416ce3951f72cfb6e574467e936410000420474d5b7c66ed16
t2t_L1000_4712	385525caebdc5700456967df84addbc2dc4a568c9dc1434795f78e1116d55cd8
t2t_L1000_4713	5b4027ac6376c59fa046721a224f56b0cc8e25c1ab0d029aef5f330c07209f23
t2t_L1000_4714	9b79d4155e65ddbdb931e36abfec7a70a8873959167658dbbc9f1ba018100dda
t2t_L1000_4715	48d25dcda64888e24b715fe5d56cc88b621ed492f20f01af0e83176c255e5e7f
t2t_L1000_4716	5f23354d401d298db70153f7a6e0062bb7052c46606691f5c2f8d373e67d957d
t2t_L1000_4717	aa973d8640b2413b62cb01292ba93fdc2d93813de5dae4cb9c7e209266126729
t2t_L1000_4718	33ad1bb46e4a7118105077aa88bbb678f42614c3622e3e7d13e4c6426a4911da
t2t_L1000_4719	930fb3ec61a8ed23947e1e089ab0d62de05bf2b7129d54c968593f825a3d9b32
t2t_L1000_4720	221d25a78538851014222d4f4c637266d5ba1ee200b789e1f9d0a36805c9aaa4
t2t_L1000_4721	0d3ad93999a1329ea269c30f611789dd570ec036480fba15f1dbf2ff94827470
t2t_L1000_4722	d446b126f9732932728f44b40e3252282c0ad2dd9f4a5d3916edc6bab6e9bc0d
t2t_L1000_4723	b9c109c299d3fdada9e321901750ff9987ca2b8081a9d5d561f9069f6c4a2935
t2t_L1000_4724	2b798d70d825e44849060860593b150d022261c592a7cc252182221b38eaee70
t2t_L1000_4725	fe5c8921079868991e0891da4545cd990234243271df89ef2bd16bdd1f26fac6
t2t_L1000_4726	220dbf51a0d6743cd6d3f6c2fd3d4ba2e303b86ae4cf3bbfabd52526f6ed0f08
t2t_L1000_4727	a7b80ba83fd9dc7552a25d5e9191f97cb2878f6f4c65684f1eb84175c4877863
t2t_L1000_4728	0c02d0c2414fdf226730b25f0275edbe928c72075e1889b35e4da7b99ed025aa
t2t_L1000_4729	4cdf569fee42b974279c4411d4bf85d3d9aedb1a105c03d16b242ee23a9986c5
t2t_L1000_4730	de2e5b4930b96e4ea3d217e3533e91f38d40fb15ae00c9041bd1232bf3437a0b
t2t_L1000_4731	0636a57ca74ddf9c52f4d453a2b59249e0fe6f7495e943704573129419c51500
t2t_L1000_4732	4b33239289fc7a2e0320aa04176619dd72128c4c5a3dd1ed537cf442cd2cf57e
t2t_L1000_4733	b3d249d89bc35b4d3ee41350b94cd54fcbb295a334c6182a65cdc81b989716dd
t2t_L1000_4734	c9ccda1d1275f95daca11d54943dd64f4f9821b415120fcfcc09536eb70f82d5
t2t_L1000_4735	3a300f3c7334dca039b22d33882476fed16af69845a4b06cece118709b26c252
t2t_L1000_4736	8c9946648373478718a0907510046a3fd6bb7c9293abd9ee46e876bfa5b84dce
t2t_L1000_4737	628bf4d272bda1c5c8f135869a119d97b73acc1005ff0fcf1dcf105bc768f6df
t2t_L1000_4738	72afe8d40f69da79674b0c9400845b33f17e9c151a33e5e8d29390c03e6de971
t2t_L1000_4739	5086118560159f964cfd37ce9cd3496aa5cb769100ce35d56fc5573c1fe7de23
t2t_L1000_4740	56882566fbb3e4a27018614e2f8fde4a7ca59babcf73122a3e643c222b59a3ff
t2t_L1000_4741	7acc980a2c06907a72c31243795a3eef4f39b9c9a7facd119e148ee6e16c9726
t2t_L1000_4742	abb986bd097ea568bb2076c77971ff9977da5d2aa581411e1be2640ad52e99db
t2t_L1000_4743	ae78a17178c5f9b17eefe90e7d2dd7480e497919075b9ea9942475f1b478a1df
t2t_L1000_4744	bbe1650e9e4fd7e4988a85615a4789a80ac403b9e776d0d7fa3b35b609258792
t2t_L1000_4745	e525e9b3149c89271ab62d192e32686f50eab46cdd35448509e9fa35485b3f5f
t2t_L1000_4746	780cdf22c8cf6feac7c3e60c158c468226797a7625476d1715acd724110425ff
t2t_L1000_4747	f351197644fc591add343290b9700add3fb46ffe428c94902655d49dad22b82f
t2t_L1000_4748	68c05eb9fdfbfdd751d994416039e10b36265e097f4fab494bbdceccd87992e9
t2t_L1000_4749	57baa237c04b8541e33aae4e88d540e6b55d1b4453d6721ca1ea58f57411adeb
t2t_L1000_4750	395a403f6fb5a4934ba6b34a2d9179ddcf48c19e86168a870ec29cc6a4e2253e
t2t_L1000_4751	ece36453b8442f424f053359591d3ea4d9f6afd276f148c5654bc1ac2e365eac
t2t_L1000_4752	8cee6a481f0695693e6bebbad8569fb2afe644d9f6e3695d0c7af82756a3abb8
t2t_L1000_4753	b409471f2da024152f5bbc98cfde96459408731188f3f5deeb17771b79148987
t2t_L1000_4754	915233b85cb0506f5e087e24dc642ddc306584f89ece8324c53eb9baba365247
t2t_L1000_4755	7f3699ec525efbd5a63c8fcd654a119521fc30a1e474b35a945db3476d1e3264
t2t_L1000_4756	72d4af0603b363837d047a6f7b1c8d2f0120272deebf52b4139daac68afd6daf
t2t_L1000_4757	8446fddeff90d70f39ec950f3e99683fa8bb3fc3e5e6884d9c3cffb2fc407eb9
t2t_L1000_4758	12d32fd8d3bbee200ceb5549c40ff1b35b76d6da20370223294e87e2da2499a3
t2t_L1000_4759	03451eef14a5b202fe1537dcabcb25c3f44c387cabd81c9cb68497e9b5d7b43c
t2t_L1000_4760	ed5f781a94ba35ca9dc5ba053786530eaeb89e954b32e41c3a203812d77c741d
t2t_L1000_4761	12edf0c7df2c194942fe81c0f45f26782aaeb2fd1233763b89ba434a4e9e1910
t2t_L1000_4762	03bf77db223ee0509fd0f1e1b984c15cccb82467463e4e836c725e8fc73f5f58
t2t_L1000_4763	60a4c0c724fc6b42d5e3d79eb2465c0ad1cae44140c91ee12a14586bfc111bcb
t2t_L1000_4764	378f7b47128bb9c3c44806ff2bd2478edbb14c2dccc144814bde9b31bfda42e2
t2t_L1000_4765	55efb382aaf144108f7f3b3fbe760fc96f998d249ac561114645d689eee70a2a
t2t_L1000_4766	dc2c7c3714c35d36085b9051107806998a8290eb37badbd8c95015baef7c6cc9
t2t_L1000_4767	5394aa4b1792d76f95cd8537f648f3ccb0ecf71a552540f748ce7038a374c1b7
t2t_L1000_4768	6486a45be50c6eaa603b41eb577392380a75ad1247a74a98ca5c85cad2fd5d9e
t2t_L1000_4769	b8478e3e8e5316bfb84320407cff017218f63c2706df1c793917b5fd118baa2b
t2t_L1000_4770	5f3a81d4b86dd75a5b9ff13368e9886c2548fffa7e6b9094715d881d7ae36d6d
t2t_L1000_4771	6a7d087e3ffda280d2e53cb58661ccdc965911d0e72ed2c09ec39d3f02754af8
t2t_L1000_4772	4eef571c81ecaf9dcdd42c93356697e36995c2493e4a5eaa37994549bfb7a490
t2t_L1000_4773	bbea1b1d0adac01c985f8b60ef257e91d1dba3bc6b86c0ac973e8fa9cb9e8ee3
t2t_L1000_4774	a311dcb5fba6d1f3ef0b325a94d287f2e08a5b758cf80f2fc6d5487b167eb1ff
t2t_L1000_4775	be912ad740c09502bc7f2b0e62460ddec1be4229866986ccd9e642ca8d6c39f4
t2t_L1000_4776	3769c872bdd5399f9bd9f4deecd72465513ea77e163952a2488576508915952f
t2t_L1000_4777	3745558ce0d09221e6e6b426cb8f838f2a37e6d627c38c817b1ca6edb83c5ae0
t2t_L1000_4778	260d6f40f29f3dde850f0a9064528a3ab4c1370dc3ed165a4a84b706fc12181c
t2t_L1000_4779	9e7918222e8293f6cf7d6dca4add10f926e40cf4204da9d3b6cb39cbf0936a83
t2t_L1000_4780	17676b7abc8863865d410afacc8e8695879235af19142be1e1b5fa728e12a66b
t2t_L1000_4781	d6df606d2efccafe73dff1c9b8da203fc84c1eed03cb01072e60ffef4cd3a911
t2t_L1000_4782	983dbeab67a92c5cd7ac7c4400a662583ac39d63901cc9b3ae80e9d873a854ec
t2t_L1000_4783	8e9be4a3cab79903565a9c1d2ad37f2b9c8b867dfe72117c1fc85db999d01399
t2t_L1000_4784	cac87cc7146d4b10ab2adc066224baa06249fe8742eb0a03b07c49f3a0261842
t2t_L1000_4785	7c906c29e2a79c5a42b53d7a2bd1861deb1de40decf47c9242ebed783af888ef
t2t_L1000_4786	88c6e573e9738c36ceb06499992848416e3743c4db9d450a5b1c5ff1e85789fb
t2t_L1000_4787	6697b177f33a09e9ef12442e58fa238c196ff6b7c9634c1163d87aa9cf1eeab2
t2t_L1000_4788	eddc4d058de2a72c26939a1b4ce074b8de6f14ea421fadb6cdb45fe5af2fa627
t2t_L1000_4789	2af267a9268e5839d1c8ab007d4878b84abe8a5c65b1c7cac4f7034395526a9b
t2t_L1000_4790	65ad40ee6494d935dce17401e78d0ef38d74a84cd249ae3a5164cf0073aed0a7
t2t_L1000_4791	a938fd35608c65dd6bd29224df7f3f0e919dd10cde22977c229ebe833fe54d60
t2t_L1000_4792	25f60dab8e87401b91a9f411df0a6bdfe78ecdcc3d593d49d75a549afac6d797
t2t_L1000_4793	aa931dedd468faf5a5313e90ab6047eb951023fbfc23c5005a2f853e650391c3
t2t_L1000_4794	c9f3ede995991c369edf42cbb67b7aea7db7980e24b8433c7954a19d6a7f521a
t2t_L1000_4795	fb5ab015b2975f680044f97b10165833f75f3799d7928af00b9d56959a5d88cd
t2t_L1000_4796	4804e776cd1046775113b7de711a30fb556dfdc2efb03fa3e1cea7730e2297c7
t2t_L1000_4797	3ef4e67703ac7af30588674179a90f2ff00920b5d69758dd4c51f7b729382dd7
t2t_L1000_4798	99ad30a16d5f38d91d67d8840076e6dbb8c05cb621a04c4fb18a6032bf49630b
t2t_L1000_4799	9e12464506bf39ae1a2de4aba5c3e7be61316bcb0eb31f0c46fa262d066c259e
t2t_L1000_4800	b18b539d03a5f233944fbdf1dd7c4ed559de3a2fce98ab4bb4f3d9d58ae7e574
t2t_L1000_4801	9b2832a6682ada8b359b3832144cd8e6f02c1e3af0c4842c5d1c02179271ea46
t2t_L1000_4802	220a90d566542f47c26a1a946e9fda0b6d98257dc6355e8d9d6ce75c4eed428f
t2t_L1000_4803	34b9808d2e83056c1fa0c08792c78c38ceaec47ed3d08f66d4a51befaf2e4601
t2t_L1000_4804	dd98ce9143f39295b4b3d7d68c6579307a85aebf0ab27bf44b9f459e0413a98d
t2t_L1000_4805	3a582dacaef2d9f59c964c9ae71ed197ffc5ac17f4051460a98fa45c8fda93c2
t2t_L1000_4806	bb8fccf0af4e913c586ebeee34cc90bee97a8097aa609e684ca5fcc39360e8f3
t2t_L1000_4807	51f905a15902cb9aff76316177c7ad15b34e82dee0b9a8e2108d0f36e42df434
t2t_L1000_4808	8e07765760993a1a92dbfacdc0b1da1312da58640a0cd8c2514e2c449d525f85
t2t_L1000_4809	cdbd04e4c0b5f4cff93be5464650084e04cc3f6226c502e4577bd45052a57931
t2t_L1000_4810	245fccff5f300c1a84d5fa469c3d293d53572e41ff0a4dbae9b9b00eeec876a4
t2t_L1000_4811	90c196310c2b7aa3ac62a01372fd7a36d86e3f2b6922ae5d35f20ed7a6212da3
t2t_L1000_4812	e91a07db6c410f1188f22ff036a630702511dc02bbb0b4cfb0ce9002a451c8bb
t2t_L1000_4813	b1013d235054137373ec8568cee16c1bb3a4ad51c58321b36d2858d7789551d5
t2t_L1000_4814	a9fc20aac2cbc4b05c5753696225933d4cf2902eb27b2cdd3d2d0f647470a048
t2t_L1000_4815	603be408c52c839f37e9ed17da5e754b1e9a84230da61fbe4a9f377d7337ac44
t2t_L1000_4816	c62dd60532d5d37bf49f5ff98b34a8d091e7ce8c195c144bda27b6c96a157cdd
t2t_L1000_4817	c617a99cbf2fffd5bc4264b3958871ea5844435d9ce7a2cd8d0015726fda846b
t2t_L1000_4818	1b4e6c944d66236f11a004a569cd8b0c7cd08b363f64d7c4c6c02f0bc86cd0b4
t2t_L1000_4819	68fb54bc79e22d2feee07d83c6b964290e00fddf04236877cf30543f1909bb4b
t2t_L1000_4820	063345938530918c042caac808dd261bfc98343e135972584935bcdaaaa78719
t2t_L1000_4821	6a031fdf44fef6e5868558021bee51694df7a1d4754381fe70159f86e0e8b1df
t2t_L1000_4822	fc9fb42809ed9b7c7e9a23b56801c030a6db33fb3e9d95e5b2328480b5b17c53
t2t_L1000_4823	2e7c1e3615a151269effdf22ba6eda511fc5922e8ef19a034ea116fb6a27a78d
t2t_L1000_4824	dfa800feaebb4ec9bf3a17c773c4eebc315bfcc2f513c3ae5a38b17495fb93e3
t2t_L1000_4825	4df82aa9d7f5e061f434d026b2a8736ad399d8510d3d6a072e43a348be0d395d
t2t_L1000_4826	2f0d528666ca087d515c8251aaff8ce61c1e2b1944f65003bbddf84b28d2f541
t2t_L1000_4827	3e347c7d4a3db9007e5442d3f2f3f2bfe10c9f7ac8df8efae708a402493049bf
t2t_L1000_4828	f8632a527c3e8e13939b85f8aa924b2d52781bb9971d0fd7c464a27bcd432129
t2t_L1000_4829	e3cef6df9d5f8476be182a67039ebde8ecc67359a271ebd211907afc5d776fa8
t2t_L1000_4830	dcc93708ad48cee6098cc6856c0a6e9a9182fdc22b43398e2a5a7273b5845e20
t2t_L1000_4831	07a329523800ea84934276d5f946eac3e7c9c847c846fd94bc491eccb6408ae5
t2t_L1000_4832	c8c55c2d0447a495b08b194c6d7145648d159478b19eb3863c13b9e0fec7c4e9
t2t_L1000_4833	bbb0f9137b287da83073f038f97c18fad83d3e2d897485a324c844d9a0785d87
t2t_L1000_4834	f35a6ca557e8fb2e814409e5c588acc23c9474149313f904f048ba1d8765d5e5
t2t_L1000_4835	6e56cb2bc93f4a80b6d915ab4dcbadb2f812f43434addfadcebbcc6bb4505f95
t2t_L1000_4836	54221b55fa9e16d06e36bf1b9df4277a52a62a43a9075bb2bb1a9f450ba3afaa
t2t_L1000_4837	78b6e1a532626971d527e88210f7ebd7e5484b4732d2d9583354bb8e313deea2
t2t_L1000_4838	c797ea416bd13104e048866eb6f26746911be078eb11cbd9a2311a161903bfd4
t2t_L1000_4839	dfc07ed3bb8d7213f9f95c9a3cf0f547f38dd5fb07cc4bcd0acfb2748e3fcaeb
t2t_L1000_4840	13ecdb3b64ef2201c50aab34f8b046c6affde0c91f3031b8806c6e1b2c9484d0
t2t_L1000_4841	69bb1b2c5b05d5dfcfa6e3a427cd670f5cbe523331a55a9c71f08f12336ce310
t2t_L1000_4842	3d80cdb6889a856e60f2d3ca321751098b61002c3a2231f090d68d47c416fb59
t2t_L1000_4843	cfdbcb73287001453930095de3367973606b9c108ad9bcc74fff7445aaefb4b8
t2t_L1000_4844	3ce8c97839e2f251224cb4e69db6fb5238933b7b48081e1bbdda6e0d43b3958f
t2t_L1000_4845	b84028120d8f6a7ee1893685db24ca231930cab8946b134b5e9ae714e67778dc
t2t_L1000_4846	8dc3d257440fef17ea165eb3f71ffc3724ad075e63cbbfe5f43177f29ce8eff1
t2t_L1000_4847	4d1d3f20450d469f84756d85777bd75f22cfc2fd2390d8664e8efec10e7f573c
t2t_L1000_4848	aa21168b449468bce91ac3b9e6ac925963c21b9e91964cac6c3d01b686bd064e
t2t_L1000_4849	2d6ed1f068a9ddc6d55eb7b0fd8aa00d1dca541a64e28b2c803d77c58a62568a
t2t_L1000_4850	3148656f982f20859369d6e2a143273b28cbfd7dc48bb041e5b76f556427abf7
t2t_L1000_4851	4f4c1890153a00034be2c0a5199518f46c7a47c8473f72698b8c619d0970046f
t2t_L1000_4852	8b762e577d7c29dafe11f950b337d0058977eb86448c717067b1df11cd357d5c
t2t_L1000_4853	1ed9193cf3137211bd065f8828ca4371a6d2a966e5e183e131789bd3cfeb6774
t2t_L1000_4854	026f1fdc4bbd431615d12e7a51589dddea810357c322a1b379418f6ab980fc9c
t2t_L1000_4855	036b7d379eb6036eeba08c0c766389d8bae4ae6e3ff4551bba0f5beb78d8cfee
t2t_L1000_4856	2fc6f06724566cc324574996087f151be4b61eb81c76c614416ab6954473ab33
t2t_L1000_4857	8b8b00fc2490ba206a50cf8429d4ca2563dd68e750b5fbb783f9d963f40f8045
t2t_L1000_4858	9cbb4a01ea1140c6896d67b0c9c52b9142923a3da8d233b9b014e914cb301681
t2t_L1000_4859	7761b022fd43c22f1feccdde08250f098b1e11cad1977fe15ae80036e9c04345
t2t_L1000_4860	d39204b36cf12fc379e6d735f4cb5744f932a977481644219e6ad59ec2399966
t2t_L1000_4861	721b7d2f5763b78f725fb1f396903b9cdcac0495b83709a4a921843b55d0f521
t2t_L1000_4862	befecc5d30dcbe04e6e3c9d83866d1fb619d04f9e41fe11361d27dc8b69d28b6
t2t_L1000_4863	5cc8dc5998ead1511626dc334b980c1bcde8fe8adb989a1f64f2347e841afabb
t2t_L1000_4864	1b1dc26566664d6d653e541f114b04a715fa26e066fdf72f96d1ac4edaea5172
t2t_L1000_4865	b84c8bc7a0a3b247d149a8dafd4b9500c7ca3ed637b63477f0692d8938c1d981
t2t_L1000_4866	ccf6eeb21808a0fc118f3494683df72a9fad8ebe83c1196272f69a22081a2920
t2t_L1000_4867	5ea065bea608852903c8d6a2627bfca2ae03c8ecd440b24bafd41d8f0a0e8276
t2t_L1000_4868	a67d412f2f224805f5f4fdf72fe5fbef0d56e6141f8ef99f783c86c310b9a8d6
t2t_L1000_4869	1afdfe6478827d04a108f03dd334fc47d635b55295a3c3b5a3012fec8fa79dcd
t2t_L1000_4870	679bf0ca4589320ca8f44e79563ec7452edfc1731312ce6f37f7a208379a7314
t2t_L1000_4871	058b5aa238641cb0b45a2cdb78d1c209c9fea3accd491e2c86654935f7080921
t2t_L1000_4872	065625424195d0d72facd79f4a75fe02db53e46f640f4e2f9b48a0e48ff9e237
t2t_L1000_4873	4fdeef35eb44e6477437c0e5dfb3c5313b387cfbac258fa07501ebc7c31e17d4
t2t_L1000_4874	dfdec7e0d88350498794a6e29498a825592efefefeedd2d59a9375adff8a1fb4
t2t_L1000_4875	2cf2bc4d3c2b987a3d101509859c4d8b042d767bd213ffb117a9e2acca5c3c3a
t2t_L1000_4876	93c956b44d655d985f35edcfe8a78b47c60c41ad16a34376879aa491201acf25
t2t_L1000_4877	20b2c86b092735c731d0782ec3d1f49b19bcaace0f5a470d7e5b39721efd1e8f
t2t_L1000_4878	e466bc583feb82c95dc86a46884875bb3cf2ef47706e16cc9547ed100a150110
t2t_L1000_4879	1ab53f36b20dcbaae775fe91364d788b9e4348ae17c31bd01b0794715a40f798
t2t_L1000_4880	03bddb8c88c4c0f5b4ea255d9994cc0d108c1e9fbf5ba16e8ff9e8cd6271ef3b
t2t_L1000_4881	6488a7c7de4f53b188d53bfa20f4b9054cf8f7faf06871af565980f6c6d4597b
t2t_L1000_4882	f3e7cb84153777b7931cf425e57f0fa6aa5835ab258dbada06903d988638b429
t2t_L1000_4883	74f7c415b8b161806be035dede20b5497489c544a3d03a03cf0a01ff0cc8953f
t2t_L1000_4884	320917de8ebddbc2c85d0f31cb67c9679a1d026abbc8c4d6a3ab63e61a6bb73f
t2t_L1000_4885	5e167748d41b9a5927f3dd8b0223c9dd249a36dc9b1e04f6a36c299a9b4e190d
t2t_L1000_4886	ad03908c064214c55c048cebe599b57993e26e8185a5578bf88bd4e16c70d63b
t2t_L1000_4887	a4c09fcab4e0d71d190ad5a3fec76842519e9ac024121f097efeb7aa182751fd
t2t_L1000_4888	3023a0043eb366e9363ef7a8abbd14038e35d475896279d43e5c513cb8db6d96
t2t_L1000_4889	8b7651923d8daaa41e06002c45801e104ff7df8622c70fb7cc597abe5f474818
t2t_L1000_4890	c7b8287870b2c29e5adde9464e44d6876898e04238cce7828a1061d3cf0b0d67
t2t_L1000_4891	3a3e0ba084079119f741df42c61d6d37ba1067f2be63004f562f17d0ba2fc372
t2t_L1000_4892	0e64c155505f8523e0a390434e72f419b161d5e9fdeef90ed5095e6842fb1611
t2t_L1000_4893	5f4abffdd04f44ebbb2e351bff9a01931b024d23b124f42e645dd4599ccd3084
t2t_L1000_4894	3ba9b2941f660ab1a5c696233ddf730077dbfa79db8d1019a7f617ceaf0565a3
t2t_L1000_4895	c8debfb47dc2e93843529268cefe9845ec657714cbbaf7e4b83b6908dc16c486
t2t_L1000_4896	f10306715044d0c54d2cdbef762f71ccf5e90cf6d48e7f21a45fc6625edc72f3
t2t_L1000_4897	7a6d2b04a4d9a4b10354a7dedf473129e8b5f5eed1735025fb87cbd2b51f0f24
t2t_L1000_4898	d24f67f360d274a795280aecdcb534103e9c2d6ce3bff8d8712232959f6bad83
t2t_L1000_4899	045f1a2b7e1e28a469d422ab7e4a347786931e16197b4932ea7087a2441722d2
t2t_L1000_4900	205fa9eb7cbdae85e665e71cf11a8d462a7c93fd6ad2aa2207f67ac502887087
t2t_L1000_4901	adb354ee26ac63f078f5c19b6fca53067fd1372200d2d03edded98e8c08dd29b
t2t_L1000_4902	75562e41c9dedb8c176374e951989b5d72476c772899928ee9eefb7fed6eb01e
t2t_L1000_4903	b0306b573592d6284a62e3d33ff3f50b9abde23d0c011a3f8c31f413893756b6
t2t_L1000_4904	5d6386104eab99a55fd965cdb1dbd20a5469efd9cd858277fe561b2114880788
t2t_L1000_4905	87102e1ed58c77a67eeacbcb7280144050c8a2213755ff709689d1efaf55aa23
t2t_L1000_4906	bdb3b09452a4385dd3908b82184d4b424f03b18ae93b6e0c6566164f6d4fa9a1
t2t_L1000_4907	28a62d0fe1de271dc0fb6700cacc182af2416d76cc3839f898b77b8707630b9c
t2t_L1000_4908	e72222cbe6ca1cd930c7bc8e300ca00018782dcc3f0868a127a4e79d42840a69
t2t_L1000_4909	13d3ddfd43e75dba4d84d9d9eb97a14202c0874fda46f7ff8a2e89986bd672ac
t2t_L1000_4910	776bdddb61db3aa52564afbbccd803c82f9ce7f78deb6f2e7eac8467d7ab8590
t2t_L1000_4911	5b510a7cef519f7a77ab0c20df79371a5fd9a01c0994b56daed43f190af5e21f
t2t_L1000_4912	fa0f61f2a83dfbd5b64f14d082ca9421fd7991dc682fbbdd61da82cae69278f9
t2t_L1000_4913	cc77f0be12bbbb827080eb7bd7e3e1203b0b78695a641e016d8ad38ede4b28d4
t2t_L1000_4914	0191cb9ddf07515d477242be3971e1cbb71d9268058b3d834af9541de3599dee
t2t_L1000_4915	5ca17d93c0feb8a7dc526316cf69ea5e89d390cda40f250d6ab392c50d197649
t2t_L1000_4916	2f3f840b4dea7fd3681939fe8f246dee24665a8beb62f7ac2a9400808ad7d886
t2t_L1000_4917	6b1a61fe48a022d4ac454d9f2a821e2da830d740b095b75e66e2b106c8f8fbcd
t2t_L1000_4918	64e58158054cb4129f6e7260849a731f98aaf1574b74c291af8f93fd65026819
t2t_L1000_4919	67bccbd2c2828ac63dd9ae2d01f6901cd3a943a030332c46a1a57830a159e24a
t2t_L1000_4920	c5c8706c51b9b8e3a8ed90787568fdb75765067da8d758091656755c3b928b7e
t2t_L1000_4921	3174e525c291098e2b3df0da3ec48af2b790d3399f6f9510518dadf29863e3d6
t2t_L1000_4922	df500a8cafdc1930c1f02264b2f43c2e0d80ae172d6d11f846761f9e97c79cc6
t2t_L1000_4923	7c215c47340893cd4134681c8d179cd326911997594bb2136ea08288aae7b6e7
t2t_L1000_4924	3c3b3d54fdd9b55b7fd9e588773460fd2f6cc6d060b89dad781e6f0964d2b5a1
t2t_L1000_4925	d6a39d5865ff6916f9a0e6b58eafd7e7638e4f3fa443427ce38a2cc64d9e54aa
t2t_L1000_4926	6a8dc70d32a78405a85d516feb2ff823832c6aecf1f1a7fe874ee13f7f13df41
t2t_L1000_4927	4be0da7007fde5d5b06796b1adf819d15aa835586383b1f6657dd30968b820c2
t2t_L1000_4928	05e937482764d99cc619dba7c5200ec82a141309ebe1528b0440157dbbbac79c
t2t_L1000_4929	f36c50604766785fa9014fe0bc9f477d87b7932e45018ccbfb18765a3196f3e1
t2t_L1000_4930	8578bb5b6e33a23816c757d9cd81dffde090fa9602b61fa39f7d09ff4b0dd16b
t2t_L1000_4931	cf1da69067888b2d7af72842a4b39258d3556e1a9bab30fc2dcbe51740df50b2
t2t_L1000_4932	a000578c252a9886490a34e1103ed2487a47baddf0e622d7b7b3e649050108e7
t2t_L1000_4933	fc636bc2f2779d3eedd5e489be8526274a2c36c9becd08ab05ebc33aa4c8b5e6
t2t_L1000_4934	7e3569a588587a3d02ba842ced19a8216f75d4699fefcc61e9c798cca31adc1c
t2t_L1000_4935	d58d4541842bbe77c999472d1615e9ed31d2906dd76ac0210726dad9ab5d272f
t2t_L1000_4936	63041cedf83ffc41b9d08f564cf9e94de79253c4211ccafd66d9b716c4992a1d
t2t_L1000_4937	0ed77d7d074bb26b60dc9e957664b069b85e77b01f860c035917f03fc5fe42d1
t2t_L1000_4938	9901099243176b4644f667451e557fe2b5493ae9d09ba8059b5a2faeec8b0346
t2t_L1000_4939	bb6f5cf6b8c504c700dd382ef33bdfb536011de98afd46e4d8715d0eabad42d4
t2t_L1000_4940	424d35aeec72d806453b2facc57a2c8fb10bf0d547165d5c251f6212ac0129f7
t2t_L1000_4941	0a371cc37c93e36b4c1db642d94e969f4964d9f2acd0a73c58d5f9a840b57f6b
t2t_L1000_4942	6c132d6d4b2cd0392307240aba12a8147d5f71668279ecb8db9631f47512cecb
t2t_L1000_4943	91c14abe85e093ddd6504498e93d36826be3b25fd8860b748930403df783e9b0
t2t_L1000_4944	25dad469f2372502fecdac62535bf08a4d3bb68b17546c5f9aa1f9f66cb53bb9
t2t_L1000_4945	291cf70a8c6f05dad068cf7f2b67ee528b8c28a92e2ccc27019fe144c2c6fa4f
t2t_L1000_4946	4c97430a026688b9268fef1c482750612aa8fe62fe823573edebcfb85366f838
t2t_L1000_4947	5cbfe7247e9dadb1a54ee423c9a902f3d1066da6263f5c008d1dfd9a4e899f04
t2t_L1000_4948	fa702195b4a25f410ebaf66a44f26f40ff9c22fa1b2c9d23ae136a9b225965c0
t2t_L1000_4949	7e09940c768c9781502d9d1f1f52524537462cd985a59a7a14334d873cdb5148
t2t_L1000_4950	92b3b5a6609fa90eb277303f6a636828ea129a2f974640c267fee46441f7a23c
t2t_L1000_4951	3050d42cd9dee3faa4e7a5b00f80041f6c57d7f2ccf8df01d5f7c8c834398b57
t2t_L1000_4952	21c88c059624fe6013840b7f85e22ea6b55c1e4d9a7e59f9b05d5245d83233a7
t2t_L1000_4953	cdcbb8944e07b4f1a143ab367594b663b47c7b6fdf2fdd2e72c9369a241087ce
t2t_L1000_4954	192b2fb5dfd8b5f5474ce4090cfe301374d704dbfb0dd866712f3a2c0039fb61
t2t_L1000_4955	db2fc0fb22d9676b5ae8d7dc481caf76c74698f99d863c7c0118b41ec3843301
t2t_L1000_4956	81c3ba2fd9b7684bd9700b3384e966e5ec2d799005a524b31ce209140178fe9a
t2t_L1000_4957	6c8449c84c114ba196e234bcfa323bdaf6e70c842f3ef1b03f2f75918286c879
t2t_L1000_4958	85fab6cd42873c7f19620ac818102c97ccba4562bd47490cfb09c104d28d7e84
t2t_L1000_4959	1213305336cc68b7077d56084d80fe024c47ceb474f8d99dd07e1c404409a943
t2t_L1000_4960	06db81fd0a918ef283ed1015a395b42f19f39418a7739a9beec5d4c5b3efd770
t2t_L1000_4961	ab801d1681a7db472701e359adc0594912d405931f2c44aa1494eaeb93b79223
t2t_L1000_4962	ac821de2722937134094c48c27984b01e3aaf8059000a2ae1d816e66aac8293e
t2t_L1000_4963	1a3b6395e8e9e2b4a42f3e9b406086ef72af4c0af75a456ed0beaf5b79432f28
t2t_L1000_4964	6548ea60d7343072315e2c46f9764b0572ea4f3a9614e7f1dad4cc9b941742ec
t2t_L1000_4965	d5de1a4427634222fa1ea8e9706b9415e2b7474a73c5deb42622743726bde8f6
t2t_L1000_4966	2a2c99738094b76fcb9a33f04bfbbff1c687064490bce978938ad7a3f9cd5bf1
t2t_L1000_4967	7294637fd6f43eac8e5085101aacd66e69a318a56ad1e97b82f6a31d1193269e
t2t_L1000_4968	2be30eda5e1c061dfce030f2c3bfde506a97f47fa4ae2feb1e726e2b5f6c8dee
t2t_L1000_4969	3748140e30bdebaf676f28db0eafc1a21ac1e11b9db91791016525f6ef630d87
t2t_L1000_4970	937485c179a0c5b36584cdfacd0eb5138087be943a72e7cd403542d26f3ec214
t2t_L1000_4971	cca7615730bc82d24de295ed5448751d7b0f43fa4039890f71165005d09222e2
t2t_L1000_4972	7bf022b636e95d8e9acc498760ae45a10bca72120811c68772c4e7cc9160a1bb
t2t_L1000_4973	f786493372a05abd068072f9a594b09da6235ca36b40304abf5ab5ad9b32357a
t2t_L1000_4974	89c260ada43f268ee622b69b0f5aca8dcbc88ed7b5be5a2a516494c902064b7e
t2t_L1000_4975	4314e629549e268d081cbb2cd88a3f9d21c4d72d6923f81f6f131aabc9821e9b
t2t_L1000_4976	af7ae75fb481e4099e7ae2a9dabdc397e1e6980b290f507486841df71d699002
t2t_L1000_4977	2be39987e7b47f99d48168ac7c35e26305c81396cf3def64f9a2c10872da18fa
t2t_L1000_4978	62b032d7c2dbb92def938e4db7f7b428894dcbe78cafcb50249e8e0a0c9d277d
t2t_L1000_4979	3862ba6684d77ac005b1783d937e4c8f663cb19458da1027a5ad56fcb31fa87c
t2t_L1000_4980	2582a35b839c6b74a6fc77ebd930befadb41317a59938c34584fed1296ddb039
t2t_L1000_4981	0af7db27916e6d318ac6ed0675d3a2ce2df4692bd7e2a82eccf60f305481b702
t2t_L1000_4982	f68a5ece64077a06cfd79a1c643ac7c4dca17c312caf7800afd3e5492ff3dd98
t2t_L1000_4983	85ce4823a08d0115fb3d5bdeff023ba2eb792372f9c2b432f067687957066ea6
t2t_L1000_4984	8e764e399028512dffbe9a0c5293e7c8207118b7b96ca692e520310e70a60414
t2t_L1000_4985	ce42593e113ad8bfdb8ef305e8284f04d201030af90ae2427fe615390a8214da
t2t_L1000_4986	32d2deed528e92f85f256e0d9e5120740548981854409623cd649610e4ffaf3b
t2t_L1000_4987	b73de17ddc94f7ef58796a01e22f51bdf06be61126aabdb581a5d3378bd84c1f
t2t_L1000_4988	adfc7bbe2943d9f9d5e308afd17e4ae58d11c0b6b772caf0de896e60ec4f26c7
t2t_L1000_4989	556784168f6d29cc6dc4d82df71355c66f490411047042b6bdf554944a08b772
t2t_L1000_4990	eb7501b544b9e54f52f410477f396629ed4131e0cd298adddb6ba16f34005d2a
t2t_L1000_4991	66c99956d4472583b17714ce5f9a2039f473c47819ce17ce6d5e78b0195c4df9
t2t_L1000_4992	d21c785893ea5bb2184e676613335d1d53e4daa2a092a635f63a4720b3828aab
t2t_L1000_4993	92335468c64400cf5fae2fca23d3c7165c7530e0b8dfc36cd6055fb0c3899375
t2t_L1000_4994	dcf88e8d32b85ccad2722837f1c58507780e9338236b2a2a970b0e1651c1d47c
t2t_L1000_4995	6683ea5f50b4ab0670f16bce7ca30e362bd93dfd0f541bd4e7cd071efc59e19e
t2t_L1000_4996	7da4b386df7032b3693de83dc53eef8429d47a44eb056cfa8dfd5e1de9de706b
t2t_L1000_4997	de5ed6c8869975f0a07270baeea1c1cc140fabc76b6dca7f3f419c9f066ad4be
t2t_L1000_4998	bff7d8d1bf703c7406d69ebd085ed052390ae9b47e1713160c870e0c5991c2cc
t2t_L1000_4999	26e0b6224ea5a6d4a04b775725fbcdf6f7c401aef5caa36eaab9a2cb1851ff90
t2t_L1000_5000	4e4c17a6e05eab0ea4713e4b1ff2650741898444e901b3dbd926b559aede3e73
t2t_L1000_5001	179083dcbaf5b9a416ba13e66c8002372a9aefccb4ff8348c6580ef2ac3adfce
t2t_L1000_5002	34fe8e96ae4006ee0d1553f5bd9f58c0a212e89a32acbe085ddd96920a078bd6
t2t_L1000_5003	63d15ce541b6c1c6b07e84a62928c49cf53bfb8d379e896bd4544c51d41eda6e
t2t_L1000_5004	0cfa29377b34e62f2f1f0bf5ffb77007f9fd48189a674b93c92e41d614c743b4
t2t_L1000_5005	d0518f73da6fd3344aa40b7c6b2859c079491e50129cd1891838d9d04f337db3
t2t_L1000_5006	2a5e5afc9e3511bb23cfd557452d8c75f2642b77cea94d3716654fde48d7269a
t2t_L1000_5007	302f2a617cc8571e0d07bef44e17c37b3aa8aaa01cb7640a70250786b37e2a2a
t2t_L1000_5008	c7beafcffb65e452ce938191dafed16682e9c1b7977be77c8f44cf02fc809b37
t2t_L1000_5009	924d25e6f575cb05a7f56fa1140283048e107f50b123db80c93a97a7416d1f82
t2t_L1000_5010	cc6ecf3b238c8edbfc768336c9c442c37c6416053690aeab9f64e2932e957c1f
t2t_L1000_5011	a08e6fe1be81e191e8ec3f57583e59090e471f3440635a356058a290b66249e6
t2t_L1000_5012	bcc4db9f0cb786ac7d2225b9b008fb06ec55fde04e3db72125f410be8ea0702c
t2t_L1000_5013	5f0329ec5586a64ded5656bff70cb0123560741f45ea1711105c6908d317da52
t2t_L1000_5014	eb2452d3543150f36beda776695a5cca7c2b58fa45bb68b228819d2acf8fc8ad
t2t_L1000_5015	c655c8872352f9b25a23b11ace4e62e7f76bb963522ca93a8add1cf1aea7458e
t2t_L1000_5016	075177e9efabe7a9c270407a7b7c864dd570cbf48eb21eecc85b2f22f6de852a
t2t_L1000_5017	8e394902ba7c305aecda510d30d611a2753c0fdf8fd92b2ecb9ba612ff5bfcee
t2t_L1000_5018	2a5340831241626720b90ff669ac5e44197dd7a5d0327689b5baa8a713bbcdaa
t2t_L1000_5019	d72f552ceae75e5829cc515c4151f097c6fe1721af4eccdaa9c6447e8c5f4cf8
t2t_L1000_5020	1f60b6eb432175e26876c5211bb2d1b34d1b0c2c558c0d40b68bf44bc1e001dd
t2t_L1000_5021	2e7b9c07c4d15a9d972b756683b404787da506d175908b72e9baed639ff13ea5
t2t_L1000_5022	293d86ac4c9003064d5cafc5cf9aac26425447bab48b87aabd861451f793eb77
t2t_L1000_5023	e28ac47b0a135497454f1c6a63104e6bb1e26b4ac190ead17e994f34a36b8018
t2t_L1000_5024	4bb2a528d132c308f887b0c1b0b8e71ddc810a0621c17d8d4bef813f7e8b9950
t2t_L1000_5025	3a86d52fec1f4ff340193326f7ea0297a027e7f3cff3c758e9b1571596d80460
t2t_L1000_5026	397aa547ce6833499f606651d5e33f252f5b422f0bdb4ed1e02502891b34a051
t2t_L1000_5027	5eeb54dc165a5fead276ac2dc044599916b82db71ffa8cf71382dfd0ffcef692
t2t_L1000_5028	271465af580e0e78a505d3da6af3fdc98357b908954ace75689b551c0fb59cc3
t2t_L1000_5029	2306fbad00d4795638c20b8a42c9a4efc7f04eb05e598372e857abdf34e1aafc
t2t_L1000_5030	286885237fff144bd5fbdf60b4e10a2c6b5da41c0223398d48c67114abb9ac3d
t2t_L1000_5031	218105be79ac62c592e227a7871f13af91c0746494059161e21e9f1eb1eb9696
t2t_L1000_5032	89ae3a57077aada76c5350ac4e7aff0eb8d93121a4f437d05f0e8a05926d3be2
t2t_L1000_5033	b7ca93ab2e5edfef2124f28acaab210c4327571eeb76f74240f0999eb75a85c5
t2t_L1000_5034	23407c741c204419fd6d762354870334a598ec4b9a6b26028e09366786a13635
t2t_L1000_5035	6deb21866eb68cc9a35ab20375d723cce3e554ee8239bb5167c94144738b5bb1
t2t_L1000_5036	4bae9a55b3edf55e8b1566586a4355699ce0fffe6ab09668d98365ee2931a8f1
t2t_L1000_5037	20bd5b65383d44fec56dc1295f8be7765fd22aa794a275eda6747bf76fef37b9
t2t_L1000_5038	18d9688951199da23ac7e6d7c3cfa4176070c26a2d0f04b9fb8abdcf511eb62e
t2t_L1000_5039	e7fb872d45fb77cb7aabbc64b06e906f92a4b7d09dc31feeca76a535a4558b28
t2t_L1000_5040	369d3983391011ab1f027906816eb3453b3f5fcc67426590948fffb66220d045
t2t_L1000_5041	fc7aad8bdd99eab3b4fe731f491a3f04f7b36e04160a440f94b0585159a1fd97
t2t_L1000_5042	c5fd4d006ebb124f18574ffb9d2146d5fcb608f1dc54cb3f902ddf5cc97cc4a7
t2t_L1000_5043	42184ebdb3fa80a165130c41fd870ef35dc21e175c32c2b470ea7c3108a31b23
t2t_L1000_5044	fbabf3706a82473ee9e4e80c86d6c9adf3f279d50163d4cec999f7a063475b85
t2t_L1000_5045	f2b4cf05a771732c6c88b270c5253daaa1760ae872b740976a6cf8563d5d6e29
t2t_L1000_5046	621e820ae4505e87237ef08aa766944e1a7c521eac1ce57c30dc05f00fd735b3
t2t_L1000_5047	99f9f8762be136ff4b49d8367cc39d40e5bbc93b0c4db37364f77015a111f7a5
t2t_L1000_5048	0fccbf55cc9e49300ff906e2d6c56bbd16d949b2198f83a8cb3a57b2929d6c7c
t2t_L1000_5049	97467d6cbb334f0d65e140506b7532d85abb2657d6da412e6eabe145c5218371
t2t_L1000_5050	6ee3665a31b6939164fab1406c131db80e64d329384a096aadf163e362cdc496
t2t_L1000_5051	8972b9ce7c58c3b5a91b8d4cdfb4755cfd005dd04948fc9d83d069de45e2500e
t2t_L1000_5052	35a06ef92c607336b3280064678d8240bafefd841ac4c0852ae792a9aca614d5
t2t_L1000_5053	99d5b6959e6972706717583a31346cc0c423b8bc5455dcf92062e847ded6b900
t2t_L1000_5054	a02518c4212a2a3787b132baf0732f03db96c3a4c8e4b9e5f80d44f5d63f734d
t2t_L1000_5055	2a06511f6af67319928488c040b6d255cbc4cbf7ebf19ca116b2518b0c4190cc
t2t_L1000_5056	2e2c676f921226c3e8bfb26a0104dd70ccf84d73d982edee53e3f00b8bc0507a
t2t_L1000_5057	ea9a8efcd757954ddbe5cf15649b1f24409e188a0fed6d2c69441887d5a6e28a
t2t_L1000_5058	365d32d521c435b6597e2fcc246cf1a0be4a76c52756f88607962a4dda71d731
t2t_L1000_5059	8685b46f40e35995ba98f3ab0462c60f24d4f241a7461b3e38f27294776de0ae
t2t_L1000_5060	520cabdc54422278fdae6d9401ba83f835edd4389e91062b26226c57ff3aae2c
t2t_L1000_5061	7ab94dd206ef2d82e1d1bedfa6d8f2fe18f0fb8324ab1f98cecdc8b246f2f6b1
t2t_L1000_5062	538964deb9a2428792474769531d5b9221da7b5c341eb95f8e2ee0804ce8a18a
t2t_L1000_5063	e4b50ce777372bb6c2a6df4f975161c1f60fff9a83ecee8cf5bd34f128ab3d96
t2t_L1000_5064	d05ad22104e9fc4a688eea3757d19ff98ab740777a46a1df90be5ff9b7f5adbf
t2t_L1000_5065	395ee98ed9cb991365953365f399b8fc73dab3c220ac16537c88ee20877c6ad1
t2t_L1000_5066	67329bd40db27c7fd83d5441a89ddad440aad2d7a04e4a2bb5ec56ba4163d7e1
t2t_L1000_5067	c8b77f484a7ab359bfc183ffeb08ae7e40ee885cb1bc950ec425d8a731424a08
t2t_L1000_5068	10a8879b38437756a1f4106d79c7a62f7bbafa6411520e2d290694b79f02118b
t2t_L1000_5069	6e3631f9391006267388eaed27b64f988107547dd6963ec952c1124709b77d5f
t2t_L1000_5070	a4868580e7beeee04a4df6b505a5e62e548ffcdab976a2bc0f1f356bc1521da4
t2t_L1000_5071	d623968ee241c3ef7d67785ed3650dd70149934d221af4b293c8fad075304c9a
t2t_L1000_5072	35297c8538867a70a23cae1cac3a2d7ec1f761c3a4590e58ff0bd9423d38d061
t2t_L1000_5073	f1b235015cc67a4c729108d803b867dacfca723031099064db2305fe7d634e12
t2t_L1000_5074	6074b59f6310bd4bc677e329ab99e28d74a65294c5e2f90d0ba032a494e51050
t2t_L1000_5075	3138c6f81247f3161a03628e222a0af61e3825a2e474565a9087392047430318
t2t_L1000_5076	88e06db8a49044784799f4003f1f218f91f5d591a79f8152113a23db98690b0b
t2t_L1000_5077	8b5a6b21e8d3290d6b2f958b97c9a47ac68363dc8eb97957171a8f35843605f1
t2t_L1000_5078	970fede954caf156a161a3b4cad984955bd7bb49b6e06108843f27aadf37d00d
t2t_L1000_5079	db598facd6a79e6f2f386cc3cf809f061d66ab001cf0acd175ed59f0159906f8
t2t_L1000_5080	35ae824f8deb8e70152bb53921178dbac74e0797b1c8d648ed3d11330e100346
t2t_L1000_5081	db73a3ff015c47ff585130d8fa4d266a7b15401a24b7c1384e8884c65d3e4925
t2t_L1000_5082	4e61213b2c737ff0473265b872191129259076b81461136427f21e068a11c389
t2t_L1000_5083	5ee794a548b4b0700f39e9b7ee9dcb763cc7dfaa0239ea55a82277fcd3d7c3ac
t2t_L1000_5084	37e3b99eceae4f3861c9243e9c6b1c89dd1fc9c3cda77fae27181267901c1e19
t2t_L1000_5085	e761064843f26f7a76425045773d11aca0b3b3e82a827d7e19cabfcd71140edc
t2t_L1000_5086	998af6de65ad3fa6cd58e90200e0fda8c39a6778d6da1ae251554d794b5483b9
t2t_L1000_5087	57340e0b1a9861ed7f1e93dd9cf976937066999d609fe92c692aef848e8776a7
t2t_L1000_5088	4dfd9763dbae07e365471af7dc7a035e0aa7d96fdc9edbb792a86df10550ab30
t2t_L1000_5089	662597cbad1311469dc45a5a375bc8f1b8fb2c49253cfd8efef11f672afbca40
t2t_L1000_5090	a477e7fa7f4460da6d91e4297a40369e88cb7ade9ebdeee5f25e19ab7638d1cb
t2t_L1000_5091	69cb16cf45a6dd38268b46bf870382171e69ea71fe225e03dd1c90afe3d850f9
t2t_L1000_5092	95d34e231768ea5d98a2964aa3596411f0657673e315235e76859e334f2d37c3
t2t_L1000_5093	bcc47f62dea908bfa362a2093ec82e435aad8503bf1c94e9b612359035fa5ef8
t2t_L1000_5094	e242aed98b07f5f024ed33fe6a0e9964f0f614f139d1bc2272031f331a110b36
t2t_L1000_5095	03d475d359a2db0b1d69e0a403838b7dcd5295b36b361c06318d801db93cce4c
t2t_L1000_5096	a9a823460fe7d252640cd39a9465731cbf4cbd1b6192268891e64348d5e5dd4b
t2t_L1000_5097	b281d7e61ebf0f1428f2eab117fc3559361125de23fef4533076abb0d0b10d5f
t2t_L1000_5098	86d988ea95aeb8f6779b8e38e429aefd75f226e2b6b2d6c84a9dc41ef152d4ac
t2t_L1000_5099	48b7bb2cc87e4b87d0f5e5b1f94c0008d2d0e0ecb5efc36cdd49f99e11ded2ec
t2t_L1000_5100	e0162d6113277b4bd4c9e18ba0d63bca5e7e9b9ec58b65319c489d45fd02da73
t2t_L1000_5101	e9e33f278f6cf892969421077264102346fdbef98d6951ba83a4ef90879e88d2
t2t_L1000_5102	82bcd8cdfc9ba35a8ffeba703053e6a1c23230f6dbaf1c0bde0bf1d2ccd5ae21
t2t_L1000_5103	311ad161938bd7ec89804fb162a51c9674b3e771332a3f2061613433b20e93c6
t2t_L1000_5104	f00f5ddde1a97b30506d572d6ed08f198338b710e1864f4e37c0c029239849ab
t2t_L1000_5105	f92fbf7713fc259e38c2ccdadb1cbcecd73c299847457d162eca4a895e647746
t2t_L1000_5106	852d7b90e66a453b0ff0ec65339ca9c074a2d654c075bdefed2dfe9258916fdd
t2t_L1000_5107	ba99b017c6f8b2a4780665cddd9ecf26c26cc9254d045d17090dc7221667e4bf
t2t_L1000_5108	f9930fd8c06240a5aced9429373fba04ce46ace6e9fd6151e9556675f068be1f
t2t_L1000_5109	ea11b8463e59f63d15164ff7b45b0467b67c1b5d00972d2fbba9e57414c11f1a
t2t_L1000_5110	75c5a3b61d75acc24da2c0e26afd652719f3126bf4c18b1252e6e8f2199bdf5d
t2t_L1000_5111	af683b82fb09adcf8a0fab813db94ece4f4c235440bc99e5868f2614ce9358a7
t2t_L1000_5112	6e8b4e889c6bc67fefd9dd971544b30de5235a7ece03770fd411a3b8974e617a
t2t_L1000_5113	c78c05eb889b32f923ada07f2dd6697e707df5fc866acaba2f942e63b2233eb4
t2t_L1000_5114	6df20305f4660c070c44a1629e32f78e4feafc5fe0d4430261273c14ef29cdb4
t2t_L1000_5115	dc750f5428de66633ab28b7d4509cacb21eba6c0c25d61e09cfbad2ffec2d3a5
t2t_L1000_5116	d83393726732824fcf198c57fcec0f27fd850cde1dd651fa60d702aa7539f705
t2t_L1000_5117	3ed39f6a8667cbd15475ed7c07fe6ccb49422e0fb2eb2be9d6f2f1217d47b6e9
t2t_L1000_5118	4796122d7619bc51e977f4efef1f77fe94b426d0fa3bd08495759800c192114b
t2t_L1000_5119	89f118660ed69b524f97c556e74056bab6f46de9c7c736509d3f15707b269d45
t2t_L1000_5120	584fac5ea34833a40b25006e2750e51255abebe755ab5239f7366600da193923
t2t_L1000_5121	9e94378afe962dc68f8e0e48b97f43d0bad5d206132a9f3d152228161686a390
t2t_L1000_5122	7255f773769c15805ad9bf3a3b8eb73251360fab6eea68351cd569abc59fc8b2
t2t_L1000_5123	d2a1b7c3efdfceb29a87f164fc308ed33aa107c12ddf2f35149c0b7404bdf891
t2t_L1000_5124	47d326d427799fc00213e36d7f0995782edb28a2d6a6dea1e4b9e8f9a637820c
t2t_L1000_5125	603b7f5075ab025d47140e937a9b6691b8c57ebc15e10d6785547445e50b8f04
t2t_L1000_5126	dd870958856b93890f0f39eb2b9abe9b2a000904a5290c3ba36f717a36eca9d9
t2t_L1000_5127	cb5eac1692f1e01e7641df246d8b53bddb86a1c614163f56eed86a4d0e989bc4
t2t_L1000_5128	1c9499e60500f551ce827c31789945ce9873935ffa41afd0801f713836e7c73b
t2t_L1000_5129	dd0c316c1b099158239449f456df82020e0d0dcde4bfbfd282f20ecf2637429b
t2t_L1000_5130	bf07ab4d8c060c2512723b499c9c975ab84b50ab56fa5ea234f4012de2fb81fd
t2t_L1000_5131	2e6cb2b58018eb20a3a4756f78d0a5d78297f34f5160e158b16058404d3ac375
t2t_L1000_5132	cd654df2251922ddcfd0b26adfb3a7dd8758e479c11254b615c5285d8ee5e7c8
t2t_L1000_5133	1c9858b52cd53dcf8a1ed5083e99a390fe524b0fd72030f3eccc04003e355b5b
t2t_L1000_5134	27e4b4b56f2729f98e8f3c75203240721214fa229c8f59981a126a7a903fb079
t2t_L1000_5135	e3010401542733fafda652c1d1b50d4039a67e3f5de8c36ca3aa2ceb392afede
t2t_L1000_5136	9d9d0302cf13791f7959aa3cf85142a321ebe4bfa7669edd241789a4ed50cf53
t2t_L1000_5137	a074caab4963d0647d20864c048358e2f2e0ed90a2330ef17a325ea4c443a7e9
t2t_L1000_5138	e5b576be4f05bb10dc41336c25364f45c5c69f117443aa6acbdfcb20ec61e675
t2t_L1000_5139	64ebf3184984ea1594c0ae7fea368877ea98b2a843211f84a9806f9acabdb5dd
t2t_L1000_5140	72b76c4f1d6b3089c797f934c0f07d5e3d93f5d0cd61643a52c962bbdfcedac7
t2t_L1000_5141	097cf8155d5250a881556c3b4c555fc99ab1e48a9f50ec77fad428fb00313685
t2t_L1000_5142	cb65c14370227b0deb4a4d6a4b2a03efcf383258a9ef410736b806843fa62414
t2t_L1000_5143	9ad77a7f0bf931f9338f0752262217c8a5d96d0936d325407d650b87804ebc0b
t2t_L1000_5144	208d7c3a509dcb38bcc2b7f70b22c7061f0814bcb8e18b5914bb74d2941ff826
t2t_L1000_5145	d08e93113fb41230f04ff7c59659f89639db22e5f76c2552673607aba5d11d72
t2t_L1000_5146	d4e5170c332d6bdd469fa904056b1b620167a3048d7e98ea3bb2cc7e01ca372d
t2t_L1000_5147	ec9aab5566fd19fc19485da97630d2dd1c491921879818de3a03c20e0b3337d0
t2t_L1000_5148	5b7bf2cee7bda0fcadad4119ccb0f0afc1a77f807a3054db9daf9ac9a009d1bc
t2t_L1000_5149	a937828edf772948148ecdada49e7e295817a1359f93d64d3635d2a7b45eb70e
t2t_L1000_5150	3b5944443b9a50444ffeff4dd54ee150eff59ea14d7fb69e4b17d870ac389560
t2t_L1000_5151	b0766f095df9e3abeb943cae680fcb0f08a6990a6c3d679d9800c473d0b2f857
t2t_L1000_5152	56dad87452766e1bc71df22671c241a0f0a8efeaca640976e592e5ce8819aa97
t2t_L1000_5153	87bed6a815ba8d86cc9b86c011550a6619509ad00273cdbbc7d39ec493e34165
t2t_L1000_5154	14f63d1daa1ae1195309d446efee38c029474382a73d59401a43e93798c88900
t2t_L1000_5155	99ece84d64cb1c509f6b465405863089ad4212e5b76cf60925b01a9dbc3e3071
t2t_L1000_5156	9408eac5c9b27e9ebf36ffd3af885d44ac4d0de08ca6ea5bf4970c9d57359a86
t2t_L1000_5157	0e38b16da1a40c804b99a56ec12c362959a8137bda74a6a510bb81edb5f486bc
t2t_L1000_5158	fb3cd7bf17923655f0615908966a387f55bb11242bbabdd40c3f9ff584f90f28
t2t_L1000_5159	aabd48c4ff444a9e332b5a982f6bf36c5f68778e713afb42f1e840a32c966977
t2t_L1000_5160	4b481f6a22474c4bc29ef853d1840cae55f134011cf9c6d4bee81a16b7df65e0
t2t_L1000_5161	962f67780b43ad0126f5df74df95a593029bcba83c44cbd1a80ded4bf63f2f68
t2t_L1000_5162	28f0ff36bc497e17319d17013342d29ae5efda31367d4510c4a87620aabb447f
t2t_L1000_5163	a08775adf1e670a62d637da047a4161d63422079e5b3409199aaf9d92f0cf348
t2t_L1000_5164	3abf3eae4b9d058dd0a1aaa2d018cec4c541d98c1eac8380b349aaada9a42f15
t2t_L1000_5165	6cad56511831aa444f32052410ef25be138d03468866544745e9082c3b171cf4
t2t_L1000_5166	7f6657071fd9dea4e6bfb4c45648f6a4b8d2778782bbc67ea0751893490046fb
t2t_L1000_5167	6009cc8ec2df87b3335551675cb5d4262df2f0e483cd74ea59b8c3ec36e1d307
t2t_L1000_5168	668ade0a7ce32a426529979026bb6626084ef8f78fd99e08e0a034e6143f7b03
t2t_L1000_5169	0bad300fd64f38e50fc6dc683245c40d12a088bc90de81964e42dfbdc439f890
t2t_L1000_5170	abd96d73c5356caec79262853e49cdbfc8fbbac6c8f9562516cb27300c96f98a
t2t_L1000_5171	4ed13deb16d134c22c4cdf658c843fa99ae52ccb42ba1f0483ce7b38bbbdcda7
t2t_L1000_5172	cf9e5fb354284fe1f39d3b0464e4c14da7b67e0eae2511377be8819c678f7da6
t2t_L1000_5173	935773567323396c0746c994714cc4079781b8e0266cec0b6b67e7c72126b197
t2t_L1000_5174	554f00b232f9e1f582e35f5984cb72a9969eb5b3127fa674c33b35fcbdd71463
t2t_L1000_5175	c5ca92ea6dc09b8c98aed40b2e2bf9ff26ddf24826501a3f0c9ebdcb95d69874
t2t_L1000_5176	f94101507020669d540b3dd9e9d8f3c8293084d9257b4b780cd4279e3b22774c
t2t_L1000_5177	d98fd67c8a07b7730ff8955c330f896f70b5f10d6faecc8a39aafd50f3e22c76
t2t_L1000_5178	79bb20d841e9eac2e758945fb7b410d861143955030ee2bbe5c7936648e864fa
t2t_L1000_5179	3a43d2a1cf5b61c87c7298e8df99d7d8a1f2eeabe8b97d2581edd106f5bf8ed7
t2t_L1000_5180	54301ce893f789ea383c653166b5a36e327b512a191fd487b969f8af5adc7501
t2t_L1000_5181	589546f0772d48134e2e2b34460898dabe083806e65fc34b929df9875391abae
t2t_L1000_5182	d5e56d45bfc0f62358ccbd09f71f272e3ba9916aef6049fdbdddfac44115d46e
t2t_L1000_5183	f441e40cb5be1754d04d6312c8a3518c099f67e06e11f604aa94b7aac595b22a
t2t_L1000_5184	cfcba5efeb5422dcdd3a89b946dfe4571e8c62ee01809f3f20cce0e7249b3c33
t2t_L1000_5185	d739fe08ba5ff7a44012763b4b813779f428ba788c4d9792deed5056867d8808
t2t_L1000_5186	d9671ad1a53fe8826bb3a7bc0adba4f6ab5747c83ae659e3f531ebc237ed9eda
t2t_L1000_5187	cde395f85fc561c7a5c9b151f48ec8fe5b21a48d31aed72ad25e698329f06c15
t2t_L1000_5188	6a0e991628a9e621b53329e0ba1bdf3d5fabfe1ca637f30ed94a8a2383462ad6
t2t_L1000_5189	3e49a197e282645f98e7fb9542ae5908c8792709f328868a861623ac4dd6621c
t2t_L1000_5190	6feedaae70379c63d094d6408e03b65c4dab4153dbef95ca5f5fc57aee6f5bd2
t2t_L1000_5191	44f4e49cf32c621b3fd92bfc013f68186840d19da6bb515aa21edf82a297583f
t2t_L1000_5192	f2aaed8c3b174c136aab0f42b0b631905a061929bc9db01d39836d1a86ff9f58
t2t_L1000_5193	5819cd9c508d2198a7dd28de8f2e1bcdb192fa07fe725ea41388dffcf1e0983f
t2t_L1000_5194	097c8760e4a60729f1b4f64e9d1a63ad6b89144288be3f7a4fc7f44d94764909
t2t_L1000_5195	ce68b3e2253decc18e87f3eb54beafc3e91728592913cc2f7eb23e8c9560e123
t2t_L1000_5196	fe6d4aaeca5c30522197d097ddc42bae63caaf4a38adbcec7b83c5d51b1d77dd
t2t_L1000_5197	4a93dc7ef014ea6bd40190b3c43eeb1a3a23502295d48a132da79bedab7a9ca1
t2t_L1000_5198	8ea9f05bcf88f642ef42c2994b632a63f525e76afa079542481324f4d6e256a1
t2t_L1000_5199	ddf6bdb051648cb48c1785bfd0c7f71f178fb5f1e2199ca9d45ff5e91a021d49
t2t_L1000_5200	e913640ccb9a54c41208de93a774d4a1b41163ba1dea3a44e52a806024e4c3a2
t2t_L1000_5201	62db8eb00b3f13ef46af60de2d0298d4a1b871c9aafc7438b71dc904c78335b2
t2t_L1000_5202	350543e2a8d2a4de508e445c2cc86a20a9968e219f64c9817195bfc82e478d7b
t2t_L1000_5203	7506d7ab0cc55dbd546e636d47abd8105b2a9931313978670609412b3ef67ab2
t2t_L1000_5204	c343b62e1dd53aca805660719b4175f111e16bd79be5faa5190d4b96b0454e7d
t2t_L1000_5205	a61639141f2721ed53d750d1e96fe454e687cf8b79e66b97d0f9807c02f5cc97
t2t_L1000_5206	31b7bf41f9544b3f7a4a9be6cb7db9335a2b4138bb18ad1034cd3f78324035c1
t2t_L1000_5207	6165f6a319a94caa79b3f2cbad8f3749f9c5fb8cafc334bd2ea1ca5da5aa31d4
t2t_L1000_5208	7414d3e48524409c360f4bd51624080705c37a055b43e7e62ffb9d6e3c9efccf
t2t_L1000_5209	bcfe8e2aec69606dd0f7c996ba57365a1e69becbffc5d1b7917a9d333bfb48a1
t2t_L1000_5210	be734c468caa9284f05a8c01f0ddd98d4202a14ccb97d76407f51d654be871d9
t2t_L1000_5211	03e52dd4aeef4d02547fe92645ae612a9dfabc67139cc95711fa7771e183f3f9
t2t_L1000_5212	4c7af495e8d4116aa26461696517ca2ae78ba1869807ac0e4dd62c00d734fd87
t2t_L1000_5213	1395dfd797c9975709f50a13c5b8a3f699fec2d610896053986567fd72976d9c
t2t_L1000_5214	549d71ae9b25efe130125e22f6658a6079009a5284efda7447a882048663ec66
t2t_L1000_5215	a334a5115895b4c4b48ed1da5c450ba4ef7944fe0e47cc35e292bfc3b3fc4a47
t2t_L1000_5216	a352f4d266be95dc24c6eae4b392d98a0e2d49290e706f50b611a4605e63ea62
t2t_L1000_5217	cc67ae5d8b6afcc8d8ae98f49d421f69b73722af3161ad5dc478efad268f67ce
t2t_L1000_5218	472d80f693707db63dc8c37ed551c52b0452488e288a5422d63f2dfb83df858b
t2t_L1000_5219	51cdf7c03abf70ad12e0c3c32f08177fd34781b5b565f2d8ab7a6440c7cbd948
t2t_L1000_5220	b329c2565290ad96ef4dca9eabb5811ad38cb1a3825eec19b17a7d31810c3411
t2t_L1000_5221	123f75d5c61b97dea02fb77e665a9f500615a8a7794327bf47460d1ec3a47111
t2t_L1000_5222	9c8500740d4f105091f952b82542cc6d16da2a8daabb2463b60fa5677edcbf59
t2t_L1000_5223	70d49cf0ba0dd24660da2f886e9a5435ab9cbf620907e9b9ef3e6ffe5e359932
t2t_L1000_5224	04dff7f59ea6b856a317ce7340a546b2f849b2a9a4e6206c7fa81e479de37219
t2t_L1000_5225	e906c34ea522ff057247496947fe0825fcff005011d1352c92b76d3ea0abcd42
t2t_L1000_5226	40e368e151deea36a250c0586d0f359278b37665a3908767923fb1d8b05a723b
t2t_L1000_5227	9608cc079071fa9d4fe1425db0916c744d3f53025f40f3010e0d76eac4fdbc7f
t2t_L1000_5228	16a565b3b1d6cb0ee238fd2c4ffcbf2486bd7bb056ce779009caa1c64a15a5ec
t2t_L1000_5229	629491ad1cabf892844112f5fc7d078195c969fd578e7b33882538c346ab6c15
t2t_L1000_5230	cf01fd1519b281c1ee0f72dd91b84ce7b8cdcce3775ec2b6489c964f7f067164
t2t_L1000_5231	2d32c7aacd72551815781270d6652fa2b8196b7b69c03216afd5cf99993047bc
t2t_L1000_5232	ba18c1bacaeb1441d38ccc022caf56f43c293ef742acb84c59fb676dac19e0f2
t2t_L1000_5233	bbd4604d77f1072f8c247b70f51c449b2b14812939227421bd39379817f67b24
t2t_L1000_5234	26a2fa1f8b4d45fa84d5f7bc0facfe6bcb5a2439b88833360e23b05bbd6f085b
t2t_L1000_5235	314c97af1c3cc43b1f69ea7ee726aa59c59ae685abf70033ee98fdc5e55efbfd
t2t_L1000_5236	94c1e47f155ed4167dd952ba7bb5475b4122fdbd066a7d0e7c8bc09a3a306da6
t2t_L1000_5237	58a15181b43af9c08fcd4383919b8f9f21734a4fe52c683be63af80cbaa6a7a4
t2t_L1000_5238	43e1332d11ca2436c313de2626fdd1263db4b648aa455ba3de3e06ed2450c5e4
t2t_L1000_5239	bb8c1e00e6842c2121160ba1e3c0c6236f512b4af160a7f7c51caecfb640f1a5
t2t_L1000_5240	1ac3b360950d455f68f3e67c19fbf086a1f3081b52f3d591edf0cc1aa88b2015
t2t_L1000_5241	b6944f476d76f08618ebc9ce51006bf77868a84bc06c3f17e7288ca5fc0d626d
t2t_L1000_5242	37421317740cea8e992f2b7291999840d8ae9bc1ed34c80c4efc953b99734980
t2t_L1000_5243	3f8eba830ffd4abb2327a7bc362984a23bc226e1e225eb6a726553b454c0c0a9
t2t_L1000_5244	59beb96e7670156abfd594139062e6d8de8770c8a60d340d73d91aa582777bd6
t2t_L1000_5245	2883bb6733e3f938efa267ff775f1fb445bbd9e04d025406f5fcd1b5e9bf294e
t2t_L1000_5246	dcfbf377e31b84323b7b8fc905ea774ec1757ce56c2be79b445d866ff465bce9
t2t_L1000_5247	ddff81ec88f6e568e3b1910bc00a7aad096fe2ad3fd1915f1afc80ce9e81bda0
t2t_L1000_5248	a9a6bf300348dab407c227ef47383e2fbe30ff9ac17a769706e844307fc08ad4
t2t_L1000_5249	5e8825aa91d7cac31474f3412b196df6f3467e6c4b5606de62085d4bcb249f38
t2t_L1000_5250	7a777fe50f7a8a5e40c39cfb095e8cda857e41c978513eddf518a0c9be10eb1e
t2t_L1000_5251	80689104807cca15f2d17cfd7a57a1be6014be4c46326c4f094d2f8fec7e300c
t2t_L1000_5252	f00e4b8a93ef98facf91783e5762eeb2c8120bcbc0449842feefa746d5194ddd
t2t_L1000_5253	531693965eac820702b5ef0651aa59ee86d373605f4367be16e5403b3034674b
t2t_L1000_5254	2ab169b8a89bc4b7e746a7a0d3f1ec12c9ef850d8a5392c6ec1ef9cfd3d82f37
t2t_L1000_5255	0d66c497857d9e669753e6f0fd6ca720d4866823045ec3c9bcc0e2645405e8ea
t2t_L1000_5256	d99e1078463b7daac8771ab79bdb572ec9c308762635284f6ac10fe53c7a3838
t2t_L1000_5257	77347db40eca2b8bed1eeea57bdf861cf07fab2c168e8d0610b258c6c04ca571
t2t_L1000_5258	2141c01cf5b4a5667f5532643dd6a00939740308b136679abb6d40f70f9e47a0
t2t_L1000_5259	570ce0d45860c582b5623faadacceea5ec8312a869c73236c465a53e9d524ce9
t2t_L1000_5260	823eac236570a55c27b3861728e6a7cee44c9b9278153fe0ad7cfca2b14e517e
t2t_L1000_5261	360e0f348b8256a68c9ccf5c0ab8df22bccf33eef3d6ffa95fb0d385156538a1
t2t_L1000_5262	129498028033b601778358a4c99403d873795f0a37cab7885f06cf10a500c1df
t2t_L1000_5263	47bb3f3f3847955fcb53f61beb95cb9527432285b0917d0d69b2bad953d2c69a
t2t_L1000_5264	f4ca28e132275292a994d9dbf27c943aa5d37f1d3ee5583bcb83595b31d83b04
t2t_L1000_5265	9b0e23ffdc37874ab3317cb03b42df8dcbfaf53858d28862d1549f4b882fc8e6
t2t_L1000_5266	a5ecf1dfc5c85c4217039168c98ba780ecdbc7cca9d603da79ad13c26ef9828e
t2t_L1000_5267	d264c0d3503cedc3175167ccbc9af4f27d5fe91f8066639c4a58a06d8ba7f12a
t2t_L1000_5268	5a49b17c3042db86515c0cb9800473783ca16aa4361cc4ee62754e7e2fade897
t2t_L1000_5269	219c8eb849fb412211f48e30b89f6120248492fc290b4d0a9e76ffdc87ee8ed1
t2t_L1000_5270	2e93da8763b1bf9ab182d68f443c1f6110b0e9e0871b808acff4d8f9219110ba
t2t_L1000_5271	e3c186d3884c871643bff34fbcdc5d653c98fb416ec5ff623ca3146558730ef5
t2t_L1000_5272	7278ac89c1d87cd3aa27c576826c406afe1facd4cf389ff10c92d008efaa5c3d
t2t_L1000_5273	1c14189f20539e336ecf38aedaaf99f8b57fec9df51f3cc814a4bd9726730328
t2t_L1000_5274	21e7c959adce50dcfac6bc58ae2836e17f4cc35cbf939d0d74cd8dc98cdf34ab
t2t_L1000_5275	533ad5db752f4701e1613ec3066227108552493c7c03f64834740398b5903f61
t2t_L1000_5276	ffd25d1499ce8185884aa38b511c06587961a827fe3171d6e21239bf72f0a4d0
t2t_L1000_5277	ee3d9cf9b793f7ac870ab80a8ff076be6919e3088cc682994f16d2bc570c4ab1
t2t_L1000_5278	b964a84236424db4844c7862ecfda27066a550e14e3f8b21d357a8a7f9bf5d1e
t2t_L1000_5279	743bceb16e5df7e9c7016af3ae8bfb29606407c0de6fa9331be9455ee731e1a8
t2t_L1000_5280	f347298b50b38328a7d2a6a26662bc98841cfa2d870cf373a7385b8fd4f36307
t2t_L1000_5281	087d3406fb9a58168c086834287eab8d13b7b8799b20400cbb5d8bb952714995
t2t_L1000_5282	5870175bac4c7b2dc394257f50273524435c6285ae52bc383e78a7ccab200953
t2t_L1000_5283	fda870982044885226ef6e36a70256b2b11ccb58838b90cf70b3787c36a32044
t2t_L1000_5284	0ff6b4052c8f7c7df8332791391c537104ea9b7f4091cb0bc9cb7cc441cc7980
t2t_L1000_5285	f2e3ae6836b22797e1fb84569437189c18a873a3838e371b35a3fecb3ee7ee9e
t2t_L1000_5286	3a31deb7998e59c004ca92daea847c18cd796e286b13d5ad9e538734c7bf7d42
t2t_L1000_5287	e79bc4fde469f8f22ad4ea7b6984944d962b215198575bf0b8c5e55caf853a15
t2t_L1000_5288	05b408ba21fb49f2a7e6bcdb521ac42d4053eb1ca943f6d03c2c2f0ba29ffa55
t2t_L1000_5289	b7ccb0f03ec80c9e16a485a90c70456cf9a27c2cb1542330bb4ed9799b9f1104
t2t_L1000_5290	30815deab7f9bda7e70bb6c8fce50eef39a045980aaad85ff539081703b32215
t2t_L1000_5291	d4e9efe4c8c3965c65fd511c68be93aaad1372979032edf0cff157b2d5b76ef0
t2t_L1000_5292	8fc95c03b4a422848885996dc65f356cce21a30960d9e42d0cbac394731c6509
t2t_L1000_5293	907489fdfb90ac77f7dea4501e70e0b76e1c53e39318fe0b423597ef20f51e53
t2t_L1000_5294	9efe94d95974fa0661d4e677ba58e038396a37567dd7d4e4e3394cd64e0283aa
t2t_L1000_5295	2544f20bbf63003f2e3be7792cd0dd820fa7f5651092bf5b09e5542f370407c6
t2t_L1000_5296	b0d7216a9ffae067a6d2abc64d72f49f1cc2e46c1118253283492616fa809a37
t2t_L1000_5297	c5b1d5ffba456fc345eca685eada7b03a4de572a81bbee391493512320cdc904
t2t_L1000_5298	980a21ae8361a0f9feb9945ddb634b894eddc7c9a8ab582b21b0935a2e5b78eb
t2t_L1000_5299	5a91c7adb6f9e9bfc7e8263402bc0aacde43e51ad9beb632976e6fcf6448486d
t2t_L1000_5300	e988c0ffb248951c6920891b717a22006617641cae01db3c65b3d94efcef7180
t2t_L1000_5301	4112cf5e17d1a94a8265cefa64640c9cafadbb88d08280550dc6e8605af5cd85
t2t_L1000_5302	6a934da03860dfcd1a2b9fc06164967b1d704df6ad62b67c9d8b4bbcf0162e21
t2t_L1000_5303	0010cb0818819174a4ae1ad55f433bdf96595babb5063d69ea890484a72ba80c
t2t_L1000_5304	1b5ee6d825bb533a0f2d5b8992ffb7cfeb5034917e602a186314d188a2145a72
t2t_L1000_5305	fba30ed98fc6532bc1739f3e3e89d752c8eee0c9d68e8f5e5fbe622d8a4af2f5
t2t_L1000_5306	ac91f7b5edecf293d6d052ba02cb22d6e2eb2ccb61b8a360f1a5f7af82dfa4e6
t2t_L1000_5307	d91b342095d0f7d00b08d62a3eb3486a7e6b745cc68a46cfc63f59529082cdb3
t2t_L1000_5308	0a35dad6922703dc13157cea0cf9cbcc20514907b40515d02d10488099568ecc
t2t_L1000_5309	92b9627889a96e860268eb42037111d5d98c51f161a931cac46650e86af49a5d
t2t_L1000_5310	ebe22157a4245352cc41c278ffbad1f4fdc4ceaa89bc3749977441788f74631a
t2t_L1000_5311	17a546c3fcbcb0b85f9669b65406b018c839bc04d38e559704398854ebc72b37
t2t_L1000_5312	8f9ac43aadb456ebc975c1cb2da9754e9740c3ad118626234856875d87d75ac5
t2t_L1000_5313	a2e77cf26eb39add2234776e002b2f67a811d5fdd8d19ab5d6fa74f4fed7d281
t2t_L1000_5314	dab700a287b5e8fa954d18a33b8ad20799ef1b724700423c2ad0f878e85d59b2
t2t_L1000_5315	99da39126c0d1343fd6770430bdfe5b1bc1f504843a1e592c8aba13c21e8009b
t2t_L1000_5316	655090eb2890a218388e3ff2d39586bbed6379181d23de639b8ff60e7d48b333
t2t_L1000_5317	6a359e7765ff1b52c45473a557aa7e8b237f162b0afca61c00ed4945c177b526
t2t_L1000_5318	d52726c7bd661c69a24cbd6eb05e5a3eb900f09ba15bfe45b28666fffbaf4edc
t2t_L1000_5319	7a6638fd9aff2d29bda0179d0842e9292903e926a29f35acf0ee04a034085259
t2t_L1000_5320	a2b871b4b66bdebf9a9a24a1283c00e93e3b3d1425cf2f25d49c7f13b9970437
t2t_L1000_5321	03289946aac8ae0ee5ecb403568a91ad344c2a6de68a00ed1b578c035b76c5fb
t2t_L1000_5322	5939dc5ef9e90201f95c30049f803da6e0d930f6e85a341fc66e825c7c3923f5
t2t_L1000_5323	cdc2376143394e3b9427e340c5d428c0f50f96da93218d5941538549e3ac88cf
t2t_L1000_5324	738f683c8b69864821e1c3e9d6cb588c2a4eae5206c1917155ba6160f6959967
t2t_L1000_5325	b6a924fc32c617bfd2041ff3ec4c1835dc07c7a665d62a9f467bcdef4b2c3e39
t2t_L1000_5326	e10af7e0ab3c0ac7b0834a6368f98e340a84a10136021c9931e3812d0bf2e431
t2t_L1000_5327	3d166b559592426a081337a6498da673bdc5b850ecf8f1700395dd4bc22cf309
t2t_L1000_5328	ce7a2c1f65331310d0ae1d5dc239ed22605122468f6e87a95cc1b841c5c5b842
t2t_L1000_5329	6245c7e6760428afb6f89d85c0019d24b657433844d61ef121121f0e0a7ba66b
t2t_L1000_5330	520ebeabb72a5fc1bb01c49cc1ce7db126ccc1525bdb0954c68aa9de198d0991
t2t_L1000_5331	a93d4864748949feeb45397f66e9d8cc82217c334e934b7b5dc731d4948a7446
t2t_L1000_5332	5e2c9e9f62032683395b9015adcd23f6edc51d268ec660074b454a602c9cc55c
t2t_L1000_5333	2d83c78959ccbed39e5d0c89cddc9423d498914e57b204f09780e3a364eee5cd
t2t_L1000_5334	8b0bae56a4df7aca308e23c56a65d55c4441bfc3e6f7f9cabc62191ffd977f85
t2t_L1000_5335	93b8384f505228cd43a2ae27a7a43333d4b41a09925e40f6864e348c4c86a9a3
t2t_L1000_5336	9e0efbaacd9154dd9d688ae25c58c2539cdec1a6f4bdfb832f1e75f9251325de
t2t_L1000_5337	b5e45fd71ef3bf3d1fa92f23b62968be572359771457b072ad9446cb406f3797
t2t_L1000_5338	5f8e8ac90d7664d14283e8d00f0903c6da1fa0bdad5d1ab69ed13cbd0fc5622d
t2t_L1000_5339	f82fb5e552567ccbe705b79ba1da8f13e3d84d81a07d1750e08861344e0906c3
t2t_L1000_5340	9dc70a0ce4967da46952e4a2e99f99aeacb43910e98d986328fb47051e081433
t2t_L1000_5341	0ad88681896369f32ec356d1b8a852a8691607bb4ebab1d9a98cbe68a7f5e2b1
t2t_L1000_5342	4679b516eb3c9681b5aee264aca2f662e855e28225c6eca14588175fd2de3e34
t2t_L1000_5343	13b01530bbb081ab7afdcd93df2ef77aedc216c57cb78896b8a7ff69a660d76e
t2t_L1000_5344	0f0765c2393a5c45404d3e357f188909a59b46ce9c12d5fa312e6bbc47b35039
t2t_L1000_5345	50484d1b81ebb445e31264875fb091aa9e076f57ad6b4af032be623ce844e37b
t2t_L1000_5346	0566ae47ae375d679eca5bd19c36df22dfac9cf94c25b2c73644ff4eec73f1fe
t2t_L1000_5347	d54c9feef5511b7a171544139a8ef3caaeded895289e97d71463994741f050b0
t2t_L1000_5348	3a93deb97e22be056a8d93e96caad7cdeed0e6c03072ca1f3997b98908bc0382
t2t_L1000_5349	d006285b770c71571bb88b1c4d610c208825a84de6bdc1a916cfca855bb50805
t2t_L1000_5350	61639ba3944602ec375a353d24c0570cebbe73d4d772a63bbe494fd59500e7d4
t2t_L1000_5351	f28ae8691ece280c96d9fe0432f02dd51e84548977fe195682e8abb3b53d9c97
t2t_L1000_5352	3da0450048940406ebb099902919e9454fda32950c03adf04ec878ac7173cf44
t2t_L1000_5353	9afc84f6c09360c03da0870e3d172794578c2fbbe86c8eb037feb20ebf9b3931
t2t_L1000_5354	22f9f4987d3b0784559f286662435cd3f906414670fd30e2bbfa7d9ba2773042
t2t_L1000_5355	229db3b1033539e4e666824ffad8a9659cfbc824e1535310ef2d53c4c53ac9b1
t2t_L1000_5356	f60007f06efdf7447faeb483c94f03a761437fd6fb7a321af39df8fedaa09974
t2t_L1000_5357	5ad604cce7c60747b1024a868981eaef787ecba275138e03b7274ea3a0619c67
t2t_L1000_5358	8cff0a24aa69a83b04bbc6e345dc914a78633f44aecb5d15f703e4fd84e1fb09
t2t_L1000_5359	053206d9c7b1ada58be417190bb81f721b73337ee50d6a6760682deadd9802df
t2t_L1000_5360	c3ecfbc4beebcea814d6ae25ad40c4d49f3c596fd19bb3ce27858b458b8f800a
t2t_L1000_5361	3431503ea724a3da2300fdb1bd8d574819cd7102e1a2d4d752dad65f16426300
t2t_L1000_5362	e6ab51fe7f2c4b868593ab1547c74168d0e9863f81cf06e11e57ea59208fbd98
t2t_L1000_5363	aa6e33eb9f41f463d4618f674eb2ffaae8dfae65d38a6f8c53eee973e9b34047
t2t_L1000_5364	d33fdd2262ab18bba5acb3d72442c043b10edc063394797dce30a5b4baa11197
t2t_L1000_5365	4cdd9b1dc5f900aaf85dcac06288db363fe5a366589653ad289a53b5780a0798
t2t_L1000_5366	15a53caec72865998f04868a58ffed6b1a67ec81e4f4b7ece2501821c7e6cbf9
t2t_L1000_5367	e6200aada30bbf55ef0bc31a07d7c395c887159288dfa9c759d527ebccfb6840
t2t_L1000_5368	d32e3b5a4a29ba9495325176be4ab88e50fa12b883545e9bb30862753fe1a9dd
t2t_L1000_5369	5c805fe30393054649bab3be4e5a75353e23f401826c05add96b7596be6037e8
t2t_L1000_5370	ef8bb6d18c6515d557881e218914f20c931af4705159c76637d382c95510e01d
t2t_L1000_5371	69c1f63e1ea4bf8dc0b58774c9d50911e6776378f2e1afd21053f0e7a8ac7ad4
t2t_L1000_5372	ebcca76ca788096bd9b4862a0de525fd5b4ace46f4d1d86bf6c93ca3839f843c
t2t_L1000_5373	30594c96f6f68f9f0948c02a2fd8e884b024a87fbc6fbac1b1a2602c3d675bea
t2t_L1000_5374	8525d05ee7dff96fc587adf45fa41996a18a7fb780c3befe7442413beb284dec
t2t_L1000_5375	9d16efb2c8c821afa7899a4280aef92a8aba853778a7ef5de847eb87ed9e8f03
t2t_L1000_5376	51a8509f0edd79b82e8f01a06da35229f322625a9a1498f2a6ef50734bd1f54b
t2t_L1000_5377	aa4541dc6780fb5b7951b8e93d965ccafce20c80e595a2f9a7ed899f35cb11bf
t2t_L1000_5378	e84df1c99a5725b0196bbebdae005d0424a03e9a2a458c3de96fe22cce746580
t2t_L1000_5379	d820904c08b26cec40bb032c9dcf0d1877fc6f4725352b46fc8cb1e867415d41
t2t_L1000_5380	18f9e64868c2a2a15ca6e1adfcce2c4ec1a85c6ae6379dbf73d2ef1c11ebcf66
t2t_L1000_5381	8cf61f633eee326cf3b67463b9e6793523e8ccd0ed3f4ee6837180f48eb18a14
t2t_L1000_5382	a826a85385191de20af7c5a70155e6c9978b05eebf454a1d42509c7e6e3090b3
t2t_L1000_5383	29b2a94d2f7f39540ad0dc4651c3b983ff6f361b8587fc508010f0b8b17aef0a
t2t_L1000_5384	b06b01d13871e689febffc14ddb1f298e2d94ff6ee9139e8367982b7b6275363
t2t_L1000_5385	89151cd60a024d9f3ae58bf2a6d99f11521eb7d221a5c71b75f984a4ebf011e3
t2t_L1000_5386	2c188fc0d5cafde5979840a9c5d221ca1e519212b88c968c989b32af82ea8f4a
t2t_L1000_5387	2a3ee384c26a165b12859a7dfd1c79263d847876094da8018f5534e4c8858d80
t2t_L1000_5388	52cc2cc3d2c6139d0b59fe8fbc0b949b57374e743cfa2b9ef2ff52d4ea7906c9
t2t_L1000_5389	d065fc5ad827bf368925ac8630f432a15fe743998c33c01221674a24b9ce91dd
t2t_L1000_5390	612c9bc50a75090bfb787509f40ddd1e5cfdba79e93226088edd1edf3f4826c7
t2t_L1000_5391	e28b4d7d92e434ecc0848cfd3562c17a404e9a55f0bd37e0cc12cfcd6fe1ea91
t2t_L1000_5392	403365b8f1024b98d8d7dc0c22d5bccf72c4ff47783e94ea058a5836b17ab42d
t2t_L1000_5393	5f1d43f8a279dd529a9530d4c38a317097d176f09037cef9cabb09f2b2770355
t2t_L1000_5394	861f01a78365e4ddf68696c1f93afe689130b401553c1fa5da9238a3ef2265d2
t2t_L1000_5395	ba11953b5c0868c4ed775152a2d5d7cefc669074169d67d7a596538148109e83
t2t_L1000_5396	a06f4d584319aa3b41b11dc2b225d9a55c1252a597bbae5a78a594a8db78ae2e
t2t_L1000_5397	02f7faeb6f4636db46520a20c0a421a5b38ce03dfedffe50d330aeeca1b551c4
t2t_L1000_5398	6a7038553c62cc63798b6dbfdc9d89b1e19e686124bbf632fcc9a79b441d902a
t2t_L1000_5399	5f36690466dbe9c4e39ea744e5c899eb02a205bcdff5b21d6b0974d2f31c5932
t2t_L1000_5400	b185f881a68186383768591c77c270c82b1ed14c69442b27fd0372ccbf980d5d
t2t_L1000_5401	cacd24e3b249b8de4cb8f3d8df3c9f37a41265a1b1db0c49331d5143e7e39534
t2t_L1000_5402	37ad1c419d5b642e57827dc17e8b792a6549d8263a92f3e2d99e9cbcd6b4a7d6
t2t_L1000_5403	c2d1121074df3287203c8e30851201c06c70898ca684dd05b81bc05bc2c3581a
t2t_L1000_5404	b06d7873ac427ed876d9c7b339b5a2e5841c98c2349a5a6008dd4b0d415178b1
t2t_L1000_5405	a0a2712022165ed602d51907d5bfb1bb11954f62e08e5dd0e5d86374db9b4749
t2t_L1000_5406	1d2e782d08dcc09265b12f21bc1cbfed16e8bd454356838fe649739c879e69f0
t2t_L1000_5407	93952b0695583e8aef5ffbbfabadc5e3c0fe0ec058a6af1b20a9d5b2c0564574
t2t_L1000_5408	fcdd7be40ad865421d3a7936cfe49d6d8e41e936655ad9d5d9f90b966ba011a5
t2t_L1000_5409	a93a8629820069e339ee7e8c4160296319c719d29a3975e681447c3574c02182
t2t_L1000_5410	18dc608b2f459c081b0978a136e6d72fc492e73201a37e8e44cc923e64f8568b
t2t_L1000_5411	69cd39f2db942ee3c7f96c83272b365b8dda02a5b87fcf4b2fb54a1ec424f63b
t2t_L1000_5412	96cab75f394f6b4a47a2a7e31b89110ac95a67c1fcdee08fe62b29a4f7a429be
t2t_L1000_5413	b382371962b8dc97bdd579f92b3dcfb553d241e4740a520982819c63b1946977
t2t_L1000_5414	aa3aaf68e0ec544d510f971cd359144f5dbdde5a5b067cd8a1cd9fe1194fcbe6
t2t_L1000_5415	344c815cda67960eae1128c041196ceed9c00898b9dc5fea5a3fdb308c654e42
t2t_L1000_5416	1db62ed410da0540a9a480aae0d291e40a28b7a7112a028578d2fb384ba5878a
t2t_L1000_5417	c379c6e52812691b8d12128c235f0beefb1642f6ce1625c0ab7a6ab8e7a00991
t2t_L1000_5418	0286e203c685f956ce6a06ddb0ddb0c992f6eb2757dca7dda277af2745808f2e
t2t_L1000_5419	73beec78e7babb4d5fc0717e8f7eb64e9721f540531ce13d126b837a748dfb41
t2t_L1000_5420	649dde8bb6972efa2a1ddea9c82ab67d06d440f73aa820d0ed3057145d060649
t2t_L1000_5421	ffc2e18419a611dc3ff05be52a58ee384f24cd9db637da94cac93da34fd0c465
t2t_L1000_5422	ff8d11f5cd805be791340763cff3a2a1db54f72b8548841eca96b59ca6fdefe1
t2t_L1000_5423	c9713ef309ded858f221b56241c6880f5c7523f241410c829266abe55c73b95a
t2t_L1000_5424	a786afea090fd6f7a01e0c92025be5b01db26c4f4d59210e165e15b64bcc8a29
t2t_L1000_5425	eb6ae565e49bf7a87bc74f2a04fdd05698cc07da779748736020cf6768827234
t2t_L1000_5426	6f668882aff0bc6549d53d4bfbf4c50a317604422c69d78354ae1b31a825cb20
t2t_L1000_5427	46f6ac291667f99130c64be26c5f53e2173f85aab322ac2f627b65e9714f5339
t2t_L1000_5428	cbe364f905869d5359bf8d21fcee0695a92dc992d0b0097edde5fa6461ed3e23
t2t_L1000_5429	66b32a34292c3f223bf14284a3b4d23fee7110b812db45156b9775ca91f8081b
t2t_L1000_5430	10b6c564c897620f15199e9a94b3071c26d82a0af8ae460ad31274cc0a03a61c
t2t_L1000_5431	189062f472ec3a653679652ce7aa38b31e3084965bd7941e98911d33bfafc397
t2t_L1000_5432	0a2fe5d643b4fbfb9e349f7224139122562b4e3b470db7891c20f4e7a719fafe
t2t_L1000_5433	57b57937950b40c9c9bb95fe39b1744f269109e65fbc07c7ea0e15c4730108aa
t2t_L1000_5434	b1c04dcf579e784b442eb4297b4fd211260f4f8f0bfdf06c12e1e47dcc002299
t2t_L1000_5435	8039b30730dbda73210b6baee7fcb12e04a3bc22578b7445892679fee04cb8fd
t2t_L1000_5436	b10a461c9b62493dead453f32436301c9fd026ad2bec394e3a58176b2401b8da
t2t_L1000_5437	091c9b412ec8f06a2cf3dffa15c0031665803f5db500113f13119da37fc1a827
t2t_L1000_5438	5b9bd317400a87edfb05560e64778fa59b8e021f5421ae87f6402b04869262ce
t2t_L1000_5439	08cb119e8ab54b5f97e8b3a8529943f3e068e66d54127ddd7371bee305c293e6
t2t_L1000_5440	9310325041f4beff95ef271fb1a173d7e327b21428a4eb0d9f5a34c9fe0e653b
t2t_L1000_5441	23b6046c4bce02c8162c4df9173c82c4d5f247f3fea5b63f38c9c883b17f80c1
t2t_L1000_5442	8547e71aa1b416aff946acbf08074141a0edb2deff745cb9483c4c9cfb3a31ef
t2t_L1000_5443	42e0f5f5905a77af960b7f4e8f035ce4fff43ed9ba8c2f749353cb281eddcdc0
t2t_L1000_5444	152b2d2eeffb2c4dd8cd9b63331c7190cd4ae7056d44caa15cf8e41609a0ca86
t2t_L1000_5445	95507660b87493acaf45b90ff71b927e0d33bc8cb09e08904e2548ed0ef6d2fa
t2t_L1000_5446	8a923ef9b90c28e168a7f3a725c5756e61960be1047fa25b4fcd98072c2dfe1d
t2t_L1000_5447	a3ad8f001dd618edede6fab005a3732b700e13b4257c651c683d61191cd8f272
t2t_L1000_5448	ed2c513eda4bd0c701a2d2dd6358018e4e8debf9f41617b7e704276c1f44406d
t2t_L1000_5449	b23e4f0e148241d54bb3b98cdf1f1c0e88d0ebaa25e9a1b7762c349d5745661d
t2t_L1000_5450	d6730eedf8bb1f6e292a8075af07567816dc06add063ea3cf042ec5842820e64
t2t_L1000_5451	b32995325fdf2b60191522478ec6641835f2a7e5d67daba22567071b8e54fbae
t2t_L1000_5452	0cd5a5f164b2b866efa57ab667ef973384c2c51c8a5fefcdda01ab68bb274c34
t2t_L1000_5453	3b7315138a6a8afd119bceff69203f72b117a3bb9bfa8f3b0ab447e110e29493
t2t_L1000_5454	52a993b7945d187af280a0760220e79d9a2cd6a60e061c956aed71514f5030f5
t2t_L1000_5455	5b233840d63e171b81b483d081542502800c89d4e21dbdba0c2899e3ca7283a9
t2t_L1000_5456	c4f689cd90576b8769b4ca07afefc166766a1b7b8d3dda6e4c6a653bb62fa746
t2t_L1000_5457	06d031fec07f41b6acfc1e9a58de24e54fe810353020c3fa89e6270759ea8c4e
t2t_L1000_5458	55ef5fc0366793125ca5d2d055951929e706c33eb3cbb25d03379b26faf59c7f
t2t_L1000_5459	9f9cd25dfb15c239c69bc5d4485ef90c5842266516781e555f2d88260e755f61
t2t_L1000_5460	ab1534a4ae4455c12a95b8f87f94005c04fc5ff23d8424e4d10bb0065afb5dab
t2t_L1000_5461	8a15efdde22ec60253bfbafdc09c43401324a94a9901a23530512bdd0487d2d4
t2t_L1000_5462	2ceb7462db3aaf321afce9e89e393d394a073ec802e97425e34b60dfa16f7480
t2t_L1000_5463	584dff3189252f6f601bf25851942d0c6653b6849ecbd5fee2c83bfa269ddcc0
t2t_L1000_5464	2a69893be5b658f6746a9778615124eb92be26343823c5fd598efef9fcaf31bc
t2t_L1000_5465	52e514bfb0e1e5ad3066b0e93ab2722b68ee53cea34323666094dfa0c2831117
t2t_L1000_5466	41397978afe3cad17f81925cc91fae9155d0b9a90e1d48a21eb4c72422a40d5c
t2t_L1000_5467	fa64a3066bf05780d05bd0fad783b92b44d23b80da404746e98424806974b7f4
t2t_L1000_5468	e43d9a862dce9252ab6b4d2ddbf925e221e7cb231b63dcc7ea47ff8ecd16f28a
t2t_L1000_5469	d827459808f1c14c065ce9d336cdecf3d0b349004cb520944f8a509fcb4c4835
t2t_L1000_5470	78ec000c5d0d133b13e937c88d38fa2efa906a55f166909a32e5087681b040bb
t2t_L1000_5471	6d09751fa46430ee56ccc867d25ea3ca0a7d9785261099a899a27b3afc717641
t2t_L1000_5472	8b18b3b36180f06b3c46fc918954440170263be034d1182a4f17b931aec3a812
t2t_L1000_5473	9d57662c22b1c7272a66687100e34b54879e833eba4cab4d921edfba70f9930f
t2t_L1000_5474	c8936caffe1a3b4d6538a6f2fb2e2ccf4b361cff00afefa081bee4f2bbe9bafb
t2t_L1000_5475	f489f9220065685e9d8d5828c65481fb48d4d6b44a46544d6c5561f9dfdd4c9b
t2t_L1000_5476	618f72f39259893f1dfa2f0dc6d6b3d6996751376d0e662f2cf229784f8dc464
t2t_L1000_5477	8581b4a431136027c1e6e35ece5651385783856a4c04d2eb0d8244d5f4a8d102
t2t_L1000_5478	1a7705653f59740beada81671d665e58c1e01657095ea496401f39efb996beed
t2t_L1000_5479	9393aa34d6b6e1b7b9021d2224a83d731c773b5cd48e31c0e7301b6d5206bc71
t2t_L1000_5480	428d38fae987786c95f69b6dce42d4425b87a13b4702ee2846f2e5e4d639cb46
t2t_L1000_5481	8ba640da0bcafe66f8f083e4dad34712782b784e382e20e19ca8a1647127fdab
t2t_L1000_5482	ace54ac10abbead54242dd9628a91e83022e2346e860337d3710f3830d99c6a3
t2t_L1000_5483	74c35cfa9d7fcc1ebe69e9fd9f02f569b6f00ef34e153fd0bf652da1915eda92
t2t_L1000_5484	703920453fad2ce8eaad4c083f4e5944127c26efb114966c84568d5fae8d3528
t2t_L1000_5485	ed7eeec19398cb1abef08917a47961700620daab12c915fa65273b6efbc208c3
t2t_L1000_5486	d592eb001f24a9276c79e047bc0b7c814687e1de186c90cd717b1b892be19983
t2t_L1000_5487	15952892366bac3ad87e20d2e2a531bef34ff165d4939abb827becebd29bdbdc
t2t_L1000_5488	e08a50c79e7f2ef2d3ab1491ea77ef635a540a84e06ebe717dc3219f9ccb0d59
t2t_L1000_5489	55c56baa22f0831f8deccb8ffcc8b537de6fbe9e2462564f3edc0fc2bb059154
t2t_L1000_5490	8f0154a2cdc99d8dbe19f71cce92e3648b6bd849f7f09b12b09e323b670d1ee7
t2t_L1000_5491	c352eee8a5d6922ad8d2db67f858e3915aaf0903359b66731fb555709fe4ce9f
t2t_L1000_5492	51406071e7bd5dd6eaffd9ab937f35434fc3f0d12bdacdedbd9065a447c5c4d9
t2t_L1000_5493	e5df582c7230ea31b88fc869a2662b0ce75bc4e2cef9675379d88606f2df4bc3
t2t_L1000_5494	ae85ee3d97006ef38b2261d49783fbf8393b5f1772d88317c1391d2dd6a84cb0
t2t_L1000_5495	cd248ab670409b7434e1a82ad245efb34f79bf414dabb7595ae2b19d0404dacd
t2t_L1000_5496	d18bf0c0898d04fdea031a4df32a5a0cf393ef06219e717350676cc181f5a51b
t2t_L1000_5497	7d071a703e51623aba74b1eabbb6065e1119209f8c19951f91452fcc9dab082f
t2t_L1000_5498	74c73b8a621694be294af791e2773797c6c77d3e47cdb119f6287db0dee07b37
t2t_L1000_5499	a4d92325785d84d9d816dde19e9897767d884ec7e0a442d443ed4fefee1e53d8
t2t_L1000_5500	2024dd3dd486dd41db1c0b2caa70471dfece9d41e34d5f35016033cecbf90964
t2t_L1000_5501	4f51c1548d9abc20eef64c50d87af64f411ab767c9776a3ee3b8ccee766ba2e1
t2t_L1000_5502	cc6385fc408f2e5658af786ab2c48fa6a74e5994c4d12acac41685637ec26cff
t2t_L1000_5503	d758a3d30091b06bed4fd769d1ec94193bfdd3cc05afc2e0e8ffa692241ae610
t2t_L1000_5504	60be0baf3559e24ab4dcb191338aefce4525588c36e78ddee8abbcaf694c1031
t2t_L1000_5505	38228bf5998bc0bb15344addaf4b1249197184dfaa2b31ba6800971afd231a08
t2t_L1000_5506	b8919d44aa83e6de2ac18af26b3099d543cf593254853cfcac45a4c0771d0d01
t2t_L1000_5507	306e56e0f8615ea3e0a11f3fcf6bf1adaa644b2bd392546f8ba9ad60120e294e
t2t_L1000_5508	63dbb5e81e4529ce8be8a8af7c6708ae30f75abbe7c0ad9446b5e5d9082c6bd2
t2t_L1000_5509	b94eb72f91372d6f2259102f5c961f9c18d32d8dbc2bdda729afaf983cf0257a
t2t_L1000_5510	3c5b27ddc5f39c60152360712c76d86bf2ffc0f174186cf4e5cd060b5ab8ce6f
t2t_L1000_5511	425b6a95a7339696229c3db24b9671fe1f70f2157d3fdbf664245e038bcf2aae
t2t_L1000_5512	c8939920fa4c1fbf7306c59013d4a3c2b2f2fe9d7b514d5b9650be23d7fd8825
t2t_L1000_5513	fb02cb47df5dd9c738c6be994ed4f2d7e84b5692e44433955ade8a9ff9f85b62
t2t_L1000_5514	42f27a482e8bf1bc5ef3d8e3200f98f11b0e30cabd27c24f18a8c7c50858ef79
t2t_L1000_5515	6db98f4b86299a713d75626a7c6ec5f752fe776373dc4ef26a36a1229c0f6bb0
t2t_L1000_5516	19a3a4372143c15432a10f816408ba7cb5dcef26e0b75ee30907728214abef76
t2t_L1000_5517	62e13cb1439762fe8ef8b5449ebc69cb605d4627ea9f3a6b44ddfea1c81fae70
t2t_L1000_5518	960e84e71ed78bd8f66a0aa51fc62a24f431870fb8381a5485ac0c052b0113d1
t2t_L1000_5519	67a3509228497ec8aee5fe884f6366f6019bbb3b4da254633d2c79e0617ae9cc
t2t_L1000_5520	6194a1046cf594e7254d1185bfb90bc30f6914bb044a11c9f0278fed4fda7fc2
t2t_L1000_5521	f221bcdbe7c8011f8d749335aac56acf35b880ca51297cd2eaa9cb13309126d9
t2t_L1000_5522	a4fb01b6318048275867ce81eb9b320b27aacee066c227454c156341b553144d
t2t_L1000_5523	f1f1a202a61748938711a295877fde9a251487f5ecbdfe902f97f91ae4ddfca8
t2t_L1000_5524	01772ab86cbf58633cc60a5cbea6e81bcbc43484b43497edb2ab63d8bfbc183c
t2t_L1000_5525	f35b587a91949ca4b1cecb42be6756bd78fc5b5299a979af2f794d44875f433f
t2t_L1000_5526	1638b24a48e9d31740c1455ec3b132440e9eb29fa5d697dc7201128ca45a0869
t2t_L1000_5527	d370f525d4814f539fcb1e7296a970ef8ad890258f0235450f5ea20d389f3ada
t2t_L1000_5528	793902dc232094c45f2d833662896e389f6035b4691b0579e770262c83f97734
t2t_L1000_5529	bc122532188f324650f6f3ed9757f5ef482fa37c8340ec610e913462056b50e2
t2t_L1000_5530	bccf7cd1cb81e133c96084bd791294d03700868743f1b583e62f89bab3d680e0
t2t_L1000_5531	041f57c04a98017ec936e596c6e1a4cdd8452d887c051681fb7d633c361c226e
t2t_L1000_5532	687c43a8c918914e45fc622975cc065bd591558b4f1555773c1e67c7c5dc0995
t2t_L1000_5533	6b9c2bfb8c7b2d71a46cc918de6232832518a2b997a352cebb8afa6b2cdbd89a
t2t_L1000_5534	ffaf419ea9e3bbebdd3f2c462a463a4a5f486ba316a5ca76e033089f3f96f6c1
t2t_L1000_5535	b2db0f6f661416b64a078ec2f579e084e65a9b623bc7c0b8db76881ab4624b96
t2t_L1000_5536	b5c67599d7770e26951f626f9b4eb2f99688dc1b9119966de71ae37e129ab40a
t2t_L1000_5537	cfd74357eb50cc1f0060de8e0896d8908fb149b18bf2339d191f336aea26de78
t2t_L1000_5538	2af61b33210a637fd0c5cc9056497f42469ff309921eac8cf1087d25a202d695
t2t_L1000_5539	58f0ab900adf29ce7b38267ee90796fedaad300cdafb5efd339d1cd028d261c7
t2t_L1000_5540	ebb0089f74e9efbfb97ae3464236843048d1a68dfc74ca013e5d2bcb5cf0d2de
t2t_L1000_5541	e49102e9a2cbefc26f4fada2c0bdd2587dbe684452a570b26ad02f4d23bbd4c8
t2t_L1000_5542	58944b5d0b1408b9d067517ecbc9441a04e9bbdad3d8e130ec2a3a00564c286c
t2t_L1000_5543	0fe977c25b1b876e70f4ce2635c35398938ddb5aa553b7e199cfb5933c31fb82
t2t_L1000_5544	e2522693693e88665cc51b29b85e8b6b9d4be2f145bdd82977f085990f24ad43
t2t_L1000_5545	b2eaf3f5a4a497bbe77825a7b46569d295bd6eb99065e20efe90f71f3ef76b2d
t2t_L1000_5546	f717b26e842e271a88d60d4b6c95155cc7ef71717e75a2c8b09998a228c510fb
t2t_L1000_5547	26f67b1e4c6513579972a5ba4e365859b574fa0fe0d643fca60b56d44c123e18
t2t_L1000_5548	5658a06c1176a62ea351f123ecca31a326f60c5a1e38e2b014b46dc92f2039de
t2t_L1000_5549	e10725c4cad3d66f543dd8e83f27d50f4a833c2c50ff61583bb98e703545fdb0
t2t_L1000_5550	936b6c4e71d2f9af0e4de424a56b491fd384addf79b2c03996fbc22654917088
t2t_L1000_5551	20d506aa72da513a50aa512d85b82cce90ab9879d611d0cbfdc16a23de3718c5
t2t_L1000_5552	3ffc06e4eca4efae013b26a78570e930af438be8feba9e54c52a9db990bf8d45
t2t_L1000_5553	116e0c59c10c7c20681acd57495af9cd5c8bb6e5c1afe2f906f60eb10b811e17
t2t_L1000_5554	2fc5245b7399d8851dabc0a72267be49fccb21ffa347ec99e1adc9f273fd7749
t2t_L1000_5555	20cdcd42ded2d7f90fbe5de729c90c7a5252ebae43bc44d5f1a71f11324b748d
t2t_L1000_5556	f3ce507ae327c9b59fdeda5a42085c1fa41a4cfaa3834cc9998416604ee8ae60
t2t_L1000_5557	fec26af0d2196fd5983b7c3b90f90c82023777faf445c844ab883edbbd523aea
t2t_L1000_5558	ae59fed9748cdd5f9dbf256d36d563666e65cb974afaff12304262edc2220fbe
t2t_L1000_5559	03c0852304ac52f55ca74a4ca819947a1191c06363aba6a53533779cfef73b56
t2t_L1000_5560	d9c4e252c013c6d80affd64c5e98b4a32f202f184c294f99440dbf7df354a500
t2t_L1000_5561	2716a8dfeb1577f9a180e0239eb8abb5a5195b9178450fed371e7d8681ecfc48
t2t_L1000_5562	3d0bb023b78cc40bd3ab2f7687ebca1e290c88da8d0b6a6fa475c8f94fb024a6
t2t_L1000_5563	d19e7d4143c1d16a8213afa06a2a3f8dc7de2e2f88ae6e5e2bc8f9f977717e56
t2t_L1000_5564	155b15a40477172deffc10745d1eaed871b03840669e785da3da2edbb1326f57
t2t_L1000_5565	8fc64d2ad1ff1a67bf26c5a102eaf5294477c1886197a2c9ae4ba26d6078d36d
t2t_L1000_5566	3c0a18031cb78ab9e58121cb78d59277e434a6aff0d3c004c2e9d04003b14729
t2t_L1000_5567	9594220a3fed2a266b3c2d157353629c0312715eddf35eb368f42f3b89567a33
t2t_L1000_5568	14b8901539f2fdaea1f072094db272b6c083ec3b9893a0916c604fd8cf134a02
t2t_L1000_5569	bb5122941f0bd379536829101b8c7083a5f3ee3fcc048dfd684cd60a59884805
t2t_L1000_5570	f7085fcb522cd554ea399cb512dc20c905c4816f592621eb704d6898b3d9896a
t2t_L1000_5571	cc5489fc12b167d79111ad2f1dd8dc8a2bec9efc7588ef1cfb7ec2126edbecd1
t2t_L1000_5572	b6e801eee38779d7dddfa0a13cf04ca35c4c2b3feab4d698ad4cafb26feb4448
t2t_L1000_5573	baa0dba4e240e49491483237aaeca349598f788e4a913637d82a79b8edad47de
t2t_L1000_5574	5a42d74c210f0366114696d80ae3e4f577fb206c18c52222bbb268ddf7c7237b
t2t_L1000_5575	eed566f22bbeb463972f62f80f29624532b6a41d6c38b5876c794d6b54f40330
t2t_L1000_5576	6f1bfa58f754fb03033fb900e11c36da3ad014ddb07380bbb78984122979b03d
t2t_L1000_5577	e3ef7b91dd202956eb4511cedf864af3e82458d2465a2e301a65b7b8ecff3da5
t2t_L1000_5578	57e360d952f0e22e1d4968efb646204ec2a2176dd0e4e40042d5ead633c5e160
t2t_L1000_5579	1ab0c6cf513d123b7bc64c4e7cb8f1fef0c7d272bea8136ca54ab8738cfbecd2
t2t_L1000_5580	9f82f6990676d154b05c0230cee31e016f23b1ec59e29371c5103e1948d7930e
t2t_L1000_5581	b150ba28d08f6c883fc9ff8305cf118853ed03b8dcb29d436ada65997eb1449d
t2t_L1000_5582	d18f718912150f446c86aa3b22447a3b08faec585f5982f8303aacb3c81be062
t2t_L1000_5583	d36c31c7b03d5e6ab0caf6b829ba9ad9b822508992aa608d2cd1783c5d2cd3df
t2t_L1000_5584	317aaf1f88523ffa50d7a7a2800d1998e8a0c20e1de88300997a8915b29bbcfc
t2t_L1000_5585	f1cc0eaab7f8a8061e36415acb8f18b919290c5c0360f2be60262be77b585ab0
t2t_L1000_5586	c63d1d31ecb0762a9fae59b06cd860df3f2f883294583ec7db366ca580918c92
t2t_L1000_5587	e184c27d6d3df2d324f73484e925ae920e9fca61da538b331557aa51503e45c7
t2t_L1000_5588	74576599fc04cac3dd0fd4d719a43ff650feccf265430db07d9cad73f9cd6b0f
t2t_L1000_5589	c4e9ebdd4e29650b0f8cf32c94b57ddf866df76e55c02e464179528166409a4a
t2t_L1000_5590	dc2dc5f8e99e2f03042e072afd6177d71daa8be7b300781a91f0cff317347501
t2t_L1000_5591	d8c951ef11fed19914a681c285d837c991e35c54042831da87744bed92bc94bd
t2t_L1000_5592	695da1bddb803f651ca2a0688afd4da740d23c26e6e6ea8c1b607e4c18caccc6
t2t_L1000_5593	b7ce5d1b3db544bfb703c27dbdca3aefb70f416e6beeaf97a782a168df3f0847
t2t_L1000_5594	d07856cb05f9a6b05309e783710d57e9ef51fe4a8095c57c1ca5c2763e063e0d
t2t_L1000_5595	b54c6a40399a7f7f16e05765cc852ffd2db87bee307851f6171c2647b149ac34
t2t_L1000_5596	c66a6029439204c06b56959f8c7a43e9966383a3093e68a53d099e128dde0d0f
t2t_L1000_5597	8bdad0976b2da1cd70a4d5efbcf29d3d9025d4f0e66c7d47fc908abe9cbb9cc7
t2t_L1000_5598	bc64d924483bbb7c3aeacd180016ae2ece0a38549aed6b47df35a08f45c48613
t2t_L1000_5599	e037fc0f611f02bea542a6e3f1d359c43b37bd7803d51674cd9aacae15927354
t2t_L1000_5600	64fad244717f51c2a4f71f59427b8bfed655f8934c69d422c65aa29662b49c7a
t2t_L1000_5601	d5cbd2d3d3793d7cff5187af3340852d391353c7b6b5f2c3a66da067acc592ca
t2t_L1000_5602	570ff9b264ce942e96957cf570d37cf268dc5cf98705bb77408c953a3ee1f0e0
t2t_L1000_5603	05b3f1404f222d2ef3dded125ba662abf5d5c7f28076bad25eefb6e9c16a576c
t2t_L1000_5604	4a71eeb5ce322855be31e1219cee801b5b56be86fd1bd0ad6484852e9bf1f7d0
t2t_L1000_5605	1e21020aff54bcda4413f1a74a98e7544ea5940f32c297320ca0d374588de2c6
t2t_L1000_5606	a573ca2f990b59419073d78cd3bb19a643d8951baaf604ea47fe4f80ed7cb4a2
t2t_L1000_5607	931f7fd8b16c246d905db218b1e204329c326b4a57af73404b79837f8c6d93d8
t2t_L1000_5608	5800af9e06879af6897470d51019fa3e20ada1d67b93d738cf5d8b24d886faab
t2t_L1000_5609	3e6b8431242e6b656adf8d62880bd95582df4e62f8164aa8cf17410bf6d80bcf
t2t_L1000_5610	3e51444399e75a2a3c8ebfe7056322a3e6bd68895f0b22180cf5e88e591e7785
t2t_L1000_5611	469204cc0584d930f431f43acd4f1ccd38a916a268fa8468c826c41480d0ae36
t2t_L1000_5612	20972e5b6a044a7a1ec4c2f09dbb565e361e3eb9d390f65ac3a17c68171a59a1
t2t_L1000_5613	2d8d3b51d3acdb32e72e61498c24ab54b98222743ef030f13de27b244afb963a
t2t_L1000_5614	61295d6d1413dee41fe68acccd0cc5c1cfd9a24e91da51ad382ceb305043cf96
t2t_L1000_5615	23af45ce2374f9981c2a98bba4a21e0188c2a57a9e5d08471fcc2341ac331769
t2t_L1000_5616	c9995a31fa91acf1b06dc66ff407cb0c64beec74c1e627240d6a00712a6ebe02
t2t_L1000_5617	9b7a335f69c3433702250994c2ae5a091c5765cd881f0918a11e04d1508f6974
t2t_L1000_5618	d254931299a6956a91c74d20d5569134ba08c0e58704cdfdbd6a5cba32d6e10f
t2t_L1000_5619	18ac87a8d4df9a450ac8daca001f85e364fd25777a16192d5605ccfb9434ed74
t2t_L1000_5620	e32195c5b59261706d6bd364adc87c8d395d0e6226b89a6414e0ccd36b9d0984
t2t_L1000_5621	b0c046d5b0c70151d9d29414f157a41372d3e627ec7f9004c468755d63076d00
t2t_L1000_5622	61ca7dc8891ea148bb3161b2570b364dd50cbe39b5470f0f8ecdf81d7b88b490
t2t_L1000_5623	75ddb9fd3c773b58e203730e73c6f1473fb95b7302b987f811167f3323eec5d8
t2t_L1000_5624	d947c7eed0bbb1402998767df273dfdcde81c9003268e6ee62d9d92f197d0156
t2t_L1000_5625	d8337afbf4f4e23155913a7987a5a5cb5acb64358f1c03f367dae8fa281949a1
t2t_L1000_5626	fe8c5e2b7f99a0d0d1566d66c77a9fc48101b6affbcf6c4d0fe90ac6fd7f7775
t2t_L1000_5627	a046167a207e6ba6f1deea1a7a27473d0bca54f3195229bfc2e8f3ede6420e03
t2t_L1000_5628	a22f289517eef3056f284d7733497ee89e74566cb5f5cedeef314265079ffd47
t2t_L1000_5629	59a7f27001446e7e6cdfa1023b0d5df2273c90a8f4a738df81835c9cc3d49b5c
t2t_L1000_5630	66a94a10301f5276443c4265244dbea852ae229ec6811158e8149a9ada8808b4
t2t_L1000_5631	1e53345ebd99c95b0bc5e74c1ef242db99ef298009253fc1dd548a80c30934f9
t2t_L1000_5632	81b1cdd278c4d529044c40211c13abffe79a2f10624cea2777db2959747a7cfb
t2t_L1000_5633	67620415ed8b88ef6b67882c4395098ecfcf50f67841120c5856589c83b51133
t2t_L1000_5634	a2cb32b8181f92c908ca42a6a8209801893516a82704148c2da48a2fd345d7ae
t2t_L1000_5635	7a6aac584bac5e3f275ff2415c752ecf498d8d348d2400f4db36ce3cd33ab627
t2t_L1000_5636	c8172eb177c10cb9b373736e20515ec42308725348b078b8e1f333f25ec4bbf0
t2t_L1000_5637	6fc7780d16bf78ac35ff26ade72e8e16bf866df825584cf0d0810228071b6bd2
t2t_L1000_5638	1ffd3af10b8c842c65d7182da3f30ed67043c79991f3907180ad5379849a7cfe
t2t_L1000_5639	246d973e24c6e7b8ca92cce26b4337a91d755e9516d44ead60f96b450e818608
t2t_L1000_5640	b810a9c8a07bf601d985f26871402b84d241d0edabaf165b5ee99b9379dc97af
t2t_L1000_5641	90e6752e553b44a50201c9294000fb64c83290ccd17452427b86445136fea163
t2t_L1000_5642	d78f1c8e630542e69eab9331a792ad0a3926c7ad80900db2c9eeb4e0f9589886
t2t_L1000_5643	9d360d272dc471dfb20c9fa5dab0003f9848e9aeb2405b3b35081389604de410
t2t_L1000_5644	84d8f476e0314e30a21a0b2b042de1371d6d98e9dff5a46bc9e50d7d501533ea
t2t_L1000_5645	f75b1cd2cd17e33d15e38533d8706dec51c899291bee709893230e8c8919253a
t2t_L1000_5646	ae79cc3074009fdff01e37e130895395311196a71729091e5b75abc159326b88
t2t_L1000_5647	e779dbb4af7624bbc92ce63ebaf3b0b3ca9ef6a5f07e5655697ff72e8f7e5c5c
t2t_L1000_5648	5674a4a8a34adb8a4ce47e6b4476a6b5798ee9eb234e98c4d6a4b78015339e6c
t2t_L1000_5649	17a6cffd0276054ccb7109afa6a75913ed1e30e79f90f7a18a8f8ee1749473e6
t2t_L1000_5650	00fba5d279ac5a574ef8d6c2580d1a5d763e7ddc7453b896a26f93577d3058d8
t2t_L1000_5651	5cc90e6c2eb731c30c4b551635ceffeeabe397ae7080689ed0e05fd567912a98
t2t_L1000_5652	d774ea48be5b8867e7a0f6343232b741cea212f1f49ea8b7d8c4fc1f8c699860
t2t_L1000_5653	d33588c63a0f5b609402a3eb52e112c88d7d6e46f8003d7ea98dac3055870095
t2t_L1000_5654	229172865d65d6b3a215dcc88e948198acf73d03cd88c8fa378e07ce07b77e98
t2t_L1000_5655	61ba78e991fdcc1a9c3afa2257f5432ab0c3d236bdcdcda2d5fba36138f256f3
t2t_L1000_5656	208603b25f688308f75b9ccc8cd3cd779a7c5eb2ec04af199900a746bf4e2251
t2t_L1000_5657	b0cfa715e190c084f64f6aacecf1863b7670c7c9be76d16a8ee7603f4773f7e4
t2t_L1000_5658	02a40d84f0fe78e2ed0436291d2e162b6edf51077399bb9141b529645f4bc5f5
t2t_L1000_5659	a1b037377ab163c11c4c2c08fcadda37ccd8a29b7bed80fb181a8d2a34661de7
t2t_L1000_5660	e9229b2addc30293f2fe485e398ba9356b32c4c4aafcb9375d9d7ad6bf8ad88b
t2t_L1000_5661	b14d01f3cb8fb73c3f8509203b1593adfc82dae30854e2fbfa7dd59a60b67df8
t2t_L1000_5662	ae073faa1256ede525fdb9f14d76f1cbe8d67259504620ab185a00cadab3eade
t2t_L1000_5663	f8500aea982dab6cb47c43cbf17d7e9ceea28f1094f9b35c6a8374bb16eb8d83
t2t_L1000_5664	09960e743ef3607e63eb33ed029b76bffda9aeb720a1f08a1329af6129191345
t2t_L1000_5665	5e843da0e79b6d20090337f00f6420e05c807c81beb61ee6c1bbd087a47cac95
t2t_L1000_5666	cfad31d8018f2c876a58ed4e39fe58e30bfb2afa6392248738707957b43fda35
t2t_L1000_5667	91bd931607b28910e8a63d78e45453a41b9cee72ff35bd8bfafbb2d71989da80
t2t_L1000_5668	bf7ef7c463b5337f04cabedb52befce0e44fb8b4d97cf70b6ae30072885dacf4
t2t_L1000_5669	d393f8a7ccf4281963cd81b98d4bca114ef12ae986b5c3b29b4de5dd7d08aa67
t2t_L1000_5670	089609fc93bb6d2581993c3a51e1259f89a57424b2e63fb98d70fc677250eb68
t2t_L1000_5671	1a1ea5bcb67642bc5176dfcd81e7ddcd44ee8a6dd88fe8a805d4d2fdaf252b5b
t2t_L1000_5672	11242620f891519edba614bed7130d847240fd2766ff3b3393c1090e1cb1f469
t2t_L1000_5673	3a5e6a0c8e1895f2d28cabc0ecf3119cae46f0cc5af65b20d749ff3b066787fd
t2t_L1000_5674	d4b39e356b2207f8c4bfbb6b3fdb607c9f2754bd0594d308c69901e8e79f2ded
t2t_L1000_5675	e8fe851fb77523558821fe1b5bc3dd76d161c1087ced095c60770c12edc01f8f
t2t_L1000_5676	18953fbe51820584f4ce25c0b3b1f5e4834067c774cea482ca5aaded5658f4e3
t2t_L1000_5677	9264e0c059ac35a0a3b7b38e128b1d9815cd6693d8f3592b241e201cd774688a
t2t_L1000_5678	471bafe8abe160bf5547d72d52ced63a24dfada82443e90b2038f2ff257309d0
t2t_L1000_5679	08bcb8c4059f8c32381fd942bc640b68d98266cccd524ddb35bcc80c3826be29
t2t_L1000_5680	2ac89afae104ced4cf98ec4a762ee395fe0153bf46539a21efc9b6985553547f
t2t_L1000_5681	4594a37e372c6141f3417b0312e0d293f538d40da136f7833e3a601252850b18
t2t_L1000_5682	c1bfae1276a6e709d84b9f63e94724bbd2043f2dd7fa433432a3e00c290c0210
t2t_L1000_5683	38c9b1af6a4ed838f18e74706a05b775aa1037f51873550a2f0ac79582d02254
t2t_L1000_5684	a682bcd97ab76ade7f0d3a5fde4b9285b2a3c3ad8acd3d378f6fbbfefba19e3e
t2t_L1000_5685	87711a1c2b9bd5aea2fc70ea02ae5522d3a2178b623136c8f3b6a3b2509ed055
t2t_L1000_5686	c74bf5f146e009afeb9dfef1a9807bce6df69c1eecd40dcea56f94117d5dcb05
t2t_L1000_5687	2fdf4f26e8e9f90ccabf4379c4b3ba1217715904788a1c80de872d86ff986c24
t2t_L1000_5688	f48e27c2a2fe6bb965c6c942e33958e1cf324f1306675d6ac3dc878bffee5866
t2t_L1000_5689	bdd17d1eb8d2900dbae84b7c708b1730ca39c67de9f37da98caabaeb5d6be84a
t2t_L1000_5690	32ff8873fdf77728e25a20d4f259df9d873de4106d673ef84ae08fd2de72c05e
t2t_L1000_5691	e6fc48c3839ecdb72093be921e6c262dc79a489e90aca32cd92944ae5ae36473
t2t_L1000_5692	41f241208319343561e96570175dce790c74658b8b1c8f014453876c56537dee
t2t_L1000_5693	41735dedd5fd71fb6cf986d4bd1a44285c687e5d4dcb1a2bc1aa40c16952e8c6
t2t_L1000_5694	5441d0d98d15ec13ce6f7a839dcd5ebbcc06e29dae838e71727b667cf4d49c17
t2t_L1000_5695	fc88368c125b4fe7764a54a4de0f623b27ea5d4b789cce8d4b46d124698d1b96
t2t_L1000_5696	130bef9d21dbc809c5942eeaf0e69c43415e3b45d6274ea144e9da5dd9093695
t2t_L1000_5697	76c44cbe00fa1761ab7f06ff48d5fce8ca66319075d7483bf8a0b349bac5b563
t2t_L1000_5698	fefbc6bfa9a80c9c50fa1d804e2884567b525d5da2f722f336aed3901612f2d5
t2t_L1000_5699	0b4a2c1bacfbf7c9eac77a55cdd8ad20e6f27dc1d63f02f6c59f65bbf2f42a38
t2t_L1000_5700	fc1e0c0979e7adbd06fa8838b480cd6f72f7d8681260cceef740db9863d20862
t2t_L1000_5701	f953e874ffd137a53f262fa134c5e17e83d720283967a66a5b87f58cb4969c70
t2t_L1000_5702	9f304a8de8e3be9d2895368ffc3892ab154275d97d6cdfddc9c068837da0a9fd
t2t_L1000_5703	1464ec2ebfcc346573b314b06cbdbafac9aeb81917f1cf940645910ee3f19beb
t2t_L1000_5704	6fa35a6680bae272709aec560e67a35140007559ffbd0bef37de9178f6517455
t2t_L1000_5705	cc2f5ad9518a892cf1110a97b8582ca0130596b3512794d3bdcbc7f33a207090
t2t_L1000_5706	6af365d73551014ba46b1fd1a61c12eb486074d98d8dc3f8705542dba8d303a3
t2t_L1000_5707	ede61e67754624a358f0ef886df3b1ef0d2eaa5a30c5ba113d0aec861b0f0530
t2t_L1000_5708	1fcccb7cab6541643ba8982b11f39f073cf13db9730a177d7632df6bc4758779
t2t_L1000_5709	90b3c2acfffbbe67c778021e4bb9b2bddb911f52b802785332fd36b6a8fa474a
t2t_L1000_5710	c4253baa628d9bed677a2b2965d438d55bd04848d2a4ac5539374651045f61a7
t2t_L1000_5711	3778464c13d7573a53b676874e27e65cf5d60cbc3980476049626a73ae781289
t2t_L1000_5712	a0d7e6e7d1c1af9df5a24e18812d4f7a10960664266c8630d3a2c3c2bf63e29b
t2t_L1000_5713	ae8e402fd669c9b18ca9cd0a5707201ee7941a5bc4677cf2c841daa9f540a119
t2t_L1000_5714	c44733719ce5fb26c169b12fec2ba6d8f6719dfff755f996727fa7f8e8394c68
t2t_L1000_5715	7044c9c1fce27bf8d920fdfaa97e2673c853c89a6138039c405c1ddd173634cb
t2t_L1000_5716	b6ee6aed9fc10fcaba642cb947bfa5ac4809535219515149c9e5686a7adaef46
t2t_L1000_5717	b359aaeaeb35b23d9bdda8989760f6b7f2b824daac4233424e211b73e417cd01
t2t_L1000_5718	5e08a5ee57b7487979a88d821d2a449fd5e1aa1bea4bcfd6215308e4fa355082
t2t_L1000_5719	7387d32dbde0ca87a08922294605c0a4e3c530896b419fec9a5d2e3aa0ed3acc
t2t_L1000_5720	f38f855e842bb170a2a1a9639bf7025309c264a59076842886b6c61ec01e5270
t2t_L1000_5721	aea99e38d6de99947d22edf0cb3bc6ce159b5c44f7ddc306bd24310e422b3db7
t2t_L1000_5722	0677f4e192816b99f16b81e04178770092620d944767ffa8bf0abcb849ad2b0e
t2t_L1000_5723	49828fa5b7fba790339b3719259ca6bd11c6514a895772e0bf3fae591c86ebee
t2t_L1000_5724	ea7a69da23ed0b288474bd23db479107b84e86445d04887f11296c61ba5f53ce
t2t_L1000_5725	6e17d188e9d4b90749d6a23ac87bf15ac7883ae6821d1494d57ff2ff9419e6ab
t2t_L1000_5726	6745d4be3e6a7806797f5f7d1c4c6819a070310c83b88dfd6c1eb23a5675fcf2
t2t_L1000_5727	fb904f45e41b0b86c52716ceb37a3d2c68c9e1462e0d3437fb958168b31925ab
t2t_L1000_5728	1a7fa046091ed57556d8575b03e596a9a2537ce8005a7ffb0400d6caaa947b51
t2t_L1000_5729	db00b06fe1ffad11c530190ef611b4c994db0f025b63549761ac788be06a7ec0
t2t_L1000_5730	d6d374d4a8cb15627b43bff2fa14fed6950c08bfb646794e8b857aee1e1b8044
t2t_L1000_5731	e42a9220cadd9de27f2cd405ec5d0bf6b8213a49dc989f67b04003d07cfdf79a
t2t_L1000_5732	2465ac65d22dc9fe583ba27c8b50ba036c36c765e2a81603899f3d7f53b0fc6d
t2t_L1000_5733	4aad28c376e486ebd1533784a80e49fb68a1219d146b680e71cb5d314409fa3e
t2t_L1000_5734	a50708b92f75f94649080ed611eac29d49dfc12f1762d332bd92c2210dda31db
t2t_L1000_5735	35b9fbb49c2cbf1b335bce1fe98ac72d65a785ba703f9a745bc98897cd70f5eb
t2t_L1000_5736	a3e5bc868e3e94527915826e886bdaa0385b95dc0bbf7a075e30382c1eb79c9e
t2t_L1000_5737	4fb9f192422cf8f1bcf79733286ea911fe457c38f77f913ec2fe8b59f48d1038
t2t_L1000_5738	65892413a91834209f21c1a6748b39b4fcd11535a39cf38069803bbc636c6d32
t2t_L1000_5739	e6488f21601b23b236c109f072a255d22dfcbe3b6362c9b831048c2b30b94f4b
t2t_L1000_5740	23c008cd8bf759fe1a0975c2b000000b38efc52d6a80a00a0561e7ac2c5cd85c
t2t_L1000_5741	e7fb0c3834bc48f57b0f8d20d91804d204e64f04477f215d78deb4d09b621579
t2t_L1000_5742	ce03f9821f382502a9776e5e1a5d59b63f154a409f3cd495200506a36eec44ba
t2t_L1000_5743	ef5d664276c6c13026bcce3a3676ae0cbd9020c2de8a146c8243f0619101aa24
t2t_L1000_5744	128120abebdad6285c681199172c63d38eced066859b403e1da4a3f383593810
t2t_L1000_5745	d369e97fd3a600e1835677e874d3e3d3f5902c447654774fe4be68675ea43313
t2t_L1000_5746	4ad47609d6ba610d193db12eb40836a77c97b0e92d9f7352dd665bf7366e887d
t2t_L1000_5747	c90ab016416e10cefbafb51a22d3b941118be21d41a45a7ac1b850a70ed17e5f
t2t_L1000_5748	7e76943642478b3a38372cfd3948823f499b6d289f3a2cc18925c6ea174f6854
t2t_L1000_5749	43942dd9ae3ab477309139331b4bfb33cbc8fc67e1d96b9de82ae3d4c8c1d0e4
t2t_L1000_5750	2c4b2f7e52c685839495e57bd4666777d7c213f32ca8ecfa152c5b01701c1d9b
t2t_L1000_5751	54997796d1fef64da939da23ac0075b3b2b54e9ca6ea4c45c416d253b1aa30d3
t2t_L1000_5752	a04ed372b079f2e42c12a95a57d733fabd68a9163ac973be35c97f978aea4e90
t2t_L1000_5753	43355f6597712c3474fdbfd9bfbdd8e6928bb0f6308141d1506ba172f3898c03
t2t_L1000_5754	43d505d091d05f0d68be7c125ce843404b59e0aaefe949bd6860ee43c7dffbf9
t2t_L1000_5755	54bcc40aa1462f99a0ad35ace9ef78a57be3b56b8d02a45f13cc56dfaed4b7bf
t2t_L1000_5756	dd0a4806f96c4f09a1e2aa9f014d264023fceb00fd615eaf266fd273b07b2494
t2t_L1000_5757	b9f195fb57f29fb8f68058b6f2c5c22260fb0dd9ca83db9f759c02cadc064e5d
t2t_L1000_5758	d94e3d023e98c316ff241169ce00b351ffb1293e6a5a7f620825c93b25453615
t2t_L1000_5759	52065b099c4383ca103813d62aa851dc8a1ddfa3275602441ebb06ca58d5d403
t2t_L1000_5760	062d68359dbf65c2f7c7c4a7a8c90b0581b118382f685b8c17c962f1cc572595
t2t_L1000_5761	6148ff44feb2fa51b9c95a2a8111c937510b0240e9744e8d6ea71fa82f1c140c
t2t_L1000_5762	bda0871247d3a28c479b0068453001391cb2651cbe6ee18c06ef3c680e7a2299
t2t_L1000_5763	cccd6519a3f17ee6cd0eb639f7896364b1d8a982ea80155f2497f25124101074
t2t_L1000_5764	67b8bd36511023e334a8dc9ec74311bb1145dae658eeec4beeb49432dad9f0c1
t2t_L1000_5765	252471e621da3319ddfcee8263c81d028f2c3955ede48d0acf7b8f4b300ad942
t2t_L1000_5766	c8ac0f455dfd9282a47f58b9413aac2b80e097a8c1b0a1677424f53817d07462
t2t_L1000_5767	84fe1f783a9ae0ba5fd47449f1de415ee231c04452ac8e80121752dc9fc06f66
t2t_L1000_5768	03e314b63d24f12c73473db4e5cda5838f6b985e668326ea58b667561bd24fa1
t2t_L1000_5769	e1f5c1a000f09c3563d08be84acdde08d3acc2e787a9a34e6f94bd348a19c0bb
t2t_L1000_5770	58889ef4c38b221ce1948a3ebca5e34539de32939cbe7d06171e8f8f1ab31a94
t2t_L1000_5771	3513560863dcde6b3bd6b3fb92cd7abbc3d89a1e2620c4d80bac524cc893e998
t2t_L1000_5772	5deee50ef78603e57e6a5dddc6991ecb0bcfe0115be5ce6866fad2902345874f
t2t_L1000_5773	d0a60ff7d985ce2a30450a9289ccfcec5d1864c66b2f57c07a704bc12412eaea
t2t_L1000_5774	33e81434aecd94b0857a60dbf42d80bbfd73cb01b998fab09fc89d9463309a81
t2t_L1000_5775	f420e37111b80b4ff73904963eda12816c1f71e47f4ba5605d85c3dcfd48bf9c
t2t_L1000_5776	dc99eadac9bad581a8c0d5b77199733cea89105e8fece505efa521480efba5d1
t2t_L1000_5777	d1bf421261fea30a80ce1bb88d7316768f6b4ff32119b21ef17d883d5f7d6bf2
t2t_L1000_5778	86acd71ef8ef46c8e9d19c53c3f82b1c3121623787a2424ca17402217e9a167d
t2t_L1000_5779	db26460c8559072df53997c52eca1079e549947f0957a9b35dc9b6279daeebf7
t2t_L1000_5780	d9af8619d0a6a26e92f990e06256e1d61548d51355932684b187efdd43073f25
t2t_L1000_5781	5a8df3523e16874fc78d3896601d529cbba75d8d4825bd2f2e8aeeecb28cfe92
t2t_L1000_5782	2717dac2811bbf65a2782bf5e604890e6c1758579d8e492919820a1da11dc6ff
t2t_L1000_5783	f384db17769717315e8d52b948862759f7ac76aed107e4919852ee93d37c5984
t2t_L1000_5784	456ea7458302fefd9011e375735a737d90ba614a0839bb69dfa47304ee03e839
t2t_L1000_5785	2b653bf29491698812eb9a1c732f416850e99f6727dff2b504b653ee722d4b0a
t2t_L1000_5786	b1cf1f0d4e8b7b8a1e27c395e74d178f203076d3605eecb7e01d25c2da9c2eab
t2t_L1000_5787	23cd606a3953a7f8528863669eb0d65db6cc4529d408d4032f8ebb4f7dc8522f
t2t_L1000_5788	b669d6b35fa80b7915bdda8fa9f1e958852eea502ca5f6af4afcef00ae7360ed
t2t_L1000_5789	e8906ce517df072778c2da69cfefecac8fb36a9eeff2e3ef315cc24dde12283c
t2t_L1000_5790	62bda7d8b924821e681efee9d38cf5e1480447260d880ecb950388b5a3d60ef2
t2t_L1000_5791	51124f5d74c5b28f955033d67272fa68b79887e93ae49379ede9b33883bc3de0
t2t_L1000_5792	7d95f851502c05ea2880a07720b222e687e4673c1f9f43e2de201c6ec7675f39
t2t_L1000_5793	76fe8664a61a4469bad7d04107d34ca7e7e68e636e27a76e4b7d567ef9c1a615
t2t_L1000_5794	876f8e1dee4fa64f158f58e519051151f54c090bf7a19b6ea1d94b896ffc1090
t2t_L1000_5795	6b0876bbc97a72d60596168b5f1865adf44663f68d6042a9d8221254cc771f4a
t2t_L1000_5796	597d4ec5282e37b6fd4dbe4c7f933a511d3d372cd8f7af5d3134007756b7d15a
t2t_L1000_5797	6a27e20986ad277849ae5fee5409b11ca845e7c08642c9d16cc4e46a3165e554
t2t_L1000_5798	e642a2bd63ca28d6b822f167a69ab87a3051f4cf089a56f9b72c364217f9f09a
t2t_L1000_5799	40ebd17f0b1856c77a7d65d3bfdefa7be75d3083f667a0bdfbd97696328fc0ac
t2t_L1000_5800	65681515355d5de112144d4da13c26375daa8b244772669dcb8894ea84d1725f
t2t_L1000_5801	3fde3f95fb50d1c4ad20b1c3c042ab9d89678cbcdfc03b08f350d25ce5655ec8
t2t_L1000_5802	b3acb1a14cb2b62bd8155d7414925510170a5cc4d6d37a83d885d74e3be49b21
t2t_L1000_5803	8c6dfcf003deb9424a35869e626e827a01b7450d910fc4b6f99596ee3c9db692
t2t_L1000_5804	18035ece9821dd9a667685038c739e3ad17873a52b471ce6bd3085dc5a73a552
t2t_L1000_5805	192c521c00bc326e18df5f624ade1c6a51175cf3ed36f0ac99d4a1a935ce30b0
t2t_L1000_5806	c752100a03ed92fcb5b6acd0d3119f52cf40185f32365ea1950dc741127b26ca
t2t_L1000_5807	2b9a931a130732cd27e9f0be1e8fdf52044c6a085917f5df72821c2719120edf
t2t_L1000_5808	fb774a6d1eacc997549c2a45be0b835d4487455b2fa13eb870215eae9881a4b1
t2t_L1000_5809	0ee667e044c47d0f6a243444eeb8a11a2708eeeb4192f312566914ab03b40647
t2t_L1000_5810	2c0cd91c088ef87e12502e2693f9933c98ebe1ef94003e82a3b0da6cf0466b1f
t2t_L1000_5811	dd8284c909cf57223b0bddb1642036a84dfb13cf6a2e5c6c321b98f740432e23
t2t_L1000_5812	50c5108eae880802bbf17bea4c343c57264f29de0c5e576320df6bee3221a5a2
t2t_L1000_5813	f435e0aa1df430a6cd6fec115cf35028822a62eb0fd60b0e826978185ab5c9a8
t2t_L1000_5814	da3165c6e16c2e612113183262a74a688dc537cc019222d26f1b616984debb3e
t2t_L1000_5815	edc0059c31ac93e44e644c37b6877aa24808da7454f4fdcee3514331c340c842
t2t_L1000_5816	22f4548d8cb55b3939f52034c0ee0ee68203ceaed390acb609516225b2007a30
t2t_L1000_5817	7c3905d6542378abc40c6a11d1415a56be23c5a5005076d30c900d125b7021bf
t2t_L1000_5818	44b49b3583f81e5bb7439adf0cee8b87dab9547a8f9aac739bb5d353fc71cfea
t2t_L1000_5819	3517d9a30e9733f1b14b55ce5ffe26c3d5076c43fb334687716d60b36ef43e58
t2t_L1000_5820	d60c248e1a53eb3284992f316433cf932edce5c2ff8805e64c7fda833fa11e27
t2t_L1000_5821	b182ccb577b62a3778018240781908e40370c71889a5ae34606dd7f19eb4c170
t2t_L1000_5822	19f6a2879ba70d991a22e3b1df3d27c75286abafeae39a624c94092e0f8730e9
t2t_L1000_5823	051595096492aff2998a931f6b81babcbf1dbe5ec9a2aefc6428b79d85f6f817
t2t_L1000_5824	473fd13cbbd7d51ee755db9e8c65540b84dd6838971f09b904f975c0f46910de
t2t_L1000_5825	a4472301838d7d31ba079caff8fcd0120a1fe39580c8b936dce00d3bbc305b95
t2t_L1000_5826	a845ccee0a9b09de8b0577f9be2667ec6e73806c4e38416e9247f49f6ffba7aa
t2t_L1000_5827	0a022ca00502517c49b32b4afabd0a35a2566ed631c2021369bbc851f6d7a7b5
t2t_L1000_5828	e80c1f24dc28e6b5c5ad5f569cbf0135d5d573f8f5212286ec19ad1c9642f0c6
t2t_L1000_5829	6f0199925acf17be47523f9dcd29d50b7724b7ad0edb8804631fcae204795cc4
t2t_L1000_5830	3f372380304c7fecee0f17020a6fe2659575a1dea841d3909e244b1ecac89d6a
t2t_L1000_5831	ded6311b0acb824e6b66cf12427ccaab3fb9891aaa98720c8ffab5276f69c6d2
t2t_L1000_5832	79833dbef0de20f93deb101c5132b213b9604d12381cddd40e3b33a31e33388f
t2t_L1000_5833	589a59b90d457fc8e6345da1b682536180150a4a9fc61f3d706fff4c02ec9db9
t2t_L1000_5834	2120bb1539633357b5613e5cfada74d615d33be846ce5e7268884546f54670e2
t2t_L1000_5835	2d6f28ea6508d6a612a2921cd0d2ebb9a37a001cee88b37eee7d01a335e21c93
t2t_L1000_5836	35148982a805a45ba0b6a164343ed42bab02df22dbc48fbc800145741489e94f
t2t_L1000_5837	ba45256f4d0594c57ce8c2c183d2facb021ea1138a1aba0a039215a65c52f600
t2t_L1000_5838	f4ae0c1a61d1473bd9860120c1549b08352ae23907b9c05f5cfd6c02abbea904
t2t_L1000_5839	15811cf25216f74025c85e4fadd7fac1cd829837141dd2e8f9fc7411cbb3921f
t2t_L1000_5840	70f373cdd7e95a299e037a9a26aada5d09060bb0559f9a9004c86e1359a5e251
t2t_L1000_5841	edbbff7569f0d9115870e9a0771b884d8c20652ed9ed28a690ac5453e62e3a3e
t2t_L1000_5842	a89dc212362619bbb102244e7a667010682b247e2338fcac53aab37f3f03f5ba
t2t_L1000_5843	a21f2419b8acea78c4ae4a66d227a4904b383f4d916aea741df9b60ac660278d
t2t_L1000_5844	8dd4329f881d82bc034788509bc5a2158c2cbf0536a9a7f1aaabc5825be352fd
t2t_L1000_5845	12a9cd59edab4cdf9cbcda70e4231f580a8805dc7542ddb134d4308a128762f3
t2t_L1000_5846	04c1d692b8357a231b856d903794c04ccad48aac9aa1e2b0051427c35ab59b32
t2t_L1000_5847	04fc36767298a2a431f92a9fccd1785016281a0c7544407158db1f2aae6c6cd3
t2t_L1000_5848	f33612f4e6705ee953b5cdf4090ec5a73ee2bf46bc1e8a3c69dea7b1c01e46e6
t2t_L1000_5849	1a3b5b7ec4669f4b5194a54debb88c37e0d50650e13cc70287231a3bacd44aac
t2t_L1000_5850	dd6b6a6e84fd8781b4b3c9c6c5a16d6f5845de7e7bf581c96d494e047edf1108
t2t_L1000_5851	e14dbcf1edf3af1a73dc4e9e66566e73c6a895798c40bfcf7a6a0748725584fa
t2t_L1000_5852	39282844c11d2134f981cdec25b023ba125e0c030faa450a082242ce070a5d65
t2t_L1000_5853	a0a9877c72fbf5975cf007fa6ccf57a80b357c16ce75dc0426023c9c2c7eb9a6
t2t_L1000_5854	d79e3e09bf5ab33e3ad59cf46b53c06f980107780d6b1fe66ce610f4ded84737
t2t_L1000_5855	1ca934da943a730b5b5de32651455c50cb5a6236173eb50f7e89f33fe9881713
t2t_L1000_5856	215cfe3f6663478209161df62dfe66346f2cccbf4d87e27c3ad378db3583133a
t2t_L1000_5857	6297e1708e8071ea784707b34e3c416bcaa6ffd54543809a9926871398775f34
t2t_L1000_5858	5021727fcdcfbf4ec4ef6b5209a90841d0040b707f8364512711a49450a0f525
t2t_L1000_5859	04b6950864f6f2d5e29f8a7fbf3fa454adfcf8fbba533bf94f6bb33cbd0c1fb6
t2t_L1000_5860	6ce76cd845f166c8d27907047c3b76763415f9d5ebe10911abb37257c107a106
t2t_L1000_5861	e0ffa8b79475d4768c71735cbe5b49448472ec18b4ed06fc05abd9b80b119d16
t2t_L1000_5862	7b830b50eeb1530bc920e66e18e8f136b906bfe2da9522ddad0191555d02e25d
t2t_L1000_5863	f8432e27bfbbc8b0ca57702eaad79ecdeb0e844db9531ce4fd9326fc37139f5a
t2t_L1000_5864	e5aa6909b00342a8ba19058ba02ec0164aedd4e6cbba2074692d4ca651279ce4
t2t_L1000_5865	25262a24b274e5ebce1f8fecebfa4d0c23c27fd28d1d3a38f32d7c5b3c11e2a5
t2t_L1000_5866	fabc7123ba019dabdb4e977f1b1a74cfdddc1ede79b2156da77a8a8e419c764f
t2t_L1000_5867	3487b5f46eca44cd5926d69943ef8f27f8e58112dbe1071fce1d871bf63fba1a
t2t_L1000_5868	f57e2d34173cb6771472c41e78ce6573a2b277a22b9f02c760aecf716578f9bb
t2t_L1000_5869	8e6c9ee97791f1f105878c76c10915156262aef05dfa1472ab8d6b3a802cff65
t2t_L1000_5870	1658f47ac557d683731025f9d17010bf5e42df99df19aadf71bf988846768fc8
t2t_L1000_5871	29198493fbde943cec1a8d70d1418cbd76b3c8a561b49f49eb42fe75bfe91b9f
t2t_L1000_5872	bc4bee33b1c14e2a6ffda16aa032a021a787ab03fd132ca376ec3a60d16f8ca7
t2t_L1000_5873	912abbdcabd5f919b577d6314e9998b8c36812fd8350d0634007c7473498f26b
t2t_L1000_5874	55629dbbdf4f2da132e827d0e41957f17fdb2d6a6a974665e689b295716ceb3a
t2t_L1000_5875	0d9a3191d11116dbf98ba9098c0cd79ead4ea28595b3e5982e94fb647811d74a
t2t_L1000_5876	5ea0d56205f9a7b6e42e2bda5688763153cb9e56d900859ab8e539ee3ff39b69
t2t_L1000_5877	1900b619c410d0777588ea126e46c0f2736d43655181bdb7e03e31481fa6f31b
t2t_L1000_5878	4e32d3861068514c10b7ae1b65c0cb2c85b385d742218051b75e8be8c25a3eeb
t2t_L1000_5879	58bf2107a94ef07b39bc1141460bf368ffc683bb7a6491383135416814c8547e
t2t_L1000_5880	510bca3208c60f007f2adf7b06e84b2b52d6ce0bee12b0b9196c2b4d5a3638c6
t2t_L1000_5881	623c2c299afbe58b5385e21db620b2f923d9ff21fe93b7e41b6cf40fa34a81e7
t2t_L1000_5882	b18e8092799aab4e489f69df5096bb40f975bb6bb6e04bda98a66f35ddcbe63e
t2t_L1000_5883	5f51fea5055fb3399da1f1505b629aaad1b4e8ca292ebc178ef2118a59d4aca6
t2t_L1000_5884	670cafdf23e0d96891e4636594567f84a20468da92722fd1727400af09095671
t2t_L1000_5885	688383818af8e449284b445a2bf4aef26dc00cfc97f2d36ea46a0ac7363e4169
t2t_L1000_5886	2a386c0fd49107d9aba63bfcdd74c88bd9d0984a6fc1b8e38eba0af7de042205
t2t_L1000_5887	245609620bcb8e990fa24e77e40d15ff31ec37163f8ae8f49a93264fb7363d4a
t2t_L1000_5888	5736d10d7d971ff1f9ca07f8e33ef97942e72ba93294fc8a95986b75c811ddca
t2t_L1000_5889	cbe06a1c12d4ecb506f32eb44da8cab018bd9c9c4112ea9419fbc40fe0085b33
t2t_L1000_5890	618a6f7f4b202f53fa57845f2c08b06e4423e05f0a99efdcc10f035a69fd8b30
t2t_L1000_5891	4fecb97435c977c17704acf5d8c329601c8eb0a37d8d554f641fdad5376b7700
t2t_L1000_5892	088df741c1ffc425447d4b61ac6d7cf64ff01d19954e46c278fbb456995d7455
t2t_L1000_5893	1d7ce7f19834f18f72e25c745a101c290bce230d2c450bad53db05c4c3c2486f
t2t_L1000_5894	eb152f8a96db7f7e39df9fc91c9ca1177338ac11a139df342e6e0fbd19de0582
t2t_L1000_5895	b3c1676486010fc2c13e975a783a81dda032a31dafc263592527bc7ab56f697c
t2t_L1000_5896	3c38d4e95a0da7bce87815857102d6d35aa7d78a55ddf30214b859ab3e7068fc
t2t_L1000_5897	1033244ee4626f570add4a8b92f9c95655b474f15bbd2eff0202016af1a31e47
t2t_L1000_5898	3a3c600f6e7ba60b0cfa034aed3f73726c1477fa8e6ed10d87db4f96380f9947
t2t_L1000_5899	b2048d5c91548015ccc5098a3b5a704e187b60042cd2e3668c6287e2c8fa81a6
t2t_L1000_5900	456945429e8d0e6e71d89df57f7c0969e7e9314bfef05e20778aa8f6479e91d4
t2t_L1000_5901	fdbb9dcf8c1d343bad95f6147590642bb3366ad16ed99c1949d4b82c7fe00871
t2t_L1000_5902	d866cda41be4c2df5622e1ffe112ba2d4a10542627802be93cdaac7a47549a84
t2t_L1000_5903	51c342d57cfa77ef985d248679c45355fd3b993f4b4d10944fe100427ad81eff
t2t_L1000_5904	39323a7ccc6979f7b5fca2e8d90eaa10912a37995225833cb7f01e970e78167e
t2t_L1000_5905	a4dcc409094ff7a98e8c5e131cf60fcf7088c90686bbe3d7d1824be871146b34
t2t_L1000_5906	2b56ad845ab202f96abdd9075394a857c88126a0e246c445caa4a55f91def580
t2t_L1000_5907	22f1c43aa96f89bd6f2cdab3db24476b4df84e15dd973cfa07ab23e47e095e5a
t2t_L1000_5908	11aecd670264bc06c880bb8013f353d54c854eff3997d430d791a05cc6ece9ca
t2t_L1000_5909	eb79a19139171c3df7106fc6ca7c7531a997cfe006f4dc230768b29143d8aed3
t2t_L1000_5910	7d67f87c455c63c8255b46e0677e31ad5f89574df226a9c28064b05c078fa738
t2t_L1000_5911	6dcaac9cfc33c5b6a28d2d21902b0116aa2ee523534dcd8ea726155f9243ac74
t2t_L1000_5912	da9a7cf102ca22efee702038aaeccc40e7d7ca6a9f74ff76dde6b5ab7641a29b
t2t_L1000_5913	d20e1381405c9aaccf7d5f9223d94c1c99a92566b8751b592d47656d9b7c4816
t2t_L1000_5914	c706742fbf11e502c8a854c61c80a23e242fbe260a38823ba9701eafaf7c5a61
t2t_L1000_5915	cedf0e28bd4020bd0ae70e60a09496aad7a8ac5964ee3eee64afd878dfd64732
t2t_L1000_5916	50dfb68a6a78eaabed313cc45d860a74272e5305b982db6d6be259f79433c773
t2t_L1000_5917	d9d7eb5668892bf9595f3751879e43ec9ab91ee24c93882176288ed13bc5d56b
t2t_L1000_5918	41bf1e4a2be6094671307fcc8a74af19203bbd237482191333c0a3d684e2cc59
t2t_L1000_5919	34071c32622505fadb8fdf9c7890b8aca1fc182e71847733bd07c6fbcd2d84b8
t2t_L1000_5920	836cdeda0e66cb3aebd0dc74e4546c027443df501252b5edeb8144e82d764a29
t2t_L1000_5921	0c094ac6ac0e59537005825d7473ae57b3950be83e95bc809af033d2c5833322
t2t_L1000_5922	174ee58aebcd8c5e693de8cd14c492d27a80064e3634301b54036753d7f7ed27
t2t_L1000_5923	a50ab37bb210533c095b06cf768c45845accb4537592bc205cd74c806339c92b
t2t_L1000_5924	29fcbe4ab03e506a54b7b241308087295804480d37f7a5e990c4610caa31b8f7
t2t_L1000_5925	603bd4c31c9115ad88b23ab9a85288c289a18e3585eba8d893fe65ab214a7f16
t2t_L1000_5926	ce20daf3b967df32e84e49750b3fe59d1a2a9a73f1f8af85edfa21c05f29bbac
t2t_L1000_5927	c84dda2e51ce13201ade189c3b54fd7c93da0b6e260ce5f190eab6b65fb0c599
t2t_L1000_5928	c90095c3446b686ad4485f5b9140981f49e4a9b3c5448ef8816c16451f3dc5b7
t2t_L1000_5929	464deefe8a7e92485e66f2031776987282ca951b51f600795bf6c1c2d876c863
t2t_L1000_5930	6a5d4302f689f1c78875685349cf0cd177407b3e8dfbf5ef260ee4644681d7d7
t2t_L1000_5931	084ca351cd8d31275c0faad1c7f07f4ff9ab0257d76378687375146003c6d0ff
t2t_L1000_5932	e7391e6992218089053cb506b936adfd9759fcc90b8166039edd0bfb2b0db519
t2t_L1000_5933	7ca1ba2fdcc157bd6dd21485ca5feb16be0c1711671612d2dc86e22e40d45e48
t2t_L1000_5934	3c2bf6b80ec89301b0da0b060dc590d9967900ee48d465f661b5b9560bb06e49
t2t_L1000_5935	37ff7f20ac0d3573d5120cb4d55e2749f4e8ff954d4cb351c6f8bc30d89d7a2c
t2t_L1000_5936	5914cdd57cc601f80abf003df20f6d8f72f292372296d233f544a50b22220651
t2t_L1000_5937	03c1e163933812b52ec5dbabf81f3706e276995032507c94ad741702fe07d9f0
t2t_L1000_5938	b56ccd5481676f749a2c65bd5aaeff260b458950d8cb2f116ccebcbccfd41a44
t2t_L1000_5939	2a0e03fb0f551c66f62930a8758c67adba5579e4562577a10b9075550c1adb54
t2t_L1000_5940	03b7536ac1b0aee09bad8e261a55c4a8cfccda57d747c7e6bac2e67e51f842ac
t2t_L1000_5941	66c0c7b4dd9498fbad01380e090b5621d38209ab52032d2a11d9738717532a3a
t2t_L1000_5942	11260e03e223e9879bf1c3861d56ff76eea606b90fbb4df8e54c6685218df4c9
t2t_L1000_5943	33cbd4fd3a9a84e695f74f80357ba718f97453ac3ebc9cb0eff91537eb70566d
t2t_L1000_5944	68b0f2c1bceefd9854bb3d031a17031b6ffce6b46b25d6a3a5db567516c61f5c
t2t_L1000_5945	b68fea947398a4cba9634db691607ac33119227757b8ed9998c1be299dec4d43
t2t_L1000_5946	82bf2437ff0ebcfd619a1d4f50d6c7f6c5626611ea87fcfd11cfbf3bfe6d964f
t2t_L1000_5947	c08616662ae9984cb3f081431a1b6b2b86950217198536f7bb802645ffaa4934
t2t_L1000_5948	408dc9ee63ad1a14d1e92bea90a33886383d2965e7722894e3e5604b6ed0d689
t2t_L1000_5949	50c301dc915e2f230d49482fd883992124820a3907a21df6523090d49258435c
t2t_L1000_5950	4b800ef1da72017a5a92c2392e1d934995d6caf5086f3a725c9ef4ca3f875c98
t2t_L1000_5951	31c58cf88380e36fffbb0eb0433aefbc484f110aa77469836b37c7adced38b5f
t2t_L1000_5952	83a90b225e9213d17ff407556cb0ffa38592beda08b95008f71f5d4022da9828
t2t_L1000_5953	b021b43ac2482cceda103b0b2bb8b44ab753abc8d03af383a749049661b4896a
t2t_L1000_5954	cd088ec65a45e94028d5e170c869e2ad189f06e15b37f59978639127d1cfae2c
t2t_L1000_5955	35233d4dff1eb1bbe26027c8f172def66484b9ecee2d692a90e3df142b7c05ad
t2t_L1000_5956	394c280c9436f185ccff6958ad967036bd3e0bfbb7c3ed391d80d6740eaeb2e7
t2t_L1000_5957	765bb07f0e7b3990ad76faa31fb3911c981180d514154de758c85aa7749d1ce2
t2t_L1000_5958	5db9bab7e534f1ddc83bbe2146d33490563ca24351f155e12b2848b2b53e84de
t2t_L1000_5959	9ac293d8be6e66bb3f28d0b18c6d4ed29f8a86fd19fce43c347d0ae2e3a498f5
t2t_L1000_5960	48a16e49538e2e0156ea439983825c19af56d0aa0fe3bc91a20da206ee353978
t2t_L1000_5961	4ecc5c118c88d8c223edc842d44992e94d13fa9010486346cb3f831ecefd5404
t2t_L1000_5962	b6feefa21eaba45499a1e8c1520acc9565e4bcb2c8ad6e819fdadbfc77f813fc
t2t_L1000_5963	f444a6c006536e5749f74aa6da8c4444690706b12704760547e191bc20d9122c
t2t_L1000_5964	e33efce6debe979d30c1a293f246e4444ed43e01f3987eae0947521e4677e73b
t2t_L1000_5965	3f5585d9dfd149b4dd9a4a5392923e3145faa0d34d0b331de13395a9a27a3840
t2t_L1000_5966	cc61bf60f03ce98ece1dc148b6b14b83bad8a3e6618f906e02acd1db792e0946
t2t_L1000_5967	a3bf37aa8b4fc59c142030fb62a93265e5bf0fdff6f45695c68077c945e72200
t2t_L1000_5968	e723f44c989c812b9f79eec036f908b820d80ca43b2fbe65568192a5b707e7d8
t2t_L1000_5969	d1bba9d65aef44d40af4914d93506833f0b9d2cc3f9e558c551fd739afa72eae
t2t_L1000_5970	e950e5d7160e42a30e40d64649bab83d446f784fd329a9b1c566cc548680c8b2
t2t_L1000_5971	af2751c3bdbc8824d751c6d231b7498049df27edda37243f62a86bba43f8f76c
t2t_L1000_5972	3a546167a3a3459a3cb3bc58701eb6e6749ab115b60298c31d82c563571761b8
t2t_L1000_5973	d4c36648de44714e01d05ed1b5ec8db4b49e924a346d68fb8da662f856c14c1e
t2t_L1000_5974	5fad8de77402ba956f2df3102ddc623fdfa6fb6290ae34d8a495eba9e520d95b
t2t_L1000_5975	9c067336c5415652c2dea490c1185a1a6c9c96ead17ad58daa4613c3ebd64ad8
t2t_L1000_5976	8d7e700854ea6a9962857d219da571b238fc245567cf6c738d07e6027afdc622
t2t_L1000_5977	f5e1ef7760a8f2238e3971e020f80ed0a71111cb596fc00d85c83aa88a3e7042
t2t_L1000_5978	7ed74df93b4f4ce0c87af926561fc2dedd1cc83ae9168b29c7a6c624387b65f8
t2t_L1000_5979	45418f42ad98976e6b62ace667ad63cb3cbd84aeaf2c0328fbfb524abef8269b
t2t_L1000_5980	792b936e2d8f4dca177ba4372a28a56fef1d8a6eddc7f06c2b2ab05856707733
t2t_L1000_5981	46a88410762186dddd11c74089f4a4e59e6966a3ae2af69c3df4cca746da5681
t2t_L1000_5982	4da7f5b5fded12854114c78b3f5dca32a277e7cfae482b6627ac6e4a5b41abff
t2t_L1000_5983	9a478acff9e7a938d6a5076989587e0d3856fbd07236665c71f73b6ac5aef68a
t2t_L1000_5984	4a3926d9b366719979f6cba2e0669403d440875dc95eb2a62ea8f764e5a8369b
t2t_L1000_5985	979ce9639f41c72c296bc358ef0e77b5dd6908ce60d5ac88dc218c52ed14749c
t2t_L1000_5986	82dadbaefd36e4faa37327c873b9833b806cdc701b0a0dbb6efc03488e442cea
t2t_L1000_5987	84fad17e2f6bdc3d41e7634c63674fece9de05b8d9ff941edd66efde207446c6
t2t_L1000_5988	3070252d55e57aca83eb213fd2d6e8b0dfc3e58218fe4f6110ab12d1e867e56b
t2t_L1000_5989	da5dc2a2f8d4157337bb53871805b46095c463af302eb1536a88eabb5ba27d32
t2t_L1000_5990	fb47ec077fa82fed9c9231cefa0fc07bb6de8920bc2e764059e589e755330a14
t2t_L1000_5991	791043492c12eab681bead9893aa29620d05f74f062a09cfd1af872285a46cc0
t2t_L1000_5992	d608cd672725f3958aaa25397460294d882681efe7e8d9d47bdd634b21baf683
t2t_L1000_5993	725c82cfb8ae536a51dfe725d6a41e8f060ba12e1134beb4abefef3759c8bb11
t2t_L1000_5994	86b425757fb1085738bfd4be24e83e382ef1bd067e46a1b570c1d47b49663bef
t2t_L1000_5995	345f478f6f1418022706e2ed9784db41f6c7ab498b4a43d2c2dac30da0e67986
t2t_L1000_5996	5fdfae84d4f168a19cd4946423e4451df1f4df4928d25a46e352e2ce1ca4345b
t2t_L1000_5997	3c622f04db3d04386709d35308b8760443c9ab40f53f5e049f9165ef74e5e6d4
t2t_L1000_5998	e4b6bbc4226a133f51cf1d904eefdf4dc5444fb1ae9e810525c900c0ccf44665
t2t_L1000_5999	b5e65243a040aacb98b36442f074c7b0af0df286df492e3dd96175c1f72ca1d6
t2t_L1000_6000	81432cc0e88b03a3906e5619872036ae8387958409d14945fc8680476db31819
t2t_L1000_6001	c84bbccf3f8f7c7eab5af656f6b3b2a6e84dfd89843cd3d9f60d89c37766e5ef
t2t_L1000_6002	e53105115117a43057518b6787f26ce81afb69dcd5b8cf41904b41d22fac9c55
t2t_L1000_6003	d63063bfbd307950bbb3c214c213406214c2898281242b7d5cac1c6ed8a35357
t2t_L1000_6004	e83eb98a40d3f251a2b855dadaba49256e2fa717f801782f89ae25cfcf064b0f
t2t_L1000_6005	9747d12d12cd85fc8c8c792fa3f8d7f0c791d30c95dbcc0ff7aea954a1054593
t2t_L1000_6006	a1a5e2e2c8ca5d86323f45bc5f49c1edfb7304ee90691803059375573d9773f9
t2t_L1000_6007	4447e86fd025bf666b5eb6912853b5e46c745f023755dedc24d68ae05d1071a0
t2t_L1000_6008	ecbeb112484943b2ef591d7ce876632be24f3576aec10a93e75ad3a74858263b
t2t_L1000_6009	09e8c6e2edd2e3d6d19ecc93222eaeb1729312554b72a113c1bbae98d556054c
t2t_L1000_6010	465eb2ffa08d287fbacf48c0a5edc005dbaa08696e57724f0ad6a8a75b98041d
t2t_L1000_6011	b0e8bbe6d07eb1c23faa97c5a5e2dd5f50e04a5d9f296d51e0a5925852d12a39
t2t_L1000_6012	241334284c02bb7b27720f2ededfa3881e9b37ca4ae4022482fa0a83ffa7cf9e
t2t_L1000_6013	0890b4c42c5639867258ebaee8da870b3802a34216228a7d80b9b67dcec73fcf
t2t_L1000_6014	94ec8366ff05e5432d4db0b1a4b269cd5845a60ec6188be3f4c2cefb5a601520
t2t_L1000_6015	a12407fae7f97601599d7aca7301783f03a3bde7991638a7a7cd88602e800e9b
t2t_L1000_6016	63da056641ccf98e30b1d98c6ca02a2c062c3815314b061ebc25aac03a235aa4
t2t_L1000_6017	e2f43d71567ab8d8aa7dc17e5d9045cb1f7234756342a01b70f30efc78820b4e
t2t_L1000_6018	85ec8698e4ad39949253fa37b758a3781489115326e1b6e58734df5ae20cde46
t2t_L1000_6019	c79e54cfe4cbcee4f45828a8a11657ee4e353b49e8f57e3da33c4982a0dd2f94
t2t_L1000_6020	273b3ea5d7742098ed7376f756ab9ffe9665c3701476d7d320ada03d1f9b958b
t2t_L1000_6021	65eee5cb10f46f7d7e6510b8aaa224aaaf0a62ace18470ad989757b34d35cdcf
t2t_L1000_6022	cb29ca643fde7e486d26f263c513cad65ac80758930f7f39f8d65c4350263935
t2t_L1000_6023	e2591d9e31b35a694c8d972da3d485755e4436460772b6cc415f5ead9c613a9d
t2t_L1000_6024	b911825c27f2ca2caeb5980b66429072bd0f491f6d6b66114d4d1e64316c8011
t2t_L1000_6025	94a9f4996498848be4a8c2e614671a70dfa237c3cb1f9fa68fcab1187d970c27
t2t_L1000_6026	6e0e48272d8f80e8a398c31637ed265e62604718c20cbf6c14c5b03e925c19d9
t2t_L1000_6027	bcfbc0b772ace5b056a7dd1d62c0059b3a4ab4cd1a49cbaac3938854b464bb3a
t2t_L1000_6028	bf9d4690735e7ebbd0a3b6954f3f3e95bd42cadc5045d84057221dffdca14a13
t2t_L1000_6029	ee309ec590db763f37b7c1bcf96c274b487b0d25efd1d38d94f42a0e52fb5ce6
t2t_L1000_6030	ca223a631f0432722794a1b710c293f69ea67deeeb24d61cf4c0dcddb0405291
t2t_L1000_6031	6b592f79f8e0ef292b683d073b9162366379da5dfda710ea0177d6d335b22a60
t2t_L1000_6032	ae08b19af0d0c5df15af21c24ef49e93c44ff01f6abc7f30727030556fb9cca8
t2t_L1000_6033	28c498729400b4793b5eeb3879d8ade5f6c1d9712b400dd4cb6f61273ce14b9d
t2t_L1000_6034	bfb9d309ef08dcb976e9e4ea5199c517bda1f3b5c1cb3587306d1190076c1155
t2t_L1000_6035	b4ad323cdfbc3e5c19283785f88fcca657da1cfd9cb68de5ada53179e230d2d0
t2t_L1000_6036	61aa9978c8bbe511e9395d8e60750c8a1e5171a0e24f43d73be86f4ea8b545df
t2t_L1000_6037	8a7d480140d2dca2a6cd9d06060698117b770f28e1ac6a80e86ddb1524bd14d7
t2t_L1000_6038	897c4aeadee9ac7843a14d6131d5df0002cf4745cbf5b3e5607642433efc87f2
t2t_L1000_6039	bf63dee48c50c6881924c802f993d22e13c08b8f5ddcbc5c72f8cdf2e0477312
t2t_L1000_6040	c1212429780c5fbef66a30ab9fb4e9ca4402d8631be5a5cda157b0cbe441067b
t2t_L1000_6041	ef63f4ba6d285cbb1a3b808bd627ce3ba841907040a20fd7878d9154e92b7e28
t2t_L1000_6042	0ef110df47eed7f8162ac3661d0e6465f8022a5b97ac55e57b04adcd82a3b51c
t2t_L1000_6043	459f52639d5aa4155a7a13b34b9ab8c34f23d6ce04dac5f0d1a8c3cb3e8153c8
t2t_L1000_6044	1ce10a6e326b8fa7a531ff8379a06c8e42895b566c402a36b13f55d04128c2cf
t2t_L1000_6045	d3118dbe145d770fc23f5f89b51397ea6916e4dd30849a9742ba88ae92c29b44
t2t_L1000_6046	c240365bb267c42b9703418bcf08f87619e14989a8dd57018539b72df6812001
t2t_L1000_6047	34ee86ce18e5d6c0e42f0ad74e7d34d6836419de88867c92f482a83ee0960621
t2t_L1000_6048	89972c84fe4a0c276f68bbc6c6876cd2b84c356b8e626f2d70b8e2c94330294c
t2t_L1000_6049	98989da511a2ce6bca38345d83d1a3eb409d29baaeb974f9c6a52ebc431beb64
t2t_L1000_6050	7e0fb2f2df70feedec11697010c68f7a4f11ff2e8685e5250a956d110514fe7f
t2t_L1000_6051	00a69fcf758098949c5e5b406efad8bb738d052b816f1e8a510d38e79d5c9568
t2t_L1000_6052	814f5f8bd0ac22bca4378c7527ca5a7c2fcf251bd2f69071225914ccf17e2000
t2t_L1000_6053	94726d34ab80df7505c409f473c85ad1af80a50c422ea631a066d7af7407a392
t2t_L1000_6054	f85599293c5f8bcc415989d3d9371398be76ad72b5897a5352eaf7f851c62762
t2t_L1000_6055	c3c37d69b9574ecc7417cc407543f357e44f1a24a4c4f04ff891cac3da4a4805
t2t_L1000_6056	54ade6f987b310d6877b672565da4d5733dc272f2508ba0d6d26131dad26dfc6
t2t_L1000_6057	49fa4acf760aa1e11febef8a33aa38e1c9baacf5daa817f46f4713f648ab2e84
t2t_L1000_6058	68a56db83889ff9f98cccdbcbe5c234a126e017e769f23568e3a7882b9422f0f
t2t_L1000_6059	08367edc45551bbec9773cd023114741fe636f6eb51f75960811c8efa00de7d6
t2t_L1000_6060	98456332aa2812aa82e095b4e911ab66c5e4ed427260517bd208f379eda5187b
t2t_L1000_6061	06007943a9a2f5fd9dfeae5e06c9d7184de4db8ac14ad3771204fb2e77587eae
t2t_L1000_6062	8e08319a4033fd0fd31af5fe62143194b11aaa50e60411b3a23e3b8c2d17c525
t2t_L1000_6063	6790d7f35b613ddfc1b8af983deca01bae6ccd08e0eacd7ededf4d2189f81e3c
t2t_L1000_6064	1d0addda9cf37aad4a9b9462f8153c10b182032c743ef19c9f82a8a40507469a
t2t_L1000_6065	82d1ef32ee0dfcb12f9243738dbda5575c4161fa321afffe3f735f7a1f468d01
t2t_L1000_6066	45c2b413f1c9d12761819dc473f361c603ee911686d0de4bab425ec26fac5011
t2t_L1000_6067	64ce63845b65e71f519cddf490d89807c99b57fdfadae104db2bbf59a329ec38
t2t_L1000_6068	1f61851d3190882b7866e02f71e5276f59e9917e5fa055da1e06932600fc5af0
t2t_L1000_6069	c5c58ec5b625d0b0eeacb2de701e0d194e47cfd540819ca688cf873c708d5d07
t2t_L1000_6070	0d936a63bc8da1f097716495dc8470782e6485668b4d2d0e785bfafce4d9f5d7
t2t_L1000_6071	1c14131d967e91caf9a611ca4fb0973eaa2bbf50d662cd9a4c514e59624def16
t2t_L1000_6072	20ed7a3d94dda0eed84775551c9adcb232f4d4f7d75e9b6ef06ffe3130e89c3b
t2t_L1000_6073	a320589adac2731463c341abf9735c4b4e98ae75d510031de53d087ebfc15982
t2t_L1000_6074	aa5088168f1c4e94db570ac3b008b627f503f6fa353c602fe5e8a44a1bc7c1ff
t2t_L1000_6075	d6879171d07687f0982194aab7ed02c3e15ea984f7400638c0a32cbab83113f6
t2t_L1000_6076	f63cab6f0ddf958c99d06b7cfd60beb1ac407e305d5376888355849116844a78
t2t_L1000_6077	35b196d0aa2edd2f5996c24fc291b6dad36e8f13471604e4244ae0afda2b3a8f
t2t_L1000_6078	5b08d41a9a017f8e8179ae2e3b6077d4925a4a57c6a4222f855f1c4ea10a931c
t2t_L1000_6079	190ae08e18ab5027c64d71c0fed7d4d0d69f6111da4e498d8dfb91067a1cf015
t2t_L1000_6080	0a709db3804e783f4bcaa645b8cdee11b531872341715652724d214134f6db87
t2t_L1000_6081	f1e6bfb4ada3721640f42f8cab08f141c7140a779bc6600b7c4865b4d8a3e7e3
t2t_L1000_6082	fb6c4ca4069c9db0a00bee565f4b368a2eea05aaa1900460e37d5449aab05ae7
t2t_L1000_6083	514b796bdb50b433a5defef390fcb05377a833081bd0126a6ebda66acc944bb2
t2t_L1000_6084	b6334098d64aec117aea902a34ea1af1faf245e839302555ec4fa6cf7a166b46
t2t_L1000_6085	6cea2e8e3a8bf41159415687cb56141a0b6ef653f45005c9f2a603c57ad7c1ab
t2t_L1000_6086	070c93513a292361fa04c95c46613a5b6ab5a4c10070215adb30a310158ba133
t2t_L1000_6087	0644036fc4bf912e3eacf4e6f56b4994390dc5506751e4c0d861722f9cf4c392
t2t_L1000_6088	3a0e5fc821ecb458b6a1648551dddce0161ee863d00e235cc6f79429b062fafb
t2t_L1000_6089	0e69b1475286659a81848b4102d6e76c5236eae4910acbca76c1cf48f5c31e66
t2t_L1000_6090	96da4a16c73d6a0385c40a1f4e9628e2f312e1d9a0383b89a60a82632c2c0403
t2t_L1000_6091	35dc9bf02fe7152e8461c22f450d349a776b8b4d719b6d8f0851e84484f98f92
t2t_L1000_6092	c53f3c6e3d027eb0eb304c8268a8143d76f559005e92e00687648ea2da301223
t2t_L1000_6093	fe1ef4a82b2700bd8ec2f7c93c82f1ea3610626522f3bf791899871e32d3a3bd
t2t_L1000_6094	e296d8f2f1d31b3b7df327c8ce6de4b88c325dcbc10137b92c3d90eeb5b7b382
t2t_L1000_6095	8ebe47e92f42fe983d55cca6f220fa6f1387aa38567a0436ffccf5c4d4fe073e
t2t_L1000_6096	6dae6e2fe0fa37a9cf64f023a40b20411422d5c89b7e89f90c425a13f949ebd0
t2t_L1000_6097	498c27e0afd191570707e0c75321fd02cd1f5eb07c7bb8e22cf67ba3a0a511d8
t2t_L1000_6098	2cdff938be470e03947b97b6ae7b40c31a3d482e62ab51d1f0447955055b0ad5
t2t_L1000_6099	11f04ef706b086cb29ddb008eb87c032ca2f08bf48242ac7f3b6ef5da6994054
t2t_L1000_6100	cc02375e9504a4d53cb21daff2489d7413855174b40aa8c8afd46b09d1ee6acf
t2t_L1000_6101	467eb66b78b3e6033ff378d7a784edc5847b8b8ba4bd35470331052ea1feef69
t2t_L1000_6102	00d9e7c262890ec8884b70257a5d00f04148ed51ae62a3b0e5240706f1c6056f
t2t_L1000_6103	afe3a7dafb2b6420cee10f4f1d81cb51130ebeb412feb6004c0fda8b0e528556
t2t_L1000_6104	ec29238a2908f59ee0d2241d004632661b67db6138aee5b3f748b32cfcb1378e
t2t_L1000_6105	ac3019d9d653a9dfeaf15589a50459360f251e51acfb10a55e7ce7b95c91eda7
t2t_L1000_6106	158de9dca443fbd1f796d1da615861d8379e9dde57a373ea61448ff644e8cfa6
t2t_L1000_6107	2fda9816ce474f94d1792382878832b3789dddef5f504217d5a423945ebb18fa
t2t_L1000_6108	f39244008288b6fd94b3e88e4ace8389457437cfd8292829fe2c802d3642eacf
t2t_L1000_6109	905cff2ebe8f99bd923ea2c78089cb4617a393a8721f1ecea854684f54612d2a
t2t_L1000_6110	5a6142e80b6c184a627ff0375518490075c77bc36da3e5b0c5bde62926a350e0
t2t_L1000_6111	6557b54659d3714edbb496f46f809694acd34497d58151d0592b2ac377abc875
t2t_L1000_6112	be5c8d329eb412fdca410e86f26c2483f35f3605ca2a44bcde2f00a91ece1f36
t2t_L1000_6113	1f1648df74920b67a5e58d5fe917c2f3111f23688a702a4f64dd67d6e6f575b0
t2t_L1000_6114	989416eca05b4d3c01644fd77b8b5a0dbe161b6ee7057b29678439cbbe4ede87
t2t_L1000_6115	f8f13e9af9bd0f8134df17d095414b7086b61824d28c3523e5197616b491b570
t2t_L1000_6116	f6770ee552c514b7b23555b989cfcc25522fd1b26d6f79ea4e7a4fe5b3d2a359
t2t_L1000_6117	8e195ba9f149aafe9e9d68d0c842e252b6cb66bee05618dcfc1b529e0bce445f
t2t_L1000_6118	3f3dcc785b50b4fc7af46e6d3bef7cad7ab6651bee7af53ae83f66c9b44aeab5
t2t_L1000_6119	255683b23c460112f517bddbe1c9fa448f58072ab793b2718e94cd4f2d4428c2
t2t_L1000_6120	ef0dc180f23f739aa09c8e3c4b19622b4aad38d6e08b6ac1ecd18d96596dd1ec
t2t_L1000_6121	5475d28993f02f32258f30f97bb8910819043fc03e03d1a1e92cb3dfd57c2d0f
t2t_L1000_6122	b6607fe60b31749ca2bb088d97ac0329810c24689a5d5b4d8e1375d308d6213b
t2t_L1000_6123	16dfb6af63e0b3124e83735aa702d5fe0ebb12bef63102fa13a022633c8ee502
t2t_L1000_6124	6eb555dbcce294a1cf74d4ee1108406c45e0294c4d2039bc1956f21d15060338
t2t_L1000_6125	b6c116cc8b25ed9154a4d700aeed0a18148ebc173ab4aba5e71ab0c25c3ebef6
t2t_L1000_6126	940a85c2ad5d3f7aec789a33efd53a37e2b254efbf9a46d31a3cad23bedc8c19
t2t_L1000_6127	2b0febd80c6cb1303f069be9dcf28530b595cac44a25af8ef35697bfe7d8303b
t2t_L1000_6128	dce306c9437f080d3ccedbe58f1f3064d5c24883039380b369afba5ceceba6b9
t2t_L1000_6129	4bd6c41138af1f645991c71e5e2ed2e20a49ac68e0aaa97ed4dc4d6b101a816b
t2t_L1000_6130	f2acb778fc3901ab620ca0fb9caea0e8a41cd2995c2c2b0059353de428adf2a0
t2t_L1000_6131	efc6582468e70729403dc1b6942373e615f6c9e396968b5bfad548aacac05936
t2t_L1000_6132	4dd2ea7c715f458347f145ce68b8f6fad440fed75c7c7d9e9b65702e0174ca93
t2t_L1000_6133	8719e316470467971a9ecb68c6b3a02a1cb48d84c162cdf71b21660318e5e861
t2t_L1000_6134	2cf7cf27827c73b8937c371b70b40dc4dbb1c06578c5e27b730a4e81ca4d4db3
t2t_L1000_6135	3a4dcbc3afff16122635c88496844328c0d2b01897d049c04ec1658f50ff482d
t2t_L1000_6136	8c64254a07e59a39aa7947dae1e2bcf54427c0435968f451ed37d52e4da91396
t2t_L1000_6137	a81e60c5abfbf1963bfebeac7b2801ec3ae8a366c7d4cbcc6cb3b6e4213347ce
t2t_L1000_6138	cd5a59d699d7198d6c2a38b66d37d3b82330b8f6a2ac9044bac4ed2903989bd3
t2t_L1000_6139	25b0e6f376c6870d465d97209707979e9c3a57b17a87761150244a7e94f1a36a
t2t_L1000_6140	0c9c4f520b2ed803290df0ff574e5a5e28ecefaa9ec7c5f086ab2416626faf25
t2t_L1000_6141	27889235ddd4a6cbdfef85b33dd6aad5cb0b1aeb50d6f94060ef3e9fc78eefec
t2t_L1000_6142	3f2ad5ef160c8ecfd96c383b3a6ff4d1cc309a540bb936b92cdcc20203550c77
t2t_L1000_6143	a902c62571f6db32a81fe163ac5cd666271fe2a647ae17ce36e507a2e46bd5be
t2t_L1000_6144	63b0c220496c0b9f04ceba18b429c2004e861f01eedb8c48200cd4b82c0cece8
t2t_L1000_6145	9380115e94211b8f1e2964550462d062bff9b5bd2537f57ea6999fffb317e468
t2t_L1000_6146	251a9bea81e3517df472ce877cec5497e43287ab7c1e15d10cf00c486df484e9
t2t_L1000_6147	b6fd74ae128708cbc951d4c374614a155be9e04bc3f6cb17b0e8f4fbfb375b40
t2t_L1000_6148	1a9e9c28b9bbfc885a1ef82ba1c4f0a56bcab34fa790697b722aa687e8176d1f
t2t_L1000_6149	c1e72ad67e7b99344a23318b0ffcabf8034eb73b1811c742c2a15508013612a1
t2t_L1000_6150	b632638e98e955b711e9d868b71435baae8beab8486faa72fbf2650c21a1aa56
t2t_L1000_6151	61c23f6590002ef71befbec0ca3f5765d9df8d78e592f05132f5be247a539414
t2t_L1000_6152	039d61b90c720e0d75618617bf775c9c285eb063827eb0ca703ca54641885eff
t2t_L1000_6153	7d0b7b597e6bcba2ce096121f46a015019ea99e2511fecde9fd70fdabed85aff
t2t_L1000_6154	316902816bb14870cdbcaf254f5f3e9264af1e76f509c87b1ef1435fe7d767a1
t2t_L1000_6155	437090b6d155f13ffcb38d081b6c909505cd6ee008b56ee4914fa1efcb84e941
t2t_L1000_6156	7e4fe9e17030700ccfea138bd4cec3d4c2f6dbf10e9cdd452d161a54f9ce0f1c
t2t_L1000_6157	1d017f6f8bcb632b15a5273cf80d667c11c27ed3148ac2741da51adfd22540b9
t2t_L1000_6158	4d9bc579b5ff87ace6cb01369986b0bc5e672de3e6f2d95c4f70fe6b0ec38af9
t2t_L1000_6159	2094d389898bb9dfeee73dd6fa01ebb6f8185e449deb4672e3c6a0d6db31f56c
t2t_L1000_6160	894f844ed509e7488d0230dcdb5483dd0b653298f88a7f1dc827b2a884087f40
t2t_L1000_6161	99225c2d76f52fbe8bdf15773887eb20b48ec1b8591b6981b7152e4704558a90
t2t_L1000_6162	c870c5d4c5f8c44f2e38f72f87c9818bd79f1211eaefea11b8445d82eef70575
t2t_L1000_6163	727e715d738f8551df4b90c077b6948b8e8aa2ad3faf3a201c6de4c8fa9ce3f5
t2t_L1000_6164	eb2181409bd4dddbad84e33af4cd9e80960609b2efb6feab8df653b1f4a5af00
t2t_L1000_6165	51f81cd65e0f322dd4c1c483d8e74c8744293c821d431991963ff536c29a0245
t2t_L1000_6166	592a347e0b71d0b4c821a022ff0a65fdebe0a4427024998cc9e6c9130b3dbc57
t2t_L1000_6167	c1cd4d9d3c3879df661268ab37b2d0470f31e3ff8dcbcd21ae8542eb6c4e8527
t2t_L1000_6168	c5031f250d2b285c943f997b3b8c091d0b27222f955e5cdf779abb85cc75f97b
t2t_L1000_6169	b37e10ddd5f3b1a773172f6f286cf40109b5d28c5b9019715ccca22c2898f348
t2t_L1000_6170	1ce44f5009346b36e15b39b8250f4c9f523f64b02585b2cf515a7ce2a31e82b9
t2t_L1000_6171	6673472a3a5041e7376a208a00fa2fa3e0cab2b186136088cf2e5b699406b12e
t2t_L1000_6172	212c14f2bcd3a6bdadad03b969ea17ce942bb83d1e5d362fc307c0d74a59ca0a
t2t_L1000_6173	6dd73c665e6af7007c9313bed43d777ec84156cc08ed926917e71ba6c2addbf7
t2t_L1000_6174	ba976390b5e8e3a80175481abbb526a04ce3d8d4887d0fa8c44790e3fcb8e251
t2t_L1000_6175	f5f1b2251b6e48c1d4fea9e901142a4f3bc624bf62d633324be0a68c94ab9e41
t2t_L1000_6176	8ad43de810d2cedc52c9ac71aa4003a02c556993c778f99cad5c7afe08b11f73
t2t_L1000_6177	0d8582c7a083647ac21aa1fe8e01e9d09e1fd5b28d8ffd92e721ec0034617c82
t2t_L1000_6178	a5cde00a4a1d5070c4baec88438381aaa96fbcfb76a47fa44349d4ac51e7f622
t2t_L1000_6179	858921059e616370b725a75db7559a545df3801d97c6217e0df6397e573819a3
t2t_L1000_6180	0030a13717c84c8402587d659d96431f45105fd61191acdbd4dedb3def8f48b0
t2t_L1000_6181	e59b8685fdaebf2a6a248ac2e6b281db6fe3ce17da617357b83154a864a2ec97
t2t_L1000_6182	85824bca4ed78215c37ff05cf90e5eafb89497d24566e9698bcbfadf121db444
t2t_L1000_6183	15c01e672010c94b3e44ee348609b0d121ad623e8c7f362d20e6814a8290c55f
t2t_L1000_6184	fdf31e73bfb9b60c29aeb2d56a7d1247c93a1b86601b91ec43187efae59f0034
t2t_L1000_6185	c33a16049df468f71d8d146010ea125a0cc302a4c226bb23a8ee93a8a12ece73
t2t_L1000_6186	aa07bb59b22a4df5492c003b6016644e185f5b532fc9332de8f54eee9cdb076d
t2t_L1000_6187	a9ac3ef4ef1f2e91cba2e22e77f43149fb9dedc9d2b3b2b1e0cae48f84fa4d00
t2t_L1000_6188	f17c77400ad61656de1f258d1fe00b8f2476533c4f3c028ac825a5f06e9dcd9b
t2t_L1000_6189	99f51ab73bb410d35ddfe5ec94b42b51dc25dc56cf5bc1c270939f639b444ceb
t2t_L1000_6190	d14a916ebd8013cf81326e9ea2353751317604f979fadd7cebbb30acf7150505
t2t_L1000_6191	ed407b537add98e41dd8a49e4fe35a8e335460a9906d7afbca3c39c2b46f23e2
t2t_L1000_6192	d52506f409b86cd8938e63d3190c8675237b63a5ac4b89c5c751b3fb949746ac
t2t_L1000_6193	535b2ae559240212234bd6eff5a1e46377382b8daaeb781f44d1ab41503c6632
t2t_L1000_6194	9716c235bacdf231286751bcabb7830ed9351addfcc210d829195aa8f44c8931
t2t_L1000_6195	34c42e0e8b96f4b98be86de6c21c7539a4b302651801209ec5354b353ec4b63d
t2t_L1000_6196	553beb00a0b7a785ba44a1bb8828e22fc021694acfd804a29c658011d6c7db11
t2t_L1000_6197	723a1a38e26b3cc23adf0896f0763aebaf6b1425cae8fa4f3d8c7000ddffd88c
t2t_L1000_6198	a9d6c40f80f3a733559d7244d2a36687285df080d264f92b9429b84043071b06
t2t_L1000_6199	98d390b0f8d03a291bbb0580bdf52812536a2829a0000bc7d963e7c47c685b2c
t2t_L1000_6200	7f1b80e26e0f87082b66910f661806d0c54a2cb0f35d9b5fad335bad9c73bb29
t2t_L1000_6201	7dfe3f640a35bacca92715b921fb99aaa794c6862a75a931eb2123524fd58b5a
t2t_L1000_6202	0df051c17f2498e25635ae5bc5100b467abada2c8f1917bfb036241727edcd8f
t2t_L1000_6203	3bc051b9d106414ec8775abbde226f60cfae647319cca82cbf50af2601a68580
t2t_L1000_6204	8d7156c17da47d79186d947afdffcc90041e4752364f9a17b8e86a80ccfc13c0
t2t_L1000_6205	3b8fb711af5107aa26ac3ac667bbe95b0f4605552cb6a3781260f67ae87b6d30
t2t_L1000_6206	a9ca4a649b61609af4530dd9fe4affa0ce98ecbc0bbb053223f1a8f899aca65f
t2t_L1000_6207	debc753a240c9232faf14a8744466e005a8a01f35fef1c145253c1fa07408dcf
t2t_L1000_6208	64d1d2e8733d5d9978848881f9b5fb6afa6e637bbb19eece368ef9c57936a196
t2t_L1000_6209	dba22536a391cbe510bf481d67c26c4d68be0aaa59cd2d742b3eb2410972ec68
t2t_L1000_6210	fdd9730566cb53fcdcfefdbcea5150e59bca9c98ebf0d29da88f4a03b1d6a915
t2t_L1000_6211	887fd26acb039a9e70288fe21bf1329ad7579ad74cb8ead1959b8f1c8f1bfc7a
t2t_L1000_6212	12d2954592c97f82a405b1899a9f2b575ac488d68069418523a8da3aca0f8cd6
t2t_L1000_6213	c899203f07addfc46ed98ad6fc2d141e29b8428398fa50f8608b6c40084eb32d
t2t_L1000_6214	440a52e701912f040d1b638c8cd1abcef14328e5643ca6f3bc3abafa577c8e9b
t2t_L1000_6215	5fd5a5c8dc4f884785d116aec5fce4abebe8704aaef9cc809aa83c3d2465dff8
t2t_L1000_6216	91fec5f1a01c264a9087fd0ab01505c66c8441efcd3a6ec424f85ba93500dc4a
t2t_L1000_6217	e6d2010eeebc2f0acf9cff9c474b44f8741c8ff7232422471f433f144fddefb8
t2t_L1000_6218	a2c65ccaaa0f522534596fbcb339d1193aaf6eab3a58aae911a802d187a3491d
t2t_L1000_6219	802e710cc0fbc550829ad9610feff130e7cbcb196a6c245422c574975751e90e
t2t_L1000_6220	c4e72f594317b568cbf6b9750f47be81e7bad984730b447a8636cba69c728cc9
t2t_L1000_6221	7c85b1032cdbdb8171894983ca0dfb36553504dd4c4b8118f50d421e44e5faf1
t2t_L1000_6222	2adeda88101277d43661a6dbe4faa19b56961ac26a1340e6f162e402ffe0d8f0
t2t_L1000_6223	c8cbf3e798582c43c1191f7ec82d8b5fd30ddd23fcc899a623a00a7b05d90b6a
t2t_L1000_6224	203930125d24750563abd65f0029e0c062365dd286164029f69694a00d51a1cb
t2t_L1000_6225	c2166831f9660ceb0fe4a2df1d22c4d42424c3afe818a30546eaeb6c0cc3811b
t2t_L1000_6226	89175daf8c69bba31a9adf579fa8715e259260f6f8c0b14d34a4e23e6b4aeb34
t2t_L1000_6227	6d0924dfbb60afce5fd511ce32558f41c13bc9be168f52edd1b65f0b63fe16e8
t2t_L1000_6228	4ad848d15862e90e4c5c621c5bac9247d850338bfc759abbee84850620508030
t2t_L1000_6229	d300100f447a574a38f9d8d49f0a3e33024f0099baf2a25ca5c61c59aa5c3fd5
t2t_L1000_6230	88b4155ccb739ebde474b5045e59e507de01b6bfb6c108899852634636404143
t2t_L1000_6231	2c9003469261dab849f7ffeed4847cd7cfee64ab00ff97c9bb0e2d8e05ef0252
t2t_L1000_6232	3a3b7c9ff997c6c9d49e33f4e24a4e1d1a9615bff3e82aebab954d5db5829e4d
t2t_L1000_6233	496f635164133e9494659585a80822c2f8e53ca535d36c47ce6980b42b297b9c
t2t_L1000_6234	68546d4da69901c27dadc995986dec69a38143c282d3f6c527c0b29ac7a65a36
t2t_L1000_6235	7fd539ebcada585eea2819f94791287edad6431f0da8432d41995706b15ae085
t2t_L1000_6236	a9d24131aa4512eca6dc22807c65ba6150b5b28106b5d759defa5394c67ef170
t2t_L1000_6237	0a949e6021deaaf63e91e75604165bfac99e5ca5acf3811df1f4c57d8e44efbc
t2t_L1000_6238	4002ac38a918efb8429581842fdf06913f27697804aa9f7cdacd04153651a236
t2t_L1000_6239	cd3ab6eb62797268f29309632affdd1170f4ad442e246d0ac9aaaa1ce4c95350
t2t_L1000_6240	eb88fcaf6b3d8dae7db7b4d66d4ef79005a6df0ba7dba49f6cd09dcc9d71fbfd
t2t_L1000_6241	7554e2b53695961da65e87f9e3dd16c3f858cafcae73f94794187aeff28c4f1b
t2t_L1000_6242	688df2ec66db4a0f0ba86a35d13f1dcd8d94e731a90d22bbe979eb6e297e7419
t2t_L1000_6243	4447323c4363be6e997d7bf9156acdc6d8a160e9d109c5a5e50e001def380fe4
t2t_L1000_6244	8d2d4dc856324cb1042a540c3aa0ee6799e75c91435b91176510bde0b777693e
t2t_L1000_6245	067099377fbba1a5e4c5ab773a0eb4c29dd9eb1a873a0d55e97bc7d5004ab59f
t2t_L1000_6246	89c0087b61502535f9d0dfa5395a5af9343e06974d2e8bef1c9114082b5f1a0d
t2t_L1000_6247	da9da0f51b6bb522694ce23253e34b89331999666d6c33ab5745078a74854e9e
t2t_L1000_6248	aebf09b3766297591bfead8846110278b8c49658ab3e00b97a1f16cd57d7edab
t2t_L1000_6249	4718e93b8cf82ebd2f879e0297279acddc62948c69084094d7b2a472a52e4907
t2t_L1000_6250	1e5bf9e4236c6d94c62970f8bbe18e5363e360edaa3b2ff0753a90854217c1f9
t2t_L1000_6251	00fa8757e804ae234219e4c9967faf42361e47546b286d102c4d3917d1d286f8
t2t_L1000_6252	0c15584919db0f8ab39edf60255c90cc72e164f6c554be2dc206232e750e2724
t2t_L1000_6253	92e5d060cf3de425be989cbd9f1cc7e4476b9246732a7e42688daea593c05551
t2t_L1000_6254	ab0f1f938881662008f626d708c06ad6099b4bbaf0d9cd8999d4bdf87828f1e0
t2t_L1000_6255	9159f8f0e4c5112a7a39f0506ad61b60a406a244d3e3af2fee7ba34ee99d5352
t2t_L1000_6256	015596366f3577439b6f65ad77e4270a3acbb42fffeb4b427873700bf991b3bb
t2t_L1000_6257	872d0a0d9e5b38b3ca3dcd724d54dddac998a368661fa9142c722c428c501d49
t2t_L1000_6258	b9bcde24ee1a1e0a546ad2d734ebe6390919be85f7fc41d41eb896a4fe9afd29
t2t_L1000_6259	b866b9554e7cf002b86e1e4d9110a30dfdf4f7b5598ced9589156e3c9d3a6a5b
t2t_L1000_6260	ce51a566eb08b064f8be9c3d3989349e6d58752d6ac39eafbabe55742f6562cd
t2t_L1000_6261	42ab7e4263686096c42eabbe69a4af2e06757055aa16443ae37865d1ade7eb17
t2t_L1000_6262	716cd82213117e1148e49a8778b83ad3716a7ccf3370fd328f8de47f5c9aa96c
t2t_L1000_6263	6f7fe1212cea117c4e07d9aae18e63fb53d2c8c8bcfe5052067376f4717abbfe
t2t_L1000_6264	81b3dbf44ec1089f4596d4f7c04a2597af670508aec07339b138c9644c61ccbc
t2t_L1000_6265	fdbddf5dcbf4a11b7326b6868ddf30937edf124c651efff9aac3edb9adae9a9d
t2t_L1000_6266	2e9e936af12858dba155f5b9e9d0b68dd006efb6a8165a86a1c2a45930f5650d
t2t_L1000_6267	e07fe8afe5818d59c590db3088276c07be812ea484d406e96bacb127ebc3bb37
t2t_L1000_6268	97f2d2157c318d40d11921f3c154beb4f3d752cec002e92fc4f6cb75e53e5e28
t2t_L1000_6269	d44f00c5f66b0d4bd346ae28665a290e68b394b7a2c9fde7c9889620f46d473b
t2t_L1000_6270	6869071728e254c64420aed4c7570db73df6dcb2ef4c6d4898f63d9ff9cbd1ca
t2t_L1000_6271	571b748f3de93c824c482eb1b99f57aa08c393caff5a93fd78bf744e4baf06ff
t2t_L1000_6272	82589091dc944f3b783be2e6edc53b1b7da1f7ad29fbc0ee29f7ddf25f0fd7c0
t2t_L1000_6273	39166addb99f48b580941c051085ac81f70faa26ed86733b648938cf33cee377
t2t_L1000_6274	524e87275d691f047c40c75db113e8ee5caa6e0a324a4d09fc7d5ea506c8d3a9
t2t_L1000_6275	24a8d2323b8dd2497c669947269b22c887d7d4e473ab072b93d4c382dc5a3fd4
t2t_L1000_6276	29eca4cfa708600647a04a80769f526470409bb78f33a2e6da12f0e0e986e31a
t2t_L1000_6277	1e68c16d34d53b9a9eb815a385131f283994c9cf2497b6adb671cc4f1bebe502
t2t_L1000_6278	82db99338119d20fb9b889c068de6e6c45d0ec2cae9620ee0bcf9b499479b8df
t2t_L1000_6279	2e08b3b7c898b5b5fe7ff033d260a2c818c260ecc6adf6ff1e71a72967155695
t2t_L1000_6280	eb9566013ece882ac28003505fe3ecd9e7ae705f4e0bbcc856a1af10161910d9
t2t_L1000_6281	a5d97b1440b1da212fada3b2a9f724d9d0f6243f2a385fef135c9eea03bb5f17
t2t_L1000_6282	88a236a841bb5a7ad3aa9c650b2420339019dcdfcda119dc2328df32c0838c4a
t2t_L1000_6283	5b751d473ded1381b24828828ad2efa8da206f182dfa67e62f06d887ff594d99
t2t_L1000_6284	58607e622cb82c2977c729e41145497b8a856aa87533bd68ff875d798d18defa
t2t_L1000_6285	4a16fe95e56c2dd8ea0c95a363ff3cb8c53ccb76713cd05f337bb298764b37f9
t2t_L1000_6286	22e5cda5188bc10a3d78f87eb6abc4e33e7f500f5f806525a518ef4a1643b39b
t2t_L1000_6287	1f4a51522008d1dfa40f3ba73d96bf3415b1266b2424f6be773fdca65244fc2c
t2t_L1000_6288	bbc71bfb4436902e6136341b9c28ad2439720dcd0639819bc4b7e8af67e2b404
t2t_L1000_6289	6e69ad2dd000a68f6c7a630404a47c472a6f8e67243247734aff8560292309fb
t2t_L1000_6290	1bf23d8f2b83261bda6c711911645a547553e0cdba46602cd3c102cc7e5e9e9f
t2t_L1000_6291	777c7677dd805c9b9292dbe6356317b2d9f111d8e56801b32ec477bc19a65690
t2t_L1000_6292	88b724434a31c47f85d188f240bf08644d46da9d6d00987ebadb71784f88b8a2
t2t_L1000_6293	781a76eb46feaa2969b55c943881d2627f051fe9d98e4929336559d3a18babf5
t2t_L1000_6294	8c0355c07afb7d56ed9d052b3472bf0ade4659ef6427865b39173fd22aa2d201
t2t_L1000_6295	8a67b2c0186dbb2e5274c7cfd8ce9bc7f2a0be0b727a154648f5631d72461a86
t2t_L1000_6296	c67b70b4182c49f3fa80c2d4941f77289847c78b6045df71c2137bdb624dd484
t2t_L1000_6297	3c659bd6c403c04e7f4d3921dbbf1cac0a66eadf10c1655bb76f432caeb94524
t2t_L1000_6298	12f4d87454271ae98c3b4fd65eccf03977149ea50b3e0dd00ac385afc8e60a20
t2t_L1000_6299	7f3626788d48624997644d417aaec51b3e29821913be2c3c88f292abf85f5e97
t2t_L1000_6300	6be2a31c8fd27ec66406ce4f195b35b003f13d20bf76d17ce9586ba8d0181a9c
t2t_L1000_6301	6d6196202e31f1a443f3229439920e54169bbc4164c7cc1ae87abc8fc2381362
t2t_L1000_6302	4d343dd9bce27ec0cd71c3c09738263cae4820f1591af066e95feb9422732677
t2t_L1000_6303	ddbb85a07c78105dae981b501c61ae152d68848380f84131d4923e66bafee96f
t2t_L1000_6304	dc2c3716bfca2ac62f41b02da856c8a5498481bef623f6b277d10a8a8f9fd70f
t2t_L1000_6305	f6616e6fa35af75e916f8f6f1794ee7b6e45cafd01b784a551d2e250a5cf1ef7
t2t_L1000_6306	9f86534fd6fb86d220ac12d93a3d787f631a4e7e730e11412f85975c8696445f
t2t_L1000_6307	abe5070eb47eff27b68a26625736b6e97a151ae80302afff86dde82d07ecd342
t2t_L1000_6308	2fdf50cebf579930123b3d1670fe7b7a6befb9b044e1dc57189f835c7839545a
t2t_L1000_6309	9eb65efb108a5ca46122df9f852fd72377bafd5db30503452ef5ab86dfa92c2c
t2t_L1000_6310	7f1baf05a6865b5023593f7bc09b30af89ef15e1ea0b6dbcfab8512b17b9be79
t2t_L1000_6311	0c4fcba70ffba375407f5e0085c222cbad850429f378344f5ef0cdde6c260f07
t2t_L1000_6312	624b6a35b74bf6cc6046f38434edbad2eda927a764a736f61fdc1e3a3922df12
t2t_L1000_6313	a8bc9000ca99d0d3bdbddf70de70fcf9ff86984331d36b50569daf46f52136d6
t2t_L1000_6314	284aa13ed6427b294e5d68d905f0d200dda0b82a3bb657e9d3ff0a89ef7ad882
t2t_L1000_6315	5201275e82025979b6f89575ea0553058cacd14a102735465e5f254d867add1c
t2t_L1000_6316	638edf9e0f4c9f4ccdeb8bef9edad068cd174f81230e14778b38b10590526b95
t2t_L1000_6317	455efb8477340d2d2a31190039825e8074e768c266017a2dc1ac5b5b0fb43d23
t2t_L1000_6318	9e0b236531d55abcf2fbbf12674816bd823c52cc8f88644dfc0b9c61551e067b
t2t_L1000_6319	92b61368c702b9e38feb9cc59cadb056bbf492f8a31a86848702ba9c3bb18899
t2t_L1000_6320	ecfb43a13da86c4afccd137d5d4ebb2e631e6b17cd15a021ad827b0b7bd82f54
t2t_L1000_6321	729e288c42226c7cc46e5675000821b639278f56cd096e6c72008090a84202df
t2t_L1000_6322	2bfa3cafc6881e35d6e2ae0636805850b384dac2bf0ddd08eafbd6e615c04f35
t2t_L1000_6323	5b259419bac3597800e1c33fe0fb17ad57a9f592f8736f5f96286402708f0ed0
t2t_L1000_6324	89935e8dc1dd519c030bcab2e8f1dcb99ababa3b9bb9961d03c0089017f7568b
t2t_L1000_6325	85485811d450a40017630339c7304e8e5b52897ad5ecace344024b3031d3a666
t2t_L1000_6326	5a04559a4d7e465424dc8f4e9215315e81707c5fd16c3e9c44c60fa99329d049
t2t_L1000_6327	55e1da236a87ae4626698aab7d78f8ae421dbf879644c6e0090e20daa30b248c
t2t_L1000_6328	be1f613fc149f9d40a6426ead0ba6fb8a6f7990dfab3989ae5fdddc0296d31eb
t2t_L1000_6329	d64df2426563b4b03e091f2299c84d263d9f3d385c1f28d920f658648c46831c
t2t_L1000_6330	b1671f03227ba35329a5437bb15bc0b4a04f8c60420fedff7a6075bff1a5e306
t2t_L1000_6331	e7ca2058f650b9a2133a863f97e20fbed3ca88e31e56dfeedfcb1b1eb125f02e
t2t_L1000_6332	05b1c348493ed0c574ad5069c8c398042d2c647607d7d97aa247e0a1a29614af
t2t_L1000_6333	5f260e326028d41201f438758dfc6ebe5ae47afde59d54533a2815e813b205eb
t2t_L1000_6334	a6121e07105cab0e4ae8109558f91a6b7f398f20a35293e62954813116b927c8
t2t_L1000_6335	54a6e91f5bb85dd98550aba9c8cb4032038e09c716b29d7c92f2204af449cd29
t2t_L1000_6336	2add5f080a38dc0d73cb1561757a18aeed379ef2927f83a8b824622d114da90a
t2t_L1000_6337	fe9908d8ebc38f65ea6ec493057ed48030772ae141d5164496ec216b3eac480f
t2t_L1000_6338	2804a27b2ff2c01cb9b8fc2b25cc81aa004d91f1e39ae25ac0d1f98e48783511
t2t_L1000_6339	7731fc495e20cb304be8160897177d1fc663807b0d8e158359d99cbabc02eedc
t2t_L1000_6340	ae37a23b61709cf44339be4893ec49dc528da2895905d09137a2b1c6fb58af92
t2t_L1000_6341	7c06272728093a9030d0c607592e9278b7ac2485cda53e23ea3f5e9209d195b4
t2t_L1000_6342	6d700c47ff195bcabc147bacb746a50144476820cc330e598cc1b4456c578a67
t2t_L1000_6343	4f75838a136042e15efd125b9b0712d0a00b392796dcf8dbb39294159f4fa56c
t2t_L1000_6344	8ae776da777b410c1d31724b846b48ed734be767d1a084b60d29b736b75d047e
t2t_L1000_6345	aa78c36f6ca65c9098920763adaf07d2051e345c4d52ab4cdcdea3e14dcb5a93
t2t_L1000_6346	169f2fc26f82d516b040f8e298d4d8d7ac29ea1dcb910549e03f67500a6fc884
t2t_L1000_6347	2a30f6bc585461ac3169a3390945e3a1fc49be280d663f0d86110df27d8f4f9a
t2t_L1000_6348	0b46f59feebd3e12ea0923256896684a946ef77416a9b8840f338751f7207e0c
t2t_L1000_6349	9c8af10ebc9ca5ea7b7f9db0a28e95ee63aec4c1e79a66be3d1524d9db597dae
t2t_L1000_6350	2a677bfe80302b178db70613c7a65a049bce4bf0aee2af376a0e0566f448b44b
t2t_L1000_6351	acb50331953b1296a554ce396d94b7971c77095404373b195537caff22a60395
t2t_L1000_6352	a2ce782fc05447f300442422d9ec4b947da97b4399f1a4280656295b15839708
t2t_L1000_6353	5cfce3a7f3bffde4c04f591074183b5c618b33d94a2e149f1a633a0209fbafd2
t2t_L1000_6354	d76e01811ca61611769464779f599dadc11758cbf002e4e9667e6e5727ccd921
t2t_L1000_6355	e61e378441db10982544d7115e782f109e42156fca02ccb50dfe13639a38ae95
t2t_L1000_6356	d2e754d1430f17cdaf3b8b56c13046193d48ae179fd24768b70144f3580ef701
t2t_L1000_6357	0eda3f9ac77969a6b596b4b268e7f1f032c1d9c2491ed68fa41a6a6199526ed7
t2t_L1000_6358	f5134692b715e1194af041a7e9a1f5da303c2a567c5bab5321807468ed0dce3e
t2t_L1000_6359	3a59d723acfa8caffeedebd3acf57f604d5c4577d1f9c41040d6150409d469e2
t2t_L1000_6360	8cf005c566064d5b05cdca8c560a4d4e5b5ef88e628bf0d7df596572cef8a0ca
t2t_L1000_6361	95271bfcb8b4370ec20995c5ed0693d268a20887a86c85c87ef9897d9176da7a
t2t_L1000_6362	c4d4d7097266367e9b1b0d2a85dd8e07a385c8f3034d34782b7276dfcbd13745
t2t_L1000_6363	8ec894b7372005019a00963941394fbd2e713a7d5f5dfc29611d9c67c213fdbd
t2t_L1000_6364	c3e8171c545105079913188ff6368ba619ef41f3d0089cb3dc575e6a753f4c9d
t2t_L1000_6365	77b9fe1dc6d99a2f5231fef0464d713b22ed0f892b8237823b3f0a1c6f33dbe7
t2t_L1000_6366	5f2a87a99abd8449f19a96b011d77141dae95f72dbcafc9ea73e74138ebc0488
t2t_L1000_6367	6564b4a632f8e3c609f4fc5919e331ac56f6ef136e2df184f4599b8baf30f06a
t2t_L1000_6368	721586ba91368a9a78f8b8db8e0e10fd2e64b877b4781ec773a59b2c1a32c7c2
t2t_L1000_6369	08d5fbf3e7bf02dc6cab56190dd1a77c30922a63c46d37bab99108738c7e4a45
t2t_L1000_6370	1399dc984f7e54da4fa04da1e4d6288cb01919421eba9028672c8752917c0912
t2t_L1000_6371	38d63fbab4e82b2017142a0f7c9ac1ab63779608add736db5607d7ced830822a
t2t_L1000_6372	e9e07aa317c7dde21d688eada7260d1b9443513be723a9e4cdba51838b4fe692
t2t_L1000_6373	b4aca84f8afe3e2a17d507f42a5a2a58296ba3d18533614cc4b8803ae4438ea9
t2t_L1000_6374	f4d5ffd3ad8fdfdfa290ff4f8080c76f0f446008b0fd9747548ffa471ec48b38
t2t_L1000_6375	8fd2ed17f916b315ad2ce9265aecb9520181378768169aed4f8f32c12742b3c6
t2t_L1000_6376	39b30f93b9b40da9ed802db10648891ef493b1be02fd9ab37822afd6141d5d82
t2t_L1000_6377	85b03b9fd9bb0f89ce1aeee8e763d799b067b22b129a031d32100d24a2a3463c
t2t_L1000_6378	e9f2ea02f66deda9d5bfb0f282c703ff5f83f78c3ec7edb744d0e70bcb60cdda
t2t_L1000_6379	0cb632b5b92c84221b588b996d380aeb5847f9067488536f6a79140a7690f457
t2t_L1000_6380	9f2c2e632f4e342c6c313a3f059d2834092ec36fdc2ba5ef022d38b86c9e9e5b
t2t_L1000_6381	1b5232a367469e29e0a1259b3f642a811937fd049fd21114ad8ed30614ef1f6d
t2t_L1000_6382	d6a3fd835f8ea81e0956b368a35a0bb500715ff3cf18220f89cac8c7020909a3
t2t_L1000_6383	02f5e1b80f901a2ba8886954453b282795407865c5746e046b8d92a18654c7de
t2t_L1000_6384	7043fd2d81aa0288ddf3e83c1e9d24dd7b4660fdd065f6ffd6153bd476e40cb6
t2t_L1000_6385	b1b3d78744778f3ed27d0333935a7f50e87599cb5384eef7fc287721bb00919a
t2t_L1000_6386	685a78c822ef1ed6c5bd960219da549204e7e4ede4243641f85e7f486cdde298
t2t_L1000_6387	4019ccff2f35ca69c0e5d7e5c43cc110f30691e97ca0b0b9320d70c12a735ac1
t2t_L1000_6388	6335467fb70846d9135008931d06714b5111deada61b3966213394af703c1ec2
t2t_L1000_6389	0d4d5efe82e4508426116662bf94c23dacf662200a4f17e13c9a51a66a6307e7
t2t_L1000_6390	ab1ae44f64db9ab203a226ad87ce6d24c48929544fce38b28d88da689ed0b716
t2t_L1000_6391	333d69d9fcf4e7700d1b86133c8e629e41d3798b02af0d41cc219d5876d04415
t2t_L1000_6392	97628aa6690348bd547af17a9c9337facf72167b4d05c1b668c5f62696c21103
t2t_L1000_6393	dae0f513e5dd395fb76d145a972e25235cfba2f1b0e2b5fa7cf3f92f88ca888d
t2t_L1000_6394	33bb7bc275705ac00de44a5a5f438259987529ef5496efb2dde0aba4c9875617
t2t_L1000_6395	c41cbbdc685709fc33d9fe4da8d50423ad705bb5cd99fa76b737e22f888b726b
t2t_L1000_6396	4717bbf764ea00356e0c2b8063dcb62433bbdd2bb95f9abbeb4cb138d4c211d7
t2t_L1000_6397	491821a2fc38827b4b2113aac56d78bb6444a5339531856801028a9612a6bbc3
t2t_L1000_6398	763317d59ce036efe53b20eff0eee6a4160ec15fc95003ff28f21a1e29945fc3
t2t_L1000_6399	5b3212814a7bc4be800cd297f769088295bc0d1270db9ef67575237006612c00
t2t_L1000_6400	f54005f9a609b37a0cc9e7f05b9dae737bb25cc6646fa0241069f424f136d7f8
t2t_L1000_6401	becedfbb51bf6f73dfd5763870faaf32df7ff6501672c99c6bd05fe7d5415120
t2t_L1000_6402	a27641d4b730b1325c66d35ed24b2a1efda786cba60e72288800efa427b6f6ec
t2t_L1000_6403	40471ba8a9c4b73b4219db5c4bd26e8186cc04dc92cfe144705e2cb701467591
t2t_L1000_6404	e78fabb867344e961fb1ff6ae09f5e8f608e778e98bc303464896d91faf7c300
t2t_L1000_6405	dae6c2e31ddefd74c2a1c8d4e042dfdbe1bea0ee64865ecf19ba7b5c5deb2ca2
t2t_L1000_6406	f363555ae47defe770c90afe6dd4f68e4b3bef5ad10f2a4616d3453a65963df1
t2t_L1000_6407	bca534295558d0062bbd0989a4baf8c0c60828e8d68fbafd863a186d4a66445f
t2t_L1000_6408	3fd1addacfd186e5d8aedcf8fe53577e759dba9f78fa60e749a3d0de0840059c
t2t_L1000_6409	9f3c2b0eeace82a89ffe161b06e6ae9c623ff96f174ff058c0f58afff0ac0c3a
t2t_L1000_6410	f16a1c0b758c83c88cc342b4d80538c495a596c1468af63d1dbc8d6508ef8864
t2t_L1000_6411	b50f962ecbb4470d0c75289cb254ca2c5c74d8e05292ea22c2bc723313fe66f5
t2t_L1000_6412	6cffd6c77fa1a47701c64025af8962529bda8f26d114cec0a9154503f2cc14c3
t2t_L1000_6413	92ad8492c2c3a68b4fe6a596cecf4fe1031668a979833fc9c5838718c26d0d22
t2t_L1000_6414	3275f60c6a45f273ffe3a2a50bf6e699ea4437fc8204529d813d97010bc18257
t2t_L1000_6415	d5bed6e550d400d5d3e9e92f06dab745fec673d81c744c752fc893e40d3acf27
t2t_L1000_6416	67e6f0eebe08913a9d3112a2ec85082d2cd883b6c00258432383e2a4998482e1
t2t_L1000_6417	0fa53ac588b68a6051d131e26179a628390b1ffa11bbc63a6cbc0250f6b4c85e
t2t_L1000_6418	72f733e1036f94fc09ad321c83ecbba73c9644bdc6eadd001e51eb2c756ec058
t2t_L1000_6419	9d5d17d4f516827e81815b139c112fcc7fb6dbc115255c73df2e8bca211f2c8a
t2t_L1000_6420	87a0ddafc6511c35f49d0cb767035811de4384734f4084eacd31c21d6475bbdb
t2t_L1000_6421	3e72e2cb9f1be46c4bd39199e1421dc3ed83fe1082b0fc367a885d261c027b1b
t2t_L1000_6422	ddd2495a95d34dfc6bc2c8818c7623635b795c2f32e3d2569de442e989ef9640
t2t_L1000_6423	766dcdf3732cf6bd75218d0f36ccfe3d21ada1df7c715105ed583c68e54b1a54
t2t_L1000_6424	4913006cb606893c808053f01ad42dc9d689af5aea25c4616f4cc1404a5673dd
t2t_L1000_6425	c8888a74a365bf57fd860ba24237290795943eaccf95b6bb3a2b0cafa388c21e
t2t_L1000_6426	921d7baecaab1ad5b4d8b04fe2b4e1ab7f4ac9c136eab327e1787512d8cbd4c8
t2t_L1000_6427	03d77e1250efa7a929cb329cce91be42d14f5ddda5baffbe870c49391a0dc567
t2t_L1000_6428	f0f6408d685353bf83d28131e9c859bd385ff2fe2cb3b79e7e40be97dcba8889
t2t_L1000_6429	97f8037226e7a666e57eb5f4ac090518d0151e33c9a2523c33c3c611a64d4416
t2t_L1000_6430	b74f10d9355af62dee8e057c20f8997ae61d57cde7cb26916c9adc6f6d5c8e79
t2t_L1000_6431	f5aa056ee05b7e0d0114aec6087bd8bf420e8ab507e0dda757874c70deeba8ae
t2t_L1000_6432	42b18802a6f7d7bd0664b00c05633a2b523e4c79b30b35fccabbaf9d35c5f114
t2t_L1000_6433	9f862be0c4f8274e2faa6db4b0e00e47b6326c06cee35e4c2dbb4638b749cce4
t2t_L1000_6434	0ed17e2e8e04203aa60fc7a72b16fea0d46d6717d638f28f906765c9bb624e1d
t2t_L1000_6435	de8d0b0a77e142b6c985aebade0aaa2761095a48a73f9d99d3091f5ceccd8d20
t2t_L1000_6436	fdd8619f430c7208ff04331b6a6e9c839238e710d2d46ea44c997c29acdc6605
t2t_L1000_6437	6c276fc68c373d2333cacffde81904c545fe6831d1a8690619465fd901c1269c
t2t_L1000_6438	952717f5c97f111b82a41a67702a15d276c4c26d6fcd7184ae2db70ce617e013
t2t_L1000_6439	97aa86eb39b1e43dcea204aba4329394c6aad0d9476f53c53378e83f1153b0e7
t2t_L1000_6440	263893915b05cc5caedad955056c286eac8a93fedee05df8d815be092383164d
t2t_L1000_6441	01b2043dea9ece25b76ba14fad4b4885693c396be71ab177c4a69e29122046db
t2t_L1000_6442	67def49ddd67278f07fd26b8cd3273310d9bc2a343a58c7abd080aed1235e8c7
t2t_L1000_6443	2838927686dbabe1146c7163760fa122dbd528ae36709c87b13c3f1c1ccc844d
t2t_L1000_6444	0345f37b34b13e8461c5ee85788b0f1859582bb32d3bcf703f776c60e1f8589d
t2t_L1000_6445	ea414054b28266c2e2165fdb52b50272fece22c582f311fed8ca4d115aacdca2
t2t_L1000_6446	17d91ba3a784fe05063fbca7fd552d57c8bf1887a647d54d00b2dfce8bf345c0
t2t_L1000_6447	3a0d67245173813c058dd85c652f4623f7d8b3d327c1a100b15319cebceaa348
t2t_L1000_6448	7da8c95897300393953853330152ebcdfd8332f09502f70352a5c29d765b92b3
t2t_L1000_6449	0c1d342ddd62ec16b191186bfa814f7c0ab3e6fb5596bc8618842c014f3ca314
t2t_L1000_6450	cb50d57830b10da7d7ac71dbdc4a00158df65ebbcb585549cc1dbe783a36fb35
t2t_L1000_6451	d5c03d454a68084bd2708d529bdfb54c261eba745afbe424eee05d260911ba56
t2t_L1000_6452	47b06bf0652aeaa089181620a63f670025267ceaf16c6c08ee8db8eeae0c335c
t2t_L1000_6453	aeb574b5855fa1f8b3a9dbe9f59f82a5901bb52842f298206124f26c5df602fb
t2t_L1000_6454	28a88b2501a78c86664b44db7ee594fef6dbe2effb31c07a5fc1004f13a973cd
t2t_L1000_6455	e76cbee8a898b5df7c2d23867450745e0cda5fc306dc7adde628230d5b928ff8
t2t_L1000_6456	c0603f0455b846a48aa30ce5aee1bedca7311f63307783f1b66b9d2f971e1861
t2t_L1000_6457	9e701473ba385202a38e85fced1b87a0f386847f80554b8b8ae5d08b54d7a574
t2t_L1000_6458	9d3fdb44cd443df2a4f173880b836d6932c6d5f1217d4b6e8e3349f10bcf2644
t2t_L1000_6459	b9e0f973747b07a9a5206ffc8a296bfc9aa7363a411ad07c259ab0dcd0f46cee
t2t_L1000_6460	6d216973e113d9ed32b0ccb786eca14d7f04cae7a7d4c81f1e2298cbff30f20a
t2t_L1000_6461	e23e0a9b8893c1245cd4a06a7598b807e128873f1b881b0e0f3f11f4eaed07dd
t2t_L1000_6462	eec2ae5627b108a52373305e86da569c62d77b79b856555ab2b4bf50c18dc814
t2t_L1000_6463	5bc02f36be736a8245ccff72799e2f8b26e4c42c831a18f08607bb8905b8cf2e
t2t_L1000_6464	50055c5c20357b54bdbe0547b142307f6420057ca2e31fb639a758ec084f514d
t2t_L1000_6465	e24cf58f1ec167ed2d5df88ee99cc90d1ba61b57b2592f0dd745acd79c323644
t2t_L1000_6466	4504cb068617d9464a2ade27082f389be9288168c87e2dfc7bd983e9e88caac6
t2t_L1000_6467	d8124522cfa057cfd323fdab736f6f8ceaa9b7adf4325f1bd19c80086d653063
t2t_L1000_6468	f2b6b7709fc4740ff4206077694e8fa42885eba50cd3004603e21981f9c75ced
t2t_L1000_6469	2c68867e9c3a30df013fc04eb52e9be71f6d45fcb8d2806dd700b8b8da515841
t2t_L1000_6470	705c08853703f303188c26b12cdef61f2bfdab6b66feac1cbe9a6db96c20d38a
t2t_L1000_6471	2d938cb753fd88e5eacf6a04f06c4192ab57cf349744bf6301330af921cf9b08
t2t_L1000_6472	343c71b9a7aed7f47fd670a4bc6751b4266fca9e1ebfdd7e33f84fe630bd0b55
t2t_L1000_6473	adfad1ee80080503d772ea8001007d7f3ff485bb3a0efa7a7629b18bcd62f220
t2t_L1000_6474	47e7c4beee662c398ca141c03c2eae59498b092e17e1b132377a8389f2f91938
t2t_L1000_6475	fef346ab1cb06b9b71b4801fe54765d57a0d613e2bb7790d398c7abce3db28d3
t2t_L1000_6476	1aaaa836dfd2aec1fd28983c33047a4ae2df982c281b45fe2d453eac77ebd43e
t2t_L1000_6477	b334b5258759cfdfdfa430c9ebaefd22ae957006c44c0874ef9276093cb8fbe7
t2t_L1000_6478	123a8599ce8826ba312131add2cb478b6f777b3b764d757424136de3d8f0580f
t2t_L1000_6479	81e6a2365095fc23bed3b447f874af81f7a02614c234ff29db024531f30f54e1
t2t_L1000_6480	b2d28965fd27b44f4482e205b009d94258ec53d7ad585bde307f92288806ec54
t2t_L1000_6481	8e195d9ed192f11338df6817b0927dcfde42e1ac7a2595495610fbac66514647
t2t_L1000_6482	61a1a97b0ecd47f47f721899d915a65edb165b96baedaf4330d0f00a9f4788a1
t2t_L1000_6483	6e53be2d4efc34ae9f9d43ef1d0ea38903822f0b92ab33e717597b678c01e26c
t2t_L1000_6484	311fbb9b678310e56765d011b1c158d999f71a80c7a3d4094083f07ae8982304
t2t_L1000_6485	063b9658f5793ae705e7a76a2c785d094f933438768a240fb267d1dc099bf406
t2t_L1000_6486	1302c985e87f32ecba356d0c9145bb498774cf083263a77cb99ee3c0fa9e4845
t2t_L1000_6487	ed674648e2d6b36ff6eef70f899cff3f84e2e3a3e706d982edc78b2a1db9e93e
t2t_L1000_6488	138a5a19061692d0b71980363cd4dda8de2a7069e416c93ddb5f4e8d5e6c1f4b
t2t_L1000_6489	56aca0397963ef88727bbc8bdcd6c9f4e7aa0f8df1676c552b3932377765770f
t2t_L1000_6490	13df85b49415f04af388bb4221d52bf1c3ae06f9b9160b4c55cead9b710566ec
t2t_L1000_6491	21b1fe56d79011f81f91110ac2e3940388e8137812bfdbf53ddd4f023be23476
t2t_L1000_6492	7187251dbf3f6d6527954858dfcba17b78690cfd049b0cc2370739df3821343e
t2t_L1000_6493	10d42b93781fd209352ef980de972cb4b6e961741104ca8351852dd6b45480d8
t2t_L1000_6494	e9fbdfd3c33264704de191b8a88c905740d642ea0dae8971a55381cb09d7c1a2
t2t_L1000_6495	f65f9f7df327dd19146218e817f52d00ced6cd37c02968f60c1deb15eb2a4684
t2t_L1000_6496	42b5aeb4b30b6996007ecd01d5f6e0f3d0e20a66ae4e4625dc07ec581eff5dec
t2t_L1000_6497	751cb9355c2d1960f7cf057e31fae4848fc13d84dd486136c5294a9fb14472f1
t2t_L1000_6498	e1e8a5b1079aa86f01556d92ddcef7cc53816d92332841b3ffb60c2ffb5b2039
t2t_L1000_6499	04d04965824dba192e75bf5f7d79a05fb44c622d3d29f20199327f6734a68bf6
t2t_L1000_6500	0739b5e213e05dbb790151afd5c03578c92187cb1c87a1f3df4d76277a465e30
t2t_L1000_6501	bbf794b5e62aeef7cafd22f1f5fb7b86ebed670a8ddaebf3d4ee52eee2368198
t2t_L1000_6502	31bcc3c0ea61088e217485f82000ecc88c68d37b0d034749a7f7a035c5cdab04
t2t_L1000_6503	882200e849ff51da5f983e74bd72f9a234e45f17efff118590d81057ed118b91
t2t_L1000_6504	5702cb8279b61dba256f35f5993334c6feb184fe04638ef367af879d337bd7ab
t2t_L1000_6505	10d6903942283925c4f8e40b29c95c4909e0810ce69d3181b200369a5a2da0b5
t2t_L1000_6506	c6a92b68ebf6d0764202a89fe23a1ec53d7294bf59eb3dfdfea6b9b9b5307634
t2t_L1000_6507	9ad0214e774a44d1cec61d87d3a24622f78618625fe96818390a95177d6ef491
t2t_L1000_6508	0b634f68d3c23f20e54d929efd996f0a9077d2c572a389c9d0362b011c2e19fe
t2t_L1000_6509	6872403fedd5bb4f82ee673d2b3ebc19a383d1587c47d60fbc98569818584997
t2t_L1000_6510	ee1802b843e817ad58f5f3291fdab56e8a95d8040d7d60549c9f2eb6659af74f
t2t_L1000_6511	12e06f9a69ed7c9d1aa95f1cae0d6861a479c6e9aa5007441619b2dbcf8fdbac
t2t_L1000_6512	7642fee15ec3e6686bd15bf176135556cddee65913f761842535a0f728facf8e
t2t_L1000_6513	82ed4b5046d1d993dbd03274733fc72eb38b10c84ecd1ec97ba55bde2c9b28b6
t2t_L1000_6514	9c9ad8375aa2ad8207f99574bb4c04c7e44f397eebfde7fd5e950b5017d391e5
t2t_L1000_6515	18d7aadbec926f87116b335652e3d378f59b3b208085f9a00dc8310128aa204c
t2t_L1000_6516	7aaaf153969c4bb1b4165414adbed1f74ccbd7a6c9e0c635b63178bb25b90e60
t2t_L1000_6517	5d7edb2947fd2d8ef74889cc06a71f5882353c2f1070b274d9b3757a861bda3c
t2t_L1000_6518	2242e73d321779c5cab0150fbe33e385b45bbbe35c740eba578f8927ce40ac15
t2t_L1000_6519	2f847ac6f598cefec334958f9b066921beb7b41ff389c10dedc0665dfffcd98b
t2t_L1000_6520	7ba74d641ceb42172f3695d7bcc5760c4a2d5e448bbfc42adb102a5280862b04
t2t_L1000_6521	b1a1b98561e5d300dc768d1e37700a9a41f40f6cfd1180a3adfe3d3105f88cdf
t2t_L1000_6522	08015aecb3c253ae283cf3c3e77aeb068a4da53121f29156967061d77dcf5d9a
t2t_L1000_6523	69bfc0ca9a019f929f7efeaecfd23b38a5086670a12a82a95c2bd8903d451622
t2t_L1000_6524	5d0d8ebaf656952401f962dd885283a8860a09021fc20e4ce17c27ec16aa6ca2
t2t_L1000_6525	de9760986c3782186c8024f04a7248c5d4abb00a72b291799c13be942c184fe0
t2t_L1000_6526	38dd7ace1d01b2cb499d082832a0bcce769361bd72e38a2b64a0618c6755cf90
t2t_L1000_6527	d4f3391f8617f6ab3b13a15a706044ce805cfbed3fb83a6023c7bf0294064baf
t2t_L1000_6528	e78f9b5606ca218614e52fc6c44fc5bc2d9391ddab1f2a91f6bd40fa57098910
t2t_L1000_6529	6367b92b8e051a4b42998775915e670fe6fb6362a559c726a70032d4b0da0b0c
t2t_L1000_6530	38471a8ab62fa9deede1b335f308ca37f27ff3063356cfef39af964adb190065
t2t_L1000_6531	065353c59232e30e59a064909825fba99b317146851c1e4258f968f984792f1c
t2t_L1000_6532	073c986e3c92863236361bfa14dca6a610329908b9b2a7977b01bfc21119bfe6
t2t_L1000_6533	d7cb81a8e77dffc1eaf55340e68792ceec148ef2806fd1b2ed6f11dc37983424
t2t_L1000_6534	650cf33b1ad600dde6de34afe8d15ac2a437742d4dea609bc578f17245a99e3e
t2t_L1000_6535	67c44e01738674e63abecc7c63de22b618aed30d6641fadcd4ff976c722ac973
t2t_L1000_6536	978cb53be8b754c8b53b6337df7d81d471bb561b04e63fab949d17756970e5b7
t2t_L1000_6537	35b1487fc7ab5d16c34ef19deca0d89dc6371cb200529d632ed9e782bbe89b45
t2t_L1000_6538	a592133391fb06f024913212f4f7cac8410208f562cd4a9bd46b9ec484274906
t2t_L1000_6539	66bd61459a2087c56110390cd947b8e6e77697445ef6ed444bf669573ff1d91e
t2t_L1000_6540	eb88577f92a5c218aec23d7fe556d16de3d4694a786e6f94f9af4c027633739f
t2t_L1000_6541	1fb02af99f66b2d957d480c52a5d4daf0bffcd3150c6218c8ac80c07ac6ead05
t2t_L1000_6542	536e9536f4fc03fa368a7daac83e306fb2450cce6a7610614eae8df96ac3f468
t2t_L1000_6543	1ee36a76ff674d751b8b835eb91339820e92a5524fa82a1d3f7335185c1e97a4
t2t_L1000_6544	391f791bb66f870cc88b6f01a4cad79c8f2ac202b548af9920ba82126d5b0504
t2t_L1000_6545	ed994990cc871e605d86c196714206fe140fc782bd504fbdd6232a9c26fb3574
t2t_L1000_6546	a0b126f7d32972df3155f032986dff626ec955174003012c3bbd07f336e492dc
t2t_L1000_6547	974fcbdfd346b7c843572e85a9fc12dc02f00baa6e30e61d04a957f5f5509436
t2t_L1000_6548	03d5e98a9409dfafee7b86a8f1869cb71003a81c864eea4215eac5a2074bb435
t2t_L1000_6549	11e02d0ad9e96154ecedc88a95eddd81ffbc0b88eed68355ba6bda342f99b68b
t2t_L1000_6550	eb2d566581c6ebd536b16b83b73232f7a4dffb7f1b8938ba3313cebd977791a8
t2t_L1000_6551	44f6b9ba08b696fbb37a6631d1cb36dd67015a6cfefa97d229bce3ebe7be08ce
t2t_L1000_6552	bc8dcb5432df7b412194a126663c9e926146e72eeac515ddf185a083284bcddf
t2t_L1000_6553	96e6010634b643f1836f5a4f37421ecfde4a9cb62a0738d2ca7ac5404f977b90
t2t_L1000_6554	8728847dde201feca550c6917e0dba2e9fb240b6acdac13d95efad2d88eb70f9
t2t_L1000_6555	94921ea5ed70040eb098ae674c8d336902bbe4075e9817f886b47b0153fadf2c
t2t_L1000_6556	e2c9a8631d6f74c33f0bf7d1e6792d4a0249d842acd5a328d54fb65ed6b76b9c
t2t_L1000_6557	61fc9069a856593263a5d255224a4936d5ba90d5ebfcb908f8dbad253fb83605
t2t_L1000_6558	0b42c6dd25be64215725679fb21e816a100912deb530252759df998115ed4e29
t2t_L1000_6559	3794d594a616ef2d99ff0ce8786017a4d6edc11232b068fe0d429627821345db
t2t_L1000_6560	559f45760841c71862ee4eb7bcb8e4c05c937f1aa8240b06ab8d6b4e4f1f8b41
t2t_L1000_6561	a837432216dc9e9c200e9ec4d00ff2dd51e8a767e1d9d07abf390c0b3aa02134
t2t_L1000_6562	f0e2ccadd2eebc5e2a0680bd0bec9741379277382ee7cc2c21849b141c975b57
t2t_L1000_6563	54d0ab541a6fae02a8ed7d25acc4bcad75329878218eb071a7c137c893771fde
t2t_L1000_6564	6e721ca223cffb0416daba10f02c338e9e237a93da1840f703550bd90fbc664e
t2t_L1000_6565	ef1108373f5c41438f6a14dcac66ec356a4bde41262dbb50ae8b40f82d568d5c
t2t_L1000_6566	8696da01b4de1d77ed8a5a97e2fa98abd710d49540b1c1890eda42b6f48faa87
t2t_L1000_6567	6153fd3d1fc8098e75ad0439a26ddd06a4e0f6677fde63e82b23d3c875b8f1d4
t2t_L1000_6568	792415e2f5e0abace7f33d490f856a289c4184105f614fd0c903421a8917acef
t2t_L1000_6569	ecbf48ad8a77efad7ccd59d6ace175f6851e97fa48977d7fc59b56b5ab921783
t2t_L1000_6570	a786b3d729252ea6722b3a7cae98a3ec6d4bbce08492881fe7c18ad411135f96
t2t_L1000_6571	6410c5f7b729935d3d2e5de8fad1379d9e385fe0786ef860ed9483297b199afa
t2t_L1000_6572	3e0b26fde4f2f5f44d5156922f0a51fba1e28497fff2124f7c4367c371baca5f
t2t_L1000_6573	33f19b5bdc2fb2cbd619cf798b11e2b407926542897f4587c877b589485367b9
t2t_L1000_6574	cbedf3ddcd49575e6dd16a4e21000de61d82555f9deba932100e78b6fb32ccf0
t2t_L1000_6575	5770c04dc401112164f945166f69fd67c5c20400b3789508b21bcebbf26714ed
t2t_L1000_6576	817495492d5a7d2b999610e9036797e074019e581e756385b0d0d6aaaf3379fe
t2t_L1000_6577	946fdafa8e49e898cc0843c5d8ca4f1f9e9def6ade78639ebca68c175d54cbee
t2t_L1000_6578	e9687787d1299785f6cd04b73897931735bcbb5dd8d193244d0207299244b2f7
t2t_L1000_6579	edebdcd82f525d16535fb34a29ca5b31362decbf8913f863d58108fa04b0711f
t2t_L1000_6580	e04ab72dc5de2a4f4b5c95ef62677163241ef86ec7eae42e0d1c6472708efb4d
t2t_L1000_6581	29bfd71ac659f1e06cebb0cd159695403c057533da3f8cc783cad0718c82c731
t2t_L1000_6582	bccaace9533f3981b5b8a3146bea3e243082dfbaed5973272df08b99f733dbdc
t2t_L1000_6583	2e7f02aa670f1ffe772c04ff0179fffdf377305113a300a24194dd5458be3e7f
t2t_L1000_6584	3c183fdecb9848c38522eacc0dd2821e232607df800db6c0e5470f139ac5d597
t2t_L1000_6585	7d0313d2c7a8ced2ca338fc29c0bbec973875009d8be27264dfba603770ecffa
t2t_L1000_6586	9a8713e5c1f76c3df2994fb9350d9ee2a28c58eb96b7478e4c1d8188f347b044
t2t_L1000_6587	79f0dc863ee1f5a05236170af9869cabbe4ee787ae213cbaa744235a0172ee38
t2t_L1000_6588	d01378ebc846359b49b88a7c611daf4cda8629859975f4e6398835057acbbc9f
t2t_L1000_6589	89757cf7ca73ffe8c411d9ab2404d5cd46c48c93eb667cb847250ed5a7856f35
t2t_L1000_6590	6ce9da741b7324f141688c1e79a67963bfeaeb9836ffb83c3a26e26024947b2b
t2t_L1000_6591	3c2200b5cb7fcf63580424de0bba8ae6b470282b235775e95a33e2bb669e6c41
t2t_L1000_6592	77cc093f9d3847165cd176983915eb028ee1d21e9c95e6958bec496f79072be9
t2t_L1000_6593	bbd4dc99d850c644feca124ef55f157a5f79fe877058e70a82b5d1f79550731b
t2t_L1000_6594	cc81cb0b28d45673b7aeca1e8036dfbb74906939d489477d40961b19f9f4acda
t2t_L1000_6595	14d2e53dd79a64ac47b22deaec611e06d250de86d17d56d239351b5fd4d2b9a0
t2t_L1000_6596	ac15682868f32290339beee026d098e49186421128f9ddd74a630ee1fbb169dc
t2t_L1000_6597	a790c40719743a38d7ca65381ea993b765eeb251ea7f788b3c611d4c5dfe4b73
t2t_L1000_6598	9109cf9dbd77c6e5bcbf8570906a37cc96c4ac14480045d615c015ab159d0a1a
t2t_L1000_6599	c08c707fbe3fb5d35dfb8beba1d32a9dd808492b214f78456a5d0a0b9b3e814f
t2t_L1000_6600	425e501f88524129a6d4b0353356ec1e675c6aea51128da2ea31f7df41f806c8
t2t_L1000_6601	e11eb091dcd8570376c8a40d9af61325c1da8f52d49d87746c70bc1c553c2946
t2t_L1000_6602	e5ea802e998f716bbc2d8789da81b37aa554cb71e849d94482a7a89d100c25ca
t2t_L1000_6603	49318c550fbf2479f70333042ecab02520d96b8d161597b2353eec9800017f30
t2t_L1000_6604	0ba1c5c467a227f560c73dcbf03c0ce7d5277df2161987c367673b739e88ee93
t2t_L1000_6605	ac6ef83d5f4a633ecadb750fd34ca3b6fc2122a7894c60ca3465b802f5b55aeb
t2t_L1000_6606	5cdd744909031e51c75945f104a799f3bf496b43f884a17c631d4179c8f82215
t2t_L1000_6607	a82ac170b768058d19a4380af10755b9b0b11a519eef1702d704a3e858f67c23
t2t_L1000_6608	7145cd036b2ff3f2dd559cf805663f608a8b4a154b978a745c1d1ab32c4d0806
t2t_L1000_6609	954a5b00bbdc504cea6c55f6a7a224e84068203e14325a83f346cb67d95a2b7f
t2t_L1000_6610	3e10b3160aa3cada039d402207dec7f6d45a958670a27d09facb8721eaf95636
t2t_L1000_6611	b5132e9fd69af3bc4a760c19e433499920a5144bb91b8daf48f864cb4821a967
t2t_L1000_6612	444b64c832f1d2e8f95f0386164cbcb4e743901de3afdf4e85e0cb287a6c15a6
t2t_L1000_6613	c244f31df1525c03815df7f3ea6543a99ad563e7475bf9503b25e2799182daf0
t2t_L1000_6614	c34b9ac9800b8b88f3411ea5cb396d348caf01481543c8e1ac484e17a1c6f9ca
t2t_L1000_6615	e1c5a75930f28b0780896360913c0d9524beef4ddf94ebeeba1b94f4f82e50bc
t2t_L1000_6616	03e03c65585fb60a0de19a9d0a6dd83ea5d2e6b34681721761886cdc0d5a906d
t2t_L1000_6617	a40594e9c28be56f213fdb2b4c964d328615de82741c71dce3a18dcb9751c2f3
t2t_L1000_6618	e7c1603d0305e20367dbf630ed0157b723c51a37a8f06b60cb32ed4a39c5bcaa
t2t_L1000_6619	277ce707a955dbcc64db36f66297e9297273f4d61c669e988f7607664066f53e
t2t_L1000_6620	c923e70819b7de88ac787944667f1ec990c8cb8af327fd5ca39154b2d354b165
t2t_L1000_6621	bb5ff80ca4e37a9d81fdd46535fc3c850543033a702a797b9398b54bfac1f816
t2t_L1000_6622	730873eefaf830502b4e82c212ecd33b8ff0484b077e4f80d2463393179c94ac
t2t_L1000_6623	555f10aeeccc8183330e2faeb777860da9bc76131e7fac719b0d054b89094e97
t2t_L1000_6624	c7c89c2226f237f74bea609d2cb56a594f8561043d246955ee7f0cd053de2ab4
t2t_L1000_6625	4ab372d654dd2f8595d28181521f68d734fe188aac86f5cd9e7cb0d970161d47
t2t_L1000_6626	e41466932d987faa93e93eccc450e8e22df9e23d5de6a465d30b29c50f776327
t2t_L1000_6627	ddb1d1bb360b970e9607755e3127b3e0fcc2dcd0042a1cb966e48986139366e8
t2t_L1000_6628	f9b1769bfcb2d50ea9529c237561baac3d5c3957b304ee6cd07a97fab2df22e1
t2t_L1000_6629	06203129aa71f5b67a9aded257a1aaa14748068737403be85aa68d2e496f9502
t2t_L1000_6630	ab8bd14ae77bd8ba324afa2e71908b60fa180f53a57b605c1c4e11d44b00af38
t2t_L1000_6631	d31460625e848d91523d840bd1742598316b8dd0454e9ed18a6c3eba7a2d35b4
t2t_L1000_6632	ce1b90f3b0744fc811cd54c069daa28f8990b82abeeda162736f69964389fb28
t2t_L1000_6633	f27295787ae14b177f20d38765cab7d212ca20d27c49b3ebb967cfd48e642896
t2t_L1000_6634	4f18bf3f3cbe293ca3be83b9b8354f918fe0a5fd1f44d5896fc3a8b300c1ed8a
t2t_L1000_6635	7e65cfa2ba62a49d82c02878e2d7e5b6e2a538bcebcd884cec08705e09c28d20
t2t_L1000_6636	92ea78c761b3b84a0e38796e5ed70efbe408b4f07cc408db468e268dd5586005
t2t_L1000_6637	0f023315c94d9e59f5c6713bb0b0b58421a552509bf4abefb84ba482d0dbb18e
t2t_L1000_6638	6fc73134e88d737b421629e42c3fceea19e1775d852322bdd4699df33356b583
t2t_L1000_6639	3675665cc44f0b8c80d9ea137c8603cc57a75b133392a674da29bd41beeb6c90
t2t_L1000_6640	4cfcf699f061a9d80ed62f92dbd392e385a2feb3e324ba51143e922c8ff74f13
t2t_L1000_6641	e1e48c1a69b33febbf84ebdef546d87b34aa461773de86ae2e14fb2df9e9c8d7
t2t_L1000_6642	ce3f796b01a7d546a36ee694e3ef6246ea66716cb44c936086d4fa48ad77aeb3
t2t_L1000_6643	d7a15dfecae074428814c5fdbd851fb0365fa207103519e79abb64c07ec2a4f6
t2t_L1000_6644	9e1d7929295366a04829544153cf8a1c67058fadacbdeca3c8ffe98a12ea1b01
t2t_L1000_6645	95c7aca58e785dcecbed7dc416f77dab9b228c100717bf749b4a88483b384bae
t2t_L1000_6646	0bd64a3a052372bbeb1799adef8dd326286cdff694ca590baaa864e302409c49
t2t_L1000_6647	24ecd5133a6a8b60117069576ef6eadb5cc434603f9f50ce478b3e10d59c433b
t2t_L1000_6648	d77cbdcbd6094e7bf2b20e6a4272affb8cd5b7c17500089f87ef95a97d0d79f6
t2t_L1000_6649	ea803ba1986e5e9b7dd59f4454c16975a8cc8f12ea02f16c9836a47af7084cea
t2t_L1000_6650	a3e90c4871f4f92552f12080cf12371d18ff60ff7e0eeb74517e400d50a79a3b
t2t_L1000_6651	9d50f124c95b6650ba9e2f54269f825c8df13aa4279e5cb6eed816ba6b7754fa
t2t_L1000_6652	f19ce81a95860d05a3b6797d327f054ff2b156f8e647781f707eda5ee43c8a8f
t2t_L1000_6653	d40755a3f0380232fa0d1ec6da3ba3e7ef376c0b816437cda20c2091d9ca67e5
t2t_L1000_6654	90030ccd15bfb24ef5793fe6f13a54277f8db43da55d0c04939521d4da7f7f48
t2t_L1000_6655	5a7f6927f16a6ca6a3ee85054fc59b06cda925569b537e92a871da6fff81d9b2
t2t_L1000_6656	84c8c5396a7060a8edd52e9c8567d9d7a675b90829bd8eabadbfda0c43985564
t2t_L1000_6657	9ad08f01a2305ab4f0c81ad2121e9c4bce418a474e0f1e3e6b81a652ddaa689f
t2t_L1000_6658	c73ced577e4103a44b05b186d2e482f8e3902f6170dcff1960d746313d0a5bdc
t2t_L1000_6659	92e07a12ce36da36608256051bbbaf3bab4665c382a49284e4297e248f22a9f3
t2t_L1000_6660	1d2bd6f190a6030cfb233547d44cd67f2bdf72cf9e97cf8cfd082b580a5afa80
t2t_L1000_6661	80110b6be365e617961c53b1affb9b68f0a3246068c10605b51148a60e52dd5a
t2t_L1000_6662	6238fd6e150c66e9dc06d7a1e79ba6f4cd55964e0f18ded810945d3b49883e66
t2t_L1000_6663	5361a353b377b609843a85a84d2aca6ec37041b7bd62d316ea2dbdc42ed503fb
t2t_L1000_6664	286e3f727def5033a4fc31c062bb6936d5183a8824eb317f21792c1dc6c42104
t2t_L1000_6665	3c3331c4f1290c55145a54855a958d273033f2e3aeb27b9160128dc4ac106fda
t2t_L1000_6666	cd0d5cde42f5bda308824b3f2fb46933a067a735ad86c4a65db25a26c1ba408f
t2t_L1000_6667	74751b26480ce914b7e75393d526adac96f243882ccd06d8c586a791c9f74476
t2t_L1000_6668	8b973d958e434fe476d0d4d80950811625d344861dece56633b182f99930c98c
t2t_L1000_6669	612c7057c905d8927c6464d3deac70791172702b64a9fa2edb59bd6c06c5a83f
t2t_L1000_6670	a1c3062e7e1c284ffccad418cb75810721431e559afee38e7888e71632b44275
t2t_L1000_6671	0f7f05802316f46ebe39f41dc0da79345010d31708be8e8e61239ffd228f8af7
t2t_L1000_6672	85378adf4424be7d487f6ae62d011df0a652cd05319b5d7cfb0e99f0fbc6bad7
t2t_L1000_6673	59aac23bb85bb0bae0a9d75295afb627f3859c0ab3bc62534484494d42abe695
t2t_L1000_6674	caebb35077a9dff41d1a45a829009dc10e41e6b9dbdf5ff4f6606b4f4ae598ce
t2t_L1000_6675	4a9975e839aa779548761e5b64112d9fbfa0d20aba20e87fa2d1b9f228f5849d
t2t_L1000_6676	9e840e37fb8926b31bab34294bea38e406a517a4a701bb5b13e057e142e323ab
t2t_L1000_6677	2edad2fc989c735e98e122826807c298ac41ba8c6478793e4b990eec04792c57
t2t_L1000_6678	381274d375067c82a5530d56d9bb5e868b39464bacd345890ae4742e62eec054
t2t_L1000_6679	774ff6c033d4dbecaef86eccc883f8d5f4eacfe187bdee6bd02a1a6e3bbab58e
t2t_L1000_6680	7fc5a751d3fca5b83eae16903d36d49eeeb0d48696c33687f9a0163daf0bb304
t2t_L1000_6681	c72327cb1bf62066c8e9b8404b2c68b99e535949e6523afab5622cdc0868b8da
t2t_L1000_6682	9092084b3cbf19f36c78032dfa0b714b9d561fffd4e2350deebf70ab01e72b93
t2t_L1000_6683	a75619f5eca9832ac543e814959f60b01ddf40b111c541c24daed2bd9a5f9305
t2t_L1000_6684	6dfbcd8db1e6326d833419239796b965c1e7a456c7ce33a8672a21beee108464
t2t_L1000_6685	6c04b51afd5313a77ca2092340bcdbd0f5fcbb5dc0f4fcf3f7e2e3beb6d29135
t2t_L1000_6686	018754c60c2d807d542944fa36fcea7be9279239ea3460c2d229adbb05f5f387
t2t_L1000_6687	7d4b20f95da458b9ae7bc1b38fd193756ccd710f912b7856115674bd89af8043
t2t_L1000_6688	6035a9273e81691e30c3a20289e85e740c97a7c1f16fd61e3f9adec81d08eb9c
t2t_L1000_6689	c5f484eba9f1fefcfaca3f6115cdce3739c5ed6be5f5d96c4ffda2dcd7ee6bdd
t2t_L1000_6690	ec30d84d822f2f22d99f20e3a3f7f6c801e534b45a8872b801ebc168762a0ea4
t2t_L1000_6691	703f3639c4e02fc8ea1b7871aee06c7e74b8b8f37a67e7be929a7cb8a2ffb58d
t2t_L1000_6692	591da32c4d926a9df27557c7785a8c6fbf0c2d419524cc9d3b56848a14bbff41
t2t_L1000_6693	04bed94926a3dcd742e7e3d69d45b637bcc4f8c7a5ad0af9c31757bc9fd1fea8
t2t_L1000_6694	9f5cd7aec476da8ccc51f095d92611158ed661ea36bd46c2414bee3cffc766cc
t2t_L1000_6695	c89a02bd6a232e98b97da08ea0951fdc449108cf404e9d55023a6ab5d3821cb5
t2t_L1000_6696	f7fb93ffd3c1d08b0cb21f1f3de9e80e780cda760dd5f102504312bd848df422
t2t_L1000_6697	dab55cb3371c900e7c3717a63f6cddd02d102e5fd834d3682b0ec529e12bf123
t2t_L1000_6698	53f0d465530bb4e7e483c388e27ff61b2aa1dd83e5eab17b2508e9287f30fc54
t2t_L1000_6699	8e0cd6a671754a26616c19e864a4275f5cf41d4d8343686166fd930937dab201
t2t_L1000_6700	0806cc6c4df00e5c9e9759bbebfff76dfa443227cc08529cdc5ac947971743f7
t2t_L1000_6701	d187cf395d4be8b312e6febf4bdd5fe17930951468e007c82f5471175be2c6a9
t2t_L1000_6702	9d82f57809aa9c0ebf91a5aa4f59278ab4eb2fc10d759305685b2d96b2329295
t2t_L1000_6703	2536476cd9e2f723ac3e38eab197c2df53680eac0451ec28f151b4d3ce63a2e6
t2t_L1000_6704	8376d299652a46747a7bb9f8158dd70b973145db59be4a35452d53ba4e5abafc
t2t_L1000_6705	b797375a8cc5d00a64385e1dc0e8905898d74d94ba1f52c6854166bf7c00e5db
t2t_L1000_6706	b826be4944ea7cab6d862151cb47641b354e80272eaff3505b816aebba2da3c6
t2t_L1000_6707	5d184d42a179e49460963f468ef6cdb07018eef8aa02898651bb9ae5683e3093
t2t_L1000_6708	708b515d5db8b40664ca46f431d48ff2ebd0db4ba093ff7a1bf55dd7ee8324ad
t2t_L1000_6709	7a58ec289f996a035c03dedf7c15a09a5229761c80d80a5962412c757e60eaf7
t2t_L1000_6710	88e3560c62e991e2c0040e7522716eb791562e9198ed7f1c608ea2e572469149
t2t_L1000_6711	dcfe0d541775c832c7d83cf923b23c0b997c473208494b5a99c9a8d1e950c11e
t2t_L1000_6712	4636110b26ce58c8bb4a2005f40190c5650494863a2a1a52b60eb1da1c578a5d
t2t_L1000_6713	614c960a0f987d5df61ec65b3f8eb1df8f0b97cbf260ebea4480f01eac3dd81f
t2t_L1000_6714	40ed81c551e3ef334d94396caae2e6e8fae32d7f12762ae557e8916d332d24df
t2t_L1000_6715	d00d666547c37064ac47717adbcf95b2be56d75c65335042063d4142378cf361
t2t_L1000_6716	edcde6e65fee6b41698c5a753b01f9af4a10dcad1d85c99ac38b9f96cef9794b
t2t_L1000_6717	9dc89af59db626b6115450e88a2127988480c94d1fef0104d03bcffbffd4de23
t2t_L1000_6718	42d74c62cb4a4b4b06f3c9091ed1a4f385707eb1c0bf914e11a0946f75e1cb56
t2t_L1000_6719	0223046c7967e25a804daa3e6da7906dec9724e631da98a10cd586b5040dfede
t2t_L1000_6720	64038cf91634d537095ebb7257f96cf76dac6ba87060550867740672ec493851
t2t_L1000_6721	0f11fa15b30702a1bec39e6642245270fb579ed4146e291d14bf53a8b006cb9f
t2t_L1000_6722	fb6920b8f509cd0e936f4975dedc7a569cf171937d16745ec3d62c41cc5c3229
t2t_L1000_6723	be26897e1dea56fc588494eb027d9a63c4844d860c88007888985748a913138a
t2t_L1000_6724	4d2747552c5622679a3758a989908ecaaed3ce4d79304ed93c01034587e4a8ce
t2t_L1000_6725	b9ad9199ac9cefc4480e9070bcd3cb18a5b1c7ab8106b8bbeb8e6a386bc728f9
t2t_L1000_6726	8bca5e6e01c2a377de2f2a6956bb48b4b365824452f8ee0ac24179fed37fcce5
t2t_L1000_6727	4d0ab616618b4e927c30085180769b49f1c6cae69d04f3f0de89b9fbe0781ecd
t2t_L1000_6728	6280378b6122fdbe7dba51e28106190394fc95c1d6aec84143917234cc252694
t2t_L1000_6729	41a639ec33630a0186473311587aa6130c987da5d56a5ec44f6dc67a2c8c0ebd
t2t_L1000_6730	f2e3b51165ebe9f97a8a02af9bf564bd27ce9efddbf16f282fa8269d2af9b497
t2t_L1000_6731	0ad416fef548545f1b504a8deaf99f46b6974d5d3e08ea338c8776574ba79d4b
t2t_L1000_6732	ae7a95bc5ee42b68b29396b2375f8790aa27d352b768c2a5dea6e5158dc4ddc7
t2t_L1000_6733	16049f42cc02cc1702931b816226bf2f4f1fc3d00d7c94135c395be8b417e2c2
t2t_L1000_6734	7e2c6a9a5264c03e7efe74a2358616cc7d72c3525d37186d5e9b9f449b906fb1
t2t_L1000_6735	9ba4b13328ffcd3e9180d5672abe2940e709633e6b418fb5d69c847d99e2abc1
t2t_L1000_6736	c0c342e5880cce6c0cfce982c6596b37826e61e1af74596ed057422f0f5f7d99
t2t_L1000_6737	22c757d8605a7c158d5414a62a4a9cd151464578a6413bc050f672bdde6a4814
t2t_L1000_6738	41d13f78ab37ef65d09ac5c2176cbdacde3465a965c62620398ecf393b2f5dc5
t2t_L1000_6739	60e768ed0de4494b18c03d25dc340e3899f691ac9041e59fadb7fa43acddac5d
t2t_L1000_6740	9f45587d7b781446b5592b5208fe242a307f3cad870700837874f6c5f908c731
t2t_L1000_6741	6a48cb0855c3438bf53208c6d87dab603397d0e6aceaae0ee10abfe7e6476ab0
t2t_L1000_6742	86264ffd5baa4f40794af517501e3896e7441d14354cf30a05f657ad136967dd
t2t_L1000_6743	124fbac7be9e63138987d7f1527ae8ac5de5745aeb1c80372ddad8d9f0426d8b
t2t_L1000_6744	5749bd3a2c27fc8c3f082ad77a1e3d67b4f5f3ad88b428616768422085d5551f
t2t_L1000_6745	fd534d3b37dfef225654be468740f71581392c20b9930a7f9d4a5333e9c85d12
t2t_L1000_6746	c1a7c34bc7f93ffb1d4fbd971b99f92ab8b32e86faae4eedce0b9349cfb80c05
t2t_L1000_6747	1f9a2d02a22769f9e031c8ddbb1d2f04fab020b64e8f5c37f951cb43cbb67cb7
t2t_L1000_6748	637559f7ed9a5031976ace1319c142e9c36713d9aa8961be45ec92696a42664a
t2t_L1000_6749	7ad7d102f632edee0b0426cf9fc3fafd57770eb51ec4550858485de6f5354148
t2t_L1000_6750	4d905816441236dc2783209846b9d55a17447daa60c8cb50d2d50a6428ddb32d
t2t_L1000_6751	53fdf52fb997eb3b332b2e4ea619a97acad01b610a771ac7342d1ff49373159d
t2t_L1000_6752	ff5177b7b2b92ae99e6edcb72f19a82346ec2ce62edb9723f6557ec10f1f1f93
t2t_L1000_6753	af7a8cc6d76c71c5bf9d1c1e615e8b1dd9deefc4ed6ebf61036e156c62414b23
t2t_L1000_6754	5b1f5904b1765f411e6f14cf2c621644164984371bbc44c1c5200672f21fb39b
t2t_L1000_6755	af27d120bd84d94e346f1374f0a24d0efe4f1cf8c2c8987c65c5b78d595eb476
t2t_L1000_6756	6f605d12473a85491b5ebe51c577bc5ed3f316afafdfc57349aaff935b85fec1
t2t_L1000_6757	968646165f42194fcbd1328f2b40bae1fa677539ab2232808c2f762942417f10
t2t_L1000_6758	d3feb011307a3dc32f91730ce15d8251f25dec1990a3f5e011bbb75a958daac8
t2t_L1000_6759	7a49afdd61d0e56ce381e93b447cdcdc541a7e6ed1f2b7667373fbb32cc4b399
t2t_L1000_6760	994cba39d060ce465c9745cbd61cd86f213547e859ccebe8e856244e49a8c6e3
t2t_L1000_6761	887008527c4f3f8749bcbe0b591e2138e159276993e5084d4912c7a40766ef49
t2t_L1000_6762	02d3643299a11c9e9d003755c78d56c579da6ac538ba88afc35ec889bb48fdd3
t2t_L1000_6763	0b3d554ffd6247881d1d214f3719b4b6d7d4693899cd172adffb40eaf15b2c10
t2t_L1000_6764	bc2aeaa8c5fca0ec0ea70dc756bec7aaf7f5015dcb04a1b37c168e71c199ce13
t2t_L1000_6765	e2952270a0ab22f81bf8061f2758f7b45be2f2c738da23fddab7e31878b75343
t2t_L1000_6766	81361acfde5e7164e91526f8305a2d8e48f66963b75d8cd3c6e2f936a388ad0b
t2t_L1000_6767	d503887f9223760d489a326e9fc9c04606407836f9080d766db7825c96d25527
t2t_L1000_6768	111933aca74c04033be704c254fa25dba3846f4e28aa4d1a299aaed8e6fd3893
t2t_L1000_6769	a47b77452a5ed0967304d8d93d07171e0f1c6dcb93453e51126e221ec1ba519e
t2t_L1000_6770	df2cba4bae068238a843836e1a7cfc9be4a2c84f8fd67999b30c054aad2e0423
t2t_L1000_6771	9ae42a2c6c3ebb7cef1d86f29cfc7ae234893bbecbe666d049a3fa41f9223b85
t2t_L1000_6772	9c0f93c88ac870ee38f49c270f225cc953b6fe44f936e075218924ddded5dc94
t2t_L1000_6773	2e5e4ace9c42cf6519afcd50580cd8e7ddbe2062789681cc4dedd3a55285799b
t2t_L1000_6774	c9839e612a32f23719cb2d9c0fb47052614bc3cff0e597266cad32370c2e1f4d
t2t_L1000_6775	a01a4d9740f97a0bbc17071d7f2ae55adf03562b816c2f0ec475cc37175c2a56
t2t_L1000_6776	c3b2e2dddaf57294ed78ecc988c76508321ff9605f5238bd982e89291f634cf6
t2t_L1000_6777	d8cd72e9d5f64700ee40f4dd7e7ef1511dbdfda0a5fdacf2f776d666c75510e6
t2t_L1000_6778	b4aede9499607aa9df89a52aaca2e44a6c3c386c36f69b47da99df350eeb1741
t2t_L1000_6779	a309b0206795c678851f0de5aae22eeaf8b167f77dff02de7d885413e765795c
t2t_L1000_6780	2c1da61a187097802f2a96e695437e3f26a05df0d007ac95097ac29ef7686390
t2t_L1000_6781	272f6f4129ffdc1df330a5c15003c81dbe47bf27c19676ec29087c87688fedf4
t2t_L1000_6782	13651437e7361be6b9b9b0856622164d3de699a709df2f61fb10e419310440d2
t2t_L1000_6783	86977f2858b9e0cd7af3ff8063c73c8db29fbba8ff6d2970e2a907913a17bf74
t2t_L1000_6784	e7be1c937bdbf0805e136f877e6beabfa538383ebc6b6ee228f3245d92cc4770
t2t_L1000_6785	5c5dfd9cab8636ddd5aadb83ec54da06a14a9f6c1d4ec2638ca0a89950798c95
t2t_L1000_6786	6efc5b6fc69a9808f52ec952841fa74ee986095803b53b03e9dedbed7938ae46
t2t_L1000_6787	a0031abe189842ed6d7f72db6d9aaf63cdee0ca02fb3e44827ebd530666531cc
t2t_L1000_6788	8783dd199a8e0c2ec4e0b08167b005e87a14c8908675be5df7534503c0ebf78e
t2t_L1000_6789	f415965762dbf2d6f3ebb0c8638f1f31231cae136d71fec44dd984e2947aed46
t2t_L1000_6790	c2be152adad4599d54a47b8201ffdad2b9e5ee51016c7095f6f15a80320b4e7b
t2t_L1000_6791	78b254c659fbac0f4e1c570848a29f983def64eafe67aeadc6e254aefc8a2759
t2t_L1000_6792	093a140d89b67ec1681c9da1f0da4f21b0533d8552dffbca5a2eba750a452697
t2t_L1000_6793	c7c6a3105a370b3c73608513147259433eac7415582d254b6234c67b07077b17
t2t_L1000_6794	c9fac3f8474a84e8c8776c04b8244a34d49ed8961d4d44f0c5c4f16d11d4dfbb
t2t_L1000_6795	fdfcf272929a2c06b4a098c5d97d595433965d684b85abf6c2d429b1513d65ca
t2t_L1000_6796	0e031b4dad9c1ba177cdb0c7ed6cb2fdf8ebdf4d03c762a3b72d08d1821188d8
t2t_L1000_6797	a4bc2e36c12cb3d2a215b08ca0abb28df0b4b45267bb78672ecae823bbedb581
t2t_L1000_6798	8a9bde148ac5b054c43d18c3f75e7640b8a38e57417127ac2352a2baf687ad64
t2t_L1000_6799	12f889473a1d44846e4cde6b613d05fb4ce664f96bde52db7738884eafdd0e55
t2t_L1000_6800	988fbe3970aeac9e7a575e812c1f9e97506c4ff50b3b789113931ecb615d843c
t2t_L1000_6801	0c1bbcc98d9cef0016c433e4273ffaa9e95a99ad9d384fa6aa4e76ffa141d031
t2t_L1000_6802	073938ee87aa1becd4003dacccd39d2476531af6c544d6a1d5060b41336f3d9c
t2t_L1000_6803	a7e0f9a704734d4a80b98a47ecbaff1658a5b4da52bd251895fa73a42c02834b
t2t_L1000_6804	6f8f196a99c19a2322dfd3fc2964739ac51e85e31031ca96d077fe32af1734c8
t2t_L1000_6805	a6361d2b2edc2784991e41868857c419b7c2b511885e137efd8526243f63f126
t2t_L1000_6806	034f0cc6758e9b7b641b25f6e683de651d74bcb5f1a992b62f15ce34fa3a19bd
t2t_L1000_6807	9019b5a7b958ef13954500a287afed6ae4f4910946fbbea18b94a51910945e81
t2t_L1000_6808	9dc63d8ba9a82fdde5c801ba3a10815ba0a32b50d06b18e463a3bb4ee47cb9d1
t2t_L1000_6809	387d4952bf24a13b1f3861b560158720d8f42d24306995cbf7b09bc9e2c6b28b
t2t_L1000_6810	4c840b432564bca6d67a10327d5be67ad8d01f2f4ad3cd29d509822b65a578f5
t2t_L1000_6811	0b9599d3015d46d90cacb748ebf3c3cb1ba14f348eee14f8d49700fca3240ab4
t2t_L1000_6812	59dff9dd9672553219d83027cd98192a3136361b50bce1f93fd81c3165f7e56a
t2t_L1000_6813	95996916caad216b53860e01b5e67f2c863fdf23d3acd2f37038bd608a8c5bea
t2t_L1000_6814	b1884f1f56952eaa240d0551d0bdf552e2599b7edc8e6db71da4f262bf85cf7c
t2t_L1000_6815	38f78841d25df3df5a5c5d2c7b973fbc9a47a9a4801f5403871ce927b51a4fa0
t2t_L1000_6816	d0fae74dd379a8ae8dddc58882a21b27aaca680b40581180b693f8bb732d1629
t2t_L1000_6817	9a90cd936a3248db5c6e3293488390e64d0e5aa516d76c34fd723eb634505740
t2t_L1000_6818	0d617b2766acf86fa6b94a00bad11f129faf231b6989663ecc7aeaf6d2f9ef7e
t2t_L1000_6819	dca228a1c3f1a4ae11ffcfea2229cc0bfd85e327a79a04720a3c94090affa759
t2t_L1000_6820	d6a49c0388edf2e7f02596c95d13f9b582a96416105cf5c15afe760ba52f6f81
t2t_L1000_6821	7f7e06fa3d8ecd49bcfe203d5717d3b793546af46ef92d985c023a5ef1c77571
t2t_L1000_6822	36535609fe72a5b968c85cfaeacec9e4b1cd44350ea6b3c8632a08d3f324e15c
t2t_L1000_6823	78ef06e41544168d3eb8a45c471449231efd2fa960b8c1928531627d1fd36c0a
t2t_L1000_6824	2a8fb5ae690b2b60d115c4becf4cea425bb5c3448249a23952ed9907b9be5a5b
t2t_L1000_6825	1bd1f5d4bb3e8c053cd26886673169e2285ce191435cd539c7828e7cd2a55f20
t2t_L1000_6826	ebbce8a56c19e6681fd8eda94b3f6a4c5694a06a1f5c1e4585a39264c719b512
t2t_L1000_6827	e677858c4ff38c7ef27ab2c3469fbab1db3bde0e08ba5521739d04b87c2316ea
t2t_L1000_6828	3c498fee24850a6f3c2a43efc8cf213bc2e6d39b89adf1e0cb03ef501e88747d
t2t_L1000_6829	047d999934184b1f26f6505fb0d7e72c69fbc70f7b931e0225e653ab91ff68d7
t2t_L1000_6830	41a418f2860f4ce599660ef81b41d26d72b0708a48d70db65c45d72323469482
t2t_L1000_6831	35c417c06212056d6740292ffac9f57d8e9344ba2f66d366d4be6dacd9293d30
t2t_L1000_6832	733b7220490ded924cbe3cc66b5a77533a333b0e9a9506ad70b056a38e2cc1c6
t2t_L1000_6833	55588b78d65ad8c7b25ff79489a71f4f5d94997d4f9addc52442864a8dd3d63f
t2t_L1000_6834	55a13c9d45686cf0bd272bdbe9c06fde5f058b8774ed53cfbd32efa99e1883fb
t2t_L1000_6835	667c2083d682ae1a3b9cff46ea3a454c5b35dd19aedfd77f3539a50fbe5914e2
t2t_L1000_6836	d97e00ff93cb29f92040a4a5a0c84c7b2e040a8f9a0644a4a03b6d1f30699ee9
t2t_L1000_6837	ab5d0e7b0a7efccfa5e941855451a32da40aaac33ccb069b61beec848d3c8196
t2t_L1000_6838	0dba1ebe3d5b4d1f52e2e61bc37a6844478cd215c6901ccf877606b9afec67bb
t2t_L1000_6839	eff31dcd1abdafdf00fea788f4c9154c6b8509e04155cd7fb4cb71b1358d8351
t2t_L1000_6840	f4f6d0f815f5bea3b72e413cff072731f0f0cd199e118cc6ff89d6adc2cc9e8e
t2t_L1000_6841	6ff31083189bb8a5aa3b98937f7470a679632777c5eacf9aefb4841fa33498b3
t2t_L1000_6842	c5b7fdf298acc94934186a376759138ac2c32e84c3b629c429d4e84cfa405911
t2t_L1000_6843	ac838f67486d9068f14539b1291bb0fc8aba8d17252603312e64c5a250bd7469
t2t_L1000_6844	cb0b31e3d2e1a2160c095dc4c430d44689b790f8f33416aa5b44f72e1adbf778
t2t_L1000_6845	9c1da5086e6c6a869469017c6f702cc917c5e36cce13a94b134bb92bdd60aefd
t2t_L1000_6846	63b77fac5fdb6e91626acc12238fb1baa21c1869b6dc2e25b76f97ab7f80612f
t2t_L1000_6847	a1fa1466b3da63cac9307340d64fd888118d7b396105cf0afca4502d66a80b26
t2t_L1000_6848	d8ffb67dc02af808bacaf7b37cf20cc19078c79bf920d476e8a247929c3cc249
t2t_L1000_6849	ae56e49ce35fb1b606e868821f4b9b1bb5c8060200da0292255730c00f8a7d9f
t2t_L1000_6850	9c06211460f314b2c1c562ee0e6d089d999f493716498b004d49542350b233c7
t2t_L1000_6851	4d165c48af5263e6939dfb9e3a29981c64aac08c481a70830f8c6642243ce700
t2t_L1000_6852	fc34672ee820778924306b32f4e466ff5568ba4c290acaf70b82fb7ec4772e13
t2t_L1000_6853	ec74a878804e074f6d01cbd7350dc3600a7b3377c148cfaa5135b21f81665300
t2t_L1000_6854	f631a735174d4b12ec5235f86db77c47e369d4786904d8d62699eae29f6cd065
t2t_L1000_6855	0a6b16c80110effe91eda09936995b25210e6210509f43e4e7b41bce1af2f4e6
t2t_L1000_6856	9a626e881c9dcbdb8d059a22752d41fe213a95344f52830315f4226f362c8064
t2t_L1000_6857	2938abcfdbbe55afa1c8470a0fbe0b470840646989656dd2cfee698f3734211d
t2t_L1000_6858	9546bd23745812318316340c48cfe6db5f68fcb39b7f80db48d5a8a63e605e94
t2t_L1000_6859	66dc9708de0ec38bd7527bd62f4bd9dfbe56156e149eee3dbab4e4c0b23b2ec4
t2t_L1000_6860	32056d50b8f34df0bbda1ce072f4e90986c14360c453ad8df22ec2191e3bb7ea
t2t_L1000_6861	5a346a472496a757425546d55a3f31e56106045d7b2dd0a3d9d26e04dc47bfce
t2t_L1000_6862	78df8c38bf56f684b921fecdbf3eee65b446c6f46d9a223532509ce36d81f75e
t2t_L1000_6863	f5544a2e80bfda4132f50446d717ca8ac3c1fa841c37c05d7dc488fcd2c4091f
t2t_L1000_6864	7cd023ec7f06a702a8892701dffde61b9b350ceb8ee7ecf430cd8659f8fb7e9f
t2t_L1000_6865	0e2123ac46e7de4ca6507a2472e21bb9cc755f47e0cb3d6ea527686c9b80340f
t2t_L1000_6866	1ce1677b8e402dd86a0a25acdaae51134c5c53e6d7ee4b884e99d28bac49df48
t2t_L1000_6867	bab2e2ccf1ba64589960b44e9c917310f62f6c5345d9036a947d8a69e042d591
t2t_L1000_6868	ef8318d49c62417bb11b4229a4f2c011c4812998cf84da1d25f08262233e45ae
t2t_L1000_6869	058593bfabbcbe358ab6cfdeec95c652de0d65c5188f2dc5a196c4532f217211
t2t_L1000_6870	984cbb1621684346bb04b50be5e5c3d38ad2e4c05ed72a3fdb855c9f0aac0a9d
t2t_L1000_6871	a0334374625831f3a3a5f0ecee9fcd5e594617365dead1d97a2048967bc82eb3
t2t_L1000_6872	d572cf87eed45e6d42d992ea350eba27529c9107d5e7630b2b1f4418f28a0cfa
t2t_L1000_6873	32e766c187a7ab6288afcbcde711c424bde21be80ad89ba1ddd8c4f99368482f
t2t_L1000_6874	5554dc19a56d3cc5804e40ac0d1bb14bc8fca8989288bafeefd8577a9ad7fa6b
t2t_L1000_6875	10848957115fa3a6c0033c1634c9bb5c499eaa153f286a2897c3809b298e85ad
t2t_L1000_6876	c82b5d14b37b55ba67f95683016aeb5e72d186dfbee344d596a663b36ba03903
t2t_L1000_6877	173b9c65dad76ea80bce3154a42de2f1ff4471ece1e2275bb6c0500e4b077c80
t2t_L1000_6878	bf53d429985c3a9423c9be0ea23202a422592ab91e5ef3c981f381c84c6cb282
t2t_L1000_6879	6ce207776e1f1ade49717990514ea142c64b99068834175862c7e3ec9bd1f376
t2t_L1000_6880	390f2b6d02cf8e76a9e40c48971cec5ebc93300337d5b0a88957efbf693ed876
t2t_L1000_6881	88ad5d8f71c125332fdf8d47cdf54ab86989408e7dff1952aeffbce84e9622ac
t2t_L1000_6882	482688bab1f7656b089fcc7e8a8a01dfb908f54a1e9677d3a5884ac0baa91a6f
t2t_L1000_6883	63018bf8e205f5b17a72b81b6057ead3fa95b6bb7b015b3abc9633f1b74ce8d4
t2t_L1000_6884	7ecd4deb09012943104842dd9eed96e51159bf180facab9afecd76caf27ccff2
t2t_L1000_6885	ddd4d9010e8d66f8b539b7589eeb0125eba015fdefe77612b791a4c1487bd5f3
t2t_L1000_6886	4826635a1ce778d410b39e7c767918552076f845b846ea030c5dc722f9c827b2
t2t_L1000_6887	5087cb34b48d062f34935d4a7c9f098305b247122be362bf61bf4d23df3fb2bb
t2t_L1000_6888	2499e908ab22e269315a40e31b7829ab7c93c36460e0bbc9aafc9c0cf5549bf5
t2t_L1000_6889	912647f77bce5f3f30458749c3c70f1e3ac77b3686ae986f8f21cd78d59c3e3b
t2t_L1000_6890	a7223c59e665eaa8ea453ce5680d5e6f1571b36a34423d3c1dc6a2fae1f8dd21
t2t_L1000_6891	deb2610fa9513ab7eeab396b0ff0aca33b14ed3e823b110c2541703ef1919437
t2t_L1000_6892	8bd6cbdbbc3bb099c4d6252bd180f6968384b182aacc81366f984b742b9fb123
t2t_L1000_6893	37cfc9ca966209f4107fc0da3b88f1a75cf4cc068ad31a05d3250ed3ee172959
t2t_L1000_6894	04501d231ee33f3b6efc466bf416015606662b98ee877fdffdc2f0ad2e19eb07
t2t_L1000_6895	b8499060c10f08b79349df2da88cb3168318f2488d9b153bb2a767a2facb9a45
t2t_L1000_6896	1852beb161d633de6f47ea5b74f19c07e19d46ff182f316ae74e15fef8d0375a
t2t_L1000_6897	9b2a750c47b7a34d668140380685fdf0f22219c2dfd4a8537b91fbe12197d0ee
t2t_L1000_6898	5bf511091df084f77548435ddb350db6644a49f378aa1f962cf6df1f5e2d55e5
t2t_L1000_6899	f97ce353c01e55595059fee5e73936bd3febe82910ff2d03012c420b9625f3a2
t2t_L1000_6900	a49a35e95e10ef04d6423cf162c9649619f4078d190f1804cf124b1b2bf4243a
t2t_L1000_6901	59aac792d286972c2e8015fba0aee3dbbb69b69f9cef71553414b74c6825836e
t2t_L1000_6902	216aab8fa558e5d8b3191e1e681b71eadf49f9e3054cf85033b7db4e25142ac6
t2t_L1000_6903	b8f18a7e4b3714466994c3ccc46038414716eb51e27e27615ace25f0c106d6bd
t2t_L1000_6904	f95fed1ee3a97225aba161a75066cdc28ada38a3ece0059837f155a9b6cc4a72
t2t_L1000_6905	1c2ac5e36418099382b90c5bf783fcef3bd6abd223d8f16aad0f3bc71d0330c1
t2t_L1000_6906	04609ed3d0cfeb43cfeacb7d6b93c52346eda4354e1ca2d6a6f1bb251c7d05bf
t2t_L1000_6907	54f702e013bf76566061ce97b933e0f45fcfba09a4202ccf1567a6cc24346710
t2t_L1000_6908	353f19ff9de6ba09d42af9fc6890190ef661d3d18eadbbe9835cf59026c5d78e
t2t_L1000_6909	e70d0fd36c6139d8d7d03cb8d82740a1b9b6b2d84b1eca7f3270f368571f20ba
t2t_L1000_6910	337a09d74e9e87390a2a27d9f695b9bb2a846e1c44fc383112c4f51ce1806191
t2t_L1000_6911	f066ce176a39a77d5a8c06e019759c5b55a222053f5deabfff7569aece74d86f
t2t_L1000_6912	ffd8c8dde1e1337056582a56ba52036ea32fae6b4de6a057e52fa19be19b6845
t2t_L1000_6913	9ce83573372a22e22b618a304151243e0ebc1722b0a4d52ba486c4a4ddd016de
t2t_L1000_6914	fbd1a806520f95b70010409c88e9a126b9beb622ca7944bd8fa052cd68c0c643
t2t_L1000_6915	211c0cb44d90065a4472275cfda14a68971cb7c58b645745cd7f8f7c63207e79
t2t_L1000_6916	6c0fe06a7bd205167c9c4d4f4253e5067f68f8f7434062dfcc9f5db080879fc5
t2t_L1000_6917	8051a76852cb753e279570f8b08e9ff61ec4837769905c9aabfd209b926baaa0
t2t_L1000_6918	cf8177da8621db86a1b882a733612e8711b65951a72820e89ca4fadad133a51e
t2t_L1000_6919	7499c1af17fb48dd051a6648f438deab765eca642bf07bd33a2dc74d6cc93cf2
t2t_L1000_6920	e410527229716dfe199e3797adbca5e04dfd5162ac84e30c7e9bf86c79192897
t2t_L1000_6921	b8e1d30eff83ec90569a8588dd067a6a761e91452a91251a746889cd46802738
t2t_L1000_6922	224bf52a72f78e204052050daae818e8076a7f871e3bb59d73fb63dbd37a053e
t2t_L1000_6923	471071f03c0a0c88785ac70f408883a474a76a77e30e67a97711d5ba8118cb03
t2t_L1000_6924	38df995e1edbecc4f3bda162b3cbf47d8e599871c43b772d4bd16aa3d2fcc840
t2t_L1000_6925	bd942039d140816de4b4abca3ffbe4b71ec878c35bc9907aadc55b6575d76b24
t2t_L1000_6926	c52d6e116a5e6dc315df55b1f0b31e0cc6481d4f8dfa10910d8338a0117b3b99
t2t_L1000_6927	54a77a98ae8c24bc782e35d9b89494c45dff918adb3697e5ee3a9980d9180a31
t2t_L1000_6928	5371e308dcfeac6406ecce9b041e2460ceacc8eafb6ca6f72e5cdaeb2cf9aa31
t2t_L1000_6929	c332787c62f3bf6f955da14bcdd549148163c396dd73ca549945abe11fc11469
t2t_L1000_6930	83fb29eb408823c3461ee4eddce7a06d4664dbb6faf0785a46b55f3f2fd2edf1
t2t_L1000_6931	7825635f11c538db007121cfd8fb61d5a9d50c82679e86af49592cce27e5b56f
t2t_L1000_6932	f9a26bc3cce7e98bd341896dc5fd60b6d0448e772996294ceab21947fa6cfcd0
t2t_L1000_6933	27b504352af9fe62c3639eddb6711b6cbd73c70576ae75a131a16788fbc27864
t2t_L1000_6934	0221851848eee4ec29846283be26c634d30d90620572bdc46eb0cc6de8043b76
t2t_L1000_6935	6041d4ceb3378bb25e803ca5fbaa682ea74facd82eb065c19791a3a05ab3650a
t2t_L1000_6936	a9fee184aa503443053d3bad3607ff60e939414c7a8457af86e8ff5412f96222
t2t_L1000_6937	9b756c19a8df783b47386237bcd072167020a3ad43ea8dcff8929ccaf023c39b
t2t_L1000_6938	ead9712b38b661eb56c7aa797258566ebddc99ab90ca8fdc17237988796dba93
t2t_L1000_6939	cd2ace31bbe4107e7236303f19593b8f658a1e84344dea829152b8c22db95464
t2t_L1000_6940	17e2630f930271eb62deda8e0758e58d993f13ce42ddbb1a698f5f39a961b6da
t2t_L1000_6941	32cbccf8a9c59b04891997f4ff493966bc6bc033c23f0a5f12231257539130e7
t2t_L1000_6942	8c78b7d0726527880e73011bb1adf209d8fefaba06c30bbf0518e139e51d7493
t2t_L1000_6943	9e760f7d01989e12767cdd088feba55f8163cb39ab4afa976cc94b299338d810
t2t_L1000_6944	6beb3603298f2a67de9bf3a24776b191994b7501ac74c0e5d363aa7a774f32a6
t2t_L1000_6945	07c1609c49ad6d006b8d483f549a1ce64b76fc8e92c8e4642242afc47b7011b4
t2t_L1000_6946	b5e6affc2f4eb740c6338576d0f0a8bd152b666f201384b8505597bd10dec383
t2t_L1000_6947	1696e72b950ef0fc3c7d2856c687c660838f08d0a80b82465e9dc5fcba66c10e
t2t_L1000_6948	e5613966007c47274f8440c5be7586e29876cc431e872846d78aacc823cf39f7
t2t_L1000_6949	906621ea973c29b367a55d7349de4eae22644ebae3ef35e3d180aff1920b6b9e
t2t_L1000_6950	15f29794b0b8564316ea07604704ede572a00ac1c17e3d48b497ab402b63813d
t2t_L1000_6951	783821744862c30bf8bca7876acb6531b96cde7f6b6379c97eb454433472e527
t2t_L1000_6952	c8368f78258e0b1588dfb9b030d672fccfa770c0f82d1a175063887463fc3d65
t2t_L1000_6953	47890c8a7c17e62eb17dae1b01ccee94d678e3db692633889bab8ed5b27744ce
t2t_L1000_6954	2abbc9b57b677b3caf490687f91be18b8b759584e521cbb4015d0b46d427c8e2
t2t_L1000_6955	21015e3ee4480ffac058b47c9f5b1582eb8cbe2e4ac759373876e51f1ea4620c
t2t_L1000_6956	8ca2a5d7a94c6c2e1789a2bb2155868c9b20f96bc2c3568dcb6f62ace97f4281
t2t_L1000_6957	ce8656a9fde79c95527ae95a24f1176a161f2116ac967de0217cdf1e22c95613
t2t_L1000_6958	6e5694b2a29f89eb9886e37dfcbf0d27e7a6a887a4d7d2582ebc85bcc0358850
t2t_L1000_6959	d11ab26f86285d46af4ffb2ce79eec3734b067dc5d473fd4d0182d66e5322f9e
t2t_L1000_6960	b065ed3acc63b9a7acfa8c2628f38831dcbf037b7d7fa49f9affc9b9d01a9a67
t2t_L1000_6961	dfdac3dd71d9cd2587140fb70ac09ab0c0388e6a1172f7abdbe01a534d4db3a8
t2t_L1000_6962	2e1853e63ef6134ede5c249c4b0b5400b9d6f39c1f1960a5ba512ad3719ec9bd
t2t_L1000_6963	06344f5c67f6c59b95abd6b73a19c8d76ef93d0d60c4e25ef2d6326187a03b49
t2t_L1000_6964	f82b649177f2125bb7552be58d901a6d1a3c44a64a0278e798a38dd8bdb49e86
t2t_L1000_6965	224fb3ea42da27bfe4ba28d78570e95cb60fa1e721cd89365d40024440152c77
t2t_L1000_6966	5161a280b58bdf771509d25ff503bd3606b57d123818da2ca50d04dd3d69a602
t2t_L1000_6967	2b3bf4c69ec57204be0d9fc46019ad8312df02822491e356a35acdc98bff4ee0
t2t_L1000_6968	9588dbbf3d748f4873a6ca3184eb7538c1230a10b80744ca5b09f67653f0aa28
t2t_L1000_6969	40c299942f5cccf757741e606cf790366d95fdfd43ea0abf6d904b0733794c94
t2t_L1000_6970	f37485fe63772d2138bfb1ec3b66dd5a354a36ae7ba7a678fa16c4a619c29923
t2t_L1000_6971	c1a002b5d7fff57ddea37195a208431eb78047f872b1f21a645ad3a51089f556
t2t_L1000_6972	9d64ccfa51b2172aaceb043b140a47ee6d5283566d302e60b5c223ded482585d
t2t_L1000_6973	94fc6e537850ecaacf2e047e3443ba8525e1de29db8a05b994b4db1107c398ef
t2t_L1000_6974	7e3207e4057ad4c95e8cddda4525997e4a9cf2fa665b204bfafbb07c327561ab
t2t_L1000_6975	36d1bdecbfa19ddffc3548ade1c4e3e330c89db1c2d88150529f26b808ef18dc
t2t_L1000_6976	381a89cdfa565768b53a3df1f245f6a1e1203a832d38c50c9981f69775054427
t2t_L1000_6977	3adb90c2080fb6e15218cb242802adb5d7769d6acb5ad1aa9114df5caf3bf70c
t2t_L1000_6978	b691ffd8f0b2c53c27748699e5fa1e20fe27c078807776fed172838672644e50
t2t_L1000_6979	bb78645e34bc03b55e1c8d2f39a86373d77a401432fb4b3b5d60b7e774cd11ae
t2t_L1000_6980	78c2739d949fbc8f931f9aeeb89648d345b0b3837572db403cb0decbd75c575b
t2t_L1000_6981	f65a9ba4756aee3bd8f0e52271873fd3311e4a8373d750e71065a6cafeae0d47
t2t_L1000_6982	795cd57ac0487d2066a21c2de5a5994cb226f3874bf8fd305db50b89e0083a5d
t2t_L1000_6983	74c73f771b29691865be6a979296eb454ab796b3c3f1190cbf13730cdeaacb41
t2t_L1000_6984	71719f9130a4764435a9d9db05bb5a384b4631317f1e34f10653f8e184a70cee
t2t_L1000_6985	c2c7d388982c55efe2669b5c64be29c2fce638bda88236bb8401bdd5d4cf25d9
t2t_L1000_6986	8c1c98b1dfba5aea731e2649a04cd74f3c490ea5ba3b2e26fb36944dfdcf2459
t2t_L1000_6987	344c60236b84ca1a1cf718609a160ac3f00e3944cfe123d057590fb90256e874
t2t_L1000_6988	9122fa87986ba161d217d80bbc39ffd42a4e40a298ad564bbd9898ab35ab05e1
t2t_L1000_6989	1ae2a5f7f38330407fc3f737fff2d14266067da1742e03560521c516311e41c6
t2t_L1000_6990	eb41ed54e6f1303f5ccb68d560c8fbb8a0aafab69cbd151ace1554a154937cf3
t2t_L1000_6991	75f9e77e52b06ef2ad539f772032a40f7b38a76b977e7821459fc98f0ff7a1f4
t2t_L1000_6992	dd4bc07f8f1800f00047f868d413936f9452f2d018d3709f957f25ef617e14b6
t2t_L1000_6993	7e2e5bc6032dfdc643de9794177eaf26a01aace5df378458118d72c014528435
t2t_L1000_6994	b49e17902220054515e7f2653d3913b2fdf96e0255a25de2f27940c2c596aaa7
t2t_L1000_6995	8a56dca415a4f1cfd6c92d80cac8194c2668ce8b06c609a2ab833be7b8d4f05c
t2t_L1000_6996	9981ca6ac862c638133d948b12c087d287e9974616bab1b197907229765567f6
t2t_L1000_6997	386f6691e5e0d99590bbb48b4d0f511ffbae2b4bc492b04ef0f69855f198cf7a
t2t_L1000_6998	92794ac8824c954ad33e7893e657c2466b953851bf5881dbc1254df7b360cc81
t2t_L1000_6999	7c83ebd238c88562d5831b99b3f2f4f1e3c81b7d8c444fd6b45de4267d93d65a
t2t_L1000_7000	f19d0298519c2667757e0077cd5128f8c1eaa311c58e589e11ac57d02da2a886
t2t_L1000_7001	1f2f5b1336de9ef6f202eb7c0ec62968e09682b903c77866e27163667b6b91bf
t2t_L1000_7002	897065f339dcc2b3f5036bf7f3edbd2ad70eca993f3e0d117586a46c7615598b
t2t_L1000_7003	43a6617d77b5599b1f8e327bc1b030c12be68918e0554ff0c4cd09cc52c6b30a
t2t_L1000_7004	8b633fe5890f0609421f9002b3d9feeb6efe10f8d397050cd8e11882122bb3ba
t2t_L1000_7005	f97cfce7e52f15142c0bfaa702c4ff70c88dc661a9271784d27279ab221d61b2
t2t_L1000_7006	7da7aedba95ea59dcdb5c097349b505f508967335a13910e5b2802d917c0e76d
t2t_L1000_7007	217c667f9e338f170df2243403397d91c0819fe9c4bfd89a3e603144efcf7e58
t2t_L1000_7008	f759d85a21dd81833853df254f24c6440cb5bcf724c82c2f27a8c68de1f4cdff
t2t_L1000_7009	8f1a759e1c2ef9fe838081fbf5d9eb84af01d4ce99f5c34c50cb9f7037d7ee7f
t2t_L1000_7010	03657b6283449e20ab67f79256beb51a40078c47294a513c82cd868f5c73d48e
t2t_L1000_7011	5b998caccb352387b84a2381260e574f57aecfe337eef2e925aa0c6c3317c5bd
t2t_L1000_7012	5a904d1241c1a6b99e86f947062fbeaaba8402db7c19a4167d1c5bb01325c7ba
t2t_L1000_7013	f09ebc9dcb0eacfa50b84b6322e2b19567dac2efd067970e308f651a79175bef
t2t_L1000_7014	b872751ff3566bba08dadf1fd6a5898045770401872ef46ca5c7ea14dd980538
t2t_L1000_7015	ff56f8c8b513c435eaf4aae34b9c5dae46bb0ad9ac9963117dc7cbd280da5b17
t2t_L1000_7016	246ee28657fe36d16ce43c6e13403667617a66c608393f64b8a6f0e461105031
t2t_L1000_7017	5e9088f6f4cae18a503334da4ab3964aaf277dad0a7445956396668b0f30cd7a
t2t_L1000_7018	bb2fb8dc61a00076af26d6e50d968869b303eefa1bf4858c1317957d2886452c
t2t_L1000_7019	f1829660d4b6a2f601f0c671cf1a7fd4d4bc0207265611c03a10abca7bed8669
t2t_L1000_7020	7b8561b4f96fe0cdd3d2f16bc405ae82fc9145ebd126f1e2a858a9b30c12fc7f
t2t_L1000_7021	674deb8024af8484b8ba03f83d1dae21e0ef81e9eb6d8f998e6cc235c8ccff98
t2t_L1000_7022	bc38355db5ea5aebeb49ba3568716030e7089ff00030febfa918c53e6a0e385a
t2t_L1000_7023	686693a4ec800b36e0e2d64f07dd4a0138d0464a1da6855aed362a6a0b89334d
t2t_L1000_7024	a4602fb79efde20a2604348ec3cb1d796e5578c0d7fefe68d751be4bd1a698b1
t2t_L1000_7025	554aa765c2ac632a0c22c2839ec663479565f48893ecc35e8ac74e67145c9e1a
t2t_L1000_7026	e2641fd4d1696994d510c0f8cce51f0e5df12a0317e4df1374bfbf2aa10b67db
t2t_L1000_7027	533013ff52cd6b04ccc86d2f0f584b928847875a90251a4b52ee437d8f617104
t2t_L1000_7028	dbfa2dab0b5a62fa1abf38f7c1065900e57e86423ab925e415d86ff935c9e493
t2t_L1000_7029	7db4ea7f6215c1bf40dabfd22775657210e36b96413dc2247597dabbfe0995d8
t2t_L1000_7030	877b4d609e8f96f46e51c6abbb9b438a35f7a76e08a35d85ef0a5c8189353b5d
t2t_L1000_7031	c18f1cda091e8357e15884c4a0d32500797b514a91a41ef3d7f220272a66de8b
t2t_L1000_7032	4e657fea886b9486b39c744081b153c5479f9379722f17b3702e7f582f408d7c
t2t_L1000_7033	c6d0ffce4b8d459323f397888abd08724e43897ae25ab5a58a024f2d08cc0ee9
t2t_L1000_7034	b713688b466aa682da252098a336cddd121fea622f38897eb5936dd98e34eaa2
t2t_L1000_7035	d435299ff5c4fbee0c6774af621801ef94502a9b56a15fbfdb6c2c97db0bd612
t2t_L1000_7036	2b0bcd83b3e10d91839b515ca1bd883b8320a410f8a7b8046a8a8f246b028dbd
t2t_L1000_7037	ddf920afdb96d121d6b46eab17f627d0fd61dfa67b9c4f7757ee7b693e51e6e6
t2t_L1000_7038	8ec8f3cdd5e9d72665feb335dbaa5a3a9974d427fd9c9429ca551890fe2fdcd7
t2t_L1000_7039	9c5e37888319a0e230a4e8ab1d77657eb0ef5a13220198b56f7951c17d76369c
t2t_L1000_7040	da10bfb55ab6ff4d3de69492ef75eb100314c616b3cfe7fa237281da4e0ea4e6
t2t_L1000_7041	c3108af8f3adcd549b69140c5959739d3159840a627df277b2ce4b9479ecd948
t2t_L1000_7042	499c7e21cac327c10ef06bbc85ba96f1f81ac4435b04da43c236049d88b126c1
t2t_L1000_7043	8dfe1e921758cff588276cb8462d26e7688671f9e3915a6c82fef6a6cd05746e
t2t_L1000_7044	033fd03f6f452c219957e1f838557fddf915975dfc0bccd7e6f93442e078f75b
t2t_L1000_7045	7de1915044f1838c1c8731732119e0448bd677049c1803b1f04144c8c15f80e7
t2t_L1000_7046	e1964f57d3d987ad7d6e5642537e14c989b8b1ef3219f521d9660b2f95a3eed9
t2t_L1000_7047	3bfaec4d550a2e853fbd68a6b6a59cdaeeebee7d58923481494021bf381da28f
t2t_L1000_7048	31d8665f0fb0a5947664b625d4929eec5ba507075a709cacedb48ed14fb383f2
t2t_L1000_7049	c5d57bf0f52283e8a7c3956734c0f18fcf86ace098aaebe590d6a94e2fcd9bc4
t2t_L1000_7050	47b25a52bd4deb3f20bd0f0500441694b53d2e433709c726d6cae2405518f732
t2t_L1000_7051	1dcf9d0dec179ce9eb68954ee6bc6095b9049cdb7c7fe2ba2a8068a8593ba97a
t2t_L1000_7052	88329f77570112a148fc05a541629034c3da83b9c724f10308a9a5bfde84daa4
t2t_L1000_7053	5c3e32bf9cf52911383c68e6833dc17f68a2cf5b36e00cb91fbb758400958302
t2t_L1000_7054	98c9fe8d5b7122ae21b6068eede79fa11ff15b23193ffe56b6a2fd326a703c8d
t2t_L1000_7055	43eee0b66a9d78e7519d3a8ac3ab5eed78332334f3ad7612eaae71a508171a7e
t2t_L1000_7056	2a5199df036f42c313a22d25178b1e9f205fa6c5fefeeddc4da718e7efd0ae1e
t2t_L1000_7057	a60ddf2b6cb76d3cc9899180a806bd9c21e957b21ac573cf30c254a8c386388a
t2t_L1000_7058	cb842d7bcf13adde06af700274ed729eca702277e91da198e94caa47de9c87b0
t2t_L1000_7059	2a7e81003d781db720e983e0347a3d8c90ffd3e1b94939e3025e538158d1e696
t2t_L1000_7060	5572ce741023ebe32d4f7b29cafe611733c4f9c92f56404fd9e525c458e276d5
t2t_L1000_7061	32c545b364280f1b94ab9d2b054bfc0f055755fbe452a869878c3e25f118a887
t2t_L1000_7062	4276516bc2b088b27af2e5e08e4e1b6f2e33608f6e17dac48e8da5d721a6fc0b
t2t_L1000_7063	a864f3a15a44762f9cdba2c4493b76638fb9a438988f1096667beabe788640cd
t2t_L1000_7064	cdfaa4769e5c7e666f1afc6c81c42c9a0368ecc5689e96d42c9f72b53242aa26
t2t_L1000_7065	7c8b1e712beaaaa93d4311fff2ec6107ec5a6f9d69f95f5ebfe535204b23a5b2
t2t_L1000_7066	417402afdb4ee68c21e1e8a92fe6b1e1a674e804aa5aa48fc414d3f451430f1e
t2t_L1000_7067	c99d99810839446e7b904b341ee5b83a809e8d022d1719e49b545d10b1b14509
t2t_L1000_7068	1da3da048db0f6797b902ccffe2099ff2d0ca15b9800e378062db2f46ec5557a
t2t_L1000_7069	1491c920d2271a3511325294685da8dcc4093c7f7799121fda9d79479605b41a
t2t_L1000_7070	2da259fdb044abf43f60d8ac27d9cf2477c098a4df12b55b2ccbbf96d0547753
t2t_L1000_7071	7d8a1370a2c7d09d8069b8b22c3bf6fc943cc0e3ca81d84f4e41c2922792a564
t2t_L1000_7072	6c40ff5d74691d7d39745dc08186a99bbb956919025340c1efadee31bd63cf2f
t2t_L1000_7073	245425193299ef832380369e64795f68258b24dcc571e7431253e1857c7faf10
t2t_L1000_7074	1411f43d1aca153d3202efcb2fbe661f6289e6aee617bc1167f79cbe3c8075c8
t2t_L1000_7075	d9066750d41869d5e882df027de44b9c82274c6f7530c21dc1facbee37f81563
t2t_L1000_7076	8c8504b266ca2740a4e5e883c627a07ea621c3003a8689177bb71be250143932
t2t_L1000_7077	4ca03ca56a7b84f535ffa43c3772bff8ab1600007f07dc913051c5ba67a08d5a
t2t_L1000_7078	1c3e23bae7dba1cee410f1bcf214cf28121aa0bd82e0ecc8d19e1c2e8d216596
t2t_L1000_7079	b06ab4d84d905c7f173a7ba41f308a2257efe691f659ef58fc974d24be794bd9
t2t_L1000_7080	21ee25f11eb62abc68022b35a8220d9152f7a4941652030d84bbb5dbf32a28ca
t2t_L1000_7081	57b88b6c592537fc0aae30a6807de0a1248a3b03112425d6da8125db09eb7d87
t2t_L1000_7082	d5b7ede7663506c10a177779692a87bac8ea9f2b30b45c23722894d55c3a6e88
t2t_L1000_7083	2b42ebe4e26d301b329605c3b6a84e53b50042b8dc8df66a36cafc8c03a3f7f3
t2t_L1000_7084	d3da6d6c51b598d44ba3a06883e91590758551c7104d32b311144397e6d46fd1
t2t_L1000_7085	00c19c9ba55e88bebda310eb72100418459a70cf98cc79384798263eb86f1ab1
t2t_L1000_7086	b0fc578c8736825d975ed8e59eefe6486035fb3addb845970ae02ced38c1d59b
t2t_L1000_7087	1745915a8339ad60a4be752979c7de839e4bdee9fff1226a9b4a26a113d3cb71
t2t_L1000_7088	aaff9257d6d73a241c5b06b6f654ec216dcb002260f4a666f1f3af134d8482dd
t2t_L1000_7089	8ad60ff99adcc42d6ecd316668318633c9b5db5f933c388ee59c6231fb49e632
t2t_L1000_7090	024b1a32e4650584fd70e7be950be3ebe4fcce6bf58d1ae003b8cbcc4e6cb27a
t2t_L1000_7091	31fdab2f432835cefc31e5504b99731149e75c6f51f4aa63873fb50079ed517d
t2t_L1000_7092	ef59f0121382f2585bb38d73c875c0a67d920acf2ac16bd7dd7f7a4783d3313b
t2t_L1000_7093	8d089498968e671d53fcfbd6cd4ae572259a65c15b1c177ed3bb83d2177146c9
t2t_L1000_7094	7109bb8d65e37dfafb002702a8254a12a59d2b324cb231bf2bc3655127b33b34
t2t_L1000_7095	19fb9ad290ae73b66e97e206a2b9d4dc1f6462ffc3a2025b294d64dde8868f80
t2t_L1000_7096	23234d83715a4be671dbfc75cdbf88ed65603bbbc0abf18405e9f99f49e414d4
t2t_L1000_7097	16f6a133029d312d69cdd133fb3df1b71aed6c08162e8a0a1413a3a73990721d
t2t_L1000_7098	c09fc12a68a8b87a73fd48f66a60d715481f0fa62f1621de0c088b7cd63d1fc3
t2t_L1000_7099	655eb31f44c82473dd6a8975c7b0a386cd46fb4d852c20822ee7e1ea2613dda8
t2t_L1000_7100	ddc94c36f73bf61a7617fb68e49e7ec81f970c943fabc140689ddfa7fbf6ceb5
t2t_L1000_7101	6f1e59e305199091f21cd82c4900d77a5e1b3a5a19e8597f9cee101e54889019
t2t_L1000_7102	1bf951fa44442d86c75189f0d987564995db229fa7f38c262c32127f82decc34
t2t_L1000_7103	54f0a65928108e569cc0d9fb1ab216e3678eeac1d7e5070cf763748479db06ca
t2t_L1000_7104	affc480696ad42fecf4c308fd95f14752f478044b23f5d09ccd50f905142a584
t2t_L1000_7105	08c07073dc6790bd0824d3cb4014b9db68d31a31fcac5b0c7a4c35a6ee47b6bc
t2t_L1000_7106	d06291d4d305f0c168bc4a3033ae82979e6aae6860058a4dd392ff660371b91b
t2t_L1000_7107	e9a479a890baa7896ec43e31bb1434a0a798194bd973c25ce10d9863faf5e1bb
t2t_L1000_7108	dfe0e9b80ff09a11640894f9411b4a8563cbcdbcadfe84ab69507bdf2389e580
t2t_L1000_7109	ed5e60ac5d78ea2d90f4eca823d618c386b2ba8be34e29baffd368e2d9d0c2ae
t2t_L1000_7110	9d3a0681d91d6b8692c5cea0648cca87f83a849c78aba428166ad19b8900e80b
t2t_L1000_7111	270ff983ce9b5952cc7b67c78ee6a91b64a4e9a1644b1e25dfeeb3290d1caa8a
t2t_L1000_7112	4a3681a956cb29f2b27c088f4040fb7a6f6ffd88c7b2b10dce19fb7607fc60c0
t2t_L1000_7113	cb1943c8200c606f99c4264729f6a9099ddf494a6fef7b04d6a740edabcf4762
t2t_L1000_7114	f37fd6abaa3ef266e1a44d1eb702ca95bfef28102bdbfc4628596b95624847c1
t2t_L1000_7115	24c50af8bb2ce419b21b42e602df998120b7744660cd2ee51f6dff0c23ea4ff2
t2t_L1000_7116	87dadd5b289d1917552e0179414e34920b60b3422176cb42611b894637271b1a
t2t_L1000_7117	db56ca4b6959fcfd6d498bf98bd8906552b92d145e48aeb7c42eae5efc5f4b94
t2t_L1000_7118	3ada86510da0a037d5ec7074d5f9df87370dcd1016bc009467939912851d4eaf
t2t_L1000_7119	9faf174c7fd4249af30619c9ce6a0110b61b86792b8a7b90cabf6694df25f867
t2t_L1000_7120	6dab3956a7d39782cb0241de21e2d1b447dd22cf27b9ab87d4d00aec9c37be1b
t2t_L1000_7121	7de07eef6728604b77691b0f6e305a9e397d0a69f2e163ad952aeed31e6476ec
t2t_L1000_7122	2a0e82126812f15d27bf28f85524ea17676fb924ddb84580ef1464caa82c0d94
t2t_L1000_7123	6e15a5998e4beccd660e6be773116d1d6c47d105e1562c35fe20dad64a540139
t2t_L1000_7124	8ec58d1c3bd71693cd4e73180a783d9e8c0cd578e9383a986868de676a087afd
t2t_L1000_7125	ac432b76d75523d4da50b13ccd9ae38b671ad06455884f69581ebc3a2ab51e8a
t2t_L1000_7126	175cfeace1e1e0738001a66139a6bf17517325c5d115cbd6ec024934cdf783c4
t2t_L1000_7127	3851134247351dede5348c9ec9e0d020ec17fda674f31b54ed5ee05dbacd05c5
t2t_L1000_7128	f5802310ca04584ce6d661f6e32a0019332fd23629372b38f04ffb24b75aa192
t2t_L1000_7129	32912c56b00e82b3e5399e06446174424d86b59725b715be8c293bf4370dac94
t2t_L1000_7130	6de2e7011c3eb2c4e0133abacb673f32532204faa65156782658635add85f0ab
t2t_L1000_7131	b215d504bd21b5c8f8e342f3182b53ffe6766bfc9777848c401486fce460aa41
t2t_L1000_7132	b63ef79da72f65b3f1db89837af21582c354bd6f3e9d95d574864109b7306ef3
t2t_L1000_7133	9ecc066eb433da1764c11b6d3e83ee858feba3a80ec8eac6652950c3aefaaf32
t2t_L1000_7134	02dd99830aaf6d401bfeb00af924f6d07d9b384a6768477edf07706ea03858e0
t2t_L1000_7135	1898bf19c64748929702072f460837263cf6120a8feb622c1a6d56a2f717fd66
t2t_L1000_7136	af1536ff6744a38ca19f0a7406f42fbcf5113186c52310eb3e3db6154da9a9c0
t2t_L1000_7137	e29b9f968be965c38b8b62525d8e1175857b17e968f0eff1e7ca2ed31ca37d9d
t2t_L1000_7138	9d538551db4585c417893b31a9bbb72e73936a90ef2262c5c5c37a32d3ca6e2d
t2t_L1000_7139	36d5146a4df2fd0a53089f608a9a1ea97a356dc26777b2c4226d035998c6e019
t2t_L1000_7140	1eebe9bfc9b3c5e78d4ad9312295def4fab53a70786d12d680b65403d1436e5d
t2t_L1000_7141	6e7e403f0c7a25993cc193530e7e9b954c1d66b0ca4279df64512998e056d5dd
t2t_L1000_7142	81fd633675b1df46719add10aa3caf3a579390c5245bdcf368c36a3dd75830a4
t2t_L1000_7143	671d4bfa9a60e6bd36022f89e9f4120d6bf805749cc4a6fdb1c87c37318aa85d
t2t_L1000_7144	25b948f19d9a6c3a1365e559efa6b7a046327c6145b3296956dd8c92f3e9d006
t2t_L1000_7145	2ac04db7596e7484118e7c03b7a68f0feda27ec0a36a5a8eafd08abbb2e65926
t2t_L1000_7146	37be4fb25861a165fd36059cb4e839b98d776e951aec338d8da8c888afd33205
t2t_L1000_7147	1218ee4f4d76de7b49430f8d9902fc9b2ebca6be84f408a66e04d4f26465f08c
t2t_L1000_7148	28613ed8425ab0bba2e5d02343b62dc29cda84fc9de608d275e0f3e29854b3cb
t2t_L1000_7149	be431d3b73d83d55c14a9f53d4ea2ab34eff1708b13fc1125477604fcc0453f6
t2t_L1000_7150	f3794fbc16dd55a619f71efa0c559d3f48c525c21fa468f14eb4d2569105e034
t2t_L1000_7151	898f2944d68f055a842bcc19b704b70fc165c809e8dcfb7f30b664bd4ebf76ce
t2t_L1000_7152	51c752fd9e660f9ee5add4d61c82da563746d99ea335d9e2edef2c36e674009d
t2t_L1000_7153	6d9b2842cb9e69240474a7d089a986734c2974dd453987aeb1841cd14d01a174
t2t_L1000_7154	93b80718c02d1d4585ff2c5a294f4101df74d8fcfddf84a74d1dc9ac45d140e6
t2t_L1000_7155	8c86a8996234fba6fd929d84d9fbb7ed8a1adfaa9f9d2ec3d26d2869501c88c3
t2t_L1000_7156	993780bace6702a0f7f4a7c0ddd6a3a22b8177ad0cd2828b18151f46a8e59a44
t2t_L1000_7157	6c8ee3820c1d5f261a40e9dfd58c2d20012cfed38078085a409e24f7f8d26fc3
t2t_L1000_7158	54855e731aec3ba298279fa14a1af232544ea826f16811720a74f69feee6ac2b
t2t_L1000_7159	cb802ae9843131e1d3146e629f5b81ddd22e575a398c83869dac8ccac65a81de
t2t_L1000_7160	541c545ee0da3e86ac74395d34252a7a9a13aca75285201838294d98c652b177
t2t_L1000_7161	ec1fa0b3aa1df7c4564313831f597effaf5ce302958bf4373ea543e257de8d58
t2t_L1000_7162	89f44a59241a558d1526f226405c427d0fac1e0f628916ae4a14b16f6993a9a9
t2t_L1000_7163	4e80dfe9e414e3d9532f27ba0156b3e67a197774f8daa366201467e38718aa8d
t2t_L1000_7164	50488b92e90da648f88ef6ca85d28a06a4e66bb625bfb7843e2ff7c783a3dcf0
t2t_L1000_7165	fbae84dbb339d51c2a29ade56d4d0599050288512aa0a77c5ffc0556cfb734d1
t2t_L1000_7166	78e11e8c0cbce50b8b2a488c50ae023068a5496693f3c104ea17d26ac56089de
t2t_L1000_7167	97daacccf46f3d8227cb5c823d621cfa18cba6510b6d1b574ce9e7d58221c888
t2t_L1000_7168	d79348eb7759551f1459dfa82a32c677b43c2ae04c69fd4aea125bf455d43536
t2t_L1000_7169	ee8b22a08d449a51d7b4f0404caf4d3c031f3430b5df2217673f10a5d7f044a8
t2t_L1000_7170	1a67968e7ef2314dbb6d64956b3fd6c6365f4090b375d46d2a62adbaf1576367
t2t_L1000_7171	a796b55d98dd38e028faa4081d6416074d69ebc3719cc1c6f1ba203b2e4e398f
t2t_L1000_7172	3e06524db6f8df8b9b648239d3d3dcf06c971d3d0e47db8eda61e6fc90203a77
t2t_L1000_7173	28fa8f16adc31f25c17065d9eec670667490e3472d8c592ebfbca1853a963fd1
t2t_L1000_7174	9b7949491e636bf1811588ae94116dbd5397d78a389efcc7f580c096ca542992
t2t_L1000_7175	7938ad3a0deca7551a1e764f593a9ee3237a040d48979da583a655dbd5097695
t2t_L1000_7176	74e71e6abc6ecd7ba3ac329600742249595c94132a2a3ab87b75b965258b3b76
t2t_L1000_7177	28ba39d13346c3786a221ceb847d5b879297127d09a0709e786d96c01d637561
t2t_L1000_7178	5200d4c46bb37d36345b47e68a1ca501cb31c04bf526b556bc46c25f659fa9df
t2t_L1000_7179	0341f6473c72849e7f579cda01de0c1344b21e80ac1b7d9dd33c7cb42a7ce036
t2t_L1000_7180	ad81788610d2008a79801c13e05058a7828ef495f00e864b33c27f9bf37fac21
t2t_L1000_7181	bb2944c24d5caff106b613b59c1fcc6d48d038ed2d2afbf8f31cddb89007be44
t2t_L1000_7182	0ed88a43ea5f314daaea8df35107b9f5c047240f9224f8618da81c3f02a8987a
t2t_L1000_7183	eb06c551b64213caba14d5bd0b41117890caa3cc8514de0e6ae6db6dd4403bc9
t2t_L1000_7184	0b5d6eff961e55d5d5af2a90aacbff1df2525dcf4ddeb44188d893401dd780a1
t2t_L1000_7185	b360bc970c298f5cba0977694ea75b607f7b3dd6a819a1b128b8fe57319b708d
t2t_L1000_7186	433c5289c3ab0fc0155d1926d10af6cf82419bc8bed05d56d154f64738fde125
t2t_L1000_7187	0db4ca48c4d70c2266c2df7b3f59402ce6582b9a3eaea81ba0f3584bd912284d
t2t_L1000_7188	28d8d2cfa62b6dbad6bb9e7b43b24a8a9ee2fe33f607a9733892c60b2798a281
t2t_L1000_7189	b67d12463c6e8b99356da27bff52caefad7495bda71cc54ae8bba3530da3f11b
t2t_L1000_7190	ef7a3394dca363d7d99b0784122964997a9974d3e580a84d80b4292fd7e5bbcb
t2t_L1000_7191	639abe77bf47382c597dd2ba39981bc39ba0752e6be08a27c96dfb1cf1ec1f79
t2t_L1000_7192	fd57b8c0bec17ae8ccf644dfa231961fbc79bd138a47d5f3418e8d8a1e38694b
t2t_L1000_7193	fec0edd7dd71af37fb5ceb0c53c5b8bad5ef4be52d1d64b99b7b497d6e97bf99
t2t_L1000_7194	899d2c993ded76d0eb652918a2722c4defc2794f4a12fde8c0f01ae5d9662cb9
t2t_L1000_7195	c205fbedb7f9afbdd3053f5778126f08362334fd2f7bbb3f21bc3a4de05f36e6
t2t_L1000_7196	e6ec3c2b7d0c10bebe44acc184d37b2653476d1bad91fdc47097f9cc22da0ece
t2t_L1000_7197	a8d1c6217e9923e8d6084e2ded9cb945224ef9b84f6fed055a40d1c92eb0b121
t2t_L1000_7198	f1a57e55a8a8d88bb8ab7d992c4626c064bd7937cba203bd1215306caba16a7e
t2t_L1000_7199	6508aed91ad69972055bb7268d3df49daffe2bca5dd62e5287324e6ac320b825
t2t_L1000_7200	5101d462684c8ad99a569c3add0f7104f2d093253ad9b6b4bd710c0ada10df10
t2t_L1000_7201	6eb95f4f22c51d8f94b53ab4669a467856d3fa322116d0621613ba0610e63984
t2t_L1000_7202	438f46327c9cf9bce0d04c0bbe1ea743c17dfa9c1441d3d67a2c09280bae666c
t2t_L1000_7203	8c47da7cbad94b7d7c4969060c88bbf74139735ecfae8589e529a3922597b034
t2t_L1000_7204	36962cc9c65a22fff5e32f6dc6b74157c746662fe6a38d97881fdd61968f24b6
t2t_L1000_7205	eb1d8e4bf1311a26269fb0174d070332c89172e5f59c126aec32ef1ac5365cdf
t2t_L1000_7206	ef5cf54bd7d437c5eea572effa8c951063228c88ff73bd4854117c2d6b753910
t2t_L1000_7207	1b06b34cd5c7a7d924af4a0790021094c7e6bdac5d8c3101ddd24eb208696119
t2t_L1000_7208	e060fae9c08da36f53b745b3c3341a74608fae575be5fd6886a7fe9d5ee7dcb3
t2t_L1000_7209	e4f4c1505cd45e2fccab26cfbdf6408d5e25496052eb372803b4b81c70c11eb8
t2t_L1000_7210	bbc3920b747a20ad5f85301a977211a9b50a8d1f17e1496596c126bf361fdcfc
t2t_L1000_7211	c6d1def299ea4cc0c333afbe4d03b7eb0a3ff27f62dbfe0c8bab2145b32cb214
t2t_L1000_7212	3cc01d5a3a9356a1152a87129abb9d47cc57fe50846fd5b6e4fee8d986f99247
t2t_L1000_7213	7e0b15722110fd46860614511a692acaf53a788da8c299c974cc3346c58d6629
t2t_L1000_7214	260a7282dbfff9f2442de89affb523dabe2d218c05084caf8e48912eee1761bd
t2t_L1000_7215	6614565752b2727c4cfef707986521a91bb36ced69d866a0e2029a6bf8fdf389
t2t_L1000_7216	2b6eae9cdac8f32ab3d549088fbbbf40a541ea4987ea4359a8cb885249bf2416
t2t_L1000_7217	33a4b56b710037c6b2fda7612698d4b37405f4674eb18d5aaf11ce6325040c64
t2t_L1000_7218	1f6bc076b4ffc070a35bd3447ad4e00671fcafd44fffb1afd7110ea85e72a520
t2t_L1000_7219	6af392ff6b39cbbee44ad9ad30c4de47c6a701f0d74def54575549d1ed8bd549
t2t_L1000_7220	fbcc63ca1ef3713abad1065c13c937c10c802da2648a680ef70599c743e7dd43
t2t_L1000_7221	cd6cafa47365c638d1954415922942d72dd363db71d381414c95ca521e0ad7e2
t2t_L1000_7222	e032f72f0ee1caaaa8a00a45cafb1577ebd9fdedb68d355a86ea83fe963a9c52
t2t_L1000_7223	06050444a75216759a33008180bc173039031943a8856cc9d49e46e31c5e5300
t2t_L1000_7224	d2771ef47ec48a65ec4ebaef3a49e79c37bf0d7313185b6dfe4e2ae249a5dc92
t2t_L1000_7225	5fb16dd25314be1c56bc4f6c1fd9cbb983236bbddf3861271cd79c024823de21
t2t_L1000_7226	47c51da74ddd188d4116e600e537471bec832ef4288a7c0423abd444b6ad1f0b
t2t_L1000_7227	cb74a4eac64df69e673c70b4154618e8bce786f8a2e34f890108bd44aeaf4116
t2t_L1000_7228	7b02ef07dc6de005f1af80e3aa45cd947a06ffb2e4466d02b7fef12e8cab12ce
t2t_L1000_7229	09b8839122d17a2a55442a1c1310ee6e95beaccbeb09f2c7472ea78955453e2c
t2t_L1000_7230	423edae24c22c876f6ce294c8b7f91b915e3ccb0c15424e09508493a094e1ac0
t2t_L1000_7231	b9cad67a3febfe47a3f55513c405cd05b2f23f7a3f6aaf00f6430f439269bc5a
t2t_L1000_7232	c458825eba5eb47f6989f85a8cccaf9006c1deef07b18abe112cc27238accb72
t2t_L1000_7233	9ab04513f57f6d7d75be0dae48580d5e611d20d0c74f374104b3bf3370373ac6
t2t_L1000_7234	31c93bfa9c8ebe2a227137ab3e5ddf675bcef1e95e08a9c1b3351b0879e93dfb
t2t_L1000_7235	20c5bce21bf43ecab4e03690f7304645d89b60b15338cf5467e51ead03ee5965
t2t_L1000_7236	3e248ed1651a766c91957b4a9c69c258bbf2552788a50487ff01883d857af575
t2t_L1000_7237	9a460e716d5665242786d2291617227f2e9cbd381067308157d0a57c3f3f806a
t2t_L1000_7238	957de28f0c5cc4eedaa6764d9a2dcfc35b949716e5e29a8e903fe4ec23e29833
t2t_L1000_7239	6b12d4b27faba273509bcdfe340e08cde9baf072f8a50d86ff67bee2abebb55c
t2t_L1000_7240	c7fb4118572c73b9d9e3ebb601c21c497ddc5462f4ab3d14dabfc6323a9c9cfc
t2t_L1000_7241	08e8baa27211dbf2458261278c178ed1917babfbc27e50a358201e8b4816c409
t2t_L1000_7242	1dbd4262b84daad31dd8b51f828d7fc1191f22867c854cb2974e4aa32f42a786
t2t_L1000_7243	091ac610228ca61a164291add42adf332fa3abc4dbccdb6b2099430da93d95f9
t2t_L1000_7244	babe1789ed8e6b764610225be41d22628c0cf204501b26a88142dbea848cda76
t2t_L1000_7245	df025dda33317869f453b13199f41ddcc345fab4ac99c9094d976c378491695b
t2t_L1000_7246	a15243c1cf14f9af7d12092b057d6815fe8f0762745d81ad30cbb0cb7dfd444e
t2t_L1000_7247	bc93299acd6e85264dbbd5c9796e36e9f6d6821d99f559be24d64f997f664df4
t2t_L1000_7248	2ec7382d3cfbad9ea5d5130ffdc855884188b18c8899e00bd8f1b9c618e90199
t2t_L1000_7249	8c24d37f77ca5e875022deaa301dacb039b362b3da1e35ec5108d5cfef5942dd
t2t_L1000_7250	7ab9d68545fc1ed326300fc2f356c15f7fec6b2060f5ca1f9a321827c4d7a3ff
t2t_L1000_7251	35620d97f1a1864f470ce195a85ace9852a82ba8dc58be5567cda620f03c477f
t2t_L1000_7252	035b0a4646f50ff475ae50df579c77d73772abb7838f98d43b8ffb1393187613
t2t_L1000_7253	c28fa57075cddb1cc0f4d8b913bee944021417deb42028e6883c74fcc8771aa1
t2t_L1000_7254	db65bf73f22b6d159850e742d334169fa0f0c0d86d8791535b69ef092578be7c
t2t_L1000_7255	6dcfa9d146af72a939046528b97194853ac3e9067c9a3776cffdf31a9e58fd50
t2t_L1000_7256	f0331f1305944b16057ab116bfd97cec3e12f118adb34a5aa5d8180ed7d8c9b2
t2t_L1000_7257	c622eb2338446286975fa542e060ca5b37320096d821a74388b40af329183367
t2t_L1000_7258	2d3925a6608ddda15dd9aaedd5a4cd9814dbdf392a0fe487bff6764e048d9cc1
t2t_L1000_7259	1e01dc2fc6f5bea03de305191203fa2835c20583bcbefce632bff862c67e9ebb
t2t_L1000_7260	c74750191f7844bff8392a159732b5b573580a1405925b07da785fffcb18e5c8
t2t_L1000_7261	87a9701d5c10749b74680f7652ad21669da3bb4b390e5cad7bae98fbb4f720f7
t2t_L1000_7262	5c3f93fc3e2c30092f97296825fc3a2bbd4b34ee954bcd39cf2f046d5dda5aa7
t2t_L1000_7263	e5499b6bb2a209d053526119086960d329f87e3d6f06d9cb9138914af1fa2818
t2t_L1000_7264	582fbefbb2351a607c769985c8a167b04c8601e3f44854805f22582d68832638
t2t_L1000_7265	cb0a626c4c05745b40003206e03bb0118e615bec2ebf5b62f3f026ae89749ffc
t2t_L1000_7266	7feb4b050e545517f80787179c157398c13af3d0cffb3412419d9c3aab707b86
t2t_L1000_7267	04829b4177ab9f1cdad5db21c00863ea5b9d6aa41f26e52f9219120cb30e7d90
t2t_L1000_7268	49d20ea474453e99003de769c7ea803c7a88e79e9dea1f9f4f69949e2b5d98ef
t2t_L1000_7269	9d71c35f03ec1187347e4a64c3be39fec57998ef020ba3227a36eaeaa326d98b
t2t_L1000_7270	09488d2d3f9c725a08933a726f5f85d9a885097625675c216e509152c92879b1
t2t_L1000_7271	1e4b2523e74d32e66eaf197002b441fc93c6a690c30997c35853e4c64140293b
t2t_L1000_7272	be2e0d9a6c8b5cfc3cdceed7c462a1f2fff58e026782f724a240cbff86536750
t2t_L1000_7273	66091aff7cfa9339201870ff4bd5e7a7f62213a98192818c0973eaa91cfa42f2
t2t_L1000_7274	68169e45ef1a904e77fb81d0bde47b9ed0940a5c5285b8b7b632dde311e879b1
t2t_L1000_7275	2a9fd0462c706ba3f095d36f5db9e99f930670898596175a910a5d7b6c2e6fe0
t2t_L1000_7276	eb3c2b509ff6e870b5c1d73c6e1d22e4866b387896d47d7b8af9af6fe72cb18c
t2t_L1000_7277	74c04949a752b768729dba4a79087bb8226a1e661595522c7053d99870c290d0
t2t_L1000_7278	a4d388b72028221949b386ff6b17736dc2287d8cadaf6f0f80de92f3dfdebb4a
t2t_L1000_7279	31f94e21e546fc42b47f93d811af9d5d0c1c267a992aafa7790b82907afa4aac
t2t_L1000_7280	2ba8aa279ef115d352eb42596aca828fea01e4045172ac82412cb052e479d19e
t2t_L1000_7281	8015a19c3643bf0014538971a6a366fead65b5c797f3473e0f4ffe1890065467
t2t_L1000_7282	9491a01fd77288b1a4492fa846fefeed1effebcb92312d63f940b50d0a40d745
t2t_L1000_7283	ea685485803430c6199e3641410e7f2ec1fcf798f82cb1cc6e265da3df8e8738
t2t_L1000_7284	aa50d0e9d4547e091e5d1d1d722ee48796877df546ed18eff6845cff81c85610
t2t_L1000_7285	ca4394de9b3c6a23b89ae66acb54ea9f3c9745481cafa6e1f3eeda0e02829294
t2t_L1000_7286	34b5708593bd6b01f8d807a0d4b1b2da0d04a085929f94cbff1ae88c1930b09e
t2t_L1000_7287	77e96cdf7c13766e74fc456bdb1e036fad88022ab914e95e1d97d22d5a5017b6
t2t_L1000_7288	73604a01ff960f9ecde18cd84378342c50462551571395c3ece85909503f3a08
t2t_L1000_7289	0d3c5849e43ce697ad418e61d8633d76e41b389911eba64c75c0a8845274e980
t2t_L1000_7290	f0a4c204342b33ab966c043ea9604e067fcfd3ae95f1928eb21dc2f45641f34c
t2t_L1000_7291	95b38974f9a1f7b660854449b18bb7751e959cca95811e758017352b0d8c806a
t2t_L1000_7292	513cd1acbd8795b8b031211beffe434fea55d4619d50c59d5e1fdbb2d74076e5
t2t_L1000_7293	f448480115b43e48203141dc4289ccd90183698dcaea43f2199f526d9bfc3e17
t2t_L1000_7294	c30a6721c920fdc2446a4e5c5920c50c2dc024f203dfb587f7731dc227292101
t2t_L1000_7295	658ba6c10c0d6682f30538085afdddd4db5efe3f23ea87d7c68beccdf0386be3
t2t_L1000_7296	8e812d4a46abdc35760f8d67f1b5bb4a7076da0b81efc7b14a9fdbc8e31ed4d6
t2t_L1000_7297	8ceac3a0965a0e3b56a180f2d86b4074a1964791c0a992460350002c5bf45935
t2t_L1000_7298	9ad3a637795513078a83aa6dc80997caa357fba72b5faac879976000b546a2e0
t2t_L1000_7299	7f28d44fbe49e85b6f596643c0901cd2837a7b58b45decd79775d75270db09d5
t2t_L1000_7300	e2528f789670ace17d330486ece17e956296ad69c98c316f3a6ce50dd3be9c83
t2t_L1000_7301	1bc9ec895c21e9eaae01a5988380404869cb9ba8493ef783cea704e12b34af3a
t2t_L1000_7302	f228901df36bc06bbd8fc3bcff77727fe7ec3739cde645ef1fb90094d3b25e49
t2t_L1000_7303	191848ed73f97db6c6ef7d08ccdc6368fcc78fc33ee27c2c59ee4bf1afcbd901
t2t_L1000_7304	e9eb785ba4b34a02666256dd75e3c12f7fc34176287e844e3646bd358742122e
t2t_L1000_7305	c8611ab7c0c3da9bbb13557611240fa2f587870cc9cb0bb5d948461960e235f8
t2t_L1000_7306	594d04e9b044eeabfc2ede196e62cc3c469d49207fa38f401696dec8a204e701
t2t_L1000_7307	f2c0ec6070352ce6421718770b7e0adc221cff60721f25a35d49d87eaac78fa5
t2t_L1000_7308	8246db77eff48374d8036203e219a46b0fd49b2069628a7cf0958d18c114a965
t2t_L1000_7309	a4f1a016b8b77eb0fe7e35541278bf956ae6b188fcce54459f92a7885942798e
t2t_L1000_7310	4a2ac42f911276c5ac0f66ec6966d51850ca982a2f6d56163faceac8aa9dba60
t2t_L1000_7311	dfa901f7f7fc5c0eef4274c205b7e85c30050f931fd4af20eaae68d9c0f7acf0
t2t_L1000_7312	ff4bbf639466cfa06b6307ae9bbc900251891a2bd029def3b7555af0fea6cf1b
t2t_L1000_7313	16de342cf5db90999b65c9139ac3830ab087ce6b41ce56ed1ab7d1e011d8fb0a
t2t_L1000_7314	421463a15d22e87d69025b25b5a1af4eb6d8e4f61f65a9ebf01c7eaeed65ccc8
t2t_L1000_7315	5ef15228076a45726ce73eb6acd277581832fedc96be943cae07edcf5e5f7a80
t2t_L1000_7316	f1fa2310471e4805cd52d5ff572ae895958b21a5a007ef158960d9d2b7572e8a
t2t_L1000_7317	91b5f2e4fd2f1a0339e5cbd75440d292591e8943e0a91edaeeaae230e12ee3c5
t2t_L1000_7318	dd1524322da47cdb1cf9bcd9b919275342394ed0528fa8fe7b0265acbf975d70
t2t_L1000_7319	09c57ec8b4870aabe9da2adf946aa1ec21a726c7520bfbd5a3178f8ab175bf75
t2t_L1000_7320	f03153b0739b4a27c986f2b742e129d1341d6d6a4090f4c025f5a0b691db7da9
t2t_L1000_7321	4a4fea826f80007d738ae81e4ad4afc1c493261bf360d45f3026b199bda1ca91
t2t_L1000_7322	4e65068cbcde91146822ce3265c7c9aced4f6afee7796cb77554628d3bd76484
t2t_L1000_7323	74aac9786c0930971f1221550561ebfa8667f28441fa94509e410a125291b7c9
t2t_L1000_7324	61328e61d2f4552506499e3bb4f86bac39472b628c439545b31e03fb51fcc799
t2t_L1000_7325	194f74d90a100a7ff64c0e21acebed883fa0e37da8568c6370751b9063a3090d
t2t_L1000_7326	d5d511d577f93d8e34c90666bb959b4213b515d717ed5c7b145db7f6cd063473
t2t_L1000_7327	55bf79460c5af9f56199ae7aca778c6a3573aa1a7eca97d5361fdad4f30c3812
t2t_L1000_7328	20a202501fbbc912752ea908bc45ba144cd6f30717e91f145ee4205f21ebf9ab
t2t_L1000_7329	5f9c45ea3b6d876a1a874f2011746c945d14cab9fc305803331e5c0ca4123f79
t2t_L1000_7330	27cf7ffe292ce88f5876efaa1e28b0d973213e0e2cc470e5fb7b12e0b170fb8f
t2t_L1000_7331	d3b652fae3c4178aba9753c67c26463c218ed1e024790c2d5dba6b2440fa0c55
t2t_L1000_7332	56f4354f7ff798d08d6dd6fb78b550aea677992a726cd1ddc953211ccef64130
t2t_L1000_7333	7dd5a1389ac8ae5fe2f8f20ae952c659759e02b79053fdbd8abb5de07a895c41
t2t_L1000_7334	771a77b930b8ee27bf8a041817d258eb568c19ed99ab94d81d0c483942e5c834
t2t_L1000_7335	68643253feefeceb416d30cbbaaafd27f5a0f6badcce4cd89a005ec2d3a95777
t2t_L1000_7336	ae6ffbc3dfa5b2632b8bd16e223a855782256a83068e99ac8f6a2cc4991ed5d7
t2t_L1000_7337	f91ec53d4c663cd439b1560bce7485cd3fee4441a5afa2f5c0d2c2ce2196639f
t2t_L1000_7338	d9c4ac2e5e272074866f6eb9d2189345cd5913bb6ef601143ee3eb9e76419f84
t2t_L1000_7339	36f59618aa07b2aea728380cb27af992820392277777917b213cd80be95cd0ff
t2t_L1000_7340	5e337434b4350afb63711914d7b636650d917d4a361e17cc30f486851b2fb8e2
t2t_L1000_7341	c7846c65aaf80fda62e54a00eb6875fa85b01840e3e18ac1d4fffe3ba1e1069f
t2t_L1000_7342	db15423bf752190f539be5452f0a5088157474222b3f7027ca3484ab55457177
t2t_L1000_7343	901f474af061c25768476414923c7f9ce856ad26298df84553f7e20fa4d17449
t2t_L1000_7344	5a6b60e962df5e659d01137c80d69e5de1146995db6b40f0c36572d3dc88f029
t2t_L1000_7345	4f6bedf26f9402a78a7d43e00f95c981e2e1861e24d4afa5234e200971ab54f7
t2t_L1000_7346	ea40a3ac576b016ca28322a36d27042ca0b3df24a2fd1c6f3dc030423bb98d95
t2t_L1000_7347	23f23acee863d49f3859961bc587d886dcd7cd279cd6f7933505836884d9586a
t2t_L1000_7348	a0d370ff7fe7579472f38c36f8e4568a63f7c3c24e789ede50fda1b826b5a303
t2t_L1000_7349	c688cb81709df8b9a30172677168522d191abe4eb3a1bfc2c0610bd7faa954f2
t2t_L1000_7350	052fd5ba8a395df023294a1a1c89cffe65ad1177f41c0d69553eddcac1d638c9
t2t_L1000_7351	37189884316105eac6c3f0738d29f5612e07453a6cb58b73d04b03b5f4ce5d85
t2t_L1000_7352	bb800d81c22ff9e886e2e454f40f25afc5886b7fa8e356c85107e32414abe2bf
t2t_L1000_7353	df8424d76cf14d48368e0597661f36e1de9fbfe6053e7716995e4266b44d3896
t2t_L1000_7354	b8514ffb9f7503f20f45f8b73676a0af3248d6d055ef08c63704ecf3c2923946
t2t_L1000_7355	49af38f569315be4c98e9fa07e34e1f7561f1080bcd39d77501dd8c8bcac3167
t2t_L1000_7356	aac9dbf36c21da069079569f8511b43559fe367d06dea6d66918001b7ab08c2f
t2t_L1000_7357	1b255d74510a28751b69388c6d643d10b31f0bb0439f547e66407e25aef8c34e
t2t_L1000_7358	0619aba7ca840f4f5b466a20835f8b04d9c1ed91ec02462ca5526b5e524a1aec
t2t_L1000_7359	915b4f5ac34812d4e882568b1b21fcbf9b28af77048cfbb16fb3e67621132677
t2t_L1000_7360	217da960770324ffa1466516d16656618db6b8c8b568558155044962cc06784a
t2t_L1000_7361	f675bf55ade07b101b3b3957756583e2f01cb671cc03804a0c9fb4c8152948d8
t2t_L1000_7362	de58f7f273977ce900ec6727357b05ba2a3ad176b6ec33c2ab1af991e06ed870
t2t_L1000_7363	bce1748dd7ee55b56156a35446e1927c88634d2938c79b6006a4bd81eb0bdec5
t2t_L1000_7364	ad03808c41e851e664b043dc1882be318aefb05189bfb344a5168eff542b06a7
t2t_L1000_7365	4905080a3dfe4ad7b8d7723b1158ec3a09b465751c1b5baed5a276c8684a9bef
t2t_L1000_7366	9241cadf8931be7f31a97ea39c6bae0f90da4c20b307c96f530d12de71e382d6
t2t_L1000_7367	12dd383c47a442a6296b593f2eb83e7c1706b56cb9731d6900f29c7882d342f3
t2t_L1000_7368	10729f3801e340e535cd4ba7416eaf5fe540bad4973177e08e62f96260f54a40
t2t_L1000_7369	309fa680e5d845c84cce9509349a9f47560684a4e810a2269d77c48589b26cfd
t2t_L1000_7370	36b2800e8a24620f155ebae5ea4fecd567b99f5d5afef449f285b929091ce7b0
t2t_L1000_7371	5d652cc95840641194e53064ec4d81456f634c788fb6b030959576f1d54cc9c7
t2t_L1000_7372	993893a8389bc8b0e5d0e845abe545548a84ec346a47da228a5f71aecfd1a658
t2t_L1000_7373	2554fd7446a3f19c912dcbfdaff13d674ee8afa556baddac801819d10c863c1d
t2t_L1000_7374	94f94fd3a97802b42c9b1c2d1699c66b22dc02dee8eace679b57b9e0b40bee7c
t2t_L1000_7375	965f7cb2ed69d0788b5ee7b85a6d1c436ff900d00dafaa91883d9d9bb8ec4e97
t2t_L1000_7376	50c26883c5a3c3c56a6ded65b75928b99401d3c4279546616c9bb7879190ce7b
t2t_L1000_7377	19c67ac5a0c1d0bfb38d7fe757b08a0bb92c2b6bf0bc6598f4313d02d9f988a6
t2t_L1000_7378	9d64f4ac504ecdb1410a37882f1d79e7ccd45c3ea62a6bc250884e8cafa2a4d0
t2t_L1000_7379	8f47a8cbb1490cab8674a3a2a32659fe7d22289c1709dd99ac058e6337b9be31
t2t_L1000_7380	f3ab645508d70c3fe748b26fa4b7e378b46d3d305494e97bde752d37e1c59df2
t2t_L1000_7381	020091ae6b60af1dd4fc88609ba24a8a633cfff3a55876509d5fb7267f52b7ce
t2t_L1000_7382	ad67e622b38aaa22b3a8b6d7704c3fa75803ed49602e482deee5649acf5cc17d
t2t_L1000_7383	d2432c7f16593dc8b345a83b5a0fe1e21b7db3acbb7ebb34e65000cec6ed5aea
t2t_L1000_7384	250768cbd44b242b8bb4de6a9ab8d1c80631e738ed539a4dceda35a1aa7ac455
t2t_L1000_7385	9ceb9e55c59aea50ee61f239de1eaf2bb26dd3af2bd5000bde185009be66a3de
t2t_L1000_7386	210a32c3db2d70ad8c966268c5834afc3845b1a0742a07c384ba44504c4d9193
t2t_L1000_7387	df9898e9470d8503a922d1c442cc29c33956bcf85256f7b1ce0f6ee195c63d55
t2t_L1000_7388	d9b2aeeeb6461b41f636f8be2ef6ab036c972650bba748c4efe07eb45670f871
t2t_L1000_7389	e66c5e679210020dfac939e16531f78ac7190c644633abbc036da46950d2037f
t2t_L1000_7390	8fbfb2334f956d11c25c303835e0ab4ca8a7741ccbb33b03788e1056dcfab150
t2t_L1000_7391	26114e78f2e8201a2b169f42d893ca2d152ad537bf508aa5ec91f739878bf9ef
t2t_L1000_7392	8852611b3f71f099f8d8766211c96dbbdcae802f5ad5697243d8d449db37725b
t2t_L1000_7393	4cb277729f73a109a56309fd800d15c2357b9882fe2ac53635122daedf3db3e1
t2t_L1000_7394	7d9ce8d73b4f21c9268e187b061df8ff67c87a950bdee42d63b3f9006a579cfd
t2t_L1000_7395	cbaa96ea62ce251798f0b0bf5a1c3b846145fcf8562935013da7e32537e530f6
t2t_L1000_7396	299bdf3da0264fd3fb775240f299d2642b11e6c4e257883795dfb877866612a6
t2t_L1000_7397	f315813bbaeb677212680926e61f01519acdf0f1536f960551a6292ce7c1b8f7
t2t_L1000_7398	3fd83141ad50bd40c3ca868c6e554c78f38ae8a0a44525ae6c29194282abbb5c
t2t_L1000_7399	50a6b82489d384637a3340975b058f029edd8717d75b655ff54f6bae1a9726d8
t2t_L1000_7400	e15ca931c523f8cec9d5371d35a7b26fde7f80b504a4d4fd6f1464cf3386a587
t2t_L1000_7401	71dec3364edcdfa3b3dd23f98ee79e889621fa455dd6be52259ee82d0c37461b
t2t_L1000_7402	ad6b57ac8af6eab5ee7dce0b08e390d0159ed15b7f75ba861427345ab2d12fd0
t2t_L1000_7403	97b21963e6e781618c3260331b03d90e26782bcc76a216ff3af036b9effbba3c
t2t_L1000_7404	90ca05621c37cf4a2ab188bb5051571b7c068595fb7e95c3f0c692bbf1821edd
t2t_L1000_7405	34b90e02430c9db7aeb6e1a48085bb6249a015f35ea4ee76d448c805c0da2158
t2t_L1000_7406	cb8953ba3859fc558b398c81954d44bbea430fd0755ea554851effe83e8b64b7
t2t_L1000_7407	10ea77c62448a1588236af98a4a395fe937d59c36515257db429015ed46d1d3f
t2t_L1000_7408	2783c241b974c9531ff8f6fc108af9b88e3d0d5d7bd43a0e5737623f766658aa
t2t_L1000_7409	60c960fa8e9e3b2a8b77baa9bb79b1ba627ab194b825d4f419c6b122c768c3ea
t2t_L1000_7410	6aa2d22c121fc9f3f82d0a2380d304d9f723a666c995fc0521f3f1b58537a780
t2t_L1000_7411	55f2b6a270bb1b10c714eaf894fa56c4cb7279313ba450cf1e7967e10212240b
t2t_L1000_7412	c52da6f5a1d9e12c6f5ab134974e5bfe313cce2956d5153716f16afce34f71a6
t2t_L1000_7413	8595ed4d90ac62cd032392e0a56cd3388a60475000bc27d02687e3c096b62c13
t2t_L1000_7414	e3ef68e713e340bb6a88709ac77e969b85c8335404d8dcd18db67d94e2a84982
t2t_L1000_7415	f1692e53d53cd2db40ab8a06fc42f7733f9ef4e70ef357e58584bcabcdbb2dad
t2t_L1000_7416	aef09a0930e0ba9d82b6347c270df686e95ed314f6856277d1f9e02d0e457f13
t2t_L1000_7417	00f8e61dc86cab3eb385caad67b0f90dba6b8e887d9f7437c97846778177c778
t2t_L1000_7418	e88b3c12368e19b5ac08f32946a943ea68b37f3fca409769b077dc12f073bbae
t2t_L1000_7419	79c71eae0bdaaffe79c6dc95f235df5bb0b7d0f174fbd87c758caa964a525315
t2t_L1000_7420	c9bc2858364804b8def9f07cb23d943bca31699eb99fb572b2424743caf42dee
t2t_L1000_7421	c2a36efd07fceeacebf0cca14db5ce792b641f43c280889fe6e654259cfa14c6
t2t_L1000_7422	b79dba9d40e4689be97429bdd1650813318af0fa368c06035359b7cfec764696
t2t_L1000_7423	27ae3c08155f5dbd64867714afa0fcb41abb3760c06220e4f247b5dd1f08d9d2
t2t_L1000_7424	60f70bf63bf41d1bf8705706cbae0a45ecc529ddb92799d875bcde210da257ee
t2t_L1000_7425	389e794ba60091ff28124be1fc712ee1d4686be7f905cf22e054c443124c6240
t2t_L1000_7426	d35d96f21c9c5c15c6b16683423437429d2360321ababffea5274d58f69a916e
t2t_L1000_7427	32f8e0410fbf9cf15fc000a2c2bbe1ccf057c3cdb6c1e19c41b618e72a0fad64
t2t_L1000_7428	09a58391167f7f2869eb421d1d0066f1370656a37b7d54ab18503f6550c4bc25
t2t_L1000_7429	ffcfc7b173f9029de778525f43253edbc329a1aa3a6231a761eee5fb6ef3ac51
t2t_L1000_7430	d66ad27f7e7d5d2fedd2aaba7d6f644ddf0f6894fecc1fd609c80b354f4b131b
t2t_L1000_7431	bedbc8dcd22ec5b91f94bd341bbc4d33badebd2be1f9625b8f135c92bf4c2019
t2t_L1000_7432	c7c04b222384ef0aad9955a7c6e4b64c56a500e51fd4dd8edfac881dd12f0b19
t2t_L1000_7433	266326b56423dfca12f05ac4ef68c16c8d7ba511cbda15e8801f7de9c07917d6
t2t_L1000_7434	6cf76f2b926faee63e131710f187b595c02719ee90a865f739fcd7781e9b7c48
t2t_L1000_7435	36785a5ab1a685927dcfaa73379c3b188c8803e69fe841022627eaea9650fcc3
t2t_L1000_7436	d937dc0f98c6075bedbe01e4bfc820a7ef3bb5e199ac8f574d957aefa49c9fb3
t2t_L1000_7437	efb9635390c6529aa998b7b908815c847f873fe312e051c9172d8f1651ac341b
t2t_L1000_7438	619f993768c179c6dc5fe44117899362cc6e69ff621acb5e872e5dbc5a1d12af
t2t_L1000_7439	39d74fd6e179586f4ee685901ca021f726bf30cb760955dd77917765a80b1095
t2t_L1000_7440	d525d7ce5e287339cbaa79987385fd508d61921510f46991ee7ea52e2267c89f
t2t_L1000_7441	ab3bb30cfb5adfcbd3a8e246adc5b61c090cf36c427479517c93b5e34c54cee8
t2t_L1000_7442	e105a3646bf11661c3562d60f96797f053a845c3bd802f30f1b2c0f545497d19
t2t_L1000_7443	dee9c29f0ef5f2aaa3fbdd480340d8b1ccee517188c8e6a441d5d081e2a67c47
t2t_L1000_7444	ab986f3291d753477a3ab469b82fad4ef024e9310da7dd0eb57bfb282f8b27be
t2t_L1000_7445	1b925659a15032d5a1ef777e11f91b3ebdace354d3943bb132e7864d49856f4e
t2t_L1000_7446	db44dd206960978e54125208da71efb64aeaca904e64d69c158e4eabc1063541
t2t_L1000_7447	0869e13d6df8bd229ce8e4d4aa713bf72e5d322855c8c9012d81182d0c809883
t2t_L1000_7448	ddd96978e5d7c7d8f888a7a37b7616fa5822a09ad06d373f29a39440bc876769
t2t_L1000_7449	1348d3af534cb37fd6a3ba6461f61f11990b904588de0e203fa75f2d9936cba7
t2t_L1000_7450	6c7ba09ea65258cc5655bb08406e454faf11e3a903c794b4c74e62782b41c026
t2t_L1000_7451	a103374f722d53bf008e1d4f877cbf2ef876564eb9db15adfceb8a8480cffcbf
t2t_L1000_7452	81ca0dd459f00ae4599a389445dcc45d2254895e73e550290b8efa81101ef522
t2t_L1000_7453	cf4c631791d769fc80b018fe1635ecfc26e754f63ac040afe336ad85561a7ce9
t2t_L1000_7454	d5a4d9d4e2cc736607b0dfeddff69b372fb4053fb1a9ef5689b27c73c26d382c
t2t_L1000_7455	52dda2d35e007a59b0f1a094484ec7885578652e913d73e1d465f38e999f106a
t2t_L1000_7456	6ae771d86592423a52bf04e0e07a55d1e49b890dc6c20c9d37dcf94cbac972d4
t2t_L1000_7457	637c0943d1e0ba96fff5c7f1075ba0a8bb90083d681d06e406ca331abf4f2249
t2t_L1000_7458	e2d4a70b03c11a3f58ed7cc3492169a5661ef66360fbc97f971cc790638b6204
t2t_L1000_7459	48bcb999e21c311cc31e1fc79a978f6abe038b1a9055baf3b1b3b49a072dba9a
t2t_L1000_7460	e3a6c1312d31f3910c1a9638154687669f7c13fb63f3752f9e18339a3b190970
t2t_L1000_7461	5d850aab212050c38e6e8c27fce530ae832b2b3d066326c481fdf076b82937bc
t2t_L1000_7462	8ffb694ad942598c8b96a11cf5a1371e324801835e34aad33e92b63b0b7dbed6
t2t_L1000_7463	757e636ac031898fba4f6b6632abb17d935c8a05c1ce016e5d432923996ec6c8
t2t_L1000_7464	414f76083e75c9cf13314fb7d0efaed1cbb389a2227c06eb3af0ff6031dc6c44
t2t_L1000_7465	5b9dd90479b13d826a98cc5e15c4eb52390d0ceddc7a3a4359c397870ec8c41f
t2t_L1000_7466	8c2e84e1b0569bb122d4950801cdfcdf830a7d8baadce9810e78c9b7d106b5f7
t2t_L1000_7467	600d92d2063f87368113e43a8e7765ab90d1a46181744456b41ddc86425fc3d8
t2t_L1000_7468	227e229e9efafbb4a89eee01dc986f1e3bca07d6df645824daf47490cc1c6c1c
t2t_L1000_7469	25499ad3e8363c4124d149ca3da25134f16e78a6a9bf90c7c392db95524d9c2b
t2t_L1000_7470	242359e436b575110bbd68f685c0d2cd824ea3101755f9753389577f1d6ffefd
t2t_L1000_7471	c16d646284138c7f824be91586caf4109e605a2faaa66fbbac157f08adab897c
t2t_L1000_7472	23aeb0b8d08522f56beae5af77f6c0db011074cdaeb3c0f4e06c592c7c6d8d9e
t2t_L1000_7473	e0fdbed53d80c288c2c403d0b224760314939d17dc324460cd858cc7ff65d162
t2t_L1000_7474	5d64eedfca999a27222ce1342e6ccd6ea722b409c3dbc203a354ee311b80a093
t2t_L1000_7475	25aa0800b149833194dff52843e055c89d5c2d4979e45f2149228cf8146010e1
t2t_L1000_7476	852efd66f7a1f2f03a2507f402324cd836b716c9cdff14d14df93394d5730748
t2t_L1000_7477	8044b6a0936a63b655db61f76ce26cff7a0932b28840fb63a0f7cf732c79e07c
t2t_L1000_7478	bd072dd6027b8dd84cc36a1b6a66b0ad0cb1d7ea85d2f480bf2a42bdb0164421
t2t_L1000_7479	2046c27d1660afe4d0aca2a36b139d7544b6a110739e9b3a345be937330c3a01
t2t_L1000_7480	e7192f767fd9bd8ef4cf1c7a6a91df76a9ec8bb81e7b57755876f0757a259a52
t2t_L1000_7481	c88fe9d7c558355e721333ef0f090c3a860763838b5e8f6b24e7bdb26b77cc6b
t2t_L1000_7482	13bd24a7dfa14dd9074a360f51aa927d6a2b0353b26a2dc8405bb03b994e6935
t2t_L1000_7483	43704f7ba44b457ca7da1e8a1a76cbb2bd10793522a0b94560c3812d5f1faa7d
t2t_L1000_7484	7a2d78cdbcfbcd407a2e854ae1d3f7d0b72521eebf5a47499e3b419c3066a746
t2t_L1000_7485	d09e2c3221d41d3e9140e3b7ff6375d80c61a3312739f6aeaef84e2bfa39c2c8
t2t_L1000_7486	0ee4b5a58335cc57846cdbc19515a6aa30e385934fbd6dfb4b3663fee85343b1
t2t_L1000_7487	c5424cccefd7b39f3d1afd32ce6f67aa3cf1cf208bea5ca8487644e8894e75b5
t2t_L1000_7488	6b791d0f61697855449b9af7382fe7dc5fbb55ab7c845573427b76b69051ed82
t2t_L1000_7489	ce0cb2c5841f8c00e41c8a5ae102b055542a6856037af9ca22a202b4b75be0a3
t2t_L1000_7490	c72cbf61760c5d9db1bb5411629ca8ec60a04554432d015028a089a22c41a9ee
t2t_L1000_7491	03e7f50ec11b3192caefa1083bd89282883f6633e5d87485e560527b4d82283a
t2t_L1000_7492	7bae5f1b51dd816402bba258b0007b78c007b013bbf5443cc3a208e5fc1694d4
t2t_L1000_7493	9cb8d1801f0c2ea81b060f2cb14052947766b50521c8e651ca6224222ca2b2fc
t2t_L1000_7494	43d3711ea860d1c6006967bbd2e1ad173710abf16cb9db390ea72f3473e9b86a
t2t_L1000_7495	ab6cd3955142eb2a1b5f3aba59d33e916785cdafbeb65c290d1a18494f954f76
t2t_L1000_7496	ed4f6d47fbe30726cbfa40a2202f06969dee8b6ad2756dc7472082864f4e3717
t2t_L1000_7497	f5fc6c10fd7f9687f0cfd9068bb6a5c6a9c90d4e4fb29d670d06a664c5e01bae
t2t_L1000_7498	3651b4797be3627bf2c0d64709a0fddf8f4a288c49da552de44caa88a7afd81a
t2t_L1000_7499	2901b482bf7bfec9f8e67f5d58bb1158697b5940420a15992a27924fb0d99c92
t2t_L1000_7500	ea3568819167cb08c904f8689c2519c6d0899f01bbd51f19cffb4fa3b19491ab
t2t_L1000_7501	ac8401be36b3da962dc5e8301cbd182e910bae61f1fede14c20f82762fe5b18f
t2t_L1000_7502	c4e2b3f12aea0b72ecc0b336e78e78e29eace36c4c7ea103287681a0948e751e
t2t_L1000_7503	addeb3a62cbebe25f96df62db86f2ac4d427fec973dfddee8bec51d116382b38
t2t_L1000_7504	e3bccc8549360699fbc1513941b1e864b4ec64bee4be7a52f05f3b5076bdba68
t2t_L1000_7505	40bb0c4a5dea923ac7dc2b6f4452cf6c01c9b75a5272fcad3e9ffd6260e5591e
t2t_L1000_7506	a3dd8c9cccbd3223a097c2fe63892653fcb0c36a5a5134f2c86bbd078a110aa2
t2t_L1000_7507	1f217cf291204af52ba3cdb4101636dfcba8ab2ae6c701e1bd865f3176028dac
t2t_L1000_7508	53c8dc874259e5b2f4642c871e060543a63abfc3710c9e4770bc99220e4b643e
t2t_L1000_7509	5f22da80f0460500888a9b536aee6acc774653ab084101010bc674b24cf6779f
t2t_L1000_7510	99ec7f5d3e0a8cd0b972a93136e5eb173a61c070ab7211a6bbb78f65faaad03b
t2t_L1000_7511	2dcf0d44651747093f4b24da5f1661aad1f1b7db89ba5c139609ffbaeac23727
t2t_L1000_7512	cf2a45642780fd3ac9a358f4382783dd3e257f65c4018baf91f024abfb9a4e8f
t2t_L1000_7513	0ecc1138e901d73938ac96933043371515630047a26bf111210bfd2d7febc6fa
t2t_L1000_7514	8d51ec7dfac9041446673cf46a57a9b24cc3039a44932b25ea0a485f99c5e081
t2t_L1000_7515	ac7d529092fb4aac91977e3877deb0cd67adbac51801c9bd65460f98e7a7e5cf
t2t_L1000_7516	bfa6ecea6535516e2d915caedefa7f7e1581d25bbc404a65832d54bb0d223761
t2t_L1000_7517	31a62c7998c2b98bf59cef076f6a2e899bb4ee5c21c5d08527f1155efd73d8dc
t2t_L1000_7518	8814031f7a9073e9c5d85a14ecac1dd7396078adacb88dfe1db453749c09d56b
t2t_L1000_7519	28eb0424e3d51f6bad5444110fcdf0647e33496554c0ec229690b6769c28e49f
t2t_L1000_7520	aa6431353669cfe26072fe5e8c80b2794940b17a44aa13e685aa13c7ad7db280
t2t_L1000_7521	03735e12a0efd6983603505dd9c6a3f5d8a3b519fdd6fc274dc322881dd0eefb
t2t_L1000_7522	bc518d8738570a0ce798c57abf75ba8d3500593cfa8f7fc76edea2cebf853d85
t2t_L1000_7523	d21a5b6762cde360ca165fef07aab9a4deb0f87c4f764880a4ff3391f5f9da88
t2t_L1000_7524	06104ae8e845724ba9d68ad10f5910e1f79ce98f7417cc9cc18409d73dc0f73b
t2t_L1000_7525	77a2a529fcb2594738ca75dfb7d41c19f3962e5de15e008cfd9783274a56037e
t2t_L1000_7526	5e551496926afb911dd14d4108a3b6bab18ac26926a160b404c3a11e18c540b0
t2t_L1000_7527	dbe2a18497720b7267f490556aaaf9114af2e397a213908f429032ccba040d0e
t2t_L1000_7528	e913ac6117c0e398eaa4f481394b1a07d355d918e3bf3a6867e4e9db11d4a1e5
t2t_L1000_7529	33066973f86fdccd247d1562a289a15fcd334e49e9233868c489578cac274d35
t2t_L1000_7530	d27f1614fe62c6175daf22fc23ca20e6e9dbf43c99cd6968005141648e9fcfe2
t2t_L1000_7531	4b84b3cb85e6ff75e27172b1152126fb113904ef8ffa42cf2a76ed78e8a5e7e6
t2t_L1000_7532	fcbb2ca43678770bf9a738f1cedb959d619c6b5c7c245ef1bb3eba893f97dbce
t2t_L1000_7533	8221c2a8d188205c281d72911ef9b2dc478224cff3c7301296532346cd80fbb0
t2t_L1000_7534	37d850c670343346bc2f7cb913eb9a6d215796ef978bb3184f7f52de0993e20e
t2t_L1000_7535	5dece20dc0ce6333ac9da66f24f424cf3950d6a18468a07d343238acaf182cb1
t2t_L1000_7536	0b7709d82bc3759a4262c1c68e59b094d686dc82c7b364d45368ef2e5a8bab06
t2t_L1000_7537	4ae4dd79cf9212153a7aab513f857a3fbcfe9b5138d2e1b4668b01fadf4aa8b9
t2t_L1000_7538	36007a9c8984e145285ff742a3a15eee43681c0921167101bde5c72e0820e103
t2t_L1000_7539	61a3460a26b1dea95eac35b53baa9b9b7bc3dc29790a3e6e7aca579e84766ec6
t2t_L1000_7540	58fa3e848589f40cbe4272d3baab51e50d4b05edf9a9c8a27658c161ea81233b
t2t_L1000_7541	68d26efe524d0f9aeee40b3e5d9168b62ebd6d0f59ecd03110626c523a71c05d
t2t_L1000_7542	c2c3d8eb15d88845fdd8ad74f9f75bf8adc374b3d7c02b07a7a1c6675bf6e147
t2t_L1000_7543	13f024ca567f2ecd7b26ab5d49b18bf68ce9ed494feff34270c0aa6b67ab6ff0
t2t_L1000_7544	1dbbe761a2ffec674dcee1a27e98328611181ab3ff5e0b0270ab881c2d7ea15a
t2t_L1000_7545	1865c04abe704b857af89163f0818b8936824812659ead9f68d61c7c758f408c
t2t_L1000_7546	005572afa10c8eae4e827c92e8f8d8a0716b6813cce334eb9540848baea59998
t2t_L1000_7547	5f88df02df810ff805cfb0418dcec0fd6ff1972439578e7db037b12cad24d3d5
t2t_L1000_7548	50db8290a7d06cc42843868781ee459781126fb5248f2b16d9ec8c2ee40454b3
t2t_L1000_7549	ea9a573f54146b9c95d5f0a7c2f82f452a1591bd3b165d0823977b0352370517
t2t_L1000_7550	a57b6f406889b415a3c8acca09326b58a0c738c4f1a4c7168ee7fb76ca6d9d25
t2t_L1000_7551	581267e7af9da205f8b79ee4b4498f275df50cac2127663880d0373652e712c6
t2t_L1000_7552	8a9ed8b485dcb32ca714cd8cf7d8a64b34b32cb8a20b9c662e9a0bb488f0580d
t2t_L1000_7553	405c033694f7bf8a52c724b987efa0e77db288187e9c91a55038639377c08964
t2t_L1000_7554	30dbd31c96958673df9648b8733db4e7f939def5e2857cb066c3cb2b46799325
t2t_L1000_7555	e3884707ad5eeb8a40a3e3232bfac9a6cb4f2aa2fd73698d64955626cfebfaa2
t2t_L1000_7556	913334c07d615e267229fa9ae6226f18c4ca3b14dce43e4bb10ff4ebfc6a209b
t2t_L1000_7557	d542ef6ac1c0a3c0153941335b4a887d0e73705e4387ec6ee79a141c4ed6f23b
t2t_L1000_7558	3641745d0e6ace628f3c6061557d8cae6f4625a20e701a4c0ae8939aa219e198
t2t_L1000_7559	c25cc8f556855b02672afeccb6dfdd4ee8b6076d8c1285de0015d3083344d3e2
t2t_L1000_7560	1fe157f8d666e4836115a48a65710373a0d37f585572be97f2def301b210619c
t2t_L1000_7561	05086ea2b0bf4037b70a2974591a4da151b09f955a2df0b738c054caacc45a89
t2t_L1000_7562	776c55e445f6fec8f45ecada790e948b5f34589eecf986c6b74723bc084644ec
t2t_L1000_7563	16cb94a64733e5e9a6d2f8ce7a0f4a9ccc350a986bba811e84b95e7b6982dabd
t2t_L1000_7564	996dcaef09619fb229777366c6d937afeb791ab70bc9e4098e0f60357bd6b474
t2t_L1000_7565	b9defe096b8333604d0648a70451b758b5553728ead3afd7250c43216a4191fc
t2t_L1000_7566	deab06a608fb636d3d1f70d32ef25abe0e7b0fbf69e698c594cc88ac277ec237
t2t_L1000_7567	10537972d047b1cfeac3f01a364557d0a3374a713ec5ee36eb0fc61460dec054
t2t_L1000_7568	104cece55ec177bfc82dea8d608bb89a9b85e13f550f09ca24e55b7b6aa70d7c
t2t_L1000_7569	1687f6843d61f4a0ab94c0ed14afffaa0398ecbd161f9f40a89efe01a83d60d5
t2t_L1000_7570	aa0c2b6c38e76c43159c17b69f7b118392445bce18ef358225eabed11f1cbd51
t2t_L1000_7571	ec807d96fb71962bdcc472eca7beeea1f91c5269ac7af58c31a103ad73de1447
t2t_L1000_7572	da83324b5586c1ced8752170227aaad96f0bc3df40599a713a54e6836382d34e
t2t_L1000_7573	b97508588b5f3d41199b55c71407c08be90c51317d76b6139f1ffbcab049a87f
t2t_L1000_7574	10594256ec2d89422c86a26948ccf3d232eb724121b39454dcc8b9fba64166fe
t2t_L1000_7575	785597fde43d06c0ddcfabb56066ecd10fa6760fe247d7206d7e2d1377784531
t2t_L1000_7576	11230d5f8730e4e3b63ffcf626bcbbd5a8d803a3c0702aa35bc8a3e7e284f852
t2t_L1000_7577	2975ebb982ff8dc4940dab9eefc4bcea664029b0661db4916e768ac922319c55
t2t_L1000_7578	f4c9fac86cf2533adb9be302da02801b4009527ecda83b78c5a67458acd0ffe7
t2t_L1000_7579	98b059577e77daa31ed68d2ee6ec65816564864896e9cc854ee557e762bf2841
t2t_L1000_7580	97055840a2d52ee8c041969d2874ed8706e7c3bc329c9e4ffc3c65e0c83caf6e
t2t_L1000_7581	f0da9dde377e6d450b58cf6aedf5c8f2fe6f67c57c349e7e95a3a3d32b70ab04
t2t_L1000_7582	cef6f295b94e861359f7a493d68e37ac6b4ab39e7aee546bc0434fdfed8d19f7
t2t_L1000_7583	edc9b6fec276ccc8e7ab0004e5b704bdc812ffc2d57f9f19cebe8d2841ca48c0
t2t_L1000_7584	4804319e0e96703554f3a7e62fe35478d99c98ab582b8412e47405102bd1f33d
t2t_L1000_7585	e5ed455fb9d935131fcfc13b480b7dd1bf59049cf67abf27b6874c0446dded1d
t2t_L1000_7586	f805c78f8d0f126d6f76330ca188f7bc65fccda961c9f450bcbdd16b3755b0c3
t2t_L1000_7587	c07a6e1a4dcebe306e7f51b45206c24b645c8c71a7d9784855e7512b580704e4
t2t_L1000_7588	7234a9367e33e9f262f69528523a89e87c3716d98a3f4cde5ca170178ad2254c
t2t_L1000_7589	dcfd2b4920959e6f0948e780ed6997e7f4e77ea76f1fc00d0634bd20d4c31103
t2t_L1000_7590	8e5d47734a70965856c829f1e3cd4a1b83b22dc19e892cc0ea0f660e51704f9d
t2t_L1000_7591	c99bc7f23aea31db217a2ee3c21a847b95ed7e0056b962de672149d5f3967a8c
t2t_L1000_7592	019c9117264abf1d7aef5920a5aa28f4156eb02e7427552e3b2cfa0f23c0d51a
t2t_L1000_7593	0dbf99a503943fe945f45189e17a8a78fa8e539a49ba76737b77d13c64677cb0
t2t_L1000_7594	5fa4c6854003fc57be86f69e1c360dcf6891579d62f3fe85d30d7679a50d8222
t2t_L1000_7595	555fc38e4fb01ac36d2948c55021ee613c0d7bf7d7246dc93ae38c4677e76cff
t2t_L1000_7596	87b127eb5cfd988d771a559e73490a3532f3248d11eca233a900bc6afc0d2785
t2t_L1000_7597	98780777adcb189a981e0e8289f2c333e99564413a5b121f4be4ae504ff282a8
t2t_L1000_7598	c47ec794fff00a70f418382242c719b4c6db8e3c8ad33bd0c67d4d9b7c5287c4
t2t_L1000_7599	de02835a462b00ebde8f2659f9a6fb86aca5ae995e30e27d54a27b47faa75163
t2t_L1000_7600	152393d0f7a7a06adca2d0ec20ecb8e5feb358dd496e2f97d5f5b5e188a9a861
t2t_L1000_7601	bb73967b208bfaceca0b2a42528c289b1abfe1c6fa918463e93ef1c4afba9f58
t2t_L1000_7602	2ea50754669cc41555d4819220d4d0f753b34057653e1451b07081761c1823c9
t2t_L1000_7603	ff7916ac37705a7743ede94c586c8993ad24216d2175cd2c66963e146a23f748
t2t_L1000_7604	079ab9c53c74e69367361fec9fa90763a5cad39da069d9c6bcedc36eee0bf5d3
t2t_L1000_7605	482519a5bc28e5dfbb470e9ebc3072654990c30e68f363364a0c5c93c9ffd134
t2t_L1000_7606	a3ef8bdb2f1997dd7d9e2a019a017301a42ff8038cc613e95e9dd46fafbe2607
t2t_L1000_7607	ca1881b6e4532c5cbc314174636e8cccb969039e7855106376c204f267a8cefc
t2t_L1000_7608	dcd8ff8e9338e297d683bb1ad8ea29efbc312a52f90a0ff87da225087388c677
t2t_L1000_7609	9629dddc5b881bd087d439405ea8e838faf3e7fcc63a5c8a86148e9bbf37f8e4
t2t_L1000_7610	0044206dacb5ed45fa16cd7633e0c618149217e59fc517a48ec164e44a160b4a
t2t_L1000_7611	e58c59b384a3e45972d92f418d5f20285f06b0fe2ef86a9c274c15a98534193d
t2t_L1000_7612	9add9c4e120a2959215e7d4086dcacc0e144193633163b44e63bb3df1f4ce6ff
t2t_L1000_7613	2aad93b64cfa70548cbba23d60f9f76f52172fd2cc047ca74d1d524143466979
t2t_L1000_7614	c88f69ecc4c7aa8f56580d49a4e1c714f7b0d7624eec8ff509f4ba799f17c02d
t2t_L1000_7615	5ad319cbdc438c3a6162e860e91e7a2a3b4949981b611a1022beb7d366ea72e0
t2t_L1000_7616	4c1312d7df37223b96ff1578601825f470090d57d3f3834a678f2966d26bb8ef
t2t_L1000_7617	784369df33e15b46273f4060a3f4a3dae68ad678e24078a8367a1e984ed2b38c
t2t_L1000_7618	6f9d44ed4c721bcebca1817772ce788695654c37cd7d47e49ee976ec0ef02d0f
t2t_L1000_7619	e64224135183200118ee25b3c65507d0bbc07b8b3d18db16f6d9f390ef48e197
t2t_L1000_7620	b3c7d52296fe45b682bc39c8f975d57144cd3deaaa78170911de38dafcc87cb8
t2t_L1000_7621	72a186f7995cebad3aaaf33101f4050131c8d429fd9b969ba0e304be374d2ed2
t2t_L1000_7622	80d3c7417b92792623b0e23f0c3eb237fc5f1539d800e9becb4c61e7831179f5
t2t_L1000_7623	cd62f857ac9bc6f824257152822e12665fad8fb8879a972f56d60cac6478b1c7
t2t_L1000_7624	5ccc83a8304e6850fa7ee86dc7e7077429a72c25818009e1b52b6a39a906ebeb
t2t_L1000_7625	fc8979583302cc2dd7d0ed18efc6473620b1aef03f1b7ecc839d950decb2497e
t2t_L1000_7626	f6d8febb51db2f41e7ce5076fb49e1dddd3d6956ffca781dd05b46775e991f15
t2t_L1000_7627	a8ea167a315917f1e422b6ea7678ab029710069974c1f30210f2b1a1e2ad2c84
t2t_L1000_7628	5401cc09a39a4f558f84e66f4752648151162b2c0acab40462a7584b5963ab08
t2t_L1000_7629	1d036e3d1e26c5414885db0b490673806a5e16238173db63fbcb9dd59c11e089
t2t_L1000_7630	709c4b2fcfcf5c8f99456ff2d4c7106ead14f97cd56a3a717a2c2b171459a067
t2t_L1000_7631	3a3a1d1c039d79a797955cba0c1288ae35d9ad3fc201494686214de940713858
t2t_L1000_7632	26e5f747baafb2e05525d7379c8fde88dd6a5e9bb489570a130a808c0316d402
t2t_L1000_7633	4f4a5aefe3fe6c43b866413ade0fabc136e5ae0d1597a9913f52974ff0f842fa
t2t_L1000_7634	b0111d856b6ba5fe2d40ac5114b4f3f0d5291720e516faa9336394977c051d21
t2t_L1000_7635	4cb91fd4702772cf787dc0c8cc3873ad1c0d71a840e83d3f9131f849146f4195
t2t_L1000_7636	d7fc599950663a0682e550e7fa7f17f83fd5040147533f1f26867b51eb99f049
t2t_L1000_7637	8ace57818a9ca35a236099b9680103ba7a8deebb67e9a5963e2eec90bc909f16
t2t_L1000_7638	2b41975130698189fbb0b15bf619f76c12e5f484f5a65158b1b7463166a9c3a5
t2t_L1000_7639	3c0e85942fb83136b077293f2a74204f0c9a1c464a634ac596f828fa323e78f5
t2t_L1000_7640	9b3a70545894efd5c669411bbeb957540b772c69446de8f136954e5ae388b9da
t2t_L1000_7641	282a9057714e739287cba8ac96ab2643a6d9b93cc84de4bd9e8192ab3fc9eb72
t2t_L1000_7642	e43169c031889a9a8edf70a366b835c004f95ac2edb8839c0b488d9283757f8c
t2t_L1000_7643	8dd0debb862ca3f330ed5d2cd77380c2871bbcddf3f085cdd03b26e785092506
t2t_L1000_7644	4bbe594bf794b7e13feaacfe3469174bdc83313e7ea2a3882833f28dfb55684f
t2t_L1000_7645	53ba5f4deabbebddcce14edd460655b13117ed874627efe56c0c3d9a6d083e67
t2t_L1000_7646	0dcc3f7edf118efeb60ea056257f3d87e6acc0afbde823713cfe3661fbe22c91
t2t_L1000_7647	0d39ad30aa171541750520ec9518e95f1ff61815d8047ab32dae032121b4a134
t2t_L1000_7648	8b7e4a2c5f6b0138621c018cc91d9d9d6f58654255ab8be09354f8dad0350d66
t2t_L1000_7649	e6f07092e055ace3406dca64c88bfe80c8d96fd422f08f064058043ff7905d88
t2t_L1000_7650	59154617c398260fa5d4259d5908640c815a9525da2180408136559aebd2ad67
t2t_L1000_7651	692c911a5a437e1fd4490c8fe72ebef41c41d686eda9ecc9708c002f6c843e4b
t2t_L1000_7652	5982d6c7f1093a172cb2815ee20943c663db4f2dc2509bcec2c1fcd6b54f7746
t2t_L1000_7653	3fd0bd71bbb1398aaa2b64d6364faec2ca1bfaa7b7254efd28e32921219fc692
t2t_L1000_7654	3157b1737dc9f984f71f5232bcb2f93605f10d4b7b60a54f21b96873d68bee8d
t2t_L1000_7655	7422c81d93357d1ad660de6a746d65c6765ae4e1718104f63d310f35e785c04e
t2t_L1000_7656	6fd3360b804b65cb0d947ce345d90060021147da7fadda4456b02f751f5cfd09
t2t_L1000_7657	ebbccdd79a916024cd89700a4a64c2223cd59340c5c5f0b97acf76f6e69bcd48
t2t_L1000_7658	f969279b03bb6c9f966e6db460c193c46d4fc6460cf6b655eb62c61d1e7e01de
t2t_L1000_7659	7c607818bf926176edf265f59f94eea64dedf4f6848bbb9efb14f97652305e11
t2t_L1000_7660	ea002e69bc9893800952da7233f4807d0cd0467d59314a0b68bb384dc7783d16
t2t_L1000_7661	ce3a7f6230fa4f9d87795aba4f912550a072f132c75e5e15b7260ba515880909
t2t_L1000_7662	08b0b62fcd1d12218b122167a81d16f7d3b98f4ccd0eedfef9b5492803115d37
t2t_L1000_7663	9826eb6903279501485daea4c120305e05ebab0e199c6ccbf71da0a0abbf72db
t2t_L1000_7664	ecf1a28526b70374949c640068daa7386843d668b9ac5257b20b3c28f392ec5d
t2t_L1000_7665	9120d1707484e943657dbff973e29d3d68c2859dc54c437c2a3842eaf4002242
t2t_L1000_7666	ac1e1ca20fdcc49d9793b9a8cebd1c79fef6df15f9de00e46900cc6e58cd81ce
t2t_L1000_7667	422158ef22067d152c20341ff84c4a991f4c572c39de08d917104f4d2d4d2c7f
t2t_L1000_7668	a86e57596c16c7ebf0e666d7a883f3afd4b5fa7d7b4ee4e5b0fd0851eca50849
t2t_L1000_7669	cac61ab75d86a89a2f2081667d64aa6bc62a0e6f0ee670e9c9d1947e03a1669e
t2t_L1000_7670	6a1c1da401a6e3b97613b64a925c5695b0f5ed3aa8adfcbfb2d2232a8ef67408
t2t_L1000_7671	94989c4e68cc8ccec7f40a2746b9c6c4b906cb45c1044ee03b4615bfb7d05ae3
t2t_L1000_7672	310a53422531034dc3291532be98111ca6dd3baac781ce48be76237a1367e40f
t2t_L1000_7673	6e2fde8dccde7ed1080a083cd859e8067a070c1ea97cf22565e2024067afe880
t2t_L1000_7674	9b9b1d7aec88d5bd5412c28083aaf9bdf61350d8c55e24fb18d9e2b55c0a46fc
t2t_L1000_7675	113a928767101df6f4ce0dd00a08b7ea0026f02d85e3def14c49658f8dc1dc49
t2t_L1000_7676	a114f20d04c31a34aa7a57dd36c61d3004e9b040e2322da7779cbd3cc151d735
t2t_L1000_7677	9290a96bda6188968e76e555f69de6dc0a1bea11b63f9b25c0d23879a4ed5750
t2t_L1000_7678	71912f0b7c4a0e748744003006c2d03146831a01a07d285ec6ef5e5eb5207be6
t2t_L1000_7679	4f819f6d1bd3c745b059dfd13df3ac2f0a761f27f19ac54ba3938c8ba7d7a62b
t2t_L1000_7680	62ffb3c5cd989b998d4272472702135f9e72dfbe0ae8f95a4192e855f7851ab7
t2t_L1000_7681	7b9102314c2b81cf0cd5f3c0f630518ddf452be50fd6e74e6eb4747efbb66e8d
t2t_L1000_7682	c7aecb0bc37260e3744f7a8dd6852977b5fe5f394298c08ac0af595426924777
t2t_L1000_7683	2f92dc5239959f1e4febb56e15855e7584a076239389a71b0e0a49f796bb1875
t2t_L1000_7684	0e9f32dfaac4eb3776b35be7a328320d1ce341aad4a22985ed1655ab2031bd23
t2t_L1000_7685	2f54188202fd409c7ae96bb604fee2e79dee8707c40a58af6bbe18aa3f0631fe
t2t_L1000_7686	0864f3f17ac8403b2848fdb7e1dc7b25296ffe9e78768f98da5249fada7d37b6
t2t_L1000_7687	4b8ef7d4a39f8b51a87e24803ff307bc365480a3585413ac1de558bb2629762b
t2t_L1000_7688	0188a437e5c6524df7e0f3aac224482ae1ca1d43765606d577b46b80e70034d1
t2t_L1000_7689	f639d32bd74ce0a377560e78f0ad2c8bff8bd7d75b4a8de81b6efc95adab350f
t2t_L1000_7690	14291a73bc2ef72aaffd0eb45741bc83111912053f4ccc50fc1c65950f16b6fd
t2t_L1000_7691	76a52341416093ac3071eaa17a0a7a520c3f64144d70048d50be2dcd76730fba
t2t_L1000_7692	56752af354640761312cc4bc8a751197daa3da9223fcc8686631e722ce62cec7
t2t_L1000_7693	8dbc0b4cd8a73546915dde182a0e38d949f05448caeb81c6bb0cd2dac988098f
t2t_L1000_7694	9477a27f349078fb2a924a8699bfcb03f185f2ae8cc6aa157493877ba66c23b0
t2t_L1000_7695	772cfd228ada2e7bcfa5aebb33db8ae2b10602f80dc71f32496cdc07ac5d9053
t2t_L1000_7696	068d585a90932d66f7583cd9e417085780213676eaae7cb1dfe6528a60617205
t2t_L1000_7697	36c1aa133154055a9d32a6733526a5247584df91757ff9961055e9fe9cfd7f66
t2t_L1000_7698	67477592c03114e3e108718f1a6b3844263a3378f67a69897ac6152ffead8f92
t2t_L1000_7699	e467ecc4367c1fea7152e2e1d4a03adbccee35df33fdb6466fb0ed8518188152
t2t_L1000_7700	38930a74fc92ce04209a58ce617b025268ec09bb5bfcb733563888416308fc26
t2t_L1000_7701	c886931cba4d8ae7384af90412fb60616f5ea800769c779cacb298e732193926
t2t_L1000_7702	b48d480adc313f8c272491ea5aa3e57cbd01950bad7560416206d35a30b18fc9
t2t_L1000_7703	9578a727076ee3f45ba9945010997b0712c431f7289a5ba60fb9116b4ecb3e14
t2t_L1000_7704	6d180d41132d207a5d255ae048f32ec67ff930376d67599563f0e6e1876f0c75
t2t_L1000_7705	c972af34fbb0b911057d02ecbc3bdce6a4aceeea50ceb3118094e708a50bd448
t2t_L1000_7706	22398c3526cd065e5453803f4b7d4e3c3568cb779115d6a169892bab18a01e7b
t2t_L1000_7707	666bf836fc281e21eb44bcf9336f58a1291e97d2764c3c0452d458d6e0f1c1a8
t2t_L1000_7708	7dc6daadcf5e2d7656bd7efd3dd7edda9636d2c7a092979250f7b397f8b8e42a
t2t_L1000_7709	407af080a21d1fa574d3f8e6415df665799dfb3f209b7e1ec190df78ee330727
t2t_L1000_7710	c8344bf634c18f192a0e6c8d78dda5c0a9c12748e1a936732f15153ed7fc95ae
t2t_L1000_7711	123a29381f087427ec80ca58341f75dac0eb63cc54dbc8f86950ec18d7c2f3de
t2t_L1000_7712	529b9c1a3453b8778d8a3d3e4add0e923e25f0343e4fa254cd32d3c901ad6e9a
t2t_L1000_7713	445ff971836be90b5a9f3c2734d11ebff5031c23a106c351a67271a4094a6e0a
t2t_L1000_7714	3a55aaa96627b79a2c2be168f1f0fb478946adbab9810b9bf0b09a606e86bae8
t2t_L1000_7715	c5869009ba97ff91f4d472a21e2dd5eb37e6227c0c83f00c6309f9cee686bd1d
t2t_L1000_7716	f88c5375b1c1362ccc461c546f1cfd2a7f52d5025017c1b182afbdf8e4bdaa5f
t2t_L1000_7717	f7acc2d3c2c3a6edb8bf439eb040db2f7b1d0d3c18fee3b1b0791c463da69c52
t2t_L1000_7718	8d5214501bf641cde1c30f098e20d8dd16f3069933bd19e26a22313ecba0065b
t2t_L1000_7719	62bd7dd923244be1b14df1e28a56d77da4718c232f61d50e8d216c758cd99464
t2t_L1000_7720	838be4e212dd84762a948cc4cc081daaf781fad31af4e5b6799523ee22f1b8f5
t2t_L1000_7721	a53897bfe3418a8f2e848145c3c8cf61e1d30d4c5d11a4dace80d7583319fd37
t2t_L1000_7722	b1e1c16169500d11456b0b2da1978e50cb2b38fded4fe6064b1e88937ba5e341
t2t_L1000_7723	c64dc764d1b4d30010a6019562c0fb3d95a370dac4fcae530d171d33c495d7c0
t2t_L1000_7724	39f329894ae6e4c1bce817cf97df798edcc0f5d8c9ba24622de90de21fe63b1b
t2t_L1000_7725	a357a67bb7a4d114afb1a12064d405e5dd8328bd0faf77a32e1f1a949a7a411c
t2t_L1000_7726	99129947be85632d73f7b40bedfe8db358868b9125679c13ba045b95c0afc232
t2t_L1000_7727	782a495747287ac7cba80ff067998ca4fcca2d0dc824a23f0bb05129261c6549
t2t_L1000_7728	e0c2c5a39d3d1de4404784a22a82fc5899492d340d78119c8ca790f59c60bafd
t2t_L1000_7729	a161af6c2b1145ebbbe39523065711cf382b2aaf8dfc2e5e194a01db3e569063
t2t_L1000_7730	2844fbd23f4fb653314a00d3bc8a419cdb14edd8ae72c7da6d2b9fd55f071f8b
t2t_L1000_7731	8336858ff6940436e607d843e4b5527f9987174d131a3bc40346f8e33f417582
t2t_L1000_7732	f2db65ecdcc7613b56f1eda2cef5fb13caba67ba12953668a4d67371dd946d31
t2t_L1000_7733	b05449ae5d403dd84250cb48405c45e2f47ba0c9619e6aa8a501964420d3c3e6
t2t_L1000_7734	1941e63946208754608a3dccccd5d7f965e7d205f5363e846dfa685a4e2a1cf7
t2t_L1000_7735	8aa379c6cd3f34bc0c356a5088f1eb63e2025aedf056d8e74906397e932c2dd9
t2t_L1000_7736	5d07207fbd7f3913839d1bca2e2195d03a18bd9350a6a3cea01556e894f9a8b8
t2t_L1000_7737	88ad2f7108e1796a339a12aed6809b83fb50c67988b223bf2e96e136ce8a7cdf
t2t_L1000_7738	6898bad08f9bab6e0caefe17bc9751dfa3d044e5a97f02007d2e552a27caf6a7
t2t_L1000_7739	330238fdd1a3737b026d28a8db8da37664cc6f95ad71810317e13a8134774d30
t2t_L1000_7740	aabf8c109ba1341accf25ec96be69044633a2d557f5fba8cad842c6b89f15f7f
t2t_L1000_7741	e4dac8b3fcbfe9c3c9d8bd01dd55d1f8210d9cd80084bd47f9d13aa2f460ed1e
t2t_L1000_7742	f27beeb052b728bc01050a652b319e827e72ecb7ded1fe430ce539e3db5b3ae3
t2t_L1000_7743	4d5961237de674088439107e398bf84cbea60ceaafd87181c407d6daeda8c50f
t2t_L1000_7744	ae136921ce2d5f91ae990a7f9d6b534ccb0389bc80a203b2cef6dac3e30fc8f1
t2t_L1000_7745	bb5c35b6229abb92af28bbff6f6c297d6bac15fcef6efd229d159434118241fc
t2t_L1000_7746	00fe3c666d566754f8eec27cd9c4854dac976de79c52abaad3bfcf6259cc8cf9
t2t_L1000_7747	5d93588c0529e3ca7d6e117eee1e8d031fe769aba81e5d2bfc2b54a2df9193ac
t2t_L1000_7748	5f3dc5b0d852758d8d880ef718867c18d2ec297de93eab50741d73574b4a5417
t2t_L1000_7749	c1d1b95a6a12557b48fbd4364c0d5271326ffe1dcf057e952c93520040b713b4
t2t_L1000_7750	500227bb200986eb639d5ca2965d13ac94455d51086c7341af02f61fd1b0a23f
t2t_L1000_7751	2e3d8397a29824499f78dc2adc7b757a8fc30ad53a738c7b029821bab6ceadc4
t2t_L1000_7752	b6105e0d6692a07bde33b13c014e865314157acfccf2dc4022e7f761feccfec2
t2t_L1000_7753	f5e4e373bd86892bc1f273e65febcd88672443d632949929b4189020aa4d1938
t2t_L1000_7754	4b050595a44dc8f7de1dbbb3ed2a2fb4af564b04155795a8449098d5f492d260
t2t_L1000_7755	c86afa825f10d7588a7284a9b0ee5607bd0f9509e6e571d5d41304b0aeeff01c
t2t_L1000_7756	3040cb01702ee8d1fca2c4909dc0b324b040afbbc8a300973444102a6c8ae4f2
t2t_L1000_7757	d42535a53f81920552faf99d827a1c57c632ad006a90bc063d17f842a13424ab
t2t_L1000_7758	13d6138cfbe7bcd12d918388cd188f92525ed560f6d9bbc50295d6679735190c
t2t_L1000_7759	707a11dd577b38df73ec30d017de0b60ab86e168b72e35e89f9eeb998fe3cb46
t2t_L1000_7760	a3a6bda79cde879310ef09fadb87afe95171855fccccf42539a5c0f080fec595
t2t_L1000_7761	edba24351a54300383c9796b7a066b5801ff36622dc54a31795ffdbb6511b505
t2t_L1000_7762	4428cac52cf12ec0c84a1cdafbecc5589de43f3aa9140a55e15e51bcbe51366f
t2t_L1000_7763	14c174127c73dd856474d65a382e9a17697efc8b4e676fdef6e7caba8597dd3b
t2t_L1000_7764	f65765e14f2992e53a857ece630b5b9bcc35307b26ebddc4a6c6229738832d52
t2t_L1000_7765	2fa61d57280713a7e9976fe2ae6dca17d0a526d82267846321b9163df25fbab8
t2t_L1000_7766	ec107ead726268916a9a65b56d2e196f9a6cd467910ea83aac16baab59f0d193
t2t_L1000_7767	db9f71f1eba3fc7b112eb809ff36fbe4aee883cebda05a28471a394f7fcf9048
t2t_L1000_7768	d84e5e11e49ad60be763c841178293ae293789b5438d153d49cfa86439e4a2f0
t2t_L1000_7769	ad8b5926ae055083f16285f55480987c54d5b67c6cba2fbeceb316916dc05588
t2t_L1000_7770	8f0044db81f3f9b302366f8833eefae49ea612c4714955e44ecd8272dbb6ae12
t2t_L1000_7771	ac2e824f16b5f038365351df5fb13aa8144d3fc56d8e8ac225f8fa17e8116907
t2t_L1000_7772	8910f9df16053ac8969dcf173bdf31c53d8a4af3522dbdaa8807f3a70891f77e
t2t_L1000_7773	f7fef3463636f4427b071b869006cb62eca65b9ec0800954c23202c1ef89c125
t2t_L1000_7774	4e36c639a095381155f6d6c52912088eecc76fe935d007115bd005ee28d4e709
t2t_L1000_7775	ad49d7972d93778be3c988287a81b9d50c0e426f91fa6950d27aec910ea0d02f
t2t_L1000_7776	e445bba00634e3f081934fb22b85f9cc8d39bf3e6134a41dca0dd2377804a5e8
t2t_L1000_7777	dddeb4930267f463981152cb2ef418bbc89bfcf8845127db681b87791c245b4c
t2t_L1000_7778	83cb377d45c4bf9c0008774912fbbdf88d4eef1e05fa6d9ce9295e3ca1f44c3b
t2t_L1000_7779	0a49c0159f43967f3147d74f8aa9647184a4b9e0db9536d3670b5dcd2e91e992
t2t_L1000_7780	a17ad800d2500ba3dd64830186d71ae1ed613c4b18a41f4d770a13d59491e974
t2t_L1000_7781	f161da20ef2cd143b31a81810c586d8ec31c17c774b1f4affbf2a5d174107e50
t2t_L1000_7782	09ea4723e6537e4b5c412f4ac5eba5394f4e8d111cd4c4b52600a8c53c3243e7
t2t_L1000_7783	69d072b2c3c42a55103c80423a7f1852be9e15416980e80b371cb5b84c264fb4
t2t_L1000_7784	2d1006889d63878398b1e07f3b7885bcff6e174a1d2bc4bd3fe7c84502d45c14
t2t_L1000_7785	1202634ba8baffc78991f2e2b27923b908de1fa142af0c10e031abb47aaf3ccc
t2t_L1000_7786	c848d1c7ea5274a02bf32c3eb65449431a5288eca812c78b49112c4ea9b9fe57
t2t_L1000_7787	6bc951658df719cf3f08d25072d80800bf793efe07f338c3debb5640b3379255
t2t_L1000_7788	4fc38a8d3601880928a13ac7fc1ded448fe5d2cd9eabf61c866c0d91035af1a6
t2t_L1000_7789	95a2ea98e77dc041440eceeb079373a7a7038dbeb476338b26682843a2161b09
t2t_L1000_7790	4aec161fd54573ba89ceb2f416960bac8b5c48b89124e59117a99482b003fa4b
t2t_L1000_7791	8f5f531a354c4fa323f552f128d8672ab9daa8f019d4d54d42767cf11a2caa86
t2t_L1000_7792	1d657d4379c8637c9a81d1cbdb2eee4bd6e588a3406336be73e2efbe9e079764
t2t_L1000_7793	bd0d35709a2a942b21a2198099b2dc2edc371ec8e5cffeada233711082219e3e
t2t_L1000_7794	1e422ca5bdcaf513169e920a55b3a489b5e0ed114708f93b95531bb44618de02
t2t_L1000_7795	3c7dce61f06e6b757bf2404049af1d74c25e78349bd55609c11a1e8184b57d09
t2t_L1000_7796	45d74567eef0b0641314e63dbc9915df441bf6b41a6ed6fa7c98f550596bfeaf
t2t_L1000_7797	28a41a2711c7ed7608795343491b0996806e509a31bbad520ce819ad36f41e60
t2t_L1000_7798	da39d47769be297b89ad6eb96a3f4f2046529eeb801c08b7d42e481d7d65bbf1
t2t_L1000_7799	38080d75abc80f4dd6f33d73e07d13fc394d8eebe6ccd2f3de400abd4071bab0
t2t_L1000_7800	1b1c73f2f2539aea8d0c636693c912a9f8a69e59c4ca052e05a62a12747825b2
t2t_L1000_7801	f042146fd13e0efbeeab22f847aff771787e4d02d3014c46c21417b54be8b594
t2t_L1000_7802	bd2d237cd9690ee5e7c68713804877e8f5a783b5c86d3a8e6b1eea1a1ad2c6be
t2t_L1000_7803	843b5484687fb36486958d9ed4e91c0ddd47aedc73b299def83b172ff4994a2e
t2t_L1000_7804	e46e711cd707978199ca22b97806c5efcd1b67c46e7852eb7d99fead7da30c66
t2t_L1000_7805	1634ee0b6ce7aaac79072f505aaa53a5e56573af19f10d637e0fc95e474f6704
t2t_L1000_7806	c7620d4150e4f008a36dbfe4b2a853fcaed5925b25e59a5836bde65efa7b467b
t2t_L1000_7807	0115170cec5891bd90c7eacc6a501dbb62e3f8d5df4153715ea483a0011dfdc7
t2t_L1000_7808	756d9bf953975c415a5baec669047a89a1f3247603d491eb634ce40409fab120
t2t_L1000_7809	f4396be701e043f15f63beac9660e8149269a5a3bfa2399d70d34bf3cff8cc92
t2t_L1000_7810	b16e129c951bf46fe16515f3619877efea4d06ac239f7fbd5ac5d9ceba43554f
t2t_L1000_7811	69e32f311ada68a896f64f0b166369973c046d77b6769657b99ec678a0e47428
t2t_L1000_7812	de5bedf4cddb5440f0abb3bf4f47ee560baebe6ed5f8a357b60104fb0dbaecb6
t2t_L1000_7813	66a64d4635d025f529956a54cf1177f5c30eaade9952e94c9d1025fcc94df747
t2t_L1000_7814	84762b1467fdb5aa23dad688039c907ab5c6266b262326261a073cb62a343650
t2t_L1000_7815	193e4518dc5f1f20f4b9d93bab89a5d3b274bc11a1fac263a5b8b5a0bedf11b2
t2t_L1000_7816	4b48601f1143eb70d5d920fa228ee86e6bc3acd1b67ca0aac317e3bf931a020f
t2t_L1000_7817	c048cb88b2383ff5304e36417db065bc41cec8ec75c2d355498f35a7a0c327a7
t2t_L1000_7818	8e9630b50b9c5b40d06fc973a97860397b88d5fb31f405840b8ce8285dc6f755
t2t_L1000_7819	115aa3ca1556c02e04ea7d66c4de9e02b0a85bd096f1fc76a3760ea770db33d0
t2t_L1000_7820	b2f3f7a7dc7c5e429817658ad7831c2747c6ede20a59df000dd9c39c4c2d3ac2
t2t_L1000_7821	2fd47b8bad1dbeb6a5c1f97eaf014f4d967ae89f88049228de89271ad2d3ee21
t2t_L1000_7822	80ae0390c42326ec7430defee48f98178a066920284cf2380c78af43138c0517
t2t_L1000_7823	abd7065bbec26683f7f930c785242f8b6bf88b4b6a70d57bbe05e1ef23d522f5
t2t_L1000_7824	842b9a55400420a8dc16442959570bce5f441a0d7ec2f2fd43bf5331e4073189
t2t_L1000_7825	573c50c2665339f252bc0377075ff092bf6e48a567ea7cfb6e46f82336697984
t2t_L1000_7826	a12cc768be49c20fa9cd44d4de60ca630062318cf7708c5c9544a11bb063e438
t2t_L1000_7827	01e9b9be6390fe8ffb930124e6cf4cc10121529fdf98391a7970edb4dab7d7a7
t2t_L1000_7828	8778a8187f0c144be64ec03be09a1ad5b5a4f7246f78989788dc8f32384d9917
t2t_L1000_7829	b26bfaab888bf33a6a7ec8ee0c2dc9d43869251bba4193684c3ff8aa64cabd93
t2t_L1000_7830	7775d726a0403a5daff971ccef35989ed845b4c71ffc7fcba1263fc3b40a2c87
t2t_L1000_7831	d619b4ea8c7bb8726b22859c1272c5998266ee7f4ab84737a579d2abe75dd5a7
t2t_L1000_7832	4e9345acbe4c61382272b5a2c9ef37be64665c6ee882c2bcf37bbe9a7ed1aa41
t2t_L1000_7833	a07ce1baaf9fe2e6cf5cce86478a0dbd07988fb2d2ed57e7d247f0dd61c7f9c3
t2t_L1000_7834	a854355b982ac24bfb44334b99c01c02dd7f1262b2ff1c2879c1dce1f3e1c8ae
t2t_L1000_7835	7f60419a75e57173a06785a9f0d93d67ce1e6393559fe406a9705919ee393367
t2t_L1000_7836	7c80e51f558c472338802f56f72d5c396f62d99da99943db45886a85362bf663
t2t_L1000_7837	f702f98aad7db64b3b92c5bc0ed639f1cd3e69bafecd5d4b87d22cc63f24ce85
t2t_L1000_7838	f1fcabbba0de85a31d6c33480adce75b22b4c392fbdf8627fb1acb6d0214b8b8
t2t_L1000_7839	f8a8212f2274ca6f8e7416340c1d1ffc750f572bbb6575f5acb4367c33a8a0cb
t2t_L1000_7840	4bd76148679f4419a30f718298a2a736ba205f7c76d73e205597ff6cbf494cbc
t2t_L1000_7841	d11fec8af29c27c7715cc1b071c6d6e31e64d010f3161d1e1b0e20647b0abc52
t2t_L1000_7842	c6f2ab6fb10c9fa67c52134b4315288fd509915fa4ec503e278f5bb0c26d9455
t2t_L1000_7843	5b4c29e16da2ed1015df3389ae42c61aad815d99e9a2c062107340f0def382d7
t2t_L1000_7844	85654b181110a2db73cb3839901af90761d1cbc59b93663c22853bb51024e6d0
t2t_L1000_7845	e49f64d7eea18f30cd40de0a6bf5a95bb2212fdcc2dea5c9fac3726a9f91cce2
t2t_L1000_7846	ab74861c6e9eb01f9a60a47e262116f421492209f5ed8d5ce98148448b8af0d0
t2t_L1000_7847	aa1783640539c56a656f1f46dc4f8c551041e3ba15e0239d4dc0c64c7f38bc1f
t2t_L1000_7848	abc8becde915edebb3eed6755b69c507b29b48ab01985ae20d87a63e9e224049
t2t_L1000_7849	b3aba6c0ea6a040cb1cf9843fb2a9518d474eff1127a15fa1b335ab4d7230946
t2t_L1000_7850	4e2889426710a2173f320a1da397fb2c151828979a5be093341296c93755131e
t2t_L1000_7851	8a0be5a4a60fe118a1d0ee8d6fc0cb1a2e8862294eeaacfdbdddb6b13442be51
t2t_L1000_7852	b244ebd068bac5279cf9d87ee5d5ea61c53144b59d281102004cfafd5d401edb
t2t_L1000_7853	5f070b643765177ecbd1553ad74517caa908e4dc71fef7445cdb30deb0f75d8b
t2t_L1000_7854	18d72d40b51a4be77514538c2d0c786a2aa5cde75a520278b6a0518450224341
t2t_L1000_7855	6e071104bacec909841251018b50b36e35f222e30680aab69297b67649a9bd43
t2t_L1000_7856	5cf24a8db5f0947afa8ee2b7f911afdb9a7406bc1f3ae5c5eaf7d8a4bf347257
t2t_L1000_7857	9294bb838ea01740094bc9cbe375e44f020e249e4c28848a991089f18925f233
t2t_L1000_7858	6f7458a83640837e2d4290865e106d1e04c9788bf919bca343261d602faa8216
t2t_L1000_7859	1baf8615ef6136c26d494be570fa3a9deff259b0134231dbbf6dc9e230840515
t2t_L1000_7860	2d04336704433f4130a08b0c0f6a459902aa133551ac7d10d4e1a878f8e3ea39
t2t_L1000_7861	5faffb5bf92f62701fd02bf5683d7aa87e30d861d27f0c3283e8e4e97ce3f5eb
t2t_L1000_7862	4fe7b4cb98191db11c0f87ccf85690904004a03527b95e4825e466f034feb996
t2t_L1000_7863	a29485a8b7771a59edae3121062644e1b636fa7fbcd6910aa9ae1b34137072dd
t2t_L1000_7864	c40dbeb7dea7506ad26981c4c573fb301c618acab2c557cdc1e1c6397dfe9c16
t2t_L1000_7865	18bb8ea3765d0c782c2f54143d43dc956dcc6d3e3fa9c9a13964950f4e667bbd
t2t_L1000_7866	5b3162fd9fa47eacf5a641a7e30d5094d3db42bc3410d4f9751d701c8618e584
t2t_L1000_7867	2df8a01d5465eea823a9b8b7ee4690169255fea4f1efe4035a5cca95c0169dc3
t2t_L1000_7868	9a4869058571c571b3fb959269a07b20b64fcfed7222be0a8c0f3cff2105cc9c
t2t_L1000_7869	7d57e186152404309c89b1dffa288f247c76ba6e26d96a279ec93e73376d721d
t2t_L1000_7870	30cb54ad04d76fa87cea77a251c9451e47c60bc36d8f03197ecd9fcef9894370
t2t_L1000_7871	ea6c77516ad796a30e46a413af439fb770af9a7404cdf1b323bf0600e8700bbb
t2t_L1000_7872	925a21e24b36ee4902ee40b900439f4fac61ffd94d3501f35699f52440b56a4a
t2t_L1000_7873	328b04b737bcf18ea399d1bd5f090fe54ce00ac1cf5b4aa9ab1e8c1514c04346
t2t_L1000_7874	f30a16b01cca75eb4d0bc856b6e40b3cabf72a2a1ed393aa0ea72442ff27e45f
t2t_L1000_7875	27cfcb0dc6711119f198d7db71f85e9a12a37dec7f8f1cda9a893c2553d0fa39
t2t_L1000_7876	96fbc85b9855cae12a8010b9c6e3ece24b3a7525c24ed0475320ad0765f2e753
t2t_L1000_7877	cca0975db033856d4e0dfeef2e360abcdefdaf1386b70c0541580106e9efa3d7
t2t_L1000_7878	ef58c6036e5f34aae310f52b2679ef31b7ced7fb69f5d511af92f3efee1a8ce3
t2t_L1000_7879	acdf69da21bb068819f191594c54c3bffe56066204805deee4544b2686b4b18f
t2t_L1000_7880	e12085e9e71f7523b584bbb180d9ad3cd2a8d685ec1deec12e96ecfe28b2fd32
t2t_L1000_7881	df924b974d867d0ef78c7260b858748f1ae58391e42d6caee02062265197655d
t2t_L1000_7882	7c9bdc3fce8653aaec8ba131e939311d3acab5cd2e3fbd67d7e65a80b01d6059
t2t_L1000_7883	16220be4f435178626c90d6ceaf893eaf61cef022e5e2058ce79c7e364b8e4d4
t2t_L1000_7884	efa1412353ecd19a8be35567fc7c3735d9db5474476f0598e4e1edbe9be2280e
t2t_L1000_7885	a6d23226670ee8964ea4389129cc283b20210bd212e3687564e239c28ca93f43
t2t_L1000_7886	bac0c9afbe49214eb78342f41fe4f6a8f1d6c1e5c610b1c15c6811e5c970c8f4
t2t_L1000_7887	91a0b6ce173e9d492e536b6a85e5c1614eca13e1ed6eec5938c5c439d8b9c39d
t2t_L1000_7888	0d0deb2fa59b397152190a3ec14245b7ab81c5d8f241e253f36d8af29d8e9279
t2t_L1000_7889	a825773b340142a6998783a726dcb27c555db0cd8f74b81efa2cc567960b48d3
t2t_L1000_7890	ee4bd2f5c0ad38f28de02bf96e43d139c170c1e127d64db62c078f489083b790
t2t_L1000_7891	0afa0fb5806394b63ac285d25fa2cbb96a4f5c66b5bdfa7ea1c8203d61ad0e0c
t2t_L1000_7892	07f28a12d08581605793a66c71c2be703ab8768f5ec7d336a8eddf1bd8eb6742
t2t_L1000_7893	b964696f3fdd724a07b8a45821b2b207845d4b5658dac56c4232f07b631200c4
t2t_L1000_7894	64c956af220e104dbb098870a1dbad27af9f490729d3ed1c3af9c8c092277748
t2t_L1000_7895	9ec90e5b7fffe6f70971deae4e3308d45ef761ee901cf1fcc04cc2612f53e106
t2t_L1000_7896	2f1c45faf2dad188bfb6ec9e30fca9f0d09aa118c196f7502c0536502bfd7452
t2t_L1000_7897	9801b6f404966f70a27a48e63c36f1666fdc7cdb9954d4fc2191c10f36bbe486
t2t_L1000_7898	a1dae61f9793e98d7b5d7074028159ca9b2036d2ba7c827a52b24e7433fc54c9
t2t_L1000_7899	018860a57c701873c032ff69b7a6baa58ee5d8a898a71ce6316cd9204980d2c8
t2t_L1000_7900	51bf94fdb0fff9029e27232005b74b241e2d1945d0022dcafc41d23e72491cdc
t2t_L1000_7901	8c45f6d76770772ac339f10bc1f53edd0264c2cb9b98b95174651bbafa972816
t2t_L1000_7902	3a8956e610207b476e3e9dfc00d8f7aba52367561e104f41732ebce078f2dedf
t2t_L1000_7903	f53458a1a585893184b5963f8ded798d05fb339636a55437a84eeb6e18b2f6e0
t2t_L1000_7904	e081b2e5740c1514715c3f3161b46b7781cc477040045b9a9f0cbef36dc842a6
t2t_L1000_7905	8d49afc48961867e15ffef7ecec78494457db5635d98373e4f1daee564e43faa
t2t_L1000_7906	26b1766c67b8292191b6c7d79b0293ff51ef2bb631c595d5882c55ffdcf7f4c4
t2t_L1000_7907	44412969893d9441c85fa6e131423773ddf2758a5e7ffe845c15097a66638f73
t2t_L1000_7908	e76c622a2519240ebfde83d1b2e1d6f946838a155eb56aae713449735ebf307d
t2t_L1000_7909	a6e0c2568ddeadaab66a8c54a56c866a1f3780cb2e4defa21e106153cc91162c
t2t_L1000_7910	2a4717736ea398da7614a8ea2de29e470bff5dfdb44c43c47094e1731eb42ec7
t2t_L1000_7911	27ff1db8d99fe30a29e73b1157591044a6d385170cb165fcae6e9d070833ae42
t2t_L1000_7912	8744b6466a208b0f42d156dbbef4013fbb11693205178e5f2549c49e2fabed9e
t2t_L1000_7913	c81f9b0d6232990f01f198a8e6d00c014bed17e1f5d0fbfa1e12935459a1b1a9
t2t_L1000_7914	f62e16d417ed339042a335010a6bc3080501c41f6aee84f4ac51719c9baad051
t2t_L1000_7915	0ca019acb79e95581f3ffb47417bb9a0922c5a96c03e38af17d4b572700342e5
t2t_L1000_7916	d4f33c1a8805348aee2067e452b6de176a6c8d7be3376f07d4a5d1edb057dba4
t2t_L1000_7917	638a36b3a9504e5e82441ce1ea444225053c460ae0f355d7fd33bb8e144f78e3
t2t_L1000_7918	1ef0137e862017dfdf9feb1bc7f119ce60830b1c3ceb5e695aace0f6d1a16e74
t2t_L1000_7919	9f27b29fa2d4473bd44fe18e9ad7a327cb9c9f285216162da1c7721aa43a9cb8
t2t_L1000_7920	f69083c0c7bd21ed3f45afa8df9a739185eda6efc015512b129d55b9001076e9
t2t_L1000_7921	b9b0712b13393ddd5d9d8bf3f1e80301ec8a0116e3e00061103062d52a561122
t2t_L1000_7922	bccc32d0d2c46862cf6e5ef8fd5f8a61a43d554cfe2e518a5f521b5e3f3906c7
t2t_L1000_7923	1800a47fc24ef370274bf3b5f31e08dbb3e096a251e7b6c0587397ecda2d478f
t2t_L1000_7924	0cc7c0925178df8a82540226afd327448980e66f29ca1eff31f5cd310cfd687e
t2t_L1000_7925	10de63e06334bf2f1ef41c6b2508ebe7fb2f678fd3afbcfa761e3c3fda046e48
t2t_L1000_7926	103b892347835707a11ad7edabec5a14a3ecf35d759f3e9c9e0d4a6a926a54c1
t2t_L1000_7927	f1f8685cb7e723bb7658a519dc69e62a00c91e6b0fe90e3447a5c6a205f9cbab
t2t_L1000_7928	132ce30611a8e30affb1f3a0f591caadb7064c37bd7672475915712840274a3f
t2t_L1000_7929	a93f4d786b949a6eec76d3d584b368b4c7f3fec2cc7c2e4b52c0fa6851d0188a
t2t_L1000_7930	15db8c58e1a1a3de6b507805bad5c3af7dd9a71fc54a4f7035ca507e2800b1fa
t2t_L1000_7931	f343c6cf0bbe0f8a167b62900c7f52939e93660ea36acb689438dc2fa23aba37
t2t_L1000_7932	3565720e50f887f879c6f191ad57d82b0883666d265cb6406964c4fdd4cfb873
t2t_L1000_7933	905f6910c381a727c02175d1ed9793a94188a64475ba6e3ca950a8d195f85626
t2t_L1000_7934	41fbbf16f064902e2a800241b4635f0a0141afe7d50e6633b2821a7fd0fd1ff3
t2t_L1000_7935	c65af13dc3cbd969f4e504dbd2b61b6fa0984939e4ca5e9bd699b45649369146
t2t_L1000_7936	024c35aea4d728e9367010e9138257a60409939784c1254272abca619cfa2f37
t2t_L1000_7937	20f73b54c839cd8360b238957bec967f3cffc79063d1624570897f747be7e687
t2t_L1000_7938	4e04baa59ef9028bc48d3f7c75fd38cc7b29b740232d718a6b8ef9a295d32c4b
t2t_L1000_7939	5cb1e2a2f4cf010fc582b3de3f95faa96f4a02ff034ef2f75767ce0e3cb2c2e1
t2t_L1000_7940	f037bf3820f6bffd46ee35fc959c45a25318e28bb4b51806e574f850ecd5c1a8
t2t_L1000_7941	b7a02edb7e55263d6ebc981ce268c55dcac1c27946b49f74595a268c4237a63e
t2t_L1000_7942	a8861962809f4356c6e65ac463427a70e5b2042eebef2740d9047dad882d9ae6
t2t_L1000_7943	09a1a2b1111d3b240debabca95232f3a2e49810058816d9c7a3e2ff3fb0f3edb
t2t_L1000_7944	0ecd9615c56501b4a304d8a71d02a3fdf2266ee6e291cc6c2cdb119d8d3d8d05
t2t_L1000_7945	daadded804010eff2534f3a6909bb66035a7908ec0a3146def049c090a30e450
t2t_L1000_7946	bd7e81fee07362966daa1bc5cfcdb0ebe95c84ca23d97c3d0b2515664d032e0c
t2t_L1000_7947	af8ea9bab29e2a03f9e9c653ebc5154129f42c7eded74a0dfcd55e9b76d20ac2
t2t_L1000_7948	11e6053461d7b525f58ae58d612254752322605266f086ada1c215d9f44ab129
t2t_L1000_7949	3c502b1a6ad0ef8174a1aef83284cfb9453cdd11f8b936ecf6ce153bab912c64
t2t_L1000_7950	6d8212cf21d2e522303adddbb81ebfe50e8d7548f902bb9b1a37b6df97c13d74
t2t_L1000_7951	98ec4f5f71b0f3e751f9b334225b1a364bacbcb35f1d190e19c7b55214ba7077
t2t_L1000_7952	96c11348a9bc5b465b66a6e2ac8744bdc3923de020f432404f43c6bad14c1974
t2t_L1000_7953	7ad06b1fb54bb08f3adf265e66be85a9117a879fda7a279c03f51ce06b96d28b
t2t_L1000_7954	a0c588ad3fd48f6123aa5c67e612f47af7482ddce65ca6782f0cdced4b5fdb41
t2t_L1000_7955	2f542d4eb85ea6e7dda0948e7c8ae68c245029eca4bac47df32c126167d4764c
t2t_L1000_7956	803534ece6f7db954c54537dda11ca271fb2bd1cf6bd483aa921f3e05cdd8428
t2t_L1000_7957	8a2a5c5ec575c768e51f2b290266a57e992a8b32c41c7febab5335b60252d3bd
t2t_L1000_7958	d2d2c464db0514654a482148aace906ed6da7c39c59ba3e3ccd5250dcbc5dc54
t2t_L1000_7959	fe22dc884af0bded033dd6736ca4a65fa660407cf34c6b1789ae0aca97dd38c9
t2t_L1000_7960	d4e1f659d8d22c6089cfdb06b17bd9cab123bfdf120a5a33145d44bf53e924cb
t2t_L1000_7961	505b0a7495aff2fc31f244a1618585c7acfea6075cb5f28fb33f85c118fc8674
t2t_L1000_7962	717e79f28b88d8217b7ca5d4ac8cf159c3d72af428c18414edbecf0ac58f6e80
t2t_L1000_7963	9bfd19e113d41af4cf5c74473cb11d854f546625f3c258558ff76f1b37da5d27
t2t_L1000_7964	d5fa5b99f150e93707c8ad1cf26dba042ed0e5a00e298152f4668de69b57e03b
t2t_L1000_7965	7a07e2175fa744f9d894fe4ba11b5db76926e935ea1ada6999f06f5d59e5aef4
t2t_L1000_7966	de62570d8d8c431b2d26b4174b7ab44a09f02e418b4807f69ed6033bb3792516
t2t_L1000_7967	26e2b9305f49bffa929f9983c88b7b3765b11044bd46c2b31ee10874c720bb3d
t2t_L1000_7968	564f4acd4cb1744ce5bb3e72a3e6105f45ea3d7d05f19689a136784382e81b9e
t2t_L1000_7969	217ccc5c7e9e30e9234b41b4baa6c8a84cb2c3a51bfb40b7f16d313145985f64
t2t_L1000_7970	b8495ecb865e03669174122abe28bde2c29cf116e6097fa2458ab158e478c56e
t2t_L1000_7971	24bca40cbba06aba351ee2cf0706a062c788439b5f3402224406d36f9fb3aa63
t2t_L1000_7972	ff73ee47abd07de5698cbf1cb2ab9d02749c66dfbdf2e7efe8eb7dbbdfb98133
t2t_L1000_7973	49cb4c5e470399d0fec4c2d5f9ad5c80ce60d2897671d5c6a68fa58394dd6d83
t2t_L1000_7974	1d61acb58341111a8cc4ee33b4e848f4d95bc90328076748db6a816025c497e8
t2t_L1000_7975	6301b632b16ce60d692bf766edcda3ae299fe35ece15d90ada006ec928d23a02
t2t_L1000_7976	146f87a1b5471b91e56a14b87ee9e76569f134d8edf5db12b44c41937b743a65
t2t_L1000_7977	6d0de8770099edce820850657e5778e3ec3707486c50fec5d60e07ade08ec7ae
t2t_L1000_7978	410f96de43576fda92f93cec22039637e191c7615dc8b48310bd6337a8db77e4
t2t_L1000_7979	5ce674fa63a36e05d1c8826e6c85ab4169a765b98e4ad709eb71ced77c7222fc
t2t_L1000_7980	644efe6372d3a63ec455838ccdead4c93f13dfdbc47015b1a4ff7b04756e244c
t2t_L1000_7981	8af3905a6e2bde05cb40a5b1c4a7ae860280182bcbd6ed9c6dc68c1562576df6
t2t_L1000_7982	17dc866085f4767d2c1e593c5f4a95f9f75ae81378e92b872eceb5f46cd20890
t2t_L1000_7983	0b5de8ed327450eefcd2b6ce601b8bb6840f2237f1311b12a6f39c08215f62b4
t2t_L1000_7984	2ec88adc9034a1e87c6a27b9dc9a949e830d55324e47d90e11b1371549b05002
t2t_L1000_7985	95ea233eeeb961f2a8553fd6a223867c4ce35bf1d25e1f921d7dbac46b027f21
t2t_L1000_7986	c92f094520f33940472a336847f9c013965b1dad5c06754d8d1f7e858fca129a
t2t_L1000_7987	001fbc8198de91d9fc4a2bdb9a5f067269374ee021508cd20548161fc1089cac
t2t_L1000_7988	09c400612a98873ad7af7c723649fc9e21c747c7e4277d587ed29066b17a21c7
t2t_L1000_7989	03c19c342bcbbc83cad22a82e77c43e53bad8528170f9081acec98ace47448ad
t2t_L1000_7990	f198a0e35e64290a370d6188b81a4722c3575041f89c5b9017da0d85647c465f
t2t_L1000_7991	8ac1acbc5255a2ad872f89e62a59e80c755a2f3e92d9730d7f3ec90f68c34655
t2t_L1000_7992	cc07e0e82e6867fc9ec070f53b3b1d3d7b75635ef04cd9701e55efc7f09f873f
t2t_L1000_7993	7a26dfe9538aa66b7978bcade5bb27eb6880c5faf18f3858604dd6a25e2a8b95
t2t_L1000_7994	3ff63f9e8739f0e64d854f0de995ddaa6a7c833d44710051b9bfa45662fc49ef
t2t_L1000_7995	e0ef48893a6e88d605f2200d623067b0e28642aebc51ae77d79156537d8bbf29
t2t_L1000_7996	aebf7625375b36b5b4c05157d73a1033aa9f2a3c0177f48eadcdc918c173e880
t2t_L1000_7997	3176f29ca51074349b7f52724036355302e8ff656c102ae8414f3393143cef9e
t2t_L1000_7998	306b3e84274bc3433d85d92b7af7919bf04e4a03a6106033bfb92e956b2ed447
t2t_L1000_7999	08bd2972e653432e963a0a885f802168a3b282f8bb88500a7a34448c51a86340
t2t_L1000_8000	de2ac85ed5af170d5005f63785a9b009f3326a34ea8ad706f7e50afe8ea25e55
t2t_L1000_8001	b1c955686742906a54baaa3257f12648750209d52600362db8f6e58a017f8bd4
t2t_L1000_8002	b25a1e093ddded5f58aa4276db29a91280f7263f7a2b2b8c07df3677d4166127
t2t_L1000_8003	37e0eb79528426a4726fc1cf35f3f43c823f571fea3c7d416fcca13b9fc5dd11
t2t_L1000_8004	2f87921da117d30d0d6cc61ce40e0e80aa974c70139c177f094258bd9396a06e
t2t_L1000_8005	197ecd27207c2e83511c7304a46d666c46fbf3ab777b55043f61ecc90747d394
t2t_L1000_8006	ac98850b4d5c9070e341d35339be713d1cc4f0ae38b7a5ff0d7973dc6d55b078
t2t_L1000_8007	0e7daf633b25717db017bb1c8f6265aeda1ef84362be8464b685f1b206f7bd1b
t2t_L1000_8008	dba5d86516e82bfbd382e95bcfd77db61306a9e02d0ab657ef2ba8cfc4408176
t2t_L1000_8009	d2df0ac8841466abb195ad1e6ecc5a21f2e7e473125960b041c37dd3edb8f82a
t2t_L1000_8010	0f5cadd2ca1cbdb6b188263056f803751b1442d8c1afdfc8be06739e4c8bd05a
t2t_L1000_8011	32d2d0a98df057630c1e5a91f20bbfb41fef743ffa6c2c79d5bd0c6e999c9846
t2t_L1000_8012	609dfede99fd011ffba5d2da4f38a1b19904049ffee27ebe04e44639eb1aa26e
t2t_L1000_8013	7536bb21319b78069c577554768260ec4b913a64c4c7dbb701019e67091733ae
t2t_L1000_8014	11488cfb845c612979ef031fe415c9a966c086e8e24fb5bb291c56dc6d93cc75
t2t_L1000_8015	c143980053287f573e0c380eeb288c7dc74b5726a0350cb5dbe55ada60c9ec3d
t2t_L1000_8016	fd88d63ddc96e841cbc747e108aca1ff6d4c367fe53d01ebc5975b7b440e2b4b
t2t_L1000_8017	9c3270d201c34d8feea5cd7e92d0b764a40323f299b070ccfeb1ff1fe5dd09fa
t2t_L1000_8018	3324e1c37a2c2850677821bb6e9afca001e2aa29e88436f64160b58ebdf545da
t2t_L1000_8019	4db790e6493263935ddc0e99e35526ebd9fba7445b4f3c7417b7aafca3c4be6f
t2t_L1000_8020	02c6f7159a16f007d5fbbc173aa2c5ccf3b1532d51d5123afd9007d575d6b568
t2t_L1000_8021	e5c1362902512661b13266b57708b1abf2215ec9159b5fc8b212f5d0712b47c5
t2t_L1000_8022	86430f8caba16c0a8ff88376a1cd70a57ca8b421ad941ce73703dcc460bc242d
t2t_L1000_8023	b306ecdd96a00edc6332a79e542823a7328488b8459a33789112869140e85803
t2t_L1000_8024	7dbc9c340000a6e9cb3840c9524bfc03c498b34a455c007b7a3c932bb1c35987
t2t_L1000_8025	00d8a7e2ef8b43664f060229bec77a9ef9e42536554d28d44ba386d5d4dbe1cd
t2t_L1000_8026	81d501a5d85863c62fcc77705666b0e67d0d38f66e7c8de56176eae0d6e5e910
t2t_L1000_8027	5dfc177a0455b1821166ff64e9c73fd7ce64effda501edac01401d9dbb0c602e
t2t_L1000_8028	9049e1f44d0a35f594310775dd79cca4efba2fbbbb2afba9422654f180054071
t2t_L1000_8029	f4bf46dc865e7673d32b0f1adb3be4c9b08cd404026fe5cf8a61a6e1cf7a895d
t2t_L1000_8030	0de3bc804684b9fa8af417fe9184ec7ac8c569ca675e4be7f72c7072b3ecaa02
t2t_L1000_8031	f3c3b8165edf53cb4ac0d560bb177766c846a556088e1dbc27156551b0712d91
t2t_L1000_8032	fe927b71f430ec1098fba9ef221a647d9d61b16f42bcaca3c0247babcbe5f445
t2t_L1000_8033	0944f9a2ec70ba819a7f738d3760daccdfc94a5873420ebee22709bc076c3e09
t2t_L1000_8034	c354805fd031861afbae7def98a04914d2be1402864f5ff5f5712bf3f3d0c984
t2t_L1000_8035	823c1a2f742218b2666e1bc1947b9c9a56d82c836a8b521987593737dfca99f0
t2t_L1000_8036	78cc51846ff5f882b9497da8630340311cd968f571cee1ffe3879da3499d419c
t2t_L1000_8037	b4eec26d253fe2e4423658031b2b6ba69c9b670002c926324162fb58cdbea002
t2t_L1000_8038	c5caa85a1f20fc88dd9de1d45e537d31b6a42df847bbdb07b86d77209e52db1c
t2t_L1000_8039	6a05bd43f34c14adfd5195c0843ea41f6ab4d33afbe6d0345edcce1ac8149be3
t2t_L1000_8040	b75011b5d572c55c48d85a30e72db465b4a054a57c19dbb6d0ed78b3f2e488f8
t2t_L1000_8041	6aaea50d6cf79fe6388153f0873e38bb8741a6a6af9f6510c8dfbb7649232e89
t2t_L1000_8042	18cbee09967281452e1c2449c8c953009ae36e06a670389819141484944f39da
t2t_L1000_8043	45dccc81c497c8217d001fa3363f394c2f9f8721b53e46cae47aa6eea5bddc38
t2t_L1000_8044	ad6033650e44814885c1f05031ea0c57d1349187e0d26118d68bb0501f2635b9
t2t_L1000_8045	5989843a847b7d6bd20a6e2974585696cb2e45701c74596ad248b4f98b0ed260
t2t_L1000_8046	a35839ba26607c208788bf0c32430e2c306ea863caa906a6fef0b1aeb974bd59
t2t_L1000_8047	4ef8f54a32e211d781c1d5e74a0a1cecb1a7ccadde9f89545b72a4284956a1a1
t2t_L1000_8048	b4eec7e6709305cfa9474d252898b873b4bdf1e74be6789aecddfcc43810c88d
t2t_L1000_8049	fa16382d1f9b041d340486462f0a97bcec678f018d33fdda59f173e6cd19b830
t2t_L1000_8050	383c9fbfa4f063b733f69b8edc5578fef2a0d27adfbb6aaa314bb8f72882fe35
t2t_L1000_8051	bdcc5b603ff60443483241d519c5fd55c49932a4f911f83875a2bfa85dc9e7e4
t2t_L1000_8052	1a529740253c13bd11296ea7fd802d30b4c5d172e6e746b2c3bc6fa6d4e2600c
t2t_L1000_8053	b9c18feeb70a81e43161b871b7c744593895104ae361b08a1d8c6f6c83c314a5
t2t_L1000_8054	6e3da435dbb8b461f05accd7327f06539e9e63cc74ec2d97236505371649f1c2
t2t_L1000_8055	a805d0d7cca594236c3c89afd06641710a45ec37839aea8102a9bb8e32196645
t2t_L1000_8056	d7e2658099aa88cd700892293469743caedacd7647b41e35de3c848c6330bf06
t2t_L1000_8057	99d93c72086e67c7979bdc0199a84eca77507cc894ba6a859ff754ff37d49e95
t2t_L1000_8058	e5d514dfc1cc8ea4bf699bf10cf91bdd0767b1b5807df3fe78315d7b1400af21
t2t_L1000_8059	223256f3b3e80796c419ee89326fe941692aba0d2565a2bfcf50a211a1df929f
t2t_L1000_8060	5e1a717caed36d3db0c70e07b15481a7d50a1a8e6730079a1b3b3ab4e83dd567
t2t_L1000_8061	b3aa557bcac1c37c5645adced903454a5a7f48036233e67ff979ba5031b4d8b7
t2t_L1000_8062	1a1fa847cc3f911e7e204c20646c1c12b5082a6e8e3c1f9d3455fd6efc9188b0
t2t_L1000_8063	5f3eaebe3353f1000b3b877b8f119fed36698a0ae456570ca989ebb1ce8ec3ed
t2t_L1000_8064	d27b2982c7cbd1778e1e342c91233b32f299547a4f34d1a0e083ed81b02f36e9
t2t_L1000_8065	0d33cb5d400e0a4d8d777376b7714279e88a2cb91527012e0fc062e672ff005d
t2t_L1000_8066	67dc0dd773fecb5f8a6f7c47fad25b8936e61dabacfff45edd3f3942b24d6767
t2t_L1000_8067	92edb2dd35e96950ddc53e01912a19ee350a2bb0c717be9e35e2273a1241a214
t2t_L1000_8068	c941013070de28684358bda04bee96b4bbf060f7018d064794ed31471a4eeaae
t2t_L1000_8069	c8bf8d721bbb8cea6d6203034c39418ea7d99e01ff4437641523d7258b33370f
t2t_L1000_8070	2995b091e351624181c295efa6863aafb1c94ce54109bbd21ecc2bacaa6e4a7f
t2t_L1000_8071	a10620ea1c23402290394746572c2542034ce3db63019e2a99dc0a92b309688c
t2t_L1000_8072	454ffe5558a088b61273b8d2fc99a156a59b7711d29785ce2b16e88c8534d606
t2t_L1000_8073	e737bb8f5aa6b0860a1baa9551fd928d11665005880f567d560b4c392566c10d
t2t_L1000_8074	7da2cfa56a094c8329718f13ef6893d1400af6bd50bedc5eba03878477e586f8
t2t_L1000_8075	1ad79f6d8577916553de7e014cb83b31001911f0833821210029de44abb84357
t2t_L1000_8076	1befe2d7cba730344a10e4c84da3b3f68531021f812c0588464ee5b00bd5dd32
t2t_L1000_8077	36e673ce4522a78d8479b63e701e705305a9cc3dc6e27437e049d1757ff3b030
t2t_L1000_8078	66ff538a4b44da67f41c85e43e1033704c99bb35ba699dbfa1346d435bb67095
t2t_L1000_8079	20595b8f632afffa400099532f226b9b2fb3fb03f7b2507f6396732dc9a1f5fd
t2t_L1000_8080	7e8872bafd87b29e4a655b8c87cf1b9f526dda91faada8caa22cc8d5b559f4a6
t2t_L1000_8081	eb01aaa4db30f2fc050f704f6dbe546d6eed81bbe7be6b27719d40b28a8d89d5
t2t_L1000_8082	c29b6b24b8087934bc051e078e9d98f34cde1d59840af9a442d864696df7836a
t2t_L1000_8083	8846a2a970cb82f678b188f3a3cc509452f4e4208edabe5d6dd58593f549cd14
t2t_L1000_8084	4d40525f6fad6079cd5acb6ed9c9bee66d4041ef8218050fdac57004a2cb62b3
t2t_L1000_8085	e35ce3c86aad38ee2efe406d4acf3c3054f7e9d31cc6bee18bb9e6a4db31d694
t2t_L1000_8086	b91d84cf77a26c0318c3d01543e56ccaa831d924b9403a32c2a4c3a24cdc8eaf
t2t_L1000_8087	e3c5ce038d6dc8fc9345a887993a40c19c087d6a839c87d283793c2b2f64397c
t2t_L1000_8088	94a695d6d2fbe794f8d1cbdfd89356a664d442255833b741a4a268ee9469bc3a
t2t_L1000_8089	64ed69abfc9ec94bd27b1ab9857c76ac6b5c6ac8d098a2c0eb43f4fe31acef52
t2t_L1000_8090	4b9e0c32bb36147a8ef417d36b6d7448e3f6e3f88f72a154cb8f305feefa1a6c
t2t_L1000_8091	9c914867fe7740932af68daf54189ab8f8850acddc339a0a31ff573df2b8cde1
t2t_L1000_8092	8b05956fcbade4968c40c5c1bf50484b10bc2d2eb15ea62a21548ba7ebfc8cf9
t2t_L1000_8093	13527e595a6cb2f2d2765954bc764baedaeb555958c4e8409481cf3cd67c9fc6
t2t_L1000_8094	40664e105d7d59b366e281c60af41b1efa9f697eaa79783dc9fcb4d7f68a60ec
t2t_L1000_8095	77d039507d9ed556b014f17dced62b8f4e3f0e397bea10b97804b3eabb2a4e56
t2t_L1000_8096	a960087c2b6339aeb3aac85a7fbac8daf21110d6d4c96069966532ab028df9f8
t2t_L1000_8097	bbb192205c5b9d2db8f578bad2eb496557f08bfb3ea0ca63f00c2ac1bbbc0cae
t2t_L1000_8098	70175c55dd068aa08e818d05704f36f4968143c161a14d2d55140d9e88cf5a6e
t2t_L1000_8099	4ce8e7a2cd18f82dd6ffa223548bbf2a33ad91202d4751dac4aebbd79b52261c
t2t_L1000_8100	4b111aae74653db4175891dc8fb65a27040b2d4a230676fb04626e05bfdb7897
t2t_L1000_8101	0697f8a323b1505f0ed65601824bfb819c2ea2130c6888773392f60b358a1d76
t2t_L1000_8102	c64d51dad2dda2a284bc5f2a1639057cb471089ce444d8c0468159cedecbd846
t2t_L1000_8103	5e85ecf75d282a27623819a7f1a6c5c93dd845ffb52d00421dad7f1a993df8d8
t2t_L1000_8104	392000827cf38ba70a5c4f9fef4877504e876ea529c72566c2b17f2a123cf9db
t2t_L1000_8105	f77392b2d58f3617aa446e64c2e33c366fd5e08b3d39efcea8ff30c98e682eb6
t2t_L1000_8106	47bdd3470508a979f8ada2fe14099ea9441d2b60a9fb7525479948785de55ade
t2t_L1000_8107	5b028ef968a4408b9657fe48428c1c6a931819f7ddca82ec7d688258bcf89cbc
t2t_L1000_8108	757a93ae438e0ca54c2b21b76ffd8db6c6e029fff391fc7a98f3c5ea9e5b0389
t2t_L1000_8109	f5cbeb5e8dfb4647953d649b157d2643622f0bdc5b6d549342ecdd561559c47e
t2t_L1000_8110	c4a7b38801bdb57839eb759253191de5a4f85bfca5dacf1e24cb453164bf725e
t2t_L1000_8111	d21521d3f994c79f575525a725e1ae768373521398a9886cc7ecd65a6c13586e
t2t_L1000_8112	74d3fe2a78d0317c33d3b6ed7f8692af42e3c138b358cbdb7d62a2e9dc84d3c3
t2t_L1000_8113	02af1d4ce6811139069c719598cf88a519ec5dd7d3dc824cd10e9b3dde0423c5
t2t_L1000_8114	e5793379f8e4fa49e9c5cc4287be65eb8152b1fe82725c30394cb42adee58773
t2t_L1000_8115	877bff2a508c1627f63d8510c2a9ba8b678f3235be31eb6f47ec99e88fcfa9cd
t2t_L1000_8116	f213b5b3f3282c092eecdd9dc146da8c4f15138d36adaf42a1d2d02a317b05ea
t2t_L1000_8117	18ad252f3d3863f4a3b1a13c8fe037c31637cd542b8c5eb70eac78ab554642d0
t2t_L1000_8118	9a6ce078329f719ba1c41d932a0c7be31719c159f6638315053636ac2cde54e9
t2t_L1000_8119	2df5e397ae347df187a2c3c5f62313cfdd07c69a4f478e5264537fecd0b97b5c
t2t_L1000_8120	fa67ace6a01e5f29fb5003f179352bdd47bdcfd7ab5ac69dd9cb1cbfd797a9e2
t2t_L1000_8121	57bf35f4db4a504d407184bf0ee7064ed485e80458a9c13e306a4949612c17ed
t2t_L1000_8122	bb02bb625d0c8321beaf4b9bb6c63345076261ef1782613d07764d82c28e700b
t2t_L1000_8123	bf0cbd3638b539e05b70940e76079d0227e500c2aeffeff89a2c3b4bd2878798
t2t_L1000_8124	a16393c9bb6e61ed44d0f9e7795a90ef4afc957f070604830a6f75b667b2c74b
t2t_L1000_8125	c77ada356f8b88ffe5b1018aa6e997b2eea4293c035d4b281324c719efd5ace5
t2t_L1000_8126	b74bc22b7cdbdd275c0cc48d26c5ff1cae35d64873744ab2b94f4c12f1d4d8d5
t2t_L1000_8127	c1dea21848c645591e75bab746e7c7fd3505910e12c4731543cc5e84e4a3c849
t2t_L1000_8128	faabc775e0adfa1a7c62485feb8711ad252d2bff2f5e0a7931ba7bc71976dc68
t2t_L1000_8129	59b4811afee6f7fe8e98eba8b577b0df97159386219807d60b5298899a09cf75
t2t_L1000_8130	3b7c1f2c9b532dc4e1d540b7fa85e3b10dfebdb418f0006fcf10241bfd9adcaa
t2t_L1000_8131	4a960b38351fba4bfd8aa1fe1223217f9b271a7922e44ee87127abf57c2c6e92
t2t_L1000_8132	cfd9b1695795dcba99506a1f41ecc39c5e26fa7e04f697dab76494d9f03af25c
t2t_L1000_8133	3d74f046a205adda2beb17a935671dfec8bfa14d7abb8a5f50aa4b2ce7030fe0
t2t_L1000_8134	087d1fc49a444b0621880ef8a7bebda763f5708952cf00b9cfc0a6403f94c04a
t2t_L1000_8135	143517b05cab94c21a0db31a20e8c8ff1c36fdd3b5b37f5014fac69aa38fdaf3
t2t_L1000_8136	6a6f1d6e900eb52fa8fde0b92c115501b952249fec47e814e85fd1f19da0e68c
t2t_L1000_8137	a72af7aa731ab0b3e804c54f54591b394c2e5e84cbd725539d040923fb76e606
t2t_L1000_8138	badb71217217142725f0def11e3cf0a253382d0932e62944bf098a5af5b7fd64
t2t_L1000_8139	7029a669ba500e98f0002c18930a4a57a9832d887e9bbc365c8d607a94b8da50
t2t_L1000_8140	57459fdb1b7f994c2232d2eaefe8fe2b63458acb71544651d535833022dfc786
t2t_L1000_8141	ba9b45c30245249001660aef7fc0c5a449338135020a5376ee7dc1fec5d06467
t2t_L1000_8142	14814aa909e95cbf62cb60c918c771ef14efd7b92afd4f2a866778ae01eca3b4
t2t_L1000_8143	2102c4d17105b43a8929ba179ac5aa2fad1063271eaea627d97fa29f2ca41e7d
t2t_L1000_8144	ed9b0dc7f523400665d197aeab592ecc0eabc77a7c37e76f3238933a0ba5bb09
t2t_L1000_8145	9c0c9e820951e94693f6c3c4198654d82442f31848ad6f6b6b9361d9e4dabe9a
t2t_L1000_8146	49fd8a34f6c5a856eec9e99d924162e2b5b4cb9794a88d2041bd845aff2867cb
t2t_L1000_8147	0d70bf6c5a83fb6f05b28b4aa670423dafe39a14b5001ccd5568dbcb53a0a561
t2t_L1000_8148	7a42b405e7c9838dec7024094e286ca5ee9fbfd869dc32571ad2e9c3f674d3bd
t2t_L1000_8149	97efc252e70625edf4c9eb670c889153aa5ef1b51780483e43949c49523794af
t2t_L1000_8150	79d4a39477b719eb2f069030ec0e85fc9d4a0d07897bcfdc2ca442a9f29afe43
t2t_L1000_8151	c833a59d4c290966fa2e6c66b6c84ab877d26ae986b70207c44b4faf6912fca1
t2t_L1000_8152	93f16c15f13f11ab7f47a5e55d38f99bd911f228be0b86394c7fae23f0371a2d
t2t_L1000_8153	aeb9933d53849f67f1be01414aa186232fbf5f29188190a4ca8c3843f8d1b2b7
t2t_L1000_8154	50cc679691edd83d167e68fb644719b60a173306277e07b50bbffe90080978af
t2t_L1000_8155	e9986d271d2d994a6e17d52a940c2501f6fb8e4294c9ecd1f0ab76a31870ad86
t2t_L1000_8156	b78d137f08f8d0887764649c25a67126902a9e0b14189e1cd67852177a88a3cc
t2t_L1000_8157	7b9eee45d9e19d0d25a2b56adb0c8ab8e7eaa37dc7ff73f703298e73f2c3606a
t2t_L1000_8158	3f84f1cdff22d6c501d87c3ab875ebe771659fe2a43ac4d9c642497960d8df78
t2t_L1000_8159	65c025c35f839173e1981eafae8202f069f026400c66a3f55786636a3d8441ac
t2t_L1000_8160	3f39ad8c5837ee64763ee8afd2fad8a3f5088f892fb76077ea93f0095af4fae6
t2t_L1000_8161	2e3e2f86f10395af9841b44264825210808154563a55c8e9a0cfd1e316fa7e1f
t2t_L1000_8162	89a17fc70f4fa05093520908ca523ddd3addbc5e398779b12668af04bcc0bea2
t2t_L1000_8163	f989ce3b33233008e9575fd801b8e73e5933784de34c7826ea21576f9c33dadc
t2t_L1000_8164	27e2d7dd068dcec5af7406f065ca826e7743e9f6895c189ab3a5dc59282592cf
t2t_L1000_8165	29891d2f7f7abf4ceb5dcc24ef23e46ee0e04ced97934056e35932da27ab30ac
t2t_L1000_8166	9aea049b16fffb45a0a60c23280a6fa5c0a753a9f9ddcbffabe070009081733c
t2t_L1000_8167	d2fa56cd530b34cb03bf3dfcdc5c0831c4a1f646a2cc6e50a9b140f29b62cf82
t2t_L1000_8168	76d331ef513739d9bc41fec46b02249916052d0a45664b83da493e5cb132bcf5
t2t_L1000_8169	31c108188f9ca029642f67369cc4aa447a44825841002bcab88ec57dca31adfb
t2t_L1000_8170	450b47b8a335d988298381c9351ac9342c97184a1835a672a5c168fa935989bb
t2t_L1000_8171	6721786ae08838c07e213d8d4fdfbf68383cbf7ac0be4f9510fe987fba6892a4
t2t_L1000_8172	beea464f16c59cd1ad8f91975b4fce206371eb9216c53d96372f87ad345d721f
t2t_L1000_8173	773fdf7f271470a432a18a6536f08789129fe6a54adc7765aa84b6042cbf36aa
t2t_L1000_8174	7b8cc5e43a860d173efa0f445f6c907d3ea61e8e154e7a5ad792d4c397258848
t2t_L1000_8175	b6d28d5c94f054f46981b047b8a1df5aabf8a3f3e7019d610eedfdce2e26fe9b
t2t_L1000_8176	f91bc445165b55cfbe20c29e2089c0267b66a2e622ad515a7d0186abeb086f91
t2t_L1000_8177	517d3358987243c822f531d3e9087af6366a508eb3b59798740945fa7868a3d0
t2t_L1000_8178	60d550f47752a3d87c73bb6a5433e1ec00cba5919e57526c6eb63a9d4752a27d
t2t_L1000_8179	21c7439b0069b652f49ce4de03c77ad79f1f9cd678f50577b8b7ea60d1046829
t2t_L1000_8180	414af688d81a8112cede7cff6b691c91084df6555d1e2252049672761d55a593
t2t_L1000_8181	67fdb119fb0206ba49ed42a7778351b7f0c21712796144e97933d4927e495d52
t2t_L1000_8182	0da5aebb09c9f6c219d19df03d9740a8315c763b896efd274bd21891e543d27f
t2t_L1000_8183	bb649b9b5edf78c5592bb4410f94812c3da50d8f0e761f84ff72a8dc9c21f61b
t2t_L1000_8184	7758882cd9f7eb6925a782fea7cb133e33b11560f53d86ac25d121ea8a0c2f19
t2t_L1000_8185	da7e99fd8bde0716a65d345967181c9f195e140aea1048f9d8058d25f0d4aea4
t2t_L1000_8186	4aae9b2932801095c694e6c26c49ded852118b0cd321199d6f295e76e1e78c4b
t2t_L1000_8187	a90f5b98a40e74cbdd8214c101b2b0a9e61bcf4d2c8df691b5473cb1c07f9e4e
t2t_L1000_8188	220ba9962579b7923e2aed44451ee8041ec608ba4b192908324583c6395984ec
t2t_L1000_8189	99a668b6b45a3cbe87e8e7b436c672bda7ecb0ba68ae3ad3ef143b600a860461
t2t_L1000_8190	2b28ee890a99d34907f2126b443207b16f0d8ef41c60169515a13653e0197706
t2t_L1000_8191	8c8bb4c35dade99127c0c14e79dc95f8412f02f0f536935cd3e6089423cb5518
t2t_L1000_8192	2337e5817c2efb5d62ed267c07464eb5e9bebf10bd0e7bd51e65d40e10f3e966
t2t_L1000_8193	ef461ad6d96c11436d91c44c09b5cacc1b9fd7b97a5352e579fa0d711fba3762
t2t_L1000_8194	0b228f89084c5add1156c0f3fcf0c2c8a0308c9e067e8a7939a9e4a7271330ae
t2t_L1000_8195	8bdb3da625f608344857506488df957e9986938ac9090f342c954b05edd0d806
t2t_L1000_8196	ce14818f6f435c0f06433c3e78418cc81f7d2a016bb5a57bfab016e87944b69c
t2t_L1000_8197	b2724882b5da8b684ef4f005dcbd1b774516aa704e5816ee10936e7f17dbbb5b
t2t_L1000_8198	0a7559c36d84904487398908db98006dce1493d4d64f25a5ffc43122bf3c89ea
t2t_L1000_8199	7106cb1ef40dd8330ce189981e116a4bdcf74c867402e4876b9bd7c8a2adbb52
t2t_L1000_8200	e059fac7a546996441fc9195d8291bf00605d755306549d1ffe3c544dcbb5bd4
t2t_L1000_8201	07ab504344845adfaabda77db1aabbed55eca797bfcf4a01bebf3757ca84b500
t2t_L1000_8202	0342b6cb314abdb96f3c5be80c2f8c703e539a77e152706dce6162598a6b86fe
t2t_L1000_8203	7da6e9ceeb9a195e6cb7e0bb330dd444717fbca270d7ec45d87cf7420d090ebc
t2t_L1000_8204	3e48198e281c331fc566e55ac931621e59ea0d7e5771d19001f9a97c3cfc542e
t2t_L1000_8205	650ab17e226ab8c703a346db06e6c34199d2a7ef18cefb31a7bca339959edad7
t2t_L1000_8206	cdeef580428bbfae428c4ee65d995b55f83c092c15243a15aded7f5584338553
t2t_L1000_8207	e152fef785b9ad94d30cf0e738b342900bd0179a077110d16954810d5eafaa15
t2t_L1000_8208	cc99b02b30578f47b9ce163318be647414f4e8e29296b6d704e889a8032b3d3f
t2t_L1000_8209	ae8b82c709201e65e498c253e6e10ec614879242bb83d150b9600d49abbbf420
t2t_L1000_8210	40880f0d6c03d14742c0872d43a20e10e5aeb56c3d6b2aad8dabf039ee4d17e1
t2t_L1000_8211	a2bde0ea0b9701ee1b3e397e1a5ad2de646bcf62051a8f4d67cd87c19b4c46b9
t2t_L1000_8212	c8edec576b832ca9ff4d371f136958cb0f798947a9b4226b3dbf736a62d25686
t2t_L1000_8213	31d88f8025a124b728dc0529082c0c7c250d29dfb81d4b8329ff820f5e02d0ba
t2t_L1000_8214	edcfc3b0d963b518e7535e9e8ae5a0abcbb46eb07fc4d5c31cd213b39392b677
t2t_L1000_8215	1d75a39ff914beba52cd650b90b1bb6a286fc8f3f044799599926b03a9c4fbd2
t2t_L1000_8216	8501a61aabf4222a0e25873fa635e4d49bb039f6faf6d961888138f1579f3b55
t2t_L1000_8217	d2b8caac85342fdcd844d9a86ff1e02e3fc447e2839514991a62354b54f23aa5
t2t_L1000_8218	cfe786f8b0c14b0e794aa7a140de802f5eef1d6b1953d62c7f580d7b84338de7
t2t_L1000_8219	d204451e653e2687336d46066c4f08afc9a760c39e0ebff0a4df0f942be38b39
t2t_L1000_8220	ce2864d56851cb53bcfa0017f6fb30258cce0cdd1ffb2f302c773e97c3b71370
t2t_L1000_8221	61dc2e71f9617479a9ed1f7f3eed219982d530f176052b426a3f735a106dc372
t2t_L1000_8222	89e99a1b98073c5b0e8d1069f9cc70e381c7c447aa67cbe8b5eba25e114dc4d9
t2t_L1000_8223	fde9669333a431a7b196fbbdeb79467fcc9b91625c1da3e547fe29c1ac3b0d0a
t2t_L1000_8224	5c256d8963334813c07cbe14ac3557bee69fd05e8d722227417f44f1aced2fec
t2t_L1000_8225	565deaf6d09a72dba3d599b691ec844ecf51775ec9c3fe34f3310936859861ec
t2t_L1000_8226	1ee3bda8c6d64b1ed08961ad95f681d992b512bf5104de7151cd5f5084cb4724
t2t_L1000_8227	bfda47b99a4fda4e27b16cb51ffbb2c42db6226dc24b67ba759e06274ce65a90
t2t_L1000_8228	24a08f554794b58665a0c4778ae25fc2b5a1040c96922bd8c049cc1b8054217f
t2t_L1000_8229	289840109569e430d0a3be6464f0f74212cca5309da4e8f84804bca5960ce193
t2t_L1000_8230	c9d435993aa68d2920b8aeff412c9bf12bd9531bebc37a786a5e2a09ee51d4f4
t2t_L1000_8231	77c2fda0334a24d8226b93c5b6115be232442854c27c4115090736c28d0e730b
t2t_L1000_8232	8d9fdc5b8e1a5b93ac41ffa3a111c417fac516fcb7fcbc2596067beecc11fec0
t2t_L1000_8233	60673861c85a3c76a050e96eaacf4dcae2ff0cb706a9c8eee4151bc3375d32d5
t2t_L1000_8234	8c85448ee53e9b5a0105a23fbf1cbd89f2647456c3660a4a89bfdf84af03f721
t2t_L1000_8235	3672a4ed6ca335294b653fccca59cd7b0343ea741f6f747fc0d24a3505fa3492
t2t_L1000_8236	474d006f84fb4ef4c213265e089a7e25c6581ecbc507fd6cc74ba9ad8ad62ad5
t2t_L1000_8237	f38e7e85d996045f487f76d78860d2e27768cb2212a11a843e2f301e86efda48
t2t_L1000_8238	6901cb2db8388906ebe603d72e231dcf9dd8a80d343bd1a21be18ee934192fbe
t2t_L1000_8239	3330b11f0adf35303900b6849aa99a6269131a9f06fba0b651b1dfbaaea42388
t2t_L1000_8240	e5deae5c55913803e826875e99204e9b4a29051198f1c1d08939d2b989b0ba7e
t2t_L1000_8241	816878327c05a79a668ff2d8bc0a8a21f16fd70065c7a0ea9f53ded97ca5d363
t2t_L1000_8242	ada30acfbd33b616bda20305ad32fe2385ad6afab01216b5f3c0027819698c8f
t2t_L1000_8243	2d6493cceed90b0754e08a31cd51c4cb4738d7ecc58df103311f43a5e0683a57
t2t_L1000_8244	4dbc296df6f031b644a08ca49a2689ef6628c23f91ce3a9aa88319641c59be77
t2t_L1000_8245	a4cad418bf189d9ea2c0e2b59b9aca2dcfa930935abfd9842ffb0ab8d4fc4d74
t2t_L1000_8246	50d7458e64d9a4656544d2e9b4bd7fd7730066d53e50c04c1629e6d2f0ef6d80
t2t_L1000_8247	4b6abaef43c55cf73b6a39e67ba2c230a7c3b8436fc5c22910169f5478beaecf
t2t_L1000_8248	e8a266b39895c0580683f04c6e5bb6f8c9ec00f4cc2cf49fbcdc2775b88e6b66
t2t_L1000_8249	8566b5fb44ba1d45cacaa62c6f4508068d79a04e69cf36b9e6be694ceb575c2f
t2t_L1000_8250	27c165a229bff92643e92cd579c5e47e69a1e541a6ed1e4de3c9b6bf0b5309b0
t2t_L1000_8251	053ae02062a5ecae9c594942a61ad8cc20bdffc7b926dbcab0bb440db908ed55
t2t_L1000_8252	359991e83d4c603d2f0f459eb800dc63c2262f61311c8199a20604955256c516
t2t_L1000_8253	f972b46bb218d73b0231e39901bb37a4384e80fcb2719dcade1e4cce11d5f345
t2t_L1000_8254	c2d98bbe9aaf120d331131b8089d644d90a059071bb82ae9c90ccb6e5f3db95b
t2t_L1000_8255	b85c0708db9e6b35edabc4d5f89effb7bcae0a439946cb7d171f1746fd325c77
t2t_L1000_8256	fc0a24697f5a3378118dad78afe2787c2db2229c37495dbdc3e6808c43237429
t2t_L1000_8257	388af273524aa1237de639841690cc9f0e0c2659d76bbb203a30c740144ec959
t2t_L1000_8258	220f73c5a1acf7fe45aaec6a3fd5e071d875ded13779d8918c8157e92d687ea9
t2t_L1000_8259	17905a7ab3d72ac272f2e6c5345a9920fa1e3bdb382848967160852fac1c57cb
t2t_L1000_8260	7a42a9fc363b121fab0c90da399fff1eeb2a377b591841954ce5643462acdd0a
t2t_L1000_8261	b0652ae3f6962658929f63972e001953fd19fda04377eec1a70cd02ad3f5d9b2
t2t_L1000_8262	e25e3bc6bef2d3f87aa28371e846ef20ab3745c21d798615c174bac512824734
t2t_L1000_8263	7c5e39063004aed6861cdeb89587b33a0403b7bc66cf64b71740e13a6549a323
t2t_L1000_8264	017148215dfcf533b5309acfca1a5cb9fa61c35a9fe0f8d8d931e5d2c381eaee
t2t_L1000_8265	4f0d041a78c42689fa4aafc42c38daa69fe97b77c4d446296454fb5e59aff991
t2t_L1000_8266	08b608eb69baa2ec5c2071c97f25f2b8c8d0e0f67be8bb004aa74bbaa29d09a1
t2t_L1000_8267	886933b3cc04adf8f60a60f1b6f8e1871046f7c0e43ae275963388cb780af1b5
t2t_L1000_8268	65224e94a6113229cb31fe75f9d75c7a44952173291f81587f949d77a6433ed7
t2t_L1000_8269	b6660e7e67eba08d5d9daee1899c74afc590ef586f59ef4657a097dc68e96f31
t2t_L1000_8270	e13e178fde96bdfa9a5c4a7e717f4ef0cb7f66e100bc75ea4676a971537c18d2
t2t_L1000_8271	ee0e90f6ce3183d5b26a95aa71a19b04f994ab79776516ea5590c711874511cd
t2t_L1000_8272	bb15d69d81bf82ac1cd8851624a1dfd1a567c74ca60c553cccf0f25522e25022
t2t_L1000_8273	29f9e13388b0b75779165bbe5e36f3217a28885b3e8c29ea4cc396de210b4ac1
t2t_L1000_8274	bb7e6e42b081cab760675619bd90b97d717511143b8be85633f27c97ac64c91b
t2t_L1000_8275	43b821f9f1c8a189bd3850572104bdc6b9806471fa281b671e3c100cc6aaf3ae
t2t_L1000_8276	f6161d27cbcba53d7883f8b9f4b14ed9f88004e2dd1525e247f8da93b87c343f
t2t_L1000_8277	b73439101ed69843bb3c4aca77ab976950e7a09082911e737e27ac861c0d2c3f
t2t_L1000_8278	668af09975b1bbbed054e73c53553ef5a6a6b77b8e87ebb92d180fd35a7e95e9
t2t_L1000_8279	43aec0a5972b982bbc023bc827367b25cdc1fb630690975ba72e7c0f8c485b87
t2t_L1000_8280	3fed64f651cf55b5b8a98cf2f3b07e0d06f8770d6da5ed402d9a2ab134c3ffb5
t2t_L1000_8281	461fcfa041f8f9617023a86d3f9901ca3f4faf5c6e5f7b4dca1228713e72c0e9
t2t_L1000_8282	cccb294e510637ea37ea77847cfc5d153786e3f8eb70b30efdca19b5a9bd4da1
t2t_L1000_8283	2b4965f077836066d81acfb326a841f60e82f15be7d58d9f2f1452053321a4a1
t2t_L1000_8284	a3cf6149dae29e696a9a525e6192f4cfe56960bbe847e65fa1235994fb05c60e
t2t_L1000_8285	3ee11de9fb38135fde353ee062b1d9f7085efadfad80971734c955fec276155c
t2t_L1000_8286	d9fcca23d99a41d95e54deefc3649a4f32e2f1511068b66e77550ceccd2b72c1
t2t_L1000_8287	7834a46e0b3bbd3784d26f4fc8c1688185741035f057ae1e842ab4e6588d97d1
t2t_L1000_8288	013afe689b27bf6be99aa8d687c4bd37e7169d8cb532cf63e81818c74f1a715a
t2t_L1000_8289	84f7b40e0ebd58d013746e1458cf5a6e185d5019fdd6ef80f545a3b4845c07df
t2t_L1000_8290	ff09bb318b7b6f621ef68dc21577f544db1d55688444098e28f15c002e675af8
t2t_L1000_8291	1aaa345908e1b4abb96a3c8e93c37e7f4344ef3fa94fdfd5235ab1e6f4935d95
t2t_L1000_8292	985ee4a854d081c46445dd131171637f22762e55aab5912d51a7abf8b025a15e
t2t_L1000_8293	74fe708fa9b61bb7aab87631796c0aea49f1f241a0a9733c763449c1d68bd2b6
t2t_L1000_8294	49f6e0dd5df9dfbd4f9662b71a49a4c8d1a139c31d4cf96014590ba441e5b13d
t2t_L1000_8295	2c7b8e506ef6a3f329d23e92cedbf8c2830222b00ad8eee75061bf627f181ec8
t2t_L1000_8296	ba55c99d89d2225e0965c09438b4c09e75ca28333df455b8a088e1341d234e25
t2t_L1000_8297	c4f0743909ce047102480d2eedcd654aea7de9b82ad9b91f059dcb79e4d35c5a
t2t_L1000_8298	d74ae401f5e1ea4ed82f1de0825e702f6da3ebafc8717a80cbb0013c90da14df
t2t_L1000_8299	a5d1cd54b1c7a2f955a77adaf65b4d7243364a6f33a846c6e0b38c8ec49ff15e
t2t_L1000_8300	5dbb608d1829da6670e24127022d2ae4039e3d7d00702d1bd428f0df542ad050
t2t_L1000_8301	2e35dfb4103373279eeebdbbd263363cd76b17048a9f7e8b93f3592d966eb682
t2t_L1000_8302	8e14a56f916728454854e9dcb78d0582e2d59baf9ebcf3950565ee39ad9eb57b
t2t_L1000_8303	b5f0eeb98142c727c997192cfed62b602608b0153475079d88879849def197c5
t2t_L1000_8304	34321fcf2d8b838485e5508d12817c05c77d11a5636fa2e5a58cd63ef0f3e110
t2t_L1000_8305	e107c20872abdd7f44a14afa468a415e758f4b6954b2023255705e2b059bc2ea
t2t_L1000_8306	4433d040df3a66fdd4ac70938c235a6e12191090b597d75fc9f86e40b5f8bab1
t2t_L1000_8307	99548eeaa7779498f071fffa69a7d063601b5e4f132df74ef415a17f62bf7a02
t2t_L1000_8308	a9f88709a29bf3d44687f8037f0eb44d554158e50d1889106845d580c3188d6a
t2t_L1000_8309	cf1a50de29d28427a62d4185b057e4e7cf35eb4a6318d73161040de331216e13
t2t_L1000_8310	531cfe40f485943533e1802c9d6dd46bc8073323c6dc9d10c43af01eb88c2f3f
t2t_L1000_8311	2581063ef9e6c1b80ae831145b726d035fbdcd456dc8eeaabeb04eef757249ab
t2t_L1000_8312	38bbc31a92742373b330fad671ed148883ff70225b8d07dc848ea166d0f4f0cd
t2t_L1000_8313	4af8ed540de7501910a4f6c2cc8d8f51cc390ad3ddfa0b800d20d6143d2d94a9
t2t_L1000_8314	f7563cb375fda6259ff3b5452dee917574339815c910ed495791e01dcd84d654
t2t_L1000_8315	237a4827127493c871fed9dd9d4708e8ae83fc2829b5f135a44d44301695a352
t2t_L1000_8316	e8c7ec27e2880b322e27b0e60f89c7a0465539943fbdd759a3b7feef3c188738
t2t_L1000_8317	145dae549f56ebaf1a338ac9e18a4d5911182c3a564a2ecf5340202d39eb8477
t2t_L1000_8318	d209ba1c5337d1b0f7ab38ee6bf27c0b8f12a571db61b2d841bd9080a718b0ad
t2t_L1000_8319	fe246818626c53ce5c1e427a8fd63f83927d5e36f0c25cc60bd32db008d08487
t2t_L1000_8320	95351e60a133ee8eec39af37dc16acd5e008b65a6bbea8e30a786f12d74b4db2
t2t_L1000_8321	b4a06238cddf0a1532894bebf349d4ae8d6356f27571ad1aacd38f17ec5464d1
t2t_L1000_8322	90615968ff3bcb26b2230340b5e93d0a467f401710c1c0978eb96a6c1e0d616c
t2t_L1000_8323	747678f01fc5d4f31f85a889706678ee4d8b160da34e86ddfd757f503728abc7
t2t_L1000_8324	2a4dfa170103d30d190603b76262586345b42a8b72544bea425ca6af54fbb403
t2t_L1000_8325	8eae06745954b0fd9afa98d5d66b4f0b37b3e5721186a0e81727cbd458e0f575
t2t_L1000_8326	54cc73a2db2a37027704265506ba6871f5fecbccce491024b41423286a79e8c1
t2t_L1000_8327	20aef8016eebb93e90a6b76b7b99347f8380845b47d1970c91f9c6b4f69441db
t2t_L1000_8328	8f0d80dd66635a2b1c92cdc1787f4f3c4718a656ed9e4f8b7f3053cd639285c9
t2t_L1000_8329	f7ec0493ef254a40c7b796288267e45631edae543825423361bf272a06a8eead
t2t_L1000_8330	7327ac48e371182d4dc5371fc5f2f14eb41b329dad662306e630498e5fa1f36f
t2t_L1000_8331	42fda4b171ad1ca531eb4a63f466fb1d7ef089d51446d98810f1ab008e849132
t2t_L1000_8332	51a1358931565905c3725dc6b072e0b47eeedb36194d4672b9dd52420e092b3c
t2t_L1000_8333	fad9bdd653c828e51df46a51f25c4fabc193ea13858fa1e4a88d403af1b12fcf
t2t_L1000_8334	82eb7b00ff0c8d8afcdf59d50df96342699f8958a50b7808ac154ae26cffb23c
t2t_L1000_8335	67de8aab61478bfbde069a0e07bfae6d9c13a1bccc01743311314cfafaebdc02
t2t_L1000_8336	2f74778c30d68a743b5ce3f94d5073a2a1be5c699e60333ae8dd5be9a8029f8f
t2t_L1000_8337	610f49dcbac5a4985f6da02d4acbb3ed8678c9fb632a11145d4bf4b6b86555de
t2t_L1000_8338	0ac4971453bfb26223e048b6e31ca1b0e4fa0695d55240f7313650887324e822
t2t_L1000_8339	18d4e48d19cbd7bb39677ec217bcc1de1c6ff3a3fda8e63b9077aa7b296293af
t2t_L1000_8340	b9ef16224aa312e2dd26374068fbde84cf1bfd064b79a2cc19b2e4022c2bef69
t2t_L1000_8341	5078f60cf0b16ab8df37916c1927801a247fc9b31ba6ad41fbd20040c2015164
t2t_L1000_8342	4b1229c347255164a911bd0aab89f9a6120813e05e516ffb571c4a3cf18ea122
t2t_L1000_8343	4ef7b5f69c9d5d87b0589d0a5eac8187faf0c59ce6dee19dec2cad5c10c92bb9
t2t_L1000_8344	fc920620288a3e692ef89b814a23e2b240b680a306f09a4aa732f4045834b996
t2t_L1000_8345	cbee25d394913d626c6da34e6e9ea1ccfb5942f22faffbc44fbcbfe72f22074e
t2t_L1000_8346	d06a2ae59ed6c8beaeaa8ece9429f0ea8c2e1f1566d92a3e49cb6eccbf7722c4
t2t_L1000_8347	034619c0f556a72cd64883b7fd8514590472996c87695c9404b6a04bf1942bc0
t2t_L1000_8348	4a8d99b9c2412577b385a5c8a51600d0ed602a08ac61498ef2e9c9ab1e45fda6
t2t_L1000_8349	e1d78570b08facd2793f08032987697ee8ecf052e3736ade72ccfc8afffdfc76
t2t_L1000_8350	a608a45a68a6a1c9f8c89f2721c9f3368eb60fd95d231a2fcc4b4eba29e9f059
t2t_L1000_8351	018076dad3fc2e0dcb83fa6709599927807e7b90a908926d770776c788325746
t2t_L1000_8352	b12cf663d151950f0bfa550581bb9f7dbfe657bd74d86c5888524a8905c5e377
t2t_L1000_8353	d68975cefa6d3e136807c47f11d9831d6bdeaa047fde591bcf174cd6ab1901ad
t2t_L1000_8354	c2d85083a8b3775bdade43ba7e6a401d0782fe193870fb57c71c619f8b64442c
t2t_L1000_8355	ebd1b4f2fe72f22430268d517e70dcd9bc023fbf2411c7e42fbd04f1b44121a1
t2t_L1000_8356	1a20bdf4ebd6360ef4f04fb24986b6d663f56db16fd596cc79958025fd7bfe30
t2t_L1000_8357	32e70719c992e697b3786fc5db6ebf85671439caff535be2da855a0dd9d826fb
t2t_L1000_8358	4e69b589c537c05eec4a0668a20443a13a5b07a2c528ef7d6db30b5414deb736
t2t_L1000_8359	85a688d5b2bdb7e5db671dd8e3da397ac1d68b9251733c0a4a5f1f3563fcf9c5
t2t_L1000_8360	49ae73a9509fb575f45474f4e598c03907719c69a893123e0feeab6e61ee596e
t2t_L1000_8361	447526afd9e24c20fd07571b0733baab3796907be82d33bb5e8525ba0589bed1
t2t_L1000_8362	cb96ea44ec8340749069247982e7db0cbd79b95dcc2449afb4924025ef355dd6
t2t_L1000_8363	743fd20374bf5cebc81a8a877852eec177337e5d4a1471dddf1084093205bae9
t2t_L1000_8364	ddc6e17f6462f3223fc07c93afcc2b437d96aad4f47ee203c35eba39a1abe738
t2t_L1000_8365	d656b65916fa943ffdaea9b62405104fd2518a2ae3c213ceedb3e9ef5fd6d11d
t2t_L1000_8366	b87108ccefdf0d709497e1ab8bb0fab555274a0a9714c52e1a08d2c8fa146c3c
t2t_L1000_8367	c30c3086f5a14c6518ca69b1f98f243d5df73c6fea0e75026cb018e83b9abced
t2t_L1000_8368	310a7863fb4985d1d6fed1734778db83debb4808f2494856a68b7d0f3ccef16c
t2t_L1000_8369	60cae32e42771aee8c78a9418ab7a1e39507a70934188ae2461b936a327544bf
t2t_L1000_8370	86f0e8563c1fe5f0afc203a4af5ef465de7c41fd7b76cc6d91316e84e7d4e925
t2t_L1000_8371	f5adf628be0403df2d4f9584d485ab0b0951fafa7f69ceee495efb9752f9c984
t2t_L1000_8372	329a7006d8399ca9568ee7cb50a9dff4c57953f864af04cf29e8a5a448da348a
t2t_L1000_8373	4c53addf6209ca551b13a67a1bc9c8710276d2875c34d38b113989b6c5523a11
t2t_L1000_8374	37f068f53664158e6f62842bfcaad4fe1d22ed80fc638ddd87b879fed1ce4980
t2t_L1000_8375	872e61d33f246b83744f0c6219a030176563409db5d2231dd689cfe21e638aa0
t2t_L1000_8376	84a19ac5d8e257ca4937bbfe0d4242bb72b90ccd55254854a359310ccc4b5887
t2t_L1000_8377	a05b3e79ed362b8780ad6b0ea1299e0d083af0c976e2de2980351728eb6f6454
t2t_L1000_8378	5d1d354a94ac60446d12dc2a9bdfa6405cf017a7e4d359777609f501e7d106dd
t2t_L1000_8379	cfe4e442cc81a15381ee750b44565ea779a86d5bd264e374e8845f1c2f133be3
t2t_L1000_8380	4bc0bac420113d5d93cc357c52c5117e3176a5ffd9658829bc16c2219cbc9775
t2t_L1000_8381	7dc506dfaa2c3a66837ce52bf9b8daffbc838ef7ad1942e8b2766eb523cc22cb
t2t_L1000_8382	d8e51e5c441f0b36d403f7949299b0ae1d0d7b40f1af8329004986ad905b3db3
t2t_L1000_8383	9e919c9a5289559aa486143ee0a90ebd28ac10b2b47f38dc643fbaf7018a1961
t2t_L1000_8384	4228c8ba293662480ba3b39981b554b94b36ff798aade5676c18761a8e579002
t2t_L1000_8385	c4f129f1cb8894c2ac32064c41014bfce17b184ef906778ba4d393d081ae0ecc
t2t_L1000_8386	974bb1fbb06ebb8530ee260dfd1413b211f38910c4b6ef14da807c22f6674fa7
t2t_L1000_8387	fcbfda4bb1c0f6b3538042a67bac0a6ff29142577bf946c6004530f5ae794085
t2t_L1000_8388	dd5477bedcc608c60abeaa88156b748f676bee12a45c6e256fc5ce7cc748686b
t2t_L1000_8389	3048c610308ec7f48293f1097f297ea43e0eefaf983af833dba70d4908ccc033
t2t_L1000_8390	7d625bea9bb1623ecebaedcaadee454308e9b3ee7a01ee0ee4c291339f446f6c
t2t_L1000_8391	1b96c3674d57a5a4f109e592264d39257c223762b06173227aaf2a75ddec0266
t2t_L1000_8392	cbaf86424552372fcc7a7eb90395e7e1589862e5faa381a24991023b4e1b2b60
t2t_L1000_8393	555fbffdfcf30abf4815f12f115087049b75ad85238f9886476fd4f99a16c4a0
t2t_L1000_8394	0ed19e227e854f89531203fdbdc6a453aaf2c543f8a2bacfd90123111160c221
t2t_L1000_8395	60a6846dbabd198f9b9215b1358a837447acc3473d807456005cb627f4b4373a
t2t_L1000_8396	6a9331b07f47ed6c1a4bc54d3293936ce02fa8b6a1887e58397dd8f213837d1d
t2t_L1000_8397	36eae9f8931d2baa6b8b79903832ec85061f512a234503b19c9d8ac8d53ee900
t2t_L1000_8398	998c8d32e3500cca010994f22fd371f1ab7ebe169f4ff2051b2b842145e69ddd
t2t_L1000_8399	2ed64c9858014bcde1e19cab6585c569506c32bbba58ded65d494aae9b147b6d
t2t_L1000_8400	39f2e32205fc2682b97e9a06e9e189e6ddba96c6a9a768c0e5127399407ecaee
t2t_L1000_8401	4f584232a4e92c8a77e149d45bbaf4d5ede96193e8188c1ce6fb07c6540f9b32
t2t_L1000_8402	4b05e86c8b5efc9b2752be9b1f4575187f789dfed0ed07281978d664d8739c57
t2t_L1000_8403	c3cf88b514680912884ed45827a90e332718bfc2ef3a147efe8059966c4e74e2
t2t_L1000_8404	eabffd5c39760f38ffd1a45e5dfd02266037d869d37d34f404f75f7d0812ae4b
t2t_L1000_8405	3896a20598bf03a43d49838fccdc9e1c7a4e7da5a88960f922def83f162d2ab1
t2t_L1000_8406	4017285ad22f65692e5f23e54ec17b0574865c8c1097327b8a1fb572a8163925
t2t_L1000_8407	b9a7a30cd7acab7ff6e69c7132f3f14060e282f133d0b831015afdfe45ec7237
t2t_L1000_8408	3f1b08315a103ccdcf9dd7c468098569e722d1eab95f7c1b6fa83ea30c8f9754
t2t_L1000_8409	80ad734f6a5248ebb033c870cb8daa1503c3a1b03c08d4f81d82494fbc15cbdf
t2t_L1000_8410	414a5bfe7c6b2324495f7f69f34f1abb525bbd7c13f999e68c948106b082a6d2
t2t_L1000_8411	352235f0a7928d33ec0783b766fca30b2296785d82c1bf9c27bb15a3911df5b4
t2t_L1000_8412	1e9972587bb948619dd27cc9008abaf2e885ae59259b893b8bd102b6bc2da2ce
t2t_L1000_8413	6f8210801c5549e01ac39564712c0e9e0b6b41d20ff30e77a8593beb9ddbaf28
t2t_L1000_8414	04f80bf825a4bc8c83a9f8f1e832e863fe6fcb82db4723af9bfd13068ff0d75d
t2t_L1000_8415	07665764425dee6773858355a56fde7419cfcb17246b51172a7f4627bf4d6782
t2t_L1000_8416	ff06074db48e5567c4421ec0a6f46e7a838a481cbe40d6ac54ffe01283b964e5
t2t_L1000_8417	58c0868ace41c585cd0fd0a5099454c85d12cc3e2c73a8cc56a2aa7a903a151d
t2t_L1000_8418	2af119b6f497669f821fbe4e3fecab07937a2aea7c12bb8bbbca6fba500419cb
t2t_L1000_8419	dc08d88bee18534df4d281c353831ea860a54fe8e336f2c8065aa18fa8b1603f
t2t_L1000_8420	b4af0449d79e3391c09c460b482cb1c86c21e5bdfc0ce1498e87b3ded63c821e
t2t_L1000_8421	25da116e60cce467a8f5a7218d6a2e9a6d96d3e952ea095bc2b8537331dff51d
t2t_L1000_8422	af2692d3b72a5bdae8c30917394db37e81de0fc45965d3199f4cfc92ebcb84cd
t2t_L1000_8423	a48fce614dc045009af05e2c709ca73244aee1f97afe4ed1a1ec29a736929238
t2t_L1000_8424	02abbdf62257d3cfb26fb28ddc9dac993ed3c3d26ccaeeae4d75e392ad3438fc
t2t_L1000_8425	eb05ad4ace5b7e41e0863c0d063348d0c45ac7d51d208e1ee0735c0999288212
t2t_L1000_8426	57d0c682a50260352c1a058f78b280ad5efe36dbb261491886c4c5995db23e30
t2t_L1000_8427	e9bc4c46ef5312d536a67dadf5237fbd3cfc094ad7b5d83a4b6c288131298731
t2t_L1000_8428	8540af401aab3ad2cc8a8db1f240182f330f37925ecbbbae7202dcabadd031c1
t2t_L1000_8429	240f448e23579f4b566fb7a565980b899e45f7e448007370ba3229e218bd8922
t2t_L1000_8430	398daf07dc0a79c82315ca90153aa278cc25423cfc948bf0d5107a1454d7c11c
t2t_L1000_8431	0aae7fa977ff2edb148609886f4b3e5fcb5c70b14e6b3b5e5f01b81098dde311
t2t_L1000_8432	34b8e0731b2bf5a3817bd5c4e417e04f7e153727ad6a2f663edc5adbd1d1fc96
t2t_L1000_8433	986c58630f13c87a33540006ba1faff476388bf85069cf2cc30bd55f4c5f66e2
t2t_L1000_8434	e30ae8e8dfc324c81443f10a9fcc5d93f254cba8378c92b35f421b6277e07c40
t2t_L1000_8435	b9bbfde4c755fd1fe9f6a8ad0e8bf4a440ea841da039e500eddb647a2818acd5
t2t_L1000_8436	36d3588b12543c1d048f9a40d0fe3b0271cfd56ba8c693513d581dffbcc249ea
t2t_L1000_8437	5ff8fa8bce499b93258d5fbd4669bdece3f5bcd39b8208ed8f5fe80e62f94bed
t2t_L1000_8438	406ed0af143802dbbf43d51d30533277c226999d19218670d3231939916e86fb
t2t_L1000_8439	8cce4f94eee3fbcefac675362938551c1f0ecda53ca25552a67ef7aaac0acc7a
t2t_L1000_8440	39e549ac86c6eb352b8c3e963c0967c93613651560c9cc5618f9547f460855a8
t2t_L1000_8441	26eebca263b6226c7dbd0f7335e511c40180224cdc5fe6720ef383a4762e1536
t2t_L1000_8442	aa6e1049e256156ba076e80c39281305b79dd6c5a582600a70ced98ba1ee47b3
t2t_L1000_8443	dc993420b95e5b95d09451eb650c7de67a51d635719ed3a966b9d17a44a93d0a
t2t_L1000_8444	6a7502359a3b4d6f7ffad4645d4fb670b74b991647f53f36fa03b7b5c951f47e
t2t_L1000_8445	b6a00654172ccc0533ccc91d52e03f5e8405dee1a7d3c2f51820671fc858116f
t2t_L1000_8446	afc71d53e2ea36e03f08f2662a2203136911a837e75fd9920d795e3cc61bc6c0
t2t_L1000_8447	55eb14bfd5a7361a5f25a5b1bfa4d7a65bf8fa7d4c007993f5265c02795e35da
t2t_L1000_8448	ef108ccfeebac553206acb3a9796f34e4e75e8721f3189f620d4ee6a88c37bd8
t2t_L1000_8449	0203ef511ab4416899e9c2df30bd402d3b487f761b37eac5c6a36acf26541509
t2t_L1000_8450	2d5bbc9004e3b92331a3d5fdf7939d4be4afcddf68ed6ef09b46b29648db263d
t2t_L1000_8451	0766eea85fb6cd1f5d1eda0643d166bac3a9fa185c26c152e4f8f64262f8f354
t2t_L1000_8452	3e4450109b65dd6c28bf3a417e75903006335199ce3830b33862cb37debf93da
t2t_L1000_8453	8e25f515a9a60ada11da614497d9838d4ec0ee54999b8d4edce84bcae1ee0cbf
t2t_L1000_8454	5015a1af908001687fa61a843b2ce72d3d43cbbfb1ab8686c746361ab9863e97
t2t_L1000_8455	a5cb7391d38646dde522bbb5f8e6b70f6f47950d4bab965ec22eb2a5f863352e
t2t_L1000_8456	62c1ff0a6d55e9aadef9cecd683574af8ad8ba1df3c2d1bc2af6419e8ba0a48e
t2t_L1000_8457	a4b025519b75951a728f1fea14e4eb0cae11c22463fe88281519cf8c3428cf65
t2t_L1000_8458	27d1908f596f11292c3fb5293aa5c831a32ca5fbaac3a50efeca49cc0c7194b4
t2t_L1000_8459	1d38e046f49a4ab55b0b59ea26177b3959b3c1e8efe64fbb09303fc4d96462e5
t2t_L1000_8460	57e529cb0e636ae49d8dfea7fdc49982015e25228a72e96c3e49cac365e98055
t2t_L1000_8461	42b52f2c940f27181f634b0886abed3101838cbfaece776e3cb6f38685413a47
t2t_L1000_8462	825ecb5b306defc8b3bc83d7d46b2ecd8004d57784ae3742b7b78d8f72481ac6
t2t_L1000_8463	ef5bf8ef3b027a0b30aaca7c03a301f972f529d1dfc9a2a9b6be8077ee51c2b7
t2t_L1000_8464	0d2bbb0b47d9ed20555ddf0577c47792bb6cb766ae8e637664247e2c06105f9b
t2t_L1000_8465	2f945c15eb4e01976adb431112ca31c1682f64185a703e4776c8079d1ef7438a
t2t_L1000_8466	36039d0b73962faf81ce2658b6e4335c687ef1d36a29af895babdf1489380cca
t2t_L1000_8467	1fefd2f023a63def866c0276d08e45a4362d2884d37a369e5b753071adf798c3
t2t_L1000_8468	62d57d7cf75939c73fec9cabf4b9ae41bbfb9422220318de009603eca0f670f6
t2t_L1000_8469	e097d7e24cba2a047cb98523c4ac41f0dc94bfca069a50a4fc5ae7fe972edef7
t2t_L1000_8470	9920e3f695a6f7301d628c9b14ffcc5e4a476f355c0c5976c458caa416e8b845
t2t_L1000_8471	a1d89508073779681305e6e4cc73546123459697637743b9307c80eddd76d513
t2t_L1000_8472	887b499e45571b4b8b80fea513aff750fe13156b600cc88e6f0f579c3fdec7b6
t2t_L1000_8473	2269bf537aba60b37cce0055a457e52c12e18802f8a90531904bceb7e68789d5
t2t_L1000_8474	72fee82c1e58befaf414d96af36d9a851b0c4ccbfec229a0c419c8028eabafbd
t2t_L1000_8475	7de318af7460b6e92f8475ea81c87f1eb6818ec068d3e01f0a414f5901ad2bd0
t2t_L1000_8476	f10d13dc47da767d5edd3513368f0930719e0a28934c5c223c9e6c89dea53c6e
t2t_L1000_8477	ad0e819d6e7c705f5b297a1a2369041219b8b744008ba111a7806e20206248b6
t2t_L1000_8478	a4aabacc32b1ab6f239113243001bfe22fdb22e9948c4e2619685a668266afe4
t2t_L1000_8479	5482ce17fa55a5b89218e17c3620b84b2d3a1f5a5c0af4abbb4e23e9b9ae39a4
t2t_L1000_8480	0e504e50e61b8cdf4dba71d9927d7e3628d537912fcdd98a7ebab40647fedbf9
t2t_L1000_8481	36bb754893949bf3567e4b8103752d09d1a38bc83a97ee443458a53e948ab68d
t2t_L1000_8482	d4fa4a7f803a8ca3161022062c359c19b51ea2a1eb541850a882ea830e9b296d
t2t_L1000_8483	3966fab112b225cda045a5451284c3d34d1f88e75d4a5ddc156aef64f6cab3a5
t2t_L1000_8484	73d918692f4a9a74029ff60819ce02c3853bc1f2ce722cc33d9cb805a8b0b0c6
t2t_L1000_8485	27cf1ec90c785a012696b84a8ac311a0ca6984213b2c59a59216d61f93b4c9c6
t2t_L1000_8486	83b1d6f4a51e71cbe41efb05107226e55873149aabee69fcce3e05300d5755ef
t2t_L1000_8487	c5bf0fe256db978dfff71a812caee82c05d6e90217d3b344b97bcd445a341a53
t2t_L1000_8488	a0848bc2e24bfc14d851387fbe3501469e935c3fd28e8128820f2d41576ad1e7
t2t_L1000_8489	177b7a7239494d722998832c43b9997966ab1bb1b900c5f0e940d95c640dbb30
t2t_L1000_8490	60ff67008c9bfd399e1d59d0c33b327bc99ff5c68d0eac83eaa04983056b55cf
t2t_L1000_8491	24566529dba18ec707d2746b427d7bc575f07a4a4b6520f80a0ada652af08279
t2t_L1000_8492	f3c2ebc8432858c5d78abf41dc42066194394e0200b12a6d7ffe049c3dad689e
t2t_L1000_8493	d8bf51a91bdb3f72412d9910eb83e153915daf259ab2bc2f122313b1e1b4db47
t2t_L1000_8494	cd31a073107652d4d2ea09ac8282d531c0a68b195be750e8483046815c1fec90
t2t_L1000_8495	0f81e40c237983f4663d60e70c22726e77e992104b76ee1d455c99f5761543d1
t2t_L1000_8496	c24116a44f39ef0a369f53a563bade3ec2dbeb4527507d44aa3e6e97a54a1c04
t2t_L1000_8497	b75d56b30afdb0c541b9c83cf2207b6a7178528936fd8f9dda688e93d870e5cd
t2t_L1000_8498	a0d48c99c7db0f471718eb076bbcb76e584ae5922e62de17304a06ed38faaba1
t2t_L1000_8499	d1ec0297f0ef4d9affca9ddbd8464391c24374a1ee4505dd26b082cf943c88aa
t2t_L1000_8500	92da16b649afb287a13b6ff5b27b08bfb9da2056c5f13d006a3a30501351a1ff
t2t_L1000_8501	567f711e6cc39d78e2534a4eaf22b29cac6e0c76126c0832a6c1704d7507777e
t2t_L1000_8502	936c23b5a969738fb4782440e81e8af08e99827a5488d8a997a4e21e477cd84d
t2t_L1000_8503	5825c76edab7a63f946770a9d660025af79b0f64f4a378e6db802c1b87ae458d
t2t_L1000_8504	86a4f398b2759b6bce90b73058b550358a2cb60def625fe85dd10dbfaaae8436
t2t_L1000_8505	772b646feb2cfec6d7ffd15e0d1469f8f9b1fc488e40c26ea74ae68c891e8f9d
t2t_L1000_8506	2e26b768107f9f19f0ac6fa861ea2d92b73b0b79963cee59a769ad04a5de074a
t2t_L1000_8507	e3539671e5c356326b15d0565b33692ceda5b1d4c4c1bcd37769d8978dc48225
t2t_L1000_8508	b0787e06575142a70d7a49012c3f9e6867ae206dd1cee91c96b637c2c77bd98a
t2t_L1000_8509	0df4e8d1bbbc79fa65f1a1bd0a0a381b8c850d9a9a2a46cf37a1324deb0737cb
t2t_L1000_8510	7450a95137796728db82f17c68915a24234c2291463af0bcd6441ac80af16229
t2t_L1000_8511	efc4fa19de40fc7cc7877a17ec339856749c82abbfb5f63a40468b4eb93a7935
t2t_L1000_8512	c598835ae9919ae419a599a04f578dc297c8862a02cb595378e4935aa02b277b
t2t_L1000_8513	2277a029ae532997bbfd99383a27c1b5207b6ad3383b43d900b5641943e09263
t2t_L1000_8514	992e1a85f4f66247e1e584273ab1fb2d1b6c9d4671ade0cc16fba7a618f1e214
t2t_L1000_8515	bcb6591ee410eed7f8ed7557f25e3f140614c9cd11ccf7b948689708c74ac9be
t2t_L1000_8516	7ed823ba35cb5121099d62353531aca7b66775e2ebe44fb4db8f0d4b42f3c98a
t2t_L1000_8517	d8f604ef3271f61e3229e07d34bc08cbdad4d44879224b97ec603a5081ca5262
t2t_L1000_8518	9157ff86c23f66fb62bcdaa298382a738372b2acd4078f1c5a4c98355d41b821
t2t_L1000_8519	1d8ffd8a95c880320eaae46c780cfee3d961278298194f47685f9c4ccebc89f7
t2t_L1000_8520	39bf95650073a123606362e6a176dd6f6f6102f5933004b2f83c1dd227386e02
t2t_L1000_8521	6fe8f0391439467113ed5442fba8039c5585c0b63aa483e35f91b9cad5755f70
t2t_L1000_8522	d0cc89e1c0f140a1e25c4c25e89054edb8277eedf3d42017b0fb985b205f7a85
t2t_L1000_8523	0ac40dc4e04ac1c9bb1821c99d028bedf795acbb767b1d182594f17e238b35b3
t2t_L1000_8524	a137cea66e125b40cca81aa2755908a2772fb79cd76868c8edafa52f4a655b19
t2t_L1000_8525	2a8b440997a7b281cd2b471446f7a6613c5a08bf82098a523365e54fb4740723
t2t_L1000_8526	86f35bf1c60b4a5117b1752fa10daed977a1399384edbf68e925540d72caf267
t2t_L1000_8527	15750859294c51e2f6dab448692a84c59defffe1223ddf290c77f46b24a3cb1c
t2t_L1000_8528	7cbd018a2d2bf874b0db78f865a77aa065569da9d784c4e38d7c243f8d5513b2
t2t_L1000_8529	f1c6367f5fb2023ad774281520eb351cc1c0e4f6fcef4647de83d2c3380d4e35
t2t_L1000_8530	d059e45b48edf2f44fcb735c770a061f6fdccdf21980dfaa50566cd56f416643
t2t_L1000_8531	2f6c7648157666bc316cbacc94609216dc6170e91c132847ef7c679a25710a3b
t2t_L1000_8532	b05df01474cc6a3526b2c57329763a07e636bba144a29f401876a04cc059a74f
t2t_L1000_8533	3236544d9c8dde52916c47588010452d3bf4396492931995aa649510465fa928
t2t_L1000_8534	d2b454f2a5dfdca23de82b1812d132e09f26c310a309410cbb89984246adc0ee
t2t_L1000_8535	e3986df7575f3a9472b1246dc77e631cc994581bdc0cb2219f10cf6db96c909d
t2t_L1000_8536	c797f78a931da49e0db7a3877b9dbfdb8a0835b8c674bd48680a7cd4a65093d4
t2t_L1000_8537	0619b394327cd863b8d1f344f64013c70284f5fcd403d36b8cea91cd78e41679
t2t_L1000_8538	af8e2339a20fbc9c4f7c7f595fdfd33eb1120cb1722136e8b8708160d0c67809
t2t_L1000_8539	b2732071e3ee0781ae423bc779aa6f06b56813773240d1fe69d0fff6d99e5e56
t2t_L1000_8540	d48249bf7e4deae905a04e2f79b80b3873308a93971d53380222581dc9e6ee36
t2t_L1000_8541	cda6fb05425354a6d0b9f2927a993b2609235adfcad77a2301a32d7c40b3cad0
t2t_L1000_8542	bff882f8b7bbfc9a269abb0d8fbdd254cdf34a9b6887ebdf9f0197c892e9fef2
t2t_L1000_8543	cb41ec764d082866f5e18d9446f7b18794c1a2496262b699dd89006778ca9ca8
t2t_L1000_8544	865af9a852542fe726d9277bf14f820f28c7399dd85559d11761714fa9745cfa
t2t_L1000_8545	8cdac5cbb930f500b80ff6698f2e243a70937f3c14f9fa086391f5579dab5bb2
t2t_L1000_8546	6aab70d1dd4663f292a175d3a9e7a5daa516703a91f3a5ae307ab4ab3e6b2595
t2t_L1000_8547	c32c574536aaf96ab7cba91add67c163a095a16915a310ad06dd846221d98056
t2t_L1000_8548	1bdb186b9e6ce6fcb4f2f0e558f87d0271cf691dac05062d9661f59bb84e0a55
t2t_L1000_8549	69795f965bc5e07681656bfc66c272de396d5524036ef67057564290fafc4604
t2t_L1000_8550	ad7ac50940ae308c00c4c5f2dd38e2261f45c303025f9ba084f6eef7e584cc98
t2t_L1000_8551	518b652422b3dacbc1e37bb81ea51a6ad6e02cbd4b009f39cc08867f099dfd44
t2t_L1000_8552	afc2652b952776a0a3774e4a1d24e7878c17b36613804f417683dbe56198c0bc
t2t_L1000_8553	ca373df4db1dfcc2c24f18c2944e39ef6814ed70c4388b265b842b1d066a90f7
t2t_L1000_8554	c2d5c8ea01acfcd69b8bec39e5d4e2d251495752c3c626e65883d862055e28e9
t2t_L1000_8555	819344f1f772f721f0156fd137420046177523c92872b4d0e6babea6708bac39
t2t_L1000_8556	497f1a0f633202df8a3dd226d0a3c41458d5d7263ec2d648cb69ab5d87102de3
t2t_L1000_8557	c40bea39a119e92ecdd168ccbafb15892eb5c2aeded7ce997f14407c8a1913ee
t2t_L1000_8558	cb5b3796d73d93a4fd1b266890bfea5237b6a3f69448312a9f44d5b6b8655433
t2t_L1000_8559	217737b47eeca75c7e674fe0f93ca0860a1258cec07903a906b400578351d29e
t2t_L1000_8560	5353483f3b1e8a83e28391cd7437fdf12eb075d380bd7266eadcf8fe7407075e
t2t_L1000_8561	558610cac6d1a05e2d77e4069907473c526df82897e78cfc86a1e67df42b2a2f
t2t_L1000_8562	cc09b833f18ce59ba0fb5cae1a7665ebb4f6e7b37051052c68c6e21e450f5dea
t2t_L1000_8563	45cf8c2915abd7d64b08bd2a7bed7f18eff204dacd17b090905752830a226e72
t2t_L1000_8564	7c2cb9d1ad06b4287be59ae2fc266836fff48b801859c82a8842c6c2f17d915a
t2t_L1000_8565	1e16a010c8b102fa09dc1301a2f4d86088c9745a0a4a519d7e03e1fba7ebed89
t2t_L1000_8566	9b1b59748b6d645080a81c5c0cfcdb9ab9fac54764fba8d03f8ad43dad3c41a0
t2t_L1000_8567	6fb9ac5b30095997ba7ca002164d88081a01b8cd6a9502a19deeb959dfa990cf
t2t_L1000_8568	99bee2dd0cd350071ea944e74002a9f020841394d41e949af2d3decdf1902905
t2t_L1000_8569	1156eb2d8bc783f21198253f267155a5c573f28bc52bc1b7848c6915c6cb2942
t2t_L1000_8570	f826a091a8ba15dfb6871eeb37e3099268d8d9453997ba03c7e007d54cbd6af4
t2t_L1000_8571	c8fac29ad8cd87f3f0628fab1f022b5c643f9e33460cd0b03144700baa2b2056
t2t_L1000_8572	04600c2bc6b0a2d5540fb219679b8bb853b5baed67aa5698ba045d52e89a6b48
t2t_L1000_8573	767cfd392004e28e1b1d1169c410de26ff2cc380b8b5ba412d31529660159b95
t2t_L1000_8574	058d2bd14403eb2a687154b169230ce108fdd8449416dbfbe3339e50145e0ee5
t2t_L1000_8575	42e532a5f630ee216683b0327afc4efc2d53e3348991317b44cfbca704ada486
t2t_L1000_8576	d2b3081aa89caa85cfaaa45e44aa97328bdb37b42a4130c13c21c605c43a0b34
t2t_L1000_8577	1a56505bf1c4df4ed0e6d48bdc3c058f766ae91179be9a7dc081867f234ed600
t2t_L1000_8578	12e137ac2a63c737505d5abb4e8df0147806bfb6ae68c032707fa71cb851d200
t2t_L1000_8579	822f44c3e9e8156e3461fb813a1f5684ff4eb384f5f178f2bde23277aeacd23c
t2t_L1000_8580	5689a61a33f136f2ad29008be28df1d8f7104bf6b3d2d93c938b2c66edc08362
t2t_L1000_8581	776f4bb55b3555f56435f8cf709007371f652692e53d0c11a2e31a18e7c7ea79
t2t_L1000_8582	867bd28faf9601b9d3fa017f02065be0b4195a54f2fdcf2f7509b058bce6a90f
t2t_L1000_8583	192253f50f93266bc7100173b338d9d0785c0d2f96b972fb9225007968f91461
t2t_L1000_8584	21dd4e810dd1a3a0adfcf12945426548d7389c4afcdeaeb44bee96e6911facb9
t2t_L1000_8585	8ea6d8fb99dcff6733fa0492c5843c9e83cdc322debcc2b65865be24842784e3
t2t_L1000_8586	a6c4cbd66b2e4932c1026556effb9af70c7a459c6a97e22cdc0eef9b530c76ac
t2t_L1000_8587	a006eb91eb07da460f94bfd2a769f40b2d12e66a6ff6ef0456c24943fdbc5482
t2t_L1000_8588	4b58ae9725f557805a244c16761dbb34c004c1ce8ef140bf6e99c2f99ce22492
t2t_L1000_8589	495a8663e46ab633a24362489933aca9f219ab59479e2a03cf7f462830b160be
t2t_L1000_8590	b0ed3449e35dda6db0989d5128635aefc8e9445fac3cf426216da8e2b7d36a73
t2t_L1000_8591	3af844b786a2b8d9808f6e20366f51a6bfd50869070769bbbefdeb3425e05449
t2t_L1000_8592	63fcf45dea9a56e5192476f419559409f40652e6dde10e8cde03bf9444c0fece
t2t_L1000_8593	42127839a07941a3939ef40b7fb3513202bb38fb217c0f967fd01bf4f232fd1f
t2t_L1000_8594	88e7e3b4cc5666a56c72a5ec33bed57b19449d8514863f33ed5f4620a6fa6390
t2t_L1000_8595	ec3d89b54b80d2ec80331e56129f77d72fc73b8e6bfb45352807267af580c8dc
t2t_L1000_8596	791f10c78ce94a0b27ea9ad29f91b9583ae84bd96e1c2419eea9074c7940351b
t2t_L1000_8597	753ace8c559295074c8401e331559dbbc78fa435dceba5d296928973de376c07
t2t_L1000_8598	ee2ad2a016e221a0d0a52f17edd6262ccd6402904407e29af371f5630ca4f8f1
t2t_L1000_8599	b0c6da7ae3d8b852f08944416ba6d5bd79016dacd6d5cf7e70be20d305dcf38e
t2t_L1000_8600	5e23e45c7d506d1e33f79867b11e7f2cca7ed008e5697079877cf0f79a798db6
t2t_L1000_8601	b6660147118dc98ffaecb5f9bd145469ca5aedffb10446847fde48477a7217d8
t2t_L1000_8602	7d46336271a1fbea2d9f0b0e15cfab07e2752641eb21ee4e19d713447c3cdda0
t2t_L1000_8603	acbb9602572f8637018fcf5910753ed3628f49365ded071bf3aa81c07bdf074e
t2t_L1000_8604	bb152cd791bc69b46897b46cd9877dccb2047dc4eb613e6a61c75c86cebd437b
t2t_L1000_8605	6517180d5856cc1ca7e4f62e0ad13a89634bee2d45f74e4288f41d9e6012ac83
t2t_L1000_8606	90b518ea448a0f8584b0173b2fe998055365560ec03070653a9cd46dab1861cb
t2t_L1000_8607	1dd152bb4b6c883091d8f8a4271e6de2678392c011d11022fedbfedd443b5a04
t2t_L1000_8608	c5186cbe92baa778fb28be556a378c24220403ae88b65a67ab8ae9afc9a4986a
t2t_L1000_8609	559945efa9eb06cc6861f6ef1975b711eeeaf72fd7c1f2d4e37501e0d6e135e8
t2t_L1000_8610	bdc5e05d13451d7e66d69a3b068070c67e94c7ed4e0a715144d90ee7661401df
t2t_L1000_8611	75b2a09b06170a01cae2008f44f28faa72cadaa12bebed03033d03f85740ad15
t2t_L1000_8612	856cfdeb577a206874b8201ba520f7144d97c96518922e40270f149cbda91728
t2t_L1000_8613	47be79afaa330ffa7d345716547dd583db16e534dc6a011827c98616033c8f00
t2t_L1000_8614	7b6b48e63ee853bf0a1f8d3642a8ba8ee5f03015332322dc31876794c70ea4c1
t2t_L1000_8615	97d8dcd89c5ede053c3cef8466438f6ba62571117342b4d8919d18bcdda16249
t2t_L1000_8616	18505bb3ce7be60948e3fc01f3fc41eea3a447146d26b6ba1f77008bbf92cf5e
t2t_L1000_8617	4e3ae1ee94d453b4c175ab19154149e9441b26e9736728de8b78e675d43b9aba
t2t_L1000_8618	d2efb433972e82d0d40c29a3880eedb0c0a4480535a2320710a9bc62d22dea38
t2t_L1000_8619	a6290b23d7aeef57f727a2b4655080f441b8007b4b203e5346a9ba85ecd95a89
t2t_L1000_8620	557a17a4a0bebc7a0c33369a176594e8dc73fce720810b0f3b0e8f96aab2bceb
t2t_L1000_8621	4f539c49f0eff72ac36b1d6f1a6bb2facabe9ba64822e3a5cc7023c0cb3136e0
t2t_L1000_8622	1aa325d16c4bbaf8f327326479877953ffc520d063fec1c6619c2e2cdc41c965
t2t_L1000_8623	7ace00c47101a269c75e847cc0f06f0909597a46dcdfd11a737e861e502557f9
t2t_L1000_8624	730c64afc04ca3a98566f8aa98d4be8fd8137a785d258fbfacba7de1b588fe63
t2t_L1000_8625	0a213e79d35a80717e46baf69c1b7b3c6b2408a2f89dfa315b2765d273abed03
t2t_L1000_8626	95b7f5872e81b599f1bcbdb0844933c005b4c15af179adfaff007f05cc4ab117
t2t_L1000_8627	ee6c689ee51160d3dc3e6edf42c168dc23a875bad8375a87ec61db70da97279e
t2t_L1000_8628	8f1e9b351234aa3fafd56d03139bb8664003f5825cde12642e32bf1acd4901df
t2t_L1000_8629	eeb8392e2d4adc19275e363360803db21158c2e7557602d18496f35bdf5c1e56
t2t_L1000_8630	0c78939b67fa518d7d444de994f9abfa0da4171c6f42b172a8dcfcf011cf5a26
t2t_L1000_8631	d6ed83d983a2451fe5d849fa7606d38b71dcb35629a39cec0e96567b96fe3dbf
t2t_L1000_8632	075a3e0f728c1d7be98a15799ab4b6bd455461b9bce97b09f1950d0a87b1e2ac
t2t_L1000_8633	04035dca3d33161fef37d27f64e673bd16da37e48d692069092d1eaa86f7edac
t2t_L1000_8634	d12aec07d7ee11200a90d38b18bfee8c365a754c2d5ded5737fc114b843a9daf
t2t_L1000_8635	cb07133b7701071f94efe86ab0e41bdd09aa67c07b18d2e1dad559c86fb85351
t2t_L1000_8636	a33d96e9b79f72a7ca0e2d44d818374ed2c5d6f7aac2624da7c02b56df0bbe84
t2t_L1000_8637	33f8fc529950dd57117beb6ab9f2827cf3b197552fd806cb4d828c2ef9c989ad
t2t_L1000_8638	3bfd7f0bca10502d793d160f9a9ffdfd6c4cc7c4a8c7f8c7ac3f063c668dfb67
t2t_L1000_8639	77ceb92df8370338f28d446d71156f32ae44c0edb8f59973f0b42f31c5decf67
t2t_L1000_8640	c28ec4d3c6c4d2288bcd4a47019c75929e4f7ac2e1220080727b1053153694ba
t2t_L1000_8641	e8c494bac272c8773799a7838e2db92e5eff585adaa50ec284391f4b04c5fc22
t2t_L1000_8642	5f7cacaa699fb712dc577f5bd030f24d1117cdf33d4479b778d13a1fa660f9c3
t2t_L1000_8643	9e6b32ef41af877ecd74a4c0e9dc0bb480e5da50fe851320286d7fc16cf24c67
t2t_L1000_8644	93f8a0335c428f45a184c19ce94007ba5d2b9f25fa66d71a4c17b7f996ae72fe
t2t_L1000_8645	2c5df2cf14103811afffb31216174ce422752075e983ba152dc41eb6d013a408
t2t_L1000_8646	0bd349fa612265752856555aee40b3181d4f7702eea8ee5de78fade3120a3742
t2t_L1000_8647	06fea59183e57c018a0eed8bdb1a1c95f2aa50d3c790a39578e353cc532a6c0d
t2t_L1000_8648	b1e838b18ab1997390627a8dcd6f5bb17ec1f2441cf89aabbbc678b223402b8a
t2t_L1000_8649	837e77498ef2ac1a244bfe65deaeb71df65a3939bfc4c018b3ce90e4233cb227
t2t_L1000_8650	123061dc7c73a04227797e7ed5d0c21158a75be4c7e75cbf0b48ba1a555b5f38
t2t_L1000_8651	719222105d02f2926f9ba951f8f18fbfb77edfa8fcd37cbeea5e2b86a37c0886
t2t_L1000_8652	dc62729699de25095a629515a4385a935da76accad6421a18c636d7306ae435e
t2t_L1000_8653	ed6d236495b08ce40461429c50651959706ad798e8b8df149ae28f84a72f00ec
t2t_L1000_8654	6bb21610336243d7636613c77a0973549cace2ef0ff265eb82aa2ddbcacac33a
t2t_L1000_8655	38300e282cd555100d5e3dbd60ca77dd53a333c15c5765930a8abac8e0921d96
t2t_L1000_8656	92c95025985c95adfc90ec4ea7ac549d4f95d87c031b30e66ed700bd5c96b8e2
t2t_L1000_8657	f229d36b563ebe27a282fefeab941b72ff85384b79a97f8e6e325294866d585b
t2t_L1000_8658	efc9507ef8405460d963d81dbb9873f761532c97fdae4b309b027cd8c6b1acf2
t2t_L1000_8659	d451bb247e7d1545e7e52be34fef4acb965cfe4167e11d10704d9934d210178f
t2t_L1000_8660	6982b80855a9d55a2aab6f2be57a276f38d2336c06f8c270496a2976a6ec3e52
t2t_L1000_8661	184050349e0baadb7180625d559611352705a8b796a0fce1424b0790b3ad0852
t2t_L1000_8662	e6ea480c2205dad264669cdbd51701173d9f279491eb77c7d300ac294ef91770
t2t_L1000_8663	07fed138adf0c0f869ab1ebb9f53edb9591627506cea6954bce90cf0152dc798
t2t_L1000_8664	cfdc6799794fe3d3bac7cd6289a729740e1cc34d3a5e09ed90a9bb27388d4c15
t2t_L1000_8665	af754a5a052e8e5d040a8417fa0a4bc5db6731add5c4b337ed519ba0be905a68
t2t_L1000_8666	d43262c0b587219ceef366492aa1d4efbff53006ef62b527440b8b19cb915913
t2t_L1000_8667	2edc55fa35fbdba9435e1ab1000c4e4ae548a582891449d814dde520b2bfaa5a
t2t_L1000_8668	a15bb67ba4c6b83d9172e0269d7a0630e3e15e7d9255712e7dc993a755d1a56e
t2t_L1000_8669	8bde563c64aefd93c29d0b5daf6a534b49847dcd37a2fa0b4ce78e35cd2d26d7
t2t_L1000_8670	e41c0a18a35331fd338b06115708691067697778d9ff8d95737d4fbd5837770a
t2t_L1000_8671	0377c98a166edd706276aaca2c1fe50666eb6f1211be685fd7db5deadfa1a6bb
t2t_L1000_8672	ac817fa2d97c48b8815b63bedef9e27e6f6b4d11f182fbaf70d90bc6d379d13c
t2t_L1000_8673	556879b202891cb45919115a0b69b6f3289031959340e05d9799f9e65d602c39
t2t_L1000_8674	6907c2689b58c59706fb30677aaeea82f76703d59627d6c73b2f7c197b351f13
t2t_L1000_8675	ea0415e2ea77f0be2398f1152ff57927bed7b86815b7dfc716e50983ba0e2f8f
t2t_L1000_8676	6dfaa79b514aad501c77c9780589b6657a1e19de5510bfbb7dd0929bb2cc6a56
t2t_L1000_8677	05a7e637b955e4d7ed0e538ba1b404a57a8dc63323cd7b72391e0b306d891c62
t2t_L1000_8678	9f7626506595d2c2c616ef13dfbb22be50582b3271bc8843b377b8b005d2e438
t2t_L1000_8679	60b241f60fa315f02530a6fb9b1ab2b35ce07985691feef3940679c2359a9880
t2t_L1000_8680	3a2a9e3a22abd721aeb6ffe708682be5a74ed96bbda363b81e5506092a1ad181
t2t_L1000_8681	8870a98c8d523628f06015b52369911cb3930fe6398cf29db9b5ed18874a0d8a
t2t_L1000_8682	43b2c50d91a1d68c404269370606b108765eaff92de4db470eb11660943e6c22
t2t_L1000_8683	980d063d258687cd7f86ea86a0ca53f267c09fc1a79e4458902137d4ea1ac2f5
t2t_L1000_8684	f55816afbfbfec29a8813496fcf1c2d9db167fbe71fda4b1c70a38496fd372fe
t2t_L1000_8685	f0f93fe5d91dadc3087fba3b5658033706227278107da692ce805a70fd5781aa
t2t_L1000_8686	236a86a7d4e831f3da29905d0aec2121e838a99f0eb70b9f9b94af3e6f7d6672
t2t_L1000_8687	18b0b4ac727314efc95f8dc3d8616791677ef7d4785aacae2f919dc30bb403a9
t2t_L1000_8688	2c4441eeb5a04072a79745e17cf40dc19ed274f9482216ff1f8381104448370e
t2t_L1000_8689	4862fe823c2f0a07812f8ca08388ca9b6710f804c9a62e7f794c8174258ad4dc
t2t_L1000_8690	f3d987911d52df476bda47c381bf0948680a809ed6410c704992a0f88a0f7b48
t2t_L1000_8691	5a00cdb5ca5a9f3a8c67355477bccf6a24f3e1177e3ccffee8e10ccb5fad220c
t2t_L1000_8692	ea1b26aa6beaa7e05d04614b53401b339aefc160b8e597839aba6fc866e8e0b4
t2t_L1000_8693	44ec40b340eb57ff5e63c2b4a7a50456639707ba2e6a2a23f115efca110b6c6d
t2t_L1000_8694	21ccf5e94c8179787a87ecc2270ec8b5ff708581f6996acec9d17f941d234a3d
t2t_L1000_8695	3b7216c3fb2c9b904a435e1fa6471c4af22b3e4ddf72adb602230a45b48f47f2
t2t_L1000_8696	3717314c0621a233c81f541903aa533210d2ed0e97f7e0edd21c908ff68627c6
t2t_L1000_8697	4b83c0403cfe76bb70994eefb84740489a8f40894c8adc873d93a396dc545ecd
t2t_L1000_8698	e1cdee3f8de49c15d0c5fb777e32cf5b921802ec01213a8c6d250218a0e0cf37
t2t_L1000_8699	3986927f403bd2b4153e0f8c5d26732ef9179dc01967135eb1b77dd9393fa68c
t2t_L1000_8700	7761d4bf7609269d8971426adee1209c62c0e8ddee4ec8f68a99929b181d3815
t2t_L1000_8701	4f32f186275b35e0f244ad9c2dc6e87a23fe657b5d36381cc4089e50c81f8a2f
t2t_L1000_8702	9c086f77a85667284965c28d61c85a0118d9fd705867d9757a64c663298cc643
t2t_L1000_8703	31dcc1c76552231dea83f69f13891bb3477984f4b82fee4b0f9e5d784d537eae
t2t_L1000_8704	b1c6377ad1311a369a599f559e8746a1648c4d2e1778902b71b0d33d59b69796
t2t_L1000_8705	d6933a48e3366b9162fdc4d72bb1eb13144b77dfcea25a75db546467ecd77455
t2t_L1000_8706	5672147809fc4ed25a23cf5c669cc9d67986d0282b12c10a1274293313664af2
t2t_L1000_8707	5d99290951bcdf0d1ff2ed7eab9432dcb158acf0a80ee2f740002031371f7801
t2t_L1000_8708	41852b2199b8594dfe988b4b7718f3778b366b6fb6ad02a737ebae089f5744bb
t2t_L1000_8709	8ce4d85ac5adcf4ef656753a07b3a0f5680a4e8ca73c8e3fc5023f86bf9a19d0
t2t_L1000_8710	5997872e0ae5c3ba8fbcccd089511f2506bab4d259caf6abcc06bee4be175997
t2t_L1000_8711	9e362b3ba0ff018d8f47937d123f8e4696f33ccb10c6432f2ab67cc7d8757cf7
t2t_L1000_8712	2461dfa1b1d7314264b4c6640e0048477a7b9be206e1353fc8e11f5945a7e472
t2t_L1000_8713	4efb480ae391c2886464680914230743db4a82bd8cd9f0580661a84f9b155740
t2t_L1000_8714	a670e170b8252d3906291b38b68e6ecb5ee2c727d6433a9179c8dc6116a2d860
t2t_L1000_8715	30155c3dd3e27f255a46590dbe410346d6aea6f38040fd5b5ae9ee57613a387e
t2t_L1000_8716	222005207e878c1b6c267005e1ad0f93ae0b05dc1b171a28508ac34ddff3863a
t2t_L1000_8717	3ac6be3580460a53ffdcc31566758cebd5ac2b9e78abcf1e4cac741c16d58f89
t2t_L1000_8718	63abaa8fb456fab7cd2e17d2488e8da7431e8e738a7a9cff18d0af041e2f7a2c
t2t_L1000_8719	ce9c620351fdd61cc05b76e5b8410b9c856939810e7dbb4f9d929f9cbe38fd94
t2t_L1000_8720	f207be7591e94e3cbb0f5d530df2802c1414ddd675a3b19f28d4f9ea54245232
t2t_L1000_8721	1590a8cb4a2c1368ecc697ffb81d46e7bc2e127fa14688fb7c4d993b4b237367
t2t_L1000_8722	ed9c070b1f7e1c63f91b8bed6cb825a7133913f15951ae12c9dd9d42f8a05e7c
t2t_L1000_8723	599c9b929c0da80a03b745641d01cbb44db59e7f050c3aafb8c55a0fb53ba82e
t2t_L1000_8724	2a533b7783dfd8a634c7eded86ef663c0f4cd59cbc8bbadaf0c187028a3ac6ed
t2t_L1000_8725	1ea2e8e7392afeb245df013d010258990b79cfd74bb5d22e17329008d30d5bec
t2t_L1000_8726	033beb3ccb61fcd5e471dda0621fe2e63924272bb3970d9b46c2efda79fe6301
t2t_L1000_8727	52f7254882fd909c26f3f7dc0990e517aba314aabaa9aeb529ec8e28cc8d602f
t2t_L1000_8728	d29a59e56eac2aa93252c354645d1df19c7142b4ee21bdffe13a99c3b1acc3cd
t2t_L1000_8729	70c27647474af1c1920907f049dcde5fdb267bc63eac726d94ee0b1ca53f1962
t2t_L1000_8730	c0e2dbbd87e8610fc82cf12a2b26999ce81ad42c90c0f85194cf997079b0752d
t2t_L1000_8731	9455351ffa4f8b7650fe9e4e32631d07cebc216810ee50e07548987fbe4cee4e
t2t_L1000_8732	f1f78bcfbf5df93237f23512d6601cff94a5719526bdf93511fc1ba51b2830f0
t2t_L1000_8733	ba9b2ab6f93b378d5f76f99d7c45fac49b3e6ef6dc5a4c60fd9e9db786e578b9
t2t_L1000_8734	f94e1ece90e27f8080f610b813a8ce19011f0ab966016fd7852c18b2a0a2db9d
t2t_L1000_8735	310fc9c4fdf5ea3929c011b2006df33ba87fcb624265f8a75573e530ea0e3d70
t2t_L1000_8736	4166038f8c0dc9608bccc9e46881954106b57c65e46ad5dc729b52f39f08a2fb
t2t_L1000_8737	a1466394c13f30b78286bd8435f2e75f7972a6ab5b91027548b16534832bba2c
t2t_L1000_8738	177a07a5d0ee8ca5dec0216a56f6536378fe5a895b606c4da450e06722440d9a
t2t_L1000_8739	feab11233a464a7313f2521fa10ffefe1d27083e6a449be1eea59a464839aa41
t2t_L1000_8740	401691d8618211242e899d44d5095f2235388708151aa54ad3148d2fc602da45
t2t_L1000_8741	62bb238c109c81d333e38a28b80da4b54a8a32cd66d08ea15ebc4e8fac508cd4
t2t_L1000_8742	1c85b565f0f9146a46a43b1e047f15b6d8bee0ede7f317de29e08ca59ed734e1
t2t_L1000_8743	6889d97d3a03652b1d3228f4cb2474ac1c36fcf08c8252ca5cf5635966f30f4f
t2t_L1000_8744	902f8128c642c45ad1d5769ca881e45cc016af23a24b305afbbd5eedbd9dde1e
t2t_L1000_8745	9d411df714234903cf80a9563fd719e3eea59432cb6065cadc4d3c39cdda7596
t2t_L1000_8746	b26900e75fb1666ba711066e1f2b9ce1baf94d60147c952343f9a82e720c381f
t2t_L1000_8747	55f767a9c39c43083b03f08bbf99de4ea30e1aa40937f7c6156840e361e5543f
t2t_L1000_8748	826967b0c4fdbdc9825d68b1e7725255068f70195b5c03a1c4a002e37e1025a6
t2t_L1000_8749	8743a9e245f7d0076f958c2de4a793a62b70eaf83bf288436ad14fab05dbf8e7
t2t_L1000_8750	84ff2a11ef7321d708c4bc840c2ccb37de6c4463fa7c2b690ded054d867619b3
t2t_L1000_8751	1637e00f96179da438f7c79f23bb6d87a4a3fc01313c98c5cf7b01a41ca68526
t2t_L1000_8752	2bfd34c1b418d5ea691c0ebe6acdaee7ede367a450dec869b5874b37ac558b9e
t2t_L1000_8753	6228280a8fb2a501946d30fd6564a2158ad187c28092d2ba325a3c1805ee435c
t2t_L1000_8754	ce1da98efcc547f5faf54e9e02efc154f22a29932f552fe9d82afba8c24aa861
t2t_L1000_8755	1bfb07f670d2ce3a57ad489122b00e4d080fbd02231419099edae09274fb53b4
t2t_L1000_8756	bd7c69f682fa83fb7ddf1c37548907596afcbf2b0b9c3ddc30ae2350b0108747
t2t_L1000_8757	1a2d79d6bb6315887d6db9f9869701c8056775713b05f5a986877f1554a483bd
t2t_L1000_8758	55d185f157a55a4bea7fcaa827f512646bf5e01fff9e11966eaddfecb55bc5f8
t2t_L1000_8759	57e95e61f8332061692377a9fe8cf56dd1f7b7196f5d3d59b1435e62655daa03
t2t_L1000_8760	5e0586b43aa4c5dc0ae54b432354e87114726bbf5b6765cf7a4a6f7855bd5c63
t2t_L1000_8761	5aa25ff68310e9469cd2c9fcc94815b8418cfe5daea1079da853f5e9be174da5
t2t_L1000_8762	38684568cb49ff3d3c8f42c6293748d7aae1d3bed8d07774c20644a0118dc32c
t2t_L1000_8763	aa899add07b4490b160c591f7e9f65d0ed17b1b495b9df8ae894c1e283f586ac
t2t_L1000_8764	3db95b2e576588205a4dc614cb1de1274a370ffddf4f8bc86577c607b3b28f88
t2t_L1000_8765	a6432c01a038f0cd7cc1207df655abb532afbe559ac55a57ef1b4f0a894494d8
t2t_L1000_8766	f1d5b1b53bcf754d026f9e0a9d28bfbbff571027cf07566aa666eda90218d3e2
t2t_L1000_8767	51e0661d77421eddc8a189c2e2d010a6336470618a99872037fc2a6b8687cd4c
t2t_L1000_8768	3d788515b586c12f8d3ba6487f49fcc24d32fe3e1242fb578704b71e38c2ac34
t2t_L1000_8769	e44273d7d154d267b1feb3983cf0894edb74fdae4d05e923132aa77c61372bb2
t2t_L1000_8770	28094caa835d931d409fa781fe581350764861efd5274c438dd3abcefa8de40d
t2t_L1000_8771	3d82b14cdc8100ab5d5939aa86327cb282a5557f91629f4fb0d3315888bc84c4
t2t_L1000_8772	eeac207f902d9616b56d25ac949d657791b3ba8af497e77fb1b30ccc34ba0132
t2t_L1000_8773	f57d4158a995c1096e4851fc8074761e564b214bcad32d0db106d2583db3e35f
t2t_L1000_8774	e96e254c74eba30a056fe09b819f8f5b73587f108365e60fc08bf46a19dbca2a
t2t_L1000_8775	c047ab6ef5420a542f731ac8bdb4557477c69de3d01eb666e561ecd1a2a44e83
t2t_L1000_8776	6500ea776440d25409990a3462fe905d75418516b458df2c08c0d4de1ffe4b43
t2t_L1000_8777	7891d704280eeb5ac86fc3be96a6f41f4b157cf612e772956e9146d21fffc36c
t2t_L1000_8778	1543497a494348000887e693cfe2106ab343447d26484c1f7c0985901a217039
t2t_L1000_8779	dcb72b08d85ca1c74dc4ca8dd00b85bd109a43248c8d6a56f04c0a39fb763e5a
t2t_L1000_8780	3584ce6ffe9f227e9b6dd8518b849073d3866d2bdb6a9dbe59a5f00d0978b0ba
t2t_L1000_8781	c64beaa3565689759d05327fb35b6cebf6d1273a0b9df7734ba27266c4c98df1
t2t_L1000_8782	128b4b51c90a575e634317cca6e744e6bde7498a0d7db662bfd9f75e8d80a4ab
t2t_L1000_8783	80a22c1839548ca40539481151c763a65f22e6517d826cc9a482ef182d65a80b
t2t_L1000_8784	d2241caa7571d55943cdc33493d9098c671f647636b59acac2a498be4471f9e5
t2t_L1000_8785	fb0b9ee6cb6fd9785c3d818cb05039f6e97b11d91148ed35a893f7fd80951951
t2t_L1000_8786	5afefa51865861e5c3c8c683b3342660f6f1460a844ec9a8df893f9188c42d23
t2t_L1000_8787	b97642f8230613b48c90f391c1a048fafc7f91e5dfa0695927b540c957ceda6f
t2t_L1000_8788	9c35d0512a10db402ce985d3f87c2c4398ba107b51663848eedd90c53a207781
t2t_L1000_8789	6275a2fd8e55becf2e1ddd55b0bebfecba54160f649ba8265b35814bddc9f7a6
t2t_L1000_8790	2a38cc564f8d43e30f3425e5dd365560bf6f69552b6010608cd05d415ab74f21
t2t_L1000_8791	a9bc6d9a24ba95543b0520db1e6492ddbb8ace0516a32f7d1b44d6b03d503c83
t2t_L1000_8792	55834b92c9ec8a9ee6739822a85ce0f8111a2036e9ed6d7ba04dbc7fb936c0d8
t2t_L1000_8793	839aaea144361664d243499e14b01e1c9686cc2319fce4f443363193dd2db438
t2t_L1000_8794	a7e39d538efb43ecec236197526713a14c1d6cb244a2f47999c56850668f1a9a
t2t_L1000_8795	884a337acb263686a26e668c4e0911ccb366de3db747b18b7a3c83f3a27a66b7
t2t_L1000_8796	524cc6f955a016312f1220681a03d8fd5fd6542a89761b33ef8ba994850c8943
t2t_L1000_8797	e3815063b0c8d425c87e03fa45186d960ec71478adff201eadfa5239f67e6de4
t2t_L1000_8798	54462e7b58dfa03594e0c1bed932a1586c229341fe7cbeed6adcf4f3c2858eb9
t2t_L1000_8799	ae46fa0ceeae4b8d8544a16be9ed4e60e5dc06b6f62bca8a2fd9ecf6c1567a25
t2t_L1000_8800	db123a02eca2c9492e6cad9733b9129b2b1125e6f33bb3e387d169662f28cefe
t2t_L1000_8801	1d6ad81f571053632e89d0b2708bbafc6249c12fa3ed309f64b13635bc0d9165
t2t_L1000_8802	91c9ec7b83fcba9484957eebe4cc0004e57d4a8d4aefb68a424460bc89a7933e
t2t_L1000_8803	0fba5e3d3da9d0012ba0551eae4cdf9840f63e41dcf3249d812e65121601fab4
t2t_L1000_8804	850def8d0122031587b6d19f2b1d763adcfd7a099b1dc1bdb70fd4922db7ca17
t2t_L1000_8805	a6f4a5af5660eab08f8ef2fc3b57e7e902bef5d520c8683e16f3a2cf935b5e8b
t2t_L1000_8806	b65e32249ae7b4396cd98a6233cb641bb3fa432153ddfeba038c68dde824b66f
t2t_L1000_8807	e860640570b31623182a0e043997f18f7ec6ea5570d3c30b6fd25ca01db25fee
t2t_L1000_8808	858cf7e787ecc59fa950b3bf49c534bc340686d0794f355ea83128a65ddcb3cd
t2t_L1000_8809	b3ec1f1196cc12c93aa6a4cefccdb5bf5eabf3c2ecf5c2d4db65e3e0edab44d6
t2t_L1000_8810	2044e094454a05ff1758d4045304227241688f3cffebc6d13b804d6fbee5fdba
t2t_L1000_8811	a9e561c9e65bbc3f01b131c6d3d3c39c806135b22f1f49f85422eb02593dd378
t2t_L1000_8812	768ea9221dfc47d96d267e14f91ca9ffe4180fa3cdd79432d3c7a31085c60a21
t2t_L1000_8813	948e9860e88c72f305b5e1042125ab98bd36f2d3be9b325413596434cb26ea3f
t2t_L1000_8814	4914ea4b9a7dc11a32d51990a1caf6911161d064dd60cb2379562c40e1ea22b6
t2t_L1000_8815	3af2913fe47f28c3ce7ea194b8922f2447728200d6365be1892515c510f75871
t2t_L1000_8816	73a18062dcdd3fca3d93ff7aef8b23001c85c8109773f01bdee8cfe1f5a48bd8
t2t_L1000_8817	d406c04391c2b2192d280bb6b70ea65f5af7c3e2f49d3c20961ef1fdf234ed47
t2t_L1000_8818	3ebdf113b67f433af83ebd0cf17ff47df1b4ecfd4a5f877599da56eedc10cf43
t2t_L1000_8819	c1eb9914e19b1f998f4c6c9a2d7c54c763dae5eb1fca97c717644ae2fce49677
t2t_L1000_8820	2ff4558c2394041922f7db2dfad41ab1801cb9902ddfc05e3609cf0638c90ec7
t2t_L1000_8821	c077c22973492b385b78eb08753b55311cd5e84dbfb01698511755b50f231303
t2t_L1000_8822	f3d2f5a1beee1230feaea14e8375c862e966cf7ecb557276ff0cfc9f09023b93
t2t_L1000_8823	8b563e979f1eb1d8e6add7d676f52aa994fe5c66aaa94a1e125f4a5673973b21
t2t_L1000_8824	7b278b4f54651da1bf5c8d096e2afd424508e25edc188912f6b77fcf65916fa6
t2t_L1000_8825	fa8d9d13bfb37ed097d0d05432e644189260ef07a0b65760dea0bfac3a0fb9e8
t2t_L1000_8826	dd3259ef0f9566f38bdd5927ee45950461d6613353454c757dffa2a953b95617
t2t_L1000_8827	1416061604738aad506b26310bc0b63eb72d78e56480d8941ff6edd503881d2d
t2t_L1000_8828	5e5fbb8b5cc5ba5b6e17362d40b85c2a7366a8e70156f353abb65e6679226f7d
t2t_L1000_8829	766c5913357aa84fc3f04f3e7f545c52a65aeb3ec9bfec2ee53b7402fec33288
t2t_L1000_8830	87a110c973c533ce73d09b97adee3fb63b1ed45a4caa32199aa2b584e7217f28
t2t_L1000_8831	a0a0f88c67d668c01498d0f6efd0664d4eb035ed492882a567602d67a0f00741
t2t_L1000_8832	4df5a85c747463cf12f8d4d9419d8681a94cd65344086187019556bbc10ed047
t2t_L1000_8833	eb15f4b1b7e86e4edba748b2e470d571603280572e4661e5565aabc26c69b646
t2t_L1000_8834	d728430497942d4cf0b5234ac9f5190b004f25024c8403deaa8674f191a12bc3
t2t_L1000_8835	06dff6e6716608b41f0603a771800d71203b75a732cf087f96cca8076cfdfd48
t2t_L1000_8836	b784b007776fba9ede1a126396d5408321dec3d9b24a87bb15f96846d3e3dbda
t2t_L1000_8837	06ee89556a22d3a85110987aa7d00d15f74e96f424e72d9ad8bad2ebc3b9a1a4
t2t_L1000_8838	2324e0c3a1624f03f9746bbc00cfd2d3e27c4d2dcb5beb6c96a28b694ee07d6e
t2t_L1000_8839	1be38c03939efbae42b7f63a95077fbe00938b4a5d1c6722c509a72f326324f7
t2t_L1000_8840	201ef6df01d4329b90ad1c3e09c8678f80f47fcb5aa0b003a0c8a5269e356139
t2t_L1000_8841	d561e78d53535e180601f51af2cbd681f54097b101b00acd61fbe2d3228e96dc
t2t_L1000_8842	fb6695e6b73abce1ab3b5d3921a1819dba3e82652eaf8720edc63168b01e6a21
t2t_L1000_8843	7a943df47cc3581c24acffcef33fef2904a41db5d303bf4519c0cc5a7e3c57c4
t2t_L1000_8844	882d532637419fe8a595cbcbd9ee9f54fd1773fdbe332762155cb4757e8d0946
t2t_L1000_8845	f1f31ab1a5119aee23dbb3d6bb6bc1ec6cc6c231b8069e896fb4e80e107131ea
t2t_L1000_8846	088485d4b07730128442a3074cdec570d24e5bec6e74297ef185d2b7d5bd82d9
t2t_L1000_8847	c9ece516a90cf5fd5a8fd552add2c5f2783a04608dc43b7becf539377b12c776
t2t_L1000_8848	355e77e8e8b6715de678b738c303b112ee0ac9068110330d65c39bc5f264c157
t2t_L1000_8849	85dcc7067ecf73bc731dc938a51a5671b81881c113948dfc530810163de33679
t2t_L1000_8850	c0c6feacedbd1629567a7b482ea4346e78bad0b4c099ef0ef9c0c9d2c679f480
t2t_L1000_8851	991971f140c02802663056c3df898175410d02ccfa9c6aac243812e0b4cf1800
t2t_L1000_8852	70de6f7f12ba704d21e5758a433edc365e8278c69f1e4bb802418dc3efdb9ba5
t2t_L1000_8853	066c02b13d0da7a0e88631df75869d4b31e65dae8b232f5b8c7ec35d2690080e
t2t_L1000_8854	6f703694e3d5c55bd9cd4ef567af797da902cd4f5dba379aa2c17a7e73500c50
t2t_L1000_8855	eea63e9dbfa4ab102b674d07041abe7569c888c1f05577dfe9287fffcd8c8620
t2t_L1000_8856	6c839bdc57b8549a007b554fbbe4692867aa10cbe02339ef3808c27a5ff8f838
t2t_L1000_8857	61570558cea5aee41a92b43175ce655a14f5b240e2ef45e1f1c232965f8a4c07
t2t_L1000_8858	631b25f0e54a02dab944f1a493b30c869ca270bba0250296d3174862c4c7c86c
t2t_L1000_8859	3ce698dad6e2ede12cabe6232420a86b9dd4c3cb9221fb0bdee26fdba5cbd008
t2t_L1000_8860	8d43c25830fe35e06a1c50424f8247cea38dcabd31c174341a384683fce5031b
t2t_L1000_8861	e66802ea4d7c3678eefbc909bf03d97c27b67a1d1158c25646c6bf1111129032
t2t_L1000_8862	670410ad1f63448c368c4bcc02834857b45c437992a5ae6c7c80896e35cc45c5
t2t_L1000_8863	720e56276e9b38faa57533e10bc851255b73496f1347aec377cf8ab52f766bb1
t2t_L1000_8864	60ad697aa8027d22d2cecf484c2bad6861a2c5aaccbcf58ad1b3e5d980811273
t2t_L1000_8865	b8ceb181ba454f980c86d7e7996b5d4ee5eaa5354c90a6e09118bf5b005378e8
t2t_L1000_8866	3759d9c0fc85ac7326758294aa1624985b946417037c78a1530837a70a78681f
t2t_L1000_8867	a99ff34ba6515d22595d480b2f3383c7f413fb47fbd9a2ba494f66e22502c5c3
t2t_L1000_8868	33f429cc8bddc2003cbc9410cdbaab0d57640fbba9a32adb42c227d1d4d20bf6
t2t_L1000_8869	9024c91f062caf217e83b22461bb84642376ad3f99cfe82f8d3a2c48aea9b2ae
t2t_L1000_8870	6656d0b1cb5caba65a286d1fe60c931d4731fb825a28f984a7dc8116a6b49937
t2t_L1000_8871	69748d0926ab603839e7b5eb134e1b5574be05fadfc5a1f578011bcf9fef053e
t2t_L1000_8872	66065647e0893cbfe76d43b960ae650499da667f587fbb74b0fefe498f057abd
t2t_L1000_8873	5d7cfa0f317684f5e88a9a07dfffa10843ec886b6bc9cb8ddfa9d261b47c9a4f
t2t_L1000_8874	591c431267490c2cc1ac2a82c9bf57a5620a45b6bbfab1185865b9a8048e13b6
t2t_L1000_8875	280e8e323337dee7059ab2ccc3a939a3cc0f873a453824955302dcabc25b7b76
t2t_L1000_8876	19a4b2a61586b9cac7aed4751bbfcc9419fc9f75ba7b152a7e71bacf04d7b305
t2t_L1000_8877	b5b813f6ca077c703946f3be6e16a4f18099e342a4cfb796e4a9ed207e4fdf78
t2t_L1000_8878	a8b2bb6a05f7e47c7c27914e4e1c2da6737a0f2f711c8259bfc5af63a11d570c
t2t_L1000_8879	54ece249e8372067f0124614e7350b7aa351855cd0e6538129bf58f0673892b9
t2t_L1000_8880	5d3800c54b125f63afadf1b0b291f1cd12f3decefe000b60fc3d234ff301d143
t2t_L1000_8881	13157968176cdca2b4eacbe73332448d2b888b65f2ad294d86a5fb2eb3c01668
t2t_L1000_8882	3d31b29580baa96747b26d0f51ca0b52867acb5a4838c02dcf27569b1241f2fe
t2t_L1000_8883	31f65cc4586b7e19428aedf2efb65dd79ac66734e0af512828f133bd88464e2e
t2t_L1000_8884	f1e559dd82117c7cd56736d1ba636008e73260008374047fcbeefedfc0207642
t2t_L1000_8885	50ed23ef0039394af782fe24afacaa0a7e9f7718aeae723c174982a844c86c32
t2t_L1000_8886	6155a04f68d6aeb74b008cacab0cfd6ffb29c3ac21e52bd90189e4e7edf311c5
t2t_L1000_8887	81efe5f351d018e56047b329abaf7012a3ee9b9ec464953087b9ac08a4e529b4
t2t_L1000_8888	74dbfb0c0dce9880c3c66ae23f87c681c1e5c6f0615d0ddf7d48bb651910938f
t2t_L1000_8889	9b8e89d1fe6a292005f972436973c61f6b02f03267233caef544f2065b3a6bc8
t2t_L1000_8890	dc808cc69f8cf60ca51ffdedf9ac83e1cc988922058c6d9d191ab7126ffed90e
t2t_L1000_8891	0ef4c860317747da6601ebaf4f577c91e197c49633cdcaf4a956a58798a978fd
t2t_L1000_8892	2a1df07b8afc978d1470c936acaaa8dccb30a188c822aabe1506a5f8788542f5
t2t_L1000_8893	d11a85e2368e01202502852c6c2e893593e3a9666e85d0601d9d5d836bcbe72e
t2t_L1000_8894	1ac340e43c8108f0cd09adecff754b4b337bf68b20ef01b302c13f016a3fabc2
t2t_L1000_8895	afa92adfa9995e176c2b5087b1b09acc2af6cb584bfddab7d847bb3fe82e537f
t2t_L1000_8896	2a3d05d4fdbc7dbf26d4052afcfbc127d07bb38a5697aaf1a5bb66571c859e5c
t2t_L1000_8897	fb7d4e1339185f3079c93c91e9c5fc38414637e23f39a61ec94dba2f3c0da56b
t2t_L1000_8898	3eb382c6806a6f8629ba8d9784ea7450d0f5a268907574a0a85b22cf88961b43
t2t_L1000_8899	e3d7f5bcda48ed652ba9dd362e29050736366932cc3249e1b2e2c51a6dc88b7f
t2t_L1000_8900	3b1f5752c16ca868656a11db8fbcc3fc02054f8c4cb087a8d85d026c3323d189
t2t_L1000_8901	07a78e45319df160eb367daf552b3e15337b566b120caa0c76887fc43afac20d
t2t_L1000_8902	28807373020a9ef6669d25b4098bd7b35ad38a6e4ae496169adad058c51e5676
t2t_L1000_8903	a4ba9c831187d0e6364b0879b4afa9413bb0dfb397971ee5307241086b0adab5
t2t_L1000_8904	b7a23f9b85db5a808307d4da17de2ca4ab53294247c50b8fbee4ee5b7e4d617a
t2t_L1000_8905	87eef318f4ccd09c6a0370357e5a8c96e86835060aedfd2eb30126f87075632e
t2t_L1000_8906	75d8115d7a39b71f1afa23b21bc70a625372c13b85913493ea58347d5d494af4
t2t_L1000_8907	fb02596c8cb80a0f672c5148474db282e9b6c98d389591049cc91395eef4b60b
t2t_L1000_8908	5f2d4e3602ae9a5035c54215d653b0a2da789005066ebff3864e4229c646ee5e
t2t_L1000_8909	bc145ac0f5c2384eae6dafe57763f618aafa65f4904279310756511f20b93377
t2t_L1000_8910	63e4c2a8b5a9f2458bc6b169d9676933d72bd988ab9da0cc179ef4c3b1d9eeb8
t2t_L1000_8911	71fddff680a9a07bfe6cf27a32022f1962643a183d2cadf3a83bb10996e74aa5
t2t_L1000_8912	bc67c969cb5a7e793c0e18d0efdf6426d8255be2cc2d7a5566f15a27507b443f
t2t_L1000_8913	881eab05e96ef80b827c8e2f4d6ce95954b3c86df14f80a2e4b7225408982f7a
t2t_L1000_8914	8ada71e9b312ce61c7a68a32ec375d42887ddcfed8f998a3031df08ffed8c324
t2t_L1000_8915	3099eb98e459cdee465c425c606cef66d15c29387675c3e363ca133ea8053c72
t2t_L1000_8916	dc3dd3b2a91bd6d89ae7eb5f9c71363089581bf27a7354f14088c18decb86067
t2t_L1000_8917	a2c83212e81a62afc577b0b894ac45d54179814e51ca988c07863b4ac72f3994
t2t_L1000_8918	04265af377cd7b03204b4eff72361a8101300b453244d5eddc2dc97ca8121a90
t2t_L1000_8919	b882d4e6c94fba20b2212a14296f6bad2d823a4525bf80340a91ed370eca98d6
t2t_L1000_8920	2f6846a14a3cf9cd92b78e22da570576c1a981c2326594cbc860e1477bab7cf3
t2t_L1000_8921	a75ff49b4f346b4087b117b97967be73aee550d1702b8c08d3da11f0a5d3f8b0
t2t_L1000_8922	28f38b46a14ce16e14409995f58432ab6fd71e6ba5d691d880f649db441d4384
t2t_L1000_8923	417c150b6b148770450fb9fecdcf7853b2487d42b9a1fa7935ad4e731ba5662d
t2t_L1000_8924	a42dc92b5fd58f3f35b9f2daa21891306f62d8bb5a7dcaa399357dcc3fe12e60
t2t_L1000_8925	5c8f376a256d83549c214df3cfee5fd08cb7a5e92d12d6c917923fa655b6f74b
t2t_L1000_8926	5b8b7f6f97a3cdca0193d6c5186c41ce99cbe6b074ddc37639f6aabc1fe43124
t2t_L1000_8927	e8388f87c82f5604f01a4db0a8ab014fe0a1d875b9585ad24e05dd0f85fba71e
t2t_L1000_8928	c198d37603d897e9f28b3f45b9beaa33c09e064e0b9c264be68fc7844e80531b
t2t_L1000_8929	79c01bbcfbc3d00dfb7c7a49f87657d8b7ecf4b18e47234127c97ea33c7fff47
t2t_L1000_8930	24a9c29cd3315b78245e71b8a6617d2cf2d24f749fc8890be04dd18cce5a523a
t2t_L1000_8931	6e81017a8b298b03e5dd759ccaeb96e5dd5d499ea1652a4dc03e72c0815e3101
t2t_L1000_8932	018c3851db434867eb40d4b67d292e95e7a8e60b518c0ea1421b44eb98d994ba
t2t_L1000_8933	6231b52910a0283be31552e6b9b792e36af0b16564432879a3fe77a18f2bf712
t2t_L1000_8934	b85ae8d5d3e439daa19a6aded9673cd95628058d58a9f50ff84ca03c988114c5
t2t_L1000_8935	07e370548c598b579cc74275875c942ef1102c896744f378f87eabbc6632ecb2
t2t_L1000_8936	4bcb6e851053fb2bfbb8a7f8ba7dc38ffc0bc21bb924b13d6d862a89594b4830
t2t_L1000_8937	1717ef435a2adbe560b0e0c6df689f7b0401e1f804dd0cb69c51eecccc1ea99c
t2t_L1000_8938	849844738bcda82e2cfc35e11e240cb9da7d23ecb6e98abeab745c94884feb0b
t2t_L1000_8939	81f644dbe7a8bc0e28dae19a4652df8a28cc3fc33ca742f5f30728294679953d
t2t_L1000_8940	64faa4005de35ce6680f3e6690cafa7a272ee060fc394aee72a074d2c0893730
t2t_L1000_8941	5a3726588d11a46494ced195d1fad4a89b7670d1460a720d0ef131c609f642dd
t2t_L1000_8942	34f20cc708c02600d343efcef237d1e20fe9264e3003050ca9b6d938491660a2
t2t_L1000_8943	35340750a594be4c3ca9fb050990ed2160686d307768656af50e363597ad83dc
t2t_L1000_8944	fb88ca9e9870c601abc3c5424926b89c22bd043e7855d5630c9b48813ab4714c
t2t_L1000_8945	93e2cd8f5c43bd6d36f6d3ff1b1a68192efda979139ce3774028788be7fedaa1
t2t_L1000_8946	bfb045957a45d2e813c9117f4694afd461c64ec299e6cab6cd02bd6af13ae945
t2t_L1000_8947	cdf42a44a644d51389f4b5a0ee59d87a3fb28de4b07dc62285579f69da489bef
t2t_L1000_8948	3e6fab31cf2330b59fb0830b6f26ecc8c3ecb2dd2f693c809dfa3c60a372d639
t2t_L1000_8949	d5a34193a3d187d4da8cbdb86bd8cd3100ab52727001a9ce5696cd29b676ba6c
t2t_L1000_8950	ee726087392dd6b9bd609f99b34e18e4a0d9502e3690cf580190eb4ba567f69e
t2t_L1000_8951	94db1a14253189dc46d99b14157388cc0e1613c6f64bd40d53306c3d10412a61
t2t_L1000_8952	27038c8a28d8e0d267f59d42622ea075a9aad30d130180a29e7a4ef1f1e3c0c4
t2t_L1000_8953	b129a5499812426b46ead1ca12a2198b72efed6146456d8bb9fd44d3dcf971f5
t2t_L1000_8954	1ccc6da70972d7429104c8da0648aa6cad4c5db857d9328521dfbaa90897aa83
t2t_L1000_8955	0dc7d7fcf4c27cf2605461e0ffa2e36e01d6be2d44e3089a2f387b527687643f
t2t_L1000_8956	d0af7ea538de34eebf847805c10c3a067f0eea0e2474365657477c01d6164439
t2t_L1000_8957	60b9cd579a216af0246be978a440586cd69d7a3a137fbc3f12a39723a90edf75
t2t_L1000_8958	c4eb1023ae119606ebed682180bdee6f224fb7a3136feb25f8b433669fbae96b
t2t_L1000_8959	503ebccdcb99e1b95da7095fb5c4c2db36968bd069093981a79f39578cd58846
t2t_L1000_8960	ab9e5f615a45b03c3d2a5ef71ef8fd0b7b798ec93a6d674fe0f9bc63bfd64792
t2t_L1000_8961	bc15c60033e3be0b1f0b92668874c671b162cdae60633e8a764e6ac99862923b
t2t_L1000_8962	b0dd3975bfb4a28ffa521d4f6a52fa027a270f5615755fb0b20061742d79893b
t2t_L1000_8963	e5f5d20a255bc920519f0746a8d07cb97cdc68f99affafc1eccf0bac424eee7e
t2t_L1000_8964	f6001c185429c75ee76c3f29a7fd84add7dee56644551bf85b33863ead8245a5
t2t_L1000_8965	7c3d925b398898fc998c171058c80cbc348529810883e57fc3e650e080e98bab
t2t_L1000_8966	c95c0bbfe0588164890abbe830f297cef1e4da8160a41ece8e0618aa52aa175f
t2t_L1000_8967	c8b36913998a6a5c7773b412b3b6c31589f62a5bdf8511575512ea4c0bb2e047
t2t_L1000_8968	504156d378eb59d12a4807b4ba76188f1ea212ec0cc7578a1af199482f2ef2c9
t2t_L1000_8969	49bdf98a49c35a704dcf33bd86606bd86cf2f1df6bb8104a02d23c140661b1eb
t2t_L1000_8970	9d44a237c05813de9c156a17c919fe84bddd7a5fa82b7461e197b4d192ae7da4
t2t_L1000_8971	04177e44ad85c31d2479821db24f2e2c98161b03704230555b634c942b11fda7
t2t_L1000_8972	caf10542b48415275c102047a6c902dbadf2aa5cd684cf413896ee833e84103d
t2t_L1000_8973	3ecbd0957d2ee42048ce9788d4f12cfd916062c1b09dcf4f214645272808e096
t2t_L1000_8974	de929c4421583cfd95f713b0d025fd827a3a7cec8f799ded9bba3fc14f120b6e
t2t_L1000_8975	cf3941395ba8a5305608b680c042b4908a63d1f6e38df482f46316b46ae51bc8
t2t_L1000_8976	479d9cfc3ce420de4b18998870f133aea33a9560dcd8b35ef8a23b27ddea5072
t2t_L1000_8977	422bafd95d7bca4ca543d99443ec643b3f6bc269ad039c4041cb866ae53dd93f
t2t_L1000_8978	d03cb54d81b782a525a7e38c3dda0e71f2ea316ec08be3158b4bb834c1dccfd5
t2t_L1000_8979	f082ad6e2bb6871dd79e323a57a0dd4dd6bfd4a66775a86bc608a883b89eb95f
t2t_L1000_8980	cee10420a71546071d6d7ec8c411d40ea833e48e3e67e1a6168e3ac8fc0ee496
t2t_L1000_8981	9129228daf5b62bc4f4e3cc578494b7e12aac50557d54c0aff76ca4d0e5a9cfb
t2t_L1000_8982	6d385a5f05e21844e784cf5f2634d61f91c1a03ad9829c9f1f5714eb5c56bae2
t2t_L1000_8983	c906580bc479f91b07fbd1a694717b21cc983fd7c1f46d70eb859b82516fea25
t2t_L1000_8984	96515455a5340d9fae354fb87fa71ac128349faf6948c9785e98ddf1ff731039
t2t_L1000_8985	ca5b061b00ec9cfdc95e4dd5d5cdf12d327f56800d7924fe41788fec069c7898
t2t_L1000_8986	86872a753a0b497c0d4e728d4db3482ff09fd97f5120f1cd2ecf1a743b2fbe86
t2t_L1000_8987	9ef615bc063ba733f73da1c4644b2d3dac03aa8149eaffd9133e9ce013862cb3
t2t_L1000_8988	dbface704f389b1b83f1fb815cc432790a27be70a4450d20207be489ed592fe6
t2t_L1000_8989	c47ef41ce44bb132e6f0130b3be3c377ffe30154766f3a7ebd613a45434d5588
t2t_L1000_8990	03f9eb3a0fdfe5a5f4a8f28dcf2a4a073aa7b8b79c7f759dac186f0d5e5489a8
t2t_L1000_8991	de6e8dc0175c366fc6684a188e91fb6f113946b13ad9f869c63523ad432411b8
t2t_L1000_8992	cf6e160e9d576f6ef4f1b29d28e86c5950c6420bbcc6afb9ffbeb9699222182c
t2t_L1000_8993	b12972e9eca296b84c328117662882f1eae806e5b02c4a0963fd982215773f98
t2t_L1000_8994	8f4ec5fd1eb6c9b3e0f255c4ca0395d4a522a2951f7acf2218e43284ff01815f
t2t_L1000_8995	828f9a74f05ac5514e3856f72613d3aad3ac84b5e61bb56491ff1f626e239fe7
t2t_L1000_8996	5110424f36891cd064ca656c815b08f8720a5f4d8594f3dd796ba32e56c0d611
t2t_L1000_8997	0ddc99038549be1728d3cf4bc95860b766304d173eb11e263a8d7d20f188e3df
t2t_L1000_8998	dd9e3e1777a2102de90de4f171055194de80735f4bcccccb811b40ad8c7d4a2b
t2t_L1000_8999	0acd859d95df206a1b3810c38d6c076c09f5c87fd248a4cfb4983724e3170376
t2t_L1000_9000	2ee7ea35843bed7c086f80ad578e17c2218c0382f9ae563d2cc2781807679f20
t2t_L1000_9001	3252ff62c7c9dcafe3f75362af26fa8e26c8918282b069722384870ed36da0ad
t2t_L1000_9002	bb9e6358bedeae0c41c02b25c8c2ba37324cf28606beff98807bb46866fbcbfd
t2t_L1000_9003	2e3aacba649b4274119e9f34a27a3c184bd1442b39581a2ef209f9907d551464
t2t_L1000_9004	75818da1fe0a5adfdd0e391769bd4524df9c47ab8aa1dabe516898576d44368e
t2t_L1000_9005	89bd9273110946740db5e360f47d26628f677f7a755bfc42cd671141e313f4da
t2t_L1000_9006	a3dd00308aad4d849b4f69d8b4cdfa6cccac7d62419bf24226054ec935b6705e
t2t_L1000_9007	526cba25752e78efb111dc355f59874fa205c0adc72c9c8ca9dba44467bffe62
t2t_L1000_9008	62dd41f465fcef065110b00ed213557a7cbc1d6dc9b231533dedc13c51bd4860
t2t_L1000_9009	c4cd17aba26714d89a02b28d307e43cd749c99ea5ae73ad1fb47e57d42ddb372
t2t_L1000_9010	58aaff9752389c0d6721cbbe7ca71a85310eb8a3ea6bc7743a278c99c6c20095
t2t_L1000_9011	d00a63e292b27ee25e8877c0d2e787904da5f9acfb2fecd506cff62fd06218a5
t2t_L1000_9012	52697da036e00124dfae8f07a64c766f4146d29c6efb62e7052b042b163534a0
t2t_L1000_9013	a8d9bacd1aa5ce12ad45f89046af6ce11d1c9a4fbc645a17e0d293ebbaba4e09
t2t_L1000_9014	32867133443761cee720a71ba7d3e3aa068f44d67df3b5c67d588b00a5e6754b
t2t_L1000_9015	a7042067d5f07dd35b96d7b9d6846e40435d8c68b918b972559be111d0cca1aa
t2t_L1000_9016	9ba4c598bea96956d3c07426fb27e105a06266fe392c6bc7567701c518b0f750
t2t_L1000_9017	67f76c90dea9922f7805a7f6d79cfac08374a61b927e49e6eade7fc41797f6e1
t2t_L1000_9018	0951e2a9f7ccf8b87d19d00f8ddb7d28f8dcf7df87e0c635ff07bc5d5abb3b52
t2t_L1000_9019	241ff3dabe26df0a034008a3dca31a9bdf654ab112333abdec12681ee2e26916
t2t_L1000_9020	cc1b46bba8eee8b50ddd954a7073a382b5cd31569446da06aa7091827718cd1d
t2t_L1000_9021	c14140dda11df2ed6b425a7b2bfefca8df5cda8bf8fc871c5e7b5c6190f2f7b4
t2t_L1000_9022	8d8e553ab306670cf03b6645d854f80127fbb76c9ea9f09b87197e1e758c04eb
t2t_L1000_9023	7296c734f3ddc57bdb56fff9d871fa03741d7978c375d02a3d77c6d0adec156a
t2t_L1000_9024	c3f157272c830a64ffeed47402343d65f93ca3670010ea392cc12f4ff6c74e48
t2t_L1000_9025	a9e8f9363465cc6fccf6e7236218aed9db9c16392b313a2c8d69241bd2309e3e
t2t_L1000_9026	6b90f6b7d1161082ea55147d58ff57fce4eee4b5978ce1473c9a51ae7b8474a9
t2t_L1000_9027	b36d2b522ee0af7b8da016a438906d2fee28f4cd696346b670595bb8d76b8934
t2t_L1000_9028	7adce3694c025d644cd9063f9f32ebbaecb08219b8c191b752241b146487c937
t2t_L1000_9029	e57257c6595a3c082ddc567894bac9498cc7ec5e6ae51da41bafe077e7d2529c
t2t_L1000_9030	e10ee7cadac6195563d9bb4e1725460517c24125ec998030caa8ca42d1e44fe0
t2t_L1000_9031	5759e64eb18b78ca7c3731288a16d5b8864604c84cca6086d01148f0017bed6d
t2t_L1000_9032	2b486f4f62dcad875ad8f7c7624de73671e8789355ee2118b5a6f0653950826e
t2t_L1000_9033	775a8ad1c7da24dbf6b830edbbdd7452514b4b98e554dfdaed808008a80485b9
t2t_L1000_9034	b6cba2bcb459e4b3ac10ba2bdd50397caf2fc0b3a5a8083289382bff7398e049
t2t_L1000_9035	31a51ca9a2c133002a541adfa58dd8dbffe47d2ceeca40340a3ee7179f6592cb
t2t_L1000_9036	de23b3427280909f071b92ec4e56cb33b923e8a507e01daad7cf969dbeb92bf8
t2t_L1000_9037	2b6f92ce7019b8462c819bde35cd7cd1f007e2db38851dd9cb1b8427535c5c61
t2t_L1000_9038	e49cb811e24083536e185e4531099e65cc406969e60a110004de40e16912dc81
t2t_L1000_9039	b9b0037caa2c2bf83b6ab2a1ac526f9711d2d2d368cb2e592d5bbf0f63f2dd0d
t2t_L1000_9040	2bbe620eab85d0837cf609e2f02e30be562c195b1d1dc962c87fb44ae78dca28
t2t_L1000_9041	ab8353d934eda9ac6c04e329821175b0b0df48980ec398bbf857d2b4db850fe9
t2t_L1000_9042	08a0d79daae1a61f43e5127176d81fed1befb6bc9b5b031f0ae14ba8ace050bc
t2t_L1000_9043	49b29406305614b0e383ed5b9f238178f3141e7d80cd21a8bfbf9492b7b3dfd3
t2t_L1000_9044	2c49ee705a92fb5c561f4f71eaccf3fe3afe4097494e8593351958801b202ab8
t2t_L1000_9045	32885c860fe00c7e24ff69419321feedccd84535ded0f0ac4d2fb6f7befe8165
t2t_L1000_9046	35eeabb7c579f5eb1cc5c4451737232daea47460b1b3c3f7bb7e62943a2be637
t2t_L1000_9047	ca6def78a2a51a3088d55dd64acf7da80456b83981d483f3770443394af1eb1c
t2t_L1000_9048	010f87ee2dfcf94ce93feb7bc255dc7d0a168f093f7188e64291f81a83bdf837
t2t_L1000_9049	bd6be18e0692e69dc2b70c4194dd0db6a410d3c9a64385bad578cd2cb6a34e39
t2t_L1000_9050	a706972f46eb6cd491e55e069092b9414a9d63fe551f4bc50de1240a66541383
t2t_L1000_9051	057057a9857b53718bac04d8cb40e0aef50b3b787d42b7d4c96091c61124364d
t2t_L1000_9052	37576156bcd222bfe51047d26fa9e79ff692a90520b66172ed7294cdda538a33
t2t_L1000_9053	1f9bd7a8409a808c99abc59736c23314d444153a7a87abb09d883a599692721e
t2t_L1000_9054	43c76e499ef7a6e1d54924f9faf1542c3d63091d24e801d9d2c93d4ab6f36c64
t2t_L1000_9055	c7c48747abb126223e498b89219205dfe397fd0bf1a2fe8b48b8dff74fc339fe
t2t_L1000_9056	08b5c23c3d6149f1722d00dc3e5eafd7af1119b6ceed53bf4792e525b34af4d7
t2t_L1000_9057	e5c9ea6daf134d594d3974b238087561afdaa5481c81f535e1b3435cd68d82d3
t2t_L1000_9058	baae0e4aaf9f0adee3e531ffb5e9f628fd765eab4514bea139260d649b1044e6
t2t_L1000_9059	625230375d2236c8b79db241aac6192a4ff006189d2824704a78776d873d114d
t2t_L1000_9060	53e39f067128764f0a4884fd3ee1549dbafe884de9732a99644336e9e3e3fd12
t2t_L1000_9061	7317293b6312d1baba75a09b352906b5388630e22d42ce0d400d0ceb681d53ef
t2t_L1000_9062	2455625f1dfb0afccaaf38cd93369262114b61fd1477247984c884303e42ab19
t2t_L1000_9063	6f0461c9d6f23a3d137c632dfdc8a513a1ed1775af459f78c5daeafb4a80d999
t2t_L1000_9064	2cc2b3e9ee494769aedc9c13733af3224b47ce0a724f5e7de6c01af360a954ce
t2t_L1000_9065	4efda68857e87b4ac216f8929a6aba1a58b7d293e3d2866b907b08786dd2a2b2
t2t_L1000_9066	65aaf1c91f2639cac4873b0ca5d313a824e4d3848ce7f943dc474347b252f82f
t2t_L1000_9067	4ce215a7d2f2b0433b26c1d4e936daf3b6fa862e9fae1beec6460b3d5f2487d7
t2t_L1000_9068	6d15e9f19a0bea37f1e22e21cb500bd3555ebb37401aa1de759d8d17942eefc8
t2t_L1000_9069	4e34050a2233527d4b076e695b6c522860bf84317e6203328ea1002d9f0d18cf
t2t_L1000_9070	dd610e0327f518a6471a7c287d969b55290db6a221a6ac19bb9838c6edf36c43
t2t_L1000_9071	63666217c308e5682918202a7974e34864d69b597668abcba4a3e372e19c1c11
t2t_L1000_9072	8282c3d2a31e430cc8a04689feeee94d9e44f5956b3f15ad19a68d5f98f93fee
t2t_L1000_9073	d89df8beecbff4737cabadc89b410141a0deef52166fbe2d93a4ce3333765bc2
t2t_L1000_9074	ce3333aeb521d565a21bafdb309166d177b73fe4c39b9d52f16d8245d4991bad
t2t_L1000_9075	470757ba753149bc2b03a9b66013f22bb28d1bcb16b8a395e4ba700f6ada8be1
t2t_L1000_9076	e80217b82139cc6056c1abdc6ecf488b89d26e4aeb3cf90c49488fec6f9c15d6
t2t_L1000_9077	1425fea0cc402e5054c9167940b908b54a12787eb7f9402bfbee6096e3fdbb99
t2t_L1000_9078	39b7abd07f07a418004a2f73deeea0f6cca55263fc665e3607e24a654c4a5384
t2t_L1000_9079	068d699f7a7a5bec6ff860e4dfbafdea25287ce800300f2b3d5e13705189a1af
t2t_L1000_9080	7c91a3ff7b3bc45f6392e86bbfd451a8b41213d70f85e2ea4f09d5164e164137
t2t_L1000_9081	de631a4a51de4219e11da450e61374f7a178d487d76859f385fee9fb6bd6bcda
t2t_L1000_9082	a36c0f3079b10580536754bc93dc896dca22400ae9ebdcd251f5c5339ba751f3
t2t_L1000_9083	e317c6c92a467c1fc4f7af4518a08f351a8f51c1d70fe4b92b935575976a23af
t2t_L1000_9084	d2c56e4ff4f12981b2ec3b0cb90898f3c412ebe6e9c5148cbc15c02b7e230b0d
t2t_L1000_9085	4daf21ca5ede1b399894804846e30214a9386c8bbe1a2d876b7f1cf28a4c0f16
t2t_L1000_9086	960a6bbe8cc88a7f4d4efab5532cd0fb7d712ff48b35a3d1621533ad7443fcf3
t2t_L1000_9087	589cb5eda1b88bb2246add15f64fb488fb2699d4303ffed722ba9ccf49eeb60a
t2t_L1000_9088	aaf14e062d185dba62d7346529a054be8bb879878b269004ad1f8df1f74c16f2
t2t_L1000_9089	5cf09525665298c90a0b35397c50d44a4ceb11552dd6f2269f36586aaaf46e93
t2t_L1000_9090	6625396b5a9c2cbd44a7ed42433814bd82a024865aada86cf8aa00c24815b7b3
t2t_L1000_9091	fac01c363aa99341d10e8a5adabe78aa352b367c3d1ea366a83e250d3827080f
t2t_L1000_9092	b8796b542e7d70d7380d4c2bbe415c292cf2250a7c3c6ed6cd0aa260bcc4a055
t2t_L1000_9093	73dc9b7e09338c1822f267eba4ba36c5faa0d441927ef7ece531685c8e72ed25
t2t_L1000_9094	c5c5db65fa979e6c4e23137ecf73ff8e7fa7880c16d45b98d532a114abcb9180
t2t_L1000_9095	e3931ae8d801b329d9a35c3c4cf6344f784dee1d771ac08710d9297e7a9d4928
t2t_L1000_9096	edffa3c5e339621cd13616db5edc5cbe0e8e61e709e9e7cfc9ac28e2f53e623d
t2t_L1000_9097	f8dab78ddb7b4bd6a809f154e74860bedecbc7610b57dbdc5665ff87f641a906
t2t_L1000_9098	8f84a907e7fb85abb3c6d7e3e2f7dd6cb1c2d83fca6e5ee1aed06005edfe8b83
t2t_L1000_9099	0d1b0ea0d0226b94b488c15e7f9b193fc96086589dc4586c343e4d209a2f3e34
t2t_L1000_9100	8bc9b006da0a150fc6e0ba0be23521fdc256080a36a9adb38a45688179e322bc
t2t_L1000_9101	230e22972de92a614bda3181b9f9c38bb7fd929a4c0deee56cd2a89bbd9b3a21
t2t_L1000_9102	3021bfdafd7f3b68ba493f2da8f25b7dfa491c89813691697e1ce8f352c50d13
t2t_L1000_9103	c751099f04e0a918f10efd3c1c1442fb582ed1e4da2840317cfcf63c9da995ea
t2t_L1000_9104	8ac9d8e42d89de60a14901db2ea3c0a44b08dfdfc03d793bb91c227be86587e2
t2t_L1000_9105	63012b7218f67d671bd4b8eb153b08e2c0b0ad405cb9737fb5946000fa72c1b6
t2t_L1000_9106	9fd2ee368231a7bf01458cd348c8cf6bfb3c39f0aa951b2d638b75d13c139ce2
t2t_L1000_9107	4bbd9f1c7f441eb7501e18166c040bf8bee1c7bfe85beb060e86549d647fcee7
t2t_L1000_9108	77b912dd06abe3c91d0c9782d6dd1bdf8810c1db3e575dbe22b374efb105b01a
t2t_L1000_9109	83c23ccc95217b0b9db1007152e1d689360b772dc080a669c438953c06086b44
t2t_L1000_9110	e3ccbe24ffd148706dfc1a7e662434c6ecbe80c10e0f46a2b237bc55bf48fe40
t2t_L1000_9111	5e36efcad47ba17ae1b685733809c029b723cf5faacdc04cf7a72b88655a5bcd
t2t_L1000_9112	61ae38ae504b2dc0067518c77d572e6816e5cbdea91ae40cfe5551b06854f57b
t2t_L1000_9113	cebe9db9e69c534496bd79e0264fb9c6f1eef5ac9302f7b9d8b0a7d0065d9485
t2t_L1000_9114	858c9602deb85014d01f176d680f1af26cb08effd4a01f6dda53b1718300ca0b
t2t_L1000_9115	31adffb7ba2e872d5a0738c4081c3fb9ec46ebca358946a11333cdba98f2c216
t2t_L1000_9116	b849f831580119d3feed4d76553fee3f794d406799b564b0de523671f53c97c7
t2t_L1000_9117	a9a7a35a8b31c0350350624fd2a7231a74aa06db1f0cfb1d259813b5cce35f45
t2t_L1000_9118	f03de05af66f1aaadc919df5e97da6b79487e361e85995a8bd558796248b895e
t2t_L1000_9119	c281d40165cfb52f031ab979227484f5100c4adc07068a448e4d1c0d7c7d3415
t2t_L1000_9120	3a42c9dd07fc641ed4bbfa7a9b697f532b5de184699be75ad9e0c00d9372df66
t2t_L1000_9121	ac3314bb6b8b78d516f645b7d3a648ad9c46a9142d81b0465e662f88254cb30f
t2t_L1000_9122	2fee2a126a30aec5061f334be59cac0f57f0d8c8da6a8f23d8c9433b7498b58b
t2t_L1000_9123	bb812220b333043502239328f481389ed64f5eddbe664475f33ec6030a1c51ee
t2t_L1000_9124	109846169cd093d6d0cb9cc4cd2632dfd3c4c96cf3f3137722578f47f5a0cbb5
t2t_L1000_9125	21f2702c217719897498e60bcda990aba01d829bac571778071e30639505b4d5
t2t_L1000_9126	913082fd65b4682e95f0c5838cbcc736e7b175260a30d978a630ae80eda5a551
t2t_L1000_9127	2d3714b780fae8285522877823d1fa130a9c9c2f9539b7f8defbc320b387d8d3
t2t_L1000_9128	514d5effa4b8355436e6eb48dbe53cddc2c325e2b1f3a3f706a06381c232be5b
t2t_L1000_9129	57c3cc547385d07fb169f82413bf37db5f12adb6247898f3ffa860a72e4bbf8c
t2t_L1000_9130	f3812caeef85b0750c9cfd27b2d1f704e429fcc99273f4a4d9f113afbe7c6f8f
t2t_L1000_9131	49dc250dee151335db5afd69fb87d06fa8c9b55d12ba001b985b8b216df7bbf8
t2t_L1000_9132	ee180b7f1a93282129ebb6510a7ae282bd4fe8fa3507a5ae7622abcf70857916
t2t_L1000_9133	9a7676554e1b69db1fc441475c20012ae213bf48b0a4227b6740f643b40b1ba8
t2t_L1000_9134	1e5f8c492f1f0f54dd8d3f9da0cdfe28f4eecee64eee9c5ef1fa2460b106c380
t2t_L1000_9135	e55aa758f9c0c89d5f1c8b75e3bd5ac4a1175a3d6afdc50aabc41dc80bcb6d25
t2t_L1000_9136	ec81b9450cfb87a50c1e6388737c3c865a4d85b91d1ba28fca3e1e919e1bcb03
t2t_L1000_9137	959a0cecb23c965d15afb1b2ff80c85ebf019241cbb5957584f34d6a990d8ca6
t2t_L1000_9138	0d88e1d01926ad5f6ed27c115fe27b36e6f4653e1395b52fe284b1ea324a7e7d
t2t_L1000_9139	ec31d674c3e40573ee5ca93de7db7bd36c0b8a7a079041914f8dff8d1934c8f2
t2t_L1000_9140	316eecc3e6923d6b28abf1c328f24d4354105dd061ab2d12b76e9b100ee84970
t2t_L1000_9141	c7b25c3d774bb94188ad4922c46a586f6b0ee466f0503521bec1bc168eb46b18
t2t_L1000_9142	18fddef2f1769cd2b921774d5171fec3e888e9f257c9e19029bc1d1f0898a7c5
t2t_L1000_9143	ddea5cc00a0ffc7d0ec4d08434e1f6e40b0094436779380e323cee22f2d0d1c1
t2t_L1000_9144	854e7381aac4b24ff9875c0409a3d0ef010e1c8a3f00f7445661e96a8d656c5c
t2t_L1000_9145	1e6d6f11a3df4d66941eaf42da8cca953b84a71e17011171e0b95b611d322077
t2t_L1000_9146	fab623e6ebb3d0b25fa6727e7b71032a660c643d6c21e1018874e03a22f27f14
t2t_L1000_9147	13c276a63a7293d3a273fbf6c2f7bdae2cb5c73df9fc1c5291db0448072b74d6
t2t_L1000_9148	b14a13481d67fa877d0ef8da157b2ef89f86733c16efc283862dd98bd1ff0799
t2t_L1000_9149	c443e2c38c5db02eb286db9c7e858375adefc77ad84d31792f793957cb70ad66
t2t_L1000_9150	2d556c431d0577da527abf4edf309c5a42e9ad47190aa4df6493eab1837b8ecd
t2t_L1000_9151	fc1fd5b5ce5ab895a38bdbfb14d3081b928e3efb68cd4e67377c6c63150c40d2
t2t_L1000_9152	c0f6b2fe691c75e98cd72872252d9fd9de9f0cd63fb3577a4eaac318debbd82e
t2t_L1000_9153	772e1452b3d66e3041e4e0bc61c3b1653e14596e288876135e86a4458351c69a
t2t_L1000_9154	f5fda368c21f5ee0aea09ca2453d0b64da0a01167a7a2aa119c48953901d4fea
t2t_L1000_9155	42c809e7a2a583b4ae95dfa182cbe1b6add82397bd63ab64f5e0cda09f6aaad7
t2t_L1000_9156	3951ae123d6f455aa240cfc31f76fa8e76d292939fa74fabeb1a81c1d68ee157
t2t_L1000_9157	f86736694ff54396ec7c3617e6972edbd03d5108dfde40434d7bcf0db88f6833
t2t_L1000_9158	b9ef2a607b240404d75e493b292bf00bcdf9097277133e2ac2bcb55796440f7b
t2t_L1000_9159	4824b42111efb9cf9770cca50a542a63a050393a74a32b9b987f37fdc73213a6
t2t_L1000_9160	e21f23a1088b037846bcb4e4cbc479e4e163c3886d5d4ddf83a94ab4b0b376bd
t2t_L1000_9161	f1ec8b30e08cd2d53c45cdc6b363e9eb3ab7f59bd3fa508bf63f7c913bd5d365
t2t_L1000_9162	b87b0535d6c782a5ca508a64cff1e73359c5d623b0dc6984e505b6f9f8ad7dec
t2t_L1000_9163	4a20d37e568966431f0cb75b76b4f01860ab25848ed37c827508bc44fbcca719
t2t_L1000_9164	04b7e7e8b9f671eb0b62fc39f7570dae57ba344751fbb5c47d9f3f7bd6744360
t2t_L1000_9165	74f611c683cad695547dd4dce81f9bfb26af08a9eda3148094b630091ff339f5
t2t_L1000_9166	5e30ba966708bbb037e08bc962b41e51934ccc2859c6757e8188ceb0638f1ba0
t2t_L1000_9167	39d871fececcb81840a6ed0e0b4bc6f5bafa294497b182ade9d0837a592c44ce
t2t_L1000_9168	8a64348e767d91beda2fdc62c8c414181647dac06757112524da5817c7dbbd74
t2t_L1000_9169	7d6a7eb3c5f3e1534e4457a6ec1bf84937a402c1a2a94e01ad1685719dc5ae79
t2t_L1000_9170	49dff5cd3bef13219335541a33db2d731337b40ea045b92b588d75fd715d1480
t2t_L1000_9171	b62197ec2d0cc588ffc82d5cfcb499fc36bbcbd176204d1a229044dfdd2deb7b
t2t_L1000_9172	0e75b53bc4460a3a91729c3b790b68314edf0a1c62c081fdc8a7d398ba364fe9
t2t_L1000_9173	e53eb585fac521b0ed7c7ba263223b547fd03316af347e9e209606f34224278a
t2t_L1000_9174	3c6298877bd7be09be41ef60944b0146ff16406811fae986deedc749dcc22294
t2t_L1000_9175	ca7de99fc28f5e95e8d0392df274558373f13799bb8c154b6dc0a9f9758da1a0
t2t_L1000_9176	ae8756fc6e2bd3520d943c5fe69539f4db60eaf09bc6307ca2a42b6b602a6e81
t2t_L1000_9177	d7703c0b381d2d63ee914d43f2ef2670b2b12f3a73cdf992261c604947d86428
t2t_L1000_9178	913ba05553ed9ddfc58e06eb0d90790118a01f1a0a5c6e50b35ee47fb12be5b4
t2t_L1000_9179	533d2af790bb33ca6e5696a7250c727ee576c8c701e6eb5cbbd1ebc4c69f90f9
t2t_L1000_9180	9679d227d852763f550ecddf37dad1aabb41943b2f2fbfa522af57a8a8c7b2ff
t2t_L1000_9181	1b4f2a0e3cd24c0b0ea713c218a6a54c26d0790ee3a9fe5f8e3fb9a000d098b6
t2t_L1000_9182	7898f9acc74e62aa7bdbc7d9c75f46904c10acd9e685a20fb4aabdb1145e85cd
t2t_L1000_9183	79b3b5d66bbf856e83029ed53487db95ec204f57d133fad101e610f593992359
t2t_L1000_9184	f032f451d109abac3e11504e6d190adc98ccf8e5b4f5228ee1c0d31f8b382795
t2t_L1000_9185	2965fc39114111d8a3364265873f431d8f208b0f8389219a7e39459d83b5d464
t2t_L1000_9186	6f0b36033609d5cbbf2c25e1dbbe11980191534cba64f318b0f97bfeee922125
t2t_L1000_9187	0854127ec7c212d20dc1fcbae478103bf0938068475b48c42cfcd13a935de5b3
t2t_L1000_9188	5ac59c887a8444d57ca37f9853561185e95172001812065798a83cf3bac239e4
t2t_L1000_9189	bb9320794f3582420364fa69fb153a4e4ad058d99791bedc8e1701e53ec35f7d
t2t_L1000_9190	4c41148557de41b8410cabb19460475a0d592f925bb7b62d511a2314d411c3a0
t2t_L1000_9191	c992747bb9714c248c934849c48818986a34b23aaf540bd90d5a6c44d95f9df6
t2t_L1000_9192	98e31a478183500165125f1b713e9f750bb820076da7d5805a2ff16571e14ca2
t2t_L1000_9193	d340e67fcd2400bb057d0c2eea35b86eea51f19c242d7c51ca7775b303c70ae9
t2t_L1000_9194	6f9ce1eb180b1eb278597d69a161abc76f81ce6f4f06cc74545288ab50d52c5c
t2t_L1000_9195	eceb25f4e67a1471b78cb4de029bc7e2e2931fa45d78e2b8130299550084b274
t2t_L1000_9196	894882fc838a093bbf3f5bf7e88de129fe8acdc374c2923296b3bd203c6194a2
t2t_L1000_9197	f605f564d9be0640e1e7c614f4e591423542a43f4a93cf2d6c6209d319daca1e
t2t_L1000_9198	8ecb983123506cfe2b9277d5e52de010121a0efc21faa670f5553d687582b20b
t2t_L1000_9199	390f336f4dceceeb7b3b1df80c00d7915dc5178a3ee0d4ec2f2e6f1a2da88205
t2t_L1000_9200	0f3e298fb02eb06173daeef8557be288addc58e5f8dfffe829280190caa5f429
t2t_L1000_9201	6e05f4be837ce0149dc8233228603a7b9d3701a1be438a57e72db1d5e0ebfafc
t2t_L1000_9202	1dc82a7d5a637618ef9cf6c21b568d7dea00dc77b4f7c6be17d306cbc950525d
t2t_L1000_9203	f54929f538c46acf8859db5f8539aa1561d225ac6b6585f59c1e6113bfdb11dd
t2t_L1000_9204	8de820592c1ca9d832a26de1880d55e6487e2f0a07792e423cc6c80d2c0b21aa
t2t_L1000_9205	b6126f0b17972c40a4f2c72aa9f46beb50edb73f813c753127a73b32fa68d70c
t2t_L1000_9206	fe455b973d8a59ae9482c3d4c2a1585b634853b2ee72dcba6ed24b304463920c
t2t_L1000_9207	54b2c50c56d1c3a952824a072061540f3c69cb0af144c496b5804b8dc874e547
t2t_L1000_9208	80ef151b09acfd24a81826ae0f78da43078611cc9816dded8cc9ecb44662ca48
t2t_L1000_9209	af2602ffdaf02a63da248bd2d8c1ababdf95cde05c9b28c6c2e5c3f579aa0833
t2t_L1000_9210	c95bb2dbaccf352108f7cae7c15552e3606f73795e2b1234fa749f6bbe6fffd2
t2t_L1000_9211	5362cb2aecbd5e00d544d75e67209dec1a2c34abd009e08053ccd1804f33b69b
t2t_L1000_9212	6cc3ac85b59345594c2b7fc88ab520466dfe6c3b126d2460d319ea439407bece
t2t_L1000_9213	410b1b1e5d74073eada0fe01caa702e6cad0abc14ce0070e8073f6158b4d58b0
t2t_L1000_9214	ab86ec3ab981337b65712650cf6831b1c6e1e1607b6ababc36c24378beaf76d9
t2t_L1000_9215	b4e2d55ed74e01be7c9e1a47bb91edd62b153cc4f80d620e6adb367a67b69c43
t2t_L1000_9216	f5902e95825cd0ad3e05d6621bf338ef1c8e9b135d2313407ce6aef5b8f09e81
t2t_L1000_9217	733e033d29fb7aa11f341f1f5e088278cbd992bcf2a9a8805fcea17db061dd65
t2t_L1000_9218	5a09193bba574a545cb41bcd788bf3f82237da3c5bd42d7035c71fb2a2bf64ce
t2t_L1000_9219	4d6d4c5c53f9e64e3c726ba3b4da7eee84d66ecdddb2ca0a63d3d974cbd375ca
t2t_L1000_9220	a012d4ba87d7fec7402b9ea057a01c097d9e668961e10f3f2c680ff3b994c609
t2t_L1000_9221	3fb3e66e1cd95a8c1d89059c98dfb97320651fa37c623f5e2094a96519323ef6
t2t_L1000_9222	564ed79bc19d43542171d700a11afbe86d8f9a67f3a5bd7dea5aba8525badb7c
t2t_L1000_9223	ab9c39aca5265f4c5f0f81badc90636e184449c811a0ab8c1cc60626129676ce
t2t_L1000_9224	00e7180f4d67885216a2288d4ca15a6848fdde7cbd01f205f820ed0d92c4cef4
t2t_L1000_9225	fb7f06a1f2470850ef5475c2a2ad993e2c0579b8bccaf3cf1691adc283b62710
t2t_L1000_9226	73a4b252573221429e1516c1598ec412052e8b8d77e93e3ad35b84826b3e32ca
t2t_L1000_9227	eeeca9bc0c2b58142c2891f4049514a1b1267c999af6c4e701a3087ed8a2dbb6
t2t_L1000_9228	98dd97c929732aaab5188739077f1f3e8ecd14e8409ef8484247ae372e644f05
t2t_L1000_9229	b8e5347a5a3fb03439c4eabd2191c7b04651ac8e3b940fe41c759cd4b175a68f
t2t_L1000_9230	159d53c251f37885b13fe666c454c743096137342a3df4791d77f8b8cdb447e9
t2t_L1000_9231	08d1658fd672cc6fce5ff43592887591d44621633e3527eb89c2bad38bf3cc0d
t2t_L1000_9232	3cd57867110f323d92f10a5c19d23f6828e429b094c4579913b25f916408705c
t2t_L1000_9233	b9e7efae447df4ac12f531d4813717439e3da2af269b1921c8fa57aae85944c1
t2t_L1000_9234	5072a80a4c1146428d08ff3ae2d65a0a993dd5da5cce36158d65617d430e3aa8
t2t_L1000_9235	5cb725836d833d5a8935ed829e0d78cc91bb38e745e0fb19b035ee661171bb46
t2t_L1000_9236	abe013de2404c3596ee424a2dfb645782d954f0983c9bed700a095a0d98519b0
t2t_L1000_9237	7e3779917387fd0bdde1f07fa71e4a2093957247268e5644380bed9c415d5ac0
t2t_L1000_9238	c9cd3542b050f6ffacd669a69d77482f28b651be1a03d94360e6123648f07c0b
t2t_L1000_9239	c625d55b42386a9238bf08edfa0f184e6631e99ee5aa852cdea3f92d05d1adf0
t2t_L1000_9240	6323807360fd9fabc33bd7fc1341cbd7c1a765bc2cdcfbe568b6dbf2d0d21ec5
t2t_L1000_9241	7dfbda522b45a452758bb2de66dd28110478dd647e052e8babc20c9341101252
t2t_L1000_9242	176e15a8e9089636cf78d97f0c725554235383472eff53cabda4ea503b36eb59
t2t_L1000_9243	ec32868120c03a2bca31b75a3b30f2ff248cbfcbf11161849b263d27da761717
t2t_L1000_9244	05851094c20f505aa1ee6ec90a664ee660c1180453cb74e06ffa92a772e604ac
t2t_L1000_9245	223b87d80649688ae8c2422d613365acdf9994090c0e0fe85bb2af69e7f899df
t2t_L1000_9246	eda5b117c3f2379defd648bbcd919bf6d18e66e55288364b1467ef4ebb8c52b9
t2t_L1000_9247	340224818d39224c756308b264192888e4d9bed38f13a65b45c48c9615e101e5
t2t_L1000_9248	dcb4b889013d8942094d0ccab7e37ebfc2908266a52190a765e82cc8c0dfc319
t2t_L1000_9249	10c1097d5dda0239844669625a04cd32676598d8d0e7c7fb4015a10bdfdbe1e8
t2t_L1000_9250	8f5df16e2f0f60cf574af85427445b68b425368e9dca55fe5f16e8511af5149f
t2t_L1000_9251	1fabd04c0c841399c683193022801204cc4349339be14b28f4df794e78abaaf4
t2t_L1000_9252	6c3b27cc8637a52c5ac1d6b8bbf71e15bf3eec5134440e25d7d6eec14435cbbe
t2t_L1000_9253	4ef9e04eea6a650b9443ee20067e88e006ee189a32dbe7e3b5354a769097b708
t2t_L1000_9254	581ee335a88f127f0ef6cc6054b29e1551336318786cb27825241d4c1b339903
t2t_L1000_9255	b94c959d5265f4e7887db093b2ef31916d8908d759ed5b3a0b9f42bacd749bc2
t2t_L1000_9256	f7b4c4840a2aa4e34def9a9856dc3b66de86aaa3f51971fdb2926a123a3e565c
t2t_L1000_9257	1936ff769d0a5729f724a1f85dfcf6acdd33a4693ba699073c546d5967ebb84c
t2t_L1000_9258	6db163268513f794659d563592329f4ef255803ee1be83432c8e4aac71b416ce
t2t_L1000_9259	ab8daefefc298a700446bb3c7bdfa04bff438eb6bee8cfc9c06d2fdf810526af
t2t_L1000_9260	643c1896c5197fdecf06ec8e33d3be2602b5b973e1b1a612f51ecd61e5b51abf
t2t_L1000_9261	46777034bbc25f1660e5d53a39066cbf0087a00775c2a51203efe26ac77a6718
t2t_L1000_9262	4f70ac910c4f1f5a48c076e3f4b341ed955ce842905ffebd2910d7ca55e156bd
t2t_L1000_9263	5f2c6035657d9b0348cfed7aeba7ca267a07a71cfc30d4fb53f98e39148ba018
t2t_L1000_9264	05f714d6b5c3ce76281c224fc4cd174c8f09bdd01ab23c6e7cdaf828239bb13d
t2t_L1000_9265	1054fd0e777d396ba47fedb88bb83ce752633082e6112b299c21891aa9c033ef
t2t_L1000_9266	4c5a289d249a44f7d7f700a7702beb0b4bb6b2a172810a0db64f5361046309da
t2t_L1000_9267	a60a8662b72f58473b6a4b01929b4cdc1f39bb157dc9961c71139ef96b956cd1
t2t_L1000_9268	d79d06f0581d061d9e732a4805a7b0063227a349853cfa08d852672d14325407
t2t_L1000_9269	424c360b737d1f59fe92f1d55ba2bbb4c291ebde560aec41dbd9c5136b42fb1e
t2t_L1000_9270	52eaf282a0efcdfc94eaef5ceb0798a85c14eecdbe711096948204c279ef21c7
t2t_L1000_9271	d6fe52dd3445f779f5dcacf97176d4af26989c4d3e709c09f91cfda7e7941fc3
t2t_L1000_9272	615f9611dcbccc13f7822a408d2dc538cdbe5761928a0359374fe4790b9e05d0
t2t_L1000_9273	cfa6d207dd97e24bc715c39a08fe81410bc0a35400e69896cde0347fc159f3ba
t2t_L1000_9274	b4f1d53ae8aa024e0173efda51c84758ca1d3fd75ec94e1f42d197c6087e36e4
t2t_L1000_9275	6262ae901b7c72d65338d2c3f0ed1d1802aa7713012cc17d744ce56126f182ce
t2t_L1000_9276	68dc75ed13e7078e4accde31811ac7cabeb32ab7ac00470ba04d4079c788a0fa
t2t_L1000_9277	e52f1e75c117221135527b86f7a81b95c0b630e20b4d17fae3b86de68c334bb8
t2t_L1000_9278	16f2ff36fa4ca266323815e22ee0cfe6efebf07e5f5b3099f62dba57cffe3148
t2t_L1000_9279	c22eefd89eefc929d889196534c0509712e564404a8f781ba15e47bdc9ebd366
t2t_L1000_9280	95d9a775480760a90d418c3b5918b89f1a1b2de4c2160af6c8a26de3066b2bec
t2t_L1000_9281	dada8cfa8a73dc0d229ba21400f3565b1422264b9ff9299abdc9aa819798cd52
t2t_L1000_9282	63d68685e76000d70446cd67a4a3389d40c6f433bcb08731878559ab4faf3e63
t2t_L1000_9283	77a2ce61e880e7e7a3b0a0cc5dfb827a3818039392f3aeea934874db6a50f6dd
t2t_L1000_9284	80f21ec80932d07ec618d7061ade9a7a0fb7081be56a483db9d43ab02c529f42
t2t_L1000_9285	c505d39b306a6310a15095a64fa61f4a10af8601efc95fd99c113e06a9c641e9
t2t_L1000_9286	224861b542504816da7ca77ad07688cb2eb490820b07494935fbf541fef22c42
t2t_L1000_9287	e24ae2d98f338c49cd391a3aebb409b3988f95fc9ddda7701e871037d55acab8
t2t_L1000_9288	9c65575815faabf454886fc518322ffa5cf5d7f39311e8fc5293ccd5017da883
t2t_L1000_9289	3128c925bd8468473afd95a609866b5c4178ed1871d47e7bc86551c098ae7657
t2t_L1000_9290	bbcd7394a24ee8e1511da5ccf4ce5883e4643ac27532ad64bb44f324268c33dd
t2t_L1000_9291	d466fde3a34d69a2c4e9219efbdbf02d72dd4b102a5708190e0923c3ed8e7efd
t2t_L1000_9292	9d2d386e4088b37a1d120c6bf4feaebdc94c690e781f6a160ed1e2e976c85601
t2t_L1000_9293	b1946431125b99816a64900194e94af0157580f83ada6f2378ac08b075899efd
t2t_L1000_9294	4ae0198350509fce068e4f51c3cd6d27003eb1dc20bcc7ffcea3ea89c4c255cd
t2t_L1000_9295	5594878c5c7c9be2a00bb9bc4f24fb23868d0f09e1e74e8aa2a0608c32333466
t2t_L1000_9296	0d13bfb37347ebd9765e9e5e6c6221fe04cc6319e949eb08948d9198ae487b9e
t2t_L1000_9297	fc264744dc02852c556c1b3bea8528d01cfd578c3dc39c54a17f115bb0b2c48e
t2t_L1000_9298	cdf3d17d07139b89db1cf190451f6f34fb4533eae239789493904c3ae884a90c
t2t_L1000_9299	feed52017e1fa0d2bf57c48fe7bb69947d269aefb41305dc19acf55e5a442ea0
t2t_L1000_9300	c6944dd1ed18ff3cb53e44ac416b2e25dffe5703c056e8aa87b5dd48fc791232
t2t_L1000_9301	bc619489dae1b3a334141fa87377f1163e3765bfe60cee1623504a8a2d27530a
t2t_L1000_9302	39fa1e373313ac737dff80f7a9fea05d9beecd21c548772dcbe0eb5b9c479161
t2t_L1000_9303	6f1e2f0eb0ebdaedd1db4afcca140447585e9334ed6cad28fb455e3844f0a43c
t2t_L1000_9304	170f8baedfcc0fdbfdba1af12cf41b5c340a0cb62a361b1e56ff286d0cad29cc
t2t_L1000_9305	a68cae6ed20f2a211267ef17a73ecca3a722930df20d6e5af844b91dac6589b9
t2t_L1000_9306	585275a56a6938a36d06427b62b0b843a40e9ce1a7193023613343f0c107e80b
t2t_L1000_9307	cffc5ec523375878f908ddb646a6f7c827bc5b90355f7bea7d3048895f958272
t2t_L1000_9308	866c46158c39f224bdcd18d826e0ec1bb613b8b7643205ac82b2bacf868abab4
t2t_L1000_9309	768fcb35d364f19b31f5aa1596d345938a37b815b6fbaacd1d8ab562934f52ed
t2t_L1000_9310	5b446c636652f4c313290ccb3c4d143d737020abfe52ac7a1ffe74fab53dff47
t2t_L1000_9311	6f98a4a4daa33462477c0dacd2462ce2aadb700c9eae3d84361d8d2ab8de01af
t2t_L1000_9312	40dd32186757f06c18e15682569d837158783223d023a375e8049b42879c7a0f
t2t_L1000_9313	e68e8c833c4c0f371ccbe3941beea39fc97dd2355f03039a1b895d180cdfa98e
t2t_L1000_9314	02a59d4254243fcdf5f24d2b71236422fed855c53b172ca61de2e09245c5ac65
t2t_L1000_9315	cd009775c6f6edb03c65eb1294e64577e10e54dc4e6a797405d45c3d21073953
t2t_L1000_9316	133edc19bbb58ac8117a1b97c8e82e9f9cdcc74175298a8fe84a96265a0f6f75
t2t_L1000_9317	70b78498b93e449978c8b63cde031f62e49126201bc5b84f0a6009d5de294f6f
t2t_L1000_9318	489f8fb7f290204aae10827a87d7e1738a686922fcb7a14a6bd1b9853c2a4d9c
t2t_L1000_9319	4ec907eb3ccf09566816b2003300c1420e65ef7c06d6a78b14e1f479b496b7c0
t2t_L1000_9320	5437d39ba14ee2357cbc7be59e2880987216651e9fc364f7fc71aa1728bfb1d1
t2t_L1000_9321	d38cb26758eeb0e19ba0845a5f3c5efa911d6324e65af1444f48dccff44be9ae
t2t_L1000_9322	681a3452a3d4638d41ec8f114f7841bb1303c459cb1de1c1af2e1b26f28d779e
t2t_L1000_9323	ab625b47ba4308c4b597b36903e1df4e2e948538a866910de4a66fbdff1f0383
t2t_L1000_9324	5bfb214ee9e9cd82800df9449a5355bf81e5ba73839caf17b40709bb5d6206c5
t2t_L1000_9325	0e4a785aac9e8fb32f056386e0a119efa0414272983fd1dd9edb05406c164486
t2t_L1000_9326	e163eb4dd17a46c2b9cc2ed02142eded8addcc96782f397bb4b755f11de0484f
t2t_L1000_9327	43e53552278e89be522ce0b4bc5feae330c151527b6f2f6cb986948b868f16e6
t2t_L1000_9328	0f4c32f2baa90e13706591181034fa0bf48af3075af8e9ef09e7e7e0206d8419
t2t_L1000_9329	2fae397b773eccbe0452e9fe97984cb6d2d061dee0595eb3569a25ee8f7c665f
t2t_L1000_9330	d050b43b59f27567abe058b6742e6ba7a54bcf5e3d8135ce288af37778dadd3d
t2t_L1000_9331	9205734f393eba7a0ae2927103f81fa71fd362cab9da831903f230bc7ccdc8d9
t2t_L1000_9332	596f72edce95423aa75a6be5c13e14bc08c2ac469359fd4c26492431d3af6fcb
t2t_L1000_9333	47f5ef5781eb87cb5045d47f026f8f10b59095f8cb9a4beeb7ed63d2d31c7d0f
t2t_L1000_9334	a66476b29deb1e3f9a022fa00e8a7020d296a283981d11264a26547f04d26568
t2t_L1000_9335	65b994343a4df569c3da1fe2934992f2e96c4a6464e7994718388469ef2e9baf
t2t_L1000_9336	4869d684b8777ea69afe535a692e465663c6f5b0da9eef99c60364da11b85e25
t2t_L1000_9337	13c20b74f0073a0143ee37c3f36bf3516fcc64ef1e4a776b7a50f0cfdbd31947
t2t_L1000_9338	9454a5da96310c8902154082195d43130cef3ce2e5edfb68a6e6e4e8e4c40543
t2t_L1000_9339	eb5a2f2887cbcb0c110866b4881515effef24aa824f0ccda5e1752c30f7b1167
t2t_L1000_9340	e36df56f67c44486761952c64277f31d221bb101e8fd616bbe68046c31c9b45a
t2t_L1000_9341	817d0f2cd9ecb8a1a64afa70caf3ec885136d3c946fcc0b54b7dc2e1f9c575e4
t2t_L1000_9342	4f2170edfc664a747bcc73d5a82b1f9be75e2b02663da012cffb14d6029f3da3
t2t_L1000_9343	0feca5bfa6294c5e077a72746d9af1c5d7471d34e366d5abaf3061f234693dcf
t2t_L1000_9344	039bba333a14d4644e5abcdaa8c1a438516276c1f749890ed6c6312facdbe064
t2t_L1000_9345	aba217cdd16a6fad5c5d004beabfa92c7a248f0e2c8bfc4e3cc623f90d4a1f23
t2t_L1000_9346	25501cfd81269e7b68b6bf8e3592d9060684e4d435515463ae046e90c5c6858f
t2t_L1000_9347	cb6f934ee6211e7803bad8364ef419272151ea6303db65c12fbf788a2bcdcdb5
t2t_L1000_9348	ffc82ac263f94b712a578cb71be986a4bdc70afd8d87775fca8a1aeccfc3e75b
t2t_L1000_9349	c64d508ce7f732c7bd8fc2caff6d9fbba3aac8299cf65ced721566e848156bf0
t2t_L1000_9350	715b1194a2cbf087577854ac06e5a35e97ebbf537fbd611d4a67e1af0b4ccaeb
t2t_L1000_9351	00bf4e45f6ef895955e274d174574032a0f81c3644b4f9cc8761b959b3912c26
t2t_L1000_9352	32ad9a6867bdb2d003387911e6d8237c36eb78cb92ddcdb621b002e8503ff2d5
t2t_L1000_9353	176de883f4cbefb4ad575209240bc6b228a548e16792349867c8e323d89e5a05
t2t_L1000_9354	b8750dd25c724d90a0ecba7e5a0e96c5ff1b7ea56050d40bb63bc1325f97721a
t2t_L1000_9355	14f141a0c48cf4a165d6a878ac1a42e3f414cf97d8b2f7de3cc42b41fc34755f
t2t_L1000_9356	97dc4012ae8065d96fc125c47126f0dcae0cc26f6a3fa96896651319b26b2b49
t2t_L1000_9357	035b29c55685e890a5569bf4c4982ba53121ac9bcb07359d14b49bdcbe8db32c
t2t_L1000_9358	77640673b3757f484d7e6554396e6ed6411ceb26aebdc1fe966d867f78baf82d
t2t_L1000_9359	e928105a6d3d12c8f2bd391368f291b128814f016768ae5451167e9703e3e325
t2t_L1000_9360	8d4d1ecaf808d3c0e3f2335518d4da7d6c7f9fcabe66aabeff325ba59d4c68b4
t2t_L1000_9361	a583ca7c8c9d0dfb7aaa741c3b300079bcca117e2bcd2c472e5fdb9b329c1caf
t2t_L1000_9362	49eb3f183cc06d5a3c5473acb9b6af0c4a371fb8f24b884970774175139a6ea5
t2t_L1000_9363	ad9c60452413edabb558f6fbefa09acf1ee245c4e532a4ff448d2e1559a44e6c
t2t_L1000_9364	cbfb0d9c1e8825f1549320d345ded13e79910b21f469b3f4cbcb60012083a484
t2t_L1000_9365	e7752f6b827c741b0b5b4785b2860fc9ccb34a3b205db548751bdca256ab739f
t2t_L1000_9366	4238dc56798c41b0088193e1730e6907aa0101196b90008f590feac0a13cd89b
t2t_L1000_9367	ce9060756dc34843f71e805d52fd623ee605a20c95a012199de4c0f0b558ae4a
t2t_L1000_9368	c87cbcd4ca28acc33fdc96bba74ed0d2404815a8a22cce1b5b896c6b3cce2a63
t2t_L1000_9369	514370e5f7ab79eab60285d47eaf460e1eeff862687ba65069a30c5f87814635
t2t_L1000_9370	16f05b0a5078e38d7217a3f8fe9785500a69f36f0f6217dda01b116081eb78a5
t2t_L1000_9371	15d7400fede080ee3090a27976cafb7809f882c491f53c512f3e12d2478ed00b
t2t_L1000_9372	ef665a8994d3a49e526807996377c2bfc4ca029651c12698cf4852d7cf63f41a
t2t_L1000_9373	793db0ff2a3e9cb1c01a3d750106a2726fdfcf8735b8660169a2a59e74407055
t2t_L1000_9374	e9b5f0dfa2312da0739f3ccaddac2a9b54c9b6e35e967ee10cbdf0f6318d96fc
t2t_L1000_9375	e14e7bf1a3101fad8a77c08f2adc1febfcb9eea8ed4adb4ea641a32d725d180c
t2t_L1000_9376	4416af5f085ce5f0d016aaea93df1fc75309cb1e983790b3343091278ecb2bdd
t2t_L1000_9377	5ef066efccc20a53ca8344c152e5ce49af7778109bd5222eae003c858dae385b
t2t_L1000_9378	048c2a1d57e029a7da8517659f0c0674bcff9a002c4260192902bed4bff68f00
t2t_L1000_9379	cc311034b51f9a38520e460c981b2b7477718a1a28756fd3b372136e4bf035f5
t2t_L1000_9380	3f4ef9c7e757f8ab0f2f146aefa226fa116b02003f5f4763d516abad22d790a4
t2t_L1000_9381	a385adae1651cb1b153fffdbffcaacc24c95f152f9799883db76ebde30c3e204
t2t_L1000_9382	c817e49d02457ffe598b8cb9f6e9a9ba5ef27f281a218a77934a6a87211f8083
t2t_L1000_9383	7e2307ddd68c492899b0dd0435274d7d69b0b4c75d0bc54c64ca8dd822da3106
t2t_L1000_9384	525ed7b88b933a78dae3b2c9bc9584b841ff401d3ea9fbb28b133f8740504d15
t2t_L1000_9385	de32f2d8adaaf3f69ca45eaac0f20e8a3339df1d1707b8afd5bfd472bc572353
t2t_L1000_9386	1923b717e4c710552b4810de35404c128d1374e6dc35987dcf26a17a2bf9e006
t2t_L1000_9387	fbddecfd0619b23a663b1521bc617aa07a841d170e1eacffcde1c46e6ca56d02
t2t_L1000_9388	9542b999577173a06df9831ac8ae6f3a872c768878cacbc563f2100e61eb4ac0
t2t_L1000_9389	3517d0b3e1489f3140b16eea5b576c924c996ad56c846233ec84ca88b8e61f1f
t2t_L1000_9390	8f3770f4837cc455af67f32537266081f25938236cde8a1ea772589c772869a6
t2t_L1000_9391	ff3bbb8f82f5e312a9682e07c500eb540e38e9d837ee030e3ccc1cafaee63564
t2t_L1000_9392	54fb59fae2a7fc0b0103cb99dbc6a9f33dbc45a2e964c2f691dd3fa29f490c81
t2t_L1000_9393	f4ba97b34eefae76c38cce9363500c8a960294f785043fa8e9b95d0fa37dbbda
t2t_L1000_9394	35a2f900fecc36167f00769dd6fc1ecb07d70dd92e629dca8d768e2e5fef85cc
t2t_L1000_9395	9e553268121e7ea11cf1943c66e3ad0bc05a42db8a4f675e590a32733af3408e
t2t_L1000_9396	8cf02c9eb57dc393b65fb92e67966796b848f6197043a192d92b7624fc64f80b
t2t_L1000_9397	bbb799d5a972e07b9e55cc8802722e78d6a396cd58fd0fae95fe951896404df4
t2t_L1000_9398	88ea7de275b0d598e4ecc84ec9d0a177ff138314be4385223481eb1caed6d51f
t2t_L1000_9399	996fcc22536633b925a1e7d0ac650737b03fd2cf16c1a8a141ad5a7fe1f447de
t2t_L1000_9400	7e548ff6ab64d22ef971f5ec49a9372bf0ae4f93fb26afa9038905ead48abfd3
t2t_L1000_9401	d4f699cea00116ad16fd0e083e4cb2ca5bc2263779ef81a778bf585f441dd57b
t2t_L1000_9402	3e69324807604b26954e5aa42dad093980606ac3aecb5647e124fdea95526c57
t2t_L1000_9403	5a3737f2d2b3a25c129828625a5dc81406ad44a2ba0818ee31c867ed64653f90
t2t_L1000_9404	2f994800fa1ffde83a137f07991a25e0a6670719238195972032ea0db10716bb
t2t_L1000_9405	17501a72186131957bd49ccf097cae8a70d4511a5ad6c5d7d2104a1a7361126b
t2t_L1000_9406	e0e50011680f35cc4911d7397c67082f5eabc2e230cc43d32564f3a1e45d1d03
t2t_L1000_9407	d64af15a11a0270d62c4bc31f77485708497851004a16de36c88223d616bd421
t2t_L1000_9408	f1b7db84936d0c216a17c2bd2db9ae8afc94d465036560b95ebd9fd28068fc35
t2t_L1000_9409	80ab9ead3a89fe047d1a90b5a2487d0d121beb8d6af58cc8e57b122a5ce82a60
t2t_L1000_9410	5effa34d4d974343ab0b1cf79b185076aa4874a773dc7272f90b0e17a4ab9631
t2t_L1000_9411	91188dc09aa7cb9dea4a039816306ed9ab488f37db8ab5a43723af022480ef04
t2t_L1000_9412	fd73627b135e6f942a77714787a9fe65ae4dc9ac28d82291785be54a636657e5
t2t_L1000_9413	faf7b3a08aad75f674cade2469bba827588de1a180404cd6b6d8d506cfbd310e
t2t_L1000_9414	e331286c3204f4575355a3624d1876672b7c822de497b52ea2c91841687ff8b6
t2t_L1000_9415	a0b53bff6d00305c7e40dc60e7bd0728f21a6706e945a128165ea7c276f71dcf
t2t_L1000_9416	086f661faec4b668e70fc28ce994fa337cc1595106165e1d6b3708784da1703e
t2t_L1000_9417	295316beabcd67774f29a29bf5ffdedf933b189e480570f2c8b8edde087a3606
t2t_L1000_9418	4abc90452ac940a7ea4bdf3b23edc5e6eb520689653a734a557405de265271ba
t2t_L1000_9419	222bc6df8cb3749ad267db368498b42640147b7a623681bd41116bbef2a8dcc5
t2t_L1000_9420	f513d394c2b1cb1f57a94f84508e2989c18c8f51798744c939a9a0b1efa6a0c7
t2t_L1000_9421	197b1cb669fabc46e15e6aa440fb4f573dae65c6c9127d94d0ce0df20666c1cf
t2t_L1000_9422	684937f5473e883f17ffd6ca44a6ff8c3549d9755f0128139224c0a11d03b37e
t2t_L1000_9423	ca3013e9970f1690fd54b89f483f90b2b1a9442793f59bb4c620c0742da78722
t2t_L1000_9424	2002e954778f62f3d947ac6d294dbdf61443989f010d957f53077310c13824f3
t2t_L1000_9425	ebd4609e16ca1f97835aba066c8c0507942ad3ef6aaaaed2ef16fb09b2ad9a8e
t2t_L1000_9426	605911830155efcf0d78ca0cf56c93ed9462a1ce69a419ab9cecc026d539a3a5
t2t_L1000_9427	9444ef9d0032a02fb00389d52825a14d1c53b3b4788f5951928c5f5d28882b84
t2t_L1000_9428	c2c06fa6f8ef64a641fd8df430a906c2f28e0f8127c252ab3a1a8c9b83826ffa
t2t_L1000_9429	7920136854eeda142870a1d7c0a35de5b86b5ec6af7be8a0c49e4cdf83198b35
t2t_L1000_9430	585e2ac3cae600d566ce64d2647756773af878e02e6fc3c05aebddeaeb36d55f
t2t_L1000_9431	5abd8d6112472e1160e93e3a1a4e26467f27301ea110ec36066cecc721d98ab9
t2t_L1000_9432	2dc224c98cee5b44ea081aed4d9fd84b83df8bbae3d4bd7fd3b6cac08ee7b75d
t2t_L1000_9433	f37e82ea039206011f5a2436929d2bfd449842dbd59b4a8e4acc06fc094b3725
t2t_L1000_9434	654a2cfad09b5ebb7a6bc80fce363ef5bff9c50b8c2942f9d17fb881bebaabe1
t2t_L1000_9435	5af7f30e404af7b4d6f98c917fd518ee9b4a58cd3a399beae10292281a8036e5
t2t_L1000_9436	071879091f9adeb3d49038dcecdaebac43d88726add36bf93be5a66ff164594a
t2t_L1000_9437	14fccaf9e3ab1a5802e8771d156f0de264aea18019fcb681b61fe549892d8d40
t2t_L1000_9438	fbe83321318c1804a0961ab3a681ba58bae4d996976eaa189daf17cae3290539
t2t_L1000_9439	5a68d57a97b55d34a298257dc686c7afe704d07fd9c5e8f42caa5730f390453a
t2t_L1000_9440	7f5b275698d995d51d3890a77ea179f8575b6d8903c20621257550e4c91d9d12
t2t_L1000_9441	1d4355dd42fdd0c32b3e03a5f0a608fe0f93c24ce61a3cfa9e1ec0c97c510e1f
t2t_L1000_9442	01eaa8d16d85b6babbeff77a37e970d70231dd003b40c09bd476998d669b6d3e
t2t_L1000_9443	8f689761a1581e0fcbf8fa47b9dfc7d0af075bf5ebe7d5f377838d1a79946570
t2t_L1000_9444	76a560e0396da7a9acc485e7c1ba445845b1fa3916d898a644658cd591545489
t2t_L1000_9445	aadba63d31da6e9ef151e195286169b2faf162948c6e7c72d8ecd446729379bf
t2t_L1000_9446	4824e7c623b7088205e22d5fab40b1361b4cd0c371dd451332bc614b8a6491d3
t2t_L1000_9447	72c7d5d8650d802c6b3b4f96894a2cea4d4e526aeda96bdf3895498d2b11b0e5
t2t_L1000_9448	3ef2f3222e098c90cfe1b07db89f3971144146999f34aaf6e35baa3d149efeb1
t2t_L1000_9449	98bfc1cce46245a31abb725d5fb9b97f910e6f2c9333db4b8417e50a57f9f84d
t2t_L1000_9450	8681e0fba50a13d89a104da18367ed171df792d7e8a0ac1933de57e2a0f78c13
t2t_L1000_9451	9a49df5376f087f3fc7bfb12300765b83af0984599aa78c80c1fb867ad50f0e3
t2t_L1000_9452	8455b21a306031a9d342787d83865867c0ce17e8834c64656e7b7d3fe87ec8e1
t2t_L1000_9453	5040d54ccad2996c0aed6559c22b248b3988a71cf18f14cbfd234d85da3f9485
t2t_L1000_9454	17e7575b8f18717c5ab4c8a91855c62e05e77cf36d9c5f0c6b744025d153f755
t2t_L1000_9455	1fe010ee6fabec4853947b6f3b36cdb7ec0415152f2adfb32dd10b0270552ddf
t2t_L1000_9456	0cbf76595e19677b7a6274086e13c368704c5c6b5b9b9a509cfc1486e1f4ce9e
t2t_L1000_9457	6089c14cc6e6f6b89645d728c69788b8419df811821295f717843d00bb1ceeaf
t2t_L1000_9458	d3253f4689038119bd64ee956d27d7589ce6ce34b7efb9b71d369f6d6e04fc5f
t2t_L1000_9459	acf365623045d120d727ad0b75a1651338090da81c7aa82bb4a5191bcc0197f7
t2t_L1000_9460	a39d6ec4d49dff592d49d707ed5fd2e901d9b32ec3415b40c7c79f6c0a901f1a
t2t_L1000_9461	355263e6106353124af7ebdcc66ce99fcea60985e23ecd5dd0eb01ca7dc9ffd9
t2t_L1000_9462	2275d7cf74a2fbe304580c1a71dbe8bc99cee180fe91d348c09964243e8ea132
t2t_L1000_9463	90e9cdf009f036e806f8b4179836706245cede23d3fd0e636ee525d4cdc29dc8
t2t_L1000_9464	6457124f245fecdc31ceb497bb674dc5996763914370256936bc43808b21ed73
t2t_L1000_9465	07ade2558da0f691f209418008dfebcbfbf742f0f1738a84ea63dc1cf2262715
t2t_L1000_9466	88ecee5c6ec404e748f4360d8c3b85833f8c2a22a2414c31c5484dcf0d5cf8cf
t2t_L1000_9467	0f54b2977e943a59f996f2b1a4310e67f8f52dc577105be8c4dd7bf068d17e27
t2t_L1000_9468	e3eeeacc4935af7faf8e07d90553a0a6cd91ae46ca46abd52ff016a2078e7b44
t2t_L1000_9469	6e3e3723f055986d1dffe32ab7ee0e19274e662c9df9301ad4055ab72c452493
t2t_L1000_9470	2faa2e356cf35c7c7c982008e0497c98e4164208eb0c12aa5a8628a866dcf9e0
t2t_L1000_9471	ddc9ed27900e1ffe869d334b7b36c63b5424fabd2a50201ffd5657e4b9b911a9
t2t_L1000_9472	6d27605e2a4737eebad4394c7af2b868fdad1a0d07b6d25b137861c2f515ffd3
t2t_L1000_9473	f32011dc021b4daa705c3c36cbea1d7d3935b3d808a2c78778f5e2c435346159
t2t_L1000_9474	7e29191ab4378555d1da8ebb222dfd8cf7fd9f71a9f9d25efcd541a1d9cff8f0
t2t_L1000_9475	369bd4fdd965a406938675b2ba1f027a9ae52b640cdb507566f395064e3b9cf0
t2t_L1000_9476	78dda5907d337ae7d09baadc6a63bba219fac4e7ca15cac9a323e9951ee0ea59
t2t_L1000_9477	dfca73227e680bac6fa32d491e2badbc9030db307dafebb24a165886cf2faad3
t2t_L1000_9478	6e7e8fee7567a29190a4ad93847fa59f733b47f1980f297da58a77e96abd9a60
t2t_L1000_9479	560b2b22c5def820fb58ccd4c83be940f7fadb7a725c1958e9b869913326a5e3
t2t_L1000_9480	91be36eff924d77865529c88697ffa8b212286423d31c50af3427dd78ba2b8ba
t2t_L1000_9481	63ada5bfa7cb56abf4321d6b4676d1dfa1f9a69a3bec0a6f158c6db82cb158ad
t2t_L1000_9482	91e9d6256842631d3dd0873265023287645c012817ccb48e19b332546ea38787
t2t_L1000_9483	c3342f3b0656b5f446f315348d223c4a36f19aa7e7a99f111ac1f4fec18379af
t2t_L1000_9484	8f36ff5aa4ddcca36bb9ff8a1a2295d768526916ac05dce261949b093b0e184b
t2t_L1000_9485	4aad12c3eb9544e20e711a1cb774d7a59f1bd83013588039009ebaaa2fa2ac8a
t2t_L1000_9486	81caeab950647b48e5343518663e60c2ab3ff7888a45f18f17f89d865ab62488
t2t_L1000_9487	76e1907f16208adda990e8cfef2080ae3488a268e704f36d805123f1645cc53c
t2t_L1000_9488	48666e3e039591798b311f711348fb68d5eac669b93e7853045a7de95e8e1e46
t2t_L1000_9489	a0a705e06891cc3c328ad439716e6669b4c0c90e62adc2be0908954f3866d8a4
t2t_L1000_9490	e112ca710e49d5dd08e4e1f2a39d60fa2e8d84248f45d6c6d9c68a28939c12bc
t2t_L1000_9491	9d6096b29534e246707e66e8352d97574d06442099de33c6e7620d5a51d70260
t2t_L1000_9492	aea6c2af8349ba962debb3bab1e5f63c110e3c9e36b30362a80e3915991d3193
t2t_L1000_9493	646a19c43f683d1c470eab595f55dfef7b412077f026609cf9c283b1b2948004
t2t_L1000_9494	e14e85ef00d98f2a122aedf6f630e1e6c26fcb175c1629f4cc25080b6f3c78c1
t2t_L1000_9495	725c23ad66d8322a344538658c9a37b87d5edaff9b9018c6351663cac13078d4
t2t_L1000_9496	69b0109d7a9e55ecbe8f4f9046f9a0adbad2d3c4aac6102b74ecccfcc2d25357
t2t_L1000_9497	fc1db8f55358594bac916d72336877bb81e0ba258a4a7473fb21f430e44a2b09
t2t_L1000_9498	c058e3101796bcf50c85d9fd01ae95d5b2d1cb6d4464abd32ea686bbdc45c749
t2t_L1000_9499	c01fc08a264cbd7c94626878e0dba40205cd2a09b2268fca1eb44fb87c0150fd
t2t_L1000_9500	048aee4b65daeb200dfa64c4654c3684260fb49b3e78e5eb1de5fe639d4b693e
t2t_L1000_9501	53469257f9ee53c3dba733e6479421bf72fc1b04751d4209cb412d2b19cdd095
t2t_L1000_9502	ae9a5c243ef916da6c82dd53e153a543a3aaf9e70dcfdcec6b092a3d7506f4a6
t2t_L1000_9503	4bc716c95c62e7a65ed1c5090312888444a4391b283b9dbd012ae92b22849b0f
t2t_L1000_9504	624fb88457c56b7336cfac905f757e501bca272a6d09ed74fc1368e9e89c5790
t2t_L1000_9505	e13ad83a62188e8d9e1bd4196902e7ce255acf14abc95507857770a5cbfef55e
t2t_L1000_9506	6c8aa99c2713238d1f0cb1c87f271bbe235cc21897dc6dd2fbe4e4772e26305d
t2t_L1000_9507	3eecd0f491e4300932459f86f153d3da88c6d0693e6b90e6343bd1231f159093
t2t_L1000_9508	842236f4e5b7f3c5ca326f59f8872edb245222d6f9ed8a424596739e4a0e645e
t2t_L1000_9509	174ec438dc78156a259be9ed0171bbdbf9d531e714db09cf01b14b1dc267bf95
t2t_L1000_9510	97b8703fc44e2fb07d25cb05cf8ce2725b30b86dbfd547ba2a4dd542e0f17eeb
t2t_L1000_9511	242f27493b8dadc1b8470fa22820416e5cd17be89e7a265ea9420a621ded730c
t2t_L1000_9512	e35466b4b1d327a32e3b221f78256d059fec365514f8cfd583aaaea030061015
t2t_L1000_9513	dc311a959138874198989db86ebb2d61dee0d81cddb7131bcff8e613def34715
t2t_L1000_9514	c7d78c91dab0ac6f40b9e7e586a0f152dd81a853796e114813df946a67c33aa7
t2t_L1000_9515	19fbc284dae3a4e2cbcef7866123cd121f6a2e4180c757e8dcc66d2af118c837
t2t_L1000_9516	7b6aff9214f0b72760bd0871c829ef21b66fb4dd1ff00ace5272aeded72f64f3
t2t_L1000_9517	668dffdfacbb110ad47883193262816f04fae72300510ebd07adfda84be312d1
t2t_L1000_9518	ea5fcf1ee6ca600b24daf54059f434a31c239ea9f6667d6742099899ec6ca8a8
t2t_L1000_9519	075d7a0471549447ba9be3e87874450da4b5d8334f6b5a5abbd005547c69b260
t2t_L1000_9520	6cc65940ed808146e93058afdf983b032e14313323147136c11e4ae3d43f712e
t2t_L1000_9521	11a915de85bf9d34c5e74acd6882dced702dc5d75830ea23bbf37d0ef3e91a84
t2t_L1000_9522	c3ec8ca6baccbe0bbf9320209485740bf89a37f8fcab17528be34dde88b03bff
t2t_L1000_9523	6ab999635f8de0b1d5e8a23efd53a9ea9881abab04440df3edb25e29a312df54
t2t_L1000_9524	6c5624692f1c5d70a5eb05cfbb1924dc48e3db39753f80338c630b92a737c7da
t2t_L1000_9525	def3916fc7cc74454c33ccd8e320619d4554df615b084d411caa2c44a35d25af
t2t_L1000_9526	4e1d45aef8deb89b78adbe6dbb6b1eb8eba160f8cf2c6ff700e4d5888e3b35f8
t2t_L1000_9527	a4bc9a00265a4569d96f557525a4919505a6112ea5d5c02f829c76291a0f3b9b
t2t_L1000_9528	2c393797b0fe59caa593f5d3104fb7f7c1b69fb250ffdee3e3a556a97bd579cb
t2t_L1000_9529	634b96a6347bd9c38d663def2e93ae12298b78f23421dfb3d1ea27a8f1893b59
t2t_L1000_9530	1e10d3f76329c92ebe33cc544ba0ad38177b120bff6c7c3d4978783049893c10
t2t_L1000_9531	9ce60d58374a8010366803430808c7a3b2a0c6f86d98532aa3255b6ecc57909f
t2t_L1000_9532	c6c4447f919927d62614894cdda4a32cc6a757437c29ec31da8f028e8efb133f
t2t_L1000_9533	e98cacf94479a90ab6e5950f7a5ada488be5aacf01236f62e7238e89ef1b09b6
t2t_L1000_9534	8a9ba2344f132b8dc666f7730b789e9a325482ff259d259e82809ae80ae008a7
t2t_L1000_9535	8791335e3a4d6513aef0d79efbc4d322098ff0caaf34e07c2d9bf35793572a6b
t2t_L1000_9536	d15148b626d5a5d32f429fab6a10ae25e2357af55d384dd01c00068aa4c2740a
t2t_L1000_9537	1aaa7e191e6a4b2f41e1803e69b7951aca5beead195acf99e439777c799f1185
t2t_L1000_9538	6200a4f3bafbc28c1a5cd28fab5deba29e093902e9ecfb65a971241ba929440d
t2t_L1000_9539	25fb42e276b05d86aa0666e6cfbf35d5e0896441c56b40247917ab0df09e185d
t2t_L1000_9540	34e46e4044182cb380542c16ee3af0c248db81ae9239f9f044a68ddbc8544120
t2t_L1000_9541	6409b240fc8be0804dc459d7a6fe3f3ecd53547b844cafd839bcd11759361cb7
t2t_L1000_9542	d1c24e9915167cf64c321a8e55c3f967bd7b71b5517bfc4af2312073a7f9b2b2
t2t_L1000_9543	78e065b1d9c804d1aafc2b0f5d0b30a01c9eb3522bac9e2e6eedc6e120ff5763
t2t_L1000_9544	503447141e032dda3796fe572483e79ab62510ea217304a5d358c00c2fb305c7
t2t_L1000_9545	4fc87f6746b02d2c9786b09b4a1048ad60d8e910f85eeae241ecd306fb4eba0a
t2t_L1000_9546	8dbab0557bdd2b5ddc80f17155c509186a5a8fcb0abe55b0830206a5c4f63818
t2t_L1000_9547	96f182aa60dc5cb3317e6566b802873fa90a671aa85841aa4565a4a987789d27
t2t_L1000_9548	f72f5c1a44c857250edcfdeb49ddfcd323cf27b050fe4a59f254b382ef9eee24
t2t_L1000_9549	0c1732f613b55eb953f4d7f926b640127d1a605cdb5ea76975be99624cd655ed
t2t_L1000_9550	220ef91d47ccb1f14f5e2fbfe09126e55c1146bcb0ba9e1830602ef368cc4fe1
t2t_L1000_9551	d92edcaa81bd921a9483698fcb21faf7e0e74f608b0843b8e5a043a3312341f6
t2t_L1000_9552	84665b02fd2d8e9408c240af506395eb1d80ee24dc3c61048702c0c3fba4efb5
t2t_L1000_9553	d2e3428a776147a25c21f872a2aea6ff3d50ccb255efb0a8ccccd28c7ac711bb
t2t_L1000_9554	b174067a231332cca83c2f84275c4bb4b6e695d8be49c231e3352bd56ade86cc
t2t_L1000_9555	8e1669b72cdcae214bcabf28d1e45e158f90050cb20d907084b09e06d54394d6
t2t_L1000_9556	9b87d2f2fe161675b570c542277f41ef0f6dbc4e5851d94631d8ecea01e4e54f
t2t_L1000_9557	9fd7cb2e166ef67c4a427cc3a4f95e5a6560542c1ad3454a661d05898659c1bf
t2t_L1000_9558	3d444d999566d68df46ee845b542a120a04bbef9e2d4e3db9774afe84573444f
t2t_L1000_9559	5ac83827bcfa44f8ba2496c73ed75cd6469895acf7f0fbf41a754b745ee674e0
t2t_L1000_9560	965fadc23d6195e4decc4c911b09de1a7f8146aa9b82d321f0045d253501181d
t2t_L1000_9561	3a00c242cfbb998c6f018e91d00d8a4bca5aaf8439e48db7081b927694b38d33
t2t_L1000_9562	662861e5384fc55b0df5e6f59a41a70d22ef74110b9e2b2c477ece0df8670eb5
t2t_L1000_9563	83707407584a089d11a19e2d6ab366a76ec75f6415304c281d4f029c2c1fa656
t2t_L1000_9564	3bf9405c06418302e91137bbff276dd0cd3383259a2a3480e7898b679b083c17
t2t_L1000_9565	11172a02f6f5a5dfd86b3fd3cb0176cfcdd46546ff4d7de5bd3534b0e2844d0d
t2t_L1000_9566	ff00040cf25522cf3ee3931457446c4c3b27920016d71ad528b04342949306cc
t2t_L1000_9567	ed3a79e18178653f6f891919ce3096ea5f406c92855a26d98eee355d39f91072
t2t_L1000_9568	bb03166c13ec0e1d50a3ca31ab116971298f547139459b66d18e8700e8a57c9e
t2t_L1000_9569	67c85d6daaa6154b39cdb5e7717ef530d2b6f1692e3f635728c5cd6e48a37591
t2t_L1000_9570	8432b4cba332740e659f1e02a5615a32cc61623a12ecc1fdce18776980ba519b
t2t_L1000_9571	34603f10c85dd87afef951bf9bcd97971ee104931511c1d69190b429c1f35913
t2t_L1000_9572	1ba2fcf087999ad8c039602cb9abe1798268fd3d3ae20f4d13f9180848100ad6
t2t_L1000_9573	6d31a8d316d8ebf7a3d086939ac77c6aec1d130d2b29632eaceaad43a9ecc677
t2t_L1000_9574	e17f5ff11617e7593c2de551eb285ec11114d0269542bcf0ddb83ca535f8df76
t2t_L1000_9575	ad200a9cdc92ac0cf8c8e5dd4a8b507200bd63431d5bd0d003a6fa62684a7b3c
t2t_L1000_9576	330f9df637e157efd422ba5d6ae30ea106a392898fa990db4f64bac6f1fdee66
t2t_L1000_9577	c0d38a448895a49c76f7a77a39e4a1a5f1358e52a628e92bbbca63321d540f19
t2t_L1000_9578	8f82d68324f4b42b13a2a193a5253c50e994763836293ff32e9023e073d83707
t2t_L1000_9579	fcea7033dc4a4be8d098df78c1e7e97ed838798d880db21168960bf1e82f7bf4
t2t_L1000_9580	18608b350d610bb29af16dc6c764d9863740d9272474f6059acc41b798a05e37
t2t_L1000_9581	a60af2668a28c184a3aa517aa2c66e4a38d759251a259b1554226a66eab67f73
t2t_L1000_9582	a2b0ae8fcf7bdaa98f85ff6d9eb269789070c2975b7071361a6f7bb1096ea58d
t2t_L1000_9583	38fb697b3f324d162060e5e6623a0cc380b27e0315635c532766e6b24d45d7eb
t2t_L1000_9584	b9c7ecc76226cc1546199cede2e72e10fd41f6a01a4b3a38f3432ebc224d455f
t2t_L1000_9585	f683ed56518d75b182c43c0035d159465c2f133c8c6032572a1cc530df77da49
t2t_L1000_9586	eece94a8203be07a8e6888d2544d65c9a312fe2788ffebefc5be60823cd9051e
t2t_L1000_9587	c8dc5b84dcb74f405b0b1bd6a32574237799091d48daa505c7515c57666d53f2
t2t_L1000_9588	6206637aa128f1792137f1a788cdd38f2a9b9679d52a9e6394cfc5978b00a3ff
t2t_L1000_9589	5d0966c74865a2db297fd74948e3ef77d370fc4397cf47125163de1dce087360
t2t_L1000_9590	5465f45c1140742367914797be0e1da4a9932da8520a0fcf41f2d4750b933b46
t2t_L1000_9591	0198ee158d67dc37e1708d9469d6aac30fb58adf518b950aca61d567ddf88d2b
t2t_L1000_9592	253f43c308b2c7eb72786a94b9ace92b1b5dc1b3746c6c39088ebf8788a4f238
t2t_L1000_9593	11aebd488916e6e6419cb2706f5245a9a8979af225f8294b0b3bd50702607969
t2t_L1000_9594	b9bee6e453cb7d68939fe64f7c1db312be2f324c95261b61b5ab1867898dd8fb
t2t_L1000_9595	f151529291cec7b7c682ed7f2f8d8ac33fb464675bb7a08c8916ceea9a37099d
t2t_L1000_9596	0ed0c3b61cc3cfa769af3b3203239b3c05eed23f1cd41e2d47ecb4ee95d91b6e
t2t_L1000_9597	9cdf24f7ad1f0a43f063e6560d72a8b636fb67a7d929bcf9d96c2206dd8e32b0
t2t_L1000_9598	6625a73750b48683f333564eb296e92f145e003602856b99e310a52de20b0b71
t2t_L1000_9599	95dca9db9d7f8dc19f4936e19c0f2d3e4e4a2c3473d7525b73635786a9f4d125
t2t_L1000_9600	0817e8fb7dd51634931e7e46ed5ca3b0710647978dfa1c668200dbd5b8d74edf
t2t_L1000_9601	0f5b792761b9b8bb4e05dcb45cc67b836660d4d2e3f9a3d67b7574389dd627f2
t2t_L1000_9602	c57667d5de34cca9dad9f8b0474dfca2b853d89c00175b08c8bc0b9708f67202
t2t_L1000_9603	aba34b7a263b61da6216769b9da0047ac2dc53aaa3c7a4cce8baf8585e1fc85d
t2t_L1000_9604	6a77c4c1316d23f0de117eebb031caf9b1efb96feacbbd3a1695634bbc2850b4
t2t_L1000_9605	2be91fae4e56825ee0163896226408301ab344c833b3ded4dc513f24a785947d
t2t_L1000_9606	02440e3d3021b03f4d16228bacf2a7be55e546d8aae154ff13fd52d649a7afcb
t2t_L1000_9607	11cc31487f5c8159e289323097229e26392d41829fd93bc2f7d0cdbb956a5b74
t2t_L1000_9608	f35df881ecec8df6b6996bf85809eb41fc2972a8d3845067f8ed48e57ea03773
t2t_L1000_9609	bab2a8a35c87f5c9546be47396080160d05459adbe20ee75be1185c37e057aee
t2t_L1000_9610	f8e4184dcdda0dd2283b8ed2aeb5f375accccb401b641637b43740009c42aaf9
t2t_L1000_9611	95301948e3b2d4808608b5d8cd31c338fe066d01dbf002d94ee00096af1f06ee
t2t_L1000_9612	c073f356d38eac041447fd972abde592bfde8a74a66e1cf2fff9a31f40691f98
t2t_L1000_9613	5ccca4e6d48c0633483f7481de850de73f98c7b4f577c68af02b98f4fbd2550c
t2t_L1000_9614	89dbabc5efc2d6efa09cb9cb3e0e78af180f683ea9351470b6f8374b28b63a72
t2t_L1000_9615	8ad31e86546daa7ab61151b33c46c6da0f1bbfd198517dbe902803e40ed24fa9
t2t_L1000_9616	bcf401f1326194eb0b8aa649e02d5d07a8088ce256f467c08e00479159f8f4c1
t2t_L1000_9617	4c7396e66be8f1910ba0851f155f0e7bc209b74f073cf903ff4074ffb55fe573
t2t_L1000_9618	74f1dc62f2f75b8a5b0a8a4f8dad6813f6283907690b47dea902cc6a147cb059
t2t_L1000_9619	f03fe6e5985fd4209d26548975f76cc8775dfcc21b325fe0e2ce9cfc6acc9ceb
t2t_L1000_9620	0823bbb7cc8c6f92e257ded9c91678ece1644f02d340745f367b3cb003da2e1e
t2t_L1000_9621	f64ebb922055ed71745f803d0512339602ec8dc8c5e4ef53bfadf6875bbf5aaa
t2t_L1000_9622	2de4e4e02f07c13f86d88487a220e6c6022b4e57f366f534f3f046136417c958
t2t_L1000_9623	41226d7b35406b554c849df575abda4abdf8e25932b3650855e36ea313c9be3f
t2t_L1000_9624	da5e7f646839b1925d208c83d1cb1a929b329294ac55afc195363850e2c3ef0c
t2t_L1000_9625	70bc657b85cd11e9aa2feb5416be6a72af917c4ad98e7eea4a360f69428f6de5
t2t_L1000_9626	cf4e38b3c04334934f765de06be9a2b4db83e0894e2f12911539a185ec2926b9
t2t_L1000_9627	1a989b042b5c51ceba8da41d72e1756568ef23fa996991e203582d8fa126965e
t2t_L1000_9628	68445a3851e3f8721c563f41280b34569a97fddc709184d2c2d7105f5fa662ac
t2t_L1000_9629	33e4a820b80f12669b8277bad7e520276456e3356c51daf9e527e4b1c65ff902
t2t_L1000_9630	065b31d099a02022277ca3343a6437f1ac034ca31318b2f2489a3c8ed45b0878
t2t_L1000_9631	d6f29681834107cac8737a86db8b4a9a8bd2b4b3214cb301c63f1cd4c0c422c0
t2t_L1000_9632	436da08e1f2e18fc0b5eb40fd4e5f6dd9a4ae2e275a0b3c4c9dcf011b9c1ecdd
t2t_L1000_9633	07ae30ea97df1d873d8a9439c04d04fa4637648e02cbf301ecdd8c231d4541f9
t2t_L1000_9634	dd8c397dea98fd1d1bb99317c51d09709ae42747003dec0fc26e3e4cbd2f9ae3
t2t_L1000_9635	2d9a6365b343c735757a0d8fbeb722f0eeebdce9844454fe9d07e1ccb92fa211
t2t_L1000_9636	20a5e42f483a1f51164ad2bc2ecd42ff3ddf652a9828c7621c397c849aef7cc4
t2t_L1000_9637	255d35cf64690eda6e8d922cd5028ec1782a552cb482af2a6de2ba13fa82189c
t2t_L1000_9638	25e95dab6af0cdc2c85773a7642032e742daefc6f5fae1c53d3a88e3a97b307d
t2t_L1000_9639	730584aa3734cc96dc70d1b7bcae1a1ee16aa82bfff40d6c390a405fd42e26aa
t2t_L1000_9640	c0a7663453c71912608dac00057733b86276a9a2b0682118349b1c78c036a765
t2t_L1000_9641	388d76af39e7d55aebc51ec61ab739addd22edebfc85262c13bedf50072e550f
t2t_L1000_9642	d932a6c5f274a327b8f26f063d3ea4587510bcfdcab2a7b18dbfca4846dd8e06
t2t_L1000_9643	a3d0c930b85370140bfb45182d0f055ab800fa01ec113a999a0219316ae5e798
t2t_L1000_9644	0b64844aeb4e403b5a044920816ed4266560760d2bacab7df9f34d453b4717f2
t2t_L1000_9645	829c8c728211e3ebee206a5713e8a68372ad8187dd0f77dad2a3d8c06303c99c
t2t_L1000_9646	98ced9e976f907e2c8d1f51b17b1a1c0d284de16399e6e5798b185d47701e6b1
t2t_L1000_9647	b4acbb7472c7ac45ce4678388953860453d24dc473bd79d0100c06844fbad590
t2t_L1000_9648	46377cfc6300e680721ccec791495794092ab6e29b13f75b9640a087bd56b01f
t2t_L1000_9649	52568c79273a554311bd1a48201e6c4f4f4076a1f39740c429124517a017a342
t2t_L1000_9650	3e81fd7661b831fb096f1d4425f612b595fac80883686cc3f0c733bc0fad82ce
t2t_L1000_9651	97e3fe6c495f2cd7bf095a2c8c41c197d38b9813019762df8261763498b914f8
t2t_L1000_9652	8b4fd7ec28e5d70aeded26851f5f8224fced3c589677f203878079d5fd779b23
t2t_L1000_9653	2fabd309066769f7028ecabad74b2acfae34dc6e3f2dbe593ee3e886b476e48d
t2t_L1000_9654	106a534a0ecdcda6b11fe6da30c86d24ad096d06221e59acc4f180ccb95fafa2
t2t_L1000_9655	a4439b8e9633b573d22f10e7b1e6d575fd529b8714348e008a85b32d00819973
t2t_L1000_9656	8b736066f7dac9c573d12d98047dfec3e2c14c8954e74415ad304450bdaedb58
t2t_L1000_9657	ba7c791d0a58eebe53c15654613b660ad488f8834c879a2898dcd5dc4e1fd033
t2t_L1000_9658	fdc941de1bb46f0da96913b6907291d30c77e0db02943221d670725e4d971bad
t2t_L1000_9659	1c5c03316ab91bd35f4c882d3d99ce99a192d6ae2bdff6a15e165e2727d3976a
t2t_L1000_9660	34d5e8ca53a0ab8fc1230ad5fc46fe839cb3eb7e72d6276c023e87ccb64fcf3f
t2t_L1000_9661	6b102755ba8df05de074819bd03d8ec88c3ac800d81a233277688b93c9e20c49
t2t_L1000_9662	daf18b5bef0f24bf9c2a77db3ebd765c8234d8aad859b89e6bf4bf219e9d5277
t2t_L1000_9663	aa722e658bce76fcc9b51c0fe4a583a101a7eadf788fd9b93dfb5dc365c1cf7e
t2t_L1000_9664	47bf22ee0a2166a35c08da4d420341d4a1237be244943c2a7e44b5520c507f87
t2t_L1000_9665	03dbb851e83e74299c0c8b9e04c50c1c2ebe59a49f1606c540bd628692dbec1c
t2t_L1000_9666	787aca7041f8adc7545fb77989330acd879dda1ed4b63d909ab8a2752c9a5a9c
t2t_L1000_9667	daf767759fe9273f26cb93f74a56ff922a2518b1f7864391e503cf5c82583cf6
t2t_L1000_9668	b89baae3ec07792c19bb96d64a04ab3c0b055da8825e9ae4205084223f43292b
t2t_L1000_9669	9aca2b4b2c56b5fb98a9e28094ff5074872f21ec5ea50837bef294f18d448c4b
t2t_L1000_9670	9a4ee3b624bfb3e361a9c79790be247198a405102c549ae3a6336681a1defb95
t2t_L1000_9671	cff53708adec677d33f75d59737d35f0e84be2b602789eb6157f6d0d4a593b08
t2t_L1000_9672	e31239e73fbf476dd670d7028d6fdbc9b935fab39aceb62640bb62a574172b47
t2t_L1000_9673	f0bee4be8e02d8a6efa03562c071c7f6291feee3f398039ac6368d7a7a7963b2
t2t_L1000_9674	535f7a160beceb970cb996d412da106cf62b54b75246628ec68de0c498cc2902
t2t_L1000_9675	4f6a4315cfaf2af0eb40b66cd3bd7f6c0cd4a6e78704702bb24921259b38559b
t2t_L1000_9676	eebc615c2bf58b2bf9e45934e9a0724f9b880001b58f65f0073b0b2dceae3902
t2t_L1000_9677	1ab8c3bfce1fec635aa08bc5e2558cf13c7ebc4621ea8da3d5bd5973d6d7046e
t2t_L1000_9678	4e7c6f1791d0eabde26ea726a926fec9e941de2b761c1a31a3a7484dc0c48cff
t2t_L1000_9679	51b85dd9034dd34a437fcf153563f8f3ead6ccc4648594219ee25c8e40d9916d
t2t_L1000_9680	335fd82a1c95ebf98df1cc7daa89e5f0d7ef90f9dc7a325a4a21e028efb76181
t2t_L1000_9681	9141723b680d3cdc5e52f197adffc4c1293cf5738dcd81a34e4efba485fc268d
t2t_L1000_9682	d1a85ae96388534e2df1e8d33965bb1009a5b6c4452b6972291de9fadbfe43d5
t2t_L1000_9683	f621995d4439ab691eda1d2305080c6a66d151a70f85cf172ba46f5a32364f98
t2t_L1000_9684	34f3811eba57b74d95466a0b91e3b414b67574e2f038e7896328fbcf11426359
t2t_L1000_9685	88a0f99959b2e47483ccd6d9b42d2e66325c4c79bcdfac54dc0c096331e26d82
t2t_L1000_9686	b0b3eae2137616bf8c48f68767fb33c4f621f21bdc9385ed53146b842b4ce445
t2t_L1000_9687	2573fb30158daaeed56f406dd98ccc121e059d50634ead798ce27729d4ea89d6
t2t_L1000_9688	f3037c29e6cba96184811082bd20cd68e4f732c6b57ee1ab548e4934134b93b9
t2t_L1000_9689	9577e9bc35cdf712bb069484806950cbe0582069a6c974621578ae90c958b764
t2t_L1000_9690	e2cc5bd400cc84ca8cac9fb7726469e9be927b6fb6bff3880561459ffa4ac46b
t2t_L1000_9691	ecbfcc07263f97710477f5c4d4912bb1f77a6cd76560633289b2153cc7bb534f
t2t_L1000_9692	dea0225780c321064f835d33b8cbb8be3ce7f5ed4190a86174d48a4441ed803f
t2t_L1000_9693	f07c3b5d601c2e49f11206e6d6470612a82303f5deadfd5b2178aaa412f6c7e1
t2t_L1000_9694	575384d3058949b355091dbae896c8fc7d11d13237a2249aadffa37361ebe08f
t2t_L1000_9695	dae53c2a8dfc34363ecbd517e0a5069f629cfd756713712cb0128071a912ccb6
t2t_L1000_9696	5237a8475f14708e205171422866a18c4ea706f346ddf698ed916b076e5db847
t2t_L1000_9697	f5111926fcfb8bc59efbc0f1a84f97d8b8d966a2c56f37e5df6924af2627927c
t2t_L1000_9698	eec6b5750080a31a189236c4c3f695ffe665e3e8ba2f33e2958dcde918f230c5
t2t_L1000_9699	d5c96141bfbae16ed840623d14e0422eeae28bd3e5a251b34b70ef0e74c8dd46
t2t_L1000_9700	a450d920d0a06941711fa25daf271a34e27d3f512aae385815cd7056d233459f
t2t_L1000_9701	cfe0d1f23f8a20fb8f22a25306cf6d03a13a44ddfe82741f76a104620afbd782
t2t_L1000_9702	01fc347aaf75df44db112eb7479131404b5316be68551cb4e45a2e99bee719ee
t2t_L1000_9703	f2bfc57d41cc400249f7eba35342331866bc1c44e6111f96131a60014f04042d
t2t_L1000_9704	03c9af7d4b744df16a85f2ef434bc6c54fa9ef88d700181813a1517e6933a7d2
t2t_L1000_9705	aa8fc85a3dbc73c507c809f719b78a0b2c6f0ef363cc253e5bf7007b4c25716f
t2t_L1000_9706	3695482cf9118762974a5aa43d67c4f252568d215397ee2ca52c021ef84f3b23
t2t_L1000_9707	f1b42ab861638b33685cbebae744fbd07d80b8fa144a579ac7affb88fca150d0
t2t_L1000_9708	283008964ae6b64b6f456293d836c7aa0ec77d2a144cc980d6e61f5a43beae5b
t2t_L1000_9709	ebd33b30d3f27ff1450c5dfffe7ca5d2702095fd57739f3b9b758d076763e981
t2t_L1000_9710	c923fc2c048b7d7b2d5f3c1592ff04ab4fbb82f0fb18ca54f4bbf69b1bd5b7e4
t2t_L1000_9711	d2a6099102dd9b90e85ff88d0267ed2990b867b4c6169ef7725f7b352a58ec19
t2t_L1000_9712	dc7c57863986d72dc1af6d2c4d399be051c2a651edfc090ac25b4b59a20373a3
t2t_L1000_9713	5368b334bce2d9c2e706315c8e1b2c758cd171ccd187fba2b6fdd501b5efd38a
t2t_L1000_9714	be7792bb8aa6cdbfd747e3ca0b367bd83d7bc2a6a6e04c3c19b4b3a2e83a7b8e
t2t_L1000_9715	2c7d007b5b0a9c05ec7903f55e74d0df347f950168f7fa990c450b07288f63e7
t2t_L1000_9716	5c6bbde3de8e5ced6e54b59355e65880ce4cadc5814a11018db53be474618eae
t2t_L1000_9717	b1c7ec65b66271e41b3095d1a4c19e447a9e05511f2353e581af7a8b99be8a4d
t2t_L1000_9718	9149ea852be6c8f015241d06f8e71bd8e4734474493d6c3802b2c98f28bb980f
t2t_L1000_9719	c1c28444a9a2975289bafa3365496446465cfad2bf0822dd8256e44da15ddca0
t2t_L1000_9720	f79f85f6dba8eba6e3fc0f723545dfda0134a5dee32e718b1713b9a34c94506a
t2t_L1000_9721	d53aca627250365e75c77884ade7d4de0e66256180dca8510e42af254164c12f
t2t_L1000_9722	6bad59ce4247fca6cdd02b0cba9b3c2592897e58a31fb5a65546ed8825f57df7
t2t_L1000_9723	179e3eff7f43e42e7f08ee79951123180231e6e2a7954c977022f3421afa2db0
t2t_L1000_9724	4b41121f18ecca874acb293405628efbf7ef9f85c1d1853b49b84c086ba9971b
t2t_L1000_9725	39cfb4424ddafabc437c89882438cdad329a0fdd7d84a4d2c144b1341bf98ce2
t2t_L1000_9726	02e49b9df6f05e3cb116c580691be891b9d563c7bc00ff2937a35224bde0fb38
t2t_L1000_9727	f458653fe9b41a560902953a5fd7008feba80673a321e5d24e62033ba3fb08bc
t2t_L1000_9728	98c69c243e709eb99c9532776e2ce963b58939409e0b06bed3a598b85ddcd86b
t2t_L1000_9729	7b2373c4886d4803cdfe52993a1058610385a85ea232ee1ec04b773d1a846c0f
t2t_L1000_9730	2382b62720b7c7b767ec6e507d60ba157709403c9bb2b9ea2bba1ad0923bf1c4
t2t_L1000_9731	630225994e48531f4285f15f04598f0da432c4e30128f46ced71f68017732b65
t2t_L1000_9732	1a56cc12c270897e09980d69c76a733be14f2286057cd4ad5c85518a3198f2f5
t2t_L1000_9733	ffcf4fdd833b58506015b09637343522bbd40e6023322caa318f36e87c7e5b9d
t2t_L1000_9734	a6d0de9fbdc0de3c8aa1df1e07c48fdf6130e439b4cfbbe56e491f0a8fc58ac7
t2t_L1000_9735	21902a6fd0bd935a0143e9b4aaf6bcf6a50346eac4a45e10bdb29c16a3a6607a
t2t_L1000_9736	e67c7ab66244e80795f0ca7df41ccd7792cecea6a876775f45ceef5c41877ab8
t2t_L1000_9737	d278aa1103fdde102fc871661651a7a0ffe893d7c3a6d509d6e5c077c3778db2
t2t_L1000_9738	d75e8160dbb3d775bc668f9534ce5e6d44f85f132fcf8d8b4b1f05f70abb7a61
t2t_L1000_9739	520815c9cb514b466e8d6254276a86581f51030a97f59c21641dad47b1909a2e
t2t_L1000_9740	4331550be45cd7ceb3db119a4ac821a21354b1da48d0c3a83f64b74f898a3239
t2t_L1000_9741	5898a2b14339a6177db07640fa2aedb732004395467a4a5f988fe5580dffa6fe
t2t_L1000_9742	4b66a2347c7ddc7182dfecea605ce3b4fc3611bedcf23608ed2e74e86924e267
t2t_L1000_9743	4cf2cc270d139d53219623711116b9f2273093dcc312939c9d921da3dad24027
t2t_L1000_9744	b2785d036240367d53154e3173f0c107e83adcb36a907c8b2ccbdd88284fe07b
t2t_L1000_9745	0dbc77bafb48997cbb83b1f4e71b8230737154cb2de053da07dd63c31c27240e
t2t_L1000_9746	de24bd870c434697d77cd32d02f307bb089f6d4b49ec46be0c0e4c499cd71cf0
t2t_L1000_9747	d7656f7a439299f2eba71d14e8e8568035491b6451155eee04d8b10e41358212
t2t_L1000_9748	274ee8033886242236fab7d5a48f34aecb005e4fa4ed28120790298f3bc0fac4
t2t_L1000_9749	3d574db3fc9532191e3d360d17125396d43429203bf5f37396c19679d07f5c14
t2t_L1000_9750	f8a00e9d7a7405009c3b476a914156bf2927cb7867b4017df90744597920b772
t2t_L1000_9751	bba94a2e0cde231b8556e625ba583ed7248e6b66bc47e69faa869613523d7964
t2t_L1000_9752	0de9f5e19ebf193f5a6172b63b78b84543b0e61b36b41b82f8494d91b6fde928
t2t_L1000_9753	bba44c5405212ae5ffcd3516497b95119fb09827728431f048a9a444ea49697f
t2t_L1000_9754	3ef498076cb9c6faf062e30decb06a9e8b4ce7b3985794a0d7b7476ff3623d5d
t2t_L1000_9755	da1152f8bd1606d48f338fce5d908c8d15c42d31002f5386d59ebebe9af46efe
t2t_L1000_9756	c7b6dd5046513e5ef3a39a0d0498ed19c686797f3e8f8e1701ce931d8981b4d9
t2t_L1000_9757	914b5024a1f67f3c92b21dcce12672f8800a3a6f5ec704d44e84e45c6b12c769
t2t_L1000_9758	2cdc3fa97f40fc6cc6c7b83d7868428bc37d9a044715b573d285c653ac866289
t2t_L1000_9759	b2fe68b8384fa65731b2c5353424f62b571ba19dedf4597548c1e6d66fc308e4
t2t_L1000_9760	5ea0227a6f5ef0e6fe389d9275ffb459d73003ad77a71a1ead22b023de960aa3
t2t_L1000_9761	ee73e47a92aa71ec8a900461595d191f7a532b7b1e472d650932365a17ffeec1
t2t_L1000_9762	bbd6aeb69a4a00b9b646cef090583eaf83df38dd1492a39622dfdff9bbf66320
t2t_L1000_9763	fcefb785292fa58d6bccc1b439b327d7623202e47604ad953fb2f4ae404a36ff
t2t_L1000_9764	c6e059b0d47b13e918c950e64c9d4dde66c66dff163eea229179a7afd2433718
t2t_L1000_9765	ec7986109f9fac55ba382b02c1f3f63aa4fa1aa0864f26a8a578a039bd90d5b3
t2t_L1000_9766	0714005f0d0f0d7d71652c598704f885f1c407d9593135e92f70949ba501cb0b
t2t_L1000_9767	c1d7337bfb13dcab96f4b2dc5e547533acd332e744f93e76d81547d5f020f0b7
t2t_L1000_9768	9fcafb3f4e7f20414be4095cc150ab735d6959157143025bb50c38429f59c912
t2t_L1000_9769	bf510a49ebe952148543c37edb2ab2267bcb2974fbb44f4d1b38dc0088939dc1
t2t_L1000_9770	c97aa542fb176898d8c2ae863e4f5cb1cc566af1012b35957c691ef67daddb29
t2t_L1000_9771	a3173146ed2a2920b390d977e68e36e2f0b075e741ae57f9302d7d452209dfce
t2t_L1000_9772	7ccf02b447911aa4d51ceabebb3c15fa2f82c975de83607a72707de51d117da7
t2t_L1000_9773	9754ed6599a4cb9f5950489e23a0a255468c9409ca32b134e7f04e8a7901e7f3
t2t_L1000_9774	673e53c148621527482d6917c9e1163f0203b338173e16f181e19575f131ddbf
t2t_L1000_9775	48092ef54c528ab01a5b240eb863d08308d1191f145d14ed066a79a1f993a954
t2t_L1000_9776	acdd10b94dce74d28887fc10ba77398ce5d5c34717e28d0cfc7b8fd50f129158
t2t_L1000_9777	f7c6360dbe333aab020a71ebe9a56b31f1dce22bd5b253e258c711a6f1985030
t2t_L1000_9778	b7f1af978b79b721ada93d295c659bbee7520d9a93aad1146fb6af26c8a7ec98
t2t_L1000_9779	e7bf39d3bea82fd76da4ed2e498ce5747af4a08540e86370429a2a94cb71a161
t2t_L1000_9780	1978c86300f6c8e3a58e0ec141a48c101b782649fafd4364bbdbdf5eca5ca4ed
t2t_L1000_9781	e5ffd38f923bb9cff47ba4a341a8ae247f4495ccb0c8a048fafca00f8e8adc80
t2t_L1000_9782	6b83f51c085cedaa151252e0b24bf36419ed7b93e7f957ef32e7cd5255025216
t2t_L1000_9783	bb53c47bf0e69496ee90b3a4551f897a7c5790d94ff0062533a8b6b5cc30d27c
t2t_L1000_9784	0dd4b4cb4344b78bd818a43c26c34684554563a468e46c8d48654fd3fc7ff155
t2t_L1000_9785	0edeea570e4931545aa4e72874a412c28e4b81d79b74c4bb9382df5745156638
t2t_L1000_9786	a064c6982385a76ef92b49421aaa07fd06ad2a03fdb6f421aef0c88b77a7a21a
t2t_L1000_9787	801af5cf0ae1543e98d2b9d0ec6fd78665c61af634bd58c611a20c173a203acb
t2t_L1000_9788	3399921032f90a3626419fe256084c74f5b4adb9fa91c573183a89e7df8a4aaf
t2t_L1000_9789	acd8c3757eab323cc81c0bef53aa94db7267e8afdfa4702bd0a29d8afd8863e6
t2t_L1000_9790	9b4add18f11929786b2529e08c4407ee30fac6165f033194be9fb2035203cb41
t2t_L1000_9791	2b54e9ed089308311a5ab2f4cefca4fddbbbdf3a99700ed39455a46d91a4886d
t2t_L1000_9792	752517bb09aa4c526cf37e83d2b7d875fcc9ec2603d55ed2937c450690186baa
t2t_L1000_9793	73d99b03df53b6f791d0c590873c166aa16a1920c06be94d9dabeefc538a5bde
t2t_L1000_9794	6e30b0b53f40764e3567ab536ec171bcfabfc6e6924df0fd149c6d4aecc75b96
t2t_L1000_9795	ba65891ab17786e5787d8f842e49b15e831026e4de55557e00e8ae6c87221e96
t2t_L1000_9796	1a45f6be0564876bc3bb6c775dc32867ea38572dca02575d07274e3097c7a341
t2t_L1000_9797	0bcab20806db2c3173cd016d1153644a5ad39418a63a48245bbeeca0cf3b1615
t2t_L1000_9798	09e5575ac6c9b8ae130527d7fd6f415e081a71a6d4b6f320a5e0fd52f64a2637
t2t_L1000_9799	e614acb4fe1a550f4b7771edfc075c499f3b58d370a152c430c0a7958d5db0aa
t2t_L1000_9800	cd640628e4adc34f062103657db324652fd9ab2ec6572f61dee94f3fb0cc8f37
t2t_L1000_9801	79a6e676cf6507d0ff81949d30f3ce3f8cf63d41279b16ffb9d27cdfde1d406f
t2t_L1000_9802	3e7b1600afc5c54fb3143fd80ae634ebd66f823c92d7a4fba04723bbb33cdbf7
t2t_L1000_9803	640163a0fc47afdf3d526d86d46985951d1bd2f01395c7d905baf7f2ce0d5b2a
t2t_L1000_9804	114c7aa8c58a08946ffd87f9656555e9ff3ff56a110318643cfb4193879425ff
t2t_L1000_9805	4b6d2bd46a03fd685bbed5b2d789812fb11e2e05bf6dc2dc7507f0e61a33fe07
t2t_L1000_9806	1cdb6e42c866ce4542ed441c8cb35a72475ade9778711241e02cc9037c6d4be2
t2t_L1000_9807	db04f8629ee9e093d39ba359af192b704c7bd299ee7e25a847120c572ac1ab7b
t2t_L1000_9808	b3892c412c6c90cb111585f8093fa780f804c50e35f45794c91aa3eff96cbd68
t2t_L1000_9809	b65d9cf70fa93336efabbfd55270d2d84cc145e6129e3d8fd66223b5331f7ef1
t2t_L1000_9810	887ff1c237b451b30d702a67e63830503326cf6c680cc371716ad7ed60f5a7f1
t2t_L1000_9811	09e77681228c103d05e1218ebfd1d8d889af5888dab8493381079268a5d31027
t2t_L1000_9812	3e83cf101d102df26c5b570ffa72fce8e483a7444457f180836fdb94708df0a1
t2t_L1000_9813	8223715955f120e66e62a9df6e3569ea8e873fdaa4ec2e16c293bb95e2fb5c90
t2t_L1000_9814	f2d4581e398b8b0abc3bf04df90bbb3d174f63b66d2f0bdbc3d4de1869cab9e5
t2t_L1000_9815	e0cc3184c6a99d3f97a6713b6ee71c71a535af2b3de321e3044ff50ef11eb4ad
t2t_L1000_9816	7934547d60eeaf19e535be039a5037ef65efeeef1273edc2eb0983af7a91aa9b
t2t_L1000_9817	0b7bbf40590b8f45104378a38ec2fd65e442fe8fb4b68ded714292d9593c3f52
t2t_L1000_9818	088ddebf7d7556f25570d7bd0e15843539f9c3e3df64925de5333cbb56e81ad3
t2t_L1000_9819	d049d7ced13787029e239a5c2ab24aaecff344497cd58caeef5ddc6a855fe838
t2t_L1000_9820	d11c325f79f2e8df1558410ad9d21a83055940da883cdd963621cec5d6e31b60
t2t_L1000_9821	c223e74d2f9b4aea45f6de99c41e12ff98d52eaea68bdf2de5e92814ec2e0a12
t2t_L1000_9822	07e91434a61f17c3cc2ebba861b48de397488cca5c823bc911d0726acf62cb4c
t2t_L1000_9823	34a5389a64c25ec0097e90a527419b339342a1c8dce71ff6fb64e8679bcedc83
t2t_L1000_9824	9ef08b3a0725b6220622b84476978daccbab5473a0517bd0de39f4c2c5589e0a
t2t_L1000_9825	b2710ffe6251f6a8e465f370eb5e6087d0481d6814dbaced923a12ee800e248a
t2t_L1000_9826	a138ba790bf5345e8010746afcb034b9171750449d4bb66fbf8652ab4ccfb5fd
t2t_L1000_9827	c51b14eb234f45c559587dfcf2dc6c2e7cd1e1e89c189381e519fe0373853496
t2t_L1000_9828	68765716ffcafbf7749f42bc38aed1fef2684c7aa54892746b0b0660b8e6bfca
t2t_L1000_9829	6bde81a4a366a131631a879da78456377c5b8b532cdb3c499033199eb65bf876
t2t_L1000_9830	731e1923af52bcb6e54e419df36a40be395faacfe45e2bd1fdc4ede81833a717
t2t_L1000_9831	73b129117ef89c4ca92f0cae0ee8a004b8863dbd35f7225af5f2475adcd5b7b5
t2t_L1000_9832	400fad3c9b45bd3aaff6388215f4affc4687a0793f2aac8da16679b5fffbcd75
t2t_L1000_9833	ad1993ed1cd955f768313c3c98101f86ef62d3669ce8350a5493827c12ebcccf
t2t_L1000_9834	3b51ce6a82889434e5792f6a3953ae1bc834ac38e5eef2d627063ebcde626d21
t2t_L1000_9835	cb5c180f40a75c6376ca902fd22a50d4fc283468d0820bef5137b70986c02040
t2t_L1000_9836	a4363f06b13a7db53ce2c249de389daa7aef700e87aa4c822ef49cf36699e787
t2t_L1000_9837	970c93064490e076251d0803c0731dc28c6bc23692fcc6da33cd6271658797b2
t2t_L1000_9838	64bba3c8b1560b86666b099b325eb5be5f8f0762d63358673f26395604230487
t2t_L1000_9839	faaff6fe2f31f46bcf2d68ebfa6e9a5b566c0b431067833fac7956b862bead94
t2t_L1000_9840	933b8ca2c6e9e48bfc310fef9ccdae903551582400af617eb4c79f0e66739fc3
t2t_L1000_9841	556457178e44aa719a882d2c75d8e9b0b10c0802a1b733c4befee47f1b0bd834
t2t_L1000_9842	732f393912ff71b92cf750e746543555c85534f4f94cd22414ebeb1285e07d94
t2t_L1000_9843	a75398ab97bed7746a82cd811d06ad4ab357ba2979ef6f8b52352c75bd1555c9
t2t_L1000_9844	1693cee558a89d83a432207a07955e38f1d30f8d4cccb63a9d438e571beb7ecf
t2t_L1000_9845	659d856c05abad1fc065463003a2bb56e7f537411e55504795b74fde28d56b5e
t2t_L1000_9846	8c5d77c23f045f1a452f80c7fd14cd6fd670622c863f89e21ae0645d74300ea6
t2t_L1000_9847	e330f5ea395bc7730420dca6b87409d96b1c19572c94cf9d5a7beb5bc90d82e5
t2t_L1000_9848	0a37be5f9dae747d14bbd5c7058ede104d3d2ea6bb62467d0dc00630479150ae
t2t_L1000_9849	611124aee869cf3182f7163f7bb0b096ae7142d34a8031488afff1a6431bbdc4
t2t_L1000_9850	72b49e243285632c7d57a96970b548791f7e8c03cd620effbb550e5c14ca0d2b
t2t_L1000_9851	e2b17a5bf07ba1ece44abd06679dc6c6ba3c530baea3142c8a087ed4ae2842ea
t2t_L1000_9852	72c9d9214fa73418382b64576e0d6003d4c55736d6200027a413120f059ddf32
t2t_L1000_9853	b6f665efe9847063e86fddd962c49310887c2c41278bdbb45f18240af9eba875
t2t_L1000_9854	8d4814904cccb85028c0911017aaad2f2b9abff1cf9b96b7586f2d02ad196246
t2t_L1000_9855	0b2d9aa8c5f31a1cf84e4ce4b6b8cf52bafc22c44baf457c243a4b454f0dccb7
t2t_L1000_9856	7b89c2bf02c37c6ab28616616e8748d952a48e8ced1a7f178b70e457192add44
t2t_L1000_9857	460974636ee2e006f9d466c3709ddebaf547796e32f39358d581f572c62da0a8
t2t_L1000_9858	0cea47631f398a9b5da29f426c69052bd0e35154a0f03285f5dfec12ab375d65
t2t_L1000_9859	53db2cf6b018bab7eaaa63e8bdd7e97646c1f4f497ca397adec90f5ada4c8170
t2t_L1000_9860	17b726218521ab7dc526d88e2bc1d49355cdf2f113d2fd259f3a8fb0cbaa40f4
t2t_L1000_9861	3e8ce43728ef83e5196bb1e17837080f6b2b261570f4c85047eca628da5ac784
t2t_L1000_9862	00d5e74a4f573f54a7d45992226ba2cd987b3bfb939eaeb1194dfb611f428d56
t2t_L1000_9863	b49fed97fc78d7d75098c36e03ddb5f38423fcad586d009cc816107671d387d7
t2t_L1000_9864	67e4b3f54cc0fbda97dee8e7cdcb6cc8e66a089e00385ea26283ceeb58984a07
t2t_L1000_9865	db0551c5db6de68561e50d9eef2e9775b7992c34a2a0b3ff3e87c07756747cf5
t2t_L1000_9866	92e61c22d1bb5150a1c3756646128b499be0b8fc1a53dbfa2417b955e2f1eb27
t2t_L1000_9867	fdb00eb951b337875f290039a7c23a563f8202eb6d86d012634565bf7e75e05c
t2t_L1000_9868	1970629d5a8751147d685acf088e08a2981f4278fd8256a85e93c8b39912f736
t2t_L1000_9869	4600bf19c1c12928d04a70fc98672485293176196e57db989c1665be15a3eedf
t2t_L1000_9870	1245b0aec07e4bcaf4ae7bb57820aa9b34a1b1f872446997ba67f905faeffa7c
t2t_L1000_9871	5c9c0a67c8c254daf345279729c680b6ea73f19e7eb70288681c753553047b59
t2t_L1000_9872	f3f9f9593684ffc0bd2dc92a0691873e36f64875c4716b7a5eace6262ebdad78
t2t_L1000_9873	c2444a4d099f232afd10ed1b7a5c239f411a350024363921f68b8fde1a426348
t2t_L1000_9874	d530777196879d7364773e86d19cf14356658c317c06058d9a353abf6d98c184
t2t_L1000_9875	62b1be4bcc4dd1282053c685ceafa205ab4015cdf5fa41e50fc2b0095dfd3252
t2t_L1000_9876	bf3447d072771bce64053225918785bd62a71d84433b297010a6202d6ebc4741
t2t_L1000_9877	1b3b64f45aad169bdbe87e5d56981f5d510239d642615f9a00cd77bd09677f7f
t2t_L1000_9878	f932c1f0002c2e7fdab1b7ef29a44956e599de340c5f356b20ac16d5b830380e
t2t_L1000_9879	00a8152f7ed87ed6d7571cfb0de78b0db20601ce3e11950e2fc26aaea75952c8
t2t_L1000_9880	466e7ec296b051d0756ccdda5da8a607bd1b169baa11a7335e3db147b891b8a3
t2t_L1000_9881	ff810da9892b0dabb659c5df2d911389fee6a686b4952730764f025aa4543594
t2t_L1000_9882	400fd65b00ef1ef6dad31078c8d528e695a8c48e6a915b2e7ee906eedac3b119
t2t_L1000_9883	ecc7884ab8f442441982c1be4fe3d6d210183d195359df8e27b07bc165edeeec
t2t_L1000_9884	c82b34a342b97160528113c26c4bb0b9dcb6f88ecebd5561a12268829215c062
t2t_L1000_9885	f6cb3a3ad4f1f53fafd2362b734af44afdf1a26daba43a50336ced3ab8916507
t2t_L1000_9886	3afaef49504cec29fe14d8ce599a0c615e441769f9dff2c88ef77289376658f9
t2t_L1000_9887	db6c3614f24743a06fedd908ca60e1a50996cf8eb5e3087690b99d163fe3f00f
t2t_L1000_9888	a1a9ebb1fb4d89bae20bb264993af3269453e1d5090ff1e025dabd3684f73ff0
t2t_L1000_9889	0a559a8761c510c3df2789715d3faccad08e4f6a630d38a92441adf1a1dcbd82
t2t_L1000_9890	67863f2d089262117dcc3e87476b60a8e6be44d4184c03daeff76dcd52ca830a
t2t_L1000_9891	cbe2d3a15b7f1f38833057f7b4ce10e5f3833c196be5c788ae2aa10370856ada
t2t_L1000_9892	635a2b82538c648a34a57689ac1f757bf2e286f7c61697749297690240ac975d
t2t_L1000_9893	3d1ea3a57ab8136f7707a6a38a1f5b9835c4a065c8b6ef7967b60b5936d29adb
t2t_L1000_9894	189854af1c6a4cfbfbb237ce52e79ed789dd807efb320a797da6ee3e3a7a2c68
t2t_L1000_9895	a48a990464d8c5de6980fe4bac703c7d1bd9352416275677ee74272b08eaa588
t2t_L1000_9896	74331225508677967f7172469f5c2704829b3a4e892f929ed9d68a93fd7f6854
t2t_L1000_9897	4187138592ef17adf2eb4a9d07b40748bbc53441a97e4fbdfd7db0721254e2c2
t2t_L1000_9898	e312afd66179507e43eab71f72364d06dadec2860599ff0c56be4ae68c5a07c9
t2t_L1000_9899	543bfce1e009f180fb64dc7ef9491d0b28d4d1402d5a610c6243ffcfb77cd621
t2t_L1000_9900	861a129e5fce84c137aca051607a03a22c48a7f1cd2390389884d43055934f1c
t2t_L1000_9901	b1e62f72186e0cbdd5556c89912c2bad541383905724009088a8da7f89bd3f10
t2t_L1000_9902	0f0ffab44f6585af7eb9c8d17f1c0251a25b8563933a5764c23461dcdece2dcb
t2t_L1000_9903	6a9fb1b0d5dba84470ae700e344aea647d64eccd81db4cdc057ef25640bb0665
t2t_L1000_9904	9dbaa323642dfcb152453fbe232b1add2d51ba88309285a34292316dc4db2797
t2t_L1000_9905	b1ba1ad9c854f2c6ac74ed1b7bffb9ce7e5abc39ca5b68eb57580afc3f5f967e
t2t_L1000_9906	1df8a53708e5bb2efcb6d70ba758ed9a69f9197c41ffa47d551de1063190a6ee
t2t_L1000_9907	2dd89088f09c591b001924c59fe082fdba50dc4ed715f975243ea13f26291000
t2t_L1000_9908	8d5410355586f233dc0dcd90ade900ac60d43857c55a593368f6a1bf92e69dcd
t2t_L1000_9909	b67d87e6ce269ddc36d52d2bcd64e4e83fa85a1ca3c8c533ef54c458e48b4e43
t2t_L1000_9910	b6e3881e475ee4423750b54ad5f307e3f1c1cb02de81735a15f78c7ecd3ce0e9
t2t_L1000_9911	1847167a85d4c05e6790fb9987ab8b2ade2e7d8bb011e853d5a24d138273e39c
t2t_L1000_9912	a14230a43a6c5dbf8638b7a8cb1dc62f256bebdc8e019e05e32243570fc328fa
t2t_L1000_9913	92400cff5fa54b2ffdee7bb5ecbb3cdae23fd246a3f2315990a1be0fcb4a7ddf
t2t_L1000_9914	bc0b78810574beac34953c56ac07e69f12ad8d631b65681627177d6534cc59f2
t2t_L1000_9915	7f1b0c67d1c0830ae0b58a04617dee37270f69a1309dbbfc089016c02e96ff85
t2t_L1000_9916	db35bd404e5f79a4c080c2aafd3c6a50b146a377084b32eb5b9950a9b21fd70d
t2t_L1000_9917	378b3ebfc92d75d44b1ddd275dfc95b6538f019cecf5986d7d5f1add6e1b1e38
t2t_L1000_9918	126dc32c6f82c878ea03ec3f1c9847c4c7c241d15328a70d2857a7c4e00baab1
t2t_L1000_9919	42e08a8183b6f106f321a8f61f88873429ac6407b8881b0fc7fd29479996c450
t2t_L1000_9920	f54b67acc132a6c6c65cb8cdfd67f2df85f4ddfcaa2bbc1c014e0f8b6b5ffdfa
t2t_L1000_9921	dcbf8ef7ea0b7e1cb7aba93dfe191a4b860cdba95efe323018bad6a3a9d2d7da
t2t_L1000_9922	5a600adbfc75823cdc79c1394fd9bc195f1953c5ae40ce8d742df6acc136da96
t2t_L1000_9923	8a69dbec410eaefcd55625bcf3a9a705500a017c4a2a3c662c56d32e540c9359
t2t_L1000_9924	fb0b9a20e0925812b72c593404e7963b0b0ee95ddecffa82a71ab1393426d057
t2t_L1000_9925	e01b6038a8d309739cb5e971c112395b5f5cb48fcd94e753ce87ce0053ebb7f9
t2t_L1000_9926	16b922952e35488931dab69f568919c66784c200a8f73842c28dab58bea7ee16
t2t_L1000_9927	567e6b3c8fd8f9ccf440ebb5b0b46b0a6768254d04d70728d3ad09a4debbef15
t2t_L1000_9928	fb8287c75ed0e647a98d2760ae5b0a420fe23c54c54678a556e99fa64cfdaa8a
t2t_L1000_9929	43f7f8b9c43971a6e3ea0812743229f4bcd7dceeec255f42d4d5a9d283258e59
t2t_L1000_9930	fe37d62d2f42c51c712fea0b6bae7458016784ee36de4972d7467ae65d02f3fe
t2t_L1000_9931	9aca13fe5d8df2f92abd5cc595b6db1115259a6b3e15da6432e3c952ce2c042e
t2t_L1000_9932	efd152a1e0b17017b7fc6abfb2d88f259c975025af0e94b7d9b5705c82d06ed4
t2t_L1000_9933	ed642279a3abd2c836178ec1f7dc5d09bec886cb5dceb414457f2256453c11f6
t2t_L1000_9934	20c642b0694722903d562621dd4702f3e50a0b0600155f1f1e9c9fc46a01ee90
t2t_L1000_9935	bcc45bc6eacf8a4074e0a526a6cecde499bfa0317527bb2c4a129c0a739ca473
t2t_L1000_9936	ad91a7e098edbb9aad7d921346fadb7c54eb313641048ad879b7dd03245ee5d7
t2t_L1000_9937	315505c100aeca9a82d72a0d96fe304dfb80dd44c7b01606643b58d0cfd4d58a
t2t_L1000_9938	f6b9e79643e5be069eea55570417c93fe16af69ba482706f68f1ad13d8bca22a
t2t_L1000_9939	6a373b504793a4283e060428b04942f9b3335943bef59cce6b168a2ab5a8ad37
t2t_L1000_9940	79fa83302303a0f915192a9547705fd0ae0db90946954412f999d4f657fe7713
t2t_L1000_9941	238bbe5efdc70684dd216034d41e4aff056198408d00cc6d77afb4f619c37c7d
t2t_L1000_9942	9ce2152a192f98a242ec4bd86d2d5939af8be432fd38cb55491c8a578571d771
t2t_L1000_9943	4732c61178ba5c00d1fdd6c8ef94c54c407ca310cb8af1c0d6ec45c9c253f82a
t2t_L1000_9944	f181ce4c47431d2640a0a8367a7fbfc30bcb58b1c705bc2bca93909ba1bebec6
t2t_L1000_9945	d939eb0224688748af99c743636d6ce335fd421bd5376ef4ded63504aa8b2621
t2t_L1000_9946	b5807cd4dbfd4a3d0e61a4216034fcf3f0dba36cb7ab9dc6c0c0733c3f029310
t2t_L1000_9947	3ee81e9aa343d18efe0d201e0eef20b245eb1dfe594a3cea556f75b0b141b62c
t2t_L1000_9948	788719a1ec1adbeb36ad6a182693759b594aeaf2115152ff2d18973080f721f8
t2t_L1000_9949	d5f4363f4456ad978623cc3b02a4d5c86ee59b17d6ba81851cae9fff62353efc
t2t_L1000_9950	0ce33361780377a27567894368108f860fd3cec3710060663a8247bd664093f2
t2t_L1000_9951	1678f637172b20bed3e0922750031313dd0b50a999bab660efbd33c3986c19ad
t2t_L1000_9952	c523570f095914fc2394ebe9e75eeaa69ed427144baf55123c6865d553f99931
t2t_L1000_9953	db00dd602c8b10878d97cfc11ccd7c2f035b47da5db1aa17e89c2b5293ce372a
t2t_L1000_9954	91afbc52fc82d696571e3f4b9171416470310db83830682404d9ec0e5a255910
t2t_L1000_9955	a2aeda6352049dbb9de10ef87c587249f3a0e4463de2704ac7e402918159796a
t2t_L1000_9956	2778f4978a5a90bb189de8c294f780b900d8e23b9363c132fa0f639998439693
t2t_L1000_9957	61402ed9d68fa94c16ec87b9129899d6542bd8d4095b788bac2ad0444f5a99a9
t2t_L1000_9958	ae43db0ec8818ed58bd1f5444075222e16064260af55553683f24a89feb1606d
t2t_L1000_9959	655f97a765a32876ef19397caeea34e66ebffc3b5886e2830b3e2afddd359a18
t2t_L1000_9960	854d211040d6835ef85c7b93301b2f182a715a4d8dcda9c765652c998dc1e562
t2t_L1000_9961	351df25bb3cc2dd7d3c59f5c2685eb2f4546b68ae4f45acb4adb1275d7d211ce
t2t_L1000_9962	067bfce5bdec124614ad615a9e74090257d6df87522371abd9514c7af11f1740
t2t_L1000_9963	4616ce05a282a26bd88d3c4749494c66645b475812b0d3e441b0cf9dcbbf0e73
t2t_L1000_9964	cd68ca54e0ffe811d53f893a395512c1df93004307e018c5ddf32cfb4d5b95c9
t2t_L1000_9965	6e338fcd01ee6301411833f13edb1ec44e3c1ffa6e095e66c54fde8841c62ccd
t2t_L1000_9966	1572c58b197e295a933506249d22c05f298b958c6a1dfb359d6822f197171d0e
t2t_L1000_9967	fec17ca68177d212f13081b6692c587cf277c9255aae09bb2906d6cb421ea122
t2t_L1000_9968	c4c24aca87bddb5b0943735ae2d3c879c736c7cebf915714ff5754dac3ae1a5a
t2t_L1000_9969	3809a7c334ce3d837a3700f06afb2f116bf30818dfcd8b251ca52aaea79f510f
t2t_L1000_9970	2b4b54d382fddebab730ebcbddbab9dfb95769f2fc32d89f1171f2847122f5de
t2t_L1000_9971	049396eb0a5e183f22296ebeda33b24d04fd5d13592923f2435846264ac7c046
t2t_L1000_9972	ace6b94f3125f3dee62cc4d40f04ade29c862bfa6610da36f9b84c4fa5abfb06
t2t_L1000_9973	8b64786459000587f7d665aa2382d8252971727a86e534b3e50c99ca794b7afc
t2t_L1000_9974	08516620762d04b91b1b1e6b7d30b25a006a0047c2ab3f56fdc8b85f16126e77
t2t_L1000_9975	a6ec0c0961d5bf49264fbe0db14aae803c2c275ea7a2ab1424b2fc71c4df9e16
t2t_L1000_9976	5b670d2e4346715ab5f08910a34c2fc810421ecc2900d34882534737831db66b
t2t_L1000_9977	91bd45db5d17bc47acd9112d9557af828e8c92b34de477bccb1db63bc1db01e0
t2t_L1000_9978	26541fd3a606618f55b849d0757e4901ea3bd5b9d7c9a932841810f33977658c
t2t_L1000_9979	cb18f4b6dcf9a7c9d1bd55419d569d8fbd4bf12e5825e170329369681aec4a01
t2t_L1000_9980	0bf340a2b6b992ede4ad856ef11411a432cd90a05c06c4fdda19050bc9bc4c80
t2t_L1000_9981	8bc1177a80b933d95fc3b19f0f1f709cc0ba84c3f769770e3f36959557110dde
t2t_L1000_9982	912ff3575edd922f1cbee2c19e649ed0c03d984010aef087411e793730af240b
t2t_L1000_9983	bab5426efc0b198cf16c70697990b238a420d7d67953e7b590d2da892525439c
t2t_L1000_9984	2473ce198d6dc593af1fb2af4c00474febb4cce49944c9b15c7a3c8daa27d85b
t2t_L1000_9985	709060e9a3435c5ae91cb3cf88bcfceed173fec3a9b2803bd0909fb1882db3ad
t2t_L1000_9986	21997019b543ca9c182ef0c2b314e04be827055ef1a76395a5997adb002d9da7
t2t_L1000_9987	2342a12b9c6eea9479538b07a94c4ee979610c819fc25c1a5c99fe340e2a28af
t2t_L1000_9988	1ec63d859cbf58f5bdeb88f71fc0f862799a80c3dca9fe646386f3b4451c6db4
t2t_L1000_9989	2ca87630f175a61ce3cba3939eb8d917b3467a220082ab69e84a2c8396c02fbe
t2t_L1000_9990	d241f67b49f73e271ca47feb22d5c7e9ec381c40592b1b8cec80f97f8ab792ea
t2t_L1000_9991	2c52d5bf50331c91da0938a397d5e4d300e213b5a438c2c1d638c5a745470649
t2t_L1000_9992	6143041f2236f7b1bac463fbb40f149515936b5fdb6bc26bd0f7938d22db9962
t2t_L1000_9993	9353ce09a2826bf64e3638cfe6ff283388b9585ff046e4ec2605a5ad027e8b18
t2t_L1000_9994	60130a40ebec2667d8b1309ef27d63a1fabd31999cfa645d747265be7846f451
t2t_L1000_9995	0527e44405435bd22a5c6e6a2f557b4f4191f7e9fa268911c902873d21b3bac6
t2t_L1000_9996	a73c157976a32c16499a96223af53427e910e9fe51a9a629a7d30fbd2194b574
t2t_L1000_9997	b5ce01011b3a41a743d199a9215ea7cde4a358ac018b24d5cb9dc084eddc0470
t2t_L1000_9998	ad058bd82307a03a4ef0aaadf7f7ad819ac3d826408358e1f436a726dc6a8dd6
t2t_L1000_9999	604ed6a85c7c4149455200163cff1f9240eb4d59c0089b9965c6719e740ff922
